node,x,y
MYH11,0.16908894,-0.009550048
HRH2,4.8270273,-3.7474942
SPEG,0.5191316,-0.058675535
IL13RA1,-3.47488,2.4695795
LTV1,1.8001491,10.560789
P2RY2,-1.4585581,9.289546
RGS16,11.097456,8.130356
GPR156,3.0460374,3.3682628
IGKC,8.880473,-2.016609
MFSD2A,-1.9987497,0.94281477
DCAF12L2,-3.4393084,6.6122193
FOXA1,10.91564,1.7620788
SUN2,-2.0316007,-8.311186
MRPL22,6.768679,10.922941
ME1,4.7576084,-9.294992
S100P,10.799347,1.567774
APLN,6.904112,-4.7469606
SPCS2,6.196049,-2.6617615
FAT2,-5.2661448,12.1059885
GOLT1A,11.278215,1.4724008
FKBP1A,5.4500766,-5.792191
ABO,-1.7975749,9.536515
SLAIN2,-8.63732,3.3183436
SVIL,-0.6233456,-2.4462368
COA6,5.3212457,8.273436
RAN,4.9963913,8.892073
RAB25,10.71894,1.1158181
TIMM8A,0.2434007,6.767441
FTSJ1,1.5642229,11.312798
PPP1R12B,0.1893879,-0.1958929
ERMARD,-8.373937,-6.4150753
TIMM50,2.215142,9.331618
FNBP1L,-9.182224,4.715518
SLITRK6,-3.82259,2.567643
MLLT3,-6.8433137,-4.476855
PLSCR4,-2.2221105,-1.8532234
TFAP2C,-11.976453,-5.054608
KANK2,3.1494913,3.4176006
CDC42BPG,8.971629,5.1573596
IGKJ1,8.850762,-1.9907132
WDR75,11.012013,4.737344
NBPF12,9.239405,15.354036
CMIP,4.7422857,-9.260166
AIM1,-12.068337,-4.907314
ATG5,-1.2489644,7.470655
LLGL2,-1.8417308,9.792033
ATG3,-5.735717,13.179264
C1GALT1C1,4.3078794,2.6774359
MSRB3,-5.2011924,-3.4379005
COL24A1,-0.15246129,2.8481934
HOXA5,0.11279891,5.269688
IGSF21,1.3572898,10.754257
RPL21,-8.854528,-0.44620544
EPB41L1,-6.904715,-4.4348965
CNOT7,-2.2743413,-0.86244255
ATP6V1F,1.890614,12.805996
FAM50A,-4.9593945,10.633253
PAICS,1.4961755,11.283673
SCART1,5.991348,-5.5212755
PGAM5,-2.318834,5.126986
SEC31A,-6.530673,6.841634
ZCCHC6,-8.440284,-7.0308676
RBFOX3,2.9972045,3.1395056
RPN1,6.044255,12.11525
GNL2,-1.1055448,14.448434
PDK2,-0.32412976,5.021979
GLRX3,4.8465495,10.420706
ZNF16,4.957925,0.06955783
COA4,2.0555182,10.961385
HLTF,-3.3799605,6.5953245
DUOXA1,8.616167,5.010191
KLHDC1,4.6018972,9.962894
CD36,12.799033,1.8654408
RHBDF2,-9.217296,-2.6138759
VDAC3,-0.27188924,5.3561087
KCNMB1,1.6301328,2.4712348
DGUOK,-0.4213655,4.9870777
RGS17,-1.4082226,-9.966132
HGS,-7.3692436,10.181894
RER1,5.953811,-5.6046515
TMEM165,0.83372974,11.933026
SMIM15,3.9485736,-7.083121
KLHL17,14.18833,5.3054433
MPHOSPH6,-0.8648806,0.6766628
SAMD11,12.75179,1.8056493
FAM114A2,11.216389,5.971535
NACC2,-5.0956383,-3.1925676
TTC39A,-1.4061782,9.147908
MRPL47,-5.7382426,13.180667
RREB1,-0.526579,-6.261652
GMPPB,4.702893,0.40543514
PROSC,-4.6421566,10.9210615
MLXIP,-5.200498,-3.365493
RPS27A,-3.4884152,16.612501
JCHAIN,8.847727,-1.9934744
FAM3B,10.866783,1.2956843
MCM6,-4.457732,7.349137
NTMT1,1.0870214,11.271786
NPR2,-0.7605967,4.7771397
PSMA5,-6.9182143,10.105218
CORO2A,2.2009432,3.5856192
RAB23,-1.8735722,1.08341
CDK9,1.8818946,0.43153188
EIF3I,4.477749,9.366247
FAM110A,8.214602,1.7671905
CARMN,0.25456724,-0.16202696
HMGCS2,3.6559079,5.0805874
PRR5L,0.16406608,-1.2184272
HCFC1,1.5969481,-1.923455
PTPN7,-0.1945936,-2.9519622
SUPV3L1,10.5917635,4.765363
AGL,-4.9838943,-0.4301777
ORMDL2,-5.4416637,8.545971
KRT15,5.9900923,2.2920184
HIRA,2.898293,-2.2417953
MAU2,5.7496753,7.778561
POLR1C,4.749079,6.478002
MTMR12,2.5313973,7.168364
USE1,-1.1793772,7.408233
DSTN,1.6331131,2.4785185
STX6,-1.3741565,0.94205195
ELMO1,7.5801315,-1.4393743
CGN,8.391319,4.870583
TMEM216,4.4894056,0.9065075
METTL2A,2.3718889,8.793902
CPT1B,1.8700609,-4.020948
SSR4,-0.90628487,-1.6039264
CDC7,5.348321,-3.663936
RPF1,4.384422,9.82378
STRADA,1.8887047,19.49265
PASK,8.624157,-5.281041
TSPAN12,2.3947012,3.6290565
PHLDB2,12.465836,1.7876496
NUMA1,0.2542849,6.631873
UCK2,-0.9085221,14.285746
MBD1,6.7934723,10.93855
GHITM,-6.1312265,10.63181
MBOAT7,4.076045,10.0024185
MR1,10.067237,5.710656
TMTC2,11.333722,5.639745
MZT2A,-7.1731157,2.1191142
PLEKHG3,0.416421,-5.3134456
ATP5J2,5.6848454,8.865069
AP1M2,11.04215,0.9071719
CGNL1,5.7664623,7.755604
OPN1SW,-5.136664,-3.7756414
ABRACL,5.9914036,0.42561597
TRAF4,-2.308692,0.068351045
ZDHHC5,-0.4846881,-2.0098686
PPP1R12A,6.090674,-3.0252824
TNS1,0.67770946,0.09212369
ATP6V0E1,-2.0359027,6.252317
TCHP,1.1027976,5.5462484
SEMA4C,3.485059,-8.364419
GMFG,-2.6624768,12.744084
MKRN2,8.080488,0.73354286
C7,-8.010357,-8.445576
SRPRB,0.03507847,6.702973
TAF1D,8.004274,-6.9930153
ITPKB,-0.24331763,-0.099153206
MESDC1,-0.87641203,14.1040535
MSN,-2.6431463,2.033161
BLOC1S2,-0.049212776,6.1100526
KCTD17,0.5162555,-3.3457623
RAB5C,4.8212,10.450854
GPR87,11.065302,0.273929
PPP3CB,4.7365527,-9.176722
UHMK1,0.75854963,11.937572
IFNGR1,-3.0998728,8.25769
DBF4,-5.4461713,3.6766682
CDKN2D,3.5582502,-1.8637565
NHLRC3,4.0486665,9.492934
CAMTA1,3.1187313,5.4800525
CBLB,-6.795839,0.5615124
SUPT16H,1.5738677,16.044483
THEMIS,3.265978,-0.20858385
RABGGTA,8.3895855,-5.503265
ZNHIT6,4.2977443,6.32255
TXN2,-1.171373,7.547028
ARHGEF16,-4.6117196,4.6144414
CD53,3.9105017,7.5827236
DUBR,-2.0594232,12.367496
SATB2,-3.407377,-2.1631396
UBE2E1,9.845645,12.563556
AHSA1,-3.9890003,5.440826
CCDC71L,4.689818,-3.8057542
KIAA0391,-8.080838,-6.3439436
PSMA2,8.191321,11.660032
EBF2,8.879385,-5.240562
SNHG15,2.014889,11.451005
LRCH3,-1.0289412,0.7301533
PLOD2,3.3497522,5.8068013
NAA30,9.104545,3.416817
BAIAP2L1,-11.99474,-5.0432544
MS4A14,4.7929873,10.253968
ARL14,-3.7686462,-5.869879
CPSF3,-7.831695,6.4869432
ULK2,-0.6966389,-3.058206
PPP4R1L,-1.4433419,1.5741162
KRT4,16.879416,4.5480533
TRBC2,2.8056738,-2.4338121
SLC25A27,-0.9976491,0.61158586
DDX39A,2.6052716,8.415011
CBWD5,-3.1114008,12.7086115
EGLN2,2.0945985,3.540629
SGTA,-6.8454647,12.1476755
P2RX1,2.980126,3.0859413
ESAM,-0.3647756,2.7588377
ACACA,5.438257,6.1442637
LAIR1,-12.392961,4.7723794
NT5M,-5.265715,-3.423884
FLNA,0.44677466,0.32513157
MAP3K8,-0.19367574,7.9441943
XRN2,11.08772,5.1864524
ZSCAN18,3.0748496,3.4188678
NFKB2,1.2245417,14.190733
GSTK1,13.177094,-2.5485764
WNT6,8.161882,-0.1478991
KLHL23,-0.9414747,1.9804368
VEGFB,-5.452989,3.7291436
DFFA,-4.6343827,10.961998
CPLX1,0.43136647,-9.151408
BYSL,11.459121,-1.6637907
DCDC2,-10.162784,9.108818
CDK2,-0.45142058,2.7967424
KLC2,0.33374947,5.2055535
SH3GLB2,-4.6790824,2.2027295
TOMM20,-6.543387,6.8153396
FNDC10,-7.1474304,0.67419624
PDIA3,5.872016,-3.8062317
PSMD1,1.1925238,-6.192135
NIFK,1.7110038,10.539393
MYH7B,-6.9753556,8.71762
GLYR1,0.60117084,5.1163263
TMEM39A,6.322006,6.6923456
PDE3B,-1.3420577,0.8444362
TTC30A,9.329975,2.2306628
LSM6,8.695844,10.138212
ARID5A,12.688943,1.7892585
IL2RG,-2.0104558,16.98304
HSD17B2,8.601267,5.2415075
CD6,2.847508,-2.388889
SIGIRR,-6.840007,-1.3323077
SYT8,3.493789,5.044663
ZNF688,-5.492922,3.6645308
TLE6,-5.2419496,2.639852
SPINT1,11.366792,0.33565575
LIX1L,3.0744934,3.4917336
MTMR9,-4.9777923,1.805476
DEDD,2.9223213,-1.2925296
WASF2,13.125948,-2.6622722
TXNL1,-6.130409,10.662119
MEF2D,0.011043002,6.710456
PSMC6,10.012966,-2.4313133
CAPN7,5.736912,-4.503996
POMT2,-6.1099043,10.74926
RASD2,-3.0934675,8.111795
ATL1,-0.14272057,5.875846
EDAR,8.304097,4.7982874
ACOT13,-1.496101,-3.3817654
FAM216A,-0.97123533,-1.3527709
SNU13,-1.3860626,0.7149558
EXD3,-8.841442,-6.968953
ORC4,-3.987684,8.580521
NAE1,3.3533647,-1.8356729
CTXN1,4.7503285,3.4629362
MAF1,-7.144844,2.0967772
CHST3,4.636985,-3.9280057
PHKA1,-3.6158967,-0.8490227
ZNF511,-1.3376867,-3.351697
MXD1,2.1142902,-10.996796
SPI1,-5.1134195,-0.64546484
RNASEL,-3.2714615,-7.146479
TEX30,-2.2845473,5.0883627
UBE2O,1.2417598,-6.230955
POMP,-2.3411644,5.147083
PFDN2,9.97319,-2.455644
DARS2,2.3999877,8.8608265
FAM78A,-2.022313,16.96736
NCKAP1L,1.874934,0.44619718
SLC2A8,0.381642,-5.3484335
ACTR3,-6.7977896,9.954859
TSPY26P,-3.4434645,12.681233
ZNF215,-12.340373,4.8045425
FIBIN,-8.056306,12.310497
CRAT,-12.298799,4.844397
FAM83H,10.885718,1.1037868
RFC4,-6.103311,10.620358
ULK1,9.18863,15.324648
ASH1L,5.73196,-4.5026026
ACOX2,3.037912,3.5256798
DHX58,-0.6846278,14.804222
ALKAL2,-1.5696867,-3.3504875
POLE4,2.2572246,9.130699
DSP,-11.133489,-5.2333517
ABCA2,5.204991,-0.90400124
TMEM154,-3.4133158,9.343748
FSTL4,6.251957,2.5245316
SMTNL2,-10.78919,11.105228
PTCH1,10.054606,5.56643
TXNDC17,-1.7226515,1.3167133
SEMA6C,0.35732627,1.5110157
RPL6,-9.156261,-0.476995
ABCA3,-5.8948555,5.674908
HID1,7.270188,9.597473
BCL6,3.0548127,5.7158046
DOHH,5.585054,2.3231566
CFL1,5.238836,-6.0250664
SLC14A1,9.414345,5.3886037
LIAS,4.386178,0.9399083
SURF4,0.0077197016,6.175081
IQSEC2,-2.827191,3.1759913
POLR2J,5.612914,8.800255
GPR132,0.0224986,-3.9829276
LYPD5,-0.5010331,4.9147944
JMJD8,14.160653,10.320956
IPO4,-6.746818,8.89624
OSTF1,3.8913052,-6.988516
CCDC51,-1.321812,10.623906
GLI2,-11.901786,-1.09863
PSMD2,1.2204883,-6.2126727
WDR1,2.4922032,7.2040367
TRIM34,-0.00032729065,10.417744
SRRM2,3.2049575,11.842957
HHIP,6.12629,2.1263134
DPYSL3,-5.023446,-3.0754077
ZNF521,-5.7391467,0.6435588
KCNQ1,8.160396,1.812013
GALNT4,6.699268,0.5653745
DDRGK1,4.5129905,16.083082
TIMM44,2.486651,7.207913
FBLIM1,7.4191294,9.349629
TLN1,-7.122759,2.091274
FAM160A1,-10.297153,9.020224
SLC10A7,1.5147996,2.5615642
NBEA,5.7727785,-4.3155627
FBXO36,-1.3660638,7.411382
COL4A5,-5.54096,-0.82500404
PDE2A,-0.1736183,-7.8696766
ELOA,-1.0535936,14.446081
TRIM39,6.292921,0.30055556
ZFYVE9,-0.1881317,8.592916
LRRC45,14.262967,5.2374043
ITPRIP,-4.988294,2.5043447
CDK16,13.79901,7.3992786
TACC1,-0.26700345,0.45410776
RASSF6,9.520738,5.346862
POLE3,-5.5038595,14.072704
EVC,3.940786,6.245166
CHCHD4,0.64197433,5.1500444
UNKL,-6.9837475,0.62467545
SEC61A1,-0.023240557,6.474377
MPDU1,9.159311,15.295861
CXCL8,1.7982426,10.4156
SLC25A11,-7.394201,4.61593
GLCCI1,6.052617,2.2691586
PLCL1,9.999057,-3.721323
SH2D4A,-1.1603062,1.7880028
HAUS2,-6.172672,-8.509386
ZNF658,-0.53751934,14.778874
COL4A1,-10.26118,9.055298
PSMA6,-7.1873813,10.162327
PAK6,6.0700464,2.33885
KDSR,-8.812173,15.77297
N4BP2L2,5.433111,8.039305
PLSCR1,9.644371,8.405755
SBSPON,-5.4671593,5.2721543
NUCKS1,-3.991295,5.377653
IDS,-1.0344565,-1.1885763
FAM117B,0.8127734,14.279446
KCNA5,-0.33843803,6.619733
PALLD,0.80284953,0.12223327
MARVELD2,11.078468,0.9877229
MEMO1,4.8307147,18.739332
TBX3,0.9288151,14.322329
RAB27A,-3.8927298,2.463709
COX4I1,-10.708063,2.2180612
KBTBD2,5.3883705,-1.8806922
LPCAT1,-4.6443195,10.978352
CCR7,-3.5336845,2.3081217
FOXN1,10.649204,1.7492791
UBL5,5.685186,8.866001
SNAPC2,-7.1899757,2.1422784
LST1,9.160048,13.611381
EIF2D,1.0422926,12.26101
ABCD1,9.023133,10.411544
ZBED4,2.156353,-7.462982
ATP6V1B2,3.9628413,9.425629
MYRF,11.630941,-5.339188
CHCHD1,5.614844,8.814648
TOMM6,-0.91092044,0.63051367
NDUFAF3,13.348018,-2.2871184
PPCDC,4.4810095,0.893861
KDM6B,-8.023474,6.241782
DDHD2,-4.1261425,5.4466214
RBPMS,0.31209216,0.60935897
STAG3L5P,-9.480281,3.319253
BCL10,-3.0985403,12.715588
RNF181,-5.476125,8.560229
PPP1R9A,-9.894978,-4.7128863
ZNF598,-4.5019836,14.31478
SET,-3.069433,0.96477026
UBE2E2,3.3255887,17.800154
ABHD5,-0.66111094,15.100802
EXOSC3,2.4017973,8.653222
CYP4F35P,7.8251796,0.9486549
IQCE,4.6837993,-9.409
TMEM39B,5.5837245,11.537679
LIMK2,3.7841723,3.6630602
MIATNB,-6.9034534,0.5925061
GNG7,-4.943014,-0.058325995
PPRC1,-3.901012,2.5214553
SLC25A10,-5.458981,-11.234537
IQCG,-7.167404,0.6870021
PHB,-3.9073155,5.476919
CHKB,12.62875,1.795207
LIFR,-10.387692,-7.6091766
SNPH,6.8690076,15.028524
SYT17,9.125515,5.280649
FANCA,-0.55022657,-2.0088496
ARCN1,9.105305,-8.555485
FAM57A,13.327215,-2.1261888
TRIM33,-6.5319943,6.8290586
NKG7,-3.7650185,-2.984316
SOX15,-5.1413183,2.5933635
METTL16,-2.025698,8.101175
CNTN3,11.379198,8.565669
AKR1A1,1.3887448,0.81442714
PRKCD,-2.3099165,-1.9021493
TMEM8A,-5.4621534,10.578528
GRN,3.508754,-8.3951645
LIMCH1,1.7577469,-4.071568
APOD,3.4953003,-8.380174
GBGT1,2.1464322,0.6084768
SNX2,0.8371982,-3.4504783
HNRNPF,0.30910474,11.76678
CCT5,4.5877285,9.349341
NIPAL4,-0.51355916,-6.2768364
MTPAP,0.48652565,12.134371
DKC1,-2.365415,8.441072
RNF103,-3.323257,-2.1291323
TOMM40,9.979031,-2.4603653
GLRX5,-4.146493,8.2792015
TMEM11,2.3338752,8.96701
MYO1E,2.3773842,8.831798
CLCN3,-11.88837,-5.186124
HSD17B10,11.495323,-1.7213438
APC,0.85620123,5.1249323
TMEM2,0.7872472,11.832585
RPL32,-8.788051,-0.41276282
RMND5A,-9.096646,4.0343165
COA7,-2.3284705,5.1459746
GSTO1,-5.658632,-0.80543154
PNP,8.606323,8.680014
ADAMTS4,-4.7994246,2.3956614
PRKAG1,7.3582273,9.440396
EMC6,-7.7937703,6.530904
DDR2,14.739386,-1.0855787
UGCG,5.3505387,-1.9166712
ELOC,9.852172,-2.2950952
SERPINF1,-5.6903095,0.7305124
ZBTB16,-1.5347627,-8.260701
AXIN2,1.721351,9.440237
RRAGB,-8.379632,-6.483999
SLC52A2,5.994257,-5.5444283
FZD7,-4.9150877,-6.4780746
YARS,-12.305342,7.4499226
EID2B,-5.17949,3.7698016
CFI,5.4100485,-1.0345875
ZNF582,-1.02219,4.425618
TARID,-4.8551984,-6.422359
APOBEC3D,3.3374245,-1.7102609
GNG11,0.7302584,14.22983
B4GALT3,3.797902,6.0986795
PSENEN,5.323102,8.685032
WDR60,-0.6392581,-3.309348
GATAD2A,-2.340404,8.438564
RPRD1A,1.8838432,-0.41958585
OXER1,7.5258465,6.4292703
SLCO3A1,5.1162663,-0.086483106
TMEM79,-6.5273814,-1.3734428
MAFF,10.732018,5.105554
MCL1,-3.0799503,8.104129
COLCA2,-8.788986,-6.994102
ADAM22,3.400556,-1.7710196
PAPOLA,5.1365886,10.59612
BTBD3,3.7368376,-3.0649889
PCMT1,-0.96642745,5.557998
FDXR,11.430432,9.785778
PSMA7,-5.925006,10.600246
LRSAM1,0.46379074,-5.2547374
LPCAT3,-4.97547,1.7744558
HAUS4,0.7220027,14.220653
EMG1,1.7962556,11.201358
IRGQ,6.646265,2.9772344
DMWD,6.693809,0.5142821
MNDA,-4.6895866,-0.34939352
RASAL3,-0.113370575,-3.1000783
GLIS3,-6.0435915,-8.536941
SMC6,-1.9567407,15.278807
ZPR1,7.5586452,3.1716366
SNHG1,10.065105,-1.2400337
RWDD2B,3.6258552,10.814857
PITX2,-8.9313,-2.3254511
CPNE8,-7.54958,13.532838
PIFO,12.538104,7.4364176
OTUB1,1.9363985,12.892725
PTGDS,-14.795475,2.2393305
MCC,6.0488257,2.2156327
GTF2IRD2B,5.4195952,8.058553
WAPL,11.382782,-7.249768
CASC3,-4.6031446,17.26345
GADD45B,-7.01762,-4.355089
ZNF710,-10.015034,2.9936528
ATP6V0B,5.7158327,11.867684
SNRPN,3.3342693,5.8331637
ZNF142,13.356035,-2.288201
CLNS1A,-1.7621334,1.1251853
GALM,10.869149,4.509179
AMMECR1L,3.8694296,3.6767702
LPAR5,-8.008628,7.357439
UBE2F,-5.6130404,10.5942955
PTPRN2,-0.5026841,-7.396107
TMEM35A,2.9398425,3.2424645
SALL2,4.692523,-9.39183
EHD1,0.18659437,-2.4855332
CDA,7.5853705,13.896165
SLC6A16,-6.7287335,15.441305
RASA3,-7.163684,4.529844
FAM96B,2.190335,9.232375
CLPP,-6.157096,10.560128
EGFLAM,-0.18064924,8.179389
NGDN,-8.022026,6.234852
BATF2,11.059221,4.9837985
SEMA5A,-11.125869,-5.2291017
ATP2B1,-4.3656006,4.397614
NME1,4.485233,12.427119
COL9A2,7.5746255,6.478215
SIK2,-1.1782166,8.761212
NOL7,3.0696115,14.331663
MTERF3,2.4246006,8.684043
BMPR2,11.032204,8.028588
CCDC59,-9.696066,6.133919
TOMM22,5.5448146,11.76248
RITA1,0.7395727,-3.4196508
ADGRG4,5.859507,11.955004
CD2,2.7761776,-2.521854
RNF150,7.5689373,12.430353
POLN,3.2061388,11.84445
MYRIP,2.8837924,-7.1885023
NDE1,-2.0522163,12.363456
ALDH6A1,4.996101,0.040631216
HCCS,9.841284,12.562077
PTPN3,-12.030441,-4.970928
WNK3,-11.4384,6.289743
SNTA1,0.44701827,-5.2562156
NFXL1,-10.676173,11.017273
EPB41L3,11.3278885,-3.787713
TMEM129,-3.2119038,8.366256
FAM175B,6.953027,-4.7592435
CNIH4,-14.949093,2.3812323
PLAT,-8.00307,3.4065776
TRHDE,5.616761,0.7018077
KCNH2,11.327558,-3.7892728
NBR1,0.46298826,-10.358444
PLEK2,-1.44927,9.207195
SYNGR1,-6.7727656,-4.561635
SMIM10L2B,2.2975035,8.462466
LAMTOR2,1.7451952,9.429616
PIGL,-4.0721693,5.426539
ESR2,3.4238117,-0.7684796
NENF,-1.4585998,-8.409955
TUBB3,-6.6611094,8.949617
TMEM206,-7.9884424,-6.2938023
NEDD4L,8.878065,4.844164
PSMB7,8.167858,11.649592
SCAF4,14.160057,10.320527
CRELD1,14.081537,5.391502
ZNF774,12.847123,1.8872082
APCDD1L,-3.8857994,6.773225
CHD5,-0.640028,-2.284775
PSMB1,6.9784307,-4.7552166
RASSF7,-1.8234025,9.708594
AR,8.742364,-9.839327
PFKFB2,5.1748767,13.838564
BCL11B,-0.10617122,-2.2211964
CLMP,-3.1542714,-0.6085081
ZNF646,3.21569,5.7148995
SIX5,-0.3987648,-1.8446314
AHR,-4.3741803,4.416912
CHERP,3.17524,-1.2573754
CDK13,1.0285728,7.3808303
ADAM15,-9.919968,-4.6824026
PFKFB4,1.9525039,-4.132301
PIP4K2C,5.5089145,-1.0740397
MYBL1,3.7552166,-3.0695095
AGO2,7.728091,6.592987
SPTAN1,4.3355646,2.678245
NDUFA8,-4.018204,8.351462
LYRM9,-4.8110933,-6.3894134
FAM98A,8.329174,-0.38004267
VAPA,11.802963,3.2144632
RELL2,-3.3731663,-2.1444635
TSSK3,1.9559906,5.3009453
AVPI1,-11.9031105,-5.16703
SNRPD3,3.3373694,0.9914842
ACTN4,0.07391042,-2.4893997
PNMA2,10.444501,-2.5097468
NDUFAF6,4.183904,1.1366277
CD5,2.8738658,-2.4323657
SNX29,-1.3893483,0.81222415
PHYKPL,2.527617,7.1769443
SLC25A53,-0.29746228,-2.2643661
LRRC59,3.0399716,8.442951
AP3S2,-3.2617419,-7.13309
DNAJB11,6.1339345,12.201026
SGF29,4.194556,1.1250092
RIOX2,6.020047,-6.212154
NRAV,10.20376,-6.7491436
CYP19A1,-0.8736703,-12.354148
EIF3E,-3.3847823,-7.288877
TUFM,-3.0605116,0.9713226
ARL5A,8.23635,-0.24553089
CXADR,8.263195,4.7362285
CAPG,-1.2424018,9.495521
WNT4,-5.2967515,12.142614
TANC2,-5.452363,-11.227622
TMEM175,0.7757056,11.312296
SLIT2,6.9721746,11.309345
MYCBP,-5.43132,-0.8314817
NDUFA6,-3.9612942,8.43512
DBNDD2,-7.160905,2.1093552
JOSD2,-2.1644046,6.2440147
APTX,-11.72355,8.90758
ZNF589,11.92418,-0.97386885
PDLIM3,2.9886413,3.1206868
BCL7B,1.8893858,-0.41523483
SOX7,-1.2640501,-1.9240564
FAXC,11.465939,6.8171854
FOXO4,-0.53247446,-0.3081534
SRC,4.6718774,-3.6490128
COQ4,6.9831467,3.3229985
FAM83B,6.4477286,2.7692032
FNDC4,2.2124462,2.497098
SNHG16,-2.681593,8.473575
FARSB,11.139465,8.178417
RICTOR,-12.090086,2.3888958
FANCM,1.8171308,-4.1060266
TRMT1,-5.391053,-0.85535145
DGAT1,-1.7827643,-3.4761572
TM9SF1,6.1309943,-2.6999617
ZNF135,-4.757966,-6.428892
API5,11.420557,5.674058
SPATA6,-9.775895,7.3674603
FNTA,9.582151,5.7665267
MLKL,-9.175423,-2.5742402
RPL27A,6.782854,4.193256
B3GNT3,11.055239,0.27739522
TBC1D10B,2.9881926,14.389406
CDKN2C,-3.1311624,6.504243
TPST2,-5.4737606,5.278498
UBTF,4.6787753,-3.8387096
FERMT2,-8.466326,1.059369
BAZ2B,-4.8598795,10.704145
KLF2,-6.888424,-1.3772764
MAP1S,2.9786718,-1.4455223
PLAGL2,13.804876,8.714677
GRHL2,3.4895163,4.963966
VPS9D1,3.4830534,-8.364396
HSH2D,10.7725525,0.048234563
GLRX,-6.3421354,-8.615023
ISOC1,13.166048,-2.565078
ADSL,1.9013026,9.333172
VCP,7.425831,11.019196
SCAF11,-1.157693,10.788678
PPP1R13B,-6.0462375,5.829105
SOCS6,0.6374339,-8.775357
OSCAR,-4.847538,-0.42702857
PUF60,7.0221057,11.1394205
PPP2R2C,-7.367481,4.6041837
AKTIP,3.0946956,5.437931
FRG1,10.092106,5.917188
LZTS1,-7.7008777,13.651672
THBS4,2.010599,-4.1214714
CSNK2A2,11.663717,3.1210873
MTERF2,6.056505,12.125667
CPPED1,-1.0877122,4.3512883
ALKBH5,0.63451135,5.1176896
BBOF1,-3.589864,16.734251
TICAM2,-8.0068035,-6.302963
NR1D1,-5.681776,0.7435258
KIF3B,9.382647,13.525575
PNPLA2,-10.918775,9.960338
BTAF1,1.989701,0.51048476
SEC16B,-5.460053,14.059262
IFT43,5.049552,-6.256036
CTH,-6.424091,7.2786345
TIMM23B,8.864285,-5.2693853
KAZALD1,-10.925568,9.976013
PDIA6,-0.9518924,-1.4553076
COX6A1,3.4174378,0.9140595
ENC1,13.250965,-2.4558377
ICMT,0.4439547,-3.2835562
EXOSC1,-7.016023,10.157786
MSX2,3.43616,5.7083416
RHOB,6.302707,0.24249268
THY1,-6.527492,6.8419867
FNDC1,3.3935664,-1.639427
FBXO34,-11.876973,-5.2106595
CEBPG,-3.201652,18.059618
ARRB1,-6.9248567,16.489388
B3GALNT1,1.6063536,-1.8827081
PTS,-5.420084,8.540102
RPS6KA3,13.737647,7.3394456
LYPLA1,-1.6013311,1.4175042
DAG1,-5.526443,3.6456814
H19,12.548875,1.8028325
LRRC8C,0.5172267,12.113719
NDUFB10,-3.3760037,-0.6798385
TLE2,-6.5388184,-1.3760144
CDKN2B,-7.9133744,13.82401
PDE12,-6.945529,8.7357645
BCL2L14,-5.249954,12.075911
FAM26E,-9.726074,3.1774113
TSTD3,13.738118,7.3449106
SERPINB8,3.9733758,6.2671347
PDLIM5,16.882923,4.5507965
TOE1,-2.8639147,8.3985
SUSD4,-4.586089,4.5998845
SLAMF7,-8.074798,7.362546
PANX2,-1.91409,9.889427
CBLC,8.849797,4.89359
ADRM1,7.011388,11.37054
HYAL3,-1.9674329,15.288668
RASSF8,-7.0055866,4.4624414
APOL1,8.705517,3.0271103
SASH3,-1.1141995,17.181707
CSAD,-7.702823,-2.3889592
PRKCSH,6.332376,5.337334
PLAGL1,3.7247088,-3.0985844
VCAM1,-4.118054,11.140457
LRP2BP,-13.849262,-1.2652496
NNMT,-6.8103404,-4.5193877
SCN4A,-6.737152,0.553509
ZNF461,2.1379066,0.60391605
PTPN6,-1.0153034,1.8552436
PTPRC,-2.0092926,16.987246
NUDT18,9.046013,6.275195
PLCXD1,8.808791,-5.2975354
SORD,12.981908,10.315819
DYNLRB1,-3.9206173,8.439108
SPINK1,1.2187496,14.062095
MAP3K9,5.9867287,2.157622
AGPS,-6.1625223,10.649656
SMURF1,-9.130749,4.66756
GNB2,-0.15568422,2.846361
BLNK,-7.999293,7.338649
HPSE,-8.588524,-6.9078875
NSMF,-1.7042047,-6.3941894
ARL4C,12.432353,1.790011
NDUFB2,-2.1917071,6.22502
EMCN,-9.134265,3.8309162
COA3,-2.1955435,6.2331815
FAAH2,-5.17033,12.026907
METTL1,1.8779361,5.1594033
SIX1,-2.863578,14.260292
CTSF,2.0570111,-10.821091
NOL3,2.3007276,3.6374395
RRAGA,-0.19383061,-7.846381
FGF9,-9.672466,0.5998788
CCDC102A,12.779131,0.22037478
TANK,6.960687,-1.7378247
ZNF487,-8.407815,-7.044413
FAM162A,-10.673868,2.2057326
TIMM17A,13.782903,7.397451
RORB,2.4912345,7.2047443
IFNAR2,-7.514862,13.517032
MIPEP,-1.3260168,10.62337
HS3ST6,9.962531,5.6346636
SUCLG2,1.0614309,12.284817
ATAD3A,6.952036,-4.734889
TMEM41A,-0.6219694,4.8373137
TLE4,3.4920642,5.5670085
KIAA1462,-8.844705,2.853981
PIAS3,5.0158057,-0.016537972
TSHZ2,-9.142933,3.4838157
NSG1,6.609517,2.9379108
COL7A1,-6.877011,-1.3155015
LMCD1,-4.7646117,2.2638083
SHC1,5.174872,-3.6724105
MT1E,-6.5385604,-4.7869425
CXCL12,-9.084465,4.1044006
ALG3,-3.8385782,5.504562
ZSWIM5,-4.628074,-0.28615
ZNF510,-0.9829259,0.42224598
PIGG,8.915264,3.2697153
RNF168,-2.0673919,8.144861
CBWD3,3.8142116,12.923117
CALCOCO1,0.22750893,-1.1700665
PDE10A,7.2673717,9.670926
ATP5SL,1.8621166,-0.41597942
MYO10,3.7846303,3.6648326
HERC1,5.8441834,-4.035714
ACSM5,2.1552045,-7.461628
RPL14,-9.214474,-0.51958114
APOL3,-0.17703103,8.151455
RPL10,7.046235,3.835738
FRRS1,-8.410368,7.5048375
FNDC11,-5.4625025,-11.238239
MSX1,-6.1690793,-1.6062373
ACSL5,14.911964,-2.1038086
TRIL,-0.31103826,18.451952
NAMPT,-6.8816214,-4.453045
PICALM,-6.860637,8.812522
NPAT,1.0196445,7.592516
SH2D3A,11.953608,1.6501145
PAQR3,8.522776,1.5351747
MYOM1,-8.831098,-7.0349593
GNL3,-3.3041494,12.701261
PRMT2,3.8992472,-0.55613315
RBM24,1.9346615,4.970327
PNKP,8.675922,2.9714127
PRR12,10.874189,7.915385
P4HA1,6.1248436,-3.1185691
RANGRF,2.0058315,13.007072
RORC,9.813717,5.6415105
BCKDHA,5.4589157,6.1023474
ANO5,-5.18085,3.7672906
NAA20,1.7790115,10.491575
CYB5R2,-0.48076007,-7.4369364
FBXW5,-5.9451933,5.7292523
SEC23B,9.172918,15.312169
PACSIN3,0.44993085,-5.2999735
PTRH2,8.602733,8.692327
ADGRL4,0.42733335,-9.155482
TNC,-1.4502796,-8.41081
FLII,1.9415646,-0.38493708
TRBC1,3.259195,-0.41044086
CCDC66,-7.0585465,0.64345634
NDUFAF1,11.493849,5.7067823
HFE,-1.2534502,-1.940022
ZNF517,-0.9505251,-1.3870759
PPP1R8,5.176028,13.828839
WNT5A,-4.6034517,4.6116476
SSTR2,-8.630453,-3.910734
NOVA1,-3.978679,-4.9966216
TMEM102,6.1712403,5.0771317
ARPC5L,2.484984,8.496448
HN1L,-10.9351845,5.214147
ELMO3,-1.8590068,9.807731
CXCL9,-13.849508,-1.2655134
PIGB,13.111048,-2.6832614
MFF,-1.5184684,-3.5557761
TIMM10B,8.355273,-5.5167437
IFT80,1.6478679,15.949472
PSMD6,-7.242114,10.169214
MAPKAPK2,-0.86465263,14.626854
LBH,1.642943,-1.9076242
RBM38,-5.244305,3.7598817
STK32C,-5.78356,0.20752521
MIF4GD,-5.9649663,5.74858
TSPO,-1.6598766,1.1776148
RBM15,3.860999,9.420833
CRYL1,-8.588029,-6.8820353
ZNF100,-0.11532904,5.4829545
ANKRD12,0.30139053,-5.4766517
ACOT11,-6.0851293,-8.503966
TUBA1A,6.2191577,2.0177472
G6PC3,-1.7830786,-8.320974
RGS2,13.326989,-1.8180223
PRDX5,-2.5742788,-1.929138
AKNA,11.7295065,13.386773
OVOS2,11.167911,5.256474
C1QA,8.844585,-1.9885421
APOOL,8.4631195,-5.4416595
CLEC14A,0.40673357,-9.200821
TVP23A,1.0480086,5.4377084
STT3A,7.5664773,12.419159
LAMB1,9.313088,13.554339
LGR4,4.3712153,-4.31974
GARS,6.730562,-4.8170724
ZNF22,9.115663,13.629209
NCOA7,-8.645876,-3.922438
PKHD1,0.22367112,3.0126355
INHBB,0.016781023,2.9066749
CBX6,-5.2113404,-3.5366254
ADGRA3,-4.6267986,2.173388
CBR4,-1.3127117,-1.8971791
RUNX1,4.79046,6.382294
RILPL1,7.6295886,-1.408087
SCUBE3,5.9705505,0.4517711
POLI,3.4083486,-11.856628
ZNF213,3.8178382,3.6698434
TRMT6,8.64915,8.640301
LAMTOR5,3.3400428,0.9849146
SNX7,-0.21322998,8.594128
HINT1,4.90297,10.339005
GSE1,10.924923,4.512496
HCK,5.213868,6.771621
HOXA3,-4.692772,10.946837
ZMIZ1,-2.9390779,2.0387902
TAOK3,-0.19806965,8.620618
PDZD2,5.314769,12.158543
UCHL3,10.211234,-2.5969038
TMEM170A,6.8446,-7.8436785
SCN4B,-0.41038334,18.340813
TRMT2B,-6.918737,-2.8932416
TMEM56,12.539759,7.4382725
MCM3,-14.395266,1.7966416
HOXB7,-2.3066108,12.5575485
MAP2K1,-5.1093287,-6.686513
PPIB,5.8273764,-3.8094168
NXT1,1.9995528,11.444928
FGR,2.0282774,-10.78245
PHYHIP,-2.0342565,-1.7965262
VAT1L,-10.111516,2.9230604
TMEM55B,-7.9645734,6.3183885
TMEM25,5.480981,-1.2284408
PRKAR1A,7.431342,3.7706861
JUP,7.273072,9.572207
DBP,0.81745046,12.022499
UNC5B,-1.8623208,9.823096
RPL37A,-8.754202,-0.39434284
PRIMPOL,-0.7017566,4.828083
DBT,6.855034,-7.84984
GOLT1B,-4.616378,-0.29735008
TCTA,3.764175,12.976779
RPL24,-8.771394,-0.39108628
CYTH4,8.779373,10.207892
ZNF91,-10.274105,9.040804
BBS1,2.094173,-10.939041
PHLDB3,5.7176933,0.6291115
XIAP,-0.7999553,5.5028315
HAS3,14.699165,0.6792552
UBQLN1,-7.4993477,10.188815
ATF5,-0.6051281,-1.9795973
PSMC5,4.362891,15.9108515
ZFYVE19,-1.4344664,-3.4386008
SATB1,1.8983098,5.032218
ZNF697,4.609913,0.41842088
LDHA,-2.4962282,1.9135832
RERE,12.77345,0.22099161
HENMT1,-12.178501,-4.718031
OTUD4,6.8976216,-7.9326034
TAF13,-9.923414,-4.668982
PCAT19,5.2067533,-0.862501
STRA6,14.909991,4.094228
SYNC,-3.352819,3.1625724
WDR76,0.9557506,5.081668
PADI2,-0.661043,-2.293915
SLC46A2,-1.7548418,9.44902
RNF24,1.8986683,4.7410808
STAT6,8.514494,-5.403574
SPATS2L,-1.16783,8.769264
ATP1A2,4.846099,6.481436
NIPAL1,11.076365,0.9720484
ARVCF,-5.0451484,-0.5686175
WBSCR17,-0.17169322,0.04408644
TRPV3,6.7442303,0.56068087
ZFYVE21,1.2484893,14.226431
FAM3C,0.25572142,-1.1384617
CDC6,6.5696745,7.5649157
PDSS2,-1.2533253,-9.846421
ANKMY2,-3.5672863,2.2860126
COX7A2L,3.3147213,14.213053
CD84,3.2793686,-0.52091765
STOX2,1.272648,14.270045
ZNF207,-1.5471307,14.770186
NGLY1,-3.0855417,0.95209676
DENND1C,0.01639553,-3.2153475
HSPA5,5.0529532,6.677486
RPL22L1,-2.4770834,8.453091
SCUBE1,-4.500716,14.321014
PYCARD,-1.8565316,9.391848
TNRC6C,-7.2367816,-9.546233
NDUFAB1,1.8110495,9.390783
ZNF605,10.309581,-6.6679435
BORCS6,-0.38888824,5.3885703
YIPF1,-6.6635346,8.945648
SH3TC1,-2.6645553,12.75409
AFAP1L1,3.428501,5.7550473
MANEAL,-2.6854272,-1.9982244
FAT3,6.376929,6.708414
TMEM150C,-8.02412,6.218788
CNTN1,-9.075504,-2.4779844
PDE6B,7.681317,13.998435
KDM2B,-1.2936199,4.1283555
ITGBL1,7.4536686,3.2994022
EPDR1,-9.309088,4.940241
LRPPRC,1.512392,16.114552
FAM49A,13.343173,-2.285438
MPPED2,-10.170511,9.104183
CLYBL,-6.363444,-8.636155
OLFML1,3.4518263,-1.6764467
SNTG2,0.6164478,-8.81696
PSD4,8.194326,1.7877399
PAFAH1B1,2.038937,0.54599553
NDRG2,5.33041,-5.802795
SMARCB1,0.4512107,1.6151326
NAA10,-2.2632456,5.0636153
BUD31,4.730068,10.608183
ZFPL1,-2.8534307,14.254679
APRT,9.194685,15.332695
ATG2A,-6.4227386,7.1948833
NLRC5,-1.0992897,10.85382
ZBTB41,4.388672,15.940026
PSMD8,4.2428865,9.682939
UBL3,-10.178,9.1080675
NINJ2,-1.1266823,5.5901227
DHRS7,6.1275024,4.955759
SAMHD1,-0.301991,-2.5128472
OR13A1,7.8763375,0.9015176
EIF3M,4.6283345,10.819013
USF2,-6.755675,4.386974
CRB3,12.282734,1.7417718
PCED1B,13.048515,-2.9141765
LGALSL,-9.815142,3.1347663
PTPMT1,13.818536,7.409961
UCN,-12.20031,-4.6823845
STK35,5.487074,0.77921593
SSR3,12.36695,7.322321
MPPE1,1.3825092,10.724271
ATXN1,-3.2397652,3.32717
CSPG4,0.41633728,0.7205825
RGS12,8.217231,0.6519039
CORIN,1.2864417,14.2591
ZNF76,-5.623923,-0.82103676
PANX1,6.571656,-4.78562
TVP23B,-3.0357733,12.717948
RAB15,-1.4096144,9.16549
FAM168B,0.8222586,0.1327412
MFN1,-5.900917,17.466806
JAGN1,5.2231226,10.640192
SLC25A51,8.304195,11.738345
ANGEL1,7.3060317,9.707034
NUDT16,-6.4189944,7.24874
EXOSC7,0.21059152,1.34829
RFC2,-4.944491,1.8489249
TNPO2,16.96725,4.63403
EGFL6,-9.437925,3.3383136
PFDN6,-3.8547873,5.53138
HNF1B,-3.7719913,-5.8692484
RBM17,6.789296,4.210223
ALG1L,7.229801,3.551356
RNF125,7.664498,-1.3767315
SCRIB,-4.0889163,8.296674
TMBIM6,-1.7690642,1.094205
AMDHD2,10.036825,-1.212092
IL17D,1.8803365,19.481026
MIOS,3.105168,3.497387
PLAA,10.073277,5.531038
ERGIC2,3.309824,2.059269
SHPK,1.6445735,15.951709
ATP6V1D,14.022881,5.425125
ZNF837,-8.002728,-8.429671
KDELR3,-6.49118,6.87523
ITGB6,3.6713793,5.035469
EIF4G2,-1.2486236,7.4839177
HACE1,-0.58661944,4.8966274
PPP6R3,12.516513,11.366055
PTGER2,-0.63219035,-3.187257
SPPL2B,-4.05741,5.424841
PHKB,-6.2843614,-3.3945124
TM9SF2,4.3404765,2.6741986
SCYL1,2.6916864,-1.4720451
TPCN2,6.0944195,-3.0768394
SLC33A1,4.7953043,6.4634857
SLC25A35,8.0096655,-6.999554
SPATA25,2.181473,12.7680235
LAPTM5,3.8338833,7.6273594
SFMBT2,-6.910564,4.4494505
ITGA7,3.3300376,17.809702
NEDD8,5.7012873,8.858655
FXR1,11.603633,3.0850346
ANP32A,4.06104,10.010863
ALDOA,-5.711212,0.68130565
NPIPB5,-7.9359303,8.4200325
UBE2V2,3.7909327,-2.392189
EDA2R,0.5545401,-3.3862748
PBX4,10.789534,0.0060840007
CCNI,1.820766,5.1290445
KCNN3,3.446854,-1.6684656
PSPH,-3.3020375,-2.1301465
MAGOH,-5.690891,8.710538
TRIM32,8.195944,-7.2211366
IKZF2,-10.157666,9.120985
MRPL50,-0.2722306,5.035288
CCDC80,-9.755445,3.1622546
CLDN7,11.047942,0.27025634
MRPL38,3.0726945,5.3817515
KIAA0430,0.2957305,-1.1270535
TMPO,1.5335146,2.547281
ZFHX2,4.6666493,-9.445447
THOC6,-0.3686754,-1.8960172
FMR1,12.520936,11.370042
EPB41L2,11.848058,3.2463174
PHF8,-6.378927,6.721095
DACT3,2.4605856,3.655151
NCF2,10.031129,-1.2060716
TOP2B,-1.7016066,-6.3920884
UPK1A,0.29810145,3.0557203
GLI4,-0.6644896,15.128659
NECTIN1,-1.7910801,9.473864
PPP1R3C,7.5214667,-1.4556211
TNRC6B,8.742429,-9.839691
COA1,-0.32208914,-7.6668234
ZNF462,-5.4529595,14.055231
POC1A,5.364224,-3.661584
CSDC2,6.875391,15.043581
CORO2B,-3.9177408,11.162726
NAP1L5,-14.396675,1.798336
ROGDI,-8.644015,-3.9217474
GPATCH2,-9.161949,3.610299
ZFY,1.0543375,7.3843594
SYNCRIP,-8.093135,6.216453
ZNF469,-7.1770153,0.6647707
HLF,5.8002105,11.886046
NPLOC4,2.5780392,7.121268
SERPINB9,-1.1157486,10.832159
TIMM13,6.3518724,-2.7006402
PXDN,-0.13036643,-7.8324623
PQLC1,8.24114,0.6414095
PSMB2,9.988684,-2.4636128
CSNK1E,0.53139824,12.092608
GNA12,-3.9760916,6.8296447
ABAT,11.387301,8.577328
RCC2,0.22307853,1.3707683
ATP1B1,10.946118,4.375663
COPG2,-9.149536,8.543176
LRRC3B,3.6949472,5.505481
SMIM10,6.1770406,-2.1715298
ACADM,-1.2109789,-2.7666435
LOXL4,-3.9802508,6.8326473
H2AFY,-5.6413803,8.682606
SULT1C4,-14.71875,2.1703527
SEC14L1,-0.72247666,14.681314
MREG,11.124886,0.6106164
YIPF6,-2.6573486,12.744602
GMEB2,-1.5008422,-10.036108
DET1,-3.142762,18.001423
CCNH,6.9415326,-1.6827552
TMED2,5.9696965,12.051367
PRSS16,10.80396,0.041835386
CRADD,-7.0723023,4.4849243
ECHS1,-7.380146,4.610834
MUC1,5.0558596,-3.6297915
EEA1,-0.9617315,11.062291
IFI30,6.053156,12.123401
AATF,-14.747364,2.1940956
LRRC27,11.317985,-7.1667714
PPP1R7,-4.167654,8.263094
ACVR2A,-0.70699596,2.9750533
LRRN2,8.23587,-7.268524
TMEM101,-1.3331898,7.4598594
STAG1,-7.998723,-10.676238
RPN2,6.1384883,-2.564142
STAC,6.7549696,-1.4461056
TRMT10C,-9.221841,-0.52081597
GUCY1B3,4.3131557,-4.406587
PBX1,-5.4213085,8.511723
RTTN,5.768858,7.762184
AP4B1,1.5828922,-1.8022839
SPATA41,-1.2267334,-2.7590337
CREBL2,9.8387375,-2.2994049
PROB1,8.618427,-3.0255003
HMG20B,7.598758,-1.4196894
RBPMS2,0.2821694,-0.5654766
CD33,2.136374,0.6014547
ZBTB6,0.37310353,3.9702406
YME1L1,-9.95259,-4.6305494
AKT3,-8.464657,1.0586445
SLC6A1,-7.702633,-2.38395
LYRM4,6.898918,-4.767748
SLMAP,0.6871508,-0.3366964
DIXDC1,0.15920985,1.2955809
SPHK1,-0.9310832,14.251846
MYO6,7.8199325,0.94689536
CNNM4,8.12166,0.71261746
TNFRSF6B,11.067063,4.7482615
DENND2D,-8.069651,7.3601456
TMEM9B,-0.6394457,-3.312848
EMC4,3.3133826,14.183571
FAM122C,-4.6969423,-6.4700046
SYK,-1.0208962,1.8611858
CDK5,14.17359,5.31732
CACTIN,10.089869,5.870303
NAXE,-3.8966799,8.572364
MAP3K1,-2.9040978,14.305202
CDYL,2.6077893,-1.4822223
HGF,4.3494153,-4.3461523
ZNF337,0.14683679,4.254867
MAP1A,-10.7010145,4.1464505
FRS2,2.8959455,-7.1929293
SNN,-5.922433,5.704741
KCNQ4,0.33810738,0.5199389
GRM8,8.397152,-5.476406
GPR137,-1.5013974,-3.314413
NDUFA10,6.385182,5.3692317
RBM12B,2.109751,-4.217689
PTN,-5.470348,14.067036
NAF1,-11.798121,-1.3418026
SPOCK2,10.118479,1.8218634
TCF21,10.236325,4.8696046
NTM,-1.0861179,5.584912
ZW10,-12.872582,3.6591992
DENND3,11.353755,-7.2134256
ZNF37BP,13.33399,-1.8311617
BTN2A1,7.4572654,-8.570473
REC8,-1.5651343,-8.30845
MAP1LC3C,-13.056773,10.972026
RGS22,2.3802648,8.514572
SLC27A4,-10.77733,11.0966835
COL13A1,7.0161448,11.389487
MICB,-8.830148,-7.05534
ZNF516,5.920076,-5.9451537
TUBA1B,10.52359,9.183329
CCL15,14.7032,0.6775147
GOLM1,7.5537124,12.412151
FGF7,5.1021953,-3.650589
MCPH1,1.8902221,19.49374
CDC123,-5.7366686,13.197036
SIGMAR1,-1.113616,10.8059
PRMT9,-10.745478,11.035199
GPRIN3,-2.8871248,14.288034
ARMC10,-4.945468,-6.5093327
TPD52L2,-2.4859447,1.924392
BIRC2,1.5170199,2.5656698
ASXL3,4.4868736,12.423214
CDS2,5.3830333,-1.8790914
COL4A3,-4.0417886,8.658577
YEATS2,13.072157,1.9747552
VARS2,-4.448574,5.5967693
PNPLA6,-4.8879724,10.676204
HACD4,-4.2754254,13.172857
CLIC4,8.532431,1.5335144
ENDOV,2.0210037,-5.2031446
KLHL18,2.7587612,-2.5287306
PSPN,-3.991109,-4.995886
DPH3,-1.6919478,-6.3819084
COL21A1,-3.3189237,6.476038
DEAF1,-6.7439756,0.552482
PPP1R16B,2.3685775,14.748461
RIPK2,0.11158502,4.3233995
PSMD7,7.4382753,11.0328245
SNRPE,-5.5839105,8.633663
DTX4,-4.3601065,4.401254
SLC48A1,11.575961,6.915196
ABI2,-2.1256273,12.417374
AFG3L2,-10.08633,2.9413898
BICDL2,8.8287945,4.908294
MRPL39,5.2056007,10.653851
WIF1,10.226699,5.7067914
TAF6,10.326705,-6.664246
NR3C2,-5.421182,8.510457
FAM174B,-3.3433,9.396312
IGKJ5,8.833752,-1.9852728
NDUFS6,6.767807,10.920905
TRAPPC8,9.376276,3.6775408
RND3,0.5079471,-5.242802
ACBD4,-2.7497833,8.43679
TRAF5,-8.576403,-6.834949
XRN1,8.364878,-0.4259984
ZFAND6,-5.494262,5.2855163
CYP27A1,4.884235,10.385656
TLR4,0.93843627,12.130108
STARD13,4.3680897,-4.327275
BCL6B,-0.30035362,2.803448
COMTD1,11.91129,3.3013153
JMY,-0.00676424,6.1908054
WDR89,1.8542018,5.125812
SIX2,-2.280748,0.7368842
GRPEL1,7.569444,3.1565065
MAFG,9.807417,4.1983895
COL16A1,-1.6384559,14.916728
NBDY,-1.1507947,7.5574207
PAGR1,-5.23684,-0.96067744
ABCB1,3.6722078,-3.206319
ACAD10,-6.295231,-3.387982
HSPG2,8.727802,3.0494206
UBE3B,9.400071,13.518456
GLO1,-6.4882164,-1.390456
MAPK9,-3.5750828,-0.8271395
MAGI2,6.1031337,-3.0842566
GATSL3,6.8843036,-7.9050922
TMEM132A,-1.9569066,15.276033
EXOC3,-12.385375,4.779265
RARS,10.266455,-2.5112703
GNB5,0.09131497,4.3806534
TSPAN2,2.9849114,3.068341
CCDC6,9.223915,3.5453277
MAP7D3,-5.027911,-3.089161
YTHDC1,11.305412,-7.1509185
RPS6KA5,5.640156,7.8728976
LETM1,2.0218658,-10.729302
LMAN2,5.825722,-3.8050065
SERPINA5,-6.039443,2.159747
HES6,12.557386,2.6893802
ALKBH1,-4.9888496,1.7641002
HAAO,7.6038055,6.495893
PSMG1,-5.0303345,-6.602184
CBR1,-1.5223426,-3.574873
ZNF10,-1.5386856,14.761732
SOCS5,-8.62996,-3.9116764
CDK10,3.0212705,8.455393
SH3BGRL3,-0.63455504,-1.9971377
MYD88,2.9634762,8.46555
PTPN12,7.737869,6.600589
GPR162,-15.128401,4.518705
CREB3L1,-3.8663259,-3.0842052
MIEF2,2.0183527,-10.724839
RBFA,-10.7069435,2.2170057
TGFB2,7.3271084,9.496429
CAPZA2,-0.1586418,-2.2117329
TBC1D24,-5.4241433,-3.2798374
NACA,-9.2977705,-0.580678
MSS51,7.656685,13.966154
BCAM,5.5582523,-1.0826563
ATG2B,1.3899901,0.8925238
GYG2,-2.1319022,1.005932
ITGB2,-1.0866772,17.21111
NSUN4,0.5064877,12.118269
SELL,12.451508,7.367933
LPGAT1,-2.1713495,-12.015466
STK11,3.9107223,7.164914
ELK3,9.024192,10.411116
PSMB8,6.862198,-7.861779
SLC25A22,0.3489992,6.724141
POLR2J3,-2.3403268,0.06340933
PHYH,-9.075667,4.1747923
PPP4R3A,11.31009,-7.1565666
PREB,10.51371,9.20064
OLMALINC,-10.921216,9.966966
SLC7A6OS,9.526146,5.804127
TRIM52,6.1205907,4.9276805
VDAC1,5.5832562,11.76766
ABCC9,-1.2156347,-2.7582998
NDC1,6.1433325,-2.279274
FERMT1,10.577346,1.8009545
ATL2,13.339937,-2.3074718
RELB,-10.960597,0.888179
TCEA2,8.636897,2.947
LGALS8,8.15958,-0.13385405
CARD9,-12.103932,5.0098515
ACD,-0.16331922,-7.882458
AOAH,-1.9805915,17.01906
RANBP3L,-0.20039019,-0.094652146
RBFOX1,10.122475,1.811628
SMARCAL1,-1.4213508,-3.424001
PLEKHN1,10.530434,1.131087
NUDT10,11.379158,8.564877
SNRPG,-5.6144304,8.645517
MFNG,-6.3794384,-8.65134
CCNL1,3.6260216,10.806423
ABL2,-0.77349347,14.688034
OTULIN,-1.377529,14.660613
LYPLA2,-0.4313442,-1.9119194
UBL7,-0.5516736,5.402156
MAGED2,7.4956374,3.7064288
FAM96A,-0.8761216,-1.5744306
CDH5,-0.3880441,2.7689192
DHRS1,-7.0208616,-4.3509655
LACTB,-2.2510536,5.05375
CHDH,-0.95706743,-2.150448
HCFC1R1,-11.780635,-1.3331121
RPL23,-8.971718,-0.4367661
DENND1B,6.1146398,2.1369133
YWHAZ,-2.893075,10.299915
BDNF,-1.201239,8.807838
BCL2L12,7.552332,13.858346
SPTBN1,-3.4474077,-9.58033
EBPL,-3.1425354,18.00239
PERM1,-5.4657307,-11.241526
SS18L1,-0.4099025,18.342731
RIC8A,-10.388436,-7.6088905
CAMK1D,0.271643,-9.38404
TMEM119,10.177748,4.7670717
JAG2,-5.396236,-3.2945766
AP1G2,-1.7703866,9.730074
AFMID,6.62565,0.49057844
OTUD1,-3.338201,-7.219783
ADRB1,8.154136,1.8177836
EFCC1,-0.32038987,18.444801
SLC8A1,-0.9489974,-1.4487787
SELENOI,-9.120866,4.4185476
RAB28,-9.16536,3.832598
QSOX1,0.003678167,10.419436
SSB,-0.07024389,12.063449
EIF4ENIF1,6.3079886,0.28482562
QPRT,7.463982,6.346333
LNPEP,8.291011,11.739714
KRBA2,8.213159,-7.2377143
TAF1B,-2.8577359,14.250773
FAM189B,0.900063,5.1679344
AMOTL1,11.592612,6.932532
BHLHE41,-15.128337,4.518638
TBX21,3.8101323,-0.5772921
RGN,6.506273,-4.713656
FAM210B,5.594352,-1.0994883
CCNL2,3.4214888,-11.867458
SLC4A1AP,-14.783987,2.2285702
IK,-4.0472064,11.150543
ISOC2,1.4094723,0.8282179
DNAJC9,3.8955884,14.266193
WASHC2A,13.379298,-1.6885322
GLA,-6.0534625,-8.529096
STOML2,-5.552379,14.142773
LDLRAD3,-6.365131,-8.636586
SRBD1,-8.430243,7.5071597
CCDC152,-8.38801,7.4978952
PLD6,3.8904383,3.6804163
TNFAIP8L2,2.0349224,5.3514977
TLR3,10.09594,5.9090223
PECAM1,3.2705395,6.0324335
DDX24,-0.10952897,0.15337782
ANKRD39,-6.729911,4.3755593
CREB3L4,-5.1582794,12.008926
ZBTB8OS,-3.9710445,-5.001736
RARRES1,-5.2448344,2.6429055
IFI16,11.320541,-3.7855773
NUDCD1,-1.2266319,14.559019
ANKS1A,0.4258047,-5.3311424
FAM129B,-10.694763,11.021018
SYTL1,9.134417,5.2772593
TCEAL3,-8.784155,2.968629
HELB,6.0155206,-6.195338
MLYCD,6.7314196,0.54993147
TRMT112,-5.563309,8.619453
YWHAG,3.9821959,9.442832
CD59,8.628646,8.66221
SPTBN2,-5.679448,11.642597
RPL26,-9.151741,-0.48826703
SLC25A42,1.9635103,5.198102
HSF2,0.0013900195,6.905869
ATP8B4,4.619901,-3.9644094
FGF13,1.6919844,15.885591
FMO2,-10.896801,5.17839
NOC4L,11.219169,8.276485
ZNF3,7.044679,3.834759
ZBTB45,6.751315,0.5063835
LCK,3.4057198,-0.73195493
IL4R,-6.9017844,-2.887229
EBF1,-10.615609,2.18892
CSTB,-1.4138274,9.260672
STBD1,6.1537585,2.0887208
EIF2A,-3.1913357,-7.0437675
MYBBP1A,11.229938,8.275444
RAB6B,-2.5182743,1.877892
TMC8,-9.016095,11.531788
GDF10,14.746195,-1.0813696
TMEM45B,11.35042,0.34630919
DST,5.2952576,-1.9714814
HDAC4,0.21545391,1.3545042
VSIG1,10.764338,1.0836937
RPIA,4.3529744,6.3370843
BTBD1,-1.4780186,14.722815
RAB40B,-1.8082682,15.098028
CNNM1,-3.2113855,3.3061218
MTUS1,-1.466969,-8.408256
TXN,-2.2585993,5.05609
TAF1C,0.96722066,5.074351
TRIM59,-1.4080336,-9.962355
ADPRM,-3.325402,-7.2037826
DCTN2,3.862325,-0.5640089
ZSCAN20,8.312756,11.739783
SLC29A4,6.1710253,-2.1875856
DACT1,-3.886252,-3.0953934
SLC44A3,8.381877,1.6379695
PPM1B,10.715762,11.321643
NEPRO,-3.1935468,-7.0449424
NTN4,9.136065,3.358455
CNOT11,3.2469544,14.229704
ZNF175,-6.758052,15.437582
L2HGDH,8.764075,10.192517
ZER1,-0.69642323,-3.0831118
NDRG3,-0.238567,7.5126953
CLCN5,4.146321,1.1485754
CCNK,-5.8862443,13.101842
ENO1,-2.2596946,5.0579185
PSMD3,7.346044,11.047612
PPP2CA,4.6442423,10.797922
ZBTB1,8.899163,-5.2700653
SLC35B1,5.1028385,6.7369657
PLPPR4,-10.186975,9.096894
PARD3,5.4614286,6.103396
TRIM45,3.943789,7.6540217
RAD23B,8.194418,11.664247
MPDZ,-0.63880974,-3.4329908
CDAN1,5.7349563,-4.543308
TXLNA,8.875985,4.8457813
EBF3,-9.686754,0.6138459
CTSB,-5.0509953,-0.573218
CRYAB,7.6871457,6.563159
ARPC5,13.806909,8.716688
ADGRF5,-3.2390816,3.417343
RNF20,-8.409125,3.0650494
TOM1L2,6.0348487,12.107571
HAND1,-5.019516,-3.081957
NOL6,10.959383,7.984378
MRPL49,-8.40731,3.0816474
FOXL1,3.2191298,-0.9719826
PGM5,-0.046408236,0.02979323
EMX2OS,-9.322036,4.9547706
SLC7A3,13.709393,7.3118463
POLD3,-4.8346605,2.1117077
OGFR,8.348979,-5.5202155
SPIN1,3.5219033,5.58633
HDDC3,-14.654155,6.3985596
KIF27,-11.958237,-1.0097047
HNRNPAB,4.338148,9.822312
EBLN2,-7.156284,0.6267493
ZSCAN12,5.014821,-6.2983003
CD151,-1.892032,-3.5297556
DNAJC2,1.7382486,10.392742
ELF4,-2.169997,-12.015028
TSFM,1.8159492,9.387404
PDHB,7.363076,9.433389
KIF22,4.6390047,-3.6292462
SCN3B,-7.0171256,4.486643
IPO7,3.754997,-1.711045
KCNAB3,2.367661,14.743659
MEIS2,-0.08756206,4.8584986
TYRO3,-6.7056227,6.713495
ZBTB21,3.629954,10.802869
ZMYND19,13.811235,7.400112
DNAJC25,-9.922897,-4.666986
GABPA,4.31202,15.861812
ZNF14,1.5771843,-4.036187
PER2,-2.724265,-1.9832554
TMBIM1,-4.898201,1.9381603
ZNF335,-9.590503,13.636436
NPC1,7.673403,13.98722
NACC1,5.2106524,8.534363
AAR2,-7.1750093,2.1170053
MED4,0.78297687,14.254349
IL16,5.681093,0.6560918
WDR46,2.0395265,4.7231035
NTRK3,-8.983028,9.268482
RAB36,-9.855139,3.1091113
SLFN11,-0.3416952,6.626927
C6,-3.1172051,0.9181916
RBM28,11.073057,4.862166
PLCG1,9.324204,3.6281893
ABHD17B,2.3837578,3.6477895
SOCS3,0.9969914,12.201639
DYNC1LI2,0.9945209,5.054509
ZBTB17,-6.7505994,9.894201
DNAJB5,-12.106362,5.008592
PEX5,3.7948842,-2.4474757
MANBA,11.219031,8.2634325
EIF2S2,-7.136407,10.158676
ZBED3,10.1982,-2.6321864
GNB1,-5.7864842,0.20255703
KLHL33,2.2175708,8.401849
DDIT3,-4.7433715,9.254299
AGPAT5,12.346439,7.2909384
MAD2L1,-6.1947536,10.695313
C1QB,8.837299,-1.9843032
CDH24,2.64435,7.0494456
FMO9P,-3.9116454,2.5266173
DCUN1D3,11.058709,4.982694
ASTN2,9.123806,3.350386
HNRNPK,-0.20903717,12.174987
ZNF341,16.810246,4.4801416
TOMM7,-10.711635,2.2198129
AKIRIN2,4.643383,10.808234
IER2,-0.036197197,-2.6311789
SCAP,-2.1997964,-1.8873014
HAPLN3,10.960347,4.607106
SELENOF,3.8992567,-7.0247097
DCUN1D4,6.272125,6.67667
DCAF12,-6.7277074,15.442276
SCN7A,2.3208034,9.457629
FLOT2,-2.025269,-1.7561902
RAD51C,-0.4900757,5.39347
PM20D2,11.466659,0.240696
ADGRG2,2.1539075,-4.2610264
ADSSL1,5.1841497,-0.8259098
SPRYD4,0.9744425,7.4114323
OSR1,-2.5632567,-1.1387985
FBXO11,1.5694572,-1.7527812
UIMC1,11.548148,3.0863445
PDGFA,8.896223,4.8431816
SAT1,-10.156565,-4.371486
CACNA1D,9.305571,5.344118
MAP4K2,1.8210869,5.153785
CSNK1D,9.568809,5.772975
TMEM35B,1.5586494,16.063124
HSBP1L1,-6.6154275,-1.3673747
LONRF1,6.8462973,-3.3288612
PKM,-10.734568,11.057088
ERLIN1,3.9055154,-7.0043426
PUS7L,-13.84925,-1.265306
PKD1,0.9641407,0.21352002
POLR2C,-6.8413544,12.149331
NME5,9.854093,-1.0342627
GID8,6.3066893,5.298824
EVA1C,-10.926342,9.975654
PSME2,0.30189618,-1.8206357
HPCAL1,-10.677232,11.021183
MLXIPL,-2.3138561,-1.9111878
IER5L,-10.952025,0.8846917
SGK2,5.5017385,0.7654098
SCRN3,-11.898301,-1.1073588
ZNF25,-5.1952214,3.7631269
SH3YL1,10.588746,1.7605124
RPL38,-8.758672,-0.39733765
DDX49,2.2444963,9.169192
ADPGK,-0.49366227,-0.29176685
CDKN1C,-13.056516,10.972095
TXNDC12,2.1601918,-7.469274
CDCA4,-11.725072,8.909325
ZNF418,13.30954,4.231451
RPRD2,-0.12575178,5.930746
TPST1,-2.5737588,0.052838456
PPP1R3G,8.936814,10.332251
PAAF1,3.8856478,7.157876
ORMDL3,13.159191,-2.5442226
SLC35C1,6.144531,12.212897
NOL11,-0.9165014,14.1958885
AARS,-8.973396,9.25443
NCOA6,8.567631,-5.31334
EPS15L1,0.7981072,5.1701865
PRRT1,3.942353,6.2464237
VAV3,-1.0122206,1.9104944
CDS1,10.770595,0.059365634
SBF1,-5.1828814,-3.898384
RUNX1T1,-2.9981427,1.0308722
PLA2G5,-5.4677444,5.27131
DLAT,-8.006089,-8.430488
ADM5,-1.3033574,19.610687
PPP1R14A,-5.4735746,5.2780867
PATL2,11.735462,13.382784
SULT2A1,10.773477,1.1770192
MEOX2,8.886162,-5.2634397
CTNNBL1,-1.1349465,5.5907707
TRNT1,-1.7874389,15.076085
LYSMD2,5.806713,7.734572
WDR47,2.607895,-1.4827856
KPTN,8.277105,11.728823
XPO5,0.772543,11.303841
DIP2C,-0.17956193,0.27270523
ACY1,-0.32023346,-7.6643543
ACLY,-8.373994,-6.413704
ZNF574,6.3188877,0.32027942
PLXND1,5.6208425,14.96678
SF3B5,5.1449027,-6.1478333
RAB3IL1,-6.5418954,6.8355274
VSIG2,-1.6505837,9.366525
PPIL1,0.006182858,6.8319077
STOML1,7.27514,-6.332337
NOMO1,-6.115559,10.900034
CCSER1,6.351834,2.6764045
TMEM70,-2.9689984,2.021959
ME3,-1.0982685,4.342211
FHL2,-0.98062414,0.42036295
TSPAN13,-7.166413,2.110598
XKR8,-4.682232,10.939915
URM1,5.148209,-6.1434693
B9D2,2.1797037,4.6427813
TACC3,-8.007352,-6.3060737
BCAR1,-12.340076,7.470594
RNF145,6.3894224,13.18221
PODNL1,-6.851514,-1.3369119
RAB4A,-6.8052983,4.4099436
UBE2Z,5.5898685,11.479271
METTL5,2.9475043,-2.8138595
HEATR5B,10.713821,11.316184
SH3GLB1,-5.4690423,14.06623
LAMTOR4,5.2374163,12.278552
MST1R,-5.2838125,12.121495
ST6GAL2,-11.938606,-1.6970476
NES,5.267237,12.23121
ZG16B,8.452904,1.5839858
PAG1,-11.901805,-5.1697755
NEK1,2.025878,11.459993
YES1,-0.20239162,12.166984
MCM7,-3.740771,-2.9629145
TEPSIN,-4.2294703,5.4734864
ARHGAP11A,5.6421466,14.99144
S100A11,5.854151,-4.183728
UBAP1L,1.4663181,0.8451717
EIF2S3,-10.920666,9.9671545
ERCC6,-8.9236145,-2.3163896
CES1,-0.33368024,-1.7364806
PTPRJ,-3.4249396,12.693591
UBE2G1,-3.847596,-3.0587723
APMAP,-12.252728,4.8779488
ADCY5,-0.95434284,-1.4418352
EIF4A2,-11.938376,-1.6937573
KATNAL1,-5.239202,-3.4090822
ZNF763,13.837185,7.4238935
SPAG5,9.87592,14.5007
ISG20L2,2.2196405,8.406674
TCP11L2,-9.776578,7.3680673
ATP5F1,3.429364,0.8992841
CLINT1,4.8564363,18.764896
ZNF768,-3.37359,-0.6824597
ISCA2,-11.725566,8.909726
TRIQK,-0.0014743194,10.4193325
BLVRA,2.9513402,-2.8359516
PPAN,-12.348385,7.4753165
GTDC1,-4.81578,15.510429
TAF3,-7.998552,-10.676148
B4GALT5,-3.0778897,2.148091
TSPAN32,-12.872654,3.660979
NAALADL2,10.311792,4.9124446
GSTA4,2.1173406,10.983635
ADCY7,-0.15568759,-3.048659
PLCH2,9.708174,5.618041
GTF3C6,13.824441,7.415984
PKN3,-3.0540543,8.206484
POLR2M,-8.395281,-0.1961094
RIN3,6.601074,-1.2588104
DLEC1,14.734412,-1.081982
UNC45A,-8.412501,3.0865629
MALSU1,-7.7832413,6.500486
MRPL28,6.7845783,10.928663
MYO1F,3.859871,7.4181924
UVSSA,8.864808,10.274798
TMEM143,-6.7195387,15.468408
NEURL1,11.518878,6.8640018
BTBD10,1.9317614,12.882727
REPIN1,-5.6973906,0.7215434
ZC3H12C,-1.3106016,-9.893181
TIMM17B,6.7855806,10.921669
H2AFV,13.313299,-1.9340839
PCSK4,-9.213527,3.428751
SPPL2A,9.365466,13.532033
METTL2B,5.7353835,-4.438151
MTMR3,6.330329,5.3344994
AMIGO2,6.9067283,3.2680562
STX18,5.603112,11.456153
TMEM37,-7.8213034,6.4859414
MARCKS,6.8845787,3.235749
CNP,-0.94667053,-2.1731613
IL32,4.786256,6.325003
FAM20C,-2.0483584,-1.8056409
BZW2,16.277096,7.262748
MBL1P,-0.832819,5.513351
KCNK2,2.756006,-1.2204255
PPP1R11,14.054281,5.4106174
ARF1,11.486623,-1.7260745
GGT6,3.648474,5.06235
HSPB1,1.6533201,-8.831178
AKT1S1,2.7234833,-2.4279766
SAMD10,11.7626295,1.3497882
PEAK1,-6.797334,0.5580346
DCTD,-0.60129344,-1.8782121
MDH2,1.185499,-6.185087
TBC1D25,-0.8593547,-4.5747123
MAN1C1,2.1220942,-11.016154
AVEN,-4.94459,10.611302
SF3B3,5.3954134,-1.87881
ATP1A1,-0.66220295,15.004433
TESPA1,-6.8376007,12.145675
FRMD4B,1.6789509,2.513162
METTL25,-2.5435445,2.0134847
ARF5,-0.33242097,-2.534052
TFPI2,9.773035,8.296315
TSPAN7,-1.3034276,19.610846
TXNRD3,-2.2753098,19.378183
U2AF2,-1.3975787,7.400936
TPCN1,10.844038,10.606481
PLRG1,3.2194738,0.014194346
C1QTNF7,-7.7806306,6.4996805
SAFB2,5.029209,-0.028415943
MEA1,1.9351984,12.888264
NOC3L,-4.542723,-0.2637327
FADS2,-1.4757935,-8.3956785
NMUR1,-1.1418955,-5.8110614
EXTL2,1.703723,15.860631
CD3EAP,2.2707334,9.117758
LSAMP,5.732502,2.2980952
COX8A,-3.4838192,-9.611145
DHPS,1.3927529,-2.128591
ZNF681,-8.719631,3.2267394
TTC1,1.1552591,-6.15367
MIS12,-0.99333155,-1.2783607
YIPF2,-1.5522765,-10.074678
SMARCA1,1.9113067,5.264718
SEPSECS,-2.1852632,6.2728505
TEX264,-8.364443,-0.16750532
DUOX2,9.146074,5.3107347
MRPL15,3.0806549,14.311046
TLE3,16.276882,7.262716
NECTIN4,8.312607,4.803591
NPEPL1,-12.075834,5.0339828
CDKL1,4.6819263,-9.407077
KCTD5,11.443214,-1.6638979
ZBTB4,-3.1712978,6.52124
TMEM192,-8.054146,12.31071
TMEM54,5.015541,8.451087
S100A6,-1.1648341,8.74823
TDRP,1.2431996,14.140313
PRR22,-1.2750062,4.148899
EIF5B,-4.5019407,14.318478
SHC2,-5.9003367,17.467487
WDR81,-6.976357,-1.2467153
PICK1,-1.7108009,-6.401278
GCAT,-14.407309,1.8105373
SPOCK1,-10.904156,9.950199
ZNF254,-2.8864284,14.2871895
ESCO1,11.331871,-7.1827464
FEN1,1.1645803,-6.1617785
DIS3,-11.8737955,-1.1405321
GFPT2,-2.563565,2.0286489
MAPK1IP1L,-7.157522,-4.2554297
EPHB2,13.325605,-1.9078571
PLK2,6.880091,15.0625
ZBTB8A,-3.2315462,-7.1036325
NOD1,-3.5099754,2.3957691
UBA5,0.45857802,-1.7834435
SH3GL3,-2.275723,19.378483
TMEM255A,2.032722,4.704842
ACTR6,-5.1952786,2.658201
PART1,2.157663,-7.4656563
HSPE1,5.867995,11.933079
ZDHHC4,-9.111225,3.9546351
PYGO2,7.6588926,-1.3803433
PROS1,-2.5730188,0.050409004
KDM5B,8.262901,0.6224875
ATP7A,10.53984,9.198086
HDAC11,9.269034,-7.1743646
RNF38,4.4347844,0.90954065
AIF1L,-9.095858,4.0234265
NRG2,-0.24941811,2.8184633
KCNMB4,-8.3870325,-0.1898494
ANKRD27,9.018264,10.406788
NEK9,7.593147,12.459569
SLC12A8,-1.2775328,-9.863939
DCLK1,-2.1470678,-1.372369
MRTO4,1.976997,4.7520814
PYGM,3.691955,3.6223714
DNAJC8,-6.3196626,10.687816
MRPL35,1.2551309,-2.234668
FBXW4,-5.366899,3.8261783
SUN1,-12.063961,5.040112
VTI1B,-4.872088,10.6957445
ZNF383,-1.2353178,-9.831501
UBIAD1,-8.027609,6.2220497
PRKAA2,-7.12194,2.089131
XYLB,-5.9021053,17.464544
ZNF746,3.2194507,0.025141487
FCHSD2,-13.056612,10.972201
HDGF,13.750534,7.352452
HELZ,1.011514,7.574657
CDK11B,-5.1794257,-3.8906522
KLHDC9,-10.147902,-4.378117
VENTX,0.37995294,3.9580371
SV2A,2.3668687,14.750209
GRIK5,6.876558,15.045021
ZNF865,-4.1246486,16.043049
SF3B1,4.8388405,-1.5390437
LEPR,-1.1427875,5.593486
ANKRD18B,6.2437177,17.286541
ARHGEF9,-3.3939462,6.594051
USMG5,-3.4444544,-9.579572
MACROD1,5.6222854,14.967332
HMGB3,-1.2420968,9.498594
STX10,-10.803937,11.12314
UBE3D,3.418865,-11.865525
ANKRD34A,4.704854,-9.341626
POLRMT,-7.965951,3.441006
NF2,0.116410606,4.303656
NLE1,-0.74991596,14.706361
STRADB,9.02883,6.3006496
DHFR2,-2.284294,8.369951
DMKN,-5.3660674,-11.140246
PRKG1,3.1106536,3.501287
KDELR2,4.5392857,1.0211852
CARS,-5.795595,14.418281
COPG1,4.628897,1.243001
POLR3D,1.904262,4.7679243
TBX18,-2.138331,1.0433036
PSMA4,8.238876,11.700298
PRR5,10.04437,-1.2200034
CMC1,-3.7921844,5.512128
TGFB1I1,0.44213247,0.34348202
MRNIP,-2.519965,1.963926
NUDC,-14.670935,2.1114593
UNC5CL,0.63500184,-1.7662853
FSCN1,5.722786,-4.518804
RCBTB2,12.007955,1.7143817
DMPK,8.186683,7.207762
INTS3,13.240973,-1.5953645
IPO13,0.36949638,5.1727614
JAML,-1.9906282,17.008698
TMEM107,-0.20066959,-7.9458704
ANXA2,-0.5885452,-1.9280614
ZNF30,11.300978,-7.1451755
RNGTT,-7.991206,-6.2976775
GALNT3,10.736762,0.11463557
OSBPL11,-6.1729627,10.383953
ORAOV1,10.199727,5.7283483
BRD4,-11.754298,-1.2745153
AGRN,10.669404,0.906232
PRRX1,-3.5148149,2.3739107
KIAA0586,7.0654054,-5.577105
ZDHHC20,-2.2067463,-1.4192674
SLC4A2,0.6800328,5.100477
BRD9,-6.0232935,2.1485698
CNOT8,-0.3161175,18.449697
ITGA2,-2.2173681,0.7716973
MVB12A,14.034509,5.4174786
NCKIPSD,-5.865564,5.6408286
SERGEF,-3.6402788,-0.8680781
LGI1,-14.947099,2.3793423
CUEDC1,-5.0478425,-0.5692082
RHOBTB1,-4.464675,5.6153526
WFS1,0.31720033,-0.22546652
OSMR,-4.847837,2.3495338
ICOSLG,9.03885,6.286226
GALNT6,-1.1356041,17.168213
ZNF829,8.493443,1.558315
FAM69A,-2.3454313,0.0670432
FER1L4,3.5230758,5.524399
CCNF,-3.4276714,9.348358
NMB,2.0302432,4.7150207
TPM1,1.6124992,2.4771163
MPC1,13.304712,4.2313323
MTA1,-8.534738,3.206034
CLTC,-8.334905,-6.423341
PIGT,-2.0565994,8.122971
HSPD1,-4.8927283,-6.453082
NUDT14,-1.2185304,9.524464
ACSM3,2.8780012,-7.181145
DSC3,-0.9034357,5.5416436
SLC35G1,1.6689135,15.9189205
GZMA,3.7682776,-0.5905193
CEBPZ,14.160859,10.321041
ERG,0.38362992,-9.23508
NRG1,-1.7745361,9.73082
DCAF5,-6.037221,-8.532431
TOLLIP,-15.128302,4.5186424
XYLT2,11.39675,-7.2643147
WASHC5,0.5497233,-3.3729675
PPP2R5A,-0.28668827,5.672529
GFPT1,4.3500614,0.96006995
RTN4RL1,-0.27488062,5.3186765
CTSO,-7.3261228,10.176867
NOS1AP,6.8509436,-3.3335648
NSFL1C,6.9382243,11.2385435
SESN1,0.75126284,7.190402
PURB,10.690237,-0.13533211
CD68,-5.59638,-0.82495904
TBCD,-2.1137784,8.192749
TMEM252,9.174573,15.312451
IDH3A,9.745233,4.116339
FAM8A1,-1.4152442,0.674017
WNK2,-0.86707276,-12.362831
GCNT4,-1.046129,8.464515
SLC18B1,5.5924416,2.325846
AIG1,-4.30644,13.222651
PRIM1,-2.593223,3.0900195
SYDE2,4.359938,-4.3354316
WWC2,0.3248485,4.0217414
TRUB1,1.468589,6.2444596
TMEM200B,12.617007,7.501929
ZNF197,-10.703275,11.040249
PLEKHA6,-6.5224504,-4.803904
MSC,-2.0058157,-8.307711
SEL1L3,2.2935104,3.652054
TSHZ1,5.62023,2.3262916
PRRT2,-5.105564,-0.6888067
PKD1L2,10.04251,-1.2194296
OSBPL3,-1.026812,1.8694621
GAS2L3,3.3214474,2.0620909
RPL37,6.751865,4.1926847
TMEM168,-4.346898,11.058299
FBLN5,2.2935762,8.475431
ALDH18A1,4.6178627,1.2279434
SKOR1,6.2934175,-2.6745272
PCBD1,5.091527,8.417521
CTDSPL,10.514477,16.886387
CPEB4,-6.890089,-1.3037573
UBN2,5.7868266,7.752163
KPNA4,7.0142984,11.377298
FGF2,-4.694186,2.2482355
CNGA1,7.6078134,13.917332
BORCS5,-0.8264833,-2.552228
CNOT4,6.8519807,-3.3288484
OSBPL5,2.428458,3.664141
ABCF2,11.194291,5.351739
RECQL4,14.212968,5.2817893
RPUSD3,0.8694691,-3.4611032
NCEH1,-0.88638884,2.049961
SCAPER,5.6769304,-4.504258
CPSF1,-1.062467,10.900779
STON1,5.708493,-4.5264454
SNF8,-5.8152328,10.623323
ERH,-5.755332,13.178618
AKR1C2,10.762738,0.08324709
SH2B2,4.047395,9.490134
PRUNE1,8.742033,-9.839541
DGKZ,1.9959481,12.99271
WAS,3.89592,7.562483
CDH3,-12.129545,-4.8098936
SCARA3,6.3168993,5.3084173
HERPUD2,-2.3170528,5.1256723
XRCC6,-5.7848287,14.406809
ICA1,-7.9391875,8.421151
DOCK2,-1.0778548,17.21956
GPR160,-3.4385908,9.30201
NADK2,-0.68770814,-3.1679096
FGD6,-5.461731,8.551746
ZNF879,0.44575942,5.18149
BORCS7,4.311001,-4.4099283
SF3A3,-5.784276,14.406611
ZNF703,10.935082,4.5594864
KL,-3.1170695,-0.60099995
FUCA2,6.303366,0.24261193
TXNL4A,5.1165695,8.429317
ADAM17,-0.48645604,14.789893
RNF6,1.793841,10.4309435
ZSWIM8,13.4046,-2.273732
ZNF684,11.213161,4.6274962
MIGA2,11.044285,8.04536
HPGDS,-9.018639,11.532119
ABCA9,-10.597091,2.1771345
MTUS2,-7.977428,7.3633513
SCCPDH,-2.3094938,-0.044976246
RPL11,-8.813355,-0.45812532
ZFC3H1,9.712714,4.078795
ANXA10,-3.5273108,9.088784
NSUN3,8.780364,3.1157377
RAB37,5.709273,2.3160653
TSEN34,3.2446373,-0.29425183
PLEKHO1,-7.123594,2.089526
ZNF669,-2.9507294,-0.5552874
FERMT3,2.0113873,5.335067
RPSA,5.7406507,11.880006
PEX3,0.31984377,-3.2115939
SIM2,-1.0770801,10.884469
ATG7,3.3275073,2.065648
LRRC56,3.3259232,17.799902
MIER1,2.792791,-2.4049807
CYBA,-0.7799238,-3.5932221
IGHG4,8.840776,-1.9820176
ZBTB7C,6.1214113,2.1328309
AP2B1,-0.9657225,-2.1539543
SAMSN1,3.895612,7.570136
TMEM268,6.399519,5.38885
FCRLB,2.886397,-7.190588
GNB3,-1.3016073,10.660048
SOD3,14.745342,-1.0863857
DNMT3B,1.2451893,14.07981
MYO1B,4.74572,-9.236728
SPAG1,12.501219,1.8014071
METRNL,-12.275638,7.427202
DTX3L,-10.95147,0.88568753
DCN,2.9832351,14.399048
BTBD19,1.2820088,17.147863
RNF215,1.9290098,5.5408506
LRRK2,5.03928,-6.268917
DNALI1,-3.1254678,12.710935
FUS,10.308341,-6.668198
CACNB2,1.3616598,0.7226726
QTRT2,-2.7094712,8.472576
SLC44A5,1.2444791,14.070582
GPD1,3.5115335,-8.401306
DCTN6,-8.632337,7.5549498
COL12A1,13.260845,-2.2177038
IKZF3,-0.17201988,-2.2189388
TLR6,-12.155648,4.96554
APOPT1,-6.1329956,10.622664
C3AR1,-1.0751086,17.22189
YWHAE,5.7823305,11.891837
REV1,12.52506,11.374596
ALG8,4.486312,12.423673
R3HCC1L,10.006919,-3.7478824
ANO8,-3.369393,-2.1537516
NUDT16L1,-0.19023895,8.111402
NPL,-1.5500484,1.0731618
ZNF529,3.9066017,14.291928
CAMK2G,8.185089,7.210893
SDHAF3,12.523487,11.36935
CHRDL2,2.195568,2.503154
GGA2,-13.246862,9.233692
FAM46B,-2.1384,-8.382499
SPICE1,11.431402,9.7864275
SAR1A,-4.6523585,-0.32687566
POF1B,11.1155815,0.95998424
ZC3HAV1,-3.1431842,18.003212
DONSON,9.134708,3.3852148
PRSS27,8.522044,1.5405787
BTN3A3,-8.4534445,7.5126634
NUTM2D,-9.2618265,-2.6574593
B4GALNT3,-4.398295,4.4294033
SYNGR2,-14.654492,6.39876
SLC25A3,-8.628496,7.5555196
MTURN,-5.8752117,5.6540537
LGALS3BP,10.213913,4.96446
LAMTOR1,5.1653996,-6.1243157
SPAG7,5.2908983,12.194616
RAP2B,13.12228,-2.6660671
RSBN1L,5.794919,7.7352524
CRKL,-8.807835,-7.0799155
PIK3C2A,-1.2676618,-9.862388
ADAM12,-1.4540128,-8.427007
ZNF366,-3.1894362,3.3527892
LRCH2,-3.9391708,6.8032484
GPD1L,-7.5929017,13.569263
CLEC4E,7.4610257,-8.573333
SETD1A,4.435027,15.966534
CDC42BPA,-0.56199944,-0.3135009
KIF5B,-0.0015946913,10.418915
DDA1,-14.38487,1.784222
EXOG,-6.7005963,15.508674
CCT7,-6.1542516,10.637402
CACNA1H,0.21034385,-0.09554972
PCNX4,-8.009054,3.4142945
NDUFS5,-3.447137,-9.579759
CNN3,0.5410323,9.06894
LAPTM4B,0.007767408,6.7252345
DEDD2,-10.327515,-3.1191351
ZNF318,3.2244031,11.867574
PPA1,-8.890538,-7.0102763
PFKM,-0.9407081,4.5205803
PLIN2,7.5718555,3.1578653
PLA2G2A,8.15947,0.6889448
NKAP,-3.9167216,11.164806
MEGF6,11.377992,5.6759205
ATP13A3,1.7558957,10.455599
RPRD1B,-0.19456856,8.70304
EPHB6,-3.5469015,2.2833388
DNAJC21,7.4387455,11.038749
TPRA1,-3.2161212,15.158892
WDR7,-2.3869686,12.616571
SIDT1,9.167755,5.286505
TRIM8,-10.96514,0.89320284
CHURC1,-5.0051146,-3.0723917
INPP5B,-0.44733658,-1.8679603
SCUBE2,-4.6820397,10.933581
CYLD,10.627083,9.334272
DNAJA4,-2.266407,-0.5206163
LARP4B,-9.120578,4.65237
ARHGEF18,-0.18702067,8.703207
TOP2A,3.9894066,-7.1548066
F8,12.546796,12.88063
MRPL19,5.515111,7.9260707
VRK3,-6.7588778,9.886286
PRKAR2B,5.7667522,2.3083575
MBP,11.730155,13.386693
FXYD2,10.173465,-1.3737427
RPL30,-8.832994,-0.47069135
PDE5A,2.0597064,-10.835154
RBM5,-7.7040253,-2.3890457
RAB14,0.2200596,1.3591923
ZNF37A,-15.128502,4.518778
GUK1,11.31455,8.459643
STK36,8.34437,-5.5541687
ZNF816,-4.5452733,4.566414
PAFAH1B2,9.064213,13.670013
FBXO4,8.572302,-5.1539607
STPG1,8.578881,-5.1181936
LPIN3,3.2079916,11.840131
RCOR3,0.25624183,6.7429624
CD248,-7.9037437,13.816413
CENPP,6.3064313,1.9327523
FAM210A,-6.7899747,9.952874
MTHFD1L,5.1674843,6.3813915
BRMS1,8.636739,8.656804
NECAB1,1.4517792,0.50133526
PRKAG2,-8.834607,2.827841
TRAPPC1,-1.1767524,7.5270276
JMJD4,5.464219,6.1007233
ACO1,13.341503,-2.2841277
MANF,3.0299468,8.451073
UBE2B,3.2457242,6.076761
AASS,5.7753634,7.755941
ARFGEF1,6.390812,13.182067
INO80B,-8.610254,7.530254
HERC5,3.8485227,3.6831212
PIK3R1,11.494886,-1.7391368
KPNA2,9.10402,-8.554093
PPP1CA,-0.40169275,-1.8710643
SLC16A14,-10.048964,2.9696152
FBXO21,0.4967871,6.9472637
TYW3,11.525725,3.0441186
SLC9A2,10.5500345,1.1367965
RHBDL1,1.9346774,5.487448
KIAA0319L,-5.5518856,12.405497
SECTM1,10.869119,7.921108
ZNF473,9.832625,-2.295695
AP3M1,9.104759,-8.554975
ASF1B,-5.5161147,10.583735
PNO1,-6.6751957,8.939225
SHMT2,-8.897023,-6.987657
RSAD2,-7.997291,-8.430665
AGBL2,0.5648554,8.206778
ITPRIPL1,-0.6111796,-2.2781355
LARGE1,8.189815,7.207801
MAP3K20,0.21867932,1.3596307
HNRNPM,-0.864387,14.068586
MIIP,3.8047686,-2.451207
APOL6,10.851261,7.9324274
CCDC107,0.16544855,0.7824407
SUPT4H1,3.294903,14.21713
BRMS1L,5.3722386,3.9183474
PHC2,12.009231,1.709213
HDHD5,-3.981051,-4.9993525
SH3D19,2.9495718,3.0433772
MAPK14,11.689899,1.4018792
RAB38,-0.50064164,-7.406463
ZYX,2.53809,7.162769
TMEM208,5.1333866,6.746496
SERPINI1,-1.017956,-2.4684725
ZCCHC10,2.7077687,8.270377
MRPL42,-1.3418136,0.8380262
FAM134A,-0.18877879,8.669804
GAPDH,-5.786802,0.19575974
RNF167,-4.1238647,8.26302
POLR3A,8.907175,-5.2692175
TRMT2A,8.340265,-5.523022
TINF2,1.234189,14.224224
LPAR2,-2.2666914,-0.5521678
SLC30A8,-3.1506934,0.8789669
CHD9,10.593922,9.283292
ZDHHC18,5.9923906,-5.5567923
CDRT4,1.300326,14.270528
TUBB6,-9.947779,-2.6695397
NME6,10.514537,9.1918335
IFIT3,-4.079566,11.161222
PCNX2,12.557311,2.688423
CYP1A1,-5.167241,-1.2194611
LIPF,-3.8701487,-3.0911517
CCSER2,4.7953653,6.3633733
PLA2G4B,10.1880665,5.62536
MYH14,11.119919,0.95857996
XPC,5.8647,-3.9606206
BSCL2,-1.3816255,-9.94574
PDE6D,3.216254,-0.0030756025
PIK3R5,3.835576,7.2876105
FAM127C,-1.1481913,-5.811815
MYB,2.4857614,7.2091217
PEX16,2.734673,-1.2103361
PLXDC1,-4.8198566,15.497975
COPRS,-6.0071325,5.797391
LSR,7.2850447,9.705372
LMO3,0.73588204,0.16986491
DUS2,-0.839506,4.6435313
CUL3,4.4012656,15.945085
LRRC75A,-3.2681856,3.4532375
CDKN2AIP,-4.312081,13.225737
RTF1,-0.8740442,0.7048571
ECM2,-4.836901,-6.410659
ANGPTL7,-4.744885,9.258706
RNF39,7.1920023,8.031048
TRMU,-7.9454665,6.317156
IDH1,11.391168,0.30167118
FIG4,9.264921,-7.168211
RPRM,2.604016,6.0882053
PDCL3,7.608393,-1.4299625
FAM111A,3.415566,-1.716229
FAM110B,-9.335001,-0.652282
TCF7L2,6.548463,-4.7651134
RAI14,13.728485,7.3292413
ZNF440,-5.436765,-11.212404
ITGB8,-6.703388,15.494784
ECHDC2,0.805286,11.314446
CASC2,16.276981,7.262763
ULK3,9.327836,2.244989
ILDR1,9.136145,5.2881494
SLC41A1,13.086832,-2.7803462
FAM136A,-14.310764,1.7105615
PAPPA,14.880464,-2.0816424
PALB2,-8.4273,-7.044729
FXR2,2.5909557,-1.4976494
FNDC5,-3.1326606,8.321433
FAM175A,-9.77601,7.3668766
PBLD,7.5222616,3.6843295
CACNB4,-2.5930398,-1.9463135
ZNF92,-0.5239146,-0.3148898
SDHAF4,-8.812186,15.774448
RTFDC1,-3.8605764,8.43875
MRVI1,-1.1470867,-5.810362
ALOX5,-3.4057,9.35666
CTRL,6.740693,0.5599101
CCDC18,-3.2521596,3.4241512
DMTN,-10.869818,11.193103
KITLG,-10.692603,2.2107103
RBM39,11.302777,-7.147093
EXT1,0.31884593,-1.1550792
PRPF4,10.064739,-1.2369403
MYCT1,-0.5559072,2.8722734
HIBADH,10.514367,16.886345
SLC25A17,5.4455633,6.1198897
DHX36,-3.3409452,-7.2207594
YWHAH,-9.946234,-2.6685224
SLC7A8,0.67728156,7.1224933
MCRS1,5.1854215,12.353982
GRAMD1A,-4.7192025,2.2170188
PTPRD,3.4449487,-1.661823
SYF2,-3.8544872,-3.0680406
TMEM200A,7.6447296,-1.4033108
ZNF250,1.0809351,5.0009184
HNRNPLL,-0.7838607,-3.8833063
BZW1,0.7840435,11.823233
PLEKHA2,7.4335265,3.3258307
PLAU,0.31973523,-1.8179044
SDHD,-2.3010309,19.389553
ZRANB1,5.5663624,5.9873767
USF3,-4.5147276,-0.24541163
MYO5C,10.837607,5.1208944
TCOF1,0.99889606,5.356174
CHCHD6,0.7688312,-2.3977647
WIPI1,13.013366,-3.0033572
MPST,-9.456209,3.3364098
RAP1A,9.133806,3.4100423
SLC4A7,5.9602633,-6.049972
SQRDL,1.0926101,14.265997
DPT,-7.990013,-8.421072
KIAA0922,-12.126095,11.6024475
MXD3,-8.857419,2.7837772
ETV4,13.267289,-1.627839
SETD5,5.6090593,5.948827
EPC1,-5.8829784,14.505764
ATP8B1,-0.5058273,-6.278543
TBC1D17,4.626577,0.40454844
TLL1,0.41576275,-9.184144
GART,-6.813671,8.851412
ZFYVE27,3.776162,5.9577847
DYNC1I2,-8.410126,3.0705016
EIF2AK3,-3.1221638,12.71066
KIAA1755,4.053109,10.027844
ACOXL,3.6950047,5.025272
SNX20,-0.11706586,-3.15131
PPARD,5.189207,-0.8491456
SLC25A4,-5.100057,-3.7711105
PPP1R37,7.096073,-5.6192746
CKMT1B,11.611469,1.5055509
KBTBD8,-0.9512191,11.080152
ZCWPW1,-7.7268586,13.672007
UCHL5,11.254622,5.315617
ZBTB18,9.387024,13.5237465
SFT2D2,-3.899953,11.164345
SRRM3,-10.601348,2.1799288
PPM1M,-9.67819,0.60703707
TCEAL9,9.286398,13.5630665
MFSD4B,-0.67879397,2.9577665
NDUFS8,0.8942392,-2.3700213
SEMA4D,-5.6772385,11.642484
ZNF430,2.101942,3.5317068
ZBTB25,-0.37299457,-2.5206776
LRP5L,-9.01791,11.5318775
ABHD12,-8.25999,-0.08036331
COASY,5.495377,11.865179
GXYLT2,-2.147613,-1.314023
NECAB3,10.899908,7.931097
PRR3,4.7994094,6.4054837
MED16,4.622618,-3.9603195
ALOX5AP,3.945384,7.6376634
SGCG,-9.691991,0.61816573
PCOLCE2,0.31228885,0.49242285
MTHFSD,7.4633965,-8.575687
ZNF200,-3.187818,18.045637
ZNF775,-2.0231714,16.96544
SLC2A4,11.484784,6.8344536
ESYT1,4.7897396,3.4640367
CCT4,-7.5071197,10.195139
ZNF738,-0.9514661,-1.443907
SRSF9,5.5538216,11.666858
MED26,-7.008609,-4.362122
SLC44A4,10.802263,0.0259666
NME4,1.6295797,2.4496512
HNRNPA2B1,-8.866128,-7.0843143
CAMKK1,6.913758,-1.641062
PLAUR,-1.1559001,14.550208
POFUT1,3.1700246,-1.2661803
ZC3H12B,0.78438556,11.31266
TM4SF1,3.6959853,5.934252
WSCD1,3.317901,5.8507385
RAB35,10.159986,5.666724
FAM178B,-6.750157,15.438716
PRRC2C,6.797969,4.3649454
PRR26,-1.8492429,1.4724052
BTNL9,-10.932693,5.207104
ACAT1,-0.6498803,-3.223157
SNHG8,-12.346411,7.472582
LY9,3.3188899,-0.5886904
ANKRD20A5P,3.715683,5.0138817
STARD10,-2.6077104,-1.1920651
CISD2,5.3083115,8.186197
MSANTD4,-6.406289,6.742064
CYB5R4,5.18941,10.632591
PAN3,10.164672,-6.78713
ZNF675,10.772014,0.0071946466
DCBLD2,-2.2790217,19.38036
TEF,1.8463517,5.1436443
DNMBP,-5.1453223,12.003812
PCAT6,-6.8833265,-1.326065
MROH7,6.144876,12.212718
MZB1,8.8868065,-2.0280533
EIF4A1,-0.91070426,14.196944
TENM1,2.1229694,10.990788
PDCD10,-5.8916507,13.090023
SLC25A23,3.7512677,3.6403546
QPCTL,-2.1317503,-1.4792632
SLC38A1,6.800988,4.332843
PKIG,4.788324,3.4638386
TATDN1,-9.708352,6.1418366
NTF3,-0.51525223,-6.276676
KSR2,1.058626,14.261345
GLIPR1L2,9.85106,-1.0315094
PUDP,1.4387668,0.8280413
ACSL1,7.50056,6.3932266
HNRNPUL2,-8.561417,3.2415617
SLC13A3,-3.365638,-2.1428466
NRDC,-14.79097,2.2350636
SLC52A1,-5.2702804,12.12258
SMIM3,8.767572,10.195834
DDAH2,3.9818046,7.681351
S100B,11.88783,3.279839
SLC35F6,-2.9948323,2.0533435
GTF2E1,6.5835648,7.571564
SNX27,3.865657,-6.966615
WFDC10B,6.9079304,3.2720962
STAT5B,16.888838,4.557105
SH3BP5L,-6.7669897,9.88774
FBXO28,11.419904,-7.291008
SERPINE2,5.931357,-5.974813
TMEM258,3.3124561,1.0050989
ASCC1,11.027469,8.018458
BTN3A1,-9.018315,11.532225
MS4A1,3.2302606,-0.43995494
PSAP,3.442356,-1.6605332
OPLAH,6.608981,-1.2626307
COX11,0.1948385,-1.0884507
UBALD2,6.184444,-2.1600354
ZNF839,5.7078595,0.6402733
HYAL2,-0.71331936,14.682104
TRIB1,-9.257606,4.879509
ABCA5,10.175673,-6.776766
AADAT,4.659864,-3.6566358
WDR43,-0.9144428,14.135851
LIPG,-7.6585555,13.619017
MTG1,-0.1977008,0.29366732
ZNF326,6.799098,4.283591
FN3KRP,-0.9447528,-2.1628854
SH3RF2,-4.2776113,11.078434
B3GNT5,3.838091,-6.9332027
BRK1,-4.164521,8.279614
DHCR24,6.2660565,6.66583
FAHD2B,-9.166621,-2.56544
HSPA6,-5.475545,3.6756616
FLOT1,11.3112135,5.778075
RPL15,7.0490127,3.844888
ANKRD10,16.976213,4.643407
SHARPIN,2.9532783,-2.8377657
IER5,-2.1604621,-12.00987
ZWILCH,-3.2645671,3.455603
HECTD4,8.6905775,10.120526
TWF1,13.806659,7.402154
MMRN2,-0.85855556,14.057135
PEX10,13.01874,-2.9970338
HIF3A,0.30760938,6.7079287
FLI1,-1.3865805,-1.8168675
CAPNS1,5.1920114,12.3478365
PCDHB14,5.3527637,12.097028
CALB2,-8.437079,-0.22834991
TALDO1,0.9915049,5.3269506
GPANK1,-7.5638084,10.169395
GGH,-4.1611032,5.4545074
SNRPC,3.1126351,14.308806
SCLY,1.0437862,5.411555
PLCH1,6.2403283,17.285522
CD8B,3.2310886,-0.12419689
CCDC144A,9.921195,-1.1009953
SEC61G,-5.738926,13.178484
BLCAP,13.008203,-3.0202014
DYNC1I1,-0.24891175,0.6012761
TUBG2,-5.074197,2.5515976
LY6E,0.28761455,-1.1477202
TES,-0.12253788,-3.0877223
MRPL36,-6.1828456,10.398671
COL25A1,-2.1877422,8.270069
RRP7A,6.609865,-1.2604449
MAGT1,-0.48800185,-0.2916953
HSF4,-7.164975,12.687947
AIFM1,7.6447973,-1.3919371
EFHC2,-2.2789369,19.379995
H2AFJ,8.571903,-5.1497946
NHLRC2,-3.1425846,18.005196
TBXAS1,3.9499104,7.6426406
UQCC1,0.835195,-2.3842294
ZFYVE26,6.79704,4.273964
TTC9,-0.4922459,-7.412385
KIFC2,-3.8953822,2.5333784
SYT7,9.195388,15.335005
SDSL,4.989365,8.449069
ETAA1,6.9091763,3.2721126
ATPAF2,1.463744,0.8488009
HELQ,5.188763,12.352911
ITPR1,-1.5025723,1.0326612
UBAC1,-6.7353177,4.3765635
GLTSCR1L,-4.6786356,-0.33849582
SPN,3.2571297,-0.5097688
SLC25A13,6.8402724,-7.839575
ATP5A1,7.639235,-1.3954238
HOXA13,-2.5607352,2.0394485
TMX4,-1.2760034,7.46949
RSPO1,5.4610553,0.7971946
CCL19,6.9064803,-1.6409165
POLD2,-3.5232236,-2.175658
RNF19B,10.9335165,10.643303
CNTNAP3B,-8.860626,2.792248
PPIP5K2,-1.4922469,-3.3047915
SLC19A1,-10.786291,11.106472
GLMP,-11.915298,-1.0908501
CIDEC,3.5126226,-8.400073
DDX23,2.2011554,8.3931
SLC9A1,-1.8317438,9.422634
ALDH1L1,5.1466136,6.3914623
INPP5E,8.841942,-1.9911759
TMEM30B,-12.06825,-4.907647
HOXB13,0.8804867,14.356219
CSTF3,2.0322418,4.707939
WWOX,-5.4833837,-0.839104
CCDC167,6.378157,-2.708784
BCL2L2,1.0043484,5.0467076
CAPZB,-3.815058,8.546289
SEC22B,-6.4913654,6.800818
ZNF532,5.5596547,2.335759
UBN1,0.96828806,5.0637894
IFNGR2,-5.182379,-0.7696573
SMS,-5.7788095,0.19000214
CRISPLD1,3.8800082,9.420896
FANCG,-4.722491,-6.458081
KCTD11,-5.445947,14.051632
SDC3,-5.8548527,8.834446
EVI2B,-2.0226655,16.95795
INSIG1,0.3270931,4.0135694
AEN,10.533276,9.180725
FAM110C,8.304814,4.7966266
GRHPR,7.658109,-1.3800868
IFI27,-5.136724,-1.2816947
ENAH,4.8631883,18.771673
GYS1,-2.1053314,-1.2887698
HSD17B4,3.3305178,17.810747
ZNF350,-5.8996882,17.470133
GABARAPL2,-1.1320926,7.5706735
EZH1,9.2423935,15.3595915
ZNF527,-10.9191265,5.225784
RBFOX2,-9.204868,-2.6022415
HIC2,-7.20384,-4.2246666
RELT,8.185658,7.2081842
ZNF721,0.5879164,-3.3665555
ITGA3,-3.5356815,9.0754595
TMEM59,-7.2359824,-9.545933
UBE2W,9.620037,8.442752
EML3,-1.390579,-1.8066387
GTF2A1L,-1.4543538,0.48251268
GPR176,4.8243866,6.4666038
HOOK2,12.443872,1.7886413
HOXA9,6.3756247,13.1403885
DHDDS,6.2929325,1.945986
ZNF789,-1.1701589,4.2637477
AKIRIN1,-0.13169466,-7.8327813
RNF149,-2.6657815,12.74795
POLR2H,-5.65408,-0.8255265
PDF,5.90044,-5.884048
FEZ2,1.5020733,0.81720597
CDC23,2.8892198,-2.454184
PRR15L,8.137948,1.8336918
EPN3,3.411774,4.932851
MRM1,2.2092285,4.6120625
LRRC28,4.7768335,5.6930075
MTA2,2.4795082,8.504475
STK4,0.40831745,0.76940566
PPP2R3C,6.2880797,1.9494301
RINT1,-1.3032984,19.610296
ZXDC,10.144296,-6.804869
SCAND2P,-9.600546,3.24852
APEH,1.5167288,-4.033547
ZNF321P,10.7465725,0.12138316
HDAC7,-3.8948169,2.5322907
DNM1L,16.975569,4.6417823
AGPAT2,-4.6214685,2.1679928
CMTM4,6.8004026,4.3227296
RPL27,-8.717541,-0.37728554
TNFSF13B,4.172034,1.1463429
HHAT,6.653277,2.985556
HIF1A,-3.1031215,12.711139
SRM,5.354166,-5.805345
PREX2,-9.058273,3.4016297
ARNTL2,0.6377647,7.0844
ZNF594,13.259348,-2.2173064
TBCEL,6.21298,5.1410413
ENDOD1,-2.140059,-1.2975665
SLC2A3,10.924418,10.639918
DNAH1,-1.7969744,-3.4864678
PHF21A,13.061455,-2.864412
MTMR9LP,4.1736693,1.1518468
UPK3A,0.27899596,3.0456192
ITGA9,11.418263,-7.289061
ZBTB47,-9.091555,4.117353
TTC6,8.634387,5.2662835
IGFLR1,4.6645937,-3.8817024
OBSCN,1.282231,14.273687
SRA1,-2.5147388,2.0604334
TEX9,1.8432178,-0.45507917
POR,3.900588,-6.9915466
ALDH1A3,-10.385683,7.502297
PPM1G,2.984271,14.396922
NFIX,1.780211,10.505303
PCDHB7,-4.8477983,15.466422
GPN1,5.55452,11.671065
GJC1,-3.913964,6.7854414
ARL5B,-0.74555427,4.7718062
IGHA1,8.869876,-2.0096273
MCU,-6.726592,0.513707
FAM46A,4.832382,18.7418
PCDHGB6,6.356851,5.360974
MARCH2,0.2845833,-0.1872407
TSTD1,-7.147929,0.64082617
IGF2,8.455233,-5.440157
CD7,-0.17847411,-7.898012
NARS,-5.4817057,14.077255
MRPL46,-5.7029057,0.71505016
RNASEK,1.9293141,12.877855
DENND4B,-8.381366,-6.395011
SNX19,7.0814624,9.874126
GLRB,-9.268206,4.888177
MINDY2,5.375145,-1.8681295
IFFO1,-8.523098,-6.993603
TSG101,3.016493,14.347754
NBPF20,-5.0978427,-6.674284
CXCL14,-10.612136,2.1715648
ORC2,9.333908,2.2679663
GPATCH2L,-1.3608412,1.6456889
GNAO1,3.1083658,3.5032535
RNF208,-3.2418785,3.4408562
VIPAS39,-9.0917015,4.2352242
ACTR1A,-0.31037655,-7.680703
MYLK4,2.44085,-8.502105
LZTR1,12.523068,11.371118
ZC3H4,-3.5490975,-2.1810436
CD300A,-9.19214,-2.5903056
TARSL2,-2.03044,-8.314559
NORAD,10.270323,4.926698
SORCS2,3.618588,-3.3090334
ZNF449,3.9842324,7.6855702
SEMA4A,-11.052751,-5.2980247
MDFIC,-0.82386714,14.004857
PSRC1,13.258462,-1.6061743
NCF4,3.098912,3.5319736
AOC3,3.325471,17.797522
KMT2B,6.241619,17.292778
RUFY1,0.63718253,5.0900226
TESK2,7.274941,-6.334174
ZWINT,6.121263,-2.34707
FXYD6,3.0618467,3.4215627
ALYREF,4.762598,6.56287
ITGA10,-11.933155,-1.6843379
KAT8,-11.977298,-0.9572747
SLAMF6,-0.2660326,-2.2755578
FAM174A,11.914355,3.3057673
RIPK1,-0.63848424,2.930765
GATA2,10.094478,1.8260459
ITGA5,0.052299406,0.8719615
ESF1,2.7114635,8.19068
ABCC5,16.886868,4.555046
DDX41,-0.35592568,-1.7784299
ARL1,-1.5608207,-10.083485
SOHLH2,-10.150259,-4.378143
SLC46A1,6.2498717,17.28286
GJB6,-1.8211392,13.091574
PSMC1,-6.1371536,10.580231
RSL24D1,-9.711666,6.1451445
L3HYPDH,5.587069,2.3290918
CYB5R3,-1.1500254,-5.8113704
ILVBL,-2.724061,3.1386626
MYSM1,4.5955753,1.210318
ITK,-0.2267324,-2.2635705
TDRD9,11.172995,0.22121194
ANP32B,4.635927,10.812499
LIN7C,-4.4189973,-0.1978415
SARDH,3.7602572,-1.7106305
KIFC3,5.07735,-6.2259483
IL7R,-0.32188597,-2.2664275
STAM,3.781884,12.958944
DOT1L,13.814469,8.710043
RPL7A,6.840239,4.0620923
HIST1H2BG,1.3678528,0.8155272
MCCC1,-10.953439,0.8845609
PTGFRN,-1.1433115,-5.807803
ZNF638,-14.654426,6.3986206
SIN3B,2.034159,0.5376846
DUOX1,8.940386,5.175063
FECH,0.46438274,-10.35671
USP9Y,-2.6050806,-1.9609587
IGKJ2,8.923173,-2.0611207
SGCB,-0.5674163,4.8595724
ERBB3,-10.140887,9.120399
CNOT1,1.5622422,-1.7352843
TMEM62,-6.055113,2.1749127
FAM89B,2.9503083,-2.8424993
DRD1,2.668056,-2.4093766
TAF2,6.968435,-1.7466134
STRN3,11.401209,0.29102173
SRSF3,4.687367,-9.404427
GABARAP,-4.071534,8.673533
LZTS2,0.30456585,-0.23499742
HNRNPH2,-4.9759464,2.5005429
UGT1A8,-0.8669177,-4.5496454
FAM214A,0.5084298,6.9648232
PAIP2B,4.9874024,0.03203003
FGGY,7.085422,9.868035
PRELID3B,-5.485624,8.573437
LMNB1,-1.2330927,14.537903
TAF1,9.036749,6.291
SF3B4,-5.8044114,0.27758634
UBQLN4,-6.3300385,10.6872635
LRRC25,-5.014079,-0.46398097
POMGNT2,2.9503858,3.6827028
FAAH,-7.9575944,7.350814
VWCE,3.3259861,2.065165
RAB27B,-8.060744,7.3575993
BANP,14.734742,-1.081986
PCDHGA6,-2.1711435,-12.015434
VMAC,1.9968024,11.447513
TMEM141,-6.576137,-1.3708029
HOXA10,-1.2536397,-1.9489918
PTGS1,2.8904665,3.0727663
C2,-14.306967,1.7064104
ACVR2B,1.3230771,14.347854
SIX4,0.023385346,-3.2051601
HOXB4,12.50765,7.4110994
NEK8,9.105787,3.4210966
PON2,0.022663683,-3.9901373
RIN1,12.361405,7.306558
CA13,6.2912116,6.678947
TGFBI,5.8392816,-4.2065787
THG1L,4.522936,16.09398
OLFML2A,-7.2362113,-9.545995
TRIM41,3.3294053,14.161239
GM2A,0.033060446,10.383411
MACC1,6.2322097,17.294783
TRIM22,9.995534,-3.7449954
TMPRSS4,6.227022,17.29657
SLF1,3.594476,-3.3414438
AGPAT3,-10.809788,11.129648
APBA1,7.526473,3.222307
WFDC1,-11.776948,-1.3763062
TMEM161B,-1.5401025,-3.5987995
FAM83F,7.984769,0.8189909
ZNF271P,7.5486693,8.437343
MAGEH1,1.2820568,17.14825
DTX3,-7.509098,13.51665
FZD2,-1.303768,19.610933
DDX1,0.65429676,5.1723633
GTF2H1,5.6003017,11.48495
MTO1,-2.416732,12.640063
PEG10,0.76821506,11.294495
ZFAND5,-1.5418082,-8.257952
CCDC69,0.90609014,0.17208578
MAP4K4,-1.2365782,14.530862
ADRB2,1.2818273,-2.2205298
WASF3,2.2883573,9.33888
PPP1R12C,-7.2938223,2.0286026
GNAI3,-2.3872647,5.1705885
CLCN2,-6.4292555,7.1812425
TUBG1,-10.388776,-7.6091576
PLVAP,-0.7050202,14.684673
CLPTM1,9.8374405,12.5612335
APOBEC3C,10.9558935,4.6587462
UGT1A1,6.2058306,17.320448
DVL1,1.9377962,-0.3898977
PIK3R2,-3.6166892,-8.231604
STK17B,-1.07418,17.222021
ZNF268,13.308477,4.231858
TBX5,-6.9610567,8.6946535
RC3H1,-3.3941739,-7.2999563
SUSD6,-3.4284163,2.99411
FAM135A,-2.1509354,-12.004163
PTPN11,3.7883654,12.953524
SMIM12,6.931448,-4.763406
EIF4E3,0.76833254,11.801192
TGIF1,-3.444894,6.609182
NKTR,7.530477,8.420391
TIFA,5.2818217,-2.0044122
SEC62,8.5069065,-5.3885975
ZMAT3,-9.712652,6.1461167
CISD1,-4.597425,10.969968
ZNF579,3.8132772,-2.4801557
COMP,3.2582207,-0.40285668
FZD5,6.132015,4.9671574
CMTM7,-1.5390488,1.4770774
LNX1,8.359515,-0.41814598
MIEN1,5.291211,8.632473
XPO1,-0.9602297,11.065942
PRX,-1.4158963,0.5249396
TRMT44,6.3056173,0.31058192
DNASE1L3,-6.7365217,15.441062
OR7E14P,-1.2200204,9.524441
DHX34,2.4732444,8.498813
CYB561D1,-7.9786377,8.382985
SSH3,-4.9142437,2.440654
HARS2,0.102727085,-2.4771767
FAM105A,-0.13636532,-7.8528337
DUX4L50,-1.4352126,-9.989524
ZDHHC16,-8.026749,-6.312335
SRRM1,5.664516,-4.506647
ARHGDIB,9.077053,13.660353
CPT1C,-1.0629772,-1.3340782
TMEM38A,-6.7469497,4.3808627
EVI5L,-5.4083266,3.7874634
CKS1B,4.2705026,4.457637
LBR,-1.4344213,-9.988122
FAM173B,8.520276,-5.391175
TBC1D31,7.0417027,3.8369622
FXYD3,10.949592,1.7539481
GPR137B,9.058253,6.2559533
WNT10A,10.08867,5.4532776
QKI,6.981322,-1.7784572
ABHD8,-0.6299644,-3.393869
YPEL1,6.2317843,6.6704307
SHC3,-4.9536357,1.8198162
RPL17,-8.719201,-0.37517112
FBXL17,1.7706983,10.53046
LINS1,-7.002041,4.4808884
APOL4,-2.8761027,14.274871
IRX3,-3.9085405,6.779752
VPS13A,5.2662706,-0.90723693
STK19,5.7170253,0.62474996
ARHGDIA,-4.925796,-0.01863795
WASH3P,-7.564879,4.7385855
TEAD4,-0.8738105,-12.353998
ZNF26,4.647822,-9.474251
TTC28,-8.93276,-2.3264825
INMT,7.685204,14.001736
TUBA1C,5.663974,7.847167
TRPM6,-1.097999,4.3434196
ZDHHC1,-2.0168655,12.331547
SNCG,2.1782815,12.768169
COG6,-9.312677,-0.55769527
FAM177A1,-3.1989849,18.059122
MST1L,10.849655,5.1353397
LAMB2,7.503589,3.6871126
HYAL1,-2.6419659,3.1258535
COPZ1,6.381345,-2.717185
PRDM2,4.842319,-1.5312756
DNER,-7.017798,0.6276599
CDC5L,7.678696,13.994065
TMEM184A,0.3335257,3.0756278
GAK,6.2496223,17.283188
CKMT2,11.58723,6.926981
NGEF,-2.1860833,12.468189
PSEN1,4.923057,18.833294
SLC25A1,-3.7394526,-2.959314
CWH43,-8.256321,-0.075952716
YEATS4,-3.1632607,0.8692838
KCCAT333,-1.8211148,13.09232
SPATA5L1,-4.9801903,1.772989
TRIM17,-1.3046039,19.612371
DCHS1,0.9464254,0.2062267
CRK,1.0151665,5.032706
ERLEC1,-7.958217,3.443614
STRBP,3.3326337,17.813662
FEM1A,8.622065,-3.0263383
ERCC3,1.9171859,0.39710605
GCH1,-0.5851528,-0.34296775
HSPA1L,-0.8435559,5.5174775
SLC27A6,-0.14331092,-2.2203166
EBF4,-2.98134,3.2482579
UHRF1BP1L,-5.361304,-11.13498
MYL9,0.39201102,0.43161154
TMEM18,4.922634,18.832916
ATF4,6.93973,11.242349
CAMK4,5.9045897,2.3387203
ANGPTL2,-9.303529,4.927863
EGR1,3.586214,-3.3420765
HECTD3,-0.16623873,-7.8790407
RPL3,7.0410576,3.8336563
DDX59,2.0571883,-4.185372
FAM86DP,-13.849725,-1.2657254
ANKRD11,3.954467,14.261835
CETN3,4.3433185,2.6739297
WDR12,4.477785,12.424052
EIF3D,-9.337144,-0.65619516
METTL26,-14.389278,1.7899442
ABHD2,-7.9423966,8.420467
CYYR1,3.6347163,10.775767
TNFAIP8L1,-0.29693803,-7.698889
PCDHB11,4.2635593,4.456973
NFKBIE,5.0608106,6.455213
PNMT,-7.882608,13.799809
ACKR4,-4.441374,5.593799
DDB1,4.8370886,18.745497
CIB1,-1.656493,1.093084
LRRC37A16P,-9.094967,4.1313577
VEGFD,-7.2363615,-9.546191
SOD1,-0.83521336,5.512722
ANKRD40,-4.6089797,17.267017
NFIL3,12.691025,7.5652633
SHTN1,-8.047667,7.3507333
ARNT2,-0.696103,-3.1849868
KLHDC3,6.192916,5.095292
SMPD1,-11.977555,-0.957022
UBE2S,9.86456,-2.3144188
EEF1B2,10.010705,-1.1882957
UQCRC2,-3.3365858,-0.6691748
CIRBP,6.6054206,-1.2565647
KLHDC10,3.4069545,-11.854799
TNPO3,1.256094,-6.233981
AFF2,-14.654642,6.398767
SP140L,0.2304486,-1.173254
FOXJ2,6.297199,0.316705
ATP5G2,-14.347556,1.74685
TOPORS,-5.53102,3.6301627
BOC,-2.5366852,-1.1561757
MDH1,-9.099347,4.1914067
TK1,-5.539766,10.58292
ZSCAN31,3.8435407,-0.56522596
NAT1,0.31509522,-5.4476757
TMEM185A,-0.67276233,14.639272
TRPT1,-1.1372209,-2.6697335
IL20RA,7.8118706,0.96142066
GOT2,1.9279578,-3.97013
OPA1,2.880748,-1.3138113
FAM162B,3.6362703,-3.2787623
SLC4A11,-1.2751023,9.438676
IQSEC1,5.371503,-3.659707
TUSC2,2.2330616,9.305725
CERS2,-5.095149,-6.671963
TP53TG1,-6.9594297,-1.2578439
GRINA,-4.3367434,4.3818846
CDK18,8.497802,1.5560584
SLC36A1,9.028045,6.301849
VSTM4,3.8881693,9.418877
KIF19,-4.9751863,1.77687
RPL39,-9.686726,6.1280637
FAM91A1,13.813817,8.711107
TADA2A,10.372477,-2.5071106
ARF3,-7.991934,-6.298021
STK16,-1.1325972,-2.6687286
TMEM94,11.053991,8.052765
TMEM87B,0.04210249,6.5634418
RPL29,-3.4944766,16.618013
TOX4,3.0541635,-1.2893018
TMEM167A,0.25527805,6.741563
BEST1,0.34627253,-5.4038873
CYP27C1,10.561027,1.850982
MYADM,3.339182,17.822311
KIAA0513,-4.499988,-0.23815295
TXNL4B,-5.090513,2.5585997
PABPN1,6.3745837,5.373892
STIL,6.1380234,-2.3073823
PSMD14,4.626247,9.269673
PEX11G,-8.382361,-6.389725
DPH5,3.8492622,14.250392
GCSAM,-4.545354,4.5609174
FAM46C,-0.20311655,-7.9518847
GEMIN4,8.694707,3.1550722
ZNF385D,-0.24340276,7.553312
SNRK,-4.284598,13.175854
NNAT,13.309172,4.2309923
KDM7A,-11.963239,-0.9942178
STAT5A,10.6634655,0.8874708
PDXK,13.138647,8.654234
MSRB1,-7.169922,2.1382644
CLEC12A,-1.4353837,-2.516077
FAM124A,1.2113777,14.104574
FAM221A,-3.2248514,-7.0943613
TEK,5.3029246,-0.9445441
TDRD7,0.41296092,5.182571
CHMP1B2P,-3.4416494,6.636608
KLF4,-7.4118137,4.6311655
LIPA,0.34111583,-5.4137197
SFXN1,5.9615207,0.44831765
FAP,10.198979,5.702463
SLC35A2,-0.1153512,5.9577203
GSTM4,-5.2195873,-1.0759302
FAM208A,4.6372733,9.261824
MTCH1,-3.198996,18.05913
HOMER2,2.9357057,3.036317
SHISA6,-4.8168454,15.510559
TPI1,5.1092834,8.437268
MRPL20,-9.780864,7.3719254
DIRAS3,9.863711,12.570906
SMG5,-5.4309072,10.572204
LFNG,-12.05242,-5.012996
MLH3,2.0444908,13.042534
PYGB,0.2606866,-0.16646242
ITGB3,6.208402,2.032754
AGER,0.24639086,-9.413537
ADORA2B,-10.88054,5.156001
CUL4B,13.41508,-2.2509592
PAPPA2,-5.6832523,0.7540135
PLEKHM2,10.5496235,1.7552202
SLC15A2,16.851368,4.5196214
MRGPRF,2.9642081,3.037978
PTPA,-1.189522,7.421573
MNT,-11.935786,-1.6901177
MECOM,2.2804465,3.6444612
DGCR8,2.0372524,5.3593974
C5AR1,2.0142345,-10.70916
KRIT1,3.2131283,11.874781
PAPSS1,16.87932,4.547398
ZNF12,-3.9635494,6.8223934
TPRN,4.053929,10.031522
KCNK3,3.8030803,12.93608
UFM1,-0.24972293,4.959396
SLC25A12,1.3843956,10.725492
OXSR1,10.454806,-2.5096178
SURF2,-5.804057,0.2640778
PDLIM1,9.090747,13.655369
CCDC91,-2.8941762,10.301282
RABL3,3.4214964,-11.86759
LIG4,-3.273659,3.4590788
E2F8,11.388009,0.32989088
SLC39A14,-4.639067,2.1776173
SMIM22,-3.7664661,-5.8662596
SEPT9,1.0592091,12.292332
USP6NL,-4.360603,4.394786
ZNF841,9.755439,8.321329
PLIN3,7.544981,8.4309635
FPR1,2.0228307,-10.726574
GBAS,-3.2756567,6.475601
F2RL1,-3.4464183,9.308424
TMEM233,8.755834,3.0874183
KLRB1,2.9195282,-2.4771593
CARM1,0.3829237,5.1743846
TBCC,-12.369445,4.7892814
COMT,-1.765449,1.3837864
UQCC3,-10.387855,-7.609354
FSD2,-7.784031,13.717323
FAM83E,-12.877282,5.4499345
DSCC1,0.86284214,14.417758
TTC3,-0.23809104,7.523318
REV3L,-10.76086,11.070288
BAK1,0.042728778,6.5576625
LDAH,1.9357147,0.39783633
RCOR2,7.5513835,-1.4485475
ATP2C1,-5.8381386,8.823228
ADIPOQ,3.504774,-8.391109
FGD3,12.983941,10.313971
ATP9A,9.7786875,8.298365
ZNF770,7.190712,3.573792
TBCCD1,-11.728945,8.912067
ZNF577,8.787592,3.1403928
TNFSF13,3.8443108,-0.58313864
PSME3,2.4755976,8.498006
FAM219B,-5.412571,3.7922862
ROBO3,-0.35117424,6.6096005
CRYZ,-6.708469,0.5482623
COMMD3,-3.4237142,-9.558309
TKT,0.60925007,5.0887523
PANK4,4.6449018,-9.478471
ZNF7,0.5316088,-3.3571956
RAC2,14.926674,4.0745816
ARNT,-7.3782334,4.6101394
DOC2GP,-0.07587945,0.050882522
NAA50,4.868391,10.400483
CBY1,12.693213,7.569842
ATXN7L3,9.877221,14.500886
SLC29A1,6.871855,15.0387125
ZDHHC14,-7.974123,7.361777
TGFBR2,7.012167,-1.7747111
PLEKHG5,-9.1587105,4.7117724
PAPD5,-0.79208106,-2.5734856
PELI3,0.4514514,-5.251309
ASB5,1.3709875,0.9666891
BANK1,3.451338,-1.8029981
STMN1,-4.238593,1.015938
ATP5B,-5.7629633,0.54109085
TRMT13,9.799978,8.295074
PBX3,10.173127,-1.3719324
ZNF334,1.323313,14.347966
ARHGEF17,-0.79039,-3.602658
SEC22C,2.440719,-8.50211
RARRES2,-5.821651,8.810816
RNASE1,-5.045573,-0.56657714
BAG3,-0.43900058,18.312689
HAUS5,-1.3892983,-2.3642375
IFFO2,3.488764,-8.372222
PTPDC1,-0.36234307,6.6154947
ARID4B,1.0078801,7.568978
GJB5,-4.547524,4.5627747
EPN2,-10.703284,4.1471515
SUPT5H,2.3229148,7.338522
OMD,9.877024,14.501424
AAGAB,0.49987525,6.961914
NMT1,6.6074953,-1.2607001
ZNF185,6.729254,3.0648782
PTCH2,-2.0262516,12.339578
CCDC68,-6.886662,12.192934
PIK3CG,-7.172868,2.132575
FAM229A,4.6219077,1.2372264
MMADHC,3.8519619,14.249459
SFI1,5.827131,-3.803784
TPSD1,-1.0556629,10.909932
ST6GALNAC1,-6.032282,5.815181
HOXA6,-4.0030646,5.31277
HEATR1,16.300938,2.6872346
POLR2B,1.5638211,-1.944315
GNG2,4.175282,1.1413662
CLK3,3.8359044,14.251093
IGSF3,0.30871877,5.2066875
DOK5,1.3753097,0.96997404
COTL1,9.665873,8.387071
ZNF33B,11.387701,8.57573
TIAM1,-11.126716,-5.22278
CALR,5.82653,-3.8001277
NUDT22,-10.384686,-7.608966
BAX,-2.188087,6.2380476
HINT3,-0.62942094,-3.4231203
PRADC1,7.428107,9.336976
CCL28,-6.8369226,12.145976
MAPRE3,-0.56561106,-0.31552103
ATP5I,-3.483292,-9.610836
DGKA,-1.7803142,9.4891
ZNRF3,-0.39141268,6.6223793
RHOC,6.6228538,-4.8455124
PIK3C2B,13.025814,-2.9740963
IFIT1,2.1170628,-11.005165
THOC5,-8.8247175,2.8454106
SHISA5,5.718132,-4.5355344
ELOVL1,5.175884,13.84176
FBLN2,11.1907625,4.6441107
MORN1,-1.562585,14.778823
PDCD1LG2,0.596449,-1.7632427
ZNF550,-0.39536998,6.6213164
CCL21,-0.18271825,8.144943
ADARB1,0.15509142,-0.08167034
HAGHL,-12.769296,-0.2901745
COQ3,-3.699537,8.525655
ZNF84,7.507645,3.6915138
FMNL3,3.7141871,5.9514775
CUL1,3.1660483,-1.2997661
PKDCC,-5.467021,5.270487
HCAR1,-7.970923,7.3649583
GPD2,14.912025,-2.1038418
FBXO31,-1.8528689,9.381639
STARD5,-9.018524,11.532568
COPE,6.5646987,-4.777945
COL17A1,-1.275643,9.437825
TCF19,-0.23220976,8.632786
GUSB,-7.5921316,10.157098
B3GALNT2,1.9403551,5.249773
KCNJ8,-1.0472928,8.464248
SHH,6.3368697,2.6524315
PSPC1,-1.7069875,-6.397288
NR1H2,2.5150883,7.185248
RILPL2,2.0212872,-5.2032204
SNX25,9.456526,3.7717786
LITAF,4.3580866,0.9229263
ZNF419,-7.5414643,4.726061
PKN1,-5.9482946,5.730782
GEN1,-5.8887434,5.6687384
SSH1,-0.9490521,-2.1379488
SUCLA2,4.647567,-9.475724
DGKG,-5.215716,-0.9338892
PDZRN4,7.566906,12.426643
CD52,6.0070295,0.42982686
MROH8,10.182822,-1.3840697
GLT8D2,-7.527779,10.182055
NFRKB,11.051719,8.059669
NCAM1,-0.44910458,-1.8693522
KIF3A,13.142765,8.654298
ITPK1,-8.782646,2.9731352
PTAFR,8.189175,7.20907
BRF2,10.57645,1.8305236
H2AFY2,-7.2893963,4.560387
FAM50B,7.4293,3.7647824
PHF14,5.5726814,11.590793
CFD,9.861058,12.569445
TMED3,5.980834,0.43149367
ZNF146,0.54495436,9.07672
SLC51A,4.3534036,0.92338467
RELN,-4.8168335,15.509537
KLF15,-1.9743619,-8.307735
GSTO2,10.662734,1.7359552
PIDD1,10.013705,-3.7175083
GPC1,5.183608,12.351459
CLDND1,0.62950456,-8.782948
BBC3,-9.779991,7.3941593
PATL1,2.2847722,8.48444
HSD17B11,-1.5405995,-8.255265
SH3D21,6.1097527,-3.0902054
MAMDC4,-12.054995,5.043875
KCNN2,0.3205601,-1.1414442
FREM1,-7.5157948,10.18898
EAF2,3.334712,17.816677
HPF1,11.507927,5.7190866
TADA3,1.4269526,0.80858016
PGAM1,5.109399,8.439624
PRDM16,1.9284408,-3.962677
MYOC,-5.871816,13.113783
LIMD1,-2.5413895,0.05374018
ZNF714,10.644601,9.367092
SETD3,-3.5201578,-0.772536
RNF180,3.935293,7.6308303
FBXW7,-9.163816,3.8289406
RNF111,10.006817,-3.7476637
AZIN2,3.2346375,7.0437994
LYPD6B,8.775775,4.963425
RAB17,-1.4281719,9.172868
DCAF17,11.759017,1.3404294
SESTD1,-5.8802934,5.6565895
LMTK3,7.188534,8.047512
ELF3,3.6204526,5.129861
LUC7L3,3.4221992,-11.86607
PNLIP,-8.470892,1.0612969
MARC1,4.732544,3.421677
POLR1D,11.680417,3.1325219
TFRC,6.7999897,4.2262325
CDC16,5.471095,11.734549
ZNF486,-5.6805897,11.643886
AARD,1.3752989,0.78936404
SLC25A25,-2.8670027,-4.2839236
ZDHHC12,-10.832677,11.151161
ANKRD22,11.271267,0.34359315
SIRT6,-5.417116,8.548262
PLS1,11.366836,0.31865788
ETV7,9.124294,3.346707
ANKRD29,-2.5789669,-1.1623852
ANXA9,9.7985525,8.297297
RGL3,-2.3731601,0.05764069
MORN2,-1.4689921,0.46035555
PAM16,10.649716,9.375456
RBM27,-3.266392,3.4438162
CACYBP,-4.013933,-4.982573
TDG,0.5428637,9.076018
ST3GAL1,-0.6394052,-3.485383
FITM2,-5.4335475,-3.2729957
PHF3,10.71568,11.324462
ZNF845,8.19208,7.210025
AGO1,4.774127,5.721388
BUB3,3.8406386,14.232705
TACO1,3.2248163,14.243741
ESRRA,7.4410305,11.039041
ZNF662,6.6076117,-1.2606875
NUDT7,-10.702404,4.150324
RAPGEF2,1.0338004,7.389553
CD44,-3.002834,2.0435889
ATAD5,-1.3706998,-9.935518
PPIC,-11.970985,-0.9692008
CD164,-8.795723,2.9350512
URB2,-9.91794,-4.6740456
TRAPPC3,-4.158745,8.272142
GDE1,-0.96798897,4.490222
EXOC3L4,1.6430924,15.956774
BAG1,7.104072,-5.63269
ZNF652,4.761121,6.5663924
TAPBPL,10.097969,5.9261093
THADA,-5.901586,17.466482
TMEM234,0.34528568,-1.8177669
ATP1B3,0.036089953,4.5768814
SCO1,8.640368,8.650349
STARD4,-4.237491,1.0133859
MAN2C1,-1.4494202,-2.5163307
HMGXB4,5.37167,3.9192126
SCN3A,-10.870144,5.1460614
LAMC3,8.393135,-0.4572302
FAM60A,9.330564,2.2587326
KIAA1328,-2.1522853,-12.005069
MAP4K3,-3.3414338,-2.1270742
ATOX1,1.72546,9.436451
FKBPL,-6.4263954,10.729279
SMYD2,11.387882,0.3300548
KIAA1683,10.484821,9.178339
FGL2,-1.0429944,-1.1652067
TSEN54,16.27646,7.2626095
GSS,-8.473382,1.0611655
SMCHD1,12.529492,11.374258
TSPAN11,10.177664,4.7742434
SDCCAG3,-1.5697198,14.783293
ZDHHC8,9.898124,12.605129
ZBTB7B,-9.055329,4.148536
LTB4R2,-6.7269707,6.706136
BMI1,-9.403411,-0.5101288
RARRES3,9.994298,-3.7445168
RAP1GAP,14.702264,0.6779245
MRPL3,5.051355,6.512272
CTSK,3.9085643,9.423707
GON7,-1.9756389,15.299285
STAMBPL1,13.424618,-2.2658734
PAPSS2,6.029202,-6.240728
TRAFD1,11.742354,1.3479985
CCL2,0.5450391,9.076145
SS18,-9.1624155,3.8168063
GLIS2,0.930038,14.464916
TIMM22,1.7492219,9.422823
TAF5,-5.360734,-11.134062
IL6,-2.9545064,2.1043088
TTF2,-2.038785,-1.8005239
LDOC1,6.8802104,-7.909071
PNPLA7,-0.13460307,6.6540127
SHROOM1,9.137137,5.30446
DDX21,16.300879,2.6871505
RAB40A,10.909478,7.9363494
TMED10,3.882987,-6.9807186
CALM1,8.546141,2.8564517
ZNF584,11.1113205,4.7156434
EXOSC4,-7.050451,10.177888
NAPB,-2.1515229,-12.004491
PRDX2,-7.0169616,4.486708
EPS8L1,-12.770475,-0.28942332
RNF217,2.6179311,7.075963
UCKL1,-8.632242,7.5564427
TIMM23,5.940558,-5.6498775
TUT1,8.270104,-5.629135
CYS1,-3.5804482,8.489725
PIK3CA,7.2099695,3.574288
UBE2E3,7.093007,9.860124
IRF2BPL,-1.3862824,-9.939979
NCOR2,-3.5695212,-0.83069074
CXCL10,-4.077162,11.166156
PLXDC2,-8.067939,12.320427
IL18R1,-2.9297252,-0.55776286
RYBP,-12.204302,-4.672895
NIPA1,-6.7148333,6.707151
SLC35A5,-0.20836654,0.012218053
TYW1B,-1.3841394,-2.3589556
FIGN,10.092904,-1.271602
RPUSD4,10.349917,-2.5071216
TMEM230,12.546968,12.88076
SRL,7.104801,-5.633318
ZNF718,8.909159,-5.2971535
KLHL4,4.768128,5.6823077
ATG4C,0.40609524,-3.2801366
SAMM50,2.9009492,-2.440426
TTC38,-4.3062673,13.223097
RAB33B,5.163291,-0.8375518
HOOK1,10.846705,1.7396679
RCN2,-2.1444218,-1.2826777
CHUK,0.22242205,3.0132365
UFL1,-5.8991246,17.470837
PRPF38B,9.338213,2.245482
TM7SF2,-2.8664343,-4.28467
CSE1L,11.173333,5.3609495
P2RY6,8.679811,10.108433
TMEM177,-1.1851391,-5.8179374
COX6C,3.2036629,-5.168974
DCAF10,-4.2572274,5.4749312
CELF2,-8.051167,12.309832
PRMT5,4.1458125,9.538656
ZDHHC9,-6.257683,-8.531752
HOXA2,-3.215136,15.1557
MARCH5,9.876487,14.500909
ANKRD36,-0.56163216,0.71799797
PCNX1,-7.0248494,0.67646223
TMEM14A,12.015347,1.7179412
GPER1,-0.24595858,7.6076536
TNFRSF12A,-12.798318,-0.5503969
SIPA1L3,12.493654,1.8008348
VANGL1,-4.2916126,13.192053
FRMD4A,-0.23550878,7.5115027
TELO2,5.591152,-1.047835
CHRNB1,-6.3717546,6.713247
LMLN,-0.65994614,-2.26285
AP5M1,8.328087,-5.571516
CYTL1,8.742039,-9.8395
ALDH5A1,14.701153,0.6784561
DNAH10OS,5.5644484,5.9873343
ANKRD28,-1.1850019,-5.817903
HHEX,0.2704876,-9.386072
ASAH1,12.007793,1.7153803
BTBD2,7.452641,-1.4595323
LACC1,5.4630494,6.10282
TRMT1L,0.3657506,5.142973
MUSK,0.29569563,-9.353255
CES4A,-6.8545346,12.159972
ZNF384,3.9600403,14.345531
AHDC1,-2.2835948,-0.20833021
SMPD2,-1.4064168,-9.9585285
TAOK1,12.547169,12.880832
NUDT13,16.301384,2.6868258
ELANE,11.022192,5.1410646
SLC25A28,11.59016,1.507262
CYP4F23P,3.417035,4.918115
HNRNPA3,5.3961077,-1.8776957
ALAS1,5.45528,11.9145
TSC22D3,-7.8999057,13.812839
TIAL1,3.9261198,14.284219
SNX6,13.844624,7.431211
ZNF227,-0.1947379,8.571889
NAGA,-6.4191275,7.214171
TMPRSS2,3.6159468,5.1231985
MICU1,9.2630415,-7.174288
URI1,7.099622,-5.626463
SMC3,1.5495269,-1.7180438
GCLM,-1.762005,15.046202
MIEF1,-9.152078,8.545792
CD40,0.54371905,-5.206946
TUFT1,6.3917217,13.185797
RNF214,3.9328575,14.331978
KIAA2013,3.2032342,-5.1688085
APOL2,11.9239235,-0.97042567
SDR42E1,-0.49708378,-7.3986974
CCDC74A,-5.430411,3.681709
TROVE2,-0.8676775,-4.5270534
RUVBL2,2.2547817,9.164309
MAPK13,-2.2613325,-0.41285127
ZNF491,16.27656,7.262694
WDPCP,-10.630772,2.183778
SPECC1,-11.939457,-1.6956358
CAPN3,13.289514,-1.6739551
TBX6,0.40454376,-9.2037525
SMAD3,-0.9677105,4.478594
GLI1,-5.345308,12.191887
ZNF273,-8.398442,-7.0500593
TMEM41B,-2.8939476,10.30172
EXOC3L2,0.34628752,-1.8191078
TLCD2,0.5613321,8.2043705
CYHR1,0.9039454,12.094858
ST3GAL3,-5.176012,3.7719576
CNPY4,-11.905368,-1.1012604
ACKR2,3.7481508,-3.083418
LAT2,3.8746035,7.4448915
DNAJB6,0.94746536,5.2202015
CYB561A3,10.179972,-1.3831129
BTC,-3.7823281,2.6031432
NRK,11.866488,3.2608037
DIP2B,-0.6516034,-2.2700295
PARVG,0.044152144,-3.2312324
THBS3,-8.412298,-7.046475
NDUFS1,-7.257464,2.0535862
DPYD,-10.711076,2.2196503
RPS27L,1.242496,-2.2437174
ZNF569,-5.156364,12.012311
PQLC2L,8.599889,8.698975
HECTD1,12.527961,11.373493
FGD5,-8.401994,3.0541973
SOX4,12.778633,0.22196244
SLX4,-8.182324,10.862544
COL3A1,1.5307863,16.090769
ZKSCAN8,1.775084,0.44153473
DHX9,10.007231,-3.7466762
ARL8A,10.275934,-2.5179856
UBR2,0.321211,-1.1498992
ZNF189,0.619783,-8.759365
PRAF2,-0.5237119,-6.267915
ATXN2L,7.5209584,13.826831
NCK1,-0.6566359,-2.3103526
SDC1,8.359244,4.8157163
MT2A,-6.600878,-4.717385
LUC7L2,-6.62674,6.7626867
NLN,-3.7969673,5.595165
LRRC10B,-10.615407,2.1663015
STAB1,-5.0502057,-0.5734836
ZNF75A,1.468696,6.2468815
CSNK1G1,-5.2163568,-3.3882668
EVX1,10.711221,1.7144339
CLDN15,-5.8802567,13.10768
FLYWCH2,11.023878,5.1464167
ANAPC11,5.718967,8.859194
SEZ6L2,3.2411098,7.035665
GMFB,-7.631321,13.598845
ADAM33,-10.703265,4.149331
PDGFRL,-2.1848679,-1.8779781
RBM11,-3.1534095,-0.60489255
YIF1B,0.8868446,14.3934965
SAC3D1,-0.22178224,-7.923687
NHS,4.8375716,-1.5377367
GABRE,-10.870293,5.1460915
TTC26,-0.8715483,-12.355508
RAF1,1.0842191,4.99973
UBE2D4,-0.8517073,-2.5562255
ANTXR2,7.591546,12.457634
GMIP,-8.183496,10.8622875
XIST,-0.78131914,-2.5656242
PWAR6,2.6932857,8.2824
FEZ1,-6.039916,5.8224244
EI24,8.330352,-0.38316998
HEIH,-0.9485577,11.085503
CORO6,-0.06296796,0.03486063
VEGFA,-9.077103,-2.4793587
KBTBD7,8.012269,-7.000863
RWDD1,-14.942473,2.3756123
LRWD1,-7.0524287,10.174818
DOCK10,-2.8531706,14.249206
TMEM19,11.593868,1.5068549
MOB1B,-4.4450893,5.590491
CRYM,-0.6601348,15.074217
TMEM121,-7.70434,-2.3885067
AMT,-9.232038,-2.6283405
BAZ1A,-3.100229,8.086616
FAM212B,9.151236,3.4059746
PTK2B,-8.56487,-6.867773
UBE2J2,9.891857,12.602892
AIFM2,-8.984663,9.268568
GPATCH4,-6.7738576,8.876127
LDB3,-0.675573,15.15078
FBXL21,-6.897769,-2.890623
PCCB,4.7970023,6.3970823
RBM43,4.105074,9.5308275
PDE7A,-11.908167,-5.159664
SOX9,-3.6942809,8.533193
PTEN,-6.9144635,-2.8922396
ELOB,5.7282143,8.858436
AKR1B1,-3.1262178,3.3018205
HSPB6,6.10714,-3.0889897
NKD2,9.616773,3.960704
PDHX,3.8936083,7.171531
ORMDL1,-3.2148252,-7.0671573
SEPT6,0.6097863,-8.8191805
VCAN,-2.986673,2.0438397
COX7A2,5.721045,8.853511
SDHC,7.368535,9.419906
TM4SF18,-12.79846,-0.55050397
SREBF1,4.8367686,-1.5394588
BTF3,-9.262486,-0.55867004
MKNK2,10.163961,4.766122
HPGD,-3.909066,2.5310998
STT3B,-8.827516,-7.066624
HOXB6,3.9673197,-7.117115
CHMP4B,6.750057,0.5052654
ASB6,-1.7254858,15.01052
ZNF575,8.6398735,8.651667
FBXL12,-0.92932355,-2.1491673
ZNF548,-10.651529,10.994164
EPCAM,-12.032499,-5.014267
DMRTA1,1.3411784,-7.194819
NFKBIB,-2.3954468,5.182592
GAPT,-0.17863038,-2.9886281
EFR3B,-9.6685505,3.214994
SMIM10L1,-6.1635647,10.363556
CA12,-1.3517876,9.086765
CCNJ,0.4631127,-10.359259
UBXN1,-5.0833654,-3.7806232
HK1,1.3716364,-2.1485975
UBE2D2,2.96874,14.395486
ASPN,-3.897716,6.7779346
BMPR1A,5.2432814,6.8023663
FHL1,-8.0136,-6.3097835
PRPF8,1.5747916,16.043833
SLC23A2,11.499796,5.7103386
HERC2,3.2046485,11.839803
DDX27,-8.014767,-8.451612
SLC25A37,-5.5429754,-0.8229441
CIART,-8.031054,3.4050024
RHOF,-0.12802026,5.931304
MAML3,0.6981198,7.140301
DOCK8,2.1266212,3.539955
TRA2B,-1.393059,-1.7998859
SNX14,6.2925043,5.2807527
LDB1,14.905254,4.104512
UBA7,3.3555832,5.8061395
FAM118B,-2.239043,6.2423735
HADHA,3.0418892,5.3972807
NPM1,4.6406407,10.812565
PLCB1,11.6429,3.1073823
RGPD8,6.02441,-6.2318435
CRYZL1,3.9356399,-7.066861
LSM12,-5.5364385,10.585065
GRPEL2,9.895502,12.605255
NSDHL,9.9762535,-2.4584508
JAG1,-1.3376127,10.612664
SNX15,-8.095818,3.3836768
ANKRD50,3.8188019,-2.2890422
AGA,1.2460687,-6.233218
ATP6V1E2,-6.9831886,-1.2415534
LRRC14,-7.0572414,4.497067
ANO9,9.581868,5.313439
DLC1,0.54500717,9.074111
AVL9,11.026083,4.772873
KCNC4,6.878642,15.056933
HOXD9,-0.87157184,-12.355807
EXOC6,2.8713262,-2.4028265
HMGB2,1.5182128,-4.0361085
SCD,-2.974689,2.0206733
SPCS3,0.43978795,12.191853
RIOX1,-8.004105,3.4161441
PSMD11,10.077225,5.555839
CIAPIN1,2.3608582,8.890983
ADAMTS13,-3.0049417,2.0481145
PRCP,0.07507781,0.83020365
KLF17,3.48312,-8.365414
TTC39C,2.1009579,3.5345109
B4GALT7,9.164883,13.603668
ZNF708,-2.9972591,-0.57126266
F10,-7.512709,10.195907
PGBD5,3.4255507,-1.7833287
SULT1A2,-0.40881515,18.343748
FZD8,-0.23496203,7.6205125
SH3BGRL,-9.143939,-2.5422184
KHDRBS3,1.8161327,-4.1032248
PRKCH,-9.094524,4.2873025
FCN3,-2.6180623,3.111661
CD200,-0.19054648,8.696434
PTRHD1,6.0060744,0.4106694
PCNA,-1.2721426,7.4736147
NAT10,11.070758,5.1984677
TGIF2,6.9780693,-1.7761465
SLK,-2.6434712,3.128259
UBE2I,-8.017687,3.4102328
IBTK,11.402749,8.59235
CIZ1,-3.425572,-0.70770967
THOC1,9.62013,8.443472
FAM135B,8.881438,4.8553114
ROBO4,-0.4373524,2.791395
PECR,-2.4047039,12.625672
LRIF1,-0.9903705,-1.2834822
NR3C1,5.5500774,2.3339784
DBF4B,-5.4485183,14.055062
ANXA3,3.9717026,6.2596154
RALGAPA1,5.0354095,-6.273094
STAT2,-7.183268,0.60925287
NPTX1,4.754812,5.694956
MATN2,3.6206377,5.537843
SEC23IP,-1.2539243,-1.9399074
KRT10,-0.9597982,0.502225
PPP1R3E,-12.798457,-0.5505987
CHN1,-7.178023,0.6997495
FSTL3,11.37224,8.554025
RPL39L,0.96733785,-2.3449073
MYO1G,-1.0820181,17.216434
ACHE,-1.4494094,-8.411297
ABCA8,0.022946797,-3.9605575
CARMIL2,3.2565632,-0.45617238
CROT,12.136286,1.7036955
EHD2,7.4139814,9.3587475
SDC2,-8.0564995,12.310842
CORO1A,8.67644,2.9834244
NDUFA11,5.0204663,-6.2891264
MYO18B,5.6322956,14.980102
CHRM3,0.27044636,-0.5785124
DGCR6L,-5.4791374,3.669506
P3H2,7.1048684,-5.6264877
CD27,-10.28584,9.033978
HBA2,0.891072,14.389436
PRKCA,-5.159802,-1.2064797
BEND7,10.147723,5.408309
TTC21A,9.846134,-1.0226889
ZC3H15,2.4930015,8.502582
PFAS,-9.224992,-2.6213648
NR1D2,-8.3688,-0.1755053
NFAM1,3.8906503,7.5706673
PDIA5,-4.4053493,-0.19082007
TPO,-6.8505545,0.58091706
CBFB,8.7432995,10.172647
PPL,-4.5168304,-0.24842207
SERINC2,11.086295,0.9252561
ADAT3,7.5092983,3.6925104
PPM1D,-9.6932125,0.6182955
PSMA1,4.466854,9.862221
PCDHGB5,7.2102075,3.5763447
CRNDE,3.8143058,3.67796
NYNRIN,-6.9171886,-2.8912406
MFSD12,4.644782,9.26281
BTG2,0.6664621,-3.402129
ZNF670,-3.0932717,8.075964
GNA15,-0.7566117,-3.3630707
GMPR2,-14.306171,1.7058253
GNG5,-5.5303435,8.595609
OAT,-2.1863978,8.270321
TRAF3,-12.126678,11.602733
MYO1D,-4.1314826,8.257891
FOCAD,-8.404004,7.504038
TRAM1,9.253678,13.578293
FAM30A,8.846118,-1.9907049
SLC35E2B,0.40868962,-9.202799
RABAC1,10.197868,-6.7559266
HMGN3,-8.64845,-3.925306
ZNF480,6.60568,-1.2611262
ETS2,-1.0856879,10.865569
NR5A2,-1.3836166,-1.8133049
CTCF,8.48025,-5.4105706
GRB2,-3.5244315,-2.161779
GPX7,1.5768974,16.041286
CUEDC2,-4.151355,8.281555
CERKL,-8.046912,7.3521385
SKIL,-3.1057184,12.707077
INIP,3.9364715,-7.068838
TMEM63B,-8.427827,-0.21891268
XDH,9.125714,3.3609982
SLC27A3,12.651863,1.8113298
GALT,0.06797267,2.9244323
GPATCH11,-5.2390428,2.6428008
TMEM167B,9.330764,2.2465358
SEC61B,-0.014949654,6.181631
LYN,4.6577845,-3.6474175
TGFB3,-1.1680778,8.75345
CTF1,-10.159309,-4.3687325
UBC,6.1203814,4.943413
PTPRQ,-12.076279,-4.8909907
FAM32A,-6.17223,10.379155
EVC2,-9.773738,7.365966
STUM,4.741846,3.4558768
PDE4DIP,5.5491138,-1.0803574
POU3F1,-11.127771,-5.2234054
NUS1,-6.7080855,8.899453
HIST3H2A,0.3678799,3.977015
LSM5,-5.373067,8.463598
APOBEC3F,2.7333097,-1.2078644
TAB2,-0.79337496,-3.8801749
PPP1R1B,10.09448,1.8261112
CXCR6,-2.8830853,14.280555
MAN2B2,2.1178026,10.98562
GRASP,11.308821,-7.156148
CTU2,5.517584,0.756848
ST3GAL5,7.835024,0.9413891
EHF,8.308919,4.7653613
NBEAL2,6.253655,5.2070074
E2F6,16.964712,4.6320405
TTC32,0.29367834,-5.4871793
MVB12B,-4.924688,2.453257
KLHL25,7.555348,8.437785
BOD1L1,-7.1783285,0.695262
CDV3,0.30562642,3.0625532
FCN1,5.966876,-6.0733976
HFM1,-6.423503,10.729179
GLB1L,7.4757195,6.3534446
CSF3R,-9.151493,8.545163
PDZRN3,2.1540534,-7.464156
OSTM1,6.9040184,3.2617779
PTGIS,-5.044473,-3.1237903
RSRC2,-3.5492344,8.474642
FAM65C,-9.775285,7.3663673
LATS2,5.01094,8.426836
ZNF224,9.104671,-8.555496
NBN,8.51626,2.8237505
GPR89B,5.6420617,14.992427
F11R,14.873984,-2.0700781
TMEM33,9.126205,13.628709
AZI2,6.0573487,-6.2728534
ARPC1B,8.667376,10.089734
ZNF691,7.2697325,9.611291
FAM180A,3.6254928,10.813449
SRPX2,9.196673,15.33499
TAF1A,6.271773,6.66923
XRCC1,-8.518507,3.2061794
ABCB8,10.210885,-6.74385
FBXL20,-0.015239149,6.2311277
ZFHX3,-1.717039,-6.4064727
CREB3L2,6.6088023,-1.260822
VPS13B,-1.3789823,0.56901926
UBASH3B,5.8779554,-4.1906004
TOMM40L,10.493595,9.226476
SLC26A11,-9.126898,4.6608396
RTCA,3.3128078,14.169711
MUT,5.0534925,-0.041949864
FAM19A5,0.015355119,-3.9131944
ANKRD65,-0.6589873,15.133302
RBBP8NL,9.850334,5.6328526
KTN1,4.9229097,10.314843
N4BP2L1,3.388705,0.9471539
NOC2L,1.8233356,9.384857
MUM1,11.025391,8.019503
ADCY9,-9.248063,4.863182
RLIM,-3.3672187,3.1149845
PPIH,10.190463,-2.6325624
EWSR1,0.47794816,12.133749
GTF2A2,-5.806645,13.152989
FAM160A2,8.923109,-5.313964
COL9A1,11.491635,5.7225223
TMEM182,16.993427,4.6599836
EPAS1,-0.71257156,2.9777775
CARNMT1,9.232101,15.352809
ZNF484,-9.220827,3.46095
TRIM29,-12.079704,-4.8944936
TRUB2,1.3997086,0.7413303
ADIPOR2,-4.272192,13.16684
EIF3G,-5.6559634,0.7350435
SLC35E1,-5.8865824,14.507327
LYAR,7.579427,3.138892
YWHAB,5.442937,8.0455475
HAUS8,-9.083975,4.100178
HDAC2,-1.4060044,7.3990126
HNRNPUL1,8.732415,3.1591203
TSSC2,-9.309614,4.9334054
GOT1,14.706866,-1.055252
NFKBIL1,-10.387518,7.500035
CECR1,0.06969028,0.85370314
PGGT1B,-0.5621853,4.863123
PPARGC1B,8.948899,10.344036
LILRB1,-9.190294,-2.5880392
VPS13C,5.88788,-5.7923217
GPC3,3.8686194,9.418299
SAMD9,-0.13867271,-3.0870802
SEMA3D,10.169237,5.253055
GLT8D1,0.063983746,0.8572997
PCDHGC3,-5.6380525,0.7741296
NHSL1,6.6073,-1.2568992
SKIV2L,-0.8459658,5.5184016
CCDC115,-10.141704,-4.3867564
BEX3,3.0506005,5.702507
KANSL3,-4.1792364,5.457375
CASQ2,0.28564456,0.4379557
SELENON,6.5865407,7.574268
PTPN1,14.160831,10.321101
FYCO1,11.580463,6.9153852
CAPNS2,-12.767117,-0.2953515
PRDM11,5.247733,-2.0304718
ANGPT1,-5.880891,14.502073
PPP1R14B,5.301804,8.690858
SNX24,0.6649869,7.1049795
DTD2,3.948927,-7.0792265
GLMN,9.624222,8.439212
ACTG2,0.40941367,0.7695541
INTS6,5.643544,14.992691
PTPN2,5.3922606,-1.8770487
ZBTB20,-14.654631,6.398676
DHRS2,0.3622814,3.0939252
MYL12A,-1.4302886,0.673104
FZD1,5.840297,2.3039465
GADD45G,-8.372347,-0.17982092
SYT1,1.1672614,-6.166707
RIPK3,4.661382,-9.447428
POLR3G,5.2234464,6.7781506
ZNF530,-8.371025,-6.4283695
ITPA,4.782099,6.3504977
DNM1,-0.319448,18.44601
HSP90B1,6.140903,12.20847
AP3D1,1.2166142,-6.210057
NELFE,6.982137,-4.755095
SLC16A5,-5.4627495,-11.239303
TUBB2A,-2.9107978,14.312114
NSMAF,-4.949806,10.6118555
DPAGT1,5.4319425,8.037116
NDUFV1,3.8957438,7.1711574
NUDT12,-0.1884375,12.157088
ABHD14B,-2.3938959,5.179356
FOXN2,-7.9988117,-10.67632
WFDC3,5.6231036,14.966662
CLSTN3,6.924462,-1.661443
GIGYF2,-0.7845576,-3.8671489
RBM47,-0.9709441,1.9502825
COX6B1,-3.5159764,-9.643383
OCIAD2,3.8381302,-6.9326634
ZNF304,-8.8707,-6.982537
KIAA1429,3.1936076,-1.2391489
RGL1,4.302405,15.852353
FHDC1,-3.2956398,9.488431
ANKS1B,4.323161,2.6817942
RAPGEFL1,12.260879,1.7395849
PCNT,-9.467171,3.3290555
ZNF45,-1.716188,-6.40629
FHL5,-9.690243,0.6158936
FBXO18,10.312567,-6.665226
EIF2B1,-5.5280824,12.377458
TAPBP,-6.4428067,7.287206
COQ9,-3.0181735,-0.57928866
ARHGEF10L,-2.7815065,3.1624389
FUT2,8.626932,5.237764
CDH26,-2.2807748,6.2380776
PLXNA3,-8.433162,-0.22680402
CD93,-9.918013,-4.687302
NOTCH3,-1.560007,-3.6335397
RBAK,-1.1752137,-5.817186
TBC1D30,2.3851426,3.6508439
AHRR,-4.457282,7.343856
SLC15A3,4.170409,1.147658
MBLAC1,-9.3865,-0.5085426
ARIH2,8.693909,3.1536798
QRICH2,3.9278584,14.319065
DDO,16.277266,7.2629023
PTGFR,-2.551563,0.058413252
UEVLD,-7.913706,13.822781
CD3D,3.2283375,-0.9817786
HBS1L,9.914248,4.3454413
SNHG18,-10.896163,9.942663
SLC9A8,13.857503,7.442974
CHST14,0.0065840385,10.41102
SFPQ,-0.66446024,2.9542208
MALL,13.806804,8.716671
IPO9,10.514603,16.88653
WDR83OS,3.3568797,0.961818
GRIK2,-5.540845,12.395635
SEC24A,6.2662363,6.663359
GNA14,-6.5310473,6.8491864
RNF138,-9.063251,12.875259
RBL2,5.0985374,-6.201841
NAALAD2,-8.047045,6.2117286
DANCR,-3.9874768,5.321321
NUPR1,6.2830057,1.9529992
PLEKHG6,6.346988,2.6713655
PAK2,-6.32721,-3.414126
ZNF629,11.425209,9.776134
PCDHGA7,-6.9261117,-1.2972027
WTAP,8.000274,-7.001686
DFNA5,-2.0017383,12.318633
ANKLE1,0.7181441,5.1345544
GPT2,-14.8007965,2.2456203
SH3GL1,-0.82492745,-2.493648
NRAS,0.46176466,-10.357966
PUS10,0.8721824,14.421436
PEX19,-0.19184847,12.156717
CAND2,-7.16916,12.696124
EAPP,-0.83446956,-2.537021
TMEM120B,10.004746,-3.7405581
GLUD1,0.6179642,5.079146
PITPNC1,-5.859277,8.837018
DERL1,-8.647353,-6.9386983
HEXIM1,1.086114,12.312449
CMBL,10.893971,4.497344
LY86,-0.13299453,-3.0259051
PRDX1,8.178955,11.648593
SEPHS2,-1.684897,-6.369509
PLA2G6,8.165159,-0.14552301
IFI44,-4.251373,11.083725
HKR1,-5.1023173,-6.680394
METTL23,-10.83177,11.168111
MRPL37,-6.174875,10.386592
TMEM80,-1.3464583,0.97940964
MAP3K10,9.922194,4.350929
WDR20,-0.5936653,2.8902807
NME3,-1.9367626,15.252265
EEF2KMT,-12.128403,11.603399
HSPA4,5.130801,10.605549
LIN54,-11.747224,-1.2681314
ZNF226,-4.8191338,-6.396467
ATF7IP,10.089246,1.8264627
BMS1,1.7895964,10.434992
OGDH,-0.7836915,-3.6446674
CUL2,1.2387047,-6.2307816
SELP,-5.150299,-1.2452102
SLU7,-6.465308,6.953202
ARHGEF25,3.0637596,3.4535508
CXCL16,14.909018,4.0973744
EML1,9.328309,2.2483695
UBE3A,-0.6821305,2.9593177
IFT46,11.427379,9.780557
BRAF,-6.063575,5.8459616
MCOLN3,6.300303,1.9343548
CC2D2A,10.05817,-1.2241119
BRIX1,2.1256738,10.969511
ZNF74,0.38671267,5.1647043
LMTK2,-0.52396154,-6.266653
SMPD4,-0.79182035,-3.8834348
CTHRC1,5.9449215,-6.000441
FANCC,-0.15385394,-3.0568922
CCDC117,3.919417,3.6854386
FBRS,2.756445,-2.527886
PHF23,-6.1245723,10.658309
CPD,-2.9085572,8.350115
F3,-11.847054,-5.2435536
KARS,-2.3249373,5.1285133
CYB5A,-0.83012146,-2.4894958
PTP4A2,13.813041,8.711037
STRAP,-2.4078329,5.2075825
KIAA0040,3.2040954,-5.167931
RIT1,-8.539805,-6.9624176
B3GALT5,3.81171,-2.2859914
GANC,-0.736655,4.780032
KCTD9,9.385801,3.6747377
LDHD,8.695062,3.1546447
SMARCA5,3.96411,14.258067
GRIK3,-14.39641,1.7978194
RNF5,-3.106506,-0.5983075
CALHM2,2.152596,-4.2606807
EEF2K,-12.092446,2.3881502
ZC4H2,10.868485,4.483879
BCS1L,3.3042872,1.0094866
EEF1G,16.276537,7.2627444
RHBDL2,10.518623,1.1055318
FAM185A,-7.1872354,-4.2341995
GMPPA,7.5299463,8.4165325
SMAD7,-1.9073542,9.88161
FRYL,10.734508,11.283377
KLHL28,-0.80539024,5.4902225
EPM2A,0.9176793,0.1841522
DDX52,9.869185,14.498617
RTCB,-6.4135466,10.757001
DGKB,-1.7871621,1.4062752
PXK,-0.92677146,-2.1722589
NMRAL1,-2.9782715,2.0213501
CAMTA2,9.877444,4.3026743
NDUFAF4,-6.3257613,10.714531
MYLK,1.6020826,2.3915875
CARD19,3.904532,-0.56163406
EFCAB14,8.167693,1.8087147
CNPY3,4.2968564,2.6677952
GPATCH8,3.2069423,11.845607
TXNIP,-6.718641,0.5500639
TRIM16,-6.8013744,4.409295
KIAA0408,1.8846278,10.83663
ARHGEF4,-5.426758,3.6704257
DGKE,-12.093773,2.3876526
ZNF296,-12.043207,-5.0214725
FRS3,4.269606,4.458334
MTMR7,4.211463,1.1077042
TEAD3,6.2499886,0.3006121
TOMM34,9.193844,15.327003
MARK3,2.121789,-11.014035
RRM2,5.585573,11.552309
NCS1,0.27899396,-0.19012895
ALDH4A1,6.728032,3.064391
PLIN5,-0.82101595,-2.4967718
PDCD1,3.2301579,-0.12935562
CDK1,3.9911525,-7.15699
RASA4B,14.747929,-1.0780492
LY96,5.1835027,6.7575364
EIF4G1,11.23357,5.3069973
TRIB3,12.365118,7.307674
FAM149B1,11.928509,3.3204854
SELPLG,-1.9915183,17.00717
COLGALT1,7.5280237,8.417319
TMX2,-1.3679707,0.9472129
NF1,-0.19511966,-7.914849
CSTF2,4.244038,9.847604
RBMS3,-8.442778,-0.23327099
NCALD,-8.44881,-7.055778
ATP11C,3.627769,10.805226
MPC2,-0.854838,-2.5040514
FUT10,11.734741,13.383099
FAM169A,10.534366,1.1301185
DYSF,-5.140907,-3.743536
CCNC,-3.102002,8.082038
SPATA33,-2.027832,8.096278
GNPTAB,0.32202673,0.4959225
MAMLD1,-7.998703,-10.676257
YTHDF1,-9.146683,-0.4632108
DOCK3,-0.14321324,0.048804272
LVRN,3.487561,-8.370336
SLC30A1,0.3713359,3.9712164
PISD,1.9528252,4.7952566
SLC45A1,-3.4447978,6.615463
MTMR2,6.5817823,7.571309
SLC5A6,0.7682391,11.291948
EZH2,-9.923076,-4.6758146
MDN1,3.451991,-1.6694063
ORAI1,-7.421637,4.6360555
TMEM163,10.697453,0.9816421
WDR31,6.7932057,4.202601
KHSRP,3.7680843,-1.707592
RSRC1,-9.278288,4.895961
MS4A6A,-12.209854,4.920157
MAPK4,0.4509555,0.35267043
LENG8,3.884071,7.1453514
KBTBD11,-7.9410152,8.422109
PSKH1,-2.200207,8.280959
MAP1LC3A,-10.678615,11.021425
DHX32,1.2576708,-6.2408314
ATXN3,2.872075,-7.177939
VAPB,-0.15833455,-7.867455
SLC9A9,2.0491395,11.508705
DPH1,2.001076,-10.689574
CDK7,4.665082,10.748296
KIZ,-1.1135479,17.188171
P3H3,7.489925,3.248783
CTSD,-1.8068044,1.4217387
CAMKMT,11.436851,9.795204
KXD1,7.27458,-6.3341637
EEF2,1.9678715,0.5034916
CCDC106,-5.19235,-1.1230305
TIGD2,7.593248,12.45973
DDB2,-2.709336,8.465758
DNAL1,-11.729173,8.911866
CDC14A,-11.835164,-5.262041
UQCRFS1,2.3207014,7.3438582
HSD11B1L,3.6315217,10.801119
CCDC88C,-7.1979957,-4.2280526
TMEM67,13.13862,8.654398
NFKBIA,-2.1480503,8.222177
ZNF678,8.512231,2.8194757
CYP1B1,12.847268,1.8870225
SLC41A3,4.327258,2.6839194
PITHD1,2.828114,-1.2833607
HSD17B14,-0.87548494,-12.352458
PTPRO,14.912053,-2.1034503
LCN6,-3.989892,6.837065
ZNF619,-3.2294767,-7.1012335
NFASC,11.392178,-7.2586865
CHKA,5.247928,-2.0409374
KIAA1191,-6.695614,15.5104885
SUMF2,4.922193,10.315369
MARS,-5.785743,14.409304
POLM,-1.1852399,7.515165
CHRAC1,-0.9574268,-2.1463375
ZBED9,-8.046939,7.35292
ARHGEF11,-0.7584728,-3.8412566
RHPN1,-5.4878063,8.5751295
CDKN1B,5.790309,-8.677103
KIAA1456,3.4075377,-0.78022546
EBAG9,-2.1595495,1.0134192
KLHL24,8.272556,11.729356
DVL2,-12.3929825,4.7718763
CCNI2,3.225223,-0.028570162
FAHD2A,4.327859,2.6855443
TNK2,0.6319186,-1.7610185
CNIH1,-6.1200476,10.8905325
PRKCZ,-3.4194129,9.353775
MTIF3,3.8961005,-0.56194526
NXN,-7.0073543,-4.360763
CLCC1,4.053339,10.029088
ST14,-1.067262,1.880844
GOLPH3L,16.829687,4.4986987
MRPL51,9.840773,12.562844
TESK1,-5.1669164,-3.848175
ZRANB3,-9.681629,0.6086011
PFDN4,5.17482,13.838639
ZNF468,0.2327096,-1.1716968
NBPF14,8.622694,-3.0272355
ZNF425,-3.4302597,12.69194
EIF2AK2,4.791237,5.670756
SCRN2,-12.320622,7.460316
TSPAN31,2.042937,0.5542372
ZNF621,-0.17373635,-0.008096073
CD1D,2.0055966,-10.69789
ASNA1,-2.0594711,6.248546
ZCCHC18,2.4407525,-8.506531
LRRC3,9.790152,8.302082
PRELP,6.8399324,-7.8389034
GLP2R,-8.46857,-7.0379734
ATR,1.9295149,5.5371475
RAB10,5.4285502,8.042452
KDM1A,-9.346443,-0.66484857
MRPL58,-3.8752913,8.429745
RHOD,2.130502,-11.034994
ALPL,6.87414,15.04255
MCM5,-0.79400146,-2.5676713
PAQR7,-3.510719,9.128033
PRNP,6.7679253,10.922785
THSD1,-1.5725858,-3.6506603
R3HCC1,3.9334586,-0.5863303
GNS,0.43913257,-3.3037913
STAU2,-4.94423,10.617844
RNF207,3.2805016,6.0081754
FRMD3,-0.83007336,5.508982
MYO1C,-7.2796097,2.0405433
ABHD18,0.05129895,6.5551863
PTMA,10.00583,-2.4684463
PSMC4,-6.7849426,9.942758
POLK,2.0894482,-4.2115245
GCNT2,8.527839,1.5363207
STAC3,5.9683213,0.4445405
ENG,5.8360553,-3.7796378
SMIM10L2A,1.0700454,12.301065
PPIG,-6.2545896,6.632402
NUMB,-12.4149,4.7508245
DEFB1,-1.3601335,9.113729
BCAS1,11.143578,0.25087684
SEMA3G,1.6974585,-4.0547814
TMEM47,5.3691435,-3.662925
CD63,8.328004,-0.3799283
TBC1D9,-8.173988,3.3656156
XPR1,1.9272722,-3.9575212
DDX11,11.735202,13.383064
PLB1,-6.884677,-1.311664
MLLT10,0.3086233,6.726077
DZIP1L,2.9427247,3.0417233
ATG9A,13.412627,-2.2778833
SAPCD1,-5.16982,2.6296039
METTL21B,-0.7905393,-2.573037
CEMIP,3.0253506,2.9634306
PPP1CB,6.324928,6.6924276
ADIPOR1,4.1318216,9.949847
MRPL40,10.730127,11.310895
RCBTB1,-8.407312,7.504135
TTC13,-10.953075,0.88411397
MT1A,-3.5146463,2.3828049
FTO,-2.8951054,10.302288
CRY1,6.964441,-1.743297
FCGR3A,7.5376754,3.694347
LYST,-1.3462688,0.8426979
SDC4,1.2821443,17.148321
DNAJC6,3.1818628,-1.2488611
MTFMT,3.8920572,7.1703863
SAR1B,-8.930034,-2.3238044
CDK17,-6.975393,8.717893
BORA,3.0281935,2.9600086
DNLZ,-2.4768822,1.9072074
ID1,10.523121,1.1246591
PHF13,6.324032,0.26827577
ZNF800,10.862166,4.482927
PIEZO1,10.67867,-0.15031023
FBXO27,10.681883,0.9495645
IRAK3,-2.6304207,3.1222653
PDE1B,1.8863468,0.36858806
SRSF5,-3.9586039,5.4380355
ALDH7A1,-0.2500446,-2.2525468
PIANP,-11.748723,-1.2678511
RBPJ,-2.0277176,8.100111
ZNF546,-2.892392,10.30585
CACHD1,3.645968,-3.2551243
HOTAIR,-0.7391021,3.0093875
HAUS6,-9.311491,-0.5565633
CELF1,3.8875175,-0.5385223
IGDCC4,7.486059,6.367542
MPZL3,3.8200846,12.914371
SMO,-8.0157795,6.22049
FAM98C,0.93619335,12.120529
CEP170B,1.8860904,-0.43446484
RAD50,-0.8318838,5.5114136
ZNF507,-7.950189,8.40689
ZNF689,-9.124799,-0.4530653
PEG3,-2.2770393,8.375493
SCN1B,11.588033,6.927213
TBC1D15,-11.799634,-1.2312642
B4GAT1,4.6869063,-9.403758
UBQLN2,9.268697,-7.172423
METTL7A,-9.777066,7.3683133
METTL18,2.0525079,11.530207
ASH2L,8.190745,7.2081485
HGH1,-7.9704247,-6.288891
ZNF552,-10.161452,9.106931
PCDH10,5.4637527,0.7952357
ATRN,-0.13502641,-7.8366494
SKIV2L2,10.011737,-3.730991
RPL26L1,-5.766982,13.168391
ADAM28,8.623087,5.2157393
METTL8,12.507473,7.4118223
BIRC3,6.8923535,-7.922984
PILRA,5.153975,-0.83421737
DCAF7,-1.403726,7.394339
ENGASE,-2.1408966,-1.3823067
PWWP2B,1.9266773,-3.960468
GPAT4,-4.768741,-6.4215007
NEURL1B,-7.1683345,2.1390288
UPK3B,7.5990047,6.4937267
AMY2B,-1.4389962,14.674685
RPUSD1,8.639898,8.652513
ETS1,-9.096572,4.2323036
BTG3,-3.092585,8.169006
TPRG1,-10.966184,0.89316267
DIO3,-8.071092,12.324989
NICN1,8.187412,7.2084613
HIF1AN,0.37383035,5.213964
OAS2,8.719082,3.0413349
ZFAND2A,8.618271,8.676981
C1GALT1,-0.26601222,5.669971
MAST2,0.44983423,-5.2517257
SMC2,-4.531432,10.990565
KPNA5,-4.6680627,10.958029
WNT7B,-3.7685845,-5.8428173
SRSF1,3.8054533,6.1006045
RBM20,-5.780999,8.782314
HAT1,-0.3648066,2.7562284
CIITA,6.8754845,15.04946
DNASE1,-1.2399739,-9.834401
PUS1,-4.9464693,0.001257029
ZNF141,-11.969594,-0.97223234
MRPL57,-3.2304697,-2.117703
DENND6A,-1.1981115,7.4175696
SLC39A1,7.5229726,8.420919
MYO19,2.0039122,11.449269
INE1,6.9775696,-1.7800323
SPRY2,-4.0307837,8.65221
KIAA1841,11.066431,4.7479196
RNF8,-2.2407596,6.2423124
ENOSF1,-1.5703385,14.784169
FAM134B,-11.782448,-1.3709002
TMEM38B,-11.749198,-1.2703407
SLC45A3,4.169723,1.1535078
IL11RA,-5.0054846,-0.42766333
TMEM159,1.0747234,12.304028
AGTRAP,-6.0381446,-8.531249
ANAPC10,5.596555,11.499929
TFE3,2.2724314,8.471024
IRF5,6.1853666,0.34059688
NKD1,-0.8737852,-12.353823
NOL12,0.012313985,6.5829988
UBE2N,4.8751664,6.495102
NBPF9,7.739946,6.603062
ACADSB,5.042891,6.4611397
MANBAL,6.4001813,5.3880463
FBXO45,-6.797684,9.849014
PITPNM1,-1.3498081,0.9756271
ZKSCAN4,5.2443867,-0.88865924
SLC36A4,1.0199473,5.0395575
HACD3,-1.4203782,9.172687
PROM1,3.4535296,5.738786
PARD3B,0.45081297,-5.252989
CCDC127,1.9289083,5.5481763
MSL2,-2.883907,14.284745
OCIAD1,-1.4652194,0.4562861
SLC50A1,-0.64804673,-1.9537592
DIP2A,5.249209,-2.0448399
SS18L2,-7.2360215,-9.545612
SCN5A,-13.247164,9.233866
HOXB5,5.986204,0.4201213
PPP1R35,10.864951,4.4876823
USP9X,-2.0598137,-8.331935
SNHG7,-9.330862,-0.6498782
IGLC3,8.922461,-2.0626674
TACR2,-3.4436433,6.655693
AMIGO1,-5.887472,5.6630535
SETD6,-3.618127,-8.233139
AHCYL1,-4.6244,17.28302
TNKS2,10.639091,9.357817
FPGS,-3.6174126,-8.233715
FBXL22,2.972198,3.081982
LCOR,-2.1513662,0.99966675
ERICH5,10.532447,1.1362226
CASD1,-4.8165555,15.5110445
ABTB2,9.061757,6.2085724
PDLIM4,-6.8976874,-2.8918583
PHLDA2,5.868951,-4.2144947
SPOCD1,-3.4855206,9.20427
PER3,1.635705,2.4400046
ACOT2,3.8927672,7.1666045
FLNC,0.12292185,-0.034063067
TUBA4A,-1.0402417,-2.460932
LPIN2,-14.39619,1.797121
ARPIN,11.498723,-1.698567
SPTLC3,10.146467,5.4020286
AFAP1L2,2.70148,-2.4207468
KMT2D,-0.40289864,18.35114
TTPAL,-0.17528568,0.028147135
DESI1,11.270919,5.495976
SPAG8,13.8144865,8.711292
CHST15,3.0531297,5.7113085
NOMO3,-3.97485,6.8302593
KIAA1211L,-2.060958,12.370868
RCC1,5.4328027,8.039028
FAM89A,0.70956486,12.014212
ZNF518A,-9.26756,-2.664091
CD300LG,13.008634,1.947651
NPIPA1,7.3122683,9.518559
KDELC1,8.3133135,11.740449
MPV17L,2.4546702,8.510713
MATR3,-1.0126556,-2.4662857
MTCL1,-8.377616,-0.18290809
CAPN2,-10.869812,11.074356
FAM107B,-12.204217,-4.6739745
FAM181B,3.728616,-1.7137114
BLOC1S4,0.31660956,-1.8137681
TOX3,8.623993,5.234122
RPL31,6.7515736,4.1926737
SHANK3,-3.7500203,2.5940545
RWDD4,13.308091,4.2294483
CCDC39,-9.774281,7.368051
RPL7,-9.238504,-0.50285023
ABHD10,8.038017,-7.0249953
TGM2,-11.863735,-5.2205787
CD320,-2.483256,1.9110135
CDIPT,-1.0952016,4.347413
SLAMF1,-9.177403,3.8309472
PSAT1,5.983013,0.43593082
HCAR2,-8.933567,-2.327628
ZNF283,9.867703,12.574218
ASB2,0.4495485,-5.2569027
ZNF394,8.3703985,-0.42881656
PUSL1,-2.6116493,-1.1952631
ZNF567,10.836151,5.116476
MED29,-10.325613,-3.119933
HTRA1,2.045715,-10.749196
SH3BGR,14.927012,4.0740347
RAVER2,-7.0849233,-4.307546
MCM4,11.906724,3.2964466
CLASRP,-8.107423,6.2036777
CROCC,6.368163,6.7071333
STOM,5.0772266,-3.633248
ZMAT2,5.046837,8.455073
RFT1,-0.9900356,-1.293436
CYP17A1,-8.103784,12.358576
TMX1,0.10829112,4.3183727
ZSWIM7,7.338563,9.478965
EIF4H,11.546439,3.0575984
SOBP,2.948709,3.5565214
UXT,-9.677885,6.126445
PPP4C,10.18887,-2.620017
CHD2,-6.251075,6.628107
ACPP,1.6761658,2.4645815
CDYL2,3.3345466,17.814919
SLC25A30,-11.44038,6.290027
KMT5C,-1.4279222,14.677352
TMEM173,-7.5784297,13.559237
SERTAD1,1.7814509,10.4453535
TRPC4,1.618823,-4.047135
GFRA3,11.848019,3.2415102
SIRT3,3.9394283,9.425832
IRF7,11.320337,-3.7830093
MAML1,-6.8560977,-1.3265231
YRDC,10.029576,-1.212751
ZNF790,2.9374568,3.0335202
ADPRH,-6.0659804,5.847925
COPB1,13.806987,7.3937974
NLGN1,4.8936076,10.33008
TTL,-6.7769117,0.5554388
HDAC9,8.174395,-7.196101
CPSF4,9.731016,5.2007256
RABGGTB,8.0053425,-6.9955735
SELENOS,7.573457,12.437636
SUPT7L,-8.545033,-6.863425
MXRA5,8.458471,1.5754073
PPP3CA,-14.654521,6.3986173
LYPD3,-3.7725544,-5.8666825
ZNF281,3.7203526,5.0163207
TRMT10A,2.2913475,9.36897
ITGA1,0.43343252,0.7626151
FNDC3A,-0.29045278,-7.6924615
SGSM1,0.5281194,9.07445
ASB13,-0.3608787,6.611961
IPCEF1,-4.3116236,4.3551965
IRF3,2.043632,-4.178106
CST3,3.7768214,12.963282
ANO10,13.309591,4.234948
SHB,2.0345428,4.7076674
ABCE1,-4.9300838,-0.0149266245
TDRD6,0.45826104,12.147051
MKI67,3.9803858,-7.1474047
ADH5,-10.703689,4.1469507
NAP1L1,3.8175354,-2.4915528
SPSB3,0.010419297,6.7266316
MED11,-1.2435331,-9.836643
VHL,-5.46912,5.269407
FAM98B,-7.5415196,4.725247
PDE8A,-12.201259,-4.6795177
FEM1B,1.2820275,17.147137
STK39,-8.341628,-0.15287913
GPC6,-5.7828617,0.60072285
MRPL44,9.864533,12.573149
PET100,-1.1506547,7.555325
CHAF1A,-2.1466172,-1.3252467
MANSC1,5.7900214,-8.676879
RMDN1,2.9130707,3.0563586
CABYR,-10.927011,9.972332
DHRS7B,0.30533144,-1.8212312
CPB1,-1.8507091,1.4733886
LURAP1L,2.12187,-11.014582
MIGA1,-1.1991292,7.4183664
EXOSC5,2.442925,-8.507422
FTCD,0.088480115,0.8512817
HAPLN2,6.3463106,6.7000556
KDR,-3.239575,3.4366152
TMEM98,2.319675,7.3456874
SLC25A5,9.841399,12.561937
ADAMTSL5,11.763054,1.3409196
COX19,0.473712,1.6436883
RPL36,1.9647866,11.392547
PPIA,5.240823,8.643361
ST6GALNAC3,-6.366359,-8.63862
CWC15,3.383367,0.94414276
NAPA,-3.0294287,-0.57943755
AARSD1,2.0377421,4.7070193
IFNAR1,11.329979,-3.7904344
DNPH1,2.3666298,14.750476
CACNA1C,4.3749547,2.6538703
SHPRH,-1.709283,1.3612647
NPY1R,-14.391315,1.7914271
RRM1,-4.333893,4.3774443
FAM92A,-0.05852275,-2.6238282
ZDHHC2,-3.2990248,9.483105
HECA,9.337168,2.2708588
SMOC1,-11.441897,6.29291
POU2F2,-6.5275073,-4.800349
GHR,1.9874566,12.971069
EPB41L5,-9.590353,13.636701
DIS3L,5.8226895,-3.7970355
LIMS2,0.5241137,-5.231808
DDX60L,0.79227686,4.91258
GALNT1,-1.7233846,1.3136983
GARNL3,8.163575,-0.14270958
MTHFD2L,5.4457083,0.80500746
SCN9A,1.9294965,5.5253086
MAP1B,-8.8322315,2.8629346
PRICKLE1,-7.9092407,13.821011
RPS15A,2.049676,11.510332
COMMD9,5.1732826,13.82791
CSF2RA,-2.0098882,16.98597
SERPINA1,2.0066726,-10.697508
HOPX,-2.0431178,-1.814471
MYOF,6.383314,5.3770676
ADCK5,14.246281,5.2548385
ISPD,3.4075258,-1.7811611
IL3RA,1.3378869,-7.1940007
ZNF33A,8.294576,11.744014
TSTA3,8.742361,-9.839715
TMEM205,-0.9903794,0.40205583
RBM10,12.988422,10.320713
LZIC,9.8671255,12.573588
RPL35A,-8.798756,-0.43970925
DNAJC5,-4.7570014,-6.4663877
TSPAN33,6.2514067,17.28083
PHF20,5.7380915,-4.531412
RNF216,2.5726655,7.1120477
DES,0.15533188,-0.058989342
SETD1B,-9.589289,13.6364155
MSI2,8.495012,4.974834
GOLGA8N,3.6120708,-3.3211057
RILP,7.18933,8.052702
NAP1L3,-8.01543,-8.4530325
CPXM2,-5.50702,5.3131194
NDUFV2,-7.1996846,10.16113
NTF4,9.655824,5.2517314
ZNF644,10.838248,5.1320286
MRPL10,7.4056997,3.7868855
SQSTM1,-0.043081738,-2.6021528
RPP25L,-4.010616,8.674966
TMEM109,4.7899323,3.461929
SOX17,-0.18238364,8.169024
SYNPO2,16.883013,4.5506682
COL11A2,-2.0392764,-1.8033637
KIAA1211,3.8531191,9.408959
CSNK1A1,-0.12782532,5.930242
EDC3,-1.4629703,0.4529969
TEAD2,-0.5123825,-6.275927
LEMD3,-2.8818169,14.2828045
RAB1A,5.8259053,-3.7927053
MGRN1,-5.046911,-0.57194513
ELOVL5,-0.6941956,14.681086
ROR2,-1.7669775,9.721153
NFIA,5.4557905,11.892304
KIAA0232,0.009601382,6.9081125
TRPC1,5.436346,8.027696
DNMT3A,7.4894786,3.2610583
ZNF239,-2.02513,-1.8089854
PDGFB,0.521878,12.127036
MTR,-7.2374687,-9.547247
SYNM,0.1395158,-0.041631848
PCYT2,-11.438677,6.2877183
CTSL,3.62325,-3.299403
TC2N,10.716614,11.325183
NCL,-2.2862906,8.398013
SLC17A5,-1.3037646,19.611446
MRPL13,-5.722677,13.197583
RYR2,-5.2247577,-3.3849766
EIF5,-10.325127,-3.1201227
SPRY3,3.8763635,9.419914
UPK2,0.26438043,3.0380483
STAT3,-4.8802543,2.4174845
IFRD1,-13.84934,-1.2653145
TAB1,9.094138,13.641124
NRCAM,4.1601233,1.1591276
MBD6,0.5560071,-3.3950686
CDK8,10.932826,10.64451
CRIPT,-4.596602,10.972971
GAB1,-5.594477,-0.82627976
SF3B6,4.736872,10.615596
ADAL,-5.809538,8.801898
RNF128,8.321874,4.777983
CD83,11.630747,-5.3393836
JUNB,-0.9877494,4.464138
NQO1,-1.5277534,-3.5792925
FBXL2,-9.369436,-0.50565255
LCN10,-3.9842634,6.838382
NSMCE1,2.357317,9.4916115
SRR,-0.9967627,-2.4487243
CLEC11A,1.5286114,16.095665
CDR2L,-4.8771343,10.682676
ZNF234,-6.7585955,15.4378605
MROH2A,11.60725,1.5213511
MED13L,5.789507,-8.676654
RFX1,9.154674,3.3925943
IARS,-9.780313,7.369292
TTLL12,-3.9921901,-4.996389
CDKN1A,10.926639,7.9483986
DDHD1,9.547351,5.7932296
PLCXD3,-4.393978,4.4072556
ZMYND11,-3.2680001,6.476168
KRT80,10.866216,1.0781841
RFC5,-0.22818841,8.596208
RFX5,-2.1257434,12.419146
RXRG,-0.3166865,18.448938
FRG1BP,13.255603,-1.5904639
NFE2L1,-3.5804164,-0.8206514
BLMH,-4.770777,-6.421271
COLGALT2,10.589456,1.8190295
TRIM16L,0.43513128,-5.3271613
HAUS3,2.3653238,14.750814
SRGN,12.550165,7.445935
NUDT15,6.134965,-2.4256334
RPL35,8.590808,8.707113
RNF43,6.0382714,2.340787
ZNF850,-0.23809561,7.5258613
CALD1,0.14565356,-0.07188583
COL4A2,8.992115,-2.1291406
PDCD2L,-14.4313755,1.8372755
BISPR,-0.9443343,1.9722108
CPM,-9.775268,7.367259
FAM220A,0.87943614,-3.4672384
SLC17A7,-0.8728309,-12.356428
DDR1,-15.128296,4.5200043
POLR2J4,-12.064187,5.04193
B4GALT1,0.78331673,11.823535
TMEM254,-1.4382993,-2.51543
HSPA1B,-2.9096835,-0.55742717
LRRC2,-4.74459,9.257756
R3HDM1,-1.0273887,4.424328
IMPDH2,2.104254,-10.955987
PTDSS1,-4.729896,-6.4548745
APBB2,9.838036,-2.298155
SRSF7,-3.425086,6.621498
PRTFDC1,4.939536,10.292878
ZNF785,-1.1849219,-5.81797
SLC22A23,-2.5661511,-1.1407577
PPME1,-3.0823722,0.9534052
MTMR14,-8.089901,6.2165914
ZNF777,0.0597562,-3.243284
PDCD5,-3.1993554,18.059187
PRKY,3.2100637,11.864035
GALNS,-7.2358575,-9.546268
LYPD6,-1.161126,-2.7244906
STX7,-0.016095351,-2.6422973
UPF3B,2.7467713,-2.5473032
KMT5A,1.9837196,12.965219
SOCS2,11.079737,8.077191
KLC4,-0.2914358,5.686127
CENPO,9.039597,10.427956
ATP11A,-6.0656204,-8.52554
TTYH2,2.0345473,4.70718
NARF,-4.8700666,10.692062
PODN,-7.9990826,-8.430381
RCE1,10.208569,-2.6232488
LRRC1,-6.9247622,16.489841
TCF7L1,-5.2273273,-1.0230424
CCM2,-10.38874,-7.6089053
NFIB,2.037585,-4.174671
DCP1A,5.790049,-8.676953
RINL,12.987357,10.320158
MEX3D,1.6528314,-8.832549
TMEM178B,-11.019477,-5.330128
ITGA8,3.55884,5.55478
DECR1,-1.1262329,-2.6653616
TBC1D23,3.9037197,3.6863465
AP1S1,-3.0791137,-2.0714386
RAD52,4.648903,-9.471639
HIST1H2BK,-2.030988,6.253462
CSDE1,-3.5123258,-0.7432727
SCOC,3.321257,2.0630152
PSD,11.4956045,6.845243
PPT2,3.2137716,11.863466
ZC3H12A,-2.3250616,0.68893737
SNX11,6.5608196,-4.7701473
PLBD1,10.565018,1.8492805
ZBTB33,-4.1238966,16.04204
ZNF585B,-0.12409181,5.931087
SZT2,0.32412434,-1.8142043
LRRC23,8.621467,-3.0258565
CAMLG,-9.590664,13.637061
DOPEY1,5.668495,7.851957
RIMS2,13.726939,7.3295665
ZNF559,-0.67746645,15.156052
CSTF2T,4.395635,-4.284333
CHST11,1.0199665,7.594721
FICD,5.2008543,6.3578544
MDFI,-0.7921518,-3.6219869
LRIG2,-7.9773064,8.383403
KATNBL1,-0.62971276,4.8689275
PSMC3,-4.4934154,14.329024
DOPEY2,11.6087475,1.4973494
BCL11A,14.121882,5.36116
NUTF2,1.716705,9.436128
HTR1B,3.9155684,-7.0133333
TCEA1,4.522108,16.093641
TSPAN1,-1.2354141,9.498621
IDUA,0.8087398,4.9299884
MDC1,1.3799238,0.950915
KCNJ15,-1.6481032,1.3069983
KPNA1,-4.6109767,17.26958
SLC2A11,4.7560053,-9.291966
BRICD5,-1.5444093,-3.6104193
FBXO3,3.9411502,7.655086
COQ7,6.070493,12.132839
RAB29,1.1374472,5.5743623
CCDC102B,-6.758552,15.4384165
COLCA1,-6.52767,-4.8019786
ATP5G3,-7.376996,4.602177
SMAD4,5.8013697,7.732967
CPVL,1.6484063,-8.834675
UQCRH,-3.4730492,-9.602212
NMNAT3,-2.675159,12.722413
TMEM106A,-3.8684287,-3.0892847
LRRC57,-1.0886962,-1.3037329
DBR1,11.223281,4.618005
NIPAL3,10.727904,-0.07777225
WNT10B,13.417394,-2.2539265
MIB2,1.9400901,5.445055
RBM8A,1.7405474,10.450124
SNED1,-1.2293367,-2.7679949
HS3ST5,6.351229,2.675022
ETFB,-4.124665,16.043467
ADO,-5.790653,14.414855
COL4A6,2.1609583,-7.469838
APBA2,12.983564,10.316019
HS6ST2,10.702814,-0.10798684
POLR1E,-8.079266,6.2138433
CS,4.3529124,15.900557
NR1H4,-14.391814,1.7903095
FYTTD1,10.5802355,1.7575147
CCDC24,7.091213,9.865833
FGFR1,-0.31760508,18.448227
SMOC2,4.2484074,4.455144
PPIE,6.112191,2.1078112
BABAM1,0.8656605,-2.3769386
HIST1H4H,-4.884126,10.673096
SMC5,-7.9684715,8.385406
IFI35,-13.850112,-1.2658068
ACKR1,-0.24230443,7.527495
CEACAM19,10.9178505,4.496465
OGT,7.2511625,3.634329
SUSD2,0.022407835,-3.9843729
OSTC,5.821541,-3.7978156
BMX,0.24793075,-9.412146
MTBP,-0.36007902,-2.7044299
NOL10,0.7924045,11.317499
PRKD2,-2.285973,8.38379
MTX1,2.4823587,8.501369
NOL9,-3.269201,3.4538186
MAGIX,-13.246704,9.233829
PINK1,-0.6487081,-3.3603423
TRAPPC4,10.9365,10.639099
NIPSNAP3B,-3.9739645,-4.999087
TXNRD2,-12.420002,4.757671
GPAA1,0.8129137,4.923976
NLGN3,-5.606831,-0.81774956
LPAR1,9.164713,3.402708
VPS13D,5.688274,-4.4945807
EXOSC10,9.712513,4.078224
FOXS1,-8.812057,15.77455
DPY30,3.2865167,14.218835
EMC2,-10.113539,9.161795
VANGL2,8.099861,0.7269629
CAPN11,3.4219766,-11.867772
SPG7,-12.061791,5.044181
EHHADH,-0.651946,-2.3121893
TUBB,7.428782,11.015941
COL15A1,-2.040312,-8.31469
CNOT10,-4.109515,5.440774
IL33,10.982727,4.3284183
PRKAA1,-4.8168054,15.511431
BTN2A2,11.857574,3.2523851
LIMK1,-1.8572986,9.378497
ACTC1,1.6020911,2.489787
CCZ1,8.316827,11.762603
KHDRBS1,-6.924639,16.489414
NOXA1,4.0108447,9.468313
SNHG17,1.8045511,10.387517
PMM2,2.6982613,8.279443
SEC14L2,-1.0597326,-1.3379368
MBTD1,8.355817,-0.41427967
TGFB1,-6.4295373,10.724089
DNPEP,-6.8543077,12.15986
FASTKD3,0.52708304,-1.7804049
UBAC2,-10.871301,11.075206
S100A10,-0.002651879,6.1733327
NUAK2,6.8636136,-7.8611097
GEMIN7,-0.89945996,0.67938334
TMTC4,2.5220625,-1.5191231
LARS2,-2.1948774,6.225894
ABCC1,8.924123,-5.3144774
ELL2,3.3977618,5.7918043
ROM1,7.198417,9.7356
MRPL4,7.032442,11.105046
GEMIN5,-6.901009,-1.3029696
PRDX4,3.0310607,8.4552355
THRB,-6.614368,8.9802065
TNFRSF14,7.987826,0.8129544
KPNA6,-4.6120377,17.270245
TTC8,-3.7647107,2.5983856
ANKRD36B,-0.99155957,0.40617478
ATN1,-0.51479644,-7.3914566
UNK,-7.2286925,10.165139
ARF4,0.020460358,6.170403
FLRT3,-7.6005363,10.154359
HOXA1,-11.026077,-5.3246202
ATRNL1,3.2507148,6.072668
IFT74,8.68158,-5.3182726
AFF4,5.785744,7.7420297
PRSS2,-8.472039,1.0608108
SPTBN5,-1.4252129,9.189349
KYNU,12.980664,10.313918
TMEM86A,11.920897,-0.97293925
ATAD3B,0.5352193,9.057663
NUDT19,5.882147,-4.2123327
GDPD5,11.300879,-7.1450014
NPIPA5,-3.3185275,-7.197399
TBXA2R,-5.8859773,14.507486
FAM49B,-1.4813982,1.0189142
STX12,10.520857,4.772214
MAP3K21,-12.899935,5.4610267
TNFRSF25,2.291405,3.6466968
IL6ST,7.009009,-1.7676193
PKD2,0.54603076,-1.7652613
NECTIN2,1.8050679,10.408068
DAB2,10.841962,10.601843
DOK7,8.493818,4.9779587
TRIM5,13.067857,1.9741447
QDPR,8.566799,-5.14204
IARS2,0.6578773,5.1837497
DFNB59,-5.474055,-0.8516805
MKS1,-0.643236,4.892484
FDPS,5.9885726,-5.558828
LILRB3,16.30105,2.6870804
SHF,10.19109,-1.3805035
DPYSL2,-0.17637551,8.152969
RPL5,9.993934,-3.7436523
LPCAT2,3.203664,-5.1692457
CCT3,-3.8858197,5.527021
PTGR2,-0.56759816,14.786252
STX3,-0.20079674,8.612307
MCMBP,3.9256902,9.428751
HOXD4,0.79208595,11.817739
BEX2,10.631511,1.7625558
ARMC6,0.15610248,-1.8363196
FGFR2,-3.0109553,2.0465717
FAM219A,11.361566,5.628101
NCOA3,-6.0391273,5.821976
PLGRKT,1.01882,7.594934
PSMD13,11.496933,-1.7323399
RPF2,11.44922,-1.6710334
KANSL2,0.7746322,11.821063
NEU1,13.073222,1.9753499
EFNB1,11.184787,0.21532157
ABTB1,0.4764998,-1.79271
EFHD2,-0.5181529,4.902643
KANTR,11.478075,-1.6905421
ADCY2,-9.945659,-2.6692097
COL4A3BP,8.55395,-5.3325014
TRIM68,8.213763,-7.240208
SMIM4,0.47565362,1.6399807
SLC2A9,-2.7191348,-2.027959
RPS6KA1,-0.7031678,-3.2335231
METTL12,-1.2521117,-9.845915
NDUFA3,10.720676,11.318846
HSPA7,-0.60028857,-3.5115464
CUTA,-7.3690476,4.600938
TIGAR,-10.140489,9.139066
KLHL7,-2.3041072,0.70446694
SDF2L1,5.3513327,-5.806929
SZRD1,11.379278,8.563319
TMEM204,2.132447,3.5595963
TMEM242,-0.94031656,5.580126
FAM102B,7.432398,3.7731872
KBTBD6,-1.4587988,-8.4119625
PTGIR,-7.7318597,13.677969
KLHL26,-1.1615555,8.748124
ZNF576,10.508861,9.205545
TMEM201,-8.046192,12.30717
DNAJA3,-8.452963,-0.2318863
SLC3A2,2.1044037,-10.980685
ANXA8,6.2050834,17.321966
CYGB,10.161107,4.7601743
FRZB,7.597916,6.4947095
CCDC9,-6.8503118,-1.3308961
CDK4,-2.1980777,6.2235785
B3GALT4,-3.7642746,2.6020977
AVIL,-4.2250905,5.451691
MSH2,-11.92759,-1.6727753
SNTB2,5.5721164,5.984263
PPP1R15A,4.744063,-9.269861
ABCC3,8.432476,1.6003914
DSG2,7.301294,9.710292
HK2,-2.6623645,12.740155
GATM,13.285942,-1.669662
ENTPD3,-5.3615985,-11.1353245
LRRCC1,-10.819582,11.151632
SH3BGRL2,11.631723,3.1023376
KRT13,10.1834135,5.1642857
PRRC1,3.9397688,-7.074075
STK32A,11.151089,5.2474327
ITGB7,3.750612,-3.0860145
CLPB,-8.381955,-6.4617195
WDR86,-7.1829567,4.5361238
GRHL3,-3.7718272,-5.8680468
FZD6,6.392961,13.1909275
NPTN,-0.7316371,3.004972
CTSZ,1.725851,9.4372225
SRSF11,-0.022303008,6.73699
CERS4,-0.19106653,7.9862614
TMEM132C,-4.4943566,14.32776
PGM2L1,3.8547661,9.418357
NFKB1,-6.738215,15.440124
SLC6A6,-2.613087,-1.1964227
IFRD2,-12.276624,7.444856
PRKAB1,8.350994,-5.519297
ANKRD49,1.8032124,10.402702
EEFSEC,-2.9396,-0.5557029
ACSS2,7.1882963,3.545134
FAM173A,-3.8217554,8.384324
SEMA3A,2.153481,-7.4633365
RPS6KB1,-11.928779,-1.0744112
VASH1,9.862381,12.568833
TYROBP,3.8574526,7.2454157
STX5,9.752636,8.322018
UBE2R2,2.7838316,-1.4273798
BLOC1S1,5.0134854,-6.2912455
TOR1B,-3.7890036,5.499062
SLC25A43,-8.012003,-6.309121
ATAD2B,-1.0399407,10.935925
FAM234A,-5.680246,11.643192
METTL9,2.154798,-7.4624333
HRAS,-0.99116546,0.39780647
RPL23A,-8.82856,-0.47076762
ABL1,-6.8450804,-1.3602583
ZNF616,0.28456908,-0.5696359
REXO1,11.194707,4.647444
CD47,-9.920219,-4.6728797
CCDC28B,7.4248853,9.3415365
CD163L1,13.329745,-2.3245673
FAM102A,-2.0577703,12.365201
BIN2,-2.0207708,16.97028
ARHGEF3,7.649833,-1.4016811
KIAA1109,5.363115,-5.8051667
CCT2,4.382964,9.818621
ANTXR1,3.9485912,14.271218
CLEC3B,-0.4134808,18.33732
NLGN4Y,9.127196,3.3560226
VILL,-1.7674456,9.721072
IPO11,-1.7689087,15.054322
RBM12,0.25849217,-9.402206
RPS6KA4,8.333236,-0.38654324
CBX5,-1.2197018,10.719021
DSCR3,-0.4286656,-2.5222533
RAPGEF5,-4.273883,13.174535
ILK,0.5178941,-5.227535
YIF1A,5.309573,-5.784001
VSIG10,9.799967,8.296105
EGF,-0.8797664,0.68439436
PRAG1,-9.085621,4.224582
MPG,-1.4081316,-9.961657
MEPCE,2.7164695,-2.5777566
PSME1,13.42105,-2.238991
PIP4K2A,7.0976415,-5.623817
SMG6,10.190877,-1.3785282
FTSJ3,4.417943,15.957284
KCNJ2,-10.954324,0.88495266
PLCG2,-9.322054,4.9557776
RASGRF2,-1.3237256,10.623935
PCDHGA5,5.3371935,12.120954
DCK,3.803611,-2.4596965
SLC2A12,2.1572938,-7.4666395
CRISPLD2,3.0367186,5.390061
ZNF285,0.055743437,-3.2466142
DENND4C,0.019495731,6.211336
ISG15,-1.5252085,-8.254322
PLA1A,7.6344314,-1.4109607
ZNF554,13.847161,7.433246
STARD9,4.4850435,12.423758
GIPC2,4.6443367,-9.477516
IKZF4,11.749225,1.3533072
PDGFD,2.8220456,-2.421734
PDE1C,-10.545711,2.2110128
DEGS1,-4.46692,7.359977
SPTBN4,11.489063,6.837826
PJA2,0.021409212,1.1528634
ASB7,3.2182026,0.03247819
GREB1,-10.160429,-4.367974
CIDECP,1.2833946,14.2786875
PELI2,3.864478,-6.961332
ABI1,-6.7371187,15.497617
DACT2,8.571622,-5.313249
ENO2,6.881174,15.06172
METTL21A,-3.994638,5.4304285
GPLD1,-4.5156403,-0.24795868
ZNF44,1.7185698,9.449472
TRAPPC2L,-0.74390626,3.017322
QRICH1,5.657318,-4.515767
ZNF799,5.4843655,-1.0906382
B3GALT2,5.477533,0.7815417
GNAQ,2.5518064,7.151537
EMID1,-3.8995621,11.164206
GSTCD,6.589202,7.576715
MMP23B,3.8192317,-2.2875016
CHCHD10,2.5974972,6.0789323
CDK11A,-2.0220377,-1.8483682
GJA1,5.850961,-4.2327814
CYP2T1P,-12.798491,-0.5505397
SCX,8.880337,-5.285782
KIAA1958,-1.2774631,4.147431
NANS,13.830272,7.4187145
CELA3A,-8.472081,1.0616256
BRE,-0.046653174,-2.6392608
SRPK3,-3.764963,2.6006005
MSTO2P,11.229209,8.270557
PIGF,-8.182098,10.864696
S1PR4,-10.704247,4.1490912
DCAF11,10.898645,7.9310017
APOLD1,-4.2784843,13.175219
NEMF,-7.9988384,-10.676465
CENPE,-0.81970394,-2.4609373
HIGD2A,-10.704673,2.2164667
COQ5,-11.727868,8.910576
PPP2R3A,-8.808548,2.8980854
NOL4L,-4.839287,15.480448
FLT4,11.06967,4.950983
VAT1,-5.507048,3.6498268
CDK12,-0.47389895,14.787863
CCDC22,0.586358,-2.4237602
NARS2,6.863523,-7.860988
GCNT1,8.6515255,2.9584181
FAM86B3P,-15.1284895,4.518703
BCL2L11,4.994829,-6.3143754
GAS6,3.8323786,3.6816201
NAV2,-0.66644603,-2.3026145
OTOGL,10.221231,-2.638933
SH2D2A,-1.3191333,10.619578
NCDN,0.5556295,-3.3911276
TWIST2,-5.5540247,12.404865
DZANK1,-0.62490463,-2.3062677
RECQL,1.2532187,14.065249
DHX37,-6.807815,8.855201
PNMAL1,9.62235,8.438213
CYTOR,-4.932807,-0.01760256
TSPAN8,-7.518767,10.197309
MOB3A,0.6145674,5.086081
HSPH1,-4.797548,-6.3946466
ACADVL,-1.3900963,-2.3557525
WDCP,8.496815,4.981497
GATC,-6.153119,-8.470008
FASTKD1,-3.3518345,-2.1495898
RARA,1.1093516,14.265744
NMNAT1,8.289038,11.739863
DEK,-8.812095,15.774088
ING5,5.4563313,6.1098857
DOCK1,1.339708,-7.1976953
YBX2,6.1518526,-2.2467167
HR,8.318802,4.7737584
ZDHHC3,-1.2111374,8.833673
C2CD4B,-3.311319,3.1968117
HADHB,3.0425282,5.3916655
COX18,-7.528321,10.196852
RAB9B,2.9722733,3.1131556
ST5,-8.18247,10.863581
PLEKHB1,6.1819606,-2.162543
ACADL,-2.9619467,-2.0322175
PPIL4,3.8780608,3.67809
PHYHD1,1.5611904,11.317818
BTD,-12.304701,7.4482408
TOR1A,1.7265295,9.436972
FOSB,-8.983315,9.26895
GSPT2,5.532575,-1.081673
ZNF696,-5.345627,12.194618
ZNF263,1.3395151,-7.1945577
PPOX,-5.1578016,-0.7417935
DAGLB,-6.288396,-3.3862228
ZC3H8,7.5927863,12.460484
NOD2,-5.1764092,-0.7485261
BACE1,-1.0147419,-2.456826
CNN1,2.9873528,3.1095
CDKAL1,-10.708506,2.2208657
ALPK3,-5.168615,-3.672307
ZBED1,-5.4308004,-3.2752144
CLMN,1.0550039,7.387464
CHN2,0.08554377,2.9273517
CACNA2D3,-1.3831292,-2.3618734
FENDRR,-9.062983,12.876622
AAMDC,-0.19011414,-2.9712753
TBL1X,-2.5548623,2.0281303
DNAJB1,-5.174427,3.76984
DENND4A,-2.866843,-4.285394
PPM1J,1.052942,7.376243
TCF3,-3.0674236,0.97069293
OSGEPL1,0.48149496,12.136775
PHOSPHO2,-8.382856,3.0440784
BDH1,-10.979873,0.8984195
INF2,6.8815,15.060755
RRP7BP,-2.028644,-1.8357049
DCAF15,2.7283785,-1.2032454
VLDLR,10.783503,-0.00039048033
NAB2,0.39956763,-2.455258
FLVCR2,3.908104,7.5813513
NFATC2,-0.18215086,-7.901093
AKT2,-2.0761435,12.3815565
TMA7,-0.9663052,0.50696653
MICU2,-8.855515,-7.076823
CACNB3,-2.8664463,-4.285081
RSAD1,-8.98396,9.267852
TSPAN6,7.275294,9.57971
ZNF138,0.038601786,-3.2327924
SLC26A6,-4.0198617,-4.976941
CHCHD5,-1.125448,8.612455
ZNF562,-2.169856,-12.014982
ZNF432,16.810617,4.480374
NUCB1,-5.2858124,2.6488864
CCDC183,5.3722653,3.9185984
MS4A4A,3.9850109,7.685746
CHTF8,-6.7588573,9.886243
HMGN2,-1.7561855,-3.462168
PDE1A,7.10514,-5.632791
FILIP1L,-5.899598,17.471085
CRNKL1,-0.0013538952,10.418219
LTN1,-7.9988565,-10.676348
IL1RL1,-2.6503475,3.1243553
MARVELD1,-3.4818428,8.458749
HM13,6.058603,12.1252165
ABHD3,1.8821728,19.48367
CRTAP,-2.719744,8.489317
MRI1,-4.46348,7.3565774
DHRSX,-0.24430987,8.551688
ASCC3,-8.826964,-7.050446
TNFRSF4,-1.3590991,10.596628
PPIL6,9.800364,8.295678
CHD4,-8.5415535,3.2280598
PEX11A,1.0233982,7.60167
ZNF671,-8.181258,10.865457
PANK3,-3.1190722,12.716494
SLC9A6,11.220377,8.26545
GAB3,9.310464,13.556279
SNX33,-0.9929569,-2.4570034
NCOA2,-6.644408,8.956476
RNF213,-0.84164256,14.019815
SF3A1,4.3853054,15.937677
RCOR1,3.967844,14.25649
ALDH2,3.3199234,0.9697575
ZNF180,3.7755046,-2.628065
ATG16L1,-10.115798,9.15933
FANCL,-7.598689,10.151058
BRD2,-9.288102,4.905822
CSF1,-5.273451,2.6515014
CH25H,-11.442443,6.293108
EXOSC2,1.7728351,10.491085
TYMS,-3.2143896,15.155275
ZNF493,-0.3101612,5.6195974
FGF1,-10.964936,0.89258194
SLC38A2,-5.4771914,5.285697
NRGN,8.7424345,-9.839876
NBPF10,1.9317081,12.893303
JMJD1C,-6.2462673,6.617087
KRT24,-3.5613894,8.510964
HSF1,2.4866397,7.211074
HEYL,0.7283257,14.227873
TRIB2,-1.2569175,-1.9370272
TEX2,3.8237271,-2.2840335
GAS1,-10.581154,2.1834855
CX3CL1,6.1218534,4.934943
DENND6B,7.6731586,6.55281
UAP1L1,-0.23856151,7.5205536
ANKRD54,7.4092174,9.363924
MAP3K14,11.455689,0.23977648
TMEM245,-0.08036836,6.6836767
DDTL,7.6895366,14.006077
PUS7,16.301323,2.6871228
EID1,-8.415985,-7.041421
CYP4V2,-5.4822874,-0.85236496
CYTH1,0.32693362,4.019252
KIF5C,-6.7586207,9.887028
CLTCL1,5.385265,12.040147
TXNDC15,4.1822286,1.1373999
LRMP,-11.975136,-5.068768
KIAA1524,-0.8229853,-2.4585948
TWF2,1.5148958,-4.034664
ZNF736,-1.1937596,-2.3302226
COQ10A,5.308643,-1.935087
SMNDC1,-0.20861727,12.168277
GLTSCR1,-7.1451545,0.7335185
AGO3,4.9858336,8.450915
SCNN1D,-3.0402727,2.029506
CAPN15,6.146279,12.21606
TEC,-0.8242757,-2.4615781
SGCE,1.8916105,9.407239
SCRN1,4.769624,-9.293731
BIVM,4.3906765,15.940645
RAB5B,6.7404356,0.519795
ANO1,-7.9989195,-10.676569
ACTB,2.4847906,7.209197
GSDMB,-1.9155929,9.897025
RBM25,-0.8427752,-2.3886719
INO80D,-0.8377675,-2.4307508
EEF1D,-1.4550831,-8.415835
PRPF39,-1.455734,-8.40614
BCL9,-0.84112555,-2.3179932
MICALCL,-0.81971294,-2.3531704
CCDC77,-0.68053067,-2.305276
RGS10,-0.6818825,-2.3189647
PCDHGA9,-1.2110898,-2.339426
KLF3,-1.1902721,-2.3279784
CHST7,-3.6717925,8.521195
GPRC5B,-3.6421714,8.550252
DNA2,1.9464158,12.876781
CEBPZOS,1.9270457,12.855937
SLC25A46,5.7809687,-3.79753
SMDT1,5.7784195,-3.8008125
NDUFA4,9.973451,-3.7564125
PTMS,9.990405,-3.7431273
ACVR1B,5.723894,0.62777007
SERTAD2,5.720844,0.632018
ELF2,-1.4429945,-3.2837832
GNPDA1,-1.4181638,-3.2509136
SKA2,-1.0248996,-2.5304203
SKI,-1.037929,-2.5556018
COL9A3,-3.857652,8.406226
KRBOX4,10.155887,4.7374287
METAP1D,10.156793,4.737281
ANXA7,-0.024514299,6.3860373
STAT1,-0.024482215,6.4529
ALKBH4,-0.7284815,3.0045536
PPP3CC,14.161139,10.320932
BAMBI,3.4890885,5.553195
KIRREL,-4.467724,7.349713
GCDH,5.048707,-0.025097545
RAB7A,0.1626626,-0.7258747
ZBTB37,0.18186632,-0.6994253
ZNF282,3.503561,5.6598945
RWDD3,3.4660366,5.690872
FAM133B,3.8882127,3.6802325
GNE,-4.30578,13.222224
BSPRY,2.7325466,-2.557325
INTS13,10.305065,-2.4739757
OPA3,6.1147847,-3.0989215
RRNAD1,12.857199,1.8915036
PPP5C,1.1672033,-6.1665707
PREX1,-2.0313616,16.957846
NPTXR,0.54646504,9.076839
DAD1,5.666847,8.854268
DR1,-6.7306623,15.44365
IGHG1,8.858041,-1.9970297
SMN1,3.8366294,3.689077
NPRL3,6.749496,0.50606495
MERTK,-7.8886843,13.801141
HS3ST3B1,3.0452738,5.392111
NOX4,3.7614188,-3.06868
VN1R1,2.1524622,-7.4612584
SMYD5,-9.776237,7.3679404
ZNF525,2.1150694,-11.001686
ANO4,-10.163303,9.108483
ACTN2,-5.170054,3.7703464
A2M,-2.5686576,0.05253027
KCNK6,-2.1454527,-1.2866721
TNFSF15,8.4515705,1.5856471
SPAG16,1.2445647,14.066738
CBS,-0.7163312,2.992721
APBA3,1.0448996,5.4452004
CTBS,6.990363,-1.7613559
MARCH3,-6.6592975,-4.6593027
TIGD1,1.5483205,-1.6859472
CTTNBP2NL,3.7209072,5.952447
GPAT3,4.665853,-3.6103473
TMEM260,-9.945959,-2.6695952
KDELC2,1.3521373,-2.1657512
KCTD21,11.730008,13.386741
MTX2,-4.74411,9.255862
ATP8A1,2.9512324,-2.838585
CDH11,-8.812021,15.774218
SNHG10,-3.5928676,16.738474
DNAJB4,0.63288796,-8.772661
RPL9,-9.315037,-0.6149085
RNF7,7.4258237,11.021927
DPH2,11.465823,-1.7223337
FAM131A,-0.94065094,1.9751577
CYB561,-9.588125,13.636543
CWF19L2,12.54707,12.881423
PFKP,-0.42491105,-2.5075042
DCAF6,-3.051515,12.723983
ANKS3,10.070963,1.827655
ZNF154,-8.166197,10.8834915
KIF3C,13.014618,-3.0077734
ECSCR,-0.39265513,2.7746072
CMKLR1,-1.1415842,5.5936327
POU2F3,-12.066114,-4.911606
COX16,5.6084986,8.821224
SYPL2,2.4235725,3.6652076
SHISA3,14.746098,-1.0871958
MED18,-5.7725444,0.18278296
CCDC82,16.809477,4.4792213
WDR54,-6.17072,10.672077
ANGPT4,-0.93877447,-1.4420624
BTBD11,10.624993,1.7640315
CNBP,-3.865503,-3.088503
EXO5,-0.36701584,-2.6955056
PA2G4,9.976286,-2.4599223
CHMP1A,-1.4487133,-8.411809
CARD14,8.527951,1.5333596
CD34,1.8794044,19.480349
PRPF40B,4.765666,6.5420237
CHRD,-1.42207,-8.39798
AK3,-1.0398705,-1.1699065
POM121L9P,6.7087426,0.53521097
ALOX15B,0.7174523,14.220954
ITGA4,3.2774734,-0.58119154
IPP,0.6902523,-0.3453289
OARD1,-10.048211,2.9701352
FASN,3.828056,-2.2893791
HSD3B7,-2.9942532,2.0534997
MAGI1,-9.777029,7.3682547
SIGLEC17P,-8.006484,6.265363
RPS4Y1,-1.4568878,-8.410431
JAM3,-3.5860078,6.663749
PLK4,0.40634683,-0.29397744
ZMYM3,5.376176,-1.829197
CLIC6,-1.8693693,9.833159
LGALS9,8.692454,10.121565
WWC3,-2.271922,19.37658
ENTPD1,-3.4473462,12.6941185
ECD,9.621934,8.441793
TBC1D14,0.40569663,-9.204296
CCDC124,-5.838772,10.666014
MAP1LC3B,-0.39983958,18.354872
EPOR,-1.9148757,9.892601
COL5A2,0.0012062442,10.41598
ZNF404,0.3325704,4.018011
NUDT21,7.259908,3.6153212
CENPU,2.605689,6.0736103
SLC38A6,8.264278,-5.630286
NPRL2,-6.737858,4.3804464
PARM1,-3.3489037,3.154049
CORO1C,9.132819,3.4191198
BRCC3,-1.1140852,5.585189
METTL10,-1.3021382,10.646262
VGLL1,10.72076,1.0973566
MUL1,7.6673746,-1.3758093
TIAF1,6.8027678,4.3428364
IFITM3,-5.2794895,2.6509979
PRPF3,3.6315327,10.80219
SLC20A2,13.046595,-2.915961
C5,6.6030774,-4.8292317
AMOTL2,-0.72714454,2.9942613
SLC39A13,-1.451039,-8.409032
GPN2,4.6385574,10.82059
IL10RA,-8.046002,7.351777
TAF9B,-10.871657,5.147009
SLC24A1,1.20942,-2.2564912
SULF1,-5.281692,2.6505725
TYMP,5.2228193,6.7806315
SNX9,11.584079,6.9244566
PCDHGA2,-2.7190046,-2.0115304
ZNF235,-0.56112784,4.860683
UBOX5,6.144714,12.212276
SIMC1,-0.21084705,8.606747
KLHL36,7.6902685,6.5645294
TMEM87A,-6.7298713,15.4759245
FLJ20021,-1.9923096,17.007864
SLC52A3,6.798803,4.2842145
ACTR1B,0.4399392,-5.3171563
NR2F2,0.6322011,-8.782418
VPS37B,6.926591,3.3023815
RFNG,7.551755,-1.448975
TOP3A,-3.9675543,2.5115643
CITED4,-6.5579743,6.785717
LARS,5.2228756,6.780348
FAIM2,11.332124,-7.184078
KLHL3,0.6215158,5.093444
ARL17A,8.191344,7.209448
DCAF13,2.1242914,10.990016
OMA1,-3.1687083,-7.016114
SLFN5,-10.676638,2.1909356
MRPS18A,1.9323627,12.885308
SETD2,3.9663227,14.256886
VDAC2,-4.085541,11.1498375
ANKRD26,10.188179,-1.3764094
TRPV2,3.331431,2.0655868
CCDC88A,-8.428169,-0.20849694
UQCRC1,7.663197,-1.3759675
FAM155A,6.6550326,2.9867709
ISG20,-3.4398417,12.693685
DGCR2,-9.877901,-4.6450076
SEMA4F,-6.5247355,6.8420234
NSD3,5.529509,6.029737
HSPA4L,-1.4744116,-3.2900996
PGBD1,-8.821231,-7.047733
CAB39L,3.312812,1.0045125
WDR19,13.37877,-1.69486
HOTAIRM1,13.303157,-1.717244
NBPF1,-9.122879,4.656041
IL20RB,-6.7266173,15.479535
KIDINS220,4.045591,10.022558
ZNF70,0.4147302,-3.2853074
LATS1,-5.778887,0.19928443
SYNJ1,-1.014763,-2.4500222
AIF1,-1.1083748,17.188032
PRKD3,3.288693,-0.3638807
CCT6B,-4.016433,-4.9804626
ZNRF2,-7.5015078,13.519476
TSPYL1,1.5291407,11.30183
FAR1,-0.37726045,-2.5176399
AAED1,-2.9618325,2.0080922
FGD2,8.648731,2.9545069
LRRC39,1.4667414,6.2445965
CECR2,7.2648892,9.591024
MOCS1,6.7401547,0.560657
CRTC3,-7.2355657,-9.546875
BACE2,-1.9462823,15.261845
OPHN1,8.631693,8.663102
PJA1,-10.904161,9.9506445
HES4,3.2122335,11.867751
GATB,-8.379536,3.070132
FBXO38,-2.153147,8.225226
SLC35A1,-0.73310554,3.0113783
CLPTM1L,5.441804,8.023455
GLE1,1.6239973,-1.8992621
STXBP5L,0.39814293,-1.0613629
ZBTB2,6.270464,5.2360926
NIPA2,5.6210723,14.966544
FAM122A,-0.84770274,-2.4521785
LMBR1,-5.5568233,12.41207
ADCYAP1R1,-8.416785,-0.21109864
FRMD8,-1.1052521,10.840188
ZNF454,-1.4555573,-8.414249
INPP5F,-0.7937168,-3.650864
IDNK,-8.382193,-6.401065
MGP,-2.0847735,-1.5572644
RAD21,13.133718,-2.6384687
RHOBTB3,-4.1566863,11.119581
PGK1,-5.4815836,14.07978
LPP,-5.01813,-3.0718737
RAB8A,-6.339339,10.700494
ALG2,-0.29592228,5.047199
SLC30A7,-7.5079036,13.519297
HMBS,5.7416573,8.880835
PLEKHH3,-6.638485,-4.6796765
WDFY3,7.689049,14.006676
ADAM19,1.886417,19.49017
PGP,0.61066735,5.088594
MEIS1,-5.335386,-0.8011236
TCTE3,12.55848,2.6900196
GRWD1,11.91684,-0.97343874
SEPHS1,-10.776317,11.105853
CACNA1I,0.80005956,14.28036
UBA2,-1.2331368,-1.9455628
DYRK4,-0.79180586,5.4857326
TRIM23,6.288763,5.2867856
UBE2Q2,-0.4098185,-2.493662
CLEC3A,-9.226186,-2.6222806
BTG1,-0.6686428,-2.2954485
PACRGL,13.251036,-1.5708486
ZCCHC7,6.17172,-2.1904523
METTL15,1.8903713,19.494186
NOSIP,-9.018612,11.532002
KAT6A,11.419005,-7.2900233
THEM4,-2.3977404,12.628076
NDUFB5,7.642211,-1.4033803
TCAF2,-0.94249815,1.9707117
ANKRD20A11P,-4.6437407,10.966894
LILRA2,7.4495564,-8.570497
UTY,-1.05726,8.499103
CCL13,5.0184364,-0.01172716
S100A8,3.5559494,5.531297
TMCC3,-1.2230654,9.538786
LCAT,-2.894704,10.301561
MELTF,-1.8271908,1.4444256
ZSCAN16,-8.921968,-2.3145025
BFAR,-0.20691732,12.167879
ZNF77,-5.5425687,3.61392
POLR3K,14.016433,5.42148
TAF4,4.3863416,15.9388
ZNF280C,-10.830301,11.166728
ZBTB38,-9.151404,-0.46496555
PSMD12,7.564746,3.1612878
PABPC5,-14.382201,1.7811952
RAB8B,-0.19448161,-2.9657423
ZC3H6,-5.654041,-0.80360734
RRP1B,7.4281106,3.328496
YWHAQ,-4.6432204,10.969482
PHLDA1,8.937918,10.332909
ZNF367,10.197392,5.720257
NUCB2,5.621826,14.967829
METTL24,-2.2461703,8.332317
ATP2C2,11.971758,1.6463389
STX11,8.0273485,-7.018725
MED21,0.63669455,-8.774316
CD4,8.136228,1.8333883
CD38,-8.373113,-0.17895488
ATP9B,-2.1518705,-12.004953
IL27RA,8.186757,7.208458
PTPRU,-0.18890463,8.697554
FAM86C2P,1.6233277,-1.8879606
RABL2B,-3.7732375,8.528747
UBB,3.8181977,14.246393
EVI2A,-2.0313928,16.953074
SPRR3,0.28593242,-0.5816517
PSMC2,-5.7921433,14.419048
KLHL11,3.9594214,-7.1013308
OGFOD2,12.854963,1.8924935
LRCH4,-5.887786,13.102794
ECSIT,-3.3734872,-0.6815882
AMZ2,7.6440787,-1.4045434
DLG1,0.2988225,0.522357
CHST9,-5.3221135,12.169748
PRR16,-2.053733,-1.8394603
SDAD1,2.2268302,4.5995955
LHX4,11.0243435,8.014735
GMDS,6.179563,-2.1686358
HDDC2,5.5255036,6.033695
TBC1D22A,10.121287,1.820618
MRPL11,5.729013,8.854469
CES2,9.977863,-2.4577003
RPL7L1,12.514887,7.423254
PCDHB4,2.9511273,-2.838442
GCNA,1.8895086,19.492828
MFSD8,-8.382105,-6.3926086
C1QTNF6,-7.105256,4.512466
TMEM147,-3.7996356,5.592352
SIRPA,4.938843,-3.6964142
GPRC5A,-6.7308025,15.4789
PTRF,-7.214926,2.193943
PIK3R6,-6.841041,12.147031
ASXL2,0.40640196,-9.203508
CMTR2,4.493459,0.91218853
TRAPPC9,0.3518145,-0.2334066
SPOCK3,0.04140224,10.377194
SUZ12,4.3848076,15.939431
HEXIM2,-9.696276,6.1340933
CMTM8,6.183072,-2.1610227
TAF6L,-9.4700985,3.327642
CYBRD1,2.1950235,8.393572
EFCAB2,11.630755,-5.3422966
SOAT1,-0.9709928,-2.1339982
ZSCAN30,2.12133,10.984896
FADS6,10.617593,1.7909184
KNTC1,-2.6046693,3.102986
SAMD9L,-4.093067,11.151312
AP1M1,-11.80462,-5.2917867
BBS12,5.371514,3.9181044
ZNF653,6.7566013,0.5117338
MAP4K1,2.8745224,-2.43406
ZNF267,-5.207535,-0.7604125
HOTTIP,11.1178055,5.237177
GOLGA8A,11.168011,0.2154041
WDFY4,-12.416805,4.760017
ING3,5.6451597,14.996967
PARD6A,1.9440569,-0.3896815
COX4I2,-4.2727566,11.078657
KIF1C,1.9465637,-0.38920256
DNAJC3,2.0746074,-10.876388
SLC22A17,1.5618852,11.315367
RPA2,-10.827617,11.163926
MOB1A,9.864395,12.575115
ZNF204P,-0.2937786,2.7902184
ERMAP,7.811242,0.945857
CTNNA3,-3.913546,6.783646
BTBD6,-14.306357,1.7059407
RBMXL1,-1.2095525,8.821421
STC2,1.9421273,-0.38804358
RPL4,9.989693,-3.7435186
MAPK10,-5.8392963,14.461904
TMSB4X,0.43365702,-5.321793
GGCX,6.3038263,0.24421361
NRF1,-5.073059,-0.6017773
DNHD1,11.922779,-0.97299844
IRS1,5.6908784,8.872451
TBC1D22B,13.80494,8.7162075
SLC39A6,5.9739943,0.44430158
SMIM14,-7.7889395,6.4978757
G0S2,0.5668015,8.2085705
PRICKLE3,-6.4397116,10.751782
PRORSD1P,-5.8813233,13.105448
CAPN13,3.426723,4.949379
COL14A1,7.4497805,6.332577
RABEPK,8.742239,-9.839705
TTC14,4.9187922,18.828764
FAM212A,3.2458274,7.0416017
FAIM,-1.4124556,0.52462715
PDK1,7.462027,6.343438
UBE3C,-1.4850703,-3.2973652
GATAD1,10.729926,11.311329
PIP5K1A,9.02422,6.303284
ELL,-3.3744066,3.101719
NOSTRIN,-0.9675172,4.4818344
EXOSC6,-0.7250279,3.008561
EPHA7,2.111167,10.981052
CCDC144B,-7.178321,0.6729725
GNB1L,-5.6822705,0.74316025
MAN1A2,-5.4741554,-0.8424294
NAA16,1.0500339,7.379726
BIN3,3.807254,6.1110244
HDHD2,8.239705,-7.265912
NPC2,0.070651814,0.86111355
LAPTM4A,10.685829,-0.14229839
RHOBTB2,3.249204,7.0333104
PTTG1IP,4.8380566,-1.5407848
NAA15,-12.344515,7.4703503
PRMT7,-10.868239,5.1444097
SH3RF1,5.555613,-1.08011
RPL28,-1.4356879,0.67194766
NELL2,12.067832,1.7221497
ITGB3BP,-12.064561,-5.0111737
HCN3,-2.9527957,3.243494
DDX42,-2.1536136,-8.402924
MAP2K2,-1.8909118,-3.5276277
MAP4K5,4.631969,-3.9396403
MAP3K3,13.125767,-2.6508117
GALNT10,6.587885,7.5760145
WDR36,8.771175,10.198705
PROM2,0.038410142,10.379219
SETD9,0.87796664,14.423154
ZNF668,1.5259842,0.8140288
AVPR2,-10.834792,11.171387
EFCAB1,-7.7046475,-2.3888857
CCDC94,-5.6594057,0.7493858
ALDH3B2,7.5929155,13.902394
INTS8,0.83347535,5.08058
NPTX2,3.438611,-1.7652644
RSU1,-0.13240947,-7.832685
INTS1,0.37092546,-0.2303964
MYPOP,-0.15549242,-7.8739643
ERF,-4.272167,13.165066
MFHAS1,-5.8757405,14.499253
CCDC8,10.213364,5.7358427
PDGFC,-9.922008,-4.680224
AOC4P,0.2860404,-0.5697621
PRDM4,4.6367517,10.818947
LNPK,13.415768,-2.2555337
KDF1,9.125354,5.2799907
AREG,1.8974509,19.503881
TGFA,8.286821,1.7094737
GTF2H5,2.9491994,-2.8385143
HACD1,-7.195224,2.1698787
SOX12,6.877292,15.051532
CTSA,7.220367,3.588288
OTUD7B,12.547048,12.880739
SLC6A9,6.8175793,3.1547253
TRAPPC2B,3.2552352,-0.51569694
THNSL2,10.728777,11.312562
GALNT18,-2.4856672,1.9082171
ACKR3,8.24704,0.63862
SLC25A20,-5.317747,12.165704
OTUD5,3.8764021,-0.5468766
ANP32E,-6.7080374,0.54724985
ZNF443,6.183899,-2.152274
ACBD6,-4.06523,8.674494
PIGC,-2.0222816,8.096847
MDGA1,-5.5468307,12.399902
LRBA,-10.1602745,9.118904
CDC37L1,-10.809541,11.127148
SLFN12,0.9260348,12.105252
SLC1A4,1.8180892,-4.102635
ZNF717,3.8728518,9.418673
SALL1,10.519016,1.1248554
IFT172,-0.5147983,4.8966227
ADAMTS8,8.816825,-5.257954
TSR3,3.203665,-5.1567554
RERGL,-9.274178,-2.669477
CCNT2,5.5671806,-1.0784576
ZNF467,-0.37064096,-2.6978128
TTC33,2.1562977,-4.2612543
TECPR2,-7.2360153,-9.546188
BOK,-5.508528,3.6499639
LGALS3,-9.780194,7.3679376
NET1,-10.1584,9.11917
CC2D1B,-5.1296954,-1.2806096
TXLNG,-6.425201,7.2835984
GTF3A,-2.2576737,5.054588
FAM207A,11.379983,8.5642605
IL18RAP,-2.019242,16.970936
NRTN,-0.15088302,0.041295744
TMEM131,-4.237458,1.0170587
KIF1BP,-0.12178071,-7.9080276
TCTEX1D1,4.6648207,-3.6429052
SMYD3,-0.23302606,7.685314
SLC25A36,7.508566,8.393701
IGF2R,-9.454644,3.3332183
RAD23A,1.224209,-6.218356
CDC14B,-5.6655784,0.7424575
SPECC1L,4.769185,5.689088
PODXL2,-0.9016011,2.0238602
MRM2,4.0478415,9.997873
BCCIP,2.51124,8.466353
PRKRA,0.89578193,5.127316
FES,7.493805,3.6857257
L3MBTL3,2.0212297,-5.2028923
C1R,-2.5568812,0.055416442
LAMA1,1.5339488,11.30642
AZIN1,14.258954,5.2460947
SEC31B,4.7808194,6.3574395
OFD1,6.894587,3.2281551
ZNF596,-2.2516105,6.2436285
LSM7,-0.89893854,0.64610994
MED8,11.262352,5.863957
TRAPPC12,3.973613,-7.126305
IGHGP,8.895104,-2.0417433
NFU1,-0.2692073,5.3292775
DDX19A,-6.919103,-2.8930109
CMPK1,-5.1390324,-1.2747493
EIF3K,-10.711905,2.219635
DNAJC11,7.3944926,11.043933
PTPRF,-1.7098162,-6.3972025
FA2H,6.5155587,2.8389533
LRG1,2.1182296,10.985297
CLEC2D,7.4362364,3.299864
NAP1L2,6.985827,-4.753198
SIPA1L1,-3.5447423,9.061989
GOPC,-12.1268,11.602838
MAPK1,-5.140455,-1.2730901
OAZ2,-8.002998,-8.426762
HSPA12A,2.1586602,-4.264047
TMEM106B,-8.677188,-0.35318318
CAPN14,-12.0772505,-4.8916693
PFN2,-1.1134295,-2.6376474
ATP6V1E1,2.6873474,-2.4168284
TYSND1,-6.891033,-4.438504
PAPLN,8.993598,6.3399334
ZNF319,-3.3579702,-0.6760602
MGA,-0.87145203,-12.355626
IQCA1,-0.96548927,1.9514885
HIST1H2AC,-6.7112966,6.7080584
NAPSB,3.7981002,-0.5844476
TOR2A,6.587883,7.5704985
ATP1A4,7.728349,6.5907483
DFFB,0.37291396,-3.2464201
WDR83,-9.838686,3.1215696
SUMF1,-8.060757,7.3599706
RPA1,8.730807,10.159069
LPAR6,-8.735718,3.2550604
NUPL2,7.5708666,8.456793
RNF14,2.0212696,-5.2037015
CRY2,-6.5794177,-1.372944
TRAPPC13,-7.5362673,10.195
ECH1,3.8968484,7.1716704
TMED1,-10.927783,5.2071157
AFF3,-8.647655,-3.9251108
ARHGEF19,2.4313648,3.6641364
NDEL1,2.2749834,8.472174
ZNF587,-6.8406277,0.5768746
EIF5A,1.5667484,11.294246
PPP2R5D,-3.074958,12.720035
CREB1,1.5138724,2.5645375
ATRX,8.742236,-9.839774
KLHL20,2.1690707,-4.2801385
PRDX6,3.4308689,5.7777553
LMAN2L,10.308995,-6.667424
RNF4,-12.371492,7.4989367
C4B,-6.97336,-1.2478456
TBC1D10C,3.2502468,-0.40562472
RBM18,4.639398,9.263393
CTGF,-9.186898,4.7608047
SRCIN1,-5.2845764,12.124019
PROCR,-2.784322,3.158779
KIF26A,4.6378508,9.258766
EIF4A3,10.189255,-2.6439416
ZMIZ2,-9.677812,0.6054671
MCAM,8.874348,-2.0219173
LRIG1,-1.7829458,1.1041588
AP3S1,-10.812671,11.131686
CYP4F12,-6.6484947,8.954202
FAM69B,-7.7037573,-2.388708
RAB22A,-7.955045,13.863813
NHSL2,4.271268,4.455528
ANAPC2,2.1789105,0.63873667
CD96,9.627947,5.726951
THEMIS2,3.8908086,7.5745664
SPTLC2,-5.4581165,8.549298
BICD2,-6.1216364,10.892157
TTTY15,-6.7230825,6.6999516
MFN2,-7.212358,2.0803053
MAP3K2,4.3450203,-4.3536615
RCN1,9.242294,15.359495
BCL2L13,-5.478838,-0.8445552
RASSF9,6.914949,-1.6692582
CTNS,-0.9403617,-2.1810117
ACTR5,10.863859,4.487322
NTN1,-9.314348,4.9433346
HTRA2,7.5536838,8.440282
SHOC2,14.1614275,10.3211565
ACTA2,-1.9949058,17.00585
KLF5,-12.017702,-5.0047946
HMCN1,2.2109854,4.615997
NCLN,5.1848006,6.7995543
YKT6,6.736213,-4.772266
ADRA1D,5.562387,-1.0773565
SRRD,2.4201307,3.6671178
TAMM41,4.771468,5.6824355
HEXA,9.850855,-1.0300348
TUBB2B,-0.395365,6.6214585
KLHL5,7.0840197,9.872501
TCTN1,9.851352,-1.0319902
FBL,6.899385,4.0123267
DEF6,8.193697,1.7856951
EIF3A,7.526702,13.835996
CYSTM1,5.299638,8.695263
MYO15A,-0.955423,11.073587
COQ8B,13.296158,-2.2427661
ZNF543,-7.4367003,4.6486278
PRKG2,10.145942,5.419692
ANXA5,8.671944,10.094419
ANK3,-11.814112,-5.2925906
IRF8,-1.1430552,17.18075
IGSF6,-0.5956326,-1.8993292
RNF10,-10.122311,9.155325
CRTC1,-6.540964,-1.3794247
GAS2,10.858352,5.1263337
GALNT16,8.872922,-5.2399
MRPL52,-3.8709743,5.4973087
INVS,-1.2215868,-2.3575127
MAOB,13.81145,8.712905
ELK4,0.18829007,-1.2160205
MCM2,10.730217,11.311187
POLH,11.921664,3.3128986
PID1,0.008631279,-2.4906936
UPK3BL,2.8868434,-7.1911793
TMED5,1.3722401,10.722886
ORAI2,8.671324,10.093072
DERL2,7.588033,12.453744
PGM1,0.64321554,5.0862517
LRRC61,12.859243,1.8922935
SLAIN1,-0.9221833,-2.1334023
DDI2,-2.0908594,8.166968
TPPP,6.1300216,-2.6015553
LZTS3,4.6354313,-3.94482
FAM189A2,0.32700834,-0.2198326
CTSH,-11.862856,-5.21922
NDUFAF2,-2.2921834,5.1060395
PPP4R3B,14.161152,10.321442
ACAD11,2.948014,3.691026
CANX,-3.1442947,18.003946
WASHC3,3.2234027,-0.01953809
SOWAHA,1.3016714,14.313915
HCFC2,-2.0042963,1.0392225
OCEL1,-1.5325352,-3.6610858
UMAD1,10.696578,-0.12984584
FCGR2A,1.109795,12.343442
DNASE2,5.5339,-1.0784036
ATG13,4.9940796,8.460024
HAUS7,-1.2866825,4.137246
CXXC1,-14.317675,1.7169832
IDE,5.562866,-1.0783114
FAM58A,1.9349376,-0.39145625
PRSS53,1.6952614,2.4562056
MYL12B,2.1552088,-7.4642954
NDUFB6,3.292735,1.0217315
ATF6,-0.66269386,15.091096
DHX33,-1.2312175,14.536206
ADK,-8.8299675,-7.0560737
SPAG9,0.695401,-0.33880323
GOLGA6L10,-1.1394045,-2.6554298
THBS1,5.2916265,-3.6609738
MZT1,1.7772757,10.518164
CYP20A1,1.4875251,2.5740807
ST6GAL1,-7.2280655,2.2048967
BOLA1,9.397228,13.522426
PLA2R1,-10.100248,-4.4399877
PSMD10,3.4254515,0.9034068
CINP,5.747873,-4.402657
ATXN7,-0.7989574,5.487789
F2RL3,8.123849,0.71074337
HSPB8,0.5442771,0.08289153
ZFR,-1.7416916,-3.4561038
GSDMD,-3.549058,-2.1748557
RIOK2,-9.918113,-4.6869354
MRPL23,5.032616,-6.276607
FYN,-6.7069654,0.54738384
SYMPK,1.244543,-6.2333107
TMEM123,-1.7571465,9.711902
VWA7,-1.9290105,9.901352
FADS1,-7.9890766,-6.292629
PRPF6,4.157199,1.1536316
WDYHV1,7.447759,3.2931
C2CD2L,3.6163118,5.4993086
GALNT11,-4.632732,2.1483476
CMTM3,-0.29453433,5.69301
MBOAT2,11.073797,8.097468
DPY19L3,3.2605343,-0.39725316
HMBOX1,0.6363357,-8.775353
FCGBP,14.935414,4.066823
COG3,0.31580558,0.47333673
RFTN2,7.07314,11.133764
DRG1,-2.394861,5.1815267
THEM6,11.423734,0.26380375
FNTB,8.185701,-7.2092013
TBC1D4,6.121887,2.127867
CARD10,10.826393,5.114946
GTF2F2,11.622624,3.0841646
MYL6,-1.0706758,17.223484
LNX2,4.83095,18.740269
MTHFD1,-3.9047163,11.164597
TMEM186,6.800128,10.938355
SYNDIG1,0.63410026,-8.77407
VEZT,-7.704835,-2.3897572
IRAK1,8.15399,-0.13806641
H3F3A,-2.3558404,12.593831
ADCY3,-8.395034,-0.19413568
FOXQ1,9.101165,5.2622404
SAE1,0.39548293,5.159401
BRCA1,-9.106532,4.2580147
CARD16,0.0006090326,6.9082274
MED17,11.412246,-7.2832994
ANKAR,5.4174495,8.054701
HUNK,-11.79006,-1.3804584
CELSR3,1.607684,-1.8882233
OLFML2B,4.637197,-3.9260817
MORC2,-8.015884,-8.452626
CCDC120,8.189426,0.6714623
ADCK1,-7.1973205,-4.231454
ADRA2B,-8.402855,-6.465888
DBNDD1,-0.711074,2.9781916
RUFY3,-5.0172205,1.7359473
ARHGEF37,-3.1695619,6.5205626
DTNA,0.524384,0.101102166
ERI1,2.3868837,8.694598
SYTL3,5.569591,2.3334131
SYNRG,-2.2504256,5.0427675
PRF1,-3.791089,-3.0051236
SLC9A7,8.530995,1.5338608
B2M,1.6593431,2.463744
ZDHHC17,-10.939907,5.2184386
RAC1,4.0373573,10.02372
FAM20B,4.7920384,3.4627082
MME,8.191516,7.210239
NOA1,-10.387287,7.500267
SBDS,1.6447502,15.955738
NUDT11,3.6231923,10.817786
LSM4,5.307183,8.693771
SDHAF1,0.08744805,0.8749935
WDR45B,2.2228231,8.408106
ZIK1,-7.9854717,-6.2941546
ARL2,0.9976405,7.3850384
DYRK1A,8.328742,-0.38065872
IMPACT,-12.872194,3.6613715
PTPN9,-6.6960306,15.511551
HMGN1,1.1158863,5.561945
DTYMK,-0.6279137,-1.9510523
KCNK15,-3.512246,2.3869174
PRG4,-3.5439284,2.2906308
MACF1,1.9077511,0.37884736
STARD3NL,8.950914,10.344771
NLGN4X,2.715439,-2.422297
KRI1,7.5068874,6.4016643
GPM6B,-3.8669093,8.413679
SARNP,3.4258258,0.9020467
TBCB,-3.8439674,8.404649
EIF2B4,5.93466,2.201252
CCDC60,3.8944025,7.1685796
MXI1,-9.155394,3.8342268
ZHX2,5.3064756,8.688483
PFN1,2.302803,9.342169
IMMP1L,10.195626,-1.400995
PTHLH,-9.71291,0.6397943
FAT4,2.4394867,-8.500306
ATE1,-4.401484,-0.18894634
ALG10,4.739577,3.4445312
SURF1,-7.1907034,2.1587622
FLRT2,9.162786,3.4031265
DERA,-0.39407945,6.616684
PLK1,14.732181,-1.080313
FLYWCH1,12.777528,0.22046666
COL27A1,0.05240293,6.552721
RPGRIP1L,-6.501722,6.8734083
DAAM1,-7.9812536,-6.2892246
LACTB2,1.253181,-6.2285633
EMC9,3.3135924,14.168803
TTC23,-3.1509917,6.5165415
BCKDHB,-6.934354,8.759388
ZKSCAN2,-3.587848,-2.1879694
NDST1,0.9268926,12.110412
BRWD1,4.609892,1.2186326
ZEB1,-5.0324473,-3.104338
HMGN4,-1.5050619,-3.303438
ZNF358,-8.8168125,2.86934
SERPING1,5.287337,12.197302
GOLGB1,5.2458014,-2.0447342
SMARCC2,-0.272536,5.7138457
AGK,-1.0362991,8.459554
B3GALT6,10.622956,9.3465605
AFDN,-1.2738403,-9.861166
CNIH3,10.345819,4.9725165
ZNF222,-2.3582609,12.595836
WBP1L,-6.893548,-4.435244
ARV1,10.841585,5.1232924
SRGAP2C,3.8721259,9.416248
SAMD5,-4.3535852,4.397159
TM2D1,-5.867909,14.493487
IFT88,14.910684,4.0959764
WDFY2,-1.7824847,-6.4724026
LRRC42,5.1752276,13.840762
PIM1,5.379078,-1.8944628
PRDM6,-0.15114407,5.431863
ZBTB8B,10.886124,1.7533699
SPATA6L,-0.62754595,-3.4096482
NOTCH2NL,-9.147826,3.5420973
P4HB,-0.6317691,-1.9441874
DMBT1,0.02671846,-3.9840527
TSGA10,-1.9215693,9.899753
NELFA,-3.3364518,-2.1191664
DPY19L1,0.33041593,-5.42836
GPX1,4.4798594,12.427021
SNHG20,5.4019294,-5.8408256
STX2,-6.7219977,6.7038584
OXSM,14.748547,-1.0769985
SCN8A,-12.195482,-4.6754484
ARPC4,0.6100024,7.061966
LAMA2,-9.778675,7.374843
RNF144B,-3.0942197,8.173318
ADAMDEC1,8.835413,-1.9879625
ZNF620,7.5045342,3.6919835
S1PR1,3.2454839,6.081589
PIGK,3.4078553,-11.855947
ZNF83,-0.49591058,14.784214
MLF2,6.952137,11.247841
NBPF3,-3.3007298,9.481755
FUOM,5.662894,-4.5067315
MANEA,1.9121828,0.37381265
CREBBP,5.7409096,-4.5421214
HTR2B,12.724848,7.597761
ZC3H18,11.542409,3.0555954
ZNF821,-6.755625,-4.5755014
FBXO17,2.1298623,4.67285
MEX3B,-0.71703726,2.9808102
NBPF26,-11.750692,-1.2657545
TPM4,-4.6576834,-0.32560974
PLOD1,-2.038892,6.2524605
ELAC1,-5.0863833,-6.662376
KIF1B,1.8874503,0.4200958
PRTG,1.5857459,-1.8581836
NDUFB3,-1.2543743,7.443415
CEBPA,-4.237838,1.0158496
MSR1,0.38089448,3.9572806
POMT1,-5.237516,-1.0260477
CCDC136,-8.788187,2.9533978
LEPROTL1,1.9113921,0.39322096
PRKACA,2.1342957,3.5447524
CCL5,3.2333598,-0.14057077
CREG1,0.44182146,-3.3092258
PSMB3,4.632054,9.275124
FOS,0.34054416,5.208304
CHCHD7,-4.558397,10.980218
MED22,1.8872178,19.491215
UNC5C,6.60098,-4.8272305
PAQR4,6.1266036,-2.5862365
POU2AF1,-0.10455837,-2.2011833
PIAS1,5.7208195,-4.5399704
CSF2RB,11.339389,-3.7991066
TMEM223,2.8856187,-7.191641
INTS12,-7.775446,6.503008
ATXN2,-1.1917199,-2.2925935
GPR39,-1.2652473,9.455123
DOCK4,12.733152,7.6039076
RBM6,10.30413,-6.670976
TACR1,14.257045,5.2483077
TCP11L1,-0.5104475,-6.2799172
LMOD1,-0.083005935,0.034435112
SFXN4,-5.7791004,0.60304564
L3MBTL1,6.264127,6.6650896
FZD10,-4.335134,4.3719397
RCAN2,3.2560937,6.056021
PEX14,-6.392923,-8.655003
ACSF2,10.889121,1.7758359
RIOK3,11.228691,4.622916
BCLAF1,-3.6774669,8.535055
ARAF,7.0704074,11.153828
ZNF362,-0.6655127,14.997008
CHI3L1,-4.980063,1.7639621
OXA1L,-3.7385435,-2.9628377
NME7,-6.1227126,10.891455
ABCB6,-1.5087018,-3.525178
SLC25A15,8.166102,-0.14161849
GNAZ,-0.13879688,0.05107023
TCEAL1,-2.0958734,-8.36759
ICAM1,11.89209,-0.97520214
MTIF2,4.0654564,10.006466
CDKN2A,9.519926,5.8118877
PDE4C,10.846085,5.116063
MLH1,-2.0166788,8.091964
SLC16A3,-8.041428,-8.4752245
PRR15,10.526204,1.1228912
PCDHB13,5.152254,-0.8343737
MYDGF,5.094024,6.7086754
ALKBH8,6.3498487,2.675074
STK26,6.3794584,6.7097516
SLC47A1,-3.1328602,-0.60364527
THOC3,-8.003644,-8.428179
KAT2B,11.485573,-1.7511789
ERCC8,-0.19345152,0.012380853
ZNF20,-2.164505,-1.3872082
TPBG,-3.4841497,9.233743
NDUFC1,-3.4853137,-9.612919
SLC1A2,12.993598,10.325513
OST4,-0.90087146,0.6360588
ALAD,8.146643,-7.1640105
NDUFA5,0.3824477,3.95326
ARPC3,5.478372,11.873583
MOCS2,1.9334552,5.5509577
MAML2,-9.174446,3.8301551
CDK15,5.7277117,2.2995896
ZNF512,9.061247,13.672676
TRABD2B,0.062605485,0.84281313
PPP1R13L,-2.3461003,0.06583876
MAPK8,11.38375,-7.2499294
RGS6,1.59568,-4.0452394
GMPR,-5.5010233,3.6568847
GFI1,3.2305756,-0.13414757
ZNF225,-5.885163,14.508447
ATMIN,-2.414658,12.640733
ICAM5,-3.8885636,6.7725515
KIT,-6.8359504,12.145612
NHEJ1,-1.0199665,5.5792365
PPP6R2,2.0483556,5.3582745
GPC4,16.276543,7.262702
CDH8,-8.123677,7.3837056
PTCD1,-9.088998,3.419068
POU6F1,-7.1659503,12.686688
METTL22,3.7908182,-0.5863854
SBNO2,-3.5426013,2.299342
AKR1C3,-1.2648618,9.467332
DHX38,10.142425,5.4177585
MRPL24,2.2726161,9.353055
ZNF343,3.079756,5.7131324
NDST2,-2.2319849,-1.8900924
ZNF623,-3.2155907,15.155878
PIBF1,4.78725,6.375298
KLHL41,2.9876351,3.0555658
SMARCD2,8.730375,3.1437068
BUD13,-9.711183,6.1447153
KLHL6,-2.004957,16.992123
KANSL1L,2.8675346,-7.168781
AK4,3.774888,-2.12468
DHX35,2.4293144,3.6644766
TMEM214,4.646887,1.2493228
TMEM100,-6.894991,-4.434121
CYP24A1,8.308507,4.7980266
CEP85L,7.479277,3.2537634
BCL7C,0.104263864,-2.4836562
RUSC2,11.5321665,6.8748574
ASNS,-12.302236,7.447099
IL18BP,-2.81756,3.1690564
PPP2R5C,-7.1657476,12.688264
CA4,-10.941175,5.219731
STK33,-3.459086,6.641816
MAP3K12,-2.306567,0.710958
SLAMF8,1.9985397,-10.672088
TUSC3,-5.181719,-3.8973284
BTK,-7.1756167,2.1492903
INSR,0.3377733,-1.8236252
SPTLC1,9.06415,13.670679
FIBCD1,-1.4250246,1.5935901
CAPRIN2,1.9484624,5.4169445
NUBPL,-0.9607912,-1.4207463
TMEM231,3.952956,14.263927
ADGRE5,-0.84387594,-2.5776894
RIC1,-7.3535013,4.5954633
AP2M1,-1.1975881,7.4235682
TOMM70,-12.201443,-4.674947
FAM198B,-0.19101296,0.012436165
FRAT1,-0.23572944,7.5200586
FREM2,3.7168007,5.010989
ZC3HAV1L,-2.0529964,-1.802198
SFXN2,3.053077,5.4007854
SMTN,0.141103,-0.074414596
SLFN13,-4.1282268,8.25922
ADRA2A,-2.6223927,-1.1811088
PNPO,5.105989,6.412103
TAF8,11.435197,9.792789
SLIT3,-8.015827,-8.450591
TXK,-12.900008,5.4610233
TXLNGY,-0.676775,15.155847
C1QC,8.814012,-1.9666983
ZKSCAN5,3.0199046,2.9669323
LILRA6,-12.302646,7.447928
EDARADD,8.126545,1.8420595
U2AF1L4,-4.8138404,-6.3941746
OXR1,-10.282374,9.037244
CSNK1G2,-6.959586,8.714769
EFCAB7,7.03546,3.85107
MAP3K11,0.48797512,12.134796
SYTL4,13.378128,-1.7058235
MAP2K5,-10.387556,7.500437
PUS3,7.8268247,0.94918
UGGT2,1.823228,-4.109138
ZNF248,10.8709955,4.487685
GFRA2,11.857826,3.2521422
ERO1A,5.4468718,8.024042
ZNF333,1.8685186,0.37590218
RBKS,-8.629299,-3.911146
WAC,1.5787513,-1.7901939
TTC17,1.1451678,5.5917177
JAK3,11.326954,-3.787841
VPS33A,-12.202261,-4.673195
EYA1,11.379582,8.565846
MARCKSL1,-3.4328892,12.690021
ADAR,-1.0672312,10.895077
NID1,-6.420457,7.270462
RGS7BP,-10.8289175,11.159494
FARS2,2.4410625,-8.504352
ATP6V1C2,0.46102238,-10.358081
TMEM160,-3.8683503,8.3823595
KIAA1143,-3.1628592,0.8694818
LGALS1,-11.729502,8.912088
TONSL,14.249319,5.253088
RHNO1,3.4418445,5.7939553
ODF2,-12.872764,3.6608644
SYN2,-1.2413775,-2.8183331
CTC1,3.9706187,-7.1205034
CCDC112,-6.1718593,10.671209
MICAL2,-14.654519,6.3986397
ZNF680,-8.001869,6.2337685
ARHGEF39,4.3027587,2.6781306
FCGRT,-0.9096238,5.5396543
MCF2L,12.649525,7.5323462
ZBTB39,7.722861,6.5886645
ERCC6L2,-3.2007294,18.060522
BCAR3,1.080693,5.005155
SPOP,-6.03628,-8.532649
ANO2,-1.043536,-1.1728469
SLC43A3,-0.8737053,-12.355702
DGKQ,-0.9513554,-2.1659684
TTC37,10.313004,-6.6678114
KLHDC2,-3.2995512,6.4998426
TRPA1,-1.9125794,9.898099
GDI2,-5.6668253,-0.81418854
IZUMO4,-12.128849,11.60355
DEPDC7,0.9275709,12.11075
LPXN,-12.180485,-4.717626
FAN1,1.5947746,-1.850358
NCAM2,-5.6842284,0.74394435
FOXO3,-11.937877,-1.6955056
HOXD3,-5.488922,5.3331313
CRIPAK,5.7887836,-3.7461374
PMVK,5.184825,12.345771
EPB41L4B,-11.12778,-5.223828
PGM3,0.25488293,6.7333646
TRMT5,8.742111,-9.839862
FAHD1,-1.2056961,7.4354773
LANCL1,-1.3970625,0.9586216
ZDHHC11B,-2.3921819,8.450771
GSTM5,7.4884133,3.2484434
SLC8B1,-0.6950283,14.672844
ZFAT,-10.387063,7.500403
ASB16,-3.4634783,6.6820254
PHF6,9.173055,15.311835
SLC37A3,5.1568804,-0.8354194
RSPO2,14.187539,5.3045797
S100A9,3.5619395,5.5458875
IL7,-5.0886736,-3.7827318
NSD2,1.0305443,5.0463696
RIF1,-3.6855888,8.532154
MED12,9.376212,3.6743171
EPHB1,-5.480549,-0.84448373
MNAT1,2.9857495,14.397475
MEGF8,1.9256904,5.493877
NAGK,-6.9956627,0.62200326
BAHD1,4.2787213,15.830127
PADI3,3.6394196,5.093728
CLN6,5.9881525,-5.5567336
PTPN4,11.286581,5.80169
CCND3,4.9316373,10.307064
APEX1,5.1751623,13.84138
FAM229B,-3.115019,12.706822
ITGAL,8.767903,3.0514386
CLU,-2.4899626,0.05364084
TLE1,-11.823248,-5.2601037
DMTF1,0.032898765,6.5847764
GOLGA3,4.353359,0.9212564
ZNF385A,13.336311,-2.3263583
DNAJA2,7.019062,11.388746
UBE2M,-14.714927,2.1637263
ITPR3,13.814438,8.71064
TRMT61B,8.311181,11.741574
CAPS,-2.4949129,1.9021769
PTPRE,-2.7407408,12.751165
PTK6,14.703412,0.67751056
PTH1R,-3.588345,16.734476
HAGH,-8.53952,3.2444274
ETFDH,16.880836,4.5489135
TLK1,-12.092187,2.3884835
PIGU,-1.3374274,0.8388916
TGM1,-0.7871013,-3.8677604
ZNF791,5.784229,-8.673894
UQCRQ,-1.154854,7.552547
MTMR8,7.7286644,6.590338
NTRK2,-3.0966473,0.94027495
PSMB10,13.131701,-2.6441586
ZFYVE28,5.71619,0.6356107
EDN1,-0.36365068,2.7580543
SND1,7.674524,13.987653
DLEU2,3.6063464,-3.3290803
SLC38A5,9.172332,15.311483
ADI1,5.082883,-3.6342967
STX1B,0.46659184,1.6305742
CRLS1,2.1593943,4.6594405
AHCYL2,7.2748637,-6.334413
CCDC47,2.1155994,-10.999382
STON2,6.3509564,2.6757689
ZDHHC11,6.35222,2.6833382
CNEP1R1,-2.0418632,-8.317516
RNF19A,12.524179,11.3709545
MEF2B,-2.9423497,-0.556031
MAP3K13,0.50050503,-1.7763342
CHD1,-4.272669,13.1666565
ZNF563,11.209818,0.18645689
IFIH1,9.991557,-3.7470765
LLGL1,1.0287837,12.242187
ADAMTS17,-2.5802884,-1.1669079
TRIM14,0.028015135,-3.223985
DIS3L2,0.93444425,5.0926714
ZMYM4,6.8408647,-7.840435
PHAX,9.845996,12.559163
ZNF133,7.4606028,-8.57248
IL17RD,4.3458085,2.673088
MFSD3,-1.3036963,19.61094
HIST1H2BD,-6.66761,6.739827
SRXN1,-4.8753157,10.680979
TTC12,2.4409506,-8.502973
ACTG1,10.203725,-2.6285975
COL18A1,4.7746463,5.6853766
PPWD1,-3.5565946,-2.1844213
FAM198A,-10.108976,2.925404
METTL17,-8.516859,3.2095113
ADARB2,-8.469667,1.0596083
SH2D3C,-3.264286,3.2932687
POLG,0.2574016,3.0343108
FOXM1,-0.7418936,-2.645235
VIPR1,3.9497108,9.434838
MNS1,-2.5679252,0.053957637
B4GALT4,13.167207,-2.5593913
VIM,-0.39942956,18.355595
UCK1,3.0496066,5.4200954
PRDM8,4.7069154,-9.373959
LHX6,-4.95987,1.8215923
ATXN7L2,3.7344077,5.0005236
COX5B,-3.4485312,-9.583737
POLR2D,11.5038185,-1.6979848
BBS2,-5.4202666,8.553955
RFTN1,11.92527,-0.97056043
PDE7B,7.47604,6.359627
UBE4B,0.44606182,-1.7920023
RDH11,11.141635,8.168515
IKZF5,0.82093495,-3.4451373
IP6K1,10.671036,0.94333255
ZNF155,9.341273,3.6393507
ZNF354B,1.0191948,5.034272
RPL18A,-8.700556,-0.36396608
ST8SIA1,-7.011953,-4.35905
GPR37,-0.3475292,2.74463
AAAS,-0.67649776,-3.1855712
PCLO,8.1046,0.72743696
RXRA,10.977532,4.329862
MAPRE2,-0.9918132,0.39052656
SH3PXD2A,0.30464113,0.5085315
GRK3,8.850577,-1.9916217
ZNF184,-7.1236963,2.0907705
IGSF9,11.651423,1.451006
EVPL,3.6725032,5.0368466
RAB3IP,-2.6096058,-1.1903007
MAATS1,9.173832,15.312692
ROCK2,-4.6039643,17.263023
VEZF1,-12.393174,4.772968
MBD4,-7.002325,-4.3680553
SLC16A7,10.904443,4.4791903
ZBTB44,-0.52664816,-6.2664003
MSMO1,-0.44825748,-1.8704221
N6AMT1,-0.39910322,18.355804
PGS1,0.77212065,11.299826
CHPF2,-1.8543794,9.376119
FLVCR1,-0.8584676,14.056101
KLHL15,1.644942,-4.0472593
MOB2,1.6314445,2.444837
NMD3,4.9164953,18.826506
MTMR4,-10.965415,0.8924996
EXOC6B,8.471815,-5.419553
KRCC1,-13.0566435,10.97217
SELE,-4.4080935,-0.19202103
ZBED5,-4.4476185,11.027074
SASS6,-3.3429346,-2.122422
HS6ST3,-4.500865,14.320143
TSR2,-0.03373177,-2.4997947
NCOA1,5.8028054,7.7282085
BEND3,-2.660107,12.753289
GGACT,-9.982675,3.018738
HOXB2,5.383443,-1.8817954
ALG5,-0.6621439,-2.1058443
CYP3A5,-3.7646952,-5.8343964
ATG14,0.28211892,6.801799
ZC3H14,13.405627,-2.271445
PCGF3,0.2505302,-9.410135
APOBEC3G,10.603426,1.7659359
IP6K2,10.79192,0.0016856472
FOXF1,-3.2160265,18.074118
CAT,-3.5252445,-2.1758726
RAD18,2.3649466,14.750468
GOLGA7B,-11.019526,-5.3305306
NPDC1,5.3675866,-3.6502354
ZNF701,-8.012718,8.349888
LYRM7,-2.6046393,-1.1838429
SART3,4.723304,3.4136944
LYG1,-5.1429024,2.596907
TRA2A,6.8735795,15.042075
GAS5,6.7971845,4.177282
TTC27,11.0767355,4.7383986
NARFL,-2.860131,14.265583
ANKZF1,0.35398847,-1.8100837
PI4K2A,5.5743556,11.536747
TET2,-1.7719221,9.727539
VSIG10L,13.403096,-2.2771533
SLC17A9,6.0240345,-6.2338624
BTBD7,-0.2629037,8.674595
TTC7A,4.3558917,0.923864
TIA1,-2.54878,2.019776
CBX4,-0.80545014,-3.905926
TBC1D20,-3.6180527,-8.234042
ATP6V1C1,3.7649128,-1.707956
ALDH1A2,3.6258209,10.816813
ZNF561,-4.0042233,8.637206
PPP4R1,4.854173,18.763142
PARVA,0.15751056,-0.07798477
CCDC149,-13.057096,10.972202
ICA1L,6.0983963,-3.076292
ARL3,-6.6703353,15.536282
MMS22L,14.748382,-1.0776643
SULF2,-3.5605812,2.2881677
MTOR,-2.402445,12.632553
HIC1,8.359662,-5.5366306
FDX2,4.6383576,9.259942
NUDT5,-8.595249,-6.889701
NELFB,3.0516999,5.389195
NDUFA9,-4.161943,8.280957
XK,5.8628745,-3.919289
CAPN10,5.7201777,0.629382
ZFPM2,-5.661124,8.699265
PCM1,-2.0306954,-8.314243
SNRPB,11.497766,-1.7319535
CENPL,-6.398361,-8.6707945
DENND1A,-5.8805256,5.656416
SUB1,5.824002,-3.7762668
RAB12,-0.26247397,-7.74929
DOC2B,9.529479,5.806971
FNDC3B,-0.131013,0.04339042
LYSMD4,0.22268575,1.3622395
MROH6,-3.989846,5.325597
RACK1,6.828906,4.1574173
HTT,-5.1797695,-3.8923411
MXRA8,-3.1639016,0.87230957
IRS2,-0.80256736,-2.597102
CCDC163,-10.821982,11.143559
PDIA4,12.521357,11.3646345
RLF,-11.977949,-0.9525214
EIF3L,12.531522,11.375889
CDC42BPB,-2.8597646,14.263179
SLC26A5,7.8281913,0.95020396
TMEM185B,-0.17627758,0.03373548
SLIRP,-7.048988,10.172204
ZFAS1,6.8085785,4.1640677
COMMD5,6.378004,-2.7092307
ARID3B,11.684189,3.1350372
EPRS,8.186196,11.655272
BBX,4.7616777,6.5669904
ZSCAN26,-5.4740973,3.6973975
RBX1,-11.723688,8.908911
PLEC,0.61598474,-1.7648351
ZNF514,5.769553,7.7522945
VKORC1L1,3.6938982,5.5006723
RHEB,-8.094091,6.216192
SEMA3C,8.013256,-7.00047
DNAJC19,-3.1319194,-0.60425305
CERCAM,-11.949806,-0.9958877
UFD1L,-7.268679,10.169818
SACS,-8.4690895,1.0594769
GNAI2,2.8221223,-2.4242465
TNFRSF1B,0.77063614,11.988905
FBXW8,2.1231358,-11.018307
MAN1B1,12.545442,7.4420857
CYC1,6.764422,10.922673
BATF,-0.7187881,-3.2891834
MYH3,-7.2088485,0.6159556
VWA1,-1.7711768,9.7278595
SLC8A3,6.996377,-4.7327366
ATF3,1.1256263,5.570244
ZC3HC1,11.731139,13.385664
SPHK2,-0.857906,14.055192
RAP1GDS1,5.404468,11.993254
DCBLD1,3.052309,3.2615237
PTGES,6.014747,0.40318415
FBXO25,6.3653536,6.709482
SULT1B1,-2.6327138,3.122567
ARHGAP11B,-3.9880655,6.84253
ZNF766,8.571443,-5.15365
KLF12,5.432402,8.036201
TPSB2,10.061031,5.533506
TMED9,-0.872255,0.6544523
INTS7,3.3397775,17.823132
CYP26B1,-10.860655,11.072209
SLC35C2,1.247167,-2.2553174
SAMD4B,-5.4656615,-11.241748
C3,-7.3071713,4.5342026
BAALC,-2.6537113,12.760666
ZC2HC1A,8.191997,11.659798
HRC,8.176308,-0.16644897
REL,-12.037209,-5.0394893
RHBDD3,6.914338,-4.762257
MFSD14B,-0.5370583,-0.32338575
PLIN4,11.555138,6.8987365
TSSC4,7.0176096,11.383137
GPN3,-7.523702,10.195993
SNAPC4,-3.3868747,-7.291447
FTX,0.24453709,6.764615
MT1M,-4.618108,2.1782286
PIGP,7.4236455,3.7633624
CEACAM1,-7.174089,2.1144161
KCTD3,6.852353,-3.330585
SLC30A9,0.81187767,4.9257684
MAFB,2.0401783,5.3630476
CD22,2.3077352,7.3551416
RAB40C,-1.442149,14.690888
SMOX,9.879998,14.504869
SORBS1,0.2572069,-0.5907919
PYROXD2,-4.453312,7.3447
SYNJ2,-0.62746346,-3.4818048
SNAI3,9.140509,5.307705
STK32B,-7.646988,13.607346
CSTF1,7.0568366,3.8138156
OAF,11.633824,-5.333398
PTAR1,1.2460399,-6.2335396
IL1A,11.116352,0.9579622
TMCC1,4.798237,18.707182
KLHDC7A,-3.7663598,-5.8495927
SLC39A9,0.09923012,0.8810599
TECPR1,-0.5178164,-6.2729077
TOX2,11.066687,0.26185912
PRAC1,2.2000306,2.4968066
PUM2,2.2062562,2.497649
PLIN1,10.673952,0.86740506
CD72,-7.5405498,4.7240577
SACM1L,-8.41325,7.507053
ANXA1,5.8603554,-3.9091196
FKBP1B,14.749444,-1.0764031
HCG27,4.6713886,-3.608131
CD37,-4.1247325,16.0432
PNN,7.0575047,3.8180363
TMEM135,2.0632997,-4.1970778
SLC22A4,0.713825,12.0252695
JPH4,3.0558488,5.4022794
OCLN,11.117019,0.9591414
ITM2A,3.8173313,-2.5215213
STYX,3.2436702,-0.27764547
MYO15B,-4.96502,10.591469
PCDHGA3,2.0899,11.547165
PRLR,-6.8958273,-2.8917515
CSF3,-2.836426,3.1462781
PIK3R3,7.685582,14.004358
ARHGEF5,9.205299,3.5153913
CPSF2,4.6245327,1.2432921
KDM2A,11.594748,6.9350877
GTF2H2C,-5.751995,13.182228
WDR4,6.535217,-4.7929916
S100A4,-1.1642311,8.752613
SAFB,7.6833196,13.99886
ADTRP,12.983009,10.315982
SLC37A2,-1.7749372,9.516768
PRR14L,-3.9478683,6.808136
CFP,-9.152588,8.545606
LTB4R,-9.063336,12.876385
NAA38,5.6812267,8.868026
RSPO3,10.9517145,4.3603415
ZNF445,-10.664657,11.009678
HOOK3,-10.587544,2.188521
PTPN20,0.023726037,-3.9841483
UBTD2,-7.958648,3.4424665
LANCL2,4.925885,18.836027
ZNF706,11.051745,4.7733183
CHIC1,-1.344881,0.96319675
GRAMD1B,-7.1757812,2.1372745
FH,3.0531602,5.40331
ZNF107,3.9227436,-7.018267
PLD3,3.428135,5.7499495
EED,5.596159,11.476907
TMX3,9.090884,13.6451845
ZDHHC24,-6.178239,-8.500628
PLEKHA3,-9.921033,-4.6714625
SNUPN,-3.40123,-2.1632192
CCDC50,-4.604351,17.262312
MRPL18,4.72194,10.612148
INTS6L,-2.4699743,1.8302952
SLC25A45,10.13047,5.6233807
HELLS,-5.0927334,-3.7764962
DDX28,7.308381,9.713209
BRD7,0.6559903,5.1677904
PLEKHA1,13.728311,7.3299794
PI4KB,-0.9528079,11.078719
TACSTD2,10.846994,1.0707874
MRPL27,-0.9750066,0.39609972
ABHD16A,5.5994844,11.48097
LYVE1,6.3977523,5.3880215
MTF1,-6.9976873,-4.369194
QARS,-11.816445,-5.267183
ZNF69,3.4249885,4.9152308
KLHL21,0.08627003,0.8774703
LSM10,0.82271844,-2.3835196
VPS37A,10.080825,5.5442924
TMEM218,-8.060468,7.3633804
INTS9,-3.3933759,-7.2979074
ENTPD4,3.9898067,-7.1543193
PCDHB5,-1.5659149,14.77959
SUCO,3.0384111,5.389278
CLTA,5.1755953,13.840371
ZNF398,-0.67523396,15.161579
FARSA,2.2430606,9.175747
POLR1A,-0.85666555,14.054555
MARCH9,-1.2003245,-2.756385
ZNF747,-0.8789849,0.6827858
PALM3,-3.757421,-5.8866467
SAP30L,-0.6283675,-3.3452642
CDCA7,4.6451187,-9.478789
EMILIN3,-1.9255984,9.90292
TIPARP,-4.150181,8.288335
RAB20,-8.932469,-2.326218
FDFT1,-1.8537252,1.4758903
PRPF4B,-8.015171,-8.455172
PITX1,-5.8386507,8.823148
TCF4,4.3081665,-4.4103117
ZNF773,12.983158,10.316218
C1QTNF1,-0.24128057,8.642121
TOMM5,-5.748904,13.170157
CBX7,7.570874,12.432134
SPNS2,5.192855,-0.8557025
CYP2E1,-5.85802,13.119819
PARK7,2.350079,8.919738
SLC7A6,11.98527,1.7129364
TRAPPC2,5.564983,-1.0797713
TRIM28,11.561602,3.0634446
TRAK1,-15.128411,4.518698
KCND3,12.681766,1.7854737
WDR24,1.8552605,-0.44337255
FAM84A,3.1749446,5.7376637
COPZ2,-3.2062786,8.365038
CTSC,-0.5001497,-0.30157858
ZNF707,4.839068,18.747952
LRRC75B,3.9380229,7.6459246
GOLGA7,8.3141575,11.73685
GFM1,11.081142,5.1913385
ZNF236,8.190927,7.2089005
MCM8,13.377238,-1.7046782
FAM66C,6.0869975,-3.0889704
KCNQ5,6.6001077,-1.2515067
PABPC1L,12.983743,10.31638
CD300E,0.2956944,6.698868
RGS3,-6.925496,16.490538
SLC22A15,13.3087015,4.2314596
EMX2,-9.320071,4.9549623
TRPC3,5.464285,0.7929247
GAS2L1,0.5706707,5.1247354
TGS1,5.312544,-0.9361962
MCEE,3.846606,-2.520963
EDEM2,-6.0502954,-8.530335
POU5F1,9.149844,5.318953
EXOC8,0.9768953,12.18124
TNNI2,-3.7689755,-5.842857
OR7E91P,-3.7683265,-5.8412585
FUT1,3.0782561,3.5050864
SRSF2,6.8658857,15.025656
KAT7,13.352163,-2.3238804
PIGW,12.35545,7.304219
SPIDR,0.78270346,11.314165
RAD51D,-10.075663,2.9521255
ZNF880,0.40554133,-9.20259
NAPEPLD,2.1269023,-11.025917
SEMA3E,-4.500087,14.3215065
WDR35,16.241943,7.2638874
DNAAF5,8.620179,-3.0284667
PRR13,10.514607,16.886858
CCT6A,4.3394623,9.810744
MGMT,7.490009,3.245688
C1S,-4.844861,15.471466
YAF2,0.38098675,3.9562476
HNRNPA0,1.1251085,5.5661874
ZNF641,10.256862,4.8818345
HUWE1,1.6490663,-1.8970836
KCTD1,3.33443,17.816599
DDX5,6.3818865,6.7123413
TNFRSF10A,-2.699588,8.485861
WTIP,-6.04113,2.1597822
CC2D2B,10.016812,-3.7204404
CHSY3,-0.96708715,4.4817033
PHTF2,3.2361765,7.0427675
URB1,-4.8795033,2.4338279
PRRG1,6.32798,6.6909213
SERPINF2,-1.2620537,-2.786229
FAM193B,-8.576491,-6.880491
SCML2,-2.852399,14.24714
TECTA,-10.86374,11.047417
CC2D1A,-3.566921,-0.8425199
APOM,3.348985,17.83277
TMEM170B,2.6192982,7.0771956
NRXN1,-4.6655145,10.961964
SHROOM3,-3.6362147,-0.866031
SEPT11,1.5102663,16.116604
GALNT15,11.631846,-5.339107
RDH14,11.76638,1.3332174
TTC22,6.389613,2.7223628
ZNF699,-1.0418373,8.468207
SRRT,1.8078598,10.402685
GGT5,0.17628448,-2.4872625
LIG1,2.206413,2.4968271
MBNL3,8.193886,11.6607
HIST2H2BF,-11.438333,6.2894034
TMEM134,7.2269135,3.5971751
A1BG,-3.8409014,8.372831
COG2,4.6347537,-9.488506
TFEB,-5.183092,-3.8971207
SNAPIN,2.133958,3.5456846
BLOC1S5,-1.9706106,15.290692
ADGRA2,-8.937361,-2.3301136
RFX2,10.361251,-2.4986901
RELA,7.0159426,11.391553
RNF152,-7.9842863,8.378306
ATP5E,5.696291,8.862849
WFDC2,-11.9395685,-1.6967034
MILR1,4.6640143,-3.6283545
FAS,-3.8696256,-3.091118
ST3GAL4,8.473119,1.5689584
NR2F1,-8.015138,6.2184286
ZHX3,0.5531083,-1.7670141
KALRN,-4.502721,14.318596
FASTKD2,11.199952,4.627093
SLC29A2,-12.900364,5.4613266
ANKRD44,-0.9787614,0.4325437
ZNF416,7.5080123,3.6941497
DCXR,-7.5420036,10.193942
TMED4,7.5983377,6.494343
RNF126,-5.6575627,0.7583982
DHRS4L2,1.5170641,-4.0364575
FOXC1,-1.3035861,19.611177
TST,8.349414,-5.547772
KCNS2,3.7161129,-1.7151237
HOXA11,3.4207704,4.920519
KCNJ11,-0.8448239,14.028205
ANKFN1,2.0565424,11.517291
APAF1,8.62195,-3.0270352
MITD1,13.869178,7.464143
ZCCHC3,-10.707441,4.14742
CDH1,3.6657338,5.0494804
CACNB1,10.01713,-3.7208445
SOD2,-4.6534476,2.1949959
PKNOX2,-9.018481,11.532364
SPRYD3,2.3630035,14.752808
RABL6,-5.9567595,5.74236
PPAT,-5.051165,-0.5750319
OSBPL1A,4.6807184,-9.411546
SAV1,-7.3861804,4.6205425
CRACR2A,-12.124836,-4.8136554
FYB,-2.0040405,16.993975
ZSWIM4,-0.37445128,-1.8893092
PIGN,-10.70437,4.1467676
EIF2B2,9.840527,12.5625515
IAH1,0.81174254,-2.3890011
BOLA3,4.4860506,12.421489
AXL,2.6137426,-1.4701617
MPEG1,6.3275886,0.26740435
CLSTN1,-0.24116158,8.636632
FAM83D,3.6799977,-3.1715775
ZNF542P,9.31468,13.5643015
OAZ1,4.502591,9.879118
MRPL12,5.3236136,8.693525
ADGRL2,-5.821805,0.5558448
RRAS,3.9286702,-7.0221243
IWS1,-8.061147,12.314515
PPARG,2.251598,3.6224968
NADK,7.6015396,6.4951916
RRAGD,-3.6290555,-0.8577287
CCDC3,-1.4511824,-2.534868
UPK1B,-3.7625256,-5.884729
UCHL1,-6.065373,5.8491
VNN2,-0.64786065,4.890035
PER1,11.631319,-5.3410196
SETD4,2.1777265,12.770039
MEOX1,-0.6006091,2.9030385
BAG5,-1.9936217,17.00814
TSPYL5,9.660691,8.394004
SPTSSB,-3.7648547,-5.8718348
ZNF692,13.959773,5.4337244
MBLAC2,3.82199,3.6821947
AGFG2,3.2077203,11.852982
RPS6KA2,10.927015,10.64201
COL6A2,3.9403303,7.6477766
PIGQ,-9.324371,-0.51357245
CKLF,6.102423,-3.0824564
ZFAND2B,-8.831947,2.8344543
CUL4A,3.447752,-1.8009186
RPL13A,-8.816754,-0.45601743
TRABD,-0.6461103,4.897591
PITRM1,3.7069542,-3.1219606
GNPAT,-0.88961065,5.5396037
DYNC2H1,-10.82987,11.0627985
PTCD3,13.256964,-2.2152236
GEMIN2,5.3986306,-1.8794571
GJB3,11.063924,0.24746786
TMEM127,-0.6216856,-3.5081043
NMI,5.916826,-5.9427195
MPRIP,-10.80657,11.133095
METTL6,5.3256044,-5.7834086
ZYG11B,12.777197,0.21989183
TPRXL,10.564785,1.854328
TRIOBP,-7.5422463,10.193223
MTERF1,6.330022,6.6914916
ZNF302,8.696877,10.123161
SLC35G2,10.950465,4.3540926
TMEM81,-3.2149606,15.155968
TERF2,6.250487,17.281948
OLFM1,-10.86979,11.07512
TNPO1,6.976929,-1.7864552
PDCD6,-5.152003,3.7814653
UBE2K,2.109284,-10.986984
WDR34,5.726927,8.863653
URAHP,10.180403,-6.7721343
SERPINB5,11.000882,0.8940082
PMS1,-13.057063,10.972287
IPO8,-9.154127,8.546135
IRAK4,-5.154156,2.59633
PRKAB2,-1.0174447,1.8610233
ITGAM,3.8699965,7.1653557
NSF,-8.006599,-6.3055634
ZNHIT1,1.0167642,7.5897293
ZC3H10,-5.219433,-3.3767476
ACBD3,1.6260842,2.451042
ZNF436,9.992573,-3.7475874
RBSN,-5.1789684,3.768341
MED23,5.7903295,-8.677054
ITGA6,-9.093226,4.2341623
TP53I11,0.5445497,9.078704
RAP2C,-5.199208,2.6645162
TMEM200C,8.5261965,1.5338165
SF3A2,3.2461538,-0.27735198
ZNF558,-3.9755137,-4.991274
NAA25,11.071755,4.7506022
PSORS1C3,9.152681,5.315023
ANKRD52,3.4215255,-1.7844167
RNF31,2.7320807,-1.2025971
TTC9C,-0.96163714,-1.2752473
TMEM237,1.7280576,9.43669
POLR2G,-11.724945,8.909382
APOBR,2.1773462,12.76954
ZNF257,-8.0036745,-8.431629
TRIM44,2.8586235,-2.3686385
LAD1,11.1222105,1.3048613
PEX6,-1.4475507,-2.5160048
ARGLU1,3.4200196,-11.865894
COMMD1,-11.727082,8.910388
TARDBP,11.236231,5.302496
ADAM10,3.7951431,12.943879
ZNF219,-3.5726876,-0.82949907
DESI2,7.088012,9.868807
POLR2A,-3.290002,-7.1686883
DDX6,8.304298,11.752151
UGT1A6,10.685314,1.1578888
REG1A,-8.47197,1.0610408
PPP6C,-0.69975233,14.687379
AGGF1,-5.183937,3.7683218
RNF135,-10.385318,-7.6103516
EPC2,-2.892098,14.293814
HRCT1,-12.43659,4.7445326
TBC1D9B,8.919462,-5.311428
UBE2D3,-0.5543025,14.789443
JADE1,-1.1708754,8.760638
IFT122,-10.75464,11.067402
GNPDA2,-2.1442614,1.0062591
ARMC7,-2.193893,6.231928
TRAPPC5,1.8069489,9.39022
CHD8,5.4790735,6.0830865
TESC,7.30776,9.709
DNAJC13,0.52906615,9.0724945
AIM1L,-3.7706718,-5.867438
ZNF408,0.0014609348,10.421321
SUCLG1,-8.518924,3.2099483
SCARB1,-6.8995075,-2.8917859
ZNF252P,6.3801093,-2.7113092
ADAMTS19,8.861248,4.883541
ZNF793,0.114444286,4.307572
SMARCC1,7.0156674,11.394928
TLDC2,-10.679525,2.1873822
SRSF10,-9.063326,12.876073
ALDH1L2,-3.3289504,-2.1175616
NMNAT2,4.8445826,18.753279
BGN,12.775153,0.22210309
SLC25A26,-5.1710744,3.7710724
MICALL1,7.630598,-1.4012146
SEMA6A,0.24955533,-9.410705
CBX1,-2.0552707,6.252114
PRRG3,-2.0224652,12.325482
SARM1,10.952591,4.379981
TRPC6,2.301743,3.6658335
XAB2,1.6257564,15.9782715
MED15,2.356741,14.7549715
SMAD6,-2.1407254,-1.385073
TRAF7,-5.4411893,10.569841
ZKSCAN1,-14.399677,1.8018255
ATP6V1G1,-1.7890146,1.1001334
ACER3,6.898441,-7.932293
TOX,9.827728,-2.2974677
CBX2,-5.4255815,3.7614422
KDM5D,-3.5725992,-0.83060414
GFRA1,-5.78925,14.4120865
STK40,-5.9005156,5.6811905
TMEM60,1.3719754,0.96519
ZNF573,-5.8824797,5.6578064
RNF139,-5.899664,17.470875
MARCH7,4.0540676,10.029725
KDM4A,8.572583,-5.1488137
ZNF655,-6.252286,6.630329
DDX56,0.12085209,4.291914
NINJ1,6.8524365,-3.3337436
SNRPD1,5.0612054,6.667282
CDKL5,0.56663483,8.208534
SERINC3,5.7571387,-4.3853383
ATP5C1,-5.804503,0.27973104
MARCH6,-6.614965,6.7704396
FUZ,3.2331474,7.04625
ADAMTS1,-0.69406486,14.6590395
SLC4A5,-12.094347,2.3879993
POU2F1,-12.0934725,2.388163
TMEM50A,-6.5340366,-4.793689
UBL4A,-3.2404382,3.4355314
TBL3,5.53807,2.3428447
G2E3,7.5539184,-1.4468848
BHMT2,4.6867037,-9.405237
ARNTL,-6.2479405,6.619785
ODC1,10.514564,16.886593
TFB2M,4.6398077,10.81489
NPR3,8.642291,8.6476555
ELMSAN1,5.7285867,8.864226
SCAF1,6.3298645,0.26483345
ZC3H13,13.255521,-1.5863304
NLRC3,10.077574,5.869803
TMEM120A,-9.083874,4.120172
SDCCAG8,4.727023,3.4210665
SNRPA1,10.028424,-1.201967
CCDC113,14.742148,-1.0861809
XKR6,-10.689357,11.031938
GZF1,13.10469,-2.7129226
DNAJC1,4.542829,16.11593
GRB7,7.1888313,8.052457
SLC25A16,-6.4147205,7.2388353
CNST,1.8333753,5.1376953
PLEKHG4,-11.720531,8.904587
ADPRHL1,-7.7096405,13.659786
GJB4,10.60989,1.7888069
SNX3,-4.2076516,5.4680066
MECR,10.998624,5.1108103
NAGPA,-8.410836,3.0539703
CBWD2,-3.9728093,-4.999484
SFSWAP,-1.3896927,-9.951631
FAM65A,3.6938794,5.506793
TMEM181,-4.555066,14.255336
WDR27,11.116818,5.2258096
CFL2,0.70301527,-0.3329359
CCDC169,-8.240679,-0.060390852
TMEM50B,6.5626135,-4.7732205
SPSB1,-2.4812846,1.9089367
DICER1,16.880941,4.5495877
DPF2,6.714315,0.52834433
CASC10,-1.4657471,-8.424995
UQCR10,5.68118,8.865188
FBXO42,9.800293,8.297379
RPS3A,-8.800208,-0.41931117
VIT,7.5720325,12.430634
PITPNA,-5.4293084,10.564687
CD81,-9.252455,-2.6440556
RGS19,6.146293,-2.6059
ZNRD1,-5.674623,8.692977
HSPB11,-3.7364216,-2.9589255
KRT20,1.239025,14.070993
SEPT8,13.168415,-2.5640197
ALDH1B1,0.26596925,0.67698735
SFR1,4.841699,-1.5369918
FAR2,-6.9248734,16.489914
NCAPD3,3.338323,17.821836
COQ8A,6.009914,0.40808126
PPP6R1,-5.4303126,10.561139
RHOQ,-5.8410773,5.6254206
SLC39A11,4.3420973,2.673069
LSMEM1,-9.71607,6.1468606
DOK3,-0.98653907,-1.2860906
ZNF852,4.6498723,-9.471355
ANKHD1,-1.3503481,-9.914018
KIAA1586,4.304864,-4.420238
ERI2,-2.2572234,5.055067
FBXL6,8.640172,8.6516285
GPR155,-2.1704676,1.0088372
BRWD3,-6.420023,7.209521
SUSD1,-0.5029018,-7.401311
NT5C3A,-12.799794,-0.5489661
EML4,13.348165,-1.7684455
CCDC28A,11.095366,5.2030034
NEIL2,5.1517067,6.387828
NEK11,3.8547041,9.416657
SMARCA2,3.1241436,14.298189
PLCE1,-0.5045895,-7.4055676
EPHB4,-9.68153,6.127513
SCARA5,-8.829531,-0.4706691
PRKAR2A,-8.812195,15.774508
CHD7,-2.6607246,12.742255
SEMA3B,9.825726,-2.295046
FAM126A,2.205898,2.488928
FOXJ3,-6.3671722,6.709979
HDAC5,-0.3837119,-0.2319923
IGHG3,8.9093685,-2.0495088
MGLL,1.0272992,7.60383
TRAPPC6A,6.6123285,-1.2646055
BSDC1,-7.1846747,0.6069698
HAS2,4.6303515,0.39891145
ZNF483,6.068746,12.136807
FRMPD3,2.325194,9.466151
SEMA5B,10.180627,4.7827787
TSNAX,-9.123619,3.9127543
SEC22A,-9.117118,3.965869
PIWIL2,5.464562,0.79445857
TTC5,5.971831,-6.079112
CHTF18,0.5677736,-3.3989909
ZBED6CL,11.2389145,5.2783012
SLC7A2,-6.924058,16.49013
SSH2,7.461525,-8.572874
TMCO1,-1.3975691,0.53816175
RNF2,0.10673912,4.340579
PIP5K1B,-0.31087726,-7.679311
RPL19,-3.502225,16.626392
MRPL34,-1.3339705,10.617123
RHOV,10.034727,5.8114014
E2F4,13.821893,7.41171
PFDN5,-4.8431206,15.4772005
ILF2,-5.682868,8.698395
NLK,2.268979,9.108975
RNPEP,-1.4110954,-9.96615
CD48,-0.118630335,-3.152697
DLD,8.116025,1.8514519
RAB3A,-9.116885,4.38778
TERF2IP,-0.72271216,2.9782658
IGSF8,0.75026363,14.24341
TSC1,5.0654025,-0.042347096
SNRPA,2.6980522,-2.4213896
TMOD1,0.8887569,0.16636257
ASCC2,2.1768384,12.770091
KLHL29,-0.12814344,5.931862
HDC,-3.9065952,11.164428
SLC7A5,-6.298606,-3.3873203
TRIM37,-5.427242,-3.2765036
B3GAT1,8.868577,-2.0140307
SLC43A1,13.331064,-1.8428562
PEX26,6.018853,-6.2223544
LRRC47,9.292341,13.582768
ATL3,3.4824183,-8.365038
RCSD1,-6.5957866,-4.7230306
HOXA7,-0.38774347,-2.5437791
LONRF2,0.6999687,-0.3014999
ITIH3,0.43122238,-9.178324
ITGAE,6.114948,-3.083719
NPAS2,-0.033994284,-2.6392145
CDC27,-5.0276213,2.5235326
UBE2T,-1.2651683,7.473357
TMEM91,-1.5357109,-8.256027
KATNAL2,-0.7642024,4.7596416
FAM117A,4.754833,-9.104222
CAPN6,-9.084813,4.089236
MED13,-3.3364997,-7.2170367
CCDC30,-1.0745127,4.3678946
SLC9A3R1,-3.126751,12.71257
PIGM,2.5897062,6.0980005
ANPEP,-3.1668568,8.34324
NAPG,-10.238629,9.063674
U2SURP,-1.9682894,15.289656
PPP2CB,3.9912128,-7.1546545
HMGCLL1,-7.5341883,10.181359
DTWD2,-15.128639,4.5187473
SNCAIP,-1.335279,10.614887
COMMD2,-0.28993338,5.055526
HSD17B13,1.0173218,7.5930133
KAT5,9.176309,13.605133
TXNDC9,5.9002624,-5.8970714
IVD,-6.5291967,-4.799465
ZNF292,3.325875,2.066512
TFCP2L1,8.463499,4.9235773
UQCC2,1.3992796,0.78822505
MSH5,13.851745,7.437318
MS4A4E,-4.493141,14.329513
PEF1,0.6944552,7.1365747
ZNF277,10.841842,7.900192
NFE2L2,5.646024,14.997145
UQCRHL,-14.377623,1.7768018
TMEM158,-5.9132447,14.535323
ZNF391,4.6478715,-9.475245
ELFN1,-5.4553022,3.7203288
MRE11,0.19767548,-1.0997959
KCNB1,0.5778193,0.061315656
RPTOR,-0.17601803,0.021358848
SLC40A1,-9.199333,-0.503476
GNAL,-1.4614813,0.4669277
CCNG2,5.463762,0.7967635
KIAA1522,6.326229,5.336923
NPIPB3,2.0069528,-10.690172
PCED1A,0.84039754,0.113766745
EMSY,-1.2145977,9.537507
AARS2,-1.562848,-10.085726
FIS1,-9.94641,-2.6691535
ACTR8,12.681308,1.7873638
RBMS1,4.4161453,6.3464413
SLC39A3,-1.1605403,7.542986
FGFR3,8.607832,5.1261177
CPE,0.8131545,4.9380536
PCSK5,9.122979,3.3476293
CISH,5.273165,-1.9192833
ABLIM3,0.5690016,-3.412311
SLC18A2,7.4445887,11.039164
IKBKG,1.8439873,-0.45223844
RIDA,-4.126719,5.4472427
PRCD,5.1873126,10.631372
RGAG4,-6.75584,4.3862257
DIRAS1,0.45020407,12.169869
UROS,-6.0145574,5.8019495
ATP5D,3.2033763,-5.1687207
CELSR1,-5.4201922,-3.2663121
FBXO46,11.734237,13.38395
CREM,-4.6204467,-0.30773517
POLD4,10.932907,10.64327
CCDC7,-12.062243,5.045141
CP,-4.304686,13.221323
KRR1,-5.6615143,0.75450426
SLITRK2,-2.7102687,-2.0119624
RHOA,6.8950834,-4.7692876
SNAPC1,-9.068555,-2.4734454
NDUFAF5,4.1666713,1.1542178
FIBP,0.4719921,-10.351431
IQSEC3,-2.2802002,19.380701
PSMB9,6.9021316,-7.9023843
TBC1D5,0.7267405,14.227027
HIPK3,16.881243,4.5492516
BRD3,5.7512817,-4.398077
OVCH2,-8.226164,-0.05859335
CYP2U1,10.021424,-1.1957401
ZNF169,-0.045504957,-2.6359968
PAQR8,-2.9714234,2.0217676
TMEM176A,-9.591128,13.636974
TMEFF1,-1.9065728,-3.5340736
TEX10,-5.1679387,-1.2168623
ZNF750,6.6756167,3.0106652
SERINC5,8.282047,1.7218847
BCO2,-1.7072988,1.118296
DRAM1,6.845055,-7.8445177
MOK,5.466089,6.100761
CNTFR,1.7177895,9.430565
KIF2C,9.8617935,12.570914
LRRC8A,-4.7542114,-6.4387255
PMEPA1,4.522839,0.89547676
YBX1,-14.981246,2.413408
DIRC3,-5.179353,-0.7515993
EYA2,4.7320395,3.4221802
GBA,8.568017,-5.1380725
PPIL2,-8.600147,-6.819997
ZNF345,1.5299435,11.309447
LRRC41,3.881072,-0.5431168
WDR62,3.7039046,5.9374914
RDH13,5.182944,-0.82803714
ZNF429,-4.4557166,7.3454795
RTN1,-8.435146,-0.22619718
ARPC1A,-5.7963233,13.158293
TIMM29,3.7789226,-3.1160042
KIAA1614,-9.0800495,-2.483443
MATK,9.124628,3.3489144
LRRN4CL,-3.99324,-4.9972563
TOM1L1,10.86495,7.911088
DOC2A,-8.568101,-6.8661885
LTF,-1.1140971,10.8399515
ZNF433,-10.073924,2.951711
PVT1,1.886358,10.809175
CDCA5,-1.9706007,15.293248
ACAA2,8.924862,-2.063498
OAS3,-0.49268296,-7.37063
MBD3,5.8185873,7.7320266
SLC7A11,-9.2423,-2.637335
KTI12,9.159338,3.405299
URGCP,-8.18264,10.862901
KCNK5,5.569912,2.3449829
KDM4B,12.529359,11.374684
NCAPG2,5.5680857,5.98258
LPL,10.666646,0.88436425
HPSE2,-5.167172,3.7582932
PRKCDBP,-3.9011955,6.778078
SUOX,-0.46676052,14.77494
IMPA1,-5.4720798,5.279344
RRAGC,2.0837243,3.5200243
ZBTB5,2.1391456,-7.4491997
XRCC3,-4.2671347,11.085576
GUCD1,-5.4266458,-3.2458346
CFLAR,8.531935,1.5375447
GGA3,2.1967964,8.393448
SDPR,3.0228858,3.336469
CCDC58,8.634701,8.6602125
RNF25,2.7281654,-1.2045664
DNAJB9,-3.4551623,6.660753
SOX2,-0.67346394,-2.3100176
RPS6KA6,-1.1852672,-5.8188853
DCHS2,-14.654854,6.3988194
NDUFS4,6.4197717,5.4063954
FDXACB1,2.1481442,3.4893649
ARIH1,2.7320075,-2.5601528
MYO7B,-0.1854845,8.706438
BRAT1,4.663751,-3.6553583
ID3,-2.1072288,1.003853
CHD3,3.7575037,-3.0788486
PDE8B,-3.339687,-7.2195272
SYT16,-1.8212312,13.092279
TOGARAM1,-6.43299,10.729654
TSPYL2,-6.41974,7.260006
NVL,0.2914895,-0.5627295
TTC21B,-10.105499,9.170137
VASH2,3.389606,-11.835887
ADGRG1,-3.1239293,12.709887
BTN3A2,3.2559466,-0.50598615
GAN,-6.293846,-3.3868163
WRN,11.416718,9.761553
GOLGA6L9,8.398195,-5.4973054
WDR13,-15.12875,4.5188055
PPCS,0.19340047,-2.4697075
SPON2,3.4416673,-1.6722355
ESRRG,-2.2672577,5.0647154
TARS2,7.2685566,9.589766
ADHFE1,0.29751876,6.705418
SLC25A34,7.106613,-5.633606
DCUN1D5,10.2898855,-2.5239432
MORN4,6.9729576,-1.7876321
MVK,-1.0114231,8.48819
PCID2,-1.4930854,-3.3040113
GBE1,-1.7631056,15.04753
ARTN,8.593305,8.706834
ERCC1,-2.1687694,6.1968656
TMEM267,3.2052968,11.8467865
RNMT,0.36296436,-1.1167532
HS6ST1,0.050538216,-3.2399607
MCOLN1,4.521149,16.091713
EPB41,5.192192,-0.83374465
GPR180,4.8435616,-1.5356866
CADM4,11.187009,0.21102251
CLK1,11.300688,-7.1447535
CCDC88B,-3.2974985,9.489035
INAFM1,-10.6195345,2.1546652
CACNA2D2,1.3392482,-7.195737
PQLC3,-6.3030787,-3.3890939
SRI,11.488831,6.8327537
RALB,-1.929948,15.2544155
C2CD2,12.477027,1.7986836
NPAS4,3.0501833,3.3254442
C2CD3,2.9842682,3.1025188
JUND,10.220396,-6.73594
SPNS1,6.717272,0.5373137
RNF212,-8.812255,15.774726
MXRA7,0.50840926,-5.242526
ZNF565,-10.282663,9.037582
PDCD4,-3.806264,5.5865297
SNHG4,1.7300758,9.431955
TNS4,8.323967,4.83301
BST2,4.4843507,12.425092
ATP5J,-9.018261,11.531793
SYNJ2BP,-0.6607824,15.072168
SRD5A2,8.927839,-2.0733416
CD300C,2.146762,0.6082013
RUNDC3B,2.4225302,7.2592273
MPHOSPH10,1.7839503,10.480446
GNAS,-1.1776702,8.766456
PALD1,-9.190472,-2.5888662
CNNM3,-5.432583,8.520274
LHFPL2,4.629957,0.39786497
STUB1,6.758123,0.5119906
BMP2K,-10.955141,0.8971486
ZXDA,-4.0538626,5.423549
PDHA1,5.466141,6.098994
TNFRSF10B,-9.079171,-2.483958
KDM8,-7.1872315,0.60590184
MAP3K7,-12.872594,3.661061
SMIM5,7.27132,9.616663
ZNF883,4.724544,3.4213598
EEPD1,-10.815615,11.133851
FLT3LG,4.635667,10.824694
TBX2,1.8803533,19.481163
PHF10,-3.5243242,16.650995
PCBD2,3.0182579,2.976581
PDPK1,0.18919277,-1.076047
MAK16,-6.908296,8.774273
OLFM4,-0.20223317,-7.951294
MSTO1,-4.506743,-0.24341759
SUV39H1,6.019465,-6.2117615
SYN1,1.5317336,11.305605
PCSK2,-5.184662,12.035227
LMBRD1,-12.304527,7.448051
UGGT1,6.0564384,12.124932
NCOA4,-6.7414956,4.377929
PTK2,3.8135931,12.9248495
MB21D1,5.2210298,6.7756476
IREB2,-1.1871896,-5.8189344
KANSL1,8.328455,-0.38059458
MRPL41,4.167865,1.1549457
PCMTD1,-5.055119,-0.572514
COA5,8.702941,10.127146
SCFD2,-13.850451,-1.2658471
IL1R1,8.806872,10.226597
EP400NL,-0.18607008,8.702993
NTHL1,0.5851859,-8.867051
GUCY1A3,-9.089342,4.0880914
P2RX7,14.257356,5.24878
CYB5B,9.243817,15.361329
AGPAT1,-1.4345428,-2.5173109
ZNF316,4.6450977,-3.94101
TAF12,8.190733,11.662232
NIN,-6.4356494,10.725722
GDF15,9.125767,3.353
NIT2,8.573687,-5.1490493
EIF3C,0.26321286,-9.398274
MSH3,-0.0024840992,10.417599
ISM1,-0.17649846,8.151659
FBXO22,1.1870434,-6.1851435
PARVB,-10.387604,-7.6096306
SNX17,10.51475,9.208368
KCTD2,6.1229024,4.928109
MGST2,6.133573,4.9695373
LHFP,-9.070795,4.183137
FUK,-11.923439,-1.0844271
MEDAG,8.509714,4.989512
PRUNE2,0.7706,0.11454123
LMF2,2.2403436,4.582945
SSNA1,5.725402,8.862876
EFR3A,8.191264,7.2088127
TMEM92,8.8434515,-1.9912648
SLC16A2,-6.463976,6.906813
USH1C,-2.2517927,5.048051
SPAAR,12.854002,1.8911519
AGT,0.40612733,-9.202849
PLSCR3,8.741928,-9.84071
ZNF131,-9.260961,4.872938
CYB5R1,-1.8213367,13.092404
PI15,7.754674,6.615231
CD2AP,3.8581054,12.863162
BVES,0.20780423,-1.1333528
ABCC10,16.809196,4.4789186
ZNF106,-5.1350627,-1.2789613
PIF1,6.8122435,4.375231
MIA3,13.016591,-3.0050082
EFNA1,-10.704525,4.148346
KLHL2,-1.2335993,14.537141
MKL2,-7.176621,0.6978722
PMM1,-0.9669886,4.487124
ZNF217,6.918656,-1.6665354
FADD,-7.521894,4.7091823
VARS,5.219204,6.7781234
SBNO1,-4.067287,11.17719
ESYT3,-6.5514455,-1.3724076
MAN2A2,0.9149487,5.114221
USF1,-2.1710699,-12.01558
VEGFC,-5.144661,-1.2605133
TMEM99,-10.896838,5.1736307
ERAL1,1.9323657,12.889858
DOK2,8.691461,10.1180105
SLC37A1,16.896896,4.5646963
ALG1,5.9610686,-6.0502334
PEX1,-0.014558908,6.9236007
ZNF709,-9.846221,3.1159585
RNPC3,-0.2753761,5.712049
OSR2,3.5355642,5.52937
PIGA,6.790921,4.3608146
FAM167B,7.5238104,8.414547
PHF20L1,-1.2314959,14.536231
WHAMM,11.417294,-7.287966
NREP,-8.812203,15.774604
CDK20,0.7650632,11.802606
EDEM3,-1.7696872,15.057325
OTUD6B,-3.87901,2.5199103
GDF11,-7.913613,13.823482
DYM,0.1583271,-1.0680559
GOLGA2,-6.1686563,-1.6069448
ZNF568,-10.387069,-7.610006
FAM86EP,1.5656875,-1.7411776
COMMD8,5.681002,8.867682
FAM149A,2.1572833,-7.445364
SPACA9,-3.4390752,12.693451
CLTB,7.016491,11.112087
SLC2A13,-6.9812713,-1.2413837
SNHG12,-12.347984,7.4727
LAMC2,-2.053053,12.363899
VAV1,-2.019969,16.94045
ZNF280D,-0.3421966,-1.7273785
CHST2,-3.106672,12.713413
SREBF2,13.726712,7.3286805
ADM,-3.8738005,11.165826
RFX3,-6.7585597,9.88658
EVL,-6.7961802,4.4057345
ENTPD5,8.92105,-2.0609405
RND2,9.0244665,10.412571
SPRN,-8.00396,-6.304072
KNSTRN,3.2170293,0.01986405
ANKRD37,-9.758014,3.1596274
SCNM1,3.262039,-0.3957641
FAM213B,9.007492,6.3224344
MED10,1.1831701,-6.180563
NDOR1,-7.775318,6.503687
PLCB2,-0.19933943,-2.9879255
LAYN,5.8094873,7.733003
OPTN,-1.1494735,-5.8119535
SCD5,-12.347449,7.473349
RUNX2,8.183203,1.8000003
ERGIC1,8.999317,6.326919
FOPNL,5.554631,11.584733
PARK2,2.1592875,-7.466366
ALS2,7.189404,8.052627
MYL5,-9.326645,-0.55909765
TATDN2,9.195972,15.334642
ADAMTS2,12.777343,0.2205525
GOLGA8R,-5.2881823,2.654686
CAMK1,-8.984671,9.270354
NFATC2IP,8.348111,-5.5215497
ADCY1,-1.1869168,-2.3216238
IL1R2,-0.6611689,15.069803
CCND1,-6.423206,7.2817473
C4A,6.3491545,5.3537474
ZNF444,7.4834976,3.8299468
HOXD8,-0.20423537,-0.011648049
TACR3,8.491683,4.980081
LONRF3,0.066577524,0.8558099
NAA60,7.446956,11.017023
HSP90AA1,-5.657858,-0.8048859
ASNSD1,6.9774957,-1.7702596
EGLN3,5.195766,-0.83413845
CGRRF1,-4.0623956,11.185492
PHGDH,-8.432706,-0.22476979
ZNF767P,7.457495,-8.572085
BGLAP,8.216602,-7.2428412
SDF4,0.300858,-5.481969
PPP1R3F,-8.66184,3.2249305
NEDD1,2.1508675,-4.2581334
ETV3,-2.2994955,0.7162329
SCRG1,12.650215,1.8084844
MARS2,1.5643231,11.318057
LCMT1,-1.2027743,8.794625
ATP8A2,-12.080509,-4.886182
TSPAN5,3.9823227,6.2560678
ABHD15,9.622708,8.441534
EAF1,1.3589889,10.701603
GPR85,3.5781996,-1.7177092
FAM83G,-4.8921328,-6.456605
CCDC14,12.700901,1.7899438
SFMBT1,-8.370297,-0.17766896
ATP6V1H,-3.078986,12.721113
RASSF2,6.7515526,0.50908196
BACH2,-3.2634523,3.4479053
GPBAR1,-9.982917,3.0147517
ELF1,6.2515326,1.9827443
PXDC1,-6.2940454,-3.3873355
MAP3K6,-8.280221,-0.097329654
RARG,10.939776,4.544439
CPOX,-2.382089,5.175143
TMEM45A,2.173457,0.6386533
PPP2R2D,-3.3762524,-0.6827951
STOX1,-4.513755,-0.24529983
MARCH1,-0.9482539,-2.1611977
GALNT5,-0.003831977,10.418064
BCOR,-1.3828348,-9.936836
OLFM2,13.388059,-2.2847948
DKK3,-4.9220366,1.8958197
RPL10A,8.26019,-5.6350765
RB1,-11.749047,-1.267959
EGFR,0.62013304,-1.7640109
ERC1,3.8363051,-6.930491
MFSD13A,3.8579795,9.418541
MRPL2,-6.8406916,12.147858
ZSCAN29,-8.633349,7.5581927
BLZF1,5.3702073,-3.6651657
ODF2L,-5.2217064,-3.415354
ZBTB40,-11.443009,6.29532
RPL18,-3.4956656,16.627958
P2RY11,-0.00011836779,10.416342
FBXL18,-5.3625975,-11.136275
VCL,0.46221033,0.32975563
PON3,2.8696423,-2.415786
SOS2,-7.1965218,0.68747556
CENPC,7.4267297,11.019237
PCDHGA10,-10.612372,2.1709151
SLC4A4,6.3026466,1.9301771
CENPV,10.90057,7.9293947
ARL16,-4.3046803,13.221658
GYG1,-7.1235013,2.0901635
MOSPD2,-11.829593,-5.2633305
SLC5A7,-1.8216803,13.091985
IGIP,-2.044804,12.356548
BBS9,-9.317739,-0.5562889
CHD1L,6.828342,-7.8278193
MGEA5,13.071638,1.9748725
TMEM132B,-10.388405,-7.609481
COG5,2.122013,-11.015196
IL17RA,9.102879,13.639498
ARMCX2,11.9215555,3.313767
ZNF740,10.720575,11.320369
LY6D,-6.9214973,-2.8906167
SMARCA4,1.835459,9.384322
PPP2R5B,0.76146746,5.1373343
CCDC86,-3.7726681,5.621324
ZSCAN5A,6.734444,0.5558345
KCNS3,-3.3407876,-7.2201176
ARID2,0.29884607,-5.4811144
MT1L,-0.25726238,-2.2553859
TRIM47,-6.8901353,-2.9010198
KIAA0368,1.5446295,-1.7119958
GMCL1,-6.647004,8.956819
IL1RN,-2.4470475,12.665356
ZSCAN25,1.4170755,0.84938514
ADGRD1,9.173562,15.312687
RASGEF1B,4.65389,-3.9261558
CNOT6,13.806602,8.71656
LRRC37A2,-5.4136653,8.502775
ZNF761,11.065731,8.062261
FBF1,-0.18064044,0.020780751
CYBB,2.142666,0.608388
HAVCR2,-9.190294,-2.5890937
WDR45,-0.7908065,5.484964
FBXL3,1.8163804,-4.0831523
CDH23,-0.1315165,-7.8340425
WIPF2,-1.4106878,7.3927703
FCHO1,-2.033412,16.952606
PRPF31,2.8719707,-1.2805274
PRKD1,13.322284,-2.3425145
RYR3,-5.175778,-0.75109434
ACTN1,-5.0062804,-3.0654008
KMT2A,4.487289,0.8935339
NSMCE2,1.6502597,-8.835577
YY1,-3.8568425,-3.0693388
CENPN,5.6444187,14.995783
KCNQ1OT1,-10.710866,2.219535
MTPN,6.303918,0.23990856
ZNF205,-14.982413,2.4145617
FRG1HP,-9.464139,3.3283195
ZNF704,5.4060793,-3.6785946
OCRL,4.790513,6.3586183
IRAK2,14.912498,-2.1039305
JPH2,0.2627978,-0.15958402
CXXC5,4.6273355,1.2419121
NBPF8,11.0076275,7.999261
HNRNPH3,4.9642987,10.274524
ZDBF2,7.5926013,12.460664
SLC25A6,6.1811485,-2.1649342
PPP4R2,3.692726,5.928897
PLA2G4C,4.3469577,-4.3492403
DDX18,-1.22906,-1.9564512
VTN,-0.17691906,8.152687
RNPEPL1,-10.388574,-7.6094317
ZNF606,-1.0438714,-1.1676875
KCNMA1,0.6191683,0.099993356
CUL9,4.768016,6.349804
WEE1,-5.2717752,2.654067
BHLHE40,-0.5542295,4.866257
SUPT3H,-4.2068,5.4611583
CCNJL,10.568363,1.8400285
FBN2,-0.88830936,2.0477002
SLC35D2,-4.805766,-6.388915
PUM3,1.923299,4.8026495
PAQR6,-8.98504,9.269169
CCDC85B,2.4846303,7.2084203
HS3ST2,12.290855,1.7387176
TRIM21,5.019533,-6.2901487
MARCH8,-0.31423557,5.0068517
DNAJC16,4.3432875,6.341481
CFH,-6.8548994,12.160758
HNRNPH1,9.331602,2.2222624
SCML1,10.224089,-6.7339993
ASPSCR1,8.526596,-5.3560343
CAV2,3.979131,7.679468
HARS,-6.7711787,9.876973
AP1G1,-11.796397,-5.289603
TIGD6,9.856854,-1.0376811
MARCO,3.455709,-1.6650555
LMF1,-8.59933,-6.894954
EIF1,-3.4646685,16.58902
DNAJC17,1.4856261,2.5752242
CPT1A,12.850688,1.8905741
FBXO8,-7.189899,0.6079387
PTCD2,-7.942643,8.420329
S1PR2,4.628414,0.38046938
DNAJB12,3.9744432,6.2605567
EPHA6,2.1242404,10.964132
GAS7,-11.43268,6.2831874
RNF170,-3.746239,2.6263618
CA3,-6.924979,16.490215
NOVA2,-1.388938,-1.8120636
POLG2,-1.0450436,-1.166621
MALAT1,-6.739594,-1.3514901
LRRC32,10.932699,10.643089
KIF26B,1.2115974,-6.2066216
E2F3,3.956724,6.260203
CDC34,1.2795614,14.274597
ZCCHC24,-4.983752,-3.023498
DDX43,-9.119659,-2.5198007
PAMR1,9.517438,5.812415
PLEKHH2,1.7799343,10.439146
CCDC97,6.809675,-7.8078656
FBLN1,5.753233,2.2728
TPSAB1,5.684591,2.3186202
CCL23,-4.0530853,5.4185166
DDX50,-9.0181465,11.532279
ANO6,1.8269424,5.1209884
ID2,16.98142,4.6475334
RHOT2,-5.9044547,17.467285
AFF1,8.370499,-0.4298175
PGGHG,2.0062838,-10.693393
FBXO41,9.033291,6.290086
B3GNT8,4.7735915,5.685803
TADA1,-5.1968594,2.6570065
DOCK5,-3.395267,9.371403
TRPC4AP,-1.221562,-1.9685117
PTX3,4.692902,-3.7621365
GHDC,-0.21258837,8.608568
ZNF607,-10.161193,-4.35403
NXT2,-0.61458635,-1.8901064
SH2B1,-8.646518,-3.9238229
EDEM1,-2.0247495,16.967422
TCEANC2,-2.8941193,10.3024845
RARS2,0.2755452,-9.377377
SQLE,-0.1251353,5.932499
MCM3AP,-0.8680243,-4.5499187
ABCC2,9.913191,4.3477497
KCNA2,-3.100871,8.094412
ISLR,-8.569878,-0.29363397
RAB1B,7.665097,-1.376831
PPP2R1B,-3.3629603,3.1282804
TMEM86B,-2.2762399,19.378904
MTA3,2.011488,11.452335
CAND1,10.453846,-2.5085635
FAM222A,-6.8229995,0.57172
MGST1,-0.6657839,15.127924
TIPRL,11.349766,5.687805
PEAR1,-1.5614263,-3.6415174
IFT81,-3.0840738,12.707665
TIMM8B,5.148968,-6.1433506
BCL2L10,6.647034,2.9806101
SUMO3,-2.1706238,-12.015851
RRN3,-11.899684,-1.1061517
PAPD4,10.204094,-6.751594
CYTIP,-3.1088493,12.709112
CWF19L1,11.048982,4.733148
ZNF654,11.419435,-7.2904825
HEATR5A,12.672153,1.7549374
RFXAP,2.8872335,-7.1916842
TAGLN,0.4125466,0.7725115
NCAPH2,-0.08789243,-2.1915715
PARN,2.152494,-7.454868
SLCO4A1,3.4443948,-1.6599976
ASAH2B,-2.8581295,14.259748
FLRT1,3.7557342,-3.0775337
ATP6V0D1,1.4802008,0.8315136
BRPF3,-5.8849864,13.109403
WSB1,-3.895771,5.459755
LUC7L,3.7917395,-2.438743
UXS1,-1.2268964,8.829185
SLC16A4,-8.058962,7.358983
PLCD3,-3.5413795,9.069851
CANT1,5.1112776,6.729289
KIF23,3.29259,2.0373561
PLA2G15,3.3223486,2.0632381
IBA57,-0.7052341,14.68376
SLC30A5,1.6646246,2.422599
NUAK1,0.37404555,-9.253194
RGL2,12.703278,1.7889153
PARS2,7.3457065,9.461055
CPEB1,4.720678,-9.350405
NEURL4,9.39992,13.519604
PRR14,-3.739944,-2.961511
KAZN,4.9560666,0.08118307
ARF6,-0.48333764,4.938493
GPR27,-0.867384,-4.5521626
FBXO7,-8.434888,-0.22539192
CTNNB1,-0.3626846,2.7557292
MTG2,1.8163378,5.125871
KCNJ12,4.6633015,-3.6411214
ARHGEF40,-6.1727314,-1.6113157
DCAF4,2.3246284,9.457182
SIGLEC10,3.8905265,7.57405
HACD2,6.110824,-3.0892131
FOLR2,7.5904255,13.900125
SRD5A1,-1.1967137,7.417617
FST,2.3621376,3.6401803
SEH1L,-0.91416866,14.187039
HIGD1A,-4.1012506,5.436444
GOLGA8B,1.1657072,-6.166042
ARMCX3,-7.9133525,13.823523
TIMELESS,-8.358485,-6.4152317
APPL2,5.0311346,-6.2726455
ZNF503,10.841116,10.603169
PLEKHF1,0.7755841,11.799055
ZNF35,-1.7033589,-6.3929977
MOGAT2,14.703566,0.677638
IL1B,5.8108635,-4.2924194
ANGPTL1,4.2704854,4.4574146
ODF3B,1.0797108,12.311995
TBC1D19,-2.5703518,0.055714473
RAPGEF4,9.397732,13.522618
STMN3,-6.4417353,7.092878
MET,14.910013,-2.101624
NDUFA13,-3.4858663,-9.6131315
MKL1,-3.0976872,8.078385
RAB3D,-2.610616,3.105212
ANK2,-2.151585,-1.3332332
KLHL8,-8.64761,-3.9249942
DHX8,10.000446,-3.7531567
RAB2A,3.4538052,-1.6694134
IGHA2,8.844184,-1.9908687
BPGM,1.5262084,0.79671234
ARMCX6,-6.1662316,-1.6082032
CAMK2N1,5.8079367,7.740379
RAB6A,8.637494,8.655403
EIF1AX,-7.010168,-4.3606277
PCDH18,-3.9761975,-5.0006356
SCARF1,0.5155381,12.116955
TECR,8.251226,0.6371673
APP,3.0680938,5.7177563
TMEM256,-9.105121,-0.43482873
KHDC1,5.4002914,-1.8803707
ALKBH3,-6.0291576,2.1539948
PRKCQ,3.6041505,-0.65175784
RALY,1.9316078,12.885148
PCK2,1.8924211,19.497152
CSNK1G3,9.195911,15.334805
FAXDC2,-4.9325852,-0.019366145
MORF4L1,-2.006263,6.261143
NEXN,6.011742,-6.195069
JMJD6,11.128521,5.2100687
ERICH1,2.1099842,-10.991462
CDK14,6.9712787,-1.7877202
RGS9,-5.50847,3.6589963
EFCAB13,5.046667,-0.038874857
DLG5,-6.036444,-8.532528
PPP1CC,-2.9327488,3.2305596
NTNG1,-3.592483,16.73515
DCLRE1C,3.9902103,7.687536
PMPCB,-13.850779,-1.265707
LIN52,7.69083,14.00789
CPNE2,-1.4650676,-3.2822397
HCLS1,3.9038565,7.577802
CYP4F11,2.1577995,-4.2643347
SPIN2B,3.9745593,6.2633557
BROX,6.17445,5.0739007
IQCB1,-5.194543,-3.5307808
DAPK3,-0.1454105,-3.0509002
GPR34,2.1032028,3.5304735
DNAJB2,3.4697864,0.86669505
FCMR,-3.3894138,-0.6876658
CD55,-0.8884567,2.0426555
TMEM108,9.241284,15.360095
PPFIA3,-1.7785547,1.1156049
BHMT,5.362302,-3.6610985
SHISA4,-1.5292298,-3.5764225
WHRN,8.714166,10.150716
HILPDA,1.9088701,5.275949
CLN5,-1.4305139,7.3882527
ZNF599,-5.4678054,14.065318
CCR1,4.769079,-3.782638
ENOX2,4.956395,0.06628886
SLC35E4,-5.787469,10.645034
WDR37,-5.4451947,3.7640104
OGN,-5.9167886,13.073538
ZNF512B,-2.1248353,-8.37363
BAD,7.433195,9.316806
ZNF417,-14.345393,1.7446998
TMEM68,0.89238065,0.16665916
NR6A1,13.331827,-2.3232586
PIGR,-0.16054814,-7.875194
SIK1,5.247681,-2.0427053
RPE,-0.5252652,-6.26685
ASB1,10.686357,-0.14179944
SLC39A7,4.499385,0.9076404
FAM109B,5.650717,-4.5093803
BMF,-5.4830165,8.569455
TRADD,4.6382313,9.260105
NFS1,9.399812,13.522332
ELOF1,1.1810116,-6.1785517
IDH2,9.031584,10.4171
IP6K3,11.332534,-3.7927656
MAD2L1BP,3.4244442,0.9061079
ABHD11,9.403892,3.7028115
TSSC1,-12.127095,11.603
KDM6A,-1.714685,-6.403311
SLC20A1,2.2726476,3.660118
NOL8,-9.922863,-4.6853194
EEF1AKMT1,5.1915965,12.349758
SELENOH,-5.445036,8.53475
MRPL43,5.273486,12.2212105
SUGT1,-4.0169334,5.4410324
NFE2L3,3.781531,12.958813
PLCB4,-2.0364032,6.25252
CR1,-9.916986,-4.6857576
NDUFV3,-0.88482547,2.0526497
MEX3C,-3.14508,6.5207214
TMC4,10.941764,1.7544222
CDK6,3.4513686,5.781466
PSMA3,-6.7857327,9.93302
LSM14A,10.453975,-2.5099666
GAREM1,10.750173,0.12010816
FHOD3,-0.6019747,-1.9000139
MAOA,-9.467732,3.3327093
CLIC5,2.0067787,13.007126
GALNT13,16.975512,4.641531
BRPF1,-4.9579954,1.8279961
LAMA4,8.909522,-5.2600594
INPPL1,-12.374658,4.786796
GRB10,-6.5693665,6.878634
PCDH20,-0.20310885,-7.9520025
ZNF90,10.484693,1.7353489
ZNF557,3.8911178,7.576174
SPRED2,-7.173166,2.1399295
TMEM144,1.6458265,15.954214
RAB2B,-3.3045986,-2.1299841
STX1A,-8.383039,-6.390183
LSM3,5.174407,13.835977
CD163,1.8806566,19.482069
TRPM4,6.7481623,0.56472987
NLGN2,8.317971,4.775165
POLR3E,7.4705443,6.344316
IER3,-0.7302706,4.7904043
SORL1,-5.461566,-11.236946
LMAN1,-8.875588,-7.0119777
SLC16A13,-8.830136,-7.0589275
DDX19B,0.5544528,-3.39025
SLC35B2,-6.7794337,0.55701905
CD86,0.053144455,-3.2253182
ETV1,-7.7778125,6.5019464
SIGLEC9,7.5225697,3.6862721
PERP,11.424378,0.26318043
SYNE4,13.236233,-2.2107987
NDUFS3,1.9657573,12.9468975
ABCA10,14.024341,5.422688
SYNE3,-2.701836,3.1280415
KSR1,5.622684,14.968631
SMIM13,-5.246941,2.6403296
CMPK2,9.508157,5.8157706
PRC1,8.832731,-1.9856399
GPR157,-2.2893767,0.047313657
FASTK,-1.1941588,7.4181805
ZFAND4,0.41427952,-3.2791898
TNNT2,-4.0187497,-4.9788494
GNL3L,11.387544,8.575161
CHST1,3.2607367,6.053467
CSF1R,-1.0803809,17.218975
AK2,1.5322895,11.288655
CD9,1.227634,14.136247
GIPC1,-11.783248,-1.3691628
PTTG1,3.975083,-7.1363606
NFX1,1.2820922,17.148104
PDK4,-10.921497,9.96912
MON2,5.1033034,8.43683
WASH2P,-8.64639,-3.9228299
MAP6D1,-0.36284447,6.61606
PLEKHM3,6.635417,-4.8634925
HDAC10,6.347336,5.3556366
CNKSR1,-2.4669273,-1.9358011
PLAC9,1.8807307,19.48176
PRSS1,0.22350462,1.3628098
CRBN,-7.1792836,0.6996693
AHNAK2,1.5354187,2.5464582
FADS3,-0.052537985,2.880232
ZSWIM6,1.050782,7.3825035
FAM234B,0.23680294,-1.1667068
LY6G5B,-5.9017386,17.46673
PHACTR1,-11.782302,-1.371248
CHCHD3,-6.122991,10.6494465
RBMS2,0.43341255,12.199419
ABLIM1,14.229775,5.2691584
TLR5,2.4829664,7.2066293
SERPINH1,13.837747,7.424319
UPRT,3.9188993,14.310936
PITPNM3,10.544465,9.214344
CHTOP,-1.0149459,-1.2042042
DCAF1,10.861327,5.133349
CPA3,-8.0094,6.2619605
RAP2A,6.585426,7.5724664
SMARCE1,-9.463147,3.3302782
POPDC2,0.2498385,-0.15567727
ATP5G1,-0.89727163,0.65125734
ITGA11,-11.7860775,-1.366565
ZCCHC11,10.652202,9.384314
ASXL1,16.976477,4.642468
COQ10B,11.073269,4.951631
MRPL55,4.65002,-3.8992875
TTLL1,8.013588,-7.0014377
TAF5L,-0.124349505,-3.0469701
ME2,-6.12489,10.894288
DYNLT3,1.2821585,17.148396
TMEM246,13.328516,-2.3228407
SNHG21,-7.2073584,2.1834552
TBL1XR1,-4.3623967,4.4009256
ARRDC4,-0.21724488,2.8452601
DUT,-7.5406404,10.194019
PPP1R2,-8.858933,2.7846892
GALE,13.301038,-1.9123251
ST8SIA4,1.634773,2.4407337
SIKE1,0.2520914,6.741829
ZNF134,-7.992583,-6.2971053
CCNE1,-6.170706,10.669139
NGFR,-10.952801,0.88407135
RAB21,-10.927697,9.966161
NR4A1,12.520268,11.36692
RNF141,-5.282334,12.11666
LYRM1,8.742411,-9.839711
SMARCAD1,2.989918,3.114575
SCN11A,-11.831692,-5.2758017
HERC3,3.8303688,-6.925196
ATP5H,-6.1192164,10.619556
QTRT1,0.71497434,14.2214775
COG1,0.28004435,-0.16748288
WDR97,-5.3219743,12.171503
DLL1,10.088415,1.8281292
SECISBP2L,5.464203,11.876684
ERCC2,14.043269,5.4312134
MGAT3,-8.860556,2.7892745
MLX,-4.963199,-6.5285897
RASGEF1A,5.0317445,-0.021384215
CASC4,2.8514729,-2.406446
GNRH1,-0.52516013,-6.266887
GATA5,-3.4336092,6.611154
CTTN,-1.3392621,-2.3514662
INSIG2,8.176448,-0.16529799
ACSS1,11.382118,8.570268
MSANTD3,-10.798095,11.102828
RBM23,-0.3602707,6.6169686
XKR4,11.858345,3.254734
ARID5B,1.5942464,-4.0435653
RABGEF1,2.120323,0.5970216
CCNY,5.562925,-1.0742713
ZNF786,-1.5715132,-10.094202
GPR108,8.880448,-5.255232
MACROD2,-6.367633,-8.639126
KLF7,10.144625,5.4170165
HNRNPA1,-0.58051944,-0.31400132
RUVBL1,-3.8654125,5.4985332
PNRC2,6.8824186,15.061404
NSUN6,-5.47231,-11.247453
SMC1A,9.771869,4.1497445
YOD1,-0.95844,-2.1804566
INCENP,-1.3044691,4.1173663
ERGIC3,-5.00318,-3.05132
RGCC,3.2437792,6.0850134
LOXL3,-8.060806,7.3556547
JMJD7,12.275784,1.7410345
DDX3X,-7.359705,4.5986805
NTPCR,-2.0139031,8.087781
ASRGL1,0.24610156,3.0282211
JAK1,5.5713286,-1.0762392
VWA2,-4.6321273,10.97563
UBA1,1.2146828,-6.2120686
TMEM263,4.178764,1.1398163
CCM2L,5.198544,-0.840499
EHBP1L1,0.46068168,0.33366367
HNRNPA1L2,1.2166309,-6.209369
ISCU,-2.7566254,8.439034
MTDH,-0.8746662,-12.370557
ZNF233,-8.839463,-7.066413
ALDOC,-0.8327199,5.5101514
ADSS,-5.465595,14.064612
METTL3,-3.490097,16.614655
CWC22,11.082703,4.900796
PYROXD1,-10.926645,9.975213
SUMO1,3.3053038,1.0070329
TAGAP,-12.204098,-4.6735578
RAD17,11.383436,8.574464
DTX1,12.733802,1.7895393
KIAA0753,4.924295,18.834568
BARD1,12.27949,1.7347854
TMEM229B,-13.246752,9.233693
PLEKHH1,8.301882,4.7684145
PIM2,0.72662055,14.22651
SWI5,-0.21921697,0.075111374
PCDHGB2,-14.655189,6.398912
MMAB,4.3044076,6.324436
APH1B,0.7718112,11.302022
NBPF15,-0.1986293,-7.9501996
AMER1,-0.57773656,-0.30255872
SLC16A1,8.224125,0.6476357
SEC24C,9.793386,4.1758485
PLEKHA8,-10.106856,9.168681
PTPN23,-1.895614,-3.5318244
KCNE4,-0.25324464,-2.255411
RRAD,-6.725974,15.449643
ADAMTS12,10.077196,1.8314308
BSN,3.7855942,12.95963
CALCOCO2,13.37899,-1.689072
TMEM97,11.921562,3.3107555
GCSH,-2.2758036,19.378601
ZNF639,11.022294,5.11956
PMS2,0.35836816,-5.3891697
PACS2,-12.392412,4.772497
LIPE,11.457215,0.2381267
ZNF485,-3.5574934,2.276462
SSPO,11.0576515,8.055115
WBSCR27,3.7831967,12.955989
FLG,-0.30326432,-2.517279
MORC3,-5.489237,5.2855644
LCN2,-8.629309,-3.9118016
FUCA1,0.037199575,10.379903
EIF4G3,10.290891,-6.6831813
SOS1,-4.746251,9.259287
VKORC1,8.371258,-0.43123788
CEBPD,3.2505343,6.076971
GLS,11.385109,8.5755
PPIF,5.7290964,8.862357
PCGF1,-2.014009,6.2542553
BRSK2,3.2177017,0.019525299
TMEM241,6.1299343,-2.5851524
ADD1,8.18143,7.1999135
ALG12,0.5261205,-3.3542728
INTS10,11.47733,5.7110014
PLLP,-4.610862,4.621075
KRT19,10.791048,1.3035815
NEK6,-7.8589125,13.780882
LDHB,-14.306465,1.7058201
ARID4A,0.04655659,6.5604773
KANK1,1.0624036,12.289733
HDHD3,8.200585,-7.2275386
MCFD2,3.7536786,4.9796257
PAOX,8.331808,-5.558558
UBXN7,0.07743739,6.547501
SEMA4G,-6.7716618,-4.5593295
PDPN,5.9511714,0.45653224
MYC,-3.696449,2.6004868
HTR7,8.250261,0.6379276
OS9,-7.235833,-9.546503
CDPF1,-5.4928236,5.286382
ERO1B,-5.4582562,14.063941
ZUFSP,13.814146,8.710566
HDX,-6.7307587,15.44384
RCAN1,-5.031245,2.5273504
ZSCAN2,5.3828664,-1.8847737
ATP6V1G2,-3.0924377,8.085792
TRIM3,0.92468524,0.18423928
MTM1,8.742259,-9.83964
KNDC1,1.6651309,15.83482
IGHM,8.852373,-1.9897811
TSLP,1.8962709,0.39252156
FMNL2,1.051005,7.381381
HMGA1,-0.44127837,-1.8556368
PRKAR1B,-9.945181,-2.6677306
TTC25,-0.42577198,4.9557652
AK9,9.022838,10.412326
S100PBP,-12.127144,11.60304
RRS1,5.6412544,2.3238714
TPM3,-4.9313917,-0.017578142
SLC35B4,3.1787362,-1.2561588
MRS2,-12.390815,4.7744985
BAG6,1.9424117,-0.38731235
NSD1,-2.6062312,3.101246
KIF16B,2.110344,-10.992986
KCTD7,-2.0377467,0.9748277
ZNF264,10.298603,-6.67218
RHOH,3.4103181,-0.7770331
MIAT,-0.1690421,-7.8925676
SIGLEC8,-0.19434778,-2.25155
MINDY1,2.0299351,11.450875
ZNF202,-9.922431,-4.67637
CYP21A1P,3.504914,-8.388089
JRKL,4.440382,0.90833503
FHOD1,-1.5732715,14.782015
PTER,-1.7866122,9.741615
CRELD2,-6.051152,-8.530274
HIST4H4,-1.364633,-2.3473742
GABARAPL1,4.9682117,8.463396
PINX1,4.0620537,9.474519
QRFP,-4.4161777,4.4516153
AKT1,0.3592185,5.181369
CHI3L2,-6.806363,4.409867
MRAS,-7.128297,2.0912519
LRRC58,-2.1902053,8.275917
MEF2C,-0.96652055,-2.1660862
ILDR2,13.309469,-1.9304144
AGR2,10.8046465,1.3624811
TRIM2,8.051445,0.76836836
TRAPPC10,7.526022,13.832943
CREBZF,2.0485127,5.3602076
PLA2G4A,-3.9085271,2.5182452
DDIT4L,-1.9159874,9.892913
LTBR,8.742396,-9.8397665
PAFAH2,-6.8396754,-1.3633137
MFSD7,-3.4294739,6.618394
CDH19,11.0682125,4.9566813
ITPKC,-6.986574,-4.3770237
CCDC186,-10.159307,9.119463
RAPGEF1,-1.7609271,-3.4680026
RAET1E,-1.4067725,1.6141326
XPO4,-2.098214,8.176945
TMEM110,1.6593937,2.4664922
PRPH2,3.7684422,-1.7043417
TMEM105,10.880442,1.7612898
HNRNPD,14.745067,-1.0858676
GTF2B,10.457048,-2.509706
RASAL2,10.19932,5.732807
ZNF788,-9.1588125,4.7212
HDAC3,2.0037267,13.004892
PRSS8,11.598347,1.562961
SLC9B2,-3.4855194,2.3735955
SLC35A4,0.541652,7.0000267
ELOVL7,11.456969,0.24049214
PI4KA,0.64241123,5.0864673
NAIF1,3.3127997,14.166898
RNLS,3.3997927,-1.7734473
ARMC8,-5.899409,17.472073
PSMB5,8.237925,11.700094
CAMK2A,-3.418038,6.6077294
TXLNB,-5.558665,12.414509
AP1AR,3.7745183,6.078456
POU6F2,10.55422,1.7557315
MEN1,4.725083,10.636202
HEXDC,2.933233,3.0399292
ZNF860,-9.065454,12.876035
GK,-4.9645643,-6.529507
FBXO6,1.117256,5.5701294
YPEL5,-1.1043833,10.848539
ZNF48,6.8814187,15.06247
HRH1,11.473894,-1.6812385
ZNF831,-0.25088766,-2.2531989
GALC,7.0648427,11.128082
TP53RK,2.5148063,8.497034
PLEK,-5.2967606,-0.88721776
INPP4A,12.528191,7.427907
DHX40,-4.26044,5.477323
GPR4,16.301188,2.687111
ANKRD42,-7.7050443,-2.3879054
FIP1L1,-1.4667661,0.45645505
ATP10A,3.2069204,11.845458
ZNF18,-1.1365486,5.5935044
ZDHHC15,14.746056,-1.0855266
HAX1,-2.324392,5.132777
KLF10,10.884783,4.486596
SAMD1,14.12136,5.360888
TKFC,-0.5181206,-6.275737
HMGN5,1.2711723,-2.231393
NOMO2,7.5464964,13.850409
FAF2,7.04377,3.841923
CTNNAL1,2.257661,8.486485
RNASE6,0.059119888,-3.2385516
CADM1,11.278541,5.8411536
PRKACB,0.92333966,12.102904
GSR,-6.7031975,0.5471171
PTPN5,10.667071,0.8920336
H2AFX,4.6710973,10.746413
TMEM71,0.32577252,4.0216494
TSHZ3,0.7753774,11.798986
DENND5A,-12.767876,-0.28975984
FCHSD1,11.027348,8.018941
ZBTB12,-1.4483832,-3.4350107
CRLF1,-3.4471245,-9.582674
RAB11A,-1.753579,1.372038
ARMCX5,-7.9424596,8.41285
DAB2IP,-3.9615872,5.4358244
HEY1,-11.129579,-5.2245803
RNF115,-2.1257992,-8.366477
ATAD1,-4.441622,5.594371
KRT18,11.120853,0.95821506
SLC27A2,-1.2672143,9.459765
ALG11,-0.86920416,-4.54866
EPHB3,-1.561855,-10.082744
DBI,1.4224104,0.6197403
GSN,5.7476807,11.881241
ZNF266,-12.128256,11.604212
IL17RB,8.845621,-1.9924878
MAGEF1,8.203842,-7.233284
SLC25A44,-0.2522566,2.8226264
NPIPB11,11.497349,-1.742742
CHM,-4.815992,15.512182
SLC12A6,-2.6082428,3.1020274
SPAG4,-3.4221745,9.341333
RXRB,0.06503288,-3.240072
PHLDB1,-7.414007,4.6307483
CIB2,3.8990207,-0.5603437
FAM20A,-3.5204856,2.3767395
FRAT2,9.340371,2.2153711
P3H4,-3.3079448,-2.1030865
PARD6G,1.2391703,14.160048
ARID3A,-5.1566205,12.012309
OGFRL1,6.9771237,-1.7757273
CENPX,-7.195957,10.158066
MRPL48,12.691673,1.7857128
PKNOX1,-8.072813,12.328918
ANKRD13C,-2.141823,-1.3702304
TMEM178A,-8.368071,-6.434596
DYNLL2,-7.0018077,4.480115
STAB2,5.7352815,11.872517
RABIF,-0.6170667,-1.9310173
FOXK2,3.8110313,6.1095157
TAZ,14.114694,5.3690395
CYP46A1,13.72885,7.329308
AMMECR1,-8.836607,-7.052715
REST,0.5076691,12.151823
RPL41,6.747402,4.2002983
WDR92,7.0391703,3.8417854
RNF130,-4.884956,10.67338
LACE1,2.7615335,-2.5119321
PSMG3,2.1529946,-7.462647
KCNN4,11.352278,0.3604571
SPTB,-5.674228,0.7696756
RPL36A,-9.698831,6.1328278
STX4,7.4192986,11.022112
SVBP,-7.0682178,4.49956
FZR1,-1.074847,17.222147
AKAP8L,4.9827914,0.042800453
XRRA1,-7.9986687,-10.67631
DCPS,0.71030635,-0.3188588
MTMR6,3.0349514,5.383946
LIPH,3.616357,5.1311436
LMNTD2,8.144333,1.8267735
TET3,-2.263107,-0.57154244
DHX57,0.04391206,-3.2392316
DNM2,-5.6801815,0.7588163
SPPL3,7.8115816,0.9521769
DNAJC10,-6.078219,-8.519308
PRELID2,-2.564868,-1.1418986
FUNDC1,-5.006604,-3.0567634
SDHA,9.019975,10.4122925
FAM184A,-1.4138441,9.161848
SYPL1,-2.344894,0.06742123
ZNF627,-3.2150376,15.155338
HSD11B2,-4.6201677,4.625667
NOB1,-3.0843484,0.9510003
TAF10,-0.14520316,5.909791
RALGDS,-3.5904248,16.735727
SPAST,1.4654166,2.605
HYOU1,3.0289624,8.453116
BRD1,8.16478,-0.1436806
ALG10B,-4.3122854,5.5126233
CNKSR2,6.7977543,10.937725
NUMBL,-5.002959,-3.048894
SLC11A2,2.221939,8.408214
RYK,5.81693,7.7174644
HSD17B3,-0.8664394,-4.55304
LIPT1,-1.2825307,4.1420226
CHEK2,8.669662,10.091364
ZNF496,12.547139,12.879787
CDO1,5.308514,12.166926
SLC25A33,7.5691123,3.1413352
PLCXD2,2.4867127,7.2032824
MPI,-2.0480251,-1.8043704
AMOT,7.5722556,3.1498916
TAPT1,5.736287,-4.546851
WDR61,13.418188,-2.2663817
PCDHB12,1.9251304,-3.9607086
ARL14EP,9.571306,5.7844543
COX10,6.7699137,10.924498
MAB21L3,10.4929905,1.1287054
NKAPL,1.9028722,-0.4202273
FAM214B,-14.9470215,2.3784883
ANAPC16,-8.631438,-3.912669
IGLC1,8.826276,-1.9699126
SARAF,6.2031126,5.129374
SNX12,-7.40127,4.61621
MEAF6,4.920494,-3.7059696
ZNF382,1.4782813,2.601463
MOB3B,5.715882,0.6380791
UNC13D,-10.9538555,0.884284
STK3,-4.9792805,1.7644852
ZC3H7A,2.8722138,-7.17832
KRT7,-12.761517,-0.26176894
RETSAT,13.309135,-2.2494822
CKS2,-5.8717713,13.112069
IKBKE,14.90978,4.0971503
SPARC,1.5129796,16.114332
ACSL4,1.9070758,4.7412176
PLOD3,-2.2957375,5.108363
ZNF585A,-1.8451769,9.405657
NDUFA7,5.727656,8.857996
SLC8A2,-0.69238,-3.178673
ERI3,-6.8397417,12.14599
DOCK11,11.572342,6.912467
MRC1,2.020172,-5.2020473
BORCS8,4.2886534,15.838173
DBN1,-5.130525,-3.7668033
PGBD2,6.1268344,-2.306787
ST3GAL6,1.9100688,4.750633
TXNDC11,6.900653,-7.9368243
GRAMD1C,-1.8543032,9.794402
PYGO1,-2.2099867,8.29264
PRAM1,-3.4298038,6.627029
FANCE,7.5255203,13.832636
STARD3,2.0032692,13.00274
TMLHE,-1.3330063,0.8541203
PAN2,-9.175077,3.8255167
PROX1,-3.4262378,-9.561308
SMU1,10.450242,-2.509244
SPATA20,3.065356,5.713584
ZNF626,11.130887,0.95272714
GAS8,11.6995945,13.416949
SLC12A7,3.8674283,7.4487085
MICU3,4.7305303,10.629793
GPR75,-3.6018903,8.465864
ZNF862,2.010126,5.347156
EFCAB6,13.144752,8.655503
RAB11B,3.9021244,7.582835
RIMS3,0.42976934,-5.264818
CDC42SE2,10.763799,0.075923294
F8A1,-5.533925,3.6375408
KIAA1107,13.729876,7.3312573
GFOD2,5.1884313,-6.0974145
LCA5,-8.922671,-2.316146
KIF21A,-7.236737,-9.546308
TRPM7,4.836181,-1.5398188
ABHD13,3.1779332,-1.2452544
BLOC1S6,-4.1324162,8.257774
HEY2,1.8196821,-4.1051583
PRMT6,1.6733487,15.9279995
DPH6,14.106952,5.3745546
ALDH3A2,10.073398,-1.2487125
SMURF2,-2.2984433,8.39827
DENND2A,0.7792801,11.3137045
SLC35F2,3.7834246,3.661305
WARS2,8.514245,2.8215842
ZNF66,10.884514,1.0771463
PPID,-6.117379,10.633134
KLHL22,1.7666831,10.5193
SSX2IP,-4.263132,13.153648
SNHG5,-3.2145255,15.156152
SLC35F5,3.8063893,3.670711
KIF2A,-8.881135,-7.0862594
ANKRD13A,-12.391242,4.773342
RAD9A,14.211135,5.290912
CYP4B1,-9.780591,7.3719797
KIAA0895L,-10.832752,11.168672
EYA3,11.32119,-3.785918
APPL1,12.686965,1.783309
ZNF700,-1.2491609,4.1804123
PCSK6,5.32154,-5.825443
ADAMTS5,-8.070823,12.325092
HHIPL1,-0.8722295,-12.358278
ZFAND3,-1.4449704,-3.4330437
CLIC1,5.600812,11.729611
NMRAL2P,2.178016,0.6379564
ZNF132,2.1219733,-11.0152
GRK6,13.733391,7.334457
CCDC43,5.991119,-5.549136
HIKESHI,-4.163516,8.27636
ADAMTS3,-6.365164,-8.636859
CXCR2,-5.4868193,8.573997
LRIG3,2.2525618,9.139683
PRDM15,13.73111,7.331027
NEK3,-1.4040666,7.3973794
CBX8,5.6525774,7.8650317
COX14,-3.8502185,8.389657
LARP1B,6.8696284,4.04876
MTHFS,-5.885797,8.852975
SHANK2,-4.9885683,2.488649
CLCA2,16.88021,4.548131
TNS3,-6.772037,0.55394495
ZNF354C,-1.2130896,9.544015
DDX12P,10.085643,1.8284404
KIN,11.470457,-1.6797756
RUNX3,3.4213881,-0.77236927
INAFM2,3.4932065,-8.377487
SOGA3,-13.056883,10.972273
L1CAM,-14.315492,1.7146398
MTMR11,5.397086,-1.8814212
S1PR5,-11.127797,-5.2235136
DAB1,-12.87292,3.6611352
NDUFB11,3.3106256,14.216866
TRPM2,-1.9966642,17.003273
RNF11,10.7295685,11.312168
SIL1,-0.87074655,-12.361161
PYGL,-1.6386312,1.2581917
ZNF687,-3.2718723,6.476886
AATK,-14.3157015,1.7145052
AES,2.0181825,-5.1966114
TMEM164,3.3290033,17.809053
ANAPC4,5.080801,-3.6331613
SFT2D1,2.1549625,-7.4633193
ANXA11,-5.6902027,0.7382345
TXNDC5,0.0072968495,6.71606
TTC7B,-0.16914627,0.059270367
CYSLTR1,1.8932745,-0.41423556
KIF17,-0.5391951,4.892858
CAB39,7.4418445,11.039879
AP4M1,12.544504,7.4414444
TIMM9,3.8898692,9.420219
PRCC,9.565783,5.7817636
ZNF781,-1.1424676,-2.0219688
SNW1,2.9863706,14.397335
GPX2,11.028202,0.25256598
TSPAN4,-10.109537,2.9249012
BCAS2,5.1751246,13.840524
CHADL,-2.4817295,1.9051443
PTP4A3,-6.9024525,-1.3027449
ZNF547,-0.8718056,-12.359609
NXF1,3.967506,14.255993
ARSK,-0.23988841,7.5292706
BET1,-0.35051954,6.6224375
ERBIN,-10.285867,9.034906
SSPN,2.0233264,-10.733344
RPL8,6.994128,3.9039514
ZMYND8,11.38337,8.567692
SPATA18,6.2504597,17.282293
NSMCE3,-9.433844,-0.51120585
SLC25A19,7.547422,8.43453
GAR1,-7.0478706,10.165048
RGS4,-10.389047,7.4996023
PNKD,8.531924,1.5335104
ALG13,3.608968,-3.3269062
USB1,-5.7784553,10.63381
MITF,5.841035,-3.783202
ACTL6A,3.0247304,8.454761
VPS4B,3.900525,7.5841036
RALGAPA2,-6.9882045,-4.3827224
SETD7,-1.00704,0.37219748
EIF1AD,1.7533776,10.45903
TANGO6,-2.3550055,12.592249
NOM1,5.6052256,0.70520604
TMEM238,10.519673,1.135375
KLF8,2.8857481,-7.189644
FBRSL1,-2.1306171,-8.376663
GATS,13.3234005,-2.267274
BRI3BP,-6.563344,-1.3730514
IL2RB,3.8012526,-0.5816328
DCLK2,1.8891311,19.493382
SIDT2,-1.4315131,9.193391
NUB1,6.295262,0.30858546
H1F0,5.3727145,3.9189029
ARFGEF3,-3.392455,9.349971
ALPK1,-3.5088363,2.4014091
ATF2,-2.1516833,-12.004521
RSL1D1,1.752962,10.458023
KIAA0355,-6.923588,16.488356
WWTR1,10.612341,1.7883936
SMAD9,0.6196185,-8.812256
ARID1B,10.632137,9.340855
TAF11,9.17599,5.290085
IFT57,9.155314,15.294759
PRICKLE2,-4.93224,-0.35986307
CDC40,-0.9329415,-2.1772387
NPAS3,-10.325608,-3.1198244
ZBTB22,10.661159,0.874857
CHAD,-10.275549,9.041241
MRFAP1L1,1.9110217,0.3809328
PPARGC1A,4.0401835,10.016338
B4GALNT1,-3.2328207,-7.1042304
TSNARE1,0.21220008,6.749065
KPNB1,9.89471,12.603681
PC,-4.443352,5.5935345
TOP1MT,5.431649,8.0406275
PNRC1,0.6148752,-8.816993
CRTC2,10.089272,5.9300857
ARMC2,0.1928778,1.3325516
INTS4,13.417238,-2.2490613
SLC11A1,7.5664034,3.1589494
UBXN8,8.165854,-0.14195529
ZNF528,-9.063811,12.877514
EEF1E1,5.9630456,-5.6003485
HK3,7.416475,3.3877652
MPV17L2,5.970733,2.177063
SIPA1L2,6.8789115,15.06199
ARHGEF7,-1.1189969,-2.0609746
DRD4,-0.9504408,-1.441247
EBLN3P,-4.6684732,10.964623
SETMAR,12.779846,0.22025764
ATP6V1A,6.298729,0.25232098
HRAT92,-9.101941,4.104263
SMCR8,-2.616771,3.1022751
GLI3,-8.928051,-2.315518
CLEC2B,-8.86617,-7.0038815
TMEM74B,-0.31638858,18.44951
SUPT20H,3.9145312,14.315267
RAB30,-2.2368898,-1.9031267
FAM193A,5.06718,-0.050150372
CTSW,10.153579,5.375372
ADGRF1,6.1156993,2.3504694
GOLGA4,-1.5698853,14.782511
DLG3,-5.0029345,-0.4310222
FAM204A,0.1459352,-0.065654494
ENTPD7,-1.875432,9.391965
PRSS35,1.927947,5.5530295
GTF3C5,7.527671,13.834094
HMOX1,-9.920838,-4.67158
HMGB1,-7.9902697,-6.296775
SMARCD1,1.80973,10.403075
PELI1,-3.1368482,12.683777
NDUFS2,11.527665,3.0470085
MTF2,-0.5768438,5.3690248
IFITM10,7.781297,0.9802224
CAST,-14.79353,2.2375996
PABPC4,-10.325692,-3.1199021
PDLIM7,-12.061377,5.052191
SLC35B3,11.63066,-5.3425403
IGSF9B,0.22501822,1.3730224
CSK,-0.17278318,0.2820182
PCDHGB7,-2.3500733,0.067231864
ABLIM2,-6.8587146,-4.473974
PRPF18,3.0273013,2.96169
SLC29A3,5.882356,-4.204323
PLN,-5.009093,-3.0565503
LSG1,-8.029321,12.28352
ACBD5,11.6460495,1.4576246
ITIH5,1.8906729,19.495077
DHRS13,-8.432218,-7.040972
XG,1.8011547,10.413082
MAEA,3.0583792,5.7053595
SAA1,3.5123599,-8.401509
WDR70,3.873694,7.448845
ADA,-5.446134,-11.221924
ATP13A2,2.9966888,14.385993
FAM217B,-1.4137316,0.6863477
ARRDC1,-1.7823571,9.484081
HMOX2,-1.5047501,1.0131096
AGTR1,-7.165096,12.688066
IVL,14.703902,0.67768717
TK2,10.084371,5.926946
NR1H3,-11.023242,-5.327284
AFTPH,-1.4077532,7.395987
TSPAN14,-3.0989943,8.185228
WDR44,12.778229,0.22092387
STS,10.059261,5.9229093
LMO7,11.3928385,0.3196007
EIF2S1,-7.327798,10.175129
ZNF140,-0.9697819,4.481198
LRRC37B,8.499732,-5.35971
NPM2,-4.537447,4.5535746
TRMT10B,5.858826,-3.9168031
RASSF4,-8.059075,12.3133545
KLRG1,9.6866455,5.242955
ZNF431,1.0567204,7.3813305
SEMA6B,0.13655144,2.9573379
TSKU,11.72927,13.388071
CENPS,-1.473438,-3.4015963
PIEZO2,14.161285,10.321319
EPPK1,-0.941798,-1.4312098
HCG18,0.012936845,6.728616
KLF16,4.657283,9.249991
COQ2,8.936737,10.33222
HES1,8.727258,3.051546
NRM,12.775904,0.22157475
PBDC1,-8.058898,12.311908
TRPV4,-1.4247116,9.168506
P4HA2,13.072579,1.9751735
WWC1,11.011869,1.3111172
SERPINE1,9.857887,-2.3093147
TCAF1,2.256731,9.330595
SMC4,3.6209626,10.824542
SIPA1,-7.705461,-2.3883023
CTAGE5,4.3263774,2.6866858
GLYCTK,-8.745817,3.0573032
CHD6,5.3130364,8.688557
PLCL2,3.638633,-3.2660432
TMEM9,-4.9816804,1.7632763
ASPRV1,6.3499246,2.6755998
MYO9A,4.8277946,6.4895825
PAX9,-4.483175,7.370972
NR4A2,-3.9075274,11.164015
RIC3,-4.6734786,-0.33459112
SLX4IP,5.8699474,-4.2221212
ADAMTSL2,3.1774871,-1.2541239
SLC38A4,-3.5537817,9.012605
FAM134C,1.8535838,-0.44732723
INPP5A,5.2879534,-2.0306475
PTPN18,5.7703056,7.7551737
ZDHHC13,14.910174,-2.1021843
ZNF615,0.47314397,1.6365027
HMGCR,-0.44051173,-1.864543
DDX55,-4.415583,-0.19382672
BLOC1S3,-5.5248322,10.582055
WDSUB1,4.65829,-9.453674
SPON1,6.3371277,0.21175936
COL1A2,1.5187366,16.106577
SEC13,3.017977,8.461617
CTNNA1,12.557644,2.688733
MPLKIP,-5.748605,13.181887
COX7C,-4.0651164,8.66586
INTS14,0.20029856,1.364079
PSORS1C1,0.6359987,-8.776847
FAM35A,-1.4556779,14.699426
RNFT1,14.926594,4.073319
IRF6,11.030788,1.0359329
MOV10,-4.39862,4.424048
DDX60,-14.956172,2.388267
GDI1,3.3978205,-1.7733378
POT1,-6.71718,6.701908
SELENOP,-4.4948516,14.327572
PGD,-0.5040168,14.786933
SUGCT,6.27763,6.667713
ZNF160,1.8186255,-4.1054344
TUBE1,1.3957853,0.81792825
ZNF630,-7.9172273,13.824965
ZNF181,1.8900294,19.494236
METTL14,-7.996469,-6.299479
PSD3,-1.7701863,9.726354
COG8,-7.122655,2.0907238
AQR,-9.700869,0.6183904
DHRS4,1.5157771,-4.0363955
PEX2,-4.2614856,11.071411
FAM86HP,-9.2843485,-2.679467
GTF2F1,11.668202,3.1211798
ALKBH2,7.584223,3.1295218
CNNM2,-6.972809,8.722222
UBE2L3,-4.664774,10.963883
ARL4D,5.3597217,-3.65279
BNC2,-1.4194798,0.67616874
CCDC137,-5.7430716,13.17521
IPO5,10.092599,5.927144
LIF,-2.042138,-8.316506
PLXNC1,-10.834722,5.110862
OBSL1,5.3717456,-5.8056893
CHFR,-8.924912,-2.3135605
ZMAT1,4.554391,9.938647
TMEM64,-10.955741,0.8851124
FMNL1,0.28720716,4.067354
ELMOD2,0.40417683,-9.205283
HP,3.5128493,-8.401107
NEBL,2.1342227,3.541972
POLR3GL,4.7836976,6.383911
STARD7,3.1097026,3.5017831
ARL6,7.0419793,3.825411
YPEL4,5.71949,-4.547453
DXO,12.994281,10.326572
ATXN7L1,-8.406854,7.504429
PRMT3,6.599028,-1.2554538
TANGO2,0.70092744,-3.408504
SLC22A3,-7.7061143,-2.3889468
SIRT2,-0.62692446,-3.427079
EEF1A1,3.6268435,10.810571
TMEM88,-3.2577567,3.307519
MTRF1L,-5.6505346,-0.82349116
LILRA5,-6.9454355,8.732435
MED1,10.3480835,4.906615
BPTF,4.8273134,-1.5429633
NAGLU,7.5162973,3.2267168
SH3TC2,10.71937,1.1174072
TRIM63,7.5917115,12.457904
TMCO4,3.3234627,5.8678656
CLN8,3.3259795,17.799868
SLC1A7,-10.949954,5.2273703
FOXN3,4.7631054,6.5685463
ANKRD17,4.753671,3.4630575
KCTD12,4.367,-4.329836
KLHL31,0.6554141,5.1676097
SDHAF2,-11.72513,8.909167
TOR4A,-0.8751855,0.687644
GIGYF1,1.466904,6.245511
KIAA1161,-10.656069,11.006598
LOXL2,8.840539,-1.9916779
ZNF385B,11.50001,-1.733953
ATXN1L,7.043975,3.8338978
KATNA1,10.085655,5.8487477
OSBPL2,-3.7542114,2.5965028
EZR,4.347671,-4.350366
RTN4,5.17526,13.839799
NRSN2,-10.108588,2.9259174
COPS7B,-11.937683,-1.7027347
DCAF16,-3.4099777,-2.1649442
KIAA1468,2.2627006,3.6392972
CD99L2,-5.7663207,8.7716
WDHD1,10.107598,-2.6857967
TRERF1,3.3899076,4.8775606
GGA1,9.841966,12.560519
CXCL17,10.788252,0.005822951
IFI44L,-5.098911,-6.6748495
FMO5,11.377969,8.561713
SNX21,-3.1009681,0.93489516
P2RX6,-0.5143951,14.781651
MCOLN2,7.8332424,0.9416056
TRAF2,2.3593748,8.898108
COL8A1,-1.2382593,9.499404
PIGS,-0.014286478,-3.8936584
RHOU,5.2543344,-2.0328293
CEP57L1,-9.345991,-0.6645392
MYOZ3,9.940811,5.613315
LDLRAD2,1.5805348,2.5036874
UTP14C,2.6207066,7.073535
NDUFB9,-3.446805,-9.581626
NSA2,3.8746943,9.417962
DCUN1D1,-10.966865,0.89327973
RASL12,-5.8612194,8.836528
PCDHB16,-2.6108718,-1.1967229
COMMD7,5.1869535,12.351849
NKRF,5.9854546,-5.56141
RUBCN,-4.608197,17.266693
NAPRT,3.2131784,11.870947
HSPB2,-9.179306,3.8077526
BCL7A,-0.68625826,14.680962
AASDHPPT,-3.444292,6.659085
SRGAP2B,-1.0801286,-1.3155754
HEPH,-6.9507427,8.732871
MYOM2,-4.6334167,2.1501808
CSTA,-2.1928518,12.473192
PHF12,5.3490696,-5.8040867
COLQ,0.7974191,11.276512
KRT1,-0.34580198,18.420334
MRPL16,2.8076832,-2.4277735
HSPA2,-0.153726,0.051313683
RPS6KC1,-2.25715,-1.8688911
CLIC3,8.87906,4.8582416
ERLIN2,9.713046,4.0715737
MIER2,-5.528659,10.584307
HCG11,2.992147,14.386986
STRN4,6.9472995,11.251811
SEPT1,7.42637,3.32838
KCTD10,12.647288,1.7843245
ZKSCAN3,9.893979,12.603591
DNAJC30,-7.123917,4.516671
CD109,-5.050045,-3.1344879
ACTR3C,8.614283,5.2396684
MFSD9,10.779099,0.03649059
CCNT1,-3.7074091,8.543415
FAM78B,-2.239281,-1.8950995
TICAM1,2.2154543,9.2007475
EIF2B3,-0.8740531,-12.356864
ZBTB3,11.924056,-0.97303313
RABGAP1L,3.3491068,5.795243
KLRD1,6.1166444,2.1286886
EPHA4,7.2748103,-6.3343744
ACTRT3,-3.1420844,18.003067
UBE4A,3.1759274,11.812365
MDM1,-0.013227793,6.902806
SPRY4,6.382865,6.7162957
TMEM63A,-10.275323,9.043957
POSTN,4.924318,18.834667
SGO2,-3.4124284,-2.1657858
PCOLCE,-7.9572167,3.4453611
ETV6,-6.81724,-1.3579183
VASP,6.9073114,11.200783
OAS1,6.348198,2.6690483
TMEM198B,6.53127,-4.741936
MTSS1,1.0621698,12.287651
SPRY1,9.662209,8.3912115
CARMIL1,-10.278156,9.042334
DPCD,5.7287636,8.8640175
PDCD2,-7.0612545,10.185571
CDC42,2.1549845,-7.464739
MRPL30,9.855777,-2.3092585
ARHGEF2,-1.2880496,14.602918
AAMP,11.308171,-7.154974
MLLT6,-5.7480826,13.186435
LY6G5C,-1.9709787,15.291797
RPUSD2,-0.24515821,7.535533
ASMTL,-1.36303,0.9477465
POLB,-3.9063041,6.77957
PGLS,-5.6730895,8.705347
LENG1,2.3192525,7.3466434
PPTC7,1.5674876,16.050838
TNS2,1.3888683,0.8236211
PBRM1,-8.527519,3.2083426
ATXN7L3B,-7.9582376,3.4444382
TMEM40,-3.7669945,-5.872388
SLC30A6,12.361468,7.307332
GLDC,-12.175663,-4.73143
ATP6V0A2,-6.984683,8.745548
PEX12,7.306529,9.710964
ABCD2,-5.6364217,8.682613
RAB18,-3.0772624,0.9656841
ERBB2,-1.7776244,9.48358
ARRDC2,-5.048052,-0.566079
FGFR1OP,8.2684965,-5.6300154
LMNA,0.813188,4.932331
CXCR4,-2.0223155,16.968542
VTCN1,11.583306,1.5028082
TNFSF12,-5.445397,3.6762328
GPAM,10.6668005,0.8795784
FBXO33,1.7813038,-4.09254
ACTR2,8.671883,10.0928335
PTPRR,9.1428995,5.314444
FRAS1,6.3371596,6.6984825
BTF3L4,2.0348456,4.710347
ARPC2,13.717044,7.3177257
AURKC,3.4060776,-11.853779
TMEM140,-3.965726,5.4357157
FAM127B,-4.162338,8.2802105
ALDH1A1,-14.77778,2.2224836
DDIT4,-8.412252,-7.0475683
ICK,4.7622604,10.214681
RERG,-10.929483,5.206136
IDI1,-2.2248974,12.498286
KIAA0141,-0.97111166,4.482269
SFXN5,4.311536,2.6775303
TMC7,11.105256,0.952304
ADAMTS7,7.4969344,3.2403393
ZNF195,-0.8805362,0.6932436
ADCK2,-2.713653,-2.0099232
PLEKHM1,7.681292,13.996119
GRAMD4,2.0303967,4.7135754
COG4,-7.1290145,4.5095024
SPIRE2,11.080477,0.29047093
UACA,9.841981,12.562771
FAM114A1,8.000083,-7.001448
GPM6A,-8.984468,9.268331
GLDN,10.311953,-6.667054
TINCR,-10.010217,3.0012858
NSUN7,14.161139,10.321281
AP2S1,2.3241718,8.9498
KYAT1,-2.1421704,-1.3826543
VWA5B1,6.2676644,17.258904
SMPDL3A,3.4376855,5.7296205
GPR146,-8.471935,1.060678
HINFP,11.499517,5.712047
PSMB4,-4.4960876,14.326236
RBM41,10.220794,-1.4097418
FSTL1,-6.164928,-8.500716
MEF2A,5.4263706,8.04888
ZNF624,-9.775437,7.367437
LIN7A,-3.5919843,16.737131
FAM118A,6.3515816,2.6762137
DPYSL4,10.302382,-6.6727014
TXNRD1,2.5935338,-1.4691426
GPX3,3.513505,-8.401009
AHI1,-7.380886,4.613531
POLA1,-2.894677,10.302493
FBLN7,3.7492468,-1.7173544
NDUFB1,5.6628447,8.891388
SLC37A4,-13.244818,9.233152
SMN2,-11.939535,-1.6959218
IQCC,-8.094735,6.2146764
DOK1,-4.3945556,11.045332
LYPLAL1,-8.846505,-7.0715327
ENO3,-0.9486556,-2.1532145
ECT2,-5.5646505,10.587071
ST13,11.666285,3.1290007
FAM129A,0.2478355,-0.5947921
ENSA,5.589471,11.498952
TPM2,8.873542,-2.017783
EFNB2,3.8368297,3.6847787
ZNF223,1.8897218,-0.41725624
FUT9,9.5672865,5.779821
ZNF613,0.020047968,-3.9780788
RBM22,-5.6389623,8.688594
PTP4A1,3.7357087,5.4652023
PPP2R1A,3.8960426,7.1703615
SAP30BP,-8.094108,6.216504
MDK,8.359913,-5.5367045
ST20,-0.9513399,-1.426539
GPAT2,-0.6009136,2.9030697
AKAP17A,5.566899,-1.076793
PIPOX,-8.4178295,-6.5247726
ZNF891,-0.5356773,-0.3154643
FBXO2,8.527231,1.5339636
GNB4,7.0175033,-1.7716652
ZNF330,12.473144,1.7969222
TLN2,7.4142346,11.02127
ABCG2,7.4762826,6.3592277
IST1,-9.388367,-0.51223654
ADGRF4,-10.146364,9.131547
MLLT1,-5.1820645,-3.8986466
SEL1L,-5.09752,-6.6745663
NDUFA2,5.67671,8.868772
CAMK2D,10.788177,0.0036231217
DNAJC14,-7.2367096,-9.546363
ZCCHC9,13.825166,7.419631
KHNYN,-4.2712765,13.162551
CDK3,3.7737486,3.6583297
NETO2,0.11696495,4.2961545
FBXL15,-5.084394,-3.7809315
RP9P,-5.888732,14.514923
FLNB,3.4062824,-11.853882
ESPNL,3.2129352,11.872979
PROSER1,0.46335393,-10.358154
NFATC1,0.25634742,-0.59772295
APTR,-1.4111409,-9.964245
ZNF549,-10.673028,11.021056
ARL13B,7.0115137,-1.7649223
DMD,3.1082644,3.5026295
POLL,-5.599596,-0.8256954
FAF1,-8.58085,3.2476988
FUT11,13.145559,8.655973
ADGRG3,-2.5553255,2.0208762
ELAC2,2.0614176,0.57607657
CCDC93,-0.4027066,18.352097
USPL1,2.953155,3.679003
HRASLS5,-4.7453194,9.257462
OGDHL,0.9549169,5.084891
NFIC,-0.18451816,0.2964951
IRF4,-2.8291721,14.221463
ADGRL1,-7.160866,12.688651
PLA2G4F,9.520081,5.376623
CD3G,3.2342756,-0.14845088
OSBPL9,6.918945,-4.7595506
GTF2IRD2,7.522643,3.6862876
HNRNPL,-0.8579495,14.056525
PRR4,-3.9901192,5.3220096
PXN,-8.543106,3.2575183
A2ML1,3.9364514,7.6417794
SWT1,-10.969217,0.89432544
MYZAP,0.06307363,0.012571346
KCTD20,12.557688,2.690954
ZADH2,3.7014775,5.48442
CYTH3,-5.855678,8.836102
TNFSF4,9.8629,12.5688095
MALT1,3.9241657,-7.020998
CACFD1,-4.8786225,2.4200747
DEGS2,-3.7671125,-5.8707533
JUN,0.58257407,-3.393239
TYK2,9.911126,14.535592
ZNF776,-3.0105758,2.0444167
PSMF1,11.154049,4.7286754
ZDHHC23,-1.9201518,9.895616
DDX39B,11.045548,5.008616
F2RL2,-1.4812138,-8.451203
MBNL1,-1.2401153,-9.834125
KCNAB1,-2.8579628,14.253245
ALG9,-6.0403314,2.160405
CABLES1,0.31662178,3.066542
RFC1,0.4626071,-10.358801
WDR41,-0.28384975,5.6847525
LDB2,4.7927394,3.4615645
PRKCB,-10.868667,11.073694
FAM120A,4.3042493,2.676292
PHACTR2,-8.532373,3.2452672
SLC26A1,-7.5400677,4.724313
ZNF438,9.171712,15.311116
FBXO44,-3.2768342,3.4616141
MIS18A,-5.649403,-0.81800133
GPR171,3.229177,-0.13543805
SPATA7,13.14429,8.654226
DHX30,-4.494378,14.333962
CHML,-5.446809,3.7280755
TIPIN,-10.278629,9.038032
HERPUD1,3.3263109,17.796993
CACNA2D1,2.1813893,-7.4831667
ARMCX1,2.4344072,-8.491996
EIF3H,3.251438,-0.317281
SMAGP,-5.776631,8.779067
ZFHX4,-3.1416454,18.002125
DIO2,-3.7791896,8.539863
CLDN11,7.0105944,-4.7458715
PTGES2,-14.654783,6.398738
NPNT,11.578862,6.919337
MTFR1L,-0.62202793,-3.4161885
FAM53A,4.2742734,15.821684
SMARCD3,-3.268136,8.406822
CENPQ,-4.6027327,17.261799
SCMH1,-5.421974,3.7704103
EYA4,8.074492,0.7571885
SRF,2.5220542,7.181508
COX5A,3.255249,14.227657
GAREM2,-4.000845,6.8574977
ANKRD24,-9.094658,4.1730375
AGPAT4,-2.0478222,-8.314373
PRR33,-3.901679,11.16426
SAAL1,-3.2007565,18.060675
PGR,7.8015046,0.9763709
UPF1,11.2445545,5.304218
WNT11,-2.0372372,6.247525
TGFBR3,5.8121295,7.7312536
FCGR2C,-0.63317436,-3.4642508
PYM1,5.3437557,12.110814
ARIH2OS,-8.911369,-6.9548745
FXYD1,5.2042217,10.638227
ZNF117,2.0533514,11.521075
XYLT1,2.3630009,14.753062
RASD1,11.111417,4.764634
GPR153,-11.929763,-1.6773053
SAMD12,-3.7644978,-5.871773
ATG16L2,12.544334,1.7977855
ZNHIT2,2.6175737,7.072968
NUDCD2,-3.2030458,18.061554
KLF11,-3.6178672,-8.233951
TAF7,-4.0442467,5.47135
CCDC142,-3.3817468,-2.1489923
DPM1,12.391252,7.326597
TRIM31,6.2372556,17.28938
ENDOG,-14.420583,1.8221039
SFN,-12.019761,-5.033613
LCMT2,-2.0388408,-1.8037916
ACIN1,-10.114754,2.9222398
LRRC40,8.871624,-1.9468137
SPARCL1,6.3750906,-2.7087536
NDUFB8,2.8959973,-2.4595902
MIB1,12.52362,11.369108
GAB2,-2.5557797,2.0246365
CD180,-12.105018,5.009777
PTPRA,-5.127528,11.983411
TMEM44,0.34661412,-0.224271
EMILIN1,-2.1403933,1.01667
HSPA8,8.191445,11.660044
RSPRY1,11.053297,4.959509
EMC7,-5.7387257,13.180396
IVNS1ABP,6.9021163,-7.946156
DACH1,-5.1501184,-3.7423167
KIF5A,14.748664,-1.0771458
PARG,-2.6627567,12.755057
LPIN1,7.212171,3.5896006
CDC26,-3.540805,-2.176808
DNM3,-4.8233786,15.506929
TTLL7,3.8984778,-6.995055
NAV3,-8.47994,3.288716
SLC16A12,1.3725456,0.7946764
DIO3OS,5.683337,8.858492
HNRNPDL,7.486865,3.2488153
KYAT3,12.521932,11.368843
MOCS3,-5.4732594,5.2728214
THUMPD2,0.6094697,5.090865
THRA,-2.701266,8.491603
MGAT4B,-5.6451263,8.684736
TMIGD3,3.0249352,2.9613428
ARFGEF2,-6.058503,5.8394732
B3GNT9,-8.014063,6.2204328
GLTSCR2,-12.036345,5.0563803
C1QL1,11.392467,5.6817613
ATP2B4,-5.222708,-3.383286
AMPD3,0.026929153,-3.2156875
SLC25A38,4.5231786,16.095165
METRN,-5.9518332,5.7365317
FBXO48,8.906481,-5.2672954
ZKSCAN7,-0.6729842,15.175085
PLEKHO2,1.1874559,14.140631
PRSS12,16.879215,4.547646
RBM4B,14.732971,-1.0796441
KAT2A,-2.154874,-12.004143
MUTYH,1.9299166,12.923455
STARD8,-14.654807,6.3987427
CHIC2,5.2327623,-0.8648876
PNISR,9.123446,13.628746
ZNF101,0.2958221,6.713221
HAND2,-10.940826,5.224155
ADAMTS9,9.756149,8.3207035
GFER,6.7502475,0.50809896
NUDT9,-1.2550303,7.488144
UBE2Q1,-11.725324,8.908178
CLEC4G,-0.73090464,4.7866054
PLCB3,-10.964518,5.2419868
BICD1,6.8792076,-4.7918587
STK17A,-0.36644968,-1.8892776
FAM13A,0.60691404,5.0947795
LRRC8B,5.51653,-1.0833946
TGFBR1,-9.120681,4.4621115
EDNRA,-9.266742,-2.662295
MFSD4A,-1.0895915,10.868576
CYB5D2,7.620264,6.5162883
RFX7,3.3334756,17.81583
PAK3,-4.819578,15.50553
PCDH17,8.312162,11.740663
GNA11,-1.0155762,1.8458298
RTN2,-0.17424037,8.150244
ADNP,-0.23934272,8.643952
RARB,-1.446425,0.672505
BNIPL,8.878811,4.856052
BCAT2,4.3767595,-4.3132067
EPG5,4.036698,10.016514
SLF2,-2.018455,16.972296
PRR29,-6.7695374,-4.5631604
PTPN21,4.7747254,5.6835938
SCNN1B,8.86586,-1.9918374
HADH,7.474412,-1.4612899
OSBPL6,-8.647549,-3.9249015
DCTN4,4.523866,16.095692
POLR3B,1.727538,0.37514257
COL5A1,3.8261364,-2.2743511
THUMPD3,-6.9477286,8.731142
RGMA,3.482849,-8.365039
ANAPC5,-4.501915,14.320327
ERCC5,0.86505544,5.1565638
NIT1,-11.729343,8.9110985
PTPRG,-0.6322913,-3.478187
SHE,0.6073035,-8.831347
B4GALT2,0.9121912,7.3255115
HIST1H1C,-0.4018099,6.6346393
RPL22,2.1236699,-11.019311
NAV1,3.323816,2.0693045
CD24,-3.765755,-5.8698997
ATG10,-6.7173285,6.7033277
EPHX2,10.0324545,-1.2054677
NEK7,3.701544,5.5231705
ST6GALNAC6,3.6739182,-3.1991487
NANOS1,0.8804311,0.15811053
RUFY2,7.569988,12.428903
H3F3B,9.268544,-7.1732445
DDX58,-9.714686,6.145814
BET1L,-4.0347486,8.338634
SYNPO,-5.8965464,5.674776
NFYB,-0.5027281,-7.4107533
PEPD,0.84227294,-3.450618
DOCK9,-3.2247558,-7.0959682
LDOC1L,-3.6275995,-0.85910404
INTS11,-3.6311707,-0.8625763
HAUS1,3.765877,-1.7054538
NCR3LG1,2.6906195,-2.4191234
CLN3,-1.905922,-3.5359843
MOB4,9.827959,-2.2951524
ZNF23,0.24570808,-9.414597
FGF11,8.593973,8.706183
PGRMC1,11.175452,0.22047327
RDX,0.31911227,-1.1436133
PKN2,-6.105098,5.8882656
APH1A,-10.707124,4.146868
PCF11,-1.3036261,19.611168
CLDN1,-5.1552925,12.01012
FAM83C,-5.4666085,-11.242582
GATAD2B,1.3740656,0.96201915
CCDC184,-1.4124789,-9.968563
ZNF441,3.3415976,17.826159
ZBTB26,7.4470363,3.6662025
TAS2R14,-5.098644,-6.6760025
LTA4H,-3.9885972,5.319944
ELMO2,8.214956,-7.2414002
LOX,-2.5868244,3.0994592
DGCR6,-4.4903955,14.330918
PCGF2,11.624996,6.965186
ABCC8,3.6091523,-3.3323965
BST1,1.6938025,15.880988
CCDC40,1.1096201,5.5413017
NT5DC1,5.1516423,6.35886
AUH,5.0481443,-0.025108112
TANC1,-1.1022807,-1.2983404
SLC2A4RG,0.5371596,-5.2188907
TAF15,4.8494515,18.758179
PLEKHF2,-3.1082058,12.7133465
SLC38A11,-6.9719195,8.717437
ZNF324B,2.6219862,7.073634
VCPKMT,8.559211,-5.122591
PIK3R4,0.46228552,-10.358619
KLHL13,10.017771,-1.1922181
PCTP,10.955787,4.3566813
OSER1,1.5421879,-1.7112277
CREBRF,-1.4539769,-8.415602
TRIM9,-2.6617305,12.754151
RBM44,10.271787,-6.675911
GDF7,8.413351,4.8877144
CBWD7,-3.1945305,-7.046485
ZNF174,-9.082881,4.2112417
MAPK6,-5.2754855,-3.3851707
SPATC1L,1.2458832,-6.233798
PTPN13,7.274599,-6.335349
NCK2,1.5123026,-4.036392
UBA6,0.54775745,9.076631
GANAB,6.1292267,-2.569543
TGOLN2,-0.8488506,14.045332
COX7A1,-3.9060547,6.779229
APOE,7.620257,-1.4087014
MAP3K4,-10.707378,2.2177682
CRYBG3,2.69352,-1.185488
RSG1,6.8669443,15.027737
EGR2,6.381796,6.7134223
PHKA2,3.3213737,2.0647027
POLE,5.4647813,6.101749
LBHD1,2.4445944,3.6617715
DISC1,8.501027,2.8085718
POGZ,6.063165,12.13563
POM121C,3.4789057,-1.8331178
PRKCI,-3.1046798,8.077992
TSTD2,-1.2062185,9.531125
EIF6,5.5206313,11.691554
SSSCA1,-4.4975696,14.325638
UBR4,0.43537977,-5.3275843
EIF3B,3.7448895,-3.0736098
GMEB1,4.485912,12.423856
SGCD,9.327782,2.247368
ACTR3B,-0.8555273,14.049673
RAB31,-1.1286901,4.3134713
AMACR,9.985686,-1.1606665
KRT8,-12.047365,-5.0056024
ASTE1,1.3603916,-2.1596766
RNF146,13.1443205,8.655524
TGDS,6.3153987,6.6874533
NELFCD,9.875024,14.500866
MED25,13.3614435,-2.2916903
PIM3,-10.704484,4.148722
RAVER1,1.6535435,-1.8435111
SIRPB1,11.229672,4.6215696
SEPT10,-10.573286,2.163527
CCDC17,3.227446,7.040319
BCHE,16.277199,7.2627745
STIM1,-5.590161,8.638071
DGKI,10.95236,4.3675494
NBPF11,6.8970337,-7.9332485
FGD4,11.262525,4.5768805
CPNE5,5.1995783,-0.853283
UQCRB,-5.801901,0.2724925
PHB2,-9.336768,-0.654237
SHROOM2,-0.50018287,-7.397497
ECE2,1.89804,10.844619
MED20,-8.007281,-6.306357
ACSS3,-8.56665,-0.2924042
CHST10,-5.2255483,-3.3839774
ABHD4,1.1162103,5.5680337
TPSG1,-0.20954533,12.169055
SUDS3,0.87269443,-3.4641874
TMPRSS11E,-3.7681267,-5.871685
PDLIM2,7.4258647,9.34256
TMEM203,-1.5378294,-8.252504
TMEM14C,8.884524,-5.281068
DYNLL1,-2.19674,6.2415013
TRAF1,8.882572,-5.2857985
SERPINB1,11.403798,8.587454
GEM,6.315962,5.31167
ISCA1,-6.527865,-4.800021
IGF1R,9.991,-3.7463517
FAM3A,11.966175,1.7130066
CHST12,8.623277,5.2390337
ATP7B,-5.4575443,5.2610593
SLC15A4,-4.8646626,10.703516
ZEB2,4.173373,1.1457653
SMUG1,1.4467498,0.81905156
MMD,8.538685,5.007011
HSDL2,0.3003546,-0.5740991
LMO4,1.092912,5.5273733
EHMT2,4.727012,-9.324386
POLR2K,9.804177,-2.2979429
DIDO1,12.361532,7.309756
FRY,-0.95271176,-1.4333951
TICRR,10.725195,11.316778
CARD6,0.23832805,0.6830771
KATNB1,5.569364,5.986578
IGLC2,8.867169,-2.0009022
GRHL1,8.30446,1.6955221
LEPROT,2.2034497,8.390054
EMC1,-2.7070513,8.481353
KDM5A,-1.0212933,10.944314
HS3ST1,-2.4112258,12.639219
CD79B,2.6932018,8.278723
FAM168A,2.0724242,4.678816
SIRT7,-4.0000963,5.3940167
SC5D,-3.2398343,3.4351597
ZBTB10,-4.65723,10.916192
EXOSC8,-3.1969068,8.363939
PI16,-5.888488,13.104366
ADAT1,0.1103174,4.3082256
CDHR3,0.31007922,0.48813093
CAPN1,-1.2228447,-2.7788453
SRSF8,-7.9820714,8.380605
FOXK1,1.7707134,0.42723608
CBFA2T2,-2.5552952,2.0249197
TMEM179B,-10.583677,2.192595
TSEN2,4.8306694,18.739944
NKIRAS2,11.47046,5.708221
PCYT1A,2.521002,7.179557
TMEM53,-4.9622316,1.8168256
RTKN,-4.1248846,16.043238
MAGED1,11.205096,4.636088
ALCAM,-5.3360634,-3.3464952
PDXDC2P,1.2467356,-6.234501
TNNT3,-0.91341704,5.5448465
CIR1,6.3795276,-2.7093787
ST6GALNAC2,8.121682,0.7144864
KANK3,-6.7657146,-4.565822
CEPT1,-12.419857,4.7598567
ITSN2,-1.4760036,-8.394421
ZNF260,0.32068568,-1.1459535
GRK5,-6.374415,6.7160506
ACTA1,-10.709585,2.2177243
FAHD2CP,-8.374755,-6.457392
PARL,-4.125106,16.043415
MAMSTR,4.6757193,-9.419041
SGMS2,9.105462,-8.555014
TCERG1,-5.4399295,-3.2778213
ATP6V0A1,8.619561,5.233446
ZBTB46,6.8738017,15.042524
UTRN,-1.447709,-8.41228
PRMT1,10.21052,-2.4725404
POGLUT1,-9.205409,-2.6022165
ZNF649,13.295025,4.207741
ABCA11P,7.555199,8.443227
MCUR1,-10.697089,11.032503
MED27,-12.900908,5.4612927
TMEM126B,5.7373385,0.61668444
SOCS4,11.290839,5.5428305
SPTY2D1,-9.917155,-4.68553
FAM171A1,10.1657915,4.769453
CIT,-14.400103,1.8018998
ABCF3,-5.653266,8.674362
ZMYND15,-10.388048,7.500182
MON1A,-4.8662148,10.699641
TSSK4,-6.693844,15.513691
NUDT4,3.8958254,3.6823666
USP27X,-2.0244906,-8.314787
CCR2,-1.1124532,17.188429
TRIT1,-5.4164066,14.022204
ZNF347,5.5356636,11.676399
RHBDF1,-6.168164,-1.6078622
ZNF121,4.763857,-9.291113
SV2B,-6.780352,-4.551818
ZMYM1,5.6889524,-4.490445
WASH7P,-7.539912,4.7198806
STYK1,-4.619851,4.6143956
EMC8,6.939801,-4.7603307
MAFK,8.347772,-5.5217514
PTOV1,-5.7822447,0.19853297
RAD51B,-4.610742,17.269249
KRAS,6.250273,17.283266
FTH1,-3.8959363,8.353744
FAM213A,-3.2597153,-7.130871
FGD1,2.10685,3.5291317
YIPF5,-0.30489686,5.035162
NNT,-5.5104604,3.744869
PDGFRA,-6.85489,12.16057
NBEAL1,-11.938232,-1.6938819
KCNJ3,-3.0226743,2.0302248
SLC1A5,0.034609288,4.5053363
CNPPD1,6.749965,0.5080735
IRF1,6.8676605,-7.8659306
MINK1,-0.84774405,14.030675
DHCR7,3.9707706,-7.1160707
ZSCAN22,10.513112,9.20045
EXOC2,-0.40213132,18.353891
WIPF3,6.3136244,1.9222782
PAWR,3.7062778,5.479109
ATIC,8.619883,-3.023365
NEK10,0.87625283,14.421562
KRT6A,8.861006,-1.9943689
MT1X,-4.646255,2.1728528
HSPB7,-3.8489602,6.760787
ZCCHC8,-5.51262,3.6476939
ARL10,-4.60079,17.261507
KIAA1217,-4.674162,10.961654
ATPIF1,-10.587372,2.187091
SIRT5,0.4324709,12.199957
PLXNA1,-6.330411,10.695382
GOSR2,-6.6336164,8.964302
GGT7,-11.907818,-1.099539
TRIM65,11.300727,-7.144922
SLC35F1,7.6435876,-1.402505
FAM120C,-2.214638,5.01163
BCDIN3D,3.2033107,-5.1693983
PIK3CD,-0.672863,15.185659
FAM76B,-3.3861432,-7.291638
SLC16A8,-1.23365,14.536957
ACAT2,-2.8965576,10.30203
SUPT6H,6.3469715,0.25648502
COBLL1,-15.128813,4.5187616
CCBE1,-2.253934,5.0508265
MFSD11,-3.6184368,-8.234163
FAM200A,9.800807,8.29597
SERF2,6.3876476,-2.6998477
CDON,4.640549,10.815685
THYN1,6.901272,-7.93509
AVPR1A,1.8548254,-4.118269
SERHL2,6.1821485,-2.163786
SEC23A,-5.397172,-3.299466
PLEKHG2,8.837664,-1.9870825
MFSD1,8.642666,2.9470365
TMEM222,-6.045588,2.158084
CTSS,-1.016597,1.8653438
CREB5,-0.1918302,7.962935
ECE1,-4.075089,11.169037
SGK494,8.512411,2.8178813
FOSL1,2.1108394,-10.985708
CDADC1,-1.1759796,-2.768818
KIF21B,-1.9948831,17.006262
ZFAND1,-0.32012445,18.445358
SLC38A9,-0.18827578,8.717282
NRXN3,-3.5790145,-0.8271255
ENOPH1,0.11493607,4.3037415
RNF165,4.5240345,16.096087
PMPCA,8.908883,4.839408
ADH1C,5.179049,12.3643055
TSPAN15,-4.8064494,-6.386199
ITM2B,7.020439,11.389021
H1FX,9.10506,-8.555543
EID2,3.3034577,14.164346
FAM86B1,-5.8490715,8.8329735
SGSH,-0.31712025,18.448278
PCMTD2,-8.73002,-0.3796025
HAGLR,-5.6813107,11.641549
CTU1,1.8091979,9.39054
TNFSF10,-2.859949,14.256295
ATRIP,13.022604,-2.9800708
DDX46,-1.3188142,-2.520252
CPQ,-0.44844642,18.299131
PML,12.525686,1.8072344
NLRX1,3.7943072,3.658309
DHTKD1,5.300465,6.265011
SKIDA1,-8.938326,-2.3327658
SNX16,3.4081516,-11.8551655
CD276,7.424063,9.342072
LIMA1,5.5770698,-1.0875505
KCMF1,6.9909844,11.417113
KAT14,4.747366,-9.267597
ANLN,-4.2342696,1.0215372
TMTC1,-1.2225965,-2.7726681
TRIM26,-9.347616,-0.6647663
POLA2,-1.3035766,19.611338
PHTF1,5.580286,11.552445
ERCC4,7.2696104,9.615046
EDN2,7.1905785,8.05036
ELOVL2,-0.19311231,7.9610643
NPEPPS,3.2052646,11.849802
FAM53B,-0.24202417,7.5234423
NAA40,11.1171665,4.76567
IL34,-7.911009,13.821518
TRANK1,-0.005642013,4.621111
TNNC1,-3.972307,-4.9982967
RAI1,6.392856,13.184653
PDZD8,6.3902826,13.1876745
SETDB1,-8.520026,3.208218
SMPD3,-4.948543,10.61217
NUDCD3,6.135001,4.920447
APOO,6.3065324,-2.6861498
G6PD,-1.0340642,4.4150095
A4GALT,0.542912,9.075161
WIPI2,-1.8850619,9.846724
STK38L,11.29534,-7.141934
TBX1,-9.117164,4.40469
ATP8B2,4.3446426,2.6746612
NPC1L1,7.431746,3.773932
SYDE1,-6.01001,5.793524
ZSCAN9,10.205764,-2.633173
CCNYL1,4.7725153,5.6858177
CHRM2,-2.1108575,12.406619
FTL,10.538554,9.201288
PPP1R18,1.0878619,14.272756
RFWD3,-5.162679,-1.2193897
HERC4,8.288391,11.741977
ARSI,-8.467074,1.0589167
ABI3,8.694826,10.118914
CNOT2,1.4877145,2.5718791
AFG3L1P,8.5961,8.703547
FXN,1.0530665,5.4581127
CCL11,-1.9961327,-8.314165
PCGF5,6.9733114,-1.7897186
SYS1,0.87342566,-3.4629366
CTR9,2.7039,8.277641
SLC38A7,-1.9692621,15.290336
UBE2D1,-1.7619326,15.046665
CUL7,-6.815231,-1.357955
ACE,11.631484,-5.340079
SELENOW,-2.8818254,14.282493
CD46,-11.027281,-5.3236217
C5AR2,0.5671403,8.208278
HYKK,-6.8267493,8.840919
PPHLN1,6.150373,-2.260341
CSGALNACT1,1.2802321,14.268077
HSD17B6,11.412853,8.6065
NRROS,12.526781,11.372857
RHBDL3,5.6833577,-4.505574
CYCS,-3.8170378,5.583338
CARS2,-5.7848797,0.60954064
CASZ1,6.05129,12.121352
DCP1B,0.780517,11.822336
MLST8,-10.747282,11.064218
ANG,-1.4458025,-8.451267
ASPG,0.5171084,-5.237324
ZGRF1,8.2944765,11.744961
MZT2B,-8.506996,7.5247703
TNFRSF10D,2.1034236,-10.985182
ANKH,-2.2166538,5.013736
LGR6,-0.18216138,8.149184
MAPKAPK5,-4.8443766,15.471859
HECW2,1.6093085,-1.8907613
EPHX3,-0.7908375,-3.8240433
ZNF618,-9.018212,11.532524
KLF13,-2.0189028,16.972593
WDTC1,3.8389795,-6.9344397
LZTFL1,-10.696088,11.036593
VSIR,3.8796272,-6.9772797
MB21D2,0.16469316,-2.4728937
RIC8B,-1.2212712,9.536111
KLC1,14.926709,4.076439
TDRD10,-0.19975616,8.6207
PIGBOS1,10.868677,7.9017844
TAGLN2,4.3785105,6.3437824
PPM1K,-11.670616,8.854458
MGAT5,-4.6190357,4.611543
TAOK2,8.395205,4.8797445
LSM2,-7.819236,6.4923754
CPA1,-8.472002,1.0607069
MAMDC2,5.15242,-6.1366196
SURF6,2.0371094,4.687611
SLC1A1,1.5207543,11.308461
CNTLN,-1.7781187,1.1208813
RUNDC1,8.215587,-7.2420187
FLCN,13.259111,-1.6052595
GTF2H4,-14.747529,2.1973789
WRB,-4.948147,10.6080675
ZNF513,13.334895,-1.8311054
SLC23A3,-8.568105,-6.866873
CADM3,-3.7822044,5.6115766
ZNF764,12.681991,1.8042831
ST7L,9.79882,8.297546
KIF9,-14.397724,1.7986107
RNF219,-3.6667752,-0.8834352
ZNF571,1.7280598,9.428284
COL5A3,0.6200982,5.0604033
MAB21L1,5.037443,-6.271244
CXCL2,0.4297425,12.201219
FJX1,5.4301186,6.129203
NBAS,-2.8941677,10.302057
YBEY,0.7968511,11.803152
KIAA1549,0.7141376,14.222925
MADD,8.937452,-5.260899
LAMA5,0.48352215,-5.2710876
ERN1,2.1077888,3.5305932
TRIM56,-0.1528803,5.905051
ACSL3,3.9789796,6.259942
PANK2,-0.6667406,15.133746
ANXA4,12.983686,10.31635
HPD,-2.8581946,14.255504
EIF4B,-11.442227,6.2923055
C1QTNF2,4.9371233,10.302131
LRRC29,5.17889,10.626777
NUDT1,-11.890954,-5.190445
EMILIN2,7.3260016,-1.4973524
RD3,-9.777188,7.367216
PFKFB3,0.7698313,11.291981
MAL,4.6383514,9.260777
MUC3A,8.343173,-5.5283375
GAL3ST4,12.013253,1.7292515
CRLF3,6.845419,-7.844196
SRCAP,5.5760465,5.9803452
MAGI3,8.6349745,8.661237
SNX30,-5.680134,11.643498
ADGRG6,10.120558,-6.8326483
CHL1,-4.062112,8.6778755
AS3MT,-0.55486137,4.8651414
DTX2,-0.95747083,11.072386
EFCAB11,-0.64173067,-2.2941732
RNF113A,4.9329815,10.304656
ZNF595,9.26845,-7.173384
ASL,-1.1495112,-5.8125153
RAPH1,-9.121453,4.6487875
SPEN,-6.432643,7.150916
FAM104A,8.260294,11.719466
GBF1,-2.6613476,12.753484
SELENOT,6.1222076,-2.8363402
PATJ,-2.9824202,2.046918
E2F1,-1.9063768,-3.5367942
UBXN11,2.1256466,10.987158
RNF13,-10.818238,11.138548
CCL4,3.2427135,-0.28829494
CLK4,6.852179,-3.331023
APOC1,4.6854625,-9.406074
TSC2,10.003885,-3.7088537
DCTN5,-6.171445,10.383365
PHF19,-9.126108,4.6593366
TUB,-5.583792,8.634263
IFT140,9.75059,8.324549
NBPF19,2.6006813,6.0846066
HGSNAT,2.242316,4.5807076
RNF44,-3.107252,12.712656
LRRK1,4.665376,-3.617806
APLNR,-6.732034,4.3761773
SLPI,-8.630322,7.557242
IGSF11,-14.400263,1.8012059
DIAPH2,-1.0754995,4.3674755
EFHC1,-6.9132004,8.767785
TIAM2,-1.3736048,-1.8221203
SPOPL,5.559159,2.33767
OLFML3,7.016095,11.38893
LRRC6,-10.676461,11.017863
PTPRS,1.571824,11.318217
ITGAV,-5.4746866,5.277882
PPP1R3D,1.0631869,5.4835405
VTI1A,-0.2116691,12.17043
VPS26B,5.4782457,-1.0778034
FBXL5,1.5647312,11.318342
RECK,7.00861,-4.739414
MPZ,4.0494986,10.027107
ADGRB1,8.28579,11.7391815
ZNF322,1.0151019,5.042076
IMMT,2.4989033,7.197469
TPH1,1.7162261,9.443823
RAB7B,-6.666437,0.45914993
OTUD7A,-12.093746,2.3880463
OXNAD1,-9.152285,8.54564
SEC16A,16.879568,4.547901
CHRDL1,6.1441474,12.216259
PYCRL,3.210295,11.833148
HSD17B12,7.593868,12.461791
EDA,11.148836,8.179861
SFXN3,11.306395,-7.1521797
PHIP,-1.1420575,7.566177
FAM127A,4.935637,10.301598
NCAPD2,13.007549,-3.032241
EFS,-2.2255507,5.0198073
FANCD2,-1.3580225,-9.926565
CCDC85A,-10.830385,11.164537
OSBPL10,3.0102055,3.521043
DNAJB14,16.805853,4.4754777
FBXO5,13.845455,7.4300737
DRAM2,-3.3509667,-2.129578
TBPL1,5.208834,10.632678
TMEM265,6.392997,13.188367
MYO7A,-0.17654067,8.133746
ZCCHC17,-0.39226755,-2.5263546
LSS,3.0492828,3.3800201
WASH6P,11.733799,13.384438
SOGA1,14.9110775,4.0950975
ZNF414,-1.0905969,-1.3094565
HBB,8.905543,4.8379703
PRRC2A,5.7130737,0.6397746
ADAM11,-5.215479,3.7697468
TMCO3,-1.1076351,-2.6324325
RNF122,-3.2641034,3.2485602
ATF6B,7.087722,9.871711
STX16,4.411358,6.3489356
PDZD4,-5.866518,5.648179
FXYD5,1.3775003,10.727048
RSPH3,12.005493,1.7160746
ZNF397,4.3462358,2.6722066
GPR68,13.354899,-2.2053747
RNF144A,-15.128693,4.5187244
AK6,-2.3859677,5.178928
NRG4,-9.681104,0.6112648
RBM19,1.7226769,9.440689
SORT1,9.149777,3.4265404
XRCC4,10.245125,4.8778377
TTC39B,-9.08665,4.1250696
CASK,2.4849005,7.2079844
KLHL30,-9.322232,4.9560485
KDM3B,9.163826,13.606188
CLSTN2,-3.3568187,-2.1502466
MX2,12.868286,1.8906772
FOXO1,-2.1733675,6.2094593
NIF3L1,-3.992555,-4.9961467
CDR2,2.7331429,-1.1718944
DOCK7,-8.399505,3.0666914
RUSC1,6.881314,15.055479
GLB1L2,2.9497187,-2.8424916
C2CD5,8.742498,-9.839875
BCL3,1.0828766,14.274506
PDCL,-0.19085741,0.013367912
TBC1D3L,-6.2864513,6.666664
LTK,-5.898129,5.6788754
SNX4,0.007881573,6.16452
MCCC2,1.2379124,14.045655
SCARF2,1.0152887,7.5807366
SLC24A3,-1.7637521,15.049462
DGCR14,6.492488,0.41533372
ILF3,3.722328,5.95109
SEPT2,0.06531079,0.85812956
P2RX4,-6.841457,0.576937
MKRN1,10.880245,7.914812
BAHCC1,-1.8505785,1.4778214
PRPF40A,-3.0987258,8.083524
CERS6,-6.9022326,-4.42907
KCNMB3,-1.4878546,-3.2995512
MINDY4,-6.4186106,7.212217
PSMD9,8.191539,11.660258
PAF1,-10.046812,2.9716504
B3GNT2,7.6108685,-1.4387283
ZNF300,-6.1709366,10.416746
RAB3C,-4.919429,2.4491718
NAXD,-12.063807,5.044567
UPF2,3.1815474,-1.248598
CNOT9,-0.5192037,4.90268
BNIP3L,1.3450669,14.372289
TMEM104,-7.9170165,13.826402
FAM222B,0.8727021,-3.4642196
CENPT,-8.644994,7.5588913
CBFA2T3,-12.202556,-4.6726503
EPHA2,-5.224548,-3.4874792
NSL1,13.308896,4.232682
SPDL1,-1.9523982,15.275734
RPS4X,-8.828456,-0.46986407
WNT9A,-3.9170966,2.5356634
LSM11,0.7546433,0.111079
BCAS4,-2.8661866,-4.2859282
ACAA1,-2.1801944,6.2275
CNN2,-0.3844062,-2.5127017
SLC7A1,-5.4637585,14.06391
RPL36AL,-8.338091,-0.14705041
TRIM11,6.0981274,4.9047465
COL19A1,0.6221666,0.15803397
PRSS36,3.2622235,-0.50880367
SF1,-1.3897232,-9.952284
PHF2,5.4675236,6.0969257
DYRK2,-7.1272583,0.6486748
LAT,-1.3488735,0.9796166
DALRD3,11.766338,1.3455143
UBXN2A,-2.6943517,-2.0069957
NT5C2,-0.31604683,18.44968
XRCC5,1.8638107,9.355355
ZNF93,7.106373,-5.6352267
RNF41,3.7149572,5.949819
ASCL2,-3.4442284,9.300549
TMEM51,-6.8564677,-1.3428996
VWA5A,-2.5725498,0.054108176
GLCE,3.4385052,-1.7959795
GSKIP,-5.520392,10.586879
ECI1,4.161023,1.1522478
NDUFAF7,-10.696045,2.2113748
SLC25A39,5.37077,8.132821
SAMD4A,11.432883,9.78876
ELF5,8.324866,4.8163433
FOXRED1,0.04075965,-3.9926224
CPAMD8,-6.83281,8.82181
PRSS23,10.612314,1.783351
SNRPB2,-2.3558846,5.2006364
HSD17B8,-0.6677206,15.137629
TRMO,-7.939683,8.420514
THBS2,-0.7730768,4.7403197
GGCT,-6.821843,8.8315525
PANK1,1.7077665,9.437243
TFPI,6.0272956,-6.241013
MAP3K7CL,-0.7764648,-2.5182426
PWAR5,5.924645,-5.96587
SIRPB2,-0.66040426,15.070342
PDS5B,2.7274644,-1.203666
COG7,-1.1480975,-5.8100367
WLS,-9.911547,-4.6922007
TUG1,3.4188688,-11.865105
NSMCE4A,3.932743,-7.062653
BCL2L1,2.4849844,8.502399
SEPT7,-3.9940538,6.8536882
LIMD2,3.884865,-6.985671
SLC35A3,-1.7251873,-3.4447973
ISY1,-0.82542896,-2.4682202
ZNF410,9.104722,-8.555597
DRC3,16.2783,7.2629757
RFC3,12.832966,1.879632
PROSER3,9.619526,8.443391
BCL9L,2.0701787,3.4948587
FAM160B1,-6.4274073,-1.4018936
AP5Z1,-4.7772193,2.2044187
ZNF442,-1.8652841,1.4671972
FOXRED2,-3.902452,2.513682
C1QBP,9.975205,-2.4600508
ABCA7,-3.2949493,9.488151
JAM2,-2.893381,14.298053
POGK,-0.33187202,-1.7320696
GABPB2,0.0935271,4.334229
GSTM2,-12.873274,3.6597936
ATG4D,-2.0507293,12.359846
PHF11,-5.140046,-1.2735734
TTYH3,-0.98459953,-1.2955567
GPSM2,-10.896055,9.943028
KIAA1324L,4.6658554,-3.6439195
CASQ1,7.732151,6.595718
TMEM126A,1.8112888,9.3873625
GPI,1.0241027,5.409977
MESDC2,9.245649,15.362566
SF3B2,-5.745362,0.66952515
KCNE3,-8.9858465,9.268902
TIRAP,6.122005,4.9295588
QSOX2,6.1442823,12.212388
VASN,8.910051,-5.2693543
CYP4F3,-2.1509354,-1.4366299
GSPT1,-4.895489,-6.46118
EARS2,1.9012269,5.249293
TRIM6,11.073345,5.19297
KDELR1,5.5828533,11.560002
OSGIN2,0.40722644,-9.201868
IFT22,-2.0112674,8.080917
ZNF830,2.0259736,4.705766
SETDB2,-1.4329603,-8.417976
KPNA3,0.9366409,5.220952
RALA,8.187768,11.653701
ITGAX,12.44907,7.358836
ZNF580,-10.158565,-4.369769
TBC1D32,-6.6791873,15.530072
SEC63,-1.1355268,5.596778
TIE1,-0.7005577,14.689087
RWDD2A,4.2924294,2.721376
PUM1,4.728557,3.414819
GRK2,-3.4577456,12.690075
SAMD8,7.35942,9.439807
TRAM1L1,10.1490755,5.4306746
VPS33B,11.219765,8.260702
PTGER4,-0.9092638,5.543409
ZNF112,-5.7863817,0.21431679
COLEC11,10.172543,5.147999
FRMD6,11.419377,5.693
PCCA,-0.27872616,5.707576
TMEM219,-6.9970345,-1.2382674
ZFX,-0.7150985,2.9775558
KLRK1,-5.289365,12.137271
EDF1,6.6033926,-4.8311524
RHOT1,2.1287706,3.5475192
CLCF1,-6.686583,8.940013
ATRAID,-4.0667124,8.675492
KDM3A,4.3108516,-4.4103575
MAPK7,-4.888887,10.67213
NFATC3,-9.566067,3.269742
RASA4CP,0.30329293,-5.4824176
BIRC6,-7.198167,0.69321394
ABCF1,-5.7625833,14.383564
CCZ1B,4.7653613,5.681596
TTLL11,-2.668539,12.741799
PALMD,-1.5669998,-3.6707714
BIN1,4.7892394,-9.316944
SCAI,8.742492,-9.839861
SEC24D,3.3290062,2.0660205
SIAH1,10.188765,-1.3814164
MOB3C,-2.018913,-8.312375
KLHL9,-3.8680193,-3.0877862
FAM13B,5.2236433,6.7784495
ALDH3B1,8.046544,-7.033188
DDAH1,4.662668,-9.432067
MTERF4,-3.5459042,9.081523
PLEKHJ1,0.68531024,7.124303
ECM1,-4.2818937,13.198913
PAPOLG,-5.1682544,-1.2094946
ZNF720,6.292448,0.3077716
FBXO10,2.35112,3.6517875
ADD2,-3.915202,2.5302715
NIPBL,11.325786,-7.1765094
LAMC1,10.852624,7.907925
TCEAL7,-11.933257,-1.0731735
FAM76A,2.9846458,3.0966809
SYBU,-0.8192835,-2.5686731
TCF7,-0.12937218,-3.1307971
ATP6V0C,6.1174607,4.9370546
NDUFA12,-9.019281,11.533082
PLXNB3,6.048101,12.119724
FAM53C,9.3314085,3.6245668
COL4A4,-10.965641,0.89484453
ALG6,-0.2836159,5.0194826
RAB3B,10.072341,1.8333474
FGFR4,-4.7238564,2.2289577
ADAMTSL1,-6.7474566,4.3813257
SPATS2,-1.7915539,9.738106
SESN3,9.399598,13.520538
ZFP36L2,-3.7424376,-2.9633226
KRT5,-0.49835718,-7.394255
TCEAL4,8.783549,10.21621
MSANTD2,13.805475,8.715923
AREL1,-0.2975451,4.9622746
AHCY,-1.7372016,-3.4529653
ALKBH7,7.009599,-1.77382
NFKBID,-4.729987,-0.36896193
ARG2,8.907662,-5.264636
GBA2,2.1372848,0.6034149
PPP2R2B,-2.9729037,2.0199344
NIPSNAP3A,-7.165442,0.64501214
HDAC1,-2.1448524,-1.3115643
KIAA1671,5.7900567,-8.677084
MKNK1,6.120078,4.964386
CMSS1,7.550971,6.445854
CNTROB,-1.3904221,-1.8159897
ETNK2,4.9343033,0.10054218
ZNF43,-5.3677735,-11.143525
CDC42SE1,-3.4408085,12.689374
HSPA9,-8.014659,-8.449931
TTTY14,9.851577,-1.0312041
RHPN2,-5.2269635,-3.4628274
GTF3C3,-5.09858,-6.6743746
ZZEF1,0.06122457,0.045046747
PPP2R3B,-5.476029,3.6700351
TMEM106C,7.6644907,-1.3773409
STK10,-3.4357998,12.692403
IFT52,7.444752,6.322441
SUFU,-4.493233,-0.22305372
ACVRL1,5.6218944,14.965117
HSCB,3.2565274,6.0656624
ZNF888,-10.170975,9.102597
MFSD14A,5.3959227,-1.8781062
SEPT4,-5.682034,11.6489725
PDCD6IP,-12.348687,7.4728494
ZNRD1ASP,-9.110671,4.2253656
DHRS11,-0.607092,-2.245663
EXOC7,-8.4337015,-0.22581735
PCDH7,2.0217152,11.466543
SOCS1,-0.91101915,2.0061405
MED6,-4.9284062,0.0072251423
SCIMP,3.8701286,7.551608
NPFF,-3.8970788,11.166604
NPIPB12,-6.0475273,5.8262925
CCDC171,-0.011387538,6.1761355
NCOR1,-0.941322,1.9827988
PSMC3IP,-6.17283,10.413438
SDK2,6.6552343,2.9885747
TCEANC,-8.1802025,10.861736
CADM2,-5.3233585,12.174057
CILP,-8.379982,-6.4044266
CLDN5,11.067612,4.755958
RBFADN,6.926616,-1.6756856
RGS11,9.195654,15.334094
TCFL5,-8.812409,15.774653
ZNF490,13.256192,-2.2152174
INTS5,1.2746555,14.220056
FDX1,-5.480706,8.569497
BATF3,-4.934282,-0.037171636
COL6A1,6.0610948,12.130342
ZNF275,-6.422231,7.195131
RENBP,-6.8537135,12.159784
LRRC8D,8.774034,10.200561
EPOP,-9.236555,-0.5114735
IPMK,8.18772,7.2086205
HSPA1A,-2.934563,-0.5558617
SEPT5,12.7103405,7.5847206
YIPF4,-6.9815955,-1.2430227
FBXL4,11.453716,9.817505
TMEM138,4.631302,0.3994017
ADD3,2.4892206,7.198368
ZMAT5,-2.8663769,-4.2859445
SLC2A10,-9.019294,11.532766
ZNF428,3.854143,7.5383234
WDR33,-8.057302,7.3587227
TMEM243,-5.2054367,-3.5380642
KLRA1P,9.953832,4.4054055
MMAA,-2.1395323,-1.2994747
TSR1,-2.3609107,5.1655307
AMD1,-3.9457886,2.4971986
SH3GL2,14.70394,0.67740524
ISYNA1,-11.896932,-5.177222
MTRR,9.105034,-8.555438
RASA1,-1.7197831,-6.408617
BEX4,-2.2677352,5.0685835
SAT2,-6.809145,4.4112372
MTFR1,-8.386021,-6.4206758
USO1,1.2454491,14.067914
ATM,3.1886928,11.830748
TPD52L1,3.820794,12.909103
CFB,4.63252,-3.9421473
TCAIM,1.5240839,0.7990031
ASIC1,-6.4712,6.935121
HMGXB3,1.5205004,2.5620925
F5,6.1119213,-3.0945237
IFI27L1,-0.18443905,8.70567
CYTH2,3.4217794,0.9013413
KIAA0930,0.3655033,5.179168
DLST,9.399193,13.520666
SNRPD2,-5.5550456,8.612738
TBP,10.514601,16.886631
BRI3,-10.387854,-7.609404
PPP2R5E,5.5798845,2.3183672
MBD2,-2.2466562,8.342687
MOSPD3,0.37842366,3.9539003
ZNF570,-0.19849855,-2.9438026
SEC61A2,-0.14930008,-7.8603525
GLG1,11.22862,8.268594
TPGS1,3.7545288,-3.0875263
ABR,12.656327,1.810025
AP5B1,-8.812291,15.774676
FCER1A,3.433651,-1.6237147
CENPBD1,-6.1225576,10.652667
F2R,-0.4988674,-7.4037485
FAM172A,-9.30231,4.9307213
KIAA1644,0.26877272,-0.172421
CARF,2.7866428,8.332489
ZNF711,8.73501,5.046515
CCDC121,6.1893516,-2.1659875
CBWD1,5.3613005,-1.90475
ASF1A,10.516254,1.1240761
PKHD1L1,4.9844537,8.456268
KCNT2,-8.623377,7.552797
SEMA3F,3.054471,3.4379766
PPP1R26,-0.19055212,7.9890394
L3MBTL2,6.121565,4.9329348
SLCO2A1,-5.883586,5.657411
MED28,-13.056946,10.972239
DSCAML1,9.189264,15.323932
RAE1,-7.166545,10.147785
AMPH,-9.854762,3.1086922
AMN1,4.3091145,-4.411766
MYEF2,-7.123224,2.0909657
TFAP2A,-11.871683,-5.2091913
JKAMP,1.3785256,0.95712405
CABLES2,3.896217,-0.5359754
PCDHB15,12.498076,1.8035933
EDRF1,13.136465,-2.571163
BBS7,16.970144,4.6365314
ACOX1,3.3303783,2.0678751
RGS14,1.9875528,0.5155139
GLIPR2,-1.1854726,-5.818597
ZNF311,2.2467618,8.483767
IMPDH1,10.536759,9.16559
SLC35E3,-12.352581,7.4816813
COLEC12,-2.5767655,0.053737715
MBIP,-2.8947191,10.3021345
RNF223,6.498504,2.8202693
ZNF835,2.385267,3.6532655
DPY19L4,-11.8945875,-5.1793013
CDKN2AIPNL,6.7925024,10.93289
OR7E38P,8.250505,0.6384377
GPR17,9.305653,13.562181
PDSS1,-0.87121344,-12.357641
APBB1IP,-12.086682,5.026194
SLA,3.9215186,7.60307
TYW5,0.25583997,6.743129
R3HDM2,-6.6429844,8.95853
SSR1,6.039963,-3.234713
ZNF782,12.673885,1.8201232
PRRG4,-11.987287,-5.071571
FRK,1.9409904,-0.3900894
UQCR11,-3.4856005,-9.612503
PDE4B,-8.400507,-0.19878882
PNMAL2,4.638606,10.818741
PLEKHA5,-2.27261,5.082818
CMAS,-1.4071614,7.396667
SPG20,-0.5047758,-7.4062715
SPTSSA,0.800193,11.84722
ELK1,-10.161921,-4.369497
EME2,6.7449985,0.558565
TBCK,2.5383604,7.163973
PPP2R2A,13.806782,8.716473
PROSER2,3.799507,-0.5885444
MAP2K3,-0.3376397,-1.7408072
SETX,-0.13264182,-7.857567
PLA2G12A,-6.29216,-3.3877902
LOXL1,5.0211687,-6.2894816
MPZL2,-3.1199121,12.70929
POLR3F,10.199892,5.726935
SGK3,-10.70954,2.2171469
TNFRSF11A,1.5278274,2.549052
CD3E,2.7944784,-2.4656472
SGPL1,-2.2952423,0.065243155
ACCS,2.4899976,8.490583
KIAA0907,0.0021505912,10.418438
ZNF853,-5.9547253,5.7382274
UBALD1,6.746342,0.5968018
IDH3B,-3.3994386,-0.6885492
ZNF34,4.1658907,1.1550221
TMEM133,9.125527,3.3481877
ZMPSTE24,9.042823,6.269676
CENPH,-5.283169,2.6516092
BSG,6.894002,3.2729456
TBX4,3.4883657,-8.371096
SESN2,-4.9172344,-6.4815326
ZBTB24,7.6588097,-1.3778257
INPP5J,-0.24032126,7.59652
PHPT1,-12.092809,2.3859756
ATP6V0E2,8.206923,-7.2333837
ATP11B,9.3358555,2.2688966
NXPE3,4.4855065,12.423939
HTATSF1,-6.8054986,4.409261
ADGRE2,-5.1757765,-0.7498143
YPEL2,1.8304225,5.13678
NPY6R,-3.1621778,8.307719
DVL3,-12.393936,4.7720838
RAD1,-0.4546455,-1.8431761
FMC1,0.3643063,3.981316
CCDC92,-5.508729,3.6559718
EIF1AY,2.7289762,-1.2055359
RFWD2,-1.3385761,7.426481
PRDM5,-8.0214,3.4104269
PCSK1,-5.08566,2.5628943
THOC2,2.110347,5.3523846
PLEKHG1,-7.510108,13.519283
SLC44A2,3.0368621,5.3883696
DIMT1,-12.348708,7.4741383
DHODH,-3.53462,2.2707431
THOC7,6.7617583,10.919742
ITPRIPL2,5.0053897,0.0049363486
HVCN1,3.0676186,5.7157984
TMEM161A,-7.9408407,8.422313
GEMIN6,-6.322375,10.701955
EHD4,-3.0986645,6.4925222
DDX3Y,-6.3406377,6.7162423
TRIM69,6.800536,4.3044105
ZBTB7A,-0.07064289,-2.6871545
CCND2,3.032484,3.2598953
MICA,-6.4233036,7.2814307
NDUFAF8,-12.093736,2.387664
CYP21A2,-10.917239,9.962377
PIP5K1C,0.26803252,-0.1689533
HLX,0.91513926,14.370804
NGF,-1.4060656,-9.959735
TOB2,-6.3776665,7.27225
IFI27L2,0.31644133,-1.1373112
ZNF660,-1.5727078,-3.3669446
STK11IP,-8.40863,3.06522
PLK3,1.9961473,11.4421015
CCT8,4.184183,9.906481
TNFRSF19,-2.7155933,2.0638714
SIN3A,-7.1841846,0.69996464
PACERR,2.3670626,14.74628
MUSTN1,0.09143575,0.8812411
ATP6AP1L,0.899252,12.074269
LAMA3,0.45260635,-3.310266
MTHFR,7.1009936,-5.627009
CISD3,2.3264818,9.458164
NFATC4,14.914498,-2.1042397
FOSL2,0.7764205,11.82423
RNF166,8.926327,-5.315184
DCST2,-8.89295,2.7541232
TRMT12,-7.7763786,6.503542
WARS,-7.566379,13.552282
ALG14,-1.5194932,1.4970702
MOCOS,8.191413,7.2098165
XPO7,-1.4957342,-3.304152
TMCO6,1.0793382,12.31041
FBXL8,-9.261342,4.866349
MN1,-3.3395214,3.165565
ARMC5,1.3621399,10.717649
MYNN,-1.3964719,-1.815612
MRPL17,5.2830544,8.636737
TPK1,2.5883105,6.0846314
ROCK1,-12.315895,4.82464
SSU72,-1.4315535,0.6738742
BTBD9,-6.036206,2.1615658
SH3PXD2B,0.72627205,14.225994
PSME4,-3.3552587,-7.2333007
RCN3,-6.5181203,6.841206
TBRG4,-9.782618,7.3752117
PHC3,5.950512,0.42958248
UNC50,-8.790974,-0.4130913
ZNF19,-3.9562716,-5.017227
TCTEX1D2,14.193118,5.30103
MRPL45,3.86168,14.258158
EIF2AK1,0.46061096,0.33641088
STK25,5.167774,10.615464
PEX13,3.7803648,3.6555707
ETHE1,-3.8163807,5.500026
CACNA2D4,6.407123,5.3933454
RNF187,1.81018,-4.098766
GABPB1,-3.3411837,-7.219651
TNRC6A,-12.87303,3.6607811
DMGDH,2.021602,-10.726801
CCSAP,6.0218625,-6.224282
SHMT1,5.7126536,-4.5456514
IL17RE,13.11869,-2.6750948
DSC2,0.3689256,3.966749
ADRB3,5.441091,8.023398
RASL11A,-6.038392,-8.532095
DHRS12,3.0024934,3.0862603
RTEL1,-6.852579,-1.3382525
ITFG1,9.829125,-1.0026524
PCP4L1,-0.1324296,-7.8344336
STX8,-1.33716,10.613796
GNPNAT1,6.14485,12.213576
WNT5B,-6.169502,10.672049
PRODH,-6.784578,9.937179
SMAD5,-0.85020757,5.5191307
ZBTB34,-0.23345588,2.826663
AK1,-6.0255647,5.809378
PSMG2,10.229366,5.741384
FAT1,-1.4341402,9.181449
BAZ1B,13.404982,-2.2727792
SH3RF3,8.330758,-0.38144216
NEDD9,1.2822864,17.148413
TRIO,2.12088,10.982227
ULK4,-10.900833,9.947001
ZNF57,2.9509933,3.6859107
MSRA,5.807364,7.7341027
BBS10,-6.4808683,6.89393
NRXN2,9.024333,6.3062143
PLXNB1,5.357318,-1.9074425
RMDN2,-12.30574,7.448679
PODXL,0.78264,11.827775
KIAA2022,-1.160176,7.540873
TMEM184C,-8.034258,-6.328906
MED14,12.779227,0.2207092
GPX8,2.1527026,0.6172712
SCYL3,1.4889336,2.5737543
UBA52,6.74751,4.1964173
PLBD2,1.2822905,17.14833
SNAI1,3.2978096,1.0125548
PRIMA1,-6.9249535,-2.8985975
CCNB1,-1.9665042,15.292401
HOXB8,7.2126317,3.6066494
HTRA3,8.248657,0.637932
RNF121,3.8751118,-0.5469034
RC3H2,-1.2920908,-9.881571
KCTD6,-7.1988606,-4.2285104
CHEK1,-6.1212993,10.8867445
EFNA5,-0.27808505,5.3556232
EXOC5,-5.441264,10.571781
NT5E,-6.1792316,10.670432
CEBPB,-0.6649334,15.128006
GNG10,0.48252502,6.9021597
NUDT2,5.255162,12.247799
ZNF211,-4.933274,1.8646092
OXLD1,13.236395,-2.19394
TNFRSF1A,-3.5787308,2.6432095
HERC6,-3.1995463,18.059647
DGKH,-0.52464885,-6.2684274
ATPAF1,-0.81675637,5.5036793
PDZD11,5.6717267,8.860608
TMEM199,5.106848,6.725189
STC1,1.0535263,14.27961
ZNF628,-3.8569503,-3.0725682
PTPRB,-3.235844,3.4482458
TBL2,0.3151278,6.6993794
NMT2,-0.3269353,-7.6578703
CA2,16.976194,4.642119
CORO1B,1.9428989,-0.39179465
MAGOHB,-1.0388265,-1.175803
LYL1,5.1536775,-6.1363907
LMO2,0.49783894,12.126774
CTIF,2.5292883,7.173506
NID2,-6.5494423,6.857441
DCLRE1A,1.6446342,15.955866
LILRB2,-4.7261586,-0.36481047
P4HTM,5.463932,0.795212
ACOT8,7.3550024,9.445351
MINDY3,-1.3683422,1.0113833
EPN1,-5.785477,0.20063514
SPOUT1,-4.058194,5.430777
JAZF1,11.488618,6.8372526
SIVA1,6.3597035,5.3665085
DAPK2,-8.043619,7.3497386
INPP5D,0.37558207,0.49640748
NUDT8,-5.4492917,14.055151
AIFM3,-1.3627698,9.071142
GSTM3,2.2250419,4.593568
COX15,0.23588969,-1.1673012
RHOG,-6.7947745,9.971726
MIDN,1.0579022,12.28128
LDLR,4.8061666,-3.7643929
TENM4,-0.27019417,5.3777637
IL10RB,9.171851,15.31113
RAB4B,1.822407,5.1236815
LRRC37A3,8.646608,-5.3010073
PSEN2,9.028058,10.416589
PIKFYVE,-11.789376,-1.3854877
XXYLT1,-11.896117,-1.109799
IFT20,-0.7603929,5.452302
TMEM55A,-2.157021,1.0198267
LSM14B,-0.90383744,4.5614214
KDM4C,-8.398586,3.0613074
LSM8,-3.1501663,6.513713
IL17RC,-1.3498594,0.9253858
CRIM1,10.864531,4.490489
SLC27A5,5.6816607,8.877314
ADAMTS10,2.592363,6.088
NCOA5,9.879141,14.504054
PHF1,0.62745297,-1.7634845
ANKEF1,-0.5691409,-0.31313002
DTD1,10.649086,9.375602
TTBK2,0.25422493,-1.159043
CHID1,9.084788,3.4659953
IL15RA,8.650462,2.9573777
DDX20,2.7355938,-2.5434608
RPL34,-8.782719,-0.4089492
FAM65B,3.908087,7.585056
OSGEP,9.952999,4.409826
ZCCHC14,1.777047,10.504222
KCNK1,11.3091135,-3.7805767
MTMR10,8.383672,-0.45310706
POLR1B,-0.057104986,2.8714483
ZNF583,5.2824984,12.207989
ZC3H3,3.1456168,-1.7089422
AGFG1,2.017283,-10.713029
ZNF526,-1.240022,-1.9505789
FUT8,-0.028019657,10.415762
TPGS2,-2.0269992,8.098856
MAD2L2,-4.9825025,1.7789559
CLEC10A,-3.7419708,-2.9630046
SMIM20,-3.4467797,-9.580831
MYLIP,11.5355,-1.7310483
CRYGS,-5.200077,2.6610131
CLPX,-1.170194,8.766076
RGMB,-2.8922997,14.293831
PGBD4,9.024401,6.3070893
CALU,8.3719225,-0.43325818
JOSD1,13.814128,8.710881
ZNF536,10.086009,5.478699
COX17,8.370087,-0.43059298
KDM5C,14.161652,10.321528
ZNHIT3,-0.16299944,-7.8745413
ZNF274,-0.2264841,-2.8949773
ARL15,3.4122508,-1.7818846
TFG,5.9702992,-5.5827994
CCNG1,5.7770967,-4.6012945
VGLL4,11.859066,3.2525382
SDE2,9.850083,-1.0296284
GTF2IRD1,5.044661,-0.041851327
SCAF8,-7.3664656,4.603674
CDCA7L,0.63642937,-8.774726
PDE9A,4.756155,-3.7912042
CMYA5,10.898141,1.756402
RDH10,-2.9757226,2.018152
AP2A2,1.250521,-2.2441924
CCDC71,11.541342,3.0550036
TBCA,5.1740184,13.837598
PAM,5.717069,2.259854
NME2,-12.303555,7.4490523
HSPA13,-3.4476194,6.617617
GON4L,9.028845,6.300728
CORO7,5.584785,11.557963
CHMP2B,12.289238,1.7387072
SLC2A5,-9.189732,-2.588608
RHBDD1,0.93217427,12.119481
IMPAD1,-3.5094295,2.386243
SCIN,6.1901207,2.0586433
CCR5,8.783737,3.113485
MIER3,-7.5959935,10.152776
GFM2,7.5558314,8.440205
PTDSS2,-2.2763588,5.083147
ARMC1,-0.122563645,-7.844835
PLD1,1.61386,-1.8845582
NTAN1,1.6016157,-4.045757
TNFSF14,-3.4603405,2.3716981
PTPN22,-8.045347,7.3524575
BDH2,-2.262065,5.0623775
SPR,14.074065,5.397888
FBXL19,-1.4407158,7.371489
PTRH1,-4.9300036,1.8554906
TEAD1,0.00843332,6.9038544
NOV,0.4694822,12.153142
COL6A3,11.9409485,3.3272629
TMSB4Y,-8.381517,-6.3957715
D2HGDH,-8.646721,-3.924466
SCAND1,10.08573,1.8279765
SCLT1,-9.854428,3.1095355
ATP1B2,-2.3863883,5.178796
RNF169,-1.7810962,15.070349
AKR1B10,-3.156995,6.5199656
RPAIN,-4.881681,10.672748
FUT4,-1.108769,-2.6720297
HEATR3,-6.731383,15.449166
SMG8,-6.1235137,10.878641
ZNF71,6.8047395,4.380626
TMEM5,4.32177,6.3313828
TTC31,-6.7603445,4.387118
MKKS,3.9177568,14.316084
PPM1A,5.7238293,-4.5390625
PHLDA3,-0.84712416,-2.5753553
MSRB2,-1.9964173,17.005781
HACL1,-10.925851,9.971848
CCDC191,-1.5711454,14.779373
LEF1,-5.681518,11.637035
SSR2,5.6183515,14.955319
DKK1,8.349529,-5.5182905
M6PR,4.887737,10.352327
GCA,-6.0421834,-8.531447
FPGT,-9.468097,3.3293977
CYP4F29P,-4.6504626,10.960572
HMGCL,8.01356,-7.0029154
DDX31,0.01234389,6.719934
ADAMTSL4,1.5170876,-4.036228
TXNDC16,2.0204577,11.453618
WASHC2C,-0.4529867,5.3832607
MAPK12,-0.3607874,2.7564244
SLC5A9,-2.279826,19.380566
TBK1,-4.980774,1.7639861
DAP,-4.355453,4.399826
S100A14,-2.171489,-12.015797
UFC1,-1.2279053,7.4692063
ZNF778,-15.128651,4.518883
MBOAT1,1.5175341,11.2884245
MRO,-6.9173427,-2.893542
HARBI1,-5.7831545,14.408476
EBP,6.3449707,5.3481355
SORBS3,0.4144406,0.771159
GIPR,-12.07036,-4.9066825
RPGR,-10.922054,9.967291
IFIT5,1.1667888,-6.167983
ANKRD13D,-1.9021747,-3.5350318
CARD11,6.0197115,2.327521
STAG2,0.052749377,6.5590677
THSD4,-7.975484,7.3613973
COMMD6,-6.842873,12.151173
PIH1D1,-3.169407,0.8704657
COIL,1.7830595,10.446226
CYP4X1,-3.4449108,-9.580579
ACAD8,-9.174639,3.8255122
IFI6,7.724655,6.5899897
TP53I3,-12.79895,-0.5502174
FER,-5.412086,8.500419
TEFM,2.3723164,8.770752
CD74,-0.9706957,4.4793487
DPY19L2,5.7170167,11.863536
ZFPM1,2.1559813,-4.2631755
PPIP5K1,-6.063024,-8.524818
VRK1,6.7513676,0.5071531
ZNF564,3.3119764,14.169858
CCDC180,3.0731325,3.482772
CLCA4,8.30885,4.7966533
STIM2,-0.30730763,-7.6868706
RND1,11.40543,8.595154
HIPK2,-1.1429827,5.594752
MAPKAPK3,13.829046,7.417379
LMBR1L,-0.16050328,-3.0397756
PILRB,1.3187431,14.339745
CPT2,0.41545925,0.7747142
MCAT,5.5738497,2.3328094
BTBD16,10.972059,1.6810565
AP1S3,11.383952,0.32593372
DECR2,1.9092069,0.37760836
BICDL1,9.159508,5.2807326
DUS4L,11.436166,9.793568
ZBTB49,-10.811451,11.130232
FBXO30,-0.64230543,-3.1421483
HMGCS1,0.2201928,1.3588318
GDNF,14.909545,4.0977383
RBM33,-0.8672523,-4.5530624
SYNE2,-10.810546,11.127446
PTGDR,-6.1453624,10.659811
METTL13,-7.991551,-6.2966595
CBL,-10.156469,9.118249
PDK3,-13.8505335,-1.265891
LDLRAD4,5.359649,-3.6663194
ADGRV1,10.842773,1.3951995
ING4,-7.075046,4.5022645
TMEM136,-5.04875,-0.5808048
APBB1,0.44778886,-5.253182
SLC46A3,-0.99436766,0.39231846
CCDC57,5.2473927,-2.0434222
MYO9B,-9.946897,-2.669134
MEX3A,2.4068663,8.51697
JRK,-6.5830946,-1.3703506
NT5DC3,0.5772095,0.1755338
CSGALNACT2,4.6378427,0.3861087
SLC35D1,3.2520144,-0.35350743
TRIM38,1.2696991,-6.2540193
DSEL,-5.6888933,0.7385171
MLPH,6.652803,2.984991
TTN,1.9257594,-3.9554017
SMAD1,-0.41169828,6.6204195
S100A16,6.5594287,-4.7725487
HOMER3,5.161744,12.374447
LOH12CR2,6.0657134,12.132305
DPM3,5.68751,8.876039
YTHDF2,1.7987729,10.418191
HOXB3,-3.1353567,12.696489
MAN2B1,-6.7724204,-4.559315
TRIM25,2.0055182,11.448451
TMEM251,0.85025126,-2.3780067
TSPYL4,5.3831754,-1.8861033
ZNF439,2.1731036,2.537226
CD69,-8.07674,7.3424325
STAU1,6.6546116,2.9870296
YPEL3,-0.79770327,-2.5693789
FCER1G,-9.225467,-2.6226397
ESR1,-7.764896,6.5116935
YAE1D1,5.174708,13.835814
IRF9,-4.975341,1.7792522
PPA2,-1.4100579,7.3964663
DIEXF,-5.4199414,8.554265
RBM14,2.0429268,0.5553591
GNLY,0.6160512,-1.7690148
PATZ1,-5.250649,2.6420386
VDR,-1.3659774,1.6383429
CCAR1,-9.249459,4.8555355
GALNT7,-5.68151,0.7465628
MGAT1,-3.438601,12.692405
TWSG1,3.450916,-1.6645921
IFNLR1,6.0435,2.2531924
TNKS,5.790449,7.735196
PPP1R1A,3.4894218,-8.373553
P2RY14,12.549801,7.447111
ENOX1,16.891186,4.55904
PPM1L,-0.93669325,0.55159426
SPIRE1,-2.602887,-1.2047431
CCDC126,-11.749276,-1.2676549
ANAPC13,0.3026656,0.5089141
NCSTN,5.9752626,0.43709737
ABCC4,-6.8148317,12.138633
MBD5,0.30467507,6.7145276
ZNF124,-4.736653,-6.4528065
UBA3,-0.6042385,-1.8949332
TMEM176B,-9.590728,13.636707
JADE2,-0.12915751,5.9316025
PDCD7,4.004351,7.7182302
NOTUM,8.312671,4.804543
TLCD1,-1.5345658,1.4886991
TCEA3,1.3771212,10.725168
TMEM8B,-5.6633573,-0.8030424
SLC12A9,-9.463787,3.330688
RPH3AL,0.96548146,12.164272
MAP7D1,-7.1288033,2.089992
LHPP,-7.0169477,-4.353475
PLPPR2,3.9024012,-0.55586845
TRAC,2.7353125,-2.4333608
ZNF726,10.762984,0.08023414
MAST4,-0.13098007,-7.8345985
BEGAIN,2.683946,-2.4055083
TNFAIP8L3,-9.187999,4.768612
ROBO1,-7.174001,2.1560113
XPA,-0.79253423,-3.6456878
PITPNB,3.109906,-1.1558049
ZSWIM1,-7.1396675,2.196997
ZNF17,5.142438,8.398622
MAD1L1,8.412653,-5.4775534
TTC19,-9.147025,4.695396
GREM1,-7.7109036,13.661068
RIOK1,-0.9435967,14.27576
FAM45A,-6.7506404,0.55440176
GIN1,-9.780222,3.147793
SCARB2,-0.20125335,-2.9465992
OGFOD3,-0.18821087,8.69651
CPXM1,-3.2383537,3.4410672
CHCHD2,5.433532,8.032141
KLHL42,-0.14381233,0.20427808
TMEM116,1.0545692,12.284097
SCML4,6.111409,2.1370184
PCYOX1L,1.2587315,-6.2394257
ZBTB43,-3.1152966,8.076748
MAT2A,10.520179,1.1317531
PRKCE,-8.018194,3.4096012
BANF1,-3.8817387,5.484732
MID2,-12.3976965,4.765674
ZNF395,-6.525136,6.8544035
SRPX,-5.085369,-3.7809517
SULT1A1,-1.8018498,9.759715
DENND2C,-11.138563,-5.2308955
SAMD14,1.929949,5.5446606
KLF6,0.55964214,-3.400965
ATP10D,2.889236,-2.4551175
FOXO6,2.1599836,-7.4675593
TMEM43,7.660588,-1.3812973
ETF1,0.28164554,3.0506132
CA11,9.048237,10.435869
POC1B,-1.0754256,17.221603
DRG2,10.923994,10.641513
MCTS1,5.147377,8.660585
LRTOMT,3.7851973,12.956348
TSC22D4,5.646373,14.998097
CBLL1,9.734863,4.100373
TBC1D2B,6.770706,10.922851
DTWD1,3.798057,-2.443524
GDF6,-7.993056,-8.418846
PIWIL4,5.3708153,-5.7927914
MYCL,10.978763,1.3530618
PLCD1,11.328068,-3.790313
POLR2L,-0.91318005,0.6553542
DYNLT1,-7.368789,4.5974936
ZNF230,-1.4009985,-3.3982952
RNF34,6.8371587,-7.8366156
MEGF9,-9.141946,-0.4578591
GCC2,11.357747,5.6665425
DHX15,13.814228,8.712481
SHQ1,11.501546,-1.7462413
PMF1,6.4016705,5.3877964
DROSHA,-1.140193,5.594513
ANXA2R,14.043613,5.4148746
SNHG11,-7.989435,-6.296413
EIF4E2,-5.770308,0.18209602
SPATA5,-4.9805126,1.7675308
CD8A,9.172059,5.2885427
TMUB1,2.675409,-2.4204571
DYRK1B,-9.153,8.54611
ARHGEF34P,11.113341,0.9604007
PAK4,-12.10508,-4.8633533
ZNF256,2.1538775,0.6169378
TBC1D1,-8.808252,2.8882682
KIF20B,-7.6027656,10.153589
CRACR2B,6.1111536,2.1415668
GMNN,-2.2635126,-0.55167174
KCNQ3,1.9259164,5.2677546
SH2B3,-8.602942,-3.880741
DAPK1,12.548237,7.44413
GIT1,2.3196704,8.512263
DYNC1H1,-0.5852833,-0.34670782
ANKRA2,8.16534,-0.15187998
HSDL1,-12.390919,4.7746587
PPM1H,-5.2468276,12.093519
CCDC125,-1.2889023,-9.880378
MCM9,10.789839,5.1017914
AUTS2,-2.9403863,3.2336814
AP3M2,-10.918119,9.964612
ZNF426,8.678286,3.1459742
CCDC34,1.973554,0.49505517
CTNND1,13.0070505,-3.0158782
SYTL2,-11.124043,-5.2267404
CPTP,2.9497576,-2.8390641
DOK6,-1.1623893,7.425562
TFF3,-6.8502874,-1.3334613
LRFN4,-4.654222,10.961132
TRAM2,8.537479,1.5301929
TDRKH,0.49069896,1.6662668
SSC5D,1.7702429,10.500791
RNF220,-1.4346497,-3.4288297
ZNF320,2.8869166,-7.1916604
ZNF614,-7.1972837,-4.2299876
PTPRK,-2.8926382,14.294347
BMPER,1.590943,16.028368
LIN37,10.111368,5.9253335
SLC2A1,-1.8390118,9.790375
CSNK2B,4.640905,10.811184
TCEAL8,8.53276,1.5330365
ZNF610,-3.1948128,-7.0489016
DAAM2,2.9310153,3.0374153
ILKAP,-8.011031,6.2596483
DYNC1LI1,2.788282,-2.4619682
SLC10A3,-8.385804,7.4948554
CHSY1,0.52753776,9.071778
IGKJ4,8.880054,-2.022686
TIMM10,5.9639635,-5.5886846
DLG2,3.5683217,5.52569
CD14,-1.1136289,17.187479
NEO1,-6.849913,-4.449965
EID3,-7.615901,10.153605
NTNG2,16.267197,7.263
TDRD3,-10.879796,5.1544847
SPINT2,-0.51346624,-6.2759113
TM2D3,6.5937033,7.57037
TCIRG1,3.781098,12.961306
CCDC61,-9.06425,12.876599
EFHD1,4.6279187,1.2493254
ING1,0.34207526,-1.8483945
KIAA0895,-0.11871104,-7.9587097
FAM160B2,-2.0346198,-1.8369387
GTF2H2,3.6308885,10.805375
ETV5,5.05378,-0.042091426
WDR77,-0.40391687,-1.855549
ZMYM5,2.0441577,-4.1786757
EML6,-6.5316753,-1.3780564
ZNF471,9.069456,13.667614
NHLRC1,0.25654286,3.0334508
TF,0.47529677,1.6413397
KCNC3,11.3918495,0.30005762
OVOL2,6.170179,2.399741
KIAA2026,-5.5262094,-0.8312395
MTRF1,14.210143,5.286837
ARSJ,1.5064458,2.5684078
ZNF611,1.9085178,12.920321
TAB3,4.415802,0.9304272
EPHA1,-5.2845726,12.116995
RRAS2,-5.4689417,14.066138
RAET1G,10.809941,-0.041873828
CALM2,0.042718258,-3.9173534
CHPT1,8.921078,-5.313096
ABHD6,10.535619,1.821683
MVP,10.842544,10.60438
ZXDB,-0.52494574,-6.2671304
NDUFA4L2,-0.36107597,6.6163263
GALK1,-1.7027137,-6.3871636
MS4A2,5.690805,2.258371
PDS5A,-4.746727,-6.442908
SORBS2,0.11569514,-0.02813534
HDAC8,-2.0250373,8.100022
MRPL21,-10.385919,-7.6100593
P3H1,5.326519,-5.8111305
INA,-3.5436647,9.065237
LIN7B,-7.0086365,4.4818506
CPNE7,-0.10139746,-2.2015626
RAB44,2.9868884,14.399003
FUNDC2,5.6754475,8.888969
RFK,4.8433337,-1.5353701
PTK7,-11.904236,-5.179054
RNF123,4.6492186,-9.4718075
CUBN,13.72898,7.3298917
KIF13B,2.2096496,2.4964015
DDOST,5.8229575,-3.7964146
YTHDF3,0.50412244,12.130124
TOGARAM2,-1.8213947,13.091958
FMN1,-5.2256546,-1.0217173
PCYOX1,2.0119176,11.451581
HSD17B1,0.72195834,5.080708
KRT23,11.346609,0.3626232
P4HA3,2.0087087,13.009051
FN1,0.15348262,-0.07077283
ETFA,-4.1624827,8.278697
FAM103A1,2.0470328,13.048068
PRELID1,8.742454,-9.839922
PTGR1,-3.4397137,9.326919
ITM2C,3.4098053,5.778533
MAT2B,-4.6079664,4.6056194
NR2C2,0.48426312,6.9385777
ANKRD53,-3.501677,16.626602
LRRC37A17P,9.100747,13.642488
ARHGEF28,0.23082617,-1.1744269
ACADS,-0.6821893,-3.1782205
SLC2A6,-1.4497749,1.5586263
MAPK11,5.885828,-3.816459
SEMA7A,-6.039849,-8.532789
DEPTOR,-13.851092,-1.2663192
POM121,2.8875558,-7.191164
GATA6,9.228408,15.351712
RASSF1,2.2108164,8.400585
CERS5,-7.6839833,13.638983
SPRED1,-9.14431,3.4291518
MEIS3,-1.2319329,9.458362
STAM2,-3.9969034,6.851791
HUS1,5.9832673,-5.5564685
COPB2,-1.439689,14.68368
MARC2,3.81011,12.929813
TEX261,5.665741,15.015503
TVP23C,5.973515,2.1775298
KBTBD12,-0.5163344,-6.275549
HEG1,1.5107723,16.116558
STAG3L3,-1.46322,0.42947432
LRCH1,-1.7807806,1.1173068
PRRX2,-5.006764,-0.43180653
IKBKB,-8.864736,2.7878547
GSK3B,-5.002093,-3.0472147
FLAD1,2.2875705,9.350501
LYSMD1,3.5109413,-8.398531
TRAIP,8.887131,-2.0266967
SDF2,-0.64800936,-1.9418235
CDH2,11.05842,8.057603
SLC43A2,-6.856492,-4.4744787
TATDN3,8.568223,1.538358
OTUD3,-3.2942986,9.488047
ENTPD6,4.27108,4.456595
FAU,-3.506446,16.633451
DNAJC4,4.620362,-3.932191
CD226,6.7732396,10.929278
MGAT4A,5.525706,-1.0818018
PCDHB10,-4.7442803,9.255685
STAMBP,11.389077,-7.255931
RBM45,3.7616067,-3.073023
PIP4K2B,-0.599999,-0.26847142
RCL1,-2.3995488,8.44789
SMCO4,5.1107526,6.4056787
UBAP2L,-0.3526327,2.7637694
ITIH4,-0.6868041,-3.1788173
MROH1,-9.105154,4.0094066
MYL6B,-6.7100086,0.54986405
GTF2H3,-0.6319772,-3.3046908
PIN1,-7.1700864,2.1075869
RAB24,-4.0188236,-4.9787493
TLR9,0.52879095,9.072319
GRAMD3,-4.3285527,4.370976
CD209,11.144456,8.174206
ZNF136,-2.031685,6.263188
WDR73,-0.3472571,6.620046
ETNK1,6.837218,-7.836879
TAF4B,7.9498997,-7.0641294
SCNN1A,3.548486,5.1330004
CEL,11.024388,8.01834
SERTAD3,-2.3195581,0.68663406
TCTN3,5.816628,-3.7844732
AP2A1,-4.5694113,4.5850945
ELAVL1,-1.5478278,14.7629385
SPSB2,8.638639,8.653968
HMCN2,-2.060996,16.924465
SNHG6,3.4054842,-1.7777998
CYP4F22,10.968105,1.7292824
NISCH,-1.7146777,-6.403515
CALCRL,-2.5576122,2.0275893
TBC1D2,-2.1667585,-12.0134
APLF,-6.3682785,-8.640375
TM7SF3,-1.4791282,-3.40602
ZNF787,10.070821,5.540959
FAM107A,5.583374,2.3475082
RMI2,8.734736,3.057725
RBM26,-11.807432,-5.2953134
TSPAN3,-0.17383161,0.30117494
WDR25,11.020881,8.011558
CALML4,-7.009234,-4.3618345
ZNF846,1.9087163,4.7419534
RPL13,-9.318372,-0.55496323
TPRKB,4.7290635,10.635386
CAPZA1,-0.3611526,-1.8356745
MSH6,-5.305809,12.152133
REXO4,5.2211328,8.491187
TBX19,3.3707695,-1.7326967
BAG4,2.0097883,5.38551
GAD1,14.704078,0.67719185
TMEM69,8.697241,3.1551716
PPP1R3B,6.2964954,0.30543518
SLC30A4,2.1202133,10.98188
TRIM66,-0.4770399,14.7887745
CD99,-5.2203116,-3.4252882
ZNF500,4.796518,10.527299
YBX3,-2.4217727,1.8551401
ROMO1,-0.37325993,-1.8167448
ATAT1,-1.7905658,1.1217593
HOMER1,3.8063073,12.936002
ZNF805,-1.3033485,19.610867
QPCT,-2.3751807,12.621797
TADA2B,-0.1482813,-0.0016790994
GDPD3,3.8398197,14.250106
SGSM2,5.3808813,-3.672997
FMO4,2.9883406,14.398125
SNX10,-6.376472,-8.647755
MPND,12.692941,7.5713563
GPATCH1,3.1839767,-1.2449679
SLC9A3R2,-1.773521,9.730992
TCEAL2,2.3577747,8.895483
ZMYM6,1.5727339,2.5258603
FRG1CP,6.5884447,7.573243
GRK4,-5.039451,-0.5621518
CRTAC1,6.3211536,5.3074474
ZNRF1,-0.3577529,2.7600305
GCLC,-0.5120573,-6.2797985
SLC25A40,6.1745467,2.07158
SRPK1,4.050128,10.023846
PPFIA2,-8.416687,-7.052571
PSCA,3.4242072,4.912237
MYL3,11.866937,3.2613826
PLEKHA4,5.0885367,-3.6359038
RABL2A,-2.4064484,8.448263
PREP,-2.2347605,-1.8946836
KIAA0556,-9.919576,-4.6714363
CCDC12,0.20505181,1.3443811
ADGRB3,-10.38834,-7.609547
ANKRD46,1.3255563,14.350566
BCORL1,14.910565,-2.102238
SLBP,-7.2511272,10.168582
PPP1R16A,4.04024,10.026115
ZBED8,-3.4121375,9.360712
ADORA1,4.348366,0.9067325
EXPH5,-4.6082616,4.6100874
TTLL4,3.0173628,8.457672
GAA,10.887368,4.4965587
H2AFZ,-0.26513857,5.328256
RNF40,7.548049,13.854079
E2F5,-6.756503,15.43936
UBXN6,-12.408629,4.757661
UBR3,5.799957,-4.5177674
TREX1,10.668408,0.8887817
WIPF1,5.239636,12.246511
LARGE2,10.6022005,1.77634
ARMT1,-6.7585297,15.441776
DUS3L,5.529477,-1.0793161
GGTA1P,5.11287,8.443069
HSD11B1,-6.5238285,6.8467727
GREM2,9.939407,5.6200385
FBXO9,11.921702,-0.9730921
RHBDD2,14.704386,0.67684346
CUX1,-6.047036,-8.531137
MCUB,-2.5480142,2.025664
CLEC16A,0.634894,-8.78035
ABHD17A,2.9351487,3.0368278
SLC12A4,-5.046188,-0.56903696
PACS1,-5.6798086,0.7712122
NDUFS7,-5.4808125,3.7563384
DNAJC7,4.22756,9.876905
AIDA,-0.51124394,-6.279225
STAT4,-4.336685,4.375489
NIPAL2,-7.9771094,7.3664227
AATBC,-1.2240576,9.528245
ECI2,1.9297041,5.5468464
MVD,5.9688845,-5.566743
DAPL1,10.657437,1.7415948
SLC6A11,10.890769,1.0699157
WDR5,-6.889336,10.072268
POLR2E,-2.9416907,-0.5551997
PURA,-10.082602,9.19791
ZNF24,6.9729733,-1.7718691
RASSF5,8.451909,1.5848144
ST6GALNAC5,-4.446659,5.5969243
AJUBA,-8.060232,12.313857
ZNF329,-4.744168,9.255131
ARHGEF26,-5.0253053,-3.0924869
MED31,1.7805946,10.503321
SPINK5,11.502557,5.7180223
CIPC,-0.51220655,-0.31253135
MRPL14,8.031862,11.600705
EVA1B,2.9487822,-2.843437
ARSB,1.9034747,0.39521962
DARS,-7.0345864,10.18962
ABCB7,5.7201486,-4.582987
TMF1,8.192334,7.2120686
MAP2K4,11.463734,0.24169111
ADAM23,1.5583003,16.061985
TMED7,-1.112108,17.18926
INCA1,13.888207,7.4736075
HS2ST1,-2.5683975,-1.142681
WASL,3.482516,-1.686075
COX7B,-3.4859803,-9.613659
SLC26A2,-7.94122,8.421397
PAPD7,-3.1000867,8.085676
BMT2,5.3449554,-5.799388
UPF3A,11.155588,8.187407
SNHG19,3.5212574,-8.404404
NPIPB14P,5.6553335,7.860162
DIABLO,3.4245176,0.9031333
MFSD6,4.8532677,-1.538986
DOK4,-1.4337871,-3.394474
PRPF19,-1.5291862,1.0639521
GPATCH3,10.584961,1.8180894
ZNF551,10.579697,1.8319864
TPD52,11.072619,0.26328498
BOD1,2.244123,9.182747
DTNB,-1.7797936,9.48187
LAMB3,11.115519,0.28443253
RIPK4,-1.790298,9.48661
SUV39H2,-5.741343,13.173222
PDE4D,-2.2529523,-1.8929545
CHMP4A,-7.15113,2.111457
TM6SF1,8.001968,-7.00872
FGFRL1,4.3223076,-4.3956947
FCF1,-3.269649,6.4787183
KIF7,1.0595435,12.286197
AKR1C1,11.068123,4.8863287
MRPL9,-7.203365,10.1603775
ASB8,-0.6358543,-3.3902664
GPNMB,0.78225577,11.308298
GPCPD1,3.5127008,-8.401381
KIF13A,5.8288364,-3.804269
SDHB,-6.140742,10.578803
YLPM1,-7.9555593,-6.261795
PCDH9,5.8008924,7.7331343
SNX8,3.1817563,-1.2476401
IKBKAP,11.068687,4.9602737
SYNE1,2.9849017,14.398113
RMI1,3.9127154,3.6819754
ZNF423,2.6017227,-1.4808906
GPKOW,3.0459995,5.406226
TTC34,2.2255042,9.11291
WDR91,0.2035001,6.7666874
GINM1,-1.3212718,0.82843494
ZNF783,-4.0546727,8.324661
GNL1,-2.8951015,10.302292
CYP7B1,-8.792177,2.950069
SMIM19,-8.37159,-6.424856
GPC2,-9.681788,6.1286726
PRSS22,3.663409,5.1180634
GLIPR1,-3.1145542,-0.5960387
DSE,3.902243,-0.551314
TMEM248,8.308225,4.795767
PDE3A,-6.1601367,-8.500768
SIRT1,-0.998854,0.365006
HSP90AB1,-4.7993417,-6.377399
ZNF586,8.572392,-5.148127
ZZZ3,10.002227,-3.7527506
SLCO2B1,3.9027529,-0.5499889
RNF112,-2.0403743,-1.8006486
PRRG2,-1.4353133,9.188236
IMPA2,-5.030215,-3.0881214
ECHDC3,-8.057035,12.311106
TMSB10,5.935221,-5.652227
RCC1L,0.8823194,-2.3712466
ANXA8L1,11.1517725,1.3910536
IKZF1,3.4289916,-0.77851796
PDCD11,11.510285,-1.6932421
FAM228B,-9.587092,13.637047
ZCCHC2,1.5253791,16.099724
PLA2G16,-1.2359446,9.503737
AP4S1,11.721359,3.158778
ROR1,11.4491825,-1.6643318
LMNB2,0.15586258,6.7732496
FLT1,-3.4310052,6.6295376
POLR3H,3.1792903,-1.2514726
MAGEE1,-2.4095187,8.450596
FASTKD5,1.6506516,-8.834322
TMEM117,3.3400254,5.823818
EIF1B,7.728063,6.59097
OVOL1,3.678305,5.0360804
ARSG,4.389535,15.940966
PDRG1,2.251546,9.207212
FANCF,5.77165,7.756161
DDX11L2,-4.0420804,8.671123
LRR1,7.823178,0.94770575
RIN2,10.086406,5.891513
EIF3J,0.0300547,11.984612
EIF4E,-1.3412559,14.6420965
CDC37,11.4977665,-1.7361534
PI4K2B,3.510993,-8.399537
MLF1,3.2665305,6.096228
MLLT11,-1.5695232,14.781919
TBC1D8,3.891803,7.171256
PPM1N,5.3801093,3.9246638
ING2,8.358395,-5.5354557
SLC39A10,-7.59361,10.158177
NRBF2,16.301481,2.687207
NSUN5,-2.9467006,-0.5546029
B3GNT7,-1.4675068,0.4570077
CPEB2,12.507093,11.360291
ATP13A1,-1.2271159,14.5328665
S100A2,-1.5157539,9.246101
ERN2,9.447193,5.3652077
EMB,2.873085,-2.36071
ZMYM2,0.009970435,6.728139
MRPS18B,-10.38836,-7.6095243
SLC25A32,-8.630887,-3.912619
ZNF85,1.1249883,5.5821004
TMEM209,3.630067,10.806915
MKX,-5.039568,-3.1177135
CYP2W1,6.177817,2.0633729
PYCR1,4.491169,0.91014254
DCTN3,-0.020505557,-3.9245415
NDUFA1,3.2993078,14.216281
PGM2,3.9567728,6.2592797
LILRB4,-0.9055202,0.68231064
LMBRD2,14.741632,-1.0860639
PDIK1L,-12.203064,-4.6767287
TIMMDC1,-6.7590694,9.886998
MOXD1,11.154947,1.3910532
F13A1,2.0023487,13.001311
UVRAG,5.661108,-4.517683
GPRC5C,11.503437,5.7137456
SLC12A2,-4.361415,4.397584
LETMD1,2.340607,8.941254
PYCR2,-1.3343384,0.83982503
CKM,-6.375114,-8.647455
CLK2,-7.2352843,-9.547342
LY75,-6.7286453,15.479357
NFAT5,10.64525,9.366814
MUC15,10.852383,1.7322752
PTCHD1,0.2716254,-0.13875884
WDR5B,4.358916,0.91707593
TCTN2,11.922672,-0.9717771
MARK2,-3.1642904,0.87033415
CNKSR3,3.894322,7.1752415
HIP1R,-3.0962052,8.1676235
C1QTNF3,-6.183302,10.624532
DENND5B,0.23684478,1.3807975
GSAP,13.859103,7.443887
UBE2J1,-8.838679,-7.036297
SYVN1,-1.0509893,14.510246
PCDH19,1.3536335,-2.1646378
NRARP,1.6774808,2.4642472
SPATA2L,4.7897406,10.292266
LGMN,-1.8463563,9.783414
TCF20,13.953235,5.3811393
ANGPTL4,-0.721023,14.639622
TBC1D7,3.0258036,8.456513
SPRED3,7.821254,0.9459601
NSUN2,1.822799,10.383402
SLC1A3,-1.0766038,17.221197
CAV1,6.01628,-6.205462
ADH1B,2.4861665,8.480581
VSIG4,1.8805726,19.48173
TET1,10.093761,5.929489
EXTL3,-8.407066,-7.047569
TRAF6,0.30234408,3.0616887
LUM,-7.9762974,7.3635454
ABCG1,1.5566576,16.06516
JADE3,-1.2756889,4.145927
ANKFY1,4.7608476,6.570957
IGF1,-3.56094,2.2897992
ANKRD36C,-0.87848794,0.6868877
ZNF32,2.9500349,-2.8384743
PARD6B,11.078944,0.25857773
RCAN3,8.147795,1.8244784
CLHC1,-6.903784,-1.3001177
PORCN,-3.4240077,-0.7079633
ST6GALNAC4,2.3806887,8.806095
NBL1,8.320699,4.7783303
TMEM183A,2.888943,-2.4458883
MSL3,13.79932,7.395245
RBM15B,2.7634275,-2.5199263
GK5,-2.2744975,19.377949
PHF7,0.0026862524,6.9093213
APEX2,-0.60797596,-1.9712107
GADD45A,3.802594,6.104452
LIME1,-1.0370528,-1.1781123
CDKL3,-7.1225433,2.0908334
MUS81,-7.169159,2.1176007
KIAA1549L,1.6070964,-1.8497316
WBSCR22,2.356935,8.896733
COL11A1,9.530243,5.7943263
RFXANK,3.308659,14.204686
ENY2,10.089867,5.908056
PLTP,-3.0707252,0.9628646
CCAR2,-1.0959516,-2.067672
RNASE4,3.1093953,14.305283
MRPL1,2.2650824,9.349387
CSNK2A1,-3.128158,0.9104076
PDDC1,-1.5336895,-8.260549
PCGF6,2.607798,-1.470664
IKBIP,6.58084,7.5726824
NPIPB4,4.346318,-4.3501496
SNAPC5,9.398111,13.521329
RTN3,-4.652807,10.960564
LRRC49,13.731753,7.328571
SVIP,-7.3311224,4.566952
ABHD14A,3.4141364,5.6350346
CAPN8,3.6317706,5.0290685
PRDX3,-4.8851023,10.674371
TTYH1,3.820016,-2.4941201
TENM3,6.5637956,-4.775486
TMEM240,-0.65255594,-3.1528337
GSTM1,-3.1874926,-7.0392437
ZGPAT,2.987896,14.387838
MDM2,-7.17094,2.1083522
RNF157,3.4177537,-0.7714878
ADORA3,-2.2334986,-1.8883183
DSTYK,-0.2003424,0.2905545
TLK2,14.161844,10.321315
TOB1,3.2173648,0.015723636
TMEM255B,3.7229218,5.011405
ZNF674,-2.0173125,8.092116
BACH1,11.327669,-3.7910986
TDH,10.195621,5.709953
UNC93B1,11.112888,0.9758691
SON,2.3255527,9.464795
HIPK1,10.222779,-1.4223276
OGFOD1,0.2506725,6.781019
CCDC122,-4.01655,-4.978452
HECTD2,0.7468656,11.99775
EDIL3,1.8816944,-0.42826718
UNG,-3.0848427,0.9534859
ATG12,7.613087,13.923842
LRRC4B,-1.3035616,19.609995
TUBB4B,-0.96260464,0.3874291
AGO4,-5.9016366,17.466797
FAM120B,5.8658953,-3.919848
NT5C,0.52654254,-3.3564534
MARVELD3,10.637415,1.1421177
ZFP36L1,-0.20195921,-7.9488726
HSPA12B,-2.8400743,3.1792192
TRPV1,-9.781472,7.374073
ANKRD6,4.7994246,6.3987837
RB1CC1,-6.839658,-1.3637263
REXO2,8.360002,-0.42050508
HOXC6,11.457437,0.24029619
SPATA2,4.7739305,6.5864434
FCHO2,-1.5674256,-8.228329
CREB3,6.958355,11.26168
MRGBP,-8.929,-2.3223455
DGAT2,-5.0871863,-0.60685956
WIZ,-5.803848,10.635521
ST3GAL2,-6.446173,6.85966
CCDC90B,-5.7447233,13.18968
ATF1,-6.732453,15.443229
MRM3,2.874232,-2.4157622
RAB13,5.9792776,-5.574817
EFNA4,0.70790625,-0.3408421
MICAL1,12.780252,0.22079441
SLC44A1,8.901674,4.830392
ATG4A,-12.872664,3.661183
ZNF597,1.5987976,-1.8427769
CCDC84,0.55111265,-3.3897834
VPS37C,2.281501,9.096418
SLC41A2,11.388802,8.57655
IL15,1.850006,-0.44973287
ARID1A,0.87531084,14.422582
AP5S1,0.34760702,-1.835946
KBTBD3,-0.35176417,-1.8604417
B4GALT6,-4.1306696,8.260357
LPCAT4,3.5126143,-8.400058
VPS26A,7.600169,13.909561
NKIRAS1,-1.2835782,4.140154
VMA21,2.1595016,-7.468166
ZNF506,-4.2775536,5.492592
CACNA1A,0.3623622,5.1761127
ZNF677,1.650128,-8.835095
CERK,-9.142398,3.925387
TRIM4,1.0482459,7.379715
COBL,-9.3853245,-0.51059014
SARS2,-12.767928,-0.2877421
CCNO,10.7156515,1.1345493
COQ6,0.012289624,-3.2185996
CDH13,7.7259893,6.588446
DNAJC27,4.045246,10.023081
GGT1,-8.385685,-7.0492635
NOS3,-0.8741222,-12.356803
FAM86JP,13.132076,-2.6413543
EHMT1,11.299967,-7.14413
ATP5O,-4.162874,8.280204
COL1A1,1.5111723,16.116837
LPAR3,10.779391,0.02293909
NR2F6,-2.2408307,-1.8931609
POMC,-2.8850126,14.2872305
GMPS,10.078959,5.5524797
GINS3,-1.0748047,17.222424
FAM171B,6.7845984,10.943794
B4GALNT4,-3.2648082,-7.1360035
MMRN1,-9.59049,13.637248
GJB2,-0.51536477,4.9131584
ANKRD9,-4.095712,8.266731
HEXB,14.247296,5.2557225
PPP1R9B,6.929396,-7.965049
LRFN3,4.621524,9.280162
TLR1,0.016167106,-3.9424038
SREK1,0.6333299,-8.773535
MID1,-0.948988,11.086108
BTRC,10.868261,4.488881
CHMP1B,-10.80076,11.117518
EIF3F,-9.987223,3.0164928
EDC4,10.688924,-0.13846242
CIAO1,7.419389,11.018514
GLTP,13.294695,-1.8906964
ZNF780B,-2.7229104,12.739482
ELOVL4,3.6267514,10.814691
GSTZ1,-2.0364888,-1.8204441
ZNF765,-0.032221626,6.6788692
PTGES3,-4.8121786,-6.391622
MED7,2.811282,-2.429511
WASHC1,5.1756377,13.842355
FBN1,-7.6679435,13.624934
EXD2,-2.7196195,12.744075
ZNF41,-4.0085635,6.8599763
AACS,-3.4057348,-2.1615863
PCDH12,11.46974,-1.6823435
TARS,8.188423,11.650673
TMC6,3.9058897,-6.9994054
MYH9,7.0544467,11.132845
CCDC130,-8.405448,7.5041513
CHPF,-11.977258,-0.9574419
TCAP,3.854574,9.39794
REM1,-9.271085,-2.6664467
NECTIN3,11.925502,-0.96859413
BRSK1,8.45273,1.5852945
CPED1,-4.8080726,-6.387999
MAST3,1.9280643,19.531906
PDGFRB,6.568273,7.580394
TACC2,2.123382,-7.431269
PLD2,-1.2229723,-2.3501258
ARMC9,4.767279,3.464039
CDC73,-5.8852406,13.105454
WSCD2,3.6598527,5.052266
DYNC2LI1,1.2595267,14.129495
CATSPER2,-14.954266,2.386209
UST,9.276715,5.53136
ZBTB42,-2.3090708,0.72614104
FZD3,-0.85337365,2.0876484
ZNF608,3.6134114,-3.3136294
BBS5,3.3246043,17.798819
FAM206A,-5.7393904,13.180526
PDXDC1,0.51923627,-3.3552938
WDR48,3.8479788,7.417689
PRRT3,-1.393733,0.5668544
MFAP3L,-5.480485,-11.256715
THUMPD1,5.1854334,12.351917
BCL2,0.7329371,14.229682
ADGRB2,-5.048699,-0.56896454
METTL4,-8.838833,-7.0623455
ESYT2,-1.0971729,-1.1084306
CCNA2,9.104671,-8.555407
IFIT2,-9.347554,-0.6665184
PPP1R15B,9.331102,2.2001364
NPM3,13.831774,7.419762
MRC2,-3.9052632,11.164679
ARL8B,10.00048,-3.752444
AKR7A2,-0.7394542,3.005158
FEM1C,11.666045,3.1337538
MRPL32,9.857047,-2.3147793
DDX51,-8.052132,6.220254
POC5,3.6097171,-3.3289454
MICAL3,0.26355308,-0.14140198
GOLGA6L5P,-12.126995,11.602978
BRD8,-9.675472,0.60609305
LIN9,-5.5322084,5.329226
EXOC3L1,-6.363272,-8.63557
CCDC13,-4.2603264,5.4842176
HOXA4,5.5699077,-1.0715172
POFUT2,-6.7163296,6.7087007
PNMA1,2.4863298,3.6611469
MPHOSPH8,-0.5613843,-0.33826622
BCAT1,5.687169,0.6598104
MKLN1,-3.5948198,8.495686
PMS2CL,0.46967158,1.63479
TRRAP,7.688645,14.006132
CST7,-3.143615,-0.6053236
ZNF600,-0.62617004,4.9076414
DHRS3,2.1227875,3.5262442
LIG3,-0.21615036,8.608441
FAM86C1,4.4861865,12.425141
ZNF702P,1.4711529,6.2448797
PIK3C3,11.631194,-5.3413906
CNTRL,-4.950088,10.609957
WDR17,2.4875684,8.495485
DHX29,7.5679717,3.152922
TSC22D1,-2.1413498,-1.3805158
YJEFN3,-6.9933586,4.478027
KRBA1,0.77013946,11.804851
PPP1R10,-10.732786,2.2387009
C1RL,4.3529496,-4.3447804
BLVRB,9.842801,12.563017
ZNF229,-2.0363805,16.963245
SGSM3,13.071574,1.974689
GOLGA5,4.493894,9.889129
THBD,-2.5605898,2.0419724
TTI1,-5.1907015,2.6573715
CNR1,11.588429,1.5103312
SPEF2,11.148012,5.2445517
SIAH2,-8.410545,-7.048536
UBXN2B,11.494343,5.713783
PELO,10.717317,1.110243
MSL1,0.61338544,-8.819636
ZRANB2,6.133209,-2.588803
MMACHC,-10.610124,10.955892
STYXL1,-1.2617579,7.4445353
CCDC138,-0.93877447,1.9785215
TM9SF4,-1.2527207,7.4489985
AHCTF1,6.250891,17.282127
PRRC2B,-2.2154047,-1.8954995
GPR135,-7.2339287,-9.543518
ZNF749,-0.5948735,2.898804
ADAMTS14,4.279124,15.830291
SLC25A14,-9.679492,0.60599756
ZFYVE16,-5.533283,12.382693
KLHL12,-4.1658173,8.275073
P2RX5,0.034062542,-3.2321393
BHLHB9,3.6280437,10.814832
FAM189A1,3.2180617,0.01493433
TPMT,8.512553,2.8174405
SLC25A29,13.144656,8.655666
GPR173,-3.5837748,16.735975
INO80E,-7.1157117,4.518379
PPP3R1,5.244123,-0.8916322
FLJ31356,10.8479395,10.607233
ZHX1,-7.957976,3.444748
PLAG1,-10.246065,9.074048
GIT2,0.7129628,-3.413671
MFSD5,5.422474,8.057749
GPR15,-10.265144,9.055217
RNF185,1.0775267,5.0064955
PGC,1.3900539,0.826855
GPR63,-8.051002,6.22199
ORC3,-6.1733184,-1.6107734
GXYLT1,8.011618,-7.002151
AASDH,11.863096,3.254331
ADAM8,-1.6545452,1.2930491
COL8A2,4.753831,3.4626124
PIGH,-8.047188,6.2256107
MXD4,-0.7355954,4.7682605
PSMG4,2.3269758,9.4619055
SDR39U1,-3.9557073,5.43782
GPR35,11.2943735,-7.1382456
CPNE3,-5.4773893,-0.8441098
LAS1L,6.306313,0.2428299
SOX18,-3.275791,3.3013256
SGMS1,-9.776781,7.36787
ZNF544,-0.959768,-2.1660175
CENPW,-11.020168,-5.330702
COMMD4,-11.729858,8.912029
ANKRD16,6.886482,4.0258217
JPH1,2.4411786,-8.50445
CNTN2,3.8196232,-2.492713
DNM3OS,-2.3637784,12.601298
TRIM35,5.921781,-5.8627887
CUL5,-3.4102647,-2.1636066
IQCK,9.01009,10.398592
TMEM115,2.2606144,9.11851
TNNI3K,4.311576,2.6807075
LILRB5,-5.533276,5.3291764
RBM3,-4.421418,11.040335
PHKG2,-3.9873977,5.320704
CNOT6L,3.2206156,-0.01656987
DEF8,-14.9560585,2.3875587
TMTC3,3.7854226,3.6593213
NFKBIZ,6.238624,17.28747
STAG3,-4.5091305,11.023528
DCUN1D2,-8.826024,2.8508844
PGF,9.036154,10.422917
VRK2,8.835858,-1.9824567
LCLAT1,4.4851737,12.425128
ZDHHC6,0.35013986,-0.22619724
CAPRIN1,5.422386,8.040872
EIF5A2,12.679998,1.7838995
VPS37D,9.268787,-7.1735935
SEMA4B,-12.097147,5.0168915
ZNF587B,-2.245504,6.2459755
NRDE2,13.812638,7.4088764
UBE2A,-6.7639995,9.882945
ATG4B,13.957135,5.430979
RBMX,1.0486258,7.38292
ZBTB48,-8.533068,3.2608073
CCDC159,-4.8339005,2.4073005
RNF114,3.9125807,3.6834078
PHACTR4,4.925845,18.836033
EXOC1,7.3086514,9.711332
CDH6,-9.71154,6.1448684
DCAF8,4.300864,2.6766012
SELENOM,-5.0230203,-3.0922585
CMTR1,-3.127901,17.990637
DSN1,-0.21661185,8.604661
TM9SF3,2.1169753,-11.002808
LAMTOR3,11.375618,8.560005
GNRHR2,-3.1983645,-7.051709
MAVS,13.115279,-2.682221
TAL1,3.9532855,3.708433
CCDC154,13.251697,-1.5822998
TBC1D13,10.180202,-1.3853384
DPH7,3.4069843,-11.854597
NDRG1,-8.409407,-7.0496793
ABCA6,9.174518,15.313602
ALDH8A1,-0.16165616,0.040162683
SNHG14,2.712517,8.188727
SOWAHB,-5.46533,-11.241448
PITPNM2,-8.471973,1.0607759
PTPRZ1,6.264985,6.6655912
TNIK,-2.149337,4.963189
GLRX2,-4.0178823,5.436152
FBXL14,-14.655221,6.3989153
RBCK1,-6.9974914,0.62263775
RNF26,6.8725433,15.041748
NBR2,0.40540272,-9.2019825
TMEM150A,11.048225,5.1546516
MAZ,7.447211,11.043119
DNAAF2,-8.894225,-6.985606
LENG9,-4.5243354,11.003011
HINT2,-0.87768805,-2.0894535
SYP,4.5209517,16.091936
NAP1L4,-2.7106588,-2.010748
NFYC,-10.704138,2.2144542
GPX4,4.783475,3.464819
ADAMTS15,-6.9967494,0.6226027
GCFC2,-0.17580998,8.149193
EMC3,-14.791531,2.2358482
TCN2,-4.937548,10.650815
MED19,-4.6739025,-0.33941525
TIGD7,3.3101594,17.783796
NDN,3.8296332,-2.3030312
TMUB2,13.256244,-1.5897024
EVI5,-8.385352,7.4964128
ANGEL2,-2.0935757,6.2471447
ZNF581,-11.396219,6.2422066
WDR55,12.5593815,2.6890547
TLR2,-5.635962,-0.8131475
ECHDC1,-1.3783406,0.9596424
ZNF823,-3.242615,3.4298017
SMG7,10.154246,-2.6697636
NXPH3,-5.441074,3.6802676
MC1R,13.017366,10.342736
PRPF38A,4.67989,-9.41438
ANKS6,-7.9575458,3.4451656
ANKDD1A,-4.5557413,11.009639
PLEKHA7,2.1598692,12.779308
TTC4,9.164308,3.4029503
FHL3,-5.181065,-3.8945155
ADCY4,0.38919693,-9.234013
MAF,-14.785547,2.2299912
GPT,10.661546,0.87819546
DDX17,6.0239625,12.091256
CLCN7,-3.2805994,3.4624097
ZNF812P,2.0218017,-5.203672
PDE4A,8.529902,1.5317136
COPA,-0.48586014,14.790724
MTX3,-8.718684,-6.9580207
ACOT7,8.195073,11.660618
CHAF1B,-3.6118422,-8.229109
VAV2,8.887371,4.8511767
CDCA3,-7.9815593,8.380346
TTC30B,10.424815,-2.5082476
MAX,-13.850942,-1.2658932
NONO,-14.30558,1.704895
GLIS1,8.097755,0.73253745
TMEM220,6.3768134,-2.700455
CELF6,11.631766,-5.3400936
SOWAHC,-12.061257,-5.013497
RAB43,-8.877009,-6.982527
FBXO32,6.0054836,0.41064757
CYB5RL,7.573215,3.1387768
DNAL4,13.122586,-2.6640637
TUSC1,6.330773,0.26815647
EPHX1,-2.6619954,12.754673
AMPD2,6.031299,12.100179
SMG9,-8.002646,-6.302087
ZNF81,-0.45064807,14.809015
BMP8B,-6.972448,8.716659
RAB34,3.0454845,3.494381
DNMT1,-8.844986,-7.0648017
TLDC1,7.183268,3.6306844
ZNF518B,-3.4515278,6.660713
AXIN1,0.6818977,5.193464
RHOJ,-4.4045634,-0.18931207
CD247,3.2309031,-0.13928162
CABIN1,3.8293333,3.6802518
GPR161,4.8304725,18.739895
CCDC174,14.161432,10.321241
ANKRD13B,0.54384786,-3.3595247
ZNF407,-10.746756,2.256132
BHLHE22,-12.421499,4.757629
SOX13,10.752521,11.3649235
WDR26,1.0662757,5.0128546
CHORDC1,-0.505742,14.742956
PACSIN2,-7.280334,2.0409596
ALDH9A1,-2.4826899,1.9139891
PSMD4,2.3171568,7.3458133
RAPGEF6,-4.4031816,-0.18894176
ZNF148,7.1890893,8.052278
CITED2,5.7169633,0.63876814
LRRC37A4P,-5.6021748,-0.8248058
SNX5,3.099649,3.4837503
SEC11C,-5.640463,-0.81372374
TMEM198,12.775884,0.22181353
MPHOSPH9,-0.8569693,14.055732
HOXD10,-0.7869358,-3.8803568
PRIM2,0.780129,11.820852
RCCD1,-1.2479585,-9.839056
RIMKLB,-3.3660507,-2.1414466
KLF9,-1.4656556,-8.3476
TSPAN18,-8.390023,-7.061361
ZDHHC21,7.4886694,6.375172
ARMCX4,1.8778648,10.8011055
ZFYVE1,-1.6235545,1.354675
BPHL,7.638829,6.534269
CKB,0.43722603,-5.3237724
NAIP,1.0216161,7.5949225
ZNF415,11.213141,4.6302924
MMS19,0.967124,5.0644174
ZNF780A,0.28684312,-0.55676705
ANAPC15,5.708545,0.638287
MICALL2,1.4675651,6.245955
BPNT1,8.575908,-5.174351
TRIM27,-1.3495206,0.85211104
SERINC1,5.8052096,7.7370973
LYSMD3,0.3041601,6.705017
HECW1,5.5085907,0.767051
GDPD1,8.59533,5.2416363
CDK5R1,-5.146569,3.7817268
SLC35E2,6.182138,-2.1645684
MYO5B,6.2299633,17.299229
SCNN1G,-10.591422,2.173618
TMEM14B,4.6617737,-9.448615
EML2,-1.4284953,-9.977244
ABCB10,4.3041925,2.6781938
SLC6A8,-3.763066,2.589402
ACAN,6.9727173,-1.7888794
POLR3C,-8.089859,6.214237
LGALS4,7.281945,9.740073
PRELID3A,-5.189622,-3.854509
ZNF284,8.312608,11.739716
S100A13,-6.3701963,6.713899
MOGS,12.378166,7.31187
MTMR1,-4.5756254,10.984758
AMBRA1,3.2078702,11.842552
SDK1,6.2719254,6.676091
GCN1,-5.787974,0.6011527
THTPA,10.250058,-6.713427
YIPF3,5.580204,11.548337
TMEM184B,-1.9698434,15.292762
DHX16,7.606061,13.916218
UHRF2,3.8573487,9.418226
SNX1,-1.9193019,9.894592
COL28A1,1.8052851,9.388257
TRAPPC11,2.0367134,0.5403983
TTLL5,3.3989916,-11.844207
FOXF2,8.6399355,5.268903
MRPL54,10.184785,-2.6415362
ZSCAN21,4.3088717,2.679885
PCDH1,4.7580013,-9.304518
ZNF519,6.0942836,-3.0936792
NAA35,1.6933596,15.882254
PNCK,8.926146,10.321588
GCC1,-3.2075472,18.06529
FN3K,2.740105,8.149
YARS2,10.281635,-2.5028923
FAM19A2,8.069594,0.750134
EGLN1,-5.9006386,5.6827903
ELN,-4.6005898,17.25989
RN7SL2,12.562478,2.6896608
TPT1,6.7995563,4.2183733
GAMT,-4.625763,2.159757
BRF1,-12.43896,4.744121
SHROOM4,4.786718,-9.274109
LEMD2,-6.7666855,-4.5652957
ITPR2,7.5409145,-1.4507993
QSER1,-3.2347023,-7.105238
ARMC4,-8.559686,-6.8280716
CBR3,11.532765,6.8763146
PRKX,3.7867215,3.6596437
MBNL2,-9.117561,3.9667149
UROD,-12.049653,-5.0195527
SRSF6,-5.903617,5.6831446
ADORA2A,0.30081075,0.5123187
SEMA6D,-5.4630737,5.265557
EPS8L2,-1.2317876,-2.7844062
PQLC2,6.6008635,-1.2544118
KCTD15,-9.444069,3.3351364
NR4A3,-5.5124636,3.6471226
NAT14,2.3643208,14.751005
RADIL,1.378837,0.7920207
CHMP4C,-0.4997272,-7.3996115
UTP14A,9.856607,-2.3056328
PAK1,3.4833722,-8.365591
PPP1R21,0.46176046,-10.357811
CLDN23,12.484175,1.7982446
SRSF12,-2.93241,2.0586195
ATP5L,5.698159,8.863936
MYO18A,6.064401,12.127857
EIF2AK4,13.304635,4.2313943
ZNF28,2.7033877,8.269618
PIP5KL1,12.888484,1.920963
CD28,3.811584,-2.4719045
DNAH5,-3.2230904,8.371208
PPT1,-3.4048629,-2.1612093
UBE2V1,6.936076,-4.761311
RPA3,-0.98486245,-1.4041228
SLC31A1,6.1352143,-2.6123068
TINAGL1,9.998366,-1.1687735
FKRP,8.90367,-5.2680054
ICAM2,-0.396943,2.770922
ANGPT2,-4.6725383,-0.3351726
KIF11,0.874571,-3.4623213
CLEC4A,6.8664246,15.026476
SMG1,10.542865,4.984824
CLUH,6.984191,-4.752336
ZNF592,10.924448,4.503525
ABCA1,13.163019,-2.5703514
ATG101,5.6833615,8.857371
MTAP,3.2127187,11.866305
SSTR1,-6.975197,8.728132
EOGT,-6.0407453,2.1608324
BCAS3,-4.677093,-0.33864403
ZNF572,-0.7373605,3.0094047
MYOCD,-3.4450498,6.6578684
TUBD1,6.0061665,0.41268945
SLC9A5,0.2678307,-9.39097
NQO2,9.840643,12.54176
DBNL,-0.10560666,5.963255
NEDD4,-3.567742,-0.8204408
CTDSPL2,-1.0813445,10.867031
RASA2,-2.9037635,14.300529
EEF1A2,-15.1283865,4.5188465
CLEC4F,5.4342566,8.039135
SERTAD4,-1.0146973,10.952144
TRMT11,8.560702,-5.3437376
TMEM128,-9.052876,3.3909755
ZNF251,-8.42529,-6.510529
CNOT3,10.40808,-2.5068705
SCFD1,-2.026608,-8.315173
UBXN4,-0.2125744,12.175429
TMBIM4,9.1200485,13.632769
ZNF665,2.5233202,8.515612
GJC2,-7.279758,2.0417361
CA8,-6.4603467,10.695692
SPRYD7,-5.8009615,0.2693433
ACVR1,11.004101,4.8148627
HNRNPR,-2.6978989,8.486723
CYP2S1,9.145219,5.309438
SNX31,8.473667,4.94066
B3GNTL1,10.01531,-3.7214184
HSPA14,8.597741,8.702622
SLC39A8,-5.1953816,2.6194513
ARSA,-5.1519556,12.005628
HOMEZ,-3.4219632,-7.327404
ZNF354A,-4.8032455,-6.4011726
ATXN10,16.880426,4.5487485
NADSYN1,-4.305577,13.22219
TMCC2,7.2931876,9.550832
LYRM2,5.6816607,-4.5079694
UBR7,-1.8836559,9.845697
ZNF446,6.101249,-3.0853586
ZNF784,-12.212904,4.9164395
ANXA6,-10.706551,4.148844
TSPAN17,5.165078,-6.1213393
BDKRB1,3.894943,-6.9924316
S1PR3,-10.109214,2.9248748
ZNF737,12.474546,1.7984186
NEGR1,7.5640717,12.42384
MFSD14C,-7.9112024,13.822061
CCS,-8.939119,-2.3327813
TBCE,-1.1195315,5.5913405
SART1,-9.01893,11.532597
CLDN12,-4.1248584,16.043295
IFNE,6.3308992,2.630432
EDNRB,9.311826,13.562365
ATOH8,6.6095147,-1.2600765
PIAS4,6.7478714,0.56481975
ACOX3,-7.2803326,2.0400414
B9D1,5.7296624,8.865399
UGDH,2.7013319,8.269299
RMND5B,-0.6544399,-3.425561
AOX1,-0.07446457,-2.511429
INO80,0.31033996,0.4984729
ALMS1,11.773311,1.3454639
NT5C3B,-10.264121,9.05582
EFL1,-5.7865405,14.4096
RBM7,-1.3486019,-1.8550196
TFAM,4.6996317,-9.38557
IFT27,3.2047954,-5.170092
CTSE,-5.466132,-11.242323
TP53I13,-11.016252,-5.331525
STAG3L2,-1.3423647,0.837037
CYP4F8,0.09073275,2.923565
SLC45A4,0.18267654,-1.0718898
VAC14,10.180032,-6.772549
BTN2A3P,-5.667028,0.7802184
CAD,8.308446,11.764842
RAI2,-0.38571665,2.7545848
GALNT12,8.347352,-5.5224643
ITGB1,6.587699,7.5739665
ATP5S,-9.914951,-4.686749
ORAI3,-0.22619063,4.965663
LRRC17,-4.9566197,10.606827
TYW1,0.96475697,5.1087794
TAF9,2.0383096,11.486828
MRPS18C,5.208774,10.647858
POLD1,-14.794965,2.238805
CRCP,-8.024803,6.2319193
ZBTB11,1.5392263,-1.7061883
MFSD10,-1.4440688,0.67521787
FSD1L,10.086849,1.8280451
HYPK,-1.2685,7.482263
PSMB6,1.70922,9.440947
GOSR1,11.301893,-7.147133
GFOD1,-1.2786278,-9.871466
JAK2,0.7000797,7.1407766
ANAPC1,1.2449577,-6.233534
AIP,-1.1244936,5.590025
DDX54,7.013279,11.394116
PTGER3,-8.867232,-0.50418836
IL1RAP,-9.207759,-2.6044128
CLDN4,6.6797376,3.0175812
STX17,9.273191,-7.173788
RBM4,-1.2386273,7.460319
ITSN1,-2.569689,0.054183982
WDR59,-11.443111,6.293897
LGI4,-1.108787,7.5959363
KLHDC8B,-5.228417,-3.368431
KAT6B,6.881713,-4.7690024
SNCA,-5.4073997,3.7931604
PPP1R32,5.904192,-5.9426436
ICE1,13.160027,-2.5900896
RAPGEF3,-3.7848966,8.544177
RASL11B,7.599401,-1.422432
RRM2B,4.638204,10.812375
NMRK1,3.7527266,-3.060164
CENPF,0.25942796,-0.60523736
TTF1,13.237998,-2.46779
PGRMC2,-14.397972,1.7991395
SLC26A10,3.0329306,3.3664453
INTU,-5.8981094,17.479515
GTF2I,8.480625,-5.4105067
ABI3BP,1.6145402,-1.8907647
ITGB4,7.2632313,9.610692
CMTM6,0.82123846,0.12746885
RSF1,-0.0018964594,6.173743
UBFD1,-6.619516,8.986299
SERPINA3,0.14404817,-2.475214
MT1F,1.3812176,10.72299
ZDHHC7,-0.205539,8.612667
UBTD1,-5.556896,10.5891
ZNF331,-11.970837,-0.96361697
TMEM30A,0.0007986029,10.417535
BAG2,-1.0363804,1.870029
RELL1,1.2141652,14.120512
SNAPC3,0.9000336,-3.4719558
SRD5A3,-5.231382,-3.4147425
FGF10,-1.2095207,8.811219
CLCN6,8.308669,1.6918097
DGKD,3.6282818,10.813618
BCKDK,-5.4446096,10.572467
MMGT1,13.266659,-2.4348993
CLIC2,0.46344244,-5.28645
CCRL2,10.0246935,-1.1980687
PABPC1,-3.0854151,8.084485
RAB5A,-1.2323823,14.537717
NAT9,-2.7128925,8.480761
SLC19A3,-4.8041368,2.2949398
CPNE6,-2.1286201,12.418935
ZNF664,14.733634,-1.0784215
RMND1,-5.4466515,14.054661
FBXW9,5.021264,-6.2885976
MORF4L2,3.3063476,14.165697
SLC27A1,12.337657,7.3438425
CLEC1A,0.43793896,12.194253
PAQR5,5.667294,-4.5087404
MX1,9.124511,3.352989
PACRG,-12.308302,7.4505777
DCTN1,0.6582297,5.0953174
RPS6KL1,0.26895788,0.661628
APOB,0.85577977,0.1344032
ZNF622,10.343542,-2.4984329
PRDM1,8.150164,1.8260275
ARHGEF15,9.652084,8.398402
PNPLA8,-0.37011492,2.7601254
BEND5,0.052077856,4.48238
MYH10,-14.418434,1.8172898
GOLIM4,4.174956,1.1444426
TRAK2,-5.0457444,2.5323248
BDKRB2,13.02623,-2.9729733
IL6R,-11.906352,-1.0940683
RASSF3,3.4649024,-1.8270067
RDH5,0.74931604,14.2411585
TNK1,-7.914926,13.825615
GORAB,0.02741157,6.1662736
POLR2I,-4.0851583,11.153807
PWRN1,8.234847,4.7277193
SGK1,3.1150584,3.5203886
DNASE1L1,7.297989,9.5440645
ZNF324,13.175875,-2.552876
DNAH17,12.388905,7.3346615
MTHFD2,-6.5287685,-4.7993984
TPRG1L,4.745223,-9.201117
LYZ,3.851782,7.3498755
DDT,-9.081536,3.4195244
TTLL3,0.7597146,11.296107
GJA5,10.916163,4.491736
SRPK2,-11.909118,-1.0983793
LSM1,5.343566,8.70355
ASS1,-3.1091068,8.07739
KDM1B,-1.0901378,4.3469806
TM2D2,7.569423,12.430513
HNRNPC,3.3491533,0.977691
CIC,-1.3694594,9.1049795
JTB,-8.31006,-6.443567
EXT2,-12.056757,5.043915
DENR,5.156474,-6.1338506
SNRPF,2.1252131,10.98957
VTA1,6.153479,12.216704
KCTD13,-12.9,5.460738
SEC11A,-0.20748322,12.168108
HELZ2,4.747891,-9.241581
OGG1,9.173724,15.312081
YDJC,9.950402,-2.4579666
MEST,10.868501,7.9161406
VWA8,6.880681,-4.764434
CLCN4,-9.201443,-0.49384013
GTF2A1,7.535476,-1.4535981
SPACA6,7.5612516,-1.4434612
SEM1,5.53996,11.657985
ZNF609,2.738582,-2.5532382
HN1,6.287057,-2.6833315
HIBCH,12.83324,1.8770525
TMEM189,-7.000076,0.62661046
FAM161A,2.0339847,4.7159567
WSB2,4.493511,0.90921825
EMC10,1.6852835,15.890543
TNRC18,6.0783415,-3.0876377
PIGX,-2.009899,12.32704
GPSM3,-2.0282223,16.96626
DYRK3,-3.911699,2.5223696
HYLS1,-1.5258968,-3.551466
NT5DC2,-2.1398056,-1.3013635
TIGD5,0.67364115,5.2173824
SIK3,0.8123721,0.12679057
TBX20,0.62186635,-0.009789465
NASP,-7.1781287,0.7000932
RUBCNL,4.915787,-3.7161183
GNPTG,-11.955459,-1.0077629
FOXD3,8.6215515,-3.0269601
ATP2A2,4.39833,15.950097
AP3B1,-8.366242,-6.400048
TWISTNB,6.3228483,1.9157143
VIP,6.39503,13.186546
OXCT1,0.30996516,-1.1399342
PIGV,8.461484,-5.423297
ADAM9,-6.339664,10.701131
KCP,-6.5297074,-4.7983794
PREPL,-0.3210254,-7.666079
MYOT,-0.6698917,-2.2861798
IPPK,2.978102,3.099447
KIAA1551,-10.175745,-4.366852
FAM120AOS,-1.1524836,-5.8095737
SPATA24,16.80878,4.477816
CYP2R1,-6.5471354,6.8249617
MARK4,-3.0680938,12.720751
ASPA,10.22381,4.9199786
TSEN15,6.0584354,12.124044
H6PD,-6.171698,10.670576
TFB1M,14.258952,5.2466903
SOX6,-5.15408,12.014182
INTS2,-10.953859,0.8839559
CARD8,-0.96168387,-1.4303496
FAM13C,8.638693,8.650118
ACACB,7.566098,12.429331
PYHIN1,3.2501683,-0.29429924
UBE2L6,-6.533531,6.8418093
ENPEP,-0.25713155,-2.2548292
TFPT,9.835609,12.561332
ACER2,-8.259282,-0.08034282
DOLK,5.053887,-0.03666654
ZNF137P,-9.103674,4.633395
GAPVD1,0.03405192,10.379601
LLPH,-7.8177586,6.5008836
WDR74,-8.025324,6.234343
NGRN,1.942913,-0.38929033
ANAPC7,13.17393,-2.5538092
TMA16,1.8964828,4.8092976
GDA,8.320375,4.777618
ANKRD33B,0.7784765,14.26397
MRRF,0.47748956,12.147946
UBE2H,5.4672422,6.0953803
ASB3,6.309893,1.9319824
GLUL,-11.872572,-1.5573044
UBR5,4.4865885,0.89045393
PIAS2,5.992806,12.069483
LGI2,-2.9617138,2.0179944
OSBP,10.9239855,5.127347
ZNF253,-0.24733736,5.3536096
GAL3ST1,9.987619,-1.1561668
TSN,-5.4488845,8.54303
TBC1D8B,3.441547,-1.7980751
CYP2D7,1.2640345,14.240934
SYT11,2.2977993,3.6470602
STK24,-0.187879,8.477347
SELENOK,-2.3244553,5.144318
RFLNB,7.1866574,8.049463
SAYSD1,1.3384261,14.380168
SPIN3,10.0166235,-3.7187788
OSBPL7,10.5159025,1.1225135
GNA13,6.1104155,-3.0889044
CD274,9.6183605,8.44049
EPB41L4A,-12.798952,-0.55009735
RSBN1,5.022531,-6.287732
ATAD3C,-9.125012,4.6565223
ADGRL3,8.617704,-3.0196736
EHD3,-6.5298676,-1.3822532
CDK19,11.199141,8.249563
ARHGEF6,3.8676455,9.419694
HBEGF,-1.3400489,10.609593
CCDC25,2.0964632,3.530995
SLC16A9,0.24863322,-0.61102444
DNAH2,8.132984,1.8369668
SERPINB6,-6.9435863,4.458952
ZNF317,-2.391527,5.1807365
SNX13,-11.749143,-1.2686404
SARS,-7.8189425,6.5042405
XAF1,2.4869764,7.210574
RMDN3,-9.07686,-2.4815817
UCA1,-3.9476256,2.5431807
BECN1,8.112842,1.8590057
CARNS1,7.603311,6.499257
ZNF771,3.938997,-7.0718303
CENPJ,-2.0272386,-8.317378
ACRBP,-6.5657496,-1.3741971
GLOD4,13.026069,-2.9741673
MAN1A1,7.0455728,11.129041
KRT17,-4.5743604,4.5846043
SLC4A3,9.0521755,6.247581
SELENOO,-9.111074,3.9598563
CASKIN2,-6.456165,-1.3979934
CLEC7A,-7.990702,-6.2965302
KMT2C,-0.00048556385,6.1783423
BID,5.173308,10.621263
KCNH4,-5.3883066,-3.2535455
DHFR,-0.22516017,7.4568934
TRO,-10.897796,9.9442625
CCDC74B,-5.4852285,3.670847
GALNT14,-1.2180346,9.519767
CYP2J2,8.318925,4.813785
TCF25,-0.79490703,-3.6534812
INPP4B,2.3797674,8.691888
OSGIN1,3.39644,-1.6310449
FAM208B,-5.891908,13.103049
PCSK7,-5.6721683,11.644662
TTI2,-12.873243,3.66086
SIGLEC14,-6.8397985,-1.3351773
POMGNT1,-5.44746,14.053795
RAP1B,-0.30807528,-1.7054453
HMCES,8.770912,10.199439
PLCD4,-3.2912073,6.4623175
RASL10B,3.4445465,5.7682476
QRSL1,13.379895,-2.2970629
PES1,9.958165,-2.4889116
WDR3,-5.0043836,-0.43046132
THNSL1,1.9066468,5.2618876
SERAC1,-6.1347127,10.89833
ANKLE2,1.7468212,10.454322
ZNF524,-1.1271368,5.590759
ELOVL6,-0.7945405,-3.6113412
SBF2,5.822488,-3.792832
GLB1,-6.7808723,0.55466527
MTCH2,8.251605,11.714282
RAB32,6.6030145,-4.820487
TNXB,3.1051397,3.5037458
ZNF813,1.1644822,-6.1630254
MRPL33,2.2009592,8.392817
CENPB,2.4901013,7.2077427
ETFBKMT,4.650573,10.804647
ARRDC3,10.865206,7.9133058
WDR53,0.07877012,2.9198623
NRN1,-3.2829485,3.235382
KLHDC4,-8.46792,1.0594803
LEO1,0.445175,0.7400121
HEATR6,-0.8319654,5.507626
HNRNPU,3.4447236,-1.6804218
SEC24B,-7.99879,-10.676425
ZNF451,12.5227785,11.369465
DIAPH1,-0.29724333,5.0012946
FAM124B,-3.184062,3.341933
PIK3CB,-9.085352,4.1301374
ITGB5,-6.000545,5.7937784
HNMT,2.4862874,7.1986
ZNF2,-4.983068,1.7530531
NBPF25P,5.0002356,-3.6850662
MFGE8,-1.7503241,1.0838938
TRAPPC6B,4.9622674,8.461895
SYCE1L,11.233737,5.2978487
ZNF540,13.807692,8.716065
EMD,16.881641,4.5493865
CCHCR1,-2.0288184,-1.8005296
ZNF182,-6.296529,-3.384145
PLS3,5.02682,-6.2826896
GPR89A,-0.19270255,12.154112
ZSWIM3,6.250593,5.2042937
CWC25,0.000154409,10.418805
MINOS1,6.7748356,10.926506
ENTPD2,3.4327672,-1.7418997
IFITM2,4.6845894,-3.7716665
CD58,-3.4467082,9.343871
WDR11,8.683186,3.1554768
MAN2A1,-7.210812,2.188458
PSMD5,3.724956,5.00641
NOLC1,1.8817006,10.869314
ZBTB14,-0.84919184,14.017007
B3GLCT,12.334174,1.7561475
TMED8,6.3930907,13.185478
YTHDC2,10.180685,-6.77262
RGS1,8.576973,5.1049767
HIST2H2BE,3.9728718,14.251393
SOCS7,-12.067041,-4.9098253
R3HDM4,-4.961485,-0.03860444
KCNG1,-1.1013958,10.850575
PFKL,-7.029195,0.64249796
SORCS1,9.145633,5.308162
CACUL1,6.7410135,0.5805889
NAT6,6.6426063,-1.2767029
IGSF10,1.7869982,10.461901
FAM122B,7.649825,-1.3991712
MGST3,-1.1303866,10.813791
SLC25A24,0.9086936,0.18119802
SDCBP,-1.6938434,-6.3837376
GABBR1,5.2140045,6.7760835
STAG3L4,-4.6119285,4.615412
PVR,-2.9802835,2.0992355
ORC5,7.9762187,0.82004255
SGCA,0.2630614,0.0005931053
CYR61,-9.304142,4.9309483
ABT1,6.713929,4.235919
CNTN4,1.8018243,9.381488
ZNF667,-9.290732,3.4166415
GTF3C2,-3.5911508,16.735748
NPR1,-10.614767,2.1654203
PEMT,1.9098241,5.2656655
PNPT1,1.3660957,11.29067
CCDC85C,4.79035,6.3545547
INO80C,-1.7514683,1.3795437
PKIA,-1.2326988,-1.9459463
INPP5K,7.1801195,3.6200109
ZNF470,-7.168405,2.1452446
LETM2,-4.35149,4.3948717
PLXNA2,4.7812433,6.3540297
SIAE,0.3020945,-5.479794
GALK2,2.1581974,-4.264028
TRMT61A,-6.8509374,12.156877
ARHGEF10,10.546256,9.245084
GIPC3,4.481162,0.9041771
DNAJC18,-0.61335367,-3.2100613
RIMKLA,1.8211925,-4.1050987
ABCD3,-2.874658,3.1904128
CPSF6,9.411996,3.719266
WDR18,4.63527,9.266334
BRAP,-0.41160157,18.340773
BICC1,8.747977,3.06972
TRIM7,2.8717926,-7.1766796
SLC24A4,2.956435,3.670402
ZNF396,11.41994,-7.2910075
HDAC6,8.666147,3.13237
NALT1,2.0758622,-10.875034
SMYD4,4.6456113,-3.9100442
THSD7A,-7.400488,4.615533
B3GAT3,0.4815408,6.927596
GUF1,5.816704,11.920492
MDM4,0.32902035,5.2172427
TERF1,-1.5116345,1.5039048
MEG9,-8.402095,3.0615804
SLC5A3,1.8152586,-4.10272
SIGLEC1,-1.8563433,9.379319
AAK1,-6.9017777,-4.4290857
PHKG1,6.327092,5.3233137
VPS4A,-6.8509955,12.156493
STK38,-8.073035,12.32781
PLXNB2,-2.6766298,3.1152463
DNAJC24,-1.916994,9.895022
SLC19A2,-1.7217109,-6.40719
MAP2K6,-2.47992,1.9155699
FAM110D,11.514617,-1.7135112
ZNF826P,9.517127,5.8143487
SOX5,-2.3225386,5.1263423
CPEB3,-0.6021682,-1.8954995
ZNF844,-1.3688018,7.415581
MIPOL1,6.6641245,2.9981873
MAPRE1,-7.8286567,6.475875
WNK1,-1.5118434,1.5139996
EIF2B5,-8.951903,-2.3482423
MS4A7,4.9931464,0.020659236
CCPG1,4.668995,-3.6126752
MAP2K7,2.7463777,-1.3953727
SPCS1,5.174838,13.836406
UMPS,10.026207,-2.5045547
ADPRHL2,-9.815383,7.4005117
DDX10,-5.4065766,8.566343
CAPN5,9.799615,-2.2717772
AP1B1,-14.65504,6.398867
APCDD1,-2.3015182,5.107292
MAPT,-0.15130468,0.0089335
PTGS2,8.366275,-5.5306964
CWC27,1.743201,9.430373
TWNK,-0.9835171,14.3395815
RORA,5.152046,-6.1414733
SLC22A5,10.999847,1.7253517
NDUFB7,6.7614174,10.92526
NACAD,0.14022015,-1.2626514
ID4,-9.318518,4.948945
PWWP2A,-2.8834429,14.286658
IRF2,4.27224,4.454137
NFYA,-13.057115,10.9722805
EGFL7,-7.007121,-4.3624063
ACSF3,4.6809077,-3.7206116
ZNF346,-8.002515,-8.426484
ETFRF1,4.9238863,10.320273
GID4,-8.602224,3.2238836
ZNF208,1.6278505,2.4614758
ZNF814,-3.3698354,6.5955276
DPM2,0.40174732,6.8934255
LIMS1,-5.5241,10.580663
FAM200B,11.911621,3.303046
WDR82,3.2114077,11.870057
LAG3,-1.1843059,8.756407
CD302,-8.52486,-0.25758177
ANKRD35,3.9877424,6.263317
P2RY1,5.6119413,2.3253617
FBXL7,-0.0136370575,2.8962395
EFTUD2,9.991783,-2.4696248
DCAKD,-4.6304426,2.1532888
GPBP1L1,-7.9989076,-10.6765175
NANP,-10.157587,-4.374672
ASIC3,8.688946,3.0058963
E4F1,10.210889,5.767116
ZNF287,3.0453558,3.2828078
MINCR,-9.764373,3.1543303
ST7,1.061781,12.286476
L3MBTL4,-0.8181305,5.5064015
ANKMY1,10.847355,1.8053226
CHMP2A,-7.053069,10.174771
NOTCH1,-4.0243087,5.436033
EPHA3,-7.195506,10.156442
PHF5A,5.091405,8.742661
GNG4,-4.039453,8.674835
GPHN,-1.4597533,-8.418057
ACSM1,8.166533,-0.14596727
ADAT2,-8.812381,15.774631
ZRSR2,-5.0921483,-3.7832565
TRIM24,-2.345191,0.068077356
ATP2A3,-7.202988,-4.226603
COMMD10,4.6260853,1.2381972
GJA4,5.3638635,-3.66151
NEK4,-3.9074025,6.780873
MUC20,8.00077,0.79793966
ELL3,-0.5725595,4.8571095
SPG21,8.175903,-0.16450186
SCYL2,3.2541442,6.074324
NATD1,10.115421,5.446896
SUMO2,-2.189888,-1.106031
UNC13B,-4.3980327,4.4236903
SMIM8,14.910365,-2.1047149
FAM104B,-1.5241632,-3.5663824
IGFN1,10.179441,4.7666073
TEN1,-0.35338724,5.01311
FHIT,2.9928327,3.682218
DAXX,5.215501,8.48536
FMOD,-2.7138436,-2.0115542
TPR,-0.31637982,18.449507
IL18,-1.8427436,9.768384
FAM227A,1.4394535,0.84012055
ADAMTS6,-1.4390032,9.131022
PPARA,0.4668101,-1.7836586
LCORL,-6.707041,0.5485219
IFITM1,11.321655,-3.788567
FPR3,-12.206774,-4.670485
FANCI,-5.0982614,-6.67429
ICE2,-4.1291647,8.25786
LRFN5,-5.44152,8.535435
GPR183,6.2971225,1.9382832
NOTCH4,2.965428,2.9948559
TG,-6.7603455,-1.3523625
SNX18,-9.680953,0.6087689
ACOT9,11.012314,5.0583124
SNHG9,-10.28324,9.038729
KLKB1,1.8664812,5.152197
SASH1,14.021474,5.422041
HPRT1,-4.990554,-0.42938194
PHC1,6.913202,15.085119
PIR,5.332152,-3.6659045
DMXL2,-1.0059016,-2.463392
MTSS1L,-10.835538,11.171122
KMT2E,-2.2455614,5.042695
CCDC36,10.61019,1.7863063
PIGZ,-4.9096346,2.440736
MZF1,-8.017605,-8.453
FAM199X,0.044178296,0.027948756
HEMK1,-9.097555,4.2327633
ANKIB1,8.01232,-7.0020227
PLA2G2F,3.4382277,4.9620314
ALS2CL,-4.654473,2.1440265
FCGR2B,-1.4389459,9.162178
ZNF501,9.069065,13.667173
ZNF75D,5.5634403,2.3385286
ZNF79,3.051289,5.3968163
C1D,2.031972,4.7091017
HDLBP,-1.8506497,9.351575
SLC7A7,-12.086723,5.02793
CPSF7,2.8888178,-7.189064
ZNF792,2.1069183,-10.985649
ZC3H7B,11.182264,0.21603632
RCHY1,0.45467257,-5.2511625
TRIM13,11.594617,6.9347577
SRPRA,5.088088,6.7030387
SLC39A4,-2.4928677,-1.9284884
FBXW2,-3.2172384,15.155836
MARK1,0.56648886,8.208743
RGL4,2.5925796,-1.4751132
FZD4,4.644598,-9.479001
PCIF1,-6.0733767,-8.522002
CD82,7.538583,3.7114854
CELSR2,-0.29188251,5.70332
ZNF566,-8.400403,7.5020647
NCF1,-2.1542356,-12.006671
ZNF212,7.5743246,12.437563
ZNFX1,8.902274,4.839706
ARHGEF12,-6.169293,-1.6091104
PPDPF,8.870904,-2.003879
KREMEN1,0.3711286,3.9729617
RASA4,0.44398016,-3.3091533
HLCS,-5.362386,-11.136392
GOLPH3,6.3470435,5.3413424
ADAMTSL3,-7.02758,10.147707
PCNP,-11.816325,-5.273925
FLJ37453,-5.509052,3.7063193
NPIPB15,9.105377,-8.55552
DLL4,8.905217,4.8362303
TMEM259,8.573678,-5.1488667
GPR65,4.146534,1.1512151
TRIM62,-3.591199,16.736967
GRSF1,-3.9578824,8.411589
CNTD1,3.437179,5.7583895
EPSTI1,-6.6948195,15.5158615
CDC25B,6.8515205,-3.3311648
ANKRD18EP,-8.015082,-8.450176
ZNF8,6.028315,-6.240003
PRKDC,-8.002443,-8.426828
FAM84B,2.1237507,-11.018995
TMEM187,11.052694,5.176974
PLXNA4,11.589793,6.928412
ZNF286A,1.4011316,10.710918
NAAA,14.742692,-1.0857241
INHBA,2.9453,-2.8454363
TBRG1,-0.6544087,4.896786
VIPR2,-5.0779343,2.5541172
GALNT2,-8.558636,-6.849838
RBM48,-1.5638324,-10.086631
KCND1,-7.185571,0.60764456
ITCH,14.161908,10.323893
MOSPD1,5.067751,-0.057032634
HHLA3,2.0373,0.55390716
DAGLA,-1.1698332,8.762624
ATF7,7.216518,3.5965161
MED24,-3.906734,6.782653
TBC1D12,-10.374137,-7.613707
OLA1,8.638619,8.6529875
GSK3A,-6.1695447,10.386571
PIN4,-1.1622087,7.5412874
MORC4,-7.542354,10.193807
AHNAK,-1.0440255,-1.1728401
PPM1F,-3.4204707,-0.7080264
MST1,-2.1542766,1.0167662
ADRA2C,1.6960349,10.405183
BBS4,16.253035,7.2642555
RAD54L2,6.852187,-3.3274355
GNAI1,0.37105677,-9.266964
ALDH3A1,-12.024314,-5.026716
FAM161B,-9.151942,8.545492
ARL4A,3.984845,-7.147667
TMEM65,5.457601,0.7977351
AOC2,-7.6051135,10.154425
SUSD3,4.1553254,1.170957
WDR6,12.709132,1.7853227
RBL1,8.274221,-5.623413
TSC22D2,-6.92604,16.49173
PPFIA1,8.886561,-2.028324
EGR3,5.1521664,-0.8281256
GSTT2B,7.460861,-8.5737
FAM43A,-0.8084247,-2.5326393
TMOD3,9.086988,13.6550865
JARID2,9.336405,2.2719595
B3GAT2,12.559791,2.690816
ERRFI1,13.127732,-2.6510513
ZNF276,0.7531984,11.788646
LRRC20,4.709109,-9.365922
SNAI2,-6.9014688,-2.8958998
GPSM1,0.73024505,14.229107
WDR90,4.4790707,0.93200845
FAM192A,7.446753,11.039979
TMEM57,-5.8998947,17.471827
NPIPB13,8.834665,-1.9854836
CBX3,-5.6581273,-0.80404973
RALGAPB,-2.6397398,3.1206644
DIRC2,6.7460446,4.193337
AMFR,-5.480284,-0.8440334
TMOD2,2.2597003,3.6386285
CA5B,-6.1448836,10.565486
ZNF143,3.7606034,-1.7071809
MPV17,-2.014226,6.25911
ARRB2,-5.6485934,-0.8071482
TBC1D10A,-4.8176155,15.509873
MON1B,-3.1416545,18.007002
NINL,5.397538,-1.8792293
CCL14,-4.9605803,1.8213886
PRDM10,-8.408125,-7.0515356
EXOC4,11.436717,9.794499
PHRF1,-4.7647586,-6.4292264
SLC22A18,-0.7000202,14.670217
MEG3,-0.3183247,18.447828
GUCY1A2,4.314566,-4.405382
TBC1D16,7.4592066,-8.572492
SGTB,-2.1632652,1.0105722
TCF12,8.886652,-2.026415
RNH1,-5.7889957,14.414318
BAIAP2L2,1.6531708,2.423011
ELMOD3,-2.26577,6.2398133
CNPY2,1.4166076,0.6348459
IGHG2,8.875063,-2.0151224
SMIM7,0.43597776,-5.326905
SPIN4,10.514616,16.886662
APBB3,-5.5571313,12.412849
DNAJC15,-8.644666,-3.9194825
FANK1,-4.666272,10.9643345
P2RY8,3.9277844,7.6290956
PPIL3,-0.8458173,-12.394358
GTF3C4,0.2795378,-0.16850251
DYX1C1,5.870814,-4.2412925
HOXD13,-10.9477825,5.227835
MED30,-3.5706775,8.482897
TMEM42,5.7899733,-8.677307
EGFL8,-7.7030406,-2.384297
CETN2,-3.6897287,8.535543
DCLRE1B,-4.465363,7.3537836
TRIM46,5.1955338,-0.8347243
AURKA,7.589625,13.90105
SPG11,-10.270675,9.046828
MAP3K5,-12.060802,-5.015001
ACTR10,13.07032,1.9749233
WASF1,-6.725598,6.702806
FRA10AC1,-0.40552807,6.628055
GFAP,0.91171736,14.455533
CASC15,6.6117334,-1.2619121
ARHGEF1,11.730106,13.387461
NAB1,-0.2015826,-7.9512134
NR2C1,1.3976414,0.77928454
NEIL1,0.43592107,-5.325553
VWF,1.3397951,-7.1952696
GOLGA1,3.0442207,3.2624815
CALM3,-6.7614965,9.885066
UBE2G2,-8.981079,9.269622
PALM,-1.8648751,1.4877949
PCDHGA12,-5.036192,-3.109642
OSBPL8,9.843797,12.563234
TRDMT1,-5.4654756,-11.240613
CMAHP,-6.9759917,8.725225
ACOT1,2.6324308,7.0614486
WDR78,2.2031493,8.39474
SLTM,9.335858,2.2663043
MLEC,11.30536,-7.151928
UBR1,12.547285,12.880814
RPL12,-8.404221,7.5030212
APIP,-1.0076607,8.420301
MPZL1,9.6787815,8.381132
TSKS,-2.2800827,19.380726
TSPAN9,-4.4444866,5.595078
GTF3C1,0.46216965,-10.358954
ZCCHC4,-2.1898837,8.276646
ALDH16A1,-5.120921,-6.6967316
RBMX2,-3.5557613,-2.1809263
WDFY1,3.8930938,-6.9931917
PFDN1,0.9335282,7.3793297
ASPH,0.968052,5.078103
PSTK,-2.0210874,12.3321295
BEND6,9.1645565,3.4014184
CTSG,-5.7830205,0.59536743
GYPC,3.3288496,17.808014
LAGE3,-7.7035565,-2.381096
WNT2B,-5.3628197,-11.136507
SUSD5,-1.0960997,10.861301
KMT5B,1.1093229,5.5566363
RASEF,6.3865304,2.7210824
TIMM21,5.7218885,8.855612
HSD17B7,0.6945936,-0.3549799
ALKBH6,14.928141,4.0732026
CMC2,3.3555443,0.9783816
ZNF772,-1.4602664,-8.418752
UNC119,-2.031449,6.254532
FAM126B,7.0711746,3.7877982
DNAJA1,-8.930511,-7.0048413
NCKAP5L,-4.463024,7.342907
SPRTN,-4.918694,2.4516652
STRN,8.1911545,7.2087216
MAPK3,-14.79398,2.2376146
PNPLA4,3.8955278,7.170929
ENKD1,7.3778625,3.7316148
NAALADL1,-2.1491632,8.22454
BAZ2A,-1.2934073,-9.88474
NOTCH2,-0.6949123,-2.3061616
NR2C2AP,-2.047013,12.359098
TWIST1,13.725099,7.3268733
PINLYP,6.988615,-4.75221
AP1S2,10.546847,9.219758
ZNF420,7.782212,0.97231746
FAM227B,6.1448317,12.217302
PEA15,6.921192,-4.755168
ZNF555,7.0838475,9.873436
PROCA1,-0.9485422,11.084677
TOM1,-1.7868311,9.744694
GTF2E2,9.105792,-8.555969
PCNX3,-13.850704,-1.265923
KIAA1147,5.4655795,6.100179
RAB9A,6.3060966,0.24012394
RECQL5,-1.1588084,7.546654
KCNAB2,1.9330217,12.8887005
ATAD2,-3.3814983,-7.282346
BCR,-8.814623,-0.43149742
NUDT17,-3.7443275,-2.9641302
TMEM261,-0.5033745,-7.412266
ITFG2,1.733654,0.38979363
UBXN10,3.121223,3.4927752
FAH,13.3725195,-1.7191242
RBM42,3.4135084,-0.75926924
ATP8B3,8.875679,-5.29067
PBX2,2.0056934,-10.693917
DMXL1,-5.3977532,8.527345
SOX8,6.3991413,6.736286
ZNF232,0.6158424,5.185412
NEU3,3.324089,17.797464
FAM131B,7.4113293,9.362138
CPNE1,7.6399493,-1.3930261
ZNF836,-5.179934,3.771002
PIGO,11.184824,0.22123654
PTGES3L,0.5140564,-5.23567
DNAH14,-1.1315582,4.3063526
AGBL5,2.4402828,3.6650383
LXN,-3.8149922,5.5020137
ADCY6,-2.2900355,0.7297578
COPS7A,4.4815288,12.427301
IDH3G,7.6087036,-1.4185148
DEPDC5,5.7556815,-4.402797
ABCB9,-3.869656,-3.09134
RING1,5.5930786,11.530294
SYT2,-1.995428,17.008467
IMMP2L,0.6988179,0.100797065
DOCK6,-1.2172476,14.524555
STN1,7.096094,-5.613493
NDUFC2,3.804536,14.242986
PAFAH1B3,0.71502185,0.18800941
KIAA0100,7.4775715,6.359589
KHK,-1.3200645,10.629177
DERL3,2.9695754,3.1131387
AHSA2,-9.350172,-0.70007217
MASTL,13.986731,5.451305
GPR107,-7.2384777,10.167673
FBXW11,1.5419718,-1.7040657
ESD,-5.1390114,-3.7944875
NEAT1,4.6716866,-3.9072697
ARSD,-1.7824101,15.071448
CLOCK,7.273892,-6.3375087
CCDC146,4.912087,6.5260158
CBLN3,-9.087152,4.1368823
PDPR,0.2640212,1.401844
NDNF,6.0425677,2.2291875
SRSF4,11.559113,3.0701988
SSFA2,-5.4300385,5.2271786
TNFRSF21,-12.069502,-4.907241
HYDIN2,6.093545,-3.1030257
GATA3,9.141073,5.283556
PLEKHB2,-9.09318,-2.496143
KCTD18,0.2016193,-1.1910027
CUTC,-1.7782967,1.1275198
PEX7,10.687678,-0.14118819
FAM109A,7.327829,9.471184
ZNF827,1.4874842,11.272781
ZCRB1,-5.4320936,8.519458
ZNF214,2.8728795,-7.1789336
PPFIA4,12.816616,1.8721792
MGME1,-1.7133936,-6.4015574
ABHD17C,11.11589,0.6087695
XPOT,4.5821867,9.93987
NDRG4,1.2569623,14.2282505
PTPRM,2.890955,-1.2841471
CYP39A1,-8.012464,6.251374
WASHC4,-7.014694,-4.3537216
