node,x,y
YBX3,-4.392028,-2.8790727
MAP7D2,10.217113,5.285444
EFCAB14,8.643133,0.2613884
KIAA1549L,10.156417,4.71084
STAT3,-3.9547026,-0.8092219
ATCAY,14.232852,1.4728227
RAB6A,5.086229,1.7400606
PRKACB,0.7585267,-3.1633384
FBXO44,14.167459,-5.9353848
FBXL19,9.498098,9.8483515
RAB2A,4.0892944,1.1653562
NSF,10.372692,5.5925274
PJA2,4.073446,1.1620737
NDUFA13,8.524141,6.785142
DNM1,13.702642,-4.1960187
ELOB,8.395832,6.7089176
GABRB2,5.571761,3.5634308
RHOC,0.23158543,1.3068384
AP2M1,10.755082,-4.7889605
CAMKV,13.7458935,7.2826977
CNN3,-2.0410657,0.689688
ADD3,9.073127,0.82514244
CNP,8.111492,4.6616383
FRMPD4,10.130427,5.12265
DNAJA1,-3.170311,6.524629
SLC1A2,-0.9514643,11.292808
CPNE3,1.2540195,9.619428
SYNGR1,15.185248,1.096183
SFT2D2,4.454188,12.961656
AHSA1,-3.0159688,7.411345
WBSCR17,14.143837,1.2030792
KCNQ5,12.913505,5.863529
LAPTM5,-6.300654,-5.97266
MAP3K10,10.407464,9.874931
OSMR,-3.8365622,-1.2157426
SLC44A1,4.8473377,9.145224
HSDL2,-0.28654858,9.349863
TMEM106B,7.2407837,-6.0331745
RHOT2,11.25593,16.20578
NGEF,13.398272,7.124252
TRIM23,0.95347196,-3.3372266
DBNDD2,7.032477,3.6038268
HCN1,5.69485,4.1681256
SYNJ1,1.6653614,-2.4184577
MSN,-0.4284727,1.0687096
RHOG,9.541057,5.2953825
SLC1A3,12.009233,2.8253214
MYL12A,-6.534003,-3.6988056
CLIC1,-5.982607,-2.76318
PPP3CB,9.839653,6.9591637
ACAA2,-0.10328952,7.8782015
FAM57B,9.32066,9.9546585
SLC25A46,4.5364556,-7.3870063
GAD2,3.4066849,7.8128757
OXR1,1.3564713,-3.2873785
RTN1,6.198103,5.4792037
MOG,5.810886,7.0216436
MLC1,4.5730767,5.5600033
NPTN,5.437112,2.3965473
ATP6V0D1,10.559896,-4.750537
STAG2,4.387927,2.5418963
SV2B,-4.189495,4.3368692
PTTG1IP,0.9767274,1.132238
SPTBN2,5.846175,-3.402897
SLC39A1,-3.9957187,-0.6510996
TMBIM1,-2.7142866,0.21180852
OSBPL7,0.5738875,5.5142684
PECAM1,-6.740645,-2.9518206
ATRNL1,12.923068,5.913699
ADD2,-3.8388515,4.365486
ACOT7,12.065897,-5.249973
SLC2A13,10.239691,-0.28639945
NAMPT,-2.314539,-4.9755497
TROVE2,1.2852228,9.997927
QKI,3.806815,2.343779
SLC35A1,-1.0096523,-0.7121588
PTPN5,14.161995,7.4481564
TRIM28,0.55071837,2.6411285
PAPOLA,-6.216582,6.068811
ALDH6A1,-0.28713012,9.732762
ITGB2,-6.5108705,-6.1373787
RAB3A,12.6122875,-5.5070043
CLSTN2,3.6397698,3.1771894
TBC1D12,6.731798,10.357325
CLDND1,6.0328403,9.497901
ABCA2,0.7650566,7.291806
RAB18,3.6943195,1.0678384
ZMYND11,3.6927762,6.459521
TMEM155,12.267101,5.09238
CHRM3,13.285299,6.8780885
IL4R,-4.7824073,-3.7955427
TCEA1,8.340558,-0.39550135
COL1A2,-9.455501,1.7412477
ZNF638,1.9665159,-5.9016657
TCERG1,-0.76575476,-0.6135064
CSNK1A1,-5.1859393,6.699605
OPCML,10.157992,6.1544576
FERMT2,1.0469128,9.224378
ATF2,5.516985,-2.26165
SNX13,6.107712,-5.9398966
SLC4A4,-0.98255515,10.8836975
FGFR3,14.041942,10.214485
SCN8A,-4.191286,4.369326
ZDHHC17,5.0077643,-6.767694
CACNG3,13.47579,7.0513477
DNAJB1,-4.866751,-1.8682947
KIF3C,4.9566917,-3.5150254
GABRA1,5.569044,4.1514177
UBE2K,-0.29725078,-1.0457878
SH3GLB1,-1.490251,0.66872627
FPGS,-3.2697606,6.6280494
CC2D1A,11.2958555,16.25551
PTPN4,5.7109694,-4.353752
QTRT1,-8.660838,6.74435
DCN,-9.525455,1.5114521
MON2,-7.8470283,5.0368266
PPP2R5D,11.165181,-5.058967
INPP4A,10.098204,7.0430923
RAD21,3.4145045,6.5051546
SMAD5,1.2024235,9.9466505
MYRF,7.133453,5.30096
EIF4A1,-2.0526385,-5.230557
ADAM11,-0.75721776,3.3741364
STXBP5L,10.123936,6.345586
GABPA,1.4045967,10.420233
NOTCH2,11.999387,3.003441
ERBB2,-3.4309042,13.763014
SULT4A1,13.960038,0.78134084
METTL7A,14.523407,9.709758
DNAJB14,4.9148064,-6.8302917
NBEA,10.298763,6.5034227
CLSTN3,11.914004,-7.0055795
IP6K1,8.790681,-8.560605
SLC44A2,-0.3117765,7.185696
SCYL1,10.230335,-10.225718
CFL2,6.471017,9.574158
SRPK2,0.7354571,-2.6798174
PLSCR1,-2.1821234,-4.4351573
GABRB3,10.521953,4.0179563
PHLDB1,8.266789,4.9122415
AP2S1,7.5194206,7.929557
TAZ,-0.13840179,6.047547
HADHA,-0.10400624,7.4404836
GLI3,11.902943,3.5593379
ATG4B,-0.21851435,5.25839
DOCK3,19.295103,1.2843617
FARSA,10.489894,-4.7654467
RBFOX1,1.9075372,-2.2296534
CDKN1A,-4.0893893,-2.6996849
EXOC5,3.2928507,6.489632
C2CD5,-0.6889121,-0.7619065
ATP13A2,14.841295,-3.3862848
ELOVL1,8.252602,4.699078
NDUFB7,8.409315,6.4010267
NAPB,17.284763,3.4242957
PDZD4,10.347359,9.75536
CLUH,-6.2458353,2.4027717
HINT1,4.4374123,-0.46829167
STRN,6.727136,10.494593
MAPKAPK2,-4.0767717,-0.55241543
PIM1,-3.6238897,-3.265585
WTAP,-2.3591104,-5.0841217
PAK1,-3.107834,4.360213
UBE2D3,-6.4626484,6.0418386
HS6ST3,10.801856,3.6288683
U2SURP,-7.598292,5.276231
PAK2,4.659805,12.756408
KLC2,14.51565,-3.557745
ALDH1L1,-2.9023113,14.035195
LPP,1.6105434,-8.225161
SGTB,2.0209308,-1.7762413
AFTPH,-0.08169892,-1.2023894
ATP13A4,14.284508,9.950833
ACTA2,2.450626,-8.272486
CDC27,4.720237,-7.505855
JPH3,9.341833,3.3693864
SYNGR3,14.110498,1.4572922
PPP2CA,5.3809586,2.090011
PGBD5,14.209924,1.500699
CYP27A1,8.059432,4.1715918
CCDC84,6.575357,-10.061102
L1CAM,13.067191,-3.990341
AP3B2,13.923172,-4.055192
NACAD,0.4902626,7.6706724
CRELD1,-2.8690944,7.473977
KAT2B,9.034947,0.8191354
SLC4A10,1.8816755,-2.2070253
FAM131B,19.292389,1.3418608
EFS,9.053241,4.444475
ANKRD46,1.0750651,-3.493147
PLAUR,-4.2240086,-2.4481726
UBXN4,3.0395973,14.067104
SDC2,0.34390554,8.836842
FGF17,1.1808311,5.469069
CYYR1,-5.5747385,-4.7075663
VAPA,14.091162,3.823333
RAB13,0.35940325,0.77102166
RGS4,12.300143,5.5197453
ATP6V1B2,-2.7210813,4.6193657
TIA1,-7.578229,5.3014464
GBF1,-6.380335,2.722682
PARD3,-0.84288085,14.444465
APBA1,10.608549,4.896154
CD63,0.18485175,1.1000085
C1QB,-6.725372,-6.5212407
ABCD2,-0.98639023,12.583238
ENC1,13.070325,6.3362184
SRRM4,-4.026601,4.5811543
SHOC2,5.1971984,-2.3744056
PRPF40A,2.7429674,14.326035
ARAF,16.551073,3.8704646
FAR1,-7.928578,4.9547477
GOLGA7,6.404686,9.9635105
SHTN1,7.498633,14.2095785
APBB1IP,2.808346,-5.327976
TNPO1,-6.884577,0.28724638
DECR1,-0.11513207,7.3106165
AATK,0.5847784,7.4304013
GPR162,14.134791,-5.984026
PTGES2,19.248165,7.9951696
UQCRQ,8.5834055,7.719873
SMC6,1.8952881,-5.9699683
TRIM2,6.334839,10.833617
NDUFA11,8.239825,6.6344447
CNTN2,7.1343336,3.3004975
LRCH4,-0.12068363,5.93054
TTYH2,8.227971,4.5848618
GRIA4,4.910844,4.0596404
NR2C1,6.5484385,-9.832283
MYL9,2.3384163,-8.228568
ANKIB1,3.3333244,9.514996
XRCC6,-1.9788904,-5.9242353
RUSC1,14.217924,-3.762507
DOPEY1,-0.7731812,-0.43286207
ZNF692,0.72835666,5.6253023
MAOA,-0.9386502,14.386235
YTHDF3,7.627379,-5.567798
KANK2,-9.489308,1.6568606
ACTL6B,13.163026,-5.338598
SH3TC2,5.6711454,6.5565033
TTYH1,14.680069,10.412733
FBXO41,5.807351,-3.4083352
COL26A1,14.548435,7.7346377
CSF1R,2.8489528,-5.2876177
CD99,0.6386883,0.78959525
FRZB,-9.312625,2.221238
ZRANB2,3.879201,-7.7449555
ATP8A2,10.399479,6.0714083
PIDD1,0.23486558,6.1193514
ATG4C,1.4951302,-6.3320036
PPARA,9.261136,1.0134826
OST4,9.039265,5.9372835
COPB1,-7.6675777,-4.1296954
DDR1,4.5740733,10.353701
PCDHGC3,-1.3850276,10.002238
GRIN1,13.6633215,-5.7447276
GARS,9.71965,-4.1371474
SHARPIN,10.7539425,12.76861
CCDC124,2.406481,15.05794
GADD45A,-1.9741135,-4.8126597
RHBDL1,15.05028,-5.4493446
TNFRSF1A,-3.795154,-0.9977482
GAD1,3.397084,7.888585
PLEKHH1,5.5710936,6.7650137
MAST1,15.690943,-7.5936513
TNKS2,-6.88328,0.28657997
CECR6,-3.932037,2.0617454
ATP6V0E1,1.0229354,1.2750847
NEDD8,7.7279034,7.95436
CNKSR2,4.319888,-10.058114
RTN2,19.018461,7.420484
IFITM3,-3.5657043,-0.80534124
PTAR1,1.3644763,9.797912
SOCS3,-3.8700953,-3.1562548
GNB2,0.46976027,2.3564029
JMJD6,9.480348,4.443041
ATM,1.3287606,-6.466826
SYT1,6.2620616,5.658498
NOXA1,15.604094,-5.590841
FCER1G,-6.3958535,-5.5100636
ABHD4,-3.6816983,13.608661
HIPK2,7.5471535,14.252144
PDLIM5,0.405033,8.78332
SLC39A14,-1.5819725,-4.206636
SRRM3,15.953822,-4.8504415
PDE8A,5.363798,6.598587
ERLIN2,-0.35532156,9.052119
TRAM1,3.5925717,13.648532
DNAJB2,0.74969494,6.4270167
ATP6V0A1,14.583304,1.1908685
STOX1,-0.23552437,9.8506975
SRGN,-5.701587,-2.9266355
ZMAT1,16.199915,5.9813967
THOC1,-0.5632478,17.30929
ATP2B1,5.4075603,3.7854872
UBE2V2,17.726835,3.5808852
CSPG5,15.929348,-1.043881
AAK1,10.075914,5.738981
CAB39,1.4057195,-3.363929
BIN1,0.69750834,7.1419816
EPHX1,-0.661455,14.502702
FLNA,2.0927424,-8.180362
SH3BP5L,8.815841,-8.621257
SARS,9.98889,-4.2851133
NRGN,13.137548,8.00127
RPL13A,11.121847,12.236489
CCPG1,-1.1725106,-0.82210976
TPRN,0.6654191,6.603593
ERMN,6.6291995,9.123035
SUB1,4.7456393,1.3481618
GOLGA8A,-1.0210836,-0.75722176
KCNAB2,9.299772,3.1101944
CPE,-1.1554259,9.507442
TAGLN2,-6.399006,-3.1503024
WASF2,4.655638,12.501585
DENND6B,15.1818285,-5.429644
CHRM1,13.172435,7.9063964
EPHB1,-0.90326285,12.384406
MORF4L2,5.5714507,2.159387
PYCRL,-6.0015674,6.0104036
PYGM,-0.7816298,12.1821375
UBE2O,14.24682,-3.859215
MIIP,0.5918534,2.8041623
MAPK1IP1L,-2.016656,1.3200421
FDX2,19.251017,7.7845306
SEPT5,9.273446,3.0632823
ABCC5,-5.0026283,3.9342966
ZYG11B,5.666089,-4.3990884
DMTF1,-7.6766024,5.2267923
CAMTA2,9.493934,9.874878
NRXN1,4.6771593,4.223684
FOSL2,3.4529877,-1.8135141
CALD1,1.6313955,-8.229188
SPIN1,6.772439,12.728055
BCL11A,11.881495,5.2751565
NCKAP1L,-6.1389713,-6.1929827
NFKB2,-4.297272,-2.4146857
TM9SF3,-0.9663671,-3.765657
AMBRA1,-6.404702,2.7671103
PCMT1,11.097402,6.102211
NHSL1,12.189368,3.6804142
PSD2,-0.84041506,11.716254
FAU,-1.4287,8.178536
ELOVL4,5.529226,3.8760273
PSMD3,11.329978,-8.089851
LRTM2,14.697204,7.41993
WNK1,7.776936,14.071882
LRIG1,12.022819,2.4721103
HIPK3,-2.6779873,-5.0658946
GPM6B,8.816073,0.57035506
CUX2,18.709173,5.1419706
NSMF,10.734713,10.182903
SV2A,12.788058,-3.9942513
TMEM219,10.7473135,12.74229
PCDH8,18.682423,5.160594
OLA1,17.612206,3.4903622
RAB34,-3.110563,13.885917
HS3ST2,3.4617858,3.3354888
PON2,-0.24803244,8.779066
FBXL15,11.245581,-1.4981185
DLG3,-3.3758008,3.9953523
SLC12A5,12.749895,-3.8290174
BTBD2,10.604165,-1.9010177
FOXC1,-9.664224,1.6046727
PAPLN,5.7414627,14.324686
RAN,8.20382,2.1325362
APBA2,14.578415,-3.460567
CCDC85B,13.5982485,-8.2542515
FRYL,3.8375964,9.575423
RPL32,11.237384,12.106548
ATP1A2,-1.1093516,11.0654125
ANAPC2,10.53654,14.967765
SORBS3,16.38447,4.013459
ZSWIM8,-0.29979512,5.1767144
TMBIM6,-0.29750556,8.929061
QARS,-3.2871542,6.6275935
LMBRD2,5.56446,-6.375133
MOB1A,-4.5461397,6.1050043
LAMB2,2.3169088,14.665374
CACNA2D1,10.181757,-0.23609643
TMEM165,5.7284675,9.354385
LHFPL4,7.052059,0.030897046
TPST1,-1.6655015,-4.2708125
C5,16.125126,5.922477
SEPT7,6.261523,10.008563
MAP3K20,1.5089312,-8.161737
PRKCH,-5.7264757,-4.541185
HIP1R,9.472903,4.647447
CXXC1,-0.11533081,5.3828306
SLC30A3,-2.5167809,9.3891
ZNF664,7.940376,13.951352
SELENOO,11.136688,16.23206
BMPR1B,11.896912,2.8602061
REST,4.1887894,13.2032795
RAB15,-3.986963,2.0058696
DCTN1,19.289967,1.5563786
DHX30,11.761475,8.596885
NCALD,11.930399,5.2927184
LDB2,12.902767,6.030308
KCNQ2,5.0931096,-3.5332787
ASB6,11.803647,-8.005972
CHORDC1,6.427438,1.8142282
CENPT,11.402103,16.61538
ECM2,-9.349801,2.1013725
ATP5J2,8.227875,7.711367
PLCD1,-2.9134376,14.048933
VSTM2A,18.337873,5.3361673
GLS,1.7651623,-2.3486583
BMI1,1.1156218,-6.638154
CD81,4.3833804,10.481481
CAPRIN1,14.31645,4.0808177
RPL11,14.811157,6.5274515
CELF5,-4.076207,1.9111254
LRRTM4,10.780307,3.61287
BBX,4.091967,2.5699463
MAG,7.207883,4.380694
SLC2A1,-4.3083315,-9.596836
IRF3,0.6500209,2.8860772
ITGB1,-7.00326,-3.8342576
SPTBN4,14.143288,-5.7049766
KCNV1,12.99151,6.275743
TGFBR2,-5.8958316,-4.339905
OTUD4,6.624591,1.7442344
RGS8,3.4689093,7.755241
KIF1C,7.2718935,14.590136
RFNG,11.242203,16.967384
ZNF282,0.0009052113,4.5741935
WASL,5.453981,-2.3296354
MRPL4,10.44952,-10.486168
RPL19,14.778526,6.562827
FA2H,7.108065,3.9608002
PTGES3,-6.468652,6.0266476
DVL1,10.186028,-2.0943465
ZNF646,0.12178978,4.7364454
HECTD1,5.2341857,-4.7156677
MINDY2,1.616321,10.129419
FBXL3,7.7358713,-6.455578
FGF12,1.927424,-2.0972862
APH1A,-0.4048271,7.1228848
PRPF19,11.812486,-7.5512366
DNAJC5,-7.8037443,1.0579892
ZNF605,-5.248479,3.700913
RBM5,-0.525399,17.273346
CREBBP,0.24294697,4.582987
AASDHPPT,5.6166353,-2.1948466
RTN4,0.8555692,-2.5284092
DDX21,-2.7872007,-5.2507086
GRIN2B,10.415125,4.207218
SBNO2,-3.6638033,-3.2470539
SERPINE2,-1.2087358,9.422367
TMEM59L,13.365916,-5.593993
PLXNB1,2.6877768,2.2580397
FBXO34,10.495599,3.489695
PLOD3,0.93582314,6.6258454
SYP,11.636251,-6.5199637
AMER2,3.7010665,9.534431
TBC1D9,9.983468,7.1740727
CEND1,13.651104,1.3531053
CHIC1,0.96795124,-3.5224173
ABCB1,-5.7425485,-4.52637
CLCN4,19.338467,1.1556057
WDR1,0.06615459,1.2121681
SRCIN1,0.32604444,7.712196
SZRD1,16.631166,3.8085446
NCOA2,5.9562984,-5.901824
JRK,-5.217568,4.291982
PRKAA1,6.359774,-9.49939
ATP5B,4.9657726,-0.011295857
FMNL2,3.4539084,9.498834
LRTOMT,-0.99016166,0.0854506
LRRC4,-3.3856664,3.987529
DLG4,9.583585,9.842295
TSPO,0.6340425,0.5570936
PLLP,8.312365,4.5716777
NMNAT2,10.50091,5.6397295
SMC3,4.3626375,2.5621843
LCMT1,11.883713,-5.195944
SETD1A,0.08952734,4.6097474
ATP2B3,12.908091,-3.8814251
TMED2,-2.2109678,1.5382617
MDH1,-2.8423555,4.5311875
SLC7A10,-0.84589684,11.389803
ANKRD13B,-0.29468784,3.826156
TLN1,2.0315404,14.623768
GPRC5B,2.7408915,2.2988532
SLC25A1,0.84631413,0.25414294
KCNC1,12.747037,-3.3810606
ICAM5,13.195196,8.075976
LNX1,10.583003,3.5889082
AAMP,11.27764,-8.115652
ENTPD5,16.109783,5.907648
CCDC117,6.523085,1.7786193
ZDHHC18,11.815332,-7.964693
LMTK3,13.436949,-6.146842
RAP1B,-7.429885,-4.03137
FAM96B,8.014503,6.718064
GABRG2,5.826166,4.6927156
ICE2,1.5683252,-6.276533
CIRBP,9.529313,4.508022
LSR,-5.3101745,-4.9905543
CDC34,3.766244,-8.288901
CORO6,16.185349,-4.8836603
MTMR10,2.8426187,2.3532386
GMFB,8.196513,13.492344
SCN2A,10.10439,6.287391
MPPED1,12.001166,5.3313837
TMEM151A,0.83228606,7.8340764
SECISBP2L,6.509253,10.364738
BEX1,13.7653475,0.21093902
RPL7,16.090462,12.969791
TMEM151B,5.9207096,-3.379224
ARFGEF1,5.236883,-4.7120786
ATP6V1A,1.8135812,-2.5761669
APBB1,19.304823,1.5922377
KRAS,5.2987285,-2.4118369
MEF2C,13.266043,5.922035
LSAMP,-0.98817384,12.593519
PRR7,13.595918,-8.261437
PRRG1,4.7566214,8.971566
GADD45B,-3.7386394,-3.0047247
ELMOD1,11.128223,6.1122665
CDK2,-4.322669,-3.3834527
SS18,8.757496,0.2533815
PLXNB3,9.246321,4.540249
IMPDH2,-1.8327681,-5.7363024
UBALD1,3.743933,-8.156094
ARHGEF26,11.872933,3.0471435
WAC,3.4370377,-3.6398556
TRIM44,0.64529645,-4.170894
FADS3,0.39638752,2.1819983
MKL1,-6.173257,-0.51323605
SNX10,6.3846498,-7.0351233
ITGA1,-6.854857,-2.9416246
NMT1,8.804752,-8.5789385
MEG3,16.130268,-4.8790493
SALL3,11.045962,7.301546
CNGB1,18.721973,5.13456
DGKQ,15.29832,-5.346874
TMEM70,5.6585627,2.0563974
SPI1,-6.493639,-5.5568004
SPOUT1,-0.51172,4.9753795
PTPN11,8.000032,13.930903
SLC25A36,4.8041935,-7.467127
AP2A1,10.191519,-10.16723
PNPLA8,-2.0018022,1.2665584
ICA1L,-1.1203874,-0.7923135
NDUFA4,4.5506825,-0.37876314
TFEB,8.890335,5.221622
NF1,6.4381533,-5.771531
RBM4,-2.865788,7.445662
CAND1,5.3739004,-4.6219473
LIMS1,-0.76226175,0.9798085
ARL5A,3.4771683,0.92913777
LINGO1,14.40567,2.1001804
CPT2,-0.14827614,7.33477
GPC1,15.470144,-5.509086
ATN1,-3.2054148,13.655881
VIP,3.5227227,7.6438155
SNRPD2,8.506716,7.2012014
DEK,3.3643146,6.4230723
SOX9,11.988318,2.5665147
MTURN,6.730569,-1.2417976
SCAF11,1.402247,10.437723
STX1B,4.4957857,-3.6153457
COX6C,8.481038,8.008806
ADGRB2,14.458105,2.199955
ERBB3,4.449716,9.212255
MDK,-3.407065,13.806492
GOLT1B,4.9208813,-7.683748
TAGLN,2.3162262,-8.251142
ACTR2,4.155082,1.0691041
LMAN1,3.3317106,13.849459
FIS1,16.834572,10.913119
NCLN,-0.053480983,4.0513124
ATP6V1F,7.8875227,7.7633915
NUCKS1,3.6347046,6.3981824
RIMS3,10.565278,4.921642
RPS6KB1,8.022964,-6.73109
AOC3,2.0032926,-8.3666935
MBOAT7,-6.171182,-0.5137714
FGF2,-1.784372,0.89800406
SPPL2B,11.108719,15.831551
DOCK2,-6.244969,-6.138602
RTN4R,-0.59649473,3.5316358
TBCK,-5.3141665,3.6400485
ZNF224,6.9058805,-10.404642
QRICH2,0.91478115,5.5064135
ITPKC,-1.7440524,-4.2109804
KCND2,10.091079,7.4251795
PLXNA1,15.483794,1.3418574
HSPA5,-1.1299399,-5.165332
CBFB,4.6599774,12.494887
PPP1R16A,10.905813,-1.8141847
PSMA6,-1.9547923,-6.154727
ABCA5,-7.092664,8.808695
FAM107B,6.430727,9.475038
STK11IP,-0.37014508,5.110739
FAM126B,-0.0882443,-1.3116732
IFIT3,19.729422,-1.5464681
MIER1,7.3685293,-5.832888
MCL1,3.3856626,-1.9055408
ATG9A,11.743489,8.566402
CALR,-1.1980821,-5.191978
TNRC18,10.976138,-1.7752631
HSPH1,5.9656987,1.9917547
ATP5D,2.412899,15.10271
GATSL3,5.7173767,14.350062
ATP1A3,11.925143,-6.716364
ACSL5,-4.7659817,-3.8465092
UQCRC1,9.962322,-5.2448754
PSMB4,2.5719306,11.137631
MAP4K4,7.5520377,14.20503
FRMD4B,5.3113728,6.646734
TIAL1,1.0848677,-6.655068
MYT1L,4.269384,-9.9350195
AP1B1,-6.26191,2.4850364
SCRT1,8.016359,-1.599796
CCT6A,-4.43901,7.862445
EPHB6,12.164828,5.010393
CARNS1,5.7673206,6.9735255
NELL2,6.3759546,5.7224517
CMPK1,8.259403,13.371078
DAG1,3.5465991,11.622563
PSMB8,-6.9899898,3.490268
HSP90AB1,5.8797975,2.0248845
NIPBL,4.59153,2.4973726
NPC2,4.6652803,12.865968
LRRC4B,11.300986,-1.5035926
PCDH15,16.297983,-1.0040902
LPGAT1,6.285496,10.8872385
EML3,0.86676854,0.9257394
RAPGEF5,7.4463816,2.8406181
MBD3,10.302167,-2.0547144
GJA1,14.477934,9.554605
MAGT1,4.097611,13.280812
CALM1,-3.3091288,3.740102
EZH1,-0.27461076,17.048847
MLLT11,17.353884,3.4494958
PIP5K1C,19.015184,7.4048553
IRAK3,-4.7638526,-3.918849
HIF1A,-1.9067779,1.1904788
RAB21,-5.1219387,6.7484126
RUNDC3A,9.208568,2.9338934
HAT1,-7.63082,-4.109371
CRYAB,0.9802055,6.644343
EIF2S2,-6.5186305,6.179087
ANXA2,-6.3128614,-3.8047338
PI4KB,-0.07611037,6.3578305
ZNF385D,3.4494746,8.004287
IL6ST,8.639036,-0.24272507
UBL5,8.55982,7.3050504
TYROBP,-6.275067,-6.2048535
AP3D1,-3.2032893,13.647192
GPR4,-4.277755,-3.3189259
STK39,2.4849098,4.224105
DNM2,9.031765,5.2892675
PAN3,-6.8917866,5.647754
CADPS,16.836445,3.6353877
SYK,2.7893288,-5.358757
RNF112,-0.7346176,3.3980334
NFIL3,-0.86337966,-5.263064
EVI5L,11.354255,0.6524748
BSN,4.8988075,-3.512249
NAP1L2,5.423044,2.649252
RNF187,7.4060764,7.933149
GRAMD1B,14.098564,13.579746
ZNF770,2.8072503,-2.966514
ST6GALNAC5,13.275195,6.9072824
DLG1,2.383797,4.1901245
AFF4,-5.339708,6.6068063
GRAMD3,7.760833,0.18150277
DLX1,3.3940353,7.5404377
CYP46A1,14.649063,7.8974547
EXTL1,11.74638,5.3219013
TMEM130,12.969136,-5.40574
TCF25,10.148943,-4.9886208
ITCH,6.7440543,10.842239
RPL35,10.946508,12.497713
RTN3,11.143047,6.1224976
TWF1,8.30944,-0.44958916
CHRNB2,14.466911,0.8177442
GABBR2,12.395593,-4.0584116
PRPF39,-7.880919,5.00639
SBDS,-5.1150713,6.7678823
ATRX,6.3775706,-5.837764
CSDE1,8.183478,13.432524
MFN1,-0.8793069,-0.42441398
PPP2R1A,10.118688,-5.0820327
THRB,13.015798,5.7298822
PRPF4B,2.8865147,14.203496
UQCRC2,5.011998,0.004931202
RPL4,16.080751,12.9791355
PSMA1,-1.9031461,-6.410813
JOSD2,1.2531478,12.735748
GLRB,5.557562,4.0551662
YES1,8.660247,-0.21132958
ADIPOR2,2.392357,-10.228415
A2M,-5.7467685,-4.527712
CLINT1,3.4239633,0.92530143
ZNF547,-9.106532,-5.574372
HSPA13,5.2110066,-2.385618
SLC8A3,-3.8949156,2.1021454
WSCD2,12.781869,-3.4428396
ZNF428,-7.6969023,7.978081
COPB2,-7.6409945,-4.103661
ULK1,16.892647,-2.704525
GRIA2,10.144466,-0.17980252
GNL3,-4.454934,7.8806047
NAA50,3.363952,0.8907293
FNTA,13.051461,11.856676
DNAJB6,6.3918624,1.8273835
ZC3H7B,11.471881,0.75252694
ILF2,-1.9906322,-5.9324613
CDK14,17.325539,2.9662375
VSNL1,6.3667226,-6.991192
PSMB7,7.6531234,7.968951
LMTK2,10.080877,5.6830115
SPAG9,3.297274,9.504056
SPOCK3,6.467701,10.573728
KLHL15,-6.6007266,5.8072834
MBP,6.698724,9.081779
GGT7,13.8284235,-3.9085667
AP5M1,4.849407,-2.2810504
ATP5A1,4.9523377,-0.027272262
PCDHGB7,-1.4379021,9.988385
GOT1,-2.7286282,4.609823
CD22,6.5853863,7.0085382
CLIC4,-7.0038815,-3.8371246
MEGF8,11.43889,-0.9598865
ATP5I,16.825613,10.906978
SIRT2,6.6675873,3.3694391
MYO6,15.937206,5.7929487
KCNB1,12.333336,-4.08643
C1QA,-6.5661755,-6.398752
HIF3A,5.716104,14.35175
CRYL1,-0.25375825,7.1135044
HDAC5,11.420704,0.70341575
MT3,4.313236,10.564439
STON2,7.7629805,0.18068048
SIPA1L1,10.957251,3.550039
ZER1,8.821595,-8.5365715
PCNX3,-6.277454,2.2990236
OLFML2A,-9.468594,1.6271708
COBL,2.0806928,3.9560058
PLIN3,4.732746,12.409524
R3HDM1,-4.630691,9.437106
CPTP,-0.10832765,4.0425687
HEPACAM,7.7711887,0.17695488
GUCY1B3,1.9811444,-1.9428442
POGZ,-0.5043898,17.25251
LYSMD3,7.555757,-5.646045
EYA2,12.199328,3.67747
OPRD1,14.799639,7.394163
PIK3CB,1.803852,-2.6578317
ATP6V1E1,11.898086,-5.2043176
FCGRT,1.9095911,14.579054
RBM42,0.479347,2.4383893
MCC,0.25703457,-5.8552446
ZHX3,3.521717,11.645192
MAL,8.167887,4.295861
JUNB,-5.6440644,-8.532701
FGFR2,2.8220687,2.3320608
GTF3C5,1.0874196,11.718113
UNG,-0.75388676,14.496436
KIF13B,8.169736,4.8166947
UBQLN1,8.191366,2.1413062
SLC22A17,13.458643,-5.6528325
METTL26,2.4107938,15.104381
CYHR1,11.159215,17.199236
HPRT1,6.37141,-7.0155272
RPL23,-3.7666347,11.629329
NDUFA1,8.601648,7.675452
CCT5,-2.6349466,5.935782
NUDT21,3.8541076,1.1721228
TCEA2,2.4175098,15.106529
RPRD1A,0.72018963,-3.8240397
BAG4,5.457632,2.647167
GPR37L1,13.857606,10.369906
MAN1B1,10.697089,15.164125
CLDN5,-4.3403354,-9.564637
ALDOA,10.341149,-4.594475
EFNB3,13.908198,7.3514323
ZNHIT1,10.811164,12.676328
TMEM94,3.5175662,11.648968
UQCRH,4.5041056,-0.4242563
NFAT5,2.8340833,-2.9802947
DLG2,-3.2851274,3.6519573
PBX1,6.7983403,12.881445
TAB1,-2.62491,-8.149522
CACNA1I,15.756867,-7.655087
HECW1,9.525319,11.662369
PDE1B,14.371784,7.735504
SLC12A4,1.0175836,8.684543
SH3GL3,2.4426577,4.135847
VCP,-1.9904608,-5.8629994
MB,1.7283351,-9.18248
TRABD,-0.2830756,5.9492345
BTBD10,11.150469,6.1369033
NLGN3,15.975431,-1.0341972
AP1G2,1.2645469,5.472836
TRIM46,-0.7325101,3.401067
CACNB4,9.917726,7.140914
CYBA,-6.9287286,-5.618174
DYNLRB1,7.523306,7.909293
GLT1D1,14.117929,0.79488
NAT9,11.332252,16.792685
PAIP2B,6.76822,-1.211911
KLHDC3,7.384283,7.961747
NDUFB1,8.529491,7.7830076
RDX,4.0767856,2.5605013
RHOA,4.6604424,12.890348
EDC4,10.186717,-10.181477
MED13,6.2736564,0.5812111
SERPINA3,-3.0758142,-0.22259729
NRG1,3.7062602,3.1326425
PXK,7.1958637,3.2365365
PANK3,4.767644,-7.4731336
SMIM13,0.508713,-3.4128344
HTRA1,14.672926,10.410124
MFSD8,6.442909,-9.61396
SGSH,-3.3334658,6.6644645
BSCL2,11.82259,-7.510559
RABAC1,8.054554,6.6917214
TTLL7,1.4274036,-6.389426
LIPA,4.7908516,9.039502
PTPRB,-9.420729,0.76638526
MAU2,-0.33873215,17.114601
SATB2,12.924931,5.889615
SYNGR2,9.03675,5.315265
GPR158,5.7394257,4.540058
IPO13,6.6487207,3.3447306
FBXW4,7.1598434,14.717246
ABCC10,-0.3731066,3.7280097
MDH2,10.393437,-4.5756054
CARF,7.1020765,10.466179
DAGLA,15.455076,1.3525763
LYPLAL1,9.887566,-3.1578913
ELK4,3.125557,14.015275
PTP4A2,7.5913725,14.159322
YWHAG,16.95022,7.2708406
FAM3A,1.280712,12.711138
LRFN4,-0.2523649,3.9133892
MTMR6,5.5566053,-0.7398627
ERBB4,-0.9780574,12.579761
ERMARD,16.384998,6.145284
MICAL2,13.881672,0.6950526
PPIP5K2,-7.109033,8.832933
SNX6,6.3861303,9.979436
FBXO11,2.6272643,-2.8882399
TMF1,7.62889,-5.566237
RELA,-4.120252,-0.5098277
UCHL1,12.060838,-5.2273054
FAM169A,2.725749,-2.928147
AIFM3,-0.7778823,12.17491
PI4KA,14.019304,1.7014512
TRIM37,9.860268,7.055779
BRSK2,14.542567,-3.4326108
BRD4,5.6155095,16.384575
SLC25A3,4.973166,-0.0037110588
DHX15,2.8575096,14.226036
KATNB1,15.157091,-3.4651232
PCSK1N,13.616905,-8.238875
PTPRD,6.1322384,11.23485
MRPL2,9.892209,-5.3351564
KIAA1147,3.3002677,9.53752
PFN2,4.8201933,1.3650306
PRKAR1A,4.041142,1.176261
LIFR,-1.3831007,5.3291793
SPRN,17.713373,0.9416673
RCOR3,6.370283,-9.514797
ATP5H,8.478802,8.041806
SVIL,-9.6684265,1.6036862
PREPL,5.4351463,2.3216636
ELOVL2,-1.3453004,10.12875
WHRN,6.43619,7.320268
SEC11A,4.690067,12.912428
SAP30BP,1.3228223,5.686219
PEX14,13.510117,-5.6896157
ITPKB,-2.7407632,0.22534087
LTK,19.4169,4.6207585
EPB41L3,0.7943567,-2.731581
VGF,2.893581,8.26873
CCT4,-2.610344,5.9120655
PLEKHB1,7.3138614,14.666634
ATP10A,-4.2928724,-9.613145
ZC3H15,8.198282,2.199068
PITHD1,4.339274,-0.36270696
CHL1,10.157865,-0.19049424
PNOC,3.106632,8.117494
ZNF579,3.6886854,-8.043635
ACTA1,1.7209239,-9.192804
CAPN3,6.901631,5.6917114
CREG2,12.501211,5.5300364
FBXW5,10.443915,-1.9799137
SPSB3,10.879171,15.407796
RFK,6.500506,-7.1596665
PDPK1,10.151443,7.372383
HNRNPF,-4.119753,-0.510596
RIMS2,14.667805,0.31491053
RBM25,3.6872237,-7.945306
C1R,-3.599774,-0.86899257
GSK3B,5.672674,-4.38993
SNCA,17.378006,3.4464123
UFL1,1.2547604,10.168734
SPIRE1,2.8315506,-2.9790003
ELL2,-0.83085847,-5.2750144
TMEM47,-1.4260843,11.417852
SACM1L,-0.0769787,-1.1643193
FRRS1L,4.2878757,-9.965322
SOX21,11.038355,7.3152905
CELSR3,15.647304,-7.5530896
TCF12,4.083563,2.5134509
LIMS2,-5.250811,-5.045886
CDC14A,-1.0271219,14.3447275
RHOBTB2,14.695998,7.4058824
MBNL2,8.027293,-6.7384076
TBL3,10.537096,14.966946
MMRN2,-7.0399127,-2.665268
UFM1,8.333738,13.291582
PFN1,0.20926434,1.094134
NEURL1,5.5306334,-3.4647243
TUBB6,-6.300961,-3.7699053
YARS,9.736333,-4.144781
ANKZF1,0.18059105,6.098851
ARHGEF9,10.337209,4.9890957
HSD11B1L,19.269575,8.01933
KLK6,7.0909314,3.8551345
RNF11,2.049685,-1.5496863
PDE5A,11.53126,10.846781
ALDH9A1,-0.24053973,9.5950985
MIB1,6.436079,-5.90896
BCAM,2.3114536,14.814042
NOLC1,8.170561,2.166961
CAMK2B,7.055707,0.13373213
GGA1,1.3067043,12.694538
PRCP,-0.53384507,14.574113
ATAD1,-1.1779976,-3.7484014
SYNPO,9.36958,3.2385468
HMG20B,0.69791347,0.4609612
NEPRO,-3.221451,-7.433048
DGKZ,19.156727,7.676192
PPP1R3E,-10.714167,7.3575096
MBNL1,7.5709662,-5.623746
ADORA2B,12.001727,2.5234032
CDK5R1,4.297313,-9.978872
PLTP,0.9539826,8.751755
MOBP,6.66901,9.064111
TMEM30A,3.761446,1.0310935
NAP1L1,8.170925,13.454469
LEPROT,9.876965,-3.1709812
PGLS,10.7971945,12.697432
CTSO,9.840264,-3.2028077
PPP1R15A,-4.917952,-1.7902775
ACBD5,3.5730524,6.707688
SLC9A3R1,12.067157,2.3904512
CMTM5,8.807932,4.417427
ZNF768,-0.7797488,4.77154
PPP2R5E,5.534152,-4.513605
COX8A,8.521553,6.3551917
ASPSCR1,11.082055,15.637902
ADTRP,3.8320282,2.925624
BRD7,8.240851,14.304301
PHIP,1.424428,10.496197
NEIL1,11.568486,16.425262
COL4A1,-5.7914495,-2.4095898
SCOC,4.1616793,1.0741211
SH3GL2,6.2005644,5.5257363
SELENOT,-0.98080313,-3.756615
RTF1,1.0141532,6.6640472
PACS2,11.343864,0.64491457
SERPINH1,-4.4675674,-2.214933
TMEM25,12.980519,-3.9052553
WDR47,9.788155,6.925488
HMGCL,-0.24859355,7.2478814
DHTKD1,-0.35417816,9.080412
PPP6C,4.2069535,-12.377544
NLGN4X,4.6546817,4.258483
ETV6,-1.6724644,-4.4101706
RBPMS,1.9048963,-8.230923
PHYHIP,13.146628,-5.196942
CNN1,2.0582154,-8.708083
GGA3,8.844147,-8.645566
IKZF5,1.0982867,-6.658595
RECQL5,-8.755049,6.657041
STK25,0.8210082,15.114864
DSP,-9.476019,1.2563286
SYT13,10.203744,4.9121614
LAMC1,1.6087755,-8.212874
MCMBP,-7.5933514,-4.113596
BTF3L4,13.96347,3.743044
ANAPC5,3.644122,8.799661
CACNB1,14.397689,2.1004627
PAN2,0.70028377,5.483913
CLSTN1,11.921672,-7.0190525
CDK18,6.4831862,7.185873
CACNG4,16.3328,-0.96939045
PCED1A,1.2979172,12.704894
STK11,11.04764,-1.6942414
MAP2K2,2.481629,15.171346
EPN1,2.7334871,15.514291
PTCH2,11.649303,16.373299
ARHGEF1,5.6621413,5.8747597
GTF3C1,-6.363077,2.674745
CD93,-5.836042,-2.5634117
FAM222A,0.5949078,7.4735336
SNTA1,14.594015,10.239717
GPC6,-9.237504,2.333915
FEM1C,-6.5911493,5.8070316
CHSY1,-5.675146,-2.9366794
DYNLT3,17.781387,3.6249058
SLC9A5,15.932867,-4.731084
KCNH1,18.25044,6.4298635
CCT8,-4.438683,7.857554
TMEFF2,3.6490586,8.802997
ZBTB11,5.7522726,-2.143445
PGAM5,14.323604,-3.9355292
CMTM6,0.1427942,8.097952
HLTF,-3.0557568,7.826942
RNF141,6.232489,10.002121
MAP3K2,3.0506046,14.05575
EPAS1,-5.6536093,-4.619134
TMEM160,13.650331,-8.196906
SYT4,6.2633443,5.667321
SYT16,10.307799,-0.33913597
ACADSB,-3.0697007,7.8557725
RPS27A,14.855331,6.4771814
SMARCAD1,3.930786,-7.4926715
SPON1,14.374239,9.804481
KCNF1,-2.5168357,9.41432
KIF3A,-0.12647903,-1.2914172
BICDL1,3.959253,15.353527
SLC45A3,6.8123245,5.6616654
PPP1R9B,10.300783,9.829901
GLI4,-8.65992,6.7432947
NOTCH3,-9.448121,1.6589679
OAS2,19.557602,-1.7421242
TPGS1,13.596483,-8.251903
VWC2,3.4669652,7.9920063
HDAC7,0.3709615,2.0262556
FAM168B,0.6362159,-4.217574
PML,-2.172122,-4.0771065
STRAP,8.220049,2.1069562
SVOP,14.4355955,0.79734486
COL14A1,11.531019,10.845005
LRFN5,12.327628,-4.0840225
HERC4,2.060433,-5.81114
ANO6,-0.711878,0.97916895
FAM49B,1.0881402,-2.580515
HGS,10.182426,-10.1748905
NDRG3,10.339204,6.0808506
ZFYVE9,10.489795,6.659332
OPLAH,4.7491145,10.322204
NPM2,9.206319,2.9181972
RALY,-2.3221188,11.0585785
PIKFYVE,6.3639855,-5.880297
B4GALT6,2.0417576,-1.6443936
LZTS3,6.955022,-0.12817536
PPP1CB,3.5007994,0.9699002
COBLL1,-9.423447,0.75301933
ITFG1,5.131419,1.9153763
DYNC2LI1,9.409905,-7.5761466
HSPB1,-4.464453,-2.2159047
RPL17,-3.7405946,11.657759
RPL7A,-3.6866887,11.710781
LPAR5,2.9053123,-5.236049
TRIM41,6.720178,-1.2460743
CD164,3.508333,13.723298
NR4A1,-5.6541467,-8.543802
ELAVL2,5.5895753,4.1935935
KCTD16,13.150808,5.5068235
SCRN2,15.653041,-5.6128135
HSPE1,-2.486809,-8.993188
P4HB,6.689662,-8.030918
CHRD,15.964844,-4.8857913
RAPGEFL1,6.9429703,-0.1577238
ZDHHC2,1.4438225,9.784077
C1QC,-6.68869,-6.4891634
NUDT18,1.2064496,3.172785
GAB1,4.729535,8.92505
RAVER1,16.363983,4.0338907
SCYL2,7.722762,-5.4687076
CLTB,7.7962008,7.779445
ROCK2,1.7827748,-11.663897
CLU,6.6696587,-8.03022
SLF2,3.756107,9.584972
MARCKSL1,8.963835,4.3955355
DNAJC3,-4.577237,6.1267695
MAP2K3,-3.4425075,-3.425374
LAPTM4A,0.17772071,8.064363
HSPA14,5.0914707,-7.868127
RPL37A,11.265333,12.078568
ADCK5,-0.3301319,3.7670207
CYCS,5.2016187,1.8510867
SALL2,4.5352387,17.239843
SAFB2,-0.55278254,4.954302
COMT,4.4035196,10.499324
SESN2,11.805043,-8.009787
ROMO1,8.977033,6.0753474
DCLK3,19.362097,4.6739264
ACSBG1,4.5668807,5.558656
TRAPPC5,13.571404,-8.301005
DNASE1L2,0.88316333,5.504596
PACSIN1,9.277034,3.081398
AMIGO1,14.106646,13.579844
UBE2QL1,13.900535,0.7171294
ZFYVE16,6.967968,10.425773
NSD1,0.23305307,4.5952334
PRRG3,13.264291,7.3732777
S100A11,-6.3283525,-3.8158877
MAP2K4,10.083865,5.715435
AGL,-3.0563576,7.800256
MUTYH,-1.8413086,7.1728067
SKI,-7.8982406,10.67985
TESPA1,13.350002,6.922581
RCE1,11.329551,16.792482
GJB6,14.530147,9.802128
NME3,10.769006,12.866495
RNF41,11.149637,-5.069614
NRSN2,15.20779,-3.4746406
SMPD4,0.686177,6.41774
PSMD8,10.3719225,-4.6149507
ATG5,1.4690073,-3.3322554
RBFOX2,10.105139,6.350227
KRT222,16.838066,3.605912
NUAK1,-2.7018344,4.632762
ZDHHC8,-0.22954443,3.9438767
FBXO45,0.69813824,-3.9161747
HCK,-6.4918566,-5.5178747
CAMK2A,9.412002,3.3188891
CENPB,7.2422295,14.681569
DMTN,9.234612,2.9885902
ABHD8,13.4379425,-6.1720424
PPID,-3.1813858,6.5917745
ZBED4,15.574189,1.3313386
EIF2B5,0.752623,6.0751595
FBXL2,6.36977,5.800352
MCM7,7.124509,14.75021
FN1,-9.709734,1.5700495
AK4,0.23243842,-5.8161974
PNPLA6,11.803868,8.635034
ICAM1,-4.3034253,-2.3805041
KIAA0513,4.761761,-3.5445576
COL4A2,-5.783813,-2.3814394
BCAS2,0.352544,-10.645821
NAA38,8.518371,6.3675632
CACYBP,5.7487617,2.0965967
RPN2,6.6737633,-8.046203
MTM1,1.2385632,9.501708
HOOK1,5.6998887,3.65156
RB1CC1,14.677438,0.3076166
WDR59,-0.32789212,17.105358
ZHX1,1.7334293,9.968459
EEA1,-6.8778205,0.27862775
LAS1L,-10.714112,7.3575606
PITPNM2,14.038832,-6.1743503
CCT3,-3.146115,7.63368
TAC1,3.1154459,8.106018
WFS1,15.045441,9.557332
KIAA0907,9.821093,5.2238054
NAA15,1.4850373,-3.610179
SHC4,7.00774,5.9189553
MAP1A,4.9397817,-3.5299065
GPT2,12.958283,10.616236
DGKB,10.758703,3.6973817
MYH11,2.108537,-8.6417265
ZNF148,7.6864567,-6.4173074
ZNF271P,2.2808428,12.360069
PSEN1,5.028726,9.230298
CACNB3,6.9579296,-0.11761042
PTPRT,9.519465,11.679338
ECE1,0.3568607,1.9738271
DNAJC6,0.7221546,-2.7060573
ABCA11P,9.406469,-7.575547
PRR14L,8.857437,-8.662882
ZBTB44,2.4749324,-12.849838
KLF15,5.7136602,14.361518
SLC6A20,-9.451785,1.0715513
AAAS,-10.082568,-2.1600835
ITPKA,14.696027,7.9314327
EMX2,-0.20796162,9.88013
DPY19L4,1.2584311,10.2245455
THEMIS,3.5205984,3.2959728
CASKIN1,11.337878,-1.137574
CCNT2,3.9013376,-7.631722
RPL5,16.111797,12.952582
TMEM222,10.417233,12.9781275
PDGFRA,16.377739,-0.9574037
NFKBIZ,3.4878042,-1.7861977
IQSEC2,6.961507,-0.1260062
ENOSF1,5.4387746,6.41424
STARD8,-4.7836404,-3.9055932
NEBL,0.24019752,-5.828003
RALGAPB,1.780742,-11.669861
BEX2,13.761609,0.19805762
YWHAZ,4.851763,1.4028738
DAPK1,18.297401,5.37125
ZEB2,7.5282598,14.207383
RICTOR,-7.9341016,4.9486537
ABR,10.77017,10.218269
BTBD11,3.4170115,7.816622
SRC,14.043756,-6.1677327
SEMA4D,7.1622934,3.2687862
CEBPD,-4.099373,-2.919008
CNTN4,5.103092,3.9200373
NEURL4,0.8178481,15.1140785
RNF13,4.764669,9.000211
RREB1,2.3951151,0.65682095
PTCH1,4.5346594,17.240967
ICA1,3.9608936,15.357319
SOX8,9.398592,4.588947
SLC2A4RG,-3.415289,13.818368
IMPACT,9.870294,-3.1745155
RTEL1,11.489727,16.458755
ARHGEF2,0.40750661,7.7438674
SHE,-5.638853,-4.632729
RNPEPL1,-0.29003343,5.9525366
PUS1,11.284392,16.939648
ATP8A1,6.3346105,10.816052
LMNA,0.15542525,1.2043034
EIF1B,5.7385306,2.0805128
SLC48A1,8.077904,4.2443147
MYO1F,-6.3976026,-6.0662665
ULK3,-0.45684108,3.6574574
SOX6,-1.4446638,11.429176
RTKN,2.392253,-10.225943
MAP4K3,4.9656625,-6.726765
SLF1,-4.6324787,9.437987
LDHD,14.87418,10.4881735
CCDC191,16.359642,6.120847
CHRNA2,3.4980338,7.6746507
NPC1,9.595498,5.305692
MFHAS1,-1.4996262,-4.159802
SAP30L,3.4528716,-3.6446803
TNS3,13.835785,10.391668
CLASRP,1.0817599,11.69265
ZNF771,13.716613,-7.978531
CD34,-5.3177614,-4.983917
CLOCK,5.69899,-4.371624
AAGAB,9.526307,-3.9879527
RAB6B,14.001115,1.7131914
CPNE4,12.296735,5.04844
PLXNA4,10.479508,4.2700853
FEM1B,4.9821496,-2.3291163
LPAR1,7.4557405,14.290365
STK40,-3.2926886,-3.5679994
GNAI1,6.2962766,10.868889
COL4A5,5.464098,6.640993
PLEKHG3,5.750827,5.9146204
MYO1E,9.041466,5.32566
SASH1,9.432934,1.1725296
VWF,-6.8559084,-2.9556594
PHB2,2.540013,11.175312
MSI2,11.703762,3.0538082
NEK7,6.345825,9.991874
IPO7,1.4320824,-3.5411139
NDUFS8,2.400524,15.095694
TNK2,10.469427,-1.9599091
COX15,-0.9718288,0.016562227
ZNF540,12.158742,14.952341
CLTC,2.486593,-2.8388681
PEX16,17.045378,11.132982
ITGA5,-6.591337,-3.268999
AP4B1,-10.714807,7.3576765
TARDBP,1.1288364,-6.619758
PIP5K1B,10.075375,7.480328
MAPK9,17.322155,3.011047
RAP1GDS1,2.552959,4.1965203
GJC2,0.51642144,7.5537496
CERS2,9.688985,5.2564864
RPL27A,11.149893,12.200914
SLC8A2,-4.1846156,1.7976581
CBX6,10.421663,9.697432
TBL1X,9.354013,1.097128
FAM84A,10.971734,3.5519276
PLIN5,-2.7669299,13.929893
SLC17A7,13.979033,0.768008
RNH1,-2.3187652,11.053028
ESAM,-7.0360312,-2.6845748
SLC24A2,3.7692933,3.0475228
MVB12B,6.640505,3.339611
DNM3,6.1747794,11.152337
DCLK1,-2.691744,4.6431966
CEMIP,-9.419454,1.0039415
LAIR1,-6.737551,-6.597241
NEK6,-1.8777454,0.84160566
THY1,12.567889,-5.4071913
CHMP2B,8.393627,13.209407
DICER1,13.119802,4.226585
MTA2,-3.7332475,13.586303
KAT2A,0.69502205,5.8126445
FAM69B,15.411822,-5.497207
API5,14.005573,3.7586038
GPBP1L1,-6.199782,6.5447326
ATP1B2,12.031052,2.4581842
TBL1XR1,5.5684953,-0.7519374
HS3ST4,3.5159192,3.302283
TWSG1,3.5449288,13.695108
SEZ6L2,11.935821,-6.7321134
ZNF181,-6.200729,6.58762
RHBDF1,0.32542878,1.8346895
PLCL1,6.486791,10.326071
EMX2OS,-0.18815002,9.911436
POLD1,0.6925297,2.9297264
PPP4R2,6.6432137,1.7226741
ATG3,6.6001287,9.765224
AHNAK,1.886188,14.578827
WASHC4,1.4194233,10.48728
RAD23B,-0.084947355,-1.1614695
HIPK1,-7.877634,10.659758
PRR18,8.357161,4.485101
NADSYN1,6.349157,7.6128044
EDF1,8.445396,6.914473
ANKRD26,-1.2259219,-0.8580313
MYC,-3.6080112,-3.2751591
SMG5,-0.07926859,6.568204
ZFHX4,2.9294329,2.5392613
TUG1,3.9196155,9.687836
GSN,8.035649,4.08543
ANXA7,14.426566,-2.7808523
ZFR2,13.181857,7.4567995
CHD5,14.181806,1.5157806
USMG5,8.483993,8.070438
DLK2,-0.73983544,3.3901298
DENND4C,1.2210635,9.503307
COX7C,8.619955,7.719999
PDIA3,-1.1754175,-5.2010336
PLA2G16,8.162559,4.823563
WDFY3,3.251773,9.568655
SOS2,3.365284,9.479721
CYC1,9.895347,-5.3278885
LMAN2,6.6931543,-8.029889
SH2D5,13.842927,7.339768
GFOD2,12.774255,-3.4082344
TRIL,-0.8396119,11.677102
TMUB1,3.6872962,-8.040585
MTMR7,0.874852,-2.4745686
SLC27A1,-2.6146474,-8.149848
NCOA7,0.7194578,-2.696698
NCAN,15.925326,-1.0401384
SMG9,0.756583,6.1020927
CCSER2,6.767214,12.686995
ETFA,-0.18253092,7.532036
ARPC1B,-6.974981,-5.6147833
WDR13,10.735033,10.185981
MGAT3,5.082258,-3.6153696
TCF3,16.357496,4.038695
RPL24,-3.7772956,11.618483
BRSK1,-1.3361981,-4.050814
HSPA12B,-5.131442,-5.263682
FAM3C,17.780544,3.623979
TMEM161A,11.215621,17.075516
ZBTB38,6.6188955,1.7417065
LANCL1,6.23518,10.998158
NQO1,-0.46406487,14.6081
UQCR11,8.889121,6.6087747
TRIM56,4.2450027,13.157762
REPIN1,-0.7397922,4.79917
TSC22D4,4.6958556,10.319784
DOCK7,11.661747,3.1015837
POLG,11.859739,8.693149
ZNF512B,0.8162411,15.112587
KMT2B,-6.2996817,2.235268
ANKRD49,6.9271493,-10.427675
PSMA2,18.685581,-4.454195
CPNE9,15.746946,-7.644573
ELAVL4,5.5759273,4.142053
TCF4,5.89199,-5.8113003
EGLN1,1.660289,9.936471
TARS,-6.571168,6.176823
PREX1,2.719388,2.2870228
SEC24B,-7.758748,-4.22876
FXR1,-6.3310547,6.1479893
ACSL1,5.7506714,9.348868
ANKRD40,7.8365726,14.038844
SUPT6H,-0.07667851,6.1417527
ZMYM6,6.9294796,-10.431931
KLHL4,7.4259343,2.8671968
ELF1,-6.8771224,-3.7447758
PHF3,4.3273506,2.57143
TRUB1,6.5149775,-7.173404
DUS1L,11.173119,16.287916
NT5DC1,6.9667683,10.414362
CAD,-8.761097,6.6509542
POGK,6.854355,14.977493
CCDC14,9.711125,4.8029604
NEFL,9.519546,11.677347
ACTN1,13.118306,-5.164707
LTN1,5.5694118,-0.75545335
HADHB,0.13227744,7.724899
GABRA2,-1.221774,9.405695
CSE1L,2.5523036,4.1885123
SPOPL,1.1960684,-6.5893693
EVL,13.955688,1.3837935
EIF3B,0.01033153,6.2953634
TRIM11,1.2767905,5.4410224
HSPA6,-4.822491,-1.8973702
MYO10,2.9222603,2.5180242
KDELC2,1.4572647,-8.124135
POU3F4,11.066025,7.362347
RPL18,10.899387,12.564008
TUBE1,-7.871104,5.0183277
SPIRE2,15.67767,-5.0475197
GDA,12.529803,5.5212483
COL6A2,-9.67695,1.6907471
NDUFS5,8.362597,7.868619
TPCN1,3.5197341,11.647999
RUFY2,2.4101627,4.2830496
KCNH2,9.266313,10.002018
RBFOX3,7.063008,0.15382487
PSMG1,8.7982,15.806314
DYNC1I1,3.7346096,3.153621
RAB1B,11.192209,-8.183887
CUL3,2.5670304,-2.8629582
FBRSL1,10.223538,-2.1273828
ARC,-5.7505302,-8.633286
PIP4K2A,5.706452,9.346667
RARRES3,-6.9716473,3.4767418
ARHGEF15,-5.1334305,-5.263445
TSR2,16.887877,10.9653425
EMC10,7.9666395,4.0823145
DMXL1,5.568432,-0.75332606
MAPRE1,4.672477,12.841849
DBN1,-6.164974,-0.5153398
LARP1B,4.891906,-7.65175
CSNK1G2,10.249871,-2.0965981
CRH,2.9731605,8.213004
G6PC3,-0.4480475,7.1047306
TMED10,-1.4547366,0.60445255
PLPPR4,-4.564799,9.334003
MUSTN1,-9.321987,2.2179005
TMOD2,1.780741,9.9609995
PLEKHA1,8.020971,-6.734857
RABL6,2.731307,15.504475
ZNF598,-6.2765546,2.193489
PNP,-4.287872,-2.4087677
SGTA,-2.325967,11.065434
GNG5,0.9907578,1.2711039
VPS13A,-0.5381208,-0.8466139
RBCK1,-1.8363469,7.175679
KCNN1,10.64636,10.099836
HSPA1B,-4.830495,-1.8892881
WDR35,16.121016,5.915655
PDS5A,8.032609,-6.74447
SLC15A2,-1.0509926,11.267829
PSPN,8.787476,-8.577891
MX1,19.737495,-1.5386146
MAP4K5,13.122694,4.2231207
LRRC29,1.2148913,3.1703007
B3GALT2,3.7974324,2.985941
HCLS1,-6.7441845,-6.4857783
GHITM,5.0750256,0.061942577
CNPPD1,0.8650468,0.23200865
ZNF385A,-0.75493294,12.180894
GLIS1,15.7644415,-7.666911
MYL12B,-1.8715872,-6.4951863
WLS,0.9027491,8.800255
RBM3,-2.8150744,7.460738
SMARCA2,6.851385,12.983187
ACBD3,3.358452,0.8770714
ABI1,1.2963178,9.322653
KDELR1,0.39096817,2.1978204
HS2ST1,-1.2433728,9.391519
TTC7A,6.352826,7.598417
KCNQ4,6.9468937,-0.15141435
TAGLN3,13.84271,0.37397605
DONSON,15.767759,-1.1549155
SGK3,12.778505,-10.01938
PRKRA,4.782085,-7.5361805
PRTFDC1,16.083416,5.8889112
PWWP2A,-7.586518,5.302854
MFSD3,11.301915,-1.2334454
SCG5,6.296815,5.678508
NIPAL3,2.1801126,4.034539
PPP1R9A,0.49963805,-3.3640547
SLC27A3,-3.6700778,13.625416
RSPO2,13.284854,5.9264717
HRH2,13.452082,7.049287
DTX3L,-2.2298882,-4.347316
SLAIN1,5.7006917,9.354305
MAP7D1,19.288221,1.50862
RAB1A,5.1944294,1.8454329
BOK,6.9658537,3.5594466
HMGCS1,-0.9114493,-3.1552992
ETV5,1.6896217,17.092186
MIDN,-3.5293794,-2.8918586
TNFRSF1B,-5.9863973,-2.8381665
NBR1,8.599453,0.4102397
GCN1,-0.06829861,6.5586004
RPL3,-3.7022524,11.696346
EFHD2,3.4362528,3.3658674
ZNF226,5.4329433,6.4043465
PPM1A,0.53585035,-3.4374855
DDX17,12.19794,11.092611
CNOT3,-0.22893244,5.250846
GSS,-5.972011,5.99043
EPHA4,4.3100076,-10.068192
KCTD17,19.181427,7.6842074
RIOK3,-5.0855637,6.8006644
HIC2,15.782059,-7.684442
PIN1,13.6362705,1.3469675
TRANK1,-4.045115,4.622226
GOLIM4,-1.3394301,11.37061
USF2,13.752819,-7.9031854
NUCB1,-2.2791665,-3.9397418
TRIQK,0.9892401,-3.4509957
BCL9L,10.975675,-1.7756381
TGFB1I1,2.213589,-8.19373
LAMTOR4,8.398676,6.685803
SPG7,11.103811,15.840474
RNF181,-1.8028992,-5.7428613
DCXR,4.3603816,10.589313
STK36,11.652547,16.364807
KCNA2,14.0988,13.5805855
ARHGEF4,10.735116,10.183075
CDK5R2,11.5960245,-6.5034785
UBE2M,7.877991,-2.7777665
CIZ1,11.832013,8.665144
ADCYAP1R1,13.787471,10.436093
OAS3,19.608656,-1.681931
YWHAH,6.0373993,5.1178713
SLC11A1,-6.223021,-5.3395576
F3,-1.7839192,0.88456964
GNG3,11.578767,-6.5008183
N4BP2L2,-3.2214618,-7.439407
CYB561D1,-5.1458573,4.2303843
TMEM178B,10.402782,4.1812925
SNU13,4.452276,-0.50669885
GABBR1,15.905514,-1.052461
ICAM2,-6.9511747,-2.7624204
TMEM134,7.92505,4.0209193
PDE2A,13.677092,7.2399826
CALB2,3.4909697,7.7021804
HMGB2,-6.1920433,-2.8269553
NOL8,1.6305094,-6.222438
CHRDL1,-1.2029098,9.419102
ADCY1,-3.321162,3.7764385
EMC2,13.053942,11.856699
ZDHHC20,1.4013724,-6.417067
URGCP,15.095592,-3.073584
BBOX1,12.9599285,10.615809
ITPRIP,-5.696459,-2.958808
SHANK2,10.280215,4.846879
KRT17,3.4456654,3.3589113
CCDC9,-2.2859879,-3.9231458
MARCH8,8.296265,14.354821
CHDH,12.925598,10.633086
KIAA1324L,2.281581,4.1167564
CHERP,-3.2052512,13.654041
DYNC1H1,19.232727,1.9008247
ZNF24,3.4034169,9.497852
NOL3,6.358799,7.5849643
B4GALNT1,12.859743,-3.8220327
MAN1A2,-7.1543636,8.877683
ATP11C,-0.43252835,10.409586
GABRA5,12.112069,5.1066284
ANAPC11,8.891318,6.282958
GSK3A,7.3440394,7.9203334
CLVS2,10.086208,7.327847
MTR,9.412282,-7.5823116
ISLR,18.183868,0.24766858
URM1,10.634218,12.832125
KIAA1644,-5.638333,10.755414
TNFRSF25,1.2674752,5.435474
PHF20L1,3.9512672,-7.5047426
VASP,-6.5948863,-3.330814
NRXN2,9.221993,10.0481825
ADGRA1,14.694411,7.4022927
BAZ2B,3.9050703,9.657541
H2AFZ,5.73968,2.063132
HMGB1,8.401346,13.200941
GRIA3,12.872611,5.90165
CCNT1,-2.8072288,-5.1766376
PRRC2A,-1.697611,16.587318
MICU3,5.480152,2.6739678
FYTTD1,3.4011755,0.91448027
YTHDF1,-1.6443127,-4.2237477
BTF3,18.681408,-4.4526534
H2AFV,3.5477345,6.4218817
MAOB,-6.9677386,3.4753127
CHST1,14.744846,7.9797654
LHX2,-0.021907168,10.212794
TRAPPC8,3.928997,-7.4820633
ZNF451,13.122506,4.2230563
COPE,4.3564453,10.612173
IFI16,-3.6583483,-1.4194002
OFD1,7.0461187,5.974927
ABCG4,12.640977,-3.200852
DEDD2,-3.096775,7.3314457
ZMAT2,4.4650245,-0.5120313
NKIRAS1,11.159607,6.1270366
ADRM1,0.5075713,2.4956858
JAZF1,0.9045918,-2.9101262
TRIM52,2.0615206,-5.8107953
PART1,11.987201,5.2354393
CASQ2,11.526301,10.838229
CNIH3,3.7366612,3.0697422
CALM3,11.573577,-6.501612
DDX60,19.446365,-1.8784764
RPS15A,-3.769089,11.614746
APLNR,-6.9590845,3.468394
NICN1,15.253441,0.9167957
DCTN2,10.205052,-4.406224
RSBN1,7.5748334,-5.6234436
PRPF8,-6.3936577,2.798578
RMND5A,3.432269,-3.6369603
CLEC3B,-5.1693788,-5.1259036
MORF4L1,2.0487418,-1.4414024
IFIH1,19.537027,-1.7664042
ZBED8,1.9773741,-5.897198
CLEC14A,-5.466466,-4.8311563
CDC14B,12.777298,-10.016975
SDCBP,-4.531769,6.1174016
CD44,-3.0991826,-0.24271993
LLGL1,2.7113972,2.2798264
CARD10,-5.1470237,-5.2439365
TMEM179,17.717611,0.9402407
GLB1L3,-4.0459275,4.587675
NACA,16.12228,12.944745
RPL21,14.845456,6.4879684
MARCH7,-6.907123,0.3071742
RFX2,12.202333,3.679927
FPR1,-6.2299514,-5.349465
TTBK1,5.094652,-3.62355
GPR61,14.475662,0.8007632
KTN1,8.182614,14.234629
MAD2L2,0.8504354,0.23989551
PLD3,11.949696,-6.7307224
RYBP,6.7683854,10.904581
ZNF385B,17.325592,2.932173
INTS14,3.714103,14.460721
FSTL1,-3.8150704,-1.1827683
DVL2,-0.23328747,5.981908
MAPK8,10.034484,6.2544484
ATP5E,8.629445,7.7178946
NECTIN2,-0.020252533,1.2303605
EXOC1,-0.8489039,-0.34871992
OPA1,14.015067,3.6725056
RGS11,-8.654953,6.753153
WIPF1,6.4212284,9.538514
ITPR2,0.26057443,-5.859808
SLIT1,12.098423,5.0947604
SNRPA1,-4.468439,7.8972383
HOOK2,-0.32498872,5.164973
PKNOX2,-3.385641,3.9790385
BRMS1L,2.0500104,-1.4655724
TMEM258,16.808548,10.887174
LRRC7,9.749175,4.815261
MPND,-1.3493851,-4.05927
NDUFB8,7.8834205,-2.7789528
FZD3,-0.27551156,-2.1023922
MVP,-2.8305457,0.087607786
UPF2,3.439711,-3.6415005
ZNF800,-2.8110845,-5.177675
DDX60L,19.489763,-1.824583
GABARAPL1,4.364589,-0.39529532
ORMDL1,6.8786845,-10.3555565
EDIL3,4.751101,8.979405
NAT6,-6.013669,6.033745
ASTN1,4.631412,4.276331
CDH22,12.612002,-3.1438534
PCMTD1,1.4687216,10.476559
ELMOD3,0.69692385,5.53107
PAK3,12.552372,5.595314
GNG12,0.40874603,8.780047
GABRD,12.628087,-3.175014
OTUB1,10.612198,-4.7841973
LMAN2L,-4.5183773,-2.153323
PHTF1,-4.6132174,9.432647
TUFM,4.2471905,10.570685
NDUFA7,8.542867,6.277165
KDM2A,0.26591602,4.5602417
ABLIM2,-3.3899212,3.9970038
EIF3I,-2.2969701,-3.896854
STX1A,14.080864,1.4355696
RGS14,14.7087555,7.945184
SEPT2,8.75456,0.47517875
ZNF302,-6.199506,6.5864205
GPC5,-0.8988684,11.29704
PARG,5.351287,-4.6391277
PXN,-4.582699,-3.6203651
ABI2,6.803886,12.865565
RPL15,16.065546,12.995035
CDH5,-6.980578,-2.735688
CDC73,3.2304368,6.4005256
POLR2L,8.9900875,6.0410833
SEC61A1,-4.037906,-0.5871351
PPFIA3,0.84523517,15.135726
DDIT3,-2.4866996,-8.994252
FAXC,10.292513,5.4478984
AGFG1,4.775415,-7.5318704
CLEC2L,14.800808,-3.3687901
UHRF1BP1L,17.941288,-0.5702276
BCL2L2,0.64952916,-4.1502056
RAB11A,3.9756243,1.2009934
RGS2,-4.9281936,-1.7761459
SUV39H1,10.394995,12.999149
SPATA2L,2.8869116,8.282714
ANKRD36C,-0.73458755,-0.4909139
SUGT1,-3.3288844,6.6361527
RSAD2,19.69376,-1.585327
ELOF1,3.7701128,-8.301554
CDC42BPA,2.4750538,-12.848285
FAM163B,12.144176,5.037033
ANP32B,7.1710835,14.70155
RAB22A,6.7724814,12.732312
DCTN6,8.403935,13.196116
PSMA5,-1.8756025,-6.48594
ADGRA3,-1.1796659,11.301158
LRRC8A,15.006028,9.570869
BMPR1A,-4.5479116,6.09869
MAFF,-4.10986,-2.5314665
APH1B,14.770793,10.52697
LAMA5,-4.597072,-3.6278286
NAP1L3,5.4963565,3.0990043
RAB14,14.058851,3.788874
CKM,1.718349,-9.1956835
PSMD1,9.529227,-4.003897
SPRYD3,-7.8020663,1.0567588
NDUFS7,1.2762837,12.712739
NUDT16L1,11.160563,17.200932
ZNF518A,16.191885,5.976452
ITIH5,-9.323241,2.2292116
CREBL2,1.78151,9.956658
NACC2,9.349653,1.0917442
FOSB,-4.932709,-1.77168
HSP90AA1,6.1637626,1.9099257
ZNF444,13.748273,-7.916092
ABTB1,-2.3079093,15.402167
GABRG1,-0.27942392,9.798592
SRSF11,3.5777307,-7.881186
PPIB,-1.1757674,-5.2003565
DTNA,-2.26522,0.5615664
ACTL6A,4.2386975,13.164349
PNCK,14.531574,7.7933316
GAL3ST3,11.282044,-1.2628969
RASAL1,0.81640273,7.8299284
MRC2,-9.772799,1.8355628
CAMKK1,13.154016,-5.2113304
MAPT,15.251685,0.92311496
TSPAN5,19.340757,1.1446878
DTX3,14.142532,-6.0188403
SSTR3,12.161287,4.986015
ATP6V1D,11.159461,6.137996
SEPHS2,-4.446402,7.8775725
MBLAC2,-0.65396714,-2.16234
TCEANC2,6.665665,-1.1990552
SEMA6C,15.617571,-7.5265117
TIGD5,0.107168704,4.6713233
P4HTM,13.5413265,-5.6784444
LGALS3,-0.23706226,1.187496
ADAMTSL3,18.179234,0.2550092
NT5E,-0.9861259,11.31756
FLRT2,13.286965,6.9177837
SELPLG,2.9568338,-5.18668
ATP5C1,8.798283,15.806185
CSNK2B,2.548007,11.16581
CIT,13.50225,5.849885
GNG11,-5.844224,-4.388812
DYNC1LI1,1.5746455,5.650544
DDB1,-6.1652117,2.4283662
LIMK1,-1.2948548,-4.009949
BABAM1,7.4395337,7.920193
PDE3A,1.603477,-8.252597
KPNA5,4.9429736,-6.693672
PAFAH1B1,1.5738698,5.6382723
UNC5A,13.877091,-5.746854
TEAD3,-3.8222072,-1.2041419
IL13RA1,-6.7257357,-3.6599889
CALCOCO2,1.0256244,1.2216029
CREB3L2,-7.0127873,-3.8439126
BRF1,-4.529837,6.1227856
SEC23IP,6.381585,-9.506636
LAT2,-6.7579165,-6.6041317
TMEM63A,5.733563,5.9195275
ATF6,-2.201649,1.5298874
DIRAS1,4.487196,-3.6278849
SEMA6B,11.3974695,-1.0225334
GOT2,4.3402214,-0.35823694
SLC24A4,18.298904,5.367722
NR2E1,-0.04890495,10.161792
SMIM10L2B,9.205767,2.9175937
SNRPA,0.6632013,2.940826
TMX3,4.1608,-7.498166
HIF1AN,-5.187549,4.2674394
MAPRE3,13.869181,-4.150123
TXLNGY,3.8988943,18.346325
NUDT9,-3.2280405,6.6135273
KIF13A,8.257833,14.31745
SLC6A13,-9.78949,1.8901571
STOM,-0.57342654,1.0677235
IDH3G,10.045369,-5.127763
KDM5C,5.5964665,16.361383
PSD3,10.161237,7.2951183
FGFRL1,12.04028,2.4342635
TMEM123,4.0951796,13.280467
NDUFA8,9.12355,2.819645
HSF4,-0.52021706,6.0390167
PPP4C,0.49536353,2.4690301
ARL5B,3.4666834,-1.8063647
WNT10B,13.180125,8.067491
RHBDD2,11.917765,-6.7254224
PAPD5,6.432947,1.8130451
EIF4G2,14.3482275,4.1081457
FOXG1,-0.021805214,10.213833
TGFBR3,0.14040744,8.047024
KMT5B,-6.911551,5.6328807
STMN2,3.7247224,3.1384637
S1PR1,12.043311,2.975603
WDR24,11.364923,-1.5416588
TOGARAM1,0.5063398,-3.3772614
KIAA0895,-0.08519605,-1.2719078
DENND4B,11.471173,0.7504956
COL4A3BP,1.2804468,-3.3644044
ITM2B,-0.97209835,-3.7559552
ZNF133,9.685025,4.823888
CDIPT,14.31698,-5.952321
KLF12,5.854802,-5.783155
TINAGL1,-7.044589,-2.6762023
URI1,8.076356,13.67294
GYG1,-0.472023,14.607682
CCAR2,11.771944,-7.7645454
PEX5L,7.4538593,2.823001
PHRF1,-6.22657,2.096233
ARID5A,-4.056626,-2.655723
PCDH7,2.0644636,-1.7538611
SLC29A4,-0.7608373,12.18911
OCA2,12.330385,5.030933
ELK3,0.15250452,8.093223
AKT2,-8.746954,6.6580405
SLC45A1,14.831044,-3.3791995
SERPINB1,-3.8072257,-1.2568879
NACC1,0.6563455,15.392949
RMDN1,16.097118,5.898329
MARK1,-0.48367643,-0.9172913
PRKAR1B,12.59508,-5.3912234
NDUFS4,4.5417323,-0.3958782
LEMD2,0.090286165,6.0806417
GRINA,11.256171,-8.140294
NTSR2,4.5681825,5.5519586
ZNF804A,10.284622,4.8381
PAK6,5.5081363,-3.465763
SCML1,-1.9440559,1.2658077
ADGRG1,11.995345,2.529389
ARIH1,5.8190207,-2.1140435
TRIM33,6.3245587,-9.445806
BRMS1,1.3366257,5.682268
SCN1B,8.015169,-1.6043032
SST,3.0447671,8.137065
GFAP,-6.9726915,3.4800706
PTPN3,9.542131,11.64015
RUFY3,0.70137924,-2.7094371
EFNA3,14.3558445,7.723284
DPH6,9.865956,-3.183365
BHLHB9,16.950695,7.270964
HAUS5,0.7033375,5.4854884
FAM208A,3.9304075,-7.4697175
ZNF596,5.074627,6.5282483
TOX4,9.586681,-4.0511036
KIAA1211L,13.445472,5.86577
SLC9A7,4.8523245,4.095881
PLCL2,10.3524885,6.464487
PTK2,5.324776,6.586616
ZFYVE27,13.823134,-3.9155602
RNF111,5.421778,-4.5896196
INPP5F,5.7808,4.605659
IDH2,14.871585,10.487704
WDR83OS,7.998068,6.7313523
PCDHGC5,18.254547,6.4290705
ACY1,4.887442,-11.01434
ZNF391,11.030093,3.5238817
TEAD1,9.448426,1.1855714
ATP2B2,14.0950985,13.578741
ITPK1,2.0713472,3.9535706
ST8SIA5,-3.9352157,2.058348
SEC13,0.8707378,0.19391076
ZBTB41,16.631023,8.939734
GLUD1,-0.27164784,9.686225
FNDC10,19.22239,8.026954
UBE3C,1.7796195,-11.670586
IDI1,-0.9182716,-3.1450016
SERF2,-1.3930387,8.13575
CCDC24,15.060966,-5.4395638
SPRED2,1.6893804,17.092745
EDNRB,-1.0123317,11.292123
ORC5,-4.2493305,4.3037653
KIAA1161,-1.1351115,11.052711
DYNC1LI2,7.831562,14.020793
PUF60,10.512248,14.933287
ZBTB1,-6.2111735,6.270391
PPP6R1,10.159038,-2.0903065
SEMA3G,-5.179077,-5.116258
SRRT,-6.254475,2.1127107
CTXN1,13.174466,8.065797
AHDC1,-3.1900003,13.617333
SEH1L,17.76973,3.6127133
HAUS6,2.8021486,14.265913
APOLD1,3.3832417,-1.9106077
HTT,5.8696136,-3.4326646
IFI44,19.546076,-1.7566456
WWTR1,-0.72474957,0.96312636
SAMD9L,19.445011,-1.8806099
SMNDC1,-5.1850543,6.711483
SART1,-1.4795184,8.207019
ADH5,0.40521905,8.80257
INA,10.113187,5.100992
HSPD1,-2.4866068,-8.995299
HMOX2,11.850733,-5.1776843
EIF4A3,-2.117122,-5.1810913
ZFHX3,-2.0146518,0.07603545
EIF3H,16.12772,12.940626
TCEAL5,13.760608,0.1929014
MKKS,10.336738,6.4425864
EPHX2,4.887456,-11.012781
CA10,4.8986726,4.0618296
CUL2,1.8259753,-2.6592815
SRM,7.8690457,-2.77585
STAT4,13.314627,5.915617
FLII,0.7078095,2.944129
INTS11,0.0296927,5.395641
TGFB1,-6.932963,-5.6131935
GFPT1,6.5254545,-7.1919537
LRMP,-6.336275,10.920995
ZDHHC21,5.0615587,-6.718915
LMF2,11.126931,16.27341
ARHGEF3,10.492489,3.4857538
AMPH,10.503845,5.6420875
ATP5L,8.4840765,8.064142
SHANK3,10.2602825,9.845187
BTRC,-4.2602935,4.317113
PAX6,14.458013,9.426426
HACL1,8.797952,15.806834
TBC1D23,7.7696714,-5.417806
NR4A3,-4.9420147,-1.761494
FBLL1,13.749583,1.3662866
PIP4K2B,10.656828,4.8929973
PPP3CA,5.4999757,3.3927014
CDK9,15.66113,-5.6295495
ARF4,-2.2034843,1.520145
NEDD1,4.103471,13.278416
ADGRL3,4.627614,4.2803254
ABHD13,-0.06804126,-1.167402
GRIK3,3.565936,3.2547443
GATA2,-5.3108516,-5.0185475
PSMD4,7.67398,7.9960175
GPAM,-1.1778334,11.013392
TRMT2A,11.190281,15.631425
STRADA,10.769896,15.258744
PPM1H,19.339949,1.1521341
FOXN3,-7.8752546,10.656334
SLCO4A1,-4.790164,-3.8718777
UNC13A,-3.3494058,3.8538766
OGDH,-6.2370934,2.4539905
ARF5,7.317818,7.5029407
EHD3,4.930337,-3.5330014
FAM234A,7.9957733,4.1111813
NEO1,4.6219025,10.345637
HSD17B8,4.8860703,-11.0131855
OSBP,1.5076704,-2.7647386
DNASE1,-5.225143,4.298815
SCAP,11.373798,-1.5407847
ARID5B,-1.6767234,-4.3763165
MAST4,18.2915,5.37556
PNISR,2.9315128,-8.053496
TF,7.105669,4.0122247
RNF20,8.241501,14.304476
MZT2B,2.4688294,15.139916
DCTN3,7.5769877,7.9543924
PLD1,5.34255,6.629194
ZNF285,-5.3188415,3.6341302
APCDD1,14.338895,9.965393
CBLN2,13.155539,5.494805
CD74,-6.3854036,-6.2222185
RPL8,-1.4206182,8.183122
MYOF,-6.2471533,-3.903994
TDG,6.37803,-9.499903
ZNF251,6.6056705,-9.991787
DAD1,4.705526,12.918432
RELL2,4.465425,-3.6361217
SSX2IP,4.6571226,4.2168717
TCIRG1,-6.9888134,-5.6195345
PPP1R37,14.437659,-2.82438
MERTK,12.042074,2.9768636
TMEM144,7.173352,4.9782944
GABRA4,10.315511,-0.34575346
HSD17B1,6.925364,-10.425231
NR6A1,9.584186,4.6763825
ZNF546,0.20199716,7.799105
ZHX2,4.612531,10.33884
TRAF2,-0.20940393,5.279734
CREBZF,3.6955924,-7.920839
TMEM63C,8.784549,11.065868
ANOS1,-1.1906013,9.439424
ZSCAN1,1.2000786,3.172859
SYT3,9.34862,9.951748
RABGGTB,-5.109711,6.787799
CDC37L1,5.807871,-2.121341
MYSM1,4.817769,-7.5283375
SRRM1,12.176747,11.084615
SLC13A5,15.903332,-1.0298086
ZBTB7A,9.368643,9.9348755
CHD9,5.9019175,-5.8165135
ADGRL4,-6.8070936,-2.9150727
SAR1B,3.850293,2.332872
PNMAL2,12.559016,-5.4100976
PRKCSH,-2.3241975,11.064084
RAD9A,2.274763,12.368896
ZMAT4,13.325656,7.277424
PRDM16,-0.2173443,9.856957
LARGE1,14.002464,1.7166691
BCAS1,6.711699,9.088407
CLK4,-7.1046457,8.826381
ANKH,19.329622,1.1596072
FAM129A,1.8337057,-8.29565
GLRA3,10.320372,-0.34966987
GPR83,19.377655,4.6599507
KCNJ9,19.28896,1.36408
SRSF10,7.7583246,-5.430406
KPNA1,1.5241225,-2.7874644
ETNPPL,14.302639,9.954177
DOCK6,0.34676936,1.9222304
RBPJ,13.119223,4.227273
RPL30,14.805797,6.5382724
SLC2A10,3.5305672,-10.850555
UBXN1,-1.4752779,8.204477
PKN2,1.4396676,10.488954
WNK2,9.360816,9.945669
NFATC4,0.9901224,8.698946
NRAS,4.203915,-12.35052
SIRT7,-0.19230627,5.2998066
FGF14,5.7199984,3.627792
KCNJ16,-0.96598524,12.563971
ZNF141,15.743677,-1.1746799
PCID2,6.530216,1.7823691
ITM2A,-5.788791,-4.48699
RUSC2,15.481643,1.3123063
GNAQ,6.800141,12.839053
RNF207,16.190338,-4.882276
PRDX2,9.885841,-5.3426237
RITA1,18.99633,7.4481645
SET,8.129415,13.550397
TMEM198,14.421986,2.1577768
CDC16,-0.56142914,17.307728
HEATR5A,8.474707,0.50166386
NDOR1,-0.23739779,5.9835987
RRAS,2.2578273,14.755185
SPAST,2.4752023,-12.849791
RNF130,2.0833795,3.9540844
CCDC159,5.692392,5.8995595
DPH7,-0.6467556,17.388208
CC2D2A,13.825877,10.405412
TRERF1,11.032262,3.5280209
TSNAX,-1.2554646,-3.8128207
KAT6A,-0.4326217,10.408937
KITLG,10.2680025,-0.2979877
TPBGL,15.225758,-3.479903
RPL13,11.000336,12.4205475
SLC8A1,1.8058553,-2.329672
MYH7,1.7747838,-9.120617
PRRT3,7.055084,0.12418496
YWHAB,16.949512,7.2727637
KPNB1,-2.1974194,1.5233768
CCT6B,-2.8433893,7.4703145
PLA2R1,-9.26539,2.297483
NELFA,11.249372,17.018566
WDR61,8.799303,15.801217
PUM2,5.7078905,-4.3613873
LMBR1,5.599129,-4.4695153
PPP1R2,-1.249563,-3.80853
HSF1,0.619873,2.823516
FBRS,-2.3278308,11.068664
KIAA0232,5.2196355,-4.728001
ADNP,4.64143,2.4902704
TUBA4A,12.130587,-5.2475395
CAMKK2,-3.3568678,3.865473
ZNF865,3.6860046,-8.037031
SCG2,2.9043145,8.264557
DOLK,-0.642593,7.0507627
COQ4,15.625408,-5.603226
NDUFA5,4.7846527,1.342885
QSER1,1.6620557,10.168525
KCNJ3,5.7423015,3.6349092
MGAT5B,9.35221,3.2162805
RIDA,-0.15178826,7.4708405
CCNL2,0.10738122,6.081327
SPNS1,10.777257,15.273546
LYRM9,-5.942695,5.9632697
TMEM240,14.161614,-5.6669483
FAM153B,-4.624685,9.430281
CAPN7,-6.2012577,6.560198
LZIC,2.3083932,12.329735
DENND5B,4.6570396,4.215794
CSMD1,12.618457,-3.7666194
PMVK,4.2078214,10.58061
PAPD4,6.346436,-9.476842
SEMA4F,12.993076,-3.9192865
ARL8B,14.043732,3.7284458
ZNF18,6.5780826,-10.06133
CD14,-6.4952374,-5.5042105
RIMS1,14.652834,0.3500328
MYL2,1.733163,-9.175903
APPL2,11.714398,3.039497
CRHR1,6.93542,-0.1846002
CCND3,-3.6642332,13.6305275
NDST3,5.277911,3.8651102
DMPK,-8.618072,6.736069
ARHGEF10L,-7.9291506,10.71114
MINDY1,9.005454,4.3952518
TNPO2,10.439529,9.673599
HDAC9,0.8641772,-2.4579716
POLR3A,14.25931,-3.8782437
H3F3B,0.13470909,1.228533
ACAT2,-0.9188391,-3.1381612
ETF1,-2.78822,-5.249139
PRKCA,0.2636966,-5.8639474
PLCB1,2.048797,-1.7621126
GLTP,8.275373,4.61906
PIANP,-4.196257,1.7897015
ZBTB37,3.8506439,9.601626
EPSTI1,19.548153,-1.7546222
RARS,-1.9265058,-6.3081903
HSP90B1,-1.2473369,-5.2004757
ATXN1,-3.2860067,3.6579285
CLN5,1.1226865,1.3464831
DCAF1,0.2701362,4.5548787
ST13,3.371529,6.527099
DNASE2,0.98080397,8.72346
RHBDD1,8.801225,0.18505162
TRABD2A,-6.3363047,10.920655
CNR1,3.525466,7.6847687
EVI2A,4.7897606,9.055381
MAST3,13.682142,7.2456374
DDAH2,0.24562894,1.6098211
EIF6,9.87359,-5.3788347
RSF1,3.88962,6.52827
MICAL1,16.21815,-4.906467
VEZF1,4.740455,8.932796
H1FX,3.6809266,-8.039153
CUL5,5.563639,-0.748501
TRIM38,-3.6344903,-1.4393694
MPST,0.71473676,0.44221264
UBE2Q1,11.156353,-5.065903
SYT5,-2.5010958,9.404721
ZNF382,12.15716,14.952277
ANO4,3.6476173,8.802185
MRPL12,2.3908284,15.077048
HSF2,5.0421524,-7.8174186
GPR34,2.936647,-5.208198
COX7A2,4.5488915,-0.38481745
SESN1,7.63347,-11.840443
SH3GL1,14.534763,2.309301
TCF20,16.753386,-5.8107386
FAM102B,17.323103,2.9799948
RASGRF2,10.809192,3.6717486
HSPA4,-2.6795511,5.9826074
DPY19L3,1.2175726,9.527826
NFE2L2,-1.4822733,0.61552787
SLC16A3,-4.124888,-2.5190816
KCNJ4,13.110375,7.9548516
CAPRIN2,12.157497,14.952646
MICU2,9.405009,-7.5763893
OLFM2,15.942973,-1.0012664
DGCR8,0.17090352,4.648348
RAP1A,1.1277409,-6.656297
KCNK9,12.780262,-3.4127796
SQLE,-0.9178142,-3.1414285
HECA,10.697804,15.163699
NR2F6,13.4337635,-6.17158
PRSS2,-0.2841338,3.835577
PRRC2B,5.8806577,-3.460127
SRSF6,-7.577663,5.309281
PICALM,5.772411,9.371306
SUFU,3.5180087,11.648379
EGR1,-5.6600757,-8.54828
CYBRD1,3.5299835,-10.851372
NEFM,9.522509,11.679954
SYNPO2,2.0646322,-8.727354
MED21,-6.0626755,6.0825114
TLR2,-6.746921,-6.5057554
TMEM145,15.902148,-4.7268844
CCM2,-1.3710043,-4.06634
EFR3B,15.855889,-1.0786316
ERAL1,15.100671,-3.068616
ERC2,6.2616315,5.669392
MEAF6,4.28541,1.2105019
CDH8,13.195361,6.0000677
SMYD5,15.082985,-3.0900793
PIGL,9.414554,-7.58094
LIMCH1,6.4974904,10.37924
ANAPC4,-0.57078516,17.316776
COPG1,11.836078,-7.555108
TRPV1,-0.33173308,17.108332
CNNM1,-4.0549793,4.5473905
HGSNAT,-3.010882,6.386244
WSCD1,8.292891,14.347487
CDH4,10.760157,10.204171
TMEM200C,13.004962,5.7335553
TRIOBP,16.56219,3.8611577
ATF3,-4.891877,-1.8179183
CYB5R3,-3.2629404,13.800078
IL1R1,-5.027065,-3.873236
BBS10,6.252703,-6.014844
DNAH7,-2.717715,13.939389
VIM,2.3994544,0.6529193
FOXN2,7.636196,8.990692
SEC24C,11.924604,8.762391
GBAS,8.857328,0.6320359
TGFB2,11.993138,2.516506
LIN7A,4.3410726,-10.059211
FAM19A2,13.1748905,5.925854
MRVI1,-2.9392028,14.024151
NDUFA3,8.441917,6.9121413
SPATA2,-6.1773624,-0.51243275
NPTX1,13.917059,0.7318747
AHCTF1,-7.7940784,-4.261587
SPTB,-8.168108,-0.5183627
BRAF,-0.12443003,-1.280154
JMJD4,1.2239584,3.1778877
ROBO2,-4.566512,9.335278
ZFHX2,15.518236,1.318022
RPL38,11.274515,12.07075
DDX5,2.7055798,14.361123
FBXO28,5.7875957,-2.1263025
RALYL,6.3690934,-6.990069
WIPF3,13.507409,5.848173
CCDC85A,2.0400698,-1.7595162
PTPRN,14.049096,1.6846868
SASH3,-6.389566,-6.058188
ANKRD24,13.130102,7.994896
SPTLC2,5.0130906,9.225054
GNAZ,19.286028,1.4533138
ANKRD28,2.4135644,4.285299
RPL35A,-3.777199,11.616516
NDRG2,14.663151,10.391507
GPR180,4.938232,-6.706791
ZNF414,-7.6980352,7.9802504
VWA1,9.550907,5.339788
TMEM256,-1.4022416,8.142542
ATP5G3,4.848866,-0.114348
NDUFA2,8.539591,6.288108
CBLN4,18.322329,5.3397737
MFSD6,19.312567,1.2702755
BRAT1,10.798859,12.880116
GJB1,7.1048627,3.96427
WDR26,-6.8995943,0.30123234
F11R,-6.8806014,-2.815183
YTHDC2,4.928041,-7.683546
CUEDC1,8.189825,4.837964
ADHFE1,4.8874173,-11.01297
CCDC130,1.0852467,11.696828
N4BP2L1,5.073534,-7.8541837
RPS4X,16.09056,12.968789
APBA3,-0.29948828,5.9625664
RAB40C,-0.7646089,3.3664362
KIF5C,14.651996,0.32705733
OLIG2,9.356447,4.536219
SELENOP,4.0778937,2.555814
CAV1,11.530783,10.846977
CDC42SE2,0.77092266,-2.620981
INPPL1,-2.7490695,0.22484845
XAB2,0.5233039,2.5469182
PRR13,-1.8313661,-5.774123
EDC3,-0.035817523,5.738669
SC5D,-0.91187626,-3.181858
IL17RD,-0.24461454,8.602833
MSMO1,-0.9125326,-3.154261
TMEM67,-1.1542658,-0.8065209
ST8SIA3,10.36422,4.4269433
GRIN2A,9.960718,5.169448
NR3C2,6.857126,12.994725
TPRA1,3.7740455,-8.321886
CASC3,6.8896523,14.947422
PCYT2,-2.6246717,-8.150722
FMOD,-9.4679,1.1670315
MLST8,11.287593,-1.2385699
CRAT,-6.1550126,2.46516
ZNF204P,-4.6338663,9.4384365
GABRG3,11.895515,5.27094
PRSS1,-0.28157955,3.8398936
PRKCE,1.927729,-2.1513052
BTG3,-2.1522357,-5.155488
SCRN3,7.121705,10.462202
SFT2D1,3.8495967,2.32489
INHA,-3.0110261,6.387445
CPNE8,10.382399,3.3009267
CUTA,8.12368,6.6617746
PAQR4,7.0810437,3.5731854
PNMA3,16.18465,-4.8866444
SHROOM1,5.661922,5.8792014
NPM1,18.684505,-4.453792
FAM76B,3.7104778,-7.9472494
PAQR6,7.3116093,14.654309
LSM4,8.398026,6.7290792
SF3B1,-7.696498,5.206443
PDCD6IP,-7.929797,4.9522533
RBM26,-7.9297614,4.952297
RPL27,11.243152,12.101178
GNAI2,0.24953885,1.5985401
TAOK1,3.1951678,6.396877
TMEM260,-7.6391263,5.257249
TRIB2,1.6898546,17.092516
MRPL13,-0.47334316,14.606831
FASTKD1,-5.314925,3.6382182
LRRC75B,15.575984,-5.5785
MKL2,10.40111,3.3326159
ELK1,16.898478,-2.7001257
VSIR,-0.8455793,14.4466
PDIA6,-1.2431924,-5.158273
PPP1R32,2.2742467,12.372643
BIVM,-0.85023874,-0.8058246
DCTN5,10.644751,4.882199
LMBRD1,-0.96048,-3.7592077
CES2,3.4418569,7.983972
ZBTB45,11.294006,-1.5398741
DIRAS2,6.2652516,5.6688347
NSFL1C,7.686936,8.005042
SYNJ2,7.1244807,3.307723
FUT9,-0.9725226,12.568945
ZFAND5,-6.5798707,5.8160663
RNF215,15.076888,-5.4478793
EIF3G,-1.462835,8.195321
CELF3,-4.0754538,1.9154102
PITPNA,1.2485765,1.1041214
NXPH1,3.405476,8.003878
RHPN1,11.339277,16.219694
OBSL1,6.7705135,10.916873
RACK1,-3.6713784,11.727435
ARID2,4.543112,2.5070808
MIF4GD,4.7468224,10.322306
CCDC106,19.249447,7.992816
DMWD,19.248959,7.9878397
TRPC1,3.7254612,-7.9335494
VDAC2,4.980302,0.0055975104
ZIC5,14.457552,9.401819
NEDD4L,7.388696,-7.633907
FAM171A2,13.457872,-6.104248
TTC38,0.89510596,0.95819026
MBTD1,-7.0324116,5.562596
ZFAND6,-4.534477,6.113146
KDM5D,3.8988938,18.346373
ENTPD6,11.080811,-5.0133443
TMED7,3.538098,13.695442
EIF4E3,2.0651517,-1.5846564
FAM124A,5.02271,9.229823
GRAMD1A,-2.2210004,-3.9929357
GIT1,10.185959,-2.0847397
EMX1,13.141739,7.98328
BCL7B,14.329956,-3.9589958
ZNF280D,-7.57376,5.307761
RAB10,4.6878586,12.764952
PPP1R12A,7.575901,-5.615889
UG0898H09,-1.0337896,11.250482
ZNF516,12.0462675,2.9775631
SUN2,2.3934557,-10.228534
TMEM136,14.752702,10.51033
RXRB,14.330953,-5.9932714
TIAF1,6.5485997,7.1002407
GPR3,-5.7575135,-8.639342
DDX24,11.816265,-7.5419183
MBD4,2.4227803,4.3003097
PSMC1,9.558586,-4.0335517
EEF1G,-3.7183015,11.680591
CUL7,11.40446,-1.5607309
GPI,10.745063,-4.8266015
TSPYL1,4.3117027,-10.044834
DDX23,11.881142,8.71628
UBE2N,4.8453407,1.402497
GMPS,2.5955007,-2.886058
PCNP,8.276614,13.355416
SOX2,14.459298,9.521147
NOSIP,16.285463,-8.513946
EPRS,-7.6627827,-4.1034455
ADGRA2,-9.319867,2.2232697
NAA30,4.853987,-2.2794871
PRICKLE1,12.323697,-4.0768294
C2CD4C,13.182709,8.075538
FBXO9,1.1353654,1.1898144
SEC14L5,7.424579,2.8662724
PTPRO,12.99335,6.3437705
ANKRD13A,5.734404,9.3575
MTMR2,8.061643,-6.7720256
PKD1,15.630323,-7.53925
SGSM3,14.43324,-2.796607
RPL36A,11.304501,12.0461235
PELI1,3.4708295,-1.8032187
TLR4,14.431611,9.479428
ZNF687,-6.2021,2.4479578
REXO1,0.676777,15.361703
ZNF331,-4.9452915,-1.7577021
MON1A,18.99725,7.446934
MAPK1,1.7839665,-11.667866
CPNE5,12.171234,4.9667983
RABL2B,12.147794,14.967476
TMEM81,-2.911479,7.475701
MED15,10.190684,-10.175841
MTMR12,-4.282639,4.293258
SLC45A4,19.002562,7.366181
AGTRAP,0.47221407,1.1830952
ARMC5,11.357534,-1.5516238
RUNX1,-6.4826446,-5.4989896
ARHGEF7,16.847042,3.596773
RAB31,-0.30941245,9.69761
DAPK3,10.184168,-10.180473
PHF2,-0.44387126,10.413874
RHBDF2,-6.737109,-6.500208
CFL1,13.824433,-4.220181
SHC3,9.412065,3.3189437
ACKR3,2.3970668,0.65276635
GPR143,4.566744,5.5542417
ENG,-5.6632476,-4.6098304
STRBP,10.078508,5.684204
SPG20,-6.171772,6.174411
P4HA2,9.509876,4.453369
CHAC1,14.374353,-3.9825654
SMARCD1,10.406361,12.987021
CERCAM,5.7689524,6.980639
MED27,11.640073,-8.303512
ASPA,6.660929,9.028463
CTIF,8.821279,-8.535121
MEGF10,2.8964438,2.45732
DEF6,-6.3876843,-6.0542445
UBA7,19.43698,-1.8833565
NELFB,-1.6977952,16.587519
SLC25A14,-4.2382183,4.324059
FAM53B,0.68516874,7.3535757
ASPH,-1.0700227,9.451496
FUK,-0.29950845,5.9507875
LZTFL1,10.162816,-0.19452351
PYGB,-6.157471,2.4231951
LRRC14,8.822646,-8.538164
SCAF1,2.6793933,15.442557
DES,1.9119408,-8.922635
NCS1,10.397329,9.70838
ZC3H3,-0.31742334,-7.7178254
OGFOD1,-2.3737566,-5.1216784
RNF121,9.944623,-4.803616
TRAK2,6.7278676,-1.2462087
SLC35F3,6.1787515,5.490888
PGM2L1,16.949274,7.270954
ANKRD33B,14.810697,7.391785
CARMIL1,11.705177,3.0523727
LIPE,6.809795,3.5434315
ZNF202,15.589283,1.33343
SEMA3B,8.194301,4.8726068
YIPF2,10.371038,-10.394717
KANSL1L,-6.1922526,6.4443517
VRK2,6.41486,9.535412
EFTUD2,-6.398423,2.793529
CDPF1,-2.6221893,-8.151497
SLC14A1,5.7166038,14.353356
AIP,16.272713,-8.500605
TP53TG5,6.74678,3.52351
MED14,5.087713,6.530655
RPL22,16.135742,12.927411
DOK6,-3.2955692,3.6799634
INPP5J,9.335517,9.959786
FAM167A,4.570702,5.556589
TECPR1,0.8173321,15.116328
OAS1,19.652481,-1.6328357
NOCT,-2.043204,-5.1639013
HERC2,19.224503,1.9431791
TM9SF1,6.6752157,-8.040788
CLCN7,11.769078,8.595228
DAXX,11.863523,8.695806
DDA1,7.8689675,-2.7759888
FBLIM1,-5.7883763,-2.3739889
PPM1L,4.6860294,4.2054915
TCEAL9,-4.8331714,-1.8832663
PET100,16.751226,10.845204
EIF2B4,1.3202798,5.687758
BEX3,13.757569,0.18938138
UBXN6,10.465088,-1.9676464
OLIG1,9.386767,4.56788
SLC35B1,11.637384,-8.32451
SERINC1,6.714515,12.698419
ZNF662,16.150904,5.9369946
RAD17,-0.87213105,-0.3513291
KCNK3,12.599402,-3.1334019
PEAR1,-7.05124,-2.6653616
PSAP,6.668561,-8.044648
NPNT,-9.319813,2.1987848
EYA1,11.93995,3.4407735
TMEM132B,2.0635047,-1.7545816
ATP5F1,5.090147,0.07253819
CCNF,8.784782,11.066475
EFNA1,-3.6574569,-3.253849
RGL2,16.313786,4.0791645
STAMBP,6.6088686,9.763325
MIAT,13.281015,7.343029
TAOK2,0.8173351,15.110975
GAS2L1,10.803092,-1.9013802
ING5,-0.51251113,4.9744744
ACSS1,13.863253,10.359832
NENF,16.81175,10.888903
DAAM2,7.3106236,14.668102
EGLN2,18.985308,7.4462504
FAM98A,3.755939,3.0576499
C3,-6.1263185,-6.1996765
AP3M2,10.403702,6.0741515
CISD1,11.153109,6.1349087
PTPRZ1,-1.3407137,10.137878
MYO5A,16.852943,3.5996044
NDUFB2,8.873052,6.6808095
TBR1,12.318367,5.0351152
BRCA1,7.045235,5.9743094
FAM173A,13.594458,-8.258069
BBS7,10.026185,6.2488813
DYNLL1,4.309849,-0.47822207
RAB11B,1.2790295,12.711361
AKT3,1.7913811,-2.685568
PPP4R3B,3.2001307,6.368144
TMEM121,11.298679,-1.5198181
CMPK2,19.732353,-1.544746
SEPT10,6.4142303,9.540673
PTN,-0.96416414,11.345204
CYB5B,-2.026187,1.299855
TTC31,-1.83666,7.1743274
BRWD1,4.728204,1.3847532
NAPA,11.826375,-7.515348
RNF31,-3.347864,6.6765184
EGR2,-5.7099624,-8.592226
UBA1,-6.398738,2.8158493
SSPN,-0.35314137,9.022614
APOL4,-3.2194595,-0.4166455
SYNCRIP,8.291597,-0.43489975
RBMS2,-4.7682686,-3.9314547
FANCG,-0.5172451,6.0460205
NWD2,-4.590816,9.3726425
SDK1,18.717781,5.1402354
GRWD1,-0.033398524,5.752966
HCFC1,-3.197832,13.576566
PSMB3,2.5454798,11.172287
DOCK10,5.313233,6.6437
ALG10B,1.2614359,10.165086
NPEPPS,1.780974,-11.669304
KLC4,-2.308612,15.40237
RAE1,-2.588351,5.8852453
UBE4B,3.6403258,8.801521
TRAPPC1,9.868773,-5.377836
FAM8A1,5.4987392,-2.3018272
CRNKL1,-3.394936,6.594518
ZNF184,10.48408,3.4512649
GNA12,-2.710604,0.2538832
CRYM,12.742321,-3.908437
YME1L1,3.3413444,0.87180954
TMEM132D,10.741443,3.5636995
OCIAD1,11.176264,6.1520977
ZBTB4,11.473902,0.75534856
GDI1,13.8404,-4.2032256
RBM12,-2.3517027,-5.161434
PKD2L1,-6.3344107,10.918843
KLHDC10,1.78319,-11.667425
TPD52L1,-0.82673997,14.445056
FOS,-5.6419296,-8.53158
CEBPG,-6.5509357,6.1794915
ZBTB18,10.081388,7.482568
FOXO4,7.078414,14.789971
BAG3,-4.298582,-2.407355
ACOT8,13.593613,1.3611166
CACNA1E,10.395557,4.297711
CELSR2,19.289865,1.3637389
GNA13,8.666983,-0.20924643
EHMT1,-0.70595396,4.8315945
GRK2,0.807275,15.160407
TSPAN15,8.166524,4.8984003
MTMR14,10.410411,12.98331
CDYL2,7.6335588,-11.840367
RASAL2,12.595529,-3.795905
SULF1,18.184578,0.25878733
TTC39A,9.513613,11.686856
TTC9B,9.223643,2.927182
GTF2E2,-6.1168356,6.1278095
SRSF3,-2.3751414,-5.164039
HECTD2,-0.27769214,-2.0996733
PRMT8,-3.089838,4.4019265
COX4I1,7.8841558,-2.7687273
KLHL18,11.14575,-5.071479
SETX,4.5974693,2.5007932
RNF170,-3.0582664,7.8284993
LBH,2.9083672,8.257411
AP2B1,9.497434,-3.9695516
PNRC2,-6.0692263,6.0791216
HIST1H2AC,0.99147433,6.6573133
TRADD,6.350494,7.6087103
SMIM12,11.637132,-8.326598
ITGB8,-1.3841667,5.327605
ABCC8,16.121412,-4.8880587
SLC26A4,13.423687,6.791316
DHRS12,9.52078,4.502893
TOMM70,17.652098,3.514485
KATNBL1,-7.882277,5.007338
SERTAD1,-3.5353115,-2.8951242
KIF21B,11.749782,5.3277726
PPP5C,10.092089,-4.9368687
AVL9,17.942991,-0.5721261
MTPN,3.824817,1.1600636
SLC32A1,3.4067323,8.047513
GNB1,10.426392,9.685595
SLC25A4,10.363373,6.0547576
ZBTB7C,14.748792,7.9860797
DENND1A,-1.6903114,16.581877
LILRB4,2.8466673,-5.2799377
SLC25A40,1.057498,-3.555776
SQRDL,-6.1103845,-2.8557582
CTNNA1,4.454624,12.893344
INTS5,-6.414945,2.736384
DDX1,10.990836,6.03989
WDR75,-0.57228094,17.317858
SYPL1,4.0078015,13.346025
DPY30,4.308561,-0.48055923
ARHGEF11,9.369601,9.935483
NDUFAB1,4.5653825,-0.4282676
ZNF12,8.03501,-6.738124
LRRC47,19.321272,1.6286342
CBARP,2.8046207,14.259997
GALNT14,3.5838509,3.236245
GNAI3,-4.5412936,6.115628
SOD2,-2.2295067,-5.0199437
COL3A1,-9.338094,1.7963428
FIBP,10.541722,-4.826839
MTFR1L,14.332304,-5.995143
HAPLN4,-3.392515,3.9919617
PRKD3,8.667288,-0.21841891
ARGLU1,3.090174,-8.019283
ZIC2,14.457804,9.392783
ANK3,6.140818,11.221703
SLC25A11,13.572476,1.3589959
ACTR6,13.958689,3.727812
UBL3,6.5073333,-5.92345
ADGRV1,14.223946,10.003969
ARPC5,6.765764,10.891984
NAT14,15.089574,-5.4454765
XPO1,-3.358637,6.618143
XPO6,6.6100883,3.356515
NISCH,16.890062,-2.7050703
TOMM5,8.467343,8.150089
XRN2,-7.716309,-4.19599
ATL3,-7.0200863,-3.8483293
BTG2,3.3568492,-1.9321264
SLC35F1,3.8281617,2.9296112
ARHGEF25,12.944134,-3.884203
INAFM1,13.557318,-8.325591
PPDPF,-3.4183629,13.821788
NT5C3B,9.160164,2.86714
TMEM119,2.9205003,-5.224162
ZNF524,1.3055758,12.698145
DFNB59,16.36575,6.125268
DLX2,3.3532536,7.498621
EGR4,-5.7436695,-8.62686
LRRC58,6.274567,0.5802497
PHC3,2.8605912,-3.0006757
ADAM28,2.8121896,-5.2917643
SUSD2,2.6197286,-8.1625595
ARHGEF12,-1.2446651,9.388496
TREM2,2.8459625,-5.2799454
CTTNBP2NL,-2.5875354,-5.017892
LCOR,-2.5655954,10.527989
IL6R,-3.8246353,-1.2292396
TIE1,-4.3045926,-9.600999
OGFR,11.298487,16.218506
NMRAL1,17.048477,11.1367
ASH1L,6.4114666,-5.791262
APOL6,-2.2239118,-4.3637013
NDRG4,11.586925,-6.48271
ZNF746,11.783359,-7.9333572
PHAX,2.2742155,12.377156
RANBP3L,-0.21736562,9.876269
MCCC2,-0.26314378,9.6838875
UNC119,1.2707793,5.4915013
MPPED2,6.812668,12.891569
GABARAPL2,16.838318,0.99505734
TSSC1,15.206587,-3.4737937
CEBPB,-4.082112,-2.9033358
GRIN2C,13.78783,10.434496
FXR2,19.312147,1.6209365
ZNF281,-2.5650861,10.527563
LUC7L2,5.1402535,6.5372357
GPSM3,-6.794041,-5.6244955
CMAS,17.369576,3.4785087
GLTSCR1,3.6922836,-8.045805
PLEKHB2,8.175376,2.1833005
NUDCD3,15.254346,0.9150049
STMN3,13.61415,1.3454077
ZIC4,-0.40970433,10.38511
EIF4G1,-0.19767447,6.2514195
PSMC3,7.885097,-2.779581
METRNL,0.0073560295,1.2485261
BAG2,-3.3028367,6.621946
ZNF521,4.5344744,17.241697
MAP3K11,9.028642,5.2749853
DNAJB9,3.4721344,-1.8000429
BAX,0.6644556,2.9022598
NIPA1,2.4886692,4.191678
THUMPD2,5.0764437,-7.8544617
DOK1,0.63289046,0.60550505
AFG3L1P,6.5475383,-10.025601
PMM1,11.193044,-8.18226
G2E3,7.3228593,-5.8699517
DNAL1,6.8123345,12.887249
ROGDI,11.343193,0.6445533
NKAIN2,2.5148907,4.1884527
DPH3,14.353905,4.1095185
CD37,2.6843135,-5.4655056
UCKL1,-0.07570486,5.607112
CD59,-0.5726252,1.060553
HDAC6,0.15056822,6.0917344
MED22,10.778155,12.717982
ERG,-6.854165,-2.9539838
CHN1,12.933909,5.9156795
PPP6R2,14.510298,-3.4273603
FAM111A,19.447071,-1.8779973
KCNC2,12.109097,5.4248405
ACD,3.7340565,-8.247748
ZBTB40,0.25727892,4.575554
LKAAEAR1,-7.6978474,7.980233
SNX22,9.312352,4.553874
UBE2H,-5.0982666,6.768497
ATP5J,4.546934,-0.38579983
NTRK2,-0.7925874,11.139739
HADH,-0.3478319,9.096394
TIMM17A,1.5819186,5.6407037
LZTS2,8.980219,5.272968
TMED5,-5.1193323,6.698073
RNASE1,7.8859067,4.7653594
NHLRC3,7.112692,10.4951935
PSMD2,9.939838,-4.8077655
SIRT1,8.311275,-0.4339112
BRICD5,-8.656753,6.751745
CCDC88A,5.2208314,6.543397
ZMIZ2,2.724704,15.503342
BIRC2,-6.3754797,6.1178517
TMEM127,14.670986,1.2139547
TMEM266,7.047365,0.14119704
TECPR2,-2.624248,-8.149905
SCAPER,16.840239,0.9925384
HSPG2,2.1422744,-8.193745
PCMTD2,2.4758792,-12.851625
LIN7C,7.3250813,-5.857693
CDH9,13.416706,6.8164735
RAB9B,10.090648,6.235716
SNHG11,11.118324,15.824316
PTMS,7.899521,7.6876793
SLC41A2,-0.27723116,-2.100313
CCDC120,6.2085953,10.004918
ADAMTSL4,-6.148648,-2.8322072
LRRC8D,6.282066,10.835629
TMEM115,10.473603,-10.514865
GAREM2,-0.8243657,11.786424
DNAJC11,19.347338,1.5958401
USO1,3.1994507,6.3948402
ST6GALNAC1,-5.2943587,-5.008233
CEP170B,5.8832293,-3.3899076
FAM50A,1.0788089,11.677341
ZSCAN26,1.9824681,-5.893562
AAMDC,4.7280736,12.916511
GNL1,0.6307695,-4.2325816
KANK3,-4.3178577,-9.587027
SLC9A1,11.920177,-7.031615
HDAC1,4.218622,13.180727
NSD3,16.631935,8.940755
NAPEPLD,0.51318514,-3.3435647
SPAG5,1.323072,5.5262084
ATP6V1C1,1.760807,-2.4513862
FH,5.0754614,0.0659217
ACSL6,-0.9942325,12.604429
DOHH,0.3388912,7.66963
ARMCX2,-5.0159593,3.93254
CNTFR,14.991637,9.571464
DHX38,-0.20708743,6.244187
RASGRF1,-3.0780573,4.4224167
ADPRHL1,-6.1753683,-0.5130814
MIB2,11.077326,-1.6606674
COX5A,4.7143726,-0.23548768
KCTD1,10.476685,4.256321
DLAT,14.014249,3.6711078
CHMP2A,8.024034,6.719869
CASKIN2,-0.39855352,7.1404886
PIFO,12.9254675,10.632628
ZNF267,-2.3045244,-5.0242567
NCKAP5L,0.059355177,6.0211854
DPYSL5,0.32976013,7.71478
ISYNA1,-9.45079,1.651005
ATXN7L3,5.9201984,-3.3780177
PANK4,11.39057,-1.5326102
PDCL,1.3093625,10.277997
SLAIN2,7.710699,-6.4348164
SNX5,8.841504,0.60253507
EPM2A,6.202077,9.99644
UNC80,10.178677,6.662244
BAHD1,5.615975,16.385164
TBXAS1,2.7575247,-5.391853
GGA2,15.932143,-4.7331448
GRAMD1C,-0.2227205,9.865019
NOV,-9.443313,1.033755
RNF208,13.664931,1.3658912
TRAPPC10,4.82291,9.083438
FCGR2A,-6.276512,-5.4141216
SOD1,4.3460293,-0.46704143
DNAH6,12.347598,5.0423274
NFKBIA,-5.671337,-2.936348
SH3GLB2,11.345643,0.64641297
RGS7BP,9.827959,7.065416
CAMTA1,9.91519,7.1369367
RGS6,13.152135,-5.1964054
PLEKHO2,11.995727,2.5208745
PPP1R16B,-3.2856927,3.6174793
FANCL,1.9267625,-5.9392667
NGDN,0.88557327,0.17703575
PSMD14,8.225082,2.1023364
KLHL21,-4.52579,-2.1452808
PPP4R3A,-5.963336,5.980191
HMGXB4,12.1818285,11.086679
SYN2,13.957544,0.74150497
RPN1,-1.1785692,-5.194818
PKN3,-4.597812,-3.6264982
MYH10,-4.231906,4.3370047
PATZ1,-0.3628432,7.1633453
ALS2,17.321875,2.9338393
DCAF11,10.453017,9.664336
CDC37,10.181527,-10.177925
MEF2B,6.351617,7.604724
POLK,1.411244,10.516349
SLC27A4,14.824285,-3.3805876
CPLX1,8.015362,-1.6042062
ZNF644,6.2735915,0.58012867
PCSK2,10.527499,3.53442
PCGF5,8.339271,-0.44456366
NR2F2,1.6022964,-8.256059
KLHL5,7.956868,13.994928
HSPA8,-2.6677184,5.9694204
NCSTN,9.708296,5.269773
NINJ2,7.3643837,4.966722
MTDH,7.6801844,-6.405849
LRRN1,4.632271,4.2798266
CACNG8,12.037704,5.3464875
SORCS2,14.664788,10.414757
PRDX6,-0.22910652,8.377213
HTR2A,12.880941,6.121724
PRODH,13.908032,10.187798
CISD2,17.75836,3.603519
PPP1R1B,5.716177,14.346856
RGS7,7.383729,-7.6294255
RNF8,10.499481,6.6854596
PSME3,1.2559466,1.0969431
MFSD4A,10.382859,4.347605
SPTSSA,-5.124815,6.733258
TMEM65,0.87527907,-2.4492164
SMIM15,8.316149,-0.46198988
TEF,16.896582,-2.7017426
RFX4,11.995734,2.5069861
PCDHAC2,18.255573,6.4292603
FBXO18,11.898411,8.734984
MYH9,-6.6137886,-3.3247368
SND1,-1.9863777,-5.897704
IQSEC3,-1.3120445,-4.0468287
SUPT20H,1.9973859,-5.872254
TEAD4,-3.6266296,-3.2644238
LSM14A,8.373675,-0.2773402
CHD7,8.140782,4.9482083
P2RY12,2.9382236,-5.206477
DGCR14,-0.31803384,-7.7178755
POLR2G,-0.2494286,7.2380123
SLC35D2,9.645005,5.245025
ZNF781,-5.30006,3.6537726
MYPOP,19.001722,7.438697
POC1B,13.054216,11.85754
CPT1B,0.7426547,5.515721
LRRCC1,6.3475413,9.989286
PLOD2,-1.8097785,0.99754083
PRAF2,11.300759,-8.097788
PHKA2,-0.3281119,17.105612
NRSN1,11.88212,5.2732606
PELI3,14.466539,-3.5976236
FBXL18,5.8744054,-3.4463055
SMIM14,8.279444,13.352308
IRS1,10.092459,7.468491
THSD7A,6.856535,12.992877
UQCRFS1,4.91965,-0.052325238
PTPA,-7.803333,1.0572306
COL1A1,-9.340277,1.8006659
RPS4Y1,3.8988893,18.346369
KLHL17,-0.33156842,5.15663
CHRM4,13.852879,7.32606
PTK2B,13.50492,5.847319
FBXO31,16.892004,-2.7068624
PLA2G4B,-8.6756735,6.7326093
SMC5,-2.7326543,-5.1022067
TPR,4.3573346,2.5676904
RPS6KL1,-0.7187237,3.412171
FAM171B,-1.4595348,11.430259
PITPNM1,11.470993,0.7503179
SEL1L,14.029694,3.762101
TRIM45,16.363478,6.123965
PRKAR2B,10.306222,-0.34350267
CERS4,0.8034646,6.5664115
CDC123,-1.940223,-6.2501206
BPTF,3.2189457,9.596123
CREG1,0.6526934,15.397607
CPA1,-0.28350475,3.83597
RXRA,15.031395,9.557768
NPAS3,7.761414,0.18046904
PSME4,5.698287,9.325551
PARVG,-6.752522,-6.593621
ZCCHC8,15.717746,-1.2035702
UBE2D2,8.219809,2.1070235
TMEM55A,6.517663,-7.1752105
IL17RB,-0.567113,14.564065
GAL3ST1,7.0701003,3.583025
PLEKHJ1,2.445359,15.120247
ZNF493,5.5625153,3.5755444
CYR61,-5.6415205,-8.532492
GRIK5,11.413362,-0.99279493
GLIS3,-1.8821222,0.82981604
PHF6,16.631495,8.940911
MFN2,19.296516,1.631741
UGGT2,9.416652,-7.5851526
MED12,16.340288,4.053175
PAPOLG,6.646948,1.7340269
LIMK2,-3.0172732,-0.1452259
MAP3K6,-4.605975,-3.636416
ZNF788,-6.20251,-2.833566
UBTF,-1.9431694,1.2710596
SMARCA1,-2.160294,1.4757566
TMOD3,1.4880505,-8.152544
DNAJB5,-5.7546787,-8.637353
SHISA9,13.103598,6.4523153
SLC25A35,4.7711506,10.315612
UQCR10,8.516011,7.2440968
NECTIN1,0.81959957,7.8290477
ZNRF3,11.977529,2.9858687
SRF,14.538115,2.310994
EID1,4.1333566,1.0844086
PCGF6,6.392877,-9.507554
AKIRIN1,-6.542257,6.212449
PGGT1B,1.3013681,9.827105
PHF24,14.3488655,0.8283603
RAI1,15.467881,1.3528068
ZNF655,8.040635,-6.74267
TTC13,-0.87242526,-0.34089348
PLEKHM3,1.3772383,-3.3419487
PISD,8.784933,11.066336
RHOBTB3,7.760926,0.18233071
TPI1,10.683512,-4.7706738
CD2AP,-6.919796,0.3192627
EGFR,14.534959,9.758127
MED23,-7.9447207,4.935118
JAG1,1.5487597,-8.180981
POU3F2,11.065795,7.3537817
ABHD17A,13.753356,-7.9048634
PEG13,-3.391241,4.0260844
IGF2,-9.323051,2.1734407
LATS1,7.6789365,-6.4129486
UGCG,5.653038,2.0665686
MRPL51,8.860674,6.6859183
ABLIM1,-1.1740551,11.009734
SERPINB8,-2.261489,-5.1503973
IFITM2,-3.6730216,-0.92716587
NPAS4,-5.7083564,-8.591623
PKDCC,13.13414,8.003549
SIAH2,-3.096792,7.341213
FAIM2,11.72341,8.535598
KCNT1,15.720641,-7.624661
STARD3NL,-2.1824589,1.5029621
EFHD1,8.082135,4.1801496
PDK2,11.193353,-8.182835
SEPT4,6.715805,9.087163
RPL6,16.086315,12.9734
MTF1,6.8557653,14.97668
ZZZ3,1.5329434,-6.304633
FAHD2CP,8.654799,4.4332004
CAPN1,-6.301242,2.564871
RYR2,13.899453,0.7187544
PCOLCE,-9.482153,1.2907985
ECH1,4.2771378,10.554472
ADAMTS9,-4.1488976,-3.3557599
AGPAT4,7.162221,3.28887
MSANTD2,1.6568946,-6.191429
TLN2,14.005177,1.6984152
NEK3,5.4406695,6.454463
SOCS7,-8.168485,-0.5185435
ZNF43,-3.0675488,7.863486
GPR137B,-0.2948188,9.718145
METTL8,6.2112627,9.998404
TBC1D25,14.576059,1.1657493
RCHY1,2.0476801,-1.4768894
ZC3H18,-0.23759446,5.2668242
MTIF2,3.4557917,-3.648416
PPP2R5B,14.745029,-3.421093
PSMA3,18.685608,-4.454097
VPS37A,7.764195,-5.424478
FSD1,15.748773,-7.6467857
CCNA1,13.519685,7.120317
BCAR1,-6.255836,2.111691
CPNE2,9.607562,5.2371426
RHOQ,8.673257,-0.20699467
FYB,-6.564816,-6.3731337
DAB1,4.8928704,4.061344
SQSTM1,10.8248415,13.795127
SCARA3,-1.8795284,0.8365735
BRD8,-0.28847176,17.065323
CREB5,7.1726108,4.9807734
SYBU,4.3395076,-10.05783
HTR5A,6.1940618,5.518686
ABCG2,-9.423349,0.742586
CYSRT1,15.570646,-5.571892
SYDE1,2.2757761,14.788576
SMYD2,3.7378702,3.0819123
IL17D,-0.25311363,8.613392
CIAPIN1,10.148741,-4.365331
TOM1,10.130149,-5.099383
CARNMT1,5.565603,3.5848134
CHADL,9.3738985,4.584402
VPS13C,-7.9270644,4.953161
PTGDS,-9.770864,1.8264064
MOB4,6.511174,-7.1721835
NRN1,-2.889698,4.5008307
CCDC12,8.453992,6.955778
TMEM206,4.803076,9.083599
GPATCH2L,16.632095,8.94134
AES,10.321016,9.826273
EEFSEC,10.698031,15.166816
CDK5,12.605175,-5.435935
ISOC2,11.15793,17.200989
SLC6A1,-0.9950501,12.607768
EZR,11.906886,3.302675
ATG2A,0.82601374,15.089722
UBE2L6,-6.9822736,3.4865603
SNRK,10.07912,7.506354
CIB1,-3.3853436,13.841757
NCOA5,15.6150875,1.3488822
SEM1,11.317479,12.03281
CSTB,9.077039,5.896213
ACOX2,12.20164,3.6816173
ZNF700,6.5490446,-10.030564
FAM13A,4.3074217,-10.070649
PSMB9,-6.992448,3.4913776
GSTA4,-2.8439908,4.529747
ZKSCAN1,3.788407,9.591222
FTL,10.888823,12.582095
MIER3,7.5884404,-5.611981
ALDH4A1,-3.0357027,13.836872
CORO2A,-0.8309305,3.3058767
TRAPPC6A,7.9129496,4.006617
LHX4,-5.2056966,4.28676
PNMA2,2.033267,-1.7265327
TBPL1,1.4835308,-3.3282585
CCDC85C,-7.900668,10.682656
AHCYL2,14.535108,9.777631
LRRC37A2,-3.225465,13.737718
PIK3CA,2.8392467,-2.9866633
SERPINB6,0.5806523,0.62725145
ARPC3,-1.8702242,-6.497623
GRSF1,1.4131997,-3.3107302
TTC8,0.824885,6.492994
MAP1LC3A,9.240629,2.958906
NELL1,6.3389196,5.7214413
PPFIA4,12.766619,-3.393646
ECHS1,-0.9988917,0.118627034
DCAF7,3.663776,6.389725
ZNF106,3.473228,-3.6648862
TBX18,2.5090833,-8.214145
LONRF2,9.998218,7.1412835
CPQ,8.762997,0.21147604
TMEM79,-10.08264,-2.1601164
AXL,-1.1066016,11.014114
XK,4.315308,-10.032919
HGH1,6.4068227,1.8169057
CACNA1C,13.127433,-5.180138
TOLLIP,14.190744,1.517092
MT1M,-3.7811763,-1.0569868
UCHL5,5.100653,1.7838677
ZGPAT,-6.2618556,2.1400118
EEF1B2,14.855838,6.4759107
TLCD1,-2.988747,13.915622
ANKRD34A,-3.3952918,3.9894097
OMA1,1.6149822,-6.236783
IFI35,-6.9934134,3.4911299
CYB5R1,-0.45745945,7.100896
SLC22A23,0.8623115,6.537273
ERBIN,8.114005,4.859884
TRMT13,7.6363916,8.990957
GCLM,-2.0551858,1.3406819
SEC62,3.6141546,6.3704405
LDLRAD3,0.15704267,8.086402
TALDO1,-2.3204215,11.057209
GALNT8,12.108114,5.0874124
GTF2IRD1,11.80571,-8.018543
AP5S1,10.698027,15.166396
BCHE,16.39893,-0.9533414
RASA4CP,19.217463,8.03167
TBK1,4.777815,-7.528936
KBTBD7,-0.6770952,-2.1664944
KHDRBS3,6.3410664,5.725924
PANX2,8.016082,-1.5999849
KIAA1024,3.4846764,7.98607
SLC16A7,5.586657,3.616389
PRRT2,-4.1970525,1.7888204
DCAF6,10.212667,4.8309655
YIF1B,8.119559,6.6471705
CPEB1,3.6432102,8.799945
DEPDC5,14.509833,0.8536962
ASXL3,13.442374,6.7672234
C1S,-3.613714,-0.8755666
CNST,10.453025,3.4159062
ATG16L1,-4.6808233,4.1364655
MINDY3,4.157365,1.0884067
ZNF7,6.569394,-10.045991
CCDC184,-3.0864615,4.4084525
CHCHD1,8.470995,8.161133
RB1,6.0397854,-5.916948
PLEKHO1,14.543428,2.3175373
NARS,5.0936317,1.7547102
TGFBR3L,13.611251,-8.244301
NEU1,11.925799,-7.008979
SLC52A3,-4.7927165,-3.9096565
TIAM2,10.979741,3.5492816
ZFYVE28,8.783473,11.066363
NHLRC2,1.2603922,10.158581
ZNF549,-9.107197,-5.5745263
HSPA12A,-4.284019,4.3127427
VDAC3,-2.8049839,4.56192
CXCL14,-0.7521699,12.175432
CHST3,4.7201495,12.426048
SPOCK1,6.1214566,11.251608
FLI1,-5.726128,-4.5411806
KCTD12,-2.641616,-5.033372
SNRPB,2.5386055,11.176149
IFT140,11.404146,-1.5675232
MTF2,3.7218316,-7.9498467
CPT1A,-1.0154145,14.352172
FXYD1,4.346416,10.5465355
UBALD2,-4.1238694,-0.5050122
RABL3,0.23909797,-5.824802
PLK1,-0.541296,4.9613485
EEF2,2.723099,15.50127
APOE,4.564917,5.553117
CPT1C,13.826279,-3.9182622
CELF2,10.493093,4.2283883
NUDT11,6.0357747,5.1158395
TCAIM,6.2784653,-5.9943495
HHIPL1,13.77204,10.4452095
TRIM17,6.9413223,-0.16513719
ELOVL7,-6.792799,-2.9310718
CRHBP,3.0650072,8.132975
METTL14,3.9116123,9.69001
PLEKHA3,5.233724,-2.3752537
SUZ12,-6.861742,0.2616663
SORBS1,-2.2701185,0.56347543
MSH5,16.363907,6.124164
RASSF2,7.54572,14.192285
STX7,6.769994,12.707794
VPS9D1,15.223407,-5.388184
TBCA,11.3137865,12.036598
COL9A2,5.7679663,6.9685497
TK2,-1.0003061,0.12500948
EEF1A2,11.921556,-6.681644
SMO,-0.67650497,14.497669
ACACB,7.7806206,0.17890808
POLR2J3,-0.07246091,6.053216
DFFA,2.2784927,12.370503
OAT,-0.84652483,-3.2124686
FOXO1,2.3933945,0.6759046
SPAG16,6.3549232,9.99887
MUL1,10.475406,-10.517125
CEL,-0.26268822,3.8573785
TCEAL6,13.761429,0.19627915
CRTC2,1.0917885,11.708721
HINT2,-3.28702,6.618109
TMEM59,-0.96780473,-3.7666287
PLCB4,1.7864125,-11.65497
MYO15B,5.6523104,5.869305
RIPK2,-2.1675587,-5.1450243
ABHD17C,-1.4645092,11.431128
TLK2,-6.5226626,6.140086
BAZ1A,4.653391,12.504946
RASA2,3.6868505,-7.8091197
EXTL3,14.664418,1.2132741
CADM3,11.844486,-7.4226737
CTCF,3.4447558,-3.643489
ZCCHC14,-7.879444,10.661654
AJUBA,-9.460854,1.6467812
SOCS5,0.5034523,-3.4165962
MAN1A1,10.3078785,-0.33688042
KIAA0408,0.70520926,-2.7218244
STAM,0.7213596,-2.6795807
SLC36A4,4.5969114,-7.4214673
DNAJC5G,-2.5519013,9.354086
NLRC5,-6.9911313,3.489588
ALAS1,-1.9915613,-5.8910065
GLUL,-1.109073,11.003258
POLRMT,10.509893,14.93842
ANXA4,8.035087,4.082528
LEPR,-9.674816,1.5999722
PLD2,0.90089744,0.94645315
CCT2,-2.5866623,5.885186
DXO,0.4171468,2.2602499
HNRNPR,3.3630068,6.5426073
PDE4B,9.576976,5.305294
CECR2,8.118529,4.965806
RTCB,-2.0012848,-5.9169197
SLITRK5,5.7447877,3.6311855
KLHL22,14.745996,-3.4153862
GNS,0.16514872,8.11678
SLC19A2,-6.619767,5.8334203
KLHL26,-5.1113887,6.794234
DDHD2,6.730102,12.715065
UBE2D1,5.451281,2.648376
KIAA0100,11.440959,-0.9582114
ZBTB33,-1.478997,-4.135309
DDX3Y,3.89886,18.346373
RAB8B,3.2481585,6.4012833
EML2,0.34462914,7.673467
TAF15,16.891195,10.968215
PCDH19,10.801444,3.5802953
ZRANB1,3.4561212,-3.6465108
SKIL,7.6699424,-5.5197916
SMG1,6.6403003,1.7487345
MRPL48,3.6549685,8.800267
LHX6,11.747448,5.346682
BTBD7,-1.3821429,5.330532
ACTB,0.20192024,1.0947783
DCAF15,14.350264,4.1091204
SMIM3,-4.3400097,-9.56493
ZNF711,-7.1319027,8.851324
RPL36,10.927958,12.526366
CAPZA1,3.0914211,14.024578
RPL31,11.244152,12.099926
MT2A,-3.7790687,-1.0596129
SSNA1,1.2805666,12.711074
NEUROD6,-3.8919559,2.1063077
PEMT,4.352062,10.631351
IRGQ,14.604196,1.193333
TMUB2,14.334586,-5.9967422
TRMT112,7.9927373,6.722795
TPT1,14.912392,6.568403
ZNF75A,5.074696,6.531667
ACOX1,-0.22189549,8.682198
ARF6,-2.6726353,-5.066912
TOP2B,3.6223304,6.405859
KIAA2012,18.73523,5.1245537
XPR1,5.546784,-4.51327
RPS6KA3,6.5257444,-7.191818
ADGRL1,7.053891,0.11437808
PCDHGB6,-1.4224937,10.005307
ABCA3,11.7551565,8.590321
TMEM170B,4.650458,4.222351
NCDN,13.180734,-5.248961
AGGF1,1.1048961,-3.6074142
CDV3,-2.7850308,-5.248302
MCHR1,14.393069,2.0844386
SDHC,3.6654322,6.390642
SMIM10L2A,9.218134,2.930857
ITGA2,5.7641435,9.374897
CSNK1D,11.28351,-8.112823
CCSAP,16.949886,7.27098
TSPAN6,-1.0338403,14.342512
DLX6,3.3508124,7.491636
MYBBP1A,15.186674,-3.466894
TGM2,-6.8518567,-2.9521244
CRYBG3,4.07307,2.565347
PRRT1,13.641384,-5.674235
SLC4A8,19.336584,1.1866661
KIAA1551,1.6433898,-6.2116113
PPP1R15B,-4.5895686,6.1436005
WDR54,7.3162274,7.4877057
SELENOS,0.99875075,1.263686
GALNT7,-7.097664,8.820431
COL20A1,16.322718,-0.9702384
NDUFS6,8.826654,6.677143
TADA2B,11.81007,-7.963342
TRAPPC11,-1.1875709,-0.83010787
ZBED5,-0.8678239,-0.3538268
TMEM254,-5.334289,3.620511
BIRC6,3.7756655,9.5796385
THPO,6.935923,-0.17952551
TNPO3,-2.6687713,5.9713006
ZBTB12,8.291404,14.352282
ZNF471,1.9428549,-5.922644
HNRNPA2B1,1.1229013,-6.624468
SLC35B4,10.218709,6.5879717
ZBTB47,7.139624,14.748379
AIF1,-6.355382,-6.274143
NEK4,2.8338437,-2.9805634
ATXN7L3B,0.9124833,-2.968345
RFC1,3.446743,9.537126
CCNY,-5.6310096,10.752209
DACH2,13.134751,5.535167
FNDC3B,-0.7151194,0.9838035
PLCB2,-6.0778217,-6.1952477
ZNF529,-7.9297075,4.9506855
POLR1C,14.362429,-3.9629989
KCTD2,16.896126,-2.7025902
CLEC11A,-7.69806,7.979145
SUCO,1.2520163,10.16951
ANKRD10,-0.55463696,17.301886
LATS2,-6.8084435,-3.7267747
CPOX,1.4793344,-6.334989
APPL1,7.978861,-6.6852794
B4GALT5,5.6260376,2.070121
SNX3,14.350411,4.1094537
MKNK2,-4.5032372,-2.1688647
RFX3,6.856006,12.999137
RNF146,-7.1027527,8.834432
NOVA2,7.303867,7.9268265
KPNA4,3.4107542,0.9183197
FGR,-4.789595,-3.909024
ADCY5,-3.2845304,3.6352994
EPB41L5,-1.1664274,11.013969
HSPA2,8.28628,4.6519423
PRMT5,9.568876,-4.0401926
CHUK,-6.899811,0.3020314
GIGYF2,5.191419,-4.746569
NEK8,-3.3981817,13.795866
PIAS4,1.3066094,12.677351
PLEKHF2,-6.6022067,5.8130097
TFPI,-9.687815,1.5954297
POLR2J,9.0193405,5.981339
SRCAP,19.2238,1.9454569
USF3,6.396049,-5.8105283
MT1X,-3.7960467,-1.0971628
TNFRSF6B,-4.6782465,-3.7164674
NDUFA12,8.482921,8.047316
AGPS,5.570312,-0.75242347
LGI3,7.451554,2.8267133
TRMT6,-4.470523,7.9005456
TXN2,4.356176,10.622237
MYCT1,-5.9113603,-4.333297
ATOX1,16.81379,10.891692
DOCK1,7.309006,14.672901
HN1,13.834954,0.3578549
MEG9,-4.026199,4.554482
BCKDHB,9.023084,0.7573006
DHX36,17.942587,-0.5725955
RLF,-0.754049,-0.48373404
MTCL1,12.764898,-3.3845305
CHI3L1,-3.096279,-0.2424535
ASS1,-9.435735,1.0211459
SH2B1,-2.3087122,15.401727
MTRF1,-5.3199368,3.6264465
CBR1,8.065536,4.16629
FOXF1,3.3865328,-1.908246
ZNF622,10.15807,-4.3709226
KIAA1958,3.4432077,9.504825
MS4A6A,-6.5606976,-6.377632
ASPHD2,12.775773,-3.4080124
ATRAID,1.1054455,1.3424157
FAM163A,18.704084,5.148516
PLK2,13.494422,7.0762944
MIGA2,14.750458,-3.4095278
WDR82,0.9211253,-2.968656
AFF1,1.0294136,1.2187887
GRM2,-0.7692679,3.3597193
UBR3,4.734614,-7.0978684
MYLK,-2.0139894,0.07242306
AP3B1,4.6875186,12.523651
SCD5,8.836064,0.58753365
GCDH,14.875315,10.485638
GLDN,5.790803,7.0136056
MT1E,-3.778221,-1.0551133
FAM135B,10.066989,5.6666512
GTDC1,0.6426715,-4.156759
GNAL,10.789347,3.6860478
ANKRD42,10.393311,3.3120227
ANTXR1,-0.37258384,9.015538
CEBPZ,-7.6501665,-4.107713
RIMKLA,10.38257,5.310342
B9D1,6.9252305,-0.20241511
GRIN3A,-4.562043,9.33195
CNBP,-7.4830217,-4.056208
PPP1R3F,0.8199649,15.119244
TRPC4AP,6.62471,3.3289158
ARID4A,-7.185064,8.903903
IGIP,2.4750173,-12.850219
TCEAL4,16.893288,10.969413
HIST2H2BE,0.9952217,6.657082
FAM134C,14.325519,-5.9952865
SGK2,8.366241,4.494681
ARHGDIG,9.239937,2.9571412
NEUROD1,19.379007,4.6629524
RDH11,-0.9059469,-3.1715178
AKT1S1,10.711619,12.786991
HSD17B7,-0.8318173,-5.2746253
TMEM63B,11.920351,-7.0335884
VSIG4,-6.728677,-6.5506935
NAGLU,4.774696,10.325741
HYOU1,18.253654,6.427594
DCAF12,-4.545723,6.1013446
MRPL24,8.401364,6.6641965
DNM1L,10.021812,6.2520866
GRM5,18.25453,6.429341
B4GALT1,-5.695415,-2.952124
TMEM9,10.139268,-5.120523
FBXL16,10.381372,9.714608
KCNA1,5.765325,4.5735893
ITSN1,1.7814416,9.955254
FAM149B1,7.1248555,10.464763
DRD5,3.5846126,3.2363217
SLC44A5,12.599869,-3.7804658
ARRB1,10.453946,9.65972
SYT7,13.998787,0.80514354
BECN1,1.2460251,1.105935
JPH4,9.631927,9.80965
CDKL5,16.950773,7.270666
KRT10,1.6978567,-9.222896
FRMD6,1.6897879,17.092613
MOB3B,4.7987328,9.040855
TTC9C,-2.9168904,7.4741554
MPRIP,0.6401495,-4.2275224
HSPA1A,-4.8627253,-1.857314
NEK9,8.8053255,0.18965231
ZNF554,15.239035,-3.4968643
MECOM,-5.9001193,-4.334323
TRAF4,4.6334267,10.326587
ARMC8,-0.13841589,-1.2612755
GTF3C4,-7.158177,8.87738
TRIM3,13.841628,-3.9060087
NTNG1,-3.3845081,3.9514692
TTC30A,2.9492443,2.5702465
PHPT1,10.980526,12.450992
PC,3.5176322,11.649148
CHML,-4.5640945,9.332784
SLC7A2,0.13921301,8.053142
SNX27,19.340092,1.1479985
LRSAM1,15.040335,-3.143334
SDF2,-3.137179,7.619034
B4GALNT3,13.212508,7.4349794
NDRG1,8.154764,4.8324475
PTPN6,-6.499446,-5.547156
STRN4,14.513135,2.2752135
EXTL2,5.5538263,4.0250187
CACNA1D,12.64741,-3.7639112
RSL24D1,5.7315173,2.0814052
OLFML2B,18.185062,0.25885487
ZNF217,-0.57059634,1.0663513
ZBTB25,-5.3331265,3.6230235
HM13,10.365904,-10.388683
FAM20C,-1.6202825,-4.2268624
SLC4A2,0.70918304,0.44897565
OXLD1,11.185136,15.626552
ZNF775,1.2751833,12.716548
DDX3X,2.855105,-2.9955368
OTUD7B,8.109659,4.8717227
PITPNC1,11.928167,2.7467592
TTL,0.64520884,-4.1524124
PRPF38B,2.8670008,14.216593
TSPAN9,-7.9209576,10.703027
KIF19,2.4009688,-10.225967
TMEM38A,15.442826,1.3493042
CDK17,5.5498776,-0.7266831
MARCH3,-4.105667,-0.52355576
RUVBL2,11.318386,-8.079717
TRIM54,-2.5348835,9.3738
TNIK,14.281063,9.957869
RIMS4,5.8570457,-3.416018
CDK3,6.3487763,7.6125436
USP9X,5.199566,-4.747418
STAU2,17.326551,2.9562745
NEDD9,3.393169,-1.8964318
BDH1,19.187193,8.051085
UBE4A,2.8036723,-2.9645262
ST18,6.6622124,9.057738
FBXO8,1.2435194,9.529151
FAXDC2,2.769541,2.3186626
AMT,15.638733,-5.6095123
HKR1,9.664611,4.799583
PURA,8.008114,13.937864
BCL6,-3.839176,-1.1373256
KIAA0930,6.557395,7.061704
RC3H2,4.857282,-2.2792609
LAGE3,8.360766,6.7081156
SON,-7.6467333,-4.102929
ZNF767P,-10.714501,7.3576007
C3AR1,-6.273009,-6.218054
EVC,3.5309784,-10.850595
ANP32E,1.2733783,9.841362
TAB2,-2.28731,0.59326684
DAB2IP,-7.9263844,10.708205
TBCB,7.9772797,6.7289143
GRM4,12.821885,-3.4488196
SLC30A4,8.050266,-6.761317
POLR3F,-0.76829445,-0.6382189
NVL,-10.71425,7.3575854
IFI30,-6.4829025,-5.5103717
HHIP,7.177202,4.9826884
ELF2,5.777402,9.376079
THYN1,11.888683,-5.205821
PARL,-2.8346303,7.4680057
GLIS2,16.336334,4.0578465
ZNF398,11.184375,6.151524
ZBTB16,-4.753056,-3.9271371
COX5B,8.367549,6.4368978
RAPGEF4,14.699986,0.27636412
CGNL1,12.956309,10.615307
GALNT9,-0.7562762,3.369973
MRPL50,-6.0386295,6.07648
PHF20,14.343643,4.1055927
TTLL4,4.6719584,10.323003
ZNF526,8.761918,-8.589634
CSF1,-4.1228294,-0.50956076
TM4SF1,-5.8985424,-2.6158943
SDC3,-1.1180308,11.074501
ADM,-4.094561,-2.4665601
TAF1,4.345474,2.569577
SAMD1,-0.78473234,4.7627363
GTF2IRD2B,9.600335,4.744428
HNRNPA1,16.062994,12.998931
BUB3,10.758408,10.203634
SNRPB2,4.764812,-7.530285
HCN3,15.615184,-7.5237393
ZNF710,10.458623,9.657608
TRA2B,-2.3750641,-5.1679406
POR,0.4042585,2.2412755
MAVS,4.6228127,10.345491
RCAN1,-2.8237069,-5.2163835
PPWD1,-0.5634435,17.309797
LY6G5B,-3.012631,6.390581
RASSF8,1.3244889,9.793063
GLT8D2,-9.445244,1.050673
PLD6,-2.8302953,7.4453106
AGPAT5,8.791064,0.5269153
PITPNB,1.4159443,-3.299914
FGD2,2.807079,-5.339105
SEPT6,9.997096,7.177892
MECR,10.544177,-4.837548
GFRA2,14.689249,7.4003477
UBE2B,5.441957,2.6258063
PIAS2,-7.1012406,8.821254
NEK10,12.615118,-3.76425
CHM,-0.36886305,-0.97228235
EMILIN1,0.14934221,0.8116047
KRT1,1.7074459,-9.2102
PHF10,8.312352,-0.41654435
PACS1,-3.206056,13.659386
LMO2,0.15178087,8.093261
DPAGT1,-2.9326289,7.4514823
ZNF787,3.6867075,-8.0429325
TTN,1.7279636,-9.183222
MYO18A,0.78228813,7.2294693
SERINC3,1.5782937,5.63695
PPP2R2C,-3.291555,3.7054136
LRRC37A,-3.2869172,13.722851
AMOT,-0.2714151,9.88002
CD109,-1.0211598,14.348787
ZIC1,-0.43961677,10.410065
DBF4B,-10.082808,-2.1600912
ABCF1,9.9462595,-4.8017416
MARCH5,-1.9110414,1.189798
AP3M1,1.4325904,9.75065
EMC4,7.684014,8.009542
SPECC1L,0.13705403,4.6412625
RCOR2,-0.7452197,3.3845258
ELOC,4.791473,1.3502827
WASF1,6.364496,-6.9851394
VWA7,14.022892,-4.0144625
TTC26,-1.2381123,-0.8644696
PTPN23,10.510636,14.940086
PLAGL2,11.812463,-7.9715586
DBNDD1,6.9124975,-0.1814371
YIPF4,7.900674,-6.612337
SEC22B,3.3712633,0.8967694
RPUSD1,-0.060691655,4.045062
BCL3,-3.6784194,-3.2399685
MARK4,10.188536,-10.172754
ASXL2,3.8705218,6.503766
GPD2,1.253704,9.598557
ABCB8,-4.528705,6.1220555
UBR5,-7.769767,-4.236041
MTCH2,8.841007,0.6148747
RPRM,3.4348183,3.3678174
RPS6KB2,1.0878109,11.70363
ANKMY1,-3.2943573,6.6238103
SIPA1L3,-3.204168,13.576927
HOMER1,10.480734,4.272282
TOMM40L,15.250916,0.91844743
FBXL7,9.375146,1.1199005
SEL1L3,-0.9239459,12.3814335
ANLN,6.661512,9.071285
IQSEC1,5.9283357,-3.375209
RASA4,-0.057761382,5.910906
PER1,-3.5734353,-2.9408648
SGCD,-1.4424218,11.430816
SLC25A18,4.5706077,5.5611506
TUBB3,12.108858,-5.2442546
TNFRSF10D,-4.3210006,-3.3638482
FAM133A,1.1163356,6.7519517
UBA6,-7.8994207,4.98664
ODF2L,-0.70543516,-0.7020088
OPHN1,11.706801,3.0637076
ECHDC2,-0.2943769,7.19122
GATAD1,12.178185,11.087711
TRAFD1,8.061073,4.1483297
PIGQ,15.107573,-5.4370103
GCLC,14.068471,-6.1606703
EBF1,11.529541,10.845191
FGFR1,0.0041139144,1.2506267
MAPK11,15.080083,-5.439936
EIF1AX,4.832745,-6.955469
ADGRF5,-9.421866,0.7497025
GMNN,-0.82118636,14.446046
CNNM3,-2.6187074,-8.144808
YWHAQ,8.147504,13.513021
PMPCA,-3.6571407,13.629166
TAF1D,-5.110807,6.7934732
BAZ1B,6.85529,14.978164
MAN2A2,0.7811457,7.252129
PIAS1,2.8466678,-2.9903355
HFE,3.5291505,-10.852986
LHFPL3,16.400578,-0.95310515
BRPF3,16.753183,-5.811142
ACSF2,12.925799,10.635463
RASD1,-4.0884104,-2.9316413
CHTF18,11.2708,16.192091
ENAH,8.69927,-0.18779323
ZNF574,10.200967,-10.189422
CANX,4.6905303,12.766747
KCNH8,5.5077024,6.6814938
DDX20,-1.9275217,-6.3107367
PITPNM3,5.864737,-3.4012077
JADE2,16.75246,-5.8123856
KCNAB1,5.5877175,4.201661
KCNC3,12.640351,-3.218609
DNAJC18,10.401325,6.072854
PSMD12,17.827703,3.6663988
SEMA4B,-2.9357505,14.023292
RPL26,14.855029,6.4760585
RRAGB,16.840221,0.9922957
ZFPL1,10.766809,12.736545
CST3,4.563687,5.5507803
ATP13A1,11.232834,16.197712
MRPL30,4.7409787,1.3847052
GEMIN6,8.861974,-8.666293
TOM1L2,11.346289,0.64618224
ARX,-0.019009233,10.219104
MLF2,7.857858,7.7232323
ITPR1,4.2932825,-9.966942
PKN1,16.395744,4.000926
CCNG2,5.8581758,-5.7874126
KIAA0368,2.581595,4.20205
NAA20,-1.8421892,-6.5442424
SERPING1,-3.5835936,-0.85785174
OTUD5,-7.797675,1.053655
PMF1,10.788645,12.706931
TTC33,5.273702,-2.3757534
UVSSA,4.1998816,13.191571
BLOC1S6,5.2505317,-2.3589702
VANGL2,-0.32623988,7.1784406
EIF1,-6.5167665,6.1758275
FUT8,5.0656104,9.210953
ZZEF1,-6.3203096,2.2399676
PLPPR2,14.424496,2.1683047
KLHL29,4.920039,-3.5020952
MYH7B,6.7734694,3.5179415
NFIC,0.65256464,15.398469
FOLH1,5.7646194,6.9847937
NTHL1,19.258102,7.740126
NDUFS3,9.925926,-5.2859826
ZNF879,-6.192367,6.6027746
RNF138,7.313603,-5.881897
ZKSCAN8,1.2218754,9.507711
SPRYD7,6.438109,-7.092054
IVD,3.510643,11.657871
PCSK1,-2.6759527,4.659589
USF1,11.726644,-7.958087
COX7B,8.48315,8.077508
PATL1,-4.0484443,-0.602158
SNRPE,-3.795719,11.605711
ASB1,6.728189,-1.2440633
TIPARP,-2.3057687,-4.8113313
NOL11,8.03936,-6.7424874
PREX2,-0.86315763,11.172242
DNAAF1,13.221224,7.4261255
TMTC1,1.494734,-8.155025
NAA10,2.4102378,15.103215
PCDHGA3,-1.4043657,9.9942
HBS1L,2.419479,4.2460847
AZIN2,0.8194582,7.834464
SAT1,-4.1037173,-2.809704
MARCH4,10.436754,4.2034984
SMUG1,17.717104,0.9402417
ADGRB1,2.8173335,14.247991
ATP11B,6.786195,12.754386
CACNA1B,12.640004,-3.7668138
ISG15,19.727314,-1.5498564
PPP1R3D,14.493352,9.674792
ZNF248,-5.0358005,3.895835
PCNX2,14.486339,0.8246605
UQCC3,16.285769,-8.5149555
PTGR2,9.018632,0.75575906
EHD2,2.1953084,-8.176946
MARVELD1,-9.320112,2.2224112
RFX1,0.050499428,4.710726
BMT2,6.4337816,1.8092146
TSEN2,9.927454,5.211964
DTWD1,9.905003,5.1703067
RBM19,-0.06385755,6.6461806
C2CD3,-0.060826942,6.642587
ZSCAN31,9.95027,5.19383
ZNF603P,9.931963,5.213998
NPIPA1,2.8375816,-8.074626
NPIPA5,2.8370032,-8.075163
NSUN3,8.1720915,13.415359
MRPL38,8.181212,13.428967
MRPL46,10.01949,5.172659
SNUPN,9.998899,5.191516
CCDC82,-0.93559533,-0.23084146
SPDL1,-0.90005445,-0.2986435
MTRNR2L8,-9.442938,1.0276579
MTRNR2L12,-9.442065,1.0033085
HPF1,9.976164,5.160545
CCDC43,9.944,5.1158037
RARS2,-1.4223481,-4.0782633
ZNF185,-1.4549243,-4.115832
CBS,4.042961,2.6090918
CBSL,4.106928,2.5975978
TRPV2,-6.622952,5.8082285
CACNA1H,-6.6284423,5.815706
CCZ1B,2.664011,14.404279
CCZ1,2.6619673,14.403388
ZNF589,1.3625982,5.5896215
MTERF4,1.3646829,5.5895457
DGCR6L,-0.6278023,-0.6674528
BAD,-0.662579,-0.64945364
FAM182A,9.644516,4.793535
FAM182B,9.655683,4.8020287
ZDHHC11B,2.3563173,14.94324
ZDHHC11,2.3634129,14.942518
TMEM176B,-2.2274802,0.5918979
DHRS4,-0.24926388,9.784968
DHRS4L2,-0.25396267,9.77463
MCM2,3.7215166,-8.023413
ZNF385C,3.7171192,-7.982835
SMOX,7.760519,0.18460795
KLHL32,5.0393267,9.226295
RIC3,12.161124,14.950807
ANKRD19P,16.164928,-4.86133
SPG11,16.105125,5.902987
ZC3H12A,3.456193,-1.8188728
EDRF1,5.0851493,-7.8705654
UBQLN2,5.69963,-2.1599152
C1D,6.5184445,-7.1754622
OCRL,11.155868,-5.0739536
SPATS2,10.064533,5.6788282
SDHB,4.975683,0.0043369685
FBXL17,5.613832,-6.338491
OS9,6.6744843,-8.040873
XRCC5,-2.2037501,1.5293446
TGOLN2,8.173332,13.439563
ARHGEF37,6.4582443,9.412426
TBX3,-4.3438163,-9.561197
TMEM141,19.275126,7.7826533
B3GALT6,17.716444,0.94056326
STUM,-5.6355505,10.753974
GPR17,16.35268,-0.96564054
UBL4A,19.028837,7.490151
KCNN3,7.764065,0.1801237
PPP1R26,10.778249,10.221313
TTC21B,5.2303805,-4.7157803
U2AF2,-0.2382145,5.2452645
SDPR,-4.2946463,-9.611325
GFOD1,4.926813,-3.4953206
STMN1,17.386168,3.4636164
PCGF2,7.88973,7.7075057
IGFLR1,-2.843037,0.08097411
TTC30B,2.9343696,2.5526547
AQR,1.6669663,10.171697
RNF157,5.931402,-3.375927
TMEM229B,19.012974,7.381086
MGAT4A,4.928045,-2.3038595
MEA1,7.765511,7.921881
MIA3,5.5428414,-4.5191374
LACC1,7.526996,14.20765
ADAM23,5.5563636,4.0354133
GM2A,8.764432,0.52173847
U2AF1L4,17.055363,11.144031
PRX,-4.309579,-9.595723
UBE2J2,10.473627,-10.514
PARD3B,-0.36450475,9.020817
ZFAND3,9.3508215,1.0919489
FTSJ1,-4.4694815,7.8978477
TMEM120B,15.903362,-4.919422
DDO,0.038211636,7.6373715
GCFC2,-3.2213833,-7.4401484
INTS13,4.7381396,8.934828
BANP,9.468118,4.4354234
ANK1,8.015747,-1.5979232
SSR3,4.69199,12.806535
ACAT1,-0.18740673,7.51906
CLDN12,11.042896,3.522772
ARHGEF17,-6.3019714,2.5653286
RNF38,5.4656897,-2.3327441
IDS,-3.2865682,3.6506982
HBB,-4.9713397,-3.7772522
TMEM38B,3.6479845,13.615639
CADM1,14.461612,9.465422
GPRC5C,14.462654,9.385503
FARSB,-2.8597453,4.522636
KCNK12,19.012278,7.386786
RAB35,-7.7993674,1.054289
MAN2A1,4.825779,9.083505
POMGNT1,7.0799484,3.6033463
ANGPTL1,13.822118,10.409354
NDST2,-6.3172693,2.2586517
PDZD7,15.742087,-7.6373796
PTRF,-7.0152836,-3.8511264
XRN1,3.050494,14.056018
NONO,-4.0327578,-0.619285
ATP2A2,5.436887,2.5136917
NAP1L5,6.381574,-7.03701
NDUFV2,1.5468664,5.6486874
PSMA4,1.5457447,5.6740217
CIR1,1.0875356,6.7239957
UACA,8.027926,4.068051
ZNF433,-6.267826,-2.839795
GSTZ1,9.522167,4.4971933
FKTN,-3.054015,7.8012404
MIGA1,4.076531,1.1528533
ZNF225,3.9148726,9.691442
PGD,10.825843,13.791216
RBMS1,-5.8131514,-2.435868
BTBD3,10.166953,7.3033166
KIAA1462,-9.425325,0.7584527
NPAT,-6.853065,0.25202695
HSPA9,-5.090763,6.7794685
CPNE7,-2.5159647,9.412952
DNAJC10,3.7242465,-7.939651
MVK,17.071346,11.160821
NRXN3,5.7253137,4.498677
WDR90,11.249487,16.198217
POLR2F,6.7653584,3.514403
KIF7,12.202561,3.6781802
KCNB2,13.907554,7.354295
TMEM235,5.785426,6.9969387
KEL,6.717519,9.0850935
VKORC1L1,1.8247211,-2.677189
ZNF432,6.5255046,-9.790243
ATF7,8.767066,0.2097692
PWAR6,5.5096726,3.5916262
KIAA1549,14.806871,7.3926067
PGF,2.1810284,-8.159554
PHKA1,11.988449,2.968381
PLA1A,-4.7967496,-3.879341
RCC1,-3.1447203,7.632454
TLE3,5.6169553,16.386232
ZNF135,-10.0828705,-2.1601176
POLR2C,-1.9655783,-6.0883856
PDE8B,10.78307,3.7028162
ADAMTS8,13.657543,7.224837
TNFRSF10B,-4.282205,-2.531951
INPP5K,10.422671,12.966816
IREB2,-6.859492,0.2587056
TBC1D17,1.3054805,12.697808
BICC1,18.29045,5.3752017
ZNF862,-0.2920026,17.06939
FAM19A1,13.269467,6.8923664
MTHFD1L,-4.497809,7.9273195
PORCN,11.921436,-7.052317
SPARC,-6.9301515,3.4404747
KMT2D,19.224316,1.944491
MTCH1,10.367965,-4.5999455
GPN1,-2.3538127,-5.0763884
AK1,8.434161,6.72524
PCDHGA5,15.041572,9.55709
GALNT10,4.6410365,12.873168
TMEM43,-7.780871,-4.249018
NELFE,7.932776,4.0249667
LIN7B,7.342489,7.5402913
HELZ,6.0181417,-5.891286
LIMD2,13.129374,8.004042
SF3B6,4.738662,12.911773
DIMT1,2.8171504,14.255278
WDFY1,-6.878949,0.2795737
TRIM7,15.933345,-4.731738
COG3,-3.2272444,-7.466077
SCN2B,10.498229,4.9382787
PRDM4,10.502556,6.687925
LETM1,-6.3157835,2.2687986
CDKN1B,3.407138,6.4108915
ANO3,13.286343,6.9006424
SEPT3,10.504803,4.94205
KIF1B,14.6750765,0.30770198
CCKBR,-4.0265894,1.9654068
SLMAP,7.6013293,-5.583921
ZFAND2B,11.340355,16.440681
ZNF292,3.9277775,-7.482599
PRAM1,-6.3930287,-6.039092
ICE1,17.942636,-0.5723959
H2AFJ,0.8882619,0.9675572
CCDC91,6.7675567,12.667363
SCN1A,5.554175,4.0246005
ENSA,0.6559656,-4.152567
PDLIM1,-5.8522587,-2.6120684
RMND1,-4.260201,4.2927628
ITGAV,-1.0451198,9.441102
TRPV3,12.781289,-10.023393
ANKS3,11.138834,16.235035
PRICKLE2,14.805373,7.39728
GNG7,11.351489,0.65045106
PHF8,4.7052674,12.44771
DSCAML1,0.48904026,7.6579056
FNDC9,7.388386,-7.6338186
SPEF1,14.695519,7.405302
FXYD5,-6.984429,-5.6198564
ARMC6,14.280419,-5.958805
BTAF1,2.6705754,14.38852
KLHL7,5.53401,-2.2646978
PSMD6,-1.9897631,-5.96035
ZNF319,-0.7804148,4.7698946
ECHDC1,3.3864713,6.5270863
ABHD16A,10.319164,-10.335561
ABCB9,15.50558,-5.5331645
LDLRAD4,6.7627664,10.445174
STAM2,8.310739,-0.45721868
DDN,9.427098,3.3427896
CCNH,0.35063258,-10.650192
ZDHHC23,6.376496,5.784013
RNF25,10.4100895,12.984495
SETD4,-0.82269114,-0.38404095
ZNHIT6,7.908672,13.96008
UBAP1L,-8.647276,6.7604613
SNX14,5.23471,-4.711153
ZBTB7B,4.843301,12.294631
SLITRK2,11.065089,7.3271637
SNX17,9.9299,-4.8173394
RFTN2,4.017516,2.4034083
GNA11,10.229807,-2.1140943
FZD8,11.067738,7.350657
CHMP1A,14.438796,2.1864688
COPRS,7.5213394,7.9122076
SFXN5,-0.87229294,11.43203
PUS7L,5.562659,3.5755782
INTS6,-5.187486,6.7077217
PRR36,13.436448,-6.1574645
GSTM2,13.832604,10.206696
GUSB,6.5468507,-10.027373
COL9A1,16.32678,-0.9691874
JMJD1C,-5.2701645,6.652518
MAD2L1BP,9.71338,-4.132608
KCNH5,12.906833,6.119631
FAH,12.93133,10.63128
MAPK6,6.7703614,12.739308
TMEM129,-2.6211386,-8.151644
E4F1,11.126285,16.24694
YPEL2,1.42567,-6.393198
BZW1,4.2048373,-12.351517
COPZ2,1.911368,14.57883
HMGA1,14.745169,10.568043
RASA4B,-0.037775863,5.9289727
DGCR2,11.36434,-1.5409703
KCND3,4.342716,-10.059204
ZNF423,13.781992,10.440476
PAK5,5.328717,3.783973
ADRB1,13.447858,7.032298
BCCIP,-0.476225,14.605975
BCKDHA,14.874095,10.48549
ORC3,-0.964471,-0.028586207
MAP3K7,8.036274,-6.748327
P2RY14,-9.350472,2.2561495
GOLGA7B,14.144479,-6.013194
EIF3M,16.063467,12.99774
ATR,-0.74765325,-0.47382492
RAP2A,6.512393,-7.169945
LNPEP,5.162102,-6.643762
FGF13,9.416948,3.3297443
SMAD3,14.74662,7.9811544
GRM1,4.3026342,-9.9907465
MTOR,11.444239,-0.952115
SOX5,-1.4473678,11.420799
CHST14,1.9243736,14.586454
COX6A1,8.370404,6.42555
NFIB,4.5349298,17.2404
PDHX,5.1882772,1.8380547
CRTC3,9.690062,5.2603354
ZDHHC9,7.318818,5.0632367
SLC23A2,-0.99734896,12.609086
PLSCR4,0.9077737,8.820097
KRIT1,3.908373,-7.4963684
SLC25A28,1.3233317,5.7060633
ANGPTL4,-3.8375103,-1.1784515
PLEKHM1,-0.07001573,6.5260386
DNAJB11,-3.254136,-3.6018016
PI4K2A,14.242456,-3.8811705
RAB3C,17.026047,3.5478077
ADORA1,0.8403432,7.8384447
INO80,2.4266648,4.3049088
RFX7,5.8605156,-5.7783384
SCN3A,10.482526,4.246127
SNHG6,11.250789,12.093959
FOXK2,5.0910068,-3.6301935
MTSS1L,9.342913,1.087057
BSDC1,8.806994,-8.566209
KDM3B,3.5219357,11.643245
H2AFX,0.5957339,2.7541955
ELFN1,3.3860593,7.5482135
SULT1C4,-1.0624427,14.314422
ZNF44,-6.236953,-2.8563225
UBN1,10.500094,6.6919312
ZMYND12,-0.9837365,0.03011341
RNASEK,13.803265,-4.2111325
ERGIC2,0.8182516,-3.6494677
ABCC12,-3.8862877,2.108004
ACAD9,-5.9546876,5.975792
FAM134A,11.161547,-5.0617566
PRNP,1.7796291,-11.668115
ARMT1,5.5931582,-2.2253263
MGA,4.6399136,2.4870453
STYK1,13.4397745,6.97078
B4GALNT4,11.083832,-1.6615139
TMEM64,4.738283,8.934903
PSMB6,7.724918,8.025569
DLX5,3.3266594,7.471232
ARMCX5,8.798395,15.807525
SF1,-6.260662,2.1041515
ZNF334,-3.0591874,7.8343296
VPS4B,7.093232,10.464376
RELT,-2.4869683,-8.993437
ARMC9,13.151527,-5.2089534
MYO1C,2.207526,-8.188363
MKRN1,4.3697705,-0.39278668
TSEN54,-0.04535461,5.995656
OTX1,11.913278,3.3637695
SLC25A10,11.105905,15.759453
MFSD9,1.789829,-11.643727
MT1G,-3.7804022,-1.0591931
RBM10,11.200161,17.107439
ZNF614,0.8740397,5.471986
TRIM47,-3.1875386,-0.37987304
HEATR5B,5.2845993,-4.6817813
EIF3K,8.359081,6.422874
LEPROTL1,-0.06722382,-1.1672691
ZNF182,-7.859393,5.030583
CD99L2,11.173294,-5.053573
LRIG3,8.031114,4.0724883
DHRS13,9.736245,4.820654
FNDC3A,-6.888942,0.2900891
TTYH3,9.238484,10.032996
WDR5,-0.18598746,5.307078
DYRK1B,17.717253,0.94035023
ATP4A,19.375303,4.6602626
PRMT1,13.820639,-4.2252045
OSBPL9,5.736037,9.359503
FGL2,-9.487388,1.2662938
NPRL2,11.340822,16.765427
ECE2,6.7733135,10.9117565
WARS,-1.5925968,-4.2097473
FMR1,8.234108,13.397271
MSH6,4.6215954,2.4892414
PCLO,17.330683,2.9805615
SLC30A9,2.0492294,-1.4402205
TMEM87A,3.8365428,2.321879
LRRC41,-6.3716116,2.6972172
HCFC1R1,2.4061625,15.108033
APEH,9.837135,-5.3815393
P4HA1,-1.802121,0.98145586
GPR107,14.767701,10.52745
ABAT,6.8520484,12.984439
GLO1,1.2950441,9.329724
TMCC3,6.434917,9.472847
MYO1B,10.284104,-0.31003276
GNPAT,-6.2042575,6.59636
S1PR5,5.7735615,6.9937396
ZBTB14,3.3071237,9.537157
KIAA0355,9.037324,5.3156886
PRAG1,12.613045,-3.1437504
NME1,13.764108,0.20857053
ANKRD13C,4.6147194,-7.4187884
BCAT2,5.715291,14.356126
TECR,0.8554199,0.25417686
SCG3,-1.2129358,9.4451475
HECW2,6.1214886,11.2492695
GDAP1L1,11.929501,-6.6927466
PSMC6,8.22368,2.0979943
GALT,19.215746,8.03403
SAE1,-7.8060365,1.0600451
PALM,10.717463,-1.8950094
ZNF100,-3.0674567,7.864431
CAT,-0.2448371,8.720616
LDLR,-3.6894383,-3.1825466
HNRNPH3,1.1214685,-6.6264544
COPS7A,11.592133,-6.4888844
TOX2,13.137672,7.9896703
TANC2,10.403854,4.189918
TMTC3,4.9577084,-6.716944
PRKCI,5.2344174,-2.3617482
BST2,-6.9822116,3.4876506
ROBO3,-3.4116597,13.817033
TMEM167A,6.2911177,-5.871437
KIT,3.4699285,7.746827
TMED9,6.69504,-8.027776
LUC7L3,-7.106551,8.831409
FBXL20,14.09549,13.583721
PCDHGA11,-1.4284161,10.007936
SPOCK2,9.223034,10.046692
ALDH5A1,-1.0059164,12.619925
BCAN,14.67217,10.415499
ALCAM,4.76071,8.969814
ACTR3,6.524148,-7.1928663
CIPC,3.2374768,9.569828
PWWP2B,13.43462,-6.1668124
KLHL2,7.447721,2.8339243
ZNF577,0.6906412,5.469374
CANT1,8.8275175,-8.641976
AP1M1,13.507129,-5.6835384
MYO15A,15.744673,-7.642983
KCNK2,18.18292,0.25322956
TMBIM4,8.758796,0.22046843
GALE,8.018423,13.92758
FLRT3,5.6276655,4.2334647
ARHGEF18,-0.078311615,6.530973
NAA60,11.157727,17.204744
NDUFS1,14.01318,3.6682193
EEF1A1,-3.7694798,11.614587
GCNA,9.498033,4.4551005
RARA,-3.182455,13.617904
POMP,18.686132,-4.4543424
DHRS3,-0.81141436,14.467397
SCLT1,-0.7791689,-0.42292318
TP53I11,-9.440028,1.0283757
NAV1,12.781003,-10.023026
ACTN2,0.80644846,7.832758
PTPRR,-4.0632114,4.476601
SREK1,-6.8999677,0.3025104
PGM3,-7.6472187,-4.1184726
TMPRSS3,-2.9115422,14.048501
DENND4A,1.4926088,-3.6156032
HACD2,7.687408,-6.409677
SLCO3A1,7.1469383,3.2875464
STARD7,2.8379655,-2.9835646
NUBPL,6.198118,9.98533
ATPIF1,4.357121,-0.46188882
TCF7L1,2.3227968,14.852488
PRDX1,1.0058835,1.2793113
PDGFRB,2.30109,14.82373
VPS26A,8.271393,13.3581505
ANKRD11,15.479223,1.3557911
CHCHD5,4.3544245,10.626274
COLCA2,-2.7084436,13.939142
ANKRD18B,1.088658,6.722928
KCNJ10,-0.82746524,11.753281
MAN1C1,19.371058,4.6668735
SFSWAP,0.580358,6.3958526
CDK7,-4.436219,7.852658
ARL14EP,16.950907,7.2708554
GRM3,15.967143,-1.0360231
PHGDH,4.521508,10.399452
PRLHR,3.4024787,7.8478503
FAM91A1,3.540796,13.694022
MRPL55,7.3227725,7.492552
PLEKHM2,10.150619,-2.153208
MYLK2,-5.173657,-5.1194835
TRIM67,3.4825032,7.9923873
FLT1,-5.6413345,-2.9476547
SDHD,8.37239,-0.424093
MARK2,5.096379,-3.6339762
KDM6A,4.6181836,2.489457
OSTC,14.922213,6.5807257
AGPAT1,15.256366,0.91362816
SLC6A8,-2.3279164,11.068768
SSB,-4.4387455,7.8548145
NDUFAF5,1.5464469,5.670586
DSEL,6.7590566,10.430538
MLLT3,4.303034,-10.068326
LIME1,10.793805,12.879014
PCDHGB5,-1.4316483,10.003788
CCS,-8.7498,6.6649146
DNAJB4,-4.8647556,-1.8530419
SEPSECS,16.146254,5.934599
KIFC3,14.544658,2.309716
PHF21B,-0.65214896,14.510731
POU6F2,12.316609,5.042442
BTN3A1,19.444988,-1.8806537
BBS4,-0.9445328,-0.02284182
AP5Z1,-0.31828213,-7.718215
UTRN,-2.008123,0.06382994
IMPDH1,13.426867,-6.179346
ADAM9,3.45767,0.94570917
TNS1,-2.0144894,0.077436425
ALPK1,-3.6347215,-1.4401759
TMEM184B,10.788737,-1.9559017
FAT3,18.285643,5.3780823
TECTA,-0.7922436,-0.41634944
SNAPC4,11.31586,16.227081
CORO1B,16.556572,3.8652751
WDR19,12.160268,14.950174
SEC63,3.637788,6.4006867
URB2,-0.6645255,7.040806
ZFAND2A,-2.486734,-8.994546
MIEF1,1.2489026,1.1028942
KBTBD6,-0.67566216,-2.1648338
FHL5,2.4833286,-8.230528
PRR3,14.368406,-3.9509833
REXO4,18.982855,7.4429035
KIAA1211,10.411043,9.702949
EIF4E2,4.3307195,-0.34828165
PNMAL1,10.522684,5.6747565
FADS2,12.073193,2.374634
RAPGEF3,2.707993,2.2809336
HOGA1,-0.35358366,9.060125
WDR86,-9.435754,1.0384256
EDNRA,-9.709194,1.5915688
CACNA2D2,9.339055,9.948991
STUB1,10.454688,-1.972452
ATP10B,9.083091,4.450263
PRCC,10.185023,-10.180606
GPR88,13.082899,6.4277954
SMAD1,-1.4787617,-4.1369686
ARFGEF3,6.207914,11.069027
ANKRD37,-4.105178,-2.4942627
UBR2,2.0686452,-5.804617
CACNA1A,7.040471,0.13606018
TNFSF12,13.756362,-7.8955245
GGT5,-6.8360004,-2.983769
CCT7,-2.6058264,5.904128
ALOX5AP,-6.3350506,-5.4928145
ARSD,-0.26690334,9.645826
NIFK,-2.3650157,-5.1025743
PPAN,10.182218,-10.178414
IKBKAP,8.842071,-8.644295
KCNJ11,9.362514,9.937222
PALMD,-5.447826,-4.843535
FURIN,5.616742,16.38608
TLE1,15.035242,9.557167
ARID1A,10.996797,-1.7547203
PBRM1,2.864228,14.221306
SF3B5,8.038707,6.7014594
PTPRG,0.40308264,8.781428
PNMA1,10.335479,6.054577
EAF1,-8.754747,6.653291
ARPC5L,9.726731,-4.1379585
CAMK4,4.9383783,4.0374184
DPF2,0.86479336,0.23219813
NOS3,-6.993183,-2.7140934
STAG3L5P,-5.020927,3.9452138
DNAH17,7.0846395,3.8054454
TMEM91,11.340195,16.21842
TOMM22,4.4451594,-0.5225113
RPH3A,14.429028,0.6835919
DPYSL3,4.6252627,12.887188
GRHPR,16.811104,10.8885145
TTC9,4.92757,-3.5209682
DDOST,6.695523,-8.02811
CYP2J2,2.696551,2.2574213
ZNF23,-7.6525345,5.251369
ZBBX,13.422777,6.789303
BORCS8,19.290886,7.7427955
MAP1B,3.723592,3.1341598
ZNF91,5.7269316,-4.3365483
B4GALT2,10.735847,10.189043
HBA2,-4.9533114,-3.7740552
ACSL4,5.531008,-0.71193784
CMC2,10.976942,-1.7750428
PRDX5,7.7284546,7.952472
RGS3,4.791397,12.342194
DBI,0.35302937,0.80350786
CNKSR3,5.765595,9.373008
CAPN2,-0.5394922,14.572474
LRRC8B,10.313424,-0.34581858
AASS,4.2224665,13.171342
ZNF48,14.541378,1.153806
MBD6,11.164551,6.141189
CHI3L2,-3.1035185,-0.24611326
ANAPC1,2.5553207,4.190173
FUZ,1.3050854,12.699194
LIMA1,-6.9071293,5.637298
VAPB,2.5468209,4.2113853
TMED8,-1.0060323,12.617056
TP53I13,-3.41152,13.8156595
MPC1,8.400932,13.199523
MEIS1,8.140061,4.9454994
BEX4,4.8260455,1.3871652
CES4A,-10.7151375,7.3578663
PREP,12.329762,-4.0776258
ACO2,4.2077947,10.580851
GTF3C3,2.0643446,-5.8078604
PLEKHF1,4.794107,12.339962
PNPLA2,0.5771293,2.7391994
METTL17,0.109644264,6.08444
FAM134B,3.7440135,3.0705638
XKR8,-1.8386792,7.173466
ABI3,-6.6903214,-6.406995
CD9,9.624222,5.2634034
CA11,9.263304,2.9909635
CDH20,7.765024,0.17993735
PDGFD,-9.235375,2.3387015
GRIK2,-4.0056143,4.5190334
INPP5E,-0.29093263,5.1817727
RAB3IL1,-1.9952617,0.1299805
GLCCI1,0.47627187,-3.4174964
PALLD,0.40509498,8.77698
MCF2,5.588122,4.193463
ABCA7,-0.34801936,5.1402597
STOML2,11.296345,-8.100838
NCL,8.17929,13.430639
CLPTM1,10.131664,-5.11743
RHEB,-2.1564581,1.4727756
SNTB1,0.423563,8.791625
CYLD,6.7798314,12.740802
SIL1,6.6975374,-8.027739
NFX1,2.4373965,4.3143716
ATRN,10.217818,6.589515
C5AR1,-4.1486573,-2.505664
MCAM,-7.0189424,-3.8492408
CHD1,-2.7641706,-5.132084
CBR4,1.4641852,10.475022
CCNC,-0.44849882,-0.924057
TSG101,-7.644529,-4.1109905
TXNDC9,4.829028,1.3942236
HPCA,-4.1880755,1.7949764
PSME1,-6.993026,3.4902585
CX3CR1,2.9384184,-5.2076993
CP,-4.9291344,-3.8038166
SSH3,10.73627,12.83619
FYCO1,4.21423,13.183924
SNX4,-1.2494801,-3.8181448
PRKCDBP,2.6846757,-8.133984
GPATCH11,14.001267,3.7624073
MFSD10,-0.07458522,4.0673194
UPK3BL,-0.020735238,5.848532
TBC1D10B,19.299913,1.6420705
ACTR1A,10.52448,-4.751662
STAT5A,-3.8196604,-1.2423713
TBC1D14,10.456675,9.657715
FRAT2,0.12031988,4.662522
ARPC4,9.871496,-5.3839307
TMEM169,-3.9006734,2.0945516
B3GNT4,13.858157,-4.158503
PHC2,-4.1275287,-0.49999663
CKB,10.13735,-5.123
MICU1,-4.239505,4.3154287
TAF9,-1.8806394,-6.4751954
EIF3D,-3.6939533,11.705225
FAM135A,4.9745107,-6.745231
CHKA,12.781023,-10.024229
PIGK,4.076742,1.152287
RPS6KA4,10.231005,-2.1132474
PEG3,9.858234,7.062019
SLC29A1,4.6658535,12.488545
AK2,13.055433,11.863518
PEX11G,7.929126,4.024152
CBX1,16.839619,0.993705
CA7,14.680521,7.4276924
SOCS4,6.6541605,1.7194054
SIRT3,15.115331,-3.0538323
HUWE1,0.6411908,-4.238745
B3GAT3,-0.04739813,4.0527997
PLD4,2.902909,-5.240768
MAP3K5,0.2511334,-5.840591
IRF2BPL,5.6165485,16.386234
ZNF358,10.170894,-2.1254003
PHOSPHO1,4.446827,-3.6423182
P2RY13,2.9360726,-5.208319
SLC30A7,3.0522416,14.055449
CTXN3,13.154547,5.487958
TPM3,4.766978,1.3247647
SLC3A2,6.671131,-8.039034
SLC39A13,10.932829,15.474224
CTR9,-3.4291847,6.5602636
WSB2,-5.634774,10.753345
TMEM125,7.119717,4.0039477
ATE1,4.718733,-7.1146636
ING4,0.76326823,5.707968
PQLC1,13.607908,1.3481021
ZNF844,-6.214466,-2.8338885
IFIT1,19.740875,-1.535313
CD302,0.39908713,8.775725
PPTC7,5.0025935,-2.3257759
MEN1,-0.06488274,4.095408
FGF22,-7.6976295,7.9779434
MGP,2.360915,-8.2366
RNF4,-1.637731,-4.210864
ZSWIM5,4.5352426,17.24071
LCMT2,-0.6704025,7.0405846
POU3F1,14.655561,7.889885
S100A9,-6.2084713,-5.316341
TMEM209,9.878997,-3.1612203
GLB1,0.38324258,2.2086043
SEC23A,5.2141757,-2.3781416
IDUA,-7.6982656,7.9810038
MIEF2,8.819372,-8.539098
IFT22,-5.6337013,10.752856
MAF1,16.285982,-8.515058
CREB3L1,-2.5178576,9.41972
CRB2,2.7127252,2.2811236
ETFB,4.197396,10.602665
GPER1,2.190689,-8.158309
VSTM5,6.3647137,5.797999
CTTN,1.0831906,11.694322
ROCK1,8.631801,-0.24284005
RFC3,-1.2535731,-3.8193235
NPTX2,2.8985937,8.2695875
ZNF37A,2.0842314,3.9583008
MTX3,1.0459086,-3.5987463
CPEB3,5.583666,4.1900034
CAV2,11.532105,10.846579
BACH1,-7.195803,-3.93688
EXOSC8,13.053011,11.856108
VPS33B,7.308475,7.4850397
TTC4,9.661337,4.798457
ZFC3H1,1.1141012,-6.6333838
BEND4,13.004904,5.732193
CBLL1,5.5539126,-2.2439144
FBN1,9.696856,4.803313
GABPB2,1.6238104,-6.227487
ABCC4,-6.7390084,-3.658867
HAVCR2,-6.257092,-6.128556
PHF19,0.73315126,0.41751125
TARSL2,5.3377795,6.5739245
ZCCHC24,7.303109,14.684831
EPHX4,12.335284,-4.0720553
IKZF2,4.6457415,12.494299
ATAD2,-7.777981,-4.2420683
MRPL27,9.12176,2.8145025
MPI,15.25437,0.9135197
ZNF500,1.2097142,3.1742547
MDN1,3.7829797,9.592252
HEG1,-9.422392,0.73740286
CNOT11,6.9415445,-10.444003
EHHADH,-1.0292032,14.344939
ASIC1,15.987824,-1.0377384
FAM229B,6.326636,10.041764
PPP1CC,1.6146909,9.9038925
DNAJC13,5.2112823,-4.7414646
FAM129B,-0.041508045,1.2200193
FOXRED2,15.876104,-0.99535733
SHB,9.020812,5.3329515
TOMM40,10.528199,-4.758075
OLFML3,-9.352613,2.0708778
SAV1,1.1187199,-6.658402
SLIRP,8.627148,7.7170787
S1PR3,-5.795213,-2.3831558
JAM3,7.103772,4.0166197
METRN,-0.24793243,8.615321
FMN2,0.26331973,-5.8636765
KPNA2,5.1973677,1.845796
NCEH1,4.3110027,-10.068348
ZNF497,-5.2208896,4.2958775
SLC25A5,15.904768,-1.0471619
KIRREL,-9.438286,1.6673757
HERC5,19.441385,-1.8849419
LILRB1,-6.751607,-6.5946674
GOLGA8B,-1.0557592,-0.76208895
IFRD2,0.70943546,2.9499478
DHFR2,-3.094801,7.366235
ISCU,11.893175,-5.2070518
RAPGEF1,10.166057,-2.0920303
MRPL28,8.381397,6.724185
FBXO4,3.713933,14.460187
FAM98B,0.9404329,-3.275552
TOB2,5.716534,14.359223
ARID4B,13.123162,4.2232733
RAB5C,-0.42808393,7.1181583
ECD,0.35173994,-10.648327
GRIN2D,3.456201,7.6739674
TRAF7,-6.274734,2.5354924
ZNF654,7.670041,-5.5230513
TRAPPC6B,17.61748,3.487041
FEZ1,6.643854,3.3428698
TBL2,11.807622,-8.007769
GPR68,-4.033042,1.958749
SLC25A12,5.797006,4.627072
ARHGEF10,4.486199,12.839547
PADI2,8.992575,4.3973575
POLR2B,2.5547252,-2.8600883
XPO7,10.146343,7.2600794
RBM33,2.898508,-8.057931
ZNF780B,6.123457,11.248191
LRRC6,13.273361,7.327952
GALNT11,10.405426,4.185164
INO80E,1.2786411,12.71656
TBC1D13,11.346738,0.64623815
NR3C1,0.49850982,-3.4167075
CCNA2,0.87961674,5.4758825
SLC7A11,11.934485,3.4492886
LBR,-6.987033,-3.8294933
NANOS3,-1.3326087,-4.0351214
PLEKHA2,18.300516,5.3672137
CLDN11,7.108248,4.02257
LRRC45,-2.3081012,15.401989
CUL4A,2.8056233,14.271973
NUDT16,6.7309203,-1.242659
SLC9A6,5.437709,2.482479
AMY2B,9.390516,-7.610079
KLHDC9,15.060334,-5.4455385
SUSD4,-3.3565915,4.0767474
STARD10,-0.089132205,5.4071693
XPA,5.433186,6.4014
GPSM2,2.8195622,2.3394532
SUPT7L,2.0605466,-5.811578
ERI2,16.156694,5.9414077
SPR,-2.9165962,7.452977
LAMTOR2,8.550702,6.406078
DTYMK,-1.839453,7.1741357
SGSM2,10.736539,10.183479
MICAL3,-0.2705987,3.7960405
NDUFA9,4.965834,-0.0154318465
HIBADH,9.028712,0.7708568
ORAI3,17.370054,3.4496813
TRIM21,-2.225693,-4.357643
MAML2,1.2794595,9.669087
SEPT8,6.6385736,3.3349001
TST,-0.25220385,7.1682444
TMCO1,1.1852692,9.535738
TM9SF2,-0.9689121,-3.7509408
C7,-9.342706,1.7879463
CERS6,-0.06257755,-1.214454
MOK,11.657702,16.372843
ACVRL1,-7.0151505,-2.7040913
IFITM10,3.4300761,3.3687632
DNPH1,8.504755,6.357912
BICD1,-0.08618938,-1.2645987
PAFAH1B2,0.70782477,-3.8637018
SAMD9,19.551823,-1.7501757
CMAHP,-6.7963314,-2.927307
MYL6B,19.238333,7.9348397
ZNF84,7.0959992,10.479338
FGF9,10.103518,6.3334084
PPP3R1,6.4132686,-7.0650363
SDF4,3.6826537,-8.034378
SESN3,-1.2460486,9.388735
RBM48,8.079758,-6.788005
LTBR,-4.0146217,-0.6485932
ITGB4,-2.9098048,14.051772
KMT2E,2.861282,14.222277
COL6A3,-9.35887,1.7995633
CGREF1,12.7799015,-3.9559364
ZNF75D,-3.0593963,7.8402095
NDUFB9,8.3531,6.4041424
ID3,2.2578797,14.757813
NAV3,14.573205,0.4535735
CSNK2A2,11.156419,-5.0778184
CCNO,18.726889,5.1282783
NAT8L,11.441196,-0.9572196
TNFSF13,4.5627155,5.5609818
TUBB,12.126495,-5.248345
MUT,1.2318536,9.485078
DCUN1D3,-4.898241,-1.8096727
FRG1BP,-3.2889616,3.6497738
GDI2,-2.2009382,1.5250832
TMEM181,7.4619613,2.813706
SUMO1,17.69483,3.5528574
MTBP,-0.8999942,-0.46655482
PRPF6,-1.476239,8.210349
FAM69A,0.48010394,-3.3716924
RLIM,5.816057,-2.1178353
TMEM179B,1.0936487,1.3355074
INF2,7.0783143,3.599769
GOLGA4,7.8678465,-2.775796
SH3RF2,18.682814,5.1576834
SERAC1,8.04425,-6.756734
KLHL28,7.384191,-5.8226595
INTS8,-5.318427,3.6352577
IGSF8,0.83464384,7.826251
MAPK10,10.163309,5.096487
TPRG1L,10.626168,4.8905993
DOCK5,4.4137077,9.249624
EDA,-9.789335,1.796044
SCRT2,8.015006,-1.6040312
UPRT,5.241613,1.8785512
KIAA1755,9.376233,4.6358094
FTX,5.5642524,3.5773942
MARCH6,3.926169,1.02061
TAB3,3.8936074,1.194291
KATNAL1,0.68933904,-2.7168689
SH3RF1,1.2751352,5.440892
MRPL18,-2.486445,-8.992869
SHANK1,10.406321,9.705826
ASIC3,0.16291039,6.092642
WDFY2,4.623475,10.329498
BUD31,-6.518957,6.175516
SLC35F6,10.476168,-10.517997
PIK3R2,10.15896,-2.0890243
PABPC1L2A,6.2100244,5.537386
DSTN,5.748006,2.079857
INIP,0.71615463,-3.834628
IRAK2,-0.8372746,-5.273052
TMEM248,-1.4225112,0.57418114
RAI2,13.114557,-5.1637344
IPCEF1,6.289219,5.696987
CLN8,8.429468,4.7545686
SHROOM2,13.021744,5.7334976
ZNF263,-0.08100525,6.15006
ROBO4,-5.6502957,-4.6237884
TADA3,10.74367,10.193167
MADD,15.257861,0.95472825
MORC3,1.1182169,-6.629264
LRRC49,-2.8521655,4.524405
RBM11,6.374297,-7.0260034
MEF2A,9.7660475,6.892039
MATN3,-6.8506665,-2.9753535
ZNF273,-4.633279,9.438466
MASTL,8.79832,15.807676
SSR4,-1.4340682,8.188059
CADM4,8.980209,4.394048
MOV10,0.42881066,1.207621
CARMN,2.6662955,-8.144827
SEPT9,-3.2143373,13.634173
CARMIL2,13.675721,1.3637316
MAGED2,-3.4053748,13.775778
TSPAN13,6.377456,-7.026338
PDE4DIP,2.8348918,-2.9821227
RERGL,2.619149,-8.168712
TBX6,-0.77004,4.773612
SOD3,2.3908288,0.65121275
ALG5,19.037422,7.354342
CD58,-6.7542305,-3.6771297
KLHL23,-1.245275,9.389253
NUMA1,-0.32691947,17.104656
ZC3H12C,-1.3856103,5.330423
SIRPA,14.672504,1.2208586
SDSL,-3.4194329,13.823485
HS6ST1,14.051215,-6.167177
MXD4,10.971424,-1.7717506
SMAD2,3.3982563,6.516199
GNG4,3.4337192,7.983785
CADM2,5.601372,-6.344884
RGS10,2.755688,-5.393565
IFT80,1.4485911,-6.372242
PDE3B,-1.0025868,12.61118
CCK,13.166903,8.03726
TTBK2,0.9334938,-3.4568286
CCM2L,-5.1283026,-5.2715096
VCAN,-1.3851035,5.3282666
WAS,-6.576908,-5.5918756
CYP4F11,12.046472,2.4301403
MAP3K12,-0.73900676,3.392917
SCD,7.3190093,14.665536
GPAT4,0.7576468,6.0436006
ANKRD30B,13.432032,6.778751
TMEM19,1.768376,-11.690412
CREM,-4.1032095,-2.809097
CTNNA3,6.6784887,9.081283
EIF5A2,17.795084,3.6351748
UBXN2B,4.8578143,-2.2799292
PFDN5,11.236471,12.110059
BRPF1,11.807316,-7.9998713
PAK4,16.373896,4.0248833
FBXO2,-0.7526606,12.202499
PIGO,9.703663,5.261678
ADGRB3,14.102362,13.581039
AP4M1,-2.3083982,15.402854
EIF4A2,1.9743749,-1.9710914
IPO5,10.784159,3.6628792
NSDHL,-0.9182408,-3.1390479
OTOGL,12.60245,-3.7784665
TSC22D3,-4.7477813,-3.9306843
ZCCHC12,10.283269,4.851983
HAUS3,12.182076,11.087919
SLC35F5,3.1340103,13.991544
PDK4,1.0212178,1.2045554
MANF,9.504273,4.420898
SLC12A7,2.1516023,-8.11787
RPL23A,14.80326,6.55769
GLTSCR1L,-0.67659044,-2.1678734
TSEN34,0.2754543,1.6471035
ARRDC3,-2.2809532,-4.922939
ADRA1D,14.698425,7.4090276
SRD5A1,2.0393546,-1.6727685
TRIM36,12.527636,5.530819
CCL2,-1.8632305,-4.430968
FAM222B,16.362837,6.1219554
PIK3R5,-6.212019,-6.1561446
OSBPL8,5.320776,-2.4311619
IFNAR1,1.4981759,-3.645083
RPL10A,-3.7091477,11.689906
MCRS1,17.718739,0.939142
PTPRF,14.738527,7.972388
ABHD2,-1.3379998,10.126625
TSN,4.205359,-12.352125
DYNLT1,0.43819505,0.7301309
RIT1,-5.677277,-2.9398572
FLOT2,-3.2031841,13.663042
CLCN3,6.441895,-5.763155
RAB33B,7.317433,-5.868324
HRAS,8.384984,6.726103
MYO1D,7.102188,4.013739
MSI1,3.567742,11.604195
LIX1,7.7582088,0.18064667
FGD6,11.940712,3.4444911
SNX33,12.042476,2.430171
PIGP,6.703197,-1.2316045
AGO3,-2.5657234,10.527996
MTERF1,15.604084,1.3385969
SGK1,2.3925955,-10.230631
DZANK1,6.374512,5.79916
DUT,-7.864057,5.0216694
PQLC2,11.190229,15.622883
KIZ,3.6352673,8.823014
WDR6,16.33764,4.0573897
CUEDC2,8.467312,6.7468038
ATL1,11.090559,6.09643
MMADHC,3.3447764,0.87455
SLC8B1,5.0294266,3.983693
ETHE1,-2.2822134,-3.9233994
ACADS,-0.3121324,7.1761513
LIX1L,0.39219075,8.697825
SPEF2,-1.2366712,-0.860327
CHST11,-1.3409563,10.12706
FADS1,12.06896,2.3823917
RRP1B,15.603993,1.3399155
FAM122B,8.1828375,13.442094
ENO2,11.873927,-6.7200484
KIF17,-2.5201838,9.404226
STX3,-0.88341767,-0.46738464
PKIG,14.565481,2.3403416
REXO2,14.921192,6.571727
MGAT5,16.892305,3.5608876
PLAA,3.3251283,0.8665741
YPEL4,13.853497,-3.9486728
MATK,10.721893,10.172278
MFNG,-5.1391406,-5.255071
GALNTL6,10.288021,4.8240447
NARFL,15.226759,-5.379629
PPIL2,11.1136265,15.867113
HNRNPUL1,0.24535026,1.6091032
KDM6B,-3.5432994,-2.8858073
CHPF,0.39522773,2.2382722
GOLGA5,2.7878036,14.270825
TRUB2,19.288319,1.6490165
PGAM1,4.994591,0.045012467
TRIB1,-5.754681,-8.636781
COA3,8.513668,7.249095
SESTD1,5.7756143,9.369611
DBT,1.2340881,9.502815
NANS,10.366983,-4.6073003
PRRC1,1.2723755,9.935645
FAM160B2,-0.047167808,4.0546646
DNA2,1.0818213,-6.6606035
SGSM1,13.878333,0.6915112
ERGIC1,16.363087,6.1219273
GABARAP,4.7496543,12.931277
PIPOX,13.86249,10.364163
FRMPD1,11.735286,5.326181
TMTC2,5.0305924,9.227532
FEZF2,3.8391523,2.9072697
RNF114,2.3914354,-10.228524
SLC35A3,6.3517466,-9.4830065
NOSTRIN,-6.862697,-2.9511878
IFFO2,5.615318,16.384878
NHSL2,19.390911,4.6480656
NAPG,1.0006676,-3.5272675
NDUFAF2,4.4101634,-0.455094
ATP5O,4.542111,-0.38492075
ADAMTS2,16.898655,-2.700494
CWC22,-5.1183214,6.759914
NTMT1,10.36874,-4.6056833
RPTOR,8.849264,-8.548867
ASIC4,3.51306,7.672525
MAGEE1,10.369083,5.463665
CYP11A1,-0.1929519,7.3027444
SOWAHA,10.812052,3.6740754
PPM1G,11.286556,-8.113353
GYG2,-6.9561925,3.4661467
COX14,8.620265,7.714983
CARTPT,18.682869,5.1590247
DACT3,-3.2848494,3.63792
ABCD3,1.22384,9.509862
SHISA8,3.5500128,7.6890616
KHNYN,16.555923,3.8747046
C1QTNF4,13.61099,-8.245152
FAM181B,-2.7423394,0.23190084
MEF2D,-4.155106,1.8256598
SCAI,1.9485394,-2.0809715
MYO9A,7.6335816,-11.84044
ALDH2,-0.31562883,9.635714
ZSCAN18,-3.421531,13.835325
GLCE,0.867671,-2.4869921
RIIAD1,12.752742,-3.9279606
RBMS3,1.4818105,-8.147391
NUDCD2,13.053133,11.858764
FGD4,14.459533,9.518274
CTSL,-1.1764452,-5.2014594
COA5,-6.200765,6.5980983
CCDC136,4.4980974,-3.6219764
TCP11L2,4.737812,8.92971
ZKSCAN3,3.7142746,14.460562
CCNJL,4.534582,17.241365
STK17B,12.046389,2.9757943
PRDX3,8.359037,-0.44824523
PSMA7,-2.3141854,-3.8859038
MYO9B,8.847817,5.200758
SRPRA,11.636654,-8.336827
AZI2,14.692977,0.28231746
MAP1S,10.198535,-10.187682
THBD,3.4524286,-1.8201
DCK,6.764889,12.702082
PPP1CA,19.246988,7.760289
DDX51,13.8226385,-3.919585
ZCCHC2,6.4013777,1.8237997
ANXA6,11.921338,-7.005368
HS3ST5,3.6449454,8.802749
PRKG2,18.342,5.3307166
DARS,-0.88579476,11.199489
HILPDA,-3.7282445,-3.164087
CHCHD7,16.840515,0.9924122
UBE2F,5.2037416,1.8510438
DCP1A,-5.2875166,6.63391
RALGAPA1,5.2187796,-4.728162
TPD52,17.745249,3.5982466
NPDC1,3.7606845,-8.26883
ACADM,8.994812,0.7358879
TMEM126B,13.963546,3.7373688
CDK20,14.3658695,7.728709
BRWD3,3.033912,14.070836
FRS2,3.8998032,6.533178
WDR48,-0.9741448,12.573814
LSM3,-3.7802029,11.621113
IFT81,9.405961,-7.5749946
NORAD,6.783501,12.78747
CAMK2D,17.331257,2.9798455
PPP1R18,-6.0319247,-2.8285134
HNRNPA0,5.8217373,-2.1147556
PIP5K1A,11.830495,-7.973366
CHTOP,6.603851,9.764268
KDM5A,1.0255595,1.2201029
TRIM68,-0.28814337,17.06359
GK,-1.9343876,1.2588093
SIPA1,0.6690742,0.49438542
LUC7L,-0.68035865,17.421406
MTMR9LP,5.6531005,5.8707123
TRPM7,8.035575,-6.746723
ANKRD13D,19.14451,7.664729
STAB1,-6.732036,-6.5428295
STARD9,5.723477,5.940181
ENKUR,13.827261,10.403362
TMEM245,4.857702,-2.2783802
C1QL2,19.414148,4.625249
HNRNPDL,8.391412,13.212515
PCYOX1L,3.9608903,15.358333
TMC6,8.129465,4.6964164
GALC,-0.9663106,-3.763201
FBXO7,8.337139,4.435838
TTC21A,15.628767,-5.6063986
TMED1,16.608719,3.8209338
IFT172,16.200481,-4.8856845
HPCAL4,9.617638,9.830409
TIMM22,15.51317,1.2882766
UBXN10,18.720455,5.134459
ALDH7A1,-0.24513583,8.546682
MED9,1.2742798,5.49205
VIPAS39,-0.28535306,17.064516
SLU7,17.648905,3.5160215
PMPCB,-1.9099869,-6.3842807
GOLGA2,0.63065654,-4.240513
ZFAND1,5.7401943,2.08079
ATP10D,0.13698433,8.056219
ZNF37BP,0.2261444,1.1746252
RNF26,11.732182,8.543887
CLMN,4.5610003,9.176366
RBM18,-0.11515479,-1.1722772
ZNF296,10.794031,12.876791
CALU,-2.2063003,1.5378151
PRKAA2,10.150624,-0.1873009
IFRD1,-4.8636985,-1.8549715
MRRF,6.578038,-9.9512205
EIF3E,16.126041,12.94188
POLR2M,8.31407,-0.4234569
MRPL32,5.0378275,-7.8132253
SLCO1A2,6.6691484,9.059411
PLEKHA7,12.202112,3.678078
COMMD3,-10.714687,7.357707
DDX41,10.114961,-5.0411396
HAGLR,6.658359,9.07518
HNRNPU,3.3744452,6.5299325
RNF214,19.227015,1.9229574
GTF3C6,0.36705357,0.77905136
ATF1,7.3218365,-5.863003
FBXO10,14.763266,7.4008803
HAMP,-6.532408,-5.512195
UNC13D,6.351889,7.607036
UNC119B,3.5172434,11.649751
SPATA7,-0.74558014,-0.5165238
ENKD1,16.378376,4.017664
IST1,2.3934832,-10.232412
SLC22A15,6.735023,10.4169855
MCTS1,11.148236,6.133477
SUN1,-1.0580198,-0.7757288
MID1,11.704124,3.0499775
EFNB2,1.6896925,17.092703
KLHDC1,3.722023,-7.9524407
STRN3,6.501268,-5.9254093
ZNF510,5.7255635,-4.3418756
AP1AR,4.074546,1.1532965
PGK1,8.201414,2.132586
NCKIPSD,13.208707,-5.27259
SLC5A11,6.5328755,7.116616
DCUN1D4,-7.938225,4.94437
FGF11,12.0435295,2.4254403
SOX13,7.777263,0.18050933
DCAF8,-1.8209662,1.0131598
ADAM22,5.527742,3.5722067
GRIK1,3.4048316,8.000004
NAP1L4,3.503655,11.663386
MAPK14,-4.2847385,4.292303
PPME1,-2.747303,4.6011715
ACBD4,15.631957,-5.6047826
KLC1,17.355236,3.47289
WDR33,6.927267,-10.428443
GAS7,19.297216,1.3376788
CA5B,-6.7268095,-3.6882212
TUT1,-3.686485,13.608752
SCN3B,13.868215,7.3320603
CLPTM1L,14.307348,-3.9518492
NCOR1,3.441566,-3.6435711
NKIRAS2,-3.3190129,-3.5421996
ZNF318,0.26897958,4.55855
B3GALNT1,4.1825666,1.1822872
SELENOF,8.359849,-0.44154155
RNF128,6.3765593,-7.0330625
INTS3,-8.760318,6.6520915
RPL41,-3.739803,11.659221
LRRC37A4P,-3.3206384,13.730939
ZDHHC16,13.824742,-3.9199426
GEM,-4.0961037,-2.8180702
KLF3,8.657874,-0.20245205
CDK16,5.925719,-3.3812253
KDM5B,18.290379,5.3764486
PLPPR1,16.405334,-0.94705087
ZNF34,6.565014,-10.058776
PSMB1,-1.77745,-5.712582
DHX34,6.488722,-5.7158012
THUMPD1,-7.1576424,8.876245
TAF4,-6.2013707,6.5694575
GUCD1,5.6003556,2.1790211
ASPHD1,0.34129056,7.7092214
FER,3.8978453,6.5120115
FAM198A,0.89496106,0.9458886
PRPF31,10.71443,12.816197
AHCYL1,11.950287,2.8008413
KIAA1107,1.897813,-2.2480261
TMEM56,5.6868916,-6.2854853
SYTL4,-0.8356982,14.452744
GPX4,8.414234,6.3647847
PRKCB,10.270726,4.9775844
PGP,14.188217,-5.7034974
MKLN1,4.689332,12.764789
MTERF2,-0.5731313,17.319263
SOS1,1.4450142,10.47212
INHBB,-1.8888891,0.80697453
HAPLN1,3.4140084,7.95731
MFSD5,10.475747,-10.517579
MAPK12,15.054302,-5.444515
ACHE,13.729984,-3.9286265
SLC39A10,1.9713272,-2.0565171
THBS1,3.4549549,-1.8144648
C2CD2L,13.095482,-5.4232283
ZBTB22,6.963609,-0.12419868
FAM234B,11.074842,6.0735655
RAB3B,3.0765433,8.118256
WDR81,-0.32376203,5.925487
SELENOK,0.13043557,1.2362418
OSBPL10,9.525636,11.667642
PGM5,-5.7977033,-4.481457
TOMM6,8.516363,7.2493134
KMT5C,-0.10590721,5.9700713
LPAR6,-6.0734353,-6.1949897
KIAA1109,3.16929,9.634926
RWDD2A,-4.2535176,4.3044376
ITGB5,12.196029,3.6782374
FAM217B,0.9650115,-3.4201427
NDUFB11,8.135377,6.692275
DHPS,10.296909,-10.315006
PRDM2,-3.4270048,4.2928586
TGFA,8.417239,4.513237
HOMEZ,4.622288,10.344795
MYH6,1.7276359,-9.183004
ZNF83,-0.53651553,17.28531
DCAF16,8.7845745,-8.575645
GLMN,10.022096,6.2486057
VCL,1.6205764,-8.215474
TACO1,2.40349,15.090443
STAMBPL1,13.894387,0.7102926
DHX29,-3.221321,-7.43709
SEMA3E,3.5625877,3.2578392
PHB,11.193568,-8.183191
COX6B1,8.485262,7.189045
HCFC2,3.1925795,6.396264
LGMN,-2.2881596,-3.9145632
LHPP,7.2881465,14.665615
TIMM23,1.5567529,5.6580753
SLC25A30,-4.543768,6.1017494
IFI27,-5.23809,-5.0581613
HIC1,-4.113263,-2.4883113
ACIN1,-0.20021428,5.2772636
NPLOC4,-0.06783843,6.478031
SH3PXD2B,4.7081103,12.448525
ZNF341,15.789123,-7.691716
GPM6A,-0.99960774,12.611232
MAP2K1,16.950508,7.2708054
PRR14,-0.3044064,5.9594684
UNK,-1.8367827,7.173297
DST,8.177314,4.79928
NPIPB5,6.5374627,-10.017672
FAM160B1,4.9522347,-6.715891
TKFC,17.055717,11.1445675
EIF2S3,-2.6708412,-5.059903
NEK1,3.9084249,9.674729
PHKG1,12.955443,10.618251
INSIG1,-0.91889703,-3.1422465
MOB1B,6.871106,13.019634
SPHK2,10.427605,-1.9692774
SLC22A6,-0.9394733,11.382333
SALL1,2.7203932,2.2876449
DAGLB,-6.1724677,-0.51315004
PQLC3,-8.168299,-0.5185405
ZNF30,6.930024,-10.431007
TBC1D16,10.940612,-1.7981136
VTA1,1.0602908,-3.414443
NFIA,9.089803,0.8440056
CPEB2,-7.952953,4.929851
MSX1,2.3186533,14.835908
AP1S1,13.901039,7.34189
HDAC4,6.909418,-10.410167
CDC42BPB,-1.6980038,16.587727
RNF220,11.345325,0.6459923
EEF1E1,17.74621,3.595293
ABHD17B,5.621689,9.34208
TSHZ2,-6.3363647,10.920572
PLCG1,16.332369,4.0608177
MLLT1,10.26677,9.83486
FZD6,-6.8388214,-2.9488165
SLC25A13,6.8238254,10.435425
CTDSPL,3.515353,11.653194
LRRC4C,12.3227625,-4.079352
CLDN15,6.354068,7.5856457
UBE2T,6.3480916,5.739348
MTMR9,1.7961333,-2.5880587
TSR1,0.6284244,-4.242274
SLC35B3,5.357723,6.59478
MINOS1,7.881418,-2.7794588
RNF182,14.522,9.655744
TMCC2,11.458244,0.7408047
KPNA3,6.1520877,-5.9487705
SMARCC1,7.3662357,14.479011
PRKX,-4.7694883,-3.8972719
IFI44L,19.567043,-1.7318059
HID1,0.6623426,6.67475
SHC2,11.340015,16.217428
PLCB3,0.98778456,8.716146
PTMA,9.049221,5.3252015
CUL1,4.325431,-0.33199707
FNTB,6.635144,3.332408
POGLUT1,0.226953,7.779163
MRO,-0.26340494,9.826214
MPDZ,6.507299,10.401959
ARL4C,3.4074388,7.8567195
S100A10,-6.3031497,-3.800921
TBX2,2.3048694,14.818486
EIF3J,14.088583,3.8162603
TAF6,5.8802524,-3.4273345
GLRX,-1.6197864,-4.238957
CDH18,5.998598,5.0474324
HACD3,-1.3393418,10.144613
FAM65A,-6.1730967,-0.51269066
PPP1R7,11.847373,-5.172854
COL16A1,9.387483,4.5961804
SIRT6,3.772561,-8.304388
RAB4A,1.5880612,9.895449
THSD4,-9.66216,1.5892785
KIAA0040,-5.781383,-2.4978836
ZNF841,2.0544753,-5.8179765
MTA3,9.331331,3.1647694
MSL2,6.274343,0.57907325
SCARB2,4.764576,9.000201
ACSS2,6.4458733,7.305995
TSPAN4,14.44931,9.37834
RIF1,-7.917822,4.9638495
GOPC,10.152864,-0.19221014
ANKRD35,9.347976,1.0886079
ANKRD29,9.583181,5.30471
RERG,11.961981,3.472606
COG4,16.304497,4.0890465
SKA2,3.6609163,6.4349747
FAM192A,19.296633,1.6350613
SLC35A5,-0.954571,-3.7518754
MGST1,-2.7352264,0.22609277
SKOR1,11.053139,15.842611
MZT1,5.453507,2.661351
GLRA2,3.4743288,7.9850345
BDNF,2.9014194,8.267312
TXNRD1,-2.035763,1.324933
RAB30,1.3533123,9.884625
ANKRD44,7.636022,8.996762
CASS4,-4.2911773,-9.614868
CLK2,-1.8384538,7.174925
BACE1,2.2178547,4.059326
HSD17B10,0.24658416,1.6042126
IMPAD1,-0.96676105,-3.7511163
PIK3C3,-7.1479278,8.867981
PRELID1,13.5565405,-8.327406
WDR46,19.242582,7.9448175
EPB41L4B,10.293828,4.8268237
NRG3,2.064945,-1.7621369
PLSCR3,1.380172,-3.3344026
MAT2B,5.3847737,-2.360586
CAPS,-0.2875448,5.956809
ASCC2,10.136881,6.514729
PLEKHA4,-3.585906,-0.8661305
EIF3L,16.125084,12.942641
DRAM1,-0.6866122,0.9881993
LMO7,12.939188,5.905316
RPS6KA6,5.681717,3.6354065
IER5,5.941362,2.009158
SELENOM,0.26436105,1.6078955
MARC2,-2.7047338,13.941308
LRCH2,5.677917,-6.310975
SNCAIP,-9.273588,2.283589
ACTG2,2.0771594,-8.685709
CCNL1,3.466859,-1.8085521
DNAJC12,6.368388,-6.9893923
ASAH1,-0.9603415,-3.750684
TGIF1,-4.2970304,-2.4199338
EIF3A,8.18528,13.42219
BEX5,13.776947,0.23217086
NOL4,4.71155,4.187715
SNX2,14.343013,4.103298
MAGED1,10.102263,-4.955891
ZSWIM6,-1.3879533,5.3275275
SLC35G2,-1.1677246,11.011575
SPTSSB,17.325232,2.9395757
GABRA3,10.420849,4.2136397
KIF26A,-5.131558,-5.264502
TRAPPC2L,16.990906,11.074977
THEM6,-0.21267243,3.8715463
PRPF38A,8.371498,-0.3114273
PAFAH1B3,7.8762703,7.71725
CASD1,5.0037065,-6.7568665
SMCHD1,-6.903432,0.30342793
MZF1,-0.31927696,3.777399
GDE1,2.0922122,3.9621036
NFKBIE,-5.752297,-8.6351795
RAB20,-4.27813,-3.3264687
IFITM1,-3.6142902,-0.86397535
PPP2R2D,6.1941404,5.5153413
PRKAB1,10.406764,12.986421
SDF2L1,-1.180702,-5.2019906
HMCES,9.718752,-4.1327333
C1QTNF6,-10.082872,-2.160218
SLBP,5.482358,2.1768076
PRELP,-9.492092,1.6079478
ALKBH6,9.242661,2.9553053
GAMT,1.2764804,12.711185
ZNF488,5.0092597,9.221109
TPCN2,15.530246,-5.5494466
CALY,13.57264,-5.698314
YIF1A,4.438491,10.453763
RGS20,11.990822,2.5395968
TKT,10.824555,13.794486
BSG,-4.331856,-9.57328
STAG1,4.339594,2.5562255
MATN2,-3.1080189,-0.2525379
PLCE1,1.5236435,-8.167633
PCDHGA2,-1.4059134,10.004955
ERFE,-4.09368,1.8961328
RPS6KA1,9.037834,5.30773
RPL29,10.90396,12.55714
TRPT1,-3.2849565,6.6169143
KCNG1,14.703215,7.937438
ZNF397,3.8055983,9.582111
DDX25,-4.0620646,4.6158257
TMEM106C,0.87597394,5.504978
MST1,9.6158495,4.7448783
CKMT1B,3.9607785,15.358053
SMARCB1,0.49265084,2.4801023
PTPRC,-6.3953495,-6.2261314
MAN2B1,-6.397762,-6.0418615
DIXDC1,2.3306577,4.166494
BEND6,9.8913965,7.105036
BTBD1,14.102722,3.8335795
NXPE3,6.414075,10.235517
GJB2,-9.480801,1.2791255
PILRB,-5.0263147,3.929874
RIC8A,14.406029,2.1551445
DYNLL2,4.450775,-0.50576365
RGL3,-2.736057,0.24582766
R3HCC1,0.34494388,7.708437
GNB5,10.068405,5.691157
PSAT1,-0.23655178,8.735476
ATP6V0E2,19.24474,7.9824986
TPD52L2,0.7268098,6.365913
KCNJ6,10.388424,4.3680634
UBE2G1,6.758161,10.870055
TMEM104,8.020548,4.2029686
CINP,-2.6007743,-5.0242343
HMGN2,-3.4229321,13.81964
HERC1,19.28641,1.3292484
SDR16C5,12.343648,-4.0717144
CDH19,7.1754766,4.9781613
NT5C3A,4.9197316,-7.679191
ADCY9,10.066098,7.419555
GMPR,-2.8976982,14.056412
SLC39A7,-0.23508148,6.273191
FAM81A,13.301839,6.836158
MPZL2,-6.306165,-3.7878447
ZMAT3,1.7832357,9.957251
PDE4C,13.295403,6.93183
UVRAG,6.7839556,10.43567
SMIM20,9.026432,0.7676513
SF3A2,0.5221848,2.536771
STK38L,1.5287738,-8.18556
SLC6A15,6.2689595,5.668669
TYW3,-3.2017624,6.6042576
PSMC4,2.54928,11.167602
DDAH1,-0.88836896,11.2632
TCAF1,-0.35769525,-0.959777
P2RY11,11.14645,16.251911
ZNF175,-6.2010794,6.6058464
SLC12A2,4.766906,9.005999
STARD3,-0.24558587,5.9586205
CWC25,2.6792743,14.3835745
PLEKHA6,14.105884,13.57932
KIAA1671,13.25125,6.8855186
SH3D19,6.4295316,9.493645
FASTK,11.284842,-1.2395908
TTC39B,-0.08301077,-1.2723556
MED4,4.816141,-7.5729904
BCLAF1,4.7826014,-7.5347853
PVALB,8.017604,-1.5961006
CSMD3,10.137851,-0.17721638
RCBTB1,3.3381214,9.462745
IGSF9B,-8.169449,-0.51891524
TMEM147,8.0174675,6.706663
ARHGEF40,16.651003,3.7912292
ERO1A,5.6658683,2.0451262
TMEM246,10.10098,5.570813
TMEM175,-8.65239,6.7535496
TENM1,3.4843225,7.992308
LRRTM3,5.4557605,3.8917212
CBX7,9.270256,3.0618763
GRK3,1.9649179,-2.0786467
GSDMD,-6.9828606,-5.620995
TCP11L1,9.829903,7.067147
OTULIN,-4.580765,6.1431036
WIPI2,8.784183,-8.59144
STAT1,19.738037,-1.5384378
DDX58,19.734827,-1.5421388
FTH1,10.89628,12.568812
SYTL2,14.692514,0.2881637
RNF167,8.018403,6.7228565
ST3GAL2,19.009808,7.3706465
ECI1,4.349141,10.603328
SLC35B2,4.7701383,10.316063
FGD1,6.990011,-0.09896544
TRMT10C,11.024004,6.048201
EID2,-2.6950407,4.6314445
SMAD4,-2.5190537,9.420249
RAB39B,1.8174852,-2.2854447
MAP2K5,11.16861,-5.053613
GJD2,3.2925231,7.956748
PTPDC1,7.1882105,3.253273
ZNF621,8.108543,4.864354
ECSCR,-4.3173013,-9.587399
OAZ1,7.4982023,7.892894
RSL1D1,8.170879,2.1669888
SSR1,3.5455275,13.689336
RPL22L1,0.14440301,1.2316229
STT3B,-7.9399157,4.943344
TRMT1,0.15637584,5.3833365
E2F3,2.0646513,-1.7540634
PHYHD1,12.955436,10.617769
ALDH8A1,9.581296,4.6917915
PPOX,15.638308,-5.625673
TCHP,0.69269735,5.4651585
STC2,-4.111116,-2.5028117
CRIM1,1.5978051,-8.212607
EPHA3,1.9751698,-2.0469234
NDUFV3,16.80695,10.886637
MARCH1,6.29197,10.867227
POLR3GL,16.840103,0.99242085
ST6GALNAC6,10.73792,10.185825
DOK5,-0.75374395,12.180204
AP2A2,10.643383,-4.762942
WDR12,1.7585483,-2.5331123
DERA,4.6688643,12.813347
TMED4,14.421223,-2.7704353
CD151,2.1998289,-8.1768265
MRPL41,-7.697707,7.9779887
SLC38A10,-0.2779663,5.9566913
CLEC2B,-5.9303412,-2.6640797
MEX3C,6.2742963,0.57875884
YJEFN3,14.099779,-5.9757886
HCN4,12.614453,-3.14013
RRNAD1,-0.22303224,5.996642
GLS2,10.496725,5.6771545
MTA1,10.516946,14.952721
YIPF6,9.436123,1.1772358
CACNA2D3,13.338754,5.9090633
PIR,10.896371,12.56815
KDM4A,11.440917,-0.95791507
SLC43A2,-3.6580603,13.634313
FBXO3,5.118059,-6.6753736
DYSF,6.8709474,3.521183
TMX1,3.5446126,13.687415
GPANK1,10.725286,12.782252
CETN2,-0.9793351,0.039252643
LDOC1,13.029234,-5.3897495
RSPO3,3.680065,3.1287396
ZNF623,8.8600645,-8.664055
RNF126,11.13299,16.256002
KDR,-9.472132,1.1802102
ZNF354B,-7.6861815,5.2199903
PFKFB2,-1.2188941,9.41165
TYK2,-0.2572838,5.953942
ZNF28,1.66095,10.173296
RBM27,3.4413707,0.9527745
NADK2,-0.2900985,9.799325
HMGB3,4.886747,-11.013934
AMPD2,10.184595,9.839182
RNFT2,12.5383005,-5.394735
GIPR,6.5412283,7.0996695
ZNF507,6.2737694,0.57877135
PREB,-0.02922976,5.7587657
CNTN5,13.214764,5.931229
PPP1R14C,11.891538,5.2728767
FCHO1,0.68065214,7.2973857
RASAL3,2.8278525,-5.315552
DPH2,-4.5315423,6.1199636
EIF2S1,8.199383,2.1330917
PRDM11,15.469043,1.3479322
RABL2A,12.158923,14.952975
SLC22A5,-0.315275,7.183591
SFTPC,6.551942,7.0774956
UBA5,17.94136,-0.5700586
ZNF653,14.168616,-5.700597
ARPIN,8.668079,0.3646673
TRPM2,15.777229,-7.6755314
HMOX1,-4.298999,-2.415182
SCRG1,-0.1857841,7.5210853
RNF123,14.02388,1.6702858
NFASC,7.147422,3.3165958
IBTK,-7.7191124,5.1627727
MITD1,1.0693444,-6.6656537
TRIM5,-3.6397176,-1.4070057
ADAMTS13,-0.33248267,3.7633066
BCKDK,10.532089,14.958625
SLC26A10,15.945973,-4.8879604
ZNF134,1.4991106,-2.7722504
ZNF536,7.2419753,3.1801207
ABHD11,15.551558,-5.5619626
NOL7,18.685965,-4.454277
LYPD6,-0.9668091,12.562632
LIG4,5.5734134,3.5718775
KCNS1,13.345272,6.9672194
MYL6,0.19652602,1.119164
TMTC4,5.354548,6.6166186
SERTM1,13.008398,6.3274827
SF3B3,-1.991209,-5.8941445
RNF145,-4.320687,4.238231
CISD3,-1.355292,-4.05757
SCNN1D,-0.32687193,3.7674444
AIDA,-4.534461,6.1178036
B4GALT7,7.868686,-2.7758465
BCAS3,11.738233,8.54733
PHLDB2,2.0595024,-8.718236
RIN2,9.357622,1.1009843
TRIM8,10.9770565,-1.7746025
ACTR1B,14.788635,-3.3842418
KLHL41,1.7236688,-9.189614
LY6E,3.7636335,-8.224129
DHX40,4.346542,2.5608256
SLC16A11,16.859303,3.5918407
C4B,-3.586024,-0.86598986
CCDC126,5.629771,-2.1856258
CDKN2AIPNL,11.576071,-6.5055404
NR1H3,16.303423,4.088189
CRISPLD2,-4.2924666,-3.297063
TSPYL4,5.4284754,2.5143275
ATXN2L,-0.26353362,5.2140374
RMDN2,-1.228217,-0.8583938
DPM1,5.0272436,-7.79808
ORMDL2,0.18326981,1.138168
GREM1,6.8729014,5.7219257
CACTIN,10.466853,-10.506241
TMEFF1,2.512196,4.192662
CDK10,-0.30688477,5.171648
ISCA1,17.693218,3.5501943
UBR1,-5.2807817,6.647091
WRN,1.2239081,9.492684
GUCY1A2,2.0290034,-1.681634
NETO2,10.5009575,4.324188
JOSD1,13.879124,0.69267344
PPRC1,-2.052606,-5.16657
FAM131A,-3.3668137,4.082638
HYAL2,-4.7901225,-3.9142413
TFAM,5.954759,-5.833147
RASL10A,13.59838,-8.257296
ITM2C,11.994232,2.5355587
CDK12,2.874365,14.212218
TTC28,18.292269,5.3752193
SYT12,14.411241,2.133966
TNR,16.408495,-0.95239216
RRAGC,-6.56351,6.176348
TRHDE,5.5708084,4.105514
MARS,9.706867,-4.1276717
SOWAHB,9.524314,11.662335
DRD1,13.112108,6.488013
LIAS,-10.714783,7.3577423
RWDD3,16.186728,5.9706993
CBX5,3.2363434,9.581043
HK1,14.342535,-3.7104332
SLC41A1,12.004779,2.9699244
PRUNE2,2.5516694,4.19986
CARS,9.70229,-4.125236
SMIM17,1.9037746,-2.1485367
PTCD2,-4.1072702,-0.52836525
SNAPC3,1.003053,-3.4596164
TTC5,-5.2112055,4.2880673
NELFCD,0.7539745,0.3925958
WASHC2A,1.9307904,-5.9341025
PPM1E,17.237679,3.428361
FAM208B,3.9293046,-7.478669
AARS,9.675953,-4.11056
BOC,12.039778,2.4334745
GOLGA1,9.606646,4.7524185
BLVRB,9.054523,5.9155097
MGME1,9.258893,1.0095744
GUK1,2.4203866,15.094026
MRTO4,15.228698,-3.4819958
CDC23,3.086667,14.027257
SHMT2,11.805948,-8.008341
CBL,-7.880303,10.662316
KLHDC8B,14.050049,-6.171875
SMARCA5,4.657372,12.508232
LYSMD2,5.5463996,4.0226407
FAM95C,7.2276254,3.2201593
UBXN7,4.344294,2.5625994
PFKM,4.983358,0.0052206875
ZNF274,-4.0115676,-0.58374345
LAPTM4B,-0.90308875,-3.1684217
DDX28,-0.6688443,7.041544
AP1S2,0.86690134,-2.4906328
TIFA,-0.8364716,-5.2722273
EBLN3P,5.423451,-2.3465168
MBD1,8.794877,-8.580845
TM2D2,0.3542913,-10.645168
DDHD1,-7.7100987,5.1742187
DENND1B,-2.3288224,11.063459
ZNF253,2.4750266,-12.850309
FAM155B,9.436089,-7.598612
TMEM164,-1.8053654,0.8791313
PDLIM2,16.38158,4.0150843
TFG,-2.3369071,-5.001246
RAP1GAP,14.075137,1.4393872
PPP1R14B,16.332651,4.059941
ARHGEF6,14.4544525,9.520226
TM7SF2,19.266865,7.7745337
NKAIN4,4.5660653,5.552934
POLL,-8.751084,6.660892
SLC12A9,5.6624856,5.8771667
TTC19,9.527413,-3.9939854
CREB1,5.572226,-0.7555749
PSMG3,14.069338,1.4375818
KIAA2026,3.8679266,6.503792
FOXJ3,17.943398,-0.57196826
DFFB,-5.0177174,3.934637
DNAJC4,-2.6241846,-8.150772
EPB41L1,4.9380293,-3.5298142
DYNC1I2,6.374699,10.031096
AACS,14.192969,1.6088891
ADARB1,10.099447,6.3873153
SEC14L2,-1.877978,0.83646584
ABCF2,14.212027,-3.8674238
ADI1,-0.118624665,7.436282
SPPL2A,-0.71987635,0.98680913
SF3B2,0.8778704,0.18445319
TRAPPC13,4.692848,-7.4690576
NKD2,-2.5184474,9.418273
ARL2,8.135111,6.675135
FAM78B,-3.40137,4.034012
IFFO1,15.22876,-5.383618
ATP2A3,-5.2101116,-5.0835247
RBM17,8.648109,-0.24353161
SHC1,-2.1521366,-4.033543
THOC2,-7.1037874,8.828991
LAT,-8.657788,6.7519956
CARM1,16.890257,-2.705652
CALCRL,7.5480256,-5.644028
BRD3,3.6635213,6.392002
KDELR2,-2.1701696,1.4881492
COMTD1,-7.6983113,7.978544
TLK1,14.019435,3.6934664
ZNF609,2.0926056,3.963077
FAM92A,-4.6346507,9.439605
DGKI,10.08871,5.169432
CCNB1,-2.8115132,4.5556498
CDR2L,0.5817624,7.496342
TXNDC5,-7.009524,-3.8431268
SOX12,-0.2586952,3.8660223
MVD,17.055195,11.143802
RAB36,-5.971659,5.9641085
PTPRH,7.157637,3.2618036
PCDHGB2,-1.4128937,10.022917
RDH10,-1.7168484,0.8949069
MCM3AP,0.77344304,7.248918
IPP,8.611277,0.3992645
TRIM27,-2.591585,5.8900604
XKR4,-3.8988209,2.0974576
GPSM1,14.472108,-3.411049
PHF14,3.4429765,-3.6445675
UCN,-8.647113,6.7601395
PSMD7,10.212797,-4.418649
POT1,2.8227568,14.251359
RAB28,8.30723,-0.4543755
KLHDC8A,15.628295,-7.537223
RBM24,10.313125,-0.3434897
KXD1,7.939204,4.0359735
SEPT11,0.2401894,-5.8284683
SBK1,8.019223,-1.5931699
FAM78A,14.773355,7.396941
TPPP,19.281908,1.4912235
AIF1L,7.5414658,14.188073
LCAT,1.0019997,8.716553
UQCC2,9.125247,2.8213377
SPRED1,6.505344,-5.9169245
MAFG,-7.8006406,1.0553887
SRSF5,2.9050255,-8.059597
DOPEY2,11.592778,-6.478501
NMD3,1.2281098,9.508118
PEX1,13.122883,4.2236514
DIAPH1,13.51062,5.8490186
WDR74,10.157805,-10.158532
GK5,3.7250288,-7.958286
NME2,8.484365,7.049274
DGKH,17.336197,2.964113
IL12RB2,12.125367,5.0865197
LRRC59,9.722091,-4.1423903
PLEKHG2,-6.6083374,-3.3121455
SLC39A6,7.682354,-6.4090714
TYRO3,15.253674,0.9158698
ASNA1,10.492891,-4.7693486
PPHLN1,-0.41579753,-0.9190991
OLFM3,5.7177114,4.468414
RAVER2,11.708608,3.0504966
GXYLT1,1.2959597,10.089104
NDUFA4L2,-9.4465,1.6797163
RELN,3.5022168,7.7027082
ZC3H14,16.632236,8.940853
CAPNS1,9.874636,-5.373078
DCAF10,-0.07884226,-1.1677513
TM2D3,5.3131194,2.1774132
MYDGF,6.697571,-8.027337
P3H3,15.975392,-4.8621006
IFT52,-2.8194907,7.4781876
SLCO2B1,-5.7373333,-4.5336347
DDX49,2.4200966,15.075459
DMXL2,10.205356,6.5653744
HSPB7,1.9180746,-8.924382
STAU1,14.3493805,4.1077394
ZSCAN30,3.789041,9.592115
IDH3B,10.288222,-4.4798155
FAM84B,2.3910933,-10.228758
NDUFC1,8.54343,6.275354
TPBG,-3.3895912,3.979155
EIF4E1B,14.467007,-3.5979888
IGSF21,7.048376,0.13103169
OPA3,11.455387,-0.93888205
ZNF365,12.936473,5.9100804
SEC31B,0.7477746,6.050593
GRHL1,11.030127,3.5257447
ATP11A,9.586263,5.302023
SNRPG,0.19143471,1.111414
SBF2,9.056825,0.8064229
CPSF6,4.349471,-7.487599
GATAD2A,-4.0681868,-0.5700729
MLLT10,-7.911969,4.9694257
DCUN1D1,3.3443975,6.5183716
TMEM204,-4.298337,-9.607912
TMEM203,11.735025,8.549824
NLK,10.202312,5.098583
MDC1,8.070353,4.226459
MN1,-0.754566,12.180226
ZNF517,-2.1815917,1.5039748
DOCK8,2.7818553,-5.3646154
EIF2AK2,19.743164,-1.5329037
ABHD12,10.5414715,-4.8222423
HAX1,6.6982384,-8.026976
TMEM201,1.2061803,3.1785834
IMMT,4.965548,-0.010527228
MT1L,-4.269256,-3.2767103
CYTH1,6.818261,3.5705569
BOLA1,11.189005,15.632977
LYPLA2,10.454063,-10.492231
PAM,5.557955,-4.506567
GLA,-2.1720579,-5.1295705
PSMC5,7.6866236,8.004086
CWF19L2,3.6096432,6.3752637
GPR12,4.2787538,-9.952268
IL1RL1,-4.7856584,-3.8229659
RASSF5,-2.6895072,4.644015
TMEM14B,8.798689,15.806349
FAM110B,12.587188,-3.105576
CCDC97,17.781464,3.6225383
SF3A3,-1.9905999,-5.9455056
TAF10,8.0185795,6.7237434
ESYT3,15.91098,-4.7167807
S100A16,-0.104190014,1.2608681
SLK,8.295531,-0.41945943
GPC4,-1.3793108,11.383955
FAM199X,3.791332,1.1390306
GJA4,-4.281967,-3.3268545
IER3,-4.275678,-2.402013
CUL4B,1.6739472,10.148721
PPP1R35,-7.698481,7.9795084
GPHN,-3.997016,4.5296483
ASCL1,11.0603285,7.35641
ATXN7L2,-0.33642244,3.7642004
IQCK,9.205023,0.9649896
FAM162A,5.090918,0.071084194
TICAM1,-6.173671,-0.5129341
PRL,-0.27966222,3.8389063
NEU4,16.324743,-0.9655884
SUCLG2,-0.30235884,9.664208
ANO8,11.079756,-1.6621474
TNFAIP8L1,4.9329805,-3.527837
CHCHD6,7.409575,7.9391046
FOXO3,7.5701447,-5.6249104
ZNF207,-5.157778,6.736203
BEGAIN,5.4888706,-3.4754124
ZC3H12B,0.95544124,-3.2498105
PCDH18,1.5979183,-8.2562895
HES5,15.98768,-1.0347718
TBRG1,4.8317122,9.095685
SLC2A3,3.4647436,-1.8058447
ZC3H7A,-6.9224415,5.62849
SPACA6,-0.7830661,4.757963
HDHD2,7.1324754,10.466183
RAB4B,1.2751883,12.714245
A4GALT,-3.7413752,-0.9709216
YPEL1,9.620069,9.833605
RUNDC1,9.705868,-4.1250744
TIMM50,10.513599,-4.761028
ERCC2,11.487315,-0.88186306
SLC2A6,15.746762,-7.6449857
PRR5L,5.3231425,6.6361876
DACT2,-5.111337,-5.292644
ZFAND4,4.4056954,2.5414045
TMC7,7.099185,3.9421885
PNPO,4.9973826,0.014638162
OSGIN1,10.869192,12.595988
VWC2L,12.305111,5.051331
TCEAL1,5.4405136,2.5707006
NCOA3,7.704282,-6.428216
CDH3,2.2716203,12.371792
ADAMTS3,13.289547,6.911283
JUN,-5.6473427,-8.538158
IDH3A,2.611171,-2.8822768
BLCAP,-4.1922264,1.793749
ISG20,-4.2258635,-2.485966
MED25,0.5322444,2.5736818
DOC2B,5.5096827,-3.4696476
ZBTB8OS,8.798857,15.805788
LYN,12.003936,2.5015347
SNAPC2,10.454638,-10.493702
FREM3,10.87318,3.5737808
ASMTL,-6.1419287,2.4018672
TES,-6.582623,-3.349004
ZDHHC3,11.900334,8.736799
AZIN1,3.8113184,1.1648382
UHMK1,4.8510995,-6.933931
SMPD3,-3.9300158,2.063846
RNF175,10.191552,5.0929103
SLC35A2,11.6259985,-8.294248
HAGH,2.4264364,15.13836
DEF8,14.438206,-2.8306131
RAPGEF2,10.077674,5.69314
GRB14,13.156358,5.4813485
CHRM2,3.6980772,3.1207368
PCTP,5.715872,14.353278
KIN,-7.718447,5.160955
TRIT1,9.7944975,5.2283826
ZNF671,14.328206,-5.9989343
DUS3L,10.516994,14.939476
UBTD1,6.6671734,-8.012168
BEND5,-2.5159476,9.398147
KIFC2,9.558986,9.8308935
CPSF2,8.595572,0.40705517
CHPT1,-0.55188936,14.566008
USP9Y,3.8989255,18.346735
PCSK4,2.2752633,12.3729105
LDHB,-0.1864689,7.527594
RTN4RL1,-3.396901,4.0033836
NEXN,1.8120731,-8.290468
SEC31A,-4.4427924,7.8441935
MAGI1,4.9781976,4.0106654
ZNF205,11.133009,16.235958
LEMD3,5.232301,-6.6005936
RAB5A,3.0750031,14.038473
SREBF2,9.563226,9.860305
HTATSF1,8.2397,14.307099
RTN4RL2,14.39981,2.0988007
PDIA2,-8.659179,6.749561
SGCB,2.4755557,-12.851657
SMARCC2,11.472157,0.7524329
NR4A2,-5.655499,-8.546175
HPCAL1,4.891327,4.0608807
FAM89B,3.769201,-8.289028
CLPX,3.630859,6.3863745
PIK3C2A,-0.3418794,9.028427
SUPT5H,-0.097798154,6.2356544
ADGRE5,-7.0159097,-3.8456643
TEX10,-3.2193801,-7.4351034
HYDIN,18.299345,5.3673086
FCGR3A,-6.7493033,-6.5836253
NUDT4,6.527371,-7.1939993
KCNK1,10.219155,4.810335
GALK2,6.611383,9.764415
DSC2,-0.7189014,0.98309875
F12,12.133636,4.9718213
FAM32A,14.14371,-6.006329
SMIM10L1,2.527381,4.1980586
COQ10B,3.478366,-1.7973698
LRBA,3.5191033,11.646959
RPS3A,16.085117,12.975548
RING1,11.361639,16.639748
FAM109A,-0.7780116,4.7732034
NFE2L1,-3.4064932,13.797061
CS,4.972136,-0.0016200624
COX18,-3.0683618,7.854653
UBE2D4,17.718721,0.9402348
EFR3A,0.515648,-3.4173753
ILVBL,0.8599147,0.25069723
NPY1R,13.425723,6.787775
ATP5SL,18.96221,7.470615
IRF8,2.8022525,-5.3453717
NAB1,1.4460872,10.466465
DTWD2,-7.114691,8.835402
RPL39,14.8206835,6.522775
ZNF154,-0.28058577,-2.1136549
HTR2C,-4.5609303,9.329819
GABRE,-4.1033354,-3.3109348
SLC15A4,-5.2220306,4.3134427
SLC1A6,-4.2249827,1.7599133
MYOM1,16.100185,5.901728
HBA1,-4.946539,-3.8077967
VSTM2L,11.920476,-6.709018
TSHZ3,14.805586,7.3917146
ZYX,11.308403,16.213882
ITPR3,-4.5906467,-3.6199775
STAT6,13.109016,-5.158173
PTPRK,7.454177,2.8174927
ENHO,-0.8006523,12.179046
SDCCAG3,-0.028077174,5.9586153
NAE1,-3.2192874,-7.434607
FZD7,14.456863,9.393519
NEMF,4.349761,2.5654716
TINF2,-2.090253,-5.179837
S100A8,-6.220748,-5.3377666
TIMELESS,0.6981432,5.469083
ARSK,7.555046,-5.643287
CNOT4,-5.1668487,6.725457
FIG4,6.379907,5.804904
CHST10,16.093817,12.968591
ERH,11.312222,12.037904
CALM2,0.7712397,-2.6108952
RPL37,14.851097,6.490148
DTX4,-5.205309,4.283869
KATNA1,4.6188374,12.952605
TMEM14A,5.450657,2.6431015
METTL5,4.2723064,-0.5161045
YIPF3,4.291365,10.583343
ARRB2,7.346323,7.9260583
CDH13,12.565627,5.5980396
ULK2,3.5474176,6.417048
UBC,-4.9147096,-1.7906798
ZNF131,5.795122,-2.1273124
CA14,5.7701416,6.9715886
PIGV,4.623638,10.344236
KCTD3,2.8067749,14.266201
YBX1,0.19298123,1.1188245
FAM102A,6.6342564,3.3312445
SURF2,9.304014,2.9521537
PA2G4,8.19935,2.1369257
ANO5,13.258444,5.934325
CD68,-6.387093,-5.583644
PI16,8.033979,4.0864873
PDE4A,8.016009,-1.6033258
ZNF652,3.885311,9.554269
FLJ20021,7.7767115,7.795861
SHISA5,-2.248942,-3.9672368
ADAM15,9.005743,5.285927
NTRK3,6.711615,9.084709
NBEAL2,-4.601954,-3.6308482
PCDHGB1,-1.4041045,10.029328
RASSF4,2.3938792,-10.231137
ASB2,18.70413,5.1483817
ZNF484,-0.7138736,-0.5027197
STK38,15.744095,-1.1749038
METTL13,19.32209,1.616781
PRDM5,9.869527,-3.1755037
SLC47A1,-9.237861,2.3346372
EVI5,3.392762,6.539366
TUBG1,12.131174,-5.251443
PRSS16,17.325409,2.9353113
ME3,-0.8363534,3.2925243
DENND5A,7.8666615,14.022782
CRTAC1,11.936164,-6.7388144
FAM193B,-0.027810372,5.9824104
GGCT,6.0365076,5.120522
SYNDIG1,-3.9418833,2.0504043
PPP2R2B,11.9885845,5.2404585
NIM1K,-6.176461,-0.512659
IER2,-5.6488175,-8.539334
BTBD17,15.946352,-1.0420308
SPTLC1,4.6939263,12.763115
RTFDC1,4.7370386,12.917275
TMSB10,7.652546,7.989458
ITGA10,-7.0436873,-2.6801715
ENTPD4,10.076056,5.7140803
MLLT6,10.272931,9.83143
XKR7,-3.8816347,2.1109397
SP140L,-3.6331806,-1.4448831
CYP4F35P,13.333396,6.963935
HPSE2,-0.82388914,12.220668
AGO4,-3.0696383,7.856013
KLHL24,3.4105918,9.511784
RER1,1.3498412,5.702826
SNCB,12.665171,-5.3538694
TMEM191C,15.060156,-5.446967
FLT4,0.36316347,1.9895474
SUMO3,4.469565,-0.51921874
OGDHL,13.680337,1.3559223
RC3H1,3.0579014,14.050724
HSD17B14,4.887555,-11.01474
TRPV6,7.4482756,2.832628
SURF4,-4.0392046,-0.5876812
ID1,2.2583997,14.749701
LMBR1L,11.347703,16.75049
PARK7,8.545571,7.5255947
YOD1,6.6463313,1.7234124
RPF1,-2.3102224,-5.0368123
CWC15,11.313431,12.036826
TFE3,-3.1973674,13.637305
CYP4V2,9.100591,0.8542925
LRRC20,9.254762,3.0323136
LRP1B,-0.978763,12.582844
LDOC1L,0.6381038,-4.2302384
VARS,11.750359,8.5937
SRPK1,10.4642105,3.4295042
PCNX1,5.566635,-0.75090724
RNF40,-0.22909898,6.2479587
TNFRSF11B,-3.8365467,-1.1601702
DRG1,11.815077,-7.553143
MFSD1,9.8754225,-3.172297
WNT7B,15.915699,-1.0345889
MACROD1,0.64358914,2.8808541
LRFN2,14.402517,2.1145372
ARVCF,6.7961726,10.914973
TELO2,10.842893,15.359052
ITGA6,-0.58763915,1.0544537
STX4,1.0778633,11.663938
DDX39A,0.7115756,2.9514713
DERL2,1.1215272,1.3588084
SEMA4A,10.767031,10.211401
ZNRF1,14.397435,2.0936525
ZDBF2,2.039208,-1.6452277
LARP4B,1.5007563,-2.7662854
RNASE4,2.3982525,0.65300125
CCDC66,-7.867908,5.0206714
ZNF420,0.87498194,5.4775057
SLC38A5,-9.4236355,0.7440451
PPP1R3G,11.06454,7.3196526
IDE,-6.906271,0.3057798
ZPR1,10.123275,-4.346456
SYN3,18.249237,6.431414
INSM2,3.7190533,3.104225
FAM76A,5.070927,6.528876
CYP2E1,3.963621,15.360575
SORCS1,12.570859,5.607117
CAPN15,10.224403,-2.111246
MT1F,-3.7796779,-1.0586282
MCOLN1,14.8269005,-3.3798666
KMT2C,3.2844877,9.536139
PGS1,-2.8950424,7.416429
PYCR1,10.825074,13.792071
ITGA11,18.183094,0.2527674
KDM1A,-6.3886385,2.7631104
ZSCAN22,15.567895,1.3323858
SUSD6,-3.6676672,-3.238546
DBX2,-0.23100504,8.322407
ZNF627,1.1168407,1.3478717
IRS2,7.63359,-11.840583
RPUSD3,13.603646,1.3551457
PHF5A,0.87461144,0.19015533
ZNF74,8.737835,-8.616961
KIDINS220,0.50452906,-3.3673477
TMEM185B,-0.3350791,9.006052
TGFB3,7.172693,14.702264
TMEM170A,1.2261028,9.486315
PDIA4,-1.2019918,-5.191027
EMCN,-5.755786,-4.5201473
CDKN1C,9.04138,5.3271976
MED26,11.808383,-8.002127
GALNT16,-6.1741185,-0.5130051
ARSF,15.924692,-1.0398846
TRAK1,5.8320713,7.0523186
DCAF5,-1.4798521,-4.137372
TSPAN7,-1.1794517,9.471564
ZNF557,9.581921,4.6746726
PMS1,-0.86671966,-0.34787387
RBM8A,8.72532,0.46194062
RNF165,10.119387,6.344958
EFNB1,0.016214196,1.2457577
PCDHGA4,-1.4228014,10.005917
SF3B4,0.50366807,2.4818287
KCNH3,14.156028,1.491487
ANKFY1,16.111935,5.908624
ZNF528,-5.298149,3.6526685
VTN,16.184702,-4.88566
TMEM108,4.6295815,4.283322
SSU72,7.501752,7.9053082
FBXL8,6.350285,7.608844
DNAJC25,17.803127,3.6419742
RPL34,-3.813864,11.583401
NRDC,2.55387,4.19076
DNAJA4,6.0247126,1.9674408
PTPN9,-1.9281672,0.7898301
POPDC3,6.330442,5.715392
RNF14,6.7315116,12.714372
HUNK,4.467037,-3.634336
TNRC6B,5.895824,-5.8093524
FAM227A,13.268255,7.357417
SRI,-0.30274895,9.712041
ITGAM,2.8049169,-5.34283
PHF23,14.331524,-3.9799168
GPN2,-2.5898995,5.889372
MOSPD3,7.9142456,4.010188
LITAF,6.4268746,9.541765
NSD2,0.64497316,-4.1919365
ALYREF,0.20592119,1.113186
DHRS7B,-6.153552,2.4191496
NASP,12.1617775,11.070659
P3H2,-1.6612964,-4.3642855
IGLON5,9.273663,10.001807
HTR6,13.833192,7.313452
JTB,8.4732895,8.154253
TMEM208,8.535873,6.2903123
FAM189B,9.374814,9.929385
KLF4,-5.588856,-8.47896
QSOX1,-6.398228,2.7772484
ATG4D,14.747528,-3.4115927
RBM43,9.877553,-3.170841
GDF7,9.516053,11.683891
FAM155A,4.6947403,4.2000594
ZNF703,15.026567,9.558265
GANAB,6.6728992,-8.043535
FHOD3,10.416627,4.179489
CCDC47,3.5723655,1.0013343
RGAG4,12.778853,-3.4196608
FGD5,-7.0046706,-2.71276
FHL2,13.454817,7.0567408
MAP3K21,5.6976256,3.6473167
FAM13C,5.313303,6.6412964
EXOC6B,2.2237246,4.0694437
ZNF254,1.2685342,10.127357
SLC25A22,14.521943,-3.523038
AADAT,12.781326,-10.0241165
ZNF195,5.0784645,6.5302076
PRSS51,10.271633,6.340354
GPT,-0.83291453,12.088179
TMEM74B,14.374682,7.7370768
BCAS4,10.6820545,4.9342933
TRAPPC3,11.166164,-5.0708094
EPHA2,-4.3136997,-3.361014
NEDD4,-0.5852097,1.0608494
CLMP,-6.3367133,10.920824
RNF2,5.6271253,-2.2354577
COG5,1.431471,9.804518
TNNI3K,12.159865,14.951128
EFNA5,12.329103,-4.0771036
AKIRIN2,8.201048,2.1342463
EPC2,5.443665,-4.578184
PODN,-9.678011,1.6525116
ZC3H13,6.4976945,10.405067
TXNDC12,-1.4332578,0.58402
MED17,8.037197,-6.7398863
NDC1,14.065515,3.802031
SH3TC1,-6.7543354,-6.5111504
CHN2,6.130901,11.238745
SPIN3,-0.8002242,-0.69501525
SFXN3,8.841875,-8.627847
PAWR,1.6587232,-8.221262
GPAT3,5.773202,4.597572
NBEAL1,2.8501675,-2.9944677
SLC10A3,0.5085464,2.4925969
GTF3C2,10.769526,15.256283
PFKFB3,-3.1668653,-0.35013705
ANKLE1,1.0092806,5.483966
ZNF3,8.342549,4.4740467
HINT3,8.147745,13.617921
NEGR1,10.313231,5.412053
ST6GALNAC3,-6.7927265,-2.9181447
ZNF396,2.921798,2.5365913
CYB5R4,4.591031,-7.427509
GLE1,-3.2682266,3.6152236
LGALS9,-6.697499,-6.407273
NFE2L3,6.6006994,-9.953221
HAGHL,-7.6982093,7.9788632
GOLGA3,9.870443,-3.1751275
CCNE1,-0.82993776,3.304742
MACROD2,17.32453,2.9811482
ATP13A3,3.4675603,0.9473923
DLD,14.014894,3.6717143
CD83,0.3820909,-10.612887
ARHGEF28,-9.444571,1.0344222
NCOA4,4.204905,-12.35213
PPM1F,0.8162171,15.112831
DCX,18.318815,5.345544
SLC26A6,0.66930836,2.9002757
SELENOI,9.773361,6.907557
SLC25A44,14.592709,1.182028
DTNB,11.551406,-6.5231953
COMMD1,-1.870575,-6.4988203
KCNH6,12.161641,4.9799933
HTR1E,12.960882,-3.887167
BRD9,9.519005,4.4956765
POMGNT2,11.845199,-7.406223
MNT,7.3345094,7.9204683
CPD,6.78482,12.7521305
DDX39B,0.84763885,0.25930086
TMEM9B,-0.33717772,9.0156
ENOPH1,6.734816,12.717323
TBCC,14.470348,1.103392
CXCL16,-6.9255667,-5.617131
ZC2HC1A,4.9988194,-6.7583323
SRSF1,1.1209356,-6.6270814
SLC35E1,15.439207,1.3503748
GRAMD4,2.7988482,14.261941
KIAA0895L,-0.7449779,3.3872595
RPL36AL,14.857816,6.4774785
KCNMB4,3.6771693,8.819111
POLD2,10.772419,12.730225
TENM2,10.732041,3.5763743
ZGRF1,6.544212,-9.827689
PES1,10.51962,14.944324
FSTL5,3.4929295,8.026246
ATP6V1G1,3.473515,-1.800668
FZR1,14.509334,-3.427458
ERN1,-5.7142134,-2.9236314
NREP,3.479435,7.9968243
PTHLH,3.5248253,7.694114
KLHDC4,-4.53125,6.1225777
ATG2B,4.681746,-7.1756744
ATP6V1H,10.505478,3.4803023
EPS15L1,-6.379584,2.709404
MPHOSPH10,2.4361265,4.308212
PPEF1,-3.8907044,2.1064508
RAD1,2.041945,-1.6338484
LRCH1,-7.9340625,10.71631
WIPF2,10.401067,4.1946692
ARL13B,1.252295,10.174103
ANKRD54,10.407937,12.986428
RBM38,4.792464,12.340951
AXIN1,1.3052475,12.675401
CSF3R,-6.7480297,-6.5017147
ATPAF1,-0.1806725,7.540878
ODC1,-6.184101,-2.8255436
HNRNPA3,3.3728664,6.5340114
MS4A7,-6.2952266,-6.223978
EGFL7,-4.334455,-9.570657
FSTL3,0.37488288,2.0574126
HEXDC,1.3056848,12.69918
GRID1,15.966419,-1.033947
OSBPL1A,0.7630423,-2.6393628
AKT1,-3.1954665,13.624925
IARS2,14.690486,0.29374176
GALNT1,-0.9666335,-3.7506473
RSPRY1,16.146536,5.9346137
ONECUT2,11.013173,3.5312223
TARS2,14.336706,-5.9938974
TLE4,6.4691525,7.2818584
MAP6D1,7.1836114,3.3448815
IFI6,19.73474,-1.542526
UBTD2,-7.875528,10.654006
AKAP17A,4.756583,10.323753
SLC37A3,-0.85016656,-0.45897067
DCTN4,14.206256,3.9712672
CBLN1,12.792846,-3.417943
TTC37,3.6074133,-7.8582025
SLC25A42,-0.22782226,5.247174
TUBB2A,12.100181,-5.2412987
KAT8,1.260938,5.441927
GDPD5,14.705488,-3.376722
PCSK7,11.9028225,8.739884
AGPAT3,10.456061,9.66018
PKD1L2,8.346822,4.4747224
ANKRD17,16.632208,8.9409485
KLHL36,-4.0708003,-0.57093203
RFFL,7.2582293,5.1131096
NSUN6,7.0419064,5.9716244
B4GALT3,13.871241,0.6878824
COPG2,5.0816054,0.06944324
SCYL3,6.374675,-9.502465
SPHKAP,5.7386847,4.53735
PSMB5,7.7366467,8.023067
ZBTB20,1.2200433,9.493359
AARSD1,13.7619,0.19830827
TANGO2,-1.371939,-4.0675607
TMEM100,5.7130957,14.342137
THBS3,16.196749,-4.884148
SUPT4H1,4.469063,-0.5055858
WDR11,-6.9198804,5.62751
PFDN1,9.088723,2.7886152
ORMDL3,-0.30199578,7.1997857
OGT,8.844988,-8.64817
VPS4A,10.468224,-10.508462
NFKBID,-4.941944,-1.7610033
ABCA9,9.629202,5.2740974
JUP,8.037049,4.0894966
CNIH2,-4.1184254,1.8711935
THRA,4.225947,10.575676
JUND,-3.5195322,-2.8695695
INTS10,2.6584024,14.406761
CBFA2T3,19.014742,7.3801084
STYX,1.3774314,10.429818
RBX1,16.747946,10.840418
TAPT1,6.649929,1.7207876
TFRC,-1.9315467,1.2545863
MYO5C,0.8323209,6.510396
RCBTB2,8.784733,11.066789
KRT13,-0.28233114,3.8405864
PNPT1,4.729717,8.924824
OCLN,-9.4206705,0.73625594
ZMYM4,4.6553836,4.218549
ACADVL,0.9503664,-2.4529226
ATP6V0A2,6.527672,-9.790728
DGKA,19.376009,4.6610756
HNRNPUL2,11.471902,0.75256044
GHDC,10.845886,15.361476
TM2D1,9.874576,-3.1740482
ORAOV1,11.285233,16.924078
EXOSC10,0.12143836,6.089336
PPARGC1A,5.818806,-5.752368
ATL2,5.867176,-5.7924438
PTCD3,-0.9627727,-0.017293932
TMEM205,2.412864,15.110528
WASHC5,5.0300403,9.2240095
TSSC4,-2.3284104,11.068993
PIM2,11.923861,-7.0171995
KLHL42,0.7436561,-2.6978555
PGM1,-1.1087068,11.009446
LSM14B,9.252073,10.022803
MBD5,5.7238255,-4.3446417
KIAA0430,16.870033,3.5850909
PAAF1,8.63704,4.4355483
NAA25,13.119996,4.22604
VAT1L,17.376734,3.429811
CPPED1,6.4394274,9.457213
TEX264,4.856794,-2.2803495
CHRNA4,11.738014,5.322488
VEGFB,-0.24831584,8.610911
RFC2,-1.8132852,-5.7492046
KDM8,14.482207,0.82550156
ING1,9.499608,4.462754
ZBTB5,4.700572,12.441082
PALM3,7.815312,7.752325
SUMO2,3.5304885,0.99960077
PRDM8,12.177041,4.9641676
ZNF511,16.286575,-8.515811
MROH7,14.219951,10.00355
RNF216,-0.061946,6.582953
SMG7,-2.6520438,5.954972
PNRC1,-3.6850584,-3.2074964
GPR137C,0.8801418,-2.9012384
ZNF395,0.9892882,1.1116172
ZNF142,5.086119,-3.6151898
CRYZL1,11.258723,16.9998
CYTH4,-6.7638726,-6.623338
FAM65C,2.1897657,-8.153723
TWISTNB,4.204949,-12.35207
BLZF1,0.80258733,-3.7171302
PCDH10,3.8276474,2.9292147
COG7,11.258798,17.001085
RARB,-3.3891556,3.976986
MTRR,1.4258943,-6.393338
GALNT18,-3.182355,13.614503
GDF11,8.289089,14.353861
FMNL1,19.133862,7.650371
STX17,8.190476,13.434054
COLGALT1,-3.14945,7.640338
PPP2R2A,3.756947,3.0640504
BRIX1,4.7664347,-7.531675
FAM153C,-4.629827,9.435329
FAM181A,12.088381,2.3763468
SH3PXD2A,6.7288985,-1.2474139
PPFIA1,-1.4333212,0.5788061
TMEM132A,9.242479,10.02938
CERS5,-10.715776,7.3580637
VPS37C,-3.2780895,-3.5830386
COLEC12,-9.703171,1.5791975
GCA,13.119548,4.226338
LDHA,5.642733,2.0698972
TNKS,3.1695898,6.369667
PLK3,-3.5225585,-2.8941588
SERPINB9,-5.6748376,-2.9370897
MXRA8,-9.771037,1.8366246
BAHCC1,10.237002,-2.1067438
CETN3,-0.35470408,9.072579
COL4A3,-5.643091,-4.628989
CCDC25,0.6764572,-3.8853712
ETS1,-5.8668,-4.3794966
HMGCR,-0.91380507,-3.1359048
CALCOCO1,-0.42151466,5.063239
PDZD2,10.827884,3.6732874
DNAJC30,19.270348,7.781422
PRR19,14.144519,-5.9965043
MED29,14.875142,10.48155
SLC38A6,0.22454856,7.7539196
DIS3,-6.8603387,0.2599284
HSD17B12,-0.33970422,9.018425
SPRY4,1.689601,17.093102
LCORL,16.632439,8.940385
ZNHIT2,-0.31830114,-7.718354
PCAT19,-4.2812977,-3.3296695
KIAA0391,-0.078290895,7.4716144
KLF5,-9.229746,2.3532917
PRUNE1,-4.2896543,4.290744
SLITRK3,4.313878,-10.067224
DNAH10OS,16.891336,-2.7050254
CHPF2,-6.4020247,2.7297072
TWNK,15.602134,1.3388332
TMEM55B,13.819359,-3.9183824
MLYCD,16.29725,4.095675
TMEM168,-0.06483289,6.5558853
TMEM126A,8.46739,8.158117
MAF,-9.358427,2.0592313
OMD,-9.45525,1.6763107
KHDRBS1,3.8994148,1.2000728
DLEC1,12.954279,10.617813
RCN3,0.6660215,2.9101024
CYBB,-6.36559,-6.2773757
PABPC1,-3.7691085,11.618596
DPY19L2,-0.7874609,-0.7648044
CARD19,0.08339305,6.077327
CHST15,13.9154005,7.3715415
MSRB3,11.531004,10.846547
PROX1,6.337668,10.787891
EYA3,-5.2947755,3.6591535
TMEM88,-5.1506143,-5.140741
CABLES1,14.483385,9.942508
CTBS,13.823264,-3.9143097
COQ3,-2.8643312,4.508446
TERF2,8.197543,2.1441164
POU3F3,11.0670395,7.3509855
VEGFC,-9.702952,1.5788581
TUBG2,9.193696,2.9040997
DAPK2,6.6480236,8.997636
RSAD1,6.5256586,1.7809879
FRY,10.097199,7.371859
INPP4B,3.5405307,7.6796837
SORT1,7.440936,2.8402727
ABCB10,-7.5414696,5.3144565
NGFR,0.98949873,6.6476483
UQCC1,-0.8289297,3.305414
PDHB,8.859242,0.64800406
FOXF2,-9.411426,1.6828997
RAB33A,0.5243353,7.642741
PGRMC1,4.832795,1.3872182
BMP2K,6.9253244,-10.426029
CRTC1,9.267526,3.0424483
RRAGA,11.813236,-7.5659695
KALRN,13.3448,6.934843
RALGDS,-3.6585953,-3.2505894
IFT88,4.691337,12.46622
TXLNA,0.7452307,2.9821272
DDR2,0.40548074,8.787092
OLMALINC,7.3172135,14.667627
HS6ST2,1.9212505,-2.1545932
FDFT1,-0.9166779,-3.1286469
OARD1,5.439115,6.387479
CNOT6L,-5.2634597,6.653434
PLA2G6,6.7500505,3.5105674
TANC1,-6.990296,-3.8194022
MINK1,-0.18735722,6.2433066
DYM,9.517716,-3.9890096
LYRM1,16.0335,13.027987
TMEM11,10.471699,-10.512354
KLHL12,-2.6744092,5.974336
ALDH1A2,18.183903,0.25345343
LRP2BP,9.822327,5.212595
ZNF708,5.733508,9.359451
TMEM132E,19.4001,4.640024
ENY2,-1.2878343,-3.8301768
IFT46,-5.024127,3.9265773
GNE,6.605582,1.7352833
SLC16A9,12.20136,3.682288
PCDHB4,-1.037047,9.488662
POLR3G,-7.9344835,4.9459286
GNG13,-4.200373,1.788153
SELENOW,2.3865001,15.064301
LFNG,13.928744,10.197677
WNT5A,10.283816,-0.3117025
KANK1,7.7833633,0.16689633
BLACAT1,-0.8537748,3.2811897
RCOR1,-6.5694346,5.824776
UBAP2L,5.6114364,16.379822
ZCRB1,6.300578,10.020907
RNF103,-6.9052296,5.638015
CDKL2,9.8244915,7.068451
KRT5,1.6963767,-9.222923
SMOC1,9.436687,4.626224
BET1,1.4738315,10.465739
DALRD3,15.154666,-3.451273
ATXN10,9.525022,-3.9982107
CTU1,18.980844,7.44297
L3MBTL2,12.5872965,-5.4348445
UHRF1,5.715229,14.357067
ZSWIM3,8.761572,-8.590809
MAMSTR,10.698158,15.166912
NPL,-0.8257061,14.444919
TAC3,3.3448455,7.485613
PLXNC1,10.102443,6.2612934
TSC1,-5.0755124,3.8533258
SMTN,-6.612196,-3.3256595
P2RY1,14.368868,9.819038
COL5A2,13.260325,6.900187
MSANTD4,4.653055,2.4990523
RASD2,9.382113,3.2518482
GYPC,-6.98013,-5.619202
PAMR1,4.5664234,5.556092
ANKRD36,-0.7552882,-0.45679507
TIMM13,2.4069576,15.051411
GANC,3.85532,9.62479
TPM2,2.3035479,-8.227989
INTU,3.9131677,9.681702
NHS,-6.6091795,5.809912
MAN2B2,13.123577,7.971917
LOXL2,-3.6682298,-3.2417045
ACCS,9.500372,4.456545
CYB5RL,-2.0527813,-5.1831427
SLC43A1,1.26412,5.473186
MAPK7,0.7096966,-2.7082708
NT5C,-3.295529,6.620058
MAD1L1,2.438924,15.119589
ZNF532,-6.880732,5.660017
EDN1,-5.6499166,-4.6260586
SLC7A8,12.6091,-3.1549041
SS18L1,9.897178,7.163866
DAP,-3.182789,13.871634
SNRPC,8.535162,7.2734747
BICD2,0.9157615,-2.9886084
ZNF252P,3.4593587,-3.6511447
UGT8,7.1050415,4.0179243
BFAR,-1.6485561,-4.195539
NFYB,8.244079,13.408326
DCLRE1A,5.726687,-4.339907
CAMK1,14.397408,2.0942957
P3H1,0.38138255,2.082128
UBA3,7.7694473,-5.4181924
NYNRIN,4.5346293,17.241663
CCDC121,11.674443,3.0661378
NDST1,6.5904756,3.279774
ADCY4,-4.318104,-9.587738
TCP10L,-2.5849419,5.8813095
REM2,3.4312046,3.368966
AMN1,2.0508332,-1.4380363
TCEAL2,13.760955,0.19668251
PDPN,-3.1032283,-0.24960624
SERPINA1,-6.4904666,-5.510395
NAA40,1.2161388,3.1691728
ATMIN,6.4471426,-5.7523055
UMAD1,3.5184488,0.9813273
MEGF9,6.460796,-5.7425513
TMEM128,19.010248,7.365211
PPP1R12C,-1.371085,-4.0725317
VDAC1,11.154829,6.133171
WDFY4,-6.1742587,-6.174092
HLF,5.7515883,3.6373549
ACTG1,0.19219925,1.0937809
DHRSX,0.8932679,0.9450876
ZC3H4,-1.9373757,1.268098
APOD,9.674846,5.259315
EHD1,0.010234633,1.2526814
ZNF335,14.50567,-3.438889
FCHSD1,-2.8262205,0.09325238
NGRN,4.9056606,-3.545799
NDE1,8.267017,4.6259985
WWOX,14.655642,10.3817425
POLM,16.964497,7.2523212
ZNF721,16.950495,7.2713995
CNTN3,10.493768,4.2431717
MCM5,10.06303,5.7428646
DTD1,9.895045,-5.327636
PDE1A,6.2683883,5.6724195
SNX30,6.3133016,10.845913
UBE2Z,10.390217,-4.6120124
ST6GALNAC4,16.335789,4.057225
EMID1,4.5805073,5.567519
ELAVL3,19.288866,1.3881514
SEC24A,7.665083,-5.5271797
LPIN3,-3.6009095,13.682258
NBL1,7.868161,-2.7764158
FZD9,15.043082,9.553979
MYBL1,4.661447,12.508926
ZFPM2,10.079746,7.4857225
LRRC66,-9.10736,-5.5746217
GRM8,3.7516847,3.0600588
IMPA2,-0.8678286,14.421184
APOBEC3C,-9.482483,1.3764763
MORC2,-3.1650186,7.647543
CAPZA2,3.410083,0.91988593
XPO4,1.4235055,10.517975
SAR1A,4.205286,-12.353048
SLC25A45,-2.2734582,0.5637971
ZNF594,6.1269007,11.2422
DPY19L1,17.331598,2.9679885
KLF8,-9.261486,2.303323
TBCEL,-2.3067362,-3.9025257
SUCLA2,2.0675528,-2.70993
ENDOG,13.610104,-8.247831
RAI14,6.4211297,9.539937
VWA8,-1.0063938,12.619303
TMEM218,1.0305709,1.2922115
F13A1,-6.562233,-6.3743105
ACAD11,15.759211,-1.1624906
SMU1,-7.6574287,-4.104994
MZT2A,2.4165342,15.09944
CAPG,0.478792,1.1187003
AGK,0.7231751,-2.7239115
ITGAX,2.8833308,-5.2484603
STK10,11.987116,5.2545767
ATF6B,-8.759677,6.661565
GAS2L2,1.2528476,5.4636097
SLC25A6,2.7194707,15.497037
TMEM186,2.4059641,15.098944
CHCHD2,8.539578,6.259122
TRIM9,-1.1162552,-0.8164969
E2F5,-6.0375814,6.0793476
PDCD11,9.943371,-4.8091207
PTCHD1,-6.5500917,6.181734
PTDSS2,3.7782145,-8.32484
ZC3H6,3.9292278,-7.4594827
BBS2,14.406926,9.763727
HVCN1,-0.7477734,14.472476
JAM2,-0.9807967,11.328819
MTMR4,6.1397414,11.220332
PPM1K,7.633587,-11.840674
GALNT2,5.6165104,16.386093
EIF4E,2.0441585,-1.6342146
ATP1B1,1.9315674,-2.1503544
NOTCH1,2.6960096,2.2679162
ZNF33B,-4.1183977,-0.51156276
FAM161B,-4.2495713,4.2988157
FAM114A1,4.6060877,12.923326
IL33,-1.222203,9.417058
CCDC57,11.445964,16.464605
SLX4IP,1.6181436,-6.2329464
LANCL2,4.6084833,4.3014746
KNTC1,6.5519567,-10.030186
IMPA1,3.757243,1.1261531
LAMTOR3,4.231352,1.1961286
MROH6,-0.13272043,5.3742337
RBM7,-5.135516,6.731163
EOGT,-6.8369355,-2.9653215
FBXL12,6.557815,-10.049815
GLIPR1,1.7254282,-2.4670253
ACAD10,-0.07910686,-1.1704946
ADAMTS19,12.331186,5.0337195
PODXL,-5.6681056,-2.9367058
ARL15,10.292712,-0.33579132
ATP5S,-3.066101,7.853845
PAPSS2,-6.8305984,-2.9362144
SETDB2,0.6538115,15.395022
NPR1,-4.3191767,-9.586167
ASTE1,5.0572357,6.53747
ARMC12,-3.454314,13.816145
GOLPH3,-6.890307,0.29354405
SPSB1,9.03941,5.3351345
RAD51D,14.434371,0.84503114
SPRED3,2.8879418,8.270753
CXCL2,-5.6689796,-2.9575043
HSPB3,-2.5097616,9.399537
PDE4D,1.2716401,12.719408
SLCO1C1,-1.1126223,11.021196
RNF219,5.633558,-2.195593
CABLES2,14.524619,-3.5094981
COL22A1,-6.3364983,10.9209175
EPHB4,16.534498,3.886089
PHYKPL,5.6472807,5.8689923
RCC2,0.25775972,4.569257
GINS2,-0.99532235,0.11508904
ZNF449,9.410421,-7.5702424
GLTSCR2,11.022664,12.382949
HK2,-4.1429944,-2.5028133
PANK1,10.098748,7.418202
TUBA1B,4.9390907,-3.531151
SLC38A7,17.68803,0.94388026
EMC3,9.658403,-4.093779
ABHD14A,12.598644,-5.422
ASCC3,-7.615335,-4.076123
COL4A4,-5.607418,-4.666386
ATP2A1,1.7202863,-9.189494
YWHAE,16.889063,10.965419
CCDC34,1.0958582,6.727205
RNF5,16.812935,10.890088
PRPF3,4.683252,12.497253
FASTKD2,-7.658676,-4.103899
SRSF12,6.0296836,5.1000786
UTP14C,6.292757,-5.9882855
EFCAB7,10.155146,-0.18816216
NFRKB,11.407613,-1.562997
GTF2A1,7.32001,-5.881565
TESK2,8.045203,4.1445274
MYBPHL,-0.88971275,12.354495
GOLPH3L,-3.289116,6.624815
ZNF431,1.0820267,-6.6593795
YEATS2,8.844789,-8.650445
IFT43,6.452919,-5.766942
HAPLN2,2.3951027,-10.222693
DNAJA2,5.0945997,1.756861
GCNT2,1.6024654,-8.263706
KATNAL2,8.77558,0.21205692
ESF1,7.882744,14.003893
FAM120C,8.838754,0.58863443
RFPL1S,1.9367465,-2.148744
PIEZO1,-2.9029098,14.056776
PDLIM7,2.1413417,-8.200384
TADA1,0.88763356,-2.931795
DTX1,10.8088665,-1.9051089
OSBPL6,14.805089,6.5409603
RIC8B,1.4772037,-3.3268378
PPP2R5C,2.0497465,-1.5835515
GPN3,-7.472047,-4.049357
SERGEF,10.280751,9.85402
SYNRG,8.604318,0.40523866
MPC2,4.83897,1.4044293
PPIA,13.761055,0.20266087
ORAI2,19.013706,7.3807383
RAB5B,8.601089,0.4070271
CHD3,-5.6365747,10.753873
ZNF561,-3.3922868,6.594099
SLC38A2,6.61635,1.7403587
STX6,19.339884,1.1492252
RGN,12.928088,10.631598
ERF,-3.532913,-2.8963451
NDUFS2,0.75500065,6.089212
ANPEP,-7.049686,-2.67942
RHOBTB1,9.710913,4.782787
CD82,9.513229,5.3306584
GNB1L,-3.08,7.375319
UPF1,-3.2012782,13.601661
CDK4,16.674524,3.7655628
NOL12,0.71465594,5.5551276
GAB2,7.5272155,14.2065325
CCDC112,5.5696354,-0.75041
PAPSS1,6.3314366,10.82182
GATB,12.978298,-3.918186
TAF4B,1.8657508,-2.2399218
ZBTB48,11.192543,15.630523
ZNF774,10.477743,4.2729745
PLXDC1,4.6641326,12.490048
CTSB,11.931453,-7.105326
PPIH,7.6857066,8.003651
NDUFAF4,1.5944448,5.6517706
ACACA,4.941156,-3.5309157
DCAF4,14.498822,7.7790775
GNPDA1,-3.1862826,6.7706866
KBTBD2,-6.8998723,0.3023594
DVL3,-0.21166961,6.247028
EXOSC5,13.571837,1.3540878
INTS2,3.931723,-7.4710054
XYLT1,1.689563,17.093048
CTSH,0.9788056,8.729434
TMA7,4.733631,12.9069
HIST1H1C,1.0117937,1.2731959
CHID1,9.894472,-5.32994
UBN2,5.565352,3.5731657
CHAF1B,7.319195,7.488085
CTF1,0.97180575,8.73829
MRPL22,0.87954915,0.17639165
PRMT7,-0.3867167,3.7168784
TMEM176A,-2.2289686,0.5960674
RSU1,1.4835742,-8.148601
EML6,-4.624145,9.433777
NOB1,-2.2915983,-3.9092839
AKR1A1,8.364551,6.413262
ZNF704,2.4748628,-12.849844
RAB26,-0.6097219,3.5130904
CD163,-6.7364364,-6.546519
ALOX15B,13.167261,5.4689956
ATG101,-3.031074,7.4979324
VSTM2B,3.646811,8.804035
TAF7,-6.443339,6.0935993
SHROOM4,8.26091,4.639765
SHF,12.795168,-3.4188735
RAC3,14.515209,-3.528258
SNX18,8.655084,-0.16827138
PTPN21,-0.36564806,9.013146
ACO1,-0.22752514,8.6883545
ZFAS1,11.248143,12.096788
SEMA3C,-9.235134,2.3410106
TTLL11,6.7296343,-1.2431641
ZNF268,3.7144,14.456398
VWA3A,13.417966,6.778655
UBXN11,19.244694,7.986192
ARL8A,0.83198047,7.8224115
CSNK2A1,14.252409,4.0141835
FAM49A,16.950266,7.2715216
KCNJ2,4.739826,8.93509
CCER2,-8.616313,6.713856
CNOT2,-5.253384,6.664263
RARG,17.384956,3.4480822
ZMAT5,0.644291,2.8883846
HSPA4L,5.953759,1.9946455
SNX9,-0.82128656,-5.277985
CCNG1,19.241451,7.9875207
FAM213B,9.357791,3.2052808
STARD13,5.735914,9.360304
PRKCZ,5.935833,-3.3744874
ECT2,4.615412,-7.368059
PAICS,1.2055522,9.474433
NAV2,11.985455,3.0389314
CD248,-9.442333,1.6642876
RALB,17.326769,2.968696
EXD2,-0.97419274,12.574893
APEX1,-3.3185828,6.6456347
PLCD4,-3.3824658,13.821535
PACSIN2,-4.7647223,-3.9463627
ACAN,-1.6658013,-4.3573904
ORC4,1.821601,-2.645561
CNOT1,-7.6496863,-4.098919
THOC6,6.849882,12.979551
ERICH3,1.9042599,-2.2117555
FBXO27,12.980818,-3.9103959
MYT1,4.5348525,17.241938
LRRC37A3,11.653951,16.37148
CDO1,4.1905513,1.1977596
SLC4A3,5.4418206,-3.4700758
EPB41L2,8.689244,-0.19619378
ZNF564,1.9813333,-5.894551
CAMK2N1,9.425913,3.3463616
SYNPR,5.5276957,3.415479
RMST,11.652073,16.372776
RECQL4,-0.32747826,5.162942
CCNI,16.854996,3.5999746
MICALL1,9.544015,5.3047204
TIMM8B,8.6621,7.69117
HIGD2A,8.424345,6.6959634
TOMM20,11.138616,6.125733
POLR2I,8.334571,6.654464
SPRY2,-5.740628,-8.622563
FSCN1,0.82907164,7.832186
ACTC1,1.7988503,-9.084196
HSD17B4,4.244757,13.165212
DHDDS,11.583449,-6.475132
SDAD1,9.791688,6.9313626
EDEM3,5.2349257,-2.378386
TUBB2B,-2.9935687,13.970988
FLRT1,11.735627,5.317056
ABCE1,10.803118,-1.8969793
KMT5A,-4.5101113,-2.1553245
POFUT1,-0.2731137,9.635977
TPGS2,11.573594,-6.5060716
POLB,-0.13609502,-1.2652751
CAMK1G,14.281624,7.624483
MXD1,-4.799661,-1.9195553
SERPINI1,12.932228,5.919921
ZNF682,6.92716,-10.427393
ALKBH7,11.003922,12.419163
MCM3,0.91431195,0.9659222
IGSF11,2.9416938,2.5278869
SLC44A3,-0.2738406,1.1756084
HRH3,9.296801,9.984011
DCLRE1B,14.460544,9.37953
OMG,0.48999456,-3.365525
SIRT4,-2.897579,7.4898596
APOL2,-6.174216,-0.51438504
ZNF585A,12.218656,11.122011
TMEM189,8.366837,4.721463
PPP1R14A,8.267656,4.5989904
NAA16,2.066794,-5.8050475
CASC10,11.066772,7.349755
MYO7A,14.772649,10.549741
SARDH,14.871794,10.495679
SLC16A6,-2.2988205,-4.9344487
DDX52,1.4866785,-3.611931
ZBED9,5.7125106,3.669425
SEMA6A,8.346051,4.526885
RTBDN,14.080069,1.438792
BGN,0.08095853,0.80613804
UEVLD,8.743276,0.47404093
FTCD,11.296674,16.91896
PHTF2,4.9288654,-7.690737
PNN,5.7565975,9.37772
KCNS2,10.566039,3.5700297
SS18L2,5.7122307,2.0709448
ZNF326,6.7295246,-1.2451298
NR2F1,5.7234044,9.357208
ATF5,-1.8085467,-5.750826
CMSS1,17.648743,3.5140927
TATDN2,10.643615,4.890457
PAM16,2.4114678,15.106798
GRK6,19.12758,7.620245
FAM104B,-6.240062,6.638002
OXA1L,-4.469432,7.8980374
NECTIN3,10.311811,-0.34161428
LYL1,-6.391647,-6.0511065
BEAN1,6.9459853,-0.15047833
MPV17L2,5.719817,-4.3528833
IRF1,-1.9517545,-4.4854083
TMEM41B,-5.1611967,6.726745
SMCR8,16.753586,-5.8120813
ARL6,1.9755197,-1.9681879
PSENEN,9.056053,5.9088793
TRO,0.7475995,6.0134034
ST3GAL1,-3.5471468,-3.3234386
PLA2G12A,3.5862553,6.3925323
ASAH2B,6.375888,-7.028526
NPIPB14P,3.6943312,-7.9221725
DCAF13,-7.646357,-4.113789
FASTKD3,-0.841793,-0.4018732
LTA4H,0.8707167,5.5063267
TXNL1,0.6889063,-2.7125802
TMEM87B,-2.6711557,-5.0547276
CXCL1,-5.6941285,-2.9347203
DIS3L2,-6.0248046,6.045571
ARCN1,-2.210024,1.5343121
ZBTB43,-6.6321626,5.7854624
PGBD1,5.0699153,-7.8507814
SLC38A11,9.610211,5.2931957
ZNF26,-3.1978211,13.586536
WDR7,1.7514559,-2.38575
CCNK,4.718061,12.743286
MFSD14A,14.064937,3.796844
SLC25A32,10.025243,6.2545123
GPR22,1.8711812,-2.2826426
TOR2A,-0.06629364,4.0982924
VLDLR,0.86536473,-2.4902792
RIPK1,19.34024,1.1482191
FAM20B,1.7352614,-2.7220628
TMEM44,11.338067,16.215046
FBXW11,3.358074,6.5001674
CCDC28A,11.8717165,-5.1979423
TMOD1,19.37318,4.66428
SLITRK4,7.3882875,-7.632909
CORO2B,19.310112,1.3773912
CDK19,6.5216722,10.312181
LRCH3,3.802016,9.589236
PLOD1,0.97035325,6.642839
USB1,14.335211,-3.9610333
FBXO42,-2.868679,7.4490714
NUMBL,-6.1720595,-0.5160138
ZNF284,-9.107477,-5.574618
CRLS1,11.382709,0.67451113
RECK,6.3759146,-9.521265
PCP4L1,3.4138057,8.006372
NBPF10,-1.002736,14.357136
TSC22D1,-4.096524,-2.9173694
SKIDA1,0.13603584,1.230108
CA8,-1.1698613,11.016345
TNFSF13B,10.282991,-0.31258
HMGN4,3.3960772,0.91679496
TAF2,-6.88688,0.28845227
PDZRN3,13.453884,7.045625
GPR62,7.112322,3.9897814
PRSS35,11.946906,3.4652615
CCDC149,4.9356694,-3.5354621
TCEAL3,16.8928,10.969262
UBE2J1,7.763286,-5.4249682
PABPC1L2B,6.202831,5.5337553
PTGDR2,-9.306597,2.221691
LYAR,14.91868,6.57192
B3GNT2,7.670602,-5.5211763
CXCL12,-5.194863,-5.101187
MBOAT2,2.9188466,2.3284883
ZNF831,13.158588,5.496394
FZD1,-9.270676,2.2929094
NIT1,1.6927884,9.953875
FERMT1,16.383986,-0.958562
GATM,1.4178449,9.792618
ABHD18,6.3846574,-9.531234
TTPAL,-3.930036,2.0644603
GNPNAT1,-0.08160326,-1.218784
CAHM,8.073431,4.1751766
TRIB3,11.8045845,-8.001405
FAR2,-2.6936526,4.642499
ZNF112,2.0861738,3.9597862
FAM184A,-1.2440135,9.399805
FAM213A,-0.8403263,14.434443
PIGT,6.6275635,3.3280663
PAQR8,2.9184725,2.4550378
KIAA1429,3.9136004,9.68446
UBL7,7.4230046,7.933276
FIP1L1,8.202152,2.1332033
FAM69C,2.7396398,2.3009427
EMC7,-1.1800148,-5.2051034
PKIB,-0.14385052,-1.2545321
CCAR1,2.6702282,14.398861
QDPR,7.0875435,3.7819748
ADK,1.2929667,9.333704
BRF2,9.560414,-4.034658
DR1,5.23458,-2.3730125
OSBPL2,9.363333,1.1046455
SLC2A4,-3.8129869,-1.1901652
HNRNPC,3.366552,6.5308785
DNAJC7,4.3800373,-0.39997303
RILPL1,0.3389764,7.6688914
FBXW7,-4.3888245,4.2598615
CITED4,3.6813354,-8.038295
HEXB,-1.1760769,-5.1910677
IRF5,2.802455,-5.344586
SERINC5,4.2138543,13.182052
NUDT22,10.26551,-2.0754004
TDRD3,-0.5392221,17.287693
TIPRL,6.3752933,-7.021404
AMER3,6.9740844,-0.09187791
UQCRB,8.62607,7.717698
CLNS1A,13.053392,11.857159
NMI,-2.1988814,-4.3814974
ZNF223,-1.0643445,-0.7410709
NFATC3,1.0183487,1.2482929
SLC52A2,14.353983,4.1094255
CDH10,10.135386,6.1450152
SRRM2,0.7796369,7.2349343
RBL1,-1.3940889,5.3318815
SCNM1,7.9913387,6.7241096
SNTG1,10.27936,5.369295
COL12A1,12.600111,-3.7805493
ASGR1,14.14607,-6.000952
ADIPOR1,-3.691235,13.607395
POLR2K,17.714035,3.566084
SYN1,12.970874,-5.3242135
ALG14,3.7158146,14.460919
EPHA5,1.9423139,-2.1183991
TTPA,-1.0121546,11.271383
YPEL3,14.143117,-6.016827
CENPJ,-5.02818,3.920555
BTN3A2,19.449778,-1.8752677
CTH,-6.6060987,5.8129387
DDIT4,5.747761,14.3690605
OTUD6B,7.264748,-5.9001036
LYRM7,2.0484607,-1.5390632
PSMD9,10.7979555,12.698865
FAM107A,-0.8668203,14.461802
NAGPA,13.128385,8.009712
ZNF239,-3.8825614,2.1151521
CCHCR1,-0.50458014,6.048126
SLC35E2,11.471507,0.7533706
MYD88,-2.3067818,0.51797944
KHDC1,12.973851,-3.9019563
SH3BGRL,0.4024743,8.7987
SSTR1,10.769571,3.580995
ZNF333,6.528176,-9.795121
MTG2,11.191943,15.629265
COMMD8,6.5444098,-7.200032
KARS,-6.5218005,6.1760116
MORN1,-7.6984625,7.979384
AGT,11.972529,2.6291866
SLC26A8,1.2394695,5.412988
IFI27L2,-1.3990885,8.14075
KIF22,-2.6259708,-8.149334
PRMT9,-4.941669,-1.7554398
DKC1,2.8572152,14.226464
HECTD4,15.248086,0.93561137
CYS1,13.799833,10.422927
SRBD1,9.873261,-3.172454
CROCC,-0.09733093,5.4128404
GAS5,14.855847,6.476874
METTL25,-7.5633893,5.319905
PSKH1,5.5012865,2.2558072
PTPN14,18.291243,5.375843
TUSC2,7.319534,7.92713
ATP2B4,1.7833465,-11.668546
ACBD7,-0.80887794,11.136657
PTGIS,2.0526538,-8.734747
FAM98C,19.246347,8.000095
RAB37,14.099831,13.582101
ANKRD20A5P,13.338094,6.9387836
FAM198B,-1.4381384,11.413059
NUS1,-0.17043643,-1.1373657
CNTN1,5.59351,-6.3516665
TCFL5,6.7369275,-1.2345248
TRNT1,7.7735143,-5.413848
TRMT61A,-0.01682453,4.0196486
DCAF17,-7.955048,4.926736
RGS16,-3.6509163,-3.202086
DNAJC16,10.151167,-0.18620022
DIAPH2,18.299654,5.3660026
SNHG12,-4.272402,-2.4162552
ANXA5,4.6836047,12.851599
HS3ST1,7.032571,0.18187492
CSTF3,5.071948,-7.8499036
AK3,1.2747003,9.905468
ARNTL2,-4.5640044,9.339392
MLKL,-3.6810706,-3.2395191
NAB2,-3.1926064,13.60394
MED16,14.416648,2.163875
TM7SF3,-5.214764,4.287967
DNAJC19,4.780199,1.332775
PTPRU,3.4138706,3.3871224
ZNF25,5.097673,1.768629
AK5,12.526704,5.524273
HENMT1,6.3730564,5.8033175
PIH1D1,7.414229,7.9371014
COMMD4,11.098583,15.831017
ZNF766,15.746303,-1.1741078
RHPN2,12.015559,2.4993436
KDM4B,-0.31833425,-7.7180333
HARS2,-0.5526679,17.300915
PRR22,-3.0134072,6.387826
AP3S1,4.136443,1.1043103
SMARCE1,3.3998337,6.444748
SHPRH,2.7942095,-2.9543931
CTSA,10.400336,-10.4292145
FADS6,7.037806,0.007654226
EIF4G3,1.7933524,-2.6437771
PLEKHH3,16.339516,4.0556526
BDH2,-0.24432084,8.59513
PNO1,-2.3686848,-5.1080656
SLC12A6,1.0527084,-3.5791934
ACOT2,4.567191,5.548343
MAS1,12.026131,5.3222876
SLC12A8,18.712227,5.143142
ISCA2,-0.48205528,14.602626
MAMDC4,-5.221691,4.2955728
APAF1,0.71966434,-2.692874
MCCC1,8.258854,14.317431
ACTR3B,-3.3432028,3.8344162
RNF7,14.921447,6.571758
AP4E1,-2.5657344,10.527995
CASK,1.7826377,-11.667723
EPHA10,13.833483,7.3151207
ZNF445,5.2030206,-4.739367
LTV1,-4.472432,7.901593
MAGI3,9.889841,7.11788
HDAC2,0.71789706,-2.656302
ARPC1A,13.841262,0.3687049
POMT1,11.527043,16.50896
PRDM1,3.3649168,-1.9256622
ROM1,-2.736303,0.22490114
FBXO30,1.3696785,9.840746
PSMB2,-1.8684787,-6.5011616
VIPR1,-0.7591116,3.37416
RASSF3,11.524775,10.842369
VAC14,8.822177,-8.539534
B3GALT1,-1.4566107,11.432568
CWF19L1,-1.9344023,-6.2803106
LGR5,4.566451,9.161246
SMAD6,-5.651119,-4.621401
GDPD2,12.961198,10.615316
DOK3,5.433408,6.4022455
RCAN2,10.321911,5.504972
LGR4,-1.0395527,9.44245
TNRC6A,-1.0737455,-0.7457323
AHI1,-0.84406805,-0.6388311
RCSD1,-5.743461,-4.531264
NKTR,12.182573,11.088941
PDS5B,0.9985346,-3.2201793
GLT8D1,-3.2211845,-7.4350524
ZNF606,3.910929,9.691352
HCN2,10.570167,10.00033
PEX5,19.297192,1.6234398
ATG16L2,1.3039546,12.699471
YLPM1,19.224823,1.9428271
NF2,10.333272,9.833483
ELOVL5,-6.582434,5.7992706
ETNK2,-3.3251927,13.855449
TRIM22,-3.6320865,-1.4466629
WAPL,8.611723,-0.26499873
ZNF219,10.976541,-1.7642533
RFXAP,6.4191713,-9.557365
PNLDC1,18.721321,5.1327267
LRRC1,2.3916237,-10.229378
IL17RE,14.35353,4.1104283
HMGXB3,11.103395,15.848499
FXYD6,11.57554,-6.50199
TBC1D30,10.321288,5.428292
ZNF404,1.9596814,-5.9137096
CHRAC1,8.275162,4.627475
SLC35A4,0.8906234,-2.9408045
MGAT4C,14.359999,9.823282
ZMYM5,-5.111992,6.7751303
KIF21A,9.795838,6.9846506
MTUS1,4.0736146,2.557303
LSM11,6.261084,5.664821
SLC18B1,-1.055303,9.452342
ITGA7,0.9915164,8.707268
PIP4K2C,4.31132,-10.066999
GPR179,14.004922,1.720791
TRIO,14.048767,-6.164108
GRPEL2,-6.559453,6.201279
SPATA6,2.8718698,2.353822
MAML1,16.56356,3.8604662
ANKS6,-0.27758756,3.8385625
PIK3C2B,8.150294,4.687057
PPP2CB,8.311207,-0.4419572
WDR27,0.73296267,5.5813417
GRIA1,10.38615,4.284027
TMEM196,13.168317,5.495738
FBXO36,7.7686887,0.18224418
MAPK3,-1.6984572,16.588017
CLIC5,-9.422424,0.7275411
ZNHIT3,4.5197997,-0.45684266
TMEM263,3.2143745,6.400319
WIF1,-0.9004405,11.274678
EXOC4,9.513049,-3.9849784
ZNF418,5.438152,6.400704
RGS1,-6.277008,-6.2251096
PTEN,6.284627,-5.8776584
L3MBTL1,-0.7239132,3.4092414
PSD,10.379428,9.726894
TRMT11,4.8892684,-7.651971
PCDHB16,3.5381782,13.700519
SLIT2,13.3544855,7.1896086
FAM216A,10.134352,5.115953
DIP2B,5.532459,9.320795
SLC46A1,3.524631,11.64461
EID2B,13.76078,0.19682813
CERS1,13.754359,-7.9012923
FAM189A2,-2.7534857,0.2123185
SLC10A4,3.4758475,7.6204686
NCK2,16.343468,6.106158
RASL10B,11.440066,0.6886876
MAZ,10.332241,9.836386
TRIM59,5.717997,7.0093026
GIT2,-4.6235642,9.432096
KDSR,3.3797588,9.495948
COL24A1,12.887989,5.9052057
SLC25A20,-0.23889445,8.728696
COA1,4.713169,1.3801675
KCNC4,9.497165,9.8721895
ENTPD2,12.038701,2.4445472
CHD6,6.453965,-5.749213
ADAMTS14,6.9212213,5.645237
HACE1,5.0990105,1.763869
LINGO2,13.408147,6.857547
CELF1,-6.5595074,6.206255
SCRIB,10.781422,12.720355
A2ML1,-0.82405895,11.80296
UBASH3B,9.995946,7.1852713
RPRML,13.604492,-8.254573
AKAP8L,-0.5432235,4.95999
MFSD13A,14.29832,-5.947753
BCL2,-0.20981961,9.860503
SBF1,0.79725814,15.133471
BTNL9,-4.29217,-9.614083
KCNAB3,8.017237,-1.5958871
GGN,2.9008389,8.2669735
PXDC1,-3.8723571,-0.858711
ACER3,6.712552,10.78283
GEMIN7,17.715754,0.9421756
RSG1,-1.6983298,16.588066
FZD5,9.0392685,5.331673
LRPPRC,14.015359,3.6705499
SLC5A3,6.4711185,1.7750183
TXNDC11,0.4202756,2.275349
MRFAP1L1,4.37357,-0.3988481
KIF5A,10.152665,-2.1428719
OXSR1,-2.7995136,-5.18556
BEST1,8.176882,4.8953214
DPF3,8.135835,4.950112
ZNF33A,5.216453,-4.729773
SOGA3,4.83054,9.089869
AGA,1.2722379,5.4931374
KPNA6,1.3785098,-3.343248
CCDC152,4.0732026,2.5639143
PPA1,-1.9056499,-6.398779
ZBED3,4.7407565,8.935035
FMN1,12.932042,5.8634305
BRCC3,10.328844,6.438411
CCDC22,8.1108675,6.6957955
RORB,13.232895,5.9332137
CNOT6,3.277065,6.3982277
GALNT13,10.163183,7.3147936
ZNF329,10.308485,6.128956
MAPK13,12.8587,-3.8187487
PDLIM3,0.4134149,8.779299
SLC6A11,-0.21191414,9.870131
APRT,8.415778,6.679338
SLC37A1,4.0695114,2.5782902
CNTRL,18.254519,6.430475
THSD1,3.6272357,11.545695
ABCD4,-4.116282,-0.5144068
ALDOC,4.570156,5.5576696
PDGFA,9.037059,5.3242064
WSB1,6.88022,10.418454
SETD1B,10.976661,-1.7766788
MYLIP,6.766746,10.901168
APC2,0.8169895,15.109825
DHX16,0.7146291,2.9522824
NLGN2,6.9817233,-0.10499314
NOC2L,14.365453,-3.6946652
SYT11,1.5525243,5.6254535
SSFA2,3.425612,6.430924
HCCS,16.952288,7.269659
LPIN2,-1.246401,9.391955
METTL16,4.740413,8.934359
DENR,1.3924916,-3.2890155
CNIH4,-6.176436,-0.51269215
PPIP5K1,13.888912,0.70448005
CDC40,10.588878,3.7025454
LSM5,8.401364,13.198712
PMEPA1,-0.535857,6.0465903
JAK1,0.15149567,8.096215
PHC1,-4.078988,4.6322637
KLF7,-3.6588671,-3.2464805
NBPF1,8.291952,14.350357
POLE4,8.863177,6.6856775
ZNF569,7.76823,-5.4206347
LIN37,3.7734718,-8.30953
TVP23B,-4.5510983,6.1084914
VPS33A,10.413145,6.044527
NUPR1,0.49212846,0.68646955
RFWD2,9.5303335,-3.993794
CDH11,9.44084,1.1807638
MAPKAPK5,4.742455,1.3892888
MAEA,14.53322,-3.5358694
LHFPL5,13.650903,7.226476
SLC9A3R2,-5.1318192,-5.2654138
IRAK4,15.433757,1.3289274
KAT7,8.192552,2.137096
PRIMA1,6.890757,5.610528
SETMAR,-5.0251193,3.923929
C2CD2,1.4904522,-8.152792
STX10,-0.09881129,5.424921
ANKHD1,2.6936991,14.363885
ASL,-6.0340767,6.047663
PRSS53,15.764314,-7.666679
ABHD5,-1.5294784,0.629772
LPCAT4,12.90504,-3.9525342
ALDH3A2,1.2136583,3.1712923
CSF3,-4.3118644,-2.3771954
DEPTOR,1.4687974,-6.3604503
ZRANB3,-0.7839229,4.7638125
GPR75,14.279988,9.955845
KIAA2022,4.255374,-9.9028
PRELID3B,1.2691197,9.972365
FAT1,-1.3650492,10.072359
FBXO46,11.225197,17.055355
ACSS3,-0.26973024,9.806575
PRDX4,1.0157086,1.2456868
LRRC34,7.7637496,0.18010904
SYTL5,3.3578448,7.501102
BATF2,-2.2278855,-4.3521805
TCEAL7,17.379137,3.449111
TAF3,6.854035,14.978252
TAF13,17.765856,3.6085746
FAM71E1,19.270594,7.793285
TENM3,-4.187635,4.350495
MTX1,9.924905,-5.29022
KAZN,3.4282897,8.015066
TUBD1,1.9661651,-5.9046793
PRICKLE3,-3.9878523,-0.67950994
MSS51,-1.062835,-0.73783255
RHEBL1,14.6729555,7.40268
FSD1L,2.4749637,-12.850129
WRB,6.5191116,-7.179407
SHD,8.016048,-1.6010314
DESI2,7.591503,-5.608331
ATP5G1,9.855699,-5.3761125
BTBD9,9.337991,3.172712
CTNND1,0.13246651,8.118239
PHF7,-4.548775,-2.1180458
SBSPON,11.531152,10.845723
PPIL4,-1.4758427,0.6137553
CCDC18,6.9349213,-10.436219
ZNF680,1.5278276,10.118565
MOGS,11.131047,16.251902
IP6K3,4.631181,9.1551285
NTN4,5.591554,4.2166257
MLIP,13.037982,6.301369
DBF4,-0.74271333,-0.49037415
PRTG,-5.280014,-5.017366
DPYSL2,-6.98544,3.491874
LRFN1,13.442302,-6.136007
ETFRF1,3.8479018,2.326309
CREBRF,7.7042336,-6.427062
DIO2,-1.0200348,11.258313
MRPL33,4.439931,-0.46172273
TIGD1,-0.56680256,17.313227
WWC3,-0.45297036,10.423161
MRPL3,5.2018037,1.855562
GIPC1,11.343786,0.6447189
ANK2,10.480449,6.6570277
PSME2,-6.9901423,3.4880633
PEX2,8.729774,0.40077496
DOC2A,14.033178,0.84937996
PLIN4,-2.8917286,13.939557
ZBTB10,7.7048864,-6.4284024
SOHLH1,11.782956,5.307843
SEMA3F,-3.627037,-3.26598
KIAA1841,4.1565857,1.0745277
SETD7,8.027853,13.929381
SNED1,-9.290133,2.2553146
PIEZO2,6.6605387,9.074115
MARC1,13.850515,10.382172
SNX1,4.7467957,8.936166
PM20D2,7.331416,-5.862772
LMO4,12.935232,5.91923
GRM7,13.244735,5.9615493
TOPORS,-6.607667,5.809966
IARS,9.708881,-4.1291604
FAM178B,6.8306866,3.5732398
ZDHHC12,10.785783,12.710261
ATP8B1,2.052972,-8.737202
LGI2,3.3540444,7.957774
ZNF235,2.0818284,3.9587524
NDUFB3,8.485342,8.062298
PHF12,-0.45171008,10.418014
TUSC3,6.2756267,5.6668224
LRRTM1,13.688681,7.2413125
TMX4,5.1565366,1.9394269
RAP2C,-6.8829236,0.28459114
UBE2W,-0.075803466,-1.3524092
ABHD6,16.874556,3.5797303
INO80D,3.0568123,14.052838
INO80B,8.452516,6.9157057
HSD17B6,-0.84339774,11.677446
BLOC1S1,8.453365,6.3910055
NME7,-3.2966049,6.6261034
DAAM1,1.2989801,9.325103
TNK1,15.931983,-4.7348895
NT5M,19.219297,8.046245
NFU1,4.5487127,-0.3886934
RNF168,5.0516524,-2.3410127
NBPF14,12.01784,2.9680572
FNDC4,14.767326,10.556064
LACTB,-5.151033,6.7275763
CD200,6.2808056,5.64219
PGBD2,-7.5703197,5.318327
GFPT2,11.805273,-8.00427
DEAF1,10.4896145,-1.960295
GAN,7.773919,0.1851241
ZMYND15,19.445461,-1.8801253
TFAP2E,-0.65136564,17.392754
OPALIN,5.776844,6.992454
TXNRD2,10.96599,-1.7761426
BCORL1,10.984076,-1.7707394
ANKRD9,10.965354,-1.7850432
PLXNB2,16.396292,4.0016418
EIF3F,-3.7102332,11.687937
LZTS1,13.675469,7.2418127
TADA2A,2.5305517,4.1677237
TRPM3,-1.0000687,12.607234
SIAH3,10.289286,4.837837
MEPE,3.5789857,3.24233
SFR1,9.634097,5.2864947
CHD8,19.224516,1.9455866
CARS2,11.161563,17.198372
ARRDC4,4.263844,13.1434765
ZMPSTE24,8.306502,-0.46329823
KIF5B,7.7737956,14.079684
YTHDF2,17.799528,3.6389344
GREM2,9.524423,11.67149
TTLL12,0.84218746,15.105751
ZNF236,5.7301383,-4.3425326
NXF1,0.8547207,5.545882
IPO8,3.8640716,6.5010247
WDSUB1,-5.3278894,3.6237009
OPTN,1.391552,-3.331907
PPM1B,3.5897737,6.611598
REV3L,-1.0246574,12.625559
MTHFR,3.8478298,2.3323345
PTH2R,13.325068,6.8558817
C1QTNF1,-5.794636,-2.384726
HNRNPM,-6.2561183,2.1110983
DIRC2,14.423127,9.71846
TMEM68,6.246416,-5.998998
EMD,0.4439697,2.3378272
HIGD1A,8.356153,-0.43738034
KCNJ12,12.766128,-3.3951194
ENO1,-0.4249912,7.121518
PSMB10,8.398621,6.4047794
TESK1,10.2076435,-10.19599
CCDC154,0.8404895,5.5081515
TNS2,16.554903,3.8683038
ETNK1,4.877069,-6.885626
PPP2R3A,6.7629976,10.431462
EED,6.557184,1.768538
OSTF1,5.738777,2.1041765
SPRY1,0.26334858,-5.8640695
DDX10,4.3329806,-0.34837484
GJC1,-9.312366,2.2399004
ZC2HC1C,9.5227,4.498111
SLC25A25,-2.0401027,-5.194743
HEMK1,3.5064437,11.66329
LRRTM2,16.950924,7.2678313
AEN,-3.3227196,-3.539168
MED12L,-1.3074082,10.148271
RND1,5.94209,2.0013075
MANEAL,14.475762,0.923097
COA4,8.075729,4.1764603
DHX37,6.6289797,3.32783
SLC9A2,-9.315615,2.2027533
SBNO1,-0.34032467,-0.99976903
DNAH1,-10.715372,7.3579326
PCYT1A,-2.885445,7.4864
NPTXR,5.5015774,-3.467959
PPM1J,4.2072954,13.189811
CNPY2,8.004214,6.718508
NLE1,15.196612,-3.4727511
CES3,13.216518,7.4370065
NDUFB5,5.0800653,0.06355012
PLEKHA8,6.6433077,1.7343568
EPN2,9.378709,4.56506
AFF2,10.191704,6.740491
ATRIP,-8.761425,6.650755
BEND7,0.8307442,7.8449893
METTL4,2.475178,-12.850781
RHOU,5.711675,9.342644
MRPL37,10.397629,-4.6243277
SHISA6,-0.80749243,14.45299
RASL12,0.14824308,0.78315943
TMEM150C,-0.017890505,10.2223
CRELD2,-1.1894276,-5.19935
EPOR,-2.7440653,0.23164175
PTCD1,10.223787,-10.2172165
CDK6,7.525295,14.210808
CDH12,13.118585,6.070731
CCDC151,8.75649,-8.546816
VMA21,-1.121803,-3.8236117
FDX1,-2.6223364,-8.152919
TMEM35A,10.323226,5.6055026
LDB3,5.335548,6.637055
NHEJ1,0.27139515,4.5508714
ADCK1,7.0866356,3.612579
MDFIC,4.119333,13.260616
RENBP,2.7192802,2.2868626
CHGB,11.944645,-6.768784
NUDT15,1.5958521,5.6568832
ZFPM1,13.60139,-8.257161
TGDS,-4.160695,1.8195513
ISY1,0.4139615,2.2585683
NSMAF,-0.902346,-0.5764818
CHCHD10,8.431506,6.8727713
GPCPD1,-5.1258674,-5.166863
SLC6A7,13.888239,-4.1178603
ZFYVE1,8.804383,-8.564872
ZNF316,3.6902196,-8.043691
IFNGR2,13.115714,-5.1640973
TMEM183A,14.039839,1.7495008
PRKCQ,7.0759654,3.7884467
SNRPN,13.982787,0.776196
PIGA,-2.2672327,-4.754864
TOX3,3.3963974,7.994942
PAGR1,10.796218,12.882591
GLB1L2,14.455407,7.52375
STAT5B,12.36153,5.016056
H2AFY,5.823347,-2.1135306
FAAH,0.8528104,7.8519
GAPVD1,-7.7778864,-4.2451425
SLC16A4,1.4904532,-8.1851225
PDSS2,1.780687,-11.668999
RPRD1B,-2.8082395,-5.187318
RNF135,-2.7132745,4.6226482
MKRN3,5.3941216,6.603281
GMCL1,6.3564277,-9.489924
MAP3K8,-5.9289083,-2.861123
MCHR2,12.544372,5.585957
PYGL,-6.0188413,-2.8246536
GOLM1,0.238841,-5.8266478
CAPN10,10.789248,12.886008
VKORC1,9.040648,5.9238777
CYB5R2,7.2735424,4.913075
RHBDL2,7.0856113,3.8294697
SWT1,1.9340142,-5.933272
KBTBD8,17.798916,3.6378949
LGI4,-2.9569938,13.9976
PCAT6,-0.7723549,12.180927
NEFH,9.517806,11.682295
OGFRL1,1.2787461,9.945827
CLN3,2.0466874,-1.7601317
APBB2,6.812506,10.426128
CFP,-3.3507717,6.6823454
S100B,8.895426,4.403323
HES1,3.3753293,-1.9262818
GTF2B,-4.4332724,7.8508244
IL15RA,-4.266494,-2.459741
ZNF777,2.6994557,15.475148
CNEP1R1,-0.07189161,-1.1657379
RIT2,3.7265239,3.143454
TIMM17B,8.156955,6.6624804
LEFTY1,11.297586,16.904295
ZBTB6,6.2761946,0.58063704
MAGEH1,11.148076,6.1345057
F2R,-3.6080763,13.676757
MOB3A,16.355694,4.0401573
SEC24D,-0.83137125,-5.2741385
CCDC177,4.889248,-3.5129747
SNRPD1,4.547743,-0.38764492
DBP,11.283095,-1.2646195
NXT2,-0.84688663,11.149992
ADGRL2,12.944112,6.220877
PHF21A,2.3909338,-10.228819
TMEM220,9.86995,-3.170852
BAK1,11.825326,-8.015403
CCDC88B,-0.30608124,5.960178
MON1B,6.718794,-1.2422072
IKBKB,16.536959,3.8804164
RIPPLY2,6.3684096,-6.9938335
HNRNPLL,5.549798,-2.256554
HNRNPAB,-6.555808,6.1761203
FGF1,7.531285,14.21234
FANCD2,6.553262,-10.030713
KRCC1,8.386726,-0.24997784
TRDMT1,-7.104816,8.826701
NUDT10,6.2804093,5.6676445
NLRX1,-0.23336063,7.2660966
ENDOD1,3.8256571,2.3123991
PIGS,11.191105,-8.182909
RAB12,4.225046,1.2556477
INSIG2,-0.09690102,-1.1559466
KIAA1324,13.925888,7.3607793
ZNF470,2.544017,4.2077003
CPSF4,11.114376,15.872612
NSUN5,1.0862828,11.70042
COLQ,16.220581,-4.840839
GNA15,-6.3366895,10.920825
COMMD5,2.3936765,15.077405
SLC1A1,10.385382,3.3027525
KIAA1468,-0.615141,-0.81899446
COTL1,-0.08243617,1.2657502
ZMYM3,11.404172,-1.5699811
TCEAL8,4.148252,1.0881621
FAM45A,-2.047327,-5.1969867
PKIA,16.066265,12.9950695
SNX16,7.673059,-5.5189466
CPLX2,10.393034,9.726927
PTER,6.34013,-6.97858
TMEM243,7.6335826,-11.84069
TMEM109,-6.623838,-3.3138678
N6AMT1,-5.2293205,4.297509
SLC22A3,-9.587601,1.595623
USP27X,14.021698,0.84188473
YRDC,-4.448905,7.8760204
HSD17B3,5.5328126,6.67361
RBM39,-7.685621,5.21786
PHACTR2,-9.344768,2.112885
TSPAN17,15.484168,1.3510249
ERCC6,1.782611,-11.66618
IFNGR1,-4.750335,-3.918513
KCNA4,13.0061865,5.7458725
UNC13C,14.664969,0.32028311
CDYL,-2.7857468,-5.249677
PYROXD2,2.6892512,2.2623427
TRAF1,7.0413485,5.9749513
SNHG9,9.0275545,5.9624343
ZNF140,2.0884197,-5.782853
TRIM13,3.916,9.696931
CTSS,-6.4579287,-6.2417617
TRA2A,-7.8846073,5.00247
C1QL3,10.50991,5.6502056
HEATR6,1.9783121,-5.8903055
SNPH,9.304479,3.1463525
TRMU,11.167126,16.217354
GSDMB,1.2548531,5.43517
ZNF740,0.23397258,4.590242
TEX261,17.780222,3.622458
ALDH18A1,-0.47510815,14.606633
ELN,-9.322088,2.1901274
CNTN6,0.34551907,1.3053143
ERCC6L2,5.212712,-4.731307
UBE2A,-2.1821032,1.5018075
STOML1,12.70286,-5.3917074
KIAA1456,-0.5373948,-0.860845
CCDC68,-9.426195,0.75688916
NAIF1,11.160039,17.201792
RNF43,11.995048,2.5450828
MYEF2,4.7899323,-7.4535136
CITED1,14.775676,10.544526
ZNF287,14.426285,-2.7806792
CLEC1A,-5.638169,-2.9312205
MAGOHB,-2.3688557,-5.1641793
IGF1R,7.6334367,-11.840742
LPAR3,14.310205,9.953955
MFF,3.3860598,6.5141387
XPOT,2.786945,14.291022
RPS6KC1,0.7078466,-2.7028115
SLC33A1,7.488648,-5.7093954
ITGA3,8.086801,4.885872
GAK,-0.0789317,5.3968797
PI4K2B,1.3217674,9.789424
RBL2,4.3929048,2.5503767
BOD1,-6.11158,6.10925
GNB3,11.380255,16.688906
ZNF789,16.359526,6.1197305
CLPP,0.5088338,2.5054233
ANKRD36B,-0.70756656,-0.41991246
ZBTB17,16.286064,-8.514976
LMOD1,2.1554027,-8.21042
PTGES,19.400446,4.6412687
B3GAT1,10.161361,-2.0903375
MAN2C1,11.22942,16.158598
MRPL52,8.877567,6.1800056
IRF2,8.810737,0.16749181
ANXA1,-6.310146,-3.825841
SIDT1,-4.048727,4.5058103
G6PD,3.9396057,-7.5021067
PTDSS1,11.852163,-7.3725634
AGER,10.408479,4.1797576
CCDC142,0.23424788,4.5961356
INPP5B,8.772284,0.20991874
NOL4L,0.37343752,7.6755705
FJX1,2.8040664,14.2589855
ARNTL,4.303333,-10.068155
GALNS,14.426878,-2.7881277
LAMTOR5,4.5396476,-0.39232442
TOR1B,11.815291,-7.974292
ADCY2,-0.20446987,9.885448
RNF217,1.4188528,10.508186
CDC6,14.686288,7.9257774
GAPDH,10.370346,-4.608372
TCTA,-0.99759454,0.09973616
FAM212B,14.000154,1.7079663
NFYA,7.9350286,13.98169
PLIN1,-0.08076137,7.422151
HIST1H4H,0.99356973,6.6496806
ALKBH4,14.289985,-5.9588304
MRPL42,4.161584,1.0548595
GALNT4,-0.77584213,0.96267587
S100A13,-0.26844174,7.2025547
ANAPC15,7.890757,-2.7846029
RASGEF1A,10.240955,4.7818117
SLC36A1,-0.24141368,7.250386
ZNF586,-2.3695273,-5.1406307
ANO10,-6.1591616,2.4238913
TBRG4,10.151994,-10.147585
PPP1R3B,-2.2886133,-4.8871183
FAM177A1,6.612158,9.79939
PID1,-5.6344137,10.753573
ZNF280B,5.466782,2.8678336
XAF1,19.56539,-1.7338705
CHST7,-0.8290944,11.2649145
CHGA,13.138129,7.9790235
EIF2AK4,5.7311416,-4.3412695
PFDN6,8.133397,7.79215
PDLIM4,-3.803609,-0.8358433
TTF1,8.177016,13.438976
ZBTB26,1.5755546,-6.2677517
FCHO2,1.2626065,10.162009
GRN,6.6972075,-8.030149
ARPC2,4.7730246,1.3273973
PTPRN2,10.374185,4.8656764
DDX46,7.8686514,-2.7755773
CTSD,6.6988816,-8.025901
TAF5,17.32266,2.9358149
EIF5B,3.6098437,6.3745217
ZMYM2,-3.1831088,-7.3957305
RFLNA,-9.435327,1.0247601
PPL,13.94523,0.7537384
HBEGF,-4.9040184,-1.8085221
ZBTB2,-4.8610125,-1.8564845
CPXM2,18.18095,0.25484768
FANCA,-4.0312347,4.5880733
VEZT,4.829726,-7.590331
SVIP,4.1391406,1.0975839
TRAF3,5.9292936,-3.3802865
TSEN15,-7.5930133,5.2938538
STX5,11.289295,-8.112937
E2F1,6.7231603,-1.2440925
FAM127B,8.002118,6.7180004
ME1,0.7512842,8.832664
XPO5,-6.3692966,2.2299137
EBAG9,11.171043,6.1502547
NDUFAF3,8.408058,6.3930235
C1RL,-3.5864909,-0.8746953
RELL1,-3.8156536,-1.1751039
AKR7L,6.55341,-10.044411
SLC24A3,-0.99020225,12.601574
CPAMD8,-9.462892,1.1213124
SOWAHC,4.0688663,13.307879
EIF2AK1,8.874384,0.6508089
PUM3,-0.8345525,-5.2732763
ARL9,18.689394,5.1536946
NUMB,5.1705856,1.8169565
SLC7A14,0.7324962,-2.7029994
KREMEN2,1.6293947,9.909527
B4GAT1,13.238428,-5.475663
ZCCHC10,7.780179,-6.500353
KRBA1,-0.04917103,4.0529532
GPD1L,1.8296773,-2.303155
CDKN2D,9.207996,2.9205534
OSBPL3,13.003221,5.731817
LSM10,7.755147,7.801374
NUDC,7.7724333,7.780333
SLC13A3,-9.780669,1.8375903
WASF3,9.034358,0.777612
WNT7A,11.747268,5.329276
HUS1,11.097098,15.838706
PURG,2.9430044,-8.051141
ARF1,13.51723,-5.6983333
IRF7,-2.1828234,-4.2426634
LGALS3BP,8.051068,4.102814
HARS,13.923995,-4.096049
TMEM150A,10.382336,6.537005
BCO2,2.054352,-5.8171735
LZTR1,11.166155,17.188057
WDYHV1,-5.10978,6.7933245
APP,0.84850657,-2.5451207
ZNF429,6.7000628,-1.2293942
POLA1,2.8394053,2.3607194
ZNF688,-0.21648717,5.982598
LETMD1,16.841446,0.9920476
IL18R1,-4.796491,-3.8370166
AGRN,14.522689,2.2914162
CORO1C,-2.7886062,-5.248783
TMEM241,11.995718,5.275437
UBE2G2,0.7258751,5.576866
SREBF1,9.411696,4.602874
ZNF346,14.124746,-5.9434953
SCRN1,6.857576,12.995684
KLHDC2,-1.9084288,-6.394709
IGDCC4,-2.8959453,14.064578
NDEL1,6.043827,5.1482606
TLCD2,-3.6049438,-0.8763815
AGBL4,-2.927938,4.4705687
SLC25A38,11.798379,-7.974498
NCOR2,15.474664,1.353446
SOAT1,-5.9320426,-2.8396332
NDUFV1,8.498625,6.782708
DPF1,14.1906,1.5055577
ZNF146,6.427114,9.599243
NECAB1,12.936854,5.9211
SH2D3C,11.925259,-7.0067835
PRDM10,5.492374,3.5377793
UBE3A,4.243897,-7.517275
STAC2,19.008984,7.41156
SARNP,-1.9632692,-6.0958157
CRBN,3.9882426,1.191151
SIGIRR,0.6718308,0.5031013
RPA1,-0.97362363,-0.0028667357
CFH,-6.307414,-3.8242106
EXD3,11.117252,15.821871
SPCS1,8.798694,15.806343
AMER1,16.75136,-5.8119264
ZNF853,11.343952,0.6436541
PEX11A,-0.22811504,9.86197
DPM3,8.953499,6.0629334
ALG6,16.188345,5.972175
JPH1,4.303254,-10.001789
TBC1D15,1.12689,-6.659942
NID1,-4.7672253,-3.923563
RPGR,-4.7629247,-3.7935264
NRARP,-5.640614,-8.531065
OSER1,-0.45682558,14.615644
FDPS,-0.9191223,-3.1396408
DARS2,-0.35881516,9.080449
RAB43,-4.598567,-3.6287506
KCTD8,5.5326624,3.517941
TMEM161B,3.735335,-7.8904924
FKBP1A,6.087775,5.122885
CLVS1,10.502275,5.641859
RNF19A,-2.2709768,0.56382364
DNAH9,18.299469,5.367191
SEMA5B,13.616638,7.3302183
BROX,1.4276186,10.461385
NDUFB6,4.5464077,-0.38802227
ZNF212,0.17012216,4.644914
NR2C2,6.41273,-5.8012333
CCDC90B,1.6215117,-6.2322416
BOD1L1,5.238732,-4.7239866
MICALL2,-2.7428782,0.22920015
SUPT16H,1.4990007,-2.7711647
FLJ27354,7.5287657,14.204678
FAM200A,-1.2293802,-0.85902214
LRRC10B,13.176799,8.069435
RNGTT,5.3813276,-4.62474
POMT2,8.137871,4.375508
SLC7A5,-4.339978,-9.565468
ZFX,1.3155049,10.266122
NCK1,-6.8800144,0.29305393
SRRD,10.649007,4.8820987
S100A4,2.2433023,-8.522902
MTUS2,10.372505,4.379274
PAX7,12.005252,5.3336396
NIPAL4,5.6350627,6.7843146
HAR1A,9.20665,2.9158134
SPCS2,1.2847772,10.240875
OXCT1,1.7506685,-2.484684
MYO19,-0.6473507,17.389095
PEX7,14.425481,-2.7786467
MB21D2,10.512951,3.9091427
CNOT8,6.787538,12.762704
OPRL1,14.68365,7.4329815
FXYD7,13.130638,8.00282
GALNT6,6.8639073,5.633555
TTC7B,5.846944,-3.3758616
NECAB3,10.725784,10.173617
LRIF1,6.4729156,1.7945371
LRRC2,11.033702,3.5269005
PRKAG1,-5.924066,5.947919
KCTD6,-3.3291962,6.6188865
SLC27A5,8.446787,6.9209876
VAT1,0.22767608,1.5426196
ECI2,1.0462193,1.289547
DNAL4,-0.7529262,3.3776355
PCBD2,-0.27577975,9.578574
DLST,-3.632434,13.635824
MRGPRF,2.5150285,-8.2161
KLHL25,5.6162205,16.38622
STK32C,14.466998,2.213039
GALK1,0.8917734,0.94191587
NWD1,-1.1077758,11.081656
ATG12,1.1058366,-6.6378703
CLN6,-0.046626333,4.0507174
ZNF629,3.4421659,7.9810734
GIN1,1.9425721,-5.930159
ABCB6,15.76676,-7.6690197
TMEM33,5.231819,-2.37824
SAMD10,15.893253,-4.932418
TBC1D22B,12.764865,-3.3896205
MXI1,4.6475277,12.84499
OTUD1,-4.943094,-1.7630441
HNRNPH2,3.9609191,1.1875113
HSPB6,2.3991232,0.65191066
WDR17,10.150038,-0.18457475
FAM189A1,14.315483,0.8873994
NINJ1,0.24459483,1.5836146
RBM28,-0.330241,17.107265
COLCA1,14.283078,9.950776
HNMT,8.786917,11.067351
BIN2,2.8483734,-5.290983
MFSD2A,-4.2646003,-9.641881
ZNF501,8.66184,0.3298094
TXNIP,-0.7085089,14.472615
CHSY3,13.139705,6.528388
PGR,-9.639355,1.5696418
HMGCLL1,17.405733,3.4604232
CALB1,10.073202,7.4615674
FES,-3.6804712,-3.2471392
RASSF1,-4.0564966,-2.6475706
ZFYVE19,-2.3084197,15.402361
HYPK,-2.9147344,7.502993
MLXIPL,15.9319515,-4.7407346
CHFR,1.2144285,3.1711853
APOL1,-5.9655476,-2.7006998
AK6,5.2085686,1.8711137
SLC40A1,3.5299463,-10.851305
PPCS,5.4038334,6.3703523
FUCA2,4.0777535,13.296384
FAM220A,10.11486,5.691515
PHLDA3,0.66835064,7.283481
TUNAR,9.608369,9.833227
TACR1,11.819039,5.3159947
VASN,-3.7258248,-0.9851221
WFIKKN1,-0.30295706,5.963657
EGR3,13.075872,6.4401193
SH3BGRL2,1.290485,-3.4174907
KYAT3,-2.838696,7.4640365
ECSIT,11.283637,-1.2269939
NSMCE1,-1.3991966,8.143352
FBXW9,14.982536,-3.4466815
RAD23A,10.168472,-5.0061884
KCNT2,10.314034,-0.34850025
PHACTR1,-3.261074,3.6425576
ADA,8.83622,5.201586
RNMT,1.7954423,-2.5274696
JAK2,1.5530496,-8.204813
MIS12,13.05482,11.85937
HERC3,1.0050739,-3.5123162
ASNSD1,5.326442,-4.6552157
PPP1R8,8.684342,0.43616617
ERI3,10.131453,-5.112126
POLR3H,4.7736974,-7.5321765
ZNF441,9.414063,-7.5806623
SLC7A4,14.459276,0.8081711
IFIT2,19.672215,-1.6108001
PCK2,-2.9942687,13.965183
SHMT1,0.88786143,0.96119493
PROSC,14.099243,3.8296616
CCDC94,10.732647,12.779699
LRRK1,9.5149,11.682307
SNTB2,10.388256,3.3081696
MAGEL2,12.105553,5.3727565
GSKIP,0.8042966,-2.5827446
LHFP,1.6001186,-8.215234
MMS19,-0.46156058,5.027669
ADAMTSL5,-0.78232276,12.173255
LRRC32,-4.259926,-3.2998958
NOTCH4,0.3642101,2.007623
SORBS2,2.0582104,-8.731117
PRKCG,13.055997,-5.411051
RHOT1,4.8577466,-2.2797315
MAP3K14,-1.6297321,-4.2229686
UCK1,10.777679,12.726086
APOOL,5.3613987,-4.6368475
MMD,4.783025,1.3325717
ALAD,7.7141914,14.116572
MAGIX,-1.014774,14.352878
PTOV1,0.61833394,2.8219426
HEYL,-4.300079,-3.3495739
SCIN,-6.6162205,-6.4155807
SIGLEC8,2.9307132,-5.2120237
KIAA1524,4.8916187,1.4533342
RAB24,15.641952,-7.5487566
NT5DC3,13.523655,5.8345776
TRIM62,9.315244,4.5365024
FBLN5,2.3467479,-8.299946
FXYD3,-2.750628,0.14094988
SNX11,-0.001585445,5.710007
TRPC3,10.080738,7.4889193
EGLN3,14.462686,9.515683
KCNH4,13.453931,7.0475445
EXOC7,19.315535,1.6271962
SPTBN5,3.566009,3.2543342
TWF2,10.70674,-4.8045406
TRAPPC9,-6.2427406,2.4089868
RABIF,4.926277,-3.5368838
ARMCX3,6.7672772,12.676326
TNFRSF11A,13.152835,6.0606937
ZSCAN29,5.208768,-4.7345657
DPCD,7.6599083,7.9805875
ABCF3,10.651907,-4.7609243
GON7,-3.2815769,6.639056
PLXDC2,5.7659354,9.367063
HES4,13.604267,-8.255673
PPP1R11,4.9289055,-3.5354073
KHK,19.012339,7.4730635
GEN1,5.073617,6.531184
CCDC107,3.6841722,-8.029858
RIOX2,14.345379,4.104681
NFS1,-1.0081563,0.13404684
FILIP1L,13.11367,-5.1623926
TSPYL5,1.9157506,-2.176314
ZNF410,-4.0799594,-0.5472315
MAGEE2,6.1859894,5.5064774
GPRIN1,11.9284315,-6.6717496
SLC2A12,12.032209,2.9599469
TMCC1,3.4407408,-3.6420243
METTL15,0.9805678,-3.4696794
HOOK3,3.0520034,14.055729
SNHG16,-6.5267224,6.176899
CACNA1G,-4.07349,1.9181579
KIF26B,-3.2846694,3.6526563
HDAC11,8.880938,4.432907
SEZ6L,4.293398,-9.972138
AVIL,15.605677,1.3405653
FAM127A,13.827283,-4.237832
RAB40B,0.81060016,7.829611
PROS1,-3.823175,-1.1675397
VHL,2.777378,-2.948757
CHST8,3.4313462,3.3687644
BIN3,6.2105575,10.000702
CASC15,-3.8668141,-1.1840228
ATP6V0B,11.923698,-6.726829
FICD,10.470721,-10.511821
RGL1,-2.02803,1.22132
RHBDD3,11.1316805,16.247742
VAV1,-6.7522006,-6.5900135
COG8,-0.0072083985,5.5434732
CASC4,0.37802237,8.817131
PDZD8,8.798109,0.5336636
D2HGDH,-2.5960217,-8.165934
ZNF469,18.687336,5.1583557
TRAPPC2B,0.35087022,-10.650928
MYL3,-6.962139,3.470986
BIRC3,-4.311467,-2.3666413
RNF44,9.557712,9.858434
LRRC40,5.0095425,-6.7130036
NEB,1.7195897,-9.195945
KDM1B,1.3761764,9.828418
TRPM6,5.396414,6.612246
FYN,-2.246994,0.5784326
EPDR1,5.5958886,4.057167
SLC29A2,15.323476,-5.436286
WDR3,-3.4137666,6.5807934
NKRF,5.5643706,4.0786853
MED24,10.182629,-10.176933
PJA1,4.9261975,-3.5129457
RGS17,10.05761,-0.09905251
PKM,10.651679,-4.7652836
SRD5A3,3.6461256,8.803464
ITSN2,1.1338226,-6.650356
NSL1,4.0721803,2.5301085
PTPN13,9.401365,1.1440116
HRC,-9.319792,2.2056248
ECM1,15.750922,-7.6492643
CCDC173,1.0851127,6.7189813
UFD1L,-1.8012948,-5.7379646
TONSL,9.613581,9.769152
DNMBP,12.047095,2.976837
CUBN,0.99667317,8.704472
TIMM10B,5.1995316,1.8470083
UNC5D,10.275491,4.6444507
PCDH1,-6.4209757,2.7604008
NFATC1,16.663614,3.7745667
AFMID,0.7322592,7.303125
TXLNG,-7.874008,5.015318
KCNMA1,12.357559,-4.071875
ZNF461,-7.9027314,4.979212
SPTY2D1,3.3390403,0.8714835
NCAPD3,0.30358323,4.520844
RIN1,-6.1727204,-0.5136092
TMEM178A,16.021772,-4.8687925
YARS2,11.147272,6.1291857
RABGAP1L,9.898419,7.1161485
ZNF304,0.354811,-10.6443
PAQR5,-5.5319986,-4.7558584
ALG2,-5.1745725,6.7164903
BRI3BP,19.340054,1.1497473
SEC16B,12.13244,5.061212
APC,14.650796,0.34190628
MBD2,19.26495,7.774329
EZH2,9.796786,5.21697
LRFN3,14.831678,-3.3649645
PICK1,11.230483,16.214226
ZFP36L1,-0.56450015,1.0650421
TAPBPL,0.07021889,7.6814413
NCF4,-6.390111,-6.0750165
TCAP,-0.5725848,4.925675
HBD,-4.938162,-3.7809143
CORT,3.0749927,8.126964
TCERG1L,10.477534,4.2641726
SMURF2,-1.6951258,0.90244305
MTMR1,-1.1093899,-0.7979423
MIER2,0.082864426,4.7488885
ORC6,-4.045228,4.6284013
DACT1,-9.233923,2.3443024
NFKBIB,-2.3209803,11.058215
CCDC8,4.5718827,5.56116
TREX1,4.353622,10.61804
ADRA1A,-1.3277254,10.122858
SPIDR,14.697699,10.453755
ADAM10,-7.94402,4.9394546
ASPRV1,0.7001186,5.4942303
ACVR1B,14.381232,7.7273064
RNF10,9.69542,-4.1212344
LY75,-5.7485065,-4.5158467
MOB2,-0.25334498,5.2392335
SIX5,1.9415767,14.593452
ITPRIPL2,-0.71132725,0.98451835
MLH3,1.5942532,-6.253189
SPX,8.804815,0.58184284
SLITRK1,12.318413,-4.0796156
PLPPR3,13.169665,8.056453
GLI1,0.9915179,8.704388
GPR146,-4.77979,-3.9141018
CDK13,-4.026173,4.552551
CRY2,2.2729018,12.370418
TFCP2L1,5.7169604,14.3524475
GAS2,9.716095,4.8029017
SLC38A1,9.936811,7.1597786
MAPK4,-1.8822333,0.8271783
SNHG8,-3.7024834,11.696548
RAD50,5.216925,-4.7309227
F7,14.095798,13.578595
SEMA7A,19.290466,1.3622607
DCHS1,11.951998,3.3571012
CDRT4,15.633791,-5.608025
DIABLO,-5.0960994,6.777644
TSKU,-9.675676,1.609853
PODNL1,-3.6660054,13.626657
FIZ1,10.231356,-2.083451
DRAXIN,4.8824444,4.0698767
ZNF835,16.717379,-5.7977834
FSTL4,12.912805,-4.108543
CEP85L,5.8868537,-5.8042884
DGKE,10.1169405,6.337859
HTR1A,10.800022,3.6393564
CTRL,-0.2787411,3.8375423
ARRDC1,15.042791,-5.4582677
BVES,6.419553,9.527563
KIF1A,14.684069,0.29837298
CLK3,0.26321027,5.406044
DGUOK,2.5475588,11.169701
METTL9,6.8357863,12.921504
PASK,15.717923,-7.621887
CNN2,-6.592399,-3.3684764
FARS2,11.161215,-8.210202
HDLBP,0.63800156,-4.2352676
DNAJC1,-6.364164,-3.720646
ADORA3,2.8744314,-5.2648354
DDX56,-6.258984,2.1259613
ASIC2,7.0488105,0.14184777
INTS1,14.771753,-3.3970485
PARK2,13.996811,1.6879432
RMND5B,19.252016,8.005737
MIPOL1,1.4908006,-8.156413
MYO16,3.414345,7.9807754
PSMF1,11.194559,-8.182497
TMEM259,10.527786,14.959764
TCTN3,0.33560783,7.683943
MEIS2,-1.2148063,9.42625
FCHSD2,6.365117,10.01012
PLRG1,16.055397,5.8586893
LIMD1,2.3947058,0.6660478
NTM,-0.962958,12.5471
SEC61B,0.2024824,1.1129316
DPH1,-0.3089065,5.174794
SMARCD3,0.82789314,15.1055355
MIOS,1.4824495,-3.2987838
GAL3ST4,2.9371989,-5.2079816
DLL1,4.5996823,10.348525
TBC1D2,6.7493362,3.455735
PARD6A,7.0602674,0.15924878
FBXL4,1.4592339,10.48107
MEIS3,13.178604,8.069213
LMLN,6.3728213,5.802222
PDE6B,5.7767897,6.9740705
CNNM2,10.055636,5.6418004
FLOT1,10.327337,-10.344576
TSPAN12,-0.98082715,11.325605
KIAA0141,15.6352215,-5.609355
PEF1,10.522589,-4.6620374
DCC,12.314151,5.0347047
SPCS3,5.544871,-0.72652197
MX2,19.548761,-1.7540452
KIAA1586,4.8267455,1.3915113
KMT2A,6.6563425,1.7431159
PTPN18,-0.53119767,6.0409145
ZNF584,-4.4613204,7.888831
TMC8,-6.754597,-6.597717
HACD4,0.40883166,8.787769
KNDC1,9.227244,2.9638605
SSSCA1,10.11851,-5.0422263
PGRMC2,0.7545008,-3.812519
RXRG,12.194883,3.679592
NMNAT3,3.8765264,2.8590133
RTKN2,12.9374695,6.170061
CSF2RA,2.8091762,-5.2577496
TMEM98,5.5073566,6.6956224
MGAT1,-6.61237,-3.3251426
EXPH5,19.389023,4.6514883
PRKACA,13.520884,-5.696077
FAM193A,-6.255744,2.1024637
INCA1,-3.3330731,6.6693664
PECR,-0.35374528,9.069447
COL5A3,11.069166,7.3493676
BTD,9.750148,5.2337465
AGFG2,7.759669,0.18517542
INTS12,-6.5622406,6.1831794
ZNF615,0.86829656,5.473416
SFI1,11.4976635,16.480373
SKIV2L2,1.4820844,-3.6118815
AFDN,1.2230324,9.502765
TMEM133,0.22414668,-5.8186646
PLEKHG1,-5.674181,-2.934508
LYPD5,10.572404,4.927624
CHTF8,8.811279,-8.613365
PDCD4,12.16556,11.107192
RUNDC3B,9.918394,7.1444707
CALHM1,-3.9189856,2.0745797
ATP5G2,8.077541,6.7587605
GPR155,11.061648,6.04221
IL11RA,9.622671,4.736633
TGIF2,12.1989565,3.681222
CDH23,0.11642279,0.7784982
NAGS,-4.833897,-3.9711225
HINFP,0.89838725,5.4990945
APOO,8.486345,8.046639
NALCN,19.33785,1.1588418
COL9A3,5.770026,6.972422
DAB2,-9.690942,1.5898792
PPP1R13B,14.1061945,-5.782997
TENM4,12.118236,5.027545
NMT2,10.501537,6.687126
FITM2,14.133505,13.615077
CCDC3,13.876255,7.3361397
RIN3,-6.94483,-5.603966
MDM1,7.1157246,10.479139
JKAMP,14.06549,3.79973
PCDH11X,12.314072,5.055545
HMGN1,-3.4189165,13.825653
ADSSL1,9.121025,5.2937393
FAM86C2P,6.4081225,1.8174282
SEMA4G,6.8203244,10.956359
PENK,3.412463,7.8672743
POLR1E,-1.7774959,-5.718896
WDR45B,8.682415,-0.14508674
MDM4,13.12434,4.2206707
PEX26,9.54546,9.858313
RGR,-2.893454,14.058854
NDUFB10,7.726126,7.957783
HIPK4,13.0849495,-5.434336
ZNF639,3.2238748,6.363886
CDR2,5.795719,4.6353984
LYRM4,11.818211,-5.1555724
TDRKH,10.378297,6.1152706
SCUBE2,12.923562,10.63344
DGCR9,-3.3877156,3.9140446
SORCS3,11.854663,5.2391324
NIF3L1,-2.8218052,4.547652
UBE2E1,8.305447,-0.45766583
RASA1,0.6162242,-3.356
TEPSIN,-0.058410693,5.9448733
WDTC1,5.0926275,-3.626663
CHMP4A,11.251768,12.092869
GTF2H1,4.347236,10.544203
SEPHS1,3.6610801,6.4464726
APMAP,12.780682,-10.022858
CCDC186,4.721179,-7.129179
HRH1,14.74625,7.9817243
ACAA1,5.677611,-4.3855443
DYX1C1,13.824305,10.407129
RBMX,16.067274,12.995189
MFAP3L,12.072433,2.3765252
LYPD8,11.97673,5.254228
GNAO1,0.28703696,7.7238965
MTO1,8.049074,-6.762143
PUM1,6.0328784,-5.891782
WDR36,4.954536,-6.722495
DEGS2,-5.2398314,-5.0563207
ANKRD52,-7.800345,1.0546409
EDEM1,6.3779364,-9.499255
GPR176,4.8326287,-3.5209775
ZNF519,10.103733,-0.14086331
ICMT,1.7804302,-11.668861
OTUB2,10.407752,4.20743
PIP5KL1,4.4717894,-3.6361735
SIDT2,-0.33280188,17.110073
SLC24A1,6.3584633,9.997576
FAT4,8.02893,4.071488
SMC4,4.2514997,2.5698452
CTNND2,1.7840822,9.954455
TSPYL2,11.821811,-7.517487
PSMC2,8.224113,2.0992615
MEGF6,-5.2767463,-5.0218797
ARMCX1,10.021492,6.2440195
PCBD1,9.076119,5.897167
ZNF542P,5.253299,-2.3377619
MESDC2,8.756745,0.21994066
DDX50,-1.9868848,-5.9275074
ZNF286A,16.851612,3.594144
FRMD5,7.447772,2.836693
IFT20,8.844115,-8.652431
CCDC127,0.315288,4.540753
ARHGDIA,13.805242,-4.2373753
ZNF419,6.927191,-10.428556
AUH,13.908554,3.7734783
RARRES2,1.9166305,14.579384
HMBOX1,-4.562266,9.332417
TIMM23B,-2.8167508,7.4507103
MRPL9,8.241259,2.1281788
LOXL3,1.030182,8.668022
SRL,11.524194,10.837446
DNALI1,12.202233,3.6777208
EPHB2,13.626399,7.2094674
PRR12,13.425309,-6.1622944
MTHFD2L,8.31323,-0.45718062
XIAP,3.413369,0.92147094
SH3BGR,1.005937,6.6596503
GPD1,0.36480874,7.7050376
ADAMTS4,-3.6491096,-3.2563689
PILRA,-5.0100274,3.920707
FOLR2,2.882208,-5.261318
MYO5B,3.157203,8.081452
AARS2,11.376151,0.66892743
CDCA3,11.358501,16.708494
MYADML2,14.496934,-3.5722172
LRRN2,13.825517,-3.9168124
KIAA1143,5.434023,-2.3400462
COG6,5.087493,-6.6944523
AHR,6.7738514,10.912315
DCLRE1C,1.6596736,10.166121
MED10,3.4346864,3.3713796
IL1RL2,-2.525778,9.37668
LGALS8,13.892748,0.7099381
TNFRSF21,11.129745,6.126096
ATP7A,14.161883,-5.706999
SLC25A17,0.8747783,-2.4851294
MYH15,16.0909,5.8912983
CCND2,0.048606846,6.0729146
CCDC39,-0.07268527,-1.3620194
PTK7,18.18385,0.25326982
ATG7,10.114069,-4.9518414
TSPY26P,14.102459,13.581031
FBXO21,-1.9318448,1.2094884
WBSCR22,2.5466547,11.175426
SLC6A9,0.54654723,7.508857
DCLK2,-1.2160758,9.415208
ASB3,-0.21199301,9.873273
INO80C,-0.7354487,3.3943038
WTIP,1.6007226,-8.256991
EXOSC4,8.432967,6.898569
TMEM173,-7.0157723,-3.8465362
ATAD3A,10.584584,15.022107
PNPLA5,14.020107,-3.9994195
AP4S1,10.203082,4.7832747
MAP7D3,-2.0392401,0.109045476
NTN1,1.6032931,-8.248215
HIKESHI,-6.4008293,6.116117
ZCCHC9,7.3230305,-5.862285
ADAMTS10,11.345892,16.219328
TMEM177,14.48658,0.81449693
HSD3B7,-2.8306208,0.08998893
PNMA5,13.208331,8.061473
ANXA9,9.030269,4.431476
SPINT2,11.822742,-7.512417
HNRNPD,18.685192,-4.4540796
SYPL2,11.997708,2.550569
R3HDM4,14.544077,2.318705
JAGN1,-3.1668577,7.621465
LOH12CR2,14.67289,10.394851
SIGLEC10,-6.10265,-6.1986246
GNRHR2,11.177426,-5.0592537
MTSS1,3.2951605,9.543702
SLC37A4,15.615166,-5.597359
SMPD1,0.8561413,0.25047088
NOS1AP,6.2225084,5.568151
PLS3,-7.0149937,-3.8455265
USE1,-1.3587947,-4.0606694
CD55,3.471426,-1.8042257
ADPRH,-6.241486,-3.9199948
FAM219A,19.295164,1.555378
PPARGC1B,8.039479,4.094077
FAM201A,7.1644692,3.2645297
TRIM25,-6.985412,3.4884188
PURB,5.7086043,-4.3619523
E2F4,-0.29428816,5.1706557
ATP6V0C,13.509909,-5.657502
SSTR2,3.6930854,3.1288722
MYNN,7.5821304,-5.6207676
MUM1,10.405552,-1.9963981
TMEM221,14.610077,7.8503194
TMEM8B,3.4443355,7.987819
RAC1,6.502563,10.324275
BNIP3L,8.140305,13.528865
ENDOU,-0.28723904,9.682537
JADE3,4.792102,9.034272
SMC2,3.2175517,9.597295
IL3RA,-4.1480865,-0.4871338
DNAJB12,-0.071449,4.305914
BAG6,-1.6966562,16.586502
TSC2,10.498568,14.924337
FUT10,-0.9722023,11.295005
GATSL2,5.8790035,-3.4571762
FOCAD,9.526112,11.659753
PCSK5,12.038114,2.9799216
SLC25A48,14.668965,10.413477
ANXA3,-6.864465,-2.957851
ZSCAN9,-1.8344096,7.173053
B3GALT4,11.197666,15.635252
ZNF408,-6.248111,2.402847
KIF16B,4.0753093,2.571361
PLD5,3.4524891,7.778534
PSMG2,-7.643598,-4.115187
MRPL49,8.80329,-8.580265
B9D2,11.899211,-6.729096
KCTD4,0.8135398,7.830737
SSR2,-3.698265,11.701078
HELB,-1.689317,-4.395379
MT1H,-3.7836528,-1.0599362
VPS13B,3.5201325,11.64678
TNFSF9,-4.901559,-1.8116502
CFLAR,-3.9080417,2.0869434
EIF2AK3,-2.7736773,-5.2409787
ZXDB,5.538447,-2.2591393
GSAP,9.408539,-7.57517
KLF13,-3.2850273,3.6407337
DNAJC24,6.7729177,12.710799
SMARCD2,2.3919854,-10.229026
SYNJ2BP,3.3222427,9.476683
PIAS3,8.064011,4.2151604
ETV1,3.5129845,8.046522
SEC23B,-7.6113715,-4.0991054
RRN3,-7.771124,-4.239127
ASNS,-4.2150707,4.3378067
CACUL1,4.7753477,-7.5321145
ORC2,-7.9222655,4.9605656
ACVR1C,0.87444186,-2.4468331
EPN3,13.530956,5.8537464
PHYH,-0.18493724,7.5194073
SYNE1,5.811797,7.049601
ZNF22,8.306078,-0.46040568
TEX15,-1.4737313,11.439043
COASY,-0.31629267,5.168162
SLC4A7,3.4385097,0.9301112
FAM71F2,-9.1077795,-5.5748143
ARMC1,4.4906464,-7.4328985
FMNL3,-0.8427174,14.448797
PLIN2,-3.9452283,-1.4030403
ST5,-4.0695896,-0.55635047
POLR3D,11.889289,8.7231
GCSH,8.9228325,4.3946877
MUC1,-2.2206106,0.58339506
GTF2H5,7.1255555,10.463571
MRPL10,15.100888,-3.067202
UBFD1,10.013867,7.1232634
ENTPD3,10.169957,5.083446
GPAA1,0.81812125,15.108918
B4GALT4,0.09643702,8.050092
AASDH,-5.329895,3.6261055
DRD4,7.937589,4.033106
AMDHD2,17.718061,0.9403038
CCDC113,-4.5660963,9.335247
C1QL1,13.572097,-8.305628
MCU,-0.08625478,-1.2505007
SIMC1,10.069662,5.68958
KLHL3,0.040823787,1.1241754
ZNF827,4.6346354,4.2757072
SPON2,-4.084604,1.9076455
YIPF5,5.47038,-4.5597653
ARL10,1.8192562,-2.665238
ZNF761,1.6814281,-6.1736727
FAM174A,5.3115506,2.23279
CLCA4,5.7764335,7.000207
TTLL3,5.6521344,5.869236
SLFN13,19.544968,-1.758735
ADH1B,-9.339715,1.7989312
MTX2,6.2743855,5.6390605
MRS2,-0.74954134,-0.6741152
RBM41,16.63228,8.941266
SEC11C,0.32228795,0.85633975
CACNB2,4.8008533,4.1227326
POM121,15.472306,1.354205
PANX1,18.2548,6.429199
SF3A1,6.674205,-8.0423
PTAFR,2.7990131,-5.348529
HSDL1,10.1833515,6.401207
TTLL6,-2.7002854,13.947119
ZNF815P,14.786133,-3.3853366
NEUROD2,7.068514,0.13153881
DHX57,1.0002263,6.6506596
NEIL2,10.821793,13.793893
HRK,12.1217785,5.0926805
FUCA1,-3.0173428,6.393104
FAM214A,-6.9084735,5.635796
NEURL1B,9.408091,3.3101647
NAGK,0.70950025,6.472541
PLEC,11.065273,-1.6803142
BCDIN3D,-6.199891,6.560618
LRRC43,14.87203,10.479521
GPR6,-6.174791,-0.51405275
KLHL9,6.0599375,-5.9108677
ELL,5.616495,16.38654
CMTR2,-1.3865887,5.3306193
PRKCD,5.5102234,-3.4678562
PRMT3,8.828753,0.580004
SNF8,7.884304,-2.7782958
KRR1,5.201729,-2.360466
XYLT2,-6.251307,2.3833752
COMMD2,5.5722604,-0.7554589
CCDC137,-0.20753446,5.284573
TRMT12,11.157366,6.134352
NDUFAF8,8.890359,6.519293
SAMD12,16.850029,3.6240408
BCS1L,11.3452835,0.6453503
DLEU7,4.299599,-9.990045
SLC41A3,11.421117,-0.9811875
MSC,3.878438,2.8543553
SLC1A4,-1.3579607,9.945618
CROT,6.8634806,13.00808
PBX4,6.4357343,-5.7712173
ZNF366,-4.296464,-9.610032
PSMD11,1.5016001,-2.7693484
DYRK3,-2.1349556,-5.1558857
SNX32,15.763331,-7.665773
SLC35C2,11.063317,15.862099
ZBTB34,4.6276107,2.4905622
LMCD1,0.19750579,8.121874
UBA2,-0.05838261,-1.18452
ATP7B,-4.2955356,-9.610992
PCDHGA9,-1.4186326,10.0066185
FBXO16,-3.0742903,4.4112787
FERMT3,-6.4654465,-5.537959
ETFDH,-0.12699893,7.413792
CD300A,-6.7483344,-6.5795565
TACC1,-4.748605,-3.921211
COL18A1,2.1702235,-8.200509
HNRNPH1,1.1193634,-6.628673
PHF13,-4.1095514,-2.8027163
APOC2,-6.235865,-6.2010136
TM9SF4,11.922725,-7.0274262
TRIM39,-4.0696664,-0.55655056
CBY1,1.376237,-3.3409038
TMEM200B,-9.27132,2.291525
FMO5,9.056843,0.816908
TAF11,-1.9279555,-6.294938
PRRC2C,3.4452946,-3.6474943
ADO,1.0611444,-2.758707
PROM1,-9.4239025,0.730622
ZNF92,-6.0489097,6.0808682
SATB1,17.326675,2.9600766
SLC27A2,-4.6344485,9.44077
NADK,10.979094,-1.7722702
ZNF260,3.4267766,9.506815
TMEM14C,13.055268,11.858684
ITFG2,-10.083101,-2.160306
IL10RA,-6.2256427,-6.192582
ZNF691,-7.579962,5.3092
SIX4,9.522112,4.49074
ANO1,3.3971066,7.88674
ANXA11,13.113824,-5.166291
PTP4A1,-2.1661634,-5.142901
NPR2,-6.2942595,2.5535707
CREB3,7.688423,8.001008
ST3GAL3,9.2679,3.0514793
SHISA4,14.670889,10.41521
STIM1,14.677884,1.2157618
LMNB2,10.487972,-10.53176
H3F3A,8.359038,-0.3240771
AFAP1L2,10.081618,7.482006
VSIG10,11.687906,3.022267
MMGT1,-2.208194,1.53234
AGO2,-4.583205,6.1395893
DOK4,14.076245,1.4521972
BTBD6,9.191705,2.9051542
ZNF668,11.750419,8.590179
PLEKHG4,8.849766,4.426744
KCTD9,7.719052,-6.443746
PLGRKT,9.875191,-3.172639
SLC30A6,4.577244,2.5031497
DACH1,3.5614831,3.259699
ZFP36L2,-1.7365923,0.9376054
NPAS1,3.3575654,7.491991
ESCO1,8.286098,13.328103
TCTEX1D2,8.476403,8.079563
KCNQ1OT1,7.104077,4.0112576
MCUR1,2.8569853,-2.9935594
ALG3,11.291617,-8.105081
CCDC181,1.899864,-2.2571115
PYCR2,-0.24886733,7.239885
CFB,-4.807382,-3.894452
NT5C2,4.6991115,12.743212
DMGDH,-0.2813302,9.597135
ZFR,3.5625682,6.420001
STX12,8.40837,13.193634
CDH6,-2.012242,0.069533676
MTHFD2,-6.075714,-5.1468744
RBM4B,8.289964,14.35231
DLC1,9.437853,1.1776668
CCDC58,9.407048,-7.5772085
GLRX2,6.3645573,5.7526717
PALM2,6.451577,10.264954
RPL26L1,-1.8686194,-6.505897
RRM2B,-1.8525698,1.1158367
CAPN5,3.4084246,9.506992
SMAD9,-4.542077,6.1067576
SCX,3.7686024,-8.311195
UQCRHL,4.466317,-0.48925978
UHRF2,-5.2636495,6.657899
H6PD,10.07117,6.7049117
NCAPD2,8.131595,4.3642573
RNF169,-0.41987786,10.40853
EI24,8.204013,2.1287897
HMCN2,8.046212,-6.759796
SMYD3,10.323428,6.0857134
LAMA4,-9.674882,1.6225083
ILK,2.262506,14.762751
DIDO1,-0.4599074,5.021604
PLXND1,14.503772,2.263044
TGS1,5.078424,-7.874721
MALSU1,-2.288122,-3.9172447
RPA3,16.060188,13.000989
TOP1MT,2.0531166,3.9299622
FBF1,-8.755127,6.6564326
BCL7C,5.5578604,4.0416474
PLEK,-6.3551044,-5.6372757
MED6,-4.435534,7.85631
C1GALT1,4.7862167,9.024028
RNF34,19.320236,1.1667666
SYT9,8.274949,14.334
CYP20A1,4.259804,13.140576
LAMB1,0.83718246,6.5160017
CHCHD4,0.6433864,-4.16107
METTL21A,6.37383,1.8328416
ST3GAL5,19.323086,1.2249584
PSRC1,6.5513034,7.075905
CHMP1B,7.5717244,-5.621951
RYR1,-0.8456834,12.107262
ZNF562,0.7167443,-3.840612
UXS1,4.727874,10.319334
SLC9B2,1.4516423,-3.3385541
ANGEL2,7.6810007,-6.4114246
PBLD,9.877294,-3.1704433
SSH1,16.396105,6.1553087
AKR1C3,9.340201,1.0811409
VSTM4,3.528277,-10.854078
MAD2L1,1.9835339,-1.9360275
SLC25A33,-0.2294623,8.365648
POLR3C,8.797531,15.807045
IP6K2,0.7669752,6.056667
ATAD3B,11.26821,16.217106
NCR3LG1,10.12023,6.351592
TMEM101,8.012574,6.712873
ZNF189,7.4404035,2.8469555
HERPUD2,-0.34464145,9.023905
NUDT1,16.811905,10.88944
BACE2,-4.1625104,-2.0139866
NIT2,8.798427,15.808056
IPO4,-1.8799496,-5.6020045
NIPA2,-0.080732845,-1.170238
EBP,17.05366,11.142087
ZNF600,13.054052,11.858347
MYCBPAP,2.2709968,12.371739
SPAG8,-8.755355,6.6542234
MAP2K7,1.3046803,12.686572
EIF2B3,11.892293,-5.2020607
TSPAN3,-1.2006619,9.396666
TMEM267,5.4524207,2.6465437
UNC45A,-0.58610886,4.917853
SIKE1,5.5624795,-0.7460321
ITPA,17.05151,11.1398115
POLR2E,2.5659225,15.293284
CYGB,9.253627,10.019865
CKMT1A,14.000134,1.4092274
IL34,-4.0509276,1.9372342
LYRM2,3.66305,6.3885527
CYP4X1,5.4037514,3.7439032
OSBPL11,1.2363433,9.50624
ZNF436,-1.4757032,-4.136373
ARHGDIB,-6.1650615,-6.2070055
ELOVL6,6.382686,5.7978854
ZDHHC5,14.270533,-3.8824043
FAM131C,-7.9282737,10.710345
DHRS1,6.3480153,7.614561
NFIX,13.754388,-7.901935
TUBA1C,-3.6329427,-3.2617247
FLT3LG,2.3133278,14.837645
ZC3H8,10.98079,3.5507166
RUNX1T1,10.098998,6.3166556
BZW2,-2.7018406,4.637161
CKMT2,-0.23254137,8.381387
MIEN1,3.7690525,-8.313695
PDK3,6.516831,-7.1896877
SEC16A,-6.3821263,2.711433
KIAA0825,5.434176,3.9014444
GCC2,0.72596204,-2.6779034
PDDC1,10.751651,10.201459
TM6SF1,-2.6899693,4.6441054
HR,-1.3256555,-4.041286
PNMA6A,12.577507,-5.4018455
DDT,2.4149106,15.099586
ZMYND19,14.145841,-5.9817123
STK35,16.89402,-2.7041557
LPCAT1,6.430711,9.48277
MAST2,11.47005,0.75279
TMEM143,16.192738,-4.884511
CDS1,5.8537755,-5.7844505
MTFR1,6.424327,9.541537
DPYD,6.4192224,9.545854
BGLAP,11.171891,17.19085
SOX18,2.2561567,14.744377
FAM122C,0.7542805,6.083064
GSPT1,6.6483445,1.724789
MYBPC1,5.716592,14.355369
PHKB,0.41595715,2.251961
PLS1,4.292516,-9.969964
NDUFC2,7.6649137,8.003049
FBXL6,11.450195,16.430962
PLCXD3,6.2673903,5.6695175
GINM1,14.102375,-5.6952257
SLC39A8,-5.673278,-4.602602
C4A,-3.586611,-0.8645455
RPL9,11.246132,12.097361
UBA52,11.236401,12.107273
ABHD3,1.2884486,9.347213
PEX12,14.508359,9.688643
CELF6,-5.2255917,4.297933
CDS2,10.220572,6.5834517
NDUFA10,-4.2471333,4.338241
ZNFX1,19.76426,-1.5081668
NPAS2,11.40801,-0.99883085
SPRY3,-2.823054,0.09931996
GCH1,-4.3391676,-2.33785
SLC35E4,-6.1728573,-0.5146942
POLR1A,15.244641,-3.5014555
ATP2C1,7.6885424,-6.41338
CYTH2,11.811699,8.643976
FOXJ1,12.201943,3.6773288
PTPRS,14.034202,1.6847169
TGFBR1,-7.1754646,-3.9188738
TMEM53,-2.6257808,-8.150364
CIART,-3.5632942,-2.9174082
MDGA1,-0.89050615,12.338089
SFXN1,5.5287094,3.9674122
FLNB,6.43464,9.464609
PHF1,-0.30778608,5.9597583
RNF180,5.3289433,-2.4291167
BORCS6,3.7496953,-8.176938
KBTBD4,11.444607,-0.951557
EPHA7,5.699595,3.6492722
FANCC,0.7107685,5.463026
PIK3R1,10.083763,5.700866
LRRC57,10.389494,3.311545
GNA14,-0.23092575,1.1916255
HMG20A,2.6857672,-2.9221315
ABCA10,-0.7521918,-0.6576792
MKX,5.5843577,4.182002
PRIMPOL,4.342243,2.5584512
TBC1D32,3.714163,-7.9767404
SLC26A2,-6.3018727,-3.7891636
PPP4R4,0.870622,-2.4643836
MRPL20,8.529941,7.2813325
MEX3A,-3.6976871,13.599852
GPRIN3,-2.7144077,13.939511
HIGD1B,2.1868122,-8.1597805
CTNNA2,-1.194468,9.442488
ANTXR2,-9.510517,1.605998
BAMBI,8.028343,4.059109
HSCB,0.5068528,0.6148226
PSMC3IP,7.1574326,14.715561
UBIAD1,2.7196965,2.2875693
ZNF300,6.4346375,9.493364
YKT6,1.3153344,5.71605
ATAD2B,7.415519,7.9397526
DNAJA3,11.410997,-1.555476
LAMB3,-4.0217447,1.9695396
PCYOX1,4.6663833,4.215985
NXN,-0.077126846,1.2038863
B3GNT9,8.015329,4.074829
CPNE6,6.9316673,-0.18720357
CDKL1,10.506582,3.474154
BTG1,-3.7101076,-3.2060156
TNC,-3.106201,-0.25321078
CFI,-3.5956082,-0.86624116
PCDH17,15.93856,-4.76035
ELMOD2,5.1459875,-6.656304
TCF19,14.841992,7.3854623
AMFR,6.673363,-8.039307
PIGM,1.0317105,1.220937
FENDRR,3.382413,-1.9126066
GFM2,-3.2059848,6.6000733
BCR,0.6555676,15.393451
ZSCAN12,-6.8610597,0.26038224
KDM2B,19.340738,1.1414279
RUBCN,11.1572895,-5.070763
SEZ6,14.410797,2.1414313
SNX25,6.488671,-7.153196
ATXN1L,8.00918,13.980479
RNF19B,-1.988768,-5.908614
TEX2,7.837814,14.032728
NPY5R,13.273892,5.923515
ZNF107,-1.3863497,5.3246136
NAA35,2.3888445,15.12568
SLC30A10,12.954923,10.617952
GPR89B,14.349869,-3.9592855
NR1D2,10.093934,7.3958325
FRAT1,0.11565115,4.63903
ASB4,-0.26422054,9.846065
GBA2,11.770522,8.599019
STPG1,-3.4253836,4.0424857
SAMD5,11.900232,5.2516184
VWA5B2,8.01567,-1.6031556
PDGFC,-0.29128873,9.768801
VAV3,11.701445,3.051093
COX17,8.623381,7.7207174
TOX,13.236946,5.935409
DCBLD1,13.288424,5.919543
JAG2,15.5166,-5.5425196
PDHA1,9.12574,2.8203573
FDXR,10.993314,12.432266
TRAIP,6.5551667,-10.043947
NBN,5.568499,-0.75120914
ABCC9,-1.7821717,0.89339334
CSNK1E,0.52280843,2.545246
PPM1D,-4.5846977,6.1397743
TTC1,11.885242,-5.2002788
TMEM116,8.775293,0.22134718
EMSY,1.077555,-6.654693
DIS3L,8.258817,14.327876
TMEM200A,10.800375,3.625623
TSR3,2.391456,15.025798
HERC6,19.731874,-1.5454805
EPC1,-6.8708415,5.6610126
SDHA,4.9709835,-0.004957202
GNG2,10.67225,3.8311234
ITGA9,10.963474,3.587145
SLC38A9,1.8958308,-5.967658
PCDHGA10,-1.4370108,10.019415
FLJ16779,4.5629244,5.549206
TRAM1L1,5.025111,9.223742
EFL1,-2.2050908,1.5277033
CA13,5.659726,2.0644
SLC10A7,14.237222,1.5376952
ACVR1,-5.7564187,-4.512826
FBXO22,3.9094284,-7.480441
SNAI1,-4.1297293,-2.5694337
PTH1R,5.716232,14.35842
CXXC5,5.715288,14.352291
FAM46A,-9.476141,1.4123518
DNAJC9,15.931218,-4.7344165
SLC39A11,9.43459,4.616861
CIDEA,12.113278,5.0897007
MAPRE2,0.79539317,-2.5898395
SYT6,3.821212,2.9411356
EIF4H,10.159962,-4.3719835
KBTBD3,7.6334085,8.989371
GART,16.155071,5.9486513
SEC14L1,-4.7737885,-3.9110541
PPP2R3B,5.6657634,5.877714
CYP2R1,-7.666679,5.236011
MLEC,14.764836,7.99968
NRDE2,4.620029,2.4919221
OGFOD2,-0.22572441,5.9677753
DIP2C,4.83128,9.0678215
PNPLA7,-8.652132,6.748093
SLC11A2,4.7699785,8.994611
PFDN2,8.4692745,7.947439
DOCK4,5.9907026,-5.8691416
NBAS,12.980239,-3.9170885
KIAA0586,8.039547,-6.742539
KCTD15,14.255318,9.972533
TTC17,0.09412956,6.0879736
FAM53C,5.033364,-3.5662262
EMB,1.7145125,-2.4653358
RCN1,6.7134004,9.086181
SLIT3,5.7565346,2.0686529
PAQR3,7.764152,-5.4230275
SPNS2,7.4514885,2.8257172
ZNF160,4.6622157,12.510085
TMEM167B,-7.45014,-4.0368056
MRPL44,-2.6414971,5.94263
MPV17,9.060312,2.7576475
RFTN1,13.462773,7.06245
KCNE4,-4.272293,-3.282743
FEZ2,18.68632,-4.454443
COX16,-3.7807224,11.623502
CCDC92,13.024479,-5.406834
CENPQ,13.05395,11.858337
GAB3,-6.375236,-6.0871577
DYNC2H1,3.919156,9.690359
PTGS2,-4.2870455,-2.3904274
ACE,15.203087,-5.442529
AZU1,3.4450634,-3.6414406
CMIP,5.646738,2.0902371
ZNF197,2.8493652,14.226876
CSK,-0.7907257,4.7606688
TIGAR,-6.575342,6.165308
SHROOM3,5.775458,9.393121
HAUS2,3.3357685,0.86869246
MTMR11,-1.6849926,-4.4045086
ARIH2,3.7932012,9.594966
FOXRED1,-0.7377381,3.3933806
FOXQ1,-9.447171,1.6571821
PRKAR2A,-6.8823624,0.28336528
FAM86EP,-5.9510517,5.971525
POLR3K,13.755599,0.18452805
HYAL3,19.011896,7.37427
WNK3,5.8669004,-5.7918324
TBC1D31,-7.8144855,5.077363
TTI1,-6.407642,2.746184
SCGB1B2P,0.1634101,6.0854707
CUL9,0.8179289,15.11213
ASH2L,11.886072,-5.2054625
CMTM8,-6.8543987,-2.955516
DGCR5,5.5312996,-3.463814
KANSL3,-1.2244786,-5.1600533
LACTB2,9.884048,-3.1580503
PIM3,-4.142788,-0.48613858
YBX2,14.696867,7.4105124
ZNF41,10.32779,6.4459467
RERE,-3.18153,13.584172
TATDN1,2.4252024,4.3015876
ZNF821,-7.805813,1.0592519
ZNF275,9.486534,1.2257593
GPR55,13.537184,5.862634
GDPD3,6.3652053,7.59675
ARID1B,3.425923,-3.6377566
ANKS1B,12.935723,5.9010606
PFAS,15.252718,0.91739196
CMTM3,-6.376625,-3.7898703
FRMPD3,10.401065,9.715771
CACNG2,4.9222093,-3.4999878
EDN3,2.633058,-8.168434
ADCY7,-0.30412716,7.195269
BOLA3,8.484694,8.072116
SSH2,5.0491066,9.25562
SLC2A5,-6.749515,-6.5317993
LEF1,-5.8404703,-4.39774
NOG,11.0740385,7.360802
SLC31A1,-5.644538,-4.630641
ZNF330,2.8567333,14.226985
RNPEP,-3.3034039,3.7171323
INTS4,8.06139,4.140685
ZNF550,6.646655,1.7345865
GNL2,18.686543,-4.4541936
RNPC3,4.2962604,-7.511286
PLA2G15,8.819793,-8.545443
KLRA1P,-7.5631447,5.312679
ADAMTS17,11.063,7.3331456
PELO,3.4694538,-1.8036653
LRRC42,-4.0645604,-0.56746614
SORL1,5.7062807,-4.3731427
POU2F1,4.53486,17.242071
TBCD,11.752874,8.579559
EIF4ENIF1,19.323458,1.6054593
TMEM163,10.128819,6.1953516
GTF2I,10.462237,9.6577215
CLCC1,8.612566,0.39283848
GNRH1,15.706888,-1.2082177
SERPINE1,-6.612825,-3.082026
NR2C2AP,0.6494282,2.8934805
DDX54,-3.1947849,13.6217375
CIITA,-6.3828797,-6.2025256
CGN,6.53752,7.101097
FPGT,1.4227283,10.507205
UFC1,8.565902,7.5393543
ST3GAL4,6.6432233,3.3329957
WDR20,3.4536827,9.510504
SYVN1,0.9297291,0.16118741
CLTA,11.8643875,-5.1852694
TOR4A,-6.941361,-5.619732
SEMA5A,16.399786,-0.9530929
IL20RA,8.851438,0.61648655
DNAAF5,16.35401,4.041371
FTO,0.93669045,-2.9999719
DHX58,19.438566,-1.8869171
CHURC1,8.18963,13.431543
DRAM2,14.698219,7.402543
NPPA,1.7227648,-9.191669
SH3YL1,0.5066149,-3.3657706
GTF2A2,4.7430506,12.905324
DRG2,11.334472,16.7886
PROSER3,5.880453,-3.4613302
FAM120AOS,-1.0220059,0.14018482
PRSS23,-6.3057175,-3.8327436
WDR83,2.4181352,15.094331
M6PR,2.5425549,-2.8552651
THADA,7.0449843,5.975995
NSG1,10.505338,5.6502547
TCOF1,8.858051,-8.666355
LINGO3,9.238729,10.034115
SETDB1,8.057699,4.217259
VGLL4,-1.196639,-5.1982546
DDRGK1,11.816333,8.651191
TSTD1,7.433972,7.950163
DCUN1D5,-2.648122,5.9510174
TSTA3,10.528896,14.955638
CLEC4G,14.14893,-6.010687
MYH3,8.772698,5.1736217
NDUFB4,8.558617,6.251052
NUAK2,-2.9523628,-0.065096386
DENND6A,-4.149463,1.8303723
FAM114A2,-7.6459374,-4.111077
DHX8,-6.397733,2.7842689
NCOA1,0.26407853,-5.8653617
DGAT2,13.319156,5.917122
MRPL47,18.68784,-4.4541574
GALNT15,-6.794074,-2.9362571
DECR2,11.142958,16.241499
HAUS4,0.61336476,0.617166
ACLY,-0.90634257,-3.1660335
HDHD3,-3.6593187,13.632283
PDXDC2P,3.6755085,-7.9222174
KIRREL3,-3.3924954,3.9944549
DUS2,-8.750816,6.6615825
TRRAP,19.22407,1.9446324
ZNF697,2.9164276,8.254802
MAX,1.0903461,-6.6523914
MED13L,4.9657726,-6.7141356
SLA,-6.7428737,-6.5044756
IDNK,9.5290365,4.5174823
RBM14,-2.8531964,7.4423637
ADRA1B,13.699068,7.283596
GYS1,0.6963204,-2.7787797
TMEM35B,2.4006627,0.6509999
TMEM158,-2.4979658,9.402139
WNT2,19.371128,4.665037
RPL10,14.716771,6.6465564
PAF1,-1.4764186,8.206205
ALPL,-5.621348,-4.652952
ZNF98,-0.88265747,11.494642
SNHG23,10.37029,5.253869
ZNF233,14.44182,0.81123716
SGMS2,7.5294685,14.188001
ST6GAL2,-3.8915677,2.1054337
FAM174B,14.806626,-3.3843021
TPM1,1.922723,-8.328262
RGS12,3.492865,7.7116346
ERCC4,7.3433414,-5.8523927
SH3RF3,13.173494,8.057524
HK3,-6.2128153,-5.3316736
RPS6KA5,3.4025748,6.4556713
EVA1C,-4.5463037,-3.5950782
ETV3,-2.8066072,-5.1899734
ALMS1,4.345843,2.5663645
CDH7,5.5917106,4.198421
NPM3,13.9333105,7.3593554
CCDC6,4.3729553,-10.093485
ORAI1,-0.0559735,1.2022276
TRAF5,-9.438627,1.0120842
PACSIN3,8.173077,4.8431516
APBB3,9.249587,2.955301
KCTD11,16.620647,3.8078592
CTSK,-9.481899,1.2930365
ZNF793,-5.2953424,3.658706
HSD17B11,0.83094263,7.8316474
NMB,0.9678234,6.6287727
SYNM,8.708845,-0.17908949
NSUN2,3.7500856,14.49856
SPTBN1,6.5172977,10.394345
EAPP,8.213916,2.1139367
ELMSAN1,-4.2854476,-2.4197054
ZNF641,0.6779146,2.9198456
TTC34,0.8595859,6.5389905
SH2B2,14.543453,2.3120692
TMEM191A,13.658074,1.3584373
ELOA,-6.280543,6.120883
CSPG4,-7.0432587,-2.6831126
PIN4,8.626163,7.7222676
DHCR7,-0.91706955,-3.143315
NSMCE2,-1.8812504,-6.4729767
FAM136A,10.325797,6.429689
DSN1,12.159825,14.951277
TLR9,-0.21986383,5.270873
AFAP1L1,-9.478402,1.2572789
ZCCHC17,11.892654,-5.206046
ACVR2A,10.485625,4.2397814
ST14,7.103466,10.472671
PDE11A,6.216234,9.999978
CTSF,14.921693,10.470286
GCNT4,12.678862,5.8002906
ZNF101,6.550897,-10.038705
ZNF512,1.5137179,-3.6229327
TXNL4A,0.6442203,-4.1623893
KLF9,7.5607467,-5.635861
KIF6,7.315196,14.669746
ARHGAP11A,7.7601714,14.079926
VPS37D,13.4356,-6.1675577
PRKD2,-0.047098506,1.2920833
MFGE8,2.3096135,14.818382
NUDT12,1.2482176,10.176522
ZNF324,-7.8025856,1.0561863
STK19,0.4228628,2.2746933
PPFIA2,0.7116597,-2.685111
IQCE,11.467849,0.7482885
AGO1,6.2192903,10.011169
KIAA1217,13.376823,7.2181745
CCDC7,-7.671813,5.23156
GID4,19.338522,1.1486721
MPZL1,-0.6908997,0.9738133
PCDHB15,0.15345491,8.100862
TMA16,4.0901337,1.1369474
SRSF2,-3.221538,-7.441905
ZNF416,14.297212,-5.962251
MSRB2,4.2370152,10.583344
CBFA2T2,0.5866434,5.493056
WDR34,11.163795,17.197912
CCND1,-9.338515,2.0878785
MAP4K2,5.9359035,-3.3722973
VARS2,-8.6971,6.6932735
PPP1R3C,-0.8858832,11.304113
LIG1,0.73052526,5.498683
QTRT2,6.401648,-9.478835
SDCCAG8,6.2329955,9.995353
NNAT,11.581284,-6.5034647
CHD4,-0.53195184,-0.8844207
STAR,9.523531,11.668542
ZNF76,0.19629188,6.1083784
AREL1,-3.934394,2.059146
CHST2,-0.87764895,11.207889
ZDHHC22,12.164343,4.980799
FCF1,4.6963954,12.915893
ATP8B2,8.181342,4.768906
KLHL13,4.8868246,4.065628
ESRRG,5.5858126,4.1906905
MRPL14,7.7027783,8.014753
STRC,8.784617,11.066881
TIMMDC1,13.0501,11.853619
PPP2R5A,0.08031565,7.6522985
FAM229A,0.58018386,2.7096279
CDKN2B,-0.04808282,1.2752208
FAM204A,-1.2914876,-3.8297179
LRRC3B,11.96671,2.5693462
MARCH11,14.164218,1.3924172
YAF2,3.906373,1.1624515
ZNF227,-6.4013243,6.144513
ZNF506,15.75063,-1.1712242
MAP1LC3B,3.3793888,0.9022475
ZNF783,11.299795,16.878696
FKBP1B,11.951243,-5.206952
ARID3A,-3.5235453,-2.8856375
KCNN2,5.0190434,3.9878433
ICK,13.11911,4.2276597
LHFPL2,-0.714302,0.98200446
DDX27,-3.1042485,7.356766
ESRRA,14.747694,-3.4100695
IK,-1.4803351,8.206347
HYAL1,-7.0375376,-2.6841328
C1QBP,-1.9690897,-5.8848047
PRR5,-1.9059452,0.8027183
HNRNPL,-1.1795614,-5.204955
SLFN11,-9.445753,1.2226126
ATPAF2,10.7602,12.746174
PDE7A,-7.8895864,4.999021
DERL1,-0.061313063,-1.1702213
RBMX2,3.5969887,6.37728
TMEM62,5.0683713,6.5301394
FBLN1,0.937879,8.7679615
HAS1,12.586316,-5.422567
ERO1B,4.923051,-6.676286
GEMIN4,-6.3902254,2.718565
SHH,14.803914,7.388109
COL27A1,-7.85763,10.639316
ZNF776,5.543526,-2.2572098
RMI1,1.2631949,10.187859
LGI1,-1.1695666,11.017361
ILF3,-0.18018441,6.213687
CCNJ,6.3776436,-9.499169
ZNF530,-3.292529,6.611821
ZMYND8,-6.176031,-0.5131578
CRIPT,6.733064,10.852539
LACE1,-0.9717015,12.5696535
OSGIN2,-4.5507917,6.0971727
NOC4L,10.519383,14.94387
TACC2,9.338724,9.9579735
PCDH20,13.277771,6.909352
MCM4,14.102501,13.580843
RORA,-1.2464707,9.391779
SYF2,4.6709957,12.941312
SNX29,8.606591,0.4030191
ESD,16.046173,13.015019
NSMCE4A,14.049382,-6.1696663
GLB1L,4.8877025,-11.014273
DSTYK,10.159141,7.2954926
BCL10,-6.6153507,5.8072257
UNC5C,5.318996,6.6422772
STOX2,16.861101,3.621784
FHOD1,-3.521466,-3.352897
SLC25A53,-0.83435786,11.73403
ARSE,15.946697,-1.0504491
PRSS3,13.857684,-4.154442
FUT1,13.6046715,-5.673887
RAB32,-6.466351,-3.7535288
AMOTL2,5.7258887,5.9335947
GMPPA,3.8181834,1.1576854
SRXN1,11.806119,-8.006811
UBE2E3,4.7800655,1.3335253
NUDT5,1.0744085,-6.665024
CCDC102A,-9.460321,1.6491588
ABCA17P,15.766397,-7.669029
LAMTOR1,10.723641,12.764035
RPL7L1,10.244609,5.0530567
FAM228B,1.4444554,-6.3763323
ZNF350,3.7985938,9.594769
TRPM4,0.3507948,1.9199269
CMBL,14.533936,9.765599
STT3A,6.6709623,-8.04023
EXOC8,4.140372,-7.4853015
PINK1,4.206752,10.597186
PIGX,6.7695117,12.67786
STIM2,-7.156629,8.874853
FECH,5.443325,6.420895
FAM126A,7.1712627,4.9847527
ZNF570,6.7802052,12.754944
ISPD,0.6430108,2.8766708
NEK11,-0.9874759,0.057556707
INTS6L,-0.96494,-0.4650121
PPT1,13.977774,3.6342695
GLDC,-0.22364372,8.706457
NBDY,4.2754765,-0.511758
TMEM233,0.7904208,7.818603
NPY,3.0611506,8.137497
QPCT,12.849928,6.031993
KCNS3,3.4220567,7.967007
MED1,-7.1594286,8.87811
CX3CL1,14.393322,2.091577
TTC39C,12.326134,-4.079824
RBM15B,-3.1775372,13.587585
PCDHGC4,12.582685,-3.1093757
A1BG,16.819078,10.89629
TYMP,-6.4992285,-5.5088377
CNPY3,-2.3238049,11.062058
MOSPD2,6.5924644,9.8099575
SPAG1,-6.9358335,0.3349958
PYM1,-3.2695866,6.6035657
NCAM2,0.76549363,-2.6235857
TESC,14.397811,2.0942876
POFUT2,0.38314474,2.0921638
VWCE,4.887887,-11.014447
SLC15A3,-6.658339,-6.340025
VAV2,-0.006043933,10.244529
GRB2,11.144196,-5.0644794
ZNF709,-9.108077,-5.574728
SNHG1,-4.0591917,-0.58428115
ERGIC3,2.5442276,11.168002
RASL11B,6.209602,5.5625057
DNAJC28,0.13045858,1.2234833
MRPL17,-2.2923956,-3.9152417
TXN,8.481819,8.05427
MPDU1,8.023515,6.7046967
ANAPC7,14.454111,0.8045062
FBXW2,6.7323527,12.713978
SLC30A5,4.9567447,-6.7533097
SMOC2,-9.450531,1.6431334
HHAT,2.0662215,-1.7536985
ZNF778,19.22437,1.9446249
BCL2L13,-2.0705264,1.3498119
MRPS18A,9.900305,-5.3260894
HTRA2,10.473465,-4.691352
SAPCD2,9.353949,4.5509996
PRSS12,-3.376715,3.9654944
CNTROB,1.0890768,11.704612
GREB1L,5.28978,6.6701446
HES6,-0.7820057,4.7659383
MESDC1,7.8692365,7.7164836
PER3,3.66792,6.432716
LYSMD4,15.715159,-7.61293
CALN1,10.557285,4.9265537
MLXIP,10.181494,-10.177634
LPCAT2,-6.2439194,-6.11139
TBC1D2B,12.044132,2.4195485
ZNF672,4.7941456,12.3413
NRL,4.3566947,10.628223
PIGU,-2.3142633,11.050794
TTC27,7.0683675,6.001902
PSMD5,3.071018,14.041716
PFKL,10.508802,14.9320345
TMEM120A,4.403727,10.426666
UTY,3.8990273,18.346628
ZNF513,-6.2834096,2.2277865
ALG1,-0.58842343,7.0557933
OGG1,-1.0066477,0.1267055
COLGALT2,6.652793,3.3504062
DNAJC14,9.939703,-4.809762
EMILIN2,-3.8139153,-1.2406774
EMC8,-4.0372834,-0.56136084
DCAF12L2,10.439214,4.151389
CPLX3,3.4252472,7.8251824
SAMD8,3.206142,6.403837
ADORA2A,-4.1166797,-2.4832137
KCND1,16.893732,-2.7045732
PODXL2,13.632171,1.3496015
DHCR24,19.305573,1.2991039
EXOC3,0.8191997,15.109562
SOCS2,-3.631182,-3.2620552
ZNF496,-2.630171,-5.031557
SNRPD3,-3.7452972,11.655724
SMC1A,8.184637,13.426717
RND3,1.5683814,-8.193699
VANGL1,-9.4549055,1.6553746
FAM122A,1.7882277,-11.6522255
DDX42,17.93969,-0.5717958
WDR43,4.2053676,-12.353476
MAFB,10.358707,3.277837
SLC2A11,19.215012,8.036124
COMMD9,9.125835,2.8232038
MPHOSPH8,0.71927077,-2.6903436
TMEM2,-6.941808,-2.770611
TUFT1,6.1908,5.52179
CD46,5.7728286,9.36953
ATOH7,-0.753835,3.3811119
CHD1L,7.555981,14.188895
DDX18,4.2047596,-12.349966
TMEM184C,5.8124385,-2.1211412
ARIH2OS,5.4217596,6.377091
CCDC102B,6.250298,9.998765
PCDHB5,-1.4636832,9.979861
TCTEX1D1,13.253283,7.370299
GPATCH4,4.937656,-3.5324771
NPRL3,1.3054975,12.697439
CYP26B1,-0.8312384,3.3068795
LGALSL,4.399225,-10.064908
KCNQ3,12.573987,5.6037583
CDH2,-1.2452037,9.391105
PIK3R4,9.527401,-4.0019846
ADAM33,-9.459216,1.6476246
RRAD,-4.884941,-1.8285425
RAD52,0.8290872,5.585475
C1GALT1C1,-0.9733516,-3.7550263
ARHGEF33,10.137762,6.717985
TMEM86A,6.535473,1.7753907
CRKL,2.7892957,-2.958495
DROSHA,10.333136,6.44008
CCDC188,-0.8355381,-0.37792972
FRMPD2,14.69719,7.4073462
TBC1D8B,1.4152591,-6.403297
POMC,-0.23956767,3.8782067
AHNAK2,14.020387,1.6830264
RGMB,4.2742834,-10.098742
ARF3,11.556823,-6.498853
PUS7,3.5155644,11.651588
ZNF32,8.470909,8.149932
PHACTR3,7.3089676,14.675188
VTI1A,9.833637,7.071018
FAM127C,9.044445,5.3190875
PRKG1,11.531606,10.847058
TOB1,5.720207,14.358466
ATG9B,13.196812,7.4491773
POU2F2,1.085436,6.720969
OXNAD1,8.20074,2.1331398
ZSWIM1,11.364534,-1.5384738
RPL12,11.150006,12.205451
FNDC5,4.4502125,12.904417
CCDC180,-10.714864,7.3577228
PRMT2,1.2764366,12.717233
TOE1,1.2108722,3.1749008
BYSL,11.638323,-8.319577
NLGN1,5.5730224,-4.486225
NEAT1,0.13470605,1.2297319
FAM13B,-6.2062974,2.4330702
MORN3,14.158209,1.5013921
CDKN2AIP,7.5915914,-5.6089144
PSMD13,2.5314867,11.182637
CNOT10,1.935195,-5.930222
PRPF40B,-2.3088582,15.402515
EMILIN3,13.138675,5.4811883
COX7A2L,1.9527546,-2.0345426
ESYT2,-5.678732,-4.5936217
FAM86JP,-5.9507117,5.9721584
CYSLTR2,-9.322752,2.2260144
TMEM17,-3.0620809,7.837909
RAP2B,10.781736,3.6601813
RPS6KA2,6.710646,-1.2453424
CARD6,-6.844746,-2.87462
LRIG2,-1.3871754,5.3280873
TAF8,5.7137384,14.355299
FBXO38,13.123872,4.222833
SOSTDC1,6.3598723,-6.9404964
PHLDA1,3.4522188,-1.8177226
PDXDC1,10.504811,6.6896605
ENDOV,14.3327675,-5.9944253
PEX19,-0.9980265,0.11963558
IL17RA,-3.8202145,-1.2419428
CHST5,15.180075,-5.381117
GRAMD2,-1.6741027,-4.246545
FBXL5,1.2683725,10.122991
GLRX3,17.741648,3.5899
TPMT,-0.18556964,-1.2013433
HAS3,15.588235,1.3349174
PKMYT1,-4.5309634,6.121729
PIBF1,0.6544005,15.395136
TCN2,-6.85394,-2.9642062
PTPRA,15.9269285,-1.0419799
WFDC1,15.798034,-1.1321048
TUBA1A,6.637668,3.3356812
EPB41,-7.9208684,10.702802
DOCK9,5.0080686,9.221265
KIF3B,10.643626,4.886402
MGST3,8.500958,7.909466
OCIAD2,-2.9814396,4.443253
TOR1A,9.709258,-4.125211
PERP,-6.009583,-4.198775
ZNF706,-7.9343696,4.94719
MRPL1,-2.7899368,4.5793495
SYS1,2.2811005,12.365415
DESI1,15.253018,0.92618215
GNPTG,1.2780535,12.711167
NR1D1,-3.5349662,-2.9033804
KLHL35,13.577474,-5.6953845
FLT3,3.962625,15.358811
ZNF277,1.2955362,9.329894
SPIN4,4.0712543,1.1460505
SLC16A2,-1.1942568,9.423789
PGM2,1.5277964,-8.117684
EIF1AY,3.89895,18.346693
INAFM2,9.110945,4.4730062
RAPGEF6,2.411307,4.282919
MSRA,13.859929,0.36020502
PRPF18,1.072872,-3.4244354
ROBO1,6.5052156,-5.924765
TUBB4B,12.131597,-5.250197
CDKN2C,-0.23967226,8.698228
ZNF608,4.583106,10.360709
SAMD14,9.272332,3.0613503
DENND2A,8.154192,4.880296
SGCE,3.8484058,2.3289392
EFHC2,-1.0136056,11.287468
TMEM41A,-2.0347104,-5.483655
UBAC1,-0.77665615,4.7753377
GAS8,15.106464,-5.439246
FRMPD2B,14.6994,7.407034
ZNF20,1.0997891,1.3369659
ZCCHC3,16.364916,6.124293
RNF166,11.135399,16.244646
ATOH8,-0.8351339,14.452764
NQO2,16.064058,-4.86984
ZBTB46,6.2245393,10.001622
DHX9,-7.651683,-4.1014366
IRAK1,10.159704,-2.0973125
ARL3,10.450232,9.665243
LCA5,3.7481053,1.1182412
SELL,-6.7447586,-6.5089965
TAL1,2.7826903,-5.362362
MRGBP,11.329816,16.797089
DNAJC17,-2.3088174,15.401999
ZNF503,-1.6685807,-4.362302
MYH14,7.2595916,14.685363
NDUFA6,4.9773345,0.00030848474
CYTH3,4.6671906,12.46674
ENOX2,5.3085246,6.648466
SMAD7,-4.1169496,-2.4779544
FTSJ3,1.278845,5.714781
WNT5B,14.741339,7.978741
MXD3,-0.26055434,5.943459
TBC1D9B,7.164836,14.722946
TLE2,9.295911,9.983009
NTSR1,12.126487,5.070961
TNXB,-4.5997243,-3.628608
ERMAP,2.922238,2.5364928
FAM206A,-2.317314,-5.034717
DNMT1,-0.24239783,5.23143
NRG2,15.0625305,-5.4488206
TRMT10B,7.346838,14.513085
MROH8,-3.0119698,6.3824964
FAM153A,-4.629373,9.434222
AFF3,4.287755,-9.964737
GSTO1,10.370014,-4.605829
LYSMD1,8.857479,-8.661699
TERF1,14.086705,3.8183274
MYCN,0.49936602,7.666087
ID4,14.470808,9.543264
HS3ST3B1,-3.79557,-1.0212816
CACFD1,-2.3060076,11.051607
PEG10,10.118877,7.20044
SURF6,0.34385738,7.6663523
PLEKHD1,9.325249,9.964231
TBCCD1,2.8117456,-2.9690273
S100A1,11.993617,2.530435
EHMT2,-1.3477322,-4.042346
TET3,2.8994555,8.26837
SLC25A19,7.7751746,0.18023606
UAP1L1,5.6872907,5.896802
CCSER1,5.723366,3.6890054
ZNF343,2.427258,4.3060207
EPHB3,-4.7551546,-3.922771
BAALC,-0.32384306,9.6896715
DNAJC21,0.7207155,-2.6656044
ACSM5,-0.24770917,8.597877
EFCAB12,16.04958,-4.8843336
FAM210B,0.24470828,-5.834697
CENPN,0.6482973,-4.157728
PABPC1L,12.781225,-10.023985
ALOX5,-6.4996057,-5.5217795
INPP5A,11.157754,-5.0762033
NBPF19,-0.1842563,9.905667
FNBP1L,-1.0018798,12.609319
ARSB,8.847387,0.62276095
NOVA1,5.7429895,4.5395093
PPARG,10.49774,3.473581
SNX12,4.450173,-0.5031325
EXOC6,5.3516145,3.897621
TMEM39B,14.365903,7.7253003
FAIM,6.3426294,9.956622
TIMM29,0.3853045,2.2183595
ADCY3,5.607862,16.377874
RINT1,-0.7448807,-0.4695291
MARCKS,3.5730686,1.0163046
IFNAR2,-6.860858,-2.9600146
ALG13,-7.9618516,4.919853
BAG5,4.9649816,-2.3151288
CCDC144CP,1.1152658,-6.6302943
ESYT1,11.784709,-7.616234
NFKB1,-4.1468973,-0.48736092
TIRAP,0.9890774,6.6458483
MORN4,10.619647,4.903917
TMEM249,-0.34837073,3.7498941
CAMK2N2,19.249262,7.9950624
CTSC,-6.4772544,-5.500719
METTL22,7.315233,7.490945
PCGF3,-0.30644166,7.2120805
SACS,0.5012992,-3.3740494
PINLYP,-0.7555636,12.189811
GALNTL5,12.130729,5.0566225
KBTBD11,10.807197,3.6773498
MRPL39,-1.4399885,0.59554327
KAT5,10.536532,-4.7466254
OXTR,-2.9101243,14.042236
ELMO3,-0.3117966,5.9613347
CEP57L1,3.435861,13.776834
KCNN4,0.4191057,2.2571814
ITGA8,2.3207316,-8.233588
ALKBH8,4.6840754,-7.457044
RIMKLB,1.2457346,9.56099
NOMO2,4.9304047,-3.5141847
RBMXL1,9.564417,5.337106
ALKBH2,-4.126359,-0.5003087
CAST,-6.9898133,-3.8378642
ZNF345,7.0610585,0.14524494
GPC2,4.7558155,10.322659
EHBP1L1,2.1865504,-8.191711
POLR1D,4.3896646,-10.106013
NIN,4.9763484,-6.7300406
LRRC28,5.739775,3.6300206
RSRC2,-5.181272,6.709119
GARNL3,6.942771,-0.16397002
ILDR2,4.5955696,4.3096147
ZNF607,10.768461,15.256072
PSEN2,15.219296,-3.4772892
SYT14,5.4566154,2.653263
DUS4L,9.876543,-3.1706858
MVB12A,4.4230304,10.450258
TMEM223,13.588394,1.3531414
PCNA,10.76864,10.2151
ITIH4,-9.323062,2.2184906
RNF150,10.130119,6.348901
PCYT1B,7.7676244,0.17646417
TMEM42,1.2671869,12.74469
EIF4B,-3.7706108,11.615728
SERTAD2,4.654862,12.484641
CRLF3,8.028976,-6.739705
SNHG15,-2.4872007,-8.993509
TMCO3,13.468814,7.066704
KLF6,3.3706079,-1.9109936
VCAM1,-9.680683,1.5938388
CDK8,0.5017526,-3.4177628
CORO7,1.2735085,12.714325
SHISA7,10.429697,4.1996713
TSPAN11,13.761283,10.461833
POM121C,19.01394,7.380745
LPXN,14.066456,-6.154953
TMEM216,0.9429078,-2.4910266
PARVA,-1.0022724,14.358936
CEACAM19,0.38331562,2.093222
KCTD10,-9.742717,1.6680156
PFKP,10.6947155,-4.7748585
ANP32A,6.6048307,9.755547
REV1,17.944115,-0.5721466
TSPAN31,-0.4794549,14.60449
RPP25L,10.134157,-5.1196046
CKLF,0.20153317,1.1202391
GGH,4.1593866,1.1821383
ITGA2B,15.740086,-7.638061
EPOP,13.828759,7.3155165
MED28,1.3435775,-3.4861455
FBLN2,-9.721383,1.5665652
ZNF446,1.0867901,11.703503
HOMER2,-0.27753085,-2.1019359
TRAPPC12,11.275253,-1.5226438
SIGLEC1,19.554882,-1.7480211
NOC3L,13.661468,-5.7044287
TMEM230,6.7711945,12.698978
TIMM44,10.477355,-10.5197315
GPKOW,10.518585,14.943401
FZD4,-3.8205178,-1.1982332
KCTD21,-4.523159,-2.141983
TICAM2,9.514791,4.5052657
BMS1,-4.4362636,7.8602877
SASS6,-7.60061,5.290188
GPX3,3.2979202,9.551356
RHOJ,-1.0273247,14.346002
HHATL,7.31805,14.66301
MGC16275,-0.34957966,9.04369
SPAG6,-2.688789,4.64495
ZNF599,9.0086155,4.4056535
AAED1,-7.24401,-3.9527183
BBC3,15.061162,-5.441077
TOMM7,11.290485,12.056782
ALOXE3,11.820842,-7.5177674
TTI2,-3.146161,7.631404
AMPD3,7.238161,5.096376
BRE,7.319299,7.469355
CENPV,13.90471,0.7233931
UROS,19.256353,8.021269
TFPT,2.393332,15.031851
COQ8A,15.606162,-7.514925
WIZ,10.699284,-1.8891841
PRKD1,-1.452663,11.432633
RGMA,12.000469,2.4766972
UNC79,14.093202,13.577666
B3GALNT2,2.8443747,-2.9965985
COL7A1,-8.659096,6.7501855
SYT2,5.764651,4.5822697
CARMIL3,15.627339,-7.536347
SCAND1,2.4090178,15.113599
PAPD7,6.194401,5.5096836
RASSF7,10.2205305,-2.1212425
NOMO1,11.938333,-6.728351
MSL1,10.162353,7.3045406
TMEM255A,1.4226832,9.802958
ROS1,13.336674,6.9238305
BCAT1,-2.6875656,4.6470428
ZNF438,9.364134,1.104277
ZNF618,4.533576,17.248428
CHAF1A,19.300552,1.6076403
RAD54L2,-6.3124447,2.2288477
ELAVL1,14.206056,3.9933596
PPP3CC,6.7871513,12.761976
DBNL,-1.3652339,-4.0775056
FRAS1,13.285372,7.3548384
ZNF568,3.364511,6.5117745
RCC1L,1.6065005,-2.4577415
PLCG2,-6.058543,-6.2015147
MSH2,1.8296114,-2.6506238
LURAP1L,1.4384179,-6.3827496
TRIM65,-0.28352833,5.9402094
KIAA1522,12.20256,4.9383483
SLC16A8,6.773971,3.5207088
PIGN,4.09186,2.579685
ZBED1,9.351347,1.0912434
COL23A1,11.639687,16.380495
ZNF324B,-7.80039,1.0558227
SAMM50,10.101838,-4.963783
CHMP4B,-7.806037,1.0590854
KLF11,-5.712019,-2.927669
FUS,16.887135,10.9634495
SEC61G,11.305453,12.044407
TET2,7.6396437,8.988529
RASGEF1C,14.726973,-3.398528
SMURF1,5.7260127,9.346487
SPATA33,7.4649816,7.923799
HDGF,-4.0692844,-0.5713759
ARMC10,6.295629,10.858066
PGGHG,-6.985297,-5.622063
MED30,0.8639291,0.98459077
KANSL1,0.25434086,4.5640383
BARD1,-6.974576,-3.816297
KCNK10,7.1493635,3.284305
SAFB,0.7131868,2.9494364
MAP3K1,10.371566,-4.610281
OBSCN,10.273796,9.829426
SLC7A1,-5.824269,-4.4393077
PCK1,-4.33958,-9.565674
SDC4,-3.0090742,13.898316
PTRH1,13.5574045,-8.325439
TBC1D4,-9.420483,0.7365654
HSPA1L,-2.4875581,-8.991928
ADARB2,16.136415,5.9251485
SV2C,10.479923,4.2727575
BPGM,3.6234977,6.397366
IGF2R,-6.575896,-3.598877
UXT,14.774786,6.5586505
ZNF280C,1.2424718,10.176571
RFPL2,15.640855,-7.545118
ZNF773,17.944344,-0.5718323
ANKRD55,10.436253,4.204961
PHLDB3,0.33492255,1.8591177
ACTR8,-7.647632,-4.099339
MMAB,16.813295,10.89064
HIRA,11.305597,-1.2205459
RAB3IP,2.3779826,4.2115264
LONRF1,-5.2839255,6.644684
CLCN2,17.689655,3.5484827
TBC1D8,-5.80634,-2.4105875
UBR4,0.78100187,7.233287
LYPD1,-0.9660991,12.558307
CPM,2.7096024,2.2760973
DDX6,5.524595,-2.2714512
BTN3A3,19.445402,-1.8806008
GNB4,-7.0007353,-3.8365388
SLC39A3,14.429459,2.162787
ZDHHC13,-0.36856756,-0.97014
ZADH2,4.328957,-10.087213
KCNK4,19.262121,8.007261
ZNF518B,1.7828989,-11.665123
MAML3,1.8107886,-11.6184845
RAC2,-6.491459,-5.511238
POC5,5.7374053,9.361986
PLPPR5,-4.5922847,9.360459
POLA2,-0.290117,17.06833
ZNRD1,-2.0747504,-5.1863914
ASB8,10.208243,6.57775
CERNA1,3.9621422,15.3588295
FREM1,3.5286326,7.7510033
CABYR,11.939288,-5.211416
ZIC3,-0.44393373,10.409886
FAM118B,0.2326127,-5.8042784
CASZ1,-4.1539145,-3.3444686
TMED3,10.262356,-4.451663
FAM58A,10.453833,-1.974265
SRSF4,-4.121644,-0.5103761
CDK11B,-1.478068,8.207341
TFR2,12.766673,-3.392685
MRE11,1.4140197,10.492933
CTDSPL2,-6.8698792,0.2697612
GPR85,-4.804153,-3.8287015
IGSF3,12.732937,-3.727511
RBKS,3.3778067,-1.9134725
ALDH16A1,8.995669,5.267853
AVPI1,13.161739,-5.2763314
ABTB2,9.604345,5.3043785
BCL9,-7.870795,10.652337
ERCC3,13.825236,-3.9172628
EDEM2,1.9248277,-2.1394389
RHOF,14.175047,-5.7123647
MYRIP,14.708872,0.2795389
SEMA6D,10.309969,-0.34060845
PIK3R3,-3.6577792,-3.244151
ALK,-0.018109335,10.221547
RNF144B,-6.6477857,-3.5554457
SHPK,-0.35804704,7.1776705
ZNF592,11.471852,0.75139743
DPM2,10.431548,12.96698
THUMPD3,-7.6639314,-4.1105766
ETFBKMT,10.181688,-10.178296
SCAF8,16.150246,5.9366703
NOS2,-3.3876534,3.984025
ANKRD39,-3.909241,2.0870507
GPR153,9.390797,3.2694943
TYSND1,-8.759671,6.6540437
BMPER,5.727503,4.536337
LYVE1,-6.7390404,-6.5505695
ZNF747,8.821102,-8.545482
B3GNT7,16.301409,-0.9747432
SRSF9,13.557847,-8.325972
HRAT92,0.85095,5.5323496
FLYWCH2,-6.5612545,6.123416
PCDHGA12,-1.3583211,9.953226
CYB561A3,10.384604,3.304253
COL5A1,6.7336907,-1.2400354
MGEA5,-6.211633,-2.83458
GSE1,9.948424,7.1643276
FIGNL1,12.159673,14.95153
CSGALNACT2,13.121297,4.223917
MEX3B,5.298743,3.759634
FASTKD5,-2.6533976,5.9550505
POLR3B,-4.2169123,4.349367
ASB13,14.795498,-3.380594
SPG21,8.339058,-0.31985632
SNX19,3.297213,9.523935
SEMA3A,3.8287032,2.934586
RAB23,7.595394,-5.5981684
METTL2A,10.3983345,9.715279
SARS2,17.718971,0.94037646
UCK2,18.255697,6.428653
TSC22D2,5.239666,-2.3778749
LRAT,-0.2599833,8.631091
ZCWPW1,7.1547203,14.728044
MSANTD1,-3.3756156,4.026094
YPEL5,8.194327,2.1552203
MNAT1,-1.0962807,-0.7670172
SPEN,2.0870004,3.9591396
FBXW8,-0.35369048,9.052367
FAS,-0.28675127,1.1401793
ZNF81,3.8062048,9.633128
TNNC2,1.7125105,-9.203272
TDRD10,-5.6427217,-4.6314025
SLC16A14,10.062777,6.24398
PEX13,-5.16265,6.7030993
PLXNA2,14.474403,-3.6046045
SLC19A3,-5.730859,-4.5413256
STRADB,8.316749,-0.44689962
SOCS6,1.1291283,-6.655852
CXXC4,0.504455,-3.36499
FAM133B,5.680673,-2.164604
ZNF736,16.19623,5.9802437
VEGFD,9.662608,4.7680335
TMEM191B,15.062734,-5.4459743
TRIM66,-4.099577,-0.5307256
CAMK2G,10.76591,10.208352
NME6,1.6731548,10.16653
ANKDD1A,-1.0781074,11.317994
CWC27,8.204106,2.1308534
PTGFRN,13.223235,6.92836
ZBTB8A,6.8146505,12.897123
PDGFB,-5.131595,-5.264496
GCC1,6.8649254,14.970987
APLN,8.974679,4.3965697
NKAIN1,0.8293273,7.8341336
MDFI,1.914115,14.571394
MCM9,14.132214,-5.999668
ALKBH5,-3.1025252,7.35468
TLL2,7.441543,2.8455229
MC1R,9.481669,4.44548
SUDS3,-7.106206,8.827366
STAT2,4.738491,8.929304
ZNF430,1.0526692,-6.6918592
TNNT1,-0.9801548,11.33001
GGACT,-0.26253578,9.603323
TSHZ1,10.0711775,7.4751086
FDXACB1,2.9270778,2.5427706
LIPT1,13.055605,11.85982
FUT4,-7.5656443,5.3260965
BTN2A2,3.818246,2.9529417
PRC1,5.9724474,5.0015006
MED19,7.5688286,7.981782
CAMLG,-1.8851471,-6.4601693
FOPNL,13.9616785,3.7328045
NUDT2,8.400619,6.6802764
CTGF,-7.0446754,-2.6788123
OSCAR,-6.266525,-5.395875
ZNF595,2.6788874,14.382576
PTGS1,-6.1709423,-6.182033
TXNL4B,-4.5065365,-2.1561065
ADPRHL2,1.0812279,11.690824
PROB1,-2.7437508,0.23047987
SIPA1L2,13.003869,5.733781
SYCE1,3.9632728,15.359085
HIST3H2A,13.1380415,-5.2137294
TRIM69,-1.62223,-4.2407675
PARD6B,11.040196,3.5349643
FGD3,2.776921,-5.372729
FAM207A,10.450974,-1.9740161
SPECC1,6.622699,3.3133264
MNDA,-6.562195,-6.369966
LAMA3,-5.3810563,-4.919728
POLG2,7.044362,5.977948
FOXO6,13.597292,-8.260376
TTC23,0.95616364,0.99948967
SRSF8,13.945487,3.710227
LYPD6B,3.4377105,7.7285976
DTD2,7.1053324,10.460733
DZIP1L,7.4551373,2.8350925
FAM149A,9.215987,2.9271412
TTC14,9.709401,4.8083625
RBSN,0.59675443,-4.25453
LRRC8C,7.6746316,-5.5167403
DHX35,-3.0124438,6.3887215
NGB,9.389955,3.2642946
EIF5A,9.874046,-5.379566
RNF152,1.6616489,-8.226263
SLC39A12,14.475745,9.550716
AMMECR1L,6.857419,14.976361
PDE9A,4.537676,17.23707
PTGES3L,-3.0892107,4.402817
HARBI1,12.781065,-10.023624
FBL,14.78337,6.5481257
PLCD3,12.072995,2.3765862
DANCR,0.6557112,2.8990452
PHYHIPL,0.5124103,-3.3650627
PLCXD2,5.5637016,4.084394
METTL23,1.1160645,1.3492776
ARMCX4,-0.78289735,-0.4895975
CC2D1B,6.4535575,9.411224
KIAA0319,4.634093,4.2716675
PIRT,-6.9313636,3.436767
RWDD1,8.198844,13.4196615
TRIM26,-2.487099,-8.994162
VRK3,8.501827,6.764623
ADGRG6,2.477585,-8.226933
SMG6,-1.9906054,-5.8927784
EHD4,11.961889,5.28659
XRCC4,2.7700827,14.284266
P2RX6,12.162638,4.9889884
CACHD1,11.773221,3.0611145
MPHOSPH6,-4.634806,9.439724
CCDC157,14.112097,1.4672128
SPAG4,11.312797,16.21189
PRPF4,-2.3627799,-5.1072497
R3HDM2,-2.70717,4.6267023
PCDHA10,6.4292192,-5.7890544
ZNRF2,3.4128778,0.9185747
HMGN3,-0.3560386,9.056404
DPH5,4.6237445,10.348398
SLC7A6,10.83773,12.641859
PYGO1,1.5892271,10.089079
CRYGS,-8.657221,6.751613
TMSB4X,14.855478,6.475485
FAM110C,13.007533,6.3522406
LOX,3.5416553,13.697335
CNOT9,11.821948,-7.993868
ALDH1L2,10.145896,-0.1848481
HHEX,-5.753339,-4.512033
RAB3D,15.438008,1.352206
IFIT5,19.740019,-1.5362792
GMFG,-6.8247366,-5.634721
TXNRD3,9.878591,-3.1661506
AP5B1,-8.168806,-0.5184254
CRHR2,13.3889065,7.0211625
FBXO40,6.4054027,5.832923
LAMA1,11.911039,3.342196
RPF2,5.837624,-2.1033266
TMEM54,4.5969763,-7.4040046
TRMT61B,2.5319283,-2.847823
PROCA1,4.3506055,10.581569
GRK5,10.082441,7.4684334
LRRN3,5.6366253,4.255567
JMJD7,10.225365,-2.116222
ZNF229,-1.1772302,10.972784
CDH1,5.326793,6.6398215
PTRHD1,8.468126,6.676425
RPUSD2,8.442696,6.902405
GIPC3,-5.103432,-5.2995267
HDDC3,8.545829,6.3953533
PLAG1,4.173438,1.0601566
TRAPPC4,-1.8633982,-5.773742
SLC16A1,1.0245358,1.2019575
CCDC61,1.3014606,12.702413
DDX59,-7.531033,-4.0659504
CBWD2,3.438314,-3.6425722
COQ6,-5.9681726,5.998752
CDHR2,1.3389738,5.534249
RALA,8.19629,13.490872
ZNF780A,-2.0164065,-5.2206655
KYAT1,-0.57533145,4.9268684
HGFAC,3.4694312,7.713893
SMN1,-5.094918,6.807939
CCDC59,4.7511945,-7.506603
LSM12,3.3621678,0.88864356
SMARCA4,2.723787,15.500717
AMIGO2,10.313849,-0.34470704
PIGZ,10.781708,15.276503
NRCAM,5.1009946,1.7641811
CRTAP,7.1730256,14.702072
WDCP,8.921561,-8.725987
PLK5,1.2711866,5.4045367
CHCHD3,10.337437,6.0637274
ZNF544,-4.1304073,-0.49807328
CYSTM1,0.8258488,1.2581773
RNF125,4.8563514,9.098719
PLAT,-5.8756523,-4.363669
YIPF1,-2.9992354,7.388605
COPA,3.7508743,3.057079
CSMD2,12.961432,-3.8922422
CITED2,9.984654,7.181598
MED31,10.170677,5.1607356
EMG1,-3.6987765,11.700326
TMEM135,-0.96974796,-3.751971
PEX10,-3.188264,13.873504
HECTD3,0.8096343,15.144178
ZNF467,13.635813,-8.22022
FHL1,0.6880314,7.3845835
SDE2,-4.540513,6.0746045
LIN52,-1.0037932,12.615869
PEX3,-0.07311924,6.5403614
POLR2J4,-0.35684785,5.127165
BCL2L1,-0.08209616,6.521623
CENPC,-3.2216485,-7.4418344
ZNF180,0.23888527,1.208166
CDC5L,2.551372,-2.8597307
SWI5,9.034975,5.941869
MAP3K4,17.323267,2.9319077
GPR173,8.815049,-8.553526
ANKRD45,0.26203305,-5.863518
SNW1,-6.516992,6.1838846
MOSPD1,10.331683,-0.38662928
RNF115,2.5390832,-2.847342
BLVRA,7.6807723,8.006635
UBE2R2,14.344809,4.1033936
LPCAT3,-3.996031,-0.6586776
ACER2,-5.6711197,-2.9395144
TMEM99,-6.2755833,-2.855657
TMEM231,11.934923,2.782419
QSOX2,6.224138,10.009046
RS1,14.697368,7.403361
BAIAP2L1,-3.6320326,-1.4414986
CLTCL1,11.022304,3.524031
COX11,2.049134,-1.4277557
SOX17,-5.384499,-4.9175396
CHRNA7,18.478214,5.2680335
IER5L,-3.1749804,-0.35868987
EFCAB11,-0.3081617,5.1768785
CHEK1,12.623141,-3.7659726
ING2,5.1754646,1.8225825
ZDHHC7,8.83933,-8.652043
ZNF701,1.6318101,-6.2220516
ACSF3,8.183854,6.655538
ATXN7,5.2353806,-2.3797398
KLK7,13.996172,0.77352244
ADSS,6.272736,10.929885
TCF7L2,0.9036091,8.791659
HMGN5,-0.37285647,9.00877
SMDT1,8.62981,7.718103
RABGGTA,13.833208,-3.8849728
LSMEM1,9.501098,4.455616
HEXIM1,0.26655206,4.579946
NSUN4,11.635141,-8.324939
BAG1,19.297752,1.6316193
ZNF71,5.1101723,-3.6443224
CAPZB,0.20619185,1.0970681
HOMER3,8.135392,4.966802
NEU3,10.38833,6.075114
DSE,-4.5436473,6.1047506
CREB3L4,-3.7044952,13.592578
CSNK1G1,8.890898,-8.69826
IGSF22,14.398784,2.1017683
USPL1,5.7960296,-2.1266675
SPRTN,-6.8995833,0.3022935
ZNF675,10.125525,5.154669
PDE6D,-0.34501484,9.152584
SLC9A9,4.0933995,13.281506
CHIC2,-4.072608,-2.9332461
TBCE,-2.8052921,4.5486956
CRLF1,13.7783375,10.4452915
CRY1,-2.7704308,-5.1011124
MSRB1,-2.952489,14.021107
KY,4.6345854,4.274459
ADAM19,-0.9498715,14.415938
UGDH,3.3790355,0.900157
ZMIZ1,-4.068943,-0.5707828
HEY1,10.278394,-0.30639488
POLR2A,0.5174059,2.496524
WWC2,0.9921859,-3.4304407
GRID2,10.162497,7.311866
PLEKHG5,6.9583993,-0.12701167
MELTF,9.247348,2.9538739
SPATA41,0.13002543,1.2346271
CPEB4,5.243666,-2.3749263
TMEM117,0.49061862,-3.357682
PCIF1,10.877999,15.400782
MINDY4,14.462316,7.752506
GPR37,7.1066813,3.9723544
IZUMO4,10.773426,12.721226
LSS,8.960834,5.2468505
HYLS1,-3.9944222,4.544079
LRRC27,15.116146,-3.0531273
C2,-6.50399,-5.503955
PDCL3,5.2122474,1.8556974
CCDC71L,11.5316305,10.847185
CCDC28B,3.4924202,7.700467
RNF6,5.053524,-2.3421526
CCDC50,1.4822692,-8.153554
LGALS1,7.6590495,7.975964
MAPKAPK3,11.894711,3.1929023
SGK494,-2.8506205,7.4684043
RADIL,-4.6017866,-3.6331058
DNAH10,16.892681,-2.7058768
SIAH1,-4.8687334,-1.855807
EARS2,-2.6755977,5.978392
VRK1,6.3754654,-7.0294895
CYB5D2,10.69648,15.163438
NNT,14.642284,0.35781416
INPP5D,-6.2398167,-6.1563616
ZNF117,1.4516221,10.481242
MRNIP,-0.558066,6.048775
KLHL8,9.732299,6.877966
G0S2,-4.8617463,-1.8583939
GFM1,3.6239812,6.421763
EXOSC9,4.7749624,-7.527815
FCGBP,-6.7115707,-6.5370092
ZNF132,-3.865881,2.129521
ABCA8,4.7966847,9.046847
NR1H2,10.496589,-1.9572439
ACADL,-3.3785155,13.767496
WIPI1,-1.9283372,1.2450961
KIAA0922,13.098609,8.028466
PALB2,5.750758,-4.3187656
ZNF169,0.7996432,-2.802729
NFATC2,-3.8525295,-1.2293487
PRELID3A,0.66795576,5.6007376
HEATR1,-7.7583485,-4.228097
KREMEN1,12.0422325,2.9753752
FAM168A,-0.9824734,12.59179
RDH13,-0.78759986,3.3433201
POLE3,4.3749204,-0.40048403
ZNF786,15.474655,1.3239386
AP1G1,3.1767375,6.392791
CDC26,8.480763,8.159463
GNPDA2,4.9559355,-6.713774
CPSF3,2.5539246,4.1889715
UROD,11.2466135,-8.076501
PLCH1,3.756271,3.0647192
CLDND2,8.546877,6.256707
OAF,11.918557,3.3860955
NBPF12,-0.5301676,17.279024
MCM6,14.427424,-2.7807233
ASB7,4.6570272,4.2192264
VASH1,7.149385,14.732094
ABCC3,-6.3367653,10.920799
ASTN2,15.959318,-1.0353732
TOP3A,-4.5312686,6.119635
YEATS4,-1.2335112,-3.7943287
KAT6B,1.7680267,9.959284
FAM57A,-5.7536354,-8.635301
HSD11B2,16.89859,-2.7009525
KRI1,1.0843863,11.701062
NT5DC2,9.34956,1.0907612
ENTPD1,11.531475,10.8454275
SSPO,-0.76061714,12.168442
GUF1,14.6968565,0.28489804
GXYLT2,4.0718994,2.5617647
HIBCH,3.9981408,2.406368
PAQR7,-6.4877524,6.132867
RIOK2,-7.729435,-4.2010527
TANGO6,19.320377,1.6173143
VPS26B,7.0087504,-0.06389723
MED7,4.8385224,1.3992479
MREG,6.2799263,5.6650925
FN3KRP,-1.8040797,-5.745871
FAM104A,16.95069,7.2708063
ST3GAL6,3.74347,3.071777
ZNF136,15.511121,1.3263716
GIGYF1,10.875289,15.40025
ANAPC16,-6.1890063,6.33588
SOX4,-0.2778346,17.054314
PYROXD1,5.562222,-0.7520066
RPL14,-3.7833824,11.615257
STK3,4.1046505,13.272955
POLR2H,0.4702384,2.4021504
PPARD,10.254857,-2.0886981
FAM19A5,5.5073805,-3.467951
SELENON,-2.8956769,14.062274
ZNF10,-4.94545,-1.7570196
LMO3,12.504652,5.4953065
EMC1,4.6421094,4.266399
PALD1,-5.750293,-4.521191
CA4,4.6511455,12.510824
SNRPF,-3.7824943,11.617391
GPX1,8.485777,6.985995
GTF3A,16.851587,3.6146085
KSR1,-0.067862496,6.5532365
NES,-7.005429,-2.7088377
TSPAN18,-0.43809786,10.408113
VCPKMT,0.73139375,-2.7066913
GSR,5.0255165,9.232313
P3H4,15.04362,9.553677
USP6NL,18.982578,7.440872
FBXO25,5.718414,-4.35571
WDR45,1.3170177,5.7105746
SRGAP2C,8.387606,13.218767
ZNF674,3.927737,-7.4829717
MAP3K13,5.1963215,1.8485055
RPRD2,4.7255616,4.1921597
CKS2,-4.8990088,-1.8096249
PPP1R21,10.17759,5.095882
ZNF702P,10.09843,7.321071
BRI3,9.072768,5.8868103
SYNE2,11.533223,10.84852
MCF2L2,10.124978,-2.1649272
ZNF35,15.607387,1.3398216
QPCTL,13.584323,1.3534074
TBC1D20,2.840741,-2.9876924
SIK2,-3.272737,-3.5842626
TPST2,13.456565,6.9772243
CDADC1,17.325274,2.9398484
NDP,12.06434,2.398367
MCUB,-6.965805,-3.8012156
UNC5B,8.529323,4.822432
ANO2,-4.27812,-3.3237278
CCR10,15.233023,-5.372701
SPDEF,-6.0793095,6.062212
DNAJC8,2.049643,-1.4418652
PPAT,1.2907276,9.3360405
SPRYD4,-4.052769,4.603386
TMEM242,10.495821,5.682827
NNMT,2.350206,-8.24199
NUTF2,8.397611,6.731854
SYMPK,14.444446,-2.827657
SCN9A,12.339506,5.0235205
ZNF276,0.43848217,6.254452
LRRC55,3.649187,3.1684213
ZNF480,11.874914,-6.773287
NFYC,13.61495,-5.7161446
SUOX,13.868339,10.362621
ZXDC,10.067911,5.6930504
GHR,10.313686,-0.3445413
RYR3,14.252718,9.977286
TUBB4A,0.8349198,7.826809
KCNJ14,-0.8770901,12.313771
FAF1,4.968505,-0.0041402425
FAM65B,0.5629153,7.5078497
IGSF1,-1.2181536,9.411945
P2RX7,6.429405,7.3481507
AK9,6.515415,10.39999
ASPDH,13.630673,1.351466
METTL21B,-1.4545754,0.5938212
CCDC86,-4.044925,-0.5843947
KANTR,-0.88642865,-0.820618
TXLNB,10.870711,3.5740156
ZC3HAV1,-2.2251835,-4.349946
CCNYL1,-3.177944,13.586359
ZNF707,0.81686366,15.116204
MRPL21,8.464945,8.009995
GRPEL1,-4.3540597,7.769897
KCTD5,10.304957,6.1113825
RNF144A,3.6356664,8.799325
TXNDC17,8.628964,7.7147346
GGT1,10.366654,6.0338874
PAG1,4.851416,-2.2772288
STKLD1,-2.2760475,0.56099534
NANOS1,0.24629742,-5.8367863
BUD13,0.12461192,6.0830164
AGPAT2,6.206273,11.074954
RSPH3,10.156179,-0.18847488
PDE10A,-0.11318519,-1.2984089
ZNF337,-5.024512,3.9187558
FAM83H,10.768169,10.210326
FN3K,13.75322,-7.9047513
STARD4,4.7789593,-7.5036535
MKRN2,5.385379,2.120731
EPB41L4A,-7.0125113,-3.842788
PANK2,10.498064,6.691056
RWDD2B,-4.119385,-0.51861453
CYP2D7,16.201565,-4.885349
RWDD4,19.2908,1.3626224
SLC9A8,4.758156,10.322194
ETAA1,3.9544847,-7.4430556
SPACA9,-6.900655,0.3034476
LSM7,10.9643135,12.477171
SPPL3,0.8344867,7.8249383
ACTN4,-6.6134872,-3.32129
MGRN1,5.092921,-3.6353061
RNFT1,-0.083155155,-1.2768397
MAGEF1,13.756401,0.19810727
METTL10,3.9324872,1.2768128
MR1,-0.93039083,14.387748
TMIGD3,-6.2468586,-6.0772967
ATF7IP,3.88857,6.5089917
MRPL15,1.5631485,5.654548
GADD45G,-4.1489654,-2.949506
EIF1AD,-2.9797616,7.453703
HDAC3,13.826987,-3.9147246
NUDCD1,1.4913006,-3.6171672
SAT2,16.28598,-8.514905
FAM218A,-7.6232424,5.2659435
MAP3K9,10.325307,5.3228683
RPE,8.031629,-6.742666
GMEB2,2.7070374,15.487019
FIGN,4.6559253,12.485863
SLCO2A1,14.743067,7.978854
IFT122,13.99236,-5.6876
RRAS2,0.10935202,8.042895
DTX2,10.410778,4.1713743
RABEPK,10.542939,-4.832991
LMF1,-3.3019156,6.677014
DUX4L50,11.267365,16.984777
NCOA6,6.5885015,1.7429944
SLC25A37,-4.188744,-2.6569288
TAPBP,-2.2546847,-3.949828
ZNRD1ASP,6.1214747,11.251036
SLC25A23,10.3713665,9.712587
IAH1,11.889425,-5.206156
CORO1A,19.15578,7.6700435
BEST4,11.589796,-6.4845953
SLTM,7.9997506,13.860672
SLC6A17,14.039969,1.6704723
COX10,11.922004,-7.0276265
PRKAG2,5.5540466,-4.509221
NUB1,-0.2719274,17.050358
FRMD8,4.9909463,3.999985
TDRD6,-7.885731,4.9971805
TEX40,16.167208,-4.8782306
ARL4A,18.30213,5.366155
STK33,12.199831,3.681277
TMEM50A,3.5501168,13.685349
ZNF567,1.4901936,-3.3278046
NPEPL1,11.137611,15.88536
NME4,0.6396388,-2.7091496
MOCS2,4.849109,1.4118108
TIGD3,15.179567,-3.468992
ZNF575,11.286167,-1.2424289
LAYN,8.283631,4.657738
RIC1,5.5744753,-0.75451326
FER1L4,0.38964933,2.1171231
NKAP,4.311607,2.5922675
TEK,0.40256172,8.77122
SFTPD,-5.9909186,6.014
GLOD4,13.761416,0.19627538
RCCD1,10.092298,7.453414
ABCA1,2.3513517,0.6997034
PSPC1,0.34791392,-10.658629
SCFD1,-1.1706653,-0.82243663
PFDN4,17.72047,3.570288
TOM1L1,10.159615,-0.19112617
SERTAD4,5.741564,4.541596
ADAM8,1.1192324,5.4591126
ATP1A1,11.9164505,-6.8010583
NTNG2,3.4300063,3.3741333
BHLHE41,8.650584,-0.22706427
DKK3,11.845365,-7.412545
TXNDC16,3.9531813,1.1069874
ART3,8.059882,-6.773651
DBH,9.374111,3.2320719
CLEC2D,18.251417,6.4278846
STON1,1.6314822,-8.230549
FLAD1,10.521929,-10.565592
ATP2C2,11.713025,5.344452
HIST1H2BD,-4.0998435,-2.5398958
BLOC1S3,10.54459,-4.7299094
ZNF473,-3.2003512,6.5895796
KIF24,5.7200007,14.34573
RNF139,-0.96474797,-3.7573566
DNAJC15,3.6066363,6.665009
MKS1,-0.41890186,5.0445824
YDJC,11.133579,-1.5951917
ZNF689,9.367605,9.933087
EMC9,12.622111,-3.1650167
HAR1B,9.192431,2.9098809
MRPL57,8.873051,6.685384
APTR,-2.4873235,-8.99383
ARRDC2,2.3919458,-10.228801
FAM103A1,5.8237224,-2.1143222
IKBKE,-4.258734,-2.4594512
HEPH,14.916435,9.584355
SULF2,-9.777301,1.8419279
NAF1,0.34921664,-10.651581
CDH26,1.0609636,-6.6744595
MED18,-1.9679347,1.2866184
MRPL34,14.46379,-5.5886555
EVI2B,-6.40331,-6.0509243
GALR1,3.8790002,2.8602684
SNAI3,14.189793,1.5115036
IRF9,-6.9913187,3.4880762
TMEM234,6.9406567,-0.17186649
NAT16,2.8978877,8.266986
LYST,8.0297165,-6.7337885
SAMD4B,-3.1992738,13.62976
TIAM1,12.761721,-3.3758407
CCDC74A,14.63581,7.8681087
RASGEF1B,-4.9477887,-1.7622304
CLDN4,15.629949,-7.538002
PCDHB10,4.074586,1.1567059
CEPT1,1.4097496,10.519419
SETD6,4.4630046,12.861311
ARL4D,-5.746596,-8.629582
GDPD1,11.097142,6.088245
ZNF383,13.12192,4.2219796
MPHOSPH9,-1.1995976,-0.8397488
CDC42SE1,-3.7045116,-3.1907325
WDR60,11.623692,16.389845
ENGASE,0.84302974,6.637461
ZNF439,2.3989007,4.255629
FAM89A,-0.5854671,1.0590659
AIM1,-9.419917,0.70837164
SUV39H2,1.4955828,-3.6155262
H2AFY2,7.048872,0.13958251
CYP2C8,12.355894,5.0204706
HLCS,6.786658,10.439391
DHX33,-4.2767677,4.301382
ZNF234,4.738344,8.930732
MYL5,11.096748,15.83445
KCNJ8,-5.8690543,-2.647114
CELF4,10.320689,5.2979684
TTLL5,19.341486,1.1356099
CYB561,14.146844,1.4952459
TAF1C,-6.2763352,2.175826
EEF1D,11.050064,12.354859
TMEM86B,13.609323,1.3517938
CIAO1,18.254463,6.4292903
RCAN3,8.132914,4.958462
CCDC96,-6.2002697,6.4430943
UBXN2A,19.25197,8.0081215
MMS22L,-0.9662875,-3.7638996
LLPH,7.8976216,13.989774
PVR,14.386152,7.73276
DIEXF,1.3816656,-3.3566735
TAOK3,4.963623,4.0179734
ALS2CL,11.027244,3.524978
CALHM2,-9.345202,2.1986432
SUMF1,1.9114105,14.5799
ZNF468,6.6479263,1.7391685
FHDC1,8.014792,-1.6030034
TRIM14,19.738888,-1.5376811
FBXO48,16.632532,8.941047
EXT1,12.353154,-4.0695343
ADRA2A,-4.018189,4.4681396
OLR1,2.851417,-5.2750244
LEO1,10.948414,5.9920797
FAM109B,2.2504642,-8.190483
ARMC2,-2.3275893,11.0669365
CLGN,10.084076,6.1449485
GPLD1,14.09711,13.580101
HEIH,4.346201,10.639808
BHLHE22,5.441125,2.5868042
ARG2,12.755716,-3.3738947
TMEM51,2.3113725,14.85216
ATF4,-6.5240192,6.1767282
CTNS,2.6987796,2.2720604
B3GNTL1,12.592978,-5.4233685
AVEN,2.08293,3.955831
STS,1.9602364,-2.0075643
UBE2E2,6.0664206,5.198015
GLIPR2,9.5666685,5.2937994
CDKAL1,8.757083,0.18773733
UPF3A,7.1572385,14.724735
SIRT5,5.5979767,4.194907
FOXK1,-3.1707044,13.5596075
DNAH2,4.079145,2.5753782
TMEM50B,1.4439759,10.5345955
ASF1A,1.2494768,9.528368
ZNF354A,-0.8885938,-0.7706946
HDAC8,11.159813,-5.065273
PRRX1,0.4072371,8.777101
RILP,-0.7567504,12.192232
SKIV2L,-6.3945556,2.7729893
INVS,5.7626395,9.368859
EXOSC7,8.615227,7.713681
ZUFSP,3.3201864,0.8598348
HSPB2,-0.024393516,1.2430665
CH25H,-5.6398606,-8.532282
SULT1A1,15.645211,-5.620641
RSRC1,1.0923557,-3.5792508
ZNF283,6.3835793,-5.832676
CASQ1,6.0604124,5.1718574
BLMH,15.914931,-1.0342591
MGST2,-6.985671,-5.6217327
CNPY4,17.373642,3.4531796
CARD11,2.914891,-5.2292905
SCFD2,11.121245,6.148648
MALAT1,-5.751831,-2.907016
CACNG7,9.540308,9.8383045
ABL1,0.67637503,0.47559756
PTP4A3,-5.7775764,-2.3885555
PDXP,11.300011,-1.1276805
TM4SF18,-5.75113,-4.5227065
LARS,8.244564,14.309021
DYRK2,0.50038177,-3.4143674
CCDC125,-1.9903858,-5.896129
PSTK,3.6509593,8.806705
SLC19A1,-4.4451838,7.873767
FIBIN,3.5307975,-10.851465
ABHD15,7.7325025,0.1591796
PLBD2,14.600655,1.1991991
KLF10,-3.5284915,-2.8874688
KIAA0753,-4.6287994,9.4304
RGS19,-6.752585,-6.595739
FAM173B,-5.2392826,3.7134426
ERLEC1,5.1889353,1.9526278
MRAS,15.042487,9.551362
SUSD5,5.5962367,4.2113543
NOTCH2NL,-3.0692513,13.921712
ACY3,2.9386587,-5.2073226
SLX4,-0.70361507,3.429606
LIN54,7.5975165,-6.355726
NTAN1,4.9280186,-3.5271094
OPN3,10.598907,3.5680645
IGFL4,-4.6501536,9.457449
TSPAN33,14.424824,2.1744149
TMEM261,8.522755,7.239374
NIPSNAP3B,5.004707,-6.747977
RCL1,10.646862,4.9054265
MDGA2,10.265087,5.3634963
CCDC183,15.63587,-7.543131
PDRG1,-0.094897464,6.1990924
ZNF320,16.160135,5.946237
CLDN10,-1.3396628,10.14652
VWA5A,-2.7530112,0.20681258
UBE2Q2,3.2452157,6.4236946
ATP8B4,-6.081882,-6.190465
LCLAT1,-0.28600666,-2.1108818
GTF2E1,3.2144914,9.59219
SDR39U1,8.532014,6.356754
AOC2,-4.069364,-2.9065359
RILPL2,14.052309,-6.1677103
ZNF737,5.7149377,-4.349692
TRMT1L,10.149294,-0.18987423
DGKG,7.756956,0.18546878
PRKAB2,4.864575,-2.2853773
STX2,11.600056,-6.499784
CGRRF1,-4.534414,6.117922
SCUBE1,-9.819234,1.8433512
KSR2,10.26047,5.271758
MAK16,10.027049,6.254203
ADAT2,-0.91344845,-0.72285694
CA12,-3.4062936,13.813476
DLL3,8.474725,6.3794565
TACC3,9.570101,9.810413
SMIM24,-2.514566,9.396619
RECQL,19.231352,7.7440705
ACOT9,3.6521206,8.792677
POC1A,-6.398733,2.7786372
NECAB2,3.3607957,7.5020947
TPK1,1.9581548,-2.0653899
RBM22,6.60846,9.774413
ANAPC10,8.383232,-0.40359175
GPATCH2,13.764804,-7.875632
LRRK2,14.011895,3.6711843
PPIF,9.516803,5.3099847
TSFM,-2.5984118,5.8979664
TMEM257,13.267565,6.9084477
PFKFB4,4.685822,4.2062464
ZFYVE21,14.286325,9.950994
SRR,9.163403,0.92276406
GCAT,-2.625656,-8.149241
TMCO4,-3.1913834,13.867144
UBE3D,5.817247,4.656952
GNAS,6.369777,-6.982873
CUTC,6.658477,9.718306
CDCA7L,2.8544083,2.3439898
KLF2,-5.63838,-8.530076
ZEB1,6.3995204,-5.861763
MEST,-2.4874678,-8.99222
SLC25A24,11.53213,10.847812
SNX24,8.399194,13.203653
TUB,-3.3114963,3.73916
LY6H,13.227352,8.10283
MFSD12,0.40362135,8.801936
POLR2D,10.647833,4.8830667
SNCG,2.4647725,15.15206
CLCN5,10.081144,7.5004935
FAM171A1,10.818539,-1.8964404
PIGG,6.545311,-9.825396
CTC1,-0.41051623,3.6871977
LSM8,-3.6179454,-1.4609032
ACKR1,-5.8134327,-2.5643961
CCDC163,-0.35938996,9.027428
MRPL35,1.0260739,-3.565253
SLC35E3,-4.2890453,-2.4022207
ARNT2,10.818926,10.270343
ING3,10.081647,7.494989
GBE1,3.263416,6.4322243
SNHG14,-4.0512033,4.6047463
GREB1,14.53767,9.787301
GFER,2.3915315,15.03309
IFT57,3.5115616,11.656684
BRAP,-5.1606636,6.7298393
SCN5A,18.687798,5.1576223
CEBPZOS,3.7993376,1.133738
CCL28,13.423884,6.7941403
FLNC,9.032266,5.317446
CAMKMT,13.917911,10.326931
THBS4,0.93211985,8.774986
LRRC37A17P,6.6826715,-1.2205302
ST7L,3.0770447,14.037034
ZBTB21,7.6616197,-5.531706
PLCXD1,11.346989,0.64679104
RGS9,4.5240374,10.3973875
FAHD1,-4.6159368,9.434224
PTPN1,-2.0250478,-5.147708
UIMC1,-4.2241635,-2.4673731
EFCAB6,15.516387,-5.5506387
XRCC3,10.78017,12.714386
AP3S2,9.5057745,-3.9714222
ERCC1,1.2350287,9.506775
TMEM39A,4.2271056,2.5739715
MFSD14B,9.442127,1.1818863
ABL2,1.7318792,-2.3912563
TSNARE1,-0.3743294,3.724771
EVA1B,-6.999622,-5.6244965
PTPRE,5.422961,2.4734302
LCN15,-2.5328746,9.372571
CRISPLD1,-1.8149582,-4.506611
WDR44,8.252685,13.403934
PUS10,2.901331,8.260497
PDCD2L,12.768487,-3.919547
PLEKHA5,1.8862348,-2.2205257
BMPR2,5.2622857,-2.391281
PLA2G4C,6.642683,3.3432882
FAM35A,7.3333883,7.9196315
EPHA8,14.088336,1.4538891
SLC43A3,-0.6221147,0.9958089
SMPDL3A,4.141216,1.0984399
PDZD11,5.10583,0.07710022
HRASLS5,12.954621,10.617971
ZNF738,13.124525,4.2197266
CDKN3,12.75715,-3.9317098
SLC17A5,5.0211997,-2.3316314
COX20,8.508691,6.368201
NRBF2,6.28617,5.637684
ALPK3,-4.9400706,-1.764261
FAM175A,9.878719,-3.1710188
HELLS,3.6869242,-7.8394055
SNHG5,7.1694636,14.704499
NARS2,13.970368,3.7343552
CAMK1D,4.291352,-9.962637
HSPB8,-1.9797621,0.7286549
CMYA5,14.533046,9.751637
CRK,-6.88764,0.29051185
PPIC,1.519402,-8.167499
ST8SIA1,5.7658052,4.579947
ACOT13,-1.3384596,10.145202
SYNE3,8.316895,4.627112
POSTN,3.5559034,3.2634406
NXT1,-3.9940841,-2.7721941
RIOK1,0.86685896,-2.4782069
POU6F1,5.924253,-3.3785872
BORCS5,19.287268,1.4726931
FLCN,4.2848816,-10.057588
BHMT2,2.3966472,0.655847
CCDC78,-7.6982293,7.978543
SLC29A3,4.9066486,-7.643867
NETO1,9.777212,4.8106775
THEM4,17.719093,0.94064164
CCDC88C,0.29303765,-5.893937
LRRC73,14.052519,1.6600752
CCDC30,10.264191,5.079446
MKNK1,1.3487191,5.4809475
AKNA,-6.986571,-5.6214952
ZNF425,-2.1508324,1.4696777
FAM110A,14.072471,-6.1336827
ERCC8,7.30959,7.9171104
LCN10,-4.7497263,-3.933681
ZNF610,7.107874,10.471439
IL1RAP,1.2666248,12.728473
SAMHD1,-4.7350435,-3.9657168
PDYN,11.15576,-5.074342
PNKD,14.681357,-3.4499245
CNOT7,5.687811,-4.374997
DENND2C,-5.2770705,-5.0147305
TGM1,-5.0283575,3.9232757
BCL2L11,4.663127,12.471724
SMARCAL1,-1.886037,1.1869248
MGAT4B,14.510466,-3.421798
MSL3,1.7919469,-2.667798
MCAT,14.178043,1.5007321
FAM86HP,1.2075458,3.174828
ZNF138,4.7318907,1.3833613
SMCO4,1.5011233,-8.156517
LSM2,0.6949905,0.45476976
VIPR2,13.161008,8.010703
COX19,-1.387975,11.397329
TIMM21,-3.3356571,6.655009
DNMT3A,-4.0248337,4.554546
RNF24,14.679217,1.2125088
GEMIN5,1.975925,-5.898271
CD47,5.430595,2.201921
FAM117A,0.4198415,2.2707758
TMEM140,5.6825576,5.88221
RGCC,2.6934721,2.265886
TEAD2,-4.0182853,-0.64467424
INCENP,-8.168817,-0.5186887
CCDC51,2.3746889,15.076591
PPT2,3.784761,-8.347586
ADAMTS1,-5.76031,-2.3324742
TANK,7.310721,-5.876094
SUPV3L1,5.0500875,-7.83172
ZCCHC11,-6.1907454,6.5716925
MORC4,4.291835,13.11312
ANKRD50,5.326341,-2.4121299
RBM12B,-5.1833105,6.7093244
TUSC1,5.6991544,2.0695014
CHD2,2.7520607,14.312779
MRPL11,8.516199,7.255414
MFSD7,3.7992997,3.0005562
PCDH9,4.7425165,8.949656
ZNF143,10.697756,15.164125
ABI3BP,-9.366034,1.824932
FBXL14,5.95181,1.9973912
POLE,1.3088591,5.4473805
SNAPC1,10.740014,10.1911955
ARID3B,11.168979,6.13896
ZNF678,-0.38673186,10.397291
TCEANC,-7.589857,5.302542
TRIM4,0.40688294,8.784319
ALDH1A1,14.66361,10.389767
MEMO1,6.5206113,-7.17798
CCDC71,8.038723,-6.749428
ANKRD6,10.286328,4.8298717
ARV1,11.170699,6.1539855
CCDC167,8.877248,6.69563
FANCM,-0.75376135,-0.45722792
AXIN2,3.6534843,8.811251
ZMYM1,16.18942,5.9724383
AHCY,9.9176855,-4.8339987
SNAPC5,4.482867,-0.44551322
FAN1,3.1906536,9.598541
SRPRB,9.681034,-4.108796
P2RX4,13.282223,6.924795
SLC30A1,-0.5879893,1.0568496
GPR19,6.431325,9.474879
RANGRF,0.7654278,5.6509614
NET1,-5.2969904,-5.009623
LENG8,-0.09904694,5.964454
SLC17A6,18.31029,5.3456683
BMP8B,7.1847496,4.9931226
ISLR2,3.5720754,3.2463949
GPR137,10.163703,-2.0971377
TIGD2,-4.111941,-2.5358195
ACOT11,14.145391,10.070469
ZNF713,6.5195074,10.396571
MYOT,5.7707644,9.384074
SMIM10,1.4938859,-8.15583
MOV10L1,15.096051,-3.0758083
SEC22C,3.4430776,9.514886
RSPH14,12.691385,-5.334045
SLC6A12,-9.740448,1.8214142
TMEM198B,2.750834,2.3106182
ARMC7,14.465261,-3.6095238
PROM2,5.748792,5.931567
MANBA,14.6988535,7.402312
GPX7,-0.27831376,9.553429
SMIM5,6.826893,5.645908
MBLAC1,13.585766,-8.285837
BRK1,4.5373664,-0.39848834
DRD2,11.372327,16.204947
EXOSC6,5.527956,3.4970124
CHST12,10.814756,-1.8997221
GMDS,-9.438782,1.0191138
PCDHB7,0.9895564,8.709524
ZNF799,3.0537267,14.054326
SLC20A1,14.804262,6.532017
IL27RA,-3.1661437,13.61297
RAB9A,-1.4772698,0.6132077
CA2,4.7636933,8.911135
FGFR4,-0.16530406,5.358676
LARS2,3.512941,11.653152
DLL4,3.3797696,-1.9143047
SNX8,0.36008686,7.713852
FAM120A,1.5601614,10.191647
PIK3CD,19.011003,7.3716784
SCMH1,-1.6953783,16.585703
UBB,6.9055095,-10.399053
STMN4,0.5464118,7.671403
MRM1,15.788276,-7.691063
TRAM2,2.0598273,-8.730974
CCDC69,-7.027888,-2.691026
ARSA,6.798363,3.5033207
CBWD5,6.9253726,-10.42639
BCL11B,12.050193,5.3711076
DYRK4,9.04479,5.9235926
MUC6,5.7710643,9.366789
OLFM1,12.332112,-4.089912
ZBTB3,-2.6181831,-8.151097
MLH1,-0.5306648,17.277754
DBR1,11.95266,-6.6849494
IPO9,-3.3155835,3.7204597
AKR7A3,4.887849,-11.01498
SEMA4C,9.045609,5.3266335
IQCA1,14.234832,9.9939995
SLC37A2,2.7400742,-5.409072
MANSC1,12.32502,-4.077256
NRROS,-6.3155274,-6.2366614
TDRP,2.9301424,-8.050131
FBXO32,-1.6763237,-4.373815
FAM50B,13.531504,-5.799562
RBM45,1.9110733,-5.9540596
OAZ2,4.746931,12.930801
MLF1,1.2961313,9.329567
PATJ,-9.235289,2.3232129
CDON,12.72959,-3.3471513
ZNF791,-2.8348243,-5.1854234
SYNDIG1L,9.215216,2.9299319
EIF2B1,-0.57118845,17.317064
MGMT,7.914902,4.0108232
ADAM12,-7.0039616,-3.8387327
LRRC56,-0.3476133,3.7432692
ZNF525,9.95563,-5.2595453
DCAKD,4.386246,10.464558
NEK5,-4.2918572,-9.61471
ABHD10,5.580982,4.0366883
ZNF417,3.7830377,9.59289
MALT1,1.5569816,-8.215829
L3MBTL4,6.4545712,9.440245
STK17A,1.6893234,17.092615
COMMD6,-3.7811263,11.616163
ZNF443,19.306414,1.536497
GNPTAB,6.803298,12.861279
L3HYPDH,-7.634326,-4.1117973
GZF1,-2.487989,-8.991342
FAM200B,8.169609,13.458185
DYRK1A,5.6796827,-4.389351
TCTN1,-1.0378852,14.343199
RAB27B,12.511051,5.5221334
RTTN,-7.6774163,5.226181
NSMCE3,11.92877,-6.9810467
OTOF,11.931801,-6.6951
PTPN20,10.067405,6.252376
SETD3,3.428055,6.5822873
OSGEP,11.0956,15.832196
RUVBL1,-3.1481817,7.63269
ATP13A5,14.268211,9.968714
AKR7A2,14.796438,10.438475
FAM227B,-0.24842668,7.224438
CBWD7,-1.0924246,-0.7537256
PPP1R12B,2.0582044,-8.732162
CTNNAL1,-6.8429303,-2.9485872
METTL3,-0.4187244,17.183434
EEF2K,5.802301,7.0477824
PINX1,-3.1086485,7.323276
CSDC2,9.237903,10.0342655
OSBPL5,6.223272,-5.885694
RETSAT,13.808228,10.41761
MAFK,1.0796607,11.681296
EME2,-0.72099984,3.4143095
RELB,-4.3071156,-2.3811154
KIF2A,4.825296,9.085532
TFB2M,0.2392987,1.6065563
DEDD,-3.5426128,-3.330557
RAB29,12.0072155,2.4989493
PARM1,1.9197323,-2.16182
BBS5,15.523191,-5.544491
ZNF576,19.256975,7.768213
SLC22A18,10.389864,-4.6743946
CSAD,0.71947145,5.7145076
PRSS27,-3.2222157,6.5959554
MMD2,-1.0070869,11.26568
NME5,4.7510724,1.3041488
TERF2IP,17.594345,3.5064795
ZNF362,-0.8278085,-5.274477
POLR1B,-0.6820719,7.040048
SLC25A41,0.9939121,5.5553975
CASC1,10.028567,6.2592845
ABCD1,16.79256,3.588338
SNX15,11.855673,8.694985
MSANTD3,3.0677013,8.135133
DENND3,-6.795417,-2.9407926
TBC1D10A,5.7150016,14.351764
PHLDA2,2.12871,-8.546249
CD38,-1.0617495,11.219597
STK24,-0.64256555,17.384672
GALM,-0.6781637,14.499004
RPS27L,0.40721816,0.7367776
MFSD14C,0.89470005,0.956315
FUNDC1,4.7825046,1.3376018
RCN2,4.9622507,1.8445021
CD53,-6.3262043,-5.497339
PEX11B,10.437012,5.616177
ATXN7L1,12.983264,-3.9280665
UNC50,-0.96959245,-3.7625947
ARL1,4.0707,1.1618974
CLK1,-6.2804346,6.220735
ZCCHC6,14.041365,1.3870794
SOX11,16.325794,-0.97553504
ZKSCAN2,-4.0480804,-2.6738086
ZSCAN25,-3.370061,6.6921005
CSNK1G3,5.653534,-2.1863172
RPAIN,13.758161,0.19182783
PHACTR4,8.276679,4.6164145
SLC4A1AP,-2.6939788,4.637221
SDC1,1.6922464,-9.229675
GOSR1,3.3113601,0.85469997
DOCK11,-6.5747747,-6.391569
GSTM3,13.7851305,10.438616
TMEM268,13.969565,1.7431953
NUDT3,8.011799,13.934112
MYOZ3,3.4126697,7.9962654
DIO3OS,7.77972,0.18110289
SETD2,3.2087073,9.592059
ANGPT2,-5.8535037,-2.532411
SPATA5L1,-2.7958827,-5.1723886
ANAPC13,4.819907,1.3038994
PLAC9,1.5735369,-8.243696
TMCO6,5.655096,5.8863325
MTHFS,0.31995445,0.79875827
HOPX,18.695873,5.147965
GFRA1,-0.29512706,9.683507
ZNF85,-3.0419803,7.450784
VPS13D,19.224857,1.9543622
ANO7,5.858752,-5.788433
SGMS1,3.571218,13.675204
PBX2,6.9661164,-0.120830126
PTPRJ,14.819484,7.392397
WWC1,-0.2479395,9.850153
RHCG,-0.017485451,10.224815
COQ9,3.5102572,11.657693
CABIN1,14.140832,-6.0217824
TTLL9,8.211155,4.701622
LRRC23,1.3047426,12.698861
CNIH1,1.4323353,-3.4974515
ADCY8,12.0238695,3.0153549
MPV17L,-6.066009,6.082642
GLI2,12.011088,2.4865587
ABCG1,2.3923297,-10.229413
TMEM138,4.9327135,-3.5337222
ZFYVE26,8.060259,4.1572423
EML4,-2.745391,-5.100428
SCCPDH,-2.2073572,1.5304604
SLC35D1,-6.19242,6.50585
HPN,8.216422,4.715282
ZNF14,11.169839,6.140912
IPPK,5.1011896,-3.63536
JMJD8,0.69085914,15.358246
THOC3,-4.1961613,1.7887096
ZDHHC1,10.78857,12.875629
MANEA,3.5656357,13.678058
PTPN2,4.773675,-7.527483
SCARF2,3.6739337,-8.014376
GRK4,0.1389457,8.038917
ZNF565,7.177326,3.2523906
ABCB7,-2.288007,0.5462321
FANCI,2.686436,14.378379
ZNF580,13.605471,-8.256234
P2RX5,12.55307,-5.4109645
ZNF628,3.693524,-8.045387
TNFRSF18,-4.08406,1.9047753
MTMR3,-0.7519595,14.458704
CYP2U1,-0.9761407,12.572201
FAM87A,9.514403,11.682764
EPG5,1.9577205,-5.909696
AGMAT,-2.6892083,4.64451
KHDRBS2,13.007133,6.3599977
PCNX4,0.24034971,-5.8287134
SMIM8,6.366825,-6.9886546
CPSF1,-0.28276032,5.193509
HGF,12.008545,2.4932754
SCO1,3.4537265,-3.649766
PTPN12,7.4575334,-5.7426643
MCF2L,8.015956,-1.6034062
RET,10.30932,5.3371553
UST,1.6892173,17.094051
PDCD10,14.091247,3.8212888
DHRS11,15.214892,-3.476399
GALNT3,-0.27871922,-2.103797
GTF2F1,13.15845,-5.2226057
NRG4,12.77111,-3.4019067
DNAAF2,5.551575,-4.516462
DDIT4L,12.002611,2.511459
ZNF765,12.611037,-3.14292
FBLN7,12.371703,-4.062724
SPAG7,2.4223764,15.135417
KRBOX4,7.6335454,-11.840799
HTR3B,12.9423685,6.3371587
GPATCH8,11.899311,8.735623
ADD1,8.0509815,4.193351
KCTD20,-2.1961486,1.5406075
FAM210A,3.469453,-1.8040427
ACTR10,11.196067,6.179033
FLYWCH1,-0.0136435935,4.018867
IBA57,5.0752397,-7.8563614
CIC,2.722909,15.497044
PLXNA3,6.8110037,12.886031
TXNDC15,-0.9689733,-3.7537112
LCNL1,7.753524,0.1828089
TTC32,3.6935375,-7.9362206
WDR97,16.194647,-4.884412
RAB7A,-2.1768649,1.5043343
SOX15,3.7672515,-8.294634
TOR3A,17.321072,3.096172
MOB3C,-3.900744,-0.78406847
PCDHB6,-1.0483725,9.5161705
THOC7,17.680344,3.5470788
MBNL3,-1.0336636,11.2515955
AIFM2,4.856512,9.128097
PITRM1,3.5447233,13.68395
HNRNPK,8.724442,0.45860782
CKS1B,6.606647,9.768682
RBFADN,-5.2858753,3.6676857
FAM161A,-5.3342752,3.6211362
NIPAL2,13.510578,5.8508945
LRRC61,14.049747,-6.168822
OXSM,-4.2778707,4.2817855
GOLGA8N,1.130287,-6.6564074
PDIA5,13.113801,-5.159491
GAREM1,-6.6006436,5.8093557
FAM105A,2.938076,-5.20596
ZNF583,-7.0853133,8.804755
FAM110D,-4.741273,-3.8781698
FASN,9.552563,9.854031
ARFGEF2,5.179886,-2.3782635
METTL7B,-2.7807274,0.18692575
RALGAPA2,12.073,2.363589
VEGFA,-1.8190733,1.010451
THNSL1,-4.111223,-0.520683
NAGA,0.8053442,0.8816401
ETS2,-1.6617111,-4.3477182
CD320,-5.2480702,-5.0439553
SNAPIN,10.810674,12.676933
PRADC1,11.160372,17.201553
AURKC,-4.114662,-0.5134124
MCEE,8.408639,13.193412
KLF16,11.422544,-0.9875687
EIF5,-0.07135339,-1.2012053
MUM1L1,12.104052,5.1626024
UBE2L3,8.7727,-8.559792
FAM117B,10.485308,3.4619274
IL18BP,-2.1915345,-4.047008
EGFL8,16.547049,3.8704317
TPM4,-2.3441567,-4.984189
ASRGL1,11.931154,2.977762
MTERF3,-0.5712149,17.317621
NBPF26,14.4589205,9.521676
IKBKG,0.63557047,-4.2316794
ACAD8,11.80412,-7.97654
ZNF846,7.8362846,14.029381
VSX1,-0.35564625,7.164383
PTPMT1,-1.1017818,10.998587
CDH24,3.3958175,3.4072917
HAUS1,11.739719,5.33243
NUCB2,2.0770547,3.9553611
ELAC1,-2.8872025,7.439126
TINCR,10.161614,-2.0917852
METTL6,10.42873,5.9669514
PIGB,9.406923,-7.5756025
LYPLA1,5.7355824,-6.2921085
TAF1B,3.418698,0.9247458
SAC3D1,11.336125,-1.5156627
SHQ1,-0.86371094,11.482951
AMD1,1.4386332,-3.3026175
TNFRSF19,-5.786416,-4.493023
FREM2,11.931234,3.4249716
CLDN9,14.142024,-6.04643
TRIM32,16.755598,-5.80314
CD4,2.7816398,-5.36262
HKDC1,12.089644,3.6220016
PDIK1L,5.584335,3.5663404
MINCR,-1.8352556,7.176226
RRP7BP,7.0810404,3.5827491
TMPRSS5,4.627866,10.346336
ANKLE2,-2.7545362,-5.2174373
GGTA1P,16.101017,5.8986077
HELZ2,-2.1854722,-4.341836
ELAC2,10.403963,12.989166
MTFMT,-1.8958006,-6.3498435
PRKDC,10.789586,3.6630516
CCDC146,1.9635669,-5.903866
MBIP,-6.90907,0.30874622
GLP2R,18.699903,5.1497817
MYOM2,13.666114,7.229748
LRRC17,-9.30652,2.2245216
VN1R1,0.17140491,1.1494117
WBP1L,0.3270751,1.8488103
ZNF483,2.8515413,-2.9956627
SAMD4A,-4.117866,-0.5155457
PNPLA4,9.030177,0.7705697
RDH5,-0.32752335,17.105234
PLA2G4A,-6.5659513,-6.3782725
KPTN,14.2952,-5.962341
CPNE1,2.2757664,12.37149
ANKRD34C,5.8010244,4.6267276
PPP4R1,9.617549,4.7387457
LCN12,13.992603,10.161744
ZNF616,3.9156988,9.691157
TPRKB,9.405715,-7.5772405
ZNF462,2.9218307,2.5254915
ZMYND10,4.2054176,-12.354321
CPSF7,10.399979,12.992728
GDF10,-4.0809655,-2.927091
BLOC1S5,-0.7463318,3.3846195
COQ8B,-2.8190885,0.112042546
NDUFAF6,4.775899,12.331325
MEX3D,13.56994,-8.307335
RBPMS2,2.4186864,-8.234964
ADSL,11.817065,-7.5123696
MAT2A,2.9053411,2.4888594
KLHL20,3.8373604,6.4921837
CTNNB1,-7.8770795,10.658735
AHRR,18.748251,5.1193905
CAND2,15.435162,1.3096962
PAOX,8.1624775,4.835573
KDM4C,5.5596766,3.5792656
HAPLN3,-5.489967,-2.506419
CBX8,11.374342,0.6683387
UNC93B1,1.9154005,14.581592
IPMK,3.5321991,0.9827613
MAGOH,7.9461803,6.6851535
ZSWIM7,8.884701,6.702231
PTGR1,9.540717,-4.0234613
ZXDA,2.8034484,-2.9633012
TSTD2,2.857739,14.224652
ZNF782,5.5676856,3.5529351
CBLB,10.761576,10.207403
FSD2,2.0642288,-5.8100657
KIAA0319L,9.990441,-4.8472543
SELENOH,7.4225793,7.9416137
ZNF354C,8.010191,13.9370985
ZNF256,-0.46710762,14.610269
RAD51C,11.144032,6.127826
RFXANK,-0.30381212,7.183101
NPFFR1,-1.1400262,11.0141115
SIVA1,8.321881,6.394517
UGGT1,0.25106126,4.5802503
AUTS2,-1.1538084,11.026313
LPL,-3.881158,-1.2229202
NOL10,-0.8337348,-5.27464
CBX3,4.495148,-7.411895
ADPGK,11.43998,-0.9549862
FAHD2A,0.19274394,6.0750933
FGFR1OP,-4.634215,9.437857
ADCK2,11.83539,-5.1724997
RPGRIP1L,5.6540995,3.6173358
CRACR2B,-5.1291866,-5.267903
PPP4R1L,4.5539384,12.926254
CRYZ,14.342192,4.103758
FLJ37453,6.825413,3.5731442
CCDC171,-1.1159396,-0.79163384
RFC5,-0.6805882,-0.77330196
FAM184B,1.6893103,17.093388
OTUD7A,19.290796,1.3686109
MRPL43,8.044595,6.730258
SFMBT2,-1.4765071,0.61850697
ITGAL,-6.4405775,-6.089162
MRPL54,8.400065,6.3541017
TIMM10,8.511178,7.0970335
HLX,0.15390937,8.09761
PDXK,10.317036,9.867457
CSTF2T,-2.5659854,10.52811
SLC4A11,-0.52458584,14.579816
FHIT,6.630924,8.954154
FAM196A,-6.210527,-2.836858
AHSA2,6.961225,5.8170247
GAS6,13.428345,-6.1732216
XRCC1,8.46965,6.935288
F8,5.07359,0.06370474
ASCC1,-0.026826859,7.537357
SPARCL1,14.41492,9.736571
INSM1,19.29075,1.3634185
DSCC1,5.5692596,-0.75193244
CALML4,-0.8238577,14.451627
CCDC40,1.2445613,5.48659
TGFBI,-5.797209,-2.3954978
LAMA2,-9.460927,1.5963552
BCL7A,5.7394404,3.6347141
HN1L,7.026658,3.5908442
PPCDC,10.075713,5.73642
KCTD18,4.194354,13.196528
NCAM1,6.6411304,3.337268
ATAD3C,6.43085,7.3216934
TMEM69,1.4730468,10.46137
PDCD2,4.758706,-7.5160737
RAB2B,7.810123,-6.5242057
ABRACL,12.231785,5.4757595
RHOB,-4.1227827,-2.8924687
TCTE1,15.430572,-5.50035
IWS1,7.741536,14.088377
SYT17,-0.1999043,9.90068
PLA2G5,-0.9665009,12.561974
CHRNB1,13.860411,10.18748
PTS,6.3972764,-7.050977
ZNF720,4.4172106,-7.4020658
CDCA5,14.002952,1.7354616
AGBL5,-1.6976385,16.587765
PPP1R13L,16.410103,3.9927335
CARD8,1.3152633,10.361975
CXADR,6.3265076,10.820977
CD8A,7.023559,-0.007228782
FKRP,12.55764,-5.410769
TP53RK,-2.1984503,1.5240276
SPTAN1,9.435771,9.925131
UBE2S,8.247698,6.7277675
DHRS7,1.2128736,9.47532
MTAP,-1.38552,5.32927
GSPT2,10.974382,6.008916
GAA,14.950339,-3.2686226
GPATCH3,10.405402,12.990197
GSTM4,0.97842294,8.730114
KIF12,12.7776,-3.966672
THEMIS2,5.747644,9.355596
PUS3,-0.9015265,-5.253573
STK16,9.897003,-5.325732
MRPL36,8.122543,6.6749306
TMEM5,13.67542,1.3658797
PSMG4,13.805484,0.30159628
DIP2A,6.8809676,5.7043686
WDR31,13.86075,10.361692
FFAR4,13.300906,6.905756
YY1,0.93035233,-2.992945
FAM86B3P,9.49672,4.453374
PDF,14.175825,1.486341
PEX6,8.791693,-8.586835
ALDH1A3,9.918698,7.1425543
PRRT4,3.3777874,7.877564
SOX7,-5.907903,-2.629731
FEM1A,8.784252,-8.574519
SARAF,5.1313124,1.9156816
ACSL3,5.6130023,-6.3377275
ZBTB8B,16.398779,-0.9529721
CACNA1F,13.890869,0.7094631
MTPAP,6.382202,-9.505834
DLG5,-0.22011137,6.225766
FRG1HP,8.16041,13.458047
BLOC1S2,17.755856,3.6030104
SPATA20,-7.6985087,7.9801655
COX7A1,8.841097,6.7124124
RNF149,-2.3093498,-5.006333
SIK3,7.332556,5.082235
NME9,14.443278,0.862533
PIGF,-0.7002889,3.4375823
ADGRD1,-6.983967,-5.622111
WDR89,7.768861,-5.4191847
TMEM255B,-3.0609043,7.830796
FANK1,6.853768,14.979665
ILKAP,0.6593187,6.49481
CHKB,11.650012,16.37247
TVP23A,-3.9123616,2.084752
SAXO2,-5.268994,3.6823418
SRPK3,-0.32957274,17.108025
SOX1,3.508913,7.671211
SERHL2,6.5912595,3.2963018
TCTN2,6.7325096,-1.2474852
SPOP,6.2996373,-5.982053
ABCC1,12.559445,-4.019393
RBM6,0.74352026,5.6039195
COA7,10.466402,5.6843
CENPBD1,10.486715,6.67579
RND2,10.290884,9.839905
CHST6,8.872221,5.209196
RBAK,8.034851,-6.7381897
IVNS1ABP,6.627842,9.031762
ZNF763,-0.28416085,7.207995
ZNF808,3.457117,-3.6490753
KIF1BP,2.542961,-2.8556557
FAM185A,17.639074,3.5069296
STN1,-4.457225,7.883824
MAP3K3,16.560873,3.8637092
STX18,4.681118,12.520852
NOD1,-6.5613074,-2.9400876
MOCS3,-4.201044,4.360299
LPIN1,12.047448,2.9796062
WEE1,-6.3005657,-3.8007956
TAF9B,8.284308,-0.43881652
UBR7,14.087976,3.8134668
SNN,11.462961,-0.9191438
PRMT6,2.608434,-8.171017
GATAD2B,1.4955978,-2.7722003
PROSER1,-7.959771,4.922495
ZNF619,4.1946435,13.201906
ZNF891,6.1759834,11.136519
MARK3,6.514872,1.7859635
BAIAP2L2,19.265635,7.784991
NAXE,8.404444,6.7667994
OGFOD3,6.41643,1.8150444
TRAPPC2,-0.08978099,-1.3118398
LRWD1,14.168802,-5.7005134
DNAJC27,5.2383924,1.8975016
COMMD10,1.0461605,-3.4992774
MPG,3.7080903,-8.064053
ST8SIA4,1.7183064,-2.4858105
CRADD,6.972652,-0.124709085
PCGF1,13.986316,0.774881
TP53TG1,1.031564,1.2956839
CBLN3,12.782962,-3.4127572
KANSL2,0.876648,0.18896218
CNTLN,1.4795828,-8.153283
CYP1B1,-9.637909,1.5858344
ZNF624,7.10773,10.474721
POLD3,-1.2338737,-0.8599096
ISOC1,3.8516424,2.309048
WDR18,3.7655456,-8.279649
COQ7,11.808155,-8.006521
MRPL45,10.34876,6.438999
PGBD4,14.104171,13.583426
THBS2,4.8147993,9.06261
ASXL1,-6.310736,2.2374532
SRSF7,6.4833236,1.7932012
WDR25,11.800045,-7.640302
PSPH,2.2997851,12.378012
ATP1B3,-1.1753911,-5.19035
RBFA,8.364556,6.406781
WASHC3,-3.781191,11.62061
TMC4,-5.2448716,-5.0526466
C1QTNF3,8.980981,4.392783
INTS7,-3.0652788,13.926669
GEMIN2,-6.420409,6.115581
KDM3A,1.0009708,1.0795721
FRMD4A,-1.4611967,11.431524
ZNF407,3.6685157,6.3902826
PELI2,1.324623,9.94172
PSMD10,6.519679,-7.179634
MOCS1,4.398023,10.478933
SZT2,-0.15306488,5.946385
NUDT19,-0.75667924,0.9774134
WDR4,5.8799105,-3.4593725
AIRE,13.226528,7.4095964
ATP9A,16.857922,3.5950773
S100A6,-6.2997413,-3.8115358
BRD1,-1.0334681,-0.7530067
NINL,-0.30077583,7.1917334
CMTM4,0.8639433,0.23759943
ALG8,1.9730395,-5.901044
BBS12,13.144821,5.5038476
ACTR5,1.3356749,5.6947923
FAM214B,-0.4381549,7.1175127
ZNF322,6.7632794,10.898732
SNHG20,14.347053,4.107261
AKR1B1,10.523741,-4.728948
KIAA0556,2.0393262,-1.6576171
BCL6B,-6.979197,-2.7310193
PIGW,9.40824,-7.5591455
JMY,4.6540833,4.22126
CASC2,9.048288,0.7917183
DHFR,2.5456903,4.2059073
TMEM97,-0.9131311,-3.1329052
SLC26A1,-0.36732578,3.7295394
RNF213,0.69831574,0.46405786
PDE7B,0.26038423,-5.8603144
RASL11A,-2.374458,-5.1616735
TTF2,4.2413526,13.164662
LSG1,-2.3659172,-5.100043
MRPS18C,4.5244284,-0.39839742
PRTN3,13.17718,8.067327
SPEG,8.11348,4.8627796
RPL39L,-3.4201434,13.825887
ZNF772,6.239872,-6.007473
DPYSL4,11.8701725,-5.186348
ZNF551,11.062983,3.531709
GON4L,-6.1582823,2.4109719
FRS3,9.572066,9.836126
DDB2,-2.831165,0.089072786
ANKRA2,7.107437,10.474188
AATF,0.92569983,6.602958
VPS37B,2.0404162,-1.654634
EPHA6,4.851231,4.0929875
APTX,0.7532726,6.1572556
SLC38A3,-0.21607071,9.860852
METAP1D,-10.083264,-2.1602511
FBN3,3.4746685,7.608693
DUBR,5.80121,7.0116515
CDR1,16.187431,-4.8787136
STX16,7.1883035,3.2597232
MARCH9,15.370099,-5.269932
NPIPB15,3.697621,-7.9275303
SLC25A39,-0.22079375,5.990806
GRB10,4.957563,-3.4661438
MTHFSD,6.413234,1.8160561
IGDCC3,-0.3115691,3.8071651
B3GAT2,-6.7342234,-3.6799445
SCARF1,-6.7819133,-2.893859
UBOX5,-6.3553424,2.6651947
TMEM214,10.1834345,-10.169962
ZFAT,7.053207,0.110694215
NDN,13.718484,7.2670054
TP53I3,1.5310082,5.6331906
NLN,-0.011198195,10.2383795
DHX32,-4.5276723,6.0591135
SGF29,-0.08552872,5.427223
URAHP,15.614233,-5.5971622
COL11A1,12.881811,5.902568
NKD1,8.273777,14.326903
JAK3,-6.59577,-5.557361
ZNF566,2.048836,-1.5297215
EXOSC1,4.372652,-0.45847395
VMAC,9.453242,4.631624
ADPRM,-0.840107,-5.2718277
GEMIN8,-0.2528879,7.240372
FEN1,-3.285826,6.6191115
PKD2,-7.760439,5.124805
TBC1D7,11.890954,-5.202889
DDX19B,14.426739,-2.7765067
FAM86C1,1.2217689,3.1743326
DOT1L,-2.3272994,11.067916
DEGS1,11.462933,0.741498
DIRAS3,0.2572759,4.570666
NFKBIL1,-1.4773437,8.205947
EFHC1,-7.6672916,5.2319746
EBF4,8.062189,4.7417665
SLC25A27,17.644249,3.5109947
ARSI,-3.1448903,-0.31649873
KAT14,10.326463,6.3321457
BEST3,0.8946308,0.95517975
RAD18,6.3770823,-9.502601
CENPS,10.330394,6.457565
CSGALNACT1,-0.22409855,9.855037
BAZ2A,4.6675124,12.487043
SIN3A,5.8454485,2.0447586
FHL3,2.132586,-8.182031
FAHD2B,8.647344,4.4286017
SLC35C1,18.998512,7.4549794
FLVCR1,3.7082012,-7.9670243
RFX5,0.75873303,6.399401
ZNF555,2.8559225,-2.9989495
PYGO2,-0.1502963,5.3498983
FAM66C,-3.6210463,-0.88990974
TOMM34,9.481428,11.720711
NCF2,-6.4585915,-5.578814
SCARB1,-4.3714137,-9.533776
PABPN1,-8.651206,6.75072
SERPINF1,11.928458,-6.7222652
GMIP,-6.7807584,-6.62342
EIF3C,9.5602,-4.0371227
MEPCE,11.769478,8.617099
TIMM9,16.125402,12.942473
EIF2D,16.104628,5.9012294
NATD1,11.161231,17.200489
SPATA5,4.472913,2.511176
MCMDC2,-0.9471969,-0.08048687
NFXL1,-0.75459796,-0.66456735
FANCF,-0.6759483,-2.166914
MPLKIP,3.3870313,6.4326086
PLCH2,-3.0898597,4.404686
ZNF213,10.603164,-1.8889264
EMC6,8.364404,6.493322
QRICH1,-6.3981395,2.768202
RAB27A,-5.9062114,-2.6943414
FRG1,18.68697,-4.4543295
AAR2,0.7131577,2.948667
OPRK1,6.268133,5.6689234
SDK2,13.1572,8.049342
PCDH11Y,12.282493,5.059603
ZNF2,8.735388,-8.55925
PCCB,8.807558,0.5632953
MAP4K1,-6.4088187,-6.0187516
KCMF1,13.942051,1.7835008
SPSB2,16.888447,3.6022754
TMEM237,5.083576,0.06832594
IFT74,-1.0263184,14.34692
DRGX,13.179372,6.025755
ISG20L2,-4.033715,-0.59241694
CDC42,4.007796,1.1907179
GTF2F2,8.739156,0.4590562
ZNF714,-3.066969,7.849399
CTU2,14.257862,-5.946723
GMPR2,11.892362,-5.2052164
SPHK1,-3.1089444,-0.25490338
HDHD5,-0.044377256,4.0523434
ITGAE,14.855804,6.4757433
ARHGEF16,0.711593,0.4412125
ERC1,0.24534118,4.5797606
ZNF571,-2.5658865,10.528593
SIGMAR1,4.241996,10.575945
TMEM8A,5.616529,16.38625
CMKLR1,-6.129335,-6.1965423
ME2,9.06084,0.8139343
CEBPA,2.7956307,-5.3500633
SPA17,13.075902,6.4133434
HEATR3,-0.8613762,-0.5222077
ZWILCH,4.9326816,1.4845933
FBXO17,6.296121,10.857552
PTTG1,13.4895935,7.0796113
RAF1,-5.9470053,5.966795
IDH1,1.3709528,9.824019
CLEC7A,-6.315923,-6.252578
TNNT2,-2.5341048,9.367052
OCEL1,11.28813,-1.2616736
NAT10,-6.379381,2.71678
SLC26A11,13.186865,8.076248
PHKG2,13.527589,-5.694596
DCDC2,12.5921,-3.7966049
DDI2,1.3844905,-6.432575
KCNA5,13.182626,8.07129
GABRB1,11.999062,2.9399662
XPC,7.387194,-7.632959
NOL6,19.243145,7.970805
MARCH2,2.068707,3.950266
DDX31,10.721161,3.5662885
MSH3,5.228581,-4.7182145
TRMT5,11.162715,6.1415153
METTL18,1.9779037,-5.8979945
FAM96A,3.8494813,2.316071
APEX2,2.0496306,-1.5637927
SAAL1,-3.22199,-7.442524
ZKSCAN5,4.6334877,2.4887614
RBM15,-1.5349915,-4.1826143
HDDC2,8.403844,13.199509
ZNF264,6.2743645,0.57955414
MSTO2P,-0.6506784,17.392302
COPS7B,8.015704,6.7217855
SUSD1,12.324021,-4.087949
CDHR1,13.998806,1.7523838
LSM6,-1.6236092,-4.2075033
EXOC2,6.761509,10.888034
SARM1,14.097216,13.57912
ZNF587,-7.110575,8.837614
ZNF836,-6.10569,6.123479
ADRA2C,13.431735,-6.1671677
MSTO1,-2.5262768,9.417554
SFMBT1,-2.802582,-5.171971
SLC39A4,14.614239,7.859111
ZW10,13.75391,-7.9017553
CERK,-7.8027635,1.0578068
HCG11,0.23678352,-5.8264904
LRRC75A,-2.5240214,9.419094
IQCG,1.0171747,1.2833772
ZNF384,-0.2905565,5.181996
SCLY,0.72493917,6.2878227
TMX2,15.255115,0.9147202
BBOF1,-4.059766,-0.58150893
WDR76,0.11815027,4.646044
LLGL2,6.6561747,9.066368
PDK1,-2.4066615,-4.976968
PPP2R3C,11.263937,16.990435
USH1C,4.2888837,13.111961
POLN,11.652623,16.371403
OSGEPL1,0.70418787,5.4733043
PIF1,16.19215,-4.882065
ZNF19,16.168018,5.9494996
SMG8,4.6386013,2.4925854
ZNF696,11.285456,-1.4727415
NIPSNAP3A,1.2509823,10.19418
WDR78,-1.1570592,-0.80941087
TNFAIP8L3,12.5325,5.5108533
HELQ,-7.6585374,5.2457604
NRM,-6.3001385,-3.8265805
GPR63,10.992054,3.5485864
SLC16A10,5.613697,3.6193924
EPS8L2,2.0844393,-1.7327724
ZNF415,-2.0224106,-5.217982
SIN3B,15.10231,-3.0679748
TMEM131,7.454462,2.820793
GUCY1A3,0.9850975,-3.4521947
RTCA,1.8249056,-2.6615264
HSPB11,0.65620756,15.392402
FOXJ2,13.304873,7.006723
PI15,-4.1536274,-3.3315158
FGGY,13.901389,10.313541
ARSG,-2.2856958,-4.9349437
NGLY1,8.221701,2.103803
KIAA1614,13.434871,-6.162751
QPRT,10.776142,10.215976
EEPD1,0.55494994,7.650014
MDM2,5.530458,-3.4682517
WHAMM,-0.06419933,6.446785
CDAN1,11.624832,16.394896
R3HCC1L,1.6244622,-6.2294426
FAM172A,3.7659428,1.1200001
METTL1,11.300538,-8.093159
CLIC2,-5.796102,-2.4650278
PWAR5,5.606718,-6.343182
ZFP69B,10.4009075,5.48697
YAE1D1,8.79885,15.807074
TNFSF10,19.554167,-1.7481624
PNMT,10.130294,-5.1237907
IGFN1,14.540526,10.38504
FRG1CP,-3.288169,3.6504602
GPR89A,14.350061,-3.9671397
ZNF611,3.776542,-8.318314
UBE2I,2.7285993,15.503806
CCDC65,10.281118,4.784704
GRIK4,15.938968,-4.7423472
JARID2,-0.33973023,7.1787014
NKAPL,1.0933698,6.7267127
ATG4A,2.761777,14.30929
TTC25,15.573933,-5.574436
HSD11B1,7.1022863,3.9355555
ELMO1,10.207963,5.0708537
HEY2,1.608318,-8.250616
IL16,-2.7151544,13.939506
NANP,-5.288506,6.6435823
SPATS2L,7.3884854,-7.633579
EAF2,5.090321,0.071909584
UMPS,16.25231,4.1386094
MITF,5.336034,6.6449623
HERPUD1,-5.687192,-2.934511
GPR135,0.86666876,6.527058
ZNF558,15.196461,-3.4856403
NOM1,1.5050246,-3.6146855
SDHAF3,14.076464,3.8113961
GSTCD,1.2887284,9.983211
PABPC4,-3.6959975,11.703137
GATS,6.710462,9.086627
SLC25A51,15.625764,-5.612087
GSTK1,-8.168835,-0.5186778
SETD5,-1.4873322,-4.1417685
FMC1,-1.4039359,8.145026
WNT9A,-9.466763,1.057573
TMEM18,8.785985,-8.578312
PSD4,13.857444,10.189868
ZNF649,-1.4294093,0.5675758
MLX,-1.670236,-4.182612
TBC1D1,-5.796846,-2.3921688
GSG1L,19.402458,4.641188
FBXO6,6.770239,12.69286
CATSPER2,-0.69792825,3.4337587
FAM43B,13.849505,0.6631089
ANKRD2,13.216418,-5.470646
WDR66,13.647145,7.220561
ANGPT1,1.5824648,-8.200797
POLR3E,2.9093297,-8.057956
TTLL1,11.577421,-6.4775977
SDS,11.983483,2.5875213
S1PR2,1.0483905,-3.572497
BORCS7,8.302954,-0.44605318
IL32,-5.9652405,-2.7039433
GOLGB1,5.2239256,-4.722303
PLB1,13.212053,8.089693
JRKL,6.284875,-5.9917355
NXPH4,0.35048476,7.6989822
DCP1B,0.87929446,5.5073595
FUNDC2,4.46654,-0.51331145
DCBLD2,-0.49807328,-0.89814955
MCPH1,3.9265845,-7.47069
TRBC2,-3.0880036,4.4049106
ZNF45,4.6541963,2.4838667
EWSR1,0.24257672,1.6001495
ZNF626,0.9362717,-3.3640256
UBE2V1,-2.710879,4.6231575
GCK,0.079202235,6.0799594
FBXO33,17.65557,3.5223513
DDX19A,-5.034115,6.779084
ENO3,9.611868,4.729929
SLC2A8,-2.3250957,11.065913
BCOR,6.77151,10.907023
PEAK1,6.7602696,10.883467
FAM219B,11.904168,8.741413
ADCY6,12.972254,-3.9052703
DRC1,13.223765,7.418421
LMNB1,-1.6526281,-4.212796
TVP23C,5.4519506,6.3996654
MICA,-3.8192885,-1.1958323
LIN9,7.6485896,-6.378904
LPAR2,0.6634961,2.9004743
PHF11,19.439945,-1.8866714
SEC22A,11.022674,6.055432
WFDC2,3.288291,9.53042
FAM175B,-0.3612086,-0.9447842
BLM,-3.2828596,3.6474967
MDH1B,-1.1557654,-0.8116071
TBC1D26,16.187017,-4.8796587
IQCC,-4.025332,4.5537567
MRPL40,8.416424,6.6751814
PCM1,8.2438965,14.306987
SH2B3,10.388127,3.3095403
ZNF597,-8.756762,6.6538224
MAGI2,3.3195028,6.50346
BTN2A1,16.031466,5.8447638
ZC4H2,-2.1272442,0.6540613
DENND1C,-6.0859118,-6.19244
MET,13.282399,5.926948
ZDHHC6,-7.8949304,4.992438
LINS1,12.159988,14.951257
TAF6L,5.4504533,2.6448593
SIAE,1.591741,5.6588383
SVBP,8.467593,8.159182
UBXN8,14.538968,2.3124332
WDR5B,8.977129,4.403723
RDH14,4.3353662,-0.35068035
IFI27L1,8.673515,6.6892886
TMEM251,10.972817,-1.7782303
ALKBH3,2.539807,11.171867
TIMM8A,8.17397,2.1663415
WDR70,0.87826014,0.19049412
TDRD7,-6.2036963,6.601616
SUPT3H,1.9506425,-5.9165835
TSSK3,-0.15927595,5.338796
KCTD7,-10.083648,-2.1601112
SART3,-2.5938647,5.8928475
GLG1,-1.0004271,12.614523
CNNM4,-0.73010004,3.4021673
ATG13,19.30239,1.575709
TMEM229A,3.5199885,9.519588
ZBTB39,2.475134,-12.850921
H1F0,-8.761282,6.65129
PKNOX1,4.8878646,-11.014832
PCCA,-0.19725202,7.513138
LTB4R,-3.4143953,4.0356355
EEF2KMT,2.4529598,15.141424
KLK5,13.991363,0.78093904
DNER,6.378484,10.694603
BRD2,0.6241055,-4.2660546
ACBD6,13.888038,0.68723977
GMPPB,10.201003,-10.190612
SEPT1,14.811319,7.390806
RAB8A,-4.0493436,-0.599
GRASP,-2.5297525,9.375395
SLC50A1,-4.258529,-2.3633492
KIAA1683,-1.937384,1.2637485
LIG3,5.8832383,-3.4553847
ATIC,-0.19867021,7.516371
ZNF8,4.88961,-11.015035
PTRH2,11.933618,-5.2085533
PARVB,11.922966,-7.0197372
RBM20,-2.0166316,0.07231723
NOTUM,-4.774887,-3.7817369
LAMC3,2.3730507,14.79971
AFG3L2,10.911586,5.9852595
RSPO4,3.4378443,-3.6417594
CTNNBL1,11.310813,-8.084842
KIAA1191,6.9364657,5.6308284
SSC4D,4.579779,-7.415183
ZNF440,6.379338,-9.497883
ENOX1,13.416733,6.9768147
ZDHHC15,4.0608664,1.1605066
WDR91,6.6401157,3.3253403
HYDIN2,3.7383654,9.552907
GLRX5,-7.8070693,1.0602129
RUBCNL,12.002059,2.4813845
WNT3,18.741577,5.1227374
NOA1,16.125784,12.942429
XXYLT1,6.9319644,-0.18093982
FAM212A,-0.46303388,3.688572
MACF1,8.216698,4.779701
PCDHGA6,15.047106,9.555411
ZBTB24,-0.66743475,-2.1641772
NUDT8,-0.25052708,8.636751
GBA,15.234731,-3.47883
MRPS18B,-1.8093017,-5.7459507
NAXD,8.785549,11.067197
EML1,13.176707,5.48044
PEA15,16.884125,10.960088
MANBAL,8.508988,7.2295866
ARNT,-0.42972535,10.405538
IFT27,8.398596,6.3999643
NUPL2,-4.6346607,9.43891
ATXN3,0.95253277,-3.4504404
MRPL16,-1.002463,0.12215316
RMDN3,8.979425,4.397201
ATAT1,7.082389,3.6052153
KDM7A,2.7996151,-2.9655836
ST6GAL1,-9.429599,0.8008378
GPR150,12.307302,5.0459986
ABT1,10.180317,-10.172921
CMTR1,14.488492,0.82362074
TTC12,4.8882565,-11.014802
EXOSC2,-7.803458,1.0563498
UNC13B,15.762926,-7.6645985
KHSRP,-1.1907392,-5.194682
CD3EAP,-3.3467073,4.0399384
SNX21,11.30454,-1.2432345
ZNF426,8.625465,-0.25954568
SPIN2B,11.87159,-5.191643
SMIM7,6.279381,10.019504
POLI,7.6365705,8.991465
SIM2,-4.0254397,4.5565405
UCHL3,18.687494,-4.4543633
PRCD,7.163057,3.3169017
ZNF684,-7.882398,5.0056033
ARMCX6,0.6147587,0.5733218
DNHD1,4.463908,12.897771
THOC5,-6.391612,2.7685325
HFM1,9.407005,-7.576425
MIS18A,-7.8689914,5.0226326
RNF113A,13.169587,-5.342377
DCT,-2.7117524,13.941459
RIOX1,6.346037,9.987916
GLMP,11.162476,6.1384745
ANKMY2,-2.704625,4.632702
CCDC13,14.737318,7.987082
SLC25A16,-4.562103,9.330609
CBR3,-0.19861643,1.1974009
ODF2,11.550556,16.432356
ADAMTSL1,-6.336696,10.921022
CLHC1,-2.298884,-3.89922
FKBPL,14.493029,1.1341169
NSA2,16.125538,12.942281
HDX,-0.21185833,-2.0516336
ZDHHC14,12.487574,-5.4669056
GPR35,0.6333744,2.8584788
IQCB1,4.903004,-7.6625853
WDR37,-1.3278638,10.126033
ANGPTL2,7.096469,3.9443398
CCDC74B,14.739118,7.98286
COQ5,7.048164,5.977866
DISC1,13.885093,-4.1165514
NXPH3,-4.762917,-3.9347131
CLPB,6.557575,-10.04361
KIF27,-4.539244,6.1159806
GLIPR1L2,1.6239781,-6.228664
PCNT,-7.8038535,1.0567099
ZCCHC7,-7.886627,5.0038395
ABLIM3,5.9354324,-3.3781204
ZDHHC4,-5.6340427,10.753007
BBS9,3.3743267,9.526634
LNPK,5.1956625,-2.3913474
SLC35E2B,11.471693,0.75188684
RNLS,-0.6764106,-2.166793
ZNF585B,15.640689,1.3473592
SETD9,14.173457,-5.790101
CLYBL,0.9970185,6.6512356
STAG3,6.53629,7.098556
BID,5.7342715,2.0787199
ZNF845,1.6195135,-6.240072
CBWD3,9.415694,-7.587404
COIL,0.93456405,-3.3056114
PIGBOS1,19.014341,7.3754706
HACD1,-7.577572,5.3097124
ZNF57,0.35415632,-10.643973
CD24,-4.5633497,9.332823
NAAA,8.164853,4.8422427
PDCD6,8.45004,7.9958253
SNHG19,10.958729,12.488848
DCHS2,-1.5023307,11.448971
IMMP1L,-10.715334,7.3576746
SYT15,11.354761,-1.0688727
CCDC115,10.556068,-4.8433776
TAS2R4,-2.0418482,-5.1356463
DCPS,6.2526875,10.003913
RBM23,14.687381,1.2110738
TRIM16L,0.7185152,6.4138055
SAYSD1,-2.050914,-5.165799
TPX2,13.826789,-3.9160242
SH3BGRL3,8.340741,6.7896085
L3MBTL3,0.74843574,-2.6491125
SCAF4,-4.1273575,-0.50489026
CSTF1,11.816577,-7.5480895
TMEM199,-0.014524029,5.704868
APOC1,-0.75595236,12.190369
THTPA,11.794737,8.630109
MEGF11,4.53536,17.243834
NPIPB4,6.5473075,-10.027338
KAZALD1,6.943742,-0.15860167
TAF12,1.1212648,-6.626224
SRGAP2B,-7.8750663,10.65595
PARS2,-6.320227,2.2646487
ARL16,9.872996,-5.385221
LRRC37B,9.920079,7.1433845
PCDHB14,4.7675385,4.1651597
CHAD,7.163276,3.2711601
LRP5L,-0.12975886,-1.2719016
HPR,4.5656624,5.556492
WASH2P,-2.1821587,1.5063946
AIFM1,9.9248705,-5.290383
GPNMB,6.7300696,9.1208
UNC5CL,4.0240736,9.415323
RPUSD4,11.886812,-5.2022643
UBE3B,0.59265053,5.482867
ERI1,4.2339745,13.175482
ZNF829,-1.401984,8.141559
DNLZ,8.375177,6.422267
SMIM19,4.7646585,1.3212994
FAM90A1,14.461796,0.8291942
ANKRD12,-7.105678,8.831149
STK32B,4.636893,12.868107
ZNF347,1.8393682,-6.0227523
STK4,5.553978,-0.7373931
AMZ2,11.697726,3.0604491
TCF7,16.591099,3.8385365
BPNT1,-0.6769624,-2.170067
DERL3,9.495441,4.437374
CAB39L,5.2205076,-4.728138
TSPAN14,0.37740663,2.1014502
RASA3,9.594246,5.3034525
GINS1,1.9774591,-1.9546856
SPSB4,4.45305,-3.636989
ATAD5,3.7008808,-7.9551044
CCDC80,-0.70817715,0.9790041
FCRLB,6.2033906,5.532764
TBC1D19,1.823274,-2.6636803
JADE1,4.3500195,-10.06346
DNASE1L1,-6.195178,6.168008
ATG14,6.5581155,-10.052478
ATP6V1C2,15.749031,-1.1723558
TBC1D5,1.8023946,9.923735
TMEM107,-4.2587957,4.292684
YBEY,7.1496086,14.731634
CECR1,1.1045465,1.3413731
GORAB,13.582199,1.3534434
NOL9,-0.7812155,3.3513653
PIWIL4,-7.644034,5.2590833
MADCAM1,3.3690739,6.51768
SH3D21,9.436177,9.91247
VILL,11.742291,5.329367
ALG12,1.2774847,12.71649
SMS,2.7409213,2.3040047
COQ10A,13.8515005,10.379895
SNHG21,4.3825107,-0.4330375
ATP6V1G2,6.3696938,-6.989431
BATF3,13.206634,8.081813
GLYR1,10.393185,4.1813054
STBD1,11.155321,-5.074145
PPA2,13.972546,3.7321045
STK32A,-1.3860561,5.3282604
ZNF490,6.543594,-10.0344715
CD276,13.485727,7.080288
APOPT1,4.304425,-0.48830166
BBS1,6.895792,5.701866
PRPH2,14.472154,0.815682
PUDP,-0.9729057,12.569976
MSX2,-6.9539347,3.4645827
CLEC16A,14.757117,-3.4048674
BET1L,0.8711424,-2.9309268
RPSA,11.23813,12.103028
DCTD,10.442364,9.670873
SRPX,-6.955228,3.4650028
CMC1,0.82274896,-2.5388246
TEFM,-3.417075,6.5953317
TEX30,5.4354987,2.6529052
RNF185,-3.3007107,-3.560041
TMEM60,5.564082,4.0346026
NBPF8,2.0791652,3.9551642
MYADM,14.397277,7.733532
MARS2,-0.6821529,7.0400567
ZNF548,-5.6794515,-2.9362297
ZKSCAN7,1.2180806,3.1679852
KTI12,-0.6726707,7.045362
PRDM15,11.844738,8.680348
PCSK6,4.789765,9.045909
MTHFD1,9.515403,-3.9921048
TBC1D24,12.833901,-3.5884793
DMD,1.758693,9.972483
AKTIP,2.048972,-1.4460081
PARN,-1.8179194,1.0207245
ZNF230,5.614238,-2.209041
CYTOR,-4.9288177,-1.7799737
ZNF581,-0.046090964,4.0512013
TNFSF4,1.2608045,9.670314
HSBP1L1,12.536534,5.533532
TC2N,-2.6895444,4.6447396
MOXD1,-1.0123132,11.274958
ZNF286B,4.697054,-7.165205
MYO7B,-5.2491446,-5.0484705
TMEM159,5.737284,2.0815551
ZNF174,19.29618,1.3476379
GABPB1,-4.5618296,9.330438
TTTY14,-5.224092,4.310992
B3GLCT,-0.83384925,11.7218
BHLHE40,-5.6399903,-8.532057
NMNAT1,14.742562,7.9812984
DUOX1,6.430078,7.33992
MRPL58,7.7197742,7.9567575
KDELC1,0.8614384,5.4771256
B3GALT5,11.067219,7.3457627
ATP6V1E2,3.4564915,-3.6493042
RINL,13.002777,-3.9186473
MCM8,1.0771089,-6.594488
SRA1,11.636792,-8.322725
PIGC,4.305816,-0.4846285
NDUFAF1,4.9520607,-0.02590316
ZIK1,-3.2806094,3.6324246
RPL18A,11.119623,12.246631
METTL2B,10.401313,9.714602
MED11,16.806223,10.8876295
BANF1,7.9850264,6.723622
RPL28,11.12385,12.240367
CXCR4,-6.2756944,-6.213442
GAS1,2.3671994,-8.21952
EP400NL,-5.012287,3.93628
IPO11,-6.5554023,6.157963
OSTM1,5.236087,-2.3726776
AMMECR1,-1.9205537,-6.3324656
RFWD3,7.430905,7.953794
HHLA3,9.116131,5.7990003
ADRB2,-3.627224,-1.4622538
MRM3,-0.31823272,-7.718223
RFC4,-1.1254817,11.052591
CCNI2,6.544881,7.0959477
RPIA,16.357788,6.117379
TTC3,16.831863,3.6018872
KIAA1328,6.703325,-1.2300671
MTRF1L,10.692177,15.155664
DFNA5,10.243576,4.80939
SYCP2L,6.558686,-9.857986
DNAJC2,-2.3520029,-5.0737815
ZNF843,4.8867836,-11.011023
UNKL,10.2601385,9.836439
TMEM132C,12.199797,3.6781178
CENPX,2.3879187,15.034267
HYKK,0.52575254,7.6300936
ZNF559,-6.894005,5.646846
IL10RB,-2.8279326,0.09356273
KIF9,-0.45210034,10.424763
SSC5D,15.047185,9.555446
MCFD2,-3.2871363,3.6477702
NUDT14,19.248415,7.9942484
PUSL1,13.559414,-8.3241625
ZNF317,-0.082588546,6.123077
BCAR3,-0.8259064,14.451112
PAFAH2,4.245401,13.152625
IL17RC,-3.0792274,13.923901
SLC17A9,-6.550869,-5.571483
RHOV,12.692604,-3.6694584
SPATC1L,11.294075,16.922523
FXN,-0.3226994,9.078064
MAATS1,-1.1439809,-0.7998687
E2F6,-4.47064,7.901746
NBPF20,17.3234,2.935417
BEND3,-6.3172555,2.2358718
CRIPAK,4.255147,13.138807
WDPCP,2.4124196,4.2811584
POLD4,10.927442,12.526632
SERTAD3,3.3815026,-1.9083846
CFD,6.4501224,-5.7580585
KLHL14,10.238635,6.420575
FBXO15,3.5018885,11.667761
CDHR3,-6.5508866,6.1790924
ZNF660,13.819768,-4.224992
SOGA1,-2.6211908,-8.147933
ANKRD16,11.583808,-6.492818
SEC61A2,12.855427,5.870463
PCF11,4.3324795,2.5547059
VTI1B,8.130334,13.551147
TRMT10A,4.08759,2.5766776
MPO,-3.334024,6.6679616
WDHD1,1.8251183,-2.6619341
SCN4B,10.362608,5.289018
ANGEL1,6.697998,-1.22976
CNKSR1,6.4748793,-5.745324
FAM47E,12.529269,5.507401
NCAPH2,14.51035,-3.426045
STAG3L2,3.440083,7.976963
GPR26,13.44217,6.9803224
ADAM32,-0.9829398,-0.6566721
SULT1A2,15.654745,-5.6233582
GMEB1,2.4286869,4.3062816
PAH,1.8112292,9.986509
COL6A1,7.860479,7.728364
ADAR,5.8819385,-3.4611526
GTF2IRD2,9.601582,4.7238693
STX8,-1.8702403,-6.5095124
HNRNPA1L2,-0.85750276,-0.34573525
SMIM18,16.858173,3.6146798
DGAT1,14.142887,-6.053913
ERLIN1,4.3160744,-10.060186
TSGA10,6.5468493,7.0791354
FAM160A2,3.9593992,15.356693
NDUFAF7,1.4861816,-3.3262107
MAGEC3,7.0750184,3.7233007
TRAF6,-5.2374616,6.6566124
ALDH3B1,4.4940214,10.423981
ACOT4,6.8547115,14.9787
YTHDC1,7.1660943,14.707183
CUX1,3.6634042,3.151918
VSIG2,-7.0386114,-2.679358
NFATC2IP,-3.0266504,7.4317174
ZNF155,-1.0659484,-0.73999125
KIAA2013,8.383069,4.723024
TMPO,-6.110442,6.0792775
GTF2H3,9.027598,0.7704437
CTAGE5,5.046962,-7.8254395
L2HGDH,14.1022215,13.580722
PDCD5,-4.468787,7.8984904
MRPL19,1.7430294,10.006311
RSBN1L,7.6757207,-6.4049344
TMEM265,-0.1356484,6.0596027
WDR55,11.10158,15.843143
PCDH12,-5.227744,4.3003035
ZNF394,0.52799505,2.5407112
SLC46A3,-7.7716694,-4.2356205
PPIL1,9.5335245,-3.9994495
MAMLD1,11.42704,-0.9691401
ZSCAN2,5.203306,-4.73957
COL11A2,-0.40384197,3.7080567
ERRFI1,-2.348671,-5.079585
ADAMTS7,16.635834,3.797237
SLC22A4,0.7639181,5.698124
COPZ1,-3.6919274,13.607329
PBDC1,4.544487,-0.39298758
SLC4A5,4.2161665,13.178312
ACVR2B,3.9337227,-7.4658403
ABHD12B,13.420264,6.9588523
CRB1,14.475674,9.565622
PPIL6,16.899836,-2.7014055
PEPD,9.711959,5.2543936
EXOG,-7.730746,5.1570277
FAF2,18.293121,5.3741894
TMEM232,9.712468,4.816043
ZRSR2,1.2556032,1.0883627
CDC25B,-0.38013893,3.7162044
PDE1C,6.652871,9.097242
MXRA7,1.2587919,1.0958344
ZBTB49,15.557175,-5.558093
PPP6R3,-4.1295,1.8540186
UPF3B,-7.106354,8.830481
TNRC6C,6.671573,1.748375
SGPL1,2.7398894,2.2980282
TMEM110,-9.685474,1.5950015
TYW5,7.4188523,7.93254
ZNF200,-1.9198798,-6.329796
ZNF487,-7.771921,-4.235199
RPH3AL,5.5228286,-3.4629195
PCED1B,-9.439391,1.0285227
ZNF667,12.904504,5.9081416
ZNF211,-3.0735211,7.868477
MORN2,-0.99463785,0.090871945
SLC35G1,-9.23555,2.3419743
MMAA,-1.4977196,-4.1561565
ZNF79,-3.2759008,-3.5844517
AMH,-7.6981153,7.97864
IKZF4,5.2074966,-4.740595
SMIM4,-7.697777,7.980269
PYDC1,18.717524,5.1379566
HCG18,2.0863628,3.957584
GNL3L,1.2253797,9.500566
INTS9,-0.06877071,6.5402102
TMLHE,0.39433876,8.802274
RRM1,3.0770233,14.035946
SLC5A6,-5.1364856,-5.2588325
CBX4,-6.2579703,2.1147277
DSCAM,11.751123,5.324542
RYK,8.635448,-0.24785653
HMBS,6.858391,13.000513
MFSD11,-1.8447261,1.0424333
ABHD14B,-3.2938454,6.6222954
STYXL1,-4.518758,-2.1497695
ZNF121,2.0614743,-5.810859
MFSD4B,-4.2869916,4.28879
MID2,-5.182193,6.709285
SOBP,9.340302,3.289493
TIGD6,-3.7035308,13.595065
EBPL,4.1762595,1.196404
ATP9B,-5.111006,6.792743
EXT2,0.2993691,7.729281
B2M,-6.0105395,-2.7974467
ZNF888,6.9273634,-10.4285965
MUS81,-1.8097106,7.1990404
DGKD,3.4295323,8.020278
EXO5,0.17508338,4.642901
CDKL3,3.4575958,-3.6488252
TRIM16,-3.1502206,6.5203366
LRRC39,-1.1268945,-0.7994403
ALDH1B1,5.0228953,0.02946262
PMS2,-1.3924776,8.140466
ZWINT,11.807853,-8.004962
ATXN2,5.8906717,-5.801735
RHBDL3,13.163537,-5.2319074
ZNF784,6.364347,1.8199698
TCEA3,-9.480774,1.277824
PPIL3,-0.57735974,17.323473
GSTM5,13.858192,10.187378
MRM2,11.731312,8.548354
PNKP,11.232539,16.134491
CYP2B7P,6.5444484,-9.819368
GPR108,11.1654215,6.1492176
SLC6A6,-4.514018,-2.14644
ZNF790,6.936445,-10.440391
GGCX,9.705126,5.2577043
RUFY1,8.170973,2.1695662
EXOSC3,-3.2950444,6.6346455
COG1,9.525969,11.666397
FAM43A,18.184238,0.25315282
PER2,2.893453,8.271935
SNX7,4.641898,12.873409
LDAH,-5.3454638,3.6098166
GID8,3.512917,11.652393
ZDHHC24,-0.2925705,5.9462776
GOSR2,-5.63393,10.753827
COL21A1,9.745709,4.8470335
MAEL,9.520193,-3.9916527
TEN1,6.3513045,7.6317015
LETM2,4.0312643,2.4239452
PIGH,4.9773517,-0.0031848792
MMACHC,16.398706,-0.95244807
SUCLG1,2.5794942,4.2020264
CDC7,4.938537,-7.7002254
ADAMTSL2,11.344627,0.6449675
GPR27,2.0472167,-1.6257852
AK8,6.8547416,14.97896
MROH1,14.158455,-5.69799
NUTM2D,17.051739,11.140031
HAUS7,1.6769501,10.149937
TRMT2B,9.827403,7.0665154
NBPF11,-3.2895942,-3.5723977
SLC7A6OS,2.283961,12.370337
MED20,1.4370345,9.77166
ST7,0.37984642,2.2151935
ZCCHC18,7.8068495,7.766968
ZKSCAN4,-4.0897374,-2.8276372
SUMF2,9.897323,-5.3249846
COL15A1,3.3634539,7.8571877
TFB1M,10.762494,15.249543
ZNF613,3.7737186,9.590829
TNFRSF14,6.345793,10.829666
CIB2,-1.6981817,16.587946
KCNMB2,3.5199971,7.628253
EEF1AKMT1,9.025985,0.7682777
SPICE1,1.4265682,9.803146
DMKN,1.6705924,-9.248571
ELMO2,14.727093,10.492639
SDHAF2,6.6993117,-8.027712
FUT11,5.6366897,2.051106
LNX2,-0.093895435,-1.2487787
TMEM185A,11.389193,-1.5509164
RCVRN,9.506426,4.4852734
MATR3,5.459482,2.301946
ZNF77,-3.344522,6.672379
TMEM192,11.68582,3.0707037
PXDN,13.245096,7.394725
RRS1,10.181217,-10.178061
DNAH5,18.722986,5.134997
FAM228A,3.961284,15.357789
DDX55,-0.76072484,-0.46090847
ALG9,8.286383,14.34734
SLC20A2,-9.706376,1.5778965
RMI2,-4.1068788,4.663101
NRF1,-0.6441798,17.38629
REC8,6.4678035,10.32017
RPA2,-0.9552566,-0.07649116
TIGD7,6.2740765,0.57595664
ACOT1,4.563778,5.5480037
COMMD7,-4.001443,1.992044
HRASLS,10.428914,4.1973457
ZNF718,3.4530513,-3.6473513
AMOTL1,-9.437776,1.6705688
ID2,-0.7563061,12.182874
ZNF222,-0.79041445,-0.54047346
PBX3,-0.7395494,3.3949432
ZNF883,7.1045556,10.477057
ACOX3,14.898879,10.512276
ZNF266,6.55774,-9.852491
MGLL,10.745128,10.184979
FANCE,14.462188,9.372515
RAB7B,8.675862,-0.20998743
GABRQ,-6.968112,3.4737134
MIRLET7BHG,0.17531288,4.6400013
NCAPG2,6.7317686,12.714318
TRIM35,10.0910015,-4.317834
CENPO,10.430186,12.968357
SMPD2,16.898981,-2.7009246
TAF5L,-0.9972927,12.607705
SMKR1,13.790759,7.288036
FAM162B,10.282257,-0.31004128
BACH2,6.106484,11.258054
ADAL,5.2335253,-4.7181873
LDB1,10.468228,-4.8010983
ZCCHC4,7.100365,10.471468
PDZRN4,3.5167964,3.2964373
TYW1B,4.876336,4.0646124
STIL,6.3584065,5.8041987
UTP14A,14.3688345,-3.9725173
ZNF527,-0.8784247,-0.29678228
URB1,10.384034,-4.615813
ZSWIM4,-6.2985163,2.561527
SNHG7,10.784072,12.854741
WASH7P,-0.085750766,5.982702
TLDC1,-3.5895984,13.647293
PPM1M,11.189653,-8.186661
RNASEL,1.288659,10.175746
TBP,8.46539,13.13764
WDR92,-4.0995626,-0.528143
ZNF17,7.8619514,7.730577
PPP1R10,1.3060931,5.511775
RFT1,-0.7980494,-5.2845283
ALB,-2.846421,7.464191
CYP4F3,-1.0233448,14.34758
CCDC77,5.4018593,6.6043973
CYP2D6,-2.6991508,-5.072378
SLC35F2,-4.3086343,-2.3757632
STAG3L4,3.4386053,7.980767
SLC39A9,0.37846875,8.816271
BLOC1S4,11.265819,-8.112596
GTF2H4,11.410363,-1.5597434
PACRGL,3.1713264,6.395643
CLCN6,13.960901,0.76065326
INSR,4.6210866,10.346206
ZNF681,5.562745,3.6008332
MYLK4,-0.37631637,-0.9453246
THG1L,0.3022104,4.5262256
CLDN1,16.313698,-0.9769513
GNG10,14.102389,3.8367648
ZNF502,8.666458,0.34489107
NBR2,2.6935322,2.2669826
LANCL3,5.6889024,3.6502788
WDR41,8.133393,13.545142
PLAGL1,10.310793,-0.3463755
SNHG17,9.824587,7.0572686
RGPD8,9.772782,6.9136715
ARSJ,0.0032823079,1.2511171
TRMT44,15.518347,-5.5454793
ZC3H10,8.307721,4.490117
SLFN5,19.493021,-1.8221403
WNT2B,8.110515,-6.826318
AIG1,-0.8956389,-3.1871862
APIP,10.971586,-1.780948
EIF2B2,16.340155,6.09849
PPP1R1A,3.5155997,3.308256
SLC25A26,10.549503,-4.837116
WDR53,2.0188339,-5.8517756
SFXN4,15.25537,0.91573864
BSPRY,0.82063997,15.113006
ZSCAN21,0.7511143,0.39855275
TMSB4Y,-2.8675966,7.4685483
NOMO3,4.928297,-3.5203638
SMYD4,8.755681,-8.581425
CD40,-6.2904015,-3.7710547
FAM86DP,11.767442,5.3203473
ANKS1A,13.435558,-6.165935
SLC1A7,-9.690576,1.6675122
RP9P,14.384876,-3.9396365
CTSZ,-6.348827,-6.220554
WASHC2C,-7.6737456,5.2291675
MED8,5.5569816,4.0789456
SLC25A34,15.064144,-5.4444146
COQ2,15.812969,-1.1067137
TYW1,-6.729416,-3.6848106
NTPCR,-3.304803,3.7355072
BPHL,13.860213,10.371507
ANKRD65,5.793181,9.413835
GPR161,-3.397557,13.807959
SEC14L6,8.666945,0.3800771
KLKB1,9.091028,0.8428552
DSCR3,8.573461,6.241651
PRR29,-4.332255,-9.573399
P2RX6P,8.299605,-0.3844965
LSM1,-2.1696887,1.4878367
CRCP,13.987941,3.752209
SCAND2P,-1.2803513,-3.8530297
TRIM24,3.0841608,14.030265
COG2,-1.3886698,5.3289804
TBC1D22A,17.785837,3.6293213
AMZ1,-1.1311585,11.054292
OTUD3,14.31184,-3.86802
PPIG,0.94216126,-3.2834277
AMACR,5.1093435,1.7780685
KCNK6,-4.028248,4.5132437
RRP7A,-2.6113682,-5.029213
RAB17,12.99738,5.735202
TMIE,11.716723,5.3009367
DNPEP,5.438615,2.4315681
COL28A1,16.35668,6.116843
MRPL23,3.68819,-7.9932475
RRAGD,16.068348,12.993058
ZNF826P,6.2198596,11.038371
GAR1,3.511655,11.655783
TMEM80,-1.9906005,-5.894901
DGCR10,15.07997,-5.445043
ALKBH1,-0.8753494,-5.255048
ANKRD27,14.856417,6.472613
KCTD13,11.785375,-7.718753
ADAT1,6.1821404,10.039982
RSPH1,14.609714,7.860443
PRR4,0.30518386,7.698209
DHODH,9.586394,4.7166214
TG,1.7448106,-9.159254
NARF,14.262709,-3.8847563
WDR62,5.700985,-6.2852345
GCNT1,17.372236,3.4476461
DGCR6,7.8702064,-2.7764103
ZNF717,5.4359508,6.3983707
PPP2R1B,4.443013,12.989699
AR,18.308146,5.3596487
ETV4,14.340399,-3.9612768
CIDECP,12.556618,-5.407671
PTGER3,1.9345874,-2.137807
TIPIN,11.679712,3.0765193
NOS1,7.2281475,3.1893504
CSTF2,-1.9797142,-5.892858
MAP2K6,-5.634435,-4.6360674
CCBE1,10.696886,3.775531
TMEM57,5.696929,3.650694
EFCAB2,16.055428,5.8553376
DET1,4.206141,-12.352161
ZC3HC1,-6.2068386,-0.50720036
PPIE,8.355823,4.478189
ULK4,6.136598,11.227843
TAMM41,5.760017,2.0874577
ZNF620,0.7198872,-3.8359017
SFXN2,-1.4936953,-4.1493406
ZNF250,15.640169,-7.5463037
FAM221A,3.5426638,13.696657
ZSCAN5A,-0.82584363,11.8216715
WNT4,-0.98072624,11.332023
EFHB,9.873762,-3.1720886
MAPK15,-2.558105,9.350907
FAM120B,-7.656468,-4.1045165
TET1,-0.10602706,7.441018
NUDT17,-0.30767167,7.1911025
CCDC93,-0.5788746,4.922242
CARD9,-6.078081,-6.21394
ZNF880,4.461,-3.6377208
SLC25A29,8.721231,4.4195757
GINS3,13.004156,5.738308
PPP5D1,15.06479,-5.4456615
EIF2A,1.0508237,-3.480541
MUC20,3.4765258,-1.7989836
PACRG,13.243855,7.3948174
PDCD7,9.833679,6.9211645
KNSTRN,-2.8324404,4.536172
TDRD9,6.040858,5.1125064
SORD,6.8204155,12.912524
EFCAB1,13.082203,6.4306445
DRC3,11.643504,16.378336
NLRC3,-2.48761,-8.993145
EVPL,8.016115,-1.6047417
ADAM17,10.232308,6.285948
POLH,7.4979,7.908137
CDT1,7.8759212,-2.778767
RUNX2,9.4465475,3.3945985
ERICH1,9.518675,11.682279
ZNF543,-0.17669816,8.579193
SDHAF4,6.189541,5.5085044
