node,x,y
SMAD5,6.411049,-1.3813661
NSF,-2.928459,5.7653112
IQCG,-3.872819,2.0374072
ADD2,-3.9672685,6.653105
NDUFA13,-8.86056,-5.5739183
ARHGEF9,3.2482433,-6.5397253
PJA2,3.2066483,2.5625193
HSDL2,3.71406,-2.5248144
LAPTM5,5.935835,-4.5315537
TNFRSF1A,5.0864143,7.7537475
MLC1,2.7146516,-2.8770921
RBFOX1,-4.761742,6.394687
RAB6A,3.5754256,2.5896444
YBX3,5.0868015,7.6389866
METTL7A,3.536507,-2.9421906
DNAJB14,-8.305073,8.465945
PPP3CB,2.5518882,3.8036478
NOTCH2,-8.414699,4.056119
RHOT2,8.330565,12.102253
SYNJ1,2.510469,3.8476124
TMEM130,-4.0533814,6.9403987
SLC39A1,4.0776796,8.06693
PTGES2,1.1293153,-1.9272337
SUB1,4.172897,2.8297644
ELOB,-8.451599,-5.8346877
STAG2,7.0964146,-0.2123469
DRC3,-2.5404174,1.6708528
ALDH6A1,3.7847397,-2.267813
GABRB3,-3.36801,6.069352
BRICD5,7.230509,13.129557
CAMKV,-5.761005,3.2118723
NDUFB7,-9.2283,-6.0737667
AP1G2,6.525913,13.516203
QKI,6.4966683,-0.62206054
SLC44A1,9.442007,6.7490854
RHOC,-0.8078908,4.8467546
SVOP,-2.3670862,9.041261
UNC13A,-1.8422066,8.025452
EXOC5,9.612858,-1.1418389
TMEM106B,7.41094,-2.1296117
PLA2G4B,7.385859,13.168905
SLC1A2,-0.4392221,-3.4548805
ZNF24,6.763859,-0.7241469
FBXO11,-0.03956943,10.704429
STAT3,4.880193,7.578061
CNTN2,5.6555142,10.14621
KCNQ2,9.19762,3.7919734
SBNO2,5.824658,8.092355
ABLIM2,8.960447,4.5172257
NCKAP1L,6.2475724,4.177453
CAPRIN2,6.39102,6.435129
CAMTA2,3.659742,12.852329
NEK11,-4.6061206,2.0009754
DNAJA1,9.393589,-4.4412804
PAPOLA,10.062571,-4.516038
CETN2,2.122956,5.9293528
QTRT1,7.9915366,12.539727
PTTG1IP,-0.99427646,4.245706
LENG8,14.209243,4.196482
LSAMP,1.8455099,-8.772934
CALM3,3.1197202,-6.539412
COX6C,-4.6900134,-3.7397606
NMNAT2,3.2936354,-6.3476195
MYRF,5.4216623,10.167336
ATP5L,-3.9915729,-4.010696
GNG12,3.0346754,6.814524
OSMR,4.793256,7.4716473
CAPRIN1,12.300889,3.227033
JPH3,9.289585,3.6158187
EIF4G2,12.262504,3.2176504
TMBIM6,-8.696714,3.8022668
DGKZ,9.417634,3.1625507
MYT1L,-5.8547745,6.750778
ELOVL7,12.76534,8.334159
FGFR3,-0.07257536,-3.6459138
TRAM1,6.741659,-1.6167175
SLC1A3,-8.854602,3.0158782
ATP6V1E1,2.692911,-5.7509403
ITIH5,-4.284402,11.477232
AFF4,10.632895,4.8725295
MOG,6.0408907,10.574108
CLTB,1.3097695,-1.7167051
MAG,6.30146,10.6645565
TRUB1,-9.334733,6.949107
AGTRAP,-0.9908026,4.6528587
ATP2B1,-5.9944806,7.094932
CDKL5,-2.622185,6.5338044
PTAR1,6.1234517,-2.0597382
PLD3,-5.032597,0.21141285
ADD3,5.3763304,-0.065857604
ZEB2,8.815133,7.3526483
DBNDD2,6.342376,10.66445
TWF1,9.592725,-0.6935789
UBQLN1,4.558451,1.2719051
TMEM232,5.6204195,2.1884186
CORO6,6.284976,13.666153
PPM1A,-2.9911501,-0.1341917
PTGES3,9.40126,-4.4469066
TCERG1,1.6221893,11.6902895
ANAPC11,-8.041152,-5.929135
GNAL,-4.7569504,6.023927
U2SURP,3.68326,0.1009502
TTYH1,-0.08587108,-4.0388064
UBE4A,-0.26816553,11.238524
DNAAF1,-2.6684082,1.9513075
HSP90AB1,3.6944735,-4.9980483
TUSC3,-1.3432524,9.33428
CD164,-11.782682,2.6431463
TRANK1,6.4294195,6.503466
GAD1,0.6407476,-0.4696976
CNP,7.3330517,10.146106
CSF1R,6.29864,3.8041437
CTDSPL2,7.887472,-2.418551
PCDHGC3,-8.19794,4.6115346
AK1,7.138978,-8.858916
YTHDF3,-8.0862,8.692587
NGEF,-4.9244847,-0.93063194
IL4R,12.2887945,8.210299
CPNE3,2.7398515,7.5071044
ACTL6B,-5.3932877,-0.26565757
MED13,-1.3826065,11.050774
PANK3,-2.988809,0.065731905
FERMT2,-8.736762,3.429202
OTUB1,1.0442334,0.7016908
YWHAG,1.8392953,4.5373287
UQCRH,-4.272812,8.720737
TRIM46,5.35471,14.217517
ACAA2,3.5024257,-3.12462
NBEA,2.6055896,3.9144661
RAP1B,2.2676945,8.860736
COPE,-11.023976,-6.5210414
MSI2,4.1422477,0.5487129
SCN2A,-4.34407,7.526426
AP2S1,-8.03616,-0.7931953
DOCK2,6.1834936,4.2050595
SFXN5,0.024113728,-3.7537577
RAN,4.604027,1.0773247
WDR47,2.8170252,3.2888782
CAMK4,-4.908458,6.105434
ELOVL1,6.3932543,11.027019
SCN8A,-4.1197705,7.3024187
CDC73,-11.860957,2.8190358
PECAM1,12.665584,8.450497
SRRM3,5.7504973,13.983562
NEBL,4.5786195,0.2784783
MIB2,8.658185,11.770279
UBE2D3,1.885315,1.3434492
AP3M1,6.1057067,-2.4704852
PDLIM5,3.783382,5.934595
SUMO1,4.6166797,3.250108
UBE2V2,4.110204,2.7372518
COBLL1,-3.7155986,11.689777
CENPT,8.008996,12.575999
PLEKHH1,5.141883,9.85537
NDUFA4,-3.878168,-4.005687
PEX16,0.84435594,-1.76115
RPRD1A,-3.0565536,-0.31212622
LMO7,-4.6761227,6.367892
TSPO,-9.389093,10.244462
BCL3,-8.400424,-2.5984693
ARHGEF12,0.49566552,4.4430823
SPA17,2.165438,5.892742
HIC2,6.1998315,13.74154
DMXL1,3.1674745,0.6232968
PIKFYVE,-0.9938263,11.076634
FRYL,13.56549,11.548068
AMY2B,17.548786,5.2019134
GABRG2,-3.2984433,5.676883
FBXO44,8.167314,-4.691062
FA2H,6.1756105,10.562077
JPH4,9.121094,4.365006
PYGM,-8.10607,5.250946
DNAJC5,-3.5925074,3.9819279
PRKACB,3.2514708,1.6833844
MCMBP,2.2726064,8.752623
UQCRQ,-5.5152345,-3.103662
ASH1L,0.07484468,10.616653
CD53,5.7863297,-4.4554715
KAT2A,0.31662014,2.7386472
ALDH1L1,2.1144543,16.40587
CNN3,-8.950393,2.9704022
RDX,-5.2437763,9.389803
CSPG5,-8.074727,5.5178
CD63,3.9755297,7.9303603
ELMOD1,-2.6308854,6.2196093
GABARAPL1,3.016262,-6.108436
ADGRB2,10.018669,3.3809433
INTS11,9.017503,14.281119
PTPN11,9.496507,7.99784
FCER1G,-0.8649284,0.855912
PPP4C,-6.6844363,-9.545574
TNR,7.976594,9.547764
SYN2,-2.9047754,9.244429
GRIN1,5.437416,14.1482725
LARGE1,3.9031608,-6.8762174
TAGLN2,-1.9212894,-0.091372
TNKS2,-1.0571364,11.069636
CDKN1A,-8.044825,-2.9336686
ATP8A1,3.161964,1.5589669
SOCS3,-8.324846,-2.6749728
MEG3,6.0617833,13.829046
DUS1L,8.518914,11.824125
GPR37L1,-0.3680176,-3.899413
SH3GLB1,2.4100573,8.270057
RAB10,10.376773,-0.15394616
GLS,2.112054,4.6809673
OSBPL7,0.4278528,2.8250911
NAPB,1.1615236,5.137289
CARMIL1,-0.44177628,-3.3102744
CCDC106,1.2032788,-2.0382197
ITPKA,-4.453428,-1.780781
GRIN2B,-3.9782255,7.2245107
PLCD1,2.181193,16.42632
OCIAD1,-1.5731564,14.208436
DNALI1,6.995103,-8.729556
PLXDC1,11.9204445,1.3505552
ERLIN2,3.1755955,6.549921
ITPKC,5.6446986,7.668179
NOTCH3,-4.5181913,10.9726925
ZDHHC17,-2.5773957,-5.48619
GABRD,-5.212054,-0.314261
MDH1,-2.9179575,5.214939
C1QB,-1.0616823,1.1806147
ANKRD13B,-1.5218892,3.3986378
EFCAB14,6.1005235,-0.44629523
PARK7,-5.809698,-2.6899245
VAT1L,-4.8573837,6.222654
NPTN,-5.736399,6.8189597
SOX5,3.6955886,6.0377445
NFE2L2,2.5581937,7.811489
POGZ,14.744399,-0.6517923
C1R,2.5470672,13.874486
ERMN,8.664898,8.183435
EVI2A,9.988951,7.4109106
KLC2,3.8109396,12.880153
SERPINA3,2.5598629,13.861665
TCEA2,1.5039924,-1.9296143
THY1,-5.028432,-0.84055996
NFAT5,-0.54638386,11.086702
NELL2,7.8848677,2.196728
ESAM,12.512979,9.31619
PSMA1,-1.5589795,14.215962
DYNLRB2,-1.694787,1.5149677
CLDND1,8.590777,8.503088
PWWP2B,-4.133131,-1.9126204
ANK3,-0.17590173,-7.320241
NOSIP,-9.532431,-4.8973117
HECTD1,-3.2263718,0.5347515
UNC119B,-5.250644,2.0868013
SNX5,5.129618,0.012063788
PIDD1,14.119654,4.4167604
ACSL5,12.539573,8.328927
PSMA2,-6.4559402,-7.3315597
ZSWIM8,0.12813821,2.6679943
TAZ,14.186311,4.752459
ROMO1,-8.030995,-5.9562817
ACBD5,12.447345,14.1822195
NARS,-10.017642,7.46111
PDGFRA,8.083563,9.468645
CUL3,12.238767,2.709955
RPL32,-5.7707753,-6.6823735
GMFB,12.076853,14.235303
CHRNB2,-1.1045991,8.128599
NEK10,8.2538595,1.8495624
TEAD1,3.413406,6.402645
ITGB8,10.397735,0.047497544
RAB2A,4.218714,2.7388518
SPEF2,16.171915,4.371411
UBXN4,2.086386,9.7764225
ZNF770,-0.30970675,11.194949
COX7A2L,2.540106,-5.741885
RPL35A,-5.7478433,-6.6596656
ARPC1B,9.208027,-6.09736
DNM1,-2.6960037,9.455932
AP2M1,0.86065286,0.51777416
FAM107B,8.614887,8.331289
SHTN1,8.442824,7.406825
KAT2B,6.1130447,-0.43001476
CLUH,8.3835745,-3.5783336
PIN1,1.2461162,-1.6850308
RTN1,-1.73748,9.163559
SH2D5,-5.6863446,3.6240118
RABAC1,-9.438679,-4.934584
ATF2,-7.915715,9.02168
PHYHIP,-5.9626412,2.0445828
SLC2A10,3.6318378,0.9377996
PACSIN1,-3.815333,4.261366
FAM126B,2.4092085,4.8937426
CASC4,9.919345,-0.41202718
ABCG2,-3.5910466,11.6308365
SULT4A1,-2.7011468,9.537604
SECISBP2L,11.648148,13.504178
SCAI,2.4080777,4.874967
OLA1,1.7965871,3.8054442
RBM42,-6.645758,-9.583592
AATK,4.5678234,10.257167
FAXC,-2.5511348,6.4117236
KCNAB2,-3.838746,4.243723
QSER1,5.8265347,-2.1674402
LHFPL4,-0.9530387,7.8273954
CLNS1A,5.1885667,0.009433602
SLC39A14,5.6351275,7.5073414
RABL2B,-5.49897,11.49359
LZTFL1,6.2049403,2.1453903
CPNE5,-5.8795576,3.5786574
TOMM20,0.8892584,5.4698024
NTRK2,1.8879825,-3.338901
CDK18,5.805555,10.058955
GOT1,-2.9607403,5.3679724
FRRS1L,1.5535219,-5.8524594
DGKB,-6.033532,7.0958476
PDE1B,-4.8132825,-1.8566068
CA10,8.274176,9.310282
ADGRA2,-4.214795,11.349813
PTPRB,-3.6048124,11.642499
NEK7,12.185146,14.088687
IFI30,-0.75530905,0.4006167
ARF5,4.964425,2.3594522
SYT16,-3.3549793,6.1440578
ZC3H15,4.427779,1.408597
SYK,6.3618565,-4.971674
ZMYND10,9.609933,11.273165
WLS,3.5882301,0.99352634
NDUFB1,-5.056494,-3.5405538
SPTBN2,-3.7977693,4.191589
MAGT1,2.3557703,8.244771
SLC8A1,-2.8856578,-6.8423176
DDAH1,2.3775098,-2.8068252
EMCN,12.6360855,7.315523
TMED7,7.0476313,-1.8305742
LANCL1,-0.2224358,-6.8114924
ENTPD6,-0.6014692,6.540259
CNOT1,-0.3038285,11.355922
PSD2,-8.14453,4.994319
MBD3,4.4646354,12.118058
ANXA1,-2.356871,0.573361
RAB13,-0.96153736,4.3893104
SNTA1,-0.24884754,-4.0168114
AMOT,3.3832252,-2.395308
GARS,3.3845978,-5.6341143
SNX6,11.998806,13.971518
ITCH,2.8128831,13.609589
ERICH3,-1.2359645,9.350605
DGKI,-2.3593695,7.974309
CDC37L1,4.539925,1.2777554
CCT8,3.5660355,-5.232457
DECR1,3.8906906,-3.4818625
LMBRD1,-12.088029,2.537532
DNAJC6,-0.3567144,-6.692311
SMPD3,-4.733814,-0.77550787
NDUFA11,-9.124674,-5.1056895
TMEM259,8.649567,11.758973
CHMP2A,-10.638043,-8.581867
PDS5A,10.204011,-4.3434052
ETFA,3.9943137,-3.723472
ERBB3,5.208212,9.837602
C2CD2L,9.3221855,4.6565113
LRCH4,0.57029396,2.9363642
CALCOCO2,-0.8301058,3.9267557
SCN2B,3.7526739,-6.6936326
PML,5.654581,7.9109335
CCT4,9.493406,-4.482377
CREB1,7.733139,-0.775157
ARHGEF2,6.371671,15.692676
TMEM222,-10.095263,-4.6502237
PHC3,-0.32167935,11.266124
RFX2,6.967796,-8.736934
ITGA1,12.858455,8.223789
RTEL1,14.44628,-0.3203617
NAA25,1.6450683,11.65005
ANKRD19P,6.2993436,13.533579
CCDC124,-9.47316,-4.7975426
RIBC1,-4.0704494,1.9575624
TFEB,6.3011565,11.458466
CLIC1,-1.8692436,-0.14650889
ABHD17A,-9.474925,-6.914408
CLCN4,-0.4390752,-6.647789
MON2,3.3297846,0.60848266
MYO1C,12.184687,9.642702
ADCY5,-4.8635173,-0.8447718
KCNJ3,-3.746842,15.796069
PTPN5,-6.0360713,3.620913
TM9SF3,2.042414,10.043045
HSPA5,16.106348,8.019953
SYNGR1,11.980778,5.5718393
ADGRL4,12.815684,8.29867
ERBB2,-0.865791,4.856143
NR2C1,1.9902607,-12.177109
SLC4A10,1.9221689,-1.8863555
PRKAR1A,-8.383581,8.37874
HERC2,4.598631,-6.9210877
INA,-3.928791,6.369509
IFT81,-3.6047628,2.7102323
RUNDC3A,9.561718,3.0791316
DAW1,8.419584,1.831117
ACVRL1,12.715281,9.229704
AIFM3,-0.9764843,-4.0901303
SPAG8,-2.63514,1.760323
DNM3,3.1561272,1.5172353
SYT13,0.357778,-0.68803746
ADH5,4.910062,0.051651105
ECI1,6.735501,6.1496587
TYK2,0.6903542,3.0374942
NEURL4,3.873581,15.3843
BCAS1,8.421391,7.2043824
PAK6,-4.25374,4.332943
PLEKHG3,5.267704,9.671658
HIPK2,8.864816,7.385965
PPID,9.851842,-4.5199723
KCNH8,5.24967,9.587319
YIF1A,-11.093112,-6.4833164
CACYBP,3.6989856,-5.1735907
SEC31B,14.577366,-0.45023745
TPD52,3.2377279,1.520343
CACNA1E,-3.959054,7.0484285
TRIM23,-9.342419,7.301269
ACOT7,13.02625,6.4641175
NRXN1,1.828457,-8.780233
NDUFAB1,-3.8261924,-4.001693
PPP6C,1.960837,10.072384
ABR,2.2658114,-8.443647
LGI3,6.362264,15.680579
CALM1,11.1756315,2.8427062
VTA1,-9.938277,7.347544
MLF2,1.1182743,0.65146536
MYO1F,4.9266186,4.9449334
CENPB,8.306865,6.852454
SEPT7,11.821353,13.745592
GADD45B,-8.162927,-2.8047724
ANKRD46,-9.792396,7.2949204
PSMA6,-6.621516,-7.5245357
GNAI1,10.072377,7.4519157
ATP6V1F,-8.018035,-0.96127224
KIAA1549L,-2.422529,5.7921343
PSMD8,0.847312,0.3498447
TROVE2,6.1657825,-1.8102189
WASHC4,7.3892045,-1.0132813
MMRN2,12.672267,9.129983
MKL2,-1.9124585,6.0839667
NDUFA1,-5.355075,-3.2820373
GNA11,4.4527316,12.10413
DNM1L,3.7413907,2.8075857
WDFY3,-2.6079912,11.343232
DLG3,3.7510936,-7.2533665
HYDIN,16.193617,4.39285
CORO1B,-9.402679,10.207962
RAP1GAP,-6.0431223,3.6224597
LRRC7,-4.401285,7.5811625
DYNC1LI2,9.032608,7.5271435
RPL13A,-6.387186,-6.7141886
CHD5,-5.350328,-1.4629878
CDH5,12.664318,9.113954
CCT6A,3.501851,-5.0479493
RBFOX3,-5.004897,-1.3472205
CARNS1,6.1170397,10.759235
ANKRD40,8.949449,7.436632
TMUB1,9.195437,11.511192
MAP2K4,1.953821,4.5094976
TYROBP,6.0012593,-4.5831933
ABCA2,4.5846524,10.210422
FGF2,-9.012587,2.8470125
GNAI2,-9.38675,10.187271
BRWD1,3.8428297,2.7805922
WDR1,3.8286412,8.217988
SYT1,0.74693465,-0.6354733
LMTK2,3.9425461,-6.9462137
ANAPC2,8.724759,11.752297
RAB40C,8.131718,-4.7158723
ZNF644,7.8183036,-0.5835983
RICTOR,2.997095,0.53423965
MVP,7.3507557,11.558728
DCAF7,0.39906603,4.405071
SEC23A,-9.06711,6.8002877
ATP6V1D,1.6945412,3.7541873
PLCL1,11.470641,13.245417
FGF17,6.7221627,13.41119
MAGEE1,-2.9973252,5.422847
HPCA,-4.966579,-1.8060461
NF1,-1.782588,11.152762
SELENOF,-12.112519,2.5346425
RAB3C,0.79760635,-0.6706474
RUSC1,10.649791,11.859507
MOB1A,-11.292752,2.3567288
SMARCA5,2.0699387,10.037486
SYT12,-0.78895074,8.265223
DDX24,3.139727,-5.884512
TGFBR2,13.212236,7.8958526
ITGAM,6.354325,3.7881477
SCNN1D,7.6546054,12.824896
ERG,12.8062,8.36272
WAPL,-1.5561665,11.001134
ATP13A4,1.5907199,-3.8646014
KIAA1468,6.3641095,6.366531
TAOK1,-1.6360908,11.07569
CCNL2,14.24589,4.0315976
CCT3,-5.52531,14.018074
MTMR6,5.146801,-7.7985835
AP3D1,8.356752,-3.6287954
MMD2,-8.078503,5.4727163
SMO,3.48769,0.95354164
SRPK2,-0.49680808,-6.5868993
ITFG1,3.731692,2.6456935
PPP2R5D,-0.59525245,6.582573
LAIR1,-0.9389506,1.2963558
RAPGEFL1,5.371871,14.211271
DNAJB1,11.63296,-7.727751
SPRYD3,2.9752178,-6.769286
NCALD,-3.7819548,15.832848
SNRPD2,-5.606454,-3.0006967
PCDH15,8.140765,9.434378
NCDN,-5.757681,3.4322681
MYL12A,-1.8164595,-0.22317532
ST13,2.7967572,11.549923
FOXO4,8.274937,6.7950916
SCN3B,-4.1050386,7.3020954
GMNN,-0.65279317,3.8514378
CPE,4.0772915,-1.8607532
COX7B,-4.687717,-4.2293777
TUNAR,-4.688988,-0.7991514
GRIA3,-4.344237,7.528343
C1QA,-1.2173238,1.2630863
SEPT5,8.41474,4.564628
SELENOT,-9.926008,7.249535
ZYG11B,-1.1926982,-5.5628595
PSMB4,-10.629184,-8.572433
ABCC5,6.2374463,6.4427314
SERPING1,2.532958,13.889645
RBFOX2,3.7876558,-7.190277
UBE2O,3.8475678,12.996026
CD93,15.824998,1.6673832
RPL5,-6.4273615,-8.198102
LMAN2,-6.776924,-9.447678
EFCAB12,-2.5030143,2.1739948
EFNB3,-1.1164839,9.270633
CLMN,13.477933,11.601863
FYB,6.1232214,4.356084
UQCR10,-5.7973557,-2.6728072
ACY1,0.022061527,-4.6679034
ARMC3,-1.7964932,1.5447305
SMG1,0.09580444,1.5698155
TBC1D14,0.49227706,4.458862
UBXN6,1.2203488,-1.7352417
SLC7A10,-0.91006243,-4.05835
ARFGEF3,-0.13413316,-7.57154
DAG1,-8.664968,3.8735662
LPGAT1,3.072587,1.5576106
CEP170B,-3.6717384,4.059048
DEK,-11.604068,2.5712895
CAPS,-2.5577362,1.6909001
LDHD,2.4487407,-3.3523276
TTPA,-0.5726992,-2.8543541
ZMYND11,9.54117,8.08072
PRRG1,8.303887,8.346856
THYN1,2.5462275,-5.6816998
P4HB,3.784961,8.354677
LRTOMT,-4.7266393,2.0534136
INPP4A,-2.3855307,5.7590756
SHARPIN,-5.5254917,-5.5497813
COPB1,2.1760457,9.199625
RASD2,-4.413606,-1.9691509
MDH2,0.86646855,0.39281622
BSN,-1.7583922,7.9303074
SRSF11,1.5062376,11.816452
PRUNE2,-0.11968738,-7.594519
STAU2,-0.89789975,-5.2397575
HCK,-0.85205704,0.70543945
ELAVL2,0.4536,-0.56976044
SF3B6,-6.2821627,-2.710473
ALDOA,6.9926558,-6.931235
ANXA2,-2.1878219,0.30636266
PHF20L1,-3.200024,0.5366435
XPO1,10.031265,-4.585175
TPRN,4.3874726,10.393261
CDK17,0.23143,16.713352
ATP5E,-5.428274,-3.2462833
SEMA4B,-4.2097006,-6.7524967
CYYR1,12.663476,7.356812
PPP2R5E,-0.30304718,12.379431
RHOG,6.3046603,11.488011
ARID5A,-8.796479,-2.4074512
RASSF2,8.715395,8.113938
KMT2C,-2.8803248,11.406643
ST18,5.8474336,10.579728
NCEH1,-10.63803,10.845772
CSDE1,9.737969,8.453459
DHX30,8.3382435,-3.6661375
CACNG8,-1.7078311,7.9247556
DNAH6,8.374308,1.822042
PKN2,7.1117764,-1.0770617
DMTN,8.481591,4.5807652
DYNLRB1,-8.014493,-0.93064845
ZHX1,11.858814,-3.9859197
LTN1,3.2434287,0.7287517
PI4KA,3.7277591,12.918622
DVL1,4.486876,12.045187
SLC1A4,-0.3319988,-3.5248966
NDUFB6,-3.8761044,-4.0263534
ATP8A2,0.77518636,-0.63391614
TMEM59,-12.140912,2.515186
URI1,12.715459,14.591308
SYNGR2,6.1860046,11.556327
SAMD15,6.1454864,2.20848
GNB2,-8.180425,-0.3157455
KPNA4,-0.3106602,12.403557
MTDH,2.6782074,13.742704
PRKCE,1.9313089,-1.8424791
BIRC6,-2.7398517,11.371739
KIF1C,8.4483385,7.0309076
AHSA1,-5.483455,14.015414
MGAT5B,-1.9447458,15.423784
UBN2,5.463071,6.2535577
WDR78,-3.5235713,2.2338219
HCLS1,-0.9640481,1.3874631
PLEKHM3,-0.54172295,-6.5514784
NT5C,13.5231085,5.6581087
GSK3B,-1.1621618,-5.5167556
CC2D2A,-4.780626,2.014322
CCDC33,-13.102256,0.03179189
DNAJA4,3.8535368,-5.0100107
WASL,2.7269745,3.162874
SPATA18,-2.4362175,0.9270236
NECTIN2,3.7996564,8.157387
MAATS1,16.186947,4.3712544
GOLGA8A,17.428795,5.0812964
ATG4B,4.847721,11.665355
CD99,-1.7996985,-7.698992
ZNF248,6.198056,-11.805861
MAP3K10,9.312138,3.2014444
CAB39,-9.571095,6.434552
KLHL28,7.5159082,-2.2180457
CCT2,3.3844528,-4.889064
IGSF8,6.4362407,15.757749
SERPINB1,-1.7959208,-0.24249513
PCDHGB7,-8.243297,4.419066
KIF3C,3.9866848,-6.873779
PIK3CB,2.6114285,3.7968934
WASF2,-1.0749335,3.9949646
BMPR1B,-8.1800785,2.9108446
GLT1D1,-1.792092,8.235507
TGM2,12.592862,8.3555355
GIT2,6.3543878,6.548663
S100A11,9.203442,-6.093971
ATP5D,-8.725621,-5.1594357
MTMR7,3.2213423,1.5738539
SNX13,9.624334,-1.1829458
MT3,2.1387954,-2.2077136
RPL7,-6.4429426,-8.301423
ZFAND6,4.4705367,-0.06680163
LILRB4,6.3086486,3.707255
DTX3L,4.5523553,7.43615
MAP4K4,8.820971,7.343566
NAA38,-8.683019,-5.37745
RTKN,6.7157354,11.240203
CDK5R2,-0.76891565,8.24916
SLC35B4,3.1899855,4.443507
ATP6V1A,-0.99086,-5.3347526
PDCD6IP,3.5059454,0.26944873
STK25,8.118387,-4.692861
KANK3,12.828889,9.352758
BTBD10,-2.0003104,6.1177006
FAR1,3.2345872,0.3842202
FZD3,8.0907545,1.5649446
SLC11A1,-0.74178827,0.37024307
MAP7D2,6.232178,15.558316
EDNRB,-0.4503052,-3.0859995
FAM153B,6.2651825,13.469481
MAPK9,0.9598145,5.361884
SNRPB2,4.7070637,3.331378
POMP,-6.365815,-7.2384677
NDUFS8,-8.707105,-5.225212
FAM91A1,7.6264133,-2.2850747
RAD23B,-9.580273,6.4064713
RFNG,2.9706242,10.291592
BEX3,-4.1915355,8.772541
HSPH1,3.8257153,-5.054526
GAB1,-5.215725,9.362715
COL4A2,11.929843,7.957974
PPP1R37,4.6574993,11.721928
FRMPD4,-3.4175398,5.54746
GOLPH3L,10.023968,-4.587656
FTX,5.4303694,6.3125157
KCTD17,-4.2551045,-1.9676414
DGKH,-5.085329,6.0613337
WASF1,-5.706232,6.775777
XRCC6,-6.666915,-7.5685387
ATP5O,-4.5599065,-4.4545574
ITGB5,-2.4977968,6.5451403
GTF2A2,-6.426126,-7.3197446
CLIC4,2.3101184,8.341446
SOX21,-0.64616334,-2.7528138
TOMM6,-5.8069267,-2.6582909
PPP3CA,-6.0719285,7.150659
ATXN2L,0.11615784,2.6513236
WDR13,0.99877286,-2.1556814
TRMT1,8.014141,12.691949
ZNF493,6.1091228,-11.718248
SLC2A1,-7.229611,12.799727
HSPA6,11.656322,-7.7621827
NADSYN1,14.111349,4.2926693
ARL4D,-0.37324333,8.417722
CSMD3,8.079648,1.5600013
NEDD8,-4.206255,8.792224
PPP1CA,-3.4094617,-1.8958565
SLC25A20,3.5934525,-3.0842395
ENO2,-2.954813,5.327444
ZDHHC8,-1.4444351,3.5006042
PDGFRB,-4.5764165,10.869212
DBN1,-0.5615858,6.525931
KLHL24,7.022743,-1.0568402
PDE1C,13.499791,11.568925
BRD7,12.726743,14.591855
HDAC1,-2.5003595,6.5455036
VWA1,6.3112135,11.503259
RNF13,9.79673,6.886386
USMG5,-4.374892,-3.774771
MCM7,8.320104,6.8986316
KIAA0753,6.6106853,6.254912
LY6G5B,-13.27092,7.2775416
ZZZ3,7.891012,-0.60309434
EEA1,7.2888894,-2.082183
CARD10,-3.8985064,-2.3371537
SLC35A4,3.617997,8.574354
ATP13A1,7.923043,12.743079
SART1,-6.379429,-9.858884
SLC32A1,9.163593,-2.3348763
STX1B,-1.0545232,8.077143
HGSNAT,17.436113,2.6508367
NACAD,4.2793226,10.471945
KIAA1211L,-4.694601,5.973351
RAB18,-8.416196,8.348093
GPSM3,4.9494925,4.921463
KLHL5,12.4713545,14.207565
NDRG2,-0.11727289,-4.0280566
RIN1,-6.1645856,3.699425
KIF9,2.0878136,5.9657693
MBP,8.41979,7.230641
MIGA2,4.75299,11.686547
PLLP,7.394914,10.039766
BRAF,2.3736074,4.9438314
WDR35,-3.6335444,2.8007977
PIANP,-5.522283,-0.29180226
TGIF1,-2.3932998,0.6700592
RAB9B,-3.3182175,6.0906105
GPR37,9.865185,-7.503362
PHLDB2,11.854423,1.4090374
PNRC2,11.305822,6.539705
CNKSR2,-10.591325,10.797222
NPC1,5.3768654,10.274448
FMR1,12.376941,14.146555
ZNF276,13.820368,4.430741
DZANK1,-5.3567533,11.478554
SPTBN4,3.9982154,15.207937
SLC39A13,3.0037277,10.320247
PLTP,6.9726467,-8.7039385
CSE1L,13.683354,2.3024263
NADK2,3.9605331,5.8252134
TMEM144,9.928697,-7.51209
MOSPD3,11.7895775,-0.69803464
EPB41L5,3.6761825,-2.3156753
PPFIA4,-1.7435219,7.8858447
APBB1IP,6.3685527,-4.984351
TFAP2E,17.608534,5.263571
TBC1D15,2.1890922,10.397539
NSD1,-13.179105,4.564044
ZNF382,6.4581413,6.5169
SNAPC2,-3.9653113,-1.8979872
FBXL19,9.18391,3.186155
APC,0.2505755,4.2780604
MATK,11.782652,0.03840062
FPR1,-0.75326747,0.38186926
MYL9,11.996584,9.817827
HIBADH,5.2005763,-0.029296603
DEDD2,12.2038,3.9040258
PSMB8,-3.276482,11.496516
SUSD4,-4.470585,6.569156
ECEL1,-0.05153234,-0.9486278
RAB3A,-5.2321057,-0.27933303
OSBPL8,0.2307105,16.714235
MRVI1,2.0336616,16.452957
ADGRF5,-3.5387578,11.606369
OLFM2,-8.070972,5.488315
STAM2,10.154462,-0.28581163
HSPE1,12.149458,3.8415673
KDELC2,-5.761932,2.033979
UGT8,10.048392,7.4563904
DIRAS2,0.8031546,-0.6818595
SLC9A7,-5.1930633,5.993669
NNT,1.7033931,-9.200967
ATRX,-4.995387,1.2230772
LRRC46,-2.5683508,1.6391652
CHIC1,3.2108548,2.8357458
EDIL3,9.5725355,-7.5300627
RAB1B,-11.097944,-6.4811015
COL1A2,6.5843267,-2.8391051
MIDN,-8.810003,-2.3901763
ECHS1,2.1950047,-2.1984522
GLRB,3.4829733,2.4338527
JOSD2,-6.082161,16.87191
DPY19L4,6.9266315,-1.7242289
NT5E,-0.5446355,-2.9206479
NEIL1,7.4270477,13.135005
GAK,8.033126,12.768845
HADHA,3.74093,-3.2700174
SEC61A1,3.7523096,8.387991
IQSEC3,-5.310909,-1.4717317
DIP2B,13.567899,11.539925
CAND1,-0.36022002,12.514783
FAM216B,-13.133646,0.00091602956
SGTB,-0.8988281,-5.2365456
DAB1,8.350234,9.2331
ZNF224,1.9912096,-12.179808
TBC1D12,8.190827,8.356576
SAPCD2,7.737576,9.719081
EIF4A2,1.6975242,3.7520883
ANKRD17,13.562783,5.704145
COX4I1,-8.249426,-1.2307781
MYCBP,-3.6420825,2.145792
APH1A,7.491506,17.09628
CERS2,5.354384,10.28742
ARGLU1,5.4081087,6.4278717
PPARA,10.567449,1.3540672
TPST1,5.700702,7.45301
ZNF521,10.567265,1.3519084
DCXR,2.1994839,-2.2580054
RTN2,9.35352,3.173041
SELENOO,9.045744,14.254552
IFI44L,-3.902782,12.520409
CAMKK1,-5.9484444,1.8748887
MED14,4.95347,9.54344
CCDC30,-5.564436,11.426462
ITPKB,2.2644541,16.478062
DOCK5,13.515209,11.570609
ATP5G1,-8.057643,-0.7757413
PUM2,-2.9586759,-0.34303832
SARS,3.5651915,-5.778009
FXR1,2.8492243,11.489141
ATF7,-1.1683931,3.888186
ULK1,-6.020543,1.9116803
UBE2K,4.0395265,2.6780639
TSPAN15,7.369564,10.248321
ACADS,2.4587555,-3.3348758
RHBDD2,-4.995649,0.30929494
CST3,-0.03406688,-4.3780236
ITPK1,8.21541,6.713445
RPL27,-5.7992764,-6.687633
FMN2,0.8878096,1.6568813
ATP5H,-4.985236,-3.7357657
WNK1,8.82716,7.3662844
MAPKAPK2,4.015272,8.080671
NKTR,4.5141826,-11.236532
ZNF385A,-1.0182595,-4.1263027
RBCK1,14.258419,5.142112
CABLES1,1.4340603,-4.1436415
SS18,6.530496,-1.4326613
PKN3,12.710771,9.256398
ZNF767P,14.253648,4.0164375
SF3B1,13.622695,11.489783
RPL6,-6.431007,-8.287766
AGO3,5.466895,6.253741
ATG2B,1.6176387,11.654708
G6PC3,7.483076,17.08965
PIP5K1C,10.569273,11.940687
MAP4K5,13.594489,11.518356
MGAT4C,1.5302094,-3.9720728
LSM3,-4.5360227,-4.661189
TMEM125,6.3079515,10.658211
REST,6.5708017,-1.5019974
PEF1,-4.9309864,0.43767688
MRPL18,12.155864,3.8564043
OPA1,1.4151942,-5.7613144
TRIM44,9.631481,8.055408
SCARB2,-0.8619488,16.202879
DENND4B,3.1550329,12.828155
UBE3A,13.704551,2.274864
TSPYL4,14.954373,-3.2992764
ZNF518A,3.8450646,-0.05718982
MORF4L2,3.4757128,-5.295243
CFL2,8.661461,8.42021
ZNF579,9.645002,2.8324845
RABL2A,-5.14075,11.492623
TMEM67,16.190304,4.3849077
NPC2,-9.051777,10.3130245
RORB,1.5691584,-3.955767
PDE8A,5.223912,9.687386
SUZ12,7.903464,-2.414459
ARL5A,-9.546648,6.47548
LCMT1,2.5506346,-5.695556
AFF1,-1.1383989,3.9014242
CDC40,-2.6904054,6.775343
PLXNC1,8.054951,1.53518
MSANTD1,9.423177,4.7607164
TMEM59L,-5.11296,0.028804377
JAZF1,-1.3424755,9.389685
TPGS1,-9.528604,-7.1077466
MON1A,2.9197378,10.243563
LRTM2,-4.7249722,-0.7859857
MANF,16.10414,8.021252
COPB2,6.111438,-2.5132918
OAS2,-3.8896394,12.475844
EDF1,-8.320013,-5.765601
LZIC,-11.915784,3.1618693
ESD,4.4093857,-0.06641488
FBXO8,2.7145407,7.526648
TCIRG1,9.198864,-6.085369
PNCK,-5.7094703,2.997969
LRRC6,-5.6283617,11.397685
ATP1A2,-8.153653,4.8548703
RNASE1,6.3941903,10.628964
PRPF40A,6.984189,0.15195167
RABL6,8.099548,-4.7146196
PIK3CA,10.366938,-0.14403243
LGR4,-8.563958,3.4176323
FLOT2,6.289492,7.7771235
ADGRA3,2.6072307,-2.8243983
HINT1,-4.275956,8.678243
FAM217B,-1.2542359,-5.660649
FLI1,13.289222,7.840997
UBL5,-5.649625,-2.9044182
EZR,2.6161458,-2.8236454
RNF187,0.92988175,0.49211034
KCNAB1,-6.039886,7.11141
ASPSCR1,9.060902,11.599399
ASIC3,7.824773,12.65667
AASDHPPT,3.2106504,2.8181953
PAN3,3.8552275,-0.057622675
ARID4B,7.961802,-0.5648905
UBE3C,2.703215,-6.242675
DLG4,8.607804,4.558594
TOMM34,9.101865,-2.2839906
STK33,-4.8439636,1.983127
BTF3,-6.3861566,-7.2432523
GGA1,-5.5557065,-5.596248
MOB4,-0.29467127,12.408299
FAM199X,10.748247,0.33152762
ATP5C1,-4.6044445,-4.2680664
BCL11B,-6.706466,6.268961
TMCO1,-9.351462,3.7166924
CRELD1,10.676546,11.828623
DNAH9,16.180407,4.3796115
HINT2,13.520476,5.627066
PCSK1N,-9.548823,-7.107476
RPS27A,-5.2043624,-6.7787976
TMBIM1,4.7309437,7.85658
SCAP,8.388227,-3.57448
PIFO,-1.720481,1.517711
NUDT3,0.41445544,4.408351
ANTXR2,-5.7127395,2.037235
ATP5G3,-3.8024688,-4.0569673
KIF13A,8.863307,7.292775
ATP1A3,-2.7569458,9.761533
ATP6V0D1,0.69702244,0.71977776
SCOC,4.2691045,2.7942839
KCNC1,-2.7642894,9.759805
MTURN,8.580348,7.1826787
CCM2L,-3.830973,-2.4009392
VSIR,-0.6445079,3.8512444
AP1S1,8.894119,4.5525126
U2AF2,-5.331963,14.052821
PGM1,4.125407,-1.8117857
ASIC1,-8.153293,5.6071787
NINJ2,6.4962287,11.149151
GRIA2,-2.881303,-6.8345256
SPAG1,-3.6279047,2.1713328
CCDC85B,-9.516749,-7.0581656
RNPEPL1,14.266838,5.1425123
HHIP,9.979731,-7.5344434
ST3GAL3,8.71555,3.1476645
INPPL1,2.3068886,16.515879
HADH,-10.388521,0.9082798
FCGRT,-9.425812,10.239878
SIX5,3.4318771,0.9134624
FGF13,-4.702921,6.349358
LZTS3,9.296993,4.639874
HINT3,11.992319,14.01029
ATP6V0A1,-0.908469,7.6961718
NDUFS6,-9.20891,-5.6289105
TMEM219,-5.5702543,-10.690765
MFSD6,-0.13896604,-6.9921017
UQCRC1,-11.334739,7.99287
MRPL40,-6.1768622,-2.7070544
EGR4,-0.43865815,8.394481
EIF4G1,2.2433417,16.447777
SMPD4,0.15584807,2.6864614
ARHGEF17,0.40249345,-3.5710058
GRINA,6.9305167,-6.8921127
RPGRIP1L,8.114803,1.5989763
SLAIN1,9.89939,-7.495028
PDK4,-0.6252185,3.8653948
C1QC,-1.0547873,1.1170914
ERGIC2,13.701576,2.2829325
ATP6V0E1,-0.91800815,4.1120524
CIRBP,10.242409,-4.731031
GPAM,1.4532244,-4.032968
TRIM59,10.007387,7.440234
RNF169,-0.34356698,11.336855
RBM5,14.720544,-0.62966037
AIDA,11.33957,6.424449
TMC7,-8.997108,9.281699
DOPEY1,1.6036041,11.711869
DRD1,-6.7662177,6.233137
PISD,-0.5435724,6.5212026
RGS14,-4.9586825,-2.0035336
CCSER2,-3.2019145,0.44080737
TMED10,2.2942646,8.411819
SPIRE1,0.45043173,4.4408374
YIPF3,6.8946433,-6.856755
KANTR,17.45509,5.1068163
ZNF780B,6.0626707,-11.673085
NCOA7,1.8939108,4.4590654
DLG1,11.422683,13.180619
ATG2A,8.407194,-3.5484247
SERF2,-6.0822544,16.872084
PSMB3,-10.66286,-8.605939
PPP6R1,9.098516,3.1458597
ACTR2,-9.466723,6.6308155
SLC6A12,11.968897,1.2989693
HECTD4,4.4406877,-6.9152484
HSP90AA1,9.3092,-4.4461813
NLGN2,0.41887957,-3.5557
FAT3,-2.880883,-6.8500314
TSG101,-6.439103,-7.325509
SLC4A3,10.004967,3.3603423
TMEM87A,-0.8618886,16.209848
TBXAS1,6.065709,-4.62
RUVBL2,12.35097,4.0424776
MAFF,-7.9387937,-3.0593297
UQCR11,-8.286361,-5.892955
MAMDC4,-5.6218967,-5.691727
CDR2,11.373455,-2.1105413
FGFR2,8.7668495,8.697404
MB,-2.7585723,12.094248
CCNA1,8.275355,1.9027516
SLC22A17,13.029113,6.4671016
LSR,-3.5389051,11.414417
ATP1A1,3.0491364,-6.052061
TSR3,-9.477947,-4.4850497
LIN7B,1.5339432,-1.8620528
APOBEC3C,-0.14185782,-6.927181
TRIM37,2.5905077,3.8254979
UBL4A,8.648153,3.094789
IDS,11.165938,2.8352432
ARF1,1.1476924,0.6683148
UBXN10,-5.0637393,2.0474036
DCUN1D1,10.7238455,0.30955434
SPAG9,12.657033,14.45379
DCTN1,10.722186,16.852135
PALMD,-3.7110667,11.841448
TM9SF1,6.947612,-8.876976
FBXO28,13.705867,2.2771482
CMTM6,-11.131004,2.2473207
CPLX1,-5.137569,-1.4711521
DDX17,14.751674,-0.6619964
RXRA,0.5762472,-3.6495767
PSMA5,-1.545136,14.206898
MRPL13,4.013593,-3.7509646
KCNA2,11.869281,5.6796217
VLDLR,6.2930493,15.615643
RPL37A,-5.6186104,-6.6966343
PUF60,-11.077986,-6.495673
AAK1,1.9882027,4.640054
GRIK2,-4.3573384,7.54401
PKD1,14.48059,-0.35762712
TOMM70,-2.4359865,7.9633503
PPP1R15B,1.7656636,1.443426
SPAG6,-13.126925,0.007956283
DIMT1,-1.8345008,0.7256207
CAMKK2,-4.3896027,4.36936
SEPT4,8.337278,7.2428775
SHC1,4.8481445,7.520788
CYBA,-3.294921,8.058092
MYO9B,4.462643,10.049996
LMLN,-5.100479,11.431644
TMEM179,-0.80782425,8.262105
COX7C,-4.3346386,8.679719
NR2E1,-8.137524,2.8706164
BTK,6.1319947,4.344825
SLC35A5,-5.3075314,9.440295
HCFC1,4.3665323,-9.506707
ATL3,2.267577,8.427954
TBC1D23,7.611369,-0.95254976
VASN,5.569195,7.9438252
SGCB,-5.319086,9.452182
FAM96B,-8.019798,-5.9099855
TINAGL1,12.138496,9.6869545
HSPA13,-8.881886,6.7484365
UBXN11,8.769841,1.618025
TFE3,6.2996225,7.775203
STARD8,12.730903,8.327959
DCAF6,2.6101446,3.8101346
CUEDC2,-9.487845,-4.407634
GPM6B,6.0787916,-0.40064013
WAS,4.9484987,4.916979
ALAS1,3.6408312,-5.7871537
DMD,11.855369,-3.9876118
SLC5A7,-0.009826882,-0.91610175
LONRF2,-2.4601235,6.117459
BMI1,8.039561,8.291079
GAL3ST3,-4.3116446,-1.9169011
UNG,4.2075396,-3.1027296
BLOC1S1,-9.168479,-6.0476894
DYNC2H1,-3.6228461,2.7907124
ZMAT2,0.76796305,7.817587
GRIK5,0.43644586,-3.5448604
ADIPOR2,6.7325287,11.284324
SETD1A,4.7771745,-6.939922
KCNH3,-1.900836,15.383694
IKBKAP,6.2265153,-11.833211
DGKQ,3.9669292,15.264096
TMEM9,9.771564,13.63818
ABHD4,-1.0190202,4.2837834
HTR2C,-1.2119539,9.331563
MYO10,-0.70457464,-2.6658251
GABBR2,-6.737573,2.6428003
RSPH3,6.0908537,2.2265186
ACTA2,11.979514,9.829489
PELI3,10.721452,16.850798
PLEKHJ1,-9.884535,-4.806793
RPL18,-5.560759,-10.707332
MYL6B,-8.085328,-0.92777175
STX8,-6.086411,-2.6923907
SV2A,-2.6897511,9.616639
ELF1,6.6992536,-1.6560512
STRN4,9.578413,2.917836
PAK2,10.36185,0.12344882
FBXL2,7.7483516,2.330046
HSD11B1L,11.813176,0.0016958802
SLC10A4,0.006301045,-0.9079855
LCA5,-3.653652,2.148332
NACC1,4.4834805,12.1801405
CCDC180,-2.8089035,1.7724131
DKK3,-0.6105691,6.604709
MZT2B,-8.66061,-5.977866
ADGRL3,1.8309928,-8.806248
DYNLT1,-1.8165716,-7.699301
RPL35,-5.5653806,-10.685312
NEDD1,6.5051208,-1.4918541
MORN1,9.666947,11.225638
BRAT1,2.964811,10.286927
FRMD4B,5.768194,10.561441
PFN2,11.185664,2.8523088
TRIM52,5.3436728,6.3935447
RFTN2,14.9441805,11.162505
TADA3,-1.0358864,-4.1277995
SNX3,1.9032286,1.347951
RANBP3L,10.557305,1.3433837
STOX2,-0.18983015,-6.931668
DNAH12,11.848738,-3.9887774
IL1R1,12.063816,8.059093
EMX2OS,-6.2218246,-4.5940647
MAF1,-5.5012364,-5.5484567
NPDC1,8.081756,12.8418665
HSPD1,12.100113,3.7806327
ANKRD10,4.512365,-11.238682
UNC80,9.66419,1.4220037
LAMTOR4,-7.962796,-5.9185677
CYHR1,2.9329782,10.25711
ATP2B3,-1.9278991,9.10005
UFL1,2.1851552,10.329092
RHBDF2,-0.86253357,1.4241335
CCM2,11.763134,0.056828808
AKR7A2,-0.0007327666,-4.5495896
HCFC2,3.15729,0.589995
SLC38A5,-3.5162826,11.395031
RASAL3,6.453352,3.821563
MBOAT2,6.144917,-0.45048964
PROS1,-3.6466827,2.1622036
FBXO41,-3.7980306,4.1998754
SMNDC1,1.9489033,1.2686737
FAM134A,0.87159586,0.44356543
DLX6,-6.765857,6.23202
ARHGEF1,14.175084,4.5873294
OXR1,7.3056784,-0.044387124
WDR90,-3.024795,1.646458
SNTB1,3.1279497,6.665971
PRR7,-9.518098,-7.0542197
AK4,-0.5300756,-3.0773022
PCGF5,9.929583,-0.41587377
RPL36,-5.541719,-10.733369
TIMM50,-3.2372916,-1.9071379
SERTM1,-3.7520294,15.799792
MXD1,11.9053955,-8.078842
SNX33,0.51489717,-3.634916
SBF2,0.5166484,4.441664
BZW1,9.640431,-0.6292572
ATCAY,-0.90497595,7.7763863
FCGR2A,-0.77822524,0.9131846
CEBPD,-8.167437,-2.8022306
SLC25A36,-1.5803552,1.0465102
NPEPPS,-0.3681598,12.531012
TMTC1,-1.8351892,6.066844
CRAT,-11.6846895,5.8822355
PLSCR1,4.744851,7.459077
ARHGEF15,-3.891886,-2.3639934
ATXN7L3,12.091676,5.4959826
RYBP,-0.12647265,-7.6585736
YES1,6.301932,-0.7204044
ATP6V1C1,-0.95469594,-5.3003187
GNA12,0.47878814,-3.6249883
PIAS1,-0.3538463,11.11001
GTF2I,-0.37314582,11.357421
SGSM3,4.796487,11.644864
PALM,-3.1306636,-8.652732
BLCAP,9.096948,-2.281452
PHKA1,-8.197591,4.676445
MME,-4.455388,-0.8359317
NR2C2,0.032558054,10.578354
ARID2,7.0806155,-1.0614327
RASSF8,6.179713,-1.9122962
RPN2,6.7898946,-9.043885
RAB35,-11.324706,-6.3185997
APOE,-0.03873387,-4.357031
FAM49B,0.9397005,5.4175367
WWTR1,-11.128939,2.246229
PRPF19,0.617104,0.79102623
SPOUT1,0.693741,3.0397513
NETO1,-6.2182136,6.491382
CELF2,-2.3612673,5.7459908
ZNF148,-4.9947753,1.2278638
FBXW9,-5.5167556,11.52421
C1D,-8.359214,8.393158
OLIG1,7.665809,9.776853
RBM27,9.676813,-1.2365206
NOL11,13.655044,2.3289819
SCRT1,-5.2873507,-1.4718742
AFG3L1P,14.257085,4.0041075
OGN,10.739667,10.1177225
RAB6B,11.932018,5.614408
XAB2,8.754864,11.533435
IQSEC1,-4.4017057,4.3522716
FAM160B2,3.0110471,10.326352
ARHGEF26,-8.141933,2.866095
MRPL4,6.9511123,-6.896311
SRCIN1,5.8610187,9.991683
FXYD1,2.2518976,-2.3529887
ARPC4,-4.9092383,0.47272044
CBFB,10.338397,0.18641046
ABCB1,12.639981,7.3332734
FAU,-8.095045,-5.910679
SEZ6L2,-5.1732936,-0.13249025
GRB10,1.893983,4.4735966
SNX2,12.3266,3.182108
FPGS,7.4928675,17.097378
SEC14L5,6.3473687,15.665826
CADM4,6.6863174,6.170877
TRABD,0.7010039,3.0451229
CIB1,-1.8085033,-7.689516
GAREM2,-8.149579,4.9062037
S1PR1,-8.458023,4.0737953
CHTF18,8.094582,12.389853
ANAPC15,-8.277507,-1.272504
PEAR1,12.243272,9.5891285
GLB1L,-4.2071443,1.9764967
TRAPPC13,5.154117,-7.810678
NXPE3,-0.1426849,-7.564211
ATP2C1,9.92517,-4.531948
ZBTB47,8.254563,6.769042
CMSS1,8.14597,1.9991299
COL4A1,11.974447,7.9969535
SIDT1,-3.724655,15.773479
FAM171B,1.9501677,-8.630855
PLD1,9.41948,6.5381775
LAT2,5.683525,-4.3668804
RPS3A,-6.4454494,-8.304306
SAMHD1,-0.532025,3.8625746
SYNCRIP,9.618147,-0.6602939
ZNF865,9.620722,2.8762462
IFNGR2,1.5054832,-6.8757586
AP1B1,2.4242992,-2.0792248
GABARAP,-6.232278,-2.6882503
PAIP2B,8.671357,7.275022
DNAH1,-3.007318,1.6583353
SPOPL,8.080647,8.31672
EIF3I,-5.897462,-2.496263
RERGL,-4.769841,11.484893
TRAPPC8,-2.49429,-5.66262
CYC1,-11.335775,7.990992
RFX4,-8.983383,2.9035318
ADGRB3,-2.8924017,-6.8362527
NEURL1,9.96941,3.2858777
TMEM120B,5.3834615,14.206851
SRGN,-1.7424407,-0.28199804
NDUFB8,-8.2550745,-1.2391043
JUN,11.520587,-7.7899785
PNISR,5.4098225,6.328192
PSAP,6.741499,-9.095384
FEM1B,-7.900087,9.101762
PRPF4B,14.69064,2.9968724
KTN1,12.722858,14.581007
VEGFB,-1.0540261,-4.142788
CEND1,1.2101694,-1.7083313
NFIL3,-7.936041,-3.060237
RPL38,-5.7167053,-6.6625857
APOL6,4.6578407,7.449957
WDR66,-2.432555,2.2827706
MAP3K11,6.3722277,11.757445
PLOD3,5.9250135,11.88436
CCDC39,8.419043,1.8312287
ST8SIA3,-6.611601,6.3097963
ELOVL4,-5.696512,6.7823744
NDUFS5,-4.769209,-3.6931417
POLRMT,8.7691555,11.603043
TMEM63B,4.0553393,15.088117
PPP1R32,-2.7479734,1.8515614
SERINC1,-3.0365636,-0.31600595
PSMD3,0.4961134,0.87611276
UEVLD,6.2090187,-1.7646389
GPM6A,1.8130625,-8.857812
FOSL2,-7.929571,-3.0689073
CDKN2D,8.8885145,4.5379295
TLN1,3.9991763,3.1457574
ACSL6,1.8208836,-8.819074
HSPA4,9.597928,-4.4872947
BCAS4,-3.616553,4.0028105
TMEM115,3.5882933,8.613783
WASF3,0.51127684,4.4455657
WDR82,2.7304058,-6.200613
ABHD17B,-0.8571273,16.201538
GPR6,-5.9725566,3.5828738
CALM2,-1.5745693,14.176741
SPG7,8.553271,11.937164
ABI2,1.4076217,-5.7569737
DRD2,-3.9430323,-9.3808775
BHLHB9,14.955133,-3.2993484
INPP5A,3.8114898,-6.7790504
SDC4,1.4208144,-4.1821284
TMEM94,8.443216,-3.5174515
TSC2,3.877122,15.386664
FYTTD1,9.696107,-1.2696538
TRAPPC6A,-9.87934,-6.470044
ANKRD13D,4.4442244,11.581348
RPL8,-5.5376663,-10.749561
HSF1,-5.6390886,13.9722395
MRPL41,-9.447335,-6.8002415
LAMTOR5,-4.951633,-4.125425
HAT1,-9.3587055,3.7152658
CNBP,4.4072495,-0.04557245
FCHO1,5.9615736,9.896412
PSMA7,-5.9448676,-2.4900453
PPM1L,1.7099482,-9.206974
LRCH3,14.797949,-0.70918983
RPL23,-6.279612,-6.9293337
GLI4,-9.437924,-6.7948294
TMEM14B,-4.544677,-4.6613293
PTK2B,-3.002887,9.200594
ZNF281,-0.12773044,-7.638098
FAM227A,16.212215,4.4057083
OGT,5.610449,6.3861427
USF3,0.029937977,10.557321
SAMD12,1.9349874,4.4787297
FBXW5,4.466664,12.06571
NDUFA5,4.304513,2.7583678
AP5M1,-7.8618946,9.159906
SSNA1,-9.4991255,-4.898659
RIOK3,10.296468,0.23453835
BEX1,13.711987,0.9595283
VCP,-6.697137,-7.608844
PAN2,0.3776162,2.7930586
ICA1,-5.6133394,3.6870754
LMTK3,5.4888587,14.120394
NUDC,12.27346,3.9626021
DENND6B,2.8282213,-7.0345936
TRIM17,8.238628,4.721687
SURF4,3.730745,8.425726
SLBP,3.42509,-5.4548025
POGK,8.982319,7.4001384
PSMD9,-6.306421,-2.6943882
LIPA,9.802548,6.9010596
RTFDC1,4.560151,16.587027
NDUFB3,-4.924424,-4.109771
STARD9,5.2885413,9.598127
PDE5A,-4.2906814,11.08518
MC4R,-0.019577092,-0.9199599
TSSC4,-6.5697207,-9.662481
ARAF,2.2331607,16.442905
ZNF260,6.823306,-0.94432735
PIP4K2A,8.733842,8.662855
IL13RA1,15.720094,1.5297827
TSN,1.8968998,10.176938
MSRB3,3.8712459,5.4949822
CHL1,-0.39715132,12.557411
SELENOM,-11.006233,-6.546286
RBM25,1.5714765,11.747619
PCMT1,1.8510097,3.8128116
ZNF271P,-11.949172,3.2071617
CHSY1,4.8449,7.4193954
EAF1,-1.3604765,-9.4483385
SYNGR3,-2.6887655,9.5730295
EIF3G,-5.5092807,-10.785092
GRM3,-8.143444,5.593985
VPS13C,8.10186,-5.280864
VAPB,9.607405,8.04274
IFI44,-3.9021332,12.51397
DMTF1,14.779168,-0.69008416
PDLIM4,4.031342,8.052784
CLU,2.143366,16.398687
ZMYND12,-4.6740375,2.0578654
ZMAT1,3.8383372,-0.05189222
B9D1,8.780984,1.6132764
MOCS2,11.169979,2.8384492
SHANK3,3.5312948,12.823022
SSFA2,-11.613426,2.582029
RBM4,-5.3391805,14.051345
RB1,-11.390855,2.423059
STOML1,8.190925,-4.487175
NFKB2,5.919884,8.181791
KBTBD7,-1.2871245,-5.6938615
PLCB2,-8.052513,11.522443
ATG4C,13.52344,11.604329
ASPHD2,9.1735935,-2.3397489
SLC25A4,-2.8561714,5.0613146
IGFLR1,7.3638625,11.567326
LIFR,10.693365,0.2770676
KLF12,3.7308238,6.0067205
METRN,11.785108,-0.7395605
GABRG1,4.291246,0.43111008
ATM,13.687202,11.426558
CD22,4.5107307,10.075756
PRDX3,11.154366,7.2590027
SLC25A46,-2.9823902,0.030686153
RYR2,11.3604555,-2.1048002
DNAJC10,-2.6385374,-5.3474455
PNPLA8,-9.112075,2.758867
NR3C1,7.9072266,-0.60497206
PTPN4,-1.2267065,-5.624631
SPR,-5.5693197,14.087883
SESTD1,11.777786,13.705381
RPL21,-5.343169,-6.7224803
SH3BGRL,4.615325,-0.0663089
PSMD2,6.6984515,-9.147621
MARVELD2,-3.7107463,11.846955
CDK16,12.107943,5.4850445
HID1,6.3579063,15.67812
PITPNM3,3.0395892,-6.6698356
KIAA0513,-3.7469132,4.1402307
BCKDK,2.3508372,-2.1284728
SMC6,13.671037,11.442143
PSD3,-2.750941,6.7708573
TIPRL,3.5164423,2.3512106
MIER1,7.320209,-2.0531898
SLC25A25,3.649694,-5.780432
GABBR1,2.215999,-8.474196
MAP3K7,10.254409,-4.2957177
LRRC59,3.6393566,-5.7860656
VPS9D1,8.217907,12.250448
COA3,-6.00123,-2.6852632
TSC22D4,6.6854124,6.18327
ILF2,-6.578091,-7.4804173
FRY,-2.6122763,6.9039755
MYLK3,-13.153961,-0.019232454
CACNA1H,-4.830385,-0.79538846
RAB5A,2.012111,10.031375
ASTN1,2.1436203,-8.52469
RSF1,-1.6601458,11.119806
VPS4B,11.747822,13.694989
ATP5J2,-5.423706,-3.2326217
SLAIN2,-11.852925,2.689573
ADAM23,-4.5033913,6.541959
PPP1R12C,8.071316,-4.7583237
LZTR1,-5.598484,-5.653909
RAD21,7.3037453,-0.04840926
ADRM1,-6.435626,-9.803042
CTNNA3,8.435556,7.394993
PLK2,-2.4154122,7.96432
ACSF2,2.5008106,-3.1820815
RIC8B,-6.1623683,7.2455416
GPR162,7.7007413,2.373829
INHA,17.43625,2.6505926
PEG3,-5.761105,6.804365
SRSF6,-0.32257977,18.928064
ZBTB11,0.11785123,1.5901412
EVI5L,4.3323708,11.494843
GATA2,-3.9847705,-2.224125
GUCY1B3,1.8375828,4.2969394
GIPC1,0.7765469,-1.7453035
WDR3,12.272239,2.6568327
GSK3A,3.776032,12.8220625
FCHO2,8.10097,-5.2493896
ARC,-0.30004695,8.468851
IFI35,-3.309721,11.515987
LRCH2,-8.855954,6.7431836
RPS4X,-6.437888,-8.293809
CDYL2,-1.8269136,6.0628233
MTM1,-8.595377,3.3821504
C1S,2.4947402,13.927315
TANC2,-3.8182745,6.393801
BIN1,4.245016,10.488023
SPON1,4.0567284,-1.8839607
IDH3A,0.16619313,10.747494
TBL3,0.8279626,-1.7813041
DDX49,-3.2348316,-1.9056823
SDC3,-0.02354144,-3.604561
TRIM28,8.754043,11.4672985
PXN,4.8227367,7.4487805
RSRC2,1.9503115,1.2663362
GJA1,3.5327063,-2.9442203
PCDHGA9,-8.220567,4.4534407
PRRC2A,-3.1062999,-8.626956
HADHB,3.732728,-3.2494645
TLN2,7.73468,2.3435578
PEMT,-11.034662,-6.523756
TXN2,2.189081,-2.235971
OAZ1,-8.07792,-0.7988928
DNM2,6.3410788,11.684359
COL15A1,10.740618,10.118237
CC2D1A,8.199636,12.274279
PIK3C2B,4.616985,10.225945
RPGR,-3.6551824,2.164909
KMT2D,4.6172414,-6.921544
LYN,5.7029023,-4.3818607
NFYB,12.083839,14.346851
HNRNPF,-11.16022,2.2669718
SEZ6L,8.373844,9.212981
SPATA2L,-0.65390456,8.320386
CCDC57,7.6800337,12.78397
CDKL2,3.1185222,4.36711
ELAVL4,-3.893513,15.946855
CCDC146,-3.5250957,2.423918
ARHGEF11,12.066597,5.4983425
FGD6,1.5844167,-3.919792
CACNB1,10.022155,3.3860784
HERC3,-10.584891,10.791103
LSM14A,6.571553,-1.3819575
THOC1,-11.51974,-2.3988476
PACSIN3,0.02928904,-4.694675
P2RX7,1.9786016,15.242747
SZT2,14.021394,4.3726673
OTUD4,0.09725849,1.5716475
PPME1,-2.9703627,5.3541827
CGREF1,8.961871,4.4869394
CREBZF,1.4412876,11.888499
MYH11,11.964074,9.841168
ACBD7,10.546905,1.334862
FAM8A1,-2.5011966,-5.6556406
GPR4,-8.457159,-2.5828397
NDUFB9,-8.282012,-1.2692391
PPIA,-4.760664,-3.6801388
TTLL3,-3.0392227,1.632966
GTF3C5,9.032911,14.270227
ZMPSTE24,10.366815,-0.16705234
PITHD1,2.552606,-5.683057
PRR14,9.057189,14.2343645
SSPN,5.919848,4.640555
ROCK1,5.7205987,-2.161238
MTA3,-3.5565367,3.9446645
RBM10,8.060674,12.797
FBRS,-1.3224741,3.6678004
STRN,-0.23979977,-7.2234173
BEX2,13.718496,0.95636576
POLR2L,-7.858105,-5.9906926
CLTC,-0.9775788,-5.321926
RNF123,3.7569842,12.951778
SPTLC2,8.309364,8.334691
PCDH7,11.853777,5.6970525
MLLT11,1.5330471,4.8238826
PSMB6,-9.257593,-5.6116557
SMIM20,3.9526112,-3.6270676
ICE2,7.3053765,-0.052355774
SLC35F6,3.6208782,8.568235
PPM1E,-3.733223,15.783373
FAM183A,-13.100329,0.0337744
PPP1R15A,11.58809,-7.742126
MTMR2,8.126857,8.35422
EPHX2,3.1086328,6.670716
AGPS,7.5653234,-0.9898811
DOK1,-9.459556,10.280992
NKRF,3.8357835,-5.018919
RFX3,-3.5912614,2.7693338
DNAJB11,16.107502,8.018109
ATP1B1,0.8154098,-0.7294082
PXDC1,4.015985,8.060884
MIB1,-4.9986553,1.2236468
RPL24,-5.728908,-6.6390953
ANAPC4,1.9906456,-12.179503
SLC9A1,-4.7061534,-0.7532681
RPL27A,-6.2347245,-6.812163
BRF1,-1.3084853,3.6862686
SLC26A6,0.47041702,2.8599863
RAE1,3.324436,-5.663937
NME3,-8.186783,-5.7980075
PRDX5,8.803881,1.6020645
CPSF6,-8.978809,7.7131457
RAB23,-5.4271135,2.2679143
GPR17,7.758517,9.7057495
NBR1,5.5275393,-0.11316244
ZBTB7B,2.3321962,16.537897
NOC2L,3.911595,13.086732
PIAS4,6.371553,11.753431
SPOCK3,-0.24005122,-7.2220592
SLC25A1,-6.7517242,-9.47107
KCNJ14,-8.18486,5.619394
ZNF664,12.455329,14.191012
FOXO3,10.7689295,0.35386235
SPARCL1,4.0991225,-1.8370116
YJEFN3,-6.1844654,3.719617
TRIM47,5.6376433,7.8827834
RPL19,-6.249824,-6.7932744
TUFM,2.166847,-2.1448169
MAPK10,-0.3908265,12.555442
SCYL1,8.283159,-3.7961164
EXOC6,-2.602642,6.923179
MRPL52,-7.844179,-5.997229
ATN1,4.351787,-9.5216
FANK1,-1.6947896,1.5095932
CD14,-0.85352737,0.7219415
EML2,5.8599734,9.979506
CALR,16.10257,8.018824
CCT5,-5.5005074,14.004878
PPP2R5B,-6.009621,1.9041002
MTCH1,3.5525806,-5.7883554
DAD1,-0.9247484,4.1481175
STX7,7.2985244,-0.055647932
HACD3,-8.454487,3.3671753
MRPL12,-9.0605345,-5.209643
NEK9,-1.1561315,3.892428
FAM111A,6.0360575,-1.3908722
DMWD,-3.1178849,-8.6385355
EPHX1,4.249742,-3.1115181
ALDH2,4.071768,-1.870462
PLIN5,-7.0327406,0.5707164
DPH6,3.0805058,12.837103
MAPRE1,-9.32213,3.6911561
CDC37,0.46371815,0.9032182
RNF220,5.9878225,9.858894
IQCD,-4.0686255,1.9637783
CCDC6,-1.8526857,6.069044
C2CD5,6.106942,-11.715662
PARD3B,-5.2199335,2.075196
IREB2,10.586273,4.851512
PCDHGB6,-8.252161,4.414368
DNAJC7,0.7729256,7.827867
GNG2,-3.878811,15.931658
GFOD2,7.710056,2.3662865
N4BP2L2,3.873251,-0.03146348
NEK4,-5.4200764,2.2629647
ZDHHC20,8.14833,8.335463
SYT7,5.317197,14.2219
DSCAML1,6.4377465,15.758965
CADPS,0.6215116,-0.658087
HERC1,4.40848,-6.915663
SCAF11,8.105648,-5.244116
PTGS1,6.327223,3.7418704
FAM208B,0.099156216,1.5706087
GPN1,3.3807294,-4.88984
MFN2,10.722215,16.85201
TOMM40L,8.660066,3.0981433
GLMN,3.7171264,2.8252835
GOLIM4,3.8699505,5.5043106
LAPTM4A,-9.355985,3.7108617
PYCRL,-10.12539,-4.664203
RPL23A,-5.577062,-6.7049446
TMEM74B,6.1523848,13.7750635
ARMC6,-3.2898579,-1.8972647
CSTB,-7.7737226,-6.0248103
PRRT3,0.44161052,-3.537795
YWHAZ,1.7506139,3.8401551
PLXNB2,3.4292789,0.9093024
GPER1,-4.570422,10.818348
PPP3R1,-3.3119738,5.7234125
ACACB,-7.031366,0.5719281
DOCK6,12.23939,9.592253
ADAMTS10,-4.156649,11.385721
SEM1,-4.708934,-3.529649
MPHOSPH10,4.758361,3.3753111
RNF208,4.415119,11.529254
ENKUR,-4.7506695,2.0237393
DCK,-9.404041,6.7464166
ITM2A,12.651527,7.3049545
EML3,7.4077306,11.53977
CMPK1,12.053794,14.32503
SEMA6B,9.175621,3.8340344
ZFYVE9,0.1412611,10.670273
GOLT1B,1.5031451,11.819661
HSPA1B,11.624002,-7.742499
PREX1,8.794735,8.748459
CTR9,12.271949,2.6583786
KIFC2,9.182557,3.8175669
RNF41,2.780497,-6.2001495
SIAH3,0.7014675,-0.3929431
AMPH,2.0523949,-1.6479347
PEX5L,9.418389,6.5245094
SHISA5,6.245142,7.793739
WDR59,-5.859679,4.772357
ALS2CL,-4.159277,11.386453
FOXF2,-3.9238524,11.463966
DPF1,10.123093,3.5574765
TTYH2,5.39606,10.260193
KCNN1,9.290345,3.1883826
LMAN1,2.499244,8.01464
CUTA,-8.077337,-0.7205338
HSD17B8,13.516177,5.628799
BRMS1L,-3.1658118,-0.42413408
MROH1,8.218735,12.242271
PAPLN,-7.0315413,0.5741865
PASK,8.257162,4.698125
OLIG2,7.599395,9.829915
FLII,0.7073902,3.050915
RNF111,-9.641225,6.362525
DCTN3,-8.076969,-0.7919689
CDH13,-3.8942819,15.947708
ETFB,-8.40401,-5.6776853
ICK,10.02877,-7.55912
EFCAB6,5.571116,2.1544845
PPP1R1A,-4.987391,-2.0166125
ATP5A1,-3.728632,-4.133577
CDK2,12.119274,8.168375
TIA1,3.3925455,0.47035673
CHORDC1,9.358009,-4.4285393
MORC3,8.104428,-5.29624
IPO7,12.235448,3.3976123
CACNA1I,-1.8711721,15.356652
PPHLN1,-1.5878452,14.216848
DGCR14,-3.2351122,-1.90577
NAT14,0.81118834,-2.3317406
PRKCB,-4.5343356,4.4216566
UBE2N,-10.02024,7.464396
CFL1,-9.284727,-5.5886855
LDHA,1.505942,-6.8793244
BAD,-9.4696865,-4.4770756
TMEM88,-3.4344482,11.281482
LMO3,-2.9600983,-6.7695923
VEZF1,-5.2161098,9.363471
ADCY4,-3.9313328,-2.2942374
KCNJ9,10.722305,16.851934
LIMK1,12.105445,5.486807
ZNF692,0.36216983,2.7642188
ALDH4A1,-11.680249,5.877394
DPM3,-8.182435,-5.8164344
PLCXD3,-3.7388744,15.786786
RAPGEF5,-0.14402102,-7.5454273
TXNL1,4.6382127,3.269581
SMARCC2,10.206569,14.919359
RNF112,5.2725024,14.287288
HSPA1A,11.66949,-7.6995635
FOS,11.515573,-7.7955756
ASNA1,-9.483317,-4.3919153
CHMP2B,-9.933412,7.2175207
TRMT112,12.345379,4.035035
SCYL2,7.8547645,-2.4031136
PLA2G16,8.736363,8.081834
MSANTD2,14.782514,-0.6934991
UG0898H09,-0.3359076,-3.25591
GDA,7.987312,1.4696546
ZC3H7B,10.20681,14.918549
TRA2B,-8.092975,8.645789
HCFC1R1,11.770606,0.043595254
FGFR1OP,-5.0871706,11.422643
KANSL1L,10.024414,-4.5818553
NHSL1,-8.432606,4.1030416
UBR1,10.616858,4.88361
SYNPO2,-5.740087,2.0340185
PFDN5,-5.7391605,-6.6504955
EPB41,-4.444545,-0.8338615
COBL,8.259,6.7783694
SLC1A5,-0.7480292,0.377699
CLASRP,9.038349,14.265708
TSPAN6,-4.833494,1.9903637
AAMP,6.8826213,-6.8470144
EIF4A1,9.738742,12.699964
TSC22D3,-0.5669106,3.7971566
SERPINA1,-0.7618714,0.42820057
PSMD4,-8.372886,-5.7144513
PSMB1,-10.612527,-8.555733
KLHL22,8.20707,-4.3733697
RNF122,-8.8252325,-2.355591
SORBS2,-2.6251917,6.878694
PITPNM2,3.3810766,12.708405
COX6A1,-8.215109,-1.1810914
PCP4L1,-4.7825103,6.1734676
BCL2,3.613261,-2.7442582
AVL9,2.382265,4.990125
PSMA3,-6.5870566,-7.496319
ZNF638,4.637873,6.514026
ZMYM6,-3.1744318,1.1147865
SLCO2B1,13.319485,7.8125668
DIXDC1,8.083017,8.310548
HMGCL,4.5562234,16.577892
PGRMC2,13.692572,2.2935867
SPAST,11.669026,13.537244
PEX26,8.670027,3.1040077
SLC24A2,6.374783,15.692353
MAST2,4.35067,-9.524175
ADGRL1,-1.9796648,15.457229
FDX2,-8.181725,-1.1252995
MED15,8.018622,-7.024446
NAA20,-1.5424501,14.203718
ATP1B2,-1.0092095,-3.3337586
FBXL3,-1.3488474,11.0403
PCSK4,9.687246,11.212194
CLDN5,-7.2228527,12.787947
PRKCA,0.9112223,1.631155
TACR1,0.030710636,-0.8940185
RHOBTB3,-8.678937,3.3490987
NRSN2,8.716305,3.1513827
CSNK1G1,-5.7926974,11.319617
BBOX1,3.6498299,0.99408185
RIT2,-2.9404695,9.242693
TGFB1I1,12.014854,9.801217
TEX9,-3.656512,2.140604
PCBD1,-5.616349,14.004383
PPP4R3B,9.60409,-0.85642886
SAMD14,-3.1326008,-8.65422
DDX3Y,0.10268768,14.857142
NDUFA2,-8.661164,-5.4694347
RNF125,9.98822,7.4449735
CUL2,2.685089,3.532672
ZNF182,4.643854,6.518738
PSMB7,-4.205202,8.800815
WDR19,16.093298,4.2814083
SPACA9,7.2721415,-8.880916
NDN,9.102796,-2.2789133
ATP5F1,4.03033,-3.7862985
PRR14L,6.2502112,-11.857471
CDR2L,5.8124046,10.033071
CCDC13,9.636098,11.242448
FBXL4,7.313822,-0.050066438
TAC3,-1.1932702,3.8480873
CCT7,-5.523647,14.002159
HECW2,-0.13865349,-7.470759
COL4A3BP,2.770901,3.3913891
UBALD1,9.602213,2.90285
NFIA,3.6103487,-2.688146
SUN2,5.384169,10.268928
TIAL1,1.9766117,15.241572
LMBR1,-9.037656,6.7953463
RARRES3,2.515837,13.906504
CKM,-2.724134,12.1284685
SCRN3,9.538432,8.060398
KCNJ10,-0.7200639,-2.6405346
STOML3,-13.103413,0.030980257
CNOT8,13.170159,8.389094
CCDC130,9.03693,14.265614
XPO7,13.563161,5.702071
ZBTB38,14.68939,2.9979334
PCNX3,8.4143715,-3.5377963
YIPF1,9.736214,12.702499
TMED1,6.724762,6.149727
TMEM9B,-9.368221,3.7334611
PCNP,-8.4639635,8.29922
RAB34,-0.83967847,4.852047
CCSAP,-2.7448027,6.7783427
ELOVL2,-0.5122356,-3.099953
REXO1,9.431438,3.1442895
SPEN,-13.165425,4.544743
LRRC4B,11.846025,-0.03479744
VGF,-0.6713123,8.3140745
COL7A1,14.174304,4.0870695
MEGF11,7.970804,9.561984
LSM4,-9.284735,-5.7232933
KMT2B,3.0264642,10.353772
TCF4,3.7129934,6.0219097
AIF1,6.0291557,-4.552327
RLIM,4.5563974,1.2533529
SCAF8,12.277539,2.6002746
ENTPD3,-4.515446,-0.84002465
SOD1,-3.7527635,-3.8899002
CEBPG,1.9848444,1.2322637
BCL6,5.240418,7.6784196
TCTEX1D2,8.465112,1.8381433
TMEM268,3.7590368,-7.243309
BCAR3,11.830486,-3.9914267
PRKCZ,-1.7995288,8.313509
IKZF5,2.190346,10.416056
IPO13,4.3413815,10.432471
ZNF414,-9.453908,-6.7142863
TEAD3,5.5138416,7.9085946
ECHDC2,5.293973,17.709545
ASPH,-8.546334,3.3634825
SLC9A3R1,-1.0518144,-3.3257198
MOBP,8.367657,7.2744555
ABCD3,6.1508236,-1.8098851
LAMTOR3,-9.974394,7.4201345
ITGA7,4.299763,-1.6285634
LIMCH1,9.102654,7.5962644
PPP4R2,2.1970224,10.41599
RAB14,-9.928338,7.2344303
PTRF,-10.904416,4.710841
DFNB59,10.349877,-4.833957
GSTA4,3.7084842,2.8348498
RAB11A,-1.5489135,14.223749
WNT10B,6.035442,13.840537
TLR7,6.3574677,-4.9754343
PRCP,-10.388383,0.9080047
SLC12A4,-2.4783533,6.5681624
PLSCR4,2.9965303,6.8196373
TMCC3,8.661224,8.195176
NISCH,3.820103,15.442358
NEFL,6.207978,15.533376
RGL2,-5.622256,-5.6928754
PACS2,4.315163,11.491329
KIT,0.5197895,-0.50581247
PCYOX1,1.693231,-9.2162075
ZBTB41,-2.621264,-5.389875
PLAUR,-8.110502,-2.8601108
TBX18,-4.2862163,11.111797
CNST,-2.5886462,6.5295496
ME3,-5.9146447,1.8479252
TMEM231,5.6243663,2.1868732
MARCH1,9.538666,-7.5336514
GFM2,4.5244007,1.3249006
ASB6,-0.39150202,6.4172697
CELSR1,9.502489,11.3506775
CD86,5.8469625,-4.480288
HRH2,-4.9538283,-0.86433315
PRAM1,6.6547375,3.6576474
ANKLE2,-1.3598527,-9.450109
BRSK2,5.4198995,14.140089
NAA50,1.8085858,1.4072211
SLC18B1,5.877379,4.6848507
TMEM91,-5.716448,2.9477825
TUBB6,11.990022,8.02155
SCN4B,-4.5431466,-0.8395346
COL6A2,-10.904838,4.7110233
SLC35A3,-1.858549,0.7143514
EPG5,0.061339945,1.5464847
R3HDM1,2.0640335,-1.6348954
PPP1R1B,-4.997656,-1.9964738
DOC2A,2.575916,13.84609
DAPK3,10.67774,11.825063
TSGA10,-3.4979622,11.539634
POLR2J3,3.3497534,0.88498783
LRRC37A2,0.3680089,-3.6230054
BIVM,17.450426,5.101991
MAP3K19,9.333294,11.433354
CD44,-2.2315292,0.38299802
BBS12,-5.769194,11.330629
PYGO2,-5.6291676,13.981638
OAS1,-3.8868115,12.467924
EEF1A2,-5.2599726,-0.26670733
YTHDF2,3.3528595,-4.82815
SNAPIN,4.5589447,16.583912
HSPA4L,3.6973343,-4.960536
QRICH2,6.8327713,13.426271
DICER1,3.294492,0.77161926
LRRTM3,2.6085122,3.8616304
GRAMD3,4.190224,0.48815152
PPP1R14A,6.3770394,10.631473
LYPLAL1,3.072673,12.8367605
FAM208A,8.103613,-5.305502
SLC44A2,-8.681904,3.8617823
PAPSS2,13.108788,8.35748
SLCO1A2,8.437563,7.490459
PNMA1,4.615759,1.0376778
SERTAD1,-8.801823,-2.4130454
ZNF408,3.577971,8.628844
KLF16,-4.1971784,-1.8766239
ACAT1,3.981526,-3.732431
ACTR6,-9.920585,7.248214
PSME1,-3.29795,11.513035
ALDH5A1,1.7335166,-9.104064
ARL8B,-10.051736,7.4932213
COX7A2,-4.3097134,-3.810957
MCRS1,-9.495558,-4.903764
TFEC,6.059981,4.462128
ITPR3,-3.9252598,-2.304537
SMIM7,4.587931,16.614092
MIEF1,0.8219179,1.7470579
NFIB,3.6096203,-2.690093
GBAS,5.0964165,0.028622083
SH3GL2,-3.3945904,5.541633
HDAC6,14.172402,4.5878525
EFR3B,-4.3104453,-1.990015
RCBTB1,11.674062,13.542586
PPIP5K2,3.6100645,0.1539872
NXPH1,0.5253833,-0.49163082
MLF1,8.495271,1.8179086
G6PD,2.3997192,-2.095964
EID1,4.294952,2.792564
DSEL,-0.1285107,-7.6256847
PCID2,6.238568,-11.845919
BAZ1B,-1.5993665,-10.521384
FAM166B,-2.5555317,1.6749086
ORC4,3.1451387,4.397473
SEPSECS,6.0192637,-1.3901014
HDAC11,8.18872,6.682668
NSD3,10.24676,-4.304779
ATF3,11.527369,-7.7812586
MYSM1,1.4937342,11.832051
PREPL,-5.669656,6.7598095
KIRREL,11.854523,1.408949
DHTKD1,3.7012527,-2.3095548
STXBP5L,-4.1874843,7.3464603
MTERF2,17.453178,5.1051726
CLSTN3,-5.23509,-0.25540772
EBLN3P,-2.532576,-5.591952
APBA1,-1.8198262,8.289733
CCDC8,6.948544,-8.6977415
SIPA1,9.189127,-6.075807
ERMARD,10.350123,-4.833383
B4GALT6,-0.87821835,-5.2158327
TRIM11,8.259354,4.695779
SMAD2,-11.679788,2.6353045
DSCAM,8.090191,9.49131
TMEM260,4.6385784,6.527524
TAF2,14.691508,2.9949098
COMMD4,-9.874494,-6.474261
TENM3,-3.0566003,-6.6740584
DNAH10,16.172007,4.377385
GIGYF2,0.3774642,4.3824196
PNPLA6,4.8929,11.666626
ETNPPL,1.4533687,-4.090626
DNAJB4,9.393088,-4.451634
POLR2G,4.5386753,16.550797
TTLL7,13.526379,11.600593
RNMT,3.7424116,2.803044
LGALS1,-0.7267249,4.9342575
UCKL1,8.894426,14.39515
USO1,-2.4982479,-5.65688
NSMCE1,-6.317288,-2.693168
SDF4,9.263434,11.479066
SLC6A13,11.973752,1.288279
MYBBP1A,8.030159,-7.0070705
TMEM132A,-1.0809844,-4.1657057
LY86,6.039796,-4.5503983
MAP2K2,-8.692058,-5.157151
SEMA3B,7.3993835,10.217328
MTPN,1.4731995,-5.800495
B4GALT5,1.5111341,-6.8903275
ALDOC,4.123286,-1.8146738
HAGHL,0.7991638,-2.3402488
PGK1,4.613392,1.0556645
UCHL5,4.0509744,2.6890697
ACBD3,-11.783144,2.8302867
UGCG,1.5203804,-6.8648486
PLA2G12A,9.543272,8.064529
CASC2,2.1764364,5.9046082
SGTA,-6.577836,-9.653592
PLXNB3,5.294073,9.689896
SRCAP,4.6760335,-6.9288607
TMEM70,1.5138608,-6.872496
PDE10A,-6.052915,7.1097717
RAB4A,2.788814,11.557212
PTPRN2,3.2101095,-6.384047
RIDA,3.8782997,-3.4713862
TSR2,-8.2930765,-1.2982385
SDHD,11.148897,7.2852564
TCEAL4,-4.6899505,-3.540913
PDE2A,-4.428059,4.3780603
CTSS,6.129883,4.352437
TM2D2,3.375615,-4.8649106
DOK6,1.5754393,-5.8486958
RNF11,-3.153043,-0.4098438
MAP2K3,-8.838034,-2.370581
MACROD2,-5.023035,6.0962777
SRM,-3.24565,-1.9054482
GCA,9.541804,-7.5334973
C5AR1,-0.7603828,0.9315378
DYNC1I1,6.252487,15.577136
ACTA1,-2.7636518,12.09087
PTGDR2,-4.7418375,11.478499
MT1A,5.5872397,7.5707307
ATP6V1B2,1.307886,5.014558
CXXC1,8.882274,14.404608
TRAPPC6B,0.94590247,5.4038115
FAM162A,-4.613301,-4.236466
ELL2,13.222407,8.3967285
SSR4,-7.952634,-5.9213657
MAP4K3,7.911649,-2.4368515
BEST4,8.605511,1.7367543
SLC20A2,-4.758215,11.498367
ATP5B,-3.7360551,-4.1241026
DNAI1,-2.5672805,2.087352
VAPA,-10.135043,7.5757165
TMEM204,12.92383,9.41638
CYB5R3,-11.685493,5.883119
FRMD6,11.854475,-3.988466
HSPB1,12.10562,3.7759533
NSL1,-11.939657,3.1959176
MAP3K1,7.9136267,-0.60186857
CHGA,-2.7721403,9.799232
MYCT1,12.655942,7.360079
KIAA1456,-5.1147323,11.445602
CELF3,9.200254,4.0152617
NUDT21,-9.456046,6.6418304
ARL4C,-3.767823,15.817644
UBE2QL1,1.1199435,-0.47476515
SMIM5,-4.2530503,1.8893708
FXYD5,9.220436,-6.1048555
NCOR2,4.206366,10.487914
AP2A1,6.996799,-6.9330645
MEGF8,2.2721977,-8.4401245
METTL17,14.256368,4.0118318
BACH1,6.6688275,-1.6153151
CCDC81,-2.5701358,1.6826601
NCOA5,-0.32256985,18.928167
B4GALT7,-9.992556,-4.733873
EVA1C,-1.7350577,-0.35384363
KLHL13,-4.8988585,6.1815376
LGALS8,-1.8672014,6.062868
FAM193B,0.40128523,2.799198
FAM135A,7.3231916,-2.1052606
DDX54,8.796,1.6053331
TCF12,6.7050505,-0.5935965
TTC33,-8.367258,8.391071
BOC,2.9636176,6.8407598
AKR1B1,0.8541793,0.38161406
ATXN1L,-1.5985894,-10.519981
CHRM1,-4.9002943,-1.2062674
SLC12A9,4.427744,10.024293
BAG4,2.4010437,4.896476
SPRED2,0.24432504,4.2720566
CABIN1,8.090572,12.844618
ZFYVE16,5.855893,10.584843
FAM65A,-0.5528124,6.522791
COG5,-9.10331,0.93979853
COX8A,-11.323646,7.9488697
CD37,6.4018865,3.8675485
ICA1L,-2.490769,-2.3709273
IMPACT,6.086097,-1.8104641
CPTP,4.4302645,12.112153
VPS26B,-0.63928276,6.6344147
LMAN2L,-5.623216,13.9892435
SMC3,7.2589197,-0.07321651
SARAF,4.6314163,0.9554825
SFI1,7.690484,12.78014
TMEM64,10.227251,7.5349693
ARCN1,2.7550647,13.659169
FYCO1,13.028034,6.465545
RAVER1,-10.909734,-6.686079
CRYL1,2.4438782,-3.3667238
MECOM,12.80576,7.9505906
SPPL2A,2.5054646,7.999564
PHC2,-1.6966487,-0.40623176
OPLAH,2.4194884,-3.4031606
TVP23B,-11.916507,2.6470804
OS9,6.7300367,-9.108014
CMAS,4.5809717,3.218849
CUL5,-5.0022206,1.2396965
B3GAT3,-3.9037154,-1.8851285
DRC7,9.552475,11.30552
PBX1,1.8468715,-8.739465
SLC25A5,-7.7945447,5.5891776
SSX2IP,-2.6962347,6.7410784
PSMD6,-6.519596,-7.4094024
MUSTN1,-4.5810347,11.439833
NRGN,-5.1068387,-1.5140687
WASHC5,-5.2984514,9.430568
KLHL42,5.158197,-7.8163285
ZNF540,-4.5178437,6.5299387
USPL1,11.910308,-8.085426
CCDC84,-13.270826,7.2775836
SLC4A4,-0.4915228,-3.1436138
TRIM2,11.66773,13.536146
B4GALT2,4.5295095,12.2492285
ABI3,-0.84432364,1.4540374
HSPA8,9.449353,-4.4702687
SLC9A5,-6.1066327,3.6731288
CRK,-11.783483,2.8461845
SNCB,-2.7789629,9.801451
GPR12,-5.2323065,5.9661846
GSKIP,-2.4377284,7.966075
RAPGEF2,0.090151206,10.6056
NRCAM,1.6855378,-9.227602
MAOA,-8.706457,3.3160517
SPIN1,2.7233682,3.1515625
MBLAC2,5.1485696,-7.799934
SCFD1,-1.6006761,14.21789
RSL24D1,4.6022134,1.1263207
KLHL4,11.469061,13.235621
CYTH3,11.964943,1.298909
EFCAB7,3.1396747,4.3923993
ZBED8,4.774717,0.846827
PNP,9.726796,12.6883745
GSDMB,6.6135736,13.486912
ACTL6A,-1.8073688,7.99854
ZNF358,4.571719,12.317084
ELMOD2,-2.6286318,-5.3707576
TRPT1,11.785747,-0.73742324
DCAKD,-0.89290655,4.962004
DNASE1,6.8339376,13.426132
TXNRD1,-9.166783,2.694775
WTAP,9.738817,12.70359
ZNF605,2.2578206,16.477844
SFSWAP,13.826486,4.4282274
BBOF1,2.1176686,5.943747
MAP3K5,-8.522054,3.357922
UCHL1,-1.9120736,9.105295
UQCRC2,-3.7113948,-4.170509
MAST3,9.290932,4.6465106
FADS2,2.7724586,-2.8736248
MDFIC,-4.8302317,1.9883153
NNAT,-1.1293206,9.281015
GNG7,9.219602,3.9742901
PTK2,5.1341624,9.737613
PSME3,0.8257956,1.7391602
NUCB1,3.791381,8.355812
BTRC,-2.3504574,5.743757
TMPRSS3,2.0877287,16.439583
CD81,2.1750467,16.35645
ZNF700,4.512833,-11.23919
CSNK1D,-11.24736,-6.3772097
TRAPPC11,-3.1989186,0.9088512
CCDC151,9.691544,11.220559
PPT1,11.14887,7.294604
MAN1C1,7.696101,2.375396
PEX12,-8.469484,3.361434
CHST1,8.417678,-3.5443995
NPAS4,-0.34080434,8.440809
PROX1,9.552692,-7.5316153
SCN9A,8.006079,1.4818137
CPT1B,6.830485,13.376984
PUS7L,5.4771023,6.241547
CUL9,3.9467328,15.29833
SSR3,-9.282855,3.6710942
B3GALT5,-5.187653,6.020085
BLOC1S6,-9.052339,6.792646
MTA2,4.9700165,7.672034
PLD4,6.272769,3.632748
BTG2,11.509379,-7.8013434
ZNF444,9.120874,11.54116
ANKRD36C,17.567179,5.222286
PEX13,9.677672,-1.2397087
ADAM10,8.001591,-0.5408766
SLC25A39,-5.553145,-5.58875
MKLN1,10.396984,-0.1200474
FH,4.0332093,-3.787326
ECH1,2.1744363,-2.1913497
ACVR1C,-5.9073462,7.0146236
TMEM175,8.515365,11.901773
ADAM11,-5.3519216,-1.4638746
CNN1,11.962567,9.838535
SMC5,10.275851,0.27322853
ZC3H13,9.153777,7.6514144
CHD9,-1.6254382,11.116618
STAG1,-1.5950632,10.884829
FAM114A2,10.357754,-0.18003187
RHOA,-9.360085,3.7128522
STRAP,-10.20638,7.6469665
SLC25A14,-1.4903587,9.291672
ARFGEF2,-2.9879453,0.022414599
DGKE,-4.195562,7.4040422
MYO6,7.690513,2.3845146
TUBB2B,2.145832,16.419355
B3GNT4,8.301854,4.6645656
SMCHD1,8.10707,-5.2537713
PLIN2,4.977761,7.670292
PPIL6,6.094175,2.223709
EPHB1,-8.154653,5.6109257
IQSEC2,-5.653435,3.612749
TATDN1,-4.5200744,-4.7123613
ZDHHC18,-0.38657916,6.4111156
NELFB,4.4493456,12.096518
EIF3M,-1.5794446,14.212279
RIMS1,-6.232258,6.486317
LDHB,3.9721284,-3.7268925
CDIPT,-3.2939417,-1.9012895
NDUFAF4,2.625272,3.7859213
GLIS3,2.9625237,6.8405647
DOCK1,8.853692,7.3022633
TECPR1,3.8839195,15.376586
MRPL24,-10.638904,-8.582413
LMBRD2,-8.838867,6.7308984
UBA3,7.5960484,-0.98195827
B3GNT5,-0.7457875,0.941386
KATNB1,-0.573263,6.512413
KIF3A,-9.339026,7.2855315
IDI1,4.5573,1.3858505
SV2C,-4.6822815,5.9610863
VDAC3,-2.8964212,5.1955423
RAB11B,-8.689713,-5.1548495
USP9X,-1.697769,11.125172
ADGRG1,-1.0564667,-3.3262372
UBE2E3,-9.931664,7.3152633
SNX30,13.576967,11.534973
ZFYVE28,-0.52493906,6.5024447
DBNL,-10.13074,-4.664126
DDX41,4.9753838,2.3695054
KRT222,2.0804076,-1.666115
STK32C,8.142333,-4.646302
PODXL,12.707679,8.736128
ECM2,-2.4633257,0.94852245
SASH1,10.568561,1.3513219
WDR75,1.9917221,-12.181278
FIS1,-9.183366,-6.0532217
PLEKHA3,-8.314575,8.449445
ARFGEF1,-3.2504895,0.46636525
FAM133A,-4.6229196,4.458711
L3MBTL1,14.639709,-0.54444116
ATP2B4,0.90844697,1.6501766
GLI2,-8.144546,2.8659806
GNG3,13.7100935,0.9608646
DDX18,2.7598789,13.658034
NDUFV1,-11.321328,8.014533
PLXNA1,4.348963,-9.524725
NDUFS7,-8.714491,-5.157408
NDRG1,8.756588,8.701397
TCTN1,2.142196,5.911751
BCAS2,4.5379906,1.3950957
PNMA2,2.5851126,3.8468752
CCDC88A,5.062566,9.655071
GIGYF1,13.909212,4.411883
SERPINH1,11.653983,-7.739235
TTC21A,-5.182051,11.503158
CSF1,4.9802756,7.6049824
LAS1L,13.802874,4.4327345
OTUD6B,7.459912,-2.1741505
NSG1,-1.9540443,9.096113
GNB1,-2.8662772,5.0333586
ZNF273,-5.257546,11.465067
ATP13A2,4.058445,15.084852
DES,-2.7486725,12.096364
AP3B2,-2.6644106,9.526794
TP53I13,-9.465609,10.286855
SLC4A2,9.501279,6.5944605
CACNB2,-2.715997,6.063804
PHRF1,4.796341,-6.943024
PDZD4,8.441285,4.5918517
MCC,3.301076,6.398486
MFSD10,2.9519856,10.274607
FAM53B,4.5292916,10.306196
FCHSD2,8.866903,7.2690744
FAM19A2,-3.8628862,15.915571
NDUFB10,-8.692343,-5.3006554
RALGAPB,-3.2711744,0.451223
FAM169A,0.034692656,10.830156
TGFBR3,2.9844134,6.820742
TET2,9.61042,-1.1748681
PPP1R18,5.927336,8.189877
ARID1B,13.563338,5.701362
ARHGDIB,4.918985,4.9457817
IDH3G,4.9713235,2.3677666
ZSCAN26,4.7771225,0.8464334
KIAA1324L,-0.23325291,-7.1951914
RGS7,-3.3458574,6.0818634
NRAS,9.63374,-0.6414735
FASTK,0.99312264,-2.209309
KAT6A,-0.34739918,11.29106
NRAV,6.123401,2.2531404
NLGN4X,-2.9026024,-6.8285193
APOL4,2.5545833,13.8512335
HAPLN4,-6.7469087,2.642839
SLMAP,2.808302,3.2969363
PON2,3.5858684,-3.0351956
CHDH,3.6645284,-2.3111787
TNRC18,-3.102985,-8.622141
NLRX1,-0.89340967,4.9554954
ETF1,-10.241813,7.682006
CUEDC1,7.4469237,10.259069
PHKG2,2.8188498,-7.0544767
QDPR,-8.994326,9.278329
ELK4,5.7332172,-2.1754735
TNFRSF19,-2.456741,0.9494897
GMPR,-1.7274369,1.5511112
GCLM,-9.152853,2.7143846
ERI3,9.770595,13.641333
SLC25A18,1.4259545,-4.1673493
ZNF251,-13.270996,7.277609
MYL12B,-6.5680137,-7.4812336
OPHN1,3.7217104,-2.323214
GLTP,9.494986,6.6228495
CCNT2,10.725333,4.7840543
PIK3R2,9.086465,3.1379645
RUVBL1,2.0817516,5.9687543
UBE2Q1,0.87617177,0.45544055
KIAA1161,-0.41974118,-3.475027
PPAN,9.767409,2.7069914
ANO6,-8.913569,3.0398495
CTSD,-6.776172,-9.444977
GPR137B,4.057885,-1.8793787
ACSBG1,-0.6893001,-3.3516433
TMEM151B,2.0540173,-1.6348886
LAT,7.29266,13.193223
IL10RA,6.3196983,4.1412954
FLT1,-7.229639,12.805303
GALM,3.4678795,0.9419266
DYRK3,-2.4140346,0.71306086
HAUS5,0.71207327,3.0616646
TMOD2,0.31404033,4.328705
PSMA4,-6.5851293,-7.4989758
ZNF800,-10.984014,-1.2423537
SF3A2,8.755969,11.501051
ALDH1A3,8.226476,9.358545
ZNF75A,5.775626,13.933532
RASAL1,6.426616,15.747512
PIEZO1,-4.209719,-6.7535186
ANKRD26,-5.7889066,11.321428
EEF1B2,-5.2163672,-6.775948
MINDY1,9.495865,6.606698
NDUFA4L2,-4.596861,10.846269
PGM5,-3.7061722,11.8577175
JMJD6,1.7675159,17.924627
CACNA1B,-1.7598039,7.921803
RAB33B,7.247617,-1.9950198
SEC11A,-9.012764,10.321254
RPL30,-5.2308965,-6.7787786
DENND4C,-0.35655117,11.191208
OAS3,-3.8963246,12.498201
FCGR3A,-0.9923339,1.0313059
WDR46,9.752475,2.7154477
SAMD10,5.3511667,14.225452
ZNF428,-9.466896,-6.6346745
LSM5,-6.3533044,-2.7260435
ITPR1,2.0563672,-1.6839515
STK24,0.16373253,10.672601
DNAH5,-3.1428654,1.7468067
R3HDM2,10.207081,14.918869
KCNA1,-6.232009,6.4749575
TBC1D25,-0.9129391,7.694622
LYPLA2,2.8315194,-7.0234
GPR85,-0.54432625,3.773782
YTHDF1,5.628549,7.547708
MEAF6,-1.3732057,9.4134445
CSNK2B,-10.634029,-8.577293
IER5,11.605349,-7.7327824
TMEM123,6.7154126,-1.5543159
SUPT7L,6.2532854,-11.860311
RCAN2,6.268074,15.591711
HSPA12A,1.911512,4.491711
TMED2,2.7487152,13.665959
LYST,0.06187736,1.5377961
AARSD1,13.718464,0.9573455
HN1,9.108054,-2.290664
FUK,14.262708,5.1482925
TIGD1,-11.519843,-2.398843
SEC24C,-0.13142002,11.410603
PDZD7,5.5690246,14.061778
LNX1,-2.5191631,5.321252
MARS,10.671968,11.815096
FLRT2,-0.5827339,-2.801837
SH3TC2,5.1373806,9.858446
CLINT1,9.696663,-1.2707939
ZNF793,6.109652,-11.720069
ZWILCH,0.88653296,5.4836574
SLC27A1,0.035249546,-4.726982
WDR54,8.726691,1.6439338
E2F3,-2.8845496,-6.839341
MARCH8,14.944259,11.162556
ZNF564,4.775194,0.85013384
PPP2R1A,4.9732666,2.3621414
PITPNA,0.82480264,1.7391096
KCNT1,-1.8428762,15.328728
SLC48A1,8.179342,6.6693516
KSR2,-3.4266815,5.523979
CARF,8.094816,-5.278039
LRIG2,14.795642,-0.70740825
MAL,7.3602943,10.184437
LRRC73,2.880242,-6.939717
SEPT9,3.815506,8.1627035
TTC34,5.570162,2.1524508
OPRL1,9.370845,4.702464
SPIRE2,2.8599448,-6.9894223
ZNF226,10.355747,-4.838973
SPAG5,6.354136,13.5766
YME1L1,2.167164,9.255131
GABRA5,-3.0101643,9.190239
IARS2,12.324671,3.1839125
ST5,-8.140229,2.8600514
NEK3,5.2351136,9.591924
NRXN3,0.80405486,-0.67940295
OXLD1,0.76351726,-1.7361343
TNFRSF10D,-8.434076,-2.5972898
TAB1,-1.0008937,18.243711
RNF150,-2.0136075,6.1316833
XYLT1,8.198195,9.38369
TCEA1,9.689605,-0.60210264
RAB31,3.7199078,-2.3742926
RNF40,2.2459579,16.453093
DENND5A,9.008828,7.5000424
DNAJC8,-4.9778104,-4.1275897
PITPNC1,0.9118665,1.6357642
GPR158,-6.005585,7.1124196
DCN,6.585153,-2.8438385
NCOA4,6.2396317,-0.6382008
ATP10D,-1.120254,3.9204957
STK40,-8.840632,-2.3710635
LCOR,5.4936886,6.221912
PFKM,-7.7656193,5.6068845
CACNG2,-4.6134763,4.4524784
LONRF1,11.914441,-8.0897
FAM3A,-5.561592,-5.5868373
TRPC1,3.5842817,0.1742026
ACTN2,-4.898006,6.2267427
CREBBP,-13.180047,4.5637345
SRRM2,0.12510954,2.6487362
ZDBF2,0.23140848,16.715452
ARL2,-8.076406,-0.7187399
NUDT11,-2.9350524,9.244158
ACOX1,-9.0076475,2.9637072
HMG20B,-9.426857,10.255878
MDM4,14.810568,-0.7223044
MBTD1,-1.429938,1.1581724
RAB3B,0.45841804,-0.5412651
PALLD,-8.911547,3.0513344
TAB2,11.337335,6.441437
DNAH2,8.529579,1.7668304
UCN,-9.43497,-6.7773886
ENC1,-2.4544537,8.9496
MAP6D1,6.112331,10.794853
MIER3,-1.3256363,11.0404415
MEX3C,-1.3679591,11.04141
PTPRN,-5.645793,3.6456146
AKR7L,-13.2710285,7.2775497
ASRGL1,-0.13888423,-4.002997
L1CAM,-2.6720417,9.558583
CCHCR1,2.8160892,-7.060195
PEG13,0.64708984,-0.49910048
PCED1A,-5.5604634,-5.6018143
RHPN1,2.8125908,-7.068794
HEATR5A,6.1172366,-2.0146875
MED16,2.4047852,-2.1008725
MYH9,11.961795,7.9875994
FBXL15,-9.441707,-6.7929955
XRN1,2.9118187,0.47534835
KIAA0368,-2.4533174,6.1128125
PARD3,11.836002,-3.9965346
GLA,-8.125121,-2.843635
ANLN,9.428894,6.558259
MMADHC,-10.22953,7.67104
YPEL5,11.182993,2.8494458
ENTPD5,6.122615,-0.434651
PRDX2,-11.36804,7.957159
VTN,6.33464,13.650802
DYNC1LI1,-0.9720748,-5.31664
ZFAND3,-8.721278,3.8619468
DNASE1L2,6.8309174,13.414915
BBS10,9.629554,-1.192296
PKM,-11.355582,7.968766
HERC4,10.277602,-4.2730427
ATG9A,8.294664,-3.7935474
DHX38,2.2635071,16.463087
METTL13,6.7204137,-9.120415
RGS9,-3.943081,-9.380481
FAN1,-0.38089,11.366118
APP,-0.42728102,-6.662842
TXNRD2,2.3649166,-2.102033
KARS,-3.733635,-3.8689013
OLFML1,-4.5246067,11.41379
TCF3,14.266333,5.1546397
FOSB,-0.28208575,8.479613
CPSF2,2.0698972,10.1018505
NDUFB5,-3.821849,-4.0598297
GPX4,-9.055532,-5.5584245
TWISTNB,-8.11307,8.63911
TSPAN3,-10.388473,0.90806794
EDC4,3.9097188,13.091482
DENND5B,2.725626,3.179759
VSIG4,-1.0783027,1.1727858
LRRC43,9.695112,11.1977215
SEC61B,-5.8996024,-2.5321672
GOLGA1,6.009634,-1.3934377
CUX2,-6.750968,2.6413922
GPI,-4.9886036,0.31867668
PTPRT,-6.194717,6.5049777
GATSL3,1.42737,-4.175811
IFT22,2.125156,5.9407697
WAC,8.032844,8.287229
FADS3,7.380191,11.562305
CDH8,-5.9723,7.1141157
DNAJA3,6.9843774,-6.9207516
XRN2,2.229475,8.952849
CARM1,10.52098,11.982095
AFTPH,-9.582583,6.4214225
GPR176,-3.0173526,9.197068
SNX22,7.669593,9.772416
GPR83,0.70441693,-0.3833913
HARS,-2.9671361,5.345956
RAD52,0.38297337,2.7983508
RACK1,-5.5344095,-10.756579
NAP1L3,-3.6994162,15.740654
BRIX1,4.765582,3.3849387
YAF2,-8.455693,8.309036
LTV1,4.764428,3.3837826
CBX6,-3.7659118,4.16315
WDR49,-4.9162607,2.0294137
PWAR6,-4.3846893,7.5636573
CWC15,-6.2536025,-2.7081878
TMEM129,-1.0009303,18.243708
LYSMD3,7.594323,-2.2716153
AP4B1,6.2179255,6.419571
CX3CR1,-0.4816818,-11.112631
DNAAF2,6.2056594,2.1467779
MRPL1,4.6800423,3.3088353
KIF5C,3.7196755,-6.6445208
P2RY13,-0.48157588,-11.112767
FMOD,10.741955,10.123055
EPB41L1,-1.8265519,8.300123
RABGAP1L,3.2410777,1.5334784
ERBB4,11.82317,5.719625
GADD45G,-0.55530953,3.782952
DDX60,-3.2641444,11.543878
SEC24D,4.8315783,7.472218
CDK10,3.948501,15.2957735
ITIH2,10.742828,10.123991
PMM1,-9.481612,-4.409603
BAHD1,8.344187,-3.6362185
SLC45A1,-5.03061,0.22407705
FARSB,3.7251496,2.8225908
TMEM209,3.0796938,12.83662
PES1,-6.3927126,-9.847598
FENDRR,-7.2302017,12.804784
ACTR3B,3.7163606,-6.657319
SMARCC1,8.919529,7.394677
LRFN3,11.827349,-0.022810042
RNASEK,-7.9616117,-0.97071147
GJB6,1.467168,-4.04058
MEGF10,6.0864577,-0.40490296
ZNF655,1.6088663,11.649726
ZNF524,-6.082856,16.872377
LIX1L,3.6125686,-2.6751292
AKT2,3.0266867,10.3459215
LPCAT2,6.106404,4.367221
NUDCD3,2.952745,-6.7885346
NACA,-6.4317617,-8.292824
SMARCD1,2.7783253,11.564709
COL8A1,-2.356937,0.61633176
FBXO31,-3.5752919,3.965957
COX14,-4.304749,8.714506
ZNF768,-5.4936447,-5.5458612
FUNDC2,-4.970929,-4.125716
GTF2A1,7.5326447,-2.2449386
POU3F2,-0.6871926,-2.702838
IMMT,-3.6521606,-4.2368064
PPCS,-4.542126,-4.683265
CFP,-13.270999,7.277591
DYNC1H1,4.530579,-6.9163837
ARF3,3.0544558,-6.6397734
POMT1,8.087964,12.422849
SEC24B,-9.098773,0.9427867
PCDHGA4,-8.226296,4.4407554
PRMT8,8.978547,4.4744477
DDHD2,0.8924303,5.476565
ZNF106,0.0845836,10.623448
MYOF,15.713824,1.5209411
CACNA2D1,-4.403588,7.582862
DDX23,2.2560117,16.454956
FURIN,5.918375,8.154972
PICK1,6.3619437,15.6813965
FBRSL1,-1.4392172,3.5079162
LRRC8D,10.071186,7.466639
ZNF181,6.813245,-0.9244165
MAN2A2,4.631814,10.21979
CPD,13.195356,8.390353
PLA1A,12.506495,8.310981
NCAN,2.1794674,-8.500769
ZNF771,-9.500885,-6.991958
GTF2E2,-5.5925097,14.060418
TMEM184C,3.8545547,-0.7287131
BZW2,11.373902,-2.1109967
COG1,-0.613978,6.6076145
HTATSF1,12.086767,14.377787
RYR3,6.180448,6.395117
NLGN1,3.1128201,1.5510634
VDAC1,-2.9106562,5.177987
PPIL1,4.6223407,0.9850763
INF2,6.444241,15.764583
RAPGEF1,3.5247838,12.831545
TIPARP,4.98454,7.615608
DTX3,4.729547,11.691637
RUNDC3B,-2.605201,6.9213824
SHISA9,-2.41496,7.967238
MRPL38,-9.471481,-4.876413
VCAN,7.9968476,9.542886
PGRMC1,3.2380517,1.4688094
NEK6,-8.946607,2.982464
DACH2,-4.7375383,6.3015647
TRAM2,13.15275,7.951006
ONECUT2,-6.693924,6.2742167
MYT1,8.080924,9.502531
IFI16,15.838788,1.6812934
KITLG,8.043918,1.5253772
SNPH,-5.658821,3.6000884
HS6ST3,2.0277648,-1.6982397
RNF44,12.042735,5.5222464
ZBTB44,-2.9310458,-0.3280835
AP3M2,3.1922643,4.4471273
ANO3,-6.7068324,6.2669353
TGFB1,9.199122,-6.0865083
UBXN1,-8.191095,-5.859319
ULK3,-1.776844,15.262292
CFH,12.950888,8.295759
NFKBIA,-1.7261707,-0.35215575
CREB5,9.937572,-7.5158176
ADCY3,-1.7089293,6.2648487
RALYL,-2.9183416,9.245397
NTRK1,-0.03717929,-0.93528616
KLHL3,6.041612,13.851942
ANK1,-6.742621,2.6442945
SPG20,10.0945835,-4.445061
CANT1,-11.34446,-6.3030033
MAPK1,1.6154968,-5.899943
NRG3,1.6774535,-9.246821
ZMAT4,-3.9437535,6.3959737
ZNF282,-1.2765534,3.7359648
EIF2S1,-10.260595,7.704214
RPL11,-6.29219,-6.878192
SUSD6,5.9262695,8.189614
PSENEN,7.2914805,-8.8928
LHX6,0.73711276,-0.34742108
BAZ2A,-13.154846,4.5320635
MORN2,2.1215236,5.942232
FAM163B,-6.7299347,2.6451297
FAM76B,1.4403661,11.891263
MICU2,1.8872492,10.183966
BTBD3,-0.12933184,-6.992521
SLC52A2,9.316268,11.437858
WDR34,7.3009377,-8.895111
CNOT3,0.06527277,2.6315396
GABRA4,-2.8843918,-6.8402696
PIGQ,3.0058925,10.328766
CLOCK,-7.881274,9.126811
MRPL37,0.84291905,0.342728
ANKS3,9.041801,14.262043
SLC22A6,-0.917777,-4.0429816
ITGA2,10.2413645,7.535292
ZNF594,6.0680547,-11.679071
LINGO3,-4.280901,-1.8608434
KIAA1109,-2.6105852,11.344754
ZNF787,9.65748,2.8313258
SRI,2.407029,-2.7419066
HSPB7,-2.753471,12.092537
ANKIB1,6.8860855,-0.5071042
MYLK2,-3.4396615,11.283642
SRC,3.3748195,12.69855
GLTSCR1,-1.4026909,3.5610952
IL16,9.503692,11.35359
ARHGEF10L,-1.0894156,-4.177529
MNS1,-4.0432153,1.9972672
GSTZ1,-9.894074,-6.470244
FGF12,-3.3555412,6.151247
OBSCN,-4.812509,-0.77596104
VWA3B,-2.530764,1.5194368
ARMC8,2.3834805,4.996398
SLC35D1,0.05405006,1.5489646
MTMR10,6.1526575,-0.45449305
RHOU,9.938106,-7.5158396
ZCCHC2,1.767744,17.924496
TNRC6A,14.733753,-0.64530087
ZBED5,3.2465706,0.17595091
SNRPG,-7.770847,-6.027026
NAE1,1.8734426,10.171119
ATG14,4.9294395,9.518977
EIF4G3,-0.5707203,-6.5277824
PDPK1,1.4949185,-5.814917
ZMYM2,-1.4523191,1.1858422
IL15RA,12.135968,8.173553
PROCR,-10.904363,4.711348
IFT46,2.0980835,5.956924
FRMD8,-1.7200801,-0.38655668
IPO5,12.239907,3.3938613
PSMG2,-6.3176503,-2.7189689
ZNF534,17.436312,2.6508522
SOX6,3.7484782,5.980741
GXYLT1,5.816812,-2.1551452
ROBO1,1.8327365,-8.806291
ETV6,5.679815,7.954391
CCDC113,5.61857,2.1895714
CTU2,9.731634,2.7394602
CHRDL1,-0.52460593,-3.0833912
DEPDC7,9.99106,7.443245
UBE2D2,4.6831393,3.3086207
IFNAR1,12.22965,3.435299
PEX2,2.725633,7.512387
UNC13B,6.512711,6.4277635
GPR62,6.2351837,10.635067
UBR4,4.5854087,-6.917915
FAIM2,-0.9025198,7.697817
USF2,4.573889,12.319787
TRMT61A,1.0141534,-2.2108805
RGS2,-0.35646957,8.420615
CALB2,0.22919607,-0.76605135
SET,12.0769615,14.354127
VWA3A,-2.6927102,1.8182117
SCAND1,-9.473474,-6.5867667
SETD5,-13.153131,4.531271
PICALM,2.7855349,13.635452
SLCO4A1,12.492715,8.303641
MAP3K12,3.7169049,12.959953
ALKBH6,1.5447503,-1.8161876
RELT,-1.7140934,-0.39578792
RUFY2,-1.4416015,1.1907918
HRAS,11.76689,0.04631216
DDRGK1,4.8943734,11.644575
TESK1,-0.47946867,6.4722133
HIF3A,-7.0332413,0.57093346
TOMM5,-4.3500896,-3.7922726
PPP2R2C,2.279565,-8.434984
POLR2B,12.261086,2.736579
ATF6,2.178389,9.202187
CCDC34,-4.656853,4.4824443
ZNF536,5.8841496,10.567378
SPPL2B,8.446105,12.038363
HSP90B1,16.10661,8.019353
PLOD2,-8.980313,2.824585
COL4A5,10.029636,7.441412
DBT,10.73037,0.3129738
SCN1B,-5.1505494,-1.482505
JMJD4,-10.057316,-4.695127
SHROOM4,5.3930764,10.255447
RMDN1,10.702657,11.802547
DRD5,0.15853406,-0.8298459
SLC4A1AP,0.773277,7.827922
TRPC3,-0.017573392,-0.9215634
PLEKHA5,7.97284,2.1340158
KIF21A,-1.2379527,-5.635597
NHLRC2,7.089675,-1.06833
HNRNPH3,10.117048,-4.4466543
SUMO3,0.7657978,7.8132043
FBXL16,9.202239,4.0141444
CLDN11,6.473677,11.192102
GPRIN1,1.137239,-0.46484014
RPE,12.316322,3.196348
DGAT2,9.41784,4.754905
SPTY2D1,3.8551471,-0.72689366
UPF2,9.738439,8.464442
NOL12,8.886149,14.403049
MYO5A,-3.3643134,6.161034
EIF4E3,11.165186,2.8336484
CA11,11.730973,0.095293604
CD55,13.220553,8.396372
TNPO2,8.7829075,3.149396
ARL8A,4.3231544,10.444777
HILPDA,4.748259,7.417219
STK36,7.435686,13.158772
ZFR2,-1.7505411,7.9043274
LRRC41,-11.292119,-6.3409147
ARL1,4.290864,2.9312742
SNRPA,7.9107747,-0.59834445
CHCHD1,-5.8254333,-2.6171088
H2AFZ,11.375939,-2.1114788
BOLA3,-4.371006,-3.785782
KLHL17,0.11869573,2.6664705
CCDC50,6.16392,-1.8452811
TXLNGY,0.10305755,14.856157
WDR7,2.410629,3.9589942
FZD6,-5.7748694,2.0251982
TEKT2,-2.6615677,1.7956766
LRSAM1,8.205536,12.268596
LUC7L2,4.9277067,9.520261
KRBA1,8.215223,12.25241
ZRANB2,-8.981354,7.708517
ZNF596,4.92408,9.519146
AOC2,6.361371,13.567608
DHX36,1.4005158,-5.7530365
BEX4,1.7507564,3.8422983
KCNF1,-5.040583,-0.77145314
ZNF28,6.1091475,-2.445432
GOLGA5,6.975429,0.16861774
GRAMD1C,3.478872,-2.9396698
ST6GALNAC3,13.235374,8.399782
MORN5,-1.6942968,1.5294052
YWHAH,1.6824541,4.7023683
CX3CL1,-0.6461032,8.321307
TMEM181,3.2257917,1.6643257
TMEM145,-1.8356116,15.321352
ZKSCAN8,7.1044636,-1.0785737
EIF2S2,9.740718,12.702554
CDC27,-2.9814963,0.04873004
ANO8,4.305256,-1.6241553
ICAM2,12.707032,8.83861
SHISA7,5.2921515,14.269076
EIF3A,9.732174,8.451628
GGA3,3.1372092,12.827708
LPCAT4,-5.508311,-0.29665816
AKT3,-3.2443445,0.47336435
NCLN,8.028825,-7.010592
YWHAB,1.780332,3.8370917
TMEM25,9.358127,4.6738048
CYP2U1,6.1010637,-2.4302342
RBL2,-0.2812385,11.312692
HEPACAM,-8.6461525,3.8980808
DENND2A,8.254053,6.765298
SNU13,-4.216654,8.774977
NOLC1,4.6248345,1.2567002
MAP2K1,-2.644342,6.3059936
CMTM5,7.361608,10.189856
TRMT13,9.920803,7.519646
PBRM1,9.609898,-1.1661364
RPL26,-5.217603,-6.7792597
DR1,-9.5761175,6.4155426
HNRNPC,4.462639,-0.07438593
FAM198B,3.9527743,5.8275995
BCAN,-0.3575222,-3.9056704
PHACTR2,3.7279603,6.006613
TNFRSF11B,-2.371931,0.6307146
RNF141,12.099725,14.21018
TAGLN,11.995561,9.817633
SPRED1,0.2265048,4.2552104
STAB1,-1.266832,1.2987634
MAK16,4.747344,3.3680031
CAPSL,-13.102323,0.032043535
PAPD5,-0.29466262,12.41334
MT1M,5.6141214,7.486286
TPRA1,9.2967615,11.451576
ENKD1,7.2962475,-8.895975
NIPAL3,11.433605,13.195288
PLPPR4,-3.3434613,6.1127844
SUPT4H1,-4.9580135,-4.1306815
TSC22D1,-0.57149065,3.7955053
RSPH1,-2.4189575,2.3059638
MDM1,-3.606869,2.7066503
DRC1,-2.0933115,1.5903043
COMMD8,-8.341373,8.411395
SACM1L,-3.0161593,-0.2556277
VWF,12.603874,8.38348
MYO9A,-1.8004484,6.0888333
PRDM10,-0.5754512,-6.5213943
MAP3K20,-5.756243,2.0311809
DPYSL3,3.6507745,1.0005226
INTS7,3.221378,1.6564835
OST4,-7.774943,-6.0277867
KLK6,6.4732356,10.718421
HSPA9,1.8166448,1.4007351
CLEC14A,-3.523253,11.459959
SLC35B1,0.6029182,0.8085235
MYNN,-8.075853,8.680811
CHN1,-10.590197,10.79718
WIZ,-3.1078866,-8.628935
HIST2H2BE,-1.8709062,-7.763427
ABHD3,2.6543186,7.646024
KCNS3,-4.845743,11.493826
ACD,4.7625017,11.685451
PDK2,6.942116,-6.9059916
RIMS4,-3.7867496,4.1872087
MAZ,10.206674,14.918095
PECR,5.167206,0.0046128365
TMEM160,-9.537841,-7.1124916
SLC16A3,-0.7442828,0.3709453
TNRC6B,13.565804,5.7054543
PPP2CB,2.7879343,11.5541115
PPP1R3D,2.6648269,7.6233635
CHERP,4.350471,-9.523724
ANAPC16,10.024733,-4.590179
NDST1,-1.000896,18.243807
GAS2L2,-5.225315,11.490932
SERINC5,-0.8647091,16.19511
CAPN7,11.325076,6.460384
AOC3,11.96065,9.83931
OGFOD3,7.4952073,17.099749
PHIP,3.0584388,0.5370359
STX1A,1.1629299,-0.4613477
ARID4A,-4.990327,1.2043484
BOD1L1,0.06562117,10.580783
TTC9,-3.4380486,5.5202837
KIAA1549,14.954685,-3.2993486
ROBO2,0.673777,-0.41975
SPRN,-0.80120814,8.278855
NEDD9,4.846516,7.413887
GPX1,-3.285298,8.058698
GRAMD1B,11.897589,5.6485844
AZIN1,-11.855659,2.735365
CHGB,0.6632135,-0.5023346
MAP3K6,4.8619814,7.522404
NUDT9,-5.569074,14.050186
PCDHGA10,-8.251344,4.411355
TAF1C,14.168469,4.1006875
SYDE1,4.0015,3.153476
CHCHD5,-11.082821,-6.4643807
TCF25,4.9723444,2.3598955
STOML2,-9.484727,-4.398426
KIAA1671,-3.0428822,-6.6897206
FBXW4,8.396573,6.9470873
FAM220A,1.6966183,3.748369
EIF3E,-6.4287558,-8.295499
RORA,10.577639,4.886274
ADCY9,3.5396554,12.83305
RNF170,3.7626343,-2.4346662
SAMD8,-1.5903294,11.04265
PLEKHA4,2.5554712,13.868442
PDIA4,16.103165,8.021106
TIE1,12.913506,9.412366
HIST1H1C,-1.8711277,-7.7606826
HIPK3,-3.6577861,2.166332
LIMK2,4.752501,7.8098307
DYRK1B,11.8099785,0.0040551987
MKKS,1.6530217,3.7033963
IDH3B,-11.317395,8.016584
PFDN4,4.5863757,3.2099826
NPY,0.0041276733,-0.9108222
FAM81B,-13.100178,0.033926982
FITM2,-8.4678955,3.3619003
MAP1S,-5.006745,0.29926875
F12,-5.722226,2.9406695
MAP3K2,2.9221594,0.47733334
SLC39A6,2.6589017,13.76246
STOX1,3.5197089,-2.950916
CD109,-5.7583885,2.0237768
GJC1,11.953203,1.3079906
EVC,3.785086,0.8933252
IDH2,2.451778,-3.3456326
MYDGF,-6.79054,-9.431862
S1PR5,6.381127,10.632806
FCGR1A,-0.8644755,0.7609311
HNRNPLL,-9.577993,6.410223
COCH,-5.964412,3.5801127
SYPL1,6.7164555,-1.5637599
DEAF1,11.786163,0.033256225
WWC2,-11.595942,2.5866354
SMG8,12.277692,2.62089
TNFRSF1B,-0.7459559,0.3725035
SH3D19,7.85219,-0.56914175
IZUMO4,5.293547,17.709116
TMEM14C,5.187783,0.0057162475
IFT172,-5.1880956,11.502202
UHMK1,-7.899329,9.096452
SIRT2,6.423768,10.603714
RCN3,6.6602464,3.6540084
ALDH9A1,4.489154,0.35696286
FAM131A,-3.607698,3.9979568
MT1X,5.615507,7.5038404
LAMA5,12.662157,9.267948
SYT4,-3.38179,5.7434964
MARVELD1,-8.195487,5.617435
UBE2W,2.4192286,4.907553
SLC25A23,9.193342,4.063191
EGR1,-0.28688878,8.47705
PGAM5,8.317062,-3.6612487
NOL4,2.4085934,4.8954716
CD4,4.950151,4.9129186
HELZ,-1.2804672,11.064395
MED1,6.0752673,-2.5173523
GANAB,6.7688327,-9.066782
TDRP,-2.491576,-2.3700755
PIK3C2A,10.569349,1.3533603
RNF207,6.144371,13.736216
PYGB,-0.06699674,-4.012285
ACIN1,0.11135452,2.6612802
DHX34,0.12267858,2.6722524
ANTXR1,3.8723207,5.49499
PHKA2,-5.8599405,4.772421
PFN1,3.8127718,7.7962074
TMEM161B,10.718371,4.7914934
PPP2CA,3.2217772,2.8040705
FPGT,7.35653,-1.0207888
SASH3,5.7381167,-4.4093103
TRAPPC10,-0.14907396,11.371865
SLC16A14,-0.5478621,3.7772527
SPRYD7,4.183434,2.7328568
SLC35A1,17.450514,5.102389
FOXN2,10.02638,-7.5575027
ZNF512B,3.8643663,15.382105
KNDC1,2.2840254,-8.43061
PNMAL1,-1.4891807,9.275521
DYNC2LI1,-2.4890664,-2.3692067
ICAM5,-5.7569275,2.8987906
MRPL2,-11.319796,8.013584
STT3A,6.789297,-9.044212
FAM168B,3.956812,-6.931381
RCOR3,-1.4551896,1.1230786
TRIM33,-2.2541633,0.45521715
ZNF316,4.7945633,-6.9415836
TMEM119,6.2529817,-4.8354893
KIAA0907,4.512883,-11.238896
CSMD1,-4.3701177,7.555317
GUSB,14.171575,4.5888095
FAM204A,5.117746,0.014159599
RNF157,-4.394014,4.35052
SEC62,12.042409,14.316771
RAD54L,6.346358,13.63876
ALOX5,-0.8521891,1.4368117
TMEM208,-9.635986,-6.5099607
BAX,3.8432722,7.8232765
MFNG,13.299256,7.8321247
IL18BP,7.364163,11.569492
APPL1,7.615073,-0.9580547
PVR,1.5094695,-6.8862767
PLXNA2,-1.7239842,6.2405376
LHX2,-6.2157993,-4.5956316
GABRA2,-0.54735976,-3.0656219
PRKCI,2.3899488,4.9596715
AP2A2,-5.0578,0.17064823
PLD2,-0.8671586,4.8257627
PLCB1,-10.592027,10.797783
ZC3H12A,15.65413,6.4762177
CDV3,9.637729,-0.6351712
SIVA1,-7.9819775,-5.9299555
ARIH1,4.5526185,1.2615337
JRKL,-5.4302454,2.2885904
MED29,-0.06788098,-4.0113583
KRAS,-9.459118,6.649996
NREP,-0.30969173,-3.2484653
GABRB2,-3.331335,5.692359
MCF2L2,3.7004435,-6.6160007
UQCRFS1,-3.7364478,-4.126437
ISCU,2.520987,-5.732706
SIN3B,14.475337,-0.3528382
RABL3,4.967644,0.059452612
GJB1,6.4739437,10.707504
CERS6,14.954867,-3.2994504
POLR2K,-3.8594165,-4.0586185
TMEM14A,4.2206283,2.7642174
MAN2A1,2.8262677,13.593166
TMEM65,7.307056,-0.04100911
CLCN7,4.758089,-6.9394073
TMEM189,4.22751,10.505594
SORT1,8.31329,8.330224
MOB1B,-3.590776,2.7592583
ENG,12.416506,9.418135
YIPF6,6.1128316,-1.817603
SYN1,-2.724346,9.442291
SLC35F3,9.16962,-2.3365965
SPI1,5.981559,-4.5737414
SERPINB6,-0.9777984,4.3637176
MAST1,-5.3686004,-1.4559195
CCDC88B,6.657494,3.6524389
COPRS,-8.024888,-0.9436714
SOCS7,12.041205,5.524429
AMER2,13.562635,11.546783
TAC1,-6.756318,6.242146
TPRG1L,-3.568388,3.9611766
RSL1D1,4.6100492,1.1547818
GPR137,4.469166,12.112058
TMED8,1.8277838,-8.809102
HM13,3.7724028,8.372668
LINS1,1.9910887,-12.1794195
WDFY1,2.7231011,13.694887
MALSU1,-5.897839,-2.5079238
HDGF,6.971895,-8.840083
DPCD,8.457252,1.83266
KCNA4,-5.2819204,5.9405265
JPH1,-5.271175,5.9422693
BCL11A,8.954926,4.480385
MIF4GD,14.955157,-3.2990596
C3AR1,5.849858,-4.4799275
TRRAP,4.516905,-6.9099464
DNAJC3,9.32597,11.410959
ATP2A2,-2.6128852,6.412037
PSD,8.4764,4.5730767
PARVG,5.7053814,-4.380869
NDUFC1,-5.7773275,-2.669766
NAA16,11.922923,-8.098323
CPQ,-2.4881735,6.5211024
IFT52,6.0941358,-1.8050541
NAGLU,7.456515,10.253541
H2AFV,9.52932,8.051253
CACNA2D3,-4.0921774,7.2956877
MS4A6A,-1.1089907,1.1658971
HGS,8.750428,11.474836
EYA4,-2.5346975,1.6473023
PCNX1,-3.2189996,0.54875076
AKR7A3,-8.01902,5.510016
VPS37A,-8.367466,8.437585
B3GNT2,3.644191,2.686437
ANKS1B,3.2308145,1.6588436
MARCH6,-7.888191,9.116134
IBTK,5.160706,-7.816168
FBXO21,10.773271,0.35686135
LRIG1,-9.00326,2.8666222
CAMK2B,-4.9665504,-1.3278635
HCN1,-3.726877,15.7723055
SQSTM1,3.78161,8.346296
HUWE1,4.559469,-6.910546
GLUD1,3.6347659,-2.2609084
CNOT6L,13.1347475,8.34734
LEMD3,5.1420107,-7.793526
GPR88,-6.7577314,6.239782
PDE7B,-5.1893377,6.0284295
DALRD3,-5.518333,11.525021
CYP46A1,-4.4595766,-1.8320221
TIMMDC1,-0.9179753,4.1452227
CYBB,6.14901,4.332816
SYNJ2,8.660596,8.160808
BPTF,-2.5837197,11.334185
GOPC,3.2729511,0.23233862
PDE4DIP,10.025048,-4.5930824
CAPN1,2.4171314,-2.0930603
PSMC5,-10.631657,-8.574995
ZFPM1,-9.565171,-7.1707397
PPP1R16A,-3.1500826,-8.673414
SEC63,1.9842763,10.079011
ANKRD13A,1.9918174,-12.183531
BRSK1,-1.9736351,15.452244
TAF11,0.8920887,5.4744577
FAM216A,-2.9364758,5.2966323
AAGAB,-3.6301591,-4.2628765
TMEM159,-3.021847,9.1970415
SUSD5,8.140404,9.431624
SNX4,11.744109,13.69393
PGD,6.2940235,7.7758284
DTNA,-8.892791,3.0128539
TRPM7,0.070368804,1.5553873
PET100,-5.2597413,-3.3684123
VHL,0.093265526,10.605605
ZNF354C,6.735976,-0.9670885
SMIM3,-7.227783,12.796938
AHDC1,8.39439,-3.5781991
YIPF4,-2.952405,-0.36110097
TMEM178B,3.7488487,-7.251706
STON2,-0.86178595,4.863544
SNX8,8.228833,6.7400265
CCDC94,-9.50286,-4.9063206
RPS6KA3,-9.040895,6.7876844
COMT,-9.397126,10.192064
P4HTM,-0.5480572,6.4914885
PHLDB1,5.287358,9.711433
PTPRC,6.1280665,4.3527284
LRRC71,-13.108288,0.026394874
PPWD1,4.609363,6.518733
ZNF132,-5.7910566,11.320649
VARS,8.033338,-7.00863
RECQL4,-1.5236082,3.4018831
TCEAL5,13.724995,0.95114225
COQ4,-11.779028,2.8388758
ABI1,0.9120989,1.6371974
SCRN2,8.347382,12.065279
ZNF211,-13.271251,7.277674
DHPS,13.032366,6.467129
LLGL2,5.85018,9.968027
PSMB9,-3.2942064,11.510152
MYPOP,9.088028,3.1382985
P2RY12,-0.48156643,-11.11279
CNTN4,1.9108517,-1.8670609
PABPC1L,7.425176,13.142228
CMBL,-10.389895,0.90920824
TMEM196,-2.505515,5.2979097
SLC6A1,11.97554,1.2933445
S100A16,7.491682,17.097485
TUBA4A,-0.6258433,6.6269565
TTC26,16.152287,4.350207
ZGRF1,5.266689,9.596927
SLC15A2,-0.43640926,-3.1322896
DNAJB6,9.346454,-4.4216633
ARHGDIA,1.1477103,0.6661338
EMC3,-3.724667,-3.8645604
SZRD1,2.0211601,4.6563897
LAMTOR1,-5.575254,-10.689319
TOLLIP,8.632649,3.0701041
PTOV1,8.754856,11.466657
WDR26,10.620402,4.8778505
TOX,3.74283,5.9879427
DDX58,4.4350076,7.3954515
ACSL1,13.221974,8.396953
PHF24,-2.4581137,8.961208
GTF3C4,12.278901,2.6133418
THBS3,7.4581766,13.125152
PDIA3,16.107624,8.018511
INTS8,10.18571,-4.3716793
FMNL2,6.6405945,-0.60416496
SEPHS2,3.6706467,-5.7845373
RNF138,7.296382,-2.0325067
SNHG11,-9.884841,-6.472677
CD84,6.3058205,3.716128
UBFD1,2.7372859,-6.2436414
AIG1,5.1883135,0.005531457
PSRC1,6.1741643,11.581864
POLR2C,-6.6882696,-7.6029215
GUCY1A2,-5.9289804,7.0352383
GLRX,5.69889,7.451829
ATR,1.6115178,11.697501
URGCP,0.39996347,-3.5750594
POLR3H,-0.20522898,-4.041182
ROCK2,-1.1750959,-5.5268974
TSPAN13,-5.713419,6.81972
SOGA3,9.603752,8.035235
CDC5L,12.266752,2.6860013
NDEL1,3.0766847,-6.1386576
EDNRA,11.833084,1.4309038
KIF13B,8.738993,8.084255
HIPK1,-3.6890848,2.1230023
SMOX,1.4238911,-4.1782985
FGR,12.687108,8.380225
RBM47,5.746198,-4.423125
CHRM2,0.15081663,-0.82270074
PEA15,3.120831,-2.5921032
PTDSS2,9.035811,14.267034
SATB1,7.305053,-0.039365575
GBF1,7.018003,-6.9501095
ATP10A,12.928037,9.422752
RAB40B,-1.806269,8.317616
CD68,5.868128,-4.4858847
DGCR6L,-9.2873535,-5.7250357
BUB3,2.195927,10.426638
PRDX6,3.5763962,-3.1053605
GRHPR,-11.080578,-6.499081
DCTN2,0.8114035,0.3153
POU3F1,10.023989,3.3844516
ENAH,-5.931211,1.8223608
SPAG17,-2.6514723,2.0269196
ZNF598,4.7996583,-6.940258
ODF3B,-2.5804014,1.698619
IFFO2,-8.816279,-2.3645613
ADCYAP1R1,3.0428855,-2.6451309
SYBU,-1.8381804,6.070292
PPFIA3,9.538088,3.0855827
NFIX,-1.8706024,6.057282
PARVA,-8.607804,3.775232
EML1,-2.4385242,7.965909
SAE1,6.701841,-9.14101
LRRTM1,-5.259367,-0.3314879
FSD1,5.4127893,14.152233
NAA40,-3.0610445,1.6324962
KIF26A,-4.1446724,11.394643
IP6K1,2.9478557,-6.799821
FRZB,-4.687804,11.485915
NOXA1,7.6706824,12.806137
HOOK1,-3.3168073,5.6876135
LMF2,3.00631,10.320125
PNMA3,-5.365172,-1.453777
SMPD1,8.177386,6.6678815
SMOC1,7.9970202,9.542733
ZDHHC11B,13.793569,4.4473825
HTR6,9.275886,4.6301723
STARD3NL,1.8923368,1.350166
LSM1,4.0060043,-3.7410994
TIMM17B,1.2432885,-1.7259946
SLC16A9,4.220071,0.4768354
ZNF569,-7.857427,9.170958
INTS3,3.7023041,12.983967
KIAA0895,8.085485,1.5528319
MED13L,-1.2715006,11.061347
NFASC,4.8993306,10.133681
GADD45A,5.6303334,7.54679
SCAF1,-5.0004134,0.30994037
TMBIM4,-12.123602,2.5036478
ARPC5,9.5359,-7.5343647
MYO1E,5.315821,10.321781
BTD,-2.4767847,6.549502
KCNK2,-6.0581946,7.129922
TMEM229B,-0.89989996,7.7731156
ARHGEF18,6.3706675,11.751702
MOK,16.213894,4.4049783
MN1,-5.1826806,6.0238514
DYNLT3,4.0145717,2.7289674
HSF4,7.3005605,13.193609
CNIH1,-8.449389,8.311133
CRYAB,5.917192,11.893598
DDR1,2.238508,16.45117
PRRT2,8.415802,4.614943
SLC18A3,-0.082016535,-0.97162384
SDF2L1,16.102966,8.021499
MFSD3,11.821617,-0.012410481
CREBL2,-0.37087196,12.53698
ETS1,11.836138,1.4315763
CD200,-1.9121461,9.109225
GRM4,-5.525522,-0.29042503
MRPL42,-2.6175253,-5.3929214
SDSL,-1.0349768,4.276839
GOLGA7,8.661201,8.38998
SHOC2,-7.9047966,9.092854
ZBTB40,-13.1801815,4.5640054
CFI,15.713139,1.5211244
MSL2,6.7293425,-0.97277313
ATP6V1H,-0.61325,6.6108937
FAM173A,-9.542427,-7.131579
COA4,-0.91637343,4.1431246
HAX1,-5.7966003,-2.6563666
MBOAT7,3.3921466,12.675918
RNF19B,16.105612,8.02061
HSD17B10,-0.68113434,4.9778056
PGLS,-5.569475,-10.69533
CEPT1,6.111726,-2.5005972
SPTLC1,-0.2554188,11.332102
TNFSF12,-1.0553999,-4.141703
CDH22,-1.061114,8.093131
ITGB1,5.7253966,-2.1697223
SNHG15,0.46045265,0.905158
SYVN1,5.8894024,11.923105
CBX7,-3.6271622,4.0183563
METTL26,1.5000408,-1.8702835
DPH5,4.424699,-0.06167675
SMARCA2,1.8389958,-8.76131
COMMD10,11.162984,7.229963
FANCF,6.227959,2.1254842
DNAJC2,3.8525832,-5.0011764
MEF2C,-3.8361511,15.886441
RC3H1,2.924207,0.4818883
CCDC68,-3.657904,11.675707
TAF7,9.511477,-4.4882064
KDM6A,2.7875965,13.633
RPL36A,-5.758653,-6.6655574
TOGARAM1,-9.350087,7.270602
CARMIL2,5.520063,14.090332
PPP1R13L,-10.905129,4.7112665
LST1,6.0463443,-4.5872197
GDI1,3.7893934,12.842053
BCL7C,-5.60857,-10.6560335
IFIT3,4.4398384,7.399085
NIPBL,7.216831,-0.100495085
CRBN,7.6252203,-0.9577311
NOS3,12.679334,9.112493
RFFL,5.3503556,10.306374
CHI3L1,2.512648,13.909758
KCNC2,-6.750422,2.6432064
SLC40A1,3.8682566,5.486791
KCNK4,8.482475,4.575035
ISCA2,-10.389373,0.908717
SESN2,-8.847699,-2.366043
ECE1,7.3927,11.561248
JUNB,11.512877,-7.797847
IL6ST,10.358876,0.09677206
LPAR6,6.0635653,4.455322
DDHD1,4.9423547,9.533072
ZNF423,3.1393006,-2.584428
ACADM,9.870311,-0.4613469
ADORA2A,-3.9426403,-9.3803425
UBE2A,11.147489,7.291263
ENTPD4,1.8947685,4.4583983
ZFP36L1,-2.4220357,0.7117021
HCCS,4.5958514,1.1528676
HSD17B4,-5.292504,9.428569
RBMS2,12.826011,8.272714
PPP2R2A,-0.12728037,-7.658921
TTL,-0.2184139,-7.3040648
KDM5C,0.10722948,2.6499188
KLHL18,14.955407,-3.2991047
SIAH2,3.8029034,-5.029835
TNFRSF25,6.646252,13.461218
ZNF397,13.53273,11.592659
CES4A,6.036701,13.858279
SNX17,-11.122427,-6.4665265
KLHDC3,1.225853,-1.6937166
PPP1R7,8.905189,4.536873
IDUA,8.150477,12.333109
MT1E,5.6262035,7.4595895
UBE2T,-2.9143043,5.2171836
KLHL32,9.80715,6.9017167
RFK,3.6265116,2.5469851
SNTG1,-4.6198187,4.4526877
CNPY3,-3.2884257,8.048597
NTRK3,0.3954113,-3.5470908
MGAT4A,-1.8700285,6.059558
ANKRD36,17.56499,5.219524
LAMTOR2,-8.041613,-5.9403625
TRIM38,15.714093,1.5206977
MINDY4,-5.4735737,11.507798
UBR3,-2.9944603,-0.0042637745
ZDHHC1,9.687067,11.208162
MKL1,3.3515651,12.673004
SPAG16,2.1196916,5.9589562
TMSB4X,-5.213026,-6.7769737
SF3B5,-9.132051,-6.013641
GALC,-12.098965,2.4923668
PIP4K2B,-3.7962081,4.2075825
DNAAF5,6.969945,-8.78775
DAB2IP,-4.3448334,-1.986768
IRF8,6.3611255,-4.980006
FAM50A,-6.3686347,-9.871434
RPL22,-6.448866,-8.310061
TRMT2A,9.0799675,11.595193
GCN1,0.71573895,3.059645
KBTBD11,10.77914,0.36505178
HBA1,4.9512916,4.9110107
ST3GAL5,6.2916822,15.61475
RAP2A,-3.0184107,-0.18657951
IK,2.094224,5.957865
FOXS1,-4.5891075,11.437994
DLX5,-6.761557,6.2340612
INHBB,2.8051813,-2.8880453
RMND5A,-2.9225636,-0.3721365
NKIRAS1,4.16798,2.865479
PPP2R5C,-3.1359222,-0.39003742
DDX20,-1.6216007,14.210893
SNRPD1,-4.538146,-4.691242
RNF31,8.414004,-3.5390277
ARHGEF3,1.5115353,-6.880579
AP2B1,-3.641439,-4.241626
TNS1,4.0234184,3.2118385
DNAJC24,9.546035,8.058624
EXOSC8,3.5726585,12.832296
PSMD1,-3.6347508,-4.2559843
YWHAQ,10.103608,7.455029
AGBL2,11.842437,-3.987409
SMARCA1,11.339985,6.4361825
RPL31,-5.770709,-6.6817765
STMN1,10.0989685,7.45438
EGLN2,-3.961056,-1.908473
PPP1R3F,3.7882123,12.842674
HNRNPH2,-9.588037,6.3867345
CNTN3,8.027115,1.5095757
TECPR2,-1.0009255,18.24383
FNTA,-0.86302316,16.209242
COL9A2,7.457343,10.264305
BCAT2,5.293858,17.70977
MMD,3.7010417,-6.6428213
TNFSF13,2.16016,-2.2580469
ST6GALNAC6,-3.1321328,-8.654542
WHRN,5.9073377,11.901898
SNRPB,0.4588232,0.90515786
HSPB8,2.961817,6.8421226
MYO1B,11.835936,1.4259554
FAM153C,6.2799335,13.478511
LBH,-4.8423395,11.492407
GGT7,-2.661465,9.530424
BRD3,0.35063985,4.355627
TREM2,6.2928476,3.6746712
NCAM2,9.624521,-1.1789005
PTHLH,0.54795945,-0.47449458
INCENP,10.206996,14.919224
TFG,9.479016,-4.484734
LRRC10B,9.193435,4.0124893
CSTF1,3.3448596,-4.814333
RNF165,-2.4113698,8.943929
MDN1,4.486754,-6.9168515
MEF2D,-0.91402185,7.6828856
LATS2,6.676017,-1.6293354
VPS4A,8.278729,-3.8080413
KCNQ3,1.5878487,-5.882771
EMC2,-12.1226845,2.508568
NEGR1,-3.3502688,6.122245
PRKCG,-5.750411,3.6096728
ALKBH5,12.288274,3.9762964
PHTF2,1.519922,11.801519
FXR2,0.85567176,0.43801406
MT2A,5.628067,7.486793
FER1L5,8.229536,4.723588
MTMR14,-10.1061535,-4.6687264
ACSS1,-8.14977,4.908823
ANKRD54,7.3074284,-8.904895
CDC42SE2,-0.1310798,-6.9946795
MS4A4A,-1.0973594,1.1872635
FTL,4.2532926,-3.100098
DIRC2,3.3986814,-3.0787852
LGI4,2.0222392,16.45767
MMS19,3.81997,15.445658
UFM1,12.019917,14.286329
DPH3,11.303885,6.528533
RNF2,9.724303,-1.3047407
GPR161,-8.717314,3.2806861
CMTM7,5.9690547,-4.6344714
NEK1,-3.635557,2.8017697
CBLN1,-1.1830596,3.8438308
CD34,-3.9921653,-2.2058485
ZNF775,-6.082368,16.872154
TMX1,6.5346017,-1.487249
EIF4E,4.078457,2.688843
YIF1B,-9.475227,-4.8695774
UNC79,9.667961,1.4210442
ZNF436,3.689279,-5.783045
CAPN15,-1.419085,3.5367699
TIMM13,-9.703427,-4.920355
SCML1,10.268586,0.27551442
PPARGC1A,-3.768307,15.818209
CAPN2,-8.599497,3.938143
SLF2,13.579377,11.5294485
MICALL2,2.3145204,16.523245
APH1B,3.1854942,6.534634
WEE1,-2.3227925,0.5633186
BCAR1,4.2224045,10.496117
ARMCX4,13.80356,4.4365497
SMIM15,9.594766,-0.83865577
CYB561D1,2.207995,16.425323
UBXN2A,6.1489234,-1.9696695
PRDM11,10.571032,11.943822
TGFB2,-8.97523,2.8246636
JRK,2.232331,16.456112
ODF2L,16.10062,4.286656
MBNL2,3.236335,1.6789159
MVB12A,6.7326717,6.1426125
CA4,-3.4190247,11.275494
PTRH1,-1.7209418,1.5257239
CDS1,-5.7313647,11.350077
FKBP1A,2.549946,-5.7026186
NPM1,-6.382041,-7.2538714
HOOK2,7.4086466,13.149412
WSCD2,9.325152,4.6658344
ADPRH,15.7135,1.5210294
KCNC4,4.348944,-9.52491
ADAT2,17.59662,5.2512126
SH3GLB2,6.4493184,15.771783
TTBK2,-0.57234246,-6.5275407
GABRA3,-3.8810022,15.93453
SNRPN,-8.00379,-0.94566745
EMX2,-6.212345,-4.5953126
ARPC2,0.76732403,7.8139935
SRD5A1,11.171709,2.840683
KIAA1147,11.416315,13.170903
SALL2,-0.6510601,-2.7452939
FOXF1,-7.230492,12.805764
EDEM3,-1.1765814,11.07146
SLF1,-5.104114,11.434265
TMEM205,-8.111435,-0.51978105
ZNF487,-1.7255561,1.572652
TDRD7,12.725821,14.589961
FAM49A,-2.351759,5.731495
DFFB,6.4509287,6.5198774
DCAF12,-11.351134,2.3956757
APEH,9.772483,13.667326
CARS,0.5768253,0.83531886
PEX11G,13.516526,5.630015
DMPK,3.0244744,10.3499365
NCKAP5L,0.45021752,2.8383033
UMAD1,-8.435178,8.328124
P4HA1,2.7956345,11.550674
ACOT8,1.2760135,-1.677867
MGAT1,9.222288,-6.10783
MED23,8.103083,-5.287048
ZNF141,-11.5198555,-2.399065
DDX51,14.467855,-0.34585688
TMEFF1,-0.23673676,-7.222655
CYB5B,-9.137095,2.7323232
PLXNB1,0.036898937,-4.7234635
HIST1H2AC,-1.898451,-7.7985687
WT1,-5.287035,5.940195
UBE2D1,-8.145977,8.629426
SELPLG,6.257357,3.6294146
LYPLA1,7.528893,-2.2298784
EPRS,-9.103438,0.9397728
UROD,-10.650287,-8.593942
ABCB6,5.5846767,14.048717
ABT1,-4.9106903,0.46765053
NACC2,0.5625035,-3.6526403
GLB1L2,8.653953,1.6911288
MTERF1,-0.32259798,18.928276
ILDR2,7.9202704,-0.59926736
DMKN,-5.716189,2.9448495
TXN,-5.7247434,-6.6399264
ELK3,-11.130088,2.2473283
BEGAIN,10.017015,3.373717
PDCL,6.9411325,-1.7325869
ACOX2,2.6271162,-2.8298976
RBM3,10.217027,-4.7074556
RIMS2,-6.2367187,6.473569
DDIT3,12.194162,3.8971732
NELL1,0.45715556,-0.5571766
CARNMT1,-5.935032,7.0396385
SNX32,5.5638204,14.064541
SIPA1L3,4.3504496,-9.523916
CMTR1,4.579093,-6.9214044
C3,-1.1492732,1.2322893
GOLM1,-5.216174,2.0553417
DTHD1,11.840944,-3.9908335
SLC38A2,1.9798343,15.241977
UBA52,-5.603511,-6.7035394
MAN1A1,0.23067652,16.714687
GNB4,-11.12889,2.2461474
FAM13B,-0.43970153,-6.6502495
ST6GALNAC1,-3.5394542,11.4161825
KBTBD6,-1.2820272,-5.688614
UBE2E1,4.4905934,-0.06273899
ARL6,3.1990068,2.8517258
NIPA1,11.428728,13.1884775
SLU7,4.544609,3.175801
VANGL1,11.850287,-3.989163
GGA2,6.48771,6.417086
ZNF84,3.2626462,0.20014524
SEMA5A,8.23211,9.350433
GGT5,7.3817205,11.562881
ARHGEF40,0.035114553,-4.7228203
HMGB1,12.395805,14.140421
MAOB,2.5159733,13.907395
PSEN1,9.796612,6.895168
SURF2,-8.670866,-5.948234
HDAC7,12.663928,9.25158
NT5DC1,5.864932,10.589779
NDUFS1,1.7262628,-9.137227
NCOA2,-8.006706,8.791021
SLC5A3,10.01609,-4.5483217
EGR2,-0.2882623,8.475482
ATRAID,-9.014064,10.320853
CCDC74B,9.680808,11.222384
ZC2HC1A,-2.552968,-5.5460453
UNC5B,5.788506,10.061746
PLK1,6.714085,13.423834
TACO1,-9.0557165,-5.224223
FASN,3.7838988,12.83611
BMT2,-0.304933,12.430671
EMC4,-4.5448394,-4.3462577
TWSG1,6.9280324,-1.7548741
ADGRV1,-6.216676,-4.5945644
NDUFA3,-8.50717,-5.6917996
STOM,4.2115664,-3.103501
HMBOX1,2.3112528,16.522125
STK11,9.102297,11.552648
ETV3,3.8546786,-0.7331149
BCL2L2,9.648127,8.0643015
RBM33,14.603687,-0.51080334
POMT2,4.512759,10.077633
TMEM151A,6.384496,15.701041
SAMD1,8.322094,6.8614326
CYP4F11,2.0155575,16.475437
DNMT1,0.11194652,2.6430926
BANF1,12.34576,4.03551
ZRANB1,0.4731833,4.471539
BTF3L4,3.507025,2.3471088
PRKCSH,-6.371677,-9.865758
RPRD2,13.563451,5.7011757
MARK4,9.43681,3.1630888
GALNT16,0.82087785,1.7506152
CTXN1,-4.9959683,-2.0300534
RGS6,7.9986115,1.4768668
MEA1,-4.2222233,8.770107
IFRD2,3.7978578,8.343832
PLAA,10.620629,4.8822865
FGD5,12.7187805,8.739269
RELA,3.999519,8.086907
MAP1LC3B,4.348544,-0.030163387
NPAS3,3.618147,-2.7373772
NAMPT,4.7713256,7.461966
ADAM33,-4.157167,11.389234
CASKIN1,9.279227,3.1872244
SMYD2,-3.7607508,15.810014
HNRNPA2B1,10.104036,-4.442093
TOM1,8.273881,-3.8202257
POT1,4.4630685,12.117083
ABHD5,2.3017857,8.706033
SLIRP,-4.7642636,-3.693226
UNC5D,1.1307546,-0.46777654
PLEKHB1,8.217748,6.715959
ZHX3,10.5714245,1.3520012
DGAT1,-1.4567012,3.4905334
ANKS6,4.439001,10.032334
LENG1,-6.082612,16.872473
AFDN,7.0926213,-1.1114825
CXXC4,-1.2911808,-5.7005644
SGK2,7.199291,10.197689
UBR2,11.914993,-8.090261
CTSZ,-3.2712245,8.035128
HEY2,-0.71525884,-2.6503348
CCDC92,4.4262705,11.542546
ZGPAT,8.546261,11.817963
PPM1J,-4.1914096,-2.018812
GRAMD2,-4.195014,-2.021986
NPIPB5,4.222898,0.0001427153
NPIPB4,4.21873,0.019229595
ZIC1,4.6409483,0.92104673
ZIC4,4.6287494,0.9436918
COL16A1,4.5040493,0.18436612
CHKA,4.476394,0.26716667
SLIT1,-6.2156405,-4.5962853
CCZ1,-4.923289,11.492781
CCZ1B,-4.907596,11.483846
TLDC1,1.8495028,-1.9782937
FAM161B,1.8995537,-1.9734683
PARN,5.983724,4.6029415
WDR70,5.994206,4.60918
NPIPA1,-1.3987567,1.3065568
NPIPA5,-1.3851813,1.3050073
ZNF830,8.37285,-3.5723546
WDR53,8.372358,-3.5689387
DOT1L,8.710326,8.688889
CNKSR1,8.748757,8.707212
SMCR8,-5.0507083,-2.0769193
KDM4A,-5.0400004,-2.0593948
SLC35E2,-8.098144,8.652136
CDK11A,-8.108973,8.641555
CYB5R1,7.4952602,17.100027
MAPKAPK3,0.03614181,-4.725338
SLC35D2,6.334893,11.196768
EGFL7,12.81527,9.332395
RWDD1,12.082627,14.360974
NAPG,3.4204133,2.4762278
MBD1,3.796804,15.46665
TMPRSS6,-6.1573277,3.7010994
TRA2A,-0.3226029,18.928198
OTULIN,9.324909,11.424917
SLC9A9,-1.0887793,4.0011444
CCPG1,-3.1847136,1.0730578
SUPT5H,8.056302,-4.773764
MRPL28,1.2370764,-1.6487341
DOCK3,0.6653023,-0.5219527
DIABLO,3.9695835,-3.7240837
CNOT6,5.8105783,-2.18879
HPSE2,-8.13467,5.0593247
ATAD3A,0.8138497,-1.7697831
AP3S2,6.6726193,-9.169461
LHFPL3,8.307906,9.274385
CELSR3,-1.7418915,7.8961005
INPP5B,-1.1687714,3.8866062
WDR12,2.6691313,3.6375053
MID1,11.8329315,-3.995628
CNNM1,-3.954515,6.403423
DNAJC4,-8.183221,-5.796935
MON1B,0.37353143,4.379823
PIM1,-8.091847,-2.8780277
ABCA7,3.942451,15.303525
NEU4,7.6602902,9.776557
WNT7B,-8.059755,5.516398
FBLN7,-3.7614524,15.811079
CPEB4,-8.080899,8.678396
ENY2,-4.606654,-4.238544
LYRM1,4.3850584,-0.038259238
RC3H2,-3.2224982,0.5363239
NCS1,-3.7920718,4.191841
MYL6,3.8689446,7.844625
VDAC2,4.6198354,1.0459509
MAGI3,1.6742145,-9.250679
NAA30,13.610764,2.1983118
ZNF365,3.189537,1.5271766
SS18L1,1.97511,4.625364
BLZF1,13.702893,2.28193
KLHL29,3.298885,-6.3624005
NDRG4,9.988653,3.351039
FAM92B,-13.10152,0.03263355
FAM167A,0.076484665,-3.7032223
PMVK,2.2136962,-2.2797728
MPDZ,7.1601853,-0.15022339
MTMR9,-1.1654234,-5.522376
ADORA3,6.365839,-4.9833107
NOVA1,-0.8061279,4.8738365
ZNF580,9.664539,2.8255978
FANCG,17.608416,5.2633333
CPEB2,11.639984,13.507732
ANKRD39,-1.79971,8.3169565
PLCD3,-0.841851,4.8459983
APOBEC3G,-0.16139759,-6.930562
ENHO,-0.21491453,-4.041724
SRRM4,-6.6446724,2.6436553
MICAL2,3.296686,-6.365196
ZCRB1,12.096927,14.404157
NFKB1,9.328177,11.420987
EEF1A1,-6.4202647,-8.28337
SOD2,5.69617,7.4563856
CDH2,3.597768,6.1688266
ITGA5,15.84299,1.686363
GPRC5B,8.791394,8.736167
FAM129B,3.7825885,8.182631
TTC21B,-5.790193,11.321151
SPOCK1,6.356433,15.674869
HIGD2A,-8.572804,-5.9330544
MAP7D1,10.722194,16.851927
SMG6,2.2434294,16.448126
CCDC159,5.8585362,9.964249
PRPF39,1.6943456,11.588926
OCRL,-1.8701284,6.067779
HTR1D,-4.668727,5.8532443
SLC6A17,-1.7795966,7.9897685
EPHA10,-5.6525745,3.615733
E4F1,8.744922,11.677997
CD99L2,10.722177,16.852127
NDUFB4,-4.3343887,8.684846
AZI2,12.297595,3.230015
TMEM198,8.176085,-4.536119
TRIQK,3.2038987,2.8518283
ATMIN,-1.8484718,11.222734
VSNL1,-3.7229545,15.768039
YTHDC2,1.4975837,11.824448
DNAJC19,-3.8502512,-4.051763
DOCK7,4.5490828,0.34859234
NBEAL2,12.690031,9.265308
ABCC1,7.695831,2.3776295
IGSF6,6.354693,-4.972383
ADCY2,0.60589236,-3.6594725
PEX11B,-2.9302392,5.3040752
CEBPB,-8.171174,-2.7991922
TOR1A,2.7700322,-6.207705
CDKN1B,14.940984,11.162285
FGFRL1,-1.0660491,-3.3293738
UQCRB,-4.315111,8.701244
OXCT1,-2.8651636,5.0329056
NCAPD2,9.502223,6.590502
MTUS2,-4.1310062,7.327853
RGS8,-3.9568286,7.0429535
DOC2B,3.0729158,-6.6194115
GINM1,-0.86598057,16.213718
KCNH4,-4.6682425,-1.9338716
NTHL1,1.2086126,-1.7241232
TBL1X,-6.22209,-4.5945067
ZNF583,-0.21835804,-7.3040905
CELF4,-2.4650474,8.976052
DHX15,14.690212,2.9968483
FRS2,-1.5653507,11.06356
SNAPC3,13.702636,2.28255
SLC7A8,-4.7065673,-0.7802773
ZDHHC9,7.217172,10.179002
KPNA3,-0.33328044,12.462525
CREB3L1,8.25914,9.327208
APOL1,12.499703,8.310988
ABHD17C,2.001276,-8.605137
UHRF1BP1L,2.8160481,3.17719
RNASE4,-3.6973886,2.1081486
GPC5,4.0571795,-1.8802325
ACO2,6.935441,-6.899105
BABAM1,-8.071069,-0.7616164
ANKRD13C,-8.362068,8.402859
TMEM218,-4.756587,2.025397
ASPHD1,8.079571,-4.7525983
YARS,-2.9816363,5.3523126
SYMPK,3.8808675,15.376209
GRIA4,-6.75346,2.6421182
DDOST,-6.729779,-7.6425004
TTC30B,-3.6276438,2.787776
NIPA2,12.263608,3.249096
HAGH,1.2695322,-1.6749767
NEDD4L,9.173101,-2.3407161
PAM,-2.4535203,7.9634075
CYCS,4.52658,1.3603199
ALOX5AP,5.751868,-4.425728
MSRB1,2.2348037,-2.3260734
CISD3,-8.21998,-1.1951674
ZMYM4,3.167727,4.419901
LRRC8A,0.6386217,-3.6737385
ABHD13,-8.112923,8.6857195
PCNT,-4.8107533,-0.7932811
TKFC,13.517139,5.6279
CSF2RA,6.319587,3.7222006
LDB2,-2.4141765,5.789202
TPR,5.603955,-0.16342503
ANKRD49,-3.1723707,1.1490694
CLSTN2,-3.7354221,15.785536
POLR2I,-8.612668,-5.9562473
PLA2G4A,-10.899099,4.708244
TMEM63A,5.7903547,10.102104
SOS2,11.692333,13.569721
GFOD1,3.9634833,-6.9196286
B3GNT7,8.262423,9.327361
ZBTB6,-1.3451506,11.049279
CBFA2T2,3.6771164,13.009194
ZNF529,2.4256415,4.8884006
SLC2A13,-5.6747513,6.767377
ZNF195,5.7859097,13.9276085
TRUB2,-8.28234,-1.283287
MGST1,4.2102222,-3.101027
KDM5D,0.10302301,14.857184
SORCS1,-3.958484,7.0464377
LZTS2,4.30928,11.4795885
CACNB4,-6.0295677,7.125373
COG3,3.3530135,0.5156916
FSTL3,2.312544,16.521877
FAM117B,2.7064369,3.1850517
SNRPF,-5.4178467,-3.242043
NME6,6.107235,-2.4453847
BRK1,-4.2853355,8.672983
SLC6A11,3.3140726,6.378591
DYNC1I2,9.799668,6.892845
YPEL2,-0.23073007,-6.841418
FLT3LG,-9.402789,10.204895
EFHC1,-3.5096807,2.4070723
DNAJC1,3.9832835,7.9341264
ACADL,-4.8398757,1.9865696
TMEM132D,-0.90405965,7.7784796
EPHX4,-10.592346,10.798121
ANOS1,-0.5270043,-3.087704
HSPA2,6.310828,10.747665
INTS2,8.103029,-5.301597
THRB,2.541321,3.8011334
TMEM11,12.342662,4.0317864
WIPF1,8.589157,8.41683
MSI1,6.950018,-8.691173
SLC12A5,-4.0636296,7.179766
ADGB,-13.1007,0.033259008
FAM98C,0.9877129,-1.7827597
SLC2A3,-7.9488554,-3.0470035
PRRC1,6.254588,-1.6922005
PRKAA1,-2.0227726,0.5996832
FLNA,11.962587,7.9851174
PIM3,-1.7123024,-0.3979691
ADRA1B,0.82212704,1.7521538
KIAA0100,4.5903773,-6.9194036
PPP1R14C,8.094278,2.0376174
WBSCR17,-5.2179823,-0.24693683
LRRC34,-4.519944,2.0068986
NDUFB11,-7.958053,-0.98550177
SMC4,5.7196937,-2.1576324
CPT2,3.7676492,-3.3027453
OARD1,-4.5425415,-4.691876
CCDC191,5.5708747,2.1505506
ZBTB26,7.320009,-0.0483015
KIFC3,-1.0818635,-4.169917
SGPL1,-2.4633772,6.57074
HIPK4,-5.7647347,2.8532987
PAK3,9.64841,1.4236461
PLCH2,-1.53156,3.3884053
EXOC1,3.6570268,0.20271465
DNAJB2,5.910502,11.904945
FOXK2,8.335686,-3.640442
CNPPD1,-6.7416153,-9.482957
CD320,-3.4540641,11.302847
ARHGEF7,1.9004658,4.4908295
CCDC25,9.664348,8.066261
ZFAND2A,3.847209,-5.004442
AGBL1,7.996357,1.476255
FAM177A1,12.008984,14.002387
ADAM28,6.317927,3.7319121
SMU1,-9.367576,3.7341595
BRPF3,8.97625,7.393819
TLR2,-0.85433686,1.4452074
MARCH3,-8.9935255,2.889157
ARMC4,-2.5461218,1.4112388
IKZF2,10.332669,0.18232946
CACNG3,-4.67871,5.955398
ITGB4,4.7440205,7.852257
SLITRK2,-0.5772747,-2.8243248
POLK,3.1556125,0.6876266
HGH1,-1.0010076,18.2439
PNPLA2,9.26836,11.468435
VASH1,8.258392,6.7920995
SPEF1,0.8048822,-2.3380096
VPS13D,4.587575,-6.9184995
TMEM237,-3.608655,2.7155378
OLFM3,-3.3296807,5.699342
ORMDL2,3.8645077,7.8336797
OSBP,0.819899,1.7478136
AHCYL1,2.013124,16.467693
PPP1R9B,9.101081,3.147793
TMCC2,5.974794,9.887346
NBL1,4.500753,12.188565
DDX28,13.733432,0.95399296
KRIT1,-2.4958296,-5.661555
NR2F6,-9.502099,-6.9895797
MAPK14,4.5356154,1.306157
SETD7,10.368592,-0.11944647
ZCCHC12,9.0993805,-2.2794104
ZNF384,-0.13256109,11.40061
GPT,2.4428844,-3.3870249
STAT1,4.434639,7.3995275
SIPA1L1,-3.9607637,7.075623
CCAR2,8.275088,-3.8167593
PLSCR3,14.264361,5.147962
LGR5,9.528945,-7.531464
KDM1A,-6.7001843,-7.6136355
TPPP,5.982388,9.885897
ZNF711,-2.890902,0.076818615
ZNF91,0.038730606,10.585662
ZFAND2B,8.481179,11.876257
NGRN,-5.7181215,-2.7254856
KCNMA1,-2.3684614,5.7458596
ADAM9,6.7200437,-1.6474591
SLC7A11,3.765917,0.9089382
APPL2,3.6267743,-2.7575698
APOOL,-0.8407361,11.078784
DCLK3,-4.809033,6.1032043
ADAMTS9,5.7442155,8.030555
HPDL,-8.041636,5.494982
GPRIN3,-6.222177,6.4903812
RAB1A,4.6220756,0.9661041
ZMYM3,9.3540125,4.685705
RGS1,-0.74623275,0.9391672
BCKDHA,2.3964112,-2.0961485
ATP13A3,-3.1772227,0.45153943
IRF1,5.964962,8.229956
EPHB6,-1.900211,15.383938
SLC30A7,10.274638,0.25803694
ZNF783,14.171648,4.105385
EEF1G,-6.383167,-6.7024307
TMEM86B,-6.169882,3.7104623
SIL1,12.351097,4.038697
DEF8,4.7526646,11.685731
ROM1,4.045226,7.990716
RGS7BP,-2.5979626,6.5950727
FGD2,6.3667955,-4.9841495
TMEM104,-11.685774,5.883364
CHID1,9.771299,13.645677
EFHC2,-4.5224776,2.0202878
KHNYN,-2.6622243,6.6802926
SLC7A4,-2.4116302,8.945297
KHDRBS1,4.7025075,3.325331
AGPAT4,6.126907,10.795132
TNFSF10,-3.8236656,12.256157
SPNS2,6.3584533,15.678836
ANKZF1,8.011722,12.666227
SMARCE1,12.736417,14.606462
ZFPL1,-6.3593593,-9.87005
RNPC3,0.035710234,10.56481
RPL3,-6.3793817,-6.7053056
HMCES,1.1466477,0.6653323
GLUL,-1.0496126,-3.3218417
ZNF205,9.163478,11.535865
MFAP3L,6.675209,-0.6073773
ZNHIT6,12.016931,14.28487
ZNF654,7.578735,-2.2623353
EFHD1,8.753646,8.6974535
IFI27L2,-6.3278723,-2.6937761
ACVR1B,-4.1017795,7.2996264
IFI6,-3.905007,12.518939
AMFR,6.7006087,-9.141383
KIDINS220,-0.49133676,-6.591446
SST,0.011694213,-0.9042314
KIAA0319,1.673245,-9.253039
HBB,4.951629,4.9125133
DIS3,10.622626,4.878985
UFC1,-5.7474427,-2.633486
MYLK,-8.711935,3.8220003
CYBRD1,3.6036844,-2.8063774
GATSL2,0.50888455,4.4864287
IRAK3,12.613272,8.369433
TRH,-1.1811363,3.8496354
TRMT12,6.1183124,2.273993
TUBD1,4.7742662,0.8494165
TBCA,-4.692968,-3.5358472
CDH10,-0.5448498,-2.8753066
VCL,11.942452,8.002955
IMPA2,3.57741,-3.115988
IL17D,-0.1869672,-4.055144
SEC13,-5.9353046,-2.5034595
RHEB,4.021218,-3.780533
ARG2,3.8359725,-5.0217066
TMED9,-6.81609,-9.406933
TM9SF2,-9.936693,7.221181
EPSTI1,-3.9000604,12.512162
CCDC65,-2.432723,2.2843077
EIF3J,11.29319,6.56001
NDUFAF5,0.901592,5.456831
ODC1,12.131218,3.8190632
TRMT10C,3.3461936,-4.8167334
JAK2,7.8867836,-2.4216383
DNAJB9,1.9446748,1.2743331
UBR5,-0.35060948,11.209756
PSAT1,3.6202395,-2.6735168
NHSL2,-4.8582916,6.112698
LRRTM4,-2.5174856,5.3068643
CREB3L4,-1.8061668,-7.6840777
GPT2,3.702538,-2.3029482
BECN1,0.1936328,10.76795
CLPP,-6.821192,-9.407425
ZDHHC21,-8.850468,6.7408843
VASP,-1.9525659,-0.05835647
SLC25A6,1.3896143,-2.0240955
F11R,-1.9748038,-0.01472744
PTP4A2,8.407744,7.234421
NIT2,-2.387436,7.964817
SGSM1,-1.8758558,9.121392
C1RL,2.5325496,13.889447
MAF,-0.4819497,-11.1126795
ZNF526,2.9108412,10.233737
CDK12,-0.36141258,11.243368
MAD2L1,-1.3688104,9.404851
HOOK3,3.3386316,0.75341207
KATNA1,-1.8078651,-7.6897225
MTX2,-2.901229,5.2065306
CDKN1C,6.5034757,11.175768
FBXO30,5.9499593,-2.1210375
TRERF1,-2.3932233,5.773777
SEC16A,14.4737425,-0.35197058
FKBP1B,-5.5419908,-0.28285894
SLC47A2,-13.100763,0.033338264
DGCR2,11.825962,-0.02065621
GNB1L,-3.9061656,-1.8858063
PCMTD1,7.3313155,-2.0613694
KLF4,11.502251,-7.8044004
ARSF,-8.135735,5.0742106
CNPY2,-10.640683,-8.583727
SOX8,7.4702196,9.959911
DFFA,-11.943676,3.2123523
PGM3,2.5002558,7.933718
ADGRB1,4.026126,15.18932
ME2,10.387062,-0.14342344
TIMM8B,-5.4265065,-3.235739
TBC1D9,1.9114401,-1.8656415
MFSD8,3.6061223,0.1390925
SLC12A7,-4.6035795,10.835985
RSAD2,-3.8978639,12.502901
MEIS2,-6.7685704,6.2352877
ATOX1,-7.95611,-5.9219785
RNF19A,-8.15467,5.6067467
MRPL20,-10.619236,-8.562578
DIAPH1,3.007475,-6.717933
SYNDIG1L,-3.9430075,-9.381356
NECAB2,8.968792,4.482063
PGP,8.131264,-4.707794
ARSG,-0.0461333,-4.028312
ELAVL1,9.436731,-4.4672394
SELENON,-4.2082925,-6.7550387
MVB12B,4.521313,10.311639
RPL7A,-6.382313,-6.7032604
CNR1,-6.224928,6.4873633
MARCH9,-6.0275016,1.9251924
COL11A2,13.813603,4.4328074
NMD3,3.9134555,5.8640785
TAF9,-1.5723481,14.204678
WDR6,-5.6237054,-5.694664
KLHL2,0.22961567,16.713335
TMEM201,-1.2571487,3.7604082
DPY19L2,-2.4877055,-2.3620179
NFATC3,-0.32211572,11.295945
TBCB,-9.17471,-6.0506873
OGDH,2.401509,-2.0987165
FBLIM1,11.9689045,7.991564
TRIM36,-3.735505,15.785236
SLC25A42,-3.5607848,3.9487152
GATM,-5.915531,1.829274
ACSS2,4.250458,10.4824
ZNF621,12.455818,14.1935425
CCDC47,4.6131835,1.2688618
MVK,0.7634476,-1.7342505
PIGL,17.500631,5.1532564
LDOC1L,0.37062111,4.377107
KCTD15,3.4282289,0.8862913
MAPRE3,8.567611,4.5737805
SEMA4D,8.370328,7.2724257
ABHD8,0.43379328,-3.54523
SUCLG2,3.7148814,-3.2124705
LBR,2.3090556,8.342518
SEMA4A,8.419146,-3.5413156
CHD6,-2.5473921,11.31905
PHF14,-4.6523786,4.4786553
WDR43,7.9860153,-0.54558283
TTN,-2.7897604,12.069204
COLCA1,-4.215685,1.9785093
RAB4B,-8.697318,-5.1437345
MRM3,6.94862,-6.892422
UBXN2B,-9.58333,6.418323
RIT1,2.242698,8.901152
ZNHIT2,12.355659,4.0418706
RNF5,-8.264618,-1.2558708
GHITM,-3.7539186,-4.120633
KIAA0825,6.208152,2.1445966
PCDH1,-1.7202309,6.250517
ERRFI1,11.912173,-8.086482
ZNF410,1.8129175,1.4051814
GPATCH3,-9.509695,-4.929707
RNF126,0.7481187,-1.738219
FGF22,-9.435649,-6.793297
TRMT5,1.8758619,10.20544
COL9A1,8.098562,9.484682
HTT,3.7024672,12.882526
PSMB5,-9.229054,-5.6419625
DEGS1,9.640406,-0.6306929
PROSER3,-5.51842,11.525829
RASSF7,-3.9498036,-1.8965706
ADO,-0.12514529,-7.650463
SLC35B2,7.4473605,10.246103
WDR74,0.5097813,0.86928517
CUL1,3.533394,-5.271576
SMTN,12.246046,9.58732
CDC34,4.4403667,12.106134
CSMD2,-4.3681335,7.5548663
QPRT,0.03552752,-4.7120194
HAUS2,9.640031,-0.6313763
HMGN4,12.264614,3.2587283
CBX1,11.149697,7.2918973
SHANK2,-3.4424756,5.527793
PAGR1,2.81398,-7.06189
PDYN,-4.700239,5.8589077
RAD54L2,2.7868288,11.557218
TCF7,6.971206,-8.734542
EPM2A,12.477825,14.203753
EIF2B3,2.5537384,-5.6885705
ZCCHC24,8.831506,7.344023
MT1G,5.6064677,7.478869
CENPQ,-12.108146,2.5264063
SEPT2,3.6989799,-2.3373709
MARCH5,0.9092718,1.6415098
HIF1A,-9.125271,2.7369752
GPCPD1,-0.54085565,3.7708716
HBA2,4.9523273,4.9111586
RBM22,13.681045,2.3043892
RIC8A,-11.232469,-6.3866663
KLHL35,-5.9367223,3.5568087
PNN,4.5119433,-11.2400055
DPH7,8.471846,11.819825
MANBAL,9.772456,13.645412
LMNA,-1.8325214,-0.20790938
COPG1,0.602775,0.8074641
CDK19,8.433353,7.5302386
EMC7,3.9731543,-3.7243748
TAOK2,-3.1046727,-8.624832
ZBTB37,5.5396748,6.17206
ZNF682,13.803823,4.4353814
FEZ1,6.4218574,10.618332
DNAL4,-4.128247,-1.9528254
LEF1,-3.610773,11.608324
ZNF253,-5.3054366,9.437771
LACE1,11.855115,-3.9879932
BRMS1,-5.5331583,-10.761789
KDM1B,-5.4334483,2.2789664
GOLGA2,-5.5169454,11.527598
PIGV,-10.389758,0.90836173
R3HCC1,-9.503887,-4.907227
GALNT11,11.177319,2.844622
BCL7A,3.7264442,-6.6939826
LAMB2,4.0009093,3.1729133
PNPT1,1.9784478,15.24343
LEPROTL1,-9.934981,7.2365694
ZNF585B,0.05252966,1.543567
ADCY8,3.3192837,6.3724546
TTC8,-2.490184,-2.3682592
UNC45A,4.8596787,11.663379
SLC25A48,-8.137503,5.0337467
ZBTB21,-0.29658827,12.414211
PTPRD,5.867188,10.585543
DHX58,7.496467,17.10133
GABPA,7.3348184,-2.063832
RCC1L,-11.072493,-6.4998193
HSDL1,2.5845137,3.8671896
FAM189B,9.354008,4.6908627
NMI,4.5721493,7.4398923
B2M,-1.8015864,-0.23825072
TMX3,-8.978042,7.7147565
PEX1,1.4867884,11.841406
CDH20,3.5751412,-3.0229392
GPR183,-0.73514944,0.94173175
MARCKSL1,7.355518,10.194237
SMIM10L2A,-4.124416,4.301447
PPP1R26,0.060132265,-3.6967325
XPOT,6.104786,-2.4939425
SCN3A,-4.395092,7.5747995
KLF15,-0.719152,3.8941274
MED11,-6.082487,16.87227
CIZ1,8.05406,-4.777805
DEF6,6.6417365,3.668261
ZDHHC22,8.329237,9.25337
SLTM,-1.5994904,-10.521327
GDI2,10.37197,-0.16145661
MYO18A,-0.15071906,-7.587716
INPP5D,6.2960877,4.1548977
ZNHIT3,-4.2807846,8.678009
DDB1,-0.88607204,4.947237
TSR1,9.547357,8.008501
GOLPH3,2.1888158,10.420442
HMG20A,0.07797165,10.632245
OPA3,8.655345,3.0938272
EMSY,8.103622,-5.3111014
B3GALNT1,4.1572104,2.8102424
PHB,-7.901799,-5.977642
IARS,3.4199145,-5.556307
FUNDC1,-3.8178346,-4.071699
ICAM1,5.95275,8.212191
ZMYM1,7.1013107,-1.052567
GLDN,6.102051,10.791839
NOS1AP,-6.7123775,2.6427193
ZNF419,-11.5196295,-2.399226
ISLR2,-4.918018,-1.1141427
PRR13,-5.536372,-10.757397
ZDHHC16,2.9134977,10.2378
MARCH10,-2.5563598,2.122188
SRSF10,7.605146,-2.2782848
MRFAP1L1,-4.6990476,-3.5439901
COL9A3,7.404576,10.214006
COX15,3.7731686,-3.329992
C1GALT1,10.235043,7.5372553
SKA2,12.475697,14.20314
CXCL12,11.85026,-3.988979
YPEL1,3.854097,-6.8367977
ING1,-7.902418,-3.095844
H1FX,-9.545675,-7.1200147
MTF1,6.8450665,-0.5454714
SCCPDH,4.42328,-0.070466526
ATF7IP,7.0747256,-1.0631431
MRPL45,1.6359247,3.709128
PRR18,9.938567,-7.5171294
TCAF1,-10.588336,10.794223
LYRM7,-3.0274732,-0.29589307
DLEC1,-2.0580153,1.5881523
NPL,-0.674294,3.8749323
ISG20,-1.8567909,-0.17549445
SCG2,-3.3827221,5.801888
MUL1,3.583939,8.621295
ADAMTSL5,-8.195039,5.621308
LGALSL,3.724727,2.7987611
WDFY2,-1.1501025,3.894085
ERICH5,-4.653637,5.94825
SORCS2,-0.09062574,-3.8012016
H2AFX,-6.7511153,-9.476485
PMPCA,2.3263643,-2.1260662
TTC30A,-3.6345916,2.8067832
STIM1,-0.6198496,6.6159954
CALD1,6.567651,-2.8212686
MRPL17,-5.8038445,-2.6539054
ADRA2C,-4.248511,-1.9741917
ABCA3,4.0690684,15.069017
PMF1,-9.868051,-6.4742184
TMED5,10.377188,-0.1522204
THEM6,11.82633,-0.021698697
MICAL1,6.473397,13.561135
NUDT4,8.042766,1.5245175
SLC44A3,-8.956661,2.9689043
APBB2,6.6556244,-0.6128327
EXD2,-8.470639,3.3608844
NR4A1,-0.27930132,8.484159
SEC22B,-11.816457,2.76284
ABCA9,11.904704,1.361303
ROBO4,12.582988,9.268721
CCDC170,-2.9867682,1.7048373
RSPH14,-2.4336853,2.2844017
ITGA6,-7.2290006,12.799287
CHCHD6,4.9756107,2.3565667
MUT,10.389065,-0.13737974
MSH2,3.2061362,2.8189454
KIF7,0.5174699,-3.6315072
TRIB1,-8.051947,5.480093
TMEM33,-0.33875954,12.47496
FAM161A,6.20655,2.1448245
CRB2,-2.4692771,6.567859
COLGALT1,-1.2697234,1.304057
RRNAD1,-9.448439,10.245727
ZNRF1,3.754108,-7.2465205
PRPF8,6.999776,-6.9337726
SULT1B1,12.887155,8.3009405
CD46,1.4421268,11.88848
CYP11A1,3.115018,6.665276
PENK,-3.9438806,-9.377176
RGS16,-8.126494,-2.8454921
DYRK1A,13.70084,2.2776275
MPI,9.772918,13.648461
YRDC,-1.3598181,-9.451142
SEZ6,-5.2304387,-0.32317132
LTA4H,4.4222593,-0.059097014
CDK9,-3.0398269,1.6325697
COL4A3,11.900081,1.3643202
RNF38,-2.5023856,-5.649178
UBASH3B,1.63313,4.737541
SRPRB,3.3646412,-4.8523154
EFR3A,7.307599,-0.035348073
GATAD1,6.0153527,-1.39287
NT5C3B,8.891476,4.5514317
OPALIN,8.448617,7.5575724
RARS,-1.6030394,14.218485
ITPR2,-8.823093,3.2523603
TMEM176B,2.137881,16.401566
LCAT,-0.15509003,-6.929087
PGR,-3.7037237,11.842762
RCN1,3.3134377,-5.6601515
CRISPLD1,-2.3605838,0.5983506
GAD2,-3.8867471,6.3173175
MT1L,-1.867565,-0.16773735
SYNPR,-4.724486,6.316032
IMPDH2,-5.53607,-10.756946
UBE2M,1.2603261,-1.7335545
CTNND1,-1.7975023,8.314568
UNC50,-12.132363,2.5182526
COQ8B,3.425711,0.90253174
GYG1,-0.5900653,3.8096025
GHDC,-5.5065055,-5.551365
MPPED1,1.1475462,-0.45746616
ACTB,-8.172579,-0.32471994
FAM65C,-4.1504774,11.394216
MECR,5.003785,2.3753972
SCLT1,17.563156,5.217588
ATXN7L2,-1.5268655,3.3946316
ZDHHC3,5.6968513,7.4553866
PHC1,3.7001696,12.9816265
XYLT2,8.211518,12.262586
SCRN1,0.5104981,4.446306
KIAA1324,-3.804647,6.398201
SGK494,6.46545,6.447154
CD2AP,8.116119,-5.246281
FRMPD3,5.7065063,7.4498644
PRDM5,3.1745536,6.55072
PPM1F,4.3491197,-9.525177
GUCA1A,-4.7310557,5.8254433
FBXO4,6.0676365,-1.8107866
THNSL1,-1.2900785,-5.6956077
ZNF22,3.735827,12.943897
LDLR,-7.9182863,-3.082467
MX1,-3.905014,12.520648
FNDC3B,4.8243885,7.462108
LPAR5,6.277672,-4.866514
SERTAD4,-4.8978176,6.1807795
MRPL43,-7.9406977,-5.8832927
MRPL47,-6.416378,-7.3161907
SPAG7,-9.2901535,-5.594671
TMF1,9.606447,-1.0046204
UAP1L1,4.5324,10.094254
KIAA1522,7.704431,2.3703024
DHFR2,11.742946,13.693408
ENOSF1,5.2278438,9.568887
HAPLN1,0.5139229,-0.50466585
GM2A,6.1010942,-0.42693532
SC5D,-9.929393,7.2134123
VSTM2A,1.9097768,-1.8869938
AHNAK2,7.696207,2.3767462
TBL2,0.58811146,0.8218041
SRPK3,4.4567685,10.049306
PCDHGC5,3.88715,-6.8552237
CDH19,9.898339,-7.493903
RIPK2,-11.202351,2.2941055
PC,8.417341,-3.5428607
CCDC85C,2.2825732,-8.434404
NFATC2IP,12.174015,3.8707674
RPS6KB1,14.691425,2.99648
RPL26L1,2.5422251,-5.6731734
RPL18A,-6.362583,-6.7150664
CAD,7.397895,13.208815
ERF,-1.7121246,-0.39687598
FGFR1,-8.125682,2.849315
IPO8,5.807802,-2.174856
CCDC91,4.275564,2.7828467
PDCD10,-9.604109,6.3726726
CDH3,17.60125,5.2559843
FAM192A,-4.9842434,-4.13365
CLCN3,6.0798726,-0.39955541
SOX2,3.7330596,6.040132
UBA7,6.0065355,-1.3858081
ESYT1,-2.0020468,0.016683985
SPECC1,8.757649,8.064994
INHBA,-0.3729914,8.415899
KLHL6,-0.75796145,0.92652476
RND1,-8.846649,-2.337429
KMT2E,-1.5993388,-10.52163
ETV1,-2.898159,-6.8351593
MZT1,-5.882566,6.9956117
CACNA1D,9.667563,1.4223635
TGFBI,2.5604978,13.863552
ZNF652,6.7697487,11.255908
RAP1GDS1,-0.43265352,-6.654771
GRN,9.226112,-6.111819
GALK2,12.732881,14.598977
SUCLA2,-3.153558,-0.41502804
ZNF667,9.664399,1.4236767
UNC5C,-0.14282535,-7.587488
PLN,11.991803,9.814517
COA5,5.1947556,0.012440678
MEG9,6.097978,13.801411
METTL5,-6.4235806,-7.315908
SVIP,3.2560852,1.4409704
HES4,-9.529037,-7.0873756
MAU2,14.148128,4.2677736
CHCHD2,-5.7578897,-2.746957
SAMD9,-3.8722079,12.418875
AGGF1,12.319778,3.1822767
EXOSC10,14.256623,4.0119185
KDM2A,1.7676284,17.924452
DACT3,4.315613,11.489383
LINGO1,-0.90609425,7.7844486
GNB5,-4.578317,4.4323645
UPF1,-5.629179,13.982469
PSPN,2.92042,10.245682
ZNF853,8.252111,6.7617955
PILRB,7.3174615,13.209786
PDGFC,3.6117814,-2.6837554
RPS6KL1,5.2911367,14.268025
SYT11,1.8346928,-8.805289
STAT5A,-1.9369444,-0.07063498
GPD1L,-2.6026278,6.927743
TMEM165,9.899872,-7.4936285
DIRAS1,-5.220121,-0.24006681
EIF3B,-6.420501,-9.821391
TELO2,3.018986,10.341293
DDX1,4.655671,3.288971
XPO4,3.3488824,0.8333773
KMT2A,-2.7732742,11.3604355
ZNF197,6.9725237,0.17835662
TMEM170B,-4.9964085,1.2196456
TMEM45A,-6.0568104,7.128785
IGLON5,-5.3633056,-1.4588273
NEPRO,5.16086,-7.8177185
ZNF461,-3.191524,1.0937288
PEX10,-11.68621,5.884357
SLC52A3,12.635018,8.322489
KRT1,-2.7686772,12.091119
DIAPH2,-4.901109,6.1689134
TNFRSF6B,7.3610525,11.565674
PHLDA3,6.178882,11.574968
KPNA5,7.9050393,-2.4289486
TMEM108,7.921373,-0.59824896
MEGF6,-3.871411,-2.3660476
RAVER2,4.5533986,0.33664072
MYH3,13.820573,4.4276514
ETNK1,-8.3652525,8.44039
PTPN6,5.9793596,-4.5856957
HNRNPU,-8.088224,8.649876
ZYX,5.8977127,8.1350155
KIF19,6.772603,11.255064
MOGS,0.71027124,3.052141
SBK1,12.106691,5.486423
LRRC4,3.7502365,-7.252392
EMD,-8.173449,-0.32454672
ZNF628,-8.687786,-5.1553655
WNT6,9.195745,3.999867
SLK,3.6479104,2.627441
PRKAG2,3.71702,-6.6616073
TRMT1L,-2.5161583,-5.6939855
AREL1,3.7349162,2.810293
SMARCB1,-9.493289,-4.409048
SAG,-4.7006636,5.859177
RCC1,10.227379,-4.7159114
KLHDC9,8.455279,1.8321427
VEZT,-1.6182038,11.061236
AUTS2,-0.5766378,-2.8228347
PPP2R3A,-0.863948,16.207325
GNA14,-8.959681,2.9679787
SARNP,-5.727531,-6.639372
MAP3K9,-2.7615824,9.764254
TANC1,2.296662,8.345934
ARHGEF37,8.435657,7.4792027
SH3GL3,8.3626995,7.273615
PTCH1,10.568749,1.3521677
SLC26A8,6.2857966,13.476094
KCNE5,-0.92530787,-4.0590277
FAM131B,6.3141804,15.634191
UNC119,-5.638631,13.9734335
FAXDC2,9.499767,6.621407
CNOT10,13.679528,2.3049593
TDRD12,-3.9427168,-9.381218
LOH12CR2,5.184743,0.0057116086
CHSY3,2.0889115,-1.6546134
SLC5A11,5.8538847,9.970387
MTMR11,7.6868825,2.3801317
LPIN3,3.3869746,0.8819354
MRPL54,-9.027839,-5.5293484
TP53TG5,6.064088,10.83189
FAM160B1,2.4246485,4.9070435
EPHA2,-8.448486,-2.585528
PNPO,-7.734913,5.607984
SIX3,-6.7704062,6.235028
KIAA0895L,3.9498148,15.293492
MEF2B,-9.438066,10.259905
TCAIM,-8.851993,6.741949
AGPAT2,-3.2851832,8.059534
COL14A1,6.591601,-2.8448048
UBE4B,-0.49205935,-6.5957155
UBE2I,-4.9319606,0.435169
MTMR4,1.6049827,11.659924
SMDT1,-5.440158,-3.2283742
UGGT1,-13.1805935,4.564991
FBXO9,-0.44433045,-6.645127
MADD,12.009429,5.547997
SF3A3,-6.608823,-7.5125647
FDX1,1.8897562,1.3511358
PCYT2,-9.290347,-5.7003384
KMT5C,14.128766,4.4625134
CIT,-3.9520922,6.393667
DGUOK,2.5482376,-5.685412
PRPF3,-5.860462,4.7711525
FES,5.895983,8.137007
BBS5,5.619174,2.190473
KCND2,-5.7980647,6.807279
NOCT,-8.82695,-2.349747
RELL1,4.819152,7.4688425
TTC25,-1.7321783,1.5218216
INTS5,-11.31929,-6.323822
INTU,-3.6349993,2.8105392
RAI1,-3.6011755,3.9880366
SEMA6D,10.034506,-7.561283
CXCL16,5.9913526,-4.6127143
SH2B1,3.8783214,15.37947
TESC,-5.0007725,-1.5432596
MYO19,14.221669,4.0625877
SNRK,11.94957,1.3155614
ERGIC1,6.302531,7.7725124
MAGED2,-1.0416224,4.288006
ASH2L,0.8904293,5.4773216
ABCB9,8.129462,-4.713879
ATP8B4,6.1465044,4.3378334
HSD17B3,5.239522,9.574297
GPC3,10.742243,10.123143
PRSS53,6.9813123,13.280014
RIC3,6.458003,6.517091
LGALS9,-0.8148896,1.4781922
ZNF7,17.436255,2.650894
GPR143,-0.029852591,-4.3864317
PHF19,-1.0712242,4.036197
ZNF236,0.03608808,10.562673
NTSR2,-0.08205589,-4.215266
ANKRD52,4.6716185,-6.9252806
PRKDC,-9.103745,0.93959045
CTTN,9.034868,14.268499
STARD3,5.2953544,17.712294
ISL1,-6.7620697,6.2372804
DCUN1D3,11.886372,-8.053894
MYO15B,14.186599,4.5888405
YDJC,-9.443508,-6.828836
RALY,6.312475,11.505955
EDEM2,-3.273113,11.487725
CNOT7,2.7266238,3.156136
CHMP1A,-9.949489,-4.765267
TICAM2,10.0929365,-4.6065464
NGB,8.346561,9.238974
CIR1,-4.680141,4.491103
RUFY1,-9.01897,10.319547
JPH2,-10.9042225,4.710716
BTG1,-1.7649312,-0.26661846
FAT4,13.589935,11.522743
LEPR,12.643761,7.3020525
MIGA1,-2.960731,0.04105885
INO80,-1.5993007,-10.521497
RNF25,-3.232375,-1.9062258
NT5DC2,-2.4677484,6.557806
NPTXR,1.1462252,-0.4603822
HAMP,-0.8460682,0.70698684
FOXN3,10.398276,-0.11643654
UBE2F,1.9072785,1.3455241
ZC3H12B,-3.3553863,6.127985
ITPRIP,-7.9363384,-3.0612545
INTS12,1.9477957,1.2669094
PDE12,-10.984329,-1.2428479
H3F3B,-1.8345819,-0.20234926
ACTG2,11.935073,9.859547
IRF3,3.8365486,7.8131876
SHANK1,2.049799,-1.645026
PPM1H,-0.14632604,-7.07041
SETX,7.20384,-0.11649831
PRAF2,-8.173617,-0.32533586
NOSTRIN,12.827862,8.240744
STAMBP,9.802912,6.884842
ASCL1,5.993385,4.592437
CHST6,5.5839467,7.9018574
ZER1,4.539496,11.909649
GYPC,4.9427123,4.90989
POLR1D,1.6565883,3.7123597
WDR11,3.5890968,0.21691422
PCDH9,-5.221212,9.3684025
PHF20,4.628401,1.2659751
CLK2,14.249978,4.0239625
DONSON,4.5134015,-11.238237
RPL36AL,-5.208129,-6.7782927
CRTAC1,0.53983194,-0.48427206
TNFRSF14,6.012282,-1.4108305
GOSR2,4.5620947,16.589836
CCNI,8.02631,8.291148
COG2,10.576653,1.352524
POLR2M,12.424961,14.16081
ZNF319,0.46810782,-3.624705
ABCG4,-2.691753,9.5949
APOLD1,4.845997,7.404694
TM7SF3,12.327863,3.1853817
ARF6,9.638931,-0.6359123
FER1L4,6.3816633,13.620056
CREBRF,-2.9417593,-0.3581047
ATPAF1,3.8965423,-3.4929397
ZW10,13.678227,2.3063595
TMEM98,6.3203397,10.792816
ZNF135,7.665076,12.815306
ARL3,-5.775387,-2.675551
APLNR,-2.2101643,0.34676877
PAK4,-9.395757,10.1993065
DYRK2,-2.4623384,0.9462103
PELI1,0.2312197,16.714546
NCK1,-11.792635,2.840705
PACRG,2.1190138,5.943867
SOGA1,9.429869,6.5384974
ADI1,3.8626015,-3.4652436
PSKH1,2.0328941,4.6731577
HEXDC,3.9452455,15.299884
LOXL2,7.363906,11.567827
VPS13B,-2.5665252,11.330734
YKT6,-6.5763106,-9.655931
PTPN2,1.5080849,-6.8757005
ANXA7,-9.374846,3.737048
DHX8,-11.338807,-6.3078885
PAPSS1,0.23078659,16.715078
IL17RA,9.195459,4.003838
CLK3,9.058426,14.228973
AFF2,0.45409787,-0.5586713
TOMM40,-3.8937418,-1.8810239
LRRC8B,3.2064767,2.8194196
CXCL8,15.654221,6.476399
CRB1,-5.2959313,2.086259
PTPRO,-2.9383993,9.243766
PSMG4,-5.7165117,2.9470482
NXF1,6.850015,13.421421
CHRD,4.3061113,-1.622441
ZNF614,-1.4055248,11.067061
KCNAB3,-5.3469524,-1.4580348
PIPOX,0.06817032,-3.6986558
ATP2B2,-4.112017,7.3117404
HTR4,-4.9970098,6.1100745
ARIH2,4.617867,10.226237
EIF4A3,-8.126829,-2.8416617
MATN2,-2.5641313,1.6846414
MTHFD2,-0.7676108,0.3958062
RHOT1,-7.8567133,9.169305
APOO,-4.926023,-4.122813
STX16,14.742345,-0.6524171
PAM16,1.5288935,-1.8887174
MED21,13.69383,2.2926795
UNC93B1,-3.286748,8.060462
NEMF,5.6126776,-0.16793647
MACROD1,-5.507489,-5.551488
SLITRK3,-2.5126188,5.3015547
MYB,8.385598,1.8612573
SLC12A6,-0.55040705,-6.535531
NME4,11.786127,-0.7375286
TMEM141,-9.001374,-5.5069594
PPIL4,-1.9851471,15.463914
PLXDC2,6.079728,4.3921485
RAB21,-10.983349,-1.2419182
FGF1,8.836044,7.3498807
DCAF15,8.648104,11.850166
LPIN2,-3.0423036,-6.691348
GAB2,8.673007,7.2864347
SEC14L2,2.4455526,-3.347731
CD248,-4.5941277,10.850846
EVI5,-11.610541,2.5759337
MBNL1,10.27875,-4.272171
ZNF433,12.133829,3.8214183
CSNK1A1,2.2761996,8.8249235
KIAA1841,16.106108,4.2895885
ASB1,10.722268,16.852041
RPS4Y1,0.10270352,14.857292
IFITM3,4.7167525,7.8668375
CXCL1,15.655681,6.476694
RPL4,-6.4301324,-8.287669
CPNE2,-4.245704,1.888116
CHM,-0.88684255,-5.2265573
CORO1A,-8.052836,11.522534
TEK,-3.680234,11.672683
SLC45A4,7.7034545,2.3689792
SLC9B2,4.55361,1.2758316
PRDM4,9.63312,8.055055
GSN,2.0660233,-1.6735871
FAM149B1,12.506035,14.232007
VWA5B2,-1.5313132,3.389662
BOK,5.7852235,10.143544
RGL3,9.190218,-6.0770226
KIAA2026,-2.566722,11.328877
LRRC1,6.782844,11.2579775
TM4SF1,12.123562,8.171427
RGMA,2.7698703,-2.8736684
ANKRD34A,-0.98258924,8.130741
EXOSC5,1.5474075,-1.8864795
ATRN,11.852386,5.699043
VIPR1,-5.7507935,3.6007712
NRXN2,-1.0478511,8.082486
SLC19A2,11.905318,-8.07855
MEN1,5.5881023,14.040663
CYP27A1,6.2971373,11.515088
FTCD,6.6117034,13.476147
MOXD1,-0.5038209,-3.1281369
DRAM2,-3.6555483,2.1613157
TIFA,-7.9426103,-3.0534215
PHF21B,5.2930455,17.709103
RILPL2,-1.8061025,-7.6854835
YBX1,9.668335,1.4215317
CD163,-1.0749726,1.1674033
FAM20C,5.6531057,7.5730042
SGSM2,10.014137,3.3726323
LRRC8C,7.9078264,-0.60582656
RNF217,10.258676,-4.2917633
SQLE,8.116681,1.628578
PRRG3,-2.8133855,9.300032
FRMPD2,-4.9922085,2.0263443
MVD,8.524986,11.888171
ATP5S,10.677401,11.826765
TTC22,8.2542925,4.6991253
STAT2,-5.8598957,4.7729845
SLC29A1,6.1471615,-0.45019513
TTYH3,4.0287833,15.181926
ZNF287,6.973539,0.17459235
ELOF1,-9.490304,-4.8448286
GNS,2.215798,8.994048
HDAC5,10.207067,14.919158
METTL1,9.745299,2.7141154
TNK2,-1.4260397,3.5115778
SETDB2,3.5788305,0.23523887
HEPH,-8.426095,4.1019416
NDUFA8,-4.353341,-3.789586
RBX1,-5.4661236,-3.2004242
KIAA1755,5.311001,9.711191
LRRC37A,0.3722066,-3.6215324
WNT2B,11.368063,-2.1080856
MERTK,11.836395,-3.9969356
FAM107A,-0.99269354,4.1623135
PLEKHA6,-5.657258,3.6066628
TUBB4A,6.4391193,15.759689
CSAD,14.237818,4.045662
KIAA0355,6.677028,-1.6293794
MTPAP,-1.4699597,1.1341931
UBE2J2,9.661385,2.828229
IPP,5.4882946,-0.10871491
EVL,9.196726,3.8112552
MAGI1,-0.75560766,4.913634
ARPC5L,2.8044386,-6.201143
MAP1LC3A,1.4865006,-1.8001336
LAGE3,-8.690844,-5.2931743
PHF2,-0.32008395,11.320536
TUBG1,-0.6341352,6.6347404
TMEM30A,5.1405168,-7.7871475
FBXO15,2.1165638,5.9411774
TGOLN2,9.743134,8.468163
MIER2,9.295282,11.452792
PGAM1,-7.763898,5.6077924
HSPA12B,-3.8322892,-2.4032998
CSNK1G3,-8.307455,8.447918
DRG1,-3.7325377,-3.8686516
CXCL14,-8.068239,5.4753766
TPCN1,-8.159486,4.9141836
MED8,0.5542997,0.791069
EPN1,1.2164588,-1.732134
WIPF3,-4.70074,5.9953218
MSH5,-3.0340538,1.6282437
SPATA6,6.507888,-1.3977026
RPL29,-5.554361,-10.715029
ACSL4,-8.301249,8.46278
TNS2,4.0073185,3.1778831
TTC7A,14.176115,4.579119
RSBN1,9.62777,-1.1701592
EXOSC1,2.5461924,-5.6848454
FHDC1,-6.680735,6.281338
ZBTB4,10.20647,14.920106
PSMD10,-12.065844,2.568959
POLR2J,-7.979577,-5.9357815
NUS1,-8.306253,8.461972
MOCS3,3.3448923,-4.814125
MBD5,0.073451124,10.612224
BAALC,-0.13561855,-4.003122
ALPL,12.321562,9.497932
TF,6.17577,10.60192
KXD1,-11.008624,-6.54145
NXT1,-8.777115,-2.4252586
SND1,6.295036,7.773874
GNB3,6.4619446,13.513639
GIT1,-1.983169,15.460728
LAMA1,2.6090865,-2.817757
CHD8,4.570601,-6.919866
ZFYVE27,-0.91464436,7.7193317
FAM120AOS,4.562246,16.588856
POU3F4,-5.2751093,5.9422092
NUCKS1,12.120114,14.228058
BIRC2,-11.55303,2.5308597
GAMT,-9.49714,-4.9081216
RAB20,-8.261718,-2.719557
CNPY4,-2.4805796,6.5451803
ARSK,10.342855,-0.15480098
MOV10,12.687306,9.2658
CDC14B,6.1387486,-0.44065586
CACNA2D2,-2.6802344,9.620123
EIF2B5,4.886466,11.653936
G2E3,-8.214768,8.558614
PFKP,-7.792876,5.59271
HBEGF,15.668985,6.477484
KIAA1429,6.9781117,0.16614386
MRPL3,1.6896855,3.7432895
GPR135,5.644586,2.2169473
ADGRL2,-9.050793,6.790963
CCNH,4.546745,1.3788669
CIAPIN1,3.5519266,-5.7292366
IRAK4,-0.7806265,8.285273
SBDS,4.378931,-0.039882313
EXOC8,5.159493,-7.813985
FZR1,-1.3647587,3.609222
CPLX2,-0.9476315,8.164112
FSCN1,6.3922353,15.70949
C2,-1.0815581,1.1556867
ZZEF1,3.0209036,10.345988
CCDC17,-2.5812123,1.6982948
KLC4,8.883266,14.4049635
MLKL,-8.44443,-2.58947
ORMDL3,7.4925184,17.097017
EMC9,1.5291394,-1.8204507
CTSA,-6.7909093,-9.431215
SLC39A11,-7.0340066,0.5716777
PRLR,-5.279803,5.9391418
RHBDL1,8.216096,12.246301
TFCP2L1,-7.0333605,0.5707984
TMEM2,12.788509,8.299671
RPN1,16.107288,8.018799
LPAR1,8.508613,7.3094997
CDK4,-0.92531705,4.1529775
RRP7BP,6.383014,6.5541744
POLD1,0.7144494,3.0598812
VIM,-1.0310303,4.508574
METTL14,3.876572,-0.036768463
MARK2,2.9433389,-6.801571
PLEKHM2,4.473626,12.076109
CCS,8.358878,12.049527
GNAI3,2.5175526,7.885266
THOC2,-4.991255,1.2098715
TLK1,1.4075013,-5.7614636
SPEG,-4.807669,-0.73317057
SELENOS,-0.97449857,4.333268
JTB,-8.2504425,-5.9011636
TRIM41,8.479172,7.0886517
KLHL20,7.9942636,-0.5554738
API5,2.383926,4.9898562
UBE2J1,2.75042,13.664213
SLC35E1,11.884808,5.660125
DOCK10,5.7548466,10.609484
TNPO1,6.914036,-1.7407509
NAPA,0.89148253,0.4813823
BTN3A1,-1.811381,-0.22730845
DST,-2.8165796,11.411485
DENND3,-0.7319513,0.36239803
PIP5K1B,0.4695686,-0.55029607
IGF2R,13.173015,7.9333186
NDUFAF2,-4.3073654,8.713538
JADE2,1.8323967,4.4239492
KHDRBS2,-5.7603593,6.8068633
PRDX1,-0.9455381,4.1719174
F2RL1,-1.7198904,1.5449545
KCTD1,-6.068838,7.138489
ARSA,0.7445191,3.0909042
SEPT11,1.8642143,-8.732601
ZNF680,10.72593,0.31280664
NEDD4,-1.0712318,3.9401686
PDLIM1,15.841612,1.6849645
PLEKHH3,2.353343,16.560873
HEATR5B,2.5931642,3.8856528
PCOLCE,12.035739,9.784344
ATP6V0C,3.7895358,12.839392
NOTCH4,12.647946,9.234088
FRMD3,6.582696,-2.8451023
NAT8L,2.2885318,-8.423656
PI16,-4.223382,1.8840953
HHIPL1,-0.0017488133,-3.6635942
TMC6,5.8523793,10.031308
RPS6KA1,6.1920304,11.560568
AAR2,3.5812147,8.6235695
MAP3K8,-1.7464011,-0.28275535
NUDCD2,-0.8643928,16.21224
NFKBIL1,0.7749615,-1.7434751
PIH1D2,5.612952,2.1808798
KLF11,13.083887,8.0120535
PDHX,4.172493,2.863078
NMT1,6.302293,7.7750235
BTBD11,-2.8272285,9.297407
WSB1,5.2505455,9.593754
FBXO34,1.8853891,3.8133829
MGAT3,10.118457,3.5551047
ADCK1,5.979654,9.888366
MRC2,11.7857,-0.7421041
CFB,15.714207,1.5209274
NME5,8.229408,1.7267215
CDC16,1.992458,-12.181482
NCOA1,13.563545,5.701785
FNDC3A,-7.970746,8.873703
UBE2Q2,12.393726,14.150943
PRRT4,5.4081116,14.189698
UGGT2,10.350265,-4.8345795
RBM41,-11.619237,2.58748
PCDHGB5,-8.229566,4.439341
MRPL14,-9.239509,-5.6562433
GMCL1,12.377556,14.123422
KLF5,-5.2757516,5.942686
NAGPA,5.4169436,14.153868
DENND1B,-5.9391155,7.0462556
SNX18,6.4253488,-0.79021037
DCTN5,-3.7924829,4.1997843
AKIRIN1,9.696657,-1.2643262
ABHD16A,13.032377,6.4678545
DCC,-6.0642858,7.1446576
POLR2E,1.2189624,-1.709783
CNTLN,8.101471,-5.255563
TMEM87B,10.634873,4.8727756
SNX14,-2.6296396,-5.367431
EHBP1L1,9.176168,-6.063564
ASNSD1,13.690056,2.2948608
B4GAT1,-2.9188392,5.2028975
LRP1B,1.8479377,-8.822398
GLDC,1.8442174,-3.3744016
FAM214B,8.413059,-3.5401936
RASSF3,-3.7219954,11.92462
SEMA6A,7.218854,10.178499
CMTM8,12.796099,8.358984
GLT8D1,4.4187026,-0.055939805
FARSA,0.7979699,0.62596315
F13A1,-1.0889096,1.1772398
PRELID3B,6.9872823,-1.776177
CISD1,-2.9077365,5.172995
RAB39B,1.7129501,3.7714999
GNPTG,6.695922,6.173782
ZEB1,11.852445,-3.9873564
WSB2,-2.862068,5.0267878
LARP4B,-1.359966,-9.45001
HTRA1,4.1143484,-1.8246726
RBM18,-10.0777445,7.5279207
ORMDL1,2.013635,-12.206653
SNRPE,-5.4391336,-3.2249856
CIITA,6.282701,4.1526628
SLC35B3,5.221148,9.539237
PDS5B,-8.997866,7.698437
EIF3K,-8.599953,-5.551007
TGFBR1,5.683508,-4.358988
PCNX2,3.9250941,-6.9488225
PABPN1,7.9620004,12.510079
VKORC1L1,-3.2025807,0.43660247
ABHD2,-8.221207,4.4525547
RFXANK,-11.06258,-6.507644
SLC8B1,7.3891273,11.56022
TCP11L2,6.100822,-2.0444868
GFAP,2.5226562,13.899845
C5,3.832674,-0.045886982
CERCAM,6.111505,10.755179
MTBP,4.6075745,6.51821
RPF1,0.7723028,7.8250976
TMEM47,3.9859102,5.7955184
CDK5R1,-3.0292947,5.5811787
TMEM128,3.0764465,12.836051
METTL3,14.760949,-0.6716505
ACTR1B,1.0407809,-2.0689068
CDK6,11.427841,13.187141
NLE1,8.696889,3.1345878
CAPN3,5.8196106,10.374054
LRRC20,-3.6826653,4.077886
OSER1,1.9567982,1.2588172
SLC27A4,4.333631,11.492352
PIM2,-1.4427453,9.297752
CCDC88C,9.424841,4.7651052
AMPD2,-5.7665114,3.5636132
HEG1,-3.7341275,11.841635
PRR12,-3.0888643,-8.609094
RPS6KA4,-4.0388036,-1.9007186
TUSC2,-4.202359,8.784123
MTHFD2L,2.196506,10.429044
RNF20,12.726122,14.5911255
SLC38A10,-5.5552793,-5.5951047
PPP1R35,-8.190528,-5.796339
RABGGTB,-6.3914227,-7.2605085
NECTIN1,5.5097404,10.177256
ARL14EP,13.697605,2.272924
OSGEP,-13.271345,7.277731
SP140L,15.714568,1.5209064
PPP1R14B,6.721447,6.1549554
EYA2,-8.397617,4.121658
ZNF879,6.810153,-0.9253669
FAM122C,-4.16037,1.9746028
CCNT1,7.225528,-0.09724423
SALL3,10.570243,1.3521267
PHB2,-10.636296,-8.579444
HBD,4.9525046,4.910415
OSTC,-6.4293604,-7.317978
MIEN1,11.766826,0.04575713
YTHDC1,12.012685,13.999597
TIGD5,4.446442,12.103944
LRWD1,-5.5073967,11.517552
TTLL9,-3.5005374,11.496897
TMEM235,6.092981,10.730957
CDHR1,-3.9558227,7.0381956
MACF1,-2.770194,11.379352
RIOK2,1.8819803,10.192282
MED12,0.7286266,3.0669775
FAM234B,3.754297,-7.2431912
SAR1A,1.9375942,10.122183
ADGRE2,15.835336,1.6749287
NDUFB2,-5.5736175,-3.0175638
KCNC3,-1.7491355,7.9253573
TRIM65,2.3067586,16.517149
ANKRD45,6.1213803,2.2488055
NDUFA12,-4.864194,-4.0714173
KIAA1958,14.9440365,11.162674
LY6E,1.2348323,-1.9866098
SGSH,7.4955187,17.100498
VAV1,-8.05269,11.522871
CSK,14.266001,5.159237
BACE1,-0.14436416,-7.5464025
ZNF574,-5.0056424,0.30145207
PRICKLE2,3.6988966,-4.9594946
B4GALNT1,-1.7983413,7.9521637
TMEM161A,8.754305,11.465492
ANKFN1,-4.8499584,1.9963336
ZNF25,3.883624,2.6853874
SLC6A15,-0.14386551,-7.5335
IPO11,-11.854442,2.6902082
SNX25,2.6125755,3.7990334
IVNS1ABP,-6.2237377,6.48789
PTGDS,6.6868434,6.180958
NCL,12.075147,14.37035
BTN3A3,-1.8029709,-0.23706895
TMEM203,-5.768431,-2.6871543
PAFAH1B2,-3.041888,-0.2940745
RPTOR,-3.1064734,-8.627375
RPS6KB2,8.667454,11.766671
SMIM14,-8.456838,8.30507
R3HDM4,1.1660727,-2.05801
ZNF252P,11.856661,-3.9877121
THUMPD1,-8.140313,8.685269
KLHL12,9.553674,-4.487396
KCNJ11,-5.997347,1.8954184
GMPPA,14.263592,5.1462197
MARK1,2.4286785,4.909418
WDFY4,6.3400025,3.771366
TMEM38B,2.2035897,10.408648
LRRN1,2.5943747,3.8728147
PHF12,-13.157373,4.534549
GSG1L,3.8057399,-6.7569327
LIG4,-9.372766,7.254429
LSS,9.035066,14.266093
INPP5F,-3.2573185,5.7134013
SNHG6,-5.7664785,-6.659907
RAC1,11.998311,14.122947
GLYR1,0.8219761,1.7376503
NME7,6.153372,2.2000458
ZSCAN29,-2.586845,11.333337
POLG,0.11041185,2.6513937
FBXL18,-3.6042328,3.9911299
CELF5,-3.9810812,7.0109463
PPM1G,-0.642575,6.6442933
NXT2,3.100607,6.7027426
SPINT2,-5.0248275,0.15110856
S100A6,2.5138664,13.910788
ZBTB33,11.339571,6.4384513
ATAD1,-10.04498,7.4766107
GRWD1,-3.2470665,-1.8962618
AK7,9.64287,11.253088
BCKDHB,3.7617328,-2.4470067
FBXW11,9.676642,8.375335
BLOC1S2,-4.5302143,-4.7056923
PRKAA2,2.3893838,4.866004
ETFRF1,9.598825,-0.7942707
TLR5,6.1275773,4.33826
CORT,0.0062640184,-0.90774405
MED27,-4.912394,0.46460527
EEF2K,10.779719,0.3657561
MAML2,3.117193,6.699751
MORN4,-3.584265,3.96865
BCS1L,8.883683,14.404602
PHTF1,7.998209,2.1012924
ENTPD2,6.9767737,-8.710083
GRPEL1,4.6131487,1.0613546
PDLIM2,-0.7358739,4.9152393
TAPT1,6.6622334,-0.5821145
PEX6,-5.617901,-5.6846533
SELENOI,2.344792,4.0321603
PIK3CD,-4.15793,11.384666
TAF12,-0.9182485,4.145037
ZNF142,12.042749,5.5189776
DLD,1.7269051,-9.136383
CYB561,-1.1298685,9.279755
PREX2,-0.43697804,-3.4428782
BORCS8,-8.1159115,-1.0365454
PSMD14,-4.6062016,-4.2725654
PRTFDC1,5.1655626,0.0018454037
ARHGEF25,12.106169,5.4866376
SEH1L,4.150903,2.7283351
ANKFY1,-0.2887357,11.327669
NAB1,7.148405,-0.14020981
IFT57,2.1340535,5.92161
SAV1,9.612286,-0.99369115
ARMCX2,6.6695294,6.198444
FEZ2,-12.134253,2.5188751
ATP5J,-4.329923,8.6781435
TNS3,10.567114,1.3523506
TMEM230,-0.93839186,4.167616
STPG1,-5.48912,11.479973
TSPYL2,13.025796,6.466227
ITPA,1.2007681,-1.9969248
MGA,-2.6982734,11.364487
TNFRSF10B,-8.043495,-2.9283571
ACSS3,3.5279095,-2.9387782
ACTN1,9.169232,-2.3345268
TEPSIN,14.257481,4.0105634
CYR61,11.519838,-7.792218
DLAT,-10.019645,7.452841
FUT8,9.761446,6.861971
MTF2,1.5395024,11.785286
TXLNG,6.2425876,-11.8496275
PRDM16,2.8079796,-2.7997828
BLNK,-0.48164046,-11.112881
SGMS1,2.7158158,13.7022295
MAPK4,6.30198,7.776111
ZNF780A,-5.4295144,2.2746298
ATP10B,13.564751,11.548149
ZNF831,-2.9844148,9.2096815
FDXR,3.4289312,0.9058018
RARG,3.4460614,0.92501587
SIRPA,-0.028411424,-3.6078355
NFATC1,-1.0101153,4.603768
UPK3BL,3.3443677,0.87977064
CXCL2,15.654918,6.47641
LAYN,6.5322595,11.16729
ZNF385B,-4.5098224,-0.826278
ENGASE,0.11423143,2.6647437
ERCC2,2.9137084,10.238253
FAIM,5.199584,0.011869467
EPHA7,-4.808711,6.087112
KDELR2,2.2864482,8.445261
NELFE,-6.3244014,-2.6927283
STX12,1.983789,10.081021
FBXL20,2.9361243,-6.823846
SLC39A12,3.6326838,1.0018966
TMEM183A,2.6297367,3.7800925
RNASE6,5.8401732,-4.4738436
FAM124A,6.1907573,10.623894
AGO4,3.8552005,-0.062369965
JAG2,2.5791636,7.7746363
PRELID1,-6.7891707,-9.434102
KLHL36,2.2489383,16.451914
TIMELESS,9.505411,6.5908303
SLC33A1,3.8522036,-0.7249092
SYT5,-5.49744,-0.3168948
EDRF1,4.5119743,-11.243814
SEMA3G,-3.4219012,11.262008
CAMK2N1,-6.2266126,6.4790187
SPX,5.953643,4.63738
ERGIC3,8.798828,1.5981743
DARS,2.388501,-2.7373524
CCDC69,-2.340182,0.5814583
EGFL8,-3.9742525,-2.2431962
CDC42,9.6389,-0.63412875
KLF13,-0.14805637,-7.589392
ZNF302,6.8209424,-0.91509837
TSTD1,-1.1400567,9.283786
HOMER1,-4.1953287,7.3500476
PHF8,4.928383,7.5874205
ZNF416,3.3464105,-4.8131785
DOHH,4.336487,10.434565
KCND3,-1.80512,6.084445
CEP85L,3.7242775,6.0109367
CACNA1G,-5.3461814,-1.4672855
NFKBIZ,-8.444712,-2.5897205
TMEM138,-4.202329,1.9894269
PCTP,-8.736022,3.2908423
MSANTD4,6.808344,-0.9664665
CLDN9,-1.5245193,3.4008377
DCTN6,12.412415,14.160895
ID1,11.503447,-7.8037486
INTS13,13.522415,11.605201
RPL34,-5.7379417,-6.6484585
RFC1,12.725276,14.586519
TMSB10,-4.203243,8.797509
MCAM,5.263359,9.670738
PPARD,5.891546,8.127654
MARC1,-0.40710583,-3.4602442
PDLIM7,-6.200449,3.7400575
NALCN,-0.41828284,-6.6584926
ZNF133,8.0106325,12.533958
PPL,2.5819817,13.840563
IQCK,-4.5492973,1.9805188
JAK1,6.0890017,-2.5109625
TMC8,4.958649,4.9233375
AMOTL2,5.4583244,10.199578
CLPX,2.0709445,10.111798
LAMC3,-4.571384,10.873944
OSTM1,-8.133083,8.640732
KCNJ8,4.005385,7.942314
GYG2,-1.7269669,1.5322675
DERA,-9.346545,3.7061477
DYX1C1,2.130018,5.907592
MLST8,1.1851282,-1.767841
TAOK3,0.24573104,4.2736583
SAC3D1,-9.497896,-6.9709907
UNC5A,9.596504,3.049118
EPC2,-0.31161407,11.400533
PHACTR1,3.253665,-6.3871813
NARFL,8.626744,11.771922
PTP4A1,-0.29565412,12.4254675
FBXO36,-4.692845,2.0563898
CHCHD10,-8.523465,-5.7035847
AIP,-8.676874,-5.333231
CRTC1,-3.7676525,4.163334
RPUSD1,0.99061936,-2.206369
MATR3,-1.5866545,14.1658325
CCND3,4.9843683,7.683912
FGF14,-3.9778814,6.355531
KRR1,-2.9926822,0.028270444
GRIK3,-0.9018388,7.7768188
PCDHAC2,0.02175379,10.583173
HECW1,-4.148428,7.276296
RPS27L,-9.014221,10.321137
ZNF326,12.0173,14.028441
LDLRAD4,-0.25938198,-7.2540264
WASHC3,-4.5433874,-4.630437
MYOT,8.648722,8.492237
TYMS,7.1971664,10.194503
ATPAF2,-9.394304,10.189534
PPP1R12A,-4.9972553,1.224496
LMBR1L,14.170924,4.10453
DOLK,7.5015564,17.10687
GEM,-2.420147,0.7082802
GRPEL2,-1.3604732,-9.448654
ELMSAN1,4.95383,7.5963373
PGGT1B,6.5280337,-1.4055134
DDX25,3.7034826,2.83357
CHST14,-3.3642437,6.16129
PHF10,12.434678,14.183765
SLC8A2,-1.0453442,7.9546947
MID2,12.292323,3.231033
CACUL1,2.6957743,3.1350727
MAT2B,-0.2954812,12.407183
FAM69A,-5.304797,9.436613
ANK2,-0.9761811,-5.324915
NCF4,4.947949,4.9186606
FUZ,7.296391,-8.896055
ADNP,-0.31898695,11.1860895
TBC1D20,0.38709438,4.3905506
SPNS1,8.836895,11.70675
TUBB4B,7.286421,-8.890189
NKIRAS2,3.615279,8.577556
PTPRZ1,-8.310806,4.3080654
P3H3,-1.5243547,3.3992136
KIF5B,8.673877,7.266774
BMPR2,-9.059762,6.7998986
GK5,1.9921159,-12.18045
INPP5K,-10.088725,-4.6783643
ELFN1,-0.04933003,-0.93883026
LATS1,-1.3388249,11.042283
GSTO1,-10.617615,-8.560875
SLC16A11,13.4796095,5.586706
EIF3D,-6.339968,-7.108132
NSFL1C,-8.362991,-5.7237782
GPATCH2L,3.1461499,0.6073399
ACBD6,2.5449893,-5.6835976
KLHL9,7.535199,-0.9691121
CAMK1D,-5.8890514,6.923232
ALDH1A1,-0.13143942,-4.003826
PEX3,11.74331,13.693471
PYGL,5.1204314,7.7261868
ZFC3H1,1.6310372,11.634982
PPP1R2,4.2864814,2.7503312
CYB5R2,7.1391625,10.22366
PDCD4,8.101546,-5.262728
TDG,-3.1843503,0.47524756
COMMD6,-6.4469914,-8.310707
SSH3,-2.4286113,7.9608474
MCCC2,3.646857,-2.2702425
CHST5,2.831898,-7.03399
ATPIF1,-4.7561846,-3.6985106
ARHGEF4,8.10537,-4.7068667
OSBPL9,5.8458924,10.588113
FGF9,-4.348358,7.535161
TXNDC12,-10.389184,0.90834624
RUFY3,3.237844,1.5259216
AAAS,14.260793,5.139622
SLC25A11,-11.354905,7.9729524
OGFR,8.491533,11.864492
MYH10,-2.3754508,5.7398095
MPRIP,3.958343,-6.93332
MLH3,13.529727,11.597176
ATP6V0B,13.030759,6.466196
CBL,0.5038532,4.4537053
BACE2,15.84317,1.685928
GCAT,9.764856,13.631806
BAG6,8.322999,-3.6801934
TRAPPC9,2.4100351,-2.0948777
PPIG,-4.9938793,1.2006468
PEX14,0.992172,0.5346937
THBD,15.84723,1.6899728
PHEX,-4.9634595,2.024188
AMBRA1,-0.56563747,6.5447674
FAM201A,-1.236278,9.33522
MOSPD1,6.17362,2.1696167
ELMO2,-9.008466,2.9663668
NCF2,5.7329736,-4.414331
SSSCA1,0.8607343,-1.8050205
DNAL1,2.1252942,5.9502807
DDX50,3.3760726,-4.8855133
KCTD18,12.072377,14.022821
TESPA1,-5.123968,-1.4753872
FAM109A,-5.494107,-5.545876
SIRT6,-3.2275183,-1.9067776
ALDH7A1,3.7274108,-2.3802931
CDK3,14.259307,4.027075
PUS3,3.3923707,-4.9009414
CCNG1,-11.370754,2.4116533
ATG16L2,6.6710505,3.6510198
UBE2G1,-3.0352786,-0.31437743
KIF26B,8.131923,9.442527
P3H1,7.6117992,12.834588
CYGB,0.7270502,-0.3253786
MFSD13A,-6.019426,1.9188429
SUV39H1,-10.106812,-4.66735
CHPF,8.387176,-3.5798087
FBLN1,-2.47347,6.568783
ALG10B,7.8686433,-2.403391
SHPRH,-0.47764373,10.988727
RNF103,6.079495,-0.40160137
PHKG1,3.6401088,1.0007634
SLC4A7,7.889574,-2.422206
FLAD1,6.9562607,-6.8999295
COASY,4.886654,11.655173
COL3A1,6.597249,-2.8504202
RITA1,-4.1048546,-1.9377191
AHCTF1,10.620314,4.883627
APRT,-9.168137,-6.0384636
LIPE,6.4487967,10.71087
HACE1,3.3926692,2.5621576
TEKT1,9.332298,11.419494
MAPK8,-1.1929297,-5.5523977
LNPK,-3.0421586,-0.31302524
CHRM4,-4.8749065,-0.8464933
ARPC3,-1.5559082,14.213772
HECTD2,0.2315493,16.715542
CIPC,7.172001,-0.14137363
RBM4B,-11.949709,3.2146878
ZNF662,6.0101256,-1.389853
CHN2,-0.26218453,-6.7932405
SIGLEC10,-1.04332,1.2370617
CDK20,-1.1334139,9.2869005
B9D2,8.801113,1.6013972
CCNK,-0.37164187,11.362061
CARD19,7.4159083,11.530613
POFUT2,3.4190474,0.901052
ZBTB1,13.652652,11.460885
ZMIZ2,-1.9748564,15.452546
BCHE,8.182877,9.398671
MLXIP,8.024274,12.750588
CSNK2A2,3.678851,-5.1256895
RAPGEF3,4.4014935,9.999935
VWC2,0.52875155,-0.48887938
RAB22A,-3.1667576,-0.43518806
ORAI1,3.8311634,8.121372
SIKE1,7.337342,-2.1112695
TINF2,4.01066,7.945432
CNFN,-4.9754453,-1.9757271
DERL1,2.78092,13.633364
CA2,8.796477,8.747524
CCDC114,-13.10785,0.02641258
CHST15,9.172344,-2.341538
TRIO,-1.7263346,6.229219
GRM7,-4.2738523,6.658632
KCNMB1,11.98745,9.823446
RHOBTB2,-4.9454722,-1.4063965
SLC25A10,-10.1045,-4.6667714
PFKL,-11.054104,-6.511981
LAMC1,11.983357,7.974944
PIGX,11.182778,2.8494666
SESN3,1.9815667,-8.615675
NHLRC3,3.366647,0.49359044
TIMM44,-3.2286897,-1.9070603
USE1,-8.231244,-1.2116612
TMEM240,8.135432,-4.666232
CPNE6,4.0572224,15.088168
BCAM,4.0054727,3.1679883
GABARAPL2,-3.9081159,-4.0092573
NT5C2,-0.2845243,11.318408
TSTD2,-0.11351364,11.4227
TMEM107,7.2412596,-8.867194
PTPN7,-3.94255,-9.380965
MCM5,-9.401049,10.21151
IL33,2.493892,-2.8425303
RNF181,-7.9554296,-5.9245033
VPS33A,2.7009428,3.5099125
LRRC75A,2.2479641,-8.45236
CRKL,6.1637554,-1.9387445
NAA15,-10.242876,7.683501
COLQ,7.691249,12.778673
RNF167,6.8826327,-6.8478646
ISCA1,-10.006902,7.45473
TTC7B,3.9157708,-6.872767
PGBD2,-0.32261202,18.92827
TMEM185B,2.479689,7.9957404
VRK2,8.609106,8.422839
DIO3OS,-4.2094345,-6.7541013
KDM5A,6.607631,-1.5222791
SCG5,-5.7191296,6.797754
DOPEY2,-2.4130166,7.965016
GLIS2,5.5588493,7.945991
FMC1,-8.184908,-5.828282
MRPL51,-5.43167,-3.233679
ALG2,9.490775,-4.485531
SMC2,-5.3117633,9.4453535
CDK13,10.7216215,4.7878
LRRC47,0.6452776,0.7673189
RNF175,-2.9073427,5.9613595
SLC30A6,2.704816,13.712959
MFSD7,3.801076,8.153043
CGRRF1,2.718967,7.5318484
INSM1,-4.7718196,-0.8200585
SQRDL,4.986857,7.6566176
S100A9,-0.7432974,0.3745859
LPAR2,6.660761,3.6535792
MAD2L2,-8.174107,-0.32361993
SPACA6,8.335778,6.8837953
SNAPC4,7.6674743,12.789073
TOR4A,9.217733,-6.1022725
TBX2,-4.5745916,10.8678255
TENM2,1.5671296,-5.861854
HAPLN2,6.7009006,11.276828
SDHAF3,-8.34043,8.4130125
LIME1,8.551704,11.807062
ZNF263,-1.3598598,-9.450116
SESN1,-5.285963,5.9387455
RAD1,3.2759302,2.7778802
SMAD4,-1.3599476,11.041193
VTI1B,-3.1522586,-0.4098381
PHF23,8.633049,3.071002
MYLIP,5.7797604,10.581792
COG6,-2.5237896,-5.6096554
CLTA,-8.30736,-5.7194395
GTF3C3,9.947562,-4.542573
IMPAD1,-1.7951763,11.181307
MAPK15,-13.1070595,0.027380913
NAPEPLD,11.6714,13.539283
PA2G4,2.5131516,-5.650679
MAPK11,0.4182704,-3.5486014
MINDY2,7.3261967,-2.0561397
PIK3R5,4.958862,4.92272
GYS1,-4.209875,-6.7533813
GUCY1A3,-2.5812097,6.5255656
TTC13,1.6319654,11.662672
ARMC5,8.730905,11.674158
GDPD5,-4.7294774,-0.7553908
CCDC22,8.041371,12.788319
CHST9,-2.5443032,1.6595955
ALKBH7,-9.115114,-5.1124425
HTR1E,-4.6827145,5.9610543
RHBDF1,-4.207798,-6.755947
FAM78B,-1.9517097,8.16428
ARID5B,13.226155,8.394522
PDIA6,16.10365,8.020832
MSR1,5.867939,-4.501579
GMIP,4.957922,4.9146605
SFT2D1,-12.128426,2.5164504
KIAA2022,-3.372431,6.1135325
GPSM2,6.141961,-0.44711357
WDCP,13.677782,2.30628
HSD17B14,-1.0446916,-4.1373854
SLA,-0.85549134,1.4434239
CCDC162P,-2.5699952,2.06999
NLGN3,-0.33959982,-3.907411
PDHB,-4.606449,-4.2603035
DUS3L,0.81883687,-1.7708447
HS3ST5,-5.9947877,7.1246414
ABHD6,1.9790883,15.243161
SPTB,3.1116357,-6.559758
PROSC,1.9045937,1.3412685
TLR3,6.064742,4.4488907
SCARF1,-3.9264135,-2.2996686
SHROOM1,4.422858,10.033375
ICE1,3.3056345,0.7847996
KIAA2013,6.366946,11.759232
CD74,5.993865,-4.5473685
FZD1,-0.6679259,-2.7209325
MPEG1,6.3520975,-4.968209
POLL,8.053423,12.791375
GNL1,3.9752924,-6.9546595
ACTG1,-8.174164,-0.32341868
MIA3,-10.582843,10.788956
GALNT15,15.715242,1.52327
CHRM3,-4.1733875,7.381936
CGNL1,3.767972,0.8914093
GPR34,6.366469,-4.98335
CCNC,3.4890428,2.3733518
PTEN,-5.00015,1.2218698
PROCA1,9.682481,11.216467
CPT1A,3.5916834,-3.0374098
KDSR,11.982723,13.952929
MYH7,-2.778912,12.084151
CUL7,9.352045,4.6846256
SELENOH,-8.079076,-0.7975219
GRASP,1.2475693,-1.9859954
ETHE1,-5.925925,-2.510446
SERPINI1,3.3999197,2.253269
KLHL41,-2.7743862,12.088943
PRMT5,9.428517,-4.465989
RAC2,5.787319,-4.4579515
MFSD14A,-9.93457,7.2168584
PCNA,-1.8092617,7.998432
HNRNPUL2,10.722267,16.85209
A2M,12.639832,7.3341002
RAPGEF4,3.7192757,-6.643762
CCL2,5.9300957,8.193942
NT5M,-1.0011026,18.24404
MTERF3,-3.1759448,1.1406765
ABHD14B,-0.29697984,12.416119
CACNA1C,-1.7530929,7.914094
IL13RA2,-1.2133603,9.336278
PAQR4,6.236794,10.63762
SOCS5,-0.43551284,-6.6388283
CHMP4B,-4.2133656,8.774118
NR1H2,-6.569421,-9.662946
DIAPH3,-4.7671537,2.0228894
LANCL3,-6.7528462,2.639436
PROB1,-1.7073512,1.5207113
FAM189A2,5.571864,7.9261136
GPKOW,-1.8069243,-7.687957
SAFB,10.679978,11.828511
CPNE4,0.79287595,-0.6690285
DTNB,8.871794,4.576879
GTF3C2,2.7889628,11.560054
SOD3,3.7867954,8.1778145
SLC30A5,-9.937527,7.2149997
TRAF7,4.3840237,-9.489181
ZNF471,14.757853,-0.66849494
TNK1,-5.968945,3.6101642
LYL1,6.4107113,3.8285227
MAP2K7,8.251892,6.763918
RGN,4.0407863,-1.9069046
HECA,9.642451,-0.6303441
GNPAT,12.726167,14.590164
ABCD2,-0.44256005,-3.448807
TAF5L,-0.23771034,-7.237147
RETSAT,-8.697457,3.8330355
GCFC2,3.891196,-0.026445784
SYT17,0.9151776,1.6282991
PMEPA1,-4.2717395,-1.9851675
RPUSD2,-3.191498,-1.9429345
METRNL,4.0229187,8.046802
PAPD4,1.4659446,11.864093
MSN,4.9501266,7.617819
TBPL1,3.4788256,-5.2724185
TBC1D10A,8.419928,-3.5439644
AIF1L,8.399355,7.2490153
FAM171A1,-4.3144307,-1.9778577
SCD,8.723166,8.09551
KIF24,5.561164,2.155685
BHMT2,3.7059062,-2.3009665
FBXO45,-3.0318148,-0.2895692
WDR18,10.682374,11.827369
SOCS4,2.1997118,10.422217
DNHD1,14.14471,4.3368216
STX5,6.8824997,-6.8468885
TRMU,8.469655,11.890462
LRRCC1,12.069244,14.014499
ZNF550,0.059678145,1.5456566
ABLIM1,1.5785264,-3.9362247
TBCD,-0.579431,6.5606112
PTN,-8.066466,5.4926376
QARS,3.6975226,-4.957251
GALNT4,2.495628,8.025341
PDGFA,6.1588736,11.600136
SNX1,8.886332,7.259109
TECTA,-4.7112727,-0.7626218
NCOR1,9.742221,8.465959
RASGRF1,0.80833215,-0.6880254
KIF27,-1.7194533,1.5497342
SACS,0.2311092,16.714338
PTPA,-4.907358,0.47288176
PLPPR3,8.49954,4.5559335
TNFRSF12A,15.903651,1.7457024
HDAC2,0.9320844,5.426085
CDC42BPA,11.409437,13.159251
MIRLET7BHG,-1.2367337,3.7894223
GNL3,2.5499012,-5.6787844
ANKRD44,9.614113,-1.1700922
SYP,-2.7599359,9.752382
MT1F,5.6215715,7.4875903
CTF1,7.489158,17.094366
NTMT1,0.8459382,0.33902952
CGN,4.509131,10.104801
PMS1,-2.6250803,-5.375497
PTPMT1,0.015017145,-4.653774
POU6F1,-4.4105535,4.363896
FOXQ1,-4.146077,11.395683
CLN6,-10.107004,-4.6661487
ZNF420,-7.8597913,9.163896
F3,-9.003087,2.8649385
RAB9A,2.5734656,7.781033
GTF3C6,4.0062056,-3.7319808
B4GALT3,13.031029,6.4679365
MYO5B,-3.73802,15.787745
ELMO1,6.4279785,15.753067
C1GALT1C1,-1.8124931,8.007211
TEX264,4.4431195,12.102111
ERAL1,-4.194168,8.810737
SYNPO,8.478692,4.5769944
TBC1D10B,4.313859,10.451205
PCSK2,-5.6761494,6.745368
CBY1,7.3060055,-8.901661
FOXJ3,3.4045742,-5.583174
KIAA0391,-8.552454,3.3572524
XK,-3.423855,5.536312
SLC41A1,3.5289943,0.9790848
NPM2,-4.1400933,4.308222
PRR19,-4.5752625,-1.8045772
SRRT,9.7462225,2.720946
DIS3L,12.502254,14.228712
FAM181B,-2.6201546,6.9010468
ARSJ,-8.138577,2.8648474
UBE2B,3.4612913,-5.3502693
HMGN3,4.4487424,-0.0634439
AGPAT3,-8.696787,3.8446097
SSU72,-8.069627,-0.8222401
BST2,-3.3204763,11.520729
NME2,-7.9642673,-0.9799608
PDZD11,-4.9592214,-4.137411
POLR3K,-4.286125,8.6882515
METTL8,-0.25008672,-7.275119
KBTBD2,6.262501,-0.686841
MS4A7,5.8240457,-4.460564
BCL7B,1.1464758,0.6679265
MPDU1,3.5991104,8.599901
KLF2,11.504217,-7.8041935
FNBP1L,-2.3714979,5.752392
SYNJ2BP,11.667615,13.53422
TUG1,3.8482347,-0.055647742
POLI,3.8546588,-0.059479434
PRKAR2B,-10.593299,10.799144
RPUSD3,-8.018193,-0.9594071
TARDBP,10.106353,-4.442299
CNOT2,13.679504,2.3032413
PLEKHA1,1.8920935,4.4572983
ATG4D,9.633336,2.8649778
DAXX,-5.4929504,-5.5448213
MESDC2,-9.3657,3.7138724
PLCL2,0.9448257,5.407221
ERCC6L2,-3.2317848,0.5409526
PIGK,-9.362208,7.3282676
MAP1A,-1.7093824,7.903063
UBC,11.633999,-7.728332
MARC2,5.935453,4.626383
SARDH,2.4557872,-3.3206906
PEPD,-11.071355,-6.5012136
RGS20,-6.2140455,-4.5975995
NEFM,6.2301564,15.555543
ZADH2,2.5200846,3.7568395
RAB32,-3.2794504,8.062171
CALU,6.1424623,-2.5430574
ANXA3,12.836677,8.249311
NDOR1,14.087461,4.4240475
MED4,-6.3356237,-2.7241101
LCLAT1,4.2955136,11.467402
DMGDH,4.0448494,-1.8952259
ZBTB8OS,-4.7603683,-3.6961784
SRSF9,-9.181068,-6.030527
PPP2R5A,1.5731417,-3.9389
HK1,-11.352179,7.970674
FAM213A,3.8939533,-3.4926574
BBS4,3.125396,6.6398745
ZNF391,6.3373504,11.493306
TCEAL2,13.719119,0.95533484
GRM5,2.6036713,3.8828664
LEMD2,8.633598,11.768806
RUSC2,-5.106997,0.06805226
TKT,2.1771252,16.425854
EMC6,-7.9882846,-5.926155
CYSLTR2,6.5918303,-2.8493414
NR1D2,-1.2501281,-5.651735
P2RY11,8.594685,11.798247
ORAI2,-3.6290667,4.0224524
DNAJC12,-2.9515548,5.2826667
SLC39A8,12.643333,7.3256774
GNG11,12.650609,7.3336334
TK2,3.7866426,-3.3438227
BAG1,11.980665,14.118573
ZBTB2,1.7745861,1.4359925
RALGAPA1,0.12353161,1.5990158
STRBP,-5.6556573,11.380679
SON,-1.689332,11.117774
APBB3,7.666734,12.810768
CBARP,-4.2637086,-1.8590683
NOS2,17.436642,2.6501207
GCDH,2.4508555,-3.356863
AP5Z1,8.029382,-7.0107255
TTC19,-3.627858,-4.2635703
IFT140,9.6838255,11.225441
DPYSL5,-4.9721885,-0.8289122
STT3B,-7.892991,9.102281
RAB15,-1.964177,8.007257
ANAPC5,6.1148963,10.79232
PTPRK,9.431778,6.5615935
ATXN7L3B,3.188513,4.4439664
PARL,-9.8885975,-6.474724
ANAPC13,-3.8852146,-4.084662
LIMS1,-8.914197,3.0385566
EEF1D,-6.0824823,16.872303
LMOD1,2.0248187,16.460545
ZNF33A,7.9003944,-0.59582955
TCEANC2,12.438248,14.17992
MDM2,10.291206,0.24159098
HAVCR2,5.9746904,-4.549665
SCG3,1.8269966,-8.796792
ABAT,-0.37222296,12.538507
AMER3,-2.6836872,9.458958
PCDHGA3,-8.288632,4.3462734
IGDCC4,3.2974918,6.3854055
ARHGDIG,9.5552225,3.071983
NOL8,13.645362,11.468376
ZMAT3,-0.37150896,12.536527
FAM65B,8.090246,1.5597878
DACT2,-4.880953,-1.9664559
PNPLA5,9.160229,4.1542916
DACH1,-6.03682,7.103329
POLB,-1.5460618,14.2238455
GAN,3.6098037,-2.7090836
PTPN14,-1.8031619,8.32149
ALB,17.436575,2.650669
SOS1,-3.2572534,0.4669583
PARM1,-3.33361,5.544649
ITGA10,12.240276,9.593298
NAP1L2,-5.717379,6.809091
GALNTL6,-3.4120345,5.862807
CBX3,-8.459246,8.303989
ZPR1,3.636223,-5.785723
IL17RE,-6.1267753,3.6827252
TFPI,11.833562,1.4315569
TSPYL1,-3.2984648,5.728871
FAM134C,8.627928,11.927966
ARRDC2,6.739894,11.255319
SLC16A1,13.1960745,8.388705
ZNF691,-1.800275,8.004194
VCPKMT,-2.3170927,6.1083364
RASD1,-8.1650095,-2.8036869
ZNF43,2.0671682,10.110814
HYAL1,12.847076,9.37725
ERH,-4.6660485,-3.5275795
TMOD1,3.8468225,-6.8203506
TAF13,11.306554,6.5123963
SH3RF1,0.2413957,4.272214
CDH6,-1.1776599,-5.5262337
RREB1,2.9629812,6.8426566
PRPF18,-9.596984,6.3811455
RND3,3.6757243,-5.7799096
NIFK,-6.454312,-7.341029
SLC35F5,2.5146062,7.9789915
GALNT13,3.079018,1.5730386
OGFRL1,3.8721447,5.492019
ZNF480,6.6965456,-1.0235126
QTRT2,-3.192574,0.4661764
PHF1,4.8127584,11.673435
CLK4,1.659169,11.643011
PACSIN2,-0.5630873,3.8657582
HIST1H2BD,-1.8726513,-7.7650833
SLC25A22,-3.8082001,4.2681303
DPF3,0.030786911,-4.698114
UBA2,5.1421795,-7.794544
GABRQ,8.310235,9.272854
NR3C2,3.7276335,6.009906
ZC3HAV1,-8.917574,3.0336504
ACO1,3.7312365,-3.2570894
HNRNPUL1,-8.755819,3.7759945
B3GALT1,-2.8864522,-6.8404775
SNX10,-5.6816354,6.7746353
PORCN,-5.051203,0.16555533
ZNF837,9.688399,11.211674
LRRC42,6.8207054,-9.01108
DNAJC21,9.748738,8.483609
SPIN3,9.665294,1.423638
GJC2,6.45465,10.709239
UBAC2,2.1481123,16.392433
TPM3,0.77250904,7.8084135
EPAS1,12.610514,9.2249775
LILRB1,5.7088,-4.3833327
DBF4,-2.4177103,7.9678
VWA5B1,9.339712,11.428509
SLC2A6,-4.6250863,-0.6813061
EPN2,7.6751146,9.7687
PAK5,1.9068897,-1.9163089
URB2,0.82036436,1.748595
TAF6,7.7045503,2.3699472
PAF1,-6.402362,-9.837981
E2F4,4.8308992,-6.9265723
VAC14,-3.2921414,-1.8975297
CAMTA1,-10.591685,10.797362
LIMS2,-3.8356597,-2.3995972
DTWD1,6.10514,-11.713391
UBA5,-9.899373,7.3059945
PANK4,3.7147043,12.905169
ETS2,12.673578,8.338483
FBXO38,8.015247,-0.5156926
PRKAR1B,-2.6256363,9.33806
MTIF2,12.726268,14.589933
SKIV2L,0.13502903,2.6784544
MRPL55,4.9811354,2.366849
PDE6B,6.1516485,10.83396
CHST2,-1.9227157,6.145924
ARMC9,-1.1563792,9.299798
SNRPD3,-6.285189,-2.6967149
CS,3.644351,-5.792338
C4B,2.5224376,13.896782
ANKRD33B,-10.590274,10.795764
ABHD18,3.5978808,0.16385637
ZNF585A,5.426734,6.3298354
TMEM100,-8.70798,3.2912724
MPHOSPH9,-0.4444849,11.011083
POC1B,-5.277166,9.413676
IFIH1,-3.8856533,12.463842
EYA3,6.262596,-11.87012
SREK1,14.691084,2.9965909
KLHDC1,-8.97388,7.7158394
SOX18,11.492821,-7.796488
TMEM35B,6.720136,-1.5623885
ABHD1,0.014520352,-4.6520863
HMGXB4,11.7601595,13.705145
PIK3R3,1.5063279,-6.887125
PSME4,-0.12667283,-7.6615562
RGAG4,9.29094,4.64893
CCDC137,-6.7606516,-9.46467
LDB3,6.110997,10.792888
CAPNS1,-9.2960205,-5.5819964
RASSF5,6.303682,4.1633935
RER1,3.7903502,8.316065
TMEM135,6.088089,-0.39885643
FGD4,10.739666,0.32281438
PTCD2,3.1889899,4.439585
ZCCHC10,7.3261104,-2.0531383
SUCO,3.0944943,0.5441125
RNF145,-1.825504,6.068457
BTAF1,1.4374961,11.892353
GPATCH2,-2.605984,-5.4203463
ZNF502,5.75691,13.939016
MTMR12,2.7120607,-6.236272
GOSR1,0.82051414,1.7471795
IFT43,8.79641,1.6054219
ALDH18A1,-9.166001,2.6931515
RAD9A,2.8107224,-7.066126
SCD5,6.0490685,-0.37710512
MPST,-6.082839,16.872498
KIAA1644,-5.382552,-1.4535071
SYNE1,-3.0791981,-6.655075
FAHD2CP,7.402475,10.219808
ARPIN,5.5582337,-0.14443171
BORCS7,-9.942159,7.3246994
ZKSCAN5,-8.4658,3.3639019
ACOT13,-8.50255,3.3598819
CAND2,3.7498908,12.9294615
ACHE,-5.2928324,-0.37953356
GSS,8.7151575,3.148187
TCEAL9,12.116276,3.8037536
CBR4,7.5104904,-2.232465
IFT74,-4.4444222,2.000752
TMEM143,5.3508797,14.2260475
ELAC2,-10.647868,-8.591136
GRIA1,-1.2066014,9.339026
GTF3A,-4.3611445,-3.7836463
MIAT,6.110501,13.785577
REXO4,2.9244978,10.236993
DSTN,-1.5471407,14.215507
DIRAS3,9.101837,-2.2776685
OGFOD2,-5.6227045,-5.6928053
GLI3,1.5844147,-3.9114268
HNMT,-4.7649283,2.0238805
TMEM158,8.97137,4.48202
VKORC1,-5.5331807,-10.761246
GAS7,-1.8085425,8.3132305
ZFR,0.07374912,10.620686
LCN12,2.4435842,-3.380899
SIK2,1.8904233,4.448115
AHI1,1.6109775,11.70192
GAPDH,-11.356005,7.9675393
MRPL10,-8.124369,-1.0506216
BSPRY,-5.8557158,3.5296926
AP1G1,1.6072267,11.655484
ACOT9,-11.129204,2.2462957
L3MBTL2,8.050185,12.797625
SOX7,12.700894,8.785276
LRRC23,-1.7316252,1.5537528
ACKR3,6.9594326,-8.70033
BRI3,-8.599241,-5.936197
MAN2B1,6.652816,3.6598847
SPICE1,-3.658498,2.1382198
MCM6,-5.5407844,-10.749616
POM121,-1.70355,6.263662
HEMK1,-5.6228294,-5.6935635
TBCK,10.151798,-4.4019785
S100PBP,-4.4401417,-0.83369946
GALNS,9.68098,11.228271
ILK,-2.7668977,6.7960587
CDH26,14.150303,4.34025
ZFHX4,6.080463,-0.40186334
COQ3,-4.6067257,-4.2480597
TNKS,-0.12828061,-7.640837
PPP6R2,3.873499,15.389305
ZBTB24,3.0462825,1.6125643
KPNB1,-9.103118,0.9402193
TMEM176A,2.1377006,16.399685
SPATA17,-1.8601271,1.5538019
MAML1,5.286648,9.619249
ZNF8,6.2451887,-11.852337
PPM1K,10.762556,0.3466487
PRAG1,-5.2190285,-0.36343437
PFDN6,-5.084525,-3.5290797
FZD2,-0.93083483,-4.0563765
ZDHHC6,1.8916923,10.175956
GPBP1L1,14.944167,11.162642
JAK3,-0.84323996,0.72155124
GNA13,6.3375406,-1.6570089
TTC14,5.4475703,6.2781563
PPRC1,1.5076486,-6.8874354
PTMS,8.611473,4.5777354
THUMPD3,6.109594,-2.5039735
IGSF9,-11.785829,2.8477092
WFDC1,-8.083105,5.535322
PPARGC1B,-4.3661885,7.5582714
SLITRK4,-4.3919187,7.570256
KIAA1107,-5.655449,6.7593255
ADAMTSL4,2.522815,13.900082
YPEL4,6.361703,15.679784
ZNHIT1,-9.102792,-5.1151876
CDC123,3.0408602,-5.9765196
ZNF516,11.836144,-3.9965227
UQCC2,-5.395579,-3.255461
ASF1A,4.8915567,0.055650517
KCNG1,2.606628,13.815973
TIAM2,-2.6395676,6.3768024
NUDT8,6.7291136,6.1490917
SLC25A3,-3.726952,-4.1369014
LRRC17,-0.54495364,3.7784202
PLEKHF2,2.2645643,8.860532
CLDN1,8.140219,9.433342
P2RY14,11.950327,1.3157494
HR,5.4831285,10.183072
PCNX4,-3.6355937,2.8166032
TMEM136,6.0904393,-0.41087833
ATOH8,-0.5618901,3.8682842
RNF121,6.700973,-9.142659
RHOJ,-8.442805,4.0835123
PPP1R3G,-0.4378186,-3.461451
WIPF2,-0.5699465,-2.8442743
DDR2,-5.7513695,2.0354395
NME1,-4.7632723,-3.6952407
GPC1,10.022593,3.3826745
SS18L2,-1.584104,14.181283
PQLC3,-3.697491,2.187452
WDR5B,-1.8061062,7.999992
RNF4,-8.8460045,-2.3651025
STUB1,-9.4822855,-4.766266
PI4KB,6.367988,11.73406
CYP4X1,-5.9904256,7.0987005
PBLD,3.075049,12.83682
S1PR3,11.964776,7.991118
MAGED1,-2.8630197,5.134751
SMAD3,0.40985686,-3.5607553
NHLH1,-5.5119443,-0.2943368
PTPRM,3.045216,-6.0187936
PAMR1,6.9358134,-8.677677
BOLA1,-7.9928384,-5.9743943
FAM3C,3.9112647,2.695645
ZNF204P,-3.4404063,5.5339866
DLG5,0.51089746,-3.6348333
LYRM9,4.9759088,2.3647764
BOD1,-5.5922217,14.06055
ZNF354A,-3.1777737,1.1048388
MCUB,-2.2590501,0.41365114
SPRY3,-1.142471,-5.5013795
TIMM9,-6.396173,-8.255795
MFHAS1,5.654772,7.524996
GREM2,6.232611,15.557733
LRRC37A3,7.463586,13.186801
KLHL25,8.337093,-3.6381166
ZNF254,7.905206,-2.4269605
CA12,-4.4457645,-0.8343959
MATN3,12.926438,8.284886
RIOX2,6.178458,2.1755373
HDHD3,6.8964076,-6.858506
S100A13,2.4386313,-3.3606899
PSMB2,-1.5415286,14.208838
DNAJC11,12.061866,5.510522
PABPC1,-6.433006,-8.334699
PURA,-1.5925322,10.899139
FAM104B,5.200794,0.011795694
RGCC,6.7723637,11.256748
GRAMD1A,5.6972795,7.9721704
MMGT1,10.375921,-0.16072325
CCDC97,8.249966,6.7595816
TST,2.4474318,-3.3611507
EMILIN1,5.594182,7.9055576
DHRS3,4.2694597,-3.100218
FAM222B,10.54244,11.965426
TBC1D16,0.41974285,-3.5470757
GRID1,-8.1469965,5.598629
SEC24A,7.8045816,-2.3547776
PGM2L1,1.9064274,-1.9064878
EVC2,3.5171504,0.96605414
MLEC,-6.223006,-4.59677
ISPD,4.288348,2.7900329
SDHA,2.3952785,-2.1007898
SSB,4.285425,2.929663
PCDH18,11.835587,1.422768
SLC11A2,-0.86440986,16.203577
GPR89A,10.207139,14.919552
GAB3,4.9501557,4.928004
HOGA1,-4.816265,1.9901204
RASA4,3.3318965,0.892544
MRPL50,-9.858179,7.3158364
ITGAL,4.990512,4.953456
TMTC2,10.001962,7.405458
HSPG2,13.150243,7.9526663
SORBS3,0.94002056,5.4171095
RRAS,-9.401357,10.204307
NR2F1,1.5727209,-3.9395027
PPCDC,-6.309412,-2.6936607
PRKX,-0.5519452,3.8602867
EIF1AX,-8.390872,8.416295
PFKFB2,-8.134481,5.088323
ABCA8,9.452272,6.577825
NPRL2,8.070761,12.456668
PPFIA2,-0.56278425,-6.533232
SOAT1,-0.74846536,0.37495932
RHOB,-8.170327,-2.800697
DCAF17,10.278574,-4.2724385
ATP11A,2.2961893,8.363454
GNG5,-7.7460594,-6.036899
TMEM35A,-2.7504418,6.0443335
RAB26,-1.8739827,15.358603
PQLC2,9.155845,11.539338
CFLAR,12.843147,8.27025
TMEM19,-0.37068033,12.535495
FAM58A,0.72707105,-1.6986289
MSL3,3.1414998,4.3961034
HOMER2,3.7278569,6.0080585
KL,0.2308,16.712967
MORN3,-2.434269,2.286982
EDEM1,1.6090462,11.705823
SUGT1,3.2019076,1.6342837
GMEB2,-0.36224508,6.387554
TXNDC9,7.61573,-0.9727545
TLR1,5.708367,-4.386574
INO80D,10.760425,4.7498093
TBC1D26,6.0821056,13.813009
UNKL,4.3063107,-1.6231325
PTPN21,-5.9482365,1.8298414
IAH1,-3.7366166,-3.8727121
ACTR5,8.490789,11.8180275
PGF,-4.600704,10.842362
BET1,-8.340263,8.414558
CSDC2,-0.22026682,-4.043725
TMEM164,-8.143517,2.8640587
CARD11,6.271632,3.6380403
KALRN,11.890904,5.6549406
OCIAD2,8.8902445,4.552529
APCDD1,-0.7047991,-2.6654856
FHAD1,-2.5503893,1.6578188
CCT6B,6.0883045,-1.8115529
ZNF488,7.3825717,10.049517
RAB36,5.620099,2.1885233
MPV17L2,-6.551724,-9.681274
RABGGTA,-0.5703061,6.515427
FAM92A,14.955174,-3.299099
ATXN2,13.565356,5.703363
MTFR1,8.663298,8.403968
SLC26A2,12.652653,8.32901
CCDC181,-5.5951505,11.43297
IRAK1,3.7987752,8.167755
THSD7A,-9.055801,6.8004885
FAT1,2.6109734,-2.8199415
PRCD,6.4083385,10.63127
AP1AR,-5.9115763,7.0204535
SFXN2,5.2869277,14.273999
DCAF13,10.347828,-0.18336104
RRAGA,0.85023206,0.37252992
PRDM2,0.64993125,-0.5029947
APEX1,-10.6480665,-8.591365
STRADA,8.616353,11.895208
NT5C3A,-8.454842,8.308604
ANKMY1,5.56666,2.1482217
KIAA0232,-1.614965,11.0689335
SLC39A10,-0.5361421,3.7765784
RLF,1.6315947,11.676295
TMEM132C,-8.151787,4.8071
ZDHHC2,6.1152205,-2.0668879
LARP1B,-8.369441,8.401079
TRIM62,8.664161,8.1820135
POU2F1,3.611633,-2.688222
DERL3,9.533845,11.327452
HMGA1,1.1454941,0.6650577
SLC31A1,-7.229902,12.788723
CCNA2,16.097898,4.2826543
NUDT16L1,-7.907245,-5.974965
TMEM18,-6.584679,-7.494932
CTSB,-8.152389,-2.8165085
CCDC117,9.362825,-4.4284773
TRAPPC5,-9.54251,-7.11596
CARMN,11.961052,1.3028617
BTBD17,-8.02825,5.5192456
DCAF1,-3.2575865,0.4685684
TUBB,6.28176,7.770897
DDAH2,-9.34808,10.219424
DHRS7,-0.8690861,4.0239234
RASL11A,-0.38215593,8.4174795
BORCS6,-9.5208435,-4.897439
SKIV2L2,-2.4954941,-5.6639843
ECSCR,12.689005,9.132234
VSTM2L,-2.7753046,9.796972
HIC1,-4.6006913,10.842952
GPC4,6.9823866,-8.685012
TRAK1,0.5030599,4.445504
CHUK,6.259184,-0.6627861
HEATR1,0.09381726,1.5676396
FBLL1,-5.290755,-0.32056838
GCNA,6.3874745,13.553764
ITGAV,0.9127026,1.643699
IVD,2.4486172,-3.3597176
LRFN4,0.7980955,-2.3550587
CCDC102A,-4.0119195,1.959563
CDKN2AIPNL,8.876029,4.5533104
KIAA1524,0.88490033,5.478656
RAB24,-8.0219,-0.92389643
FAM174A,8.139828,1.9886903
IRF2,-2.4119012,7.963305
HNRNPDL,1.4945554,11.829615
AKT1S1,-9.453696,-4.4811296
TIAM1,0.8082382,-0.6849998
ZNF703,2.753133,-2.8624055
TEX261,-2.518057,6.524272
JADE1,10.765601,0.34920385
OPRK1,-4.731631,6.3113422
TMEM54,-1.0529034,-4.1442466
SLC38A1,0.8062889,-0.6883293
ZNF687,-8.659278,3.8847938
IL5RA,-13.104423,0.029997794
PCDHGB2,-8.223626,4.449374
FIGN,10.315707,0.20808259
SCO1,1.6994882,-9.2072735
LAMA4,3.3165252,6.371884
SNX16,7.3192897,-2.0494957
FLRT3,7.3938055,11.565107
BRD4,-0.38255635,6.4063826
GPN3,10.378044,-0.1613666
NDE1,6.323453,10.809721
SV2B,0.7782671,-0.6544314
NPAT,7.906016,-2.4308805
ZNF587,-6.324604,-2.6933653
TMA7,-5.730469,-6.642771
SLC36A4,-1.3707792,9.412139
MRPL32,11.376259,-2.112545
MYO7A,9.546155,11.320833
ERN1,6.6861496,-1.6290572
FEN1,-9.515635,-4.8986726
NUDT10,-2.9597373,9.315298
CTIF,5.430483,14.138575
MLLT6,8.253276,6.767467
NDUFA6,-5.738262,-2.795024
ITGAX,6.3261003,3.736433
PLD5,-6.7532463,2.6412094
FAM206A,4.291755,2.9309776
SREBF1,7.452764,10.256662
CETN3,-3.6053565,2.7180445
COQ5,-6.4282427,-7.3176403
GAS2L1,-0.21812776,-4.0412464
FBXL17,-8.930209,6.762133
OPCML,-6.1568646,6.53746
CPOX,13.508412,11.619437
RBPJ,-0.86451143,16.207972
WDR38,-2.555537,1.6392815
ZNF641,3.7324464,6.0041304
KREMEN1,0.4258483,-3.5556507
TALDO1,-11.092518,-6.485131
ATG5,-9.563558,6.4327044
KIAA0586,-3.2066205,0.83612615
AKR1C3,3.5752933,-3.0977454
SUSD1,3.755536,-7.250362
COL4A4,11.904215,1.3605283
IP6K3,13.479871,11.600099
ZNF671,3.3541386,-4.824365
SUN1,-2.628378,-5.3699427
ABRACL,-1.5732105,14.176988
FAM26E,-3.9314613,11.561845
ADCY6,-4.249213,11.247127
NIPAL4,5.399059,10.113909
ARRB1,10.573545,1.3515093
CELSR2,9.297609,4.6510444
OSBPL11,-0.56343514,3.8627064
FAM102A,9.294586,4.6575975
KCTD20,-8.862131,3.5480552
ENDOD1,-0.86048466,16.204535
TM9SF4,8.347665,-3.6422632
ORC3,1.8860759,10.18467
RHCG,-8.432146,4.1029797
MRPL49,-6.7002597,-7.6125994
LRRN2,9.351389,4.682392
AIFM1,-11.293212,8.020707
PFKFB3,5.5605493,7.8997126
GBGT1,9.192137,-6.078995
APOC1,-0.8791714,-4.0240717
CALCOCO1,3.1104712,12.827759
CP,-2.223984,0.36187768
ZNF274,4.978906,7.6777797
TTLL5,-3.3676665,11.562256
XPO5,0.39982978,-3.575715
PDZRN3,-8.4362755,4.08912
RIN3,5.97993,-4.6122932
VTI1A,-9.426624,-6.760177
ELOVL5,9.32167,11.393647
ATP11B,8.129432,8.354107
CAPG,-9.118462,10.2965765
GSDMD,-9.403538,10.210527
POM121C,10.537011,11.975126
SRPRA,3.6525006,-5.8007736
POLR3B,-2.3571296,5.739415
SLC9A3R2,8.328002,6.897276
DOCK9,8.313269,8.330985
SMYD3,-3.895387,-3.9908683
SLC16A4,-3.6762795,2.1390944
TMEM60,-2.8911214,5.191985
N6AMT1,-11.948478,3.210184
KCNN4,6.1755295,13.752086
RBM23,6.1400094,2.247611
ACLY,-0.01909369,-0.9241454
CHST10,-8.079096,5.465483
PDDC1,2.4452307,-3.3777957
MAN1B1,8.581211,11.924695
SEL1L3,-0.52069396,-3.1024406
PLEKHG2,12.248463,9.584423
SDF2,-5.5072455,14.009299
WDR83OS,-9.293623,-4.98812
PRRC2B,2.70921,-6.2382765
CUL4B,2.4272969,4.9013004
ZBTB14,9.507286,8.022217
ATL1,2.542637,3.8411112
PODN,12.638116,8.414081
ZNF862,7.404277,13.261396
FANCM,3.717849,2.820029
LITAF,2.338896,8.285182
RAP2B,-3.3610482,6.132021
RCHY1,-3.1545181,-0.41401348
UGDH,2.262545,8.875385
NDUFV2,-4.4488053,-3.7718313
VWA5A,2.5153034,13.907572
ANKRD34B,-6.7449255,6.248582
IFIT2,4.412734,7.389906
KDM4C,5.491143,6.217526
ATAD5,1.5915709,11.726411
TLE4,-2.4513094,7.9570866
MICU3,-8.224334,8.554908
RAB33A,6.4579725,10.700908
CWC22,-8.094338,8.639184
SLC30A4,-4.2392035,7.4382215
PRRT1,9.322573,4.6601443
CLCA4,9.997793,7.437073
WDR86,11.784406,-0.7358438
MAN1A2,-3.0155475,0.08987297
SPAAR,12.837026,9.333355
HNRNPM,-6.3879504,-9.85204
PRMT1,-9.305542,-5.577921
BRF2,0.16553773,10.734789
GLRX2,1.6795536,3.735041
POMGNT2,-0.616662,6.612926
CCDC74A,-2.431394,2.2864394
SLC7A1,12.715721,8.686859
GPATCH8,-0.15018524,11.377954
PLIN3,-1.0716628,4.0247912
KLC1,10.722267,16.852098
ASCC1,-0.9025538,4.040984
SMYD5,8.184646,-4.4943504
PPP1R11,0.8748522,0.44233847
ANGPTL2,-8.993338,9.278571
FOXJ1,-2.2341993,1.6017853
DSE,-1.7658598,-0.2568289
RPL10A,-6.011885,-6.7144322
INO80B,8.803252,1.6013948
TMEM132B,-2.8888578,-6.838824
BBX,6.7164793,-0.5404667
TPBG,-6.168594,7.251197
CMAHP,12.918206,8.330049
ANKRD42,8.091192,1.5613071
PTH1R,4.0102005,3.1811223
IGIP,9.59336,8.031201
CBLL1,10.624315,4.8754964
ADM,4.757028,7.4184284
PAK1,1.2760772,5.0433407
SPATA33,2.0552773,5.996843
SUPT16H,2.7120786,-6.238866
NLRC5,4.4670143,7.4422393
INTS1,3.873147,15.391778
DMXL2,-2.8857648,-6.8421164
SULT1C4,3.0575647,6.823853
SOX4,8.0374975,9.510275
PKNOX2,0.8260904,1.7525793
ZSCAN30,14.786236,-0.697172
PEX7,4.0333457,-3.7890754
COPZ1,-4.284883,8.6749735
PNPLA4,-10.389936,0.9086975
ZNF14,-1.6133204,14.219024
TSC1,14.791076,-0.7023774
CCDC90B,12.324169,3.1863432
CTSC,6.1281896,4.3426976
TLE1,1.8407502,-8.760231
TMEM56,-8.854358,6.74407
TIMM29,9.6515875,2.8209062
DCTD,-5.277305,2.072795
TBRG1,-2.592327,6.561507
RNF139,2.0049624,10.071815
RASSF4,-0.63784707,3.8437436
BBS7,4.303205,2.9393556
AMPD3,6.352382,11.241728
TMEM234,-5.5117016,11.5205145
IRAK2,9.324337,11.420854
DSN1,3.7150853,2.8549356
MBD4,-0.30194598,-7.250559
EIF2B1,6.2420607,6.4218545
NEK8,-0.037926633,-3.9876244
RIMS3,-4.078788,7.250846
TLE2,-5.3728023,-1.4537129
B4GALNT3,-1.7476317,7.9128013
CTCF,8.014904,8.262801
CPSF3,4.7651753,3.3802521
C1QL2,-8.062487,5.492849
DBI,3.8896587,7.8655324
TBCC,-4.8997774,0.48821217
SH3GL1,8.029491,-7.010312
TAF1B,-5.2881937,2.1309292
KRT10,-2.7739553,12.086224
GMPPB,3.8158665,8.338161
SLC1A6,-5.106245,-0.62911147
SLC27A3,4.913328,7.584356
ALS2,-0.5709772,-6.5288353
RILP,4.565141,12.305489
CDKN2AIP,7.591636,-2.2716722
TFR2,-1.7439749,7.9048595
SELENOP,-5.229868,9.375878
CCDC14,5.448028,6.2756085
LDLRAD3,2.3210173,8.321789
KLHL7,-8.951482,6.767499
TPRKB,-6.287978,-2.6962936
ZBTB34,7.093648,-1.0501472
MOB3A,-10.879377,-6.7170944
IMPDH1,-0.52097464,6.4895377
JKAMP,-12.1252365,2.5163207
G0S2,11.610917,-7.7307305
AFAP1L1,-3.8796434,-2.354136
VARS2,7.273074,13.171216
CCNL1,-8.432527,-2.597704
HCN3,-2.6642125,9.531131
PLOD1,5.8913937,11.911267
DOK5,-5.911574,1.8437517
PRR5L,8.680104,8.174124
SLC1A1,-1.553175,14.219622
FDPS,-6.602572,-7.4949527
ANKH,-0.4400874,-6.649219
FOLR1,-1.8220452,1.5611186
ADAMTS8,-0.691976,8.310501
SNX7,-4.9808416,-1.5700623
TMEM241,-3.2848368,6.067153
MAP4K2,-3.8035378,-2.435833
DAAM2,8.958354,7.444913
SHE,12.71909,8.697807
EXD3,-3.03781,1.6327032
PLA2R1,11.90974,1.3557222
SERPINB8,4.810207,7.4688835
ADAM22,2.542467,3.9491203
TMEM39A,9.328244,11.419001
STK38,-1.1637648,3.892186
FAM105A,6.3604436,-4.9760246
FUCA1,6.084589,-1.8116022
PTPN1,4.8496056,7.4148116
LCNL1,-13.271526,7.27792
CAMK2N2,-2.777667,9.798093
LY75,13.300754,7.82192
PRMT9,11.911295,-8.085886
EMILIN3,7.7582994,9.706216
PARD6B,6.2107735,2.1430802
CAST,-3.6552856,2.1662269
ZNF10,-8.085432,8.663012
UNC13C,-6.234866,6.4799957
ABCC10,7.4123354,13.181961
MRPL58,-5.9737306,-2.68594
SEPT3,3.755857,-7.2484856
PMPCB,-1.5452312,14.208726
MX2,-3.8986435,12.504582
TMEM55B,0.86334944,0.4490109
ANP32E,2.371599,-2.7584596
TOM1L1,6.1749315,2.178129
PKN1,-9.4700165,-4.4740796
SAMD9L,-3.2657127,11.530945
CACNG7,4.2953906,11.467284
PPIC,6.9742475,-8.834787
DNAJC27,-0.35953724,8.420283
ARRDC1,-1.4842054,3.44719
LRRC3B,-0.5188124,-3.072473
CCDC93,14.786822,-0.69783884
DDN,10.002871,3.359496
ADAMTS1,4.847685,7.404845
TAB3,-2.9917665,0.019272693
SRSF3,-8.093391,8.649749
ACADSB,-1.8451428,11.209251
CRYZL1,-9.947701,7.3268013
YPEL3,4.586087,12.332456
RNF213,13.029334,6.466037
CRIPAK,14.241055,4.048788
DGCR8,13.83659,4.427644
TRO,0.34804133,2.7610734
PCDHGA5,-8.220802,4.454629
HLF,0.9587144,5.3611298
FRMD5,13.479273,11.544227
TSPAN12,-0.5778984,-2.8603232
COTL1,-0.7201927,4.9360566
ATP7A,7.97823,-0.55068624
CTSO,10.67358,11.841706
ZCCHC8,0.38775253,2.7959068
ZNF341,-1.5237427,3.4018548
NONO,2.789971,11.555691
TRIM7,17.609781,5.264807
IFT88,-3.582752,2.617204
ZBTB39,-0.3226179,18.928278
RNF6,-9.132994,6.8096027
ZSWIM3,3.7314425,-7.267399
DHRS12,-9.873548,-6.474827
CWC27,-4.9775214,-4.1315985
CKB,-8.666531,-5.2001867
VIPAS39,6.208887,6.4185576
ZNF554,-5.6103454,3.6827676
ATP6V1G1,1.8828523,1.356073
CANX,2.7929986,11.552259
AIM1,-3.710986,11.840267
ADCY1,-4.3954015,4.3526435
NRF1,-13.271492,7.277661
BSG,2.187017,-2.2042112
IFITM1,4.438749,7.4797535
SETD2,-2.5746126,11.332586
GSTK1,-2.7581427,6.7866774
SCIN,6.0376625,-4.5417557
IL1RL1,12.500686,8.309703
BLVRB,-11.008865,-6.543065
MRPL16,2.1693316,-2.226792
CNTN5,1.9139538,-1.868874
UNC5CL,14.2566,4.01144
EIF5A2,-0.9129815,-5.24871
THBS2,-8.993963,9.280006
BCLAF1,-9.456605,6.6518526
STC1,5.7762365,8.044932
ZNF776,6.0243573,-11.635574
SLC14A1,-0.7038503,3.8702412
HKR1,8.022742,12.542973
PITPNM1,9.087493,3.1385248
CUBN,16.216837,4.407977
HOMER3,-9.431478,10.257374
GPR107,-8.680626,3.8626065
NME9,-1.7139499,1.5143241
DDX60L,-3.2814896,11.518274
FAF2,1.8120056,1.4094548
SKI,3.5505865,12.833217
PLEKHM1,-5.63131,13.9791765
AASS,7.1075745,-1.0750085
SLC25A35,14.955127,-3.299486
NSMF,2.2892432,-8.426254
ERBIN,-0.86396766,16.21016
PDE3A,0.4996452,4.433414
ENSA,-4.987964,-4.137437
CELF1,-3.8692126,6.456458
RSRC1,4.2825537,2.7887905
EIF3H,-6.4110193,-8.260562
MDGA2,-4.635013,4.464641
OTUD1,9.399577,-4.463355
PCCA,1.6998702,-9.203868
EIF4E2,-2.996439,5.378236
FAM122B,0.22971325,16.713863
GABPB1,0.8988614,5.4626527
NAP1L5,-3.6684458,15.700214
IL17RD,3.6041148,-2.3196003
KAT6B,0.3709232,4.377426
RIPPLY2,-4.6096883,5.880638
RELB,5.9392066,8.204128
PHF11,3.8089178,-6.750886
RBSN,9.512705,8.030869
RBPMS,12.255199,9.577966
SMIM19,4.5914335,3.2272336
NBPF8,3.7011025,12.979871
CCDC157,2.086744,5.9662375
NDRG3,1.9209151,4.506391
CBFA2T3,10.118896,3.5553694
FAM95C,6.3113103,13.652533
FHOD3,-3.770221,15.820054
TNIK,1.6848624,-3.7047303
SBNO1,2.7952535,3.3581612
MRPL11,-5.8548965,-2.6782804
CDKAL1,6.575914,-1.5170224
LRRIQ1,-2.8625996,1.7006706
TRIT1,8.490453,11.814282
GUCD1,2.0947082,4.6901517
NDUFV3,-8.278716,-1.2750106
SLC7A5,-7.228089,12.796939
CCDC107,-5.528881,-5.556296
NTN1,3.6896584,1.0230396
TMEM256,-5.5685973,-10.692043
FBXO42,10.678838,11.826106
MED17,2.1728404,9.217283
NRN1,7.307555,-0.03867122
POLR3D,-11.33432,-6.311773
HNRNPA1,-6.4670625,-8.327973
TMEM163,8.176366,1.9390786
SMKR1,-1.2938063,9.369444
ATG16L1,-3.8266006,6.455792
RFX1,8.091887,12.848208
PTPRG,-3.7157261,11.658999
PTPN23,3.873207,15.391016
AGO1,11.413683,13.164057
NDUFAF7,6.23652,-11.843859
FAM229B,2.121142,5.956907
TRPC6,-2.465896,0.95507467
SLC6A16,-2.7131917,1.7997464
FAM83H,-3.1329904,-8.656355
CXADR,3.0816903,1.5767558
CPLX3,-1.0541279,8.09915
COX5B,-8.632691,-5.475947
SORL1,-5.416109,2.2753422
TSPYL5,1.7378709,3.814588
DDX3X,2.1822126,9.230571
NRARP,-8.061445,5.4871006
SNAPC5,2.5163882,-5.7330685
STX4,-6.371709,-9.867918
GTF2H5,-1.5757493,14.177991
LRRC55,5.6955285,7.4578023
CCDC96,8.327708,1.8498807
APBA3,6.3757105,11.765138
PDIA2,6.427115,13.590941
HS3ST1,-4.8313003,11.493694
ACOT2,-0.014150335,-4.6174645
MAP3K3,-3.9267907,-2.3043041
MED25,-10.911736,-6.6852345
DNAH3,-13.099744,0.034489207
RNF215,-0.8975155,4.9677534
SEL1L,10.628828,4.8761277
AGPAT5,9.948815,-0.40062752
PRDM8,-2.5653656,1.6836623
ALS2CR12,16.199184,4.3951144
GNAS,4.364615,-0.022355014
AKAP8L,9.049153,14.2499275
CLCC1,5.6004405,-0.161725
RPRD1B,2.1705492,9.222568
RUBCN,4.4375386,-6.9148583
HAGLR,9.42932,6.543127
HS6ST1,12.104729,5.4878125
CRLF1,-13.100442,0.033658564
TCEAL8,4.292885,2.7930796
TMEM258,-9.179464,-6.054691
TARS,16.106869,8.018993
TTF1,9.738207,8.457206
MNAT1,4.4009953,-0.047617868
COPS7A,-9.486129,-4.410302
HCG11,0.5118524,4.4480886
ANO4,5.895179,10.563157
FAM13C,10.081115,7.4602766
PARK2,3.1614072,-6.3595943
PHYKPL,0.7188364,3.061593
RUNX3,-8.494591,-2.544886
SPCS3,-8.300375,8.461743
ZNF18,-11.52,-2.3990107
XPC,9.744647,8.465627
STARD4,11.366274,-2.108692
DZIP1L,-2.643979,1.7449301
ZFYVE19,8.885834,14.402786
WWC3,8.842061,7.2378263
E2F1,-8.30676,-1.3084463
TMEM191A,-9.447687,-6.81272
GABRG3,-1.2086179,9.346162
TPT1,-6.4302354,-8.272988
EEF1E1,4.2891197,2.7881167
TOM1L2,-8.152025,4.929294
RASA3,-2.9095023,-6.8223996
ZFY,7.4613404,-2.175052
HRH3,-6.0260005,1.9154711
NDUFA7,-8.692571,-5.413929
EPHA5,1.9221541,-1.8646295
VSTM4,-0.7140704,-2.6580467
SPATA6L,16.165411,4.3693447
SLCO3A1,5.7006106,10.14434
CCDC121,9.42722,-0.708549
OSTF1,9.537668,-7.5341754
TTC31,5.304678,9.648585
CAV2,12.649244,7.312634
KDM5B,-2.9024558,-6.8314075
LRRC37A4P,0.35367915,-3.6242454
KIAA1024,0.50485647,-0.51694566
ACVR1,12.66942,7.3185616
BYSL,3.560903,-5.73915
GEMIN6,10.02545,-4.5930433
S100B,5.171442,0.007449594
JUND,-9.5567255,-7.133627
CASD1,-9.396559,6.68033
RNF14,12.0660515,14.293167
EXOSC9,0.89549255,5.469161
PHACTR3,8.851805,7.376185
P4HA2,1.7675434,17.924921
DHDDS,8.182891,-4.514419
RERG,-6.7674437,6.235206
NAF1,8.03733,1.5188723
SLC45A3,5.6560225,10.184054
NEIL2,-6.7209315,-7.6342425
TMEM44,-6.138293,3.6910894
COL8A2,6.1199946,4.3361735
GFPT1,8.048753,1.5300598
ANGEL1,12.163388,3.8588152
C1QTNF4,-9.540822,-7.1141977
KIAA0319L,4.0568337,15.089581
ZNF622,-8.282938,-1.2829226
ADAMTS3,-6.1671095,7.2539835
CADM2,12.385965,14.143468
CTSL,4.0046897,7.955543
CYP4F35P,6.239051,13.714767
ISOC2,-9.097156,-5.1585093
TMEM63C,-2.6658275,9.52667
RNF32,-4.712861,2.0594423
CKMT1B,6.054746,13.843175
FNDC9,-3.374531,5.805845
CCDC80,2.7746224,-2.8730526
AHCYL2,10.55959,1.3455994
PARVB,-3.5752053,3.9700027
FER,5.8408146,-2.1700091
SPOP,11.852286,-3.9876275
FLYWCH2,-9.108847,-5.155649
PSD4,2.5683663,-3.0675547
TRIL,-0.3700428,-3.2304187
PBX3,-6.0576935,7.1276345
TMCO4,-0.9204947,4.997781
ZNF707,3.8705113,15.388702
BTG3,3.8548496,-4.9979763
PRKAG1,4.036568,-3.79419
ASPN,-4.6979537,11.486459
ATP6V0E2,4.497605,12.188029
SYF2,12.092346,14.425532
TXNRD3,3.7169175,-2.390513
RTCA,-1.5601939,14.220359
CCDC66,16.094109,4.2810006
RBMS1,-2.4206798,7.966925
LRRC58,6.2733088,-1.6491119
MSTO1,9.753176,2.7161605
DPAGT1,10.646911,11.798132
POLD3,6.2026386,2.1497056
HIST3H2A,-5.713479,2.919585
SLC2A11,5.316988,14.258453
HRK,-2.461679,0.9453449
FAM69C,-0.71533966,-2.6484892
ADAMTS13,7.6482463,12.836673
ASCC3,12.230327,3.4109173
SSTR1,8.400936,9.182557
EME2,6.3278413,13.591118
KCNK10,9.902721,-7.4809203
STK38L,9.661012,-1.2128478
RNF144B,12.882077,8.276338
RTCB,4.558965,16.582989
CREB3L2,5.337793,10.288452
PLK5,-1.8383497,15.324148
ST3GAL2,10.012392,3.3737917
BNIP3L,10.096862,7.4541454
EIF6,-9.282088,-5.592626
CLN5,8.437981,4.562213
COX5A,-3.8414433,-4.025841
WDR27,-5.1955276,11.50095
PHF3,7.2328773,-0.09388545
EXTL1,-4.365475,4.3283434
OAF,-0.032187793,-4.382979
ECI2,-0.8205127,4.902623
ST8SIA5,-2.761036,9.763739
ZNF786,3.7259338,-7.260177
JAM3,5.697072,10.123443
ZDHHC24,-11.081615,-6.491355
WBP1L,-4.208579,-6.75435
CERS1,-6.0825443,16.872303
DVL2,0.70222557,3.0470288
WDR45,-8.176219,-0.32190508
ABCB8,3.8521116,15.410184
PKNOX1,3.8243878,-5.0657177
SLC30A9,-3.2043738,-0.4625603
CARMIL3,-1.8355687,15.321379
KCNA5,-1.9021987,9.1043415
BAG2,9.340414,-4.421856
ZNF213,-5.007596,0.301081
CKMT2,1.4247397,-4.175455
FNDC4,-4.910522,0.4714178
SLC25A32,-8.285285,8.481261
NPEPL1,8.186816,12.283313
PDLIM3,3.7857475,5.979987
NOL6,5.301014,14.262305
CLPTM1L,3.9117386,13.092274
CPT1C,5.385591,14.185581
CPNE9,-5.3607955,-1.4603436
CHD4,-1.5991842,-10.521611
ISM2,-5.955707,3.5867648
UBL3,-9.42177,6.7556095
LIN54,7.5282493,-2.2410185
MDH1B,5.5755925,2.1759112
LRRC36,-5.72185,2.9322789
PANK2,-0.37197235,12.536169
FRS3,-1.5345054,3.3864772
SDE2,6.1600904,-1.8138545
CDC7,1.5073273,-6.8834524
DNMT3A,6.0071054,13.877866
SMG9,9.057108,14.233613
CASC3,8.260451,6.774375
CDPF1,13.558483,5.6834545
KCNQ4,8.099539,12.84211
FXYD7,-5.1328354,-1.4992762
PTCD3,3.6598597,-2.2506342
FANCE,-2.489048,6.11424
ALDH8A1,6.0292826,13.865372
SMIM17,1.908362,-1.887408
FAM57B,9.224406,3.8302255
TBC1D2,4.6168356,10.121878
GLIPR2,6.3118024,11.503773
DGKA,-5.832105,3.5927465
ATXN10,4.624744,0.96889645
CLN8,8.726804,8.077376
IL3RA,12.680922,9.250771
RGS11,7.3194,13.206148
ALDH3A2,-5.286852,5.9352713
RPL14,-5.7377305,-6.6566277
B4GALT1,-0.74494123,0.3709833
TM6SF1,-3.7600431,15.809439
ZNF675,3.2099397,2.8307402
EIF2AK1,5.1367455,0.009575354
ZNF239,3.7296765,-7.274734
DHRS4,-7.9976187,-5.948658
KIAA0930,9.037257,14.264575
RASL10A,-0.9114062,-4.047384
ARRB2,6.0679207,-4.622509
NFIC,3.6393373,8.541308
FOXG1,-6.768832,6.234991
NUMA1,4.3112245,11.486485
RFX7,-1.700576,11.130902
MPC2,1.8537222,3.8309011
RBM17,-2.4278853,8.936499
BRCC3,2.7060196,3.5276525
ADCK5,9.040759,14.264654
COMMD7,-8.230452,-1.2096469
SCAF4,0.10868773,2.6502795
ZNF467,-4.2546,-1.9784907
KLF3,7.099918,-0.34218147
PXK,5.635198,10.172531
ZNF395,-0.9282328,4.520543
DDX6,-0.31234398,12.42077
MAPK3,1.25257,-1.6937025
NBPF14,-8.554392,3.9615881
ALKAL2,-3.0183418,9.196749
SH3BP5L,10.206384,14.919343
ATE1,2.8111386,3.2880747
GLB1,6.7546144,-9.082024
PAX6,-8.16114,2.8988478
RALGAPA2,-13.180677,4.56495
ANKRD11,-3.605024,3.992899
SNX21,8.060845,8.303484
PRUNE1,6.1268706,2.2784123
PTMA,6.307238,11.507283
HES1,11.5051155,-7.8027263
PLPPR2,-6.000544,1.9782171
SLC16A6,-0.058414135,-4.0182657
GTF2F1,-8.173691,-0.32916257
RNF149,-0.8174088,0.92255443
CHCHD3,4.6593156,1.0090766
SPRY2,-8.975553,2.8220153
LGALS3BP,6.2894692,11.529598
PIR,4.2621274,-3.1015973
XPA,-4.534503,-4.696921
SKIL,7.2269206,-1.972169
DLL4,-7.2300534,12.804262
ATP13A5,1.4485774,-4.0745254
UBE2S,1.3685184,-1.7499996
TMEM126A,-6.425417,-7.3185177
TBC1D4,-3.655701,11.685444
MYH7B,6.0850163,10.81227
TRIM21,4.540761,7.437185
MTG2,8.029685,-7.009643
TCAP,5.2939906,17.710213
ZNF677,-0.3726055,11.363981
ZCCHC7,-8.079113,8.642613
TICAM1,7.8996844,-0.5939733
PRSS27,10.040021,-4.556386
TMEM120A,-8.166731,-0.35123888
PPIB,16.107273,8.018933
FUS,-10.127778,-4.6656895
DLEU7,0.9395231,5.414864
SAMD5,-4.181562,7.384407
EPHB3,-1.0635549,-4.15466
ZNF639,6.9799333,0.16782843
GPAT4,6.3600283,15.678819
TMEM52B,-6.222607,6.4886928
ZNF610,-9.845398,7.3281794
IP6K2,6.3602405,15.678213
RAB27B,-3.3547552,6.1520042
CDK14,-0.92255193,-5.261764
NOTCH1,0.03491668,-4.724674
KIAA1462,-2.6015048,6.9271736
RIF1,-3.0150325,0.100851595
SPTBN1,8.884575,7.423226
HGFAC,6.8336387,13.426166
EFS,7.321495,10.161529
TDRD10,12.687393,9.264439
FAM84B,10.278043,7.562193
STAC2,-1.9149828,15.3958435
KIAA1551,5.8116946,-2.1794546
TPM1,-1.8504727,6.0353265
ZBED1,-8.138145,2.8572903
MIPOL1,-11.940957,2.6213734
EIF3F,-6.377801,-6.7068853
PFDN1,-4.348447,-3.7931468
INO80E,-9.496286,-4.841831
GPR155,-5.120522,6.0401025
AHNAK,6.2958474,15.6204605
PIGM,-11.901868,3.1246152
NAP1L1,0.22992946,16.714125
IL11RA,7.094252,13.211889
NCOA6,-0.43575215,-6.654692
ALPK3,2.5570493,13.866411
CYTH1,4.5801654,10.207902
NUTF2,-9.2716875,-5.707492
INIP,-0.07239081,-6.9813223
RNF216,10.565901,11.949289
NF2,12.107514,5.4857364
CBLN4,-2.8456974,9.2670355
LNX2,7.9126925,-2.4349408
PJA1,1.8887658,3.8139741
TUBG2,1.0539271,-2.0559113
CCND1,-1.8477775,6.0680056
NAT9,2.9719954,10.29358
NAA60,-3.1279628,-8.649343
ZC3H3,8.756961,11.460573
KLF6,-7.930714,-3.0695252
FBL,-6.307811,-6.7685475
ZNF527,3.2939725,0.1806012
CLK1,0.38585714,2.795469
MYADML2,5.480175,14.122481
ROGDI,6.467502,15.788666
BRE,-4.9648767,0.33238518
RELN,-0.4578396,-6.630946
C1QBP,-5.930907,-2.501179
ABHD14A,1.5412084,-1.8858625
ABO,-4.162029,11.381625
SNX9,9.899958,-7.4947267
IFITM2,4.765103,7.857454
C7,-1.1001487,1.1864398
SCARA3,2.1397152,16.43364
PAAF1,8.359584,7.2680964
UBE2H,-8.672343,3.3790565
EDN3,-3.4297397,11.278981
RGS22,-3.7035224,2.1150534
NKAIN2,11.439601,13.202499
KAT8,7.924382,-0.5948918
RAB3D,2.7085407,-6.250501
ZNF576,8.65441,3.0971508
RBMX2,-4.6709347,4.491938
IDH1,6.1204023,-2.4441845
AOAH,-8.052579,11.522533
AGER,14.234489,4.0585446
DNA2,0.3605275,2.7780325
SPDL1,9.48494,8.0190115
GAPVD1,12.23612,3.4171555
CAPZA1,2.2876291,8.80514
EXOSC4,-9.011322,-5.2868958
FBXL14,3.797473,-5.0238323
ESRRG,-1.2540166,-5.659107
FAM86C2P,1.9763848,15.24363
UBL7,1.2110853,-1.6996591
EXTL3,10.075733,3.5006492
ZNF75D,6.010494,-1.3919674
DDX39A,-6.37213,-9.867657
YEATS2,3.8246477,15.438204
SLC30A1,12.649642,7.3079095
LYVE1,-1.0745556,1.1657974
FBXO16,-1.1064821,9.264172
P2RY1,-0.5019153,-3.0129056
NAT6,10.009609,-4.542124
SLC25A15,0.21789725,4.2453833
ASNS,2.0042298,4.6369443
TP53I3,-9.402506,10.206475
POLD2,-9.481993,-4.4167438
LSMEM1,6.396008,13.541289
DHX37,8.424445,-3.5265648
NKAIN4,0.036134344,-3.8616436
ARMC2,8.378091,1.8363951
ADORA1,-8.125547,5.5716863
HACD2,3.2111964,2.8218658
METTL15,-3.589242,2.773895
LSM2,-3.2926197,11.4975815
WFDC2,-5.1400623,-1.482882
ISLR,10.742978,10.123573
ECSIT,1.2626381,-1.6731039
CENPS,2.124022,5.944303
RBM28,-1.1638037,3.8777056
KLHDC8A,8.001027,1.4803398
GGH,3.147534,4.400724
ZNF627,-1.9825294,15.45917
CCDC152,-1.8068887,8.000374
CLDN10,4.0947347,-1.8470492
FBN1,13.581853,11.531183
MUTYH,5.8496127,9.966821
FRG1BP,3.8501062,2.701478
STK3,2.3174906,8.475285
SORBS1,4.3664627,10.409963
TRIM16L,3.7826896,8.340896
TRIM26,3.851155,-4.9974613
TTLL1,8.451942,1.8335989
OMA1,7.3324423,-0.056224603
UCK1,2.023262,4.6570296
PCDHGC4,2.0325875,-1.5945481
ZNF431,5.4614925,6.2586327
ZNF549,6.459482,6.5218477
ZNF568,8.090985,12.845577
PTPN9,-9.173984,2.6858249
TCTN2,-2.4319837,2.2830393
SHROOM3,-3.032291,1.7441729
ADSS,-0.12858027,-7.0072875
HSPB6,-0.029634213,-4.3981047
PUS1,6.1627417,13.769504
WIPI1,-7.22955,12.80007
CHAT,-0.04817468,-0.94366324
CNOT9,3.8606076,-4.991176
ZNF41,-9.362095,10.203556
NSMAF,6.4781857,6.4344287
ZNF280D,3.3966255,0.46138668
ZIC2,-4.0474114,-2.1416004
ANXA4,10.596426,11.910631
ZDHHC5,2.692216,-6.234292
FAM13A,10.022873,-4.602183
PIGF,-12.131746,2.521479
CORO7,6.4398904,15.7615
TYW3,10.076151,-4.461117
POC5,3.577049,12.856486
LARS,13.705145,2.2786853
RPL28,-6.347163,-6.727385
CASKIN2,-0.12980539,-3.9634075
GUK1,1.343912,-1.7011606
AJUBA,-2.4642096,0.947239
ZC3H14,-0.29942614,11.054461
COX17,-4.3096023,8.712119
CD151,3.7910926,8.351133
PLCB4,-4.687385,11.487087
ZCCHC9,7.3485203,-1.0379124
FKTN,4.9647985,9.552951
ZNF217,-11.137834,2.2521477
FJX1,-8.069636,5.4917583
MKRN2,1.7905186,1.4254199
ZNF440,-6.08265,16.872482
FCHSD1,0.5437412,2.915863
ZNF746,-0.38264054,6.4090095
TTC38,-0.9615468,4.1820617
DOCK8,6.1718087,4.2818937
TTC23,-0.9661917,4.2178326
SNCA,11.156626,2.82806
ZSCAN20,-0.37774912,11.3636465
FAM184B,8.329648,9.252838
CAPZA2,9.945937,-0.39844123
DLST,-9.016798,2.9890835
TDRKH,9.610752,8.043473
PREP,-0.95679563,-5.299793
SIK3,6.4441633,15.765676
ZNF398,14.9550905,-3.2996213
ATP6V0A2,14.797676,-0.70930517
TREX1,6.7313266,6.1441665
TIMM22,8.33842,-3.6387818
RASAL2,2.3318014,4.8163357
SLC19A1,11.956546,1.3097441
GPR61,-2.1395123,7.99147
SERPINI2,16.200644,4.389906
BLOC1S5,-5.7398105,2.0286613
RASL10B,9.327417,3.2565422
FAM222A,6.4406796,15.762015
NOL9,8.6102915,11.90182
TAF4B,1.8691766,4.511434
SLCO1C1,-8.163144,4.778293
LCORL,-11.60509,2.5748289
EFNA1,4.7605042,7.419571
AES,3.7623746,12.843901
CLIC6,-13.1305485,0.0043494464
ACBD4,8.360918,12.054663
NSUN6,14.736673,-0.6460646
LPL,-6.1257806,7.1824574
AQR,5.8025494,-2.1974192
MUS81,8.89357,14.397311
PSMD11,-1.3598182,-9.450266
S100A1,-0.9671819,-4.0933022
TTI2,-5.5066037,14.009039
RASSF1,-1.7259308,-0.37804434
ZNF304,2.0376134,4.6699347
KCNQ5,-5.711586,6.767245
FASTKD2,6.1227326,-2.522431
TSEN54,0.38471434,2.7824397
ADA,-8.993807,9.27834
PHGDH,-0.33889562,-3.926411
UBE2L6,4.608616,7.443488
TRIM5,4.550322,7.437547
MRPL33,4.603611,1.0803617
MESDC1,-0.5504653,8.354553
PWWP2A,10.231555,7.5405574
ZNF280C,7.0847588,-1.0666592
ZBTB17,8.743546,11.643985
MUM1,3.8832793,15.370622
ANGPTL4,4.898284,7.554817
HIP1R,5.3291817,9.72331
CRTC2,9.075226,14.230926
EBP,1.4953816,-1.8347151
MCOLN1,6.394596,15.711372
TMEM257,-2.897516,-6.8334465
SCRIB,-5.5861397,-5.628856
STUM,-4.415873,4.3557615
HDDC3,-9.029821,-5.533716
TRIM71,-6.706506,6.269084
SSH1,1.7674893,17.924173
TMEM170A,3.0383968,6.975532
MRPL48,-8.223606,4.431769
HSD17B6,4.0700254,-1.8647076
PCDHGA11,-8.243073,4.421886
EPC1,2.923331,0.480239
ZNRF2,6.689255,-1.6376748
COA7,-0.43892598,-6.6543913
RNF214,10.206964,14.919753
PPM1B,12.428016,14.1578245
LPP,-1.1179215,3.9266696
CTNNA2,5.9509587,4.648668
PNLDC1,-5.9867463,3.5963597
CPNE8,5.694838,7.46036
PAOX,-9.3934765,10.198206
IGF2,6.599806,-2.844089
RARB,-4.777599,6.007685
ZNF688,-8.190952,-5.7864556
SIRT1,7.000827,0.11508725
PRPF6,8.250027,-3.856929
APEX2,-0.6300823,6.6311173
EHD2,4.0057745,3.1647122
TEFM,7.3818088,-1.022089
PDF,-9.053012,-5.217105
LTBR,4.4371758,7.947335
ZNF653,4.629235,11.657519
RIC1,10.623143,4.8778067
ANKMY2,2.3849528,4.9921446
SLC30A10,-4.2817326,11.111697
TSPAN31,-9.35408,3.715517
BCO2,-5.456649,11.479804
ABHD15,-5.7417693,2.0396643
DCLRE1A,12.316851,3.197593
GON7,2.1138017,5.943803
CD24,-13.100562,0.033595886
PBDC1,-6.5854654,-7.497081
GRM1,-2.4754941,5.946435
POLE3,4.615667,3.249636
TSSC1,1.1664206,0.6730607
COL6A1,-10.904642,4.7109246
METTL16,6.8541136,-0.5587638
COX6B1,-5.574339,-3.0287502
LLGL1,8.799258,8.728136
NENF,11.767299,0.045671303
PCYT1A,5.212602,-0.014822798
WDR97,6.9556313,13.290952
RAB8B,-1.035969,11.077957
SLC26A11,3.7878997,15.475594
TMC4,-10.905044,4.710936
KLB,-6.7529917,2.640962
PSMC4,-5.937881,-2.499294
ADHFE1,-0.09888504,-3.7292738
FAM20B,2.6134682,3.80374
AFAP1L2,-3.570746,11.635511
NCKIPSD,-6.014403,1.9019604
FAM175B,2.6970391,3.5278778
KATNAL1,9.60126,-1.0005399
IPO9,-3.7989242,4.206531
MDK,-1.0391415,4.286987
ST6GALNAC4,-11.681131,5.876035
ZNF160,7.0993004,-1.083268
TMEM150A,4.022294,8.059717
TXNL4A,1.2867553,-1.6843319
LRBA,-5.785801,11.323044
PRKAR2A,9.429668,4.7662787
FAM234A,14.263954,5.145617
SRSF5,4.512855,-11.239213
TTR,-13.101451,0.03278571
GSAP,-5.3326073,14.053075
RPS6KA6,1.540998,-5.8417864
TATDN2,-3.581665,3.9710202
RNF114,-2.4227388,8.94817
MAN2C1,8.185508,12.298132
CCDC43,4.574007,3.2038355
STIM2,-2.7038789,6.6995463
GPAA1,9.063545,11.602279
TM2D1,12.400597,14.148405
EHHADH,3.5893943,-2.8335598
ADAM17,-0.2918518,11.351925
PPP4R4,1.6175678,-5.850657
PIK3C3,-3.2333539,0.62514776
MEGF9,2.6525617,13.768002
SLC25A19,-1.2636763,1.2989852
KLHDC4,8.535543,11.8707695
LEPROT,3.5473366,-3.1474473
CAPZB,-9.1892395,-6.0506396
HMOX2,1.1349716,0.6643883
HCN2,9.356896,3.2523534
PSMC1,0.17017072,10.736569
PSMG3,-8.677144,-5.956314
TMEM263,9.696846,-1.2678866
ZNF618,-13.17981,4.563156
MYO3A,8.354212,1.8519479
DNAH17,6.195369,10.6492195
LIMD2,5.4130754,14.15658
PROM2,14.256938,4.010765
TMEM216,6.277678,15.599966
TOGARAM2,-3.912903,1.9613453
UBE2E2,1.6966592,4.686484
EP400NL,6.451861,6.5202365
ORC6,-4.5106597,6.5502076
ADAMTS4,13.225547,8.397166
PPP4R3A,-11.816307,2.675556
TCHP,8.864146,7.2627964
FAM212B,-0.9052035,7.7792444
SPG11,-0.2825637,11.321555
PPA2,5.193355,0.009486022
FAM69B,-8.684583,-5.1526036
OLFML2A,-4.315859,11.3899975
ZNF48,-0.9020163,7.6970987
FAM174B,-5.070345,0.121581435
NUDT12,9.873351,-0.45542097
KLHL21,-2.4256768,0.7091365
SLC25A17,8.1006975,1.5984708
TANK,-8.858038,6.743478
ASB3,3.5028732,-2.9540129
TMEM121,-9.515422,-7.0394626
FLVCR2,12.585441,8.365035
NTS,-13.105008,0.02966139
UBALD2,4.056567,8.058768
LZTS1,10.0276785,3.3857958
CHRAC1,9.496346,6.637764
RTN4,3.4618564,2.3133333
SYT9,-5.225306,9.370343
SYTL5,-4.72362,6.3351746
SAP30BP,11.857056,5.693204
TRIM22,4.633849,7.4438586
MGLL,-11.685111,5.883108
PI4K2B,6.491719,-1.4743865
B3GALT6,1.2058392,-2.015433
PIGT,4.305097,10.454808
WDR44,-3.0525753,-0.3450819
KIF17,-1.122073,9.274854
KIF5A,3.717622,-6.6427913
APBB1,10.722657,16.852142
BICD1,9.613724,-1.1714077
NFKBIB,8.222844,6.7250767
PRTG,-3.7251039,11.782656
CABLES2,-2.8021855,9.810411
ZNF396,-3.6195261,2.7662246
GALNT1,-3.0408242,0.12588334
ZNF330,1.9088434,1.3036926
DNAI2,-13.130468,0.0047594556
DIEXF,3.2279189,1.6698745
DNAH7,-3.635691,2.8044121
RAF1,3.9815974,8.096676
TMEFF2,-0.1459185,-7.0956674
CACFD1,-10.930982,-6.664634
ANKRD12,-4.992116,1.2099032
VPS26A,-3.04909,-0.2932244
ENTPD1,-0.48165235,-11.112916
SMG5,0.7567457,3.0995374
PAICS,2.6891031,7.5807076
CDHR3,9.655659,11.231557
DNAJC13,-2.5804696,11.331341
CRADD,11.15195,7.294239
XKR4,-4.380558,7.56933
ACE,-4.7867723,-1.9033
POLR1C,6.9534883,-6.8986564
NFU1,-6.3939223,-7.2586684
STS,2.5540955,3.8232985
WDR61,-4.5496583,-4.6646633
PDZD2,1.5060114,-5.82392
FBXO3,5.1115656,-7.7528286
EXOC7,2.2746139,-8.441036
GRK3,2.0417569,-1.6242529
MEX3D,6.3244963,11.501449
DDX10,3.089558,-5.831078
CDH7,-5.6983867,6.8024526
SH3BGRL2,-9.049752,6.789636
PANX2,9.327605,3.1866717
RPA1,-9.372044,3.734876
HSD3B7,7.3522525,11.568523
INTS14,-9.396329,3.7587795
LYRM2,4.983781,0.050326545
BANP,16.104347,8.020953
CYLD,-2.6545045,6.6657863
ECT2,10.636163,4.8694315
RSG1,0.5023895,4.482425
SERINC3,-3.037279,-0.311926
SLC22A15,8.074637,8.315063
S100A8,-0.743728,0.37193945
KCNV1,-2.46706,8.926188
PPIL2,8.434007,12.023655
SFN,7.303166,-0.051745236
KIF1A,4.515494,12.028256
MTAP,3.1782615,6.541083
LYPD6,4.7862062,0.15019053
SAR1B,6.575978,-0.70800626
CEBPZ,2.0560064,9.915208
PLCG1,-1.1569585,3.890743
TOB2,-0.712458,3.8985903
TOMM7,-5.7856445,-6.6710377
TEF,-5.769979,3.5643961
DLC1,-5.1891866,6.0261173
NPIPB14P,6.0384417,13.8566675
SOX9,-8.405726,3.1233387
INAFM1,9.276012,11.463326
UBA1,-6.7482033,-9.47362
IFFO1,8.199158,12.27107
ZNF324,10.564516,11.9497795
SULF1,-1.7152805,1.5199147
TMEM41B,-10.984508,-1.242247
IFRD1,9.351733,-4.451232
WNT5A,5.7046914,-4.383218
PBX4,9.532244,8.053443
TBC1D5,0.44620377,4.4383793
MCM8,1.977258,15.24367
TUT1,4.9683642,7.678365
KHDC1,-8.0770445,-0.79540753
SRRM1,5.2564397,9.5887575
PAFAH1B1,3.484213,2.5631533
NPAS2,-2.4855542,6.0702825
NDST3,-4.916017,6.173758
DCLK1,-1.5170304,9.269547
PCDHGA12,-8.282231,4.3628855
ARSE,11.852845,-3.9874463
TYMP,-2.5769796,1.6900373
SAFB2,9.05821,14.2284155
IL17RB,4.2034626,-3.103833
SMIM10L1,4.0518,2.6972263
PAQR8,6.1978307,-0.48833448
NECAB1,3.1829398,1.5130819
TUBE1,1.6822064,11.607221
URM1,-11.016748,-6.535344
TMEM223,-3.8202639,-1.8934315
VAV2,-8.951229,2.9798481
HRASLS5,5.157533,-0.005501395
ZNF200,1.9932306,-12.181846
MT1H,5.6110682,7.488882
SIRT7,8.755857,11.464161
COL11A1,8.31368,9.270822
MYC,-8.27927,-2.7042303
LOX,-3.4980445,2.3987896
NLK,3.1338959,1.5056523
NR4A2,-0.28624713,8.477695
ENOPH1,-3.039514,-0.31643707
ARHGEF6,2.853589,7.295566
TSNAX,4.077108,2.685452
DXO,0.43203232,0.9280182
HERC6,-3.9047709,12.522245
SBF1,3.447986,12.823408
SELENOW,-8.260746,-5.896089
FAM171A2,9.18138,3.8211496
GPR3,3.6675239,-5.7834373
B3GALNT2,0.28553954,4.299807
TMCO3,12.526697,14.259869
WBSCR22,-5.969577,-2.4639938
UBIAD1,-0.35669854,-3.879162
TRAPPC1,-8.084452,-0.7235201
MINOS1,-8.213742,-1.1872988
LSM8,-5.665777,3.6013398
ZFAND5,-1.8426181,6.071491
CHURC1,-11.941605,3.2019427
CD47,3.435737,2.4379165
RNF7,-4.342535,-3.798356
ING5,0.6768928,3.0278614
RFXAP,3.074754,12.837837
PLIN4,-7.0287013,0.5686408
BTBD9,-3.7821858,4.179331
STYX,6.9068213,-1.728347
PER1,-0.56081647,3.787925
PNPLA7,8.157619,12.337332
DPY30,-6.2147202,-2.7013152
L3MBTL3,0.7973832,-2.3469408
TRAF2,-1.5261309,3.402327
NECAB3,2.9642932,10.289057
LSM10,-8.250669,-5.904206
SERPINE1,-7.935017,-3.0652673
EI24,1.8863496,4.475933
ESCO1,7.9092965,-0.587005
SUGCT,3.2529151,-3.045505
TNPO3,9.512524,-4.473492
RAD50,2.6905608,3.5882323
TCF20,3.93277,-6.906933
ZBTB49,-1.359826,-9.450422
TRAF3,0.5047486,4.480512
IER2,11.514382,-7.7971983
AK2,-0.96765727,4.3697314
TGDS,2.6000128,7.7408915
LIX1,-8.145627,2.8678384
ZNF222,1.9928976,-12.181714
IL6R,12.043605,8.047365
RABEPK,-8.071732,-0.7514655
FAM32A,-4.2095003,8.780471
ACTR1A,8.277318,-3.8133113
PCSK6,5.793851,10.569241
STMN2,-3.9711514,6.3633037
MAP3K14,5.629888,7.5828977
CCR1,-0.8630962,0.7470426
PDCD5,-4.7515507,-3.707668
GEN1,4.9306736,9.52448
SAMSN1,5.8436522,-4.4786396
GCC1,2.640381,7.6684804
USP9Y,0.102895625,14.857641
SCN1A,7.962017,2.1454468
ULK4,-1.8569967,1.5821421
AMD1,-0.1429114,-7.554745
ARSD,1.9042296,4.5172205
MTOR,4.598469,-6.9149146
MS4A14,6.1478662,4.3168945
TMTC3,9.6217785,-1.1784192
HAPLN3,12.508653,8.311016
ARVCF,-3.1312032,-8.654438
CCDC115,0.89504313,5.470498
TIMM23,-4.5056715,-3.7144387
THOC7,4.5339074,3.1759176
PRKCQ,7.423731,10.015146
CAMK2A,-3.8125086,4.214406
EBF4,4.5687265,1.1964027
DHX40,-11.664158,2.6253605
SGMS2,-2.5594316,1.6874611
NBPF19,-8.536631,3.976821
SNF8,-8.441351,-5.6798654
AMIGO1,3.761994,-7.2350693
SLC22A4,-2.3717752,0.6253254
GNPDA2,1.415209,-5.7613115
ESF1,12.243558,14.159449
CCDC186,7.6225896,-0.9446494
PTK7,-4.1926355,1.9981471
ISG15,-3.903955,12.519482
LRRC32,12.709512,8.914877
RPF2,3.4099114,-4.921509
LY6H,-9.446473,-6.8104925
TAF9B,9.838918,-0.4399804
GPR153,-5.311164,-1.4959418
PXDN,4.3018646,-1.6274048
KAT7,4.5515885,1.2688514
DHX29,3.3503392,0.53972375
PHPT1,-8.010513,-5.9533157
KCNJ16,-2.5004444,1.6136582
RBM19,14.1740265,4.109138
NUMBL,10.527389,11.977625
PRSS35,1.4456974,-3.9711401
ANGPT1,-4.7058387,1.9946316
ZDHHC12,-5.576248,-10.688287
SDC2,4.061597,-1.8766093
MROH6,0.67384654,3.0229874
MAPK6,3.4149914,2.5460274
MANEA,7.399057,-2.1228092
MAST4,3.5991414,6.127596
TRAFD1,5.342977,10.283796
NUDT16,8.457626,7.0191493
WDR63,-13.12305,0.013206397
CAT,2.8650866,7.186477
FAM229A,-9.544368,-7.137499
OSBPL1A,8.101357,8.33231
TRAPPC2L,-8.387105,-5.6979594
IRF5,6.366262,-4.9845586
PARD6A,1.2171067,-1.7047427
ACAD9,2.44929,-3.3550303
DENR,-9.97859,7.41145
POU3F3,14.94574,11.1622
WDR92,6.1267776,2.2388947
KIF6,-4.2484837,1.8909268
MGEA5,8.320705,6.871218
CCDC148,8.449364,1.8254087
MARCH4,-1.5433321,8.203723
VANGL2,4.2007785,0.49624592
RARRES2,7.30697,-8.903442
NDUFAF8,-8.360811,-5.90448
AK8,2.1283038,5.9167504
IRF7,12.138407,8.1699
ZBTB7A,9.093503,3.1405504
ABI3BP,2.603497,-2.8183846
RECQL,5.7146316,-2.1560972
FXYD3,4.7379155,7.859957
UBQLN4,-3.5833051,3.9754016
PAWR,-4.8352675,1.9870042
KRCC1,6.82174,-1.6658334
ECHDC1,-12.11442,2.5304158
RALGDS,4.755404,7.420945
STAT6,8.698516,8.400425
GIN1,-2.501791,-5.653854
TMEM131,-10.581268,10.787559
ELMOD3,14.163749,4.543025
HS6ST2,-3.3544908,6.1464915
ZFAND1,4.383883,1.4492804
MTMR9LP,14.176323,4.5857425
PPIP5K1,3.920701,-6.9790707
MXD3,7.5570045,12.873489
ANXA6,-2.8698874,5.045005
FBXO10,3.3822439,12.702907
CLDN15,0.508433,2.8845518
PDIK1L,-9.345714,7.2976813
SDCCAG3,0.47011024,2.8536828
PRR22,8.438224,12.023925
GSPT1,2.3201456,8.568873
RUNDC1,9.173605,-2.3423939
SYNRG,-0.37397653,11.239255
MRPS18C,-4.566624,-4.3388104
CLVS1,-2.9764726,5.7085123
ABTB1,8.103688,-4.7248507
MANSC1,-9.934373,7.222481
BFAR,3.3741279,-4.876993
DCP1A,10.613285,4.883283
CECR6,-4.9732523,-0.88706684
NDUFAF3,-8.692865,-5.176333
AGBL4,8.310968,1.8537427
AMER1,1.7672324,17.926151
STRADB,2.6988473,7.5610924
CD300A,-0.9185958,0.89091
LCA5L,5.607444,2.1786551
EGFR,4.0252485,-1.9320751
IMPA1,-8.433163,8.331056
GRIN2A,0.8223406,-0.68756115
RNGTT,6.2196565,2.144153
GPR63,1.5400358,-5.8430843
FEM1C,1.8064101,1.4095343
GALNT2,3.752195,8.391544
SLC27A5,-8.356948,-5.8791866
FBXO6,-11.004725,-6.548133
GRIK1,0.538345,-0.48616368
A2ML1,2.6194782,-2.8300724
MCTS1,-2.9028997,5.197805
GALT,10.361994,0.12429367
LFNG,-0.09499395,-3.7113671
ZNF706,1.7500328,3.8426037
ATP5I,-5.233574,-3.4038801
KATNBL1,10.261168,-4.2893877
NDUFS4,-4.35845,8.636427
RPSA,-5.6035953,-6.6998
MFSD4A,1.2592707,5.0567145
ACVR2B,-2.7075543,11.367941
KIF22,8.716729,3.1507678
KIF21B,4.012482,15.196931
HMGB2,2.4803946,13.944685
TBC1D30,-2.9929504,5.490596
WNK2,-3.75066,4.141837
PPTC7,-9.051302,6.7939696
OSGEPL1,13.524929,11.602296
VILL,-1.0472457,-4.1385703
CDK5,-5.6959257,3.5985935
OSBPL10,1.7463539,4.648382
CSGALNACT1,1.8568665,-3.3814576
CLDN12,2.720455,3.2334697
GCLC,1.9783844,10.087137
STRN3,-8.856798,6.7394304
EGLN3,2.6970906,7.5723286
ATXN7,0.08144716,1.5726247
SCRG1,3.9202604,-3.5734735
NSDHL,-9.486333,-4.3968616
MTSS1L,3.1015491,-2.6054842
GLRX3,-1.5841922,14.215876
ZXDB,13.703775,2.2785273
PLEKHG1,-1.095535,3.9521306
IL18,5.80976,-4.444415
FAM81A,-3.8117535,15.861708
EHMT2,5.3678718,14.207367
PBX2,6.1519184,-0.4653704
TM7SF2,0.791148,-2.358314
TRIM34,6.0627112,4.4665003
INTS10,5.6968923,7.457724
BMF,6.31388,4.1684747
CHPF2,3.3680887,12.694051
PPARG,1.5051134,-6.8765435
TK1,-8.077898,-0.71369004
TCEAL1,4.222961,2.7784255
MTA1,8.775718,11.6896
NPY5R,-4.5527716,6.4751277
FCGBP,-1.1918854,1.2450424
GNAQ,-10.057852,7.4994707
MOB3C,4.5144815,7.918651
KLHDC10,-1.6831303,11.125946
SUPT3H,4.770792,0.8513023
HNRNPA1L2,5.782139,13.928712
STYK1,-4.507881,6.526514
PSMC6,-6.5733175,-7.473648
CXXC5,5.337696,10.298388
KCTD13,1.5527071,-1.8898445
ZNF446,8.632669,11.857684
LYSMD2,3.5529742,2.6038013
GPR137C,3.1907194,1.5259627
ADCY7,6.396187,3.8465574
GNRH1,-1.1672691,3.8749433
MINDY3,3.239402,1.5345501
GMPS,-9.483241,6.56038
PCDH12,-3.8602471,-2.3797596
CPPED1,8.6773205,8.1951065
TUBA4B,-2.5596993,1.6425835
FAM127B,-9.286938,-5.091512
TTLL12,-5.658497,3.5978072
EXT2,6.816769,-9.01605
ACTN4,0.111464486,2.6435165
ANKRD50,-4.9977293,1.2227622
ASCC2,2.5827734,3.8621247
NOC4L,0.8308471,-1.7837325
ZNF619,-5.2161517,9.364149
DPM1,-10.244056,7.683626
ERLEC1,-9.925176,7.262831
RPL15,-6.4386115,-8.299529
STAG3L5P,7.3402452,13.206178
MXRA5,-4.2984905,11.083663
CCDC171,-2.4904742,-2.3710432
SALL1,6.645222,-0.61216784
GPR180,-7.986025,8.859429
SHC2,12.82186,9.337226
PRKG1,3.1366816,6.6963496
TMEM179B,-3.364287,6.160791
OGDHL,1.1809665,-1.7320762
CBWD3,6.4626155,6.541427
KIF3B,0.0709941,10.607514
GK,7.889508,-2.425408
GDF10,0.6167058,-3.6632547
RNF130,9.798243,6.895611
MGMT,13.513995,5.631492
ARF4,9.515778,-4.5004716
GLCE,3.2464507,1.6474181
KCMF1,2.6207027,3.7907915
KCNJ4,-4.90435,-1.1973658
PPIH,-4.2072525,8.789085
ACACA,4.5169444,-6.914482
CACNG4,-4.5736322,-1.9184917
PUM1,0.07771463,10.61597
PLXNA4,-4.05258,7.245203
SOBP,2.2858763,-8.431654
GNL3L,-0.3838302,11.371281
ZNF320,0.04846099,1.5410817
GPR75,10.497436,1.2884462
NKD2,-3.4311986,11.278303
NANS,1.508673,-6.8772345
PHAX,11.85685,-3.9877675
ZNF624,-1.8409495,0.71984595
RASGEF1C,6.2740455,3.6406133
KIF12,-5.9864397,3.5918305
JMJD1C,-1.5907851,11.1060505
CPNE7,-4.7524834,-0.76943403
ANP32B,8.392715,6.9404087
GAL3ST1,6.176212,10.594503
GAS5,-5.698997,-6.6076202
UHRF2,5.5150337,6.2029157
NEUROG2,-0.52777,-3.0858681
MTRR,8.105277,8.326062
FADS6,-1.7862955,7.9482102
BICD2,1.7667562,17.92709
ZNF131,-9.587843,6.4141984
PAFAH1B3,-8.000004,-0.92710084
ZNF441,-4.508371,6.542903
RAI14,8.898117,7.384224
PIH1D1,-9.489186,-4.8933372
CAMK1G,-5.7638555,2.8458405
CNEP1R1,-8.004493,8.829104
DCHS1,-0.02587712,-3.6412613
ZNF426,7.22655,-0.15321702
BDH2,3.708055,-3.2256455
TMEM192,3.6792269,-2.3288014
F2R,-1.7199498,1.5475727
PCGF1,-7.983285,-0.9634543
P2RX5,-5.8943815,1.9004653
HPN,7.3811183,10.2054405
CACNB3,-4.342125,4.364834
FYN,0.5553396,-3.6650646
NMRAL1,1.2230934,-1.7938473
ACER3,9.797279,6.891771
REC8,3.9404747,15.306431
STAMBPL1,8.073483,1.5542368
MINK1,3.7717419,12.979087
CHD7,8.8899355,7.235591
FAR2,6.240804,15.56699
INSIG1,4.551602,1.3846154
SMIM10L2B,-4.2145133,4.3243494
TCF7L2,3.611001,-2.7303033
KCNH2,9.237399,4.5823355
PRKACA,12.107088,5.4865837
ZNF318,13.651142,11.462285
ABCA5,16.107817,4.2929025
ZNF331,11.932315,-8.107016
CENPJ,4.6078954,6.5204506
CRACR2B,-3.4286625,11.271453
FAM200B,3.2724268,1.1753753
DDX5,11.7947445,0.019303424
HPRT1,-4.6380944,6.3454404
AMDHD2,-1.3108404,3.6719232
ASXL3,10.038644,-7.5646343
RDH5,-9.462086,10.28554
RECQL5,8.03611,12.6315975
PPP1CB,-8.33924,8.421706
GPANK1,6.7258706,6.1515317
PEX11A,4.4664702,0.36955106
RIIAD1,-1.1240388,9.27945
ENO1,-0.038111035,-4.380463
RAB3IP,9.162565,7.664149
TAPBPL,0.01389331,-4.6245594
GLS2,3.459367,-6.5522723
TUBA1C,-1.9161328,-0.091653794
CAPN5,2.0582776,16.453232
BMPER,11.853758,5.6932826
COQ10B,4.6246886,1.0023724
AK3,3.5257468,-2.9255555
MGME1,3.2892911,-6.3560076
ULK2,9.533171,8.052864
TMEM245,1.6935576,-9.218153
RPL13,-5.5343714,-10.744067
TOP2B,12.058329,14.211958
ZMYND19,8.136091,-4.7044644
RBFA,-10.130867,-4.662612
TCEAL3,-9.1763525,-6.0441523
COMTD1,9.049935,11.57536
FAM71E1,-8.691904,-5.279559
EFNA3,-4.789441,-1.533688
MITF,8.494923,8.310808
CASQ2,11.969775,9.835381
SNRPC,-9.049671,-5.9931645
MCUR1,0.43893054,4.434568
PLXND1,2.3151891,16.52343
FANCD2,1.6024956,11.713234
RELL2,9.189403,3.8126624
GPC2,7.7063775,9.7436
TAF1D,-6.357589,-7.229913
TOR2A,2.9856322,10.308817
SLITRK6,-6.7629013,6.236238
TMEM167B,10.622347,4.8811073
BTNL9,12.961478,9.456429
MXI1,10.372696,0.0688971
FGL2,-0.13630746,-6.9452176
GPR52,-4.9622393,6.1914506
GLRA2,1.9107008,-1.8894172
LRPPRC,-0.9705971,-5.313283
KCTD8,-2.6914043,6.182714
DYSF,6.176349,10.612608
SYPL2,-8.152892,4.858249
AAMDC,-5.5672054,-10.695123
CYS1,-4.793936,2.016097
TM4SF18,12.643333,7.3260837
EPCAM,-4.8642893,6.149231
TTC1,4.649662,3.2821057
CDK8,-9.403652,10.208217
JOSD1,3.8252046,-5.029325
ZNF207,10.276449,-4.275412
LPCAT3,4.8287764,7.44387
TTPAL,0.23879245,4.271829
ZXDC,4.5332336,10.08043
NICN1,-3.5714693,3.9631662
RASL12,2.2394238,16.454708
CRTC3,5.187529,10.062536
EPHB4,12.675038,9.212326
ZC3H18,3.9087672,13.076384
TCN2,-3.5991702,11.389733
USP6NL,-5.769104,2.0278387
MYD88,4.9590597,7.608959
FIBP,0.86718154,-1.8026297
TACC2,-1.131102,9.282378
ESRRA,-1.0834981,-4.170647
VPS13A,-1.1923721,-5.542643
MARK3,10.6839285,11.825623
XKR7,-2.7121744,9.57442
DGCR9,-1.7701157,7.9412885
SLC38A11,11.951697,1.3127363
DUOX1,4.276415,10.467426
ZNF30,-4.49565,6.5432673
PTPN18,6.6208405,13.478449
NOVA2,-1.0265322,7.9182153
GBX2,-0.03841275,-0.9346205
TWF2,1.1606021,0.6805221
KIAA1211,-0.38213396,11.351849
RBM6,7.403923,13.17779
CNKSR3,5.407243,10.269976
LRMP,6.133378,4.3412843
SLC2A4RG,-9.440144,10.261744
METTL9,11.145693,2.8602102
TSHZ1,3.7004776,-4.955746
ZNF577,-5.85888,4.772378
AK9,-3.5197618,2.4271042
ITM2B,9.904194,-0.4271839
SLC2A12,1.7741313,-3.520676
RGS10,6.317223,3.715426
ATP6V1G2,13.715079,0.95779693
CDH9,-3.9601736,7.0328383
FBXL6,7.830185,12.757192
ZNF107,7.1280475,-1.0637646
CMC1,1.6700855,3.7303798
OSBPL3,-3.7698793,15.819442
PABPC1L2B,-3.1213925,5.479255
KANK1,6.093585,-0.42599854
ATP2C2,-8.07823,5.5183887
RHBDL2,6.216351,10.646588
KIAA0922,-3.958281,7.0417104
EZH1,8.027346,12.668402
ZBTB43,-13.127414,4.505591
CAB39L,-5.263459,2.076074
KLRC3,8.153482,9.418218
TRADD,6.1697474,11.584036
TMEM134,-11.027853,-6.5275526
WDPCP,-1.0502915,-4.1413097
TMEM127,11.826995,-0.022509305
LHPP,6.3638983,10.660864
ZNF681,7.5264573,-2.2393312
PPP1R9A,-6.0102553,7.152313
RHBDD1,-1.099633,3.965064
HIGD1A,-8.466877,8.298228
CCNG2,10.741425,0.32795367
ABHD12,8.889535,4.5565615
ZNF451,2.923949,0.47818688
PDE9A,-8.187813,5.602002
SDHC,1.7207508,-9.1529455
PYCR2,-9.397421,10.192433
KIAA0040,5.873571,8.14213
FBLN2,10.742456,10.121926
IKZF1,5.7177854,-4.3890185
XIAP,-8.086988,8.69426
ANKRD29,3.7698326,-2.4174695
CAPN10,0.9939574,-2.2208912
FAM50B,1.885508,3.8137786
DDIT4L,-4.4571023,-0.8357817
NET1,-3.7044122,11.734285
CHMP4A,-5.5671496,-6.701397
CHEK2,-1.2641562,1.3060272
PPP5C,-11.293607,-6.343934
DDX56,8.005938,12.692469
TMPO,6.719532,-1.5725355
GFM1,6.081753,-0.39813045
ALG5,-0.86738086,16.213211
SLC44A5,8.361392,9.219706
EXOSC7,-5.930675,-2.5057287
KIAA1217,7.7624593,2.3172603
FAM178B,6.218229,10.734034
SLC29A3,-0.6343272,3.840187
SPCS2,6.994855,-1.7913945
ZCCHC17,-4.7078915,-3.5550966
FAM219B,0.46758032,4.4548798
MFSD5,3.5952346,8.60375
CYP4F29P,6.187532,13.752363
MED20,6.1024203,-2.4534855
MORF4L1,-9.951477,7.339274
PDZD8,-1.579048,11.090315
CACTIN,8.75543,11.676771
MFSD12,8.013415,12.72708
MTMR3,2.8909326,-2.7572522
CD36,-13.130618,0.004757706
PGBD5,-2.4799159,8.926074
FAM227B,5.727558,4.688115
FAM193A,4.826135,-6.9465075
TSPAN5,3.1931133,4.4470005
NUAK1,-0.1318697,-6.98338
PCK2,3.7820709,8.155627
EML4,1.604848,11.709543
PHYHIPL,6.8126225,-0.5335429
BIN2,6.3578067,-4.9729905
CYSTM1,2.1789808,-2.1920836
CADM3,-3.0214205,9.199825
ZNF542P,3.5213985,2.4600673
HCN4,-3.6983068,15.748267
TBX3,12.234634,9.602376
PHF6,2.194815,10.418743
NRDE2,2.786216,11.557237
ZNF804A,-3.3259466,5.722208
CHI3L2,2.5461152,13.875967
ZNF442,12.146211,3.846142
ARMC1,-9.4224,7.32393
MTIF3,-5.726704,-6.639606
POPDC3,10.098463,7.459175
TTC3,11.175459,2.8416853
EFTUD2,-6.713024,-7.623478
AKAP17A,8.665719,11.755766
PAQR3,8.089781,1.562639
PIAS2,3.8006744,2.7374418
ADAM8,6.9755616,13.27308
PTAFR,6.290109,-4.8836274
GABRE,11.960607,7.989309
ZBTB48,9.079229,11.598285
SLC25A53,-0.65777457,-2.7361841
KDELR1,2.1415112,16.397503
CBWD7,17.566202,5.220006
PRMT2,-4.0408497,1.9673319
CRNKL1,12.272408,2.651472
AKR1A1,-9.188505,-6.005648
OLFM1,1.8279257,-8.799763
SLC12A8,5.317522,14.24667
NOB1,-2.965242,5.3197374
HTRA2,-9.520069,-4.7335944
JMJD8,-9.763393,-4.8427677
UVRAG,-0.14631508,-7.545122
FAM84A,-10.592497,10.798257
RBL1,7.054791,-1.0673622
PDCD2,-4.5276575,-4.7022166
CES3,7.6849127,12.785757
KPTN,0.11929257,2.6727593
TIMM17A,-10.025371,7.4577093
PDK3,3.3774278,-4.8768697
PCDHGB1,-8.233881,4.4304757
SLC7A7,6.0497875,-4.619734
APOD,6.546505,11.183608
RBM48,0.32201537,2.76683
CTRL,6.0341573,13.854011
PPM1N,6.151219,13.783299
LRRC29,-10.133403,-4.6602883
CCDC24,7.2868204,-8.889998
ORC2,5.248124,9.590336
EXO5,-4.1098447,7.3036833
GALK1,1.4027882,-5.7530394
AHSA2,0.3728661,2.7892992
SNHG9,-8.128463,-5.9016
RPP25L,-9.622133,-5.0445538
NFE2L3,1.9915677,-12.180183
SEMA3D,8.44147,1.8246782
ZNF12,-1.6026332,11.052137
FAHD2A,8.487902,11.811426
MLX,0.17927365,10.691361
LMNB2,14.298262,5.182917
RNPEP,-1.8050175,-7.6749463
CDCA3,6.3206472,13.571065
PRNP,-10.041539,7.481808
ANKRD30B,6.3135095,13.468213
GPLD1,0.0009662203,10.607972
CCDC71,7.4763365,17.086603
RABIF,2.622783,3.7936707
STMN3,-3.8221142,4.2483683
SLC13A5,-0.2716082,-3.471253
CTNNB1,2.2460036,8.9063635
CNIH4,-6.5802946,-7.479554
PGM2,2.2146997,9.003513
TGM1,0.39217675,2.7939842
TMEM167A,2.0194862,9.998672
SLC35E3,4.93466,9.5215645
MFF,12.3199,3.194492
WWC1,-6.223834,-4.595139
PATL1,2.2691133,8.811736
TAF6L,-9.4534,-6.7997212
COQ10A,5.135412,0.012237445
MCAT,-4.0731664,-1.9156395
TMEM38A,-4.2761054,-1.9765106
TRAF6,-0.31759268,11.26674
ITGB2,6.0453324,-4.535693
NUCB2,0.7760874,7.824708
GNAO1,-4.303433,-1.978651
ZIC5,-4.0168257,-2.213028
UBA6,14.691198,2.9967365
SLC16A10,-6.0747013,7.1624255
ACAA1,2.1800826,-2.2010415
ATP9A,3.8654578,-7.051011
PAQR6,8.35956,7.3153024
TRIM16,3.7846887,8.34919
SPHK1,4.0281615,8.033191
NPTX1,-3.2297704,5.7011523
KLF9,-0.55927783,3.7853558
CARS2,2.9337008,10.260475
CSPG4,7.9229765,9.589177
RMDN3,6.6295176,6.2403145
PLA2G5,-0.87036437,-4.045925
FUCA2,-9.35807,3.7120514
POLM,14.177761,4.589695
CSNK1G2,8.05457,-4.763355
RFPL1S,-5.7331758,6.7535863
ARNT,-1.1270448,3.9195294
MOSPD2,8.299958,8.370549
EIF2AK2,6.1198745,-2.4836516
TADA1,4.3112116,2.7811935
IFIT1,-3.8989584,12.51451
RIMKLA,-1.7925233,8.204185
B4GALNT4,8.211881,12.258136
ANO5,1.6789619,-9.244739
ZNF501,6.416359,-0.83964854
TCFL5,8.6178875,7.237023
TBC1D31,6.5913568,6.2793055
NOMO2,0.010835805,10.601966
LMF1,10.03596,-4.56458
ACTC1,-2.7581277,12.094963
PSPC1,0.77335966,7.8279676
EEFSEC,-9.286378,-5.724432
LAMA3,-4.1655183,11.378417
PIRT,-1.7166482,1.5370153
PIK3R4,3.8475811,-0.7342082
RWDD4,6.9766793,0.16755544
FAM135B,-2.6388655,6.4318004
CNNM3,9.42931,6.534106
ZBTB45,0.4355742,-3.54271
MPZL2,12.334057,8.225334
FUT9,1.831168,-8.792327
PNMAL2,-5.0713034,0.12720546
CYP2D6,6.028515,13.851357
IFT122,-1.4570295,9.302335
SLC37A2,6.313188,3.7133005
NCAPH2,-3.222667,-1.9077966
PRRX1,-9.022357,2.8523939
CDYL,-11.834235,2.717513
WDR4,-5.3344293,14.053481
EFCAB1,-13.103476,0.031271458
ACTR10,-1.5602341,14.203846
RRM2B,7.312568,-2.097867
LACC1,11.511063,13.297935
DLG2,-1.8102983,8.288203
WRN,-0.33674294,11.224937
ST6GAL1,13.290412,7.841786
SEMA4F,-5.625909,13.988621
ELF2,1.6845744,11.605173
EXPH5,-3.5363898,2.274979
MED6,4.6803465,3.3071918
NDUFA10,-11.317988,8.016743
LOXHD1,-4.8532834,-0.82165813
ZBTB10,-1.364032,11.0423155
KLHL8,10.350003,-0.15169762
CHAC1,3.8211894,-5.0458455
CLEC7A,6.343453,3.7515967
PDPN,5.5937676,7.91483
HYAL2,-7.2113023,12.760073
SYT14,2.4155576,4.9061155
MTO1,10.137993,-4.4195795
MC1R,6.382478,13.623448
OTUD7B,8.768326,8.698372
GGT1,-4.597932,10.846946
ANKRD20A5P,6.2382107,13.715329
GNPTAB,-2.8614643,5.0247145
TCTA,-5.5759406,-10.689101
ZNF781,6.0742106,-11.684478
ABCA1,-8.291764,4.4016542
GDPD2,3.5224588,0.97437805
DOCK11,-1.2405461,9.363315
RGS19,5.9776707,-4.5650563
SIGLEC8,6.2239776,-4.799564
ZNF709,2.1393683,5.912634
PRMT3,9.639202,-0.6629795
POR,8.376382,-3.5992975
MPPED2,-5.993837,6.9892764
DIDO1,0.12298313,2.6489177
GBE1,-11.142287,2.2552748
AFMID,6.248358,10.579292
GDAP1L1,-2.6419451,9.358908
ZNF646,4.793268,-6.9459295
RBM39,3.871198,-0.028697804
ME1,3.6018708,-2.2617197
DENND1A,-3.114622,-8.636212
VWA7,-5.7385707,2.9544702
PEG10,-4.7471595,6.285941
MED24,4.711515,11.745924
PTPN13,2.4903178,7.930849
ZNF74,5.5899334,14.039647
TRMT61B,4.6244893,1.2608265
LRIG3,6.119235,-2.0463815
ILKAP,0.49015608,4.4568977
FIG4,-2.9886472,5.6814427
SEMA4C,5.790226,10.072974
RALB,12.284527,3.2445555
GNA15,5.6968365,-4.377007
RBM14,-5.3784122,14.045216
ZNF841,6.440031,6.4786835
ANP32A,-5.2176504,-6.7749662
KIRREL3,-5.966407,3.6242583
FGGY,2.377092,-2.717155
BROX,3.0795634,0.54469144
AKTIP,7.302157,-0.051848106
PAQR7,9.723416,11.177403
ITGA3,6.684619,-0.61387515
B3GAT1,-0.17611574,-7.619293
TRAPPC2,-3.8550751,6.3438153
PTS,4.5585427,3.200544
DCUN1D5,9.43093,-4.448035
PUS7,1.9872273,4.6070642
WIF1,-0.46801648,-3.468655
NSD2,0.08666733,10.610071
RNF180,-4.9973035,1.224278
SYNC,3.6278763,0.98320234
PPM1D,1.7670257,1.4412315
ZNF98,-0.943778,-4.0738225
RAD17,3.5772364,0.22017105
HENMT1,-3.040537,5.8594337
GALNT7,8.103844,-5.3016605
HAUS3,-1.3898814,1.2055101
PSMD13,-10.636904,-8.580892
MRPL34,-4.3052435,8.70994
MTFR1L,8.686297,3.151978
SLC22A5,3.7494948,-3.275573
EAPP,0.44486076,2.8265822
TMEM267,7.5596824,-2.2446895
SPRY4,0.24713258,4.2750926
CCNJ,-3.191475,0.47791833
HBS1L,11.698871,13.577123
VGLL4,-11.336288,2.386084
NETO2,-6.3356404,6.4249864
TTC37,3.213975,0.6684009
MBNL3,3.8685057,5.5367684
TMEM8B,2.2791889,-8.435428
ALKBH8,3.3007808,2.768368
EIF1B,4.1792927,2.8648272
ZFAS1,-5.738868,-6.649441
SRSF12,-2.8511486,5.103236
SSPO,13.825096,4.431897
ACSL3,0.9093433,1.6485243
TRDN,-1.7639164,1.5512726
CNOT4,13.565104,5.703349
SRF,-0.8933234,7.713993
PLCB3,-2.4668252,6.552365
CA8,4.103105,-1.8371115
ANO10,-11.685554,5.8826575
BTN3A2,-1.8118451,-0.22715165
DESI1,8.653575,3.0930443
CMTR2,7.10483,-1.0544627
ZNF532,-2.7537262,11.374077
CEMIP,10.742145,10.121294
SLC3A2,1.4242531,-4.174153
SLC39A3,-9.512784,-7.044174
CORO1C,9.638579,-0.635845
SLC2A5,-0.9319516,1.3165088
PHYH,3.7164407,-3.193751
GBA2,12.008368,5.557317
POLG2,13.653761,11.461539
DDX27,12.187988,3.877965
CCDC154,0.38553852,2.7858794
LMO4,-0.3742011,12.539314
SOWAHC,2.4886873,8.040826
NDP,2.4475098,-2.817968
RASA1,-8.980753,7.71038
HTR5A,-3.315903,5.6608605
ALCAM,-0.2217635,-7.2586126
COLGALT2,7.2311172,10.180185
BCAT1,6.3230643,15.641854
ASTE1,4.9055934,9.515036
HIST1H4H,-1.8710985,-7.7637434
APOPT1,1.6665059,3.7241058
SNW1,12.088353,14.3810625
SLC35G2,11.840235,-3.9906766
GLB1L3,-3.9637368,7.0239058
COQ9,2.6813636,-2.844062
RAPGEF6,-0.13890687,-7.5431843
TOB1,-3.593284,2.1929486
GPHN,-4.351177,7.5379868
IFT27,8.798373,1.6037272
MFN1,3.3474956,0.5567259
AKIRIN2,3.4203432,-5.5048475
CHST3,5.064858,7.65211
ZNFX1,4.416401,7.390092
PPP2R2D,3.7944438,12.85363
BRI3BP,-0.9828343,-5.3313456
PRKCDBP,-3.4260828,11.279516
RP9P,12.153995,3.8472836
LRRC37B,6.341607,13.588345
DHX9,12.252527,2.958552
HSPA7,11.618764,-7.730552
ASPDH,11.765082,0.0499519
ORC5,2.5896897,-5.7050614
MAFG,-11.3329315,-6.314494
DCAF8,3.7551324,-4.986218
TCEAL7,3.2457666,1.535165
SEPT8,6.4020047,10.620733
POLR3A,3.6979997,12.941004
SLC9A6,1.573733,-5.862443
ATP11C,-3.2243156,0.5588217
ZNF720,-10.037242,7.4749765
GALNT8,-3.7670941,15.817041
GREM1,-8.992561,9.279785
CTNS,2.3514385,4.872297
CIC,3.798842,12.816302
PTPN12,2.8968916,-6.9115214
OBSL1,-3.1283393,-8.653698
TMEM17,8.093781,1.568402
DIO3,-4.2095013,-6.7525597
DDX46,14.691222,2.996577
TLCD1,1.4254123,-4.1789694
CRHR2,0.50758624,-0.5498468
DAAM1,2.9597912,6.840777
SRR,3.604075,-2.243287
TMX4,-9.432284,6.670722
TBC1D17,-6.3648767,-9.871554
IRF9,-3.3343139,11.521065
SEMA7A,5.8387785,9.993043
PFDN2,-4.7684536,-3.672786
CENPX,-7.985473,-5.9357476
TSTA3,0.46492758,0.9009391
ECE2,10.011726,3.372091
CD226,-4.4490857,-0.8314254
IRF2BPL,7.895126,-0.5946317
ATG101,0.8468771,0.3332514
CIB2,-1.0515717,-4.141248
PRKCD,3.047879,-6.064788
RRP1B,2.0058582,4.637144
EVI2B,6.1044507,4.3696723
FZD7,-6.2354283,-4.5949783
CD8A,-4.817109,6.056375
BEND6,-0.911562,-5.257653
CLHC1,-4.3162065,1.9898291
KRBA2,-0.37677887,11.362655
NTM,-0.37367952,-3.3502476
KDM2B,-1.0136856,4.2362742
EPB41L3,3.1810977,1.4818356
PYGO1,-8.4727545,8.293281
NDUFA9,-3.7195635,-4.1422644
ZNF626,9.659569,-1.2226099
ATXN1,-2.381844,5.7580843
FICD,2.4568732,8.007919
NOS1,-4.814881,-0.794027
NRDC,4.612959,6.512333
KCTD4,-3.016889,9.199931
CDKL3,2.1272001,5.9294424
TMEM184B,4.799446,-6.9413147
RAD23A,1.146283,0.6662664
FTO,3.7402565,-7.2384896
FERMT1,8.117524,9.449445
RPA3,8.142889,1.9853886
DRAM1,-1.856125,-0.17309041
TAPBP,2.4080198,-2.0940878
PCYOX1L,-5.593572,3.6994832
DAPK2,5.1594663,9.872507
TMEM242,3.4798481,-5.2664647
ZNF740,0.38069555,4.3856144
LRIF1,3.4476519,-5.3677926
GPN2,-0.38747394,6.411555
PLA2G4F,-4.577226,-1.9348094
EIF2A,1.727068,3.7757819
CDT1,-9.901376,-4.802354
H2AFJ,-10.612984,-8.557379
DDI2,1.6081011,11.695857
FHL3,3.8078,8.182952
ARHGEF19,-0.8336389,4.8514953
BCL9,0.90811396,1.6368213
NMNAT1,-11.941282,3.1999278
FAM66C,9.645826,8.036955
SLC17A8,-3.7333899,15.783016
NAA35,9.594551,-0.77378285
GOLGA3,0.11369076,2.666223
EIF1,9.740934,12.703685
ID2,-5.924143,1.8261784
NEB,-2.775993,12.086344
DYNLL1,-3.8116624,-3.9393442
HNRNPA3,-8.458426,8.302353
MYO15A,14.481608,-0.35874936
MAPK13,-1.7475532,7.91941
RBM20,-2.463123,7.9437885
AVIL,6.834143,13.425319
PNKP,9.070897,11.600697
CLN3,6.137397,11.628154
MAX,1.6292756,11.685108
UBAP2L,7.0004716,-6.9352145
TMEM79,5.9007463,11.90874
PHACTR4,9.431158,6.5325136
LRRTM2,-5.806193,6.769213
LETM1,-3.109044,-8.630153
PCDH20,-4.400933,7.5790706
KIF2A,-1.6249486,10.8738165
CHD3,-4.401713,4.358323
EOGT,10.278412,0.26413688
OCLN,-3.6447766,11.670185
WDR24,2.8161228,-7.058416
PIGN,-5.311454,9.442551
ATG7,2.2683911,16.442924
VMA21,-6.334184,-2.7233777
FAM120C,-0.5223484,-3.0863097
PRPF38B,-1.5990142,-10.521937
MFSD2A,-3.5327213,11.407687
GRB2,3.3351731,-5.715212
DPY19L3,-8.983882,2.9988065
KIAA0430,-2.9696817,-0.30058372
SYNDIG1,5.8644843,9.987517
HSPB11,-3.8587584,-4.059938
ENDOU,4.117248,-1.8226168
LYPD5,3.8415334,-6.7802324
TRIM39,6.9815407,-8.853524
PLXNA3,0.25850344,2.7237868
WNT7A,4.0138454,15.200825
CDC42SE1,15.8447275,1.6875567
DUBR,9.978803,7.4556527
C4A,2.5399704,13.879861
GNPDA1,1.6637198,3.7232523
RPL7L1,-0.37124592,12.534921
DCTN4,-0.3312953,12.45833
ETFDH,3.654059,-3.1308343
LIMA1,11.750544,13.689416
PTPRR,6.2127285,15.542179
ZNF570,9.730854,-1.3036473
TBC1D24,17.455463,5.1074066
SMARCAD1,-2.497464,-5.661362
CCDC59,4.7270336,3.3441548
CYP20A1,-11.910627,3.167472
CCNB1,7.7404504,2.3390915
MRTO4,1.4835421,-1.9476541
ADGRA1,7.9241548,-0.5975155
SDK2,6.973833,-8.680272
TGFB3,8.750903,8.683053
MINDY4B,-4.900045,6.150103
FAH,2.4797258,-3.2136161
ZNF92,6.8425775,-1.0289359
HDAC4,-13.177433,4.5600576
AMBN,-6.0775743,7.107479
INPP5E,4.7536125,11.686347
ZNF777,9.667974,2.806754
GNAZ,5.9758697,9.888661
PPIF,-0.837933,4.8525643
ZNF511,12.350731,4.0375113
MAGEL2,-3.3584466,6.090778
TFB2M,4.52762,1.3312427
GAA,-5.55728,-5.5977206
SDS,-0.057392556,-4.28012
MLXIPL,6.594717,13.491946
WDR25,12.384577,4.0702314
INPP5J,-5.24198,-0.2625325
KANK2,-4.5613594,10.880147
MSRB2,-8.356069,-5.7742243
EPHA4,-1.0969535,-5.43886
UQCC1,-0.6304823,6.605877
RTTN,6.368702,6.5529275
RASSF9,-13.120399,0.015281241
SLITRK5,-4.232617,7.3879566
EED,11.327099,6.4587364
EMC10,7.359111,10.202616
SDHB,-3.740748,-4.1211696
GLRX5,-4.2157946,8.774335
SETD1B,-3.117671,-8.646483
PRICKLE1,2.059855,-1.6752445
GPAT2,-5.5351467,-0.29019928
HDHD5,0.8225367,-1.7785485
CACNA1A,-4.9621167,-1.3803796
HMGCR,2.4994175,3.859936
XPO6,6.371078,15.694808
MTSS1,-0.14245036,-7.4974027
SYTL2,-3.9182239,15.971478
RAB7A,2.7910345,11.554498
ANKRD35,-11.106503,-6.4671273
EGR3,-4.4504952,4.3883996
CD83,11.613167,-7.7350707
ATG3,9.802978,6.8942957
TMEM178A,-5.5124397,-0.2957784
TDRD5,-4.683566,5.961787
SAMD4A,-11.150407,2.2605453
PCK1,-7.2309513,12.801686
SLC35C1,9.327269,11.424025
SH3BGR,12.170313,3.867241
STK4,8.029816,8.291
CPEB1,-0.21601693,-6.8478956
RFC2,-6.357712,-7.155832
COQ8A,10.722418,16.852682
MMRN1,-2.5856977,1.6493233
SORCS3,-4.325714,6.6450357
CA7,-4.887597,-0.8789532
CCDC167,-6.082562,16.872412
DSC2,5.0621767,7.7316656
DHFR,9.033656,7.522488
HSPA14,3.7191434,2.8289158
EIF4B,-6.460387,-8.34202
FOXK1,4.3518944,-9.522323
SLC24A3,0.650249,-0.4973071
UROS,11.749161,0.073851004
CTBS,2.2851505,8.468264
SNHG8,-5.585066,-6.705549
CCDC112,11.66989,13.538503
RING1,9.662247,2.8232493
CARD8,4.978612,2.3597448
RSBN1L,-7.971198,8.896704
ZFP36L2,-2.4449658,0.7476387
TAGLN3,-5.2104897,-0.43479595
PIGA,4.9692235,7.5963173
PTGR1,2.141325,5.9277897
DIP2C,-0.16526985,-7.4658027
CYB5R4,10.633005,4.874443
FRAS1,-4.047349,7.2467675
ARRDC4,-2.3120701,0.5109631
NR1H3,3.2152734,2.814409
STAM,-0.39900312,-6.6102657
NEFH,-2.7688615,9.777181
PLAU,2.5577755,13.86588
FOPNL,-12.11869,2.5327494
KCTD5,2.5894153,3.8614402
MMAB,0.7662982,-1.7470357
SERAC1,1.8934764,4.457236
TMEM254,-4.4969296,2.007492
EGLN1,10.370133,-0.1591603
TRAIP,6.0867987,13.797661
SERTAD3,-8.7978735,-2.4103258
WARS,5.7006817,7.44991
SYT3,-5.2665105,-0.2985798
FAM134B,9.532406,-7.5320263
KIAA1191,-10.389763,0.9087937
NOL4L,4.6478057,10.230576
TBK1,7.6030817,-0.9704816
THRA,2.5188627,-5.7288427
DLL1,13.4712515,11.607041
CKMT1A,-2.6942024,9.596933
RGS4,-4.504926,-0.8354969
ANKRD9,-8.141972,4.991445
PAG1,6.702468,-1.6396935
CLGN,-3.7375267,15.786508
CREM,-7.9123254,-3.0900335
ZBED3,8.677549,8.49432
PLPPR5,-4.2830615,6.660494
SIRT3,-0.55888283,6.500262
FAM86B3P,1.9786153,15.242929
FBXO2,4.566145,12.306267
TRIM67,8.1096735,9.474165
CYTH4,5.701658,-4.377827
TES,12.731812,8.412416
ABCD4,7.3681827,11.567584
ANXA5,-9.357109,3.71262
PODXL2,1.4520706,-1.9690955
WWOX,3.1229331,6.6517625
KCNG3,-4.6860056,5.955896
MTR,1.5685506,11.749946
DYM,4.6150403,1.2606308
HS2ST1,1.9604498,-8.634851
IWS1,12.737361,14.6071205
SEPT10,8.586612,8.419984
UVSSA,5.226605,9.570581
FOXC1,12.647808,9.2259655
TTC39A,-3.9526582,6.394844
ST3GAL6,9.96057,7.446245
BTBD7,7.084094,-1.0650434
GPR179,10.52107,11.979246
SLC43A3,3.8622332,8.106472
SSR1,2.287199,8.394055
TCEAL6,-4.2176237,8.780151
MR1,-8.88063,3.0760052
COL26A1,9.522037,3.093262
CASC10,-4.7594714,2.019099
ZNF417,-2.782411,11.38282
GART,-8.606098,3.3906052
NDUFC2,-3.8883703,-4.021391
AK6,4.5466614,3.1858132
HIGD1B,12.0490885,1.2193087
CALN1,3.2907305,-6.3612766
ABHD12B,-4.696373,-0.77114254
NUDT1,-8.07394,-0.7020564
MB21D2,-3.8961356,15.94965
STX17,6.8472114,-0.54646146
PDE7A,4.6089234,6.513659
LRRC14,4.4759297,12.099601
ERCC3,14.753273,-0.6631533
CD38,-0.59985036,-3.4875758
HSD17B11,-0.72171944,8.293603
PIN4,-5.2276545,-3.4019125
ABCG1,5.383346,10.2753725
MYL5,-11.847998,2.9173322
PCLO,-3.3536417,5.5801873
TLR4,3.5886166,-2.8330915
GNG4,-6.055706,7.1191554
CD40,3.8220315,8.138687
URB1,-5.7909994,11.320955
HDX,13.704937,2.2764366
DLK2,-4.946814,-1.0665113
HVCN1,3.5817237,-3.0008097
REXO2,3.8809159,7.855017
ASB7,-7.858061,9.170208
NBN,-0.29910508,12.434221
ATF6B,14.261972,5.1424327
ZSCAN1,1.1571602,-1.8456309
ALKBH4,1.2163744,-1.7149463
PRKY,0.10470611,14.853987
CTU1,9.6642885,2.8110693
ABCD1,14.264537,5.1489024
GOLGA4,3.200548,0.65339446
AMOTL1,10.3824,-0.1290878
POLH,-0.18533452,11.371344
HFE,3.758829,0.91399026
ASB8,1.8487141,-8.786791
SARM1,5.357566,14.22146
MRPL44,4.5726953,1.2311802
GDPD1,2.7472363,3.456083
COLCA2,-0.8609619,4.8653255
CCER2,-9.438729,-6.7922263
SAP30L,8.049907,8.295655
DRD4,12.325195,3.194833
TRPV1,14.257294,4.011435
ZNF558,8.102897,-5.30893
ALMS1,-11.618489,2.586828
GOT2,-2.973216,5.377853
MFSD1,-9.359986,3.712362
ZNRD1ASP,6.063582,-11.674435
PHKB,9.539637,8.060581
GALNT6,6.3628564,10.642906
TDRD6,6.29232,6.506295
MLLT10,-0.7985356,11.079033
FAM127A,-7.9900146,-0.9594335
DECR2,0.7861999,-1.748854
HFM1,3.8465958,-0.05778419
REV3L,-0.3598707,11.19733
GFER,0.723605,-1.7015918
PPFIA1,2.4117987,8.159489
MORC4,-5.6272006,3.675901
ST3GAL4,6.3454323,10.664937
CHCHD4,0.8659993,0.44800654
PAH,5.9575524,4.6341486
ADORA2B,-8.947611,2.9709256
NUAK2,-2.364935,0.5988183
BAMBI,-2.4178908,0.7383227
ADD1,8.168676,6.658987
GGTA1P,-8.136925,5.121328
KDM4B,4.1866393,10.525901
HIRA,0.9960547,-2.202339
TRAPPC4,-6.6047273,-7.5023355
EBAG9,-3.8390646,-4.0714197
PLK3,-8.051373,-2.9263058
CCDC51,-9.485465,-4.402869
SRBD1,6.5321107,-1.3926868
CCR10,8.601769,11.80851
COL5A3,-8.187695,5.60495
MGST3,-4.1066303,-3.926924
TDRD9,-1.8874834,6.080471
FAM214A,1.9806376,10.081451
RPS15A,-6.2970543,-6.9074845
ZNF292,7.2346587,-2.0581212
PLEKHG5,-3.6671138,4.056624
NSUN5,8.755131,11.479042
TCOF1,5.9737053,9.875651
ZNF623,-9.583385,6.419936
ZNF432,1.9910793,-12.179228
OAZ2,11.15007,7.293684
PCDH10,1.4301802,-5.773529
GLCCI1,-2.8822021,-6.8452926
PIGH,4.6095862,1.0631074
EIF4H,0.7821274,0.2820635
CCDC85A,2.7168756,3.1594849
FOXRED2,-0.08970822,-3.6245837
MPO,7.494477,17.099367
RDH11,-8.701753,3.825982
MCL1,-8.144161,-2.8266802
WDR36,7.326808,-2.1088307
GTDC1,8.676591,7.2364745
ZNF484,1.7117621,11.591984
ELF4,5.712847,-4.3933396
SLC41A3,-11.356412,7.969825
ZFYVE21,4.1679277,-3.1068861
ZNF704,-2.9398549,-0.3576376
AXIN1,6.37351,11.762141
CPM,5.352467,10.273236
SPATS2,3.9863687,-6.916635
N4BP2L1,-1.8717626,6.050449
IL18R1,12.523146,8.322329
CHPT1,-8.920186,3.0171585
ZNF629,8.443662,-3.5086253
TMEM68,-9.938098,7.220164
MAP3K4,5.434314,6.36106
PURG,-1.1648489,3.8891137
PROSER1,0.09509368,1.5693368
CCDC82,11.666346,13.531887
CDC23,3.8475826,-0.010417013
P2RX6,-3.7586634,15.808755
AGRN,-1.476307,3.4609585
PTPDC1,3.2174723,1.6487147
DGKG,10.777674,0.3614212
DROSHA,-2.3503518,5.73008
SLC35C2,2.0343006,16.455782
BDH1,10.03238,3.3869426
FASTKD1,6.2313848,-11.839868
TMEM53,6.8922424,-6.854914
ZC3H8,2.412807,4.9069633
RARA,8.029455,-7.010126
WDTC1,9.09415,3.1424065
PDCD11,3.9083369,13.089852
ZNF438,3.4700487,0.9486824
KCNS2,6.224229,15.550982
ZFYVE1,0.51706177,-3.6021876
GPR55,9.21497,4.537789
STAT4,-2.9396272,9.242279
UPK1B,-4.8962893,-1.9736578
ZNF100,2.0609887,10.1043825
AGK,0.6552826,-0.50811976
MAP2K5,-0.6286022,6.6136684
CHMP1B,3.5354533,2.6010306
ERCC4,-1.2766672,11.063616
ZNF772,10.730553,0.31254733
MAFK,8.437178,6.995456
TMA16,-8.343312,8.412775
PKIB,-3.8979702,15.951107
LGMN,-8.132509,-2.836504
GJA4,-8.459077,-2.579774
NAB2,2.942776,-6.8075066
ST3GAL1,4.841432,7.4963307
TMEM126B,-3.8595679,-4.063003
VAX1,5.6718216,7.9321246
FAM173B,11.855819,-3.988333
PDE4A,-3.8255415,4.2000384
SCX,8.532484,11.833469
HIF1AN,-8.441048,3.3812149
IPCEF1,-3.3619313,5.6787877
SLIT3,3.756332,-7.2507076
GATAD2B,6.505269,15.826889
TMIGD3,-1.0626663,1.2226511
TPI1,-5.809904,-2.6597543
POLR2H,-6.7681127,-9.461958
GGACT,4.5608845,16.586761
DNAJC30,4.9666553,2.352582
CCDC9,-8.80214,-2.408606
ZCCHC6,14.726047,2.970462
CBWD2,-9.453106,6.6437106
MTCH2,-4.581052,-4.290165
NR4A3,11.519722,-7.7920847
ZNF844,11.838005,-3.9926374
ZNF600,4.513371,-11.238698
KRT5,-2.7674434,12.095038
FAM126A,10.046641,-7.571513
SNX12,9.650997,8.061753
ZNF37A,-11.96159,3.240781
NKD1,8.795709,7.360835
MICAL3,4.471934,10.335495
ARMC10,-12.109331,2.5322065
ORAI3,-3.3637686,6.1610365
SPATA5,7.3143616,-0.030224785
FBXO46,9.64282,2.8462062
TBC1D32,-2.5159006,-5.59314
GRID2,1.8234272,-8.817035
SLC26A10,-1.7602983,7.9126725
SLC25A33,-0.38738522,-3.456571
PPAT,7.9045167,-2.4285908
HDAC3,-0.91025937,7.7019763
PNKD,9.40864,3.2189145
PAQR5,12.652684,7.332691
DHCR7,8.17937,6.670268
NAGA,9.199022,-6.086378
YIPF2,-9.489437,-4.86046
EPHA6,-7.7658925,5.607628
RANGRF,-8.078131,-0.7660632
SGK1,13.469668,11.601136
LSM11,-0.5732401,-6.525218
ABCF2,-11.333324,-6.3147135
OXA1L,-5.4035277,2.24567
EMG1,-6.3186746,-2.6942098
XRCC5,10.376612,-0.16191128
CD59,4.209052,-3.1038885
GALNT9,2.0677803,-1.5992123
MYO16,7.9270563,-0.59558374
COMMD1,-8.659535,-5.5477166
LARS2,-7.7692456,5.606991
VIP,0.47193387,-0.5517638
PKD2,-8.082533,-0.7765681
OMG,13.566863,11.546604
PRR36,-2.6910634,9.496004
BEND7,0.4969379,4.449066
SSR2,-5.8090634,-2.6574614
PPP1CC,2.192058,10.429248
RBM11,-5.676144,6.768946
IL34,-3.9697177,-1.8914212
PTPN3,-2.64425,2.0146775
TOP3A,14.45794,-0.33472633
TRHDE,0.83683413,-0.7151446
GLTSCR2,-5.542361,-10.735381
NOD1,4.872618,7.5069795
STK17A,-0.3156901,12.412464
STAU1,12.207341,3.4325373
CHIC2,-11.191218,2.2882333
DYDC2,9.638464,11.256152
NTAN1,-4.3126926,-3.8176453
OAT,1.8407294,-8.760754
TIGAR,11.306636,6.5211215
ZNF70,13.029147,6.4664183
CUX1,0.0744437,-3.7134566
ITSN1,-0.5770336,-2.833097
SUFU,-8.692494,3.8491085
TVP23A,8.707202,3.1470222
B3GLCT,-4.8982987,6.1850657
IGSF21,8.339018,9.245672
PCDHB7,2.972659,6.8322716
TIMM10,-5.330287,-3.314254
CCNO,-1.1236995,9.277079
MRRF,1.9928975,-12.182177
SVIL,13.151876,7.9522257
DDX52,10.353008,-0.18355724
ASIC4,8.108469,9.476215
RPL22L1,-6.3098383,-2.715134
U2AF1L4,0.877688,-1.8166881
CRISPLD2,-8.467062,-2.580764
INSR,6.7766805,11.265365
DNASE2,2.490052,-3.19427
RNFT1,-8.124588,8.654609
TTC5,6.207167,2.145384
TLE3,-8.130747,2.8569522
TRIM68,1.6865182,-9.239714
GOLT1A,-6.079163,3.6535711
DDX59,2.2603688,8.865516
GCNT1,-2.6050787,6.9202566
DCLK2,8.697956,8.585896
AZIN2,6.4266953,15.753614
EBPL,-9.018122,10.320599
SLC25A44,3.7376776,2.8082066
ZNF761,10.257213,-4.2975907
KEL,8.31892,7.254658
PPP1R3C,-0.44204837,-3.4515882
UQCC3,-5.5354753,-10.756919
SEC11C,4.011166,-3.7470348
EXOC6B,11.4323,13.194587
MGST2,13.149663,8.370194
BBS2,1.4284779,-4.1653695
ALOX15,8.253452,4.701573
DGCR5,8.4567375,4.5811334
ANKRD37,-5.5898356,14.061998
RBMXL1,9.634592,-0.642411
CLSTN1,6.9989634,-6.9353633
KCNMB4,6.4898605,11.179725
CSF2RB,-0.7634214,0.40919566
ARNTL2,8.052541,1.5321807
SLC16A2,2.174513,-8.505115
DAPK1,-2.353888,5.734418
PIGP,12.738646,14.609323
TSPAN7,10.020032,3.38081
BICDL1,-2.7653952,9.690234
BLVRA,-0.9602079,4.2304716
TMEM261,-8.263309,-1.2556949
SYT6,-4.864685,6.2055807
IL20RA,3.0976987,6.7132883
PLCE1,-5.7365837,2.041732
FIBCD1,3.1198359,-6.566026
FEZF1,2.7466166,-2.8359604
TRNT1,7.609083,-0.97150886
H6PD,1.6751851,3.7306201
IL27RA,-1.9689611,-0.025145557
ABCF3,0.79995006,0.583585
CALY,-5.4863796,-0.2933116
RALA,12.028211,14.301576
STK26,-5.7535954,6.800151
RECK,1.4403487,11.892479
DSCR3,-5.277436,9.41242
ZNF702P,2.728902,3.186434
PCDHGA2,-8.259663,4.393536
TRIM13,6.987635,-1.0757822
ZNF710,-0.02843285,-3.6362488
PSMF1,-3.737247,-3.8742573
ZNF285,2.2174687,16.435215
RASGEF1A,9.033575,4.4115767
AP5S1,0.8124777,-1.8065425
SRD5A3,10.0595045,7.453922
TAF5,13.651833,11.462203
DENND6A,1.4470932,11.883144
GALNT18,-6.707982,-7.6211314
AARS2,6.827782,13.433633
MSX1,6.9861794,-8.796913
BRWD3,3.3195977,0.7070407
EHD4,5.9097695,8.184208
RWDD2A,2.6905103,3.5617626
NDUFS3,-4.969132,-1.9648882
ZNF559,5.7837954,13.928306
TPM4,-1.7633743,-0.27512652
SPATA2,3.6120105,-5.0381455
ZNF184,-0.29514077,12.40985
FMNL1,-1.901498,15.385063
ZBTB8B,7.9937286,9.54154
SCARB1,-4.709214,-0.7553728
AP1S2,11.18053,2.8490536
DACT1,-8.8274765,-2.3490696
BBS9,-1.7345365,1.5709436
PPP6R3,3.2653246,0.6350904
RHPN2,-0.5258917,-3.0877616
CRIPT,9.599066,-0.8458593
PSTK,-1.578377,14.177677
PRX,12.634493,8.416419
DARS2,6.1134334,-2.5175343
KCNK6,4.951962,4.921929
MRAS,0.5156942,4.4436226
MKNK2,12.1086445,3.7883785
LRRC57,10.763437,0.34631416
TAL1,6.314424,3.872813
MLLT3,-10.584131,10.789722
PIP4K2C,-3.612945,-4.278869
UPB1,10.025126,-4.609063
PLPPR1,3.0920796,1.5752885
MAPT,10.116563,3.5522697
ATG13,6.36411,15.683231
EIF2AK3,2.7740269,13.646945
NGFR,13.22656,8.396292
REM2,9.429879,4.7675285
ASGR1,-5.307907,9.44042
ANGEL2,2.4247983,4.8919153
HAR1A,-5.6791883,3.5725696
FBXO25,5.1580987,-7.8151565
XAF1,-3.9003284,12.509625
SPHK2,4.4565554,12.108975
ADGRE5,5.3023133,9.702655
ZXDA,-0.1909888,11.183018
ANAPC10,-9.964632,7.331991
ABCB7,-8.973862,2.9208872
LNPEP,-1.3487654,11.036021
FBXL8,7.340068,13.209905
SMIM10,9.172249,-2.338476
GTF2B,4.5981703,1.117026
TMEM88B,6.337249,10.643462
NRBF2,-0.9719452,-5.3165956
IRS2,-8.149725,5.603644
TRIOBP,-5.676414,6.769077
ZNF713,7.168793,-0.1439672
HUS1,1.9104443,1.3466173
MTX1,-11.100067,-6.4800153
WIPI2,-3.2794025,-1.8941404
L3MBTL4,9.517132,-7.5417976
AP4E1,2.7523937,13.6722145
HYLS1,-4.0107083,6.3569627
NOL3,-2.4345188,7.9607606
MYEF2,-8.256906,8.508114
STK11IP,8.217981,4.714465
PLB1,8.2477,4.7038813
CTNNBL1,-5.937203,-2.5057054
RUNX1,-0.8548821,1.4423109
BCL6B,12.675796,9.114259
ZNF169,2.0247116,4.4045343
PNMA6A,-5.355482,-1.464276
FLRT1,-0.77204376,8.29493
ZBTB18,1.8471655,-8.774464
FAM184A,-8.135701,2.865655
RGL1,-9.008198,2.8631828
CHAF1A,-8.286086,-1.2866449
RFC3,11.745492,13.694602
SGF29,-9.503593,-4.922984
A4GALT,-1.9329679,-0.074735425
APC2,8.407975,-3.558982
ABCC4,6.121871,4.3626556
COX16,-6.267907,-2.7025988
REPIN1,3.0196757,10.349492
DNAJC18,-1.1747749,-5.53821
ERC2,0.58333385,-0.6872964
MGAT4B,4.4466357,12.096172
CCDC78,0.8030742,-2.3434362
MPLKIP,-6.4339023,-7.3192887
PPDPF,-6.3228073,-6.7238383
CHKB,8.031719,12.508748
SOX17,12.902388,9.404893
KCNQ1,6.2868733,4.1957507
ANKRD6,6.191806,2.1615484
KIAA2012,16.184368,4.382972
TMEM243,1.954263,1.2611679
PTGR2,4.4513226,-0.06545937
SPIN4,-2.9714634,0.01949686
RBM43,-4.81912,1.997243
AP1M1,-5.050724,0.17419438
DBNDD1,9.29679,3.1931105
PUSL1,9.096325,11.562891
SH3TC1,-0.86687213,1.429987
RUNX1T1,-4.401219,7.5803075
PODNL1,4.7803154,7.8396955
WTIP,-4.1637115,11.378047
PPM1M,9.103697,-2.27926
SPHKAP,0.776572,-0.65954596
AR,14.9567585,-3.298087
ICMT,3.8646052,-6.831984
KPNA6,-3.2645316,0.48304448
PROM1,-3.7020025,11.841632
MEF2A,2.6003063,3.8909657
KTI12,13.721823,0.9555556
ZNF33B,8.163948,1.6860605
ALYREF,-6.785512,-9.44
SLC7A14,-5.9843636,7.12807
FAHD2B,-11.317212,8.016761
MYBPC1,3.5266013,-2.9383843
SLC17A9,5.704661,-4.379653
FSTL1,4.824447,7.448587
SGK3,6.0809584,-0.4026936
SUCLG1,-5.963009,-2.692453
GID4,-2.9430728,-0.3536471
ZC3H12C,-1.4769917,11.042283
ZNF202,14.813951,-0.724918
PLEC,3.4217367,0.8986759
KAZN,-0.20120737,-6.841069
ADGRD1,12.242658,9.591144
VPS33B,11.852771,-3.9867313
TSHZ2,7.6882577,2.3831654
SMAD1,-8.874984,-2.3360345
CHCHD7,-6.4462247,-8.319038
GCNT4,-5.874544,6.97959
PRR5,2.3007581,-2.4050965
RTN4R,11.81826,-0.008296084
YWHAE,-5.731697,-2.7878337
S100A10,-2.2629776,0.4267473
TET3,-0.12791924,-7.660252
ABTB2,8.799633,8.743772
HTR2A,1.1287249,-0.46659705
ADAM15,12.815093,9.331602
PCGF3,6.5303144,6.307838
RBM8A,1.9850061,10.074992
APTR,12.16873,3.8674333
RAB29,-8.973652,2.8364923
TNNI3K,17.57557,5.22989
KLF7,-1.148516,3.8998537
BGN,12.05836,9.760875
ZNF684,3.777424,-2.4132695
DAGLA,-4.3921075,4.350364
SCGB1B2P,7.938677,12.552935
MFSD14B,9.63226,-1.1906165
PLCXD2,-5.719276,6.809731
RASGRF2,1.9250721,4.4959435
CLEC2D,5.9994307,-1.3888344
ISM1,-4.6633387,11.474952
PILRA,7.3136272,13.244497
SATB2,-4.980283,-2.0041468
IKBKE,5.2868824,14.275223
SNX19,6.248299,-0.6368369
REV1,0.053135157,10.584122
HNRNPR,-9.939501,7.2109375
SERPINB9,12.60633,8.370608
NPR1,12.671744,9.111344
SARS2,-0.563453,6.5106616
BVES,6.343942,-0.62491107
IGSF3,-3.461767,5.517883
CSGALNACT2,10.270171,0.26577133
AVPI1,0.8873491,0.3997754
ZBED4,6.21136,-11.819119
MLLT1,9.086766,3.1390033
EMILIN2,15.810032,1.6512319
NRROS,6.3436875,3.7606125
BICC1,4.1992054,0.470481
ZNF383,-1.3382063,11.044371
ARL13B,-3.6562126,2.1410098
SLC23A2,11.982449,1.28287
SHB,-1.7128246,-0.39810994
IFIT5,11.989916,13.954237
MARS2,12.278767,2.6154287
CIDEA,-5.8925157,1.8256131
BAG5,-2.984623,0.016372867
GCK,-5.5111647,-5.5549765
ACADVL,3.5991297,-3.0646806
PPA1,-6.4185553,-7.2844796
JAM2,-8.667408,3.624002
RCOR2,-5.180002,-0.12810592
MARCH7,7.895072,-2.424081
PRDM15,0.109946005,2.6400385
PPP1R8,11.148181,7.2928762
ZNF418,13.801461,4.4377728
QPCTL,8.126002,-4.7145147
SLC12A2,9.547594,-7.532236
CIART,9.333192,4.6671
CPSF1,7.729721,12.807521
RAP1A,-5.255667,9.399922
BSCL2,8.522959,4.5806518
TMPRSS5,-9.391611,10.2341585
INSM2,-4.456454,6.568226
ALG13,-8.976189,7.714765
HSF2,-2.615975,-5.405032
ZNF555,6.0970516,-2.4892535
RMND5B,-11.355834,7.968748
TPD52L1,-6.214807,-4.5971913
NXPH3,-0.52362955,-3.0857172
FKRP,1.0736305,-2.020856
TBC1D8B,-0.12534137,-7.616662
MDC1,3.0206966,10.34877
RGMB,1.2639449,5.049667
MXRA7,8.886459,4.5445976
SRXN1,-9.169185,2.6929712
RNF10,-2.9664707,5.3380294
CRCP,4.5829782,1.158377
ZNF575,-4.4594793,-1.8049761
PSPH,6.1214886,2.2241483
CEACAM19,8.0333605,12.730414
FRMPD1,-4.7071843,-0.76656276
ZNF674,-1.2692033,-5.6728926
FERMT3,5.971789,-4.576858
ZNF597,10.622233,4.8819
FGF11,0.51933396,-3.6329768
ALG14,-10.607775,-8.55118
AARS,0.89633715,0.4608099
FBXW8,3.7410479,0.9216971
MAEA,-5.0935855,0.106856495
TCTEX1D1,11.898227,-3.9395854
DCDC2,-2.6272273,2.0107694
D2HGDH,8.302235,12.11526
MAP3K21,-3.310996,5.689469
PCSK1,-5.7827244,6.798175
PRKCH,-9.033763,6.8101597
PON3,3.846422,-3.3931034
TFAM,7.3425355,-2.1165504
AFF3,1.9540884,-1.8066785
ZNF117,-3.6350522,2.8050075
MRM1,2.94967,10.272493
MEST,9.468809,-4.4765463
PCDHB5,-8.243943,2.981772
CLVS2,-10.591134,10.796971
FASTKD5,3.4140983,-4.9182897
SOX12,3.8803515,15.377548
TGFA,9.673385,-7.521655
JAG1,11.964153,7.9873686
APTX,-3.7333686,-3.8709543
MAN2B2,10.027108,3.3868341
ZNF490,13.565192,5.70286
NPR2,9.893175,-7.5016565
PCSK5,-8.58413,3.6023064
TTLL4,-0.52687424,-3.8461158
PLEKHA2,-1.3146288,9.37065
RIOK1,4.7596097,3.3740544
SSTR2,-3.0205731,9.196442
NOG,9.099815,-2.2858775
RILPL1,4.3325605,10.438702
XRCC3,3.01906,10.348127
GPR19,8.102029,1.5704377
DAP,-11.686509,5.88237
RS1,-4.726482,-0.7915126
SLC10A7,2.5558534,7.9202223
MCU,9.736453,-4.5083075
ST8SIA1,11.336365,6.4403024
NUDT15,4.530832,1.3563142
HSBP1L1,-7.7503233,-6.0374365
ROPN1B,-0.93654436,-4.0663447
PGGHG,9.192427,-6.0796404
DNER,9.784406,6.8783913
SEC23IP,-2.0717287,0.5749068
TENM1,-2.884091,-6.820224
CDAN1,7.4629464,13.109098
UACA,-3.8815525,11.598213
TBRG4,-3.8930473,-1.8840748
ZNF429,-3.043803,-0.31668442
APOM,4.244849,-6.9067035
ELAC1,5.202795,0.010438832
MIIP,-8.175059,-0.32338545
BEX5,1.7487288,3.8409257
PCDHB15,2.3002932,8.362159
CDH18,-4.149545,7.319526
TBCE,17.4505,5.1024346
TRIM14,0.5205783,-3.6377435
VSTM2B,-5.9773664,7.134432
BATF,-4.985824,-2.0199203
NIT1,4.9316797,11.633568
SLC37A4,3.6972609,-4.949439
FBXO18,3.1367564,12.828041
MYRIP,7.306685,-0.041681476
ANKRD27,-10.389387,0.90851384
GFPT2,16.188745,4.380668
STAR,-3.3045418,5.5866914
ST6GAL2,11.982508,1.2820449
HPF1,-6.6108007,-7.5257564
FOXO1,11.83659,-3.9965918
HRC,-4.56769,11.445806
IRF6,-13.12839,0.0072416044
AASDH,-8.56924,3.3644197
IGSF11,10.690227,0.2648293
PSMD7,0.76684266,7.813947
GPD2,-2.9053974,-6.8266206
ZNF546,6.458363,6.5201616
ZBTB5,6.642054,-1.6241221
LAPTM4B,2.790674,11.550341
ZNF225,14.792043,-0.7035731
MRPL15,4.09976,-3.8559937
HKDC1,3.0252626,6.7590756
GTF2IRD2B,3.9249759,-6.8573937
FBXL12,12.31471,3.1997836
PTDSS1,9.17076,-2.3375738
SETD3,12.471181,14.19221
AMZ2,-4.5454707,-4.6334863
ACVR2A,-8.972526,7.7202163
RNF212,-6.0795302,3.6515234
PEX19,-9.372409,3.7368996
NAXE,-9.217885,-5.642439
FN1,12.626137,9.224169
CCDC40,9.572408,11.299989
CSNK2A1,9.533275,-4.48308
ZCCHC4,6.7113643,-0.9882388
PCM1,-3.2323017,0.48813328
ANPEP,11.944301,1.318492
COL18A1,11.974318,7.9914594
SMIM12,1.1442074,0.66464466
SEC14L6,3.1390333,-2.5759568
SCAPER,5.5010476,-0.113651685
FZD5,5.0081825,7.553588
CRELD2,16.100334,8.019724
COQ7,2.1237364,5.9535728
ZRSR1,-11.924579,3.1724453
MPZL3,-2.4180791,7.971156
PYROXD2,-5.6236978,-5.6940703
RPAIN,2.553903,-5.688679
CMKLR1,6.2379737,4.0459385
UBE2L3,6.691663,-9.149529
ATF4,9.7403965,12.701911
FHL5,-4.2897925,11.095989
NSMCE4A,5.830888,10.587038
TSPAN11,8.258775,9.331149
DRAXIN,2.9997587,-6.716234
C1QTNF3,-8.162852,4.8299894
NCAM1,5.399751,10.263538
ABL2,-3.8070247,6.3797927
RNF146,11.694045,13.561776
NUB1,-2.1086738,8.009032
GALNT14,-2.773836,9.7939825
MAPRE2,-1.8252149,6.0702977
FAM102B,0.438156,-0.5651169
NFXL1,-1.3411117,11.042937
ZBTB7C,-1.6953394,1.5085347
SHC3,3.0609226,-6.6451
COA1,-4.6089473,-4.230484
ABCA17P,-1.7485856,7.916106
TNC,-2.1975458,0.32655087
RENBP,-7.880084,9.131511
SNX27,9.269339,4.6423016
KIF16B,6.143749,-0.44704244
PLGRKT,-9.356649,3.7132142
SPRYD4,-2.9688706,5.339181
ZNF846,12.459328,14.1939945
ZNF385D,-6.149429,6.542646
EIF4ENIF1,10.722328,16.852299
SEC31A,2.7516224,13.663607
WDR5,4.838322,11.667836
MTRF1,6.244457,-11.851678
RUNX2,6.1155,4.372896
IFI27L1,-8.072594,-5.9380403
TBC1D22A,-5.5736475,-10.691233
SMURF1,1.911414,4.44214
SLC50A1,5.2932115,7.8389845
ZNF561,-1.3809253,11.04817
SLC25A24,6.728211,-1.5854422
CDK11B,-6.384347,-9.856509
SLC46A3,3.8672962,-4.986928
DLX1,0.70668614,-0.37652558
DBR1,6.1533523,-1.8153045
ZC3H6,-2.6293344,-5.3683076
FAAH,-4.979272,-0.83576393
FAM118B,-0.5287243,-3.0821338
STK10,9.220561,-6.1047945
ITPRIPL2,4.82641,7.4737597
B3GALT4,6.7212715,6.1518774
CALB1,-3.3875892,6.0582685
RHBDD3,-9.474831,-4.4690948
EDC3,-1.2415451,3.7938418
ZNF615,-10.556633,10.762228
RINL,8.997568,4.4551835
MAFB,-0.8675473,0.77672035
FAM98A,7.551467,-0.9941502
CALHM2,13.2913,7.840534
ANKRD28,3.048489,1.517526
NFRKB,-0.6233126,6.6144524
HHAT,3.1199458,6.659282
CHADL,6.404214,10.6176195
RYK,-5.304158,-0.30332538
STYXL1,12.346591,4.0359564
CMC2,-4.7447844,-3.689536
NEK5,-2.6190383,1.8966829
YOD1,-11.609603,2.5867326
TMEM109,12.321647,9.51158
SIGIRR,-5.5733113,-5.6064982
OLFML3,4.9059505,4.9570627
TMEM198B,-2.641635,6.301363
GPR27,2.7208822,-5.922085
MRPL27,-8.475626,-5.9036417
INTS6,7.652936,-2.3083603
TSEN34,-6.7466526,-9.4791765
SRSF2,1.4925694,11.831406
ADAMTS17,-0.41229704,-3.582777
ZNF430,11.841878,-3.9787905
UBE2D4,2.2828124,-8.434491
SYNE2,-3.6846495,11.857904
TMUB2,8.0789795,12.830539
RPRML,8.497036,4.5580525
ILVBL,4.445318,12.113803
CCDC142,-5.62339,-5.6932206
SPON2,-4.706435,-0.83128506
LRAT,-1.7599981,1.5846539
RCE1,8.278286,4.6628704
SYN3,3.1444314,-6.552003
ID3,6.751085,-1.5907434
STK32A,-4.8427863,1.9866174
TTLL11,11.444531,13.209057
MTHFD1,-0.6501649,6.64857
TPMT,11.169931,2.8412454
CEBPZOS,4.201285,2.7787147
PPP1R13B,-1.9147642,8.186185
MBIP,7.337299,-2.0621276
ZNF439,3.0714962,1.6018486
BEST1,6.7540846,11.252339
ZNF678,6.0371413,-2.0193524
HDAC9,-6.748661,2.6433167
MYCBPAP,-2.813838,1.759335
ATP2A3,-4.5354886,11.395804
WSCD1,7.6843996,9.762112
SLITRK1,8.311112,8.333467
NIF3L1,-1.5803008,14.175615
ZBTB16,-0.5493877,3.8611703
ARMCX5,5.159306,-7.816282
GALE,-3.8951266,-1.8854325
CLIC2,9.936939,-4.5340033
TMEM187,7.3248353,-8.910669
APIP,-12.115772,2.5257876
NUDT18,4.978959,2.3657203
GAS2,-1.4225866,1.1594318
ZNF20,-3.637864,2.1554284
AHCY,0.8567039,0.42139944
ARNTL,4.534852,1.3031825
ZNF296,-9.435883,-6.788788
MOB2,6.8838305,-6.8492055
PDE4C,-4.6523824,11.46649
TEX2,0.3721162,4.3784804
PRR29,16.176052,4.3764987
UBE3B,3.8192835,15.439295
RFTN1,-1.9791878,-0.011145596
ZNF567,0.10629248,1.5769863
TPBGL,-5.990523,3.5751739
MED26,12.212679,3.9017637
RTF1,-4.6403046,4.459532
CBX5,-0.3724539,12.537554
OMD,12.83755,8.282655
MTCL1,3.2988656,-6.354676
NRM,13.301135,7.835641
UBE2V1,11.173222,2.8425024
SHISA2,-0.40716183,8.387352
MRPL19,12.486646,14.2168255
DDIT4,-8.178489,-2.7909033
SLC7A6OS,6.1057935,-2.456551
NGLY1,13.694697,2.291597
BET1L,3.5832145,8.6242
TXNDC17,-5.4204693,-3.2365172
UPRT,1.6804264,3.7353227
TSEN15,8.6531,8.383511
NPRL3,2.399675,-2.0890517
PTGFRN,-8.302842,4.3295054
PIGC,-6.428148,-8.289581
VWA8,1.8253802,-8.798705
SF3B3,-6.7884874,-9.432881
TOR3A,-6.8129773,-9.411428
AKT1,1.3052702,-1.7266957
CAMK2G,10.578377,1.3517982
ARHGEF16,-3.9129899,-2.3132854
SDHAF4,2.5750158,3.8217378
DOK4,-1.999593,7.9890003
BACH2,-0.1286533,-7.621619
SLC25A34,6.819167,13.368301
F8,1.7577916,-9.060285
AHR,7.9935718,-0.54739887
RDH14,13.682392,2.3025079
RPL37,-5.217885,-6.774243
WNT10A,-5.7589393,2.874676
ABCC9,4.048138,7.9896708
SH3YL1,3.179336,2.8678625
CAMK1,-4.4347835,-1.8308218
PIGZ,-5.1926584,9.342086
RFLNA,4.42445,11.542073
SFMBT2,2.9643073,6.84479
ATIC,-8.485915,3.348208
TSPAN33,0.58092207,-3.6467469
TSNARE1,-9.178095,2.6755242
SLC2A8,-6.577028,-9.656574
STON1,-5.756733,2.0326152
SUDS3,-9.443881,6.668863
UCK2,13.033258,6.469573
UBE2G2,14.256724,4.0117254
ZNF333,3.3092427,0.72534543
DTD1,-10.633828,-8.577349
RBM15B,-0.51686823,6.499211
IPO4,3.788473,8.357963
TRIM8,-0.24426962,-4.065648
B3GAT2,-3.729346,15.778802
TBCEL,9.218792,7.720335
NATD1,0.5397707,-3.6255486
DNAH10OS,3.9923923,-6.919342
SUOX,-8.476732,4.04079
ZNF517,8.235738,12.222895
KAT14,-4.980182,-4.1320877
DESI2,1.5761358,-5.871755
CYB5D2,-9.886386,-6.4733653
PCMTD2,7.34536,-2.072884
PIGU,6.5064144,11.170426
TM2D3,-2.9739027,5.3638406
CSTF3,-1.3726258,9.406369
PHF5A,-6.3296704,-2.694608
PDE6D,-4.957535,-4.1267443
IFNGR1,12.620528,8.344299
GPR22,1.9252356,-1.8496972
ARL10,6.68709,6.1712976
ZNRD1,0.4637112,0.90062463
LMNB1,5.6996703,7.9538527
WDR81,8.415564,-3.537553
FTSJ1,2.9951322,-6.0170727
PLAT,12.724991,9.153442
METTL4,-9.348807,7.2875576
AEN,-8.834304,-2.3765216
TACC1,10.429693,-0.084705934
FEZF2,1.5683215,-3.9357054
MTHFR,3.6328433,12.825497
SNHG10,9.531158,11.312973
SLC39A9,-9.353723,3.7354333
FRK,-0.14945632,-6.9651895
FAM196A,-2.6356006,6.210604
SLC25A27,-2.7753232,6.7817397
MFGE8,-8.097038,5.441166
IL17RC,2.4470794,-3.3660831
MRPL57,-5.8665853,-2.66825
PPP1R3B,-0.7741963,0.921119
SLC41A2,0.23143283,16.715658
EML6,6.5836473,6.281147
MPV17,-5.374629,-3.278272
PTGES3L,8.971075,4.4821134
SRA1,-10.603476,-8.548033
MLH1,-6.430064,-7.320479
FRG1,-5.726853,-6.640449
TMEM99,10.02654,-4.5933547
TSPAN4,12.951582,9.437775
PHF21A,8.921968,7.3851476
HK2,-0.7454382,0.37443554
EPS15L1,4.9936147,7.706779
SIDT2,8.453297,-3.504482
HOMEZ,-2.4687655,6.5729327
CNIH3,-3.6051092,3.9975908
IFNLR1,-7.92617,-3.0746477
ENOX1,-0.4494533,-6.6401143
SAXO2,16.181011,4.3752775
IFNAR2,12.983214,8.345639
COPA,-0.46243417,-6.6281576
PDCD6,-5.43171,-3.229585
SHQ1,13.693976,2.288342
ANKHD1,-1.670321,11.112677
ALKBH2,-6.5879984,-9.643761
DUS2,8.211633,12.260167
RPS6KA2,3.9597077,-6.9359837
ZNF609,8.975958,7.3894787
AMT,7.479329,13.072455
FHL1,-5.2756567,2.0740278
YARS2,2.6636562,3.7182972
HES6,6.677304,6.1881185
EFL1,6.1080694,-2.5148027
TMEM101,-7.9352446,-5.9701734
ZIC3,12.678045,7.3378325
TUBB2A,-0.6250852,6.6243157
FAM76A,-1.85288,0.71768624
RAB43,0.42546293,-3.5530949
GPC6,3.869705,5.4925637
PPP1R12B,-0.5560398,-6.54183
GRM8,1.5578601,-5.8675537
TONSL,7.3991947,13.1574745
FAM168A,2.1409082,-8.529334
TSPAN9,-4.639712,-0.6925163
PLEKHA7,6.938116,-8.700473
ASS1,7.9999723,1.4771062
PTRHD1,-5.948822,-2.689642
OXSR1,6.249841,-0.65556866
SNAPC1,-1.98695,15.462263
CERS5,6.0619674,13.832098
RFC5,6.2079563,2.1442013
RSAD1,-6.1397815,3.6915915
FAM83D,-4.9768667,-0.9166736
CASC1,-1.8196292,1.547602
GAS6,8.127022,12.886943
DCUN1D2,13.804034,4.437112
SEMA3C,8.134162,8.345468
ZNF616,6.822472,-0.89966005
SFR1,6.383456,11.146797
CEP57L1,-12.089126,2.5423982
FAM210B,4.0254374,-1.918201
MMS22L,8.103767,-5.3089385
HES5,-8.0653925,5.4950423
BCDIN3D,10.573856,1.3570265
PSMG1,-1.5320429,14.22672
CAMK2D,-4.9967885,-2.036889
INO80C,8.965731,4.4945297
SLC35F1,-2.893433,-6.83714
TTC9B,9.558989,3.083659
EVA1B,9.197216,-6.0860453
DBP,8.130176,-4.6873283
SHMT1,2.5099173,13.91396
DHRS7B,2.1188643,16.375984
PTPRA,3.9688118,-3.7298288
NMB,-2.9014096,-6.8330464
XKR8,14.266803,5.1516223
FOXRED1,0.99898535,-2.188717
TXNIP,-0.5767639,3.8125525
TMEM186,-5.7614875,-2.7090309
NAALADL2,14.473824,-0.35198066
BIN3,-5.5083137,11.520874
ZBBX,-2.5808365,2.0799406
ARID3A,9.194028,-6.0815988
ZNF35,-10.245921,7.686465
CDC25B,-2.6628728,9.53497
ZNF234,6.10858,-2.5132601
RNF8,0.7741336,7.8257794
KDM3A,11.836632,-3.995372
HNRNPH1,10.103183,-4.4520736
CCDC61,2.3835323,4.9928536
FBXO32,11.427944,13.18688
OXTR,7.3803673,11.567346
SFPQ,3.9006076,-0.010760135
FN3K,-8.685148,-5.146823
EEF2,1.4082195,-1.9547291
GMDS,9.112239,-2.2926862
SDHAF2,-6.1371255,-2.6903193
ABCA10,11.907898,1.3587517
LACTB2,3.0800936,12.834607
PRRC2C,9.742338,8.467384
NBDY,-3.898987,-4.0199695
RBKS,11.536873,-7.779745
NDC1,1.9845239,10.08247
MCF2,1.9191271,-1.9247692
HSPB2,-11.01209,-6.5413527
WDR45B,-8.765602,3.805625
BPNT1,-9.599323,6.37214
HLTF,7.52745,-2.2418451
ZC3H7A,7.991758,-0.5443575
EPHA3,7.9137273,-0.6028439
SETD6,4.5128164,-11.239491
PADI2,8.743805,8.074047
SERGEF,-4.73064,-3.6829488
TMEM57,1.6153054,11.647257
ZNF470,11.662912,13.529897
SEC14L1,-1.7022825,6.2622533
KCNH1,2.5917845,3.8757033
PRCC,0.9712574,0.5142516
NAGK,3.858641,7.8245497
CCDC7,3.5890534,0.22457767
DNAJB12,3.5761118,8.630415
SDAD1,-9.069821,6.80237
CARD6,15.715363,1.521126
MAP3K13,4.024529,-3.7821963
RBPMS2,11.999074,9.814182
SNX29,6.11626,-0.44260842
PCED1B,9.6853485,11.20911
ASIC2,-2.6737761,9.575107
SLC37A3,3.7392545,2.8057802
CD276,8.092143,-5.2774286
SPIDR,3.6090205,-2.684022
CRHR1,-5.3541846,-1.4650332
NIPSNAP3B,2.3826818,4.8823705
FAM110B,-1.4923083,9.279488
HELQ,1.8869532,10.184167
ACAD10,2.9920497,10.315432
ARRDC3,10.312096,0.21225801
ANKS1A,14.582629,-0.45816723
SLC4A8,4.2510805,-3.1061435
CLEC9A,6.277207,3.6441588
ENOX2,-0.24806565,-7.2189155
SLC8A3,-5.902258,6.9990573
NR2C2AP,7.917218,-0.60008895
C1QTNF1,-4.5967393,10.848269
KLF10,5.920232,8.179451
NIN,3.761028,5.9752545
MED19,-4.926761,0.44168702
FAM47E,-4.400502,1.9945486
HS3ST4,8.439471,4.5900016
ZNF649,6.158708,-1.8213202
NFATC4,-8.146784,4.9215426
ERC1,-3.0410159,-6.692491
ZSCAN9,-4.998179,0.30164865
EPDR1,7.303595,-0.03929027
SFT2D2,-1.0416313,8.108814
NRL,-11.0532255,-6.512577
HMOX1,-0.7500285,0.40214208
ADRA1D,0.29105374,-0.7302209
SCUBE2,8.124496,9.459594
RXRG,-6.057206,7.118242
ZNF3,-4.185312,1.9723054
FAM104A,12.29219,3.239273
SNHG1,4.973443,7.679015
SOHLH1,-1.8335912,15.318813
EPOP,-0.6854152,8.3131075
NOTUM,-8.228367,5.653717
MCF2L,-5.4135036,-1.4362371
CYP2R1,4.610068,6.5195293
RNF144A,6.1841264,6.4160852
MAGEE2,-3.4751441,5.5331874
MTRF1L,-11.7807255,2.8433557
FASTKD3,3.2691445,0.19110209
KANSL3,6.0082746,-1.3895113
CHST8,8.022498,9.522728
SLC5A12,-6.0105944,7.10424
SLC6A8,6.7754774,11.2605715
SNAI1,11.652614,-7.7242455
FXN,5.153044,0.011264986
TNFRSF8,-3.942903,-9.381179
INCA1,13.5164995,5.628754
UTRN,0.085261665,10.602507
TLL2,0.83506477,-0.7159437
EEF1AKMT1,-4.7444115,2.0143585
SLC38A7,-1.8329476,15.318858
UPF3B,-4.6659503,4.487363
SRSF1,2.196042,10.42651
SEMA4G,7.4050617,13.163595
TIGD2,-1.3129326,-5.722635
PCAT19,12.5803,8.39526
ADGRG6,-10.900258,4.7091136
RNF166,0.6818164,3.022271
DCAF10,3.2233324,1.6549846
SOCS6,7.606021,-2.2819412
TIMM8A,12.286781,3.2457762
FARS2,0.85129786,0.35509917
LHFPL2,5.8301616,-4.4724746
MIPEP,-4.1896753,1.968416
BUD13,-9.01687,10.32143
OCA2,8.43697,1.8250816
CNTRL,16.192451,4.3752494
MEIS3,1.1479732,-0.45800674
SMAD6,12.359279,9.471674
DTX2,6.375482,11.760254
RGS12,-0.7691841,8.2901325
SURF6,8.406372,6.947296
ABCF1,6.690928,-9.155237
SLC46A1,3.5071769,0.96291053
NVL,4.607316,6.5124483
BCL9L,-0.109445296,11.433505
PSMC2,-4.6046104,-4.2730956
FANCL,-1.8910409,9.110696
S1PR2,8.254617,9.333443
FANCA,-5.9111195,1.8221571
TMEM43,2.527011,13.89529
SPSB4,8.167717,9.405613
DNPEP,1.3276805,-1.7261909
ACER2,-7.22983,12.802051
EHD3,-0.8998804,7.774655
DNAJC9,13.556352,5.697288
UHRF1,-0.5383284,3.8522384
COIL,-8.101923,8.680979
MAGOHB,4.7196074,3.3380291
ZNF497,8.790658,1.6087356
WNT5B,9.19602,4.0009427
KCTD11,3.7135737,2.8267984
COL28A1,16.247128,4.4375024
UST,-0.8986112,-5.239446
TMX2,3.9692786,-3.7249541
BCL2L13,7.655003,12.832438
MED28,-11.907205,3.1420918
MSRA,5.499759,6.2138677
AGL,-1.8442416,11.217738
PCIF1,-8.751457,-5.1067333
SLC29A4,2.3312922,-8.384392
PYCR1,6.9779205,-6.9177647
RPS6KA5,-4.898081,6.1763854
TPD52L2,9.662574,2.8244774
TMEM8A,-0.54925543,6.5189
VAV3,-2.7379823,6.057513
ALDH3B1,6.9780583,-8.702695
IL1B,-0.7607429,0.38542742
LPAR3,-2.6210291,1.9954413
PSEN2,-10.129604,-4.663899
OLR1,6.321885,3.7270086
HINFP,-3.9559867,7.0482373
NYNRIN,-4.1551814,11.391405
LAMB3,11.375245,-2.1111288
ZNF146,13.57311,11.537738
RAC3,4.818243,11.671723
CA14,7.3988333,10.043083
NOL7,-6.4307857,-7.3217235
TMLHE,-9.103555,0.9398181
PLIN1,-7.0334735,0.5707214
HAS1,-5.1901855,-0.21767895
TARSL2,5.1316442,9.85064
MCM9,3.8582919,-0.065487124
TXNDC16,-8.366608,8.410051
PDXP,-4.319429,-1.8335931
BCOR,2.2986214,8.344093
FOLH1,5.9169683,10.562941
STX6,3.2177851,1.6496948
ZCCHC11,5.4365396,6.293935
DHCR24,6.440143,15.7619915
SEC61A2,-3.8706794,6.4602356
POLR3G,3.4153774,0.2957129
MED7,7.613171,-0.9686686
RIMKLB,-3.6381423,2.808576
ZNF445,-7.7578154,-6.0351796
IDE,7.091153,-1.0651956
CYP2E1,-5.615692,3.6893892
ARMC7,-4.089287,-1.9192086
ZNF808,-0.44424498,10.997315
ZNF212,3.5810306,8.623965
CAV1,12.649343,7.3109846
NORAD,9.607009,8.041721
TMEM106C,7.2727666,-8.882599
SLC15A4,2.2981813,8.364437
ZNF788,4.240628,0.4663195
RCBTB2,-6.000771,1.9092221
KATNAL2,-4.6799316,2.060323
NAV1,8.63341,8.207847
TCTN3,-9.366311,3.7334592
BRD9,-10.106829,-4.6671114
BCL10,2.252965,8.895554
ZNF85,-5.3328185,14.0534115
CDKN2B,2.3201478,8.317417
THSD1,1.5826567,-3.9097533
MORC2,2.2430973,16.447994
KIN,-1.4701983,1.1385627
IRS1,-0.56656533,-6.525372
CLEC16A,8.406943,-3.5571353
ALG1,7.495858,17.100891
TRMT11,3.5983071,0.15754151
GATS,8.732841,7.366357
USH1C,-0.14533988,-4.027714
CMYA5,3.6968837,6.042644
CD9,9.945724,-7.5102534
SMS,-0.5895697,3.8097277
WDR89,4.788885,3.4020622
PERP,12.757206,8.466289
CCDC71L,4.762321,7.454771
FAM86HP,-5.643259,3.6527584
SUPV3L1,17.436682,2.6507626
RPH3A,-6.261909,6.4689913
B3GALT2,3.4019573,2.1614811
SLC25A40,-9.173581,6.805733
CALML4,-3.6689343,2.1592379
SLC38A6,8.245584,4.7041736
EPB41L2,9.691034,8.363448
SKIDA1,15.846407,1.6884855
EIF5,-0.27843878,12.391592
RASA2,-8.852494,6.74227
RASA4CP,5.351225,14.22375
NFX1,5.158527,-7.817913
SOX1,0.5463166,-0.48351157
MICALL1,8.777426,8.042868
DAB2,15.7152405,1.5209212
SLC22A23,-0.47971565,-6.61465
TAF8,10.575607,1.3525984
ORAOV1,14.172002,4.087074
NOA1,3.24311,-5.764634
SPOCK2,3.0699246,-6.62248
UNC13D,14.117533,4.296826
CALCRL,7.910363,-0.603641
ASMTL,-11.081562,-6.494494
CMTM3,5.9675865,-4.651482
DSTYK,2.4216502,3.9512603
ITGA11,-3.642464,2.1647108
DPYSL2,2.2972884,8.365732
FAM120A,10.392627,-0.1356085
SEMA3A,-3.0771592,-6.6551566
GSPT2,13.701958,2.2733002
KLHL15,10.6323595,4.8736153
CPVL,6.036756,-4.531081
KCNK12,-2.776605,9.799209
ZNF219,-5.4984803,-5.547405
WDHD1,0.8871725,5.480796
YAE1D1,-6.301892,-2.706589
SPCS1,-4.5465503,-4.66171
SPATA5L1,-6.4816976,-7.3624606
NAPSB,-0.8137064,1.4680152
P3H2,-0.7124124,0.9651129
KCTD12,-3.6426044,2.1713674
FBXO7,7.356155,10.18067
ACTR8,2.323167,8.536912
MSH6,8.323939,8.321531
CDO1,14.955711,-3.2991464
SELENOK,-8.131677,-2.8380592
ZNF283,6.19356,-11.802943
PHYHD1,2.4379556,-3.382192
CHTF8,7.711473,2.3629024
GPD1,6.3047824,7.7758
ZNF790,11.325079,6.461478
PNRC1,-1.7342507,-0.2935896
PIK3R1,9.282925,7.759078
TAMM41,3.8118954,-5.066112
TAF3,8.978226,7.3951154
LRFN5,0.75947577,-0.6280471
DCT,-1.373033,9.41215
TRIM3,4.059819,15.083648
THOC3,-2.9287143,5.239554
AGA,5.158906,0.006558879
FAM98B,4.2843432,2.7870872
KDR,8.374552,7.2017164
GALNT10,-2.5402977,6.504893
MRPL46,-4.965417,-4.131037
DCAF16,8.453536,7.504201
TSPAN14,12.404623,8.249614
ELOVL6,-1.141112,-5.563901
LRRC37A16P,0.344903,4.351753
ACOT11,2.6608145,-2.8336258
RMI2,2.5423343,-5.69465
ARMCX3,-3.198015,-0.45299268
CYP2J2,-1.1258334,3.923154
PIEZO2,9.429248,6.5377727
NUDCD1,-2.4971204,-5.6577535
CPAMD8,-2.3373592,0.5732131
FBXW7,2.0552053,-1.6574156
SLC25A38,3.340887,-5.634198
GLIPR1,6.148884,4.326971
SHD,8.335355,9.249056
C1QL1,-9.543447,-7.1373053
GJA5,11.978015,9.834093
SEMA3F,5.7969027,8.057633
EFNB1,3.7988443,8.163271
ERO1A,1.5087676,-6.881212
COMMD9,-5.8788056,-2.7131345
TRAPPC3,-8.0111,-0.9372133
IST1,-0.8637231,16.211323
FBXW2,-2.974873,0.0012032771
MED30,-1.8185123,-7.700572
NRSN1,-2.4842262,9.002423
CHD1,8.113124,-5.162496
MRPL21,-5.0792613,-3.532449
SLC36A1,-1.8078821,-7.6897006
EHMT1,3.286579,1.3740878
PINLYP,-8.588238,-5.932441
SHF,-3.8382473,4.233501
REL,-0.7467265,0.93922985
VEGFD,6.612295,13.494792
TDRD3,10.3493595,-4.8337073
ADK,2.7821057,3.2172847
SLC38A9,10.102096,7.483777
ELK1,-6.016772,1.9042766
RCSD1,12.648422,7.3269105
TUBB3,-5.2167234,-0.24214463
NOMO1,-2.988846,9.227765
PARG,2.8618164,3.3142614
RERE,7.018313,-6.945944
ERCC6,3.1535344,4.4069824
PINX1,0.5553766,0.85731524
NARF,-0.5506845,6.52185
ZNF891,-3.2271879,0.5601572
KIAA1614,-1.0011698,18.244062
TMEM220,3.708776,-2.377608
TRAM1L1,9.788104,6.8752866
PRKAB2,-1.6480914,11.0789385
DPYD,9.796385,6.889231
KCND1,4.8472714,7.494842
GALNT3,-2.475394,0.95095277
COLEC12,-4.289491,11.103216
LIN7C,7.2711654,-2.0154111
HDAC8,-2.8960347,5.1961584
FLOT1,-7.9738865,-0.9690357
KDM6B,-1.7156147,-0.39633626
WDSUB1,3.1394699,4.395047
RPS6KC1,-0.42986518,-6.661888
RAB30,5.855556,-2.1648767
IPPK,-0.11460089,11.425141
PAFAH2,3.7315667,-3.2561605
ZNF229,4.5635004,0.3197375
PID1,0.26040006,4.2813706
RNF43,-8.133528,5.094895
PUM3,9.741371,12.705608
BCL2L1,-1.7298558,-0.37485078
RSPH4A,-2.2946413,1.6115278
COL24A1,6.318723,13.436502
DPF2,6.3276834,11.671549
DTYMK,-9.404146,10.215626
OPRD1,-5.310795,-0.41662887
MKRN3,10.012435,7.4432745
VSX1,-8.712628,3.3018823
ALKBH3,-9.886416,-6.4728613
RPL17,-5.7499847,-6.66438
INTS6L,16.188517,4.361988
RGR,2.041071,16.457022
NKAPL,-4.668098,4.486349
TBC1D9B,8.256701,6.7769513
ABCE1,-8.380047,8.420996
DDB2,-1.9574053,-0.04945353
WDR91,14.181451,4.089647
DNAJC16,3.1875923,4.436169
CNNM4,-4.367132,7.553712
OSBPL6,-3.7681441,15.8179865
KCTD21,-8.431456,4.102847
SEC22C,2.1230264,10.144929
MSH3,2.823057,3.1469896
SEC23B,-9.353035,3.706382
GATAD2A,5.5717316,7.937581
CDC26,10.029641,-4.58566
SASS6,9.955587,7.485576
RPRM,8.358569,9.2264595
GOLGB1,5.6393924,-0.18133329
OSGIN1,4.251227,-3.1088526
ZNF23,5.5675635,2.1550925
SDK1,-2.5891697,2.0784202
MTHFSD,6.9498987,-8.706497
AMZ1,8.106005,9.478494
FTSJ3,2.2635098,16.44061
PDE8B,-10.595165,10.799464
CXCR4,-0.7318804,0.95794004
PPP1R21,3.23613,1.5281975
ASAH1,4.7202654,0.0005495288
STK32B,8.20213,9.379419
LETM2,2.1316357,5.924281
MITD1,6.9324856,-6.8971972
CLEC11A,-7.966627,-5.935846
ST7,-10.389256,0.9084998
USF1,-4.9073706,0.47448343
TNXB,-3.9668863,-2.2640355
ITM2C,2.7431104,-2.8781464
DHRS4L2,-7.9992447,-5.9574037
FBLN5,7.9736166,2.1217926
NKAP,-2.6195652,-5.39015
RCAN3,10.072828,7.457364
PTGS2,-1.7552419,-0.27503288
NDUFAF1,-3.8601537,-4.0340543
ATAD2B,9.610575,-1.1684495
SNHG16,1.9032086,1.3478305
GPR146,4.677696,7.881803
ARL16,1.0499127,-1.772225
COPZ2,2.4787302,-3.268036
DCDC1,-1.8184891,1.5507964
TRPM3,3.693597,-2.295547
EIF2S3,-9.103986,0.9397954
METTL10,4.2514677,2.7632387
RAB3IL1,-9.435531,10.260738
ZNF571,5.5080256,6.209363
POLR1B,12.278783,2.6173928
NXN,4.816793,7.4199324
CRYM,-5.777822,3.593572
CACHD1,-8.150147,2.867572
FOLR2,6.297094,3.6820931
EBF2,-1.214117,9.337776
UBQLN2,-2.911935,5.8263283
CHAF1B,-2.9606845,5.3432403
NRG2,8.0883665,12.858472
EPHA8,-2.6879678,9.5892315
ZNF223,-4.509383,6.5426273
YIPF5,-11.790979,2.8119075
AMMECR1,1.6341796,11.673096
HNRNPL,-10.6378765,-8.581514
FILIP1L,11.835115,1.4295319
POLR1E,-6.429072,-8.284296
NPM3,-10.63961,-8.583755
PREB,3.797677,8.3497505
UNK,5.8669305,9.9544935
FOXO6,-4.242858,-1.9856508
AACS,11.924923,5.622346
EIF2B2,3.9779003,-3.7331257
SLC25A12,1.0799468,5.247175
NINJ1,-9.406281,10.214654
PYM1,-5.437002,-3.2269304
ANKDD1A,8.427087,-3.5338597
LYSMD1,2.7862551,-6.190001
ALG9,3.7584507,2.7938764
THEMIS2,-0.7458798,0.371468
WDR48,10.570622,1.3524671
RBM24,8.081716,1.5595021
TTC32,8.661624,3.0975409
THSD4,12.710964,8.827416
GRIK4,-4.23264,-1.9623405
TYRO3,6.1699843,11.599724
IQCE,-5.5075846,11.534478
ANKRD24,-4.739816,-0.7528104
ANGPT2,12.745135,8.393877
KLHL26,1.8390304,-8.766661
HNRNPAB,-8.812462,-2.4047174
MBD6,14.001702,4.39505
CKLF,-3.2864032,8.060544
SOX13,3.5022905,-5.2238293
UQCRHL,-4.3275476,8.717465
UBXN8,13.682777,2.3031216
ABHD11,0.09269431,1.5811588
CIAO1,12.038222,5.524904
E2F6,4.7626143,3.3818793
SULF2,7.7900653,9.683977
PTRH2,-5.702993,6.805166
IGSF1,-0.59169227,-3.4163017
TMEM42,-0.6299771,11.072498
SOCS2,4.840794,7.422698
CNTFR,-0.34192333,-3.958951
TERF2IP,1.7520398,3.8416922
EXTL2,3.2110026,2.8244865
MRPL30,3.4751692,2.3755355
THBS1,-7.931411,-3.0670688
MTHFD1L,1.5068166,-6.874773
TXLNA,5.7179227,7.9726577
SLC2A4,-1.0556061,-3.3264883
PRR16,-3.4519682,5.4958854
ZNF322,12.465005,14.199184
OSGIN2,3.872076,5.492097
ERLIN1,4.5312195,1.3140198
LRCH1,12.829861,8.181967
FMNL3,13.297517,7.835184
DERL2,-0.97964823,4.3651385
IFITM10,7.700116,9.750811
MTHFS,-5.768601,-2.6536524
ZC3H4,8.232511,6.739779
MKS1,9.656925,11.250338
PFAS,3.1359787,12.828734
CDC14A,3.01525,6.8227725
GFRA1,-0.08448996,-3.7853215
HELB,5.9436917,8.206541
SFXN1,11.858924,5.6891627
MAGEF1,-3.861869,-4.021614
ZNF518B,0.084907256,10.626775
IFI27,12.646178,7.3249335
RB1CC1,-3.1419687,-0.40885738
DDX21,2.2658858,8.860687
CTTNBP2NL,2.266326,8.866501
SGCE,-2.4618423,6.5417733
WDR20,-0.1199693,-7.6758137
SMARCD3,10.00955,3.3629582
FEM1A,3.0546281,12.83759
CKS2,-0.36052972,8.4202585
TBC1D13,-0.95789886,8.18414
IER5L,5.7220335,8.012507
ZMIZ1,3.6500309,8.519037
KCTD2,4.4541855,12.085175
CRY1,10.380906,-0.14338724
CMPK2,-3.9005516,12.51275
MCFD2,-2.4981844,-5.6610823
ADRA2A,-0.9086866,-4.041097
RBM38,-4.348665,7.5335417
PSMD5,2.1737294,9.204201
ETV5,2.600337,3.8763802
ZNF547,6.1741996,6.408528
BHLHE41,6.086408,4.3805037
FREM1,-5.1056786,11.431281
RNF135,-9.4333725,10.2541685
RFPL2,-1.7485646,7.9140205
EPOR,9.196758,-6.083233
ZFP69B,-3.3385098,6.0737615
COG4,-5.498156,-5.5444136
RHOBTB1,-3.704669,11.850984
PATZ1,-8.699922,3.8286545
NADK,10.565302,11.949071
B3GNT9,-2.885481,-6.8403974
BAK1,3.6034496,8.602111
NUBPL,2.1222076,5.9558964
CBLB,2.9188905,0.4792424
TMEM182,2.4901721,3.9247656
CDH24,4.301824,-1.6256167
ANKRD16,4.9905453,2.3574097
CHD2,7.103031,-1.0791959
NDST2,4.629938,-6.9243956
NOM1,0.090041734,1.5711727
DDX19A,-9.016281,2.9381073
AATF,-5.5335817,-10.761609
OTUD7A,6.019393,13.872953
POLR1A,5.322985,14.23835
COMMD3,0.93472826,5.431383
JADE3,8.206042,8.37687
E2F5,16.094597,4.2813993
UBR7,1.407644,-5.7584705
UXS1,-9.932031,7.2003984
SNTB2,-9.170208,2.6900132
ABCC8,-2.6697931,9.52939
CDK7,2.5434997,-5.679272
SLC25A37,6.6165485,13.48671
BRD2,3.6275532,-5.7786975
USB1,6.2322216,7.794476
TRPM4,12.277865,9.558018
TUSC1,13.032024,6.466607
MAMLD1,11.946615,5.605663
ZBTB25,6.459608,6.518266
IMPG1,-3.2829492,6.0258713
TIMM21,3.407116,-4.917281
DCBLD2,-2.5807245,1.6818002
ROBO3,-0.8795169,4.9117694
ARX,-1.1713269,3.8507905
CRYGS,6.6483607,13.4805355
ISYNA1,6.69741,3.6482751
ZNF19,-4.027122,1.9895511
CD58,5.401891,14.161652
CCK,-3.731718,15.778015
KCNJ2,6.3610497,15.679684
RCCD1,6.8336887,13.430206
ZNF584,3.0600576,-6.053126
TEAD2,5.223528,7.864244
ADAR,3.4024081,-5.578831
ERMAP,-5.170935,2.0668147
GARNL3,1.8272794,-8.798393
GATB,9.772062,13.64663
AAED1,-11.12905,2.2477293
TRPV2,9.197899,-6.0837693
SEC16B,-4.177834,11.380424
ATG12,-8.354233,8.446805
PM20D2,7.329023,-2.058428
SCARF2,8.653404,11.757206
UXT,-6.302764,-6.906916
DIP2A,4.478793,10.061916
GEMIN5,6.211422,6.4185696
HARBI1,9.429646,6.575815
TANGO6,6.6974187,-9.146055
KPNA1,10.622802,4.877672
CCNE1,8.131231,-4.709147
RRS1,-6.4157133,-9.825384
HMGB3,3.7593002,-2.4106421
RPUSD4,-4.3066287,8.652752
MRO,3.7150102,-2.381098
NHS,-8.956084,2.9740818
CIDECP,-5.13752,-1.490984
GNE,2.7470505,13.667556
ADPRHL1,3.575332,12.837797
CITED4,-9.547203,-7.1219697
KLHL23,0.5053804,4.4163055
STN1,2.587267,-5.717724
THOC5,6.3591743,15.680343
ERCC1,-8.7041645,-5.9578094
OTOS,4.0615683,7.967446
GLTSCR1L,10.260694,-4.291376
GREB1L,3.0928376,1.5745355
PACS1,-5.0158787,0.2969003
NID1,12.843278,8.261626
FAM160A2,7.6677146,12.809805
CYP4V2,-0.7035156,-2.6693037
MYOZ3,-2.935546,9.256102
HYOU1,3.7083027,-4.916057
DUT,4.2378187,2.7614448
ZNF544,2.1209478,5.9465113
ATAD2,4.3079367,10.445473
ZMYM5,2.0738163,9.938188
SOWAHA,-6.7498784,6.2445717
FAM86EP,2.1111856,5.954003
FZD9,4.018197,3.162347
JUP,2.0715225,-1.6770571
HAUS6,7.004106,0.11349949
LIN9,6.2093515,2.1454298
LLPH,4.533454,-0.06426142
PDGFRL,2.5449305,-5.6810203
FBXO5,10.164067,-4.395169
PANK1,-2.8959856,-6.835559
CROCC,-2.869036,1.73296
TGIF2,-2.5548584,6.4988446
ZNF672,-6.577288,-9.655077
SH3PXD2B,9.286892,11.42506
NEU3,3.752633,-7.2487607
NR1I3,9.143346,4.2840066
MRC1,-1.0813947,1.1733823
PLEKHO2,2.735727,-2.867694
ZNF143,5.3275766,14.230145
NUPR1,-1.8064119,-7.681562
SLC43A2,-1.0271283,4.289806
SPATA7,8.151702,1.9635069
CCNI2,4.617737,10.226188
ZNF180,-9.361527,7.3168416
GREB1,-0.5745901,-2.8318107
DNAJA2,3.2931292,2.7527404
ZFYVE26,13.029064,6.467111
ERO1B,-7.880444,9.125324
CNN2,12.047265,9.772003
PI4K2A,-0.9167837,7.6722517
TMEM150C,-8.147136,2.8687851
STARD10,4.5749927,12.335843
DUS4L,3.7770886,-3.3530746
FAM122A,5.1400766,-7.792348
NIM1K,5.743879,7.3927836
TMEM147,-9.354372,-4.973207
SBSN,-5.9497356,3.5774536
NBAS,-2.9021738,-6.83089
SCYL3,11.744929,13.693739
JAGN1,3.7799134,8.367199
ATP8B1,12.674281,9.116364
METTL2A,6.171314,-1.9504493
SHROOM2,2.5363944,3.8186657
MED31,9.1025,-2.2832973
FAM110D,12.794259,8.298627
RNFT2,-0.9520576,7.8149133
RRN3,10.661855,4.847333
MRPL35,2.7087557,3.188903
CENPBD1,-0.37176016,12.537798
ZBTB22,-0.61936796,6.6186423
KBTBD8,-2.2863505,6.0987086
RASL11B,-2.5336761,5.3253717
SNED1,3.2551079,1.5745739
TRAF4,2.8373063,3.2593389
PDXK,-5.661505,3.5973375
CRYBG3,-0.157995,11.359708
TRIM66,9.668229,1.4222759
KNTC1,3.9019108,-0.11044861
HPCAL4,11.191846,2.858942
ZNF747,-4.9006367,0.49054503
PTCD1,-5.009855,0.29891473
FBXO33,-0.36222807,8.419079
ZNF697,-0.44303617,-6.6433063
RADIL,2.8129125,-7.0683684
HEY1,-5.185068,6.0295105
KCNK1,0.79784083,-0.6696914
BTBD6,8.880942,4.5506763
R3HCC1L,8.103234,-5.263097
PRMT6,5.0900793,7.6819324
MALT1,7.935538,-2.4629297
CPSF4,4.4821525,12.019191
RTN3,3.1772933,2.876481
SNHG7,-6.7297955,-9.495668
TNNT1,-8.112168,5.257765
PLA2G15,8.097591,-5.2749853
CHST12,8.413019,-3.54618
ZDHHC7,5.6983113,7.453779
NT5DC3,-3.9487405,6.3938375
FXYD6,-3.7912982,15.841923
NBPF10,-8.517177,3.9898999
ZNF566,14.690187,2.9973342
NBPF9,3.704446,12.9767885
ATF5,1.1418552,0.6628713
SLC29A2,4.8449473,11.665546
ZNF93,-6.226982,6.4810033
FIGNL1,6.103504,-11.7127075
CTSH,6.976071,-8.707176
CREG1,4.511106,12.20053
TAF1,9.614564,-1.1626713
ARPC1A,0.6390515,0.77498084
RINT1,2.1723645,9.212969
PSME2,-3.3306131,11.521543
NCK2,5.927091,8.194073
ACTR3,-9.588902,6.4001174
EDA,9.508368,6.5858455
MYLK4,2.5849404,3.887399
LGALS3,-0.8485489,4.5081677
USP27X,3.7497451,-7.25473
XXYLT1,2.7933443,11.549323
SRL,11.966055,9.839173
GDE1,1.8747684,4.481183
HARS2,8.015102,12.525448
IER3,-0.7471799,0.3731672
TOE1,-3.23316,-1.912805
SDPR,-7.22954,12.800059
ANXA9,9.479085,6.630853
CLEC4G,9.053531,4.462839
ZNF562,0.124958776,10.635755
MAPK7,4.477389,12.165176
CORO2B,-4.9756303,-1.3066217
RBAK,-2.9898014,0.026260307
PHF13,-7.903291,-3.0955987
SIGMAR1,-8.471659,-5.7710285
MELTF,11.958299,1.3051956
EID2,-2.8952162,5.1491446
ARL4A,-2.5998838,6.93303
ZNF329,1.672893,3.728624
ATG4A,9.747454,12.732549
SOX15,-8.026437,-5.93348
RNF152,4.84138,7.4081254
NDUFS2,4.8870263,11.653552
ZNF774,-6.169299,7.2521005
SLC25A43,3.6371255,0.9977314
ALG3,-9.491631,-6.963036
JMY,10.6689625,4.841314
ZCCHC14,2.9304702,-6.821233
ZCCHC18,-1.8795737,9.117645
FAM172A,-9.570141,6.4318724
VRK3,2.0872238,5.964727
ANGPTL1,5.1515503,0.010903647
PIAS3,-1.8041046,8.316387
YLPM1,-0.40278453,-6.721436
EMC8,1.4281522,-4.1805706
MUC1,2.534988,13.88857
ZSCAN18,8.482557,1.8483542
NSMCE3,-0.36423078,8.418242
LSM7,-9.139991,-5.6038327
SRPX2,-1.1453474,1.2314993
LSM12,8.0683365,12.422678
PDE4D,4.5520787,1.265431
LRRC28,3.19059,4.445175
COX18,3.6672385,-2.269175
MAP4K1,6.657437,3.657397
TBX6,9.557424,6.540089
GCH1,11.372941,-2.1086864
NEO1,-1.0533382,3.9257772
LRRC3,2.1286993,16.420845
GAS1,6.647894,-0.6114623
ZNF268,6.0634904,-1.8242048
NPY1R,-5.1219664,6.0313263
EXOSC3,-9.58924,6.3947926
SMIM4,-4.8187513,-3.6166537
ZNF514,14.701974,-0.6088365
PPP4R1L,12.8351755,8.277472
AGFG1,13.206349,8.380272
AADAT,6.1449404,-0.44923905
MNT,8.391147,-3.6178048
KBTBD12,-8.150424,4.8251324
GINS3,-8.205025,5.655353
GAL3ST4,6.364363,-4.983755
SLC6A9,-2.4875057,6.577869
MTUS1,-5.220185,9.366542
NUMB,0.16360222,10.672031
SLC25A30,-8.5717745,3.400964
FLJ20021,-6.1484103,3.6947584
PELI2,6.5555863,-1.3339034
POLD4,-0.7172939,4.936623
FAM110C,-8.132813,5.575702
PLA2G6,6.072243,10.800699
DEDD,5.621132,7.5593987
ZNF512,-0.30942655,12.419324
CBR3,-5.2927103,5.9354463
FLNC,5.347641,10.29616
PRIM2,6.5561028,-1.5121024
CHRNA4,-8.068786,5.4897375
NRN1L,-3.9430368,-9.3813095
MOB3B,-2.4431722,7.9643807
SMARCA4,8.338926,-3.6659217
DPH2,8.183964,-4.512639
RWDD2B,-4.5929494,-4.279536
ADCK2,3.9070327,13.081789
TRIB2,6.1862917,-1.794147
VEGFC,7.0092645,-8.817663
ZNF658,6.3084226,11.548206
HRH1,-9.1742935,2.689124
EEF2KMT,-9.004324,-5.277767
DFNA5,-0.15903729,-6.9354844
MED12L,3.587125,6.1762004
KIZ,4.254607,10.481254
DPM2,0.7920684,-1.7554605
TOX4,4.619232,1.1601043
ZSCAN22,-0.3851369,6.4088397
KLHDC8B,-2.426943,7.9619026
CTNND2,0.34530905,4.358005
TBC1D19,9.97775,-4.625207
HHLA3,-7.792773,-6.015241
ZNF337,14.705508,-0.61356574
PALD1,6.276232,-4.864968
ADPGK,-0.7868282,0.9110886
NELFCD,-9.402639,10.254102
NASP,5.244189,9.579209
NAP1L4,6.652676,-9.1855955
TSPAN17,12.105036,5.486515
PRPF38A,6.366951,-1.5259719
PELO,-1.3598646,-9.450892
KCTD9,-6.171547,3.7158754
SETDB1,4.579137,-6.9231467
TBC1D7,-2.9056406,5.206463
LRRC27,2.1374245,5.916507
SMCO4,9.203571,-6.0928097
SFXN3,-0.4558753,-3.4281056
AIFM2,6.181202,13.7551155
BCL2L11,6.685543,-1.6216847
TMEM206,10.049418,7.47237
BAHCC1,-1.5236696,3.398321
BMP2K,6.5638185,-1.5071572
PRSS23,12.733129,8.384132
COL20A1,7.6774035,9.76357
CWF19L2,12.047062,14.306007
CBWD5,1.6182328,11.694242
ZNF235,3.223685,1.6548488
PRKD3,6.373169,-0.85024047
GRIN2D,-5.347857,-1.4657319
SEPHS1,5.171461,-0.0009880518
TIMM23B,10.243816,-4.733703
TMEM246,1.0202692,5.2421556
CCDC3,11.9124365,1.3557724
KCNB1,-1.8836069,9.130496
SNHG20,8.484601,11.836892
HPCAL1,4.36714,0.01989265
SUMO2,4.3185563,2.807828
COL12A1,10.737396,10.105745
ZNF736,-1.2741427,11.065475
ENPEP,-3.6480517,2.1600356
MAP1B,-0.9652107,-5.3100715
BID,-6.0004535,1.8934438
RNF168,4.5576305,1.2580199
PLEKHB2,1.8583956,4.5258455
POFUT1,-4.2097807,-6.755839
FNDC10,4.3537707,11.494001
STK31,-4.4643307,-0.81344944
COMMD2,-1.8327324,0.7265598
C2CD4C,12.860944,9.378258
FAM149A,2.3214386,8.32167
TERF2,1.2734226,5.0347166
KIAA0141,3.6996791,-2.2790875
RASGEF1B,-6.168689,7.2501984
LRP2BP,11.852447,-3.9850502
CDC42BPB,0.5787331,4.5538516
ZRSR2,-0.36312997,11.130019
FUT10,1.6076974,-3.843818
ZNF525,6.072494,-11.682987
SMIM8,-9.747188,7.3067985
MRGBP,9.18048,11.523327
LHFP,12.2555065,9.576424
OPTN,8.028722,8.296808
FZD8,2.7519665,-2.881022
RAB8A,-2.4141448,7.966166
TRIM32,6.1066437,2.2837992
PCDHB6,-8.234544,4.432717
MGP,12.022101,9.79103
ZSCAN12,-0.3343819,11.218334
MPHOSPH6,-1.5780084,14.213971
ZNF267,7.84013,-2.395486
ECM1,12.26842,9.56883
NFKBIE,-8.820606,-2.3889534
GSTO2,-4.5070024,6.547353
LRRC40,7.5338874,-2.2446969
PALB2,-2.920878,-0.37475127
SLC35D3,-5.1556344,6.035774
EXOC2,7.615806,-0.96249866
MKRN1,4.6081667,3.2407863
CINP,-10.107034,-4.667628
ZC2HC1C,6.1117697,2.2192657
TFRC,13.177618,8.374468
DDX19B,-7.942708,-5.919718
MZF1,8.71125,11.733773
SLFN11,13.13656,7.9660134
LKAAEAR1,-9.542257,-7.117577
HRASLS,-8.250829,-1.2352926
DCUN1D4,5.4923077,6.221739
FRAT1,6.40608,15.723226
WDR60,-5.1427407,11.49972
RPL9,-5.246069,-6.7409253
GEMIN2,4.590057,3.2264705
APLN,7.454332,10.254055
STK16,-9.025761,-5.5399113
LRRK1,6.3592052,-4.9776087
NSUN3,9.618327,2.8817344
IL10RB,7.3596597,11.569561
DHX32,-8.982195,2.8998432
MAP2K6,-2.3172123,0.5594964
AS3MT,2.1859424,-2.2184086
CADM1,3.7319062,5.872735
PIK3R6,11.953027,1.3122592
SHISA4,-0.115107596,-4.013009
ZNF362,4.453909,12.129946
RBMS3,-3.6893082,11.688861
NBPF11,3.8565109,-0.06487521
LGI2,1.704934,4.683852
EMB,6.365199,-4.980985
POGLUT1,14.799373,-0.71014917
CRIM1,7.9096584,-2.434027
S100A4,6.1278133,4.353843
BATF2,4.5244236,7.4377346
PLBD2,-1.9736507,15.451413
SYTL4,-0.6998858,3.8865852
CCDC160,-5.002939,-1.4792541
GTF2F2,-6.306442,-2.7161503
RAD51C,-0.3735055,12.540619
TBC1D22B,-3.5967538,3.9885626
ZNF277,4.51279,-0.06994743
PPP3CC,12.524273,8.319381
SIRT5,3.981342,8.126217
PLEK,9.193242,4.0038695
GPX3,-3.5738559,3.9672797
DCX,-6.6839046,6.2792797
CORO2A,0.6991489,-0.5749809
CUL4A,-5.026308,-0.81417817
CASC15,-0.77012056,4.853465
TMEM255B,-3.9097395,-1.888225
DPYSL4,9.4097595,4.7477145
PRKD2,12.685587,9.261986
EAF2,3.8585715,-3.4734805
IGSF5,9.04388,-2.2330236
CDS2,-3.8126128,4.2177153
ESYT2,-3.6613252,11.674994
BBS1,1.6437598,-9.282567
ZFX,10.016756,-0.36366227
SMURF2,2.5239086,7.975689
LRFN1,4.412167,11.528799
MGRN1,8.030025,-7.009334
PPP4R1,-5.713823,3.0168214
AP3S1,1.710519,3.7734432
VASH2,-4.3975554,7.5754313
ASB4,-8.676289,3.373859
GNG10,-5.906368,7.0127497
RSU1,-5.163395,-0.1164406
SLC39A4,7.697296,2.3761296
SAMD4B,4.967203,7.612703
LHFPL1,-0.43816763,-3.1030502
MKNK1,-0.7396906,0.37101617
WDR37,11.883365,5.6595078
CLEC2B,12.123476,8.169628
PQLC1,1.2875712,-1.6775001
PITRM1,3.6486785,-5.7922053
MRE11,-3.6068287,2.711148
TXNDC11,3.6189408,-5.772358
UBAP1L,7.276933,13.068202
ASXL2,5.828062,-2.175345
FGD1,10.0237875,3.383829
GEMIN8,-4.7014546,2.0589294
ZBTB20,-11.917864,3.172392
SMPD2,-2.5616257,2.0975258
KHK,-8.688961,-5.3402677
FLYWCH1,8.194231,-4.459537
SH3PXD2A,10.722269,16.852102
CCDC12,-8.266253,-5.804341
GORAB,6.2160573,-1.6935596
DNAJC14,9.534674,8.010092
KLF8,2.8935323,4.179154
GDF11,11.414625,13.166627
RRAGB,4.6273417,0.99622107
TUFT1,3.2944086,-6.3658643
SNCAIP,-2.4270859,2.2866437
RNH1,6.311706,11.5839815
PDXDC1,4.6180835,1.2610894
TMEM173,6.153527,-0.45408884
SPTLC3,-0.7897261,8.298758
IMMP1L,-4.512246,-3.7422545
GID8,10.572731,1.3528411
DENND4A,12.238296,3.4004536
EIF5B,12.037296,14.317731
TNNC2,5.581272,14.06843
WDR93,-3.3418105,2.1604147
AGO2,11.914915,-8.089831
MEPCE,-0.6286399,6.6322565
RRAGD,9.633791,8.052373
RAB5C,-0.055243805,-4.272351
LRRC75B,11.789183,-0.73536366
OTUD5,3.0013967,-6.709779
ZFHX2,9.698783,11.217652
MYO1D,5.8619657,10.37931
CLCN2,4.4350924,10.032024
COL6A3,6.588202,-2.843825
TBC1D2B,6.2601576,15.583274
RPL41,-5.827345,-6.6954308
PDCD2L,13.731102,0.9411264
GIPR,5.804631,10.049594
SMARCD2,-0.63593626,3.8358076
DDT,-9.121555,-5.1078477
MRPL9,2.542273,-5.677744
BLOC1S4,-4.9100714,0.4716622
HTR3A,0.736219,-0.32448888
VSIG10,3.8709705,5.4893575
IPMK,-8.081492,8.696682
HOPX,-9.090111,2.7812119
HERPUD2,4.8924403,0.05164759
SLFN5,-3.7221131,11.83194
CES2,4.4987316,12.19202
TSSK3,14.081831,4.4014626
NIPAL2,-4.0501237,7.262463
SERPINE2,2.1991742,-2.9957135
PTCHD1,5.6472197,7.53697
POLE4,-4.3106737,8.714697
STK39,9.134321,7.630748
BAZ1A,15.842019,1.6834272
SNHG18,11.9069605,5.64203
SF3B4,-8.132738,-2.8381855
CTDSPL,1.444953,-4.0944357
ZNF660,7.519076,-0.9738699
GCC2,-6.251294,6.4657607
PPP2R2B,3.1525166,-6.358969
KANSL2,2.739071,13.683349
MAGEH1,8.097974,1.6119233
ISY1,-6.58562,-9.646604
BCCIP,10.395095,-0.13957489
PPOX,-3.0301795,1.6404192
BGLAP,2.2197187,-2.2931368
FSTL5,-0.44124597,-3.0856588
SAMD11,-5.718505,2.9421966
NSA2,-1.5122495,14.179115
PRPF4,3.5630805,-5.738067
IQCC,2.8422065,-7.0110908
WFS1,-7.033199,0.57039887
COL23A1,-0.04784664,-3.9854617
NWD1,-0.45079404,-3.0861096
ZNF721,-3.239308,0.54053867
CPEB3,-9.3064165,7.2857223
TPM2,12.002456,9.811694
TEAD4,12.145507,8.1747055
DHRSX,-0.9200948,4.7186136
PRMT7,14.471929,-0.3487835
PRKG2,8.416489,9.170387
ABL1,8.801775,8.744739
KRI1,3.8140368,8.32138
LIMD1,2.542785,7.926567
MTFMT,0.8967385,5.4685926
PDGFB,-3.8284159,-2.4066224
GTF2H3,6.096805,-1.775801
RPH3AL,-0.7262777,4.9341173
ZNF83,1.6300511,11.67378
NHLRC1,0.9020585,5.458841
TEX30,2.2132773,10.474621
MYCL,11.375573,-2.1120126
CREB3,-9.266296,-5.7079253
PRELP,3.5982964,-3.0346596
LCMT2,3.167916,6.558244
ZNF507,13.5589075,11.559187
ADAMTS7,-4.594358,10.852409
MAPKAPK5,-9.024348,6.799151
MDGA1,-0.02642772,-0.9263832
MCM3,-5.536446,-10.757261
SDHAF1,1.4203479,-1.7434561
GAS8,5.63166,2.1853135
VPS37D,-3.580567,3.9705784
NELFA,-10.889201,-6.704608
CNNM2,3.953881,-6.9203715
MAP7D3,-5.204839,-1.4649545
ZNF606,6.5075974,-1.4142405
PDCL3,11.989103,14.119219
CTC1,7.3817554,13.220959
GFRA2,-6.7370133,2.6442344
PRSS36,-6.029018,1.9138846
OLMALINC,8.75954,8.064155
ARNT2,2.955618,-6.785479
KMT5B,8.098041,-5.274378
ADARB1,-1.9111606,9.10689
ZNF280B,-3.6980112,15.738969
MXD4,0.9347515,5.4249005
HSD17B7,1.7670882,17.926836
MPHOSPH8,9.638613,8.055597
ZNF565,-0.12683655,-7.6360636
SLIT2,-1.2129006,9.345862
NCAPG2,-0.24365073,-7.238962
CCDC149,0.18584661,10.688991
SPRED3,1.6533045,4.716521
GPRC5C,-0.094304994,-4.044816
NFKBID,-0.28882882,8.475767
CCDC28B,-1.0467892,-4.137313
AGT,3.017524,-2.9354146
CCNF,10.528961,11.974001
LRRC45,-5.1775646,11.502055
ZMYND8,-1.8317059,6.063539
KIAA1328,8.437898,7.5000916
SHPK,-2.491171,6.5570855
ADAMTSL2,5.4087305,14.154868
NTN4,-4.623397,11.485662
MET,-8.990143,9.282134
SUPT6H,8.024458,-4.8062763
HYAL3,-6.023162,1.9041325
ZNF343,4.622644,10.228013
PABPC1L2A,0.98474735,5.274236
TRAC,-5.991343,3.595549
KIAA1143,12.441554,14.174585
TMEM133,6.4644713,-2.7116716
DTX4,-8.167021,-2.8022883
TAF10,-6.754277,-6.536568
SPG21,-4.9810424,-4.1308007
NBPF12,14.629003,-0.5166048
ENDOG,-9.543279,-7.1335835
EDN1,12.854905,9.377009
GAREM1,6.0247846,-2.1547325
AMMECR1L,6.7797303,-0.9388425
ID4,3.7383673,6.0486913
PTPRJ,13.5808735,11.531982
ANAPC7,-6.139174,7.2384996
BPGM,5.178654,0.013520433
FAM43B,5.641971,7.5540714
PRDM1,-0.7476891,0.36766425
PAPOLG,10.256425,-4.301708
DPH1,14.504448,-0.38190225
GTF2IRD2,3.9170027,-6.8778834
NPLOC4,5.896743,8.130682
NQO2,6.8881125,13.337117
ZNF175,13.562416,11.55351
DEPTOR,9.988294,7.449391
DVL3,8.41001,-3.5428307
METTL22,11.855715,-3.9848807
ARMT1,0.23147689,16.7052
EARS2,2.7139919,-6.2368565
APMAP,-9.215982,-6.0483146
MAGOH,-5.3750463,-3.278615
KDM3B,-2.561405,11.327328
ATAD3B,9.048689,14.249989
TRMT10B,8.897238,7.2625227
ZNF468,10.392949,-0.09503555
TBL1XR1,3.1350205,2.6233904
NINL,-0.11987761,-7.6916127
CCND2,0.43826073,-3.5841486
TRIM35,-0.5608982,6.5370464
ANKRD18A,-1.247648,9.335115
ARHGEF33,7.831049,2.2500405
PCDHGA6,-8.222368,4.4554653
PABPC4,6.3000684,4.2179933
STX18,13.72248,0.95480216
NTNG2,-1.8696606,6.0577583
WNT3,-2.861459,9.282344
CLYBL,6.963429,-8.679583
FANCI,12.711741,8.329054
TCF19,-2.4541745,6.113851
CDH12,-2.9361548,9.259703
PKIA,1.4535463,-5.788604
NEU1,10.677057,11.823615
CBLN3,0.031325404,-4.7090454
ZNF599,-10.388782,0.9084909
ZFAND4,6.474387,-1.4747785
DANCR,-8.2666025,-5.9347467
HERPUD1,11.624221,-7.7095437
ALG6,9.955438,7.4862604
FAT2,-4.7415805,6.3105965
MAT2A,2.7862606,13.634496
STK17B,10.603915,0.20596565
HUNK,1.9559171,4.6208935
VSIG10L,3.7153711,12.913714
HIKESHI,-6.4265003,-7.3186703
HYKK,1.9909986,-8.59576
GSTM4,4.97993,2.3654883
GRK6,8.129636,-4.7616987
EIF1AD,12.197617,3.88929
TOPORS,-10.983518,-1.2420118
FSD2,5.46343,6.2463098
MEX3A,3.518686,0.95042944
CLPTM1,-8.695915,-5.2020493
MCPH1,-3.1513824,0.37080333
PCBD2,6.086969,-1.8080214
CD3EAP,-0.8922063,8.246796
PDK1,4.720838,7.3779707
RCN2,4.298368,2.9518857
AXIN2,-3.721936,11.784082
SLC43A1,14.591696,-0.45037842
HDHD2,5.239391,-0.024175087
WDR83,-9.519724,-4.8537083
FAM155A,-0.3172035,-3.245841
FAM219A,10.722419,16.8524
SLC9A8,-0.14430405,-3.744948
CPED1,6.350202,-4.9652305
DDA1,1.2471225,-1.7110759
CC2D1B,8.40946,7.4835258
OTUD3,-4.1818304,7.3784013
FAM89B,4.429545,11.543278
SPTAN1,3.698255,12.9587145
GPR108,-5.5085926,-5.552577
GMFG,-3.2877057,8.056255
SCMH1,8.692463,3.1246464
SLC35G1,-0.036791503,-0.9328445
RCC2,-4.8079786,11.492985
AXL,-8.421132,4.112934
UTP14C,5.818805,-2.1742783
SLC25A41,-6.1756153,3.7165554
FAM198A,-4.2060723,-6.7474976
FAM45A,12.319953,3.1840332
ING4,4.8341,7.4678473
SRSF8,9.504543,8.019303
PIGO,2.2200878,16.426859
AP4S1,1.7605495,3.8405116
GDPD3,0.4539685,2.8401406
PANX1,5.293945,17.710384
SLC5A6,-3.9263926,-2.3162823
MUC6,6.0190077,13.852744
KHDC1L,-4.7095637,5.890347
ZNF510,-3.2423344,0.5423297
LRRC39,-5.3549156,-1.4633809
LXN,12.650944,7.29633
YY1,2.6924012,-6.250419
RNF128,-3.3527212,6.174056
FAM117A,-5.2470136,-0.3273577
PLS3,6.7374344,-1.5740002
TSFM,-5.9369273,-2.4962387
ZNF845,5.8108664,-2.1825218
COL21A1,-3.5521255,2.1855123
SVBP,-6.4428334,-8.299306
ATL2,6.3124876,11.511176
RGS17,-3.3490095,6.1362467
LAMB1,-3.9453034,6.398833
SIN3A,3.1841314,6.5267544
STK35,-3.577001,3.9675565
CSF3R,4.9551225,4.9179926
IDNK,2.52856,-5.731877
CCDC28A,8.452657,1.8275568
DENND1C,-8.0528755,11.523125
CHODL,-0.00036537164,-0.91256976
BTN2A1,16.106155,8.020221
RMND1,4.651013,3.279949
FIBIN,3.6658034,0.9644638
EHD1,-10.90866,-6.687841
AP5B1,-3.6217961,4.011087
IFT20,16.094992,4.281954
TRPM2,9.179306,4.0878963
FAM210A,3.909798,5.858112
CREG2,0.78496706,-0.6623849
RBM12,-8.09023,8.650061
ZNF708,9.898761,-7.4952054
KIF1BP,-10.085624,7.52778
PINK1,6.9338346,-6.898281
METTL18,6.831918,-0.91728234
RSPRY1,9.887387,-0.42533523
TCP11L1,-0.14737596,11.376327
HHATL,-0.71535766,-2.6409075
TRAPPC12,-9.4720955,-6.650912
STX2,-5.2430086,2.081731
LIAS,-2.5011432,-5.6592255
MYH14,8.474983,7.021102
CDH4,-4.2181907,-1.8527288
BSDC1,0.85797864,0.43954498
ARHGEF10,5.329728,10.30265
TMEM117,6.6278067,-0.6274929
ZNF334,6.4503894,6.5387626
FAM213B,8.727691,3.146058
RRP7A,1.2462395,-1.6783884
VAT1,9.218725,-6.10378
RET,-6.7404695,2.6437764
ACY3,6.274751,3.6323543
NOV,0.06880785,10.605364
TBX19,-1.9379841,-0.07128486
TMEM69,9.634726,-1.1947505
TARS2,5.577724,14.050047
FAM228B,12.05525,14.006891
ZNF473,9.339577,-4.420598
LETMD1,0.9214542,5.4381294
SHC4,5.691913,10.139673
TIPIN,-3.6078913,2.7170498
CMIP,4.572777,1.2724288
RFWD2,-1.5422963,14.205609
INTS9,2.1670854,16.417206
CTNNA1,5.3216233,10.2976885
CD82,6.3178344,11.496984
PIGB,1.8933694,10.179503
PTPRF,0.5075408,4.4826193
BRCA1,14.939882,11.162499
SWI5,8.798597,1.6050715
SFTPD,8.818154,1.5902662
M6PR,-0.28993443,11.336346
UBTD1,-11.0109,-6.5431685
FAM110A,9.403174,4.7434464
ZNF843,5.9578004,4.632213
EXT1,-8.96873,2.8197148
STX10,-8.1791935,-5.7995443
HECTD3,3.8701897,15.394704
SLC7A2,2.2270937,16.449694
NCOA3,1.49252,-1.9593918
SLC37A1,9.341644,4.6891546
EYA1,-6.1981635,7.2804017
CENPV,-1.8154473,8.3148
CTXN3,-2.9535556,5.3263326
CEBPA,-8.052504,11.522477
TRPM6,5.1535563,9.84903
GRIN2C,4.144075,-1.7953154
POLR2D,0.10355056,10.612597
SEC61G,-4.5372086,-4.66793
VMAC,9.541802,6.6333537
SLC25A28,9.043793,14.26203
RAB28,9.636755,-0.6446704
MLYCD,-7.0343194,0.5703797
LRRC37A6P,3.1214848,4.378635
KIAA1586,5.1578617,-7.8124323
TMEM266,-2.4249678,8.964104
LDAH,-2.3619719,5.7283998
SRRD,-5.7704544,-2.692734
CHD1L,8.857149,7.347572
UBXN7,5.8469853,-2.1191838
PLEKHF1,4.063953,8.049667
COL17A1,-5.85908,3.494614
RNF26,8.288639,-3.7906477
ASL,7.4778748,17.082964
PDGFD,-6.7791204,2.6318681
CISD2,-8.301873,8.463861
MRPL23,-9.459349,-6.5021
PRICKLE3,4.072431,8.021696
TMEM55A,7.4852657,-2.1968212
SPSB3,8.991462,11.633493
ZNF140,10.726339,4.785172
RAP2C,7.5051446,-2.2077065
PPT2,5.8896646,11.920643
BLM,8.190775,9.387859
GNL2,-1.8339398,-0.20176084
PI15,-4.7034683,11.471722
EFCAB11,10.735162,11.826873
MAD1L1,-8.684934,-5.163755
TTBK1,4.5216293,11.949198
SEMA6C,14.467493,-0.34221235
PSMB10,11.76692,0.046342295
WARS2,2.0700696,5.984802
TMEM177,-0.58483845,6.516695
DUX4L50,-6.168138,3.7087843
FANCC,-1.2587453,1.2981259
SUV39H2,3.918452,5.861505
SLC9A2,-2.5986905,6.9478903
DHRS11,-0.7589678,8.300501
KYAT3,10.222987,-4.7150416
HMBS,-7.9474516,-5.9163933
GRK4,-5.3731728,-1.45929
CENPN,13.574435,11.537367
FAM189A1,-1.9287329,15.409485
XPR1,8.104883,1.5759765
PSMC3,11.768589,0.048254278
CYP1B1,13.053892,8.041541
ZNF154,-11.08994,-6.4893894
SLC27A6,-3.329487,1.787009
TOMM22,-4.227716,8.769258
MAPK1IP1L,2.3079307,8.791318
TNFAIP8L1,-3.825723,-2.4118333
NCSTN,6.322968,11.490874
SLC25A16,-5.577788,14.065971
PLCH1,-5.341827,2.0784261
CHRNB1,2.6214964,-2.9852505
TEX10,3.353043,0.51630753
TP53RK,16.106873,8.01962
ZSWIM7,-5.7380776,-6.6465106
SOX11,-3.3523102,6.1286235
EPB41L4B,-2.9589155,9.233599
GRSF1,6.209062,2.1424444
ASPA,8.661308,8.347241
POU2F2,-8.052905,11.522848
AGPAT1,6.9031987,-6.8661366
RNF113A,1.1314553,0.65351206
IL32,12.544534,8.3395195
ELOC,4.1441684,2.8189666
SPARC,3.6333852,0.9970772
ZNF791,7.2358527,-0.09617752
FREM2,3.6087215,-2.674827
SLC35E2B,-0.56207526,-6.5324125
SLC35E4,9.618058,2.8782167
TBCCD1,6.1038055,-2.370511
SFMBT1,11.798664,0.018922694
ZNF76,3.0301518,10.332155
COX11,4.1838365,2.8006577
ZKSCAN1,11.645769,13.505687
GRAMD4,0.13268766,-3.6983602
P3H4,8.220926,12.249993
PRODH,4.0898194,-1.8518207
PCDH11X,-4.957561,6.113523
DSP,12.679074,9.085061
SCART1,5.3070574,9.5629635
FAM153A,6.263308,13.445772
TFPT,-8.571218,-5.8939624
PCDH8,-3.7081218,6.232419
FAM46A,11.608228,-7.719585
TRAPPC2B,-4.610104,-4.2115817
KHSRP,4.3531036,-9.521788
KIAA0556,-5.7357054,6.8029737
L3HYPDH,-1.7232132,7.92431
DHX57,1.5389894,11.775985
PDE11A,10.684296,11.824804
FAM136A,11.109703,2.7800553
BAIAP2L2,14.088829,4.4530654
ZNF300,13.579224,11.53472
TINCR,-0.051888585,-0.94148093
SREBF2,3.5605729,12.827713
KYAT1,0.6968065,3.0447545
BTBD2,9.299319,3.1910095
PET117,-1.5748187,14.2023325
RMST,-3.0892835,1.7436979
ST6GALNAC5,-4.930863,6.1436
MST1,14.136441,4.33796
GTF2E1,5.8163524,-2.176511
GMPR2,0.8347262,0.33748746
CELF6,0.3478139,2.7548528
ZNF81,-2.5664759,11.333821
TNFRSF21,6.3064227,15.6274805
HAUS4,-9.017554,10.320326
PITPNB,-3.0421705,-0.2868958
ATF1,6.6012087,-1.537313
INPP4B,-5.998226,7.1183867
ACSM5,5.5679274,-0.14407986
ZFAT,-3.29671,-1.8975143
MOCS1,-1.345256,9.393921
LDB1,3.8358178,-6.868903
PRIMA1,-0.058685455,-0.94700366
COG7,8.010975,12.673025
KIAA0408,3.2825484,1.5818802
LAMA2,13.461003,11.6187105
TMEM248,2.509444,13.911919
NUDT19,3.3468635,-4.8143625
TMEM140,6.3351183,10.843279
PGS1,5.1297717,0.01105523
LYPD1,2.6138296,-2.8145661
FAM133B,2.3828025,4.995158
PTP4A3,11.960348,7.986834
AK5,11.165319,2.8337808
SMAD9,-3.5915182,2.7679722
ZDHHC23,-2.3650024,5.771911
FBXL21,0.6714072,-0.3980826
SIAH1,-8.35979,8.440389
SNUPN,-9.047314,-5.2250466
RBM7,6.7148447,-1.6401733
ING3,12.27988,2.6123688
CH25H,-8.161014,-2.8085928
MAGIX,2.0832167,5.9691763
ADIPOR1,-0.55315614,3.7751732
CCDC173,-2.7498295,1.6576602
PHLDB3,-6.1641436,3.7069056
ZNF506,-4.288366,7.4826016
COL25A1,-6.050871,7.115053
ZHX2,-0.7113593,-2.657545
TRMT10A,-3.5898006,2.638301
SYNE3,8.5976,8.263696
FADS1,2.7601252,-2.858806
ANKRD20A11P,6.173502,13.773816
FCF1,-11.808444,2.7630115
ZNF134,-7.874833,9.138636
TECR,-6.766986,-9.456128
PRPF31,-8.227406,-5.766161
ZNF500,-10.119478,-4.6614757
SLC6A6,2.7900615,11.552273
MPC1,12.410816,14.156691
WNK3,-8.086691,8.692264
KCNT2,-3.0154376,0.011502304
FOCAD,-2.5008914,5.7818546
GPATCH4,0.77330786,7.8250513
APAF1,-1.3609487,9.396579
ZDHHC15,3.13885,4.392998
PDZRN4,-0.59212124,-2.806723
PCSK7,2.2431846,16.448149
PTGIS,10.008533,3.3634515
ZNF354B,14.770356,-0.6809994
CCDC120,-3.0403078,-0.32218084
HPR,1.4133741,-4.1900754
KBTBD3,10.045087,7.445704
GOLGA8B,17.453325,5.1052012
SMC1A,5.732457,-2.1776311
CSNK1E,-2.4192643,7.9655027
SART3,-11.32802,-6.320135
DHX35,17.436617,2.6506712
QRICH1,3.0664797,-6.003994
ING2,1.9543182,1.2609161
BCORL1,4.3562903,-9.515306
SLC35A2,-5.517847,14.009593
ZNF613,1.8832458,10.193236
LRRC49,-1.4497836,9.296363
WDR33,5.4482007,6.279444
DCAF11,9.772685,13.648268
DISC1,8.847837,7.2298284
FAM19A5,-1.0512971,-4.136236
HLCS,0.8907486,5.479054
PIGS,6.9329977,-6.896544
KCTD16,-5.7380395,6.64336
DTD2,-11.956567,3.2332013
HACL1,4.547653,1.3975323
DCLRE1C,6.725406,-0.9865931
ALAD,12.465268,14.18678
CCNJL,-0.13158122,-4.001447
SPTSSB,1.9140636,-1.8969584
KCNN3,4.0543857,-1.8829823
ZNF778,2.9354885,-6.823774
GINS2,4.5563974,16.580193
FLJ16779,0.15626138,-3.7233608
CCDC136,10.722403,16.85228
TMEM110,-2.9717767,9.214531
STARD7,2.7872446,11.55669
CTAGE5,10.635869,4.8720856
NFAM1,5.7752075,-4.434004
TPST2,-1.806093,-7.686803
APOL2,4.661584,7.4873767
DNPH1,-8.575606,-5.9160805
AMN1,3.4232154,2.3842285
LRRC37A17P,9.731361,8.447525
FBN3,-8.1552105,5.6059985
EXOSC6,-3.3839676,5.784763
TPCN2,6.0246468,13.851912
ACKR1,-0.8516944,0.7210617
MZT2A,-9.162531,-5.7682285
FGD3,4.9547634,4.918987
TTC39B,-9.338426,7.2754993
PTCH2,6.2189007,13.728963
FAM127C,-8.098891,-0.7014809
PIBF1,16.173296,4.3713417
HEIH,4.543944,16.5569
LGI1,-2.347562,5.7196345
EEPD1,6.4663997,15.78793
TXNDC5,-1.8578877,-0.15803014
SPATS2L,3.507328,6.2721615
ALDH1B1,-8.585656,3.7554789
CHST11,4.4408712,10.024725
CNTROB,8.689815,11.758757
ZNF665,-3.6361928,2.8133123
ZCWPW1,-4.2434645,1.8943001
NUDT2,-4.198764,8.804356
CECR1,-1.0098684,4.5815434
CYB561A3,-2.5899994,1.7084144
PALM2,11.558639,13.363554
L2HGDH,1.4075916,-5.75511
BRPF1,3.8576863,-4.971077
CCDC184,1.4025493,4.939253
PPP1R16B,-3.7948093,4.190926
DNAJC25,8.451065,1.8292705
TMEM265,7.233911,13.064779
TMTC4,8.626771,8.285144
ZBTB46,8.667055,8.393961
FAM109B,2.508581,13.914944
FSTL4,-4.159349,6.832607
ENDOV,-3.6020334,3.9922771
ECD,1.7747792,3.9214613
MANEAL,-1.3767523,8.145208
ALDH16A1,6.185681,11.564852
SPRTN,9.52364,-0.7175333
FDFT1,-12.148703,2.5155778
ZNF513,0.82304984,-1.781319
PRR3,12.197157,3.8887281
MPZL1,3.9564886,8.129624
MPND,-8.986618,-5.509949
CLEC2L,-2.4660432,8.986031
LTB4R,17.608227,5.2630057
NFYA,9.02879,7.5090127
RFX5,0.8261693,1.7381388
BATF3,-5.538873,-0.29270855
PRIM1,7.2953043,-0.05845253
WHAMM,-13.125271,4.507961
MRPL22,-4.710965,-3.548021
ALG8,-6.0577116,7.1289372
SLC16A7,2.4115193,4.8965497
CTGF,-3.670701,11.811158
PLD6,6.2069774,6.422547
DYRK4,-5.535045,-10.758191
DAGLB,13.025619,6.46914
CCDC126,3.0328999,2.5582142
MFSD14C,13.71697,0.9579236
PARD6G,6.9691305,-8.728045
SUMF2,13.513792,5.6199017
OGFOD1,3.8523278,-5.000218
SWT1,13.637985,11.477064
KBTBD4,0.23336416,4.2605314
ZSWIM5,11.859545,5.688931
KCNMB2,-2.5320992,1.6264936
NHLH2,10.075582,7.4222784
HHEX,13.269987,7.8571506
PLRG1,-0.3229199,-3.2306902
MRPL36,-8.330936,-5.867879
GANC,10.117932,3.55056
SAMM50,2.1654215,-2.2331147
TRMT44,14.508457,-0.3871337
TIGD3,13.029961,6.4658685
BAG3,-8.989058,2.8954308
THOC6,9.754465,2.7582917
MARCH2,-9.287824,-5.729717
HSD17B12,2.8770363,7.261131
CHML,-1.206492,-5.5959496
KHDRBS3,13.575158,11.536705
CCKBR,-2.6640239,9.154145
ZNF335,-2.0123556,15.489724
OCEL1,10.720406,4.795302
SLC15A3,2.5139046,13.909743
ANAPC1,-0.8843079,-5.215546
ZNF112,7.881532,-0.619949
ZNF138,-9.453468,6.6423926
TMEM51,-0.0321912,-4.390266
TMEM214,14.261607,5.1387105
KCTD3,6.542383,-0.67827797
LTK,-4.8138413,-0.79441094
ESYT3,10.68268,11.831219
IQCA1,2.7543895,-2.8695574
KRBOX4,6.2283545,6.4423556
RRM1,12.328241,3.1747184
DHRS1,14.20734,4.6000333
CHAD,-1.8779216,15.3630495
CDKN2C,8.756704,8.692128
A1BG,-8.609551,-5.950784
OPN4,-6.117192,3.6774848
B3GNTL1,9.437801,4.7767525
ZNF528,6.073821,-11.6845255
QSOX2,3.9038544,13.086064
PLA2G7,-2.9303596,9.254543
OTOF,-4.900477,-1.996615
MINCR,-8.205487,-5.829002
SUMF1,-1.0061663,4.6029196
UBOX5,0.8241301,-1.7827276
RMI1,9.979342,-0.3489164
MCM3AP,-0.15164246,-7.5912
POMGNT1,9.675767,-1.2351158
RAD51B,-4.7441444,2.0314045
PRSS12,-3.7498226,15.798948
SH3RF2,-5.9577947,7.0610757
WDR76,-11.566445,2.5319414
NIPSNAP3A,9.881684,-0.44763222
P2RX4,-0.8448206,1.4447727
ZNF827,-9.261925,10.270004
FSD1L,-3.5921366,2.768812
EFHB,-3.7363396,2.1191826
MRPS18A,-11.358123,7.978534
RAB5B,12.088722,14.209404
GSR,4.6199303,0.9806066
UCHL3,2.5238006,-5.7328095
FIP1L1,4.443664,-0.06514921
ARSB,1.832895,-8.81072
SURF1,11.792775,-0.714366
MICU1,-0.94752204,7.7765107
FN3KRP,4.5605116,16.586159
NECTIN3,7.8528166,-0.5628122
SCN7A,0.38964564,-0.5820957
SRGAP2C,3.2534125,0.3431603
POLR3C,0.77326316,7.828313
MNDA,4.954804,4.91875
SNHG14,6.300642,13.490179
RFWD3,13.2288475,8.394739
STAG3,5.2868795,9.681851
IKBIP,6.1234984,4.358733
SYT2,-2.0638638,9.072852
WDR55,-13.1476755,4.52534
IRGQ,-0.9107987,7.7083373
ADRB2,6.394199,-5.0074883
POLR2F,4.562161,10.218066
ARIH2OS,2.4480345,-3.3555605
ACCS,-3.0359628,1.6317582
EFNB2,2.8826556,3.2402983
HERC5,-3.2844462,11.521906
FAM43A,12.683984,8.344345
GLOD4,4.9561734,2.3558624
COQ6,13.723131,0.95509374
GABRA1,-4.1059694,6.6987114
MROH7,2.605998,-2.8207772
KAT5,-5.5205154,14.00912
P2RY2,-1.0692211,-3.3208632
MED9,-8.169557,-0.33390084
WDR77,4.562935,16.589808
TBC1D1,-0.9791993,4.245796
ISG20L2,16.106096,8.020378
TEX40,5.408564,14.157724
SLC35F4,-2.0307012,9.063561
NUDT5,6.2445407,-11.851693
SLC16A8,-9.445637,-6.806234
HSCB,4.0044208,-3.7522433
ITSN2,3.2118876,0.34246978
TNRC6C,-5.7307825,-2.622422
MAVS,-2.6752532,6.705182
GPR149,-4.841966,6.1566997
ITGAE,-4.325617,8.693226
IGFN1,-8.103382,5.5521827
PKIG,5.2915416,9.632133
MAGI2,3.6649954,-2.280435
KCNK3,1.0037471,-0.51086605
RAB27A,15.850377,1.692415
RAB12,4.229864,2.7946846
PKD1L2,5.281939,9.581491
TAF4,-2.700481,11.364767
TERF1,7.517125,-2.2170937
DHX33,2.381279,4.991924
GPATCH11,-3.061659,-0.33000118
SERPINF1,5.6882205,-4.3667717
FIZ1,8.069231,-4.7659693
CCDC58,-4.6952777,-3.5364153
GLO1,-9.958752,7.326685
HACD1,6.4505305,10.716621
LIN7A,-7.8959203,9.106586
SFTA1P,-8.195861,5.6295586
TMEM168,3.076753,12.834787
HNRNPA0,4.6181636,1.2573514
DYNLL2,8.074348,-4.737295
SNHG23,-3.958378,7.118404
PDE4B,13.244505,8.396965
CCNY,11.155004,2.8278594
POLA2,0.24433589,4.2716055
DCAF5,0.90850985,1.6334232
HAUS7,2.3128624,16.524097
ZNF26,-2.4903715,-2.3709643
NOL10,-0.9809968,4.3363814
CARD9,-8.048818,11.520355
FOXJ2,3.8434978,-0.71831053
ETNK2,-3.1321669,-8.654947
ZIK1,4.9172144,9.514019
ARID3B,14.092581,4.330453
PRDX4,6.7737947,-9.056841
FECH,7.7032094,2.3714764
PNO1,9.172492,-2.3430705
HSPA1L,12.111368,3.792342
NEAT1,-4.239937,1.8943896
CCNYL1,-1.8168569,11.196362
KIF1B,3.7183583,-6.6420197
ZNF611,1.3896353,-5.740226
TSHR,-6.733029,6.2664633
TLCD2,12.073191,8.151837
GPSM1,-5.5412703,-5.5786614
TCF7L1,3.217088,2.8158016
COX20,-5.5879245,-6.700592
SLC25A29,3.9613416,15.276271
EIF3L,11.166002,2.8337166
GTF2H1,3.3034017,2.756571
IGF1R,9.99624,-4.608065
TMEM62,4.9421225,9.536957
RAB40A,1.7458444,3.8345942
ARV1,-1.5747664,14.181543
PTGES,-3.4960268,11.354455
LRIT2,-3.9402282,7.02581
ASAH2B,-4.5936594,6.3407717
DCHS2,1.9685827,-8.619297
ABCB10,7.4989243,-2.1987238
ANXA11,-8.065101,-0.7810597
AUH,3.9308143,2.7635598
BCR,9.985393,3.3517365
FLJ27354,8.668735,8.485413
NAV3,-0.79954314,4.86678
CKS1B,-5.5910916,14.0621805
BMS1,13.0271435,6.468644
TMEM81,4.883664,11.654646
CRHBP,10.093488,7.446071
TMEM200C,0.46531078,-0.5532718
SMG7,-5.803531,11.317424
SIGLEC1,-3.9056177,12.525496
FRAT2,4.9367065,9.532025
ZBTB12,-4.0490355,1.9608546
FAS,4.771128,7.4808283
DEPDC5,4.548789,-6.9399548
ZNF462,-0.5786445,-2.8156707
LPCAT1,-5.6276197,13.986079
OSBPL5,8.642784,11.786955
DHX16,0.7072785,3.051815
DSCC1,-6.0509906,1.9565147
MYOM1,-0.16501613,-4.032814
RIOX1,6.944556,-6.8902736
ZNF829,-1.6075165,14.2149515
PRADC1,2.1856174,-2.240298
TUB,1.837653,-8.765295
ZNF784,7.502297,17.10674
RAB37,12.106206,5.488546
ZSCAN2,2.9222653,10.234115
CNTN1,12.398166,14.146301
PATJ,7.9912634,2.1154103
UMPS,12.276741,2.6153443
CTSF,2.401069,-2.0979464
ZNF589,13.531931,11.593217
ERCC8,9.608697,-0.73752636
EWSR1,8.264665,-3.8336513
FBXL5,6.2213206,-0.5917971
KIF20B,-3.0193355,0.10290708
EFNA5,-3.5920556,3.9802299
ZNF608,-0.32090232,11.321646
NQO1,6.3005104,7.7757273
CLEC1A,12.120365,8.169704
ADSL,8.339087,-3.6347654
ZNF136,-1.803406,0.74373305
RAD51D,8.6705475,3.1075087
ZNF350,5.778269,13.935777
TOX2,-3.8970506,15.951017
KCNE3,6.0823283,4.4221478
EIF2B4,-6.3703566,-9.869081
PCCB,-8.704576,3.8268158
RNF219,5.1373715,-7.7769027
INSIG2,-2.975661,-0.17884052
ADRA2B,-5.5393605,-0.29002175
INVS,13.652692,11.461808
MSMO1,4.5497646,1.3903781
MGAT5,-2.8508139,1.7517424
MAD2L1BP,2.5817833,-5.700414
ETAA1,6.322086,-1.6228392
ZNRF3,-8.394695,4.155389
UBE3D,8.408717,1.8152808
MANBA,6.182124,4.2603316
CECR2,14.788308,-0.6991496
CBX4,3.908925,13.091767
CEL,6.837128,13.397797
ATXN3,2.4438472,4.877997
PCDH19,1.1194862,-0.46575904
GPATCH1,-4.491317,6.5466247
GABRB1,-8.514041,3.927674
GLMP,-2.4787047,6.5474057
DRG2,8.770518,11.730456
TNFSF13B,-1.8485209,-0.19542219
CXCL5,2.977589,6.831545
CNMD,-4.866307,6.1624794
MRPS18B,-1.8088815,-7.6889844
OFD1,-11.519963,-2.3990388
ADAMTS14,6.095884,10.793103
ZNF814,0.3387057,2.735139
EXOG,5.0660853,9.664084
MTG1,8.886698,14.402462
MYADM,0.11440866,2.6478841
DTX1,-0.045031805,-3.6123176
PRIMPOL,5.411117,14.1571455
EID3,-1.3592012,9.382055
CRYZ,10.026181,-4.5384264
DNAJB5,-0.2955363,8.473427
RRAGC,9.699747,-1.2673626
FAM114A1,-2.9205627,5.5680084
LPXN,3.7898934,-6.7496066
SRPK1,-10.580548,10.78657
GLT8D2,1.9162229,-1.8901144
BCAS3,2.4086618,-2.094582
PIGG,3.0191529,10.348159
COL27A1,-5.623234,-5.6930804
TBC1D10C,-4.993393,-2.0420582
CRLS1,-6.614956,-7.5228314
BUD31,-4.452762,-4.2691665
TMEM169,-3.8992717,15.952804
GRK2,4.596316,11.840543
LEO1,-4.6962724,-3.5438702
DEGS2,2.5839074,7.767316
FAM96A,6.815525,-1.6803553
POLA1,-3.586125,3.975286
HSD11B1,-8.993627,9.278824
ARID1A,-0.006433075,-3.6423829
MYBL1,-5.228102,9.374404
H1F0,5.4672713,6.231409
ZNF519,9.665049,1.4234692
HDLBP,-5.332676,14.053669
NUPL2,-1.2881804,-5.6969404
METTL25,3.376696,12.695284
SDR39U1,-9.498364,-4.8237953
BTBD1,9.616566,-1.1232225
EGFLAM,-9.000048,2.882095
NUDT14,0.88127095,-2.2687109
ISOC1,-9.412246,6.7191405
PLEKHG4,8.440253,12.021144
ATXN7L1,3.1280575,4.3871975
MCM4,1.4056157,-5.754329
ZSWIM1,3.3500843,-4.8215175
ZNF317,6.2668753,-11.874396
HELZ2,4.690628,7.4290633
TP53I11,6.021782,-4.593721
C2CD2,-1.7862971,6.107265
COG8,0.44416136,-3.6276538
CPNE1,9.009676,14.28492
CCDC127,-0.32263696,18.928328
SLC39A7,6.68455,6.182785
FAM120B,-13.176812,4.5656514
ZNF227,-11.351022,2.3962119
TESMIN,-4.7649302,6.2457457
SPPL3,-9.505774,-4.908197
ALPK1,2.7101068,-2.856573
PDHA1,-4.3663054,-3.7896185
CRTAP,8.422187,6.988924
RIN2,4.208845,0.45815694
CDH1,5.4795365,10.216316
LIN52,-8.459566,8.304116
SPTSSA,-3.6335707,2.1759708
STAC3,7.561435,12.870833
KDM7A,-1.6032687,11.111017
TRPV6,-4.763544,-0.80343956
PLBD1,5.770726,-4.4441013
SLC10A3,15.656662,6.476809
GNLY,5.00183,4.877053
CHST7,-8.166125,4.6256204
TP53TG1,-6.4457135,-8.306005
RNF115,2.3581567,4.95292
TAS2R14,11.66898,13.53667
GJB2,-8.142449,2.8648276
RBM26,6.1094146,-11.7188835
LMO2,-11.173689,2.2893891
SRSF4,3.8477416,7.823675
SNN,-3.130829,-8.653201
SETMAR,-6.4257703,-8.2874975
NOC3L,6.6645365,-1.5490013
ZNF668,1.2200971,-1.7353741
ELOA,-10.237726,7.678437
VPS37C,-5.3327127,14.05321
POLE,14.520402,-0.3973316
ZNF449,17.568176,5.2223253
FAM89A,4.8244467,7.4766603
COL5A2,4.349105,-9.525105
HSD17B1,0.5359852,2.9097972
MEIS1,10.029325,-7.559206
FAM221A,9.53822,-7.5342393
CD247,-5.81473,3.5907624
LYRM4,-8.076169,-0.79510343
PUS10,11.336012,6.4247684
PWAR5,11.854651,5.695907
LSM6,-7.7309957,-6.044587
ABHD10,4.1652937,2.7348573
BHLHE40,11.508525,-7.8004947
ARL15,-2.9846857,0.021177182
PLEKHO1,11.65564,13.517259
NANP,12.277435,2.623171
MRNIP,3.4188588,0.8992595
CRNDE,8.428996,1.8459604
HMGCLL1,-2.8650265,5.0317764
ZNF764,-1.228221,3.8002534
SLC13A3,14.116009,4.2949963
TSKU,-1.0608857,-3.3250651
PFKFB4,2.7250404,3.1623087
NTPCR,-2.865003,5.0298057
GGCT,-6.5893884,-7.506199
OR7E38P,7.406066,10.233396
BEND5,7.3190866,-8.902956
ZNF443,4.739195,0.87268186
C1QTNF6,0.71556634,3.060946
LEFTY1,6.0968223,13.812005
ACAD11,14.758536,-0.66870785
CLEC3B,-3.5150876,11.292036
ZNF284,0.3874135,2.7949018
MXRA8,9.272258,11.465545
AFG3L2,3.4848466,2.6177285
PNMT,-11.012143,-6.5415645
TRIM4,2.7669544,7.4570813
NMT2,4.6394725,0.98014146
DDX42,12.064321,14.384361
UFD1L,-6.5368032,-7.4270267
GOLGA7B,4.349075,-9.525213
IGSF22,-5.500626,-0.28658488
CDR1,-4.347161,7.5314326
CERK,0.18328214,10.69734
HAUS1,-1.8185399,8.006743
SNRPA1,11.375942,-2.1107488
ZNF37BP,-2.7673528,11.379043
BRAP,2.060016,9.973087
SRGAP2B,-3.662945,2.1384215
BMPR1A,3.0115533,6.872237
CD274,-7.9121532,-3.0889132
ACSF3,-9.474004,-4.866351
SLC4A11,4.2640104,-1.6637896
ZNF367,1.520497,11.802123
ZNF581,6.987511,-6.897805
SCN11A,17.436722,2.6507037
TEN1,13.461714,5.6555967
EBF1,-1.1654431,-5.51364
SH2D3C,12.659349,9.100126
GTF2IRD1,11.951991,13.909255
PMS2,0.037740186,10.57136
ABCA6,8.153027,8.396842
ELL,12.737633,14.603315
LOXL3,4.9522247,4.9125824
TMOD3,-11.349482,2.3980293
PCDHB4,2.972469,6.835171
STARD13,13.599553,11.507773
NBPF15,6.488291,6.413115
RGS3,5.363717,10.279566
STBD1,-5.1852355,6.0244746
ZNF347,1.1952322,-1.7740533
ADPRHL2,-2.693114,1.9080439
PRC1,1.6095374,11.700945
COQ2,11.149573,7.293978
SFTPC,0.8289813,1.7337965
KCNE4,11.974893,7.999056
ZNF425,-0.7362214,0.3675237
NUDT13,13.524195,11.603193
BAZ2B,10.395087,0.07108788
PHF7,-5.5918016,14.021293
SYNM,-11.602883,2.5830312
PCDH17,-0.565098,-2.865244
GJD2,-3.423312,5.605952
CITED1,14.94422,11.16259
SIM2,-4.355805,7.5424776
ACAT2,-6.5739446,-7.477127
EID2B,8.186384,1.9934223
KLHDC2,-1.548426,14.215103
TUBA1A,6.297517,7.773418
ZNF782,0.053179923,10.571957
NBEAL1,-1.600348,10.895268
AVEN,9.668652,1.4214586
ZNF551,6.070754,-11.681369
DNLZ,-8.088685,-5.9100657
FAM181A,-2.611572,6.920685
GBA,9.772758,13.64862
TNFAIP8L3,7.972462,1.4507076
FAM35A,5.7534876,-2.1644015
FHOD1,4.7963877,-6.9418154
ANO2,6.478833,6.4305816
ZNF543,12.278408,2.614525
RSPO4,-4.821985,-1.9344285
POLR3F,4.070384,2.6907938
HACD4,-11.3289795,2.3820333
THUMPD2,8.492088,11.815468
PRR4,-8.67231,-5.954371
SDCCAG8,9.901599,-0.42512158
TMCC1,1.7663196,1.4447786
FLNB,-3.056682,1.6370753
F8A1,-5.541988,-0.28320423
PDSS2,3.6147897,6.1407857
KLRA1P,17.580574,5.226105
RNF34,8.891414,4.560621
ZNF185,-4.537474,-4.68937
TMEM30B,-4.8443184,11.492463
ZNF773,6.974484,0.17510605
TESK2,5.2727227,9.670134
FAM129A,5.709917,-4.389742
ZNF324B,10.117145,3.5514033
SLC25A45,8.438451,12.021514
ZKSCAN3,3.7851758,-3.343481
GSE1,5.700167,7.451614
TTC9C,0.8562843,0.43535662
SPECC1L,-5.315268,2.1456954
SRSF7,16.106813,8.019977
COL1A1,3.8137248,-2.4605572
RIPK1,5.2577972,7.8279905
DNAJC28,-8.191467,-2.7748058
PEAK1,3.960413,-6.937742
HGD,4.205204,-3.105571
AP3B1,8.434216,4.5895123
PPP2R3C,-12.129512,2.5256085
TRIM24,-3.2286785,0.59532523
SLX4IP,10.024705,-4.591167
TMIE,-4.9799094,2.0305452
ZNF366,12.922688,9.415339
IMMP2L,8.12268,1.9902914
QRSL1,-5.305142,9.434987
C2CD3,-2.8597007,1.7728817
AMH,8.311637,12.138614
NHEJ1,-5.5050726,14.01062
HEXB,-1.2520131,9.370553
MCEE,-6.3616104,-2.7343028
BRD8,8.021912,12.647204
WASH2P,9.042595,14.264754
HYDIN2,0.035259847,10.567027
TRMO,-1.523109,3.4020407
TRPV3,4.49003,10.045338
ZNF789,2.7865613,11.555672
PLAG1,13.662723,11.453038
TIMM10B,9.030027,7.527428
TRIM56,-3.534996,6.231857
FNDC5,3.8872159,-3.486466
KCNN2,5.86306,2.2221754
FMO5,3.7451668,-2.4216037
SYS1,17.601452,5.2559543
ZNF469,4.4415593,12.094163
SF3A1,8.39977,-3.5577874
NBPF20,-5.832102,4.800859
FLCN,-3.9582899,7.0596848
CA13,5.739976,8.004767
SMUG1,-4.240318,8.754615
SGCD,8.181093,9.404283
RXRB,1.1956742,-1.764863
THTPA,1.6197484,11.695861
CCDC86,0.48102343,0.8905179
TRIM9,-3.3221905,8.086774
NUDT17,-9.488746,-4.3816724
CAHM,9.950389,-7.52087
CFTR,3.1243007,1.5371044
COMMD5,-6.082446,16.872322
NFYC,1.0729288,0.6091928
MAPK12,0.39904365,-3.5347056
ERI1,2.5237625,7.864038
PTPRS,4.618449,10.229591
ATRIP,8.001671,12.71107
DTWD2,-1.7183349,11.161133
ZSCAN21,10.576009,1.3512367
TCEA3,-9.372024,10.175935
MBD2,4.698178,3.3282568
MYL3,-0.84280276,4.844375
UTP14A,4.602778,1.0928385
ATP9B,0.4181134,2.8157015
PCF11,1.6592913,11.5973215
TTC27,-12.0956955,2.557721
ZNF737,-2.6461046,6.890436
SLC1A7,12.615927,8.395669
CMTM4,4.7160835,0.25589386
NCR3LG1,3.7503834,-7.2532945
PCDHB16,-5.7690077,2.0272496
UBTD2,2.8122146,3.2932103
LSG1,0.58520293,0.81981194
RPL39L,2.5100896,-5.7017784
H2AFY,11.375784,-2.110488
FBF1,7.6460977,12.827278
EPS8L2,6.5838933,13.498145
IL1RAP,8.352838,9.231343
RHBDL3,7.695814,2.3761692
NPIPB15,6.0382395,13.857065
ZNF557,8.646767,11.866986
ZNF407,0.08609251,10.61502
ADRA1A,1.5619409,-3.9804478
SNCG,6.6901565,6.176716
PDCD7,-5.7936583,11.320255
TYW5,10.70554,0.28773683
ALDH1L2,9.060016,11.604725
NAALAD2,-4.3589735,7.5601106
PRLHR,0.7000486,-0.3898716
ZFPM2,-0.50826937,11.038468
RDH10,1.8035532,1.4097581
ATP5SL,-9.244044,-5.631344
DBF4B,7.512361,12.9379
H2AFY2,12.35588,4.043102
ZNF816,-0.3083287,11.171375
CYP2C8,-5.607593,3.7201123
WDR41,-7.8611674,9.164447
DPY19L1,-4.2791777,-1.8476142
SH3D21,-3.6482234,4.035435
TENM4,0.82330644,1.746879
TMEM97,3.8528163,-4.9987245
SLC17A5,1.6946396,-9.214948
SSC5D,4.4547863,12.115359
DNAJC17,0.77057284,-1.7459271
DHRS13,5.598104,7.9050684
DCLRE1B,3.331241,-6.3761215
ACOT4,-3.6311278,-4.2535315
CYTOR,0.4600723,0.90213245
PRKRA,-12.12544,2.5290956
TATDN3,-2.4502466,6.5731544
SEMA5B,0.7069626,-0.3836756
TMEM39B,5.3828244,14.184346
ZC3HC1,-4.191574,8.808947
CRY2,-8.831931,-2.346977
CTNNAL1,-8.910141,3.044811
CITED2,9.434861,-4.5017715
IGSF9B,-5.5180483,11.528216
GPX7,7.483017,17.08993
WDYHV1,-6.4313974,-7.3181787
SEPT1,1.546887,-1.9078027
PRR26,6.386162,10.831697
KCNJ12,-4.400961,4.353511
CAMLG,2.5013442,-5.7502084
ZNF346,4.758461,11.681627
STAT5B,-0.32648328,11.312513
ZNF394,-8.796688,-2.4146883
PLAGL2,11.916863,-8.0913925
CA5B,3.6041422,-2.6766236
METTL6,-10.583066,10.788693
KCNJ1,-4.6650047,5.9184194
TBC1D8,1.5072185,-6.884913
LRRK2,4.043787,2.6494572
HTR1B,0.41013345,-3.564579
LMCD1,-5.7619762,2.0299354
ITGA8,8.00404,9.535508
GNPNAT1,-1.243091,11.1062975
ZNF233,-2.3545318,5.742501
FAF1,1.9473234,10.11862
TMEM80,7.4514246,10.253431
NAXD,8.031929,8.29424
SELL,5.780895,-4.476969
ZNF548,4.977381,7.605994
ZNF101,-13.272514,7.2773013
MFSD4B,16.245329,4.4371896
TTC4,16.262917,4.4518204
FAM131C,8.19,6.683843
AGFG2,0.43073517,-3.5750194
CDCA7L,-5.2101135,9.36157
HAR1B,9.125497,4.272747
TH,-4.711423,5.847248
RMDN2,2.7031314,3.5050282
ZSCAN5A,8.798972,1.6066169
TRIM69,4.588478,7.441476
LRRC4C,2.5724597,3.8955288
CBR1,2.3338523,8.297788
COPG2,4.0380054,-3.7934003
ZBTB3,8.165245,6.659104
THADA,2.0899277,5.9683456
NR2F2,3.8665504,5.4826455
NTN5,-9.437838,-6.794221
SAT1,-8.154711,-2.8150322
COX19,-8.4661,3.364003
TOP1MT,8.045324,-4.7878666
TTC17,4.513486,-11.238671
NR6A1,6.4543467,6.525735
TMED4,3.803979,8.280566
MSANTD3,12.014714,14.023905
CDADC1,5.5674067,2.181273
GRB14,5.949579,10.564498
TMEM41A,3.673076,-5.78319
SEC22A,3.7230625,2.8115463
QPCT,-4.856376,11.494923
DOK3,-1.0836166,1.1626673
CYTH2,8.055082,-4.775467
FAM78A,-4.201298,-1.9933791
SHMT2,-1.0548481,-3.325241
MTERF4,-11.172082,2.2741466
HMGCS1,-9.948459,7.164638
FAM103A1,11.17344,2.8442461
FBXO17,9.888035,-7.4998183
KIAA1683,-3.0037246,1.6657412
UBE2Z,6.789452,-9.044615
RNF185,3.6059546,8.590511
ZNF663P,7.397574,13.189356
KIF11,2.4438992,4.914521
VPS37B,9.652978,2.8112586
ZNF813,7.2930617,-0.058072794
ADAM19,-8.993559,9.279042
NGDN,-10.636843,-8.5804615
RPA2,-6.4352503,-7.3206024
OSBPL2,8.418366,-3.5417242
TAS2R4,6.481866,6.5488353
EIF1AY,0.10249348,14.858135
SPRY1,-8.093949,5.456242
TLK2,12.233907,3.4028995
ARMCX6,-3.7937195,6.3522124
ROPN1L,-2.6551876,2.0389688
HAAO,-1.0366557,-4.132548
PPP2R3B,2.8070037,-7.062959
ALKBH1,11.910307,-8.084479
NPIPB3,-13.271585,7.2776957
SDCBP,2.8258123,3.2671037
SH2B2,-0.12135359,-6.9995847
PIGW,-1.4934953,1.1076367
ADH1B,-0.41170052,8.404256
PGBD1,1.9925842,-12.181639
SSH2,6.185005,11.558812
GPR173,-8.151186,4.9396544
TTI1,8.34782,-3.6349442
PCDH11Y,-5.745311,6.781451
CNOT11,8.42459,4.587477
PRPF40B,8.25426,6.7701297
CATSPER2,17.451675,5.1033154
ST8SIA4,6.0514293,4.4510603
CHEK1,-5.209897,-6.775866
ARL5B,1.7639426,1.4448965
LAMC2,-4.779324,6.0533786
SF1,9.750176,2.716553
NAAA,-1.3704327,9.411758
SUPT20H,11.795787,0.01942619
ZNF189,1.993338,-12.183041
STX3,-1.576188,14.240762
ZNF815P,-1.0755808,8.089024
EMC1,2.1088269,-8.559199
CYB5RL,12.730648,14.596556
FNTB,4.4742384,10.347622
ANKRD65,7.4164877,10.217168
POLR3GL,11.973725,14.174629
MRPL39,4.0212197,-3.7707605
STAG3L2,-6.3411818,-2.705997
ZNF496,-4.207186,11.338815
STKLD1,5.9600015,9.897891
FRMD4A,0.086857654,-3.7007594
ZSWIM4,5.8957243,8.136067
LYZ,6.126812,4.358622
DDX55,1.6579483,11.652535
TET1,6.478876,-1.4102871
CCDC125,-4.745107,2.0193164
SLC24A4,-8.166396,5.6180124
NARS2,9.610858,-1.1286969
RNF24,1.5378593,-4.024248
ZNF483,6.975802,0.17465149
FBXO48,3.542519,0.25611115
MASTL,1.5466329,11.773569
SRPX,-10.386643,0.9079702
PIGBOS1,-0.8917305,16.23811
SLFN13,13.297948,7.8365555
PDE3B,-1.8686086,6.0627646
PEX5,8.493801,7.0947003
SEPT6,-3.7644792,15.814246
PDRG1,-9.029573,-5.2435193
TMED3,-8.371276,-5.7092533
LTF,-2.2140322,0.36188567
UBE2R2,3.626714,-5.775328
ZNF2,13.67741,2.3056264
LACTB,-0.75015736,0.37750638
ASXL1,5.9071674,8.176084
SHISA6,-8.712965,3.2958887
GPR35,0.112961866,2.6585782
ZKSCAN7,-1.1808054,3.7673817
MRS2,-10.031394,7.470379
DNAH11,-2.5611959,1.6483573
TRAK2,9.161649,7.6575336
SMOC2,3.6342287,2.6558118
HMGN2,2.122276,5.950839
MMACHC,-0.3682737,-3.9013305
SERTAD2,5.374419,10.266152
METTL21A,12.318845,3.1963494
ALK,-2.637704,6.401897
TRDMT1,-3.611805,2.7514167
PLA2G4C,5.9923005,9.872475
GLG1,11.825458,-0.021041926
HEYL,-0.11516227,-3.7094257
SPSB1,6.320269,11.372727
SETD9,3.3749084,12.696513
KCNQ1OT1,5.8195906,10.075714
PUDP,12.329738,3.1767733
ZNF766,2.5248673,7.8627596
ZBTB8A,5.177522,-7.8339815
ECHDC3,-1.8113691,-7.690389
ZNF137P,14.764915,-0.67496496
TIAF1,6.0362034,13.861114
GRK5,-0.053436708,-0.9418169
RAB2B,-6.017369,7.1220045
ZNF714,2.3916113,4.9909477
TMEM255A,-4.3130255,-1.9879677
TRIM45,5.240585,9.571829
RHNO1,-4.287202,8.668565
FAM60A,-3.644343,2.171282
FAM155B,3.4357815,12.755531
RUBCNL,2.6459777,7.6583915
GXYLT2,6.184096,-1.9365187
SCLY,6.3748016,11.760687
UPF3A,8.355062,7.2602873
BIRC3,5.937239,8.194237
ZNF799,14.691345,2.9970162
PLAC9,-4.600828,10.844802
CTH,2.6218243,7.704932
ADAMTSL3,10.239771,7.5385685
TTC39C,8.386262,7.0685554
FAM218A,6.0711794,-11.682333
DIS3L2,9.037187,14.269095
ZNF595,3.2711284,0.19065022
CHRNA3,0.67471355,-0.4236256
LYSMD4,6.0362153,13.858555
NPIPB11,7.184499,13.168562
TMEM50B,9.500753,-4.4861655
RNF182,-5.7291117,2.0352442
TRMT2B,0.37804282,4.3768277
ZNF404,3.8330233,-0.054349434
TAF15,-9.19056,-6.0486217
DCPS,2.3094215,-2.1338463
LPIN1,3.702446,-2.3050528
ZNF286A,1.6462452,11.616031
ADAL,-2.4895847,-2.3709068
CENPC,10.714085,4.7996154
YEATS4,-9.627771,6.3484654
ARHGAP11A,8.424803,7.2498417
LRRC61,8.761073,11.456218
SLC38A3,-8.684899,3.8570771
ZNF765,14.256877,4.0130854
KDELC1,6.1052103,-2.4999382
PRKD1,-5.925507,1.8340528
ADSSL1,-9.892399,-6.4613657
MYOZ1,-0.86091584,4.856511
ATRNL1,2.0530357,-1.6669508
TSEN2,-4.8952436,6.180137
HN1L,5.8595448,9.958609
SLC25A26,-8.265517,-1.2574251
SAT2,-8.495785,-5.916174
NPNT,9.101069,-2.2790422
ZNF17,1.9968883,4.6344023
RRAS2,2.7270465,7.541665
CLCN6,9.303999,4.6449814
NTNG1,-5.7731967,6.8654685
LSM14B,3.0668697,-6.6273303
HDDC2,-5.7385297,-6.640987
AGBL5,-1.0383675,4.3119926
DIO2,-1.7242945,1.5531306
GPR89B,10.207282,14.920151
NAIF1,0.21671487,10.756057
APBA2,-1.9842811,15.46126
CA3,-1.742371,1.5450047
GNRHR2,3.148893,1.5051366
IFT80,13.522333,11.6056795
KLHL1,-3.3572147,6.1454
CRH,-0.7349176,8.297237
CWC25,9.741636,12.705928
JARID2,1.4283341,-4.181866
NEURL1B,-4.9838843,-2.0268717
ERI2,8.056972,-5.3212748
PDSS1,-1.6082777,14.218163
ACOT1,0.012185159,-4.6496015
CES1,3.7041163,-2.3082035
SYT15,3.5562987,12.829996
ACOX3,-2.7344368,6.761461
TSC22D2,1.7594601,1.4468216
WASHC2C,11.405237,13.152247
EFCAB2,-4.0490084,1.9731731
MED22,-9.509112,-4.461842
GSTM5,2.4040298,-2.5443745
TMSB4Y,8.455505,7.5170617
B4GALT4,2.5120842,13.909718
DET1,5.571313,7.924325
PLEKHH2,-5.4339724,-3.2339427
MYCN,3.0812745,1.5823212
PLAGL1,-8.221239,4.4525375
ZDHHC11,13.824427,4.430916
NANOS1,11.338164,6.4384203
TMEM132E,-0.010708408,-0.9111234
SPATA20,-11.685437,5.8823686
FKBPL,0.9444188,0.49772245
IKBKB,-4.9897037,0.32587317
HEXIM1,8.326215,6.874731
TGS1,7.3334184,-2.1099513
PLEKHA8,1.7436574,1.4628087
DCBLD1,12.976236,8.134836
HSD11B2,-6.029652,1.9102068
DCAF4,-8.709264,3.8081012
STIL,-3.2665794,0.4654597
FHL2,11.964555,7.988666
ATP7B,-0.07438287,-4.0245914
LYPD8,-3.3669684,6.0564485
POLR2J4,0.10069367,2.657604
PCDHB14,4.3351164,10.432089
FAM175A,9.634025,-1.1916972
ATP6V1E2,11.107705,2.791629
KMT5A,-5.6084204,3.6946568
UIMC1,10.023258,3.3822982
RBM45,16.105165,4.2902036
MMAA,-1.3732448,11.044016
OGG1,-3.6415184,-1.8899522
CAMKMT,-5.780192,-2.6935377
UBB,-5.33203,14.053484
TACC3,5.9971256,-1.395256
TRIM27,9.726416,12.689571
CCAR1,11.792879,0.021855554
ITIH4,17.55351,5.205975
FMO2,3.870482,5.4867654
ZMAT5,-9.38643,10.1693945
LOXL1,-7.906729,9.070224
NR1D1,9.266416,4.6044736
FRG1HP,-2.5692432,6.5430994
EFHD2,4.957041,4.918139
SNHG12,-1.0908409,1.1388321
DOCK4,0.23059899,16.7151
PPIE,7.4358664,10.251284
LUC7L3,-4.9867177,1.2096136
METAP1D,5.996528,-1.3933535
NES,-10.905333,4.7107234
EXOC4,3.1922379,4.4465804
ADRB1,8.180808,-4.5226297
FAHD1,1.8951784,1.3470224
SMIM13,3.2135386,2.8179982
ZNF738,-5.2577696,9.401526
THBS4,7.7895365,9.684998
TTC28,-5.4471855,-3.2130466
ERICD,-0.36030343,8.421857
RCL1,-1.82298,-0.21995386
FLT4,-4.446863,-0.8317688
TNFSF4,4.2237597,0.467313
FUT11,9.21932,-6.105755
RND2,-5.7446594,-2.646763
EZH2,4.5130873,-11.238967
HIST1H2BK,-1.8788589,-7.7732577
ART3,-1.9193833,9.104237
ALG11,-1.6024667,10.885391
CDON,-6.711916,6.266176
DKC1,2.5485928,-5.6789403
LY6G5C,-13.27145,7.2777505
HMGXB3,14.944637,11.162531
LUC7L,7.7975216,12.679874
TXNDC15,4.1724734,2.8726993
SF3B2,-8.173944,-0.32395744
ILF3,-1.5991001,-10.521729
ABLIM3,-0.31792647,-3.252706
IGDCC3,-0.0012831803,-3.6823223
MROH8,10.342175,-4.8267407
GCNT2,-3.645895,11.689809
DBX2,3.7088253,6.0279202
ZSWIM6,3.1501272,1.5219928
AMIGO2,3.5873153,-3.1439154
MPG,-9.083614,-5.114415
JMJD7,5.8761864,9.956849
ZNF823,6.204998,6.41644
MSL1,14.585248,-0.46024385
RPL10,-6.383132,-6.7084455
PPP2R1B,6.1237807,-0.43642583
INAFM2,6.3051434,4.1678705
RRAD,2.589903,13.8339
CYP26B1,1.8317724,-8.809888
ZNF121,17.378225,5.029141
ZNF79,-5.792096,11.3213625
TADA2A,2.703629,-6.2396407
ZNF592,4.2105007,10.509996
FDXACB1,1.8792515,10.196978
ZNF32,-3.1465392,-0.40093714
MCM2,-9.410963,10.258996
WFIKKN1,5.4977975,14.098044
TRMT6,2.5512614,-5.6807647
TAF1A,6.158037,-1.9410695
TPK1,12.922884,8.262806
MIS12,-5.278569,9.417468
NPFFR1,-5.124459,-1.4699628
ELN,-2.4654725,0.9492489
CCDC174,6.764878,-0.61878055
PMS2CL,17.502962,5.155
GEMIN4,4.3492165,-9.525516
GHR,-4.2796574,11.039895
ZKSCAN2,5.139552,7.7801046
SLC35F2,6.117305,2.223829
MYH15,-0.112760924,-4.0206633
ZNF250,10.165963,-4.390976
CDH11,2.6113472,3.8821774
IBA57,9.570465,8.021608
FRG1CP,3.863926,2.7263234
SH2B3,5.719488,-4.4029274
RPL12,-6.281057,-6.805504
TVP23C,-2.323748,0.55896074
ZNF44,3.8393002,-5.015737
IQCB1,-3.6429865,2.166792
CASQ1,-0.31338528,-3.2407813
QSOX1,4.054204,15.095342
GZF1,-0.29456607,12.414565
HNRNPK,-11.809837,2.7807271
CYP4F3,6.9699955,-8.703757
MTMR1,2.1310527,-8.541886
ATP1B3,5.8804655,8.12536
CROT,4.85738,0.064554766
CFD,6.4275627,3.8425903
HMGN5,5.1983013,0.01249319
TUBA1B,16.10664,8.02055
KLRC2,8.166572,9.408385
RWDD3,4.894303,0.051163465
LIG1,0.7477033,3.0942774
COL5A1,-2.6259792,2.0161772
WRB,-9.577862,6.4082284
EXOSC2,-4.12344,7.3136907
RPL39,-5.7893934,-6.680789
SYCE1,-4.0223346,6.3237057
CDRT4,-5.158509,11.498886
GCSH,11.785572,-0.7419344
NFE2L1,0.82537776,1.7376531
DGKD,3.9093218,13.094663
CLIC5,-4.040581,-2.143565
PCDHB10,-8.220994,8.556298
VWCE,-2.5686486,2.0853033
VN1R1,3.9784226,7.9347835
DDX39B,-5.8601556,4.7727404
EIF5A,-9.348148,-5.563715
ZNF415,5.201115,0.009405525
SLX4,14.051756,4.385106
PTPRE,-2.5180068,5.289931
ADAT1,-5.7187276,2.940361
DNASE1L1,-3.5683217,3.9637372
FAM86C1,1.9763889,15.245104
DLL3,-4.993338,-2.0357316
ZNF696,-6.0825953,16.87249
RAI2,10.341757,-4.825341
ZNF266,1.991181,-12.179768
CYP2D7,7.251525,13.127924
ZNF839,2.1199512,5.949154
SLC25A13,8.667298,8.161435
GTF2H4,7.278293,13.180064
TMEM116,-4.7127504,2.0538101
MBLAC1,-9.47081,-6.668308
KPNA2,1.9423267,1.2690582
MIEF2,7.326082,-8.924189
ARMCX1,4.1685557,2.8607585
EMID1,2.7126682,-2.861908
SETD4,1.154878,-1.835235
HRCT1,12.622893,8.430331
ZC4H2,-1.287427,-5.7017813
SLC4A5,14.140754,4.334574
PRKAB1,-7.224885,12.789127
AGAP12P,17.606554,5.261294
PTPRU,-3.286494,8.061196
UBN1,-9.0513315,6.798369
PCGF6,-8.457947,8.305277
OXNAD1,-11.84526,2.7354844
MFSD9,2.8219168,3.2785726
HNRNPD,9.673294,-0.5866421
RHOQ,-8.858946,6.7411594
ASB13,-10.099219,-4.669839
NCAPD3,-0.1310301,11.389556
CNIH2,9.262678,3.6797059
HCG18,-0.23783626,-7.268268
NFS1,-4.1990123,8.805129
CERS4,5.7779536,10.132037
MYO5C,16.247286,4.4415665
TCTE3,5.361017,6.372861
NFATC2,9.469216,11.358371
NUDT22,-9.4615345,-4.490083
EIF3C,2.6867795,-6.233171
PCGF2,-9.399367,10.202705
BTN2A2,-5.590531,14.05044
CCDC102B,-1.8442934,0.7220956
CWF19L1,0.8948532,5.466743
POLN,-1.0484772,-4.1411204
MED10,4.2857275,2.791114
TMEM199,-4.5605054,-4.35695
SLC19A3,13.29494,7.84224
TANGO2,8.647673,3.0929966
ZNF264,13.564684,5.702398
ADAMTS19,-3.9569764,7.0417666
HYPK,6.45363,6.454627
ZNF785,6.18098,13.762799
AP4M1,-2.4776218,6.5471396
CASK,2.7594428,3.112563
PURB,-2.748588,6.775237
CPXM2,2.8395875,-2.7926173
EXOC3,8.433491,7.007552
MSS51,6.6292763,13.483284
ZNF607,7.3970704,13.21014
ZNF835,3.7372932,-7.264852
SPATC1L,6.565972,13.496118
MTX3,3.1687405,2.5993974
FMN1,6.16529,4.323493
FAM207A,-9.482808,-4.863245
TMEM229A,-0.6745731,-2.7005014
SNX15,1.2530178,-1.7062457
ITGA9,-1.7009145,6.259209
POLR2A,1.5069585,-6.886459
NAT10,-10.6421,-8.585831
FTH1,-6.7921906,-9.432314
PPP5D1,4.4318085,-0.064471014
SCNM1,-8.183481,-5.842998
RBMX,4.6945395,3.317309
ATG9B,-5.1888914,11.481234
ASPRV1,9.054036,14.234275
RBFADN,6.4557815,6.5238633
SNX24,-0.9196712,4.1461816
SIAE,12.728262,14.592877
PER2,-0.36057746,8.419536
NAV2,2.0621698,16.448563
ODF2,-2.7815363,1.7670095
ZNF717,10.345655,-4.82967
CD302,6.4415274,-1.2501369
GSTCD,9.914487,-0.41881058
PYROXD1,-1.8166063,0.7463511
ATP5G2,-8.106548,-5.9021807
MICA,2.3149545,16.524261
TYSND1,-11.84731,2.7350547
GOLGA8N,9.910846,7.531642
MPV17L,4.2883215,2.7869496
TMEM251,13.692315,2.2939746
FBXL7,-8.420959,4.0991545
GAR1,2.5402405,-5.67966
MDFI,-5.768762,11.325515
EPHB2,-1.0754892,-4.174693
NDUFAF6,4.63181,3.265876
PHLDA1,0.23076348,16.715168
GLE1,-6.7137938,-7.6118064
RFC4,6.211,6.4193277
CHFR,8.339156,12.0849085
TSHZ3,8.406481,9.167181
GUF1,14.17707,4.5952797
MAMSTR,-8.990081,-5.5588255
CUTC,9.535107,-7.5353
CLPB,4.5935683,-6.919047
CYB5A,4.761015,7.8603606
H3F3A,-0.90788186,7.7039022
ATG10,6.3966093,13.547185
RNASEL,3.7189686,-2.3281534
ZNF34,4.5225725,10.0978565
TRAF5,-5.9370036,7.039597
LRRC56,-4.117631,-1.8993995
BBC3,2.3029823,16.509972
ATAD3C,4.4394464,10.031295
HIBCH,-8.42954,4.10469
FAM200A,0.04739245,1.5426298
VRK1,-5.059803,6.069866
NSMCE2,-6.385142,-7.244988
SLC22A3,0.52063286,4.422413
TWNK,-3.2698498,-1.8911468
KANSL1,-13.178298,4.561841
ZDHHC13,-2.631168,-5.3644953
ARHGEF5,-0.8959015,4.961663
COX7A1,-5.578962,-6.7021856
ZNF503,9.454487,4.789963
TMCO6,6.6575575,3.6554482
PKDCC,0.11380584,2.6641905
NBPF1,8.974962,7.389828
XRCC4,4.210117,10.509755
CLCN5,-5.4300785,2.285071
PDE1A,11.438168,13.1999235
PARS2,2.915173,10.237706
RDH13,2.9746258,10.298466
ADAM12,-5.0810003,6.065007
ZKSCAN4,-5.43205,2.2811544
FZD4,-4.2074995,-6.755092
AKNA,-2.5580769,2.103478
ANKRA2,4.143817,2.6562316
TPGS2,-4.3449006,-3.7960246
WBP2NL,8.979003,7.3884954
TMEM5,9.578639,-0.71837234
ZNF230,10.183779,-4.369506
NLN,-1.2143513,3.8100152
RARS2,-1.8326384,0.72803783
TSPAN18,10.076966,-7.600829
KDM8,8.070012,12.802333
GLRA3,0.62262136,-0.45663407
SLC7A6,14.651157,-0.5575288
NPTX2,-3.3741415,5.846447
GRM2,-4.098945,7.29688
PGBD4,0.044183422,10.566947
WDR31,-4.769452,2.0156333
EPB41L4A,-11.636227,2.603214
ETFBKMT,11.744911,13.693832
IKBKG,0.17813064,2.7223332
ZNF45,3.3175347,0.77473277
SUSD2,7.394195,11.557895
HEXA,14.955295,-3.2993486
GON4L,-0.8853299,4.946698
VCAM1,3.2948163,6.4026256
ALG12,16.103098,8.020977
TADA2B,-4.083353,7.2796354
TOR1B,4.001489,8.090531
FTCDNL1,-1.5239432,3.4012992
PIP5K1A,4.945468,7.5896125
RTN4RL1,-1.0714436,8.119102
CCDC18,6.306926,13.520108
PER3,-1.250915,-5.655497
CSTF2,9.433099,-4.46932
NSUN4,1.9068892,4.436681
STK19,3.3979604,0.8909382
ZNF256,-10.98358,-1.2409861
SMARCAL1,-2.8962457,5.1962914
ITFG2,-7.92957,-3.0692937
MRI1,12.186796,3.8983018
KCTD7,7.3128376,-0.049905133
FBXO22,-11.806095,2.7771602
POMC,11.788681,-0.73697877
WDR17,-9.368264,6.9694715
SIPA1L2,-0.28456116,11.280612
ZNF888,-8.13058,5.577255
EIF2D,-2.7980866,6.8302193
PPP1R3E,14.256673,4.012784
METTL23,-10.603227,-8.5474825
FAM57A,3.6457148,0.99652445
CPSF7,-0.6518121,6.6438217
ZNF763,12.132753,3.8213103
LANCL2,-2.888265,-6.840919
FBXO27,2.9158971,10.238794
ACAD8,-8.457617,3.372165
THEM4,2.5451367,-5.6826897
ATP8B2,-6.284846,-6.874735
GMEB1,-1.5991509,-10.52168
SCUBE1,-13.100683,0.03358196
PSMD12,1.8815128,1.345492
GSTM2,4.5988417,0.34946474
ERICH1,-5.515094,11.527512
RYR1,11.968081,14.01504
WASHC2A,3.0707557,1.593399
ENO3,3.4026706,0.88954526
RN7SL2,-5.5736566,-10.693152
ZSCAN25,-1.4933788,1.1307105
POLR3E,0.11463442,2.6458898
ZNF530,10.074214,-4.5528407
PPIL3,4.2164297,10.495278
CSTF2T,10.063523,-4.5242543
RCOR1,-0.34091756,11.111432
KSR1,5.2946362,9.69157
CCDC77,3.6937592,2.8342586
HMGN1,0.849677,0.42579967
LIN37,-8.039024,-0.9710331
PACRGL,9.569108,-1.1011876
TMEM50A,9.654331,-0.6001164
ZNF836,5.422527,6.3268304
NEXN,-1.8284736,6.0702715
ZNF232,-1.8028607,7.994816
STMN4,6.366295,15.68451
CDH23,6.776328,11.256618
RNLS,5.141878,0.041135278
ELAVL3,-4.731067,-0.76578027
ZNF620,-4.991773,0.31546864
ZNF174,1.8888756,4.446811
PIWIL4,-5.274551,5.941852
XRCC1,1.4936657,-1.9062954
DGCR6,-8.07605,-0.7989263
COPS7B,0.031781293,-4.718246
PPP1R10,1.2067889,-1.9808859
DNAJC15,12.061003,14.229386
DCP1B,-9.876737,7.304319
PAPD7,-2.7588727,9.7672825
FAM182B,2.293336,-8.422213
TMEM200B,-4.2088675,-2.0198271
ADARB2,8.656753,8.491674
BORCS5,7.4137506,11.561021
CENPO,4.5798764,-6.9230766
HRAT92,0.10630425,2.6623795
NRG1,8.277413,1.858469
SNX11,-8.113814,-1.0448477
MED18,-8.421166,-2.6036928
SH2D4A,-0.9223692,4.353621
BLMH,-10.633266,-8.576867
ZBED6CL,7.308841,-8.905818
ATAT1,3.7872634,12.841961
TIGD6,3.370089,-4.8697248
DNMBP,5.852654,10.599264
TSPY26P,9.343436,4.676034
MEX3B,7.395508,11.561078
MIOS,-9.589206,6.4100094
TRIB3,-8.869572,-2.352676
ZDHHC14,-8.433669,4.0994096
TBP,7.992846,-0.5433259
SCAND2P,14.194419,4.12456
MPPE1,12.3311825,3.1740923
ZNF582,-5.305002,9.438352
MEMO1,-1.274228,-5.679864
SLC20A1,10.271446,0.26232076
BARD1,-2.6923094,6.7285633
LIPT1,3.2767403,0.18111366
SAAL1,-3.181632,1.1188855
NMNAT3,3.1007805,6.680166
RPIA,7.326198,-1.023877
MARCKS,5.3478045,-0.054039672
DHODH,8.177102,6.667746
RBM12B,12.258935,3.269693
AMACR,1.6750478,-9.249602
NOMO3,0.0138165625,10.599454
INTS4,2.7134366,13.7033825
SNHG5,-5.2161126,-6.7714157
ZFHX3,-8.679553,-5.145097
ZNF57,-4.6087704,-4.2548447
AKR1C2,-4.1436534,11.404882
ZNF16,-3.2666674,-1.9102012
KLKB1,7.621561,12.862228
PCYT1B,13.563908,5.700625
TEX15,4.0595336,5.7484403
GTF3C1,0.4042253,-3.5852537
CCDC163,-4.837043,1.9893092
ANO7,4.7630415,7.412628
VGLL3,-2.4347882,7.967609
SMPDL3A,-9.574378,6.4248705
CLDND2,-0.3108305,12.457837
NSUN2,3.3558419,0.5256248
ASTN2,2.6107583,-2.8191957
FHIT,6.114792,10.794772
FAM212A,6.4249287,3.8296616
TRPC4AP,7.352737,10.1722
XIST,-2.7964203,12.092584
HAS3,-3.956211,7.0550675
DDX31,-8.714976,3.294699
KCTD10,11.835596,1.4287996
ADPRM,-5.6464257,3.6004498
PSMC3IP,2.112539,5.944732
PRELID3A,8.209046,12.261672
ZNF718,10.056906,-4.5367064
SNHG21,11.3764515,-2.1117857
SPIN2B,-4.7523804,-3.7152865
COX10,3.5997787,-5.756125
GEMIN7,-8.231407,-1.2126144
ZNF701,7.3082104,-0.04613994
CRLF3,-5.03893,11.451206
LURAP1L,9.428261,6.5431166
OXSM,4.058891,-3.819534
METTL21B,-0.99644995,4.4139075
ZRANB3,-2.9143538,5.2012653
ZNF587B,3.124114,1.5712285
SH3RF3,4.566052,1.2697
GSTT2B,2.4555125,-3.3207507
TMEM86A,3.7266564,6.025848
PWRN1,-3.9553566,7.0480237
BMP8B,-0.12712571,-7.634893
SFXN4,-3.699979,-3.8370073
FLJ37453,-7.941019,-5.9172688
SNHG17,0.4613965,0.90480167
LRP5L,8.891405,14.399458
FRA10AC1,2.5197935,-5.7195024
LIG3,4.576855,-6.920782
LRRN3,1.5606912,-5.8493886
GGCX,13.151916,7.95168
LYAR,-9.019404,10.319535
TCEANC,6.7315893,-0.97808987
SMAD7,-4.617702,10.828497
FAM90A1,3.8708606,-6.837046
FAM185A,-0.976823,-5.321683
MUC20,7.6792283,12.795843
DDO,-4.691666,-3.5436175
PLCXD1,-4.6941066,-0.76029515
ZNF275,2.0936365,9.728498
ST7L,4.4643283,12.108252
STAG3L4,-4.548184,-4.6798983
CTSK,12.032035,9.785733
ZNF883,-2.9221961,5.2141523
GSTM3,4.058754,-1.8881457
CENPP,9.665514,1.4235778
SLC26A1,14.184984,4.1569166
MAP3K7CL,-2.6281857,-5.372417
TMEM185A,5.225764,9.684978
ZC3H10,-12.125373,2.523386
MIS18A,4.0068707,8.080996
BHLHE22,3.0655007,-2.6119642
PDIA5,3.0656674,-6.09629
CACNA2D4,-1.0747237,1.150562
TTC12,-4.181232,1.9687603
ADAMTS2,5.4821353,10.189398
FAM53C,4.5392466,1.3136375
MGC16275,2.0068233,4.642545
FAM86DP,9.102282,-2.2795463
MCMDC2,-4.7282004,-3.5232923
NKAIN1,6.4061613,15.725839
SULT1A1,8.138646,8.347369
METTL2B,5.685084,7.477698
TTTY14,8.251062,4.700772
GATC,3.2617602,1.261227
ZNF71,8.2747135,6.82238
HEATR3,-4.3228884,7.506654
PTPN20,2.827233,3.231016
PRSS3,-4.2774043,8.720479
PLCG2,4.9371724,4.9407988
FLG,6.4778285,10.705708
SLC24A1,-3.6089237,2.722974
TRIM25,6.3886595,10.627783
