node,x,y
NSF,2.0016236,-4.6494665
YBX3,-1.6787996,7.753432
SPON1,5.869999,0.88970983
ERMN,7.7113895,2.4114037
ATP6V1A,2.4448292,-4.7089825
PRRG1,-1.616529,-0.14233431
SYNJ1,3.1395288,-6.6321836
ZEB2,8.459774,2.7289953
STAG2,3.3941567,6.2512145
LAPTM5,2.4473772,2.6790922
NTRK2,4.9470897,1.2403024
HK1,7.633671,-4.6364574
ZMYND11,11.539961,1.3772566
CD53,2.2798967,2.3912544
TAZ,3.20957,15.393084
GNAI1,4.5202804,6.8012094
FAM124A,5.963355,7.665166
CNP,2.3051662,5.4398546
MON2,-4.7698693,6.7589183
ALDH6A1,5.7891006,3.6768074
NCKAP1L,2.4703896,2.1063735
HSDL2,9.721066,0.5598529
NOTCH3,1.7631338,-9.423616
TNFRSF1A,-0.53635865,7.830245
SULT4A1,1.8780096,-1.6302621
DNM1,4.596613,-1.5607527
PECAM1,10.472113,4.2130604
DNAJC5,7.628794,-4.80606
TRIL,-0.25531387,-6.7199464
QKI,3.5606213,6.040311
MOG,2.6128495,4.9775186
SLC4A4,5.588865,0.9400297
SECISBP2L,7.6642575,2.5060933
ARHGEF6,5.5095057,4.232793
SBNO2,9.352546,-4.5281596
UBE2V2,2.7577446,11.85739
ATP13A2,6.7053804,-9.326593
PIP5K1C,2.3275297,-6.796308
ACSS3,5.926504,4.251528
ZNF664,9.2175255,2.5922258
EDIL3,-1.544397,0.20673326
CARMIL1,-7.574047,3.5387487
DBNDD2,9.9972725,8.057524
CLSTN3,5.327474,-1.5533502
SPI1,-3.6996808,3.2352378
MAOA,-7.9776015,4.3466887
RAB6A,-1.0380899,-3.8672707
PRPF40A,5.350625,-9.503284
OSMR,10.309414,4.594496
WAPL,6.246458,-6.186226
SYP,4.8980365,-0.5042523
MAPK9,2.1769958,11.849036
RAB3C,-6.011056,-1.3955069
THOC1,7.41096,10.309945
GJC2,0.438058,9.439691
BCL2,5.551919,3.7957237
UFL1,3.905863,5.8835583
SOCS3,9.42456,-4.4762783
ZNF644,-3.0736227,5.6167483
ZNF24,3.214361,5.9124103
ARHGEF11,2.6213596,-6.7057066
TMEM130,4.137495,-2.4519668
SOS2,11.52901,1.3007733
U2SURP,-4.4689794,6.265664
EPB41L5,8.707054,1.0363762
CNTN2,1.7491249,4.6029296
PCMT1,3.3023326,11.859891
AMPH,2.301996,-5.404831
PDGFRA,-1.3746789,4.4084387
OGDHL,14.355023,0.42781198
CLUH,2.3125305,8.097737
STMN3,-11.773053,3.7419417
SLC2A13,-6.502402,-0.53522927
PTTG1IP,1.6532717,7.6656094
AP2M1,8.55497,5.6848736
ARID4B,-3.1744523,5.6396017
PAQR4,0.6788539,9.454232
S100A11,-3.9798417,7.9905972
CACNG4,-1.2715784,4.3136663
ITGB2,2.359466,2.2138631
INA,2.1347814,-1.8242527
NIPBL,-2.7031183,5.177267
MAG,2.154208,4.884377
GSK3B,3.8503728,-7.0561275
FGFR3,-0.17426933,-6.974792
DYNC1I1,2.003399,12.222938
TMEM151A,0.076410204,9.624758
ATP8A1,5.9869924,8.095311
MAP3K9,0.19357614,0.18882859
PIK3CB,-0.91143554,-3.937463
DIMT1,12.36898,1.3993485
CDK14,9.2598505,-7.8675585
PAPOLA,3.2214339,-12.43011
ZNF692,2.6053724,16.083662
MDH1,2.453376,-4.200494
RAB3A,4.539663,-1.0035508
RUNDC3A,3.988246,-0.76252717
KIF5B,8.950095,2.7882447
ZNF451,-6.016698,8.2636795
SLC44A1,-2.0160842,-0.39956722
SYNGR1,7.1241374,-9.203417
CCDC88A,-4.6188116,6.6101613
BAZ2B,-4.1761003,6.234166
HCK,-3.6222637,3.8584344
ZNF770,-0.09632914,-2.1759207
YWHAG,1.4100931,-4.946506
KLC2,-9.3535595,-0.02255812
CNN3,6.517013,4.0972896
MYO1E,1.4130988,4.331076
SGSM3,-6.8494096,-6.0053716
GRIK5,0.8081584,6.493913
GLS,1.1247579,-4.765968
ELOVL7,10.865349,3.9852579
NACAD,-0.18269834,9.760345
MAST1,5.3100824,-1.4894146
ELOB,0.81955564,13.888986
STAT3,10.202964,5.508108
NPTN,8.322507,-7.023101
NDRG4,-2.158049,-2.1126966
DDX17,7.594298,10.376573
BBX,-2.0809143,-0.29507154
PPP2R5B,-1.8879292,-8.782305
MED13,4.579077,-10.73488
FAM208A,-2.8039403,5.34217
NUDCD2,-2.1032705,1.6337318
GPSM3,-3.7818215,2.9111753
ATP5B,-3.7463293,-5.469311
OSBPL7,2.3627067,16.360294
SEPT7,8.006769,2.7099242
DNAJA1,3.959357,-12.981884
PSEN1,6.1225343,7.4701357
SELENON,5.317649,10.0772085
SYK,3.52835,2.82279
TBC1D23,-2.4935012,5.19219
PLCB2,2.2623,1.285381
GRIN1,4.208909,-1.9716858
ADD2,10.608513,-6.3519015
GHITM,14.198404,-1.4933889
CPE,4.5783896,1.7534024
SYT13,2.3918517,-1.8106335
PI4KA,2.6453736,-6.6934524
UQCRQ,0.48259732,13.55272
BCAS1,9.235899,3.417265
RPL19,7.2471595,13.279834
ADD3,4.0476937,-9.341542
ULK1,-6.497988,-6.1604433
UBE2D3,3.0254183,-12.392194
ATP5G3,-3.8351245,-5.109399
SYN1,4.0984426,-2.4434457
LYN,-3.5104806,4.020887
VDAC3,2.4561594,-4.139942
PTPRB,9.41889,-0.73445934
FBXO44,7.6475024,-9.378233
NEK11,4.1197486,0.88708633
STX1B,5.126542,-0.547187
PIN1,-0.3251469,13.084517
PRMT5,12.714522,-2.3261988
MAP3K5,6.194331,4.5650735
SNPH,-0.047908057,0.7989912
N4BP2L2,-3.8210344,6.162021
CLDND1,-1.7882608,-0.1973197
IL4R,10.316348,4.526032
PPP3CB,2.6484153,11.91109
ATP6V1B2,8.771373,-7.4296894
FAM96B,8.964633,8.017048
FIS1,9.360978,8.114122
ANKRD40,9.212453,3.0777557
GAL3ST1,2.9810617,4.7995725
UQCRH,-5.9298825,2.0948126
FSD1,-1.2215852,-9.0295105
PIDD1,3.0937254,15.385987
AP2S1,-4.7214446,0.61561435
TWF1,4.527584,-9.661107
EPB41L3,-8.99112,9.013973
PPP2R1A,8.579412,-4.5437236
MAP7D1,-0.23891126,9.936304
CYP27A1,1.6067679,6.326788
DOCK2,2.3837276,1.9448048
JPH3,4.5313854,-2.9537659
PKN2,13.133549,-7.4322343
NDUFA13,0.7153058,13.787338
CNOT1,-0.09975718,-1.7423236
GABPA,13.064822,-7.3559604
PCDH15,-1.2123775,4.4382973
TOGARAM1,-3.0232012,10.777306
ATP13A1,2.0844536,15.9158
RHOBTB3,12.578153,-0.26967484
WLS,4.981139,1.4881228
CPNE3,5.3991594,4.2986646
LPAR5,0.48335627,2.90865
BMPR1B,4.939023,0.9638712
TMBIM6,2.0931315,7.385592
MLC1,7.002271,-2.1043506
MAGEE1,2.5997262,-4.88934
KAT2A,2.4212153,16.346912
TCEA1,4.8906684,-9.664873
MOK,6.968703,0.40140527
PRDX2,-3.8325818,-5.212621
AAK1,1.2003838,-4.646256
ZNF652,4.419174,-4.1820974
AFG3L1P,3.116792,15.088098
KIAA0319,-0.45555556,1.3505973
DDC,-2.3385613,3.1246202
PLEKHH1,6.14446,7.9659758
FOXO4,-9.676187,-6.8970337
SRCIN1,3.0853753,4.6354337
PGGT1B,14.441134,-0.78746516
ELOVL1,1.6848104,4.6187887
AHSA1,4.159992,-12.42223
NDUFAB1,-6.0034356,2.1423657
CCT7,4.5763607,-12.390847
PSMA2,8.217143,8.331422
KCNC1,2.0003083,-0.9533892
IDH2,6.6442204,4.928276
FOSL2,-7.212977,6.842917
INTS11,3.9540868,15.261306
MAPRE3,7.4393106,-9.29545
WAS,-3.5093057,2.9819229
PTPRD,4.7146235,6.793853
CDK5R2,-6.259956,-1.1326408
SFSWAP,3.13325,15.013862
PRKCZ,-1.0591753,12.136354
DYNLRB1,-4.844953,0.7623829
UQCR11,0.65374607,13.500011
MTMR2,4.2438917,7.190018
PITPNM1,12.210427,2.8112962
ARHGEF2,1.6475629,4.609554
ATG4B,-7.056839,-5.9364834
ITIH5,1.3426858,-9.491379
SH3GLB1,12.866239,8.291632
RPL32,7.1780167,13.384929
ENTPD6,7.4763217,-5.1397643
LMAN1,3.5458734,9.527566
TMEM132D,-1.2648108,4.4471526
KLK6,0.63158476,9.349172
IFI16,-4.754777,9.596681
PTP4A2,8.550696,3.3314347
AMOT,8.83877,0.93193126
NAPB,2.1390712,-5.0296164
SYN2,-5.7898164,4.3775144
STAU2,7.7735586,-6.8751106
DTX3L,-4.7599425,9.688011
PAPLN,13.10928,10.733928
ANKRD13D,-1.9562025,-9.547598
SLC6A11,-0.0990655,-6.9936957
MAGT1,3.787697,9.228541
ACHE,5.2454824,-1.5904537
MYO1B,1.5138087,-9.506423
MAP7D2,2.154383,-2.3963075
STOX1,5.454809,4.732225
ARCN1,4.7231355,-13.808894
MMRN2,10.101205,-1.4535142
LRRC8D,-1.43637,0.3472449
FAIM2,-2.2700331,-8.385081
ATP6V0A1,-2.210543,-8.524286
STRN,7.4452834,2.5945683
ITPR3,10.190379,-1.3502828
ACSL5,10.446903,4.3234215
ATP1A3,3.24317,-2.058147
BBOX1,6.3297806,4.454598
NCLN,16.989843,2.6392448
PI4K2A,8.227817,-4.558301
AP2A2,6.639192,-9.296201
CPLX1,1.8801845,-1.1656557
PGM2L1,-5.9768815,-1.4322401
CHRNB2,0.1874403,0.08489404
NOTCH2,5.2817655,1.7190851
ABHD8,0.7595988,6.4002047
SHTN1,8.47196,3.2336564
GABRG2,2.3281562,-1.7637643
NUCKS1,12.239486,1.3638457
ADIPOR2,4.365902,-4.198563
MYL12A,-1.1328007,7.879274
PACSIN1,4.1669803,-2.643963
SLC1A4,9.919742,-2.7901397
INF2,1.1530006,9.78532
GMIP,2.1181085,1.0383662
GARS,-0.6617353,-9.255058
CPLX2,-6.296437,-0.8311548
MOB1A,1.4867531,2.167996
SLC38A11,1.323738,-9.616622
MTM1,13.267946,-0.37787724
NDRG3,-0.64970034,-3.876771
COX7B,-5.7987924,1.9645892
ATP5J2,-5.3109326,1.6153268
UBFD1,7.432279,-4.5832076
PVR,12.466353,2.6826572
CPNE7,7.217613,16.638433
XKR4,-0.79936314,5.3424845
ATP1B1,-0.711512,12.074649
ANLN,3.8959405,-4.2664304
UBN2,-5.361829,5.91347
ATP6V1C1,-0.10902407,-12.402283
CHORDC1,3.6395702,-12.628346
KLHL1,-6.436473,-0.6207844
STX10,-5.9889455,-3.8574798
YARS,-0.41568634,-9.36248
CDH5,10.148285,-1.3737069
UCHL1,4.72397,-0.46601996
NASP,7.268812,10.201227
GTF2I,0.21797763,-2.092586
SLF2,6.4538074,8.702174
TROVE2,4.6849213,-9.907159
FGF1,8.589947,2.5295284
NAPG,-1.3975033,-3.9529457
PLLP,1.8791548,5.980718
CCT5,-0.20501165,-9.471673
CASC4,13.50241,-0.4744983
ASTN1,9.752987,-2.7776477
TUB,9.505364,-7.7529554
EIF3G,6.7197247,12.492383
TTYH1,-0.5542358,-7.1611857
MAP4K5,-5.6256886,7.7713747
OPCML,-0.79742455,5.3859477
MAP2K4,1.0374072,-4.760997
PLCL1,4.1244907,-5.1493645
STK39,-7.6769896,-9.305875
DVL1,9.877477,1.5787123
PAK2,12.851459,8.260006
DPYSL5,-8.901415,8.9390335
ENO2,8.511216,5.5128245
COL4A1,-7.1856527,7.4915094
CD93,-1.7221456,7.7482667
PDE4A,2.0002832,-2.6271226
GRAMD1B,14.299379,0.36215857
NANS,-5.2477264,15.041915
COL9A2,10.611,8.378944
PMPCA,2.480284,8.081791
ALDH1L1,6.5527716,5.0179553
BRD7,11.580984,1.0398536
ATP13A4,6.090571,0.8554278
LY86,0.6777899,2.9823186
NAA38,0.7011436,13.6578045
PRPF4B,-3.7369323,-3.6770418
SV2A,5.0707903,-0.55378425
UBE2O,8.357764,5.369351
CCT3,4.4128594,-12.253113
JAM3,11.787428,7.025031
CLTC,15.766764,-6.66721
ATP5A1,-3.7832947,-5.4004073
MRPL24,8.863488,8.078194
MYL9,2.4439292,-9.015805
NMNAT2,-5.8016443,-1.4365901
ABCA2,11.469168,6.432652
LSM4,-0.16693915,13.19731
PRKCH,9.739697,-0.8284742
PPP1R18,9.914675,-4.2404947
HSP90AB1,5.257578,-11.322872
UG0898H09,8.838282,0.8907457
SDC3,0.012133766,-6.709892
FCER1G,-3.4605691,3.9429777
ITM2C,7.0449963,-2.1149006
KCND3,-2.1472201,2.8983974
PIANP,4.364499,-1.0412838
PPP1R14A,9.770859,8.053246
PTPRN,4.1534758,-2.221843
B3GALNT1,-0.2748141,-12.177618
CARNS1,2.8366568,4.9696107
BIRC6,-5.0371156,7.020483
SERPINE2,7.047546,-2.0949652
CTNNA3,8.086245,2.6339805
FMN2,4.7516427,0.6115604
FARSA,8.506047,6.1403885
RPS4X,7.037289,14.368751
PIM1,9.664761,-4.2340527
KLHL4,3.9206517,-4.372805
PRTFDC1,3.7873404,-9.187708
ARHGEF17,-9.735217,3.8854346
PACS2,1.5330883,4.942698
FDX2,-0.15877366,12.898698
SYBU,-0.4876743,1.3768758
DNAJB1,6.205494,-11.713858
MVB12B,1.5470717,4.8937926
ICE2,-9.351577,4.0905237
SH3TC2,6.1595054,8.002899
NTSR1,-6.013932,-0.25963494
CPEB1,-8.944031,8.973976
PYGB,2.7042627,18.538136
THY1,4.328985,-0.9513412
SNCB,4.330273,-1.8067884
BORCS8,3.823159,-0.7455006
PAN3,-4.733165,6.1364245
MAPK4,-7.790743,4.0623884
TRMT1,3.8430934,15.337548
GNG5,-0.853587,7.9583225
SYNGR3,-6.041492,-1.3150178
RHOG,1.5774208,4.432422
CTIF,7.375019,-5.143756
ARL8A,-0.21473356,9.911635
SLC39A1,10.212258,5.528846
GNG3,2.0045147,9.940278
SLC10A4,-2.2506418,3.2073393
KLHL13,9.027108,-7.733276
ADGRF5,9.648678,-0.7300931
ITCH,-2.2260826,-0.4148901
ATP5H,-6.008616,2.210455
SPTBN4,-0.04658872,0.87311137
ATP6V0D1,8.556502,5.822253
URI1,8.4113,3.5414124
EHBP1L1,-3.9590144,8.047671
DNM3,15.984778,5.693141
GPR4,-7.092851,7.402096
EFS,10.545794,8.400918
MDH2,-3.8259854,-5.144462
RCAN2,1.9523625,12.318714
ERMARD,9.7690735,11.853564
RPL35,7.082469,12.970227
ABI3,-3.6170683,2.789915
FBXL19,5.9770617,-1.2899197
YAF2,15.282889,2.8449833
TTC30A,14.580793,-0.8348118
LPCAT4,14.7875805,4.5874577
FUNDC1,2.4677408,-4.129817
FGF13,15.380995,1.174389
MIGA2,-6.5812683,-6.1191635
RUSC2,-1.9832267,-8.60082
CCT8,-0.2805566,-9.417845
PARD3,-7.6980333,3.993166
ALDOA,-3.8860743,-4.798955
MRPL40,8.399659,8.187357
DYNC1LI2,9.235748,2.9851832
MCMBP,12.874172,8.302098
PHKA1,-7.7555,3.6982584
MAP4K4,8.960439,3.1595485
MAFF,-7.0476313,7.2037187
EFNA1,13.69285,3.7796729
TNR,-1.6546657,4.463972
UNC119,7.117932,0.1552792
CHMP2A,8.662081,8.076229
ABHD4,1.8981831,7.4951315
ACADS,6.6928864,5.054111
ZNF384,-0.41207647,-1.4844443
ARPC1B,-3.9969442,8.008305
CEP170B,5.8890586,-1.3122523
RUSC1,-3.5454595,8.955838
CADPS,0.24768022,0.17101029
RGS10,0.7522127,2.9430203
RAB34,6.660141,5.4638233
SOX9,5.220138,0.78192854
ATP6V1H,-0.2797492,-12.311524
HINT1,-6.0329843,2.1807117
RAB14,4.7314305,-13.81673
WDR7,1.9318742,11.690554
BCL3,9.190138,-4.5131183
RBFOX2,7.952372,-6.899215
GABRB3,5.593477,-1.9374053
RNPEPL1,-5.9986663,-3.847876
ZNHIT6,11.593712,1.0365833
CTNNA1,3.7920067,9.230153
ABCG2,9.145387,-0.7280957
MYD88,-4.778205,9.699506
HSP90B1,6.06679,-3.6673667
SH3GLB2,3.1082094,4.6882825
LCMT1,-4.9944444,0.99801815
APBB1IP,3.5977268,2.8240619
RFX2,5.248403,0.76540077
PDIA3,-2.1317801,-3.3758748
LRRC8A,10.020313,-2.8358855
CCDC117,3.3388324,-12.484399
APPL2,5.696417,3.541565
IL17RC,6.688576,5.297498
GPC5,4.28774,1.9044404
RPL5,6.9534807,14.621799
NDUFB7,0.43257034,13.647572
EML2,-1.1294382,12.142708
SPARCL1,5.025036,1.4770504
POGK,-9.585606,-6.6749825
MIER3,-2.9090567,-4.819232
ARID5A,9.267981,-4.5602584
ABCB1,9.628629,-0.7828514
WDR47,-0.9129616,-4.0446563
UQCRC2,-3.7191224,-5.7542906
PNPLA6,-6.931545,-5.989166
GNB5,-2.1795042,-2.0937407
ZNF148,6.4693213,-5.961103
ATP2B2,14.315551,0.37746847
RET,-6.3705792,-0.6970786
TMEM189,0.5048341,9.26084
ZDHHC17,-2.9156458,10.689918
KIAA1324L,4.760466,6.687978
TAGLN2,-1.393774,7.8291717
CIRBP,9.771665,11.85625
MCM7,-9.653799,-6.9652696
LAIR1,2.5268972,2.7466495
RGMA,0.0355271,-6.7816663
TTBK2,-1.469485,-3.9591897
KIF1C,-9.583675,-7.0142694
SYNCRIP,5.249345,-9.460598
WASF2,1.599257,7.782974
B4GALT5,12.735461,2.669599
CD37,-1.2931422,6.4367843
ITPKC,5.149922,-5.953928
OPA1,-0.6022879,-12.3733225
INTS14,1.2861339,-8.084704
EPDR1,2.4611835,-4.803802
SMIM13,-8.989486,9.008845
GNB2,5.6049643,10.377942
GTDC1,8.579408,3.3240254
ST5,6.1042786,4.2779684
TBC1D12,3.9663339,-4.1388645
GAMT,9.598545,8.101022
SPTBN2,5.4578714,-1.4499713
DNAJB6,3.7329407,-12.577043
ASIC3,2.8861039,15.75375
HAPLN4,2.015198,-0.94517237
GRAMD1C,-7.6637483,3.935901
SNTA1,-0.49720505,-7.1490207
CRYAB,-1.7069503,10.936225
MAP6D1,2.917433,4.900951
ATCAY,-0.33560848,5.0074825
ESAM,9.979633,-1.5837098
WFS1,10.03377,-2.8018174
ACBD5,0.59543455,-2.1448095
UNG,-7.9836745,4.4001656
HNRNPF,-4.853787,9.3958845
CCT4,4.3972583,-12.235764
TGFB1I1,9.550653,-1.8997496
MARCKSL1,10.4644375,8.413817
RASAL3,2.2586894,1.2707542
TRIM23,-2.8235211,10.618378
PDLIM5,5.7147613,4.305433
EVI2A,-1.394091,0.38407126
EYA3,3.6175327,-13.566617
ADGRA2,9.464512,-2.1043544
SEC61B,-0.674627,7.4797735
CA10,13.286357,-4.750603
RFK,8.49505,-7.0491633
IQCG,3.9483674,0.80694956
XPR1,9.333526,-7.928043
TSSC1,8.78934,-4.5444503
SESTD1,7.2873073,2.2859714
RPL11,7.110637,14.336388
SPAST,5.6949296,7.990768
EFCAB14,12.06644,1.3482229
ZKSCAN1,6.475669,8.719934
XAB2,12.1014805,7.2612586
TSPAN15,2.2809346,5.395655
TMEM106B,6.0071435,16.047915
GMFB,9.323155,2.498395
SSNA1,9.22355,8.516224
ELK4,-3.8392842,-3.554327
PHF24,1.8476102,-1.6848195
GGT7,-1.2233111,-9.150223
JPH4,4.704728,-2.9366646
RNF215,7.1090655,0.17475595
LDB3,2.766424,5.133379
MARC2,4.674424,1.7097172
CALR,6.0757933,-3.6561606
NXPH1,-0.699875,5.267038
TMEM132A,1.1576743,6.818685
SMAD4,4.5619497,-10.890096
TMEM179,4.133602,-0.86307955
GOPC,-3.043693,10.793924
POLR2I,9.329765,8.174221
UBXN4,-5.336928,-9.9209585
TRPM3,-7.7006316,3.4351473
CSNK1G2,9.845008,1.5366292
TBX18,2.178554,-9.239084
PPIB,-2.043105,-3.2907648
DAG1,6.047244,0.35265163
SMOX,6.5470023,4.88234
GJA1,5.047155,1.2498512
UQCR10,-5.34156,1.650119
AMY2B,-2.9311259,-12.266192
SHC1,10.267177,5.2954583
P4HB,12.592393,-1.8758367
ANKRD52,8.266162,5.2870197
MAP3K10,5.9587173,-1.2938
PCDH7,5.759562,-2.1149497
FBXW4,-9.556597,-7.049477
ADAMTS9,-7.116646,7.4242682
MFSD6,16.014917,5.7207093
PSMD4,-0.05045276,12.594658
SLC11A1,-4.1704535,3.9311774
SDHD,12.372672,6.973811
HSP90AA1,6.018035,-11.682274
SLC27A4,-1.9640343,-8.691379
CAPN1,-9.809913,3.8396552
CDK5,4.698857,-0.45476636
PIK3CA,-10.9133625,-3.1325884
PTGES2,-2.5463274,0.5360669
ACTR10,3.076028,11.759939
MAP1LC3A,-0.6016752,13.136265
FASTK,1.1406313,19.222404
FBXL15,-0.16073695,13.03035
MGST1,6.4885187,4.239933
PTCH2,7.052566,0.2782873
CNNM1,-11.828522,4.0563183
FURIN,5.161192,-5.973292
CLTB,-0.5819557,13.129119
PEX11G,9.782763,11.866541
PTGS1,2.3074608,1.4303384
TIAL1,6.5535436,9.229681
PKN3,10.415504,-1.1408677
EGFR,6.109086,0.8519369
SLC1A2,-0.12580988,-6.9837027
PNP,9.303507,-4.4984846
ATL3,3.740371,9.292997
IARS,-0.79301745,-9.221438
STMN1,-3.2426386,14.186902
KCNH8,-6.2944384,8.644531
RPTOR,2.4095578,8.241491
DIXDC1,4.170992,-4.9316864
APBB1,-0.4040044,9.839035
PPARA,5.7479944,3.6351562
SRRM3,4.1505985,-1.8280029
GTF3C5,12.132976,7.248213
UBALD1,-6.1008806,-11.085528
FBXW5,9.841495,1.5284578
SIRT2,0.9291288,8.838833
PODXL,10.100357,-1.1829039
PAMR1,7.0529213,-2.1209655
RABGAP1L,16.14799,5.847931
CIB1,-8.204109,4.755088
TRIM59,6.1945977,8.265178
HSPE1,4.036726,-12.935069
IREB2,-4.119806,-9.682735
SMO,13.037634,10.795941
TRMT13,-3.9452841,6.132432
MBNL2,6.21359,7.3516445
NENF,9.622997,8.089036
ARL1,-0.50005215,-12.363729
GPATCH8,-0.09364139,-2.1350822
TMEM246,1.8820121,11.628466
ANKIB1,11.78097,1.3654529
NDUFB8,-1.4594148,13.453268
MAP2K3,5.133548,-5.9485865
TMEM119,0.69959843,2.9483216
RRNAD1,12.129015,7.231778
ACSL6,5.7400327,-2.0901103
NFIL3,9.687614,-4.827222
SCAF1,17.260452,2.9633324
TMEM59L,-11.818601,3.3293886
TRIM44,-6.3453937,-7.9313154
CHD3,12.203266,2.8025901
HECTD1,-2.9084678,4.68179
MTMR10,11.269044,-4.5472784
RFC1,3.2036822,5.9213552
QTRT1,8.95839,14.305466
PLXDC1,1.4269253,-9.45775
CHST1,1.3271905,6.9825425
DHFR2,3.9024334,-9.255407
SCG5,-0.7960111,12.060159
ATG4C,4.3758545,7.682185
ZYG11B,4.011341,-7.1966333
PPP1R37,-6.15678,-11.134452
EDC4,-7.4196434,-5.73872
ATP5F1,-3.7413101,-5.990497
COMMD4,9.782608,11.864072
DSCAM,-1.3701522,4.4019723
PRKACA,8.145357,-4.5722
COX7A2,-1.3843821,13.498451
MDFIC,5.237721,4.294183
MBP,9.23886,3.4512753
SYT1,-6.1099,-1.2412962
LIMK1,0.1919717,0.37455937
RUNX1,-3.8753817,3.8553135
LSM14A,-3.5396783,8.949515
SLC1A3,5.10839,1.5119364
PSMB8,-4.9299173,9.918885
FRMD8,-1.9336843,8.998911
SNX4,-9.631824,-1.4833026
GOT1,2.1697075,-4.3530793
MAN1B1,17.153296,2.8429337
RDX,3.3895557,6.389674
NEK7,9.290173,2.4572122
RPS6KC1,-5.4266934,-4.8448453
MORC3,-2.8560038,-4.894882
POGZ,7.6280127,10.405476
COX4I1,-1.3706628,13.4826
ACTA2,2.4670734,-8.993504
TXN2,2.745186,8.001868
CLIC4,-6.7989206,2.6114936
SASH3,3.1058369,2.9728172
SYT12,-11.823483,4.077558
SEC24C,-0.41164953,-1.4901549
SEC61A1,5.54338,10.315642
PCDHGC3,5.3163834,1.7787206
SLC25A25,12.714,2.6758258
DMXL1,0.5520607,1.6003746
FBXO18,-0.4628103,-1.4403552
BCAS4,-0.4336369,1.3205426
CCNL2,3.050887,14.844186
BOK,1.0502855,9.893975
WNK1,8.514012,2.5462735
EIF3I,-4.857055,-12.002141
MCAT,-3.7749267,-3.6251252
GAK,-7.393981,-5.7500267
JOSD2,9.265023,8.405515
TSTD2,-0.230914,-1.6447409
SDC4,13.260207,10.594576
CETN2,-9.145407,1.322506
GALT,12.8464,8.252932
TPD52,-9.092584,9.103655
RIDA,-7.873549,4.2486224
RNF167,-7.720654,0.8775233
CALCOCO2,1.6203218,7.8998013
TMEM9,8.799826,-4.536251
RHBDF2,2.5111709,2.7213778
CWC15,8.198027,8.34989
ACBD7,5.4727225,4.7824025
SORBS1,-1.067435,8.30095
EIF2S2,-1.6535829,10.906763
PRKAR1B,-11.643878,3.6134813
AP3D1,7.720501,-5.2710137
ZSWIM8,1.6337891,15.859971
URGCP,6.764478,-6.5934687
DPF2,-1.9576527,11.040814
RBPMS,7.270649,-0.51168483
CNTN1,4.1282763,1.836352
PSMB7,-5.047994,1.0881621
ATP1A1,-9.756431,0.18670584
GMNN,-7.867426,4.319976
FEZ1,0.09541325,-7.9281745
SORT1,4.241799,-4.214011
FGD5,9.770127,-0.7673494
ERBB2,13.042979,10.79189
PLOD3,0.47603658,9.214622
LRRTM3,-0.73986834,5.280451
UQCRC1,-3.865424,-4.9632163
NBEA,3.9172194,-7.11637
IFNGR2,9.789899,-4.11
ATP8B2,-9.813486,3.8369825
ALDH2,6.3072205,4.433323
TMC7,-11.670884,-1.9209013
NAP1L2,2.6707933,-4.9321938
CMTM5,10.485179,8.400853
CUL3,-10.947235,-3.1025496
RHBDD2,-11.858379,3.31167
PHF3,3.363741,6.4324317
OSBPL1A,4.169643,-5.2248583
MYT1L,10.677144,-6.4388895
DAGLA,1.0616709,6.713425
SMAD5,6.4018164,-6.0244484
DENND6B,-0.35480082,1.2372832
HSPD1,4.0199003,-12.953632
HSD17B3,-6.187606,8.514449
CD63,-0.72204703,7.596538
RBM5,7.557478,10.352749
RICTOR,-2.08093,15.962117
RUFY3,-9.052195,9.066693
COL4A2,-7.2633977,7.5686
SART1,6.6580944,12.429918
PALM,2.5896063,8.025194
ATP2A2,15.842236,-6.740534
KAT6A,13.226236,4.843998
RBCK1,1.5489104,6.404411
CDK10,-7.212231,-5.847761
TGFB1,-3.8546112,2.9766388
TYROBP,1.7002112,2.8164248
CDK18,11.768796,4.942624
GADD45B,-6.9786944,7.0048137
THUMPD1,-2.4450471,5.555399
LGI3,-0.56861645,9.864517
ITPKB,1.1546668,5.962439
KLHL17,-1.9286871,-9.535188
MTURN,9.198036,3.2636817
OTUB1,8.626179,5.716014
NCEH1,14.294923,0.30089206
HSPA5,6.1082306,-3.6640356
SF3B1,-2.7472258,5.2768893
TSPAN14,10.359925,4.0425563
TRAPPC5,19.73274,2.3679476
ABCA3,6.6889954,-9.537498
UBXN1,6.672127,12.446079
RYR3,13.0887985,10.749036
PA2G4,-1.669415,10.918579
NUDT16L1,-4.503992,-4.5528393
SLC25A4,2.122855,-4.3347745
ARL2,9.223566,8.505294
NSG1,2.295247,-1.7786307
TOMM6,8.541583,8.072972
KIF3C,2.827727,-6.547316
FOXF2,9.391939,-2.1998816
DPH7,3.1288533,15.121221
TCIRG1,-3.9803252,8.034354
NEURL4,-6.669205,-6.0706635
PKD1,-6.5371757,-6.1464725
SEMA6B,12.326494,2.7472365
SLC25A22,-11.743726,3.7299604
DNM2,1.3670291,4.2700214
EIF2B3,-5.1119676,1.1903948
DPY19L4,6.052146,16.0022
LENG8,5.248895,-12.437963
ATAD1,-0.64556015,-12.383818
TDRD3,7.3091516,10.2327
B4GALT6,9.105647,-7.796548
EXOSC8,2.7164602,-6.79321
KIF3A,-0.9314082,-4.4412
CRY2,2.6947713,18.547028
TINAGL1,9.600812,-1.8895887
FBXO11,-10.918154,-3.1261754
ZNF638,7.4722896,10.32124
SLTM,8.291721,3.6576424
ABHD17B,6.210904,7.355444
FZD3,7.266659,-7.7119813
STARD8,10.830384,4.0597997
ABI1,6.1799293,4.579267
TEAD4,10.02578,4.69413
RAB1A,14.240997,-1.5556893
TARS,6.14654,-3.7192225
DNASE1,2.6052423,16.850187
PTPRZ1,3.9742186,1.763647
ZFYVE16,7.2348704,2.6696873
PEAR1,9.533638,-1.9957527
RAB6B,-2.1117876,-2.0998888
FZR1,-1.9176545,-8.572201
ATL1,3.506711,11.826311
PITPNM2,3.8542838,-5.4626975
CMTM6,1.4471796,2.1369183
RASSF2,7.5850167,1.8945785
PPP1R8,-4.3833447,-7.3357463
TPRG1L,7.2801805,-4.8380165
NTRK3,9.9504175,-2.7629087
ACVRL1,10.284987,-1.2173816
JMJD6,3.6486113,-12.646111
SLC25A3,-3.7256832,-5.754213
SPAG16,3.7636385,-9.173288
HAUS3,-5.0378294,6.046298
TMED7,6.0284286,16.025381
SAR1B,-2.0534873,1.6801368
PLD1,-11.650219,-1.9021218
ADRM1,-3.4580824,-4.417066
ZBTB47,-9.765299,-6.8589053
ITFG1,3.325456,12.04245
RTKN,2.0884504,5.743314
ATXN7L3,8.504973,5.3800073
TBCB,9.3091755,8.273543
DUS1L,4.1906953,15.096935
NDUFA11,0.23165974,13.766638
RALY,6.66425,12.430149
KAT2B,12.545012,-0.26820356
GALNTL6,-6.0608954,-0.30353147
FCGRT,-4.00345,2.958368
RPL13A,7.1490984,13.005822
IGSF6,-6.1521263,0.85336566
SCAF11,6.2193184,-6.243208
FBRS,-0.06680882,-14.8925295
GAD2,-9.080024,-3.654706
SCN3B,7.256518,16.6759
CHGA,3.1236005,-2.052558
HSPA4,3.6857483,-13.51059
C1QB,4.559342,8.821466
TMEM183A,9.60922,-8.186019
NRXN1,5.742729,-2.0869873
CDK13,-5.3242755,5.947343
KMT5B,-5.126952,14.916454
TMEM67,6.91022,0.46469367
TOMM40,8.445106,6.229411
PREX1,1.4812878,4.2397103
MRPL28,-0.11502832,13.864678
LSAMP,-1.0803202,-2.4918528
ATP6V0E2,7.253707,-5.2194414
SPEN,13.22864,4.8435063
ADGRL1,-1.0457172,-9.083555
FA2H,11.996307,4.7623005
LOXL3,0.3070254,2.81552
LPP,9.991464,6.177888
ASXL2,14.232758,-0.75865215
SEC23A,-6.5018797,11.559699
VSTM2A,10.887466,9.7008915
DNAJC21,-6.3143535,-7.9520335
ABCA7,-1.8970765,-9.515226
MYRF,11.6678915,6.808424
OCRL,7.341894,-4.549734
NOC2L,-9.704948,0.13204907
GPM6B,-2.0586677,1.6712986
CYC1,-3.6945517,-4.6568503
PTPRO,-5.961296,-1.698968
ARHGDIG,3.839439,-0.75113213
BTF3,6.9117017,14.688965
RIMS4,4.1951017,-2.6998887
FNTB,1.4985157,4.984306
GABBR1,-3.9545991,-0.06973152
PIFO,4.0451684,0.8481605
ANXA6,-2.153936,-2.0831654
TRAM1,3.6064937,9.449097
PFKM,14.306876,0.15776591
CSE1L,4.690477,-13.771599
RPRD1A,4.2581964,-4.8576536
LIME1,3.1565049,15.539798
BTG3,-6.830224,2.590916
COX5A,-5.924555,2.0552075
RSAD2,11.3064375,14.766371
SMG9,12.120267,4.6714926
PRR18,1.9581546,5.888104
GTF3C3,2.6689513,-12.130626
COPB1,3.1519303,9.667874
GRINA,10.060312,-2.808676
TCTN2,6.945986,0.41516945
TSC22D4,1.4759192,-4.540224
TMEM87A,-2.0323663,11.090104
ACVR1,9.167637,-0.7061832
OLA1,-0.9594946,-3.9389508
PHYHIP,-11.825661,4.082874
NCKAP5L,2.050573,15.871499
CYTH1,11.520873,6.51824
RHOT2,4.3153234,15.007558
PDGFRB,1.1540115,-9.889818
FADS3,5.6161375,10.389108
CLINT1,-10.913715,-3.133167
RALYL,15.39445,1.1724694
POLR2J,1.2886484,-6.11975
FES,9.906656,-4.2834744
APBA1,8.947723,-7.6906877
RBMS2,10.805891,4.031893
PEX12,2.387802,7.1733556
ADGRL4,10.023517,-1.4943736
ZMYM2,0.79957163,1.5823762
YIPF1,4.5460696,-12.366297
VAV2,-2.0370326,2.7376544
SCN1A,2.0681744,-0.8946149
NCAM1,-0.17442605,-14.988405
SYNJ2BP,9.342102,2.4849186
NEK4,13.377559,-0.43263382
COPE,6.8059006,-5.6197267
AP5M1,0.47762367,-4.9057007
CHMP1A,17.101982,2.7807055
SEZ6L,0.011742838,4.6373243
TMEM63A,11.424388,6.4041495
CCM2L,9.011125,-0.78785646
TUNAR,-5.82194,4.410814
MALSU1,4.581047,-12.399028
NOSIP,9.198954,8.563164
RALGDS,13.7057,3.7939644
SMPD3,12.860909,8.282108
LAMTOR4,0.91825503,13.966281
SRRM1,-6.128519,8.392112
RAP1GDS1,-7.679585,-9.302942
GJC1,1.304129,-9.687556
RNF128,-0.548242,5.145145
PDS5A,-2.2534194,5.0351562
GPR37L1,-0.518809,-7.1390705
ABCC5,0.29427004,-4.9985747
NFAT5,-0.15112582,-1.8277143
ADCY4,10.425223,-1.1823552
MLF1,-9.092838,1.3875023
MRPL12,-0.04254867,13.8046255
PPM1L,-1.1163503,-2.4615147
SLC7A10,-3.984588,-0.077955574
PNMA3,4.1190786,-1.8477527
TMEM9B,2.2050767,7.2998114
TEAD1,9.222946,9.901217
PITPNC1,4.8962765,0.8673681
TIA1,-5.6673126,7.821907
TMBIM1,1.286472,7.8400674
TRIM38,-3.963492,8.024061
RPN2,12.651269,-1.9798421
SRRM2,5.261476,-12.438247
NDUFS8,0.139695,13.779552
PPP4R2,-2.2377636,4.925004
SMIM15,-3.578331,8.990446
MAL,1.7839522,6.1016407
NTN1,-2.0852375,2.7841015
NADK2,9.728554,0.51029956
KBTBD6,1.8546116,11.571145
SLC35B1,-4.829752,-11.973725
CREBZF,-5.9769497,8.195274
NDUFB2,0.62843376,13.427776
BBS10,13.0081,-7.3059125
HSPH1,6.139538,-11.691687
RNF187,-4.7083554,0.6023638
MXD4,14.0735855,8.974688
TPGS1,19.726433,2.3740628
PTDSS1,-0.3742992,-9.232727
BLOC1S1,9.129682,8.05997
EIF3E,6.902919,14.702446
MTMR4,0.7742535,-4.776228
PSMB1,8.253062,8.312378
FAM198B,9.713159,0.5339698
GLT1D1,1.9529829,9.889046
COBL,-9.731808,-6.8930335
CENPB,-9.591485,-7.0224643
VDAC1,-0.43939,-9.308909
PPFIA3,5.8205137,-1.334602
WDFY4,2.3545218,1.6764477
SUGT1,4.6124787,-13.679769
CHD1,-3.8787186,-3.5055456
HSF1,14.146928,9.036159
NDUFB1,-1.6882207,13.394076
DOK1,-3.947256,2.958573
ZC3H14,-6.833039,-3.6212275
PSMB5,14.108234,-3.8455582
SLC4A3,-0.024365526,0.7859804
RNF13,-1.4790277,0.3763592
PSMD2,-3.7871668,-5.4217563
SMARCC1,-9.629259,-6.798383
TBC1D14,13.381495,-0.43351054
NCOA7,-1.4996623,-3.9567497
LMTK2,1.0018345,-4.676728
KCNQ2,5.366376,-1.4457694
COL4A5,6.293245,8.465506
NOS3,10.148586,-1.3909214
SRSF11,-6.015338,8.231446
VAV1,2.4215117,2.831769
DMTF1,6.5012565,9.075786
KCNN3,-0.32882148,-6.5524607
CACYBP,5.9485354,-11.642132
MAPKAPK2,10.2055,5.5596986
PHF20L1,4.5834827,-10.700584
JAG1,9.904549,6.3795094
SERINC1,7.4744077,3.2709413
CELF3,4.284258,-1.022913
SEC11A,6.90144,14.710481
PGRMC1,-0.804148,12.06525
GPM6A,4.010237,1.7946705
RNF141,12.208361,1.352101
C1R,12.791749,-5.5058556
CRELD1,10.817857,-9.871588
SHARPIN,-2.2920685,15.191562
ERC2,-5.9833674,-1.5249511
WDR83OS,-7.7134433,0.87746537
ANAPC4,7.294639,10.228299
ZNF444,-6.088906,-11.072725
VCP,-4.845328,-11.990389
ARID2,4.57847,-10.875921
GFRA1,-2.2259233,3.2751887
SPIRE2,-0.36505798,1.243025
PPP6C,-4.373454,-7.329375
SRD5A1,7.8044515,-6.8762693
KNDC1,0.7906642,6.4627237
SPPL2B,4.4296184,14.91616
ECI2,-8.076966,4.5450416
CERS2,1.2593553,4.213663
TMED10,3.7633958,9.2803335
ZNF788,5.589474,3.4266267
PPM1A,16.251717,-3.1572416
PCDHGB7,5.3835073,1.8738885
NEO1,8.81466,-6.7793565
ITGA1,10.907775,3.9442978
COX6A1,-1.4495497,13.457167
PRKCE,-0.5575492,-3.830969
PRDX5,-4.730913,0.6328429
SGTA,-2.2409291,-10.900344
ASB3,15.197401,2.9098735
LAT2,2.2455034,2.3365448
YWHAH,1.5849968,-5.1233625
SH3BP5L,2.665878,16.944857
C1QC,4.56235,8.830883
SRI,9.709201,0.5415288
DGKH,5.296203,17.754332
SEMA3G,9.409816,-2.2309651
NEFL,1.9027501,-1.3469226
SUSD3,0.51802117,2.915193
ZBTB17,4.1177754,15.14799
AGT,7.196588,-2.2737236
MEAF6,-0.0053159064,-12.441271
LGI1,-1.1813774,-2.406904
C5,-3.7328858,6.557635
SF3B6,2.718953,-6.7953076
UNC5C,-0.86571264,9.94033
KIF26A,9.405436,-2.1869698
DFNB59,-1.1268165,17.58253
CLTA,-4.952773,0.93051696
RCOR3,0.8127293,1.5852466
RHOC,12.483059,-1.7442706
SHISA6,-7.71304,3.5234275
ACADL,5.2658644,4.300163
BABAM1,-0.17922005,12.925925
LRSAM1,6.8013954,-9.418347
COX15,1.2731124,-8.062294
ARHGEF26,4.609845,3.5619023
MAPK8,4.044198,-7.2245917
QSER1,4.417017,-9.571156
CNIH2,5.101021,-3.6158864
CHPF2,7.724427,-5.2718825
RAB13,-0.95244575,8.01501
SEPT2,3.766163,-9.169339
TRAK2,9.247321,3.4910307
ATRNL1,13.25203,-4.742642
NDEL1,1.3394818,-4.9740176
FAM131B,-8.917579,8.952204
CHID1,-4.4381003,-4.590967
BCL2L2,-6.3644805,-7.9164643
CDH13,-0.8358546,5.403961
FAM160B1,-4.0995097,-9.66167
LHFPL2,1.6482519,2.2892685
ITGB8,12.544948,-0.26681033
DOCK8,3.6351347,2.8791003
KIF21A,-0.94051915,-4.1740546
IMMT,-3.7137222,-5.272562
EPSTI1,11.37777,14.695399
UHMK1,7.59552,-6.83012
TIMM50,8.466928,6.200871
LMAN2,12.624719,-1.900739
UPF1,14.085654,8.983248
LTN1,-4.790181,6.7972646
GABRA3,-0.33547828,5.006212
SMIM10L2B,-6.21646,-1.0748925
SARS,-0.73218477,-9.24937
UGGT2,-6.380664,8.74194
MEG3,4.721494,-1.4688922
COL4A3BP,7.5412135,-6.858383
WASHC4,12.981169,-7.2829256
FCHO2,13.296678,-7.6032796
JAK3,9.764277,-4.1372232
HARS,8.714205,-7.365773
ARL3,-0.30064982,-12.099061
PIP5K1B,5.2571044,17.71389
PSMA7,14.170909,-3.8168886
MED29,9.6386595,0.60729164
APOE,7.046463,-2.1041043
CPD,1.0288011,4.093749
OAZ1,6.9455895,2.1117995
WWC2,10.148761,12.8737
PLEKHM3,1.2319324,-10.967107
HN1L,1.523246,4.9539256
LZTS2,1.1736481,9.757064
FAM199X,15.344827,2.7943308
SNX6,9.002209,2.7252145
SZRD1,3.206544,12.119004
NDUFA1,-5.2795935,1.6405531
RPL22,7.114346,14.330662
CPT1C,-1.0603968,-9.099603
WDR35,14.532546,-0.81355506
DENND3,2.5630744,2.6832473
FYB,2.6209834,2.7624297
PJA2,16.262064,-3.1660175
POLK,-4.8754244,6.8705163
EIF4A1,10.194579,5.5491376
GRK2,-1.9217097,-9.532051
ZGRF1,-6.338195,8.696567
SLC29A4,-3.97617,-0.07606812
PIPOX,5.7779913,11.540762
NEURL1,4.24068,-2.6872807
UBE2K,2.7330616,11.858128
IFI44L,11.327764,14.748194
SPIRE1,0.30546933,-2.065993
SPTLC2,4.12486,-4.2172246
TNKS2,-6.7900915,-3.6780024
RBM4,4.328382,-12.234114
KIF13B,7.590191,1.8464288
SEPT8,0.9531306,8.8008375
RTN4,-7.6868834,-9.29517
RPL27A,7.179415,13.206255
PFN1,-0.6783391,7.478038
GNL3,-5.334072,15.128382
KIAA0513,7.235401,-9.112644
VDAC2,-3.2009184,-6.5030637
MMADHC,2.964917,-12.388072
APH1A,12.4261265,-1.6743997
FUT8,6.201416,7.3761644
SCN2A,10.6507635,-6.4105535
MEGF11,-1.98422,4.6464467
AP1M1,7.640553,-9.442992
PACSIN3,10.522637,8.449525
MEGF10,8.8068495,-6.7829943
ITSN1,2.3392463,-5.6056805
FAM107B,3.9619994,-5.3352656
NPC2,1.2411618,17.425802
MRPL52,-5.2230177,1.637698
C2CD5,0.41877928,-4.934795
LST1,1.5087231,2.848214
MBTD1,-4.793775,6.134592
FAM173A,19.71594,2.3843374
UBALD2,13.701281,3.7963202
IRGQ,8.280323,5.302031
ROCK1,6.1904845,-6.2727776
PNISR,6.4694195,9.341318
SLC22A15,6.207569,8.312581
BAZ1B,8.281764,3.6870344
SMARCAD1,-3.0674798,10.814614
CA12,2.7288485,18.512257
CASKIN1,12.181863,2.8299973
RSPH1,-9.149369,1.3161961
SPG7,4.3972106,14.941602
ST8SIA3,4.7493844,-2.9345334
NAA50,3.4237304,9.603863
YIF1B,-0.15986234,10.029366
RAB36,6.9283485,0.4160087
MMD,5.358082,-3.9434037
CSF1R,3.533271,2.7843382
MRPL13,-3.7295043,-6.050554
VSTM2B,3.0526843,4.615353
SEMA3B,2.2234838,5.541358
RNF208,-11.812126,3.705956
TMEM2,10.827603,4.040452
FGFR2,1.5678793,4.912627
VSTM2L,7.239022,16.662546
CPTP,7.697216,-9.621485
PHC3,-0.110966615,-1.6499084
STOML2,-4.121153,-4.783384
KDM5C,-7.487512,-5.7055593
NARS,15.627366,-6.531902
PITHD1,1.8506987,12.431131
TNFRSF1B,-4.1874623,3.9611754
RNF181,8.659029,8.065618
COMT,1.2980249,-6.112097
ELOVL4,10.5124,-6.110889
MRPL4,-3.6380672,-4.611825
CYHR1,-4.592103,-4.4742656
IFRD2,10.956512,-10.763843
CAPRIN1,12.284223,7.0245695
FPR1,-4.140269,3.9168189
HDAC5,6.029232,-1.2712549
CTDSPL2,-3.5923843,-3.8682485
FAM3A,9.226906,8.528024
TAGLN3,4.848888,-0.6108718
SERPINA3,1.2144454,7.841731
ALG2,2.6497505,-12.162041
RANBP3L,5.814139,4.587589
PPP2R5D,-2.3279335,-2.2231731
SPOCK3,4.779413,6.684232
ESD,12.299862,7.0257964
MAST2,6.7402773,-9.2351885
HNRNPAB,11.364493,-10.784532
MTSS1,3.6436577,-4.0855126
FRMD4B,3.7323306,-4.165596
RUVBL2,-3.5706947,-4.535418
TRIM37,7.7756987,-6.806817
LIFR,4.404363,-11.992563
ANKS1B,4.7167354,6.7160463
TRIM52,-5.437432,5.8720865
ALDH7A1,10.062032,0.50505596
ALCAM,-1.6325884,0.57775927
CSNK1D,2.451411,8.206604
SIGLEC9,-3.8088174,3.8058035
LRRC1,4.4352365,-4.195292
ATP6V0E1,1.8335568,7.567235
TTC37,-7.6135497,-9.381956
EYA2,-7.389455,4.076485
COL1A2,2.0050871,-9.340156
MVP,13.540902,3.8875573
RHBDL1,-11.8494425,3.6895006
VWA1,-0.103520386,-14.925115
CMAS,1.9860765,12.278233
CPNE2,11.776525,7.136264
DHPS,0.44470072,9.1552
SQRDL,-0.81713146,7.9548473
LMBRD1,-2.5341969,-0.7709046
CASD1,-0.9935725,-4.430346
ERLIN2,2.2216935,7.2883387
OAS2,11.325517,14.74858
NKIRAS1,-0.28204733,-12.337991
FXR1,4.608169,-13.676846
RPL8,7.013528,12.875853
NFKB1,-4.9030876,9.334193
ZCCHC6,-3.8257208,-3.571993
CHPF,1.5313084,7.1632814
CCDC191,-3.7215414,6.580575
DDX41,7.445562,-5.140783
CDV3,5.2303686,-9.32471
GOLPH3L,10.043196,-3.0540175
ZFYVE27,-2.264859,-8.194343
TMEM219,7.2186813,12.948807
ZDHHC18,5.306392,-11.348013
IRX3,-7.310309,4.103622
MRPL51,0.6223123,13.396467
TEK,9.742285,-0.7294978
ATP6V1E1,-5.017483,1.0295466
MIIP,12.088116,7.471452
GABRG1,4.4957914,0.95787317
SOX8,10.640159,8.37622
IP6K1,-2.7421718,-8.339971
C1QA,4.5530562,8.815776
MAT2B,-3.9738204,-9.551531
CRAT,2.425721,7.971411
SLC41A3,-2.2584953,-2.173775
DLG2,-1.5375369,10.173312
BLNK,0.5263772,2.9162436
RFX3,5.1814895,4.3106327
STT3A,-2.1884618,-3.3678842
COQ8B,5.6082993,10.377826
MINDY1,1.3124428,4.2619233
HCN2,-1.1344956,12.142991
BOC,13.298503,10.568878
HMG20A,-0.059146076,-2.168998
EIF1,-1.6778197,10.922116
DTNA,-1.039483,8.2222185
RTEL1,-2.0351036,-9.590345
EEF1E1,3.121036,11.667497
DNAH7,13.10157,10.737872
KRIT1,-2.7450318,5.23862
GSTZ1,9.790572,11.872173
PPIL4,11.130889,-0.53716266
CREBBP,-0.47611043,-1.4206815
SH3GL3,7.803948,2.9429262
KMT2D,-7.5788174,-5.6622324
MRO,8.909623,0.89008343
HDAC2,4.2791996,7.132042
RFNG,-4.612373,-4.4593725
CREBRF,-2.436595,5.577984
MTPN,4.6798058,0.50910056
ARMC6,-2.0062242,-8.678966
RASGRF1,-8.878553,8.904389
PRR14,2.0528872,15.869575
COASY,-7.2513423,-5.86688
AAMP,-4.367411,-4.6326237
PHAX,11.563959,0.90874463
STK3,3.6817627,9.360157
AOC3,2.4069538,-9.050593
MPDZ,3.3687603,6.450256
CCSER2,-7.6465836,-9.34145
SHOC2,9.353185,-7.9659476
GNG2,-0.83815694,5.4047694
RAP1A,-9.336807,4.2601724
FAM126B,1.4744492,-4.5486026
KARS,12.610999,-2.514549
ARF5,8.855003,-4.5415573
BTRC,3.8196957,-7.0035214
PSMB6,14.142314,-3.841902
SSR4,6.8337684,12.640148
SYNDIG1L,5.3462224,-3.9179602
MKRN3,6.424918,8.685809
HSPA4L,-3.8826373,-9.4658375
VSIG10,5.6119385,3.4137843
PHPT1,1.2902652,-6.1183786
LATS1,-2.919548,-4.8015833
PCNX3,14.163358,9.050929
TRIM46,-1.0965533,-9.037006
TMEM222,17.135338,2.821906
ACAA2,10.017749,0.5111052
PPID,3.6364307,-13.545451
TBC1D10B,0.02324703,9.678134
ARHGDIA,-4.863277,-12.007579
SNRPC,8.630081,8.034733
HECW2,-1.0676597,10.013953
FAM53B,11.817378,7.150007
SEMA6C,-6.3546686,-6.251619
RTN3,3.5585027,11.841967
RNF20,11.582493,0.97284496
FH,-3.7554963,-5.9513583
ICAM2,10.0717125,-1.4736052
NDUFS7,-0.18640956,9.987922
PLEKHB2,1.9023169,12.381601
HLTF,4.4994187,7.963754
TSPAN13,5.566474,-1.9132738
FAM49A,-0.63505584,1.5500379
CELF5,4.2564864,-1.036583
FNDC3B,10.043281,6.0413594
FAM83G,12.31564,2.7537303
ILF2,-4.8043075,-11.945587
RNF123,2.6354206,-6.702197
HSPA9,12.605769,-2.5955133
FTL,1.2376039,17.427145
TP53TG5,1.8917702,5.9655423
BTBD10,3.523336,11.811635
TMEM63B,-2.2652242,-8.216573
ATXN1L,11.2969265,1.5140524
ZNF133,2.8822522,15.826728
P2RX7,6.5692816,9.2281
GAS7,7.586311,1.8378404
ARPC5,-9.325928,4.2783117
EMC3,-3.171945,-6.5445347
SLC6A12,1.4261043,-9.436717
TMED5,3.4452507,9.598326
ERI2,-3.7258258,6.554029
USMG5,-1.6368402,13.402545
CDK2,-1.9316847,7.589304
SYNGR2,1.5453749,4.257432
EDNRA,9.901146,6.3950653
EMC4,-3.1724617,-6.542981
RELB,9.186746,-4.573441
EEF1A1,6.9219217,14.733013
ZNF516,-7.412114,4.0695386
DHDDS,7.4827843,-4.590929
DRD2,-5.947159,-0.19982673
PYGO2,6.2292633,-3.4934077
CWC22,-2.2985673,5.047335
RBPJ,-6.1718826,8.492945
ARFGEF3,-1.5388778,10.172493
GBA2,2.617564,-6.704744
OSBPL10,5.2375526,17.695341
FHL5,1.8132508,-9.405878
CENPT,2.4478729,16.188236
ZHX2,8.679763,-6.8870945
CISD1,2.4573119,-4.1554847
ARL8B,-1.1229398,-3.757796
MCC,-0.39413002,-6.4797273
NCDN,7.215681,-8.879363
RECQL,0.15629487,-2.000787
PSD,5.0763063,-3.571716
LSM2,8.350033,12.319844
RBPMS2,9.544433,-1.9319006
SQSTM1,12.739004,-2.2945917
TOLLIP,7.6736445,-9.419668
TMEM258,8.349866,12.319345
JUN,6.505111,-11.813883
NECAB3,7.2075033,-8.784532
ASPH,4.6218147,1.7482148
SNX10,-5.972118,-1.5437552
PPP4R4,-0.49049816,1.3717546
AFTPH,2.6360126,18.600985
TMEM178B,9.318289,-7.8669143
DENND5B,3.886484,-7.082599
S100A16,12.452103,-1.7085993
NHLRC2,13.296837,-7.604135
MAP2K2,-0.61637866,13.140306
STK32B,-1.2951002,4.430498
CCDC8,5.23701,0.7712738
NEFM,1.821946,-1.5381756
SMCHD1,13.232096,-7.5347543
METTL5,5.0268593,11.4045925
RTFDC1,-2.1160011,1.6225188
KLHDC2,-10.971971,-3.0790536
RBX1,9.574636,8.049488
RBFOX1,-5.817151,4.4091063
KXD1,-2.2408118,-10.901073
RAC3,7.0475454,-9.305363
FAM102B,-5.9686804,-1.6176904
TOX2,15.401225,1.1814158
INPP5F,5.060224,-0.56136805
CCND3,14.026388,8.935984
NKIRAS2,10.95008,-10.763585
ACADSB,14.533409,-0.81441575
GPR26,-6.15363,-0.3942088
HPSE2,8.899833,0.88879156
HIST1H2AC,-1.819796,10.990407
WDR1,12.550671,-1.8233994
LRTM2,3.1426346,-2.057138
NEDD8,14.104015,-3.8470411
C1S,12.795089,-5.5048304
LIPE,11.9309635,4.8121305
IMPDH1,2.220743,-6.856996
NKRF,-3.8586345,-9.443692
PRRT1,-9.326338,-0.035845596
CCT6A,3.7122445,-13.4986725
ATF2,3.3875973,12.013723
NDUFB5,-3.7366648,-6.004839
RNF170,4.4951797,7.938733
FLII,1.5643783,15.842082
RPL31,7.166472,13.413064
ATXN2L,1.5823915,15.848003
PSMD6,-3.1657114,-6.5502777
MAP1A,2.0465705,9.985658
PPP1R12C,6.034459,-1.2655663
ZCCHC8,6.4675016,9.348072
TMC6,11.499817,6.4792423
AGO3,-5.015972,6.999029
EVC,-7.5322137,3.38716
TRIM41,-9.606465,-7.0310454
YBX1,-4.8195934,9.414533
GCDH,6.714628,4.961456
ACOT7,4.7133327,-0.5720128
HIF1A,7.322377,-0.71267784
KCNJ6,-6.258308,-0.6141282
PSMC1,12.748664,-2.3308551
COL9A1,-1.1429403,4.258901
STAMBP,0.09269945,-7.9302635
AK5,-7.7103457,-9.271401
DENND4B,-1.9388721,-9.542557
HIPK2,9.243374,3.009214
TMEM94,6.073548,0.33390594
CWF19L2,8.49712,3.8439283
FAM234A,1.4790473,5.001665
CLEC14A,9.213545,-0.7389996
ROGDI,3.09864,4.6648397
PLSCR1,-1.7984552,7.693612
MRPL41,19.735542,2.3651743
CLEC16A,2.419517,8.246701
NCOA2,-4.0382133,-9.606757
NEFH,1.7936189,-1.6020149
RPL7,6.9164257,14.635652
MYO1C,9.730247,-1.7897693
CX3CR1,-6.1568203,0.8496733
PSMD1,-3.7200263,-5.7452207
MZT1,5.3854914,-3.9764664
GUCA1A,5.3361416,-3.9042318
SEPSECS,-3.8094833,6.1603947
CBFA2T3,12.15945,2.786968
UCHL5,16.260384,-3.1645558
GOLGA5,5.5735583,-9.495362
PLCG2,-3.8692348,2.3635523
SYT17,-2.086246,2.7853456
UBL5,0.91452765,13.967952
TMOD3,6.617417,0.70423937
ETS2,10.371994,4.4696803
SCN3A,-0.64529705,5.219976
COX6B1,-5.312369,1.6549162
POLR2B,-10.955392,-3.0950594
CAND1,15.670217,-6.57376
TCF4,4.4209623,-11.865331
SELENOO,4.163628,15.121555
SLIT1,15.402107,1.184637
ATP6V0C,-4.7104955,0.5980084
STAG1,0.27133685,-2.0630605
MROH1,14.771911,6.569338
NRSN2,14.350626,0.43289667
ANKRD13B,9.361899,15.448884
VCAN,-1.6901171,4.479757
API5,-2.3098726,-0.4916837
LDHD,2.6111252,8.115438
MED14,0.6956358,1.5588939
CCDC136,2.0508099,9.988314
FRMD6,-7.0552616,4.163888
NFKB2,9.187377,-4.5741787
TUSC2,-0.19478327,12.9748125
PHC2,13.678584,3.8116996
SPATA6,-3.8443851,6.3228736
CACNB2,14.296315,0.33219194
TMEM115,7.718518,-9.696611
H3F3B,-6.821428,2.5895777
DLAT,14.237607,-1.5497043
DEPDC7,4.322564,7.5939293
CPEB3,2.6970496,-4.958537
GSK3A,-9.336964,-0.03194408
RGS6,-9.725214,3.895799
KAT6B,1.2065742,-13.028926
DHX30,-9.821352,0.1414053
HSD17B10,6.7951803,-5.629139
MTMR9,3.8887906,-7.0755663
ZNF546,-5.342684,5.934377
NFS1,2.7102516,8.614513
OLIG1,10.629221,8.376692
PLCB4,7.9557443,-6.9012365
SEPT3,1.9386493,9.876187
SMNDC1,3.189163,-12.434551
PIGK,-1.6225783,0.5866529
EIF3A,10.149283,12.868608
TNFSF13,6.638008,5.5488143
SYT4,2.3392503,-1.7639304
LENG1,6.6721807,12.440649
PLCD3,15.741033,7.797954
OFD1,7.445666,10.325381
SIRT1,3.3540049,6.4592195
ATG14,0.87538993,1.6202792
ARSG,2.6825485,18.56101
HSPA12B,8.936578,-0.8253319
EFNA3,14.787972,4.5906444
SWI5,8.547793,8.062124
GABRA1,-9.071223,-3.667172
PTCHD1,4.3999925,1.8956195
PPP1R16A,0.76170206,6.4627633
RELL2,5.4140563,-1.477304
HSPA2,1.6510689,4.5264854
RASA1,-3.0248995,10.780114
STOM,1.5570161,7.6296644
ARL6,0.43377447,-4.9292617
PRDX6,6.3616714,4.413889
GDI1,-2.3296711,-8.385267
CLDN12,10.031904,-3.0155852
LIMK2,7.2915587,-0.4557573
RNF38,-4.016329,-9.587234
DMXL2,-0.8783603,-4.5266314
BCAR3,-7.502255,4.009658
JAG2,9.345797,-2.2658284
PWWP2B,-4.1987066,14.061097
FRY,3.6762147,-7.0043764
MYH9,-6.4436274,5.595395
CD81,7.2312036,-2.3114452
SLC45A3,11.791447,4.9243727
HMGCR,8.253807,-9.368882
FLI1,-3.8869328,2.3075879
KCNK9,-5.7151227,4.3076916
GPX4,-4.2380004,5.585711
GRIN2B,10.885678,9.691889
IKZF5,4.0012712,5.8191
INSIG1,8.239893,-9.369295
P4HTM,-2.3395183,-8.34427
CALY,4.080667,-2.422122
DAD1,1.3070512,-6.1087837
ALOX5AP,2.0671566,2.498842
LMBR1,-6.5026073,11.5604515
VEZF1,3.2037318,5.921687
SLCO2B1,-3.8770154,2.3373613
AFF4,-0.040285025,-1.5441139
PICALM,5.029629,11.379957
TMEM208,-0.14820273,13.922108
CADM3,-0.35321975,1.2338408
TSPAN7,5.6581116,-2.0075207
SNX13,13.13229,-7.4354277
MANF,6.140303,-3.6544728
TRAF7,7.7157607,3.077104
G2E3,-3.0446434,5.7143874
MRPL37,-4.030978,-4.8468122
KMT2E,8.28121,3.696601
RNF169,-0.13329372,-1.6467663
RIMKLA,1.9534692,-4.5866604
SLC4A10,10.657143,-6.4166255
GLO1,15.358752,2.7820463
MSN,-1.2863754,7.830625
SMC1A,10.14824,12.872539
RPL30,7.169229,13.398653
RAP2A,4.26717,-4.8448715
TMEM256,6.84108,12.647595
HCFC1R1,3.8170204,-0.7469306
TXLNA,10.949884,-10.763978
AHDC1,2.4672654,8.212857
RAPGEF5,4.0904446,-4.193391
HSPA6,6.3616376,-11.755252
DYNLRB2,3.8874335,0.76936907
ARHGEF9,2.4551973,-4.432175
DDB1,2.714508,8.624085
FXYD1,7.016403,-2.0737534
CHN1,-6.6722937,-1.3817319
CALD1,9.955832,6.2612586
KLHDC8A,3.1654222,-2.0607736
HAUS6,3.2101374,5.943175
SCAP,-2.769324,-8.3415
CD68,1.8329625,2.399798
STX16,7.654748,10.379176
TMEM160,19.724997,2.3758016
ZIC4,9.113292,-13.55481
DNAJB2,1.0445298,9.907288
STX4,1.1667441,9.778578
UBA1,-9.791121,0.16072734
ATP5J,-5.589731,2.3156977
PRR5L,4.0293994,-4.116637
MIGA1,-2.6580758,10.538806
LIN7B,3.8130322,-0.7464139
PSMC3,-0.048814137,12.579274
PSD2,5.905237,-10.4450655
ATP11A,1.1677289,4.1655536
TPRN,12.039709,4.7310877
PTPN5,2.320515,-1.7505943
ZER1,-2.7216206,-8.342877
NPEPPS,2.3447797,-5.641776
FYN,-8.051772,4.496888
LEPROT,4.6115274,3.5600688
TAF10,6.824418,12.62609
NDUFS6,0.76788825,13.789231
ARMC3,3.9366493,0.80256766
SLIRP,-1.6895018,13.39427
TMEM35A,5.443778,-1.7942265
CFH,10.966007,3.88313
SIX5,13.013631,10.813973
TRIM25,-3.242875,14.18697
STMN2,2.181562,-1.751066
GATSL3,-7.883234,4.3184223
TMEM168,-9.633691,-1.4846606
ITGA3,14.771705,6.56931
COLGALT1,9.957967,-4.2054896
SUSD1,-5.948607,-1.6200435
SEMA5A,-1.456026,4.2299128
PPTC7,9.500324,-8.090564
PIP4K2A,-1.8226055,-0.27490163
LRRC73,-0.36987066,1.2505945
DUBR,7.717118,3.0730913
RNFT2,4.656092,-0.4103419
GAB1,6.162172,7.420921
ZNF326,8.995537,2.739125
ANO6,10.026369,6.09144
BBS1,4.740722,0.5874312
RC3H2,-2.8949971,4.743567
HCLS1,-3.5794978,2.9116108
TMEFF1,4.793473,6.676918
IZUMO4,-6.3628383,8.387527
CMTM8,-3.1474102,-0.07828067
ELF4,-3.941632,8.039725
PBX1,9.569809,-7.6958666
MFF,5.0248523,11.402992
DLG5,-0.47469446,-1.4432572
FITM2,15.842534,-6.740667
DNAJC30,7.2052293,-8.708534
NAGA,3.1128922,3.0286508
ZNF443,5.5969124,3.3968146
RNF130,0.95533305,8.791889
TBXAS1,3.4757311,2.7718644
PLRG1,4.0131044,-9.323074
LAMB2,-6.378146,-2.8743496
INPP5J,1.8936615,-1.1395802
NEK1,14.479005,-0.79417634
SEC14L5,2.924009,4.902146
EMB,-5.963723,-1.6980462
ICA1L,14.6254835,-0.8584305
TGFBR2,6.619879,0.69981587
AHCYL1,6.2404833,4.544821
AMIGO1,-2.1595213,-2.084745
ZC3H15,-0.96533513,-3.9418213
METTL7A,5.499177,3.7709696
GPR34,0.7236911,2.9514565
PRKACB,-0.95150405,9.968686
ADCYAP1R1,-7.666093,3.4406004
DLD,14.230342,-1.5342665
ATP6V1D,2.8580632,11.85241
RAB3B,-9.091014,-3.6730144
UBE2J2,16.965483,2.6049166
RABL2A,7.509863,0.45975104
DPY19L3,5.2753763,1.728265
ADGRG1,6.639572,5.5357656
NMI,-4.741794,9.722496
ATP5L,-5.9788685,2.149444
CLEC2L,1.8972862,-1.1520076
FBXL2,1.8674037,11.587298
CD33,-1.2905731,6.425755
KLHDC10,3.7489028,-6.942865
FOXN2,-3.198759,5.6960516
AQR,14.211703,-0.75211287
SLC25A13,7.243875,2.6670291
PCDHGB6,5.3738914,1.8632687
CYYR1,9.624019,-0.7843396
NDUFB11,-5.2211905,1.6035146
MICU3,-0.99259967,-4.4235916
TRIM2,5.688074,7.9735737
ZNF254,13.358717,-7.665507
TSPYL4,-3.84924,-9.434953
KCNA1,2.0374596,-0.92071605
PSMD3,8.419944,6.257666
CCNK,-0.30722526,-1.573113
MSI2,-0.40007865,-6.472951
SLC25A12,2.1677308,-4.6076264
TMEM134,-2.2414372,-10.902087
SPOPL,4.20912,-4.8759823
CLSTN1,4.6506453,-0.39555344
RAC2,-0.84761477,-10.655855
DDOST,12.662081,-2.0201643
ATG9A,-2.7663147,-8.333356
KDM3A,9.229824,9.91147
AGL,14.610825,-0.85231125
FAM134A,-2.2631876,-8.19422
PEX11B,10.752573,2.466961
SCFD1,-3.7315307,-6.0338054
DCN,1.8042232,-9.408372
SRPX,7.229566,-2.3112829
MOB4,-3.9466455,-9.525386
CCNT1,-0.03518138,-1.5386379
SLCO3A1,0.92435694,9.574225
DLST,10.088564,-2.804895
FPGS,2.6452174,18.592245
HOOK3,-5.017215,6.9994435
RAN,-0.26048747,-9.430584
SETD2,8.28281,3.6907845
WBSCR22,-3.4518945,-4.4034038
CXXC1,3.174215,15.568156
EDF1,0.9123641,13.972709
NEK6,7.294746,-0.4451969
OPTN,-1.1049522,12.146549
SNRPD2,0.9104509,13.963197
ST18,3.8491247,-4.2639213
DIP2B,4.1607914,-5.1987133
SOX6,3.9857743,1.7833464
DUS4L,12.435739,1.3971083
ZNF654,-3.045282,5.7759094
LY75,-3.884247,2.3170702
LIMS1,1.4415768,2.1333163
RNF14,16.119768,5.8163033
NAPEPLD,4.425058,7.792477
HMGB2,-8.085145,4.5587587
PPP5C,-2.3433604,-2.2353184
CUTA,-5.2439013,1.6276019
FBXL16,4.609795,-3.045614
PDK4,1.6299851,7.9399395
CNOT3,1.6395684,15.866077
DNASE2,-4.1587057,2.8811069
ZNF217,1.4203299,2.104968
RIMS3,7.253683,16.674881
BAZ2A,-0.45381826,-1.4455072
MDM1,14.472402,-0.79189295
CORO2A,0.21791357,0.15456626
FOSL1,-7.0454254,7.2788296
RPL18,7.180985,12.940703
SOX5,-7.7336874,3.2319462
HSPB1,4.0468946,-12.972424
ANKRD28,-3.8134384,6.164807
DERA,3.6293561,-9.06777
SERTAD1,-7.047304,7.276369
PCDH11X,-9.078642,-3.664769
FERMT3,-3.9560537,7.729533
ACAD11,7.4405575,10.582719
FAM57B,1.8792877,-1.1487378
PTGES3,4.0848393,-12.922768
MYO6,7.024474,2.1558793
CLU,7.224241,-2.3022683
RAB2A,-0.6599582,-12.389972
ANKEF1,0.059658114,-12.47735
KIAA1462,9.188327,-0.6980011
ATRX,4.423917,-9.660966
ASB6,6.7636185,-6.5976467
CEPT1,-6.832175,-3.6201153
RAP1B,12.890447,8.332104
CSNK2A1,12.613621,-2.5770316
FAM8A1,-2.7657225,10.568922
DNAJC12,-0.9270074,12.111866
LDHA,-5.271502,15.066038
DYNC1LI1,3.4675632,11.803962
ATG2B,4.0982265,-7.273145
HS3ST5,-8.960707,8.982556
SFXN3,8.632217,1.1331261
INPP5E,-6.484427,-6.183931
SET,8.48579,3.6095245
NR4A3,-7.3426795,6.720002
HAGLR,3.8411088,-4.3217807
ZNF410,3.01668,-12.328754
KLF15,1.6449155,7.997286
CLIC1,-1.3322995,7.8320265
SLC8A1,5.210723,17.666994
NXPE3,-1.0236589,9.998619
COL9A3,10.603134,8.384132
UBXN7,-2.7453177,5.224195
FAM201A,-3.2426639,14.18678
EIF5B,8.498009,3.810464
GBE1,5.288487,17.746792
NHLRC3,6.4770966,8.727893
B4GALNT1,-11.798287,3.7179964
MTDH,-2.1634808,11.197875
CMPK1,15.3251705,10.175281
BMI1,-9.356151,4.1490555
NGB,-9.183878,-3.7381203
SF3A2,-0.07140875,-14.89705
FRMD5,5.030877,11.377899
FRZB,1.3093363,-9.576783
EPB41L2,8.588957,2.5120103
ZNF511,-5.9638934,-3.8789618
ZNHIT1,0.92216974,13.961944
CHRNB3,-2.2405279,3.0231006
LSM3,2.7231264,-6.804322
CTXN1,5.3322062,-3.913256
ZNF100,13.333396,-7.641211
SDC2,-2.0889888,2.7875264
ANTXR1,4.165244,0.9246726
NBR1,12.127551,1.3427808
TIMMDC1,-2.1205046,1.6205382
SNX9,1.4301147,4.288887
TMEM260,6.4025965,8.768569
SURF4,12.618758,-1.9100664
MR1,1.4334376,2.1242611
NOL8,-9.304308,4.079935
KCMF1,9.572621,-8.153295
MB,2.2689886,-9.333309
PIAS1,-10.959358,-3.091332
ERBIN,5.4448094,-9.492094
TRAPPC8,-3.065567,10.813481
WDR49,4.264182,0.91130215
ATM,6.5572195,9.2231655
ANGEL2,-4.390087,6.245977
PLCD1,6.5374556,4.911803
IGSF11,8.789386,-6.801541
IFI44,11.333508,14.740323
ZNRF3,13.2864065,10.575446
NACC1,2.318557,8.346926
FCGR1A,-3.7047677,3.8844657
PODXL2,-11.8721,3.279624
TLR2,-4.0860195,3.9133384
BIN2,3.67609,2.8930883
GLUD1,-7.713627,3.4082346
SLC29A2,2.4803388,8.220745
TRAPPC6B,2.4641492,11.915421
DNAJC3,-2.1512887,-3.356738
PLD4,0.48560876,2.9052107
SLAIN1,-1.7320787,-0.1161588
ETF1,5.2451153,-9.289687
LRIG1,13.285522,10.572119
FAM98A,-7.6837015,-9.299642
PIGT,-0.16911541,-14.984237
SMG1,-5.054225,7.0333443
SLC25A11,7.1769543,-5.279362
KLHDC3,7.652754,-9.380067
ST6GALNAC3,1.0418556,4.1010017
PNMAL2,-11.704341,3.6087692
GCNA,10.829145,-9.864943
IFT52,12.442544,1.3962657
MYPOP,-9.327017,-0.038970217
SLITRK5,-6.733903,-0.41675448
TRAPPC2L,9.553528,8.037587
PLAA,-3.6971145,-6.0936537
TIMM23,-3.6751153,-5.241498
IL15RA,10.065038,4.676156
CYBA,-3.8827069,2.9467077
TMEM145,14.788519,4.5908546
ARID5B,-1.9483955,9.022898
BCL2A1,-4.2012,3.9627192
CYBB,2.3931425,1.8827047
YWHAB,1.6166471,-5.121274
TFEB,2.1337452,5.683874
ERBB3,6.179504,7.97075
EGR1,6.541065,-11.820135
TSC1,0.19980434,-5.044175
UBQLN1,-0.20481661,-9.472341
MRPL43,1.5803559,6.362494
ARL5A,1.6166711,2.2940748
CYP2S1,-6.360587,-0.7245346
RASA2,-2.8334796,-4.9204335
HPCA,5.2140517,-3.7596467
KLHL32,-2.2491627,-0.47344053
GPRC5C,6.021347,0.272357
SRSF1,6.654157,-9.324864
YIPF3,-7.7796903,0.91973364
PROSER1,13.221882,4.838339
FKBP1B,5.0970497,-3.6191435
PURB,-2.1598003,4.786503
SNRPA,12.133116,7.5499883
ZDHHC8,9.88965,1.6069673
ASB1,-6.394391,-7.8857293
TCEA2,-0.5780389,13.128773
MYBPC1,5.489059,4.7932
TREM2,-6.1240196,0.8627482
ALDH4A1,-0.036941756,-6.6977925
CDC42BPA,-5.4280014,-4.843303
KPNA2,-5.2947164,15.089158
CDHR3,7.2685895,-7.712879
CETN3,12.456781,6.9153976
C3AR1,2.4263718,1.9704872
OCIAD1,-1.1186453,-3.7451305
FAT3,13.049914,10.787722
RAB18,15.28718,2.84248
CUX2,-6.169163,-0.39419273
WHRN,1.0298193,9.920079
PSMD12,8.511495,-7.092652
DAAM2,9.242887,3.0193002
ITGB1,10.149044,12.875117
MUL1,7.7113237,-9.6781435
LRRC58,3.6040578,6.0324903
HDAC11,9.659746,8.0860815
MRPL33,0.65278673,13.3345375
RSF1,4.4386096,-9.657952
UCK2,-9.7630415,0.20517129
SLC41A1,5.032924,1.5022966
PLPPR3,4.5929193,-3.0682986
AZIN2,3.1135964,4.6814804
ARFGEF1,-2.915295,4.664192
CDR2L,11.6477165,5.0251784
PHEX,4.1676283,0.9241757
DMTN,-6.6758547,-1.3713518
NR4A1,6.5464716,-11.817133
SOCS4,-2.1920223,4.8210015
KLHL28,5.9386396,16.12621
SAV1,-2.9908204,5.651967
TIPRL,3.8925917,-7.074187
HEATR1,0.1449279,-1.9937397
SLC2A6,6.7751336,-9.232338
ADCY5,-1.0808119,12.102668
SLC25A40,2.788208,11.878764
SLC39A9,-4.835547,11.445951
ZNF385B,-5.8730783,4.4420905
ZNF865,-6.074022,-11.05637
EMILIN3,-1.9763439,4.6362567
TBC1D15,4.032871,5.802634
CLK1,-0.37536228,3.629079
CEBPG,6.172744,-3.7463489
IQSEC2,14.214396,0.27312982
MPZL1,15.716209,7.7722135
RASAL1,1.8906405,5.9813232
RPL27,7.1719093,13.341133
GPT2,1.1485882,5.9667997
ENKUR,4.340571,0.9365546
EFHD1,4.409603,-4.185377
SBF1,-0.30168173,9.945599
XRCC6,-4.787399,-11.929951
SPHK2,9.823258,1.5170934
DDX23,11.379201,-10.776532
ELF2,-3.7784183,6.1442566
EIF2B2,4.5768604,-12.395643
ATAD2B,-3.7089365,-3.706205
SLC32A1,-9.055602,-3.6239934
ZC3H12A,-7.3375816,6.722882
PDCD6IP,-2.0815375,15.963319
LRFN1,5.2318234,-1.5622509
SDF2L1,-2.0551758,-3.3135846
PDK2,10.11953,-2.7819355
FOXO1,1.5997835,7.8446565
HADHB,9.782191,0.5077931
FOLH1,7.709913,2.26984
FASN,8.215126,-9.364193
SRPRA,-9.75783,0.18475658
LHFP,4.6141176,3.5624816
TUFM,-4.39994,-4.611798
ACSL1,-9.334563,4.2889752
TSPO,-3.6111488,2.7504523
GPAM,6.1662374,0.91386575
PYCARD,1.4174728,2.8467264
CNOT2,7.2812653,-5.186091
PPP1R3F,-6.1463695,-11.125852
DNASE1L2,2.6320386,16.906391
EGLN2,-6.944433,-5.9854193
ASH1L,0.30910832,-2.0750418
MTOR,2.6389937,-6.7035766
SIRPB2,3.1402435,2.9810169
POLR2G,7.2297907,12.936544
ADAMTS1,-7.1930203,6.8731847
SNRPB2,8.18766,8.363683
ZIC1,9.113245,-13.554803
CISH,9.515845,-4.3524857
TM9SF3,-5.3558645,-9.938721
SNX18,3.5468125,6.100083
PCYT1A,4.030147,-9.33191
ERLEC1,-1.1160898,-3.7453697
PABPN1,8.954773,14.309799
COX7C,-5.976652,2.1478176
COL14A1,2.1621943,-9.222865
CDH8,1.9762548,12.283901
TH,-2.4562316,3.082206
LRRC14,2.3273249,8.332909
CADM4,10.446957,8.517948
PDLIM1,-1.6322731,7.770361
ECEL1,-9.155334,-3.7180412
TAF9B,12.447672,1.3982729
ST3GAL4,0.89845973,9.551798
SNRPB,-1.9310179,9.004599
TBC1D1,7.2617884,-0.51828563
CCND1,-1.4612416,4.1450434
PTDSS2,12.141671,4.657395
ATP5D,-0.0015952989,13.767971
SHE,9.901164,-0.89575154
BACE1,-1.5093558,-0.045760155
SNX14,15.665064,-6.569445
SLC6A3,-2.4605467,3.0808299
SEMA7A,11.646329,5.0270114
NEBL,4.7823234,0.685661
ZNF536,2.63541,5.3263
TOP2B,4.4257755,-9.650905
GRPEL1,4.600622,-12.412328
APOLD1,-7.2101226,6.851274
RPL21,7.175727,13.385503
SLC22A17,-9.312525,-0.04619195
CSNK1G1,3.6122773,-13.572725
PYCRL,7.198485,-8.69066
VEGFB,15.828563,7.8838916
STK11IP,2.4448586,16.3377
EXTL2,-0.9574388,-4.3947563
ALDH1A3,-1.455087,4.1642504
CALB2,-5.750599,4.3413415
SMARCA5,3.1993153,5.920909
FAM13A,-3.4393148,-13.152581
MYO9B,11.496807,6.480822
DOCK5,6.238056,7.969394
UNC5B,1.0120038,9.641661
LZTFL1,-9.103422,1.3774203
TTLL7,6.0975904,8.178038
SIAH2,3.6381178,-12.67428
SPPL2A,3.4868376,9.573078
VWF,-3.1493747,-0.078510836
UNC93B1,-3.9620883,2.9595704
BNIP3L,-2.300379,-0.49168524
ZFPL1,12.089673,7.2298355
DONSON,7.4363613,10.590842
PXDC1,-0.8828254,7.8350263
UBR5,9.232153,9.913789
CHD9,13.125303,-7.4286656
PCNX4,4.3958917,-9.571367
ADGRB2,6.7021422,-9.529181
RASD1,5.6301413,10.4016485
KMT5C,3.0668008,15.542633
RPL38,8.338641,12.330753
ZNF441,2.676427,18.568998
MYH10,-2.1885061,-2.0953028
BLOC1S6,2.7451317,-14.703387
KDELC2,-0.3987146,9.831829
TNRC18,4.286583,7.1213665
FRS2,0.5952221,-2.1538858
ADAMTSL4,-0.63280076,7.924564
SLC35B3,-5.6497617,7.8025436
CCDC97,1.2082366,-13.030864
PTPN9,3.047097,4.6267486
B3GAT3,-6.16386,-11.141263
GCA,-9.322088,4.299445
LRRC8B,-1.6696422,0.10169764
GABRB2,-9.064514,-3.669498
PAK1,1.5976255,-5.1275682
MYO5A,1.993223,11.82395
PTGDS,10.423262,8.556969
OAS3,11.322725,14.752427
FUZ,1.5580771,6.388885
SNW1,5.032286,11.382073
ATXN7L2,2.4142854,16.32569
AUTS2,6.1885457,0.951688
SLC35E1,-9.810951,3.8424728
MUTYH,3.1899848,15.614034
TNRC6A,0.17759013,-5.055886
LSR,9.126503,-0.73865056
PPP4C,12.13297,7.5513377
YTHDF3,5.9171224,16.148277
SRSF4,11.379161,-10.776019
BANF1,6.664351,12.433573
INPP4A,2.3296592,-5.563545
ACSF2,6.780558,5.0686407
SBF2,9.233314,9.915775
MSR1,-3.4432764,3.989564
ENOPH1,7.740422,2.9697053
TMEM25,4.6659913,-0.4055692
ACTL6B,4.226617,-2.3947978
CCDC92,-1.2881285,-8.982
MYH3,3.149366,15.066794
GPR161,9.537629,-7.726721
COPB2,3.2119322,9.637277
RNF175,2.3293645,-1.760294
PTPN6,-3.5051124,3.1405513
LRRN3,10.660671,10.487236
RNF135,-4.1408324,2.8945704
EVI2B,-1.2910337,6.6583605
NPAS3,2.2080383,7.294203
DGCR6L,1.140598,19.222424
MAP3K6,5.1474786,-5.9537196
RASL10B,-4.1988726,14.059272
TMEM265,3.1082704,15.367057
GPR37,-1.2272888,0.5329562
MT1M,1.3894626,7.6000237
ZIC5,9.113322,-13.554796
SLC9A5,4.1413927,-1.8310577
PLAUR,9.690457,-4.83209
COL15A1,-1.4671705,4.129823
NME4,15.808161,7.8647
TRIM3,-1.2868451,-8.978464
KANK3,10.35834,-1.1413208
ZIC2,9.113301,-13.554654
P2RY12,-6.1592617,0.8488018
RTN1,1.6208878,-4.820677
SLC25A46,7.4514036,-6.844835
ZNF524,-6.003673,-3.8437586
OTUD6B,6.0350776,16.019361
FHL1,4.716083,0.55661905
ATP5S,3.887373,-9.247443
PRICKLE2,-0.64105415,1.5515059
ARHGEF37,4.160862,-5.002371
PEMT,7.0053387,-5.439056
SLC48A1,11.974545,6.9760137
NAMPT,-1.7410442,7.751557
MYH11,2.4658005,-8.993121
NEDD9,-7.2169504,6.838046
GTF2A1,6.468266,-5.962192
SMC6,-2.7763314,5.2934384
TMEM81,10.826847,-9.86625
SCUBE1,-2.2633672,3.1359494
ERI3,8.831325,-4.539168
CLCN6,-9.338265,-0.028795084
MCF2,1.9741489,11.870064
MED12,-0.44719315,-1.4506843
WDR12,15.819952,-6.718868
GMPR,5.236698,0.7683008
FAM189B,-9.329541,-0.036438435
TMEM64,-1.504527,0.39646184
PPP1R15A,6.440941,-11.788824
UBE2Q1,-9.325625,-0.040093664
DOCK3,15.986387,5.691968
CPT2,6.714189,4.9577227
TMEM184B,0.49393076,9.302883
SOD2,10.173193,5.5512342
DEF6,2.2656572,1.3133484
UBE2QL1,2.0766547,-2.000504
KIAA0100,2.6039376,-6.7321873
ARF1,8.212961,-4.558986
MAN2A1,-2.2620566,-0.39302194
ZFYVE21,15.109468,2.9864757
ALDH9A1,9.795998,0.5068937
TDRP,6.926279,0.44425932
EFHC1,7.5026193,0.45235887
DEGS1,-2.0728424,11.125162
TRO,-1.1941273,-9.140528
IL20RA,5.9017706,4.1003585
EIF5A2,2.1202512,-4.3761764
UBAP1L,2.8484073,15.8472
INPP5K,7.7089396,-9.6671095
BRD4,5.1947494,-6.0127025
ATP8A2,2.224754,-2.4485364
RPL7A,7.2231045,14.290452
ELAVL3,-0.18131752,9.793906
PIAS4,11.94129,7.2027755
NR2F2,-7.1015897,4.135214
GGA1,12.135092,7.2492456
PLA2G6,2.8440022,15.843266
SCRN3,7.4660873,3.2818391
RNF144A,-1.8747014,-0.37117383
MORF4L1,2.8503637,11.90474
CAPG,3.093841,3.0447674
MZF1,-7.253839,-5.826071
FGR,10.375256,4.1917777
MIB1,4.4291954,-9.65857
SEC13,-0.6928303,7.537447
ATOH8,1.6391937,7.9613523
TUG1,-4.383052,6.248698
CD47,-2.0896347,11.152901
ZNF614,-2.85516,-4.8911457
TSEN34,-8.220678,4.780787
MT2A,1.3941567,7.6006966
GRM1,-9.065096,-3.669392
CFTR,7.229088,2.6697078
TFPI,9.94298,6.4282317
SLC25A18,5.4941053,3.7657363
GFOD2,-3.561136,8.968729
ZNF579,-6.090807,-11.074559
PNMA1,15.842319,-6.7404394
ELMOD3,3.1506202,15.517492
VASH1,-9.76119,-6.8502936
ABCF3,8.584284,5.831429
SIAH3,0.15317637,0.064193316
URM1,-2.2419848,-10.9025135
STK40,5.1965756,-6.0134783
GPN1,12.722361,-2.3312895
ELAVL2,-6.087189,-1.2542343
SEPT4,8.520508,3.2896724
PHF12,13.226804,4.8423305
CAPZA2,4.66601,0.47654676
KLHL2,11.487948,1.4007655
PRPF19,2.145635,-4.3308516
RPN1,4.5089326,-12.340531
P2RY13,-6.158718,0.84891695
NR2C1,-5.9824996,8.216378
ZC3H4,1.2081015,-13.031156
G6PC3,7.07944,-5.366933
KSR2,-11.829526,4.0971303
MGAT1,-4.024035,7.9925675
KIAA2026,0.47914922,-2.133649
FARSB,10.758989,2.4650528
BGN,9.493565,-1.8807019
ETNPPL,-7.4581084,3.4942083
HADHA,10.009163,0.50472635
MGAT5,-1.5600086,-3.9495065
PHIP,-3.772658,6.079292
ARHGEF10L,14.771828,6.569537
MLEC,2.4414582,7.140601
SEC63,4.9364395,-9.674274
CRTC2,-0.06461312,-14.89069
PMF1,-2.2411335,-10.901609
PRICKLE1,10.649434,-6.4095397
PTCH1,6.1820383,0.94214123
SMC5,-3.64722,-3.7792761
POLRMT,4.0204477,15.217947
RABL2B,7.487157,0.4512644
SMC3,3.3470066,6.445004
ZBTB41,-2.9199343,10.691356
MUSTN1,1.2709016,-9.5319805
PRKCB,2.086262,11.847452
FAM65A,7.2389584,0.003331354
CRBN,-2.7622185,10.574847
IPO13,11.923521,6.9626904
MBD3,9.89041,1.5976
PLEKHB1,8.570587,2.492236
DYNLL2,-1.1333932,12.149628
MYH15,-3.7263532,6.5750785
DDX49,-0.12283592,10.094773
MAPK10,2.3447504,-5.628352
PPME1,8.624036,5.7201824
RAI14,9.251368,3.5378864
NDUFV2,-5.962792,2.0820374
TCEAL7,-9.115638,9.127131
TTC30B,14.576823,-0.83015037
RTN2,5.419436,-1.4797094
IL18,-1.3074931,6.5536265
STON1,-1.1039554,8.355234
TPRA1,-2.77691,-8.345668
MRTO4,-2.5766978,0.55390984
CASKIN2,6.07388,0.33438414
OGDH,1.4664836,7.104142
OCLN,9.167847,-0.70148766
RBM10,3.8674507,15.317382
KIDINS220,4.223751,7.2059016
PQLC2,17.027855,2.6876376
AP5S1,7.1969285,-8.693931
PHTF1,0.050441943,-12.472422
FCGR2A,-3.3435771,3.94914
MANEAL,-11.861278,3.2998588
SYNE2,9.488595,-2.074588
PELI1,-3.891584,-3.4912517
KIAA1024,5.0680823,-0.57327473
CYB5R1,7.484415,-4.5606627
TAOK1,0.5305677,1.6069019
ZNF84,-4.149832,6.1967125
ZBTB14,11.42161,1.4013757
B3GNT7,-1.3261516,4.333101
AGPAT3,-0.55416006,-7.175903
PSMA4,-5.1536913,1.2549202
DOK3,9.757551,-4.0638027
SCRT1,1.8676465,-1.1906806
ST3GAL3,8.223546,-4.5577006
PCAT19,10.026435,4.6881595
H2AFY,-5.2553563,15.049741
EPM2A,9.3242035,2.488721
FAR1,5.7324047,7.9773245
CD14,-3.8022254,3.8384607
BRCA1,-5.167815,14.957719
MT3,2.740672,7.9912996
IRX1,-1.1833568,-2.4051616
STAC2,1.996086,-0.950038
DDX21,5.24612,-9.296585
LPXN,-1.2907969,6.670238
EMC10,10.413712,8.570782
RBM33,7.4393983,10.612296
CNBP,-6.824992,2.592549
DDR1,1.9645474,7.4964542
MVK,8.23963,-9.37265
SNX17,-7.783605,0.92285395
COL3A1,2.192937,-9.263845
ESCO1,5.5250497,-9.499667
NUCB1,-4.856336,-12.0010805
ZNF672,13.720061,3.7833
GABRA4,-6.736725,-0.4144931
ETNK2,6.678979,5.286083
RNF40,-0.48620048,-1.4395323
YPEL2,-1.672018,0.6393711
LRRC6,6.8424745,0.5436959
TMEM59,-2.5371165,-0.77459544
LIN7A,-0.49435824,1.3802395
DSC2,1.5056924,2.1923625
PPRC1,9.284526,-4.505394
FRMPD2,13.102576,10.736664
EEF1G,7.2282276,14.2873745
SGTB,7.6424036,-6.8398886
CEND1,3.9266324,-0.7477155
TXLNGY,8.830183,17.371763
PEX16,-3.439289,-13.152788
RBFOX3,-5.694241,4.2875485
GLIS3,6.5298147,4.1472907
FOSB,6.5407286,-11.819562
RACK1,7.0336857,12.9298725
NSUN5,-0.12969908,10.081387
MYCT1,9.673564,-0.79671144
SLC45A4,1.9796326,-2.6568096
DECR1,9.956495,0.523375
ERICH3,2.3517776,-1.7699797
PES1,-3.4383626,-4.3830905
B4GALT7,-2.5788248,0.5515691
EIF5A,-4.864952,-12.009457
HAVCR2,2.6525612,2.7484653
DLG4,5.363577,-1.4370806
NAT8L,1.4261061,7.075461
LAMA1,13.105516,10.736419
ARHGEF15,8.904493,-0.8589284
SEC24B,3.1377165,9.672111
RYBP,5.031189,11.379799
RIBC1,4.056695,0.8379699
PHKA2,11.595394,6.208215
OXR1,-0.7359811,-3.9415002
AKAP8L,2.0418854,15.871971
LGALS9,-3.8467777,2.4179533
PRKCI,4.1096754,-7.284339
MLH3,4.351061,7.6531096
UBR4,-7.55051,-5.6762915
ENSA,-6.3694468,-7.9076734
ITGA5,-6.437744,5.5954337
GDPD2,5.2070026,0.76857114
PPAT,15.27033,2.8572476
NRG3,4.268917,1.8772668
MGA,-2.7487748,5.124543
CSDE1,-6.3071136,-7.958444
ABHD11,7.1971025,-8.694926
ANKZF1,3.1080687,15.366171
COX18,-4.83611,11.446745
DEK,3.3449244,6.497626
SIVA1,1.2846949,-6.1235867
STK36,-6.279267,-6.2980404
KLHL21,14.081248,8.979746
TALDO1,1.5816925,6.36262
HACD3,15.877188,-6.7750154
FAM69B,-0.03675627,0.8139376
FAM198A,13.265759,10.545511
CDS2,1.3869674,7.036127
MED23,-5.306542,5.95655
MANBAL,8.868488,-4.540121
LAMC1,9.976521,6.1990156
BMT2,10.036447,-3.037664
TNPO3,-0.8240429,-9.212287
WSCD1,3.6246405,-4.0697927
GFAP,-1.1305215,8.393783
EMSY,6.4669695,9.344288
SRGN,-4.2415404,3.9926891
TBC1D17,12.1424675,4.657267
MT1X,1.4191301,7.6275415
MITD1,-0.36797985,3.6240914
ARID1A,6.2681603,4.664324
NAP1L3,10.504231,-6.0911207
HHEX,-3.8797624,2.3206701
ATP6V1F,-4.7005563,0.57969207
STAM,-9.079862,9.094185
RPL6,6.8810163,14.586005
NSMCE1,-0.65374684,7.465767
PITPNM3,4.588707,-3.0442333
SERPINH1,6.3187075,-11.742888
PLPPR1,3.6209795,-4.06694
CDK9,16.204212,4.5843015
BRWD1,2.744834,-14.703434
SPOUT1,10.596015,13.214029
NTSR2,7.0707946,-2.078137
SST,-9.175915,-3.730265
DDX18,-2.1680715,11.204893
FAHD2CP,2.2504997,5.4871016
ARHGEF12,-7.5179286,3.3654244
MAN1A1,6.617538,0.6989086
AIF1,1.63123,2.8056846
APOL1,10.027439,4.692866
BTBD3,-1.2306184,10.071886
DEF8,6.03639,-1.2676693
AP2A1,8.535914,6.1015596
IL13RA1,1.5510639,2.2264242
MRPL48,0.97993505,8.766951
CDKN1A,-6.991703,7.027593
TOMM5,6.9345503,2.105546
PAN2,7.723787,10.437584
FAM120C,-3.5792007,8.983982
IFT140,-6.277399,-6.2994857
RBMS1,12.748063,2.6488647
EDNRB,-0.25269356,-6.6529984
RGS11,9.361781,15.449291
NDUFB3,-5.574606,2.273124
LNX1,-0.33648255,5.0103507
RSRC2,3.1717052,-12.42619
TFPT,-1.4601823,13.452156
DIS3,4.5752554,-10.705266
DDHD2,7.473263,3.2745404
ELAVL1,2.9916594,-12.350666
PPIL6,-9.099717,1.3788975
RSPH3,0.09562241,-12.494333
CLCN4,-1.5740297,-3.9446878
IRAK4,-11.8739195,3.2642615
IER5,6.365945,-11.756968
ATP5E,0.6522585,13.439747
SERPINA1,-0.84665745,-10.649375
SNRK,1.2348166,17.427443
CYB5B,15.357975,2.7822866
SETX,-2.8052647,4.99565
CHSY1,10.364657,4.504236
TARDBP,6.6584806,-9.333212
ZNF627,5.176232,4.316095
PUF60,6.7496066,-5.671479
CASC3,-9.57191,-6.6568904
SMURF2,5.2705812,-9.476724
ANGPTL2,3.627464,-4.0743394
AACS,7.834093,-9.361839
IFI30,-3.9614587,7.810035
SEC14L1,1.6114986,7.6418276
TPCN1,6.0771494,0.31153342
MICALL1,1.5484713,4.9301467
CXADR,4.633615,6.74318
TPR,6.1941094,-6.262106
PSMA6,-4.7487035,-11.89009
PTAFR,3.6182804,2.8083076
ZNF776,-5.44613,5.8662486
ITGB4,6.529831,4.911589
SREBF2,8.192697,-9.364431
TANGO2,8.706744,-7.35478
COX17,-1.7073005,13.39234
LONRF1,7.3250437,-0.7230246
SYPL1,-1.5082835,0.1449821
OBSL1,0.79022646,6.459637
SPSB1,-1.9181122,8.985184
ALS2CL,9.343703,-2.2944586
ZNF594,13.000625,-7.299977
GATM,3.5343227,6.1090946
ERG,-3.1432989,-0.077924535
ACER3,4.229847,7.212308
CDK5R1,4.2434974,-2.3664594
CLEC3B,9.387122,-2.223377
RPL37A,8.319437,12.344791
TSHZ2,-1.0783519,8.314826
HIF3A,-7.869623,4.325883
KCNK3,-5.6899133,4.282358
SLC39A8,9.688802,-0.79488325
OPHN1,6.157921,0.8590395
SMIM12,-0.76789767,-9.231643
ALG5,2.7308216,-6.8132024
SEC24A,-10.913036,-3.134394
PLA2G4B,2.3130388,16.417747
ZNF771,19.733755,2.3671367
SYMPK,-0.2647722,9.983422
NRXN2,-0.9721481,-9.12935
CBFB,12.853051,8.26145
ZNF195,0.67177653,1.4297606
EPRS,12.616299,-2.5755856
HSD17B7,3.65066,-12.653793
FNTA,0.09277755,-7.9264274
DOCK7,5.2618093,1.6309338
PSMB4,-5.091503,1.1165866
CCDC12,9.221326,8.553397
NDUFB9,-1.3840202,13.501427
TMEFF2,-1.538739,10.173168
FIZ1,-9.804966,-6.878848
CAMKV,4.588716,-3.0770464
TMEM205,-4.380615,-4.62566
EZR,6.3480754,4.409104
SUPT20H,-2.2608874,5.0166707
SLC9B2,-0.9322151,-3.981444
SLC26A2,-1.9390477,7.5947423
SLC16A9,5.2342973,0.7711296
ANO8,7.101391,0.17690608
ARIH2OS,9.771255,11.855853
IMPA1,15.287675,2.8429098
RPL36,6.983186,12.859934
DDI2,-2.0811434,15.962488
AGFG1,1.0292417,4.0937767
IQSEC1,-9.341109,-0.028140387
MTMR7,15.994912,5.7003827
CD163,4.568594,8.832075
TRIM28,12.152737,7.2667727
FKTN,0.60303277,1.5698115
ELL2,-6.8148494,2.6004794
LRRC75B,14.195409,0.24888834
BRPF1,13.234879,4.8466296
FAM178B,2.3110812,5.3647966
EPB41L1,2.0444472,9.984974
PPM1H,-1.5362315,10.17264
MAP3K11,11.853748,7.167799
DPY30,-1.7536081,13.367699
SLC2A4RG,-8.217193,4.774954
KCTD15,13.024401,10.805928
RAD23B,15.618929,-6.523054
RBM48,6.584224,9.226627
RAB4B,-0.21747482,9.918562
OMG,4.474857,7.899507
CMPK2,11.2978,14.774303
CD84,2.403016,1.947652
ATF6,12.86593,8.294513
PCED1A,-5.998651,-3.8485718
HTR2C,-9.106345,-3.6816697
LIX1,5.4858627,4.8297043
CACNG3,4.243225,-1.0417967
FAM76B,-5.9625716,8.189815
PTOV1,12.141966,4.656588
NPM2,-6.2626023,-1.0025405
CMTM7,-3.6026287,2.8268287
SCYL1,8.425106,6.253171
TRAM1L1,4.487457,7.9266057
NADSYN1,3.108714,15.337129
CARD9,2.2544177,1.2283901
ZNF18,-1.1266251,17.582735
NR2F1,-7.209036,4.1196985
RNH1,-0.1362751,-14.9550905
ORAI2,0.2068973,0.38834384
MYO1D,0.86501217,8.931436
PNPLA4,8.667884,1.0953346
RNF138,4.0028224,5.8228474
DCAF17,-3.0807633,10.824066
CLCN7,-6.895046,-5.993345
TMCO1,2.2906995,7.2397137
RASL12,15.729064,7.7853956
SNAPC5,-6.033062,2.1863782
PCMTD1,-2.936877,10.706271
TBRG4,8.413476,6.267567
EN1,-5.958603,-0.2123933
KCNQ3,5.2130523,17.670494
SOCS6,-1.2912275,6.680579
YES1,5.2572684,-9.4829645
NR2E1,5.4122305,4.687522
MARCH5,15.275221,2.854397
ANKRD13A,5.0320997,11.3779
INTS1,6.6793275,-9.552793
BSN,0.27038231,0.14310154
MAPKAPK3,6.6364746,5.5722127
STAB1,-3.9839847,8.040438
AGO4,-2.341149,-8.380456
S1PR1,4.6053724,3.5613954
FAM111A,-2.3697584,-8.384522
ZIC3,9.113565,-13.555192
TSHZ1,-3.4394493,-13.152705
WDR78,3.8673882,0.75989217
NLRC5,-4.8571534,9.816294
MAP3K2,4.5886803,-10.866777
RNF220,12.040408,4.7329965
EVI5L,0.056877792,9.667549
PLPPR5,13.280515,-4.750404
GID4,-9.509206,-6.598233
ITPR2,-1.0602471,8.29074
NFKBIA,-7.2678466,6.792684
TOPORS,-2.851507,-4.894963
KMT2A,-2.4293506,5.5802073
CERS4,0.42351183,9.130593
PTCD1,7.736221,-5.2796493
ST3GAL1,3.8742356,-5.44221
STRN4,-0.067047976,-14.893438
NPC1,1.2506003,4.1886673
DNAAF1,7.3605385,0.45453167
CCDC24,-0.33590537,1.2204752
NEIL1,2.445034,16.336414
MIER1,-3.0498521,5.7511134
PRRT2,-0.33197075,1.2133255
AMER2,6.2428927,7.97579
TAF2,-5.3595395,-9.941229
YIPF4,-1.6653515,0.6374378
HMGCS1,8.279045,-9.3682575
BMPR2,-6.5025706,11.56082
AIFM3,5.9076476,-10.447463
NME3,0.9280659,13.958358
PLA1A,10.419582,4.2040353
SUPT6H,13.234853,4.8459086
NPR1,10.140883,-1.4042649
TMEM176B,5.2204313,0.73969096
TRANK1,-11.831764,4.0860133
APBA3,1.5446923,6.4114842
DES,2.2256591,-9.299968
CLK2,5.2584763,-12.436717
ALPK3,2.2765515,-6.817805
NME5,-0.45376158,1.3590822
PLXND1,13.71717,3.786969
IGDCC4,-0.10701956,-6.9829097
RAB5C,5.1717343,9.920871
CARMIL2,4.422154,-1.7453395
PRKG2,13.279577,-4.754672
DSTYK,-1.5550421,-3.9458706
DBN1,7.2339606,0.0059921592
SDHB,-3.1943548,-6.512947
DDX46,-3.8430076,-3.5507102
STIM1,9.98575,-2.8819945
IL17D,-0.5661257,-7.1923513
NPRL2,16.204304,4.584348
PDE7B,8.829183,0.9081214
SSR3,3.4264815,9.607369
MEX3D,-0.09525262,-14.917792
LRFN3,2.2747264,-6.806821
CCDC6,7.3598237,-4.5492816
PCGF6,-9.631488,-1.4825828
GRIA4,13.293056,-4.751238
AP1AR,5.379623,-3.9662127
RBM15B,7.7563696,-5.2954903
TMEM144,-1.6106235,0.142035
PALLD,-1.0571078,8.281075
XPO1,2.7414412,-12.181803
CSPG5,-1.2348881,4.465344
CHURC1,8.603846,2.5002165
MAEA,8.34336,5.3665633
FAM134C,8.250264,-4.536885
ACIN1,1.6527923,15.869269
HS6ST3,10.891758,9.704313
ADAM28,3.4863539,2.6943138
DYNLT3,8.4780855,-6.9843793
RCN1,6.495027,4.205822
CDS1,-2.160641,-2.084467
CBR1,1.683192,6.241865
CDC34,16.964098,2.603271
ZNF280D,6.4403186,8.824313
APEH,-2.040386,2.7388463
LRRK1,2.3154602,1.423223
TCEAL4,9.309054,3.5198016
SEC14L2,-7.933066,4.3607225
SPRYD7,0.034968033,-12.468775
RNF31,2.6694586,18.572172
BAHD1,14.166584,9.053917
NOVA1,1.826328,11.513911
ACD,-7.260491,-5.8612437
ZZZ3,-3.1571913,5.66998
TIE1,9.635558,-0.7404128
CCDC130,3.1361754,15.062234
CNST,3.4750822,-6.7975802
NFYA,11.291497,1.5115286
ALKBH6,-0.57641715,13.128066
DTNB,-8.923211,8.956069
RASSF5,-5.972043,-1.7442002
DLG1,7.960465,2.6101289
RBM39,-3.801877,6.1538525
GGH,-3.8552837,-9.443882
ERGIC2,-2.5609145,-0.79618293
FMNL1,-5.9766393,-1.7671833
HSPA12A,3.0451705,-6.6052184
PRKD3,1.398947,2.075025
BCL6,-0.52273834,7.814405
U2AF2,6.1871524,-3.5428243
METRN,1.2896821,-6.1222253
MRPL2,-3.8796732,-4.9839625
PIGU,-0.17347799,-14.988052
TLCD1,2.6958342,18.543907
VCL,9.990407,6.1868205
HMGB1,12.187526,1.3458467
ESYT3,14.288116,0.3359573
GATAD2A,10.218275,5.528512
ANK1,-6.3269243,-0.74791056
MORN4,-0.4817965,1.37049
F11R,10.396028,4.4342275
OBSCN,12.163606,2.7913733
RITA1,7.470743,-4.583259
L1CAM,4.0610137,-2.409335
LFNG,-0.08599885,-6.9612737
CCT2,-0.17438722,-9.465727
PRPF39,-5.638593,7.7926173
ECHDC2,13.025835,10.812495
PHF10,9.307213,2.4757595
RAB40C,7.52876,-5.143949
NUMBL,7.759271,-5.299425
PRPF38B,8.276681,3.695626
CDH18,4.751503,-2.935634
SLK,4.5811815,-10.697836
ABCE1,-1.6776298,0.14228684
ZBTB7B,13.748062,3.7545705
SMPD4,3.9578233,15.26268
TNFRSF21,-8.948501,8.973479
DCC,15.394086,1.1735018
SPEF2,7.1103663,3.9705253
PLA2R1,7.9627557,-6.901532
TYMSOS,1.8894701,5.968554
APLNR,-1.1332793,8.398119
MBOAT7,-11.872103,3.2959855
NACA,7.1107473,14.338657
MFNG,-4.048014,7.966716
RMDN1,8.547766,2.5130134
HSPA1A,6.1722274,-11.704048
PLEKHG3,1.8976676,5.9696527
CELF4,-6.089148,-1.2534271
ACTA1,2.2620533,-9.332236
RABAC1,0.15296637,13.78282
PDE1B,0.18428126,0.4478787
SERPINB1,-4.7406635,9.593125
MINOS1,-1.58089,13.412748
ANKRD10,6.48134,9.307795
SUSD5,-1.5244559,4.34148
BHLHB9,-0.6332669,-3.8719256
C3,2.4067466,2.293474
GNA11,2.3112018,8.355391
PLCXD2,0.21484083,0.15537958
TMEM55B,-2.2565856,-8.185847
ADAM17,-0.19481221,-1.6627244
PRRC2B,-0.47738478,-1.444495
KIRREL,1.457792,-9.460084
CABLES1,-7.711639,3.534653
MTERF1,13.000755,-7.3004284
SPAG1,7.2677665,-7.711546
RNASE6,-1.3186839,6.5059557
ARPC3,6.9065776,14.72697
SFI1,2.4421794,16.326744
CHPT1,5.0207453,1.4910173
DACH2,2.3642998,-1.8066806
PNMAL1,1.6850737,-4.7915955
RIC1,-6.7915983,-3.6801727
LUC7L2,6.99087,2.120319
SMG6,-0.14260764,-2.2047133
MFSD5,7.721772,-9.703293
ZC3H18,6.201115,-3.5272226
IP6K3,4.3747272,-4.2048807
LILRB3,-4.1406727,3.9014132
MXRA8,6.0459433,0.297984
CBX1,11.57711,0.9818782
SMARCD2,4.457933,-4.196991
KDM6B,-7.345985,6.7152505
JMY,-2.4396646,5.5858784
RHBDD1,1.972418,-2.6568017
ECSCR,10.583144,3.893683
TTC1,1.861922,12.414439
EML3,13.533148,3.8964603
MRPL47,-3.1551158,-6.5601735
GMEB2,14.17418,9.060199
TUBB2A,5.012937,-1.3588151
LSM5,9.739033,0.5073797
CUL7,-7.450177,-2.8034813
MAPK7,5.510882,10.279039
RELA,10.320721,3.9551868
VAV3,9.335912,-7.8564205
SLC35C1,5.303472,-11.345607
ATP10A,9.190043,-0.70179594
ENOSF1,9.758367,11.842399
ETFB,0.8875311,13.93809
CDC27,-0.6317631,-12.374517
PCSK4,7.0029635,0.3250038
CACNA1H,12.177572,2.822394
POLR2H,10.3145,3.9353318
PEX14,8.493495,6.1812334
PNRC2,-2.2677703,5.0406747
CHERP,14.153665,9.04237
BTF3L4,4.72133,-13.807115
KAT8,2.0418355,15.872101
TMEM175,9.361792,15.4493
HECW1,0.00094893336,4.649828
DHTKD1,9.654996,0.6015065
P3H1,2.042592,15.871642
VANGL2,15.13691,2.959491
ROMO1,0.7996742,13.854345
ETFRF1,-2.0840337,1.6520337
COG5,12.891578,-0.3166415
DR1,1.5853778,2.2711263
RAB5A,4.935398,-9.6712475
UBE4B,6.62936,5.596837
PRAM1,-1.3059231,6.4804697
MON1A,-2.0049841,-8.680769
TMEM62,-8.903301,-5.4162335
HIST2H2BE,-1.8210514,10.992401
DYRK4,14.38148,0.46027097
SNX22,10.6201935,8.379742
FAM135A,-3.0304358,5.7770576
FN1,9.8877,6.3930464
MAP4K3,-4.1219196,-9.681077
PLK3,9.248588,-4.5990744
AXL,15.72036,7.7759423
FZD1,-7.107895,4.1568875
CACNB3,8.949538,-7.6619496
DOCK10,6.1064544,8.136691
GNAZ,-1.1421635,12.146941
ALDH5A1,4.753468,0.6093571
KCTD12,1.3946906,2.0696683
KRCC1,-3.5507517,8.960248
DDX56,-7.2575145,-5.8553023
GJB6,-0.119549125,-7.0018272
PAPSS2,10.920999,3.9256208
ZFPM1,19.734735,2.3660247
DOCK1,11.322865,1.4921453
GLDN,7.360278,2.6155193
TRAPPC10,-2.2571142,-0.38246414
PDIA6,6.115739,-3.6434433
NME1,-5.9965534,2.0749435
NAP1L5,-5.9773827,-1.4116951
NREP,10.653163,-6.4002066
ZMPSTE24,13.115068,-7.4187837
GYG2,-1.1341907,8.399806
ACOT9,-3.2421894,14.186556
CHN2,-11.637217,-1.8890351
ABHD17A,9.24379,8.496551
SPTSSA,-6.8134685,2.5980177
SGK3,3.246194,5.9137745
WDFY3,-2.2244935,-0.38151976
PIK3R3,12.723903,2.6795292
RPL4,7.1038914,14.343124
SUCLA2,3.3614972,12.018505
ZC3H8,0.39533588,-4.952218
SPAG9,7.654168,2.454004
FLNA,9.998689,6.166475
COX8A,-5.3292313,1.6275605
UBTD1,5.5736375,10.34569
RPGRIP1L,-0.43742794,1.361642
PTAR1,4.5854435,-10.70365
UBA52,8.331011,12.3346195
IL6ST,5.222715,-9.495008
SACM1L,7.4663987,-6.850838
HIPK3,-1.9392164,7.5980873
SSH1,17.208933,-4.1694
VTA1,4.731367,-13.817118
NEDD4,10.886102,3.9495375
PIGZ,14.359244,0.44137427
LNPK,-2.7269669,10.56758
CRTC3,1.2922593,4.2712235
EMD,5.603084,10.374721
PSMA3,-4.763289,-11.904566
FAM213A,5.0234265,1.4967526
HRAS,-0.62067753,13.131215
ADAR,8.255326,5.277927
STOML1,-2.0062761,-8.661705
HMOX2,-0.40584004,9.836193
TXNL4A,-0.017196061,12.606787
KLHL8,2.6138117,18.623426
ZHX3,5.7224236,3.6616325
CNN1,2.471345,-8.988669
RPL17,7.220983,14.292292
PPP2CA,3.9225898,-7.099784
HM13,-3.6565156,-4.61789
SNX3,3.0240953,-12.389785
QDPR,-11.66129,-1.9140617
BTBD17,5.7774997,11.541646
EIF2B5,8.643101,1.1200371
ASIC2,15.4042,1.1869961
ADORA3,0.7795459,2.94886
ABCA5,16.108686,5.808948
RPF1,3.0183196,-12.39201
PPP4R3A,4.573215,-10.876927
ADNP,-2.7512252,5.2236214
FAM50A,9.20743,8.552267
PRR7,19.705206,2.3948865
EPAS1,9.731884,-0.7302972
TPM3,9.697966,-8.271144
GLCCI1,-5.441221,5.8693933
RB1,1.5836608,2.270247
CACNA1C,-9.807895,3.8383775
HPGDS,-6.156665,0.85136527
NAA30,-3.9809859,-9.556977
CDIPT,-2.6717162,-8.343915
SPOCK2,-2.2293046,-2.1562
PTPN11,9.293487,2.4584036
SPN,-1.2881691,6.4202266
TOX3,-0.82756156,12.032165
TMTC2,-2.1535044,-0.43599704
ARIH1,15.648717,-6.553527
USP27X,-4.4980474,4.510612
HINT3,8.024121,2.5732713
KIAA1109,-5.052952,7.0322146
NID1,1.1414843,-9.907156
SCAF8,13.113036,-7.414958
HYDIN,3.8551886,0.7541419
MARS,-0.4679832,-9.3291
YIPF2,5.303461,-11.346172
PLEKHJ1,-0.12026671,13.873386
SMIM5,2.9177537,4.8900466
WDR45B,-3.5308595,8.940371
GADD45A,10.173234,5.5529737
IFITM2,-1.6165944,7.772489
SLC35A3,0.61840755,1.577252
ZNF12,-2.7536247,5.1340957
ICE1,-2.9012399,4.7087245
RBM27,6.3146744,-6.116327
RPL29,7.13431,13.004786
FHOD3,2.4834301,-4.821012
WDR55,12.722231,2.6789398
ABTB1,2.6611404,16.933233
NFYB,9.340284,2.4907737
CYTH3,1.3569534,-9.582863
CKM,2.2619164,-9.331868
TMX3,4.1133456,-7.2883606
TECPR1,-6.669938,-6.0652523
RDH12,0.14026849,0.044694856
DDX3Y,8.830342,17.371864
KTN1,3.3535087,6.420211
IGFLR1,-3.6089983,2.7485995
CERK,2.745591,-6.639494
RAB10,1.6298534,7.8949804
AMD1,4.276355,7.144516
BRIX1,4.2724547,7.13362
TCP11L1,1.8883135,12.413349
LGALS3,-0.90747386,7.9559765
PAPD4,-5.969386,8.192894
NR2C2,-0.11067418,-2.1600327
BSCL2,-11.835283,3.3518252
PITPNB,1.331271,-4.9645877
TYK2,-5.9909577,-3.8509302
INTS3,-7.4514656,-2.802237
NDUFA7,-5.337554,1.6454636
KIAA1211,-0.1239092,-2.1892436
SEMA6A,1.7064797,4.57636
EEPD1,1.155703,9.76337
FGF12,2.26533,-2.431339
MRPL3,12.611371,-2.5732536
ECI1,1.2835047,-6.1250935
ACAT2,8.283847,-9.370281
ZMAT1,-4.7114887,6.1609836
GNPNAT1,0.16548634,-1.9839854
NEU4,-1.2982452,4.3507366
CWC27,5.025078,11.4004545
NDUFA5,2.777352,11.871055
BUB3,4.7528453,-13.838412
UBXN6,-0.2002161,13.171437
ZNF204P,-4.500963,4.5104046
TMEM104,1.4299877,5.04809
MPRIP,-0.16549455,-2.231449
SERPING1,12.794334,-5.504836
CLEC7A,3.4822533,2.6526012
ZC2HC1A,2.803519,11.887735
HSD17B4,4.1837516,-5.2447844
TMEM132B,0.021050144,4.6311455
SPA17,0.10699277,-12.500213
PRKCSH,-0.07597355,-14.901119
LRRC37A16P,9.236712,3.0032425
SLC22A6,-3.9836917,-0.078087024
EXOC5,-5.3536253,-9.937425
PTPN18,0.27631447,2.7976408
GAREM2,5.904805,-10.446844
CFL2,6.206589,8.316093
NINJ2,2.3072898,4.939974
ZFP36L1,-4.0246754,2.9332716
ANP32B,9.239173,3.453458
IDS,2.745161,-14.703349
ZADH2,-3.439573,-13.152804
RBM6,6.468251,9.343903
FAM177A1,7.4976983,3.2301726
ZNF43,13.342216,-7.6494374
FERMT1,-1.346618,4.3535876
HAGHL,19.694609,2.405282
LSM1,-3.7276495,-6.050264
ANKRD34A,5.0668516,-0.5435898
RECQL5,8.957067,14.305995
PLTP,5.1951566,0.741241
EMCN,9.7012415,-0.79800254
PAPD5,3.6464365,-12.640943
EHD2,7.1742644,-0.5389613
GLI2,13.112082,10.729713
SPRYD3,8.507349,5.536828
RWDD1,-6.3309345,-7.9356093
AAR2,1.2681967,4.25664
MT1E,1.3607094,7.5929437
LMX1B,-2.453609,3.0821424
EMC2,-2.118649,1.6212764
PADI2,8.580967,2.5096803
UBA7,0.30990067,2.8176012
TMUB2,17.199053,2.890479
MLLT11,4.8909698,-0.5353981
LRRC47,-9.8054905,0.15414022
FBXW7,-0.62330437,-3.8626032
FAM92A,7.268045,-7.707585
TRABD,9.988659,-4.225571
KIF13A,11.505952,1.3399962
RHBDL2,7.722594,2.2596178
GRB10,-1.1033026,12.145233
SEPT10,7.3436565,2.3351955
KPTN,-6.9534354,-5.9802804
RBM25,-5.959337,8.185106
YY1,-2.215772,4.848133
CD300A,-3.6653624,3.7807512
SASH1,-1.6166323,-4.8537464
ENG,10.44099,-1.1604882
TNFAIP8L2,3.5957186,2.8091164
POLR2E,-0.17862375,13.176678
NCF2,-3.9480662,7.615649
PRADC1,-4.458261,-4.5813193
DCTN6,3.7637115,-9.175325
USO1,-7.588114,-9.408767
RARRES3,1.239753,17.426342
TMEM33,-2.067892,11.119916
RPS6KA3,17.209003,-4.1694207
DTX3,-6.6044536,-6.1206098
ATE1,-2.08146,15.963104
ANKRD50,7.5812774,-6.8206935
EPN2,10.639449,8.377044
HNRNPU,11.137577,-0.53753704
AXIN1,-9.440355,-7.175368
CRYL1,1.4671946,-4.5429745
ASNS,-3.848361,-9.434002
GIT1,9.8699045,1.565427
NCOR1,8.502535,3.8529253
ATP2C1,4.6086116,-13.6763525
PNMA2,-11.4737,3.5036771
GGA3,-1.9335827,-9.5407715
ARRB2,2.428474,2.830803
ACACB,-7.976184,4.4105973
HCFC2,3.7139409,5.9895124
TMCC2,-1.2044036,12.181624
EIF4G2,-0.19838652,-9.483506
GOLIM4,4.1741433,0.9283122
NPAS2,10.282902,5.2591677
SNRPG,-0.68312246,7.4907646
MDN1,-5.0325923,7.016148
TNFRSF10D,9.265158,-4.53197
ZNF37A,4.1606345,-5.0071936
TBC1D9,5.2209024,17.677986
HR,15.988396,5.694459
RSL24D1,3.7385764,-13.490033
RNF11,2.7453039,-14.703621
ATF7IP,-5.1373386,14.92707
WNK3,-0.31189734,-12.140376
PRKCG,4.233005,-1.0336608
CARD10,8.938751,-0.82484233
ZNF615,-2.858413,-4.8899302
CD34,9.38189,-0.72397965
TOM1,7.750511,-9.366521
CSAD,7.6435823,10.392663
VPS4A,-3.4614372,-4.417016
ZNF518A,-4.9869685,6.984138
DCHS1,10.288286,5.2386694
TMEM150A,10.318741,3.9428337
KDELR2,-2.1878166,-3.3675234
NRAS,-9.631634,-1.4828757
FAM196A,-0.3174225,-12.090637
ALAD,8.576695,2.5156925
ISG20L2,10.945968,-10.763681
PEX5L,-11.651538,-1.903275
TPM4,-7.0923653,7.42041
FBXL20,3.7836618,-6.9720297
TBPL1,1.010852,-4.7702146
ZNF224,-2.2064497,-12.340916
FAM169A,-0.038223613,-2.1565342
PSMA1,14.244934,-1.56281
CUL2,3.4915054,11.805855
TCEANC2,8.236695,2.6121132
HTT,8.266826,5.284803
RHOA,3.7825568,9.224951
GLT8D1,-4.8352585,11.445725
GRIK1,13.291552,-4.750216
EEF1A2,4.241796,-2.3695302
BCKDHB,9.368511,0.7298063
STK25,7.5272303,-5.168954
PGM1,4.599337,1.7666029
RNF7,6.92575,2.101372
IK,5.0266485,11.389702
RFFL,-1.6970834,-0.14794223
GALM,-4.1853933,2.848648
RPS3A,6.8887076,14.613643
MSMO1,8.2708025,-9.368897
RAPGEF1,17.208971,-4.1693945
DDA1,-2.6360617,0.49923405
PAPSS1,-1.5161813,-0.10672103
NDUFS2,8.635925,1.1252974
ARL14EP,13.113416,-7.416316
TSPYL1,2.6453643,-4.9208817
BCLAF1,-4.380078,-7.3348336
TMEM176A,5.193522,0.73961484
PSMC4,14.154522,-3.8351514
MIAT,4.7169123,-1.4928086
GPRC5B,8.81939,-6.7719417
GABPB2,3.3679643,6.4527946
UBE2E1,12.222725,1.3665696
PLD3,4.71168,-0.5912067
GOT2,8.625183,5.7306595
GUCY1B3,1.9503099,-2.7033765
PLPPR4,2.2636025,-2.4903767
WASF1,-9.081144,9.093209
WDTC1,-2.7478862,-8.338934
DOPEY1,0.66419035,1.5196269
TPST1,10.171583,5.5532756
GIGYF1,2.3373303,16.420528
HDHD2,7.4655247,3.2832053
EIF4E,16.114006,5.8120956
ESYT1,1.5753714,-5.144378
CDK19,4.0181274,-5.2772317
SELPLG,0.44943368,2.8875816
GPR107,-1.9001381,-0.31102535
PNMA6A,-11.694014,3.636493
ADCK1,2.8618138,15.847248
NOL4L,6.0749984,7.589849
DENND4C,9.232692,9.915818
BTBD9,-2.312932,-2.213208
UBE3C,3.8547537,-6.99079
DOK6,5.230018,17.683207
NT5C,9.787174,11.863009
HERPUD2,1.992261,-2.6391776
TCEAL9,4.020027,-12.951113
TMEM165,11.50828,6.4982667
OXCT1,2.3508704,-5.6588373
TMEM196,10.887034,9.699891
NFATC2,1.6134301,2.26858
MKNK2,4.078574,-13.007722
PLD2,15.742748,7.7992964
NDUFS3,8.8510685,-4.535626
TNFRSF12A,-7.04741,7.2886667
HECTD4,0.953457,-4.670252
MAP3K12,-7.451693,-2.8029401
ZNF397,4.36939,7.6725144
STYX,3.607768,6.0290313
OLFML3,3.6965427,2.9308755
LRRC43,13.102946,10.736293
SNU13,-4.7421618,0.63794506
SSTR3,3.1270363,-2.0551646
SMARCE1,11.585137,1.0887496
CYTIP,-3.3282208,3.938579
CDK4,5.1636553,9.911806
SMYD5,6.7707577,-6.597406
DNAJA2,14.235391,-1.5471318
FERMT2,12.883969,-0.3182057
NHSL1,-7.482345,3.4925082
PDPK1,3.825844,-7.006449
NGDN,4.2725534,7.1228533
ASMTL,8.810649,-4.5433583
ZNF16,1.2872151,-8.086941
RBM3,10.825163,-9.868021
ACTR3,9.700482,-8.274403
CPEB2,5.6717887,7.9970837
GDI2,4.7270436,-13.813113
ABCD2,-1.0710276,-2.4925504
COPS7B,6.2480693,-3.4693885
FAM217B,16.24132,-3.1453161
ASIC1,-1.2002195,4.464384
DHCR24,-8.913588,8.939798
TRMT6,-5.150351,1.2441022
UBE3B,11.593986,6.2243204
TRPM7,-5.064782,7.039452
LOH12CR2,3.7612746,-9.171882
UTY,8.830316,17.371792
SLC9A6,2.463487,-4.7823944
RBL2,-6.792667,-3.6561096
SLC37A2,0.43829164,2.8854065
PHLDB2,1.7158624,-9.436088
KCNC4,-11.819592,4.0658503
DDX39A,1.1830634,9.781369
ASPSCR1,1.1409109,19.222603
ZNF691,-9.312822,4.070575
CHIC1,4.0497327,-7.2316
ADCY9,-9.818648,3.8320916
NFE2L2,1.634196,7.86734
LRRC59,6.136763,-3.6847906
PGAM1,-3.7774448,-5.3973107
SHANK1,4.59219,-3.0392485
COX6C,-5.9163046,2.0999854
TSR2,9.302142,3.5058892
ZFYVE28,-2.0331094,-9.587198
EMC7,-3.664739,-4.60102
ACTR1A,7.602326,-9.386656
LYRM2,3.993288,-9.307475
ARF6,5.2346177,-9.28077
VPS4B,-9.634103,-1.485212
ORC5,3.7501702,-6.9390745
RUFY2,7.4878173,2.5865855
ZBTB40,-0.48722908,-1.4194331
RHOT1,-2.7702007,10.5736885
TMED9,-4.8631806,-12.007638
RAB30,-1.6178335,-4.8526087
ZC3H7B,-1.1659296,12.15307
LDHB,4.6123757,1.756164
ATOX1,8.7299595,8.05238
RCBTB2,3.544721,6.0990105
DNAJC16,-3.0177062,10.76982
ZBTB45,9.840618,1.5290397
RGS22,4.2093635,0.9159642
DAXX,-9.525396,-6.614287
LEF1,9.06637,-0.7842196
RAC1,8.513512,3.7295835
A2M,-3.8852623,2.3140144
MIDN,-6.9498525,6.990241
PRDX4,1.309882,-6.1008544
ARHGEF28,5.3009086,17.759487
ATG7,-3.7824986,-5.4397435
TPPP,-0.5623769,9.8575735
PTRH2,-5.1248446,1.2084703
RTL1,-6.4099817,-0.6474946
UBL3,5.6840434,8.005845
CISD3,-0.0469158,12.585032
ANAPC5,6.102948,7.4701915
UEVLD,3.7373621,5.970422
PPP2R5A,5.572829,3.5095744
NSD1,-0.4826059,-1.4218702
SPRN,-1.1185249,-9.046147
COX14,-1.6993996,13.393269
NEPRO,12.301988,1.383273
SLC12A4,12.992524,10.833211
CHI3L1,12.79216,-5.5041323
COMMD3,3.855911,-5.4576287
PLEKHA3,1.4138839,-4.505787
DARS,13.407778,-0.41877648
CNOT6,6.178008,-6.2842045
DYNLT1,1.2453271,17.42596
RNF6,-3.9554389,-9.533718
TADA3,15.827507,7.8828316
MAMDC4,10.823766,-9.86815
UBE2F,2.8468573,11.904477
NPM1,6.909595,14.697853
MINK1,6.232044,4.639997
SORCS1,-0.7366481,5.337954
TIFA,9.779554,-4.1186905
WAC,-9.587249,-6.6552672
RREB1,1.4308857,2.1207747
STRN3,5.923719,16.14171
MFHAS1,12.723189,2.676793
GRK3,9.272757,-7.932467
PREPL,2.6812003,-4.9340854
FAM65B,-0.6599307,1.573175
CHD6,-2.9003654,4.7043705
COA5,11.579992,0.97916466
CCDC124,0.17371374,13.782411
FUT9,-0.4116762,-6.4666667
DZANK1,7.11086,3.9724865
SEC31B,8.949541,14.315495
LEMD2,11.892381,7.1697893
L3MBTL2,9.108699,-4.5267153
FLRT2,-0.12047897,-7.0066857
PARVG,2.256348,2.3287535
DGKQ,6.850328,-9.373706
ERCC2,7.433546,-5.1449637
AVL9,-0.122053996,-12.400001
KCNAB2,1.9143021,-1.7248815
SEMA4B,13.318116,10.555659
TTC7B,5.1433644,-0.5259659
DDX60L,11.386373,14.685707
FEN1,-8.904508,-5.4152827
KLHL22,7.456527,-5.1584964
PYGM,5.906845,-10.448046
PLEKHO2,6.6396275,5.553589
RNF157,1.956211,-4.610808
CA4,1.32596,-9.524201
RAVER2,4.2068663,1.8526403
PTPRS,0.96176535,-4.672031
RASAL2,1.2302303,17.42793
TECR,10.414617,8.574144
MED17,-2.8813677,-4.865893
ERBB4,-0.4027419,-6.471221
ZDHHC14,1.4882698,4.9885206
SLC12A9,2.1226807,5.7010098
EIF4H,-2.1157327,1.6233014
NRSN1,10.640573,-6.388146
SGCB,3.5018022,6.194987
TMEM126B,15.325922,10.176398
ATF3,6.43269,-11.786967
CCDC184,2.1996934,-2.4793422
KIF7,-7.348265,4.088999
CCSAP,6.215829,7.351023
SCRIB,1.5468974,6.4066415
H2AFV,9.353779,2.5013757
LLGL1,10.4676695,8.497938
SHB,-0.0985724,-14.922419
SRPK2,7.444046,-6.8457775
TMED2,4.729248,-13.813309
UXT,8.349623,12.320203
TMEM63C,9.841415,-2.7775524
CMTR2,13.118251,-7.4128857
PLEKHG4,-0.86650205,-9.186097
POLR3A,-0.12584779,-12.397061
PAF1,6.619506,12.391831
PDLIM4,1.2276309,7.853748
WDR27,2.5769665,16.742409
BLCAP,7.4030128,-9.250811
TES,-6.4443655,5.595043
FADS2,7.028457,-2.1141298
NOD1,10.275066,5.2608743
THBD,9.25312,-4.52017
PSMC2,-5.14298,1.2371224
STAM2,4.6628838,-10.043258
SH3YL1,5.687982,8.001097
SEPT6,1.9759588,-2.6629686
MAGED1,8.45925,-4.532277
GPAT3,1.6003711,-5.1307883
COX5B,0.35873622,13.54909
CCDC59,-1.657762,10.915027
PPP3R1,-6.6705637,-1.4131427
HEPACAM,2.2187583,7.2915435
CACNB1,-11.748576,3.7376478
MEF2B,1.5447909,6.414973
PON2,6.339468,4.4257884
DLK1,-5.959655,-0.21296765
NT5E,-0.28156257,-6.6251297
KIAA0408,-5.4306912,-4.846274
BACH1,-4.770975,9.683468
TP53I11,-5.9782777,-1.78155
NIPAL2,3.6801987,-7.007924
NRN1,-5.8439226,4.4175906
RPL26L1,0.92650914,13.979922
PHF19,4.4600687,-4.2052827
PDZD7,3.9830964,-0.7717627
PITPNA,7.7548733,-6.8560677
HNRNPUL2,1.2303771,-10.969778
CORO2B,0.86847275,9.530386
ZC3H12C,4.401164,-11.963877
TMEM100,6.1316905,0.86423546
PSMD13,-5.0558033,1.0745764
UBXN11,0.748493,6.4528837
ELMOD1,5.5558295,-1.913927
ZNF30,0.6726441,1.429356
L3MBTL1,-1.2002082,-9.1415205
IL3RA,10.025506,4.6896315
WDR59,12.137769,7.235995
SYNJ2,7.575682,1.8911387
TOMM70,-1.1807662,-3.9332907
HBA2,-0.81438994,12.064734
PSME1,-4.9618697,9.968054
TTC8,6.9416265,0.43375412
RPS6KA1,-3.6217844,2.8442335
ZBTB38,-2.2853863,-0.4010533
RAPGEF2,-2.910003,4.684303
SSPN,9.715146,0.5241324
SYT5,4.079577,-2.4433005
PSPN,-9.62978,-1.4822005
CELF2,4.681571,0.5140621
ANKRD34B,-9.068539,-3.669397
CUL9,8.9522915,14.312953
SNHG14,9.300824,-7.918538
PELI3,1.954927,-4.614857
PSMG3,-4.7841177,0.68571454
NECTIN1,0.35334584,9.497787
NAA25,-6.3473773,8.704051
LSM10,-5.221709,1.4399946
GLIS2,0.060263958,-6.812699
KIAA1644,7.25578,16.677006
SLC1A6,10.653878,-6.414237
MAP1S,17.26316,2.9664192
KLHL24,13.63859,-6.729645
PRRX1,5.2897406,1.7431345
ATP8B4,2.3495684,1.6444262
FBLL1,4.4475737,-1.73333
KDM5D,8.830296,17.371958
DNAJC27,7.5244813,-6.858203
ZMYND15,3.4801881,2.6477275
PPP3CA,-6.695627,-1.4025278
B3GAT2,-1.1931444,-2.395594
STX17,8.102716,2.752838
RIF1,-3.8011732,6.0877123
DICER1,-3.1204123,5.60826
IRX5,-7.255622,4.115373
BEND7,1.6195395,4.4534564
SPECC1,2.6356504,5.315911
CYB561D1,2.6671832,16.943779
OGN,-1.4657269,4.1253223
ARPC2,9.697485,-8.2696295
WDR24,6.6711407,-9.5555
WARS,12.710714,2.6738465
WDR5,16.969938,2.6094654
CRTAC1,13.289001,-4.745938
S100A9,-4.1780086,3.9345937
TXN,-5.108531,1.1494269
TBCC,-8.970772,8.991381
PIGV,2.4372377,7.141673
CNTN4,-6.5188565,-0.5335239
MGAT4C,-7.6976466,3.4638302
PRCP,5.058437,1.4532009
PDE1C,-1.8565063,-0.30704173
PSPC1,-8.904766,-5.4154143
AOAH,-1.2909842,6.42478
CNKSR2,10.658608,10.497781
ZNF211,-2.2070718,-12.341465
SCOC,-0.0016439515,-12.442628
PAK3,4.1182113,-2.6233685
SHANK2,0.0009567281,0.7404659
LPGAT1,15.990388,5.698522
PAPD7,10.828723,-9.864999
RPS15A,7.2077985,14.298392
GYG1,-3.7307525,-6.055707
FASTKD1,0.32188886,-4.982545
CCDC170,4.181471,0.8869578
KIAA1671,-7.643297,3.438633
FGF14,13.229888,-4.7193656
ZZEF1,-7.578613,-5.662359
SEC62,7.794456,2.939631
CBLN1,0.13142866,0.035190705
RIMS1,-5.8171306,-1.4469973
REXO1,9.848534,1.5379434
IGSF8,11.991299,4.76802
PEX19,15.357949,2.7833462
ZNF91,-10.974622,-3.0764563
ADPRHL2,1.1929172,9.763531
PFDN2,9.566347,8.044755
HSF2,4.1475034,-7.3207808
COL28A1,-2.929552,-12.262601
FAM189A2,0.044188503,-6.8059263
CALM1,-0.6083066,-3.8739357
ZBTB44,13.634697,-6.7334895
MSRB3,5.682171,4.304743
ZNF219,-4.1991754,14.061211
GRK6,-1.9646162,-9.500978
MOBP,9.244412,3.4544275
TERF2IP,1.6382527,-4.8461585
NDE1,4.2345777,-4.2090225
BAZ1A,7.264139,-5.2062674
ITM2B,0.6170743,7.542155
CNOT8,10.944996,3.8971677
CCDC157,-0.34679997,1.2340226
TADA2B,2.4560633,8.209127
CYP4X1,1.9499904,-2.7012424
SELENOH,0.15748814,13.777649
TBX2,1.1631802,-9.878221
TRAPPC6A,7.2378197,12.926077
LEPR,9.677381,-0.7926359
TRAF2,-6.162337,-11.13941
KIF26B,5.1961155,17.651299
SELENOW,0.7022938,13.45593
NAA16,2.6725962,-12.139693
NBEAL2,10.385255,-1.2472514
ATP11B,-2.276892,-0.39577755
LPIN1,4.370066,1.9210234
TGIF1,-0.6075908,7.9177575
KIAA1522,7.2450542,-0.003774997
FUK,1.5828246,6.3755193
DENND5A,-9.734763,-6.8597445
MSL2,-2.845588,-4.9106774
ATP6V0B,-4.737916,0.62929606
AHCTF1,9.228949,9.910682
TAF4B,1.1114798,-4.7752085
CCDC106,-2.5958602,0.56734776
MAF,0.7198605,2.9548514
SNX25,3.6128535,-6.9180074
NCSTN,-0.17558295,-14.9894285
GYPC,-3.9712281,2.9645562
ASF1A,12.436211,6.9293756
PRSS56,1.9947983,-0.953679
UBASH3B,2.3338907,-5.5321655
SPIN1,16.243443,-3.1508586
GTF2A2,8.191828,8.360737
VWC2,0.024175022,4.6283054
ITGAM,2.3920875,2.1445844
TCEAL8,15.32592,10.17641
UBE2N,8.518009,-7.083945
BRMS1,6.6525598,12.416668
UBE3A,16.260061,-3.1643987
KCNT1,4.158881,-1.8338951
SPTLC1,-6.825784,-3.6256585
MVB12A,-6.000892,-3.8456776
FAM168B,-5.4305935,-4.845567
PHYHD1,5.4956245,3.7644248
NKAIN2,7.713971,2.3074656
KCNJ8,1.1408813,-9.90885
GNPAT,12.471344,6.8964047
LAMA5,10.382495,-1.2533568
AMPD2,7.108629,-9.187252
TRIM36,-0.806939,12.062884
MYO18A,7.581342,1.8269042
TTLL11,7.5857596,1.92329
NDUFB4,-5.589056,2.3158977
ABHD17C,4.9862823,0.904398
EXOC1,4.4935756,7.9427357
ANKFN1,5.23744,0.77768606
BIRC2,-2.269794,5.0437
SLC24A3,10.8907,9.7046385
TTLL12,2.403417,-6.7689877
GMPS,15.658537,-6.561819
MYO16,2.0559804,-0.8900825
FMNL2,11.271256,-4.5458994
SGK2,2.7660978,5.1041145
PMVK,2.7421136,8.012649
MX1,11.298784,14.774874
PCNP,15.326076,10.177004
DMGDH,5.4653482,4.8048606
FAM227A,7.4137554,0.43817198
HADH,5.185558,0.7341947
HAMP,-3.8084779,3.8419516
IDI1,8.283217,-9.369409
DEDD2,5.304981,-11.348013
KLF12,-7.7593784,3.183781
DERL1,4.7258115,-13.811859
POLD1,9.985531,-4.2264824
LAMC3,1.859078,-9.389818
SPARC,6.3413053,4.427701
LBH,2.2596097,-2.4751146
RNASE1,9.883479,8.024365
DHX57,14.62487,-0.8581211
SPEG,14.772255,6.5692334
FAM49B,1.5312957,2.8969498
HYOU1,-0.187172,-9.494983
LIMCH1,11.689854,1.3938019
TAOK2,9.889233,1.5910643
GPAT4,1.5560671,15.838576
RPS6KL1,-1.0963706,-9.040592
NR2F6,-0.16645971,13.076965
BCL11A,-6.7042336,-1.4000963
KLRK1,11.418562,6.383417
RBM18,15.62664,-6.5314026
LNPEP,16.241323,-3.1440506
ADORA1,3.0972753,4.647589
COL4A3,1.4247899,-9.44661
PRDM4,3.8204765,-6.994525
SPAG8,7.501811,0.45363742
STT3B,-7.6074786,-9.389625
DDX50,3.2101092,9.640204
PGLS,-2.24108,-10.901538
GM2A,8.609582,2.5082831
ABHD16A,0.49437624,9.3041525
SLA,-3.6004038,2.9001997
TBL3,17.248,2.9506838
CHDH,5.494823,3.7636845
ITM2A,9.153368,-0.71519244
ZNF598,10.379237,-1.2743019
NF1,0.5364465,1.6062284
ZNF862,2.3246539,16.429365
PRR13,8.245316,8.318878
COMTD1,-0.1644909,13.075041
DAPK2,1.8964082,5.962426
NSMF,0.7707406,6.4697285
CDRT4,-2.930891,-12.265834
PTK7,6.9975853,0.37235245
UQCC2,0.7310478,13.561822
PLXNB3,6.1537857,7.9825616
COG3,-4.3943515,6.2481723
DDX1,-1.000254,-3.8923388
ADAM10,11.267589,-4.5495825
TMEM79,6.2400026,-3.4804227
TEAD3,7.2731514,-0.49643624
NSMCE4A,2.7383678,-6.8013544
SUCLG2,5.7482414,4.3086047
CYB561,-11.478987,3.5076222
FNDC4,-1.5153325,10.163332
IFI6,11.297555,14.774508
MAX,-9.49885,-6.5890927
ITGA9,15.715513,7.7714057
PSMA5,-3.154757,-6.5622573
ACTL6A,-0.032190535,0.80581415
NT5C2,-0.03687038,-2.1645186
RERGL,1.252333,-9.627858
CKMT1B,4.1717553,-1.8361266
HPSE,-6.1248627,0.85937554
SLC14A1,5.487705,3.7558045
SLC2A1,9.867838,-0.8582353
SLC9A3R1,6.6531625,4.9753146
TUBA4A,5.022467,-1.3710812
RAD52,2.5896242,16.793648
PCED1B,0.2980073,2.815991
CCNE2,4.003868,-4.1154785
GALNT2,3.0624518,4.6516504
PCDHGA3,5.0633054,1.525613
TMED1,10.416028,8.573201
PEG13,1.8929621,11.661113
POLR2L,0.7570439,13.819598
KLHL7,2.6875129,-4.9496627
PRRC2C,8.5019245,3.8454347
NECTIN2,5.1585603,-5.9792686
ZSCAN26,-5.126386,14.915788
SLC9A7,-11.828907,4.087482
ANGPT1,5.69177,4.309447
VMA21,9.57047,-7.6970553
PPP4R3B,6.345423,-6.0789914
EPS15L1,10.042444,-2.8354688
MICU2,-2.3125148,-0.49343115
ADAM33,9.354314,-2.254423
PAWR,6.063261,4.3537316
GLI1,-3.9827323,-0.07772345
ADK,0.61106604,7.544916
PFDN5,7.2811227,13.270414
PUS1,3.8681874,15.321344
TESK1,5.306608,-11.3491745
KLC1,1.9739383,11.870592
SAE1,-0.7906324,-9.21763
PRR14L,3.6110654,-13.573412
AP1B1,-9.79462,3.8506737
TMEM55A,1.396597,-4.49574
SRXN1,-9.773103,3.8786159
HNRNPR,5.0263147,-9.621358
B2M,-4.933292,9.924361
RAB28,4.5214953,-9.62878
EFCAB11,12.4579525,1.3996074
MTMR6,-10.849779,7.3497705
RPL26,7.149319,13.426753
MRPL46,14.1127405,-3.8513744
DIRAS2,5.0586476,-0.5672563
PPA1,4.599663,-12.415373
NDUFAF4,9.589027,-8.166923
KLRC3,11.422867,6.392948
NCS1,4.1942215,-2.7337842
ZMAT2,14.115803,-3.850392
NSUN6,7.6228805,10.453601
KLHL23,-7.7354217,3.2217746
AGPAT4,2.772143,5.1280775
NEK8,2.6796153,18.56343
BAG3,4.0448003,-12.9526415
NUMA1,11.576693,6.2478666
ZNF274,-1.944535,9.01969
BCHE,3.6191788,-4.0686007
CRELD2,-2.0574365,-3.3129869
ACTR3B,5.3903384,-3.9725745
FGF2,6.1758065,4.5865383
NHLRC1,-8.904528,-5.414835
SLC2A11,12.894352,8.335705
SH3PXD2A,9.250847,3.5118995
CAPRIN2,7.3185215,-4.5623484
FGD6,-7.0579753,4.1638703
TBC1D24,7.073664,-9.179624
EZH1,12.135992,7.234748
TUBB4A,-0.21765004,9.848697
RAVER1,2.3444276,11.872931
FANK1,-9.148218,1.316358
RPL22L1,6.90378,14.741882
H2AFZ,6.16773,-3.7395422
PIGL,-6.3418965,8.701461
KIAA1217,-1.1737384,-2.413232
MAN2C1,5.2452445,-12.437784
APOBEC3C,1.2990131,2.8549628
RBM26,-4.6293135,6.603763
RAB15,5.417529,-1.4865617
KIAA1191,-11.656206,-1.9055002
RGL3,-0.6087357,7.9197397
CDK11B,-9.587234,-7.044256
PPFIA4,5.1201406,-0.531548
IRF5,2.2601528,1.2780539
CLPX,12.315309,1.3848184
MYT1,-1.2369372,4.4666586
OLR1,2.3541665,1.6396872
DDHD1,7.205265,2.6845343
ZSCAN30,-4.4945335,6.2236657
SLC35A2,-7.785996,0.9239655
MCRS1,8.958487,14.305893
FAM227B,-3.739568,6.509079
MORF4L2,1.611703,-4.8250823
SLCO1C1,5.2293706,1.6888889
FAM107A,-0.96196043,8.119616
ASPA,7.9785104,2.6016853
NAP1L1,8.454349,3.5657344
MINDY2,6.4664507,-5.964774
TERF1,4.659163,-10.050274
SLC2A10,6.0340095,0.7957365
KDM1B,13.390456,-0.43499473
RARA,5.165329,-5.9818335
TNFSF12,15.821561,7.8767896
AATK,11.522783,6.5270824
IDH3B,8.591598,5.78128
GABBR2,0.005101854,0.72004634
MYDGF,-2.062639,-3.2969909
HSPA1B,6.225927,-11.717399
HACD2,12.850489,8.2578335
ARMT1,2.8049307,11.887226
ZNF189,7.339509,2.6271238
CARD8,8.66414,-4.5542064
PEX3,4.500358,7.956072
MAGI3,9.139522,-7.8218403
MLXIPL,2.2307277,1.1938878
ATP5G2,8.34421,12.324254
TRAPPC13,-10.849915,7.3498244
ZNF622,-1.1437564,12.158723
PRKCQ,7.724052,2.2370899
NCAPD2,4.3293467,-4.2134194
CHST3,13.690738,3.80535
RNF144B,6.5961823,0.7146917
CARS,-0.49516755,-9.31832
STAC,1.9548725,-2.6965125
TXNDC5,-2.1908782,-3.3663962
CBLL1,-3.0487192,5.7085204
VPS13C,-4.8086214,6.8222504
ABL1,1.274786,4.2642937
TMEM139,1.5379548,4.914985
ZCCHC24,11.295848,1.514434
DDX19A,5.169166,9.916171
MTRF1,0.28022337,-5.0061383
MARCH3,6.5316353,4.1438403
CHL1,5.6385093,-2.0002463
RAB39B,3.561375,11.841947
VSNL1,10.663349,-6.424572
INPPL1,5.3254623,10.08931
ALOX5,-3.6651747,3.777196
FAM234B,14.286222,0.23836862
HDAC7,10.276371,5.264847
FAM105A,3.6762218,2.9101405
SSFA2,0.537291,-2.129801
TMEM125,2.5554538,4.965528
SEPT9,12.416933,-1.6777718
HRH3,4.5871,-3.0775623
TRPV1,-2.930827,-12.265668
FEM1C,10.156498,5.585386
MYO1F,-3.5318165,3.0654674
KLHL12,10.0407505,-3.0502586
GBF1,9.533431,-7.7283187
RAD21,4.18381,-5.243965
MAN2B1,1.4140372,2.8471723
DCTN5,1.8719823,12.413927
LRCH3,6.5039163,9.139522
ZSCAN16,4.369845,7.6698184
STRADA,4.1526074,15.127774
TM4SF18,9.9909115,-1.5716519
ADAMTS10,12.15891,2.7867565
SOS1,-2.83281,-4.9269137
METTL8,8.96309,2.66252
LMF2,4.273037,15.040846
TENM4,-0.3475757,1.2310604
MARCH6,-2.7806325,10.579862
ATG2A,2.3752713,8.264084
WDR26,-6.792834,-3.6804655
SEPHS2,-5.3216558,15.116103
MYH7,2.276499,-9.346235
ANPEP,1.1250234,-9.918569
NR1H3,6.0454264,0.29725954
NUDT11,-0.46093926,1.3432697
CUTC,1.6138849,4.449898
TMCO4,13.040062,10.7946615
ADHFE1,9.655754,0.59877867
ATP1B2,7.0649443,-2.1363926
SAMD9L,11.394255,14.679201
GCFC2,-3.8343234,6.1656756
PPOX,19.692932,2.4068875
TGFBR1,-3.6696532,3.8400939
INTS8,3.615966,-13.568684
CTH,10.04254,-2.822695
ANAPC7,9.107054,-4.537663
CXXC4,-6.719708,-0.42467386
PRNP,-1.1208591,-3.7380736
KRT5,6.818945,12.617701
CYTH4,-3.6616623,3.7882395
KIAA1468,-10.849005,7.3487487
TMEM201,17.009438,2.6641548
RGCC,4.4086595,-4.1931906
NFATC4,1.1306316,-9.916316
HIKESHI,8.190136,8.362472
ZNF585B,0.17566426,-5.0560093
KPNB1,12.612462,-2.5786204
IFT57,14.243312,-1.5615431
RABL3,2.4353807,16.181427
PPP1R2,2.7451353,-14.704083
TGM2,10.4148,4.2821774
RIC8A,6.7651367,-6.598643
MAATS1,6.8299313,0.55769193
ENKD1,-7.6386967,-9.351688
FOS,6.5110044,-11.815153
DNAJC14,11.274023,1.5063432
CPNE9,-5.704169,4.298326
DGKE,3.6289093,-6.975062
LMF1,3.1327908,15.026339
IVNS1ABP,-9.587976,-6.676769
SGSM1,2.6277168,-4.9131527
WSB1,-5.983054,8.217361
PPP2R5E,3.3512177,12.043625
BRI3,2.8485672,2.787234
RPL18A,2.5860815,2.8120916
FRG1CP,6.363206,4.6841664
FRG1BP,6.322614,4.6162066
ZNF266,12.220068,7.07032
ZNF26,12.21575,7.0770454
POLR2J3,4.413105,-12.216579
UPK3BL,4.3986764,-12.199092
USE1,9.218646,8.51614
EIF3B,-3.415609,-4.3633537
CCDC78,19.692345,2.4075968
LRRC37A4P,6.6211414,0.6890735
LRRC37A2,6.603707,0.7031925
MTRNR2L12,-2.055369,4.688958
MTRNR2L8,-2.0953593,4.720706
ANAPC2,3.9581788,15.260588
MPPE1,6.753699,-5.6684866
CSTF2,6.7459908,-5.67423
PPP1R3E,3.6277318,2.8116872
DBF4B,3.6486523,2.826506
SCAND1,-5.1409526,1.2576035
YDJC,-5.201647,1.4075304
ATP5C1,-5.9621315,2.0828469
ZNF140,-2.2581632,5.0267324
SUN1,-5.329442,5.9475155
IBTK,-4.667195,6.6524487
SLC17A6,-5.7676477,4.3565245
EDC3,6.2363796,-3.4847467
CHMP4A,9.226054,8.094516
KPNA1,4.5719824,-10.690819
TLK1,7.426048,-6.8380427
PDGFA,0.49890947,9.24217
MINDY4,6.9673853,0.38744226
RAPGEF6,-1.0957376,10.025161
MARCKS,3.9847362,1.7615638
UBR3,7.41834,-6.840838
CLK4,-0.36680907,3.6216877
TMEM173,-3.9640968,8.028889
SBDS,-2.0958555,1.641075
GUCD1,3.222296,12.140473
KMT2C,-5.045677,7.0269737
CREB3L2,7.197042,-8.730404
LSM8,4.663121,-0.39690053
TBC1D13,1.1407722,19.222553
GCLM,14.244806,-1.5628452
MSRB1,1.1476985,5.9636884
ELMO1,-0.6934327,9.894153
CBARP,12.192992,2.824319
GNAI2,3.9981582,-7.1858225
GALNT4,3.530992,9.535304
SLC39A10,3.679737,-7.0073767
ECSIT,-2.2645993,-8.174036
PLCG1,11.593208,6.223564
TMEM229B,1.8324724,-1.0935236
HBB,-0.8167672,12.069176
UGT8,11.987748,4.761731
DENND1C,2.2798576,1.2973843
FBRSL1,-6.0842185,-11.069004
SUZ12,-3.0460777,5.789939
F3,6.639618,5.502476
COQ9,6.057868,0.3811601
HID1,3.1121821,4.6804338
MKL1,2.302293,-6.807089
KCTD3,9.289567,2.4563754
FAM3C,7.8156753,-6.8755994
PTGR2,12.545352,-0.26802304
DCUN1D1,13.634176,-6.733448
MRPL20,0.7872862,13.809404
RFX4,-7.847779,4.175595
GRM3,-1.2695974,0.49491054
EBF3,-5.9858584,-0.23452581
ANKRD42,0.060153503,-12.478472
ZNF396,14.575046,-0.8285748
ITFG2,-0.92963374,-9.168942
APPL1,6.4971547,-5.9319835
CDC42SE1,-4.8989635,9.341056
TP53I13,-8.216668,4.77409
GABARAPL1,2.4442244,-4.210602
MGAT4A,2.5312,2.6770074
WDPCP,-2.1727512,-0.36875004
MARK1,8.052636,-6.922213
ST7,-11.659374,-1.9107367
PUSL1,12.13218,7.556639
FAM78B,1.8773218,-1.1187761
UBE2E3,9.734992,0.5146952
ENDOD1,-2.0381725,11.096515
TXNRD2,2.5764601,8.057817
PARK7,0.92747647,13.979921
MRPL38,-2.2923033,15.191642
SOAT1,1.4631655,2.1491168
PRCD,0.9875066,8.800467
PRKAR2B,-6.7363977,-0.4158899
POMGNT2,1.3195436,6.975457
IMPACT,10.827571,-9.866507
TRIM24,-3.8084395,6.158696
PSKH1,3.2076457,12.129075
SLCO1A2,7.7392206,2.4749384
WTIP,1.3088108,-9.604481
LOXL2,5.1479015,-5.95531
DCAF7,11.818938,1.38804
TUBB3,5.2151027,-1.566495
AGTRAP,1.4322789,7.816789
B4GALNT4,-11.852247,3.7205806
ACAA1,6.7084684,4.9565487
ZMAT4,-5.809381,4.4007316
CCDC9,9.300511,-4.5632634
SFT2D1,-9.632714,3.95979
ISCU,-3.8117108,-5.2287703
SLC35E4,6.7668114,-6.593627
EYA1,6.1055646,0.8564399
EVL,4.0189486,-0.7593852
DDX10,-5.1456504,1.2410569
MDK,-8.217551,4.775105
DHX36,-3.697501,-6.093689
FAM78A,0.4674974,2.9004757
INTS13,0.0941268,-7.9365816
PET100,-5.2751384,1.6426331
RNMT,2.1447754,-4.6147113
ZMIZ1,10.291055,5.2282662
PDCL3,2.850772,11.904502
ASCC2,3.201783,12.092055
TAPBPL,-0.5652827,-7.1734486
SLC13A5,-0.114604995,-6.9860463
FAM20C,-4.865893,-12.010109
SEL1L,-2.1641731,11.198791
ASNA1,-3.7114305,-4.6927686
OTUD7B,7.255147,2.3011463
HSPB8,6.5108385,4.191251
GPR75,5.4480057,4.7612066
POLI,-4.8375163,6.1167126
MS4A6A,4.5657415,8.828463
ITPRIP,-6.8462048,7.0835133
EMC8,-0.6549001,7.477724
MOB3B,-1.7104924,-0.15938206
HINFP,6.224122,-3.4998372
TICAM2,3.325061,-12.479266
UNC5D,10.894489,9.707104
DLEC1,4.0735164,0.85167915
SCNN1D,3.1329439,4.6939993
ZFR,11.475348,1.413011
SMUG1,9.076677,-4.5571814
SHROOM3,7.2690063,-7.712579
CXCL12,9.392669,-2.207186
SDC1,-2.2555835,3.176165
PSD4,0.29158106,2.8092525
ZNF33B,0.4015599,-4.949267
RNF150,10.660567,10.4892235
TARSL2,-1.966368,-0.3082992
DDAH2,1.2309072,-10.972121
CLK3,1.5442026,6.415337
BRPF3,-9.593039,-6.675284
ATP2B3,2.0471826,-1.8416162
FN3KRP,-2.0883162,1.6531137
PJA1,2.8673167,11.850864
DHX15,-2.8702831,4.8395348
PIP5K1A,-0.032880098,-1.5418077
CHMP2B,-1.507438,-0.03452969
GPR183,2.3526106,1.6335983
CELSR3,-1.1883211,-9.128257
PHLDA1,-1.2468779,4.433799
ZNF768,-9.450705,-7.16397
LHFPL3,-1.3134168,4.4334073
MAP4K2,9.384781,-2.2338607
MLKL,9.259843,-4.529944
TMEM147,-4.3940625,-4.618294
FOXQ1,9.40081,-2.1933458
ALG10B,6.4641905,-5.9667454
KCNJ3,-0.5450229,-3.816698
STAT4,2.0130951,-2.6073482
HNRNPDL,-5.9787903,8.210156
POU3F2,-0.4051394,-6.4691353
ENDOV,17.209078,-4.1694555
ESRRG,1.0526117,-4.688597
DNM1L,2.4545605,11.915262
GNAL,-2.05895,-2.089954
SMARCD1,1.266629,4.2562404
CNR1,10.896987,9.703072
UBAC2,7.2315693,-2.3119235
FBXO45,8.572275,3.3322105
RAPGEFL1,4.148389,-1.8271517
DAB1,15.404948,1.1882046
PYGO1,4.01238,1.794264
EIF4G3,6.6805334,5.3125286
NOL7,8.225224,8.330392
MYO1G,-3.7988768,3.8452802
RPS4Y1,8.830586,17.372137
NFU1,5.0262995,11.403416
NPLOC4,8.410737,6.274368
TRIO,-9.807281,3.839818
PHF23,8.709296,-7.3590965
RAF1,2.9894295,-12.351842
SPHKAP,-0.8387442,5.406679
HSPG2,-6.442811,5.5958505
RHBDD3,16.972162,2.6116898
HNRNPH3,-9.587762,-6.675592
ATG101,-0.19075264,-9.495624
EIF6,-0.14077432,13.91825
MAPRE1,3.649704,-9.0809765
ACTG1,5.608115,10.380478
MYOF,10.355053,4.0257773
KLHL41,2.2719433,-9.333632
CRLS1,10.08169,0.49187416
IL34,-2.214847,-2.1443756
MOB1B,-1.3323016,-8.938801
NDUFA4,-1.3917935,13.497209
TIPARP,-1.7390553,7.763591
SERPINB6,3.8835628,-7.0766406
ZNF225,-5.3288574,5.9437985
HERC1,1.2307544,-10.970622
YJEFN3,-1.9758966,-8.577338
PAICS,4.855677,0.9110376
PTPN21,4.3056273,-9.491042
PCDHGA10,5.3808613,1.8724992
ZC3H13,9.342653,2.4860547
MT1G,1.3613741,7.5908966
KPNA3,-5.3557982,-9.939074
NDUFAF3,8.944341,8.017383
FBXO28,-1.1112096,-3.749415
ATG3,0.09655517,-7.9269724
LZIC,3.3705082,6.4412427
PKN1,12.133122,7.5625715
TMEM42,9.634937,8.095499
CSF2RA,3.4875598,2.6711745
HERC4,-2.834567,-4.9247775
NSDHL,4.627078,-12.433431
SLC8A3,-0.33561882,5.0102153
GBA,-3.7831223,-5.4309225
GABARAP,6.824373,12.62706
CD99,5.1841583,0.7283359
XRN2,8.644119,5.730525
LAMTOR2,-5.2280984,1.4521742
PLAC9,9.49396,-1.9244158
RALB,9.666436,-8.242185
ARMCX3,7.460104,3.2826269
KIAA0355,1.4665917,4.3603315
IRF2,2.041508,9.979169
TPM2,2.4690745,-8.988656
VSIR,-7.957088,4.3885717
SDF4,12.629021,-1.8938766
SORCS3,-0.7279815,5.354173
PHF5A,4.269158,7.1113987
TCF25,8.53743,6.1181316
PBLD,3.8940358,-9.251413
DPYSL2,-0.17000006,-14.98501
WDR37,2.7742746,-6.592155
CCDC91,4.2896695,-4.824846
IL6,9.205484,-4.5215335
DPM2,-0.15768945,13.924483
SLC26A11,-9.314864,-0.046031706
ENTPD4,-9.765336,0.2073669
TTC9B,3.8143678,-0.7471946
FBXO8,12.431709,6.9302096
SSU72,6.9275994,2.102156
HNRNPC,6.653211,-9.332468
PYCR2,6.76585,-5.651176
SIDT2,1.4526087,5.0230002
LATS2,-6.851566,7.0825763
PPP6R1,9.85469,1.5472087
MBD1,1.6194627,15.859201
SIN3B,6.781539,-9.207293
TM9SF2,-7.6131964,-9.383732
PABPC1L2B,4.9706283,-0.5491525
OPRL1,-4.5020585,4.5151668
CUL4B,4.502228,7.955958
TMEM127,8.230962,-4.56036
LITAF,1.4728324,4.3876915
COA3,-0.17892103,13.194018
MYLK,-1.5105274,0.14541818
WDR46,-0.14258856,13.927845
RBM7,3.5971909,9.459158
SAMD1,-9.445065,-7.171575
GDAP1L1,4.196666,-2.3589447
CDH20,6.160463,0.8992351
DOC2A,-0.5622145,-3.8328636
TFG,4.410808,-12.238948
PPIP5K2,-0.87461114,-4.537027
RBM17,5.280724,-9.435635
PLCH2,3.0215878,4.7604637
TUBB,8.200253,-4.559846
RASSF4,4.4607954,-4.193374
MFN1,0.67224777,1.43115
ZBED8,6.168154,7.4099054
GADD45G,5.6083665,10.375703
BRAT1,-4.6237803,-4.4501405
C1QTNF4,-3.9842117,-0.077975675
IL10RA,-3.4141011,3.9874136
PLEKHA1,4.6044717,6.7681074
SLC45A1,4.713678,-0.58860564
POLL,17.180128,2.8703861
KDELR1,12.5868,-1.8614634
ZNF28,13.375098,-0.43132123
HINT2,0.89742994,13.947382
RBM14,4.3186245,-12.233967
TTC9,10.62687,-6.373147
TMEM156,0.71358323,2.9499214
PON3,5.46287,4.810681
ZNF473,3.6266012,-12.589333
NAA60,2.307852,8.367015
C5AR1,-3.3046155,3.9302619
ZNF517,4.4072886,14.936221
RCC1L,1.1492172,5.964374
KIAA2013,1.5797912,6.3662143
PANX2,0.16895929,0.41757882
ITGA2,6.068048,8.046838
ZNF700,-11.875129,3.2611244
SLC25A5,-3.2242038,-6.4681096
KIAA0430,1.2316457,-10.968518
NAPA,2.1349885,-4.3322434
TSG101,8.228786,8.325545
TMEM70,-9.763805,0.20414917
C1QBP,-3.7334561,-6.041299
SLC24A4,2.4727278,8.223641
TIGD5,-2.771149,-8.34347
DDR2,4.158324,0.9295319
PTRF,9.248921,3.5386147
SLC18B1,4.8557987,1.0507891
COQ4,19.680582,2.4195395
ST13,6.9024115,14.71311
UTP14C,11.583118,0.9726408
DCUN1D3,-1.7482164,7.761619
NUDCD3,7.7471933,-9.365569
SFXN5,0.028844004,-6.7926383
GLB1L3,13.234956,-4.732304
STK33,13.10651,10.733509
P4HA1,4.026979,-12.957227
MTG2,17.032633,2.6877303
ZBTB34,-2.7386594,5.123977
ACOT8,-0.15145834,13.175547
CRNKL1,3.871396,-0.7007969
KCTD2,-2.0038278,-8.700767
STK4,8.699819,-4.553596
KRR1,4.5692015,-10.677667
RBMX2,8.494869,3.8425574
AFMID,2.3582215,4.954602
CCDC25,-6.362753,-7.913549
SLC25A32,-0.6218318,-12.375308
PPP1R1B,-7.872518,4.252834
COBLL1,1.665558,-9.446738
TRMT61A,-3.4397874,-13.152938
TMEM268,7.890767,-6.90132
CHADL,0.89210016,9.551648
FBXL3,-2.557448,5.319306
ZBTB25,-5.401692,5.893392
DCP1A,-0.03653029,-1.5371195
FAXC,2.1920547,-5.168682
ABCC9,1.1407791,-9.91035
FAM219B,-0.1561359,-2.2185445
LILRB4,2.3473036,1.6384648
LPCAT2,1.5310062,2.8900506
SNRPN,7.749941,-9.343073
PTPDC1,6.1584206,7.989789
EFHD2,1.5773486,-5.1435614
RNF216,6.2760243,4.665799
SPTAN1,2.4566748,-4.783214
SAMSN1,1.9574441,2.4696493
ADGRB3,-1.0828284,-2.4921885
BBS12,7.2667828,-7.7074323
SEC24D,-1.2929482,7.8476663
CEBPD,9.675857,-4.81262
SNRPF,8.245495,8.319318
IGSF1,6.024428,0.50900644
TUBG1,8.212598,-4.5573297
MAPK1,2.3475878,-5.6502705
SACS,-1.4597812,-3.9558809
PLIN4,0.026307981,-6.717755
NETO1,13.291224,-4.7510114
KBTBD7,16.24087,-3.1439922
GRIN2D,15.403877,1.1825045
TNRC6B,0.16883263,-5.0619073
GRIN3A,-6.083265,-1.2633202
RGL1,9.228033,9.909598
IRX2,-1.1889375,-2.3969343
GRID1,-0.17521913,-14.989597
UBR7,12.859668,8.2729225
MAFG,6.7137475,-9.239352
EEA1,0.5290752,1.6106348
TBC1D2B,1.4052907,2.0952218
ZNF507,-3.0452502,5.5669208
GPKOW,2.7507477,8.00055
SMARCB1,12.621833,-1.8964983
DISC1,6.7634096,-6.5947433
SLC12A5,4.1368656,-2.5758185
TLR7,3.6186166,2.8141074
TMED4,-1.9977651,11.066472
PSENEN,8.562356,8.075157
TTC3,1.2312859,-10.969662
KDSR,11.266798,-4.546954
NEGR1,-9.102438,9.113749
CTSD,-3.660214,-4.6178904
KLF9,1.6412102,8.002171
PHF11,4.665312,-0.39715946
PTPRN2,2.7434454,-14.701476
DAB2IP,3.8633757,-5.4514985
TCEAL3,9.29516,3.4990242
SYT7,4.437751,-1.7466555
SLC27A3,-8.216741,4.773746
LRRK2,-1.6955962,4.496988
ENO1,10.105101,-2.7935276
WDR36,-4.146639,-9.705498
CHCHD1,8.561192,8.059584
CCDC68,9.150472,-0.6966358
RNF4,15.359818,2.7816768
PLEC,-1.5009886,10.159766
SNTB1,5.713555,4.303196
STK38,6.466595,9.34783
ATPIF1,-4.8394327,0.7655495
GFM2,-3.933474,-9.512811
CCDC186,-2.8309925,-4.927824
IRF2BPL,12.721941,2.67816
MARK2,-6.095612,-11.080911
NELFE,8.350791,12.320552
RTN4R,6.7815604,5.0703692
JMJD4,-2.5776238,0.55234224
NUDT10,5.3817787,-1.7178657
PLCB1,-0.63949466,1.5512017
PLEK,1.8567364,2.3936236
ZNF3,6.470535,8.706487
CCDC113,3.8534355,0.75452185
FBXO41,4.1469784,-2.692924
HAX1,-2.0557113,-3.305742
PEX7,0.61458486,7.544504
COL5A3,1.1385553,-9.907691
EFNA5,0.028078996,0.7876241
RNASEK,-4.691871,0.5702064
ASCL1,-1.3284984,4.2927594
TWISTNB,-4.380459,-7.334748
ITSN2,2.6340618,18.60362
KIF1A,-1.9258021,-8.574949
S100A8,-4.1971874,3.9367557
CDC42BPB,-0.16234384,-2.2315624
TTLL3,-3.717019,6.59486
APOL6,-4.769886,9.692997
DBX2,6.3563066,4.4208617
DHRS7,4.4082317,-12.240081
LMNA,-1.9356986,9.004906
CACNA2D4,1.3945863,2.817205
POLR2M,0.6121089,-2.1522624
LAMTOR1,6.7712417,-5.6467466
SEZ6L2,-2.1519296,-8.489849
HCFC1,7.7396407,-5.2821274
RFXAP,3.8967094,-9.259781
EXD2,-2.049268,1.6800472
HS2ST1,4.590807,1.7717482
GALE,-1.6718456,0.63772005
TCHP,-1.850136,-0.3770656
COIL,-3.0376005,10.787352
MLX,-1.2222031,7.8530483
NFKBID,-7.3509097,6.71009
DYNC2LI1,-3.7359233,-6.022506
NT5DC1,6.095811,7.494172
LRRC45,-7.279402,-5.8122005
FIG4,2.4770632,-4.1208487
LIG4,4.2681355,-4.8408146
LRRC3B,9.552086,-7.713701
FRS3,3.991479,-0.7589796
KIF19,1.6463485,8.000054
NAA10,-5.2427826,1.6158764
CCDC84,7.2639155,10.208644
WDR17,-0.8755814,-4.5322084
GNAS,14.787463,4.5891323
SOX13,6.072309,0.33941442
BAD,1.1405977,19.222551
ZNF253,13.001935,-7.301063
LY6H,7.240231,16.663748
LRRC7,-6.73821,-0.4176287
CHCHD5,6.8800445,-5.553083
RBM42,8.930512,8.010587
RAB31,5.8997436,4.091208
LDB1,6.1978827,0.94966346
ALYREF,6.7670217,-5.6515007
IFT22,0.102892585,-12.49856
MPEG1,-6.161258,0.8487037
DNAJC1,-0.98524404,7.9580755
TSC2,-6.726752,-6.042753
RSBN1,-2.863969,-4.8822274
GRM7,-0.8331889,5.405779
PEF1,8.426839,6.2491994
GCLC,3.1914673,5.9161177
DDRGK1,0.40789247,9.101385
NEK3,6.4636626,8.703317
RNF166,2.2591896,1.2430394
SRSF7,-4.8989115,9.341467
CARM1,2.32077,-6.8012004
CSF2RB,-3.531036,3.919983
ZSCAN1,-2.5898113,0.5590234
LAPTM4A,5.0022116,1.4617364
TRAPPC1,-4.692619,0.5710645
ZNF844,5.5445848,3.3689933
TMEM91,7.2434344,16.66712
PDIA4,6.104426,-3.6627443
BNC2,-2.1025977,2.8000603
APOO,2.4440358,-4.174151
SHROOM4,1.4643592,4.381948
KANSL1L,-6.832303,-3.620564
CD38,8.831971,0.8914365
ANKS3,-0.29482746,9.964894
RAB35,-3.7845812,-5.433195
VSTM4,-1.8915622,-0.307683
LMNB1,9.760012,-4.1312823
FXYD5,-3.9689376,7.9938006
SLC16A4,6.6154046,0.7009301
TACO1,-3.8746972,-4.968523
TMEM47,4.6920767,1.0139631
JAGN1,4.506543,-12.337449
NSMCE3,1.05357,-4.7579374
CBR4,4.505084,7.966688
CXCL1,-7.2177973,6.8389425
GAD1,-9.0550165,-3.6239235
RNF114,6.657692,-9.330109
ZNF687,2.6787174,18.564705
EPHB2,-8.908863,8.953638
SNX20,2.5856702,2.7555628
TSC22D1,-7.880285,4.340352
EPHA2,10.144026,-1.3963373
FBXO7,2.2767346,5.440088
FHDC1,1.0189494,-4.674744
THBS1,9.33059,-4.492527
EEF1B2,7.1656804,13.410211
AGPS,-1.4710723,0.31477472
YLPM1,11.580568,0.95683885
HGS,-7.4378114,-5.7295084
SLC39A7,14.144879,-3.840571
PAM16,-1.4701327,13.449435
HECTD2,-7.7236814,0.8792037
SLC44A3,6.5465355,4.140794
TMEM123,3.5278006,9.544355
SYT2,2.013349,-0.9460247
IL1R1,10.335965,4.5644307
ZNF431,-5.2800016,5.975057
AKR7A2,-0.5610248,-7.1711493
UBR2,2.6766114,-12.139521
TUBB2B,6.5692325,4.8269186
HEXDC,-5.9708004,-3.8724937
FNBP1L,-0.35605344,9.840664
CTTN,11.958206,6.969075
ZNF121,-2.1791146,4.803479
HSDL1,2.582669,-4.8749514
GTF3C4,2.3480797,-5.6571813
SPR,5.2984066,-11.344507
ABAT,5.455323,4.77446
MEN1,-6.611223,-6.1143513
TBCEL,9.345891,2.4634185
EIF4A2,-0.62516314,-3.8700173
SPATS2,2.8274508,-6.584635
ACSS1,6.1689835,0.90940136
CYP2J2,8.813518,-6.7796726
LAS1L,8.532711,3.2720084
ARHGEF4,-11.853886,3.7254806
HPF1,4.285685,7.1240177
SPOCK1,5.0324106,11.362628
MTA2,1.9762073,9.911967
FRYL,6.1405244,7.4581575
ZNF497,-0.80765027,-9.217027
PSME3,-3.7829895,-5.451819
GRASP,-7.21681,6.839061
TBC1D19,15.829579,-6.7278533
STAT6,-3.9831223,8.055417
IL33,5.7196426,4.3003483
SF3B3,5.193689,17.648844
SDCCAG3,10.59629,13.214226
SGCE,-2.5250335,-0.7618144
DHX38,13.233482,4.845357
CRKL,11.559958,0.9191294
INIP,8.567102,3.3327122
LAMA3,9.364162,-2.2403517
CAPN10,9.893986,1.6017452
TOR4A,-4.0091925,8.008333
PAFAH1B2,-9.099862,9.108512
SLC35D2,11.789759,7.1058874
RNF19A,-8.03103,4.462729
ZDHHC11B,-6.2431865,8.580134
CCNI2,-1.8796598,-0.3860833
NDUFAF2,-6.032095,2.187591
RORB,-7.610358,3.5985067
EXD3,16.205292,4.5861287
GUSB,2.1169853,5.7150187
NKTR,-3.7033508,-3.710781
PRR22,9.77224,11.856942
LRTOMT,10.011856,0.5086221
TMEM170A,5.5670605,3.564121
CELF6,12.85644,8.274163
PLCH1,9.56747,-7.6996694
RAB3D,-9.819183,3.833428
CCNYL1,-9.630561,-1.4821151
CFI,10.924207,3.9197319
ANP32E,13.4408655,-0.44523576
MATK,2.3284018,-1.7551945
ZNF439,6.517831,9.165444
NUDT9,4.3847575,-12.255768
MTX2,-7.6805434,-9.303539
ACSBG1,9.791706,0.5070022
PCDHGB5,5.3920774,1.8857954
RSPO2,-2.2259371,3.2788475
MTMR9LP,-1.1333836,4.232685
TMED3,-4.988109,0.98398495
VSIG4,4.5663247,8.831987
MYOZ3,2.2536585,-2.4756737
XRCC3,-0.96096295,-3.9421327
CAMK2A,-5.8054605,4.387021
PRMT8,0.13931696,0.045773104
MRPL16,6.7136803,4.963367
ZNF596,-4.706741,6.169086
PARVA,6.197574,4.5885844
SOX2,5.2098603,0.78273815
MAP3K7,4.7531185,-13.838185
ZNF135,9.103297,-4.5369587
VPS9D1,7.5781307,-9.323171
TTC9C,-9.318915,-0.044081368
COL27A1,1.0967907,-9.968676
CHM,-0.8135171,-3.9794207
TMEM203,-3.8926778,-3.4888086
SF3B5,0.91311604,13.961072
TLE3,-0.59991115,7.918532
MCU,-3.8580377,-9.442167
PSMB10,-4.229503,5.611896
GYS1,13.312722,10.560539
SERINC5,3.6075072,6.035374
SULT1C4,6.1060586,4.517848
MBD2,9.712369,-8.291773
ZNRD1ASP,4.2206435,7.2135873
ATN1,5.176571,-5.9943943
AASDHPPT,3.397341,12.010437
PTMA,1.5403719,4.2481422
KIF5A,-5.811855,4.4009576
EFR3B,1.9458839,-4.616795
ZHX1,0.5775393,-2.1386905
COG4,-4.6311474,-4.4375834
TMEM56,-1.6177967,-4.852231
PLXNA1,0.112734266,0.50762767
CLNS1A,12.116462,1.3439091
SCGB1B2P,16.204779,4.585362
ALS2,9.113402,-13.554908
MAU2,11.517747,6.3354797
NDUFA6,-5.3949566,1.6870292
PPP1R13B,2.2499688,-6.8422713
SLC25A29,9.3618,15.449023
KCNC3,1.9848485,-2.6474118
EEF1D,6.6558914,12.429316
SLC6A13,1.4254422,-9.432527
NPAT,-3.0695977,10.811753
ASRGL1,5.45193,4.782049
C2CD2L,-9.317289,-0.04655605
ZNF207,3.150127,9.6658745
ANAPC15,-1.383506,13.50107
PCDH9,4.1832275,-5.2448072
EIF3F,7.226153,14.289657
IPO5,12.850289,8.256443
BLOC1S4,10.313886,3.9342222
MADD,2.7836044,-6.564922
SYVN1,12.169741,7.170733
FCHO1,11.810267,7.152554
SVIP,-1.4862417,0.3910664
LMOD1,7.259006,-0.5234602
SPCS3,5.300412,17.75901
ZC3H12B,-0.9600707,9.972128
CAPN5,-1.511965,10.1587
TSPAN3,5.0664673,1.4852875
GRAMD3,5.699524,3.532665
TGDS,3.875379,-0.70789266
CMBL,5.0296063,1.4925004
KPNA5,3.3924532,12.019389
PSAT1,-3.5800347,8.988057
PEX26,7.5901265,-4.672663
SLC39A14,10.170994,5.5548043
GGA2,2.1011317,1.0081754
PLOD1,4.055454,-12.98922
ACY1,-0.55703056,-7.1632977
HTRA2,5.297105,-11.346052
FLT1,10.824937,4.05347
LYPLAL1,-3.5749912,8.98229
NRAV,0.107220285,-12.5007515
HMG20B,-5.993865,-3.8534162
SOX11,-0.8331758,5.39309
LHFPL1,-0.3921063,-6.483282
VWA8,9.276703,-7.891213
CCDC39,7.106724,3.9720554
H6PD,2.7873893,11.867326
ELL,9.532296,-4.3380675
XPO7,-10.974354,-3.076621
ELOF1,-6.0927787,-11.078727
MAF1,-5.9939966,-3.849739
CACNA2D2,0.18433502,0.10741429
TAB2,1.3785719,2.0743387
IFIT3,11.281005,14.792063
MANEA,13.005943,-7.3037715
RGL2,13.009572,10.822166
KATNBL1,4.0029726,5.820747
CCS,-4.5823374,-4.4824085
SLC27A1,2.0046225,7.477078
GNG12,5.7176223,4.306829
UBQLN2,3.5606618,11.84521
TFAP2E,3.1263993,15.232734
CDC37,1.5296452,15.811201
CSMD1,-0.7888094,5.2498493
RCAN3,-0.79753596,12.064064
PTPRK,11.26267,-4.545311
WDR19,6.807016,0.57743865
TRPV2,2.2762642,-6.819477
GATA3,-9.056888,-3.6100695
ZBTB7A,8.483857,5.399868
ABHD3,10.027173,-2.9940927
YTHDF2,2.6553245,-12.163657
LAMTOR3,2.8003209,11.861858
FAU,8.319328,12.345585
PNPLA8,3.432348,9.60162
GRSF1,13.716729,3.7874653
WDR5B,4.3721232,7.677013
NADK,7.698002,3.0825958
TDRKH,2.0123098,11.916051
KIF1B,-1.5563705,-3.9454093
GPER1,1.4514759,-9.406764
THNSL1,4.5026913,7.958566
MFSD14B,3.6125963,6.027071
ADORA2A,9.438687,-2.1466749
CRIPAK,3.0697112,14.885065
HBA1,-0.817817,12.065027
SMC4,9.235196,9.915221
PRKAG1,-3.737608,-6.0273447
SEMA6D,7.489767,-4.5406084
GART,12.894157,-0.32083184
GIPC1,3.1279647,4.6571803
TAPT1,3.206468,5.930754
CHST11,15.716529,7.7722034
SLC30A1,9.674296,-0.7865816
VSTM5,4.113959,-1.8454009
KCNA2,14.307255,0.3655404
ZMYND19,-1.965678,-9.519276
WTAP,10.163378,5.5797725
CHD5,4.166913,-2.1274118
PAFAH1B1,3.0323315,-6.588628
RIOK3,-1.6665572,0.13737884
CALM3,2.2947419,-5.4424753
HDGF,-4.8555226,9.391563
PIK3R1,11.48712,1.3806504
OSBPL6,-2.15689,-2.085146
AK1,0.7465066,6.451728
TFE3,3.050454,4.6402483
FADS6,0.27416542,0.12109847
ITGA6,9.847333,-0.8524949
HNRNPUL1,-3.5284433,8.936925
NTMT1,14.129645,-3.846518
IFT172,2.392871,16.339573
PTP4A3,-7.2706237,7.580049
PAQR6,9.212281,3.419989
SMOC2,1.64162,-9.457305
FBXW2,-4.1580663,-9.716552
BRICD5,2.4963107,16.149193
RPH3A,4.2516565,-1.0336365
PIK3R4,2.3476439,-5.652709
DGUOK,-5.149043,1.1053244
RALGAPA1,-2.0815864,15.962992
TBC1D20,8.284706,3.7036874
SLC24A2,-0.8600513,9.94496
SIRT7,10.600061,13.219234
MRPL15,-3.6989164,-5.267887
KDM5A,6.201304,-6.2588315
CCDC120,7.232134,-0.005249257
ZGPAT,-7.411886,-5.735796
ADAM23,0.22101544,0.16250193
PATL1,12.891254,8.330236
GIGYF2,8.287685,3.7119527
EPHX1,7.250405,-2.3365774
EPHB4,10.413774,-1.140876
PCBD1,-4.6422954,6.628577
COG8,6.2539406,-3.464951
FCGR1B,-3.657682,3.8554854
RNF10,-1.6864836,10.925403
CDC73,4.6994476,-9.845003
ASPHD1,-9.599694,-7.0192385
ZNF564,5.599008,3.4027379
BEX5,4.8938527,-0.5354837
DCAF12L2,4.745922,-2.926936
FZD4,-6.378481,-2.8743634
GSDMB,2.383321,16.350002
CNPY2,8.350736,12.320628
EIF3M,12.277614,7.042335
MFN2,-6.4166045,-7.864296
NEDD1,4.565987,-10.893727
HIST1H2BK,-1.8118855,10.988204
MTFR1L,8.244386,-4.536009
ALDOC,4.3550534,1.9301296
SLC30A7,-3.694624,-3.7245514
MED15,17.263283,2.9659698
PCYT1B,5.6807218,7.9640884
LPAR1,9.185937,3.3347018
ATXN7L3B,10.759311,2.4649603
KCNH2,3.1364086,-2.0574048
PCF11,-3.7090325,-3.7075105
FAM47E,7.714063,3.0756087
NFIX,-1.9152303,-0.30829597
ARFGEF2,-6.502098,11.560168
KCTD18,0.58455175,-2.142411
COMMD6,6.905522,14.586683
FSTL3,5.6280527,10.400226
RPL35A,7.172259,13.374462
UBR1,-0.77244157,-9.248836
EPHX4,-6.502639,11.560657
SAMD4B,13.70416,3.7948198
DHRS11,7.207837,-8.788933
CD8A,2.1260178,11.856161
FAHD2A,7.2262206,12.936523
RAP2C,1.5855073,2.2757518
CCDC43,7.9481835,2.604092
CLEC9A,0.50226444,2.913796
DBI,6.90635,14.723615
FAM69A,-1.6695397,0.6150101
BANP,4.3118467,-12.257633
HYAL2,10.133517,-1.4082205
SIPA1L2,2.359568,-6.7877717
GSTCD,4.6743073,-9.900097
MRPL27,0.7096761,13.562422
PPCS,8.550743,2.514026
ARGLU1,7.612472,10.375885
FTX,-5.4783463,5.834614
NDUFB6,-5.58646,2.3181708
EMILIN2,1.4868443,5.012012
KRT10,6.825777,12.62207
TSPAN6,5.0570006,1.4459482
RFLNA,1.0260262,-4.6761446
ZNF609,8.285538,3.6978464
MDM4,6.5011263,9.121749
ANAPC11,0.69574237,13.482017
FANCM,0.6761538,1.4455242
CCDC69,2.2446866,-6.8417816
BDH1,14.15816,0.21445751
FAM96A,-1.2897178,6.6722875
STK32A,5.5448976,3.9809113
CXCL16,-3.4826381,4.008794
PHF2,-3.54498,8.954681
NUDT3,-6.3909974,-7.889756
PQLC1,7.5141897,-5.142646
MXI1,-3.565808,8.982453
LGI4,6.6688576,4.9697137
JOSD1,3.635357,-12.641056
GJB1,0.60150445,9.26336
TRPM2,-6.357846,-0.71896106
MCF2L,-1.9414617,-9.544421
TMEM151B,14.333233,0.40536287
ECM2,-7.0509377,4.1650424
PASK,7.465542,0.4479942
TTC17,3.072146,14.884136
KLF10,-6.8460364,7.0633974
B4GALT2,-0.6185347,13.1397915
USB1,2.3375428,-6.7958913
KRT222,1.9823021,9.918204
GALK1,-3.6091576,2.7524514
PPA2,9.758089,0.49883348
SEMA4D,2.772962,5.1174474
PSMB9,-4.9369445,9.930494
PSTK,-3.2420988,14.186947
BCAT1,2.239958,11.926118
SLC5A11,11.775373,4.938254
AGO2,-1.9497708,9.024123
NAT14,-11.862884,3.732837
HMGN2,3.7733319,-9.178796
OPALIN,1.8872368,5.984498
ANXA1,-1.1006461,7.8949184
ZBTB22,7.74559,-5.27577
RXRA,6.6384087,5.568562
SLC30A10,1.2749211,-9.726802
CTR9,14.207753,-0.74648935
TRIM34,0.30688393,2.8159547
PTPN23,3.972805,15.2503805
GOLGA8B,-2.9315329,-12.266558
TIGD1,7.306704,10.238509
TSEN15,-1.4734885,0.3946028
SLC8B1,13.53414,3.8959482
PPP1R9B,6.021341,-1.2745205
ZBTB24,0.8680338,1.6181818
MORN2,-9.146951,1.3161494
NFKBIB,6.652665,12.425688
PPP3CC,12.725679,2.6798987
KCND2,5.7619185,-2.1122155
CPNE4,4.59028,-3.0808148
GFPT1,8.469668,-7.0641284
TLR3,1.3344462,2.8507233
CAMTA1,2.045288,-0.91449946
WDR90,2.3281274,16.422663
HIPK1,4.337751,-9.520426
GPRC5A,2.2753446,-6.8194466
GNA12,5.720755,3.6348288
MRPL22,-5.124583,1.1388897
LSMEM1,10.828475,-9.865688
STAT5A,-4.7271166,9.588535
KMT2B,-7.5851717,-5.6587257
MYLIP,-1.6816815,0.65337884
MYH7B,1.890201,5.9695144
UNC13A,0.2731283,0.14144897
ANO1,1.6482036,-9.455329
COL4A4,1.4740676,-9.478441
TOMM34,-0.27304307,-12.343478
ISCA1,2.4654953,-4.1453958
ANO5,5.7802973,-2.1276817
CRISPLD2,-7.118069,7.427697
FAM120AOS,-6.5268216,-6.159406
UTRN,-7.518639,3.3692408
TTYH3,2.289376,-6.812283
TTC14,7.638002,10.399519
LRRC37A3,14.361965,0.4445232
TMCC1,4.601689,-13.667341
ZC3HAV1,-3.243331,14.18771
ACKR3,5.2269177,1.617986
ADGRB1,-0.119237065,0.9432278
GREM2,3.1266847,-2.0527422
DGKD,11.650488,5.0232763
FAM193A,13.237455,4.8465557
TMEM50A,2.6806128,-6.7513313
PPP4R1,5.4315495,-9.492165
DDB2,3.8813846,-7.074558
PRUNE2,-11.652211,-1.9036894
LIPA,-1.4553207,0.31428233
LYPLA1,4.6698337,0.4911521
ERAL1,8.902514,-4.5396204
PPP1R9A,-0.959639,9.972058
PHKG2,-2.0149913,-9.572818
SLC1A1,12.727915,2.6791046
LAMTOR5,-5.5665827,2.3213465
SYNDIG1,3.0726783,4.614905
EID1,15.325939,10.176994
CLN8,7.584998,1.8480487
TRIM33,6.472574,-5.9582314
FBLN7,2.1660936,-5.1222696
ITGAL,-1.2909029,6.421976
E2F3,1.0510386,9.900094
AADAT,6.469303,8.710475
METTL17,3.0629365,14.854896
CANX,12.611175,-2.5795066
RTCB,-3.7194252,-5.7437787
CCDC163,8.830376,0.88639593
PLEKHG5,12.161421,2.7970717
ZNF767P,3.0989153,15.103851
SPAAR,-3.147156,-0.078187644
COA4,-0.65807116,7.44218
ZFPM2,-1.189674,-2.3982215
CHST7,-0.12477603,-7.008727
PDRG1,-3.5058627,-4.4620814
XPO5,12.729114,2.6771197
EMILIN1,12.795284,-5.5049167
TMEM126A,-5.5861464,2.317787
TRIM56,2.4398174,-4.7753367
GSAP,3.4809525,2.6461902
PHTF2,-5.494326,7.6181583
TRIM14,6.6284914,5.593089
ZNF667,-1.2857685,7.8354483
CLDN5,10.416258,-1.1257144
MCCC2,9.68433,0.5990082
GUK1,0.6846647,13.483535
CDC123,-4.7657757,-11.906767
KCNJ12,8.002398,-6.913294
DPH6,9.473356,0.68209255
LMOD3,-2.2304285,3.29517
ABHD6,11.992309,4.763128
CKB,8.835643,-4.5389776
RABGGTA,-1.0627899,-9.170309
DENND1B,-11.471289,3.501918
NUDT5,-2.2635143,5.0432053
MGST2,-4.0329003,7.9811993
XRN1,4.590173,-10.867629
DNA2,6.57401,9.22584
ARHGEF3,-0.94695437,-3.9650502
LGR4,4.4082127,-12.002305
PIGA,-3.8879707,-3.495889
COL11A1,15.4047575,1.1871619
UBC,4.0310454,-12.9496355
LARS2,-0.11056515,-7.0174184
MZT2B,0.68423057,13.743063
YTHDC1,8.973981,2.7139056
PIK3C2B,11.588149,6.609185
TRPC3,1.3919476,-9.557872
KCNH3,-5.864516,4.4485617
HMGA1,-5.265992,15.060534
CXXC5,11.968569,6.904157
TPD52L1,-7.998604,4.430867
FAM161B,-4.9461455,9.935858
MINDY3,4.790955,6.6793346
FAM160A2,13.037694,10.7960825
BRMS1L,16.262018,-3.1663716
HCN4,0.17923367,0.10047222
CD40,9.94088,-4.247545
RPL23A,7.1625085,13.429925
CIC,-2.0323026,-9.587642
MTHFD2,-0.52383566,7.8164816
TMEM120B,6.825414,-9.396396
ADARB1,1.9618883,-4.5978537
FNDC5,14.333756,0.409041
UNC13B,-6.3785105,-2.8740525
CCDC28B,15.821336,7.876102
STARD9,-6.237416,8.580099
NXPH4,2.0437431,-0.91058517
CAMK4,10.641716,-6.389501
ST6GALNAC4,5.3447156,10.106144
IMPDH2,7.0182705,12.930192
CAMTA2,-9.329493,-0.038843803
CYP11A1,2.7149026,8.62586
PIK3C2A,14.192902,-0.7399897
MAD2L1,-0.3061971,-12.130068
ENC1,-5.837979,4.4221845
EXOSC10,3.0984514,14.946219
PFKFB3,7.2880154,-0.41695946
MKL2,10.383924,4.4582872
SNX2,-1.2226564,7.8385534
HEG1,9.7439375,-0.7265025
AXIN2,6.2083845,0.9674388
PHLDB1,6.150431,8.006214
CDH10,10.660605,10.489385
TMEM167B,4.5734973,-10.691484
SLC35B4,15.6650095,-6.5691466
PLA2G16,7.596506,1.8945816
FAM172A,4.9508543,-9.664874
HOOK2,-6.521701,-6.1577916
PCSK7,-0.471884,-1.4482648
JRK,2.664561,16.940525
NCK1,-10.913364,-3.1333015
CARMN,1.3343961,-9.6109915
GPI,7.4113665,-9.266333
MKRN1,-0.64033824,-3.8735712
CCDC85B,19.720661,2.3798862
RINT1,-3.697162,-6.0939436
SLC52A3,10.367438,4.2393856
LCN12,0.027182983,-6.7171807
ABLIM3,3.8237433,-4.340001
C1D,1.3979949,-4.4985833
SDCCAG8,-3.7235713,6.5537653
ANO4,-1.5367616,10.172174
SDS,-0.012327585,-6.666149
LOXL1,0.06739746,-6.8042274
FAM98B,-1.6452591,0.60011214
NPR2,-9.855039,3.7955692
SPSB4,-0.73290086,5.347928
LDLRAD3,1.0334983,4.0964203
PDE3A,9.904701,6.3777666
NF2,7.4016347,-5.091991
RPE,-2.5660713,-0.79986185
ST8SIA1,5.579668,-1.9346638
CDO1,-0.30493227,-12.114736
TRIM21,-4.778404,9.694148
HNRNPH1,-1.7338809,7.759896
BMS1,-5.345475,15.139382
SLC7A14,4.8002462,6.680179
IMPAD1,-2.0726874,11.126711
PHF6,4.005578,5.811263
SLX4IP,6.4552107,8.679976
TRPT1,-6.833173,-3.621209
SMAD1,5.4081926,1.8936102
CPT1B,2.8106441,15.848909
RBM22,-9.71142,3.902167
MRPL9,4.5855603,-12.405998
IRS1,14.293031,0.34223
AGK,-1.0017282,-4.4322987
CD46,1.0304067,4.094355
BAALC,5.8959203,4.0952406
EIF4G1,10.21877,5.525665
ZBTB21,10.154965,5.5932884
NUS1,8.494778,-7.078944
DNAJA4,6.0181875,-11.66591
RBM12,-6.5733275,-6.1467648
DNAJA3,-2.3435411,-2.2357903
GPR62,1.6843013,4.595701
TBC1D30,-0.13659455,-12.381547
MTF2,-5.967801,8.192396
IGF1R,-3.4396756,-13.1529045
MX2,11.353087,14.7205
PUS7,-5.3461156,15.140227
SLC25A36,7.4117355,-6.8395
TMF1,-3.0460193,5.7139115
PAIP2B,9.194967,3.1788385
NRXN3,1.9667085,12.295359
ZBTB43,10.290347,5.2393103
TNS3,8.888343,0.89519835
CDC14A,5.536433,4.1660266
STARD4,12.483234,2.673128
DDX60,11.395088,14.679586
PWAR6,2.146131,-5.0557046
RWDD3,-5.125469,14.91474
PEG3,10.491151,-6.0691023
ZNF335,9.855481,1.5422232
PRKCA,6.2246842,4.5267773
ARHGEF1,2.1198525,5.708057
ZFX,6.1904106,-6.270589
AFF1,8.64627,5.7320247
SMS,-0.49784154,1.3837126
SELENOS,-2.106706,-3.338079
DENND2D,-0.8461624,-10.651366
OTX1,5.4169626,4.656163
SNAPC2,0.14941385,13.787509
MAD2L2,13.545058,3.8899937
C1RL,12.7947445,-5.505331
IFNAR2,10.934076,3.9843035
TCEAL6,-6.6674614,-1.3763183
SMARCA2,-7.58515,3.4444427
CPNE8,10.258063,5.3211565
WNT7B,-1.4347126,4.4471874
LRFN5,4.102542,-1.828333
HDAC3,8.225055,-4.540081
PURA,9.241318,2.9701295
LCOR,-2.0809033,15.961255
SMIM6,9.914964,8.012124
ZFAND2B,9.207872,8.554324
KIAA1147,9.225611,3.0529418
TIMELESS,10.59706,13.214504
YPEL5,9.596868,-8.174536
CDK16,8.7111025,-7.362062
SCRN2,16.20438,4.5855737
TOX4,12.742624,-2.323391
ALPK1,2.6016228,2.7642734
DNAJC6,15.977748,5.6868663
FAM153B,4.1461635,-1.826979
LRRC55,-6.385386,-0.6874069
SART3,11.606419,6.2047424
PSMC6,-5.1293426,1.2157182
IL17RD,8.806819,0.9578191
TSC22D2,-3.857112,-9.442035
NR3C2,-7.5439606,3.4197347
PRMT3,1.9952545,-2.6358416
HSPA8,5.3897033,-11.397402
SCN1B,1.9921352,-0.95179176
STK24,-0.12650372,-2.1920986
PDPN,-0.7394458,7.6667056
PROSC,3.036988,-12.391669
LINGO1,-0.977828,-9.1044855
ZNF616,-2.8416524,-4.9054346
ZDBF2,-11.4727955,3.502807
ZNF688,0.921901,13.958184
ZFAT,-6.338065,8.694309
CD59,3.1720042,4.7287893
TGFBR3,4.983667,1.4569163
RCC1,9.770682,11.85564
RAB9B,4.238269,-2.369568
SLC44A2,-0.5953119,-7.20441
EIF2S1,2.9764533,-12.391789
ALKBH4,8.501768,6.1558003
ORC4,-1.0550271,-3.8187459
ZFR2,4.4090595,-1.0670962
LRRCC1,8.207245,2.6152158
MED4,-9.632872,-1.4840761
ECE1,1.602064,7.671764
WASF3,13.384266,-0.4345292
OGT,-5.4506464,5.863784
MTR,6.9394636,2.1070738
FAM206A,-9.104663,1.3757862
SCN7A,-0.6276867,5.2093163
TMEM131,2.684116,-12.142119
RBM43,5.2894835,4.259965
TSNAX,-5.9672165,8.192064
PFKL,1.4724367,-4.5394297
TMEM18,-3.2429905,14.187075
CARD11,2.2839637,1.3796023
RRAGC,2.6750271,-12.182282
TYMP,-3.965135,7.8517675
ACE,10.650374,-6.4071717
TNPO1,4.585028,-10.7061
CCNL1,-3.892853,-3.4902306
LRCH4,9.9914055,-4.224802
TTC23,1.6032727,7.8255997
NPL,5.493575,4.038752
INSR,4.3833923,-4.198716
CLDN15,0.4154026,9.135741
SLC35E3,7.168629,2.7040203
INO80,11.2940035,1.514744
SUV39H1,2.6447337,18.592506
MAPK11,2.4588537,8.203885
L2HGDH,14.478903,-0.7906892
LSM14B,7.765099,-9.3446045
TMEM74B,14.788621,4.5907717
LANCL2,-0.6118271,7.9193325
CYBRD1,5.2839813,4.2934012
KPNA6,15.803007,-6.7016478
ATP1A2,5.89068,0.923642
ZNF449,4.328466,-12.227882
MROH7,7.010891,0.3376352
SARNP,6.9249725,2.1008828
CASC10,-7.3588576,4.104085
SSR2,7.029985,12.927401
SIRT6,-6.191609,-11.166136
GATS,8.06647,2.7349536
DOCK11,2.4240746,2.8224843
SGSM2,0.7712842,6.459625
CNOT6L,10.973193,3.8639848
UBE2H,12.846588,8.249441
PTK2,-4.351999,6.266859
IKBKAP,0.3139643,-4.9834495
BTN3A1,-2.3561466,-8.386274
TMX4,2.685703,-4.9486027
ECHS1,2.7328205,8.0061865
RBM11,5.0596023,-0.5827186
MFSD8,13.358398,-7.6656833
GLOD4,10.757385,2.465066
KAT7,4.722591,-13.807107
DGAT1,-1.9247658,-9.530131
CNIH3,9.34607,-7.8511415
TEX261,2.4701576,7.108408
DKC1,-1.652327,10.91146
GALNT9,0.02786179,0.6468983
ITIH2,-1.4685085,4.1205063
SUSD4,-0.33821186,5.007505
GCC2,16.288033,-3.1925988
SOD3,6.522282,4.902558
AUH,2.4725604,11.922217
IER3,9.945308,-4.2477827
EIF3H,6.9114027,14.66364
MSANTD2,6.496798,9.119571
PROX1,-1.7170017,-0.102687046
BHLHE41,-1.289739,6.6810355
GNG11,10.602873,3.9018853
DSCAML1,2.9109042,4.9137726
ANKS1A,-6.3785634,-2.874803
DSTN,3.0691426,11.711878
SRCAP,-7.611605,-5.632217
FLNB,7.5831237,1.8329264
ITPRIPL2,-4.8093257,9.72375
ZNF292,-2.756965,5.20546
MAP1B,2.046257,9.984785
LRRC40,15.295112,2.835047
RPL36A,7.170434,13.392636
SH3GL2,-2.1846209,-2.0959358
GPN3,3.7644353,9.283542
RGAG1,-2.225798,3.2595892
PPP1R16B,2.9251294,4.914243
MYCBP,-1.0842642,-9.042428
METTL9,5.467146,4.8052936
ACVR1B,8.128134,-4.514217
ATL2,6.9288316,0.44417015
KDM2A,17.209183,-4.1694994
GLI3,5.7738204,0.9569615
CST3,7.0413313,-2.0955842
PUM3,11.359111,-10.787287
HNRNPA3,6.6359806,-9.341289
HIP1R,10.649706,8.3605585
SGF29,-5.9661527,-3.8776746
PLIN5,13.10792,10.737876
FAM213B,9.3197365,-7.8911676
ATP5I,-5.275014,1.6417749
TIMM22,7.6440215,-9.388548
DNHD1,3.1384032,15.08137
CCDC159,11.7736635,4.939181
KIAA0895L,-6.516743,-6.1601334
FOXC1,9.912835,-1.650756
FMR1,0.59220815,-2.144767
TMEM242,-5.076494,1.136521
ZNF33A,6.2281437,8.348367
NDUFAF8,0.68801093,13.47564
FOXRED1,12.854361,8.384179
DGKA,2.543707,2.6717436
SRF,-7.0530076,7.304131
PDXDC1,-2.2813184,-0.37753043
ZNF763,5.601739,3.3969018
ZNF433,-7.9784145,4.3708854
KCTD9,-6.5021367,11.559523
FASTKD5,-0.82908756,-9.209469
IPCEF1,2.2241066,1.1841786
UNKL,2.692612,-6.670117
ANKRD46,-0.66168,-12.390386
YTHDF1,5.1509132,-5.9575815
KLF4,6.5520597,-11.817882
UNC80,9.044686,-7.77137
ASXL1,7.4377947,10.626594
BHLHE40,-6.956294,7.015773
SLC6A17,1.9809889,-2.6566062
CAB39,-0.9641653,-3.9435506
MARCH7,13.309203,-7.6176114
YWHAZ,3.0114465,11.762176
TMEM8A,10.374887,-1.271455
COPG1,2.1268213,-4.337193
ADGRL2,-6.502564,11.560634
PRRG3,3.1556828,-2.0600638
PPDPF,1.2854341,-6.123073
BCR,6.642777,5.2621164
E2F4,10.952801,-10.764088
FAM19A4,-1.5194263,0.31009158
TXNDC17,0.10739103,13.798136
PATZ1,8.685063,-6.8836317
MEIS3,-0.83473665,5.405793
ITPR1,-2.1481497,2.9006593
TIMM44,-0.12635669,10.084725
TBCK,2.603636,16.823559
SLC39A12,4.925078,1.4863214
TAF11,-6.1534147,8.443047
COL1A1,2.1857538,-9.270763
RHOU,1.9572003,5.8986473
UBA6,-5.0132413,6.9985943
PCYT2,17.137383,2.8258862
SOX7,10.151866,-1.3927138
UNC5CL,-1.1267872,17.582972
EIF3J,-1.6540343,10.912383
CA5B,10.120619,0.4935136
RNF125,6.155647,7.4258633
TELO2,17.205156,2.9004836
VANGL1,-7.0517144,4.163908
RDH10,5.168018,-5.9844456
ZNF182,6.5012064,9.197143
PLCB3,12.998233,10.829183
CADM2,-1.0855641,-2.4926925
A1BG,9.765243,8.066081
NOMO1,-9.333385,-0.03207301
SERINC3,7.4886284,3.2340834
IFITM1,10.413822,4.2541485
BTBD1,-5.3542123,-9.936646
DLL4,-7.2092166,6.8492317
LRRC4B,-1.0161384,-9.102967
SLC35A5,-1.2568854,0.50211895
RYR2,15.976937,5.682436
GPATCH4,-1.14517,12.16023
TRMT1L,-3.0552666,10.80413
OLIG2,10.667809,8.346134
AK6,3.7181761,-13.502685
TMEM169,1.886192,11.638384
BEX1,-5.978601,-1.4185698
NRBF2,6.1644588,-3.7313645
ENTPD2,7.029635,-2.1127462
CHAD,-1.2955059,4.338982
UBE2M,-0.5750624,13.128553
S1PR5,9.859908,8.04127
FAM91A1,-3.0431113,5.7815986
MYOZ1,12.455862,1.398031
TXNL1,16.116009,5.813566
RPS27A,7.267355,13.284213
M6PR,-0.4287592,-1.4805909
SNHG11,9.779028,11.8616705
SOX21,3.9811478,1.7782978
KIF21B,8.961427,-7.675594
ZNF709,5.590414,3.4130104
SP140L,-3.9724493,8.038104
NXPH3,1.990749,-0.9488145
EXOSC4,0.7537898,13.771628
PLEKHO1,2.431032,2.8258364
HAUS5,3.130432,15.448103
SLC31A1,3.1196952,4.685378
ARMC5,-6.1582613,-11.136339
METTL14,5.494553,-9.498087
TRMT10C,-3.694404,-5.2595034
GNL2,-1.6571537,10.913355
PYROXD1,-10.850348,7.349391
GRHPR,9.106027,8.157352
BTG1,-4.209309,3.962064
IKZF2,12.8590355,8.2701435
MAST4,10.292195,5.2584224
TBX3,9.557042,-1.9641094
ZNF577,7.4679995,10.321184
KIAA1549,1.6148098,4.450087
PSMD10,-0.6616905,-12.390268
TAF13,-7.67686,-9.306059
RAB1B,10.078454,-2.8238337
CIZ1,6.6549115,12.427675
KCNK2,-1.3187693,4.4152436
WIPF2,11.527962,0.87712973
XPO4,0.5073394,1.6086423
PXK,11.402153,6.395925
GPR137B,5.7163944,3.561277
RNF146,8.414744,3.4881892
SGMS1,-3.0189316,5.5889235
GRM8,-0.59588856,-3.8545861
COL6A1,14.771901,6.5694866
DST,-5.039195,7.0217166
ZNF736,5.1944447,4.3131638
SESN3,-7.7361917,3.1922898
TMEM43,3.180255,9.636212
SLC30A4,-3.7422261,6.046565
GPR143,10.050258,-2.746724
NUDT18,7.197219,-8.697953
BRF2,12.746775,-2.3272414
ZNF583,-6.4221044,-7.8576508
ANKRD49,-2.7159636,5.1204267
RBMX,6.611781,-9.269342
CORO1B,-5.998874,-3.8478417
NSD3,13.634901,-6.7340264
AP3B1,4.24503,-2.3686764
RAB29,1.4053257,2.0863645
ITPK1,-9.583979,-7.0273685
CACNA1I,-5.8018193,4.3898354
RASSF1,-7.0844865,7.408501
S100A10,-0.4016486,-6.4711657
CCDC85C,6.2779517,4.6682744
SELENOT,4.7696147,-13.855416
TAGLN,2.4743333,-8.984901
TYSND1,1.1407894,19.222767
KREMEN1,13.055785,10.780538
TLE4,-1.45503,0.29173362
ZNF20,5.585988,3.4085562
DPH2,-3.433131,-4.377395
CAMK1,-3.9705496,-0.07369375
FAM216A,2.5112526,11.894792
GNA13,3.3366635,6.5261583
NIFK,-4.383384,-7.3368864
SCN2B,7.1032543,-9.160576
CAPN2,1.1438997,5.9643373
ARID1B,-0.4854575,-1.417533
KIZ,0.95911694,8.78785
NAB1,-7.6370187,-9.356258
IGLON5,4.932819,-1.4987139
TGFB2,7.2353945,-2.3158922
HS6ST2,-0.50815594,5.127196
SUMO3,-0.49550712,1.3790114
BBS7,3.8958263,-7.076319
LHPP,0.94728833,8.815306
APOM,-9.332355,-0.03722501
BDH2,1.1483734,5.962929
SLCO4A1,10.387119,4.4433737
MN1,-2.1042876,2.7994912
MFSD4A,1.884386,11.6577015
SFR1,6.1759834,7.4052415
DSE,4.58805,8.856137
SCARB2,-1.2534891,0.50496453
FBXL17,6.679887,12.4438095
RAB27B,-5.9719276,-1.4217459
ANKHD1,8.505426,3.8577409
FGFR1OP,7.2689567,-7.7142735
TMOD2,2.3459516,-5.642122
GPR17,-1.1359818,4.2503405
ABHD2,-2.1123743,2.809555
RAB24,4.629362,-9.952259
SH3D19,-4.2111964,6.2614794
EDN3,1.2988667,-9.50801
PANK2,9.593492,-8.171636
SYDE1,-6.3776894,-2.8748589
RPP25L,-4.4587784,-4.5775204
DNAJC18,-1.9364384,-0.2831198
NARFL,1.1408802,19.22283
REXO2,-3.1626768,-6.553194
RGS7,5.591419,-1.9310241
NMT1,10.059013,-2.815368
SLC22A5,13.0791645,10.759494
CEBPZ,5.260971,-9.476419
SAFB2,2.0368145,15.8605385
SUMO2,1.5770998,2.2820737
ADCY2,7.0618806,-2.1353204
TCF12,3.3587458,6.432259
MEA1,-5.3006096,1.5731583
PABPC4,-3.5683196,2.9290926
H1F0,7.60364,1.8007704
UBE2D2,9.3516,3.5567396
RERG,8.975636,-7.695942
SZT2,3.103641,15.239038
JUND,-0.09878632,-14.922332
PRPF8,-9.774059,0.18298323
OAS1,11.31668,14.757644
TRAPPC11,12.913055,-0.32190117
HLCS,-5.4340415,-4.840842
ZBTB5,-2.1794844,4.805903
GLIPR1,-1.2911695,6.4272156
PEA15,8.603452,2.462564
DCTN3,-4.7164807,0.6125641
DGKG,2.4512537,8.241171
PARM1,7.257064,16.678375
MYC,9.342802,-4.468204
SNX5,-2.2708685,-8.18825
PSMB3,-5.095159,1.1098564
ARID4A,4.4261417,-9.661645
PSAP,7.2346625,-2.315326
KIAA1841,16.100307,5.8002067
NFX1,5.44463,-9.490737
PFDN4,2.826409,11.889935
NOTCH4,10.392293,-1.1788081
MAGI2,12.54521,-0.26836458
SLC51B,-7.862375,4.1996827
PREX2,-1.6171782,-4.8526692
ZNF7,-1.126868,17.583534
SLC25A38,6.763263,-6.5986896
IL1RL1,5.1503363,-5.952975
OTUD4,-5.062026,7.044665
GPR137,-2.2621644,-8.194899
TMEM41B,-2.071988,11.126468
ZNF414,9.231478,8.53958
ULK2,8.048904,2.5782285
DACT3,-1.1290711,12.137567
SLC19A2,10.04145,-2.832122
PABPC1,6.9037056,14.707577
MBD4,6.6507473,-9.321099
PSEN2,-2.1981463,-2.1277328
SPECC1L,-6.3359556,8.690693
VPS26B,-2.3377116,-2.2273314
MYL3,-1.1439922,8.418888
FAM95C,11.778115,4.9360175
ZNF789,9.760461,11.842357
TYRO3,1.4205799,5.0640955
VRK2,7.7147818,2.4567516
ADIPOR1,3.79518,9.225892
PGP,4.711362,-0.47610787
PID1,-2.1562355,2.9143527
SNCG,4.483779,-0.9074605
AREL1,-0.12025614,-12.400359
BAG6,-6.928457,-5.9882526
UQCC1,7.6166596,-9.372272
CGNL1,8.812157,0.95023596
MIB2,-6.1064763,-11.090307
RASL10A,5.777555,11.543015
ENTPD5,7.40007,2.3633125
LETM1,2.3540053,8.295435
CRIPT,-2.0822842,1.646307
COX7A2L,-6.036286,2.183315
ARRDC2,4.3572803,-4.1904216
NELFA,-2.776996,-8.346042
ETFA,6.205145,4.405553
GTF2IRD2B,3.13701,14.986375
CDKN2AIP,11.141576,-0.5384654
RPUSD1,7.679254,-9.562462
MARC1,-7.785689,3.43729
DCTN2,8.626376,5.6926274
OSCAR,-3.6795077,3.783426
RPS6KB2,3.1221957,15.026894
TMEM140,0.4940631,9.249272
DIRC2,6.006681,0.44949457
CKMT1A,4.350943,-1.7741935
LMO2,10.600688,3.8984199
MRAS,-7.598905,3.58214
KALRN,-7.7506948,3.9720292
FYTTD1,-5.3568263,-9.939594
PKM,-3.7647288,-5.3843465
RIN3,-3.8193564,2.963911
HIGD1A,0.6174056,7.543757
LYSMD3,-3.0756633,5.815515
TTC21B,-2.9086828,4.6900573
PSMC5,-0.04825363,12.575377
PCLO,2.576723,-4.8647575
SEMA4C,11.500001,6.486674
SLC3A2,5.5243554,10.2968235
ANKRD29,7.8407006,-6.91194
CD86,1.8724102,2.7245998
B3GNT2,5.301751,17.760397
MCL1,-7.2832093,6.7741375
COPS7A,8.59326,5.7718244
SOX12,2.3847854,16.356987
CHTF8,2.9918072,-12.350557
CLMN,6.240971,7.9747214
CC2D2A,5.4655724,4.8432484
CCNI,0.6551739,13.331792
MED21,-2.2619784,5.0405507
IPO4,-0.13990457,13.928629
GATAD1,-3.7879722,6.149959
GALNT11,9.107089,-7.8192363
MVD,8.22571,-9.368319
PPP1R3G,-0.42870384,-7.093646
UHRF1BP1L,-3.6967824,-6.094204
PCOLCE,9.500593,-1.9097941
UBE2G1,4.2581897,7.167573
AMOTL1,-7.8332424,4.169569
LRRTM4,-0.38114324,5.040077
SAMD9,11.392999,14.680981
CDK6,8.118118,2.7572522
ANGPTL4,-6.9723005,7.0192833
AMBRA1,-9.811355,0.1556353
ZNF606,-3.8202364,6.167019
DIRAS3,-9.1886,-3.7429006
NUDT16,9.199841,3.1466906
KANK1,12.547481,-0.26777667
PTS,-0.048085243,12.573502
BCL7C,7.2096543,12.9542675
HTR2A,7.252438,16.673138
PPP6R2,-7.3538485,-5.7605166
PCYOX1,14.293819,0.24795114
GIN1,4.388392,7.714509
MALT1,1.475764,2.1622617
MS4A14,-1.3098145,6.541756
GNB1L,-6.167417,-11.144017
ZNF780B,4.216774,7.1946635
SIK3,-1.0562757,10.012438
AP3M1,-0.18818285,-9.486665
NATD1,5.323416,10.083223
CCPG1,12.932425,-0.32607427
GSKIP,-7.686918,-9.295559
DCLRE1A,14.264406,-0.78797096
NSMAF,-4.772596,9.694311
PNO1,-4.3817225,-7.3370857
SRSF12,-0.45227045,1.4086992
TLR6,3.5436401,2.872333
RCAN1,7.5564284,1.9180806
BRAF,1.4375775,-4.548558
SLC29A1,-9.805492,3.842846
ATG5,2.970107,-12.391492
CALHM2,-4.026364,7.988307
ZNF106,0.31562936,-2.0702348
OS9,12.677669,-2.0747168
TRIM45,-3.720448,6.581333
BEND4,-6.4523554,-0.6071311
SAMD8,7.3020873,2.3186548
SLC50A1,11.359797,-10.787462
HNRNPL,-1.703996,10.937955
ETV6,-1.7319536,7.7550573
TRAPPC3,6.174921,-3.7448206
KLF3,-3.8572974,-3.538194
TRAM2,10.160859,-1.3857259
SEM1,8.664636,8.062193
YWHAQ,6.204394,8.312356
ASAH1,0.61199003,7.545613
TMEM53,6.7114964,4.96194
KLHDC8B,4.2199836,7.216785
SLC35F6,7.712573,-9.685167
FAM167A,-0.28925908,-6.6034684
NPAS1,7.234666,16.659122
MTHFD1,4.85356,0.90091914
GLRA3,-5.9749618,-0.22479285
LRRC63,6.054301,7.503477
SLC35F3,5.228368,4.30466
MSH5,3.4482474,2.6132448
NT5DC3,-0.33812934,1.2223145
MAGED2,-0.28366876,-12.341008
SMG8,2.3669877,-5.690666
IRF3,1.5340834,6.4179006
ZNF264,-5.026596,7.009309
FAM193B,5.2487407,-12.439812
MEG9,4.7213583,-1.4712902
ZNF271P,-7.715209,-9.268129
INPP5D,2.1649687,1.1359991
GNG10,5.388749,-3.9732306
CIT,7.2168007,16.64009
ZNF800,-0.07929002,-1.5067918
STAT5B,7.711864,3.0793056
CUL1,3.7472863,-13.469802
FAM136A,-4.501213,4.510864
DMBT1,1.4973642,4.986926
KIFC2,5.33925,-1.4642346
GTF2H5,2.7248409,-6.806973
EIF2A,2.9076562,-12.338147
PNOC,-9.0595455,-3.6286726
CCNC,2.7451632,-14.703841
TTF1,6.6150365,-9.359865
ANAPC13,2.8492868,11.9024935
GIT2,0.23259167,-5.0354915
LIMD2,2.1420665,1.0876197
CCDC137,16.945002,2.5834532
EDEM3,-2.835432,-4.909365
YKT6,2.7427547,8.004189
TMUB1,-6.0786757,-11.062362
SIGLEC10,-3.5925007,2.9136357
CACNA1G,15.399395,1.1775309
BICDL1,5.1972356,-1.5788825
CIR1,8.504459,3.8565025
FSD1L,16.106005,5.8010483
STX5,12.124423,7.530795
TNC,0.053801447,-6.7008877
PROM2,7.642417,10.394507
IL18BP,9.917831,-4.2817674
DGCR2,6.6993995,-9.522851
FCGR3A,-3.344313,3.9517074
TOM1L2,6.0359235,-1.2701248
STARD3,14.0554085,8.953983
SERPINB8,5.244791,-9.293854
R3HCC1,9.264908,8.288197
NDRG2,10.031944,0.50393254
POLD4,-0.67749786,7.4719048
ZNF639,5.4954724,-9.459321
ABCG4,4.940496,-1.5495535
RAB7A,12.610733,-2.5742362
IDNK,5.3940816,-3.9744005
PDIK1L,-2.4395332,5.576147
SIPA1,-3.9957466,8.0279045
JADE3,11.27028,-4.5475893
SVIL,-6.4455323,5.594725
FBXO9,7.584665,-6.861939
HSPA1L,4.0281634,-12.956762
CCM2,3.808835,-0.746067
FAM127A,-0.17453031,13.18999
ANKRD54,17.134119,2.8202136
ZNF385D,-6.1985908,-0.40243512
PIGF,2.3374174,7.2103887
CTBS,12.860227,8.270907
ABCB10,-5.3273,5.9489155
ARF4,4.726354,-13.812053
POLA1,11.582756,1.1534538
ZNF621,11.480513,1.4075075
DNAH1,-3.7030637,6.586362
PPP2R3B,3.0149965,15.581459
STX12,-1.6774362,0.14233792
ZNF226,-6.332205,8.685496
JAK1,-7.5224414,3.3725307
TTPA,5.478974,4.7963047
ADAM11,-5.8214912,4.4123073
EMC1,15.84466,-6.7433705
TRADD,1.04706,9.904647
ZRANB1,-10.91201,-3.1342893
CECR2,8.697643,-6.8843827
VPS37A,6.2261624,7.3411236
PLIN2,-0.68370384,7.930095
UROS,5.0990257,-3.6171105
ATPAF1,14.230319,-1.5322415
CD99L2,-2.3074813,-8.363327
SCYL2,-10.919537,-3.1281753
TTYH2,-2.0747213,-0.4663802
SIL1,-3.6652133,-4.5997677
WDR20,6.2160544,7.337817
SH3GL1,13.669576,3.829449
BLVRB,-4.056221,-4.836935
SEC61A2,-0.80878985,12.076053
EHMT2,-9.804667,-6.8766546
ACVR2B,-5.3462024,5.9365582
BTAF1,-6.7927213,-3.6802473
CHCHD6,-0.158809,12.925016
CDC16,7.29473,10.230768
CACNB4,-5.984185,-1.4520694
ACLY,1.73826,-4.7642775
POLG,1.5553963,15.836353
ZNF567,-5.064769,7.045011
PLK1,2.3904285,16.347866
CAT,-2.0373573,1.6947752
MARVELD1,5.7764606,11.541096
PREB,-6.945181,-5.985899
BECN1,-0.05926862,-2.1622825
SPDL1,8.985899,2.703555
SV2C,-6.082642,-1.2931719
NAIF1,14.040872,8.941822
ARSK,10.039993,-3.0459664
CHCHD2,-5.3399663,1.6483588
GAB3,3.1607993,2.970409
PDE7A,7.524367,10.348112
WIPI1,7.326191,-0.7276704
PTPA,6.684877,-9.507382
PDZD2,-1.9977324,4.6517816
NSL1,3.5156932,6.04252
UGCG,9.795912,-4.1088543
FBXO10,0.7978266,6.4583106
FUT1,12.485248,2.6681411
MFSD10,-7.265614,-5.862221
JTB,8.52868,8.090462
PEX1,-5.9869604,8.218527
SOCS2,5.1480556,-5.9554086
ICAM1,9.208243,-4.582359
CTCF,-9.35559,4.1403923
BCAM,9.548581,-1.9422839
RASGRF2,6.092663,8.051347
POFUT2,-6.3115,-7.955802
RPL23,7.180597,14.309739
KANK2,9.547528,-1.9102676
DNAJB14,-0.98185915,-4.458048
P2RY14,1.3293016,-9.661279
GPR65,2.5692587,2.7683315
TMEM170B,4.4148855,-9.661784
RAB23,-0.047048602,-2.1628873
BCL9L,4.2944636,7.126933
FRG1,8.198177,8.355271
TCTE3,-0.36503455,3.6197827
ARRDC1,-1.9380578,-9.532927
TTC25,7.34541,0.43134463
FAM160B2,4.301484,15.017042
ECHDC1,3.5409029,6.0542727
FDX1,7.3923516,-4.5609465
LYPD1,-7.294535,4.1007185
ACAD9,-2.039395,2.737014
ACSS2,1.0241997,9.926712
APOBR,-3.550408,3.133654
COQ8A,3.905265,15.295126
ANTXR2,6.0410166,0.81704116
CSF3,9.203771,-4.5203266
CBX3,12.175149,1.3300899
FANCL,4.656774,-13.732301
REST,8.661133,5.7624416
PAK4,6.0754466,0.33413714
CARMIL3,4.733535,-1.466007
SEL1L3,-0.74299866,5.350836
SNRPE,8.246442,8.314561
CCDC85A,5.216374,17.674051
SRSF6,6.4241257,8.788385
UNC45A,6.707493,-9.242147
SERAC1,-9.023284,9.036391
IVD,6.6850395,5.0069714
DCXR,2.7075076,8.015014
HTRA1,2.2127137,7.296558
LLGL2,1.1543412,9.776456
CHAC1,-11.869968,3.291648
EIF1AY,8.83025,17.372402
KIAA1551,-3.7892714,-3.6147985
LRRC23,3.9590793,0.8175089
SCG2,-6.053848,-1.3501487
CACNA1E,-6.0681033,-1.3173095
PCID2,6.4682055,9.345474
CD2AP,13.250353,-7.553958
TMEM209,5.986807,16.074732
PPIL1,-0.2311695,-9.4442835
RRP7BP,3.0654924,14.878327
PPP1R21,-1.6675267,0.64836663
KBTBD2,-2.2779796,-0.40361512
ATAD3A,17.256565,2.9590328
DYRK1B,4.668928,-0.41118363
PPIL2,4.3962693,14.942456
KIAA0040,-1.7548722,7.7391195
HNRNPA1L2,0.67221165,1.42899
GOLPH3,-1.9385984,7.597446
ZNF780A,-2.75065,5.2723107
FAM109A,-2.7850463,-8.342599
PSMD9,8.670075,8.05462
PHF8,-0.44521183,-1.4536
ATXN3,-0.9942006,-4.4230676
KCNJ2,-2.0783482,15.957397
SFT2D2,12.859483,8.270928
ZNF285,-5.3674655,5.9184546
MAGEH1,3.5546167,11.846189
EED,3.3546052,-12.45104
OSGEPL1,-4.191646,6.2123795
CCL2,9.295084,-4.626942
SRSF9,-5.330174,1.6472436
IDUA,8.95272,14.313979
GPC1,1.1173388,6.783513
DOK4,5.3425326,-1.4580647
MTIF2,5.573508,-9.496663
HCCS,-0.3189569,-9.395725
TMEM164,4.6655273,6.7463403
MIS12,-3.8123682,6.1620746
SFTPC,9.87248,8.034993
AP4M1,-7.2114863,-5.859542
SLC6A9,1.4254576,5.0512595
ANKRD19P,4.716486,-1.4695501
BTBD16,2.2609031,5.4401636
ACSL3,15.84516,-6.743165
SPSB3,3.0943096,15.3543415
MARCH1,-9.332757,4.2927427
PCDHGA9,5.3815475,1.8754822
FIBP,8.611173,5.7332716
APLN,4.0251327,-9.326551
ZNF697,-5.964483,-1.6245754
ANP32A,-9.579653,-7.029434
GPR162,4.743945,-2.9307022
ZNF273,7.2892666,-7.7366138
MOCS1,1.1654211,5.9719973
FAS,10.041591,6.037182
KCNJ16,-7.675231,3.3890235
KIAA1161,-0.12896487,-6.957501
TOMM40L,2.6560102,-6.694415
TGFB3,9.239427,3.4513113
ZBED5,-4.9930587,6.9903674
PHACTR3,8.503081,3.318968
ZKSCAN8,-3.6687741,-3.7629123
NDUFA4L2,9.38704,-2.011866
GPRIN1,5.387375,-1.4423274
COQ10B,14.245067,-1.5652863
CDR1,-6.0898037,-1.2518418
RHOBTB2,0.017597163,-6.8096237
RAPGEF3,3.1783674,15.562726
MCM6,-8.076327,4.5216875
NRDE2,-1.1269641,17.583206
CTSO,11.401785,14.67218
NLK,15.9926605,5.6968336
PBRM1,-2.8215508,5.00579
TBRG1,9.227521,3.0452063
GTF3C6,6.9032044,14.74159
ATP5O,-5.9899545,2.1668103
CD164,6.0316916,16.023314
AIDA,-10.91325,-3.133263
EPN1,17.265907,2.9683776
BCAS2,2.9898443,11.770412
MED13L,13.302847,-7.6102476
COL6A3,2.197952,-9.273117
OLFML2A,1.81463,-9.404183
MYBL1,6.2179027,7.344456
SERF2,6.831822,12.636521
PLBD2,4.715469,-0.59498876
AFAP1L2,-1.3522611,4.357177
CAV2,10.150292,12.877528
CBX7,-2.129582,-8.524959
SLC7A4,4.1121545,-2.3526552
ZBTB26,6.1689153,7.405897
FTH1,-1.681828,10.9261
MERTK,-7.619546,4.0533657
COTL1,3.1011887,3.0364037
STX11,9.679918,-4.818422
NDUFA10,7.6219063,-9.415902
NCALD,10.892861,9.705045
CCAR2,7.719758,-9.694527
MILR1,2.3831832,1.8234916
EFTUD2,-4.8507395,-11.995399
MCOLN1,6.1864586,4.598523
EXOC6B,-5.434687,-4.8404055
KRT1,6.819095,12.618993
MARK4,-11.801682,3.683431
IGFN1,5.778675,11.541793
DERL2,11.141997,-0.5388444
PRKAB2,7.2971296,2.3161356
MYL6,0.91328746,13.971435
SLC25A14,8.31721,5.3439355
DDAH1,-0.28816918,-6.6087213
PAQR8,3.2410948,5.9064264
FBXO32,1.5002601,4.9782476
NHEJ1,4.00695,-12.560218
UBA3,-1.6489177,0.61328804
C1QL2,-1.3102394,4.3251567
RABL6,9.884927,1.5820374
POLR2D,-2.1098506,1.6267151
NINJ1,-4.14172,2.8899126
COQ5,12.180221,2.8294895
EFCAB7,3.6329088,-13.550306
ZNF143,-9.586579,-6.666316
SLC25A30,-0.38736245,9.832962
EXOSC7,14.151836,-3.8367598
ATP1B3,-9.743592,0.2278573
GTF2F1,-3.6141512,-4.5764647
LMO3,-0.5019118,1.3930078
PGRMC2,9.576532,-8.153257
CLPTM1,8.537422,6.1101522
GAPDH,-4.0589266,-4.8100758
SPG21,14.300832,0.35857347
FRAS1,-5.887098,4.3681293
MED1,6.315235,-6.1163363
BEND5,2.4314978,-4.8150806
SLC39A6,-2.5250134,-0.7652975
REC8,8.2328615,-9.37105
RFX7,-2.4045403,5.629973
FBXO42,12.209556,1.3556445
CCR1,-3.6633046,3.7863061
CD69,2.3529022,1.6263065
MLLT6,-9.752696,-6.8876886
JRKL,13.025643,-7.3218646
TTC33,5.919884,16.144815
KLHDC1,-5.6199455,7.7612095
UVRAG,6.2336774,8.36977
KLF11,10.891232,3.9465556
SLC38A2,6.603558,9.196148
RASD2,14.789366,4.591896
TKT,4.585695,-12.404041
TKFC,9.796434,11.8771105
MFAP3L,3.1787908,5.9073052
ISM1,1.9509984,-2.7014577
TMEM243,2.761142,-12.192734
SRRM4,4.1245074,-2.5824494
TOGARAM2,13.1086445,10.733164
CFLAR,10.783446,4.0476832
FOXA1,-2.448047,3.081037
CC2D1B,1.5396032,4.9302144
SMIM14,5.686382,8.000933
ATP10B,6.1726813,7.98348
DGKI,-0.9213147,-4.089072
PIN4,-1.6982887,13.393305
NLGN1,-0.7539577,5.279728
PTPN2,-4.1839337,3.9278436
NANOS3,3.8203306,-0.74844927
CAMK1G,4.123322,-2.2876945
SH2D5,4.1592317,-2.6205435
UBE2S,-5.0003614,1.0049181
SPATS2L,12.738881,-2.300207
ADSL,14.149489,-3.8400614
RGS19,2.253853,2.3329158
FBN3,-1.2765968,4.489213
FBXO4,12.427307,1.3960195
CAPN7,-2.7399497,5.207504
CDK20,-0.38804674,1.2702872
NVL,6.4168806,8.673686
ZKSCAN5,9.229158,9.912148
GFOD1,1.1251444,-4.75441
IKZF1,2.2361786,2.3506558
ZNF879,-2.7698772,5.3116865
ZC3HC1,8.847137,-4.5430765
CAMK2G,-1.0761647,-2.495784
DDN,5.303963,-3.8779721
RBM47,-3.4942858,3.972004
CYR61,6.5416203,-11.822265
ZNF37BP,-0.7114073,7.5697355
NEU3,2.45869,11.91736
NAA15,-2.1784794,11.206738
AKIRIN1,-1.6748494,0.14396931
ZNF175,-2.7804656,5.2829995
MNDA,3.1238,2.983639
NCOA5,12.979685,-7.278888
SLFN13,-2.4089994,-8.45257
RNF41,2.7323895,-6.648723
ROBO2,-6.0853825,-1.2579534
ZSCAN18,-4.4775176,-4.568682
TMEM141,-0.6131389,13.133362
AP3S1,5.387935,-3.9727232
DCUN1D5,-0.23424296,-9.442187
HMGXB4,3.2109487,5.9423437
LMTK3,4.374136,-1.0068902
DPYD,-9.3354225,4.2590723
CUEDC1,10.573909,8.402137
FAM110B,-11.827853,4.084288
IDH3G,-3.8733006,-4.9892387
MOV10,-9.0278845,9.045135
NDUFS1,14.213375,-1.4704295
SLC25A42,7.130119,0.1406086
ADCY8,-0.13992877,-6.925047
RBM38,5.3106103,10.074995
PAAF1,8.519165,3.296326
MAP2K1,14.24226,-1.5594033
CEP57L1,3.2327948,5.977424
ASCC3,12.866723,8.291491
TMEM200C,-6.5047064,-0.55066353
CAMK2D,2.735021,11.870082
CFL1,0.91598594,13.972971
GFER,9.214945,8.540671
AKT2,-0.9555153,-3.9175339
GZF1,9.285558,2.4322212
LCORL,-2.827056,-4.9219213
ABHD12,-0.22038424,9.889743
SMU1,-4.377256,-7.3322935
SEPT11,9.7245455,0.51854575
BUD31,8.257987,8.303236
MAGOHB,-2.0901513,1.6443418
SLC9A1,8.303872,5.319662
RPL10,7.2298336,13.226293
ZNF527,14.60264,-0.84708774
PLSCR3,0.45051754,-4.923242
VKORC1,-7.7181954,0.8783107
TEAD2,10.810226,4.060648
NAV1,-1.363093,4.387589
ZNF566,0.6783394,1.4350128
ZNF500,4.4295774,14.921416
OXTR,-7.8986096,4.3177524
SLC43A2,2.472055,8.218837
NDUFA2,0.26742196,13.771778
TPT1,6.8686256,14.631869
TMEM108,10.660593,10.489671
MARVELD2,9.497813,-0.75105923
MUT,15.25683,2.867406
TRMT112,-4.9262958,0.88278955
OLFM3,-6.012727,-1.409501
GLRX,10.170288,5.554939
CDKN1B,4.1824813,-5.2429547
IDH3A,1.8902578,12.396865
VPS26A,4.26668,-4.8435483
RBM4B,3.3701582,6.449226
TCTN1,5.2589116,0.76336944
MTUS2,5.0977845,-0.55113554
SARS2,-1.0962149,-9.037053
RNF115,-4.156974,-9.715525
SEC61G,14.155331,-3.8330529
HPRT1,2.3210168,-4.8234944
EBI3,4.56331,8.826287
SNHG19,7.0489874,12.909265
DYX1C1,-9.106677,1.374203
ABHD14A,-11.868621,3.2917209
FSCN1,2.2952068,4.952773
KLHDC9,-0.51479584,1.4117873
LGALS8,-9.763396,0.20602763
ZNF501,-5.12918,14.918536
POMP,6.897327,2.069297
TRIM32,3.5022414,11.807026
RFTN2,-9.38968,4.1467767
CLIC2,10.027193,4.690254
IWS1,0.09519207,-7.9291945
NR3C1,1.2069988,-13.023895
RRAGA,8.606895,5.71751
FBXO36,9.650384,0.6027985
ZSWIM4,7.7333255,-5.2860785
UFD1L,-4.7647886,-11.904957
TNS1,9.252225,3.5404088
EHMT1,-9.439691,-7.176026
GPR89B,-1.0593926,8.28921
CCDC7,7.2564487,2.6452966
ZNF395,1.8669188,7.53708
FAM122B,4.2483606,-4.8604846
FAM171A1,0.88831735,9.542151
CHI3L2,1.2394199,17.42679
VWA7,3.610798,-2.167202
UBXN2B,8.739276,-4.551559
TBC1D25,8.242981,5.277295
COMMD8,1.4065714,-4.4855046
PTPN4,16.260733,-3.164923
TVP23B,13.117002,-7.420122
ATP2C2,-1.1505557,4.2827873
ZNF815P,4.6611185,-0.42332438
EIF3D,6.9110403,14.695997
KNTC1,-11.854316,3.2382503
MCM4,14.578875,-0.83251154
POLR2K,2.8513062,11.899123
ZNF623,1.2938476,-6.1181064
SH3BGR,11.143342,-0.5401303
ST6GAL2,3.9959476,1.789068
NNT,-0.11977127,-7.003058
PCYOX1L,2.1995475,-4.6074195
PRPF4,-5.3336086,15.127815
FAM20B,7.5382524,-6.86237
RNPC3,-0.10388072,-2.169533
PPIA,-1.6772801,13.396932
ATPAF2,-4.6231117,-4.448394
NEMF,3.357527,6.4727435
ARHGEF16,-1.1461341,-8.977738
GNG7,1.5019788,4.976935
DCUN1D4,4.0772657,-7.254973
ARNT2,8.893067,0.89163935
FBLIM1,-7.2654505,7.5738344
SLC2A5,2.5244145,2.7258637
NFIA,2.1900346,7.3079424
USH1C,10.4278,8.375121
RMND5A,6.190816,7.380803
THUMPD3,3.2286072,9.636306
PHRF1,9.89009,1.5924916
SEMA5B,-1.2251011,4.4966855
PCTP,-7.5900016,3.574488
RPL15,7.2269526,14.289448
KIT,-0.829587,5.403319
TMEM237,-3.7364137,-6.0133443
GNPDA2,15.3344,2.8028948
ELMSAN1,-1.7540072,7.766612
MRPS18B,-2.1138294,1.6253481
NT5C3B,-0.16344716,12.989383
MROH8,-1.1269859,17.58327
GSS,7.186813,-5.2760935
MARCH8,11.5662985,1.1334434
BAIAP2L2,-6.350757,8.396669
DNPH1,19.715956,2.384465
UNC50,2.3868508,7.1760063
TNRC6C,6.4713593,8.70921
TINF2,10.1671295,5.5782166
THOC7,2.8328884,11.912267
FGF9,1.8148377,-1.605009
SLC20A1,1.0914135,-4.709784
GPD1,3.8266559,-4.3402486
SLC4A2,1.3007168,4.246485
CLTCL1,9.536132,-7.72609
HSD17B14,7.047903,-2.1070879
OCEL1,16.204626,4.58507
TMEM132C,-1.2659318,4.4593487
FLYWCH2,-0.6170087,13.135466
DMD,-7.0526395,4.1638017
INO80D,-2.0816514,15.963119
ZNF430,-3.0248857,-4.647028
CEBPB,9.74199,-4.1541457
EXOSC9,-6.3438764,8.701993
DIAPH1,8.816534,-6.7781973
INTS2,-3.027625,5.5307794
BTNL9,9.186629,-0.6960495
PALMD,9.417399,-0.7349367
TRAK1,7.378273,-4.565056
CLIC5,9.402564,-2.1902876
SMAD3,5.2896895,1.7458984
TBX6,10.601521,13.218273
BTBD6,-4.199091,14.061021
PLAGL2,13.225751,4.8452253
SCN8A,1.8997165,-1.7151004
TLR10,2.3915403,1.8466154
TBK1,-1.5016425,-3.9552996
PARVB,12.383374,2.7242267
IPO7,10.148595,12.874069
LYRM9,3.321845,-12.474668
FHL3,7.259915,-0.5232272
PDCL,6.0327086,16.022171
SNAPC4,-6.5087814,-6.166938
ZMYM1,13.119918,-7.4162884
ZNF571,-0.36668235,3.619007
A4GALT,10.0145855,-1.5474621
CCDC90B,0.09291119,-7.927481
SUCLG1,4.5977597,-12.413109
NDUFC1,-5.3229227,1.6494573
SLC16A7,-1.4593533,-3.9549904
GGT5,12.795945,-5.504796
ARID3A,2.1057925,1.0125254
MLF2,8.421501,6.2640233
ATP2A3,0.1344256,0.03952008
LAMB1,-7.2640314,7.5758514
IL16,0.50513595,2.9109201
NDUFA8,-5.843815,2.0050023
ANKRD39,-0.5851534,13.129828
IFT81,-7.050142,4.1654873
CORO6,4.125028,-1.8349243
ZNF420,-2.7687294,10.57026
EXOC7,2.3234465,8.337084
SQLE,-8.920332,8.944854
GLDC,5.2652826,1.6738079
CCDC74B,-9.150655,1.3182489
KCNC2,2.330134,-1.7552369
TAOK3,-1.3443966,4.3603845
DNAJB4,3.6503754,-12.652097
EFR3A,7.7821593,-6.8686037
CCT6B,1.2884791,-8.087809
ATXN8OS,-2.2301342,3.2701159
SHD,1.8742533,-1.1252513
PIEZO2,3.8215768,-4.2309046
CEBPA,3.62011,2.813728
PER1,5.6307826,10.402714
ADGRV1,0.0031497627,4.646125
SPINT2,5.0036626,-0.5290856
UGGT1,-2.1857297,-3.3680952
DENND6A,-4.390496,6.2477174
PSMG2,12.332777,7.0152283
PDHX,14.231235,-1.5373726
NMD3,4.599825,1.7691159
PISD,12.402019,2.7130678
KIAA2022,4.141395,-2.60522
DOHH,1.0534469,9.900636
SHANK3,-1.937233,-9.543453
TAF1D,7.1106024,14.333721
MAP7D3,10.016242,6.1180654
SOCS5,4.2693806,-4.8385196
CREB3L4,2.1465557,11.856162
SH2B2,2.309004,-6.8051047
BRD3,9.245679,2.993667
PRRT3,7.227591,-8.875156
LRRN2,14.383695,0.4620301
PADI1,-6.358177,-0.7264347
CMAHP,10.856486,3.995761
PLEKHG2,-7.26555,7.5775266
MAOB,5.17995,0.7399926
NXT1,9.301618,-4.5036173
ADGRE2,-4.174332,3.9304376
STARD13,5.4418716,-9.492373
TMEM248,-11.6602545,-1.9115491
ILVBL,1.5861703,6.3625455
DHRS7B,-4.278136,-4.6814775
G0S2,6.1806746,-11.704731
ACSL4,1.3420526,-4.9780383
PRMT7,1.1406679,19.222942
ATF1,4.163053,0.9108278
ACVR1C,7.579572,2.4525354
CLCC1,3.7154806,5.988169
AFF2,2.300434,-1.7901936
UBE2Z,-0.17436835,-14.986915
ANOS1,-0.24323933,-6.6148996
ADCY7,2.2886755,1.3870463
MT1F,1.3495414,7.5878086
TIMM17A,-0.81051856,-9.214456
LGI2,12.290877,2.764843
CES3,-0.003667496,0.75611657
RGS2,6.1817865,-11.705161
NINL,7.0840883,0.16639133
ZNF775,9.629211,8.097349
ZNF618,12.16007,2.786958
PARD3B,8.533496,5.588818
SLC38A10,12.0736475,7.2920094
OLFML1,1.3046637,-9.618081
ZYX,-7.0445037,7.284857
ADAMTS2,0.21441877,0.2754864
FBXO31,-2.3405833,-2.2306066
NUDC,4.2772346,-12.286607
NSFL1C,-0.044752862,12.568677
ATF7,4.4049797,-4.1930866
ZNF23,7.289411,10.222095
INHBB,13.31595,10.557178
DPCD,-0.18470389,12.903658
ZNF558,7.4450426,10.6303
PNN,8.281939,3.693936
HNRNPA2B1,-9.587106,-6.6594663
ZNF703,-2.0624642,2.7580543
ZNF607,7.515446,10.340151
CDC37L1,3.8987768,-7.078361
PPM1B,9.293192,2.448987
ZNF267,12.890527,8.326925
LSS,8.240256,-9.3728285
QPCTL,8.243005,-4.552856
PCSK2,4.1450634,-2.5273964
NOC4L,17.252945,2.9554112
NAT9,1.1406239,19.223215
KHDRBS1,-2.122424,1.6204866
ZNF540,-1.206385,-9.147144
ALG13,-3.7151046,-3.690101
QRICH1,-4.152222,-9.711484
SRM,-0.13796586,13.910016
SPATA2,6.27753,-3.4437346
ZBTB37,3.2821171,5.908628
SEMA4F,4.6421723,-0.38809305
MTERF4,4.169438,-4.9973493
TNKS,6.21985,7.3415365
RNF111,2.6366608,18.601595
CCNT2,-2.8413606,-4.9061146
ADAT3,1.0540433,9.901284
CD4,2.392302,2.23438
B3GALT1,0.20947947,0.13560043
TFCP2L1,-7.9309936,4.3593554
HDAC9,13.362977,10.518808
SCNM1,8.350289,12.320287
LRP1B,6.1154118,0.8661342
AGER,2.0370283,15.872731
CKMT2,-0.4969622,-7.1326203
TOMM22,14.111307,-3.8499823
PLCXD3,2.3292074,-1.7535868
PNKD,-3.8666437,-4.981873
SDHA,-3.8512495,-5.0537663
RIPK2,-6.82082,2.5916479
TRIM35,1.3054577,4.271862
CARD19,5.630097,10.403457
UBL7,-0.39864227,9.836689
CD320,7.708856,-9.677468
CSMD2,15.406107,1.1842229
SLC25A16,-2.1698928,-2.1220706
WDR41,4.7043104,-13.787019
ZNF366,9.744134,-0.70566916
WDFY2,1.3998864,-4.994131
CHUK,5.2574635,-9.415018
MED31,2.891144,11.844765
PLD6,-1.968081,-8.584658
FOXS1,1.4549336,-9.44203
GPX1,-3.8417635,2.9991477
VAT1L,4.749092,-2.932472
S100A12,-4.197092,3.9536102
SLC46A1,2.4367304,7.1423483
NRROS,0.32833833,2.8277955
NPIPB14P,-0.4299365,-1.4672117
ST6GAL1,2.2479331,2.3350375
TM4SF1,-7.1054688,7.4071684
ZDHHC6,5.569887,-9.497442
ARMC1,5.688461,7.968507
GRM4,-5.706688,4.298854
BTK,2.4080606,2.1002705
RAB2B,-9.054188,9.068642
PAQR7,7.19657,-8.698107
COL6A2,9.523796,-1.896226
XRCC5,3.760285,9.284171
BIVM,2.8569,15.860263
PPP1R35,5.656506,10.4288845
LRMP,2.2583196,1.2728671
PANK3,0.53372175,1.6008396
TF,11.986367,4.7697744
TRA2B,4.0139594,-12.952636
JMJD7,-4.0792255,-9.642576
JKAMP,3.5774596,11.86713
CELSR2,11.766558,4.9487834
GABRD,7.2660756,-7.710782
DHX58,2.66816,18.573599
GOLM1,4.182544,0.9395581
SLC35B2,10.575966,8.401755
MSRB2,-5.963043,2.1367877
ZNF131,-3.874135,-3.5122044
TCERG1,-6.3436346,8.700085
NRCAM,5.6386075,-1.9889129
MGAT5B,4.177199,-2.6597278
ABTB2,1.5499055,4.9269414
DIP2A,-1.8670979,-0.36740753
PRELID1,-4.856842,-12.001919
RNF145,10.028802,4.693635
FAM208B,-2.1665735,11.199544
NDUFS5,-5.9512587,2.1347802
TNXB,10.154136,-1.3918886
SEC16A,14.174514,9.0606365
HEYL,-7.721937,3.5444975
LGR6,9.960285,-2.7924042
CLDN9,9.362173,15.449225
NFKBIL1,12.129967,7.541532
PPP1R3D,-7.61129,3.6071966
CCDC146,7.5045304,0.45048338
CD22,11.460259,6.3949866
AAGAB,-3.7286716,-5.277894
POT1,12.347086,1.3930463
GON4L,-7.975322,4.356583
ARPC5L,-5.974603,2.040909
GPAA1,-0.1339121,10.075605
PDCD6,8.534451,8.078096
RNF207,4.74155,-1.4580696
LPAR6,3.6192951,2.871313
GLRB,2.660042,-4.9337773
SNAPC1,2.2382524,7.281161
ZNF268,1.2991102,-4.960103
ZNF324,8.261052,5.282132
FASTKD2,3.1740167,9.65473
AZIN1,7.4641604,3.2796164
CD44,1.2412126,7.846526
GPSM1,-1.9160717,-8.566643
ABCB8,6.6748643,-9.556226
TANC2,-8.9736185,8.993273
ZNF428,19.71615,2.3843734
LBR,3.7498183,9.295715
AP2B1,2.7244112,8.635164
FAM57A,6.6413665,5.5549664
NORAD,9.350318,2.4560308
SDCBP,12.755322,2.6501536
TMEM106A,3.1186988,3.0146224
ADAMTSL3,10.124132,12.832616
LRRC39,-2.9312735,-12.266249
RGS4,0.13498561,0.039103296
PHLDA3,0.49972498,9.2911625
ITGAV,3.5073037,9.555836
NMNAT1,2.4329345,7.143116
CYP2U1,4.185781,1.8525549
MSH6,4.1551986,-5.1952786
CEMIP,9.389599,-2.205886
BTG2,-7.301241,6.7502103
CFB,10.928954,3.9187624
NOMO2,2.628229,-6.706448
SMG5,-6.9414845,-5.986968
IL1RAPL1,-2.208713,-0.40931416
MRPL18,4.0923986,-12.867136
RUNDC1,7.9899187,-4.6199446
PPARD,9.537086,-4.331101
CLEC2D,-2.3503308,-8.385566
WWTR1,3.7462575,9.274444
SAC3D1,9.204488,8.557668
CDH26,6.5682406,9.22775
TSPAN5,-2.0988162,2.810178
PTPRM,2.6564465,-6.7599587
TNFSF4,14.444476,-0.7848088
DIRAS1,1.8874195,-1.1493425
ADGRL3,6.109425,0.8521845
ADH5,5.2712226,1.5914183
ID4,4.990566,0.8953808
CACNA2D1,1.8269018,11.5143
BBS2,12.552784,-0.26541784
KRBA2,-0.10082095,-2.1667717
PPP1R3C,6.3605504,4.413028
HDDC3,1.2863983,-6.124962
CPSF2,5.851326,-1.3256328
DLL3,5.377455,-3.9608302
TMTC4,11.729748,6.9102
TBC1D4,9.171008,-0.69097847
OSBPL8,0.5343842,1.605361
TMEM87B,10.818853,4.0376806
ADAMTS17,-1.1548722,4.2677274
RGS7BP,7.8563757,-6.8860884
ZKSCAN2,-8.904941,-5.4154353
ADM,-6.9657135,7.0137453
NOV,-3.8532875,-9.438084
KIF6,3.5459852,6.102656
ZNF740,8.321862,3.742271
EIF2B1,4.77711,-13.859852
RAB7B,10.517026,8.393945
MED22,17.111439,2.793453
SPNS2,11.642085,5.0300055
TRUB1,-1.0067335,-4.4411726
DIO3OS,6.046008,0.29700565
DNAJB11,6.108356,-3.6657603
CNTRL,-4.7316265,6.148884
PTGES,8.945272,-0.8236599
CS,-3.7129538,-5.6964383
ERO1A,9.73889,-4.1424484
GSG1L,-2.2218423,3.2626529
ING1,9.689455,-4.820677
PRELID3B,6.046733,16.009222
USF2,19.71341,2.3871684
COPRS,-6.030776,2.1852596
KIFC3,-1.916911,-8.564945
IGF2,1.3023869,-9.509529
TMEM106C,7.120639,0.15526299
PDHB,-5.132727,1.2184314
PLXNB1,1.9611472,7.5029526
PRDM5,4.7573237,0.6327894
TRAPPC4,-7.7690988,0.9117237
MYLK2,1.2944589,-9.50016
HFE,5.282427,4.282902
ZNF362,1.2079351,-13.031371
SLC16A3,-4.177861,3.9378173
BCS1L,-5.2468543,1.6255461
PABPC1L2A,5.020613,-0.5543306
IRF1,9.301861,-4.5627995
CALM2,4.2818794,7.1189895
FAM43A,1.5754716,-5.1487036
CDH7,1.9844172,-0.97720265
CPSF3,5.6060185,-9.503603
CAMK2B,4.124022,-1.842886
ADCK5,7.6418524,-9.38886
ATXN7,-4.9332767,0.8942747
PDZD11,-5.5252795,1.8070042
RNF219,-2.4390268,5.57891
C5AR2,-3.433219,4.0018864
LMLN,9.960874,-4.2715397
ZNF319,2.4411428,8.217515
EDN1,-3.1473248,-0.07851554
ZNF646,1.638579,15.864581
SHISA7,3.1273384,4.6851377
SYT11,-1.9015777,-0.310208
SLITRK2,-0.55214494,-7.1536036
ZNF347,-3.0500152,5.5237193
ZNF248,12.452074,-1.7072544
PPP1R15B,-1.949096,9.022831
ELOVL6,-8.912289,8.939155
BAG5,8.569009,3.3368688
CDK17,4.00283,5.81978
LACTB2,-3.5720417,8.980887
TMEM231,5.2681646,0.8060915
SULT1B1,-3.1458507,-0.07753121
EFNB3,4.090298,-2.4271207
POMT1,7.6418347,-9.393786
ZDHHC21,2.8171935,11.892375
CASC15,10.207994,5.5380535
MPG,12.621406,-1.884175
WRN,-5.353743,-9.936878
ANKH,0.4980582,9.32386
GABRE,-7.2468505,7.5543857
SMAD6,10.452229,-1.1397129
INPP4B,7.5854955,-6.829244
GTF2B,2.9820988,-12.387774
KCNJ10,11.276433,-4.542116
MIOS,1.6145726,2.2491703
HSD17B8,-0.55137706,-7.1592865
PRDM16,-7.7385807,3.4671037
PTPRG,9.725623,-0.7245083
GLG1,-0.17565054,-14.989693
MPST,1.2317322,17.429071
PNMT,-7.7123947,3.5343704
FHL2,-7.2840705,7.5965815
GLRX2,-6.030993,2.1807284
SDF2,-2.057019,-3.3031514
TMED8,9.570813,-7.6975875
TUBD1,-9.51405,-6.602217
CHST9,-1.9721138,4.6293225
SNX16,7.586324,-6.826485
ATMIN,14.2300625,-1.5255383
TREX1,-2.2413228,-10.901915
FER,14.220846,-0.7588468
RNF26,7.7365947,-9.365735
SYNE4,5.1347003,-0.530979
NOL10,-1.6541675,10.911941
CUL5,-2.5370955,5.440402
PI15,10.171953,5.5559335
FHIT,0.9648995,8.824849
FAM13B,6.684559,5.320566
DOCK6,10.172409,-1.3847588
ZNF814,2.33985,16.388222
PDE4DIP,5.701959,3.5336144
KRI1,-9.406139,-7.2095127
SLC25A6,5.095,-3.617745
PEX2,3.6528895,-9.083855
CDK8,1.9822154,12.279685
FBF1,12.106801,7.2466326
TEX9,3.9430816,0.81634027
ACBD3,-10.912365,-3.1352274
MBIP,6.0287,16.028452
SLC46A3,-5.3297844,5.944757
MKX,7.2406,-7.6908107
ISYNA1,1.4210379,-9.447277
POU3F4,-0.11528806,-7.008763
DGCR14,-0.11618605,10.092877
SNRPD3,8.558152,8.067141
REPIN1,9.88548,1.5889374
CLDN1,15.390612,1.1715704
PATJ,2.4608629,-4.781516
TIMM13,0.2340456,13.769818
TLN1,-6.443713,5.5963945
KIAA0907,-3.7865448,6.1458025
ZNF14,-1.1115516,-3.752076
HMGN3,2.6554847,-6.714311
TMEM38B,-1.5153592,0.13901801
TDRD6,7.6916294,10.419314
CTNND2,8.80913,0.94279593
RNASE2,4.566036,8.820527
MCM3AP,7.57636,1.8249724
PAK5,4.7520413,-2.9347992
ENHO,5.905904,-10.449092
METTL10,3.7676191,-9.176414
PDE4C,1.3243881,-9.610563
FBXO3,2.8209658,11.893085
VIPAS39,6.166051,7.41062
CLVS1,2.1174939,-5.0338387
IQSEC3,4.179844,-2.1288848
FAM192A,-6.3691826,-7.908199
TIMM8A,-3.7850194,-5.4279485
PPIG,9.792889,1.4864502
GRIA2,-0.71777546,5.2899437
ADGRA3,5.210164,1.6639906
SS18L1,-1.450531,-3.957554
SLC8A2,2.3387394,-1.7656443
ABLIM1,-0.36543357,9.83737
ARL4C,5.572893,-1.9187171
CHSY3,15.389241,1.1661371
ELAC2,-2.0495436,2.7497177
ANXA7,10.007723,0.50945914
MKKS,10.756279,2.4644763
NIF3L1,4.7171216,-13.801954
NIPA2,-6.3489976,8.383149
PRLHR,-7.7090006,3.5338714
DOCK9,1.0517176,4.103353
EGLN3,10.008796,0.509381
NAT6,-1.0983334,-9.035072
ZCCHC12,2.3386817,-1.7650086
TGS1,13.113866,-7.4159446
CABYR,-1.5105059,-3.9609725
ZBTB16,1.6399935,7.9947233
CACNG8,4.45941,-1.7274915
GLRX5,-5.996735,2.1534789
CYCS,2.8325632,11.898581
FENDRR,10.816129,4.057424
NT5M,4.3957186,14.944571
SORBS3,6.0441732,0.2975753
LPIN2,14.256863,0.31738088
UNC13C,-6.326116,-0.6781171
SAMD10,-11.746538,3.731175
CNEP1R1,-4.157985,-9.717225
SMARCC2,13.385502,-0.43363854
ZNF608,3.2095513,5.937954
SLC25A20,6.7184834,4.9669356
TEX264,-7.7366943,0.8867742
TRMT2A,3.9555714,15.261619
NHSL2,7.8903766,-6.8947916
KCNK6,-3.6047273,2.8210907
SLC7A2,7.2625294,-0.5225054
TRAPPC9,6.680488,-9.550328
ACADM,9.389034,0.7300806
LRRC49,2.4449115,-4.436058
NLGN4X,-0.7208083,5.28869
EPOR,-0.6164672,7.92037
LDLRAD4,2.6613493,5.287381
CHD8,11.29285,1.5133082
PICK1,4.03416,15.208917
PLSCR4,6.1137085,4.4531374
ABHD13,5.9261355,16.140219
MTBP,7.2328353,2.6588984
SPX,8.933294,0.8837479
UNC119B,-7.7304244,3.9871893
REL,-3.3420355,3.938811
P2RX6,2.045565,9.985683
PCIF1,12.136817,7.2288027
PLEKHA8,3.616623,-13.571351
WDR77,-2.0243378,2.717059
MESDC2,8.592643,2.5166419
KLHDC4,-0.29254597,10.001872
NAGPA,12.887113,8.332681
TTPAL,-2.16611,-2.1182969
COMMD1,9.541385,8.054712
TBC1D7,1.8660029,12.411625
UBA2,4.26912,-4.8417788
STON2,9.685826,0.553497
FLCN,2.6588194,16.93143
GPR68,2.6109483,-4.9001565
GLIPR2,2.323164,5.3512464
CINP,9.330961,8.199335
JMJD1C,4.5881944,-10.690645
BBOF1,-9.148094,1.3168907
TDG,-3.838814,-3.5530674
GPR158,5.052746,-0.5516332
ABCA10,7.9320264,-6.885748
FAM65C,9.50631,-2.0463147
MGAT4B,14.164219,9.05071
RNPEP,-1.1296108,12.156262
ZFAND5,10.042783,-2.827472
STUM,4.362357,1.9283526
GPLD1,-2.185043,-2.0948246
SUFU,15.137386,2.9579425
CD74,1.535105,2.8425403
SMIM19,9.738775,0.5083419
VGLL4,5.406115,1.8962476
EBAG9,5.0268865,11.4044895
KATNB1,-11.744742,3.73166
SELENOP,1.2207305,4.1885004
STUB1,-0.05361181,12.586316
CALCOCO1,7.6903563,10.417839
ARHGEF18,-0.07217258,-14.897495
CAMLG,2.4577925,-4.1021194
CHRNA2,7.219502,16.63149
PCP4L1,1.8727311,-1.159277
FECH,3.1903248,5.901499
TCEAL2,-6.6742887,-1.3819606
PDGFC,5.7013493,4.3101854
DYM,-0.21691562,-9.459764
DHRS4L2,9.025316,8.053012
STK32C,2.7143168,8.015353
MAML1,2.4677896,-4.125551
CCDC151,-6.275874,-6.300387
ME2,15.287287,2.8420172
FAM214A,4.4032655,-11.9950485
B4GALT1,-4.2259994,3.9669254
KIF22,9.770597,11.855133
PSMG1,-5.968047,2.0837517
RFC3,-4.3788276,-7.332353
EXOSC1,9.562331,8.047152
PPP2R3A,-2.0442054,-0.31973496
ALKBH2,8.246441,8.316044
CRTAP,-9.637774,-6.906927
MAFK,-9.765551,-6.8608913
SMIM20,-0.57312834,-7.197549
LCMT2,14.581234,-0.83133334
WDYHV1,-1.1465101,12.159452
DDX5,-3.6935837,-3.7289045
ZNF488,11.86679,4.868526
SS18,1.9774773,-2.661329
SAMD12,-1.6365994,10.2059555
HIGD2A,6.81413,12.613397
DDIT3,4.0503864,-12.957886
SULT1A1,1.4222765,4.2859793
SHROOM1,1.0520859,9.90227
MNAT1,8.2145,8.337919
PLEKHM2,9.887814,1.5928969
THRA,-7.8771963,4.2535453
DCAF6,1.7409294,6.1545568
MKNK1,2.0950794,0.99567914
RND3,9.281321,-4.5059853
SOX18,-7.216783,6.832857
BLZF1,-2.5634573,-0.7962263
DTX1,9.838567,-2.7827196
ZMYM6,-2.433071,5.555833
NCOR2,-1.1675116,12.150268
CDYL2,1.6541013,4.475661
BHMT2,6.2238297,4.6024013
MATR3,3.8369086,-5.476251
KHSRP,-0.066273876,-14.89238
SCX,-11.843778,3.7225673
ZNF365,-5.379248,-4.862241
NCF4,-3.5205424,3.011123
WDR61,-1.1643785,-3.705265
PTGDR2,1.2655917,-9.510821
ST6GALNAC6,0.75824094,6.4625583
CCNJ,-4.772094,9.692113
NPIPB5,3.0688262,14.884719
ANO2,10.176032,-1.2983913
PKNOX2,14.377252,0.45546356
ATAD3B,4.24374,15.060601
ZNF653,-6.152813,-11.131654
CHRNA4,-6.4030313,-0.6612192
NTS,-9.068127,-3.6696696
PPM1E,2.2931354,-5.404024
CBX6,8.50013,5.4057145
HVCN1,6.423465,4.4349046
KHDRBS3,1.5326724,2.9029157
PRKRA,-2.3125658,-0.494781
ANKRD65,11.516769,6.51225
GLI4,9.362231,15.449819
SGCD,-8.909131,8.944611
PIP4K2C,-10.975456,-3.0759878
PRR5,0.77573985,6.4143887
PCDH10,7.4813733,-4.5529213
CCDC74A,-9.149021,1.3164909
METRNL,-0.57696337,7.900465
XKR8,2.7241504,11.852552
TTC27,-4.37978,-7.3338776
NPTX1,-5.6884575,4.2818966
SARAF,-0.4001067,-12.352653
ELAC1,1.2897811,-8.089542
VAPB,-5.4357944,-4.8405337
ANKRD36,0.8077469,1.6002814
NEK9,4.8863306,-0.52428806
RTTN,-1.2890384,6.6785436
RALA,-1.4881122,0.3803813
GSR,-9.82039,3.8328059
ENY2,-5.961368,2.0787067
CNKSR1,3.1808228,15.565682
LIMA1,-9.633596,-1.484841
ZCCHC2,3.6491926,-12.629177
CDCA7,5.7133236,4.3058853
AVPI1,-2.3249612,-8.387778
DNAJC4,-2.2924688,15.1923275
FAH,7.036359,-2.1110697
TCP11L2,-0.100572355,-1.6523868
ZBTB18,9.1132345,-13.554638
JADE1,-1.4853727,4.126844
ANKRD37,3.6740537,-12.67694
PRKAR1A,-2.6779256,10.54716
SLC11A2,4.1497607,-5.1926937
PIP4K2B,-0.8619248,7.9736238
BARD1,-6.826771,2.5918648
AGO1,9.334821,2.488034
ZNF680,13.452806,-0.45437688
C2,2.3615246,2.310011
ABCC4,-3.6286428,2.8198912
IFT122,2.6788356,18.565393
TSR1,11.293958,1.5148754
TMEM220,9.720846,0.52001107
ZNF280B,10.50528,-6.091389
TMC8,-1.3325719,6.4916945
NFIC,-3.5288668,8.938022
TMEM230,-7.6846194,-9.29884
DRAM1,10.423999,4.3798428
MRPL55,0.03476867,13.761616
H2AFJ,8.350905,12.320546
GPBP1L1,4.3483777,-4.2139297
MGC16275,8.555859,2.5340345
CAMK2N1,-9.108261,9.11921
PACRG,-9.149336,1.3164113
PDSS2,-3.9538658,-9.531536
SMARCD3,0.767588,6.38854
PLGRKT,12.260164,7.052576
CDC25B,5.2433734,-12.437301
FMO4,6.4207816,8.663818
ABCD4,3.1297824,15.169342
HNRNPM,6.6526155,12.424298
MAP3K8,-4.2168546,3.9670916
TTC21A,6.8331456,0.55741805
ZNF704,3.9647527,-5.3316646
MED9,13.297582,10.5712805
TMEM136,2.2131982,7.2933264
HIC2,7.245864,-0.021719674
POLR2C,-3.720697,-5.7550473
UBIAD1,-1.7190639,-0.17793533
S1PR3,-7.2658005,7.5721135
B3GALNT2,3.1056201,15.369557
SCG3,5.622479,-1.9710033
CCDC122,-3.8919604,6.251697
CUEDC2,-5.2481256,1.6338017
TONSL,2.2721782,-6.832079
EFHC2,-9.101796,1.3785565
ZNF529,7.4811745,2.5771046
ABHD14B,3.9017644,-7.0802393
ENDOG,19.730919,2.3699358
LRPPRC,-0.55980855,-12.36882
DOLK,8.283065,3.6947234
EEF2KMT,-0.14162852,13.927897
MRPL50,12.443043,6.9214077
FAM222A,0.44404802,9.493179
GMPPA,3.8237977,15.334019
CLVS2,-5.8198905,-1.4342588
HBD,-0.8275754,12.069285
COMMD7,3.8150873,-0.7471874
TXNDC12,3.4962773,9.605537
ZC3H3,5.1784415,-5.9970646
GPD2,6.206693,4.6003327
MACROD1,-2.292198,15.19186
MYL12B,14.244574,-1.5644906
GATA2,8.937709,-0.82448894
NEXN,9.9909,6.1885595
GID8,5.706282,3.6774251
CCDC88B,-3.5617514,2.9115772
TLK2,-5.427834,-4.84803
SPICE1,-0.42892528,9.809461
OSBPL9,0.8281055,1.607098
SLC15A3,-3.8606915,2.3954718
CSNK1E,13.699073,3.7985957
DBT,4.410615,-12.015176
KLHL15,10.155052,5.590626
COMMD5,-2.0005796,-8.68511
NDUFB10,0.4419945,13.591562
CASC2,3.9735794,-9.2934
REXO4,-9.474331,-6.5524015
SBNO1,-0.75663877,-3.9379904
RDH13,-0.04840181,0.8393856
NRF1,-2.9324698,-12.267347
SCAPER,12.119832,1.3441088
ATR,-0.6225503,-12.375071
WHAMM,11.596529,6.2089696
GOLT1B,4.1373215,-7.308286
KCNJ14,-3.9825106,-0.07776604
MCM8,6.5582724,9.214764
RIOX1,7.741261,-5.281522
CANT1,0.5014396,9.289338
PRKAA1,7.382878,-6.8078837
APH1B,2.2124667,7.295135
HILPDA,-6.955709,7.0266705
TNFRSF13C,0.50949705,2.9150329
P3H4,7.714703,3.074296
FUT4,-1.2900178,6.679458
LONRF2,2.1382086,-5.065134
TAF1,6.195004,-6.2663755
COL18A1,11.498881,6.482303
OTULIN,-4.897983,9.344904
FMNL3,-3.9902964,2.961366
TIMM8B,0.42810708,13.588385
RUNX1T1,3.675093,-7.005188
NTHL1,0.17318115,13.780913
APBA2,0.05227075,9.671201
MGAT3,-1.129003,12.131478
GLRX3,3.1229792,11.665128
ZNF784,8.958436,14.305854
NECAB1,-1.5332907,0.22861989
ECE2,0.78202194,6.45277
FLAD1,-7.2660184,-5.8749523
MBLAC2,-1.0480306,-4.4799542
CDC7,9.725871,-4.147862
MXD1,6.3594246,-11.7547655
PHF21A,-3.5489864,8.960759
NEU1,3.9685245,-5.3270597
CXCL2,-7.2053604,6.8495517
SNHG8,7.164218,13.4147625
POLR1D,-5.2547665,15.04918
LPAR2,2.432116,2.8182147
SMIM8,13.225048,4.8407407
ZNF468,-10.916085,-3.130702
STOX2,4.725657,6.7202983
HNRNPA1,7.1049447,14.341871
DCAF16,5.3057446,-11.348819
MEF2A,-4.7676215,9.679538
TENM1,10.658866,-6.418674
TAF12,6.634613,12.4025755
UBL4A,-3.8969848,-3.4816568
RIMS2,-6.088278,-1.253852
TMEM184C,-6.8315525,-3.6212194
CPED1,0.7202382,2.9542866
UBE2L6,-0.7305561,7.651714
KIAA0391,3.6481657,-9.081907
FAM174B,-1.9468428,-8.661958
RND1,12.703805,2.6708686
TRPC4AP,-0.45405465,9.861883
PIK3CD,2.1011846,1.007028
TMIGD3,3.531953,2.7852454
ADAMTS13,9.36236,15.449875
MRPL49,1.845825,7.546307
GALNT16,-11.830767,4.0925665
GINM1,-4.502032,4.512311
PNPT1,5.030137,11.380374
ITGA10,9.563287,-1.9529221
ZNF677,-0.12057372,-1.6420596
TMEM57,-1.5249506,-3.9619925
BRD8,11.580524,0.9517727
GNE,11.628637,5.04769
ERCC1,1.1816419,9.779453
MFSD12,12.142258,4.656956
CLGN,2.5775168,-4.912204
GCN1,10.954937,-10.76399
KIAA1429,5.4402814,-9.488785
XPA,8.562421,2.5270796
PSME2,-4.940892,9.93474
SELENOF,-2.3033552,-0.48587945
ACO2,10.101057,-2.799159
TRMT5,13.114117,-7.4157314
ZNF81,-0.12460087,-1.644479
OSBPL5,-2.0326962,-9.5866165
LRIG3,0.7957706,1.5842505
ZNF486,-2.8438973,-4.906923
SDPR,9.19973,-0.6985593
PHF20,-9.317794,4.0892563
PLEKHA5,7.3476863,-4.5476213
GCH1,2.2713513,-6.8155317
RMND1,2.462756,-4.1306095
CDC23,4.399236,-11.989412
ZNF551,-5.3332577,5.9472528
RTN4RL1,-0.8371926,5.40763
TAF9,-3.726092,-5.2397714
EID2,2.3703127,-4.42094
ZNF169,0.27899858,-5.0056477
PHC1,4.343564,7.074408
RFXANK,1.1490537,5.9646735
ORMDL2,-0.681982,7.4789367
ZNF181,11.578026,0.9846895
ME1,4.605682,1.7591784
ANKRD26,-5.0553236,7.033842
WIPF1,3.988343,-4.1197257
CDH1,1.8820994,5.987863
ICA1,4.1472554,-1.8287623
GCAT,2.415504,8.043942
SOCS7,-0.1710803,-2.2376826
BACH2,1.6964594,4.5799456
STKLD1,2.9270854,4.8845124
NFKBIZ,-7.0704155,6.942983
FXYD7,5.1001267,-3.6212888
TAF1C,5.2437906,-12.435094
ADCY6,7.9678316,-6.9033613
SLC6A8,4.474744,-4.172488
OAT,-0.65938216,-12.390793
NIPAL3,4.7881594,6.6721773
CRY1,3.4191613,9.616964
CNTROB,4.1698346,15.112678
MIER2,-6.092404,-11.0777235
PERP,9.709999,-0.7978979
ARC,-7.3747015,6.685364
ZFHX2,-1.999534,-8.618849
FAHD2B,7.2293453,12.940624
HES5,11.375337,-10.780185
CLN3,-6.000532,-3.8465936
PSMB2,3.1249905,11.662494
TAB1,6.770424,-5.6502986
SCO1,9.22791,9.908703
CHCHD4,2.8912346,11.937528
SNX30,4.163448,-5.204382
TBL1X,5.758797,3.611658
BRE,8.469189,-4.5337086
AP4E1,7.326082,-5.151992
FBXL5,-5.356073,-9.937285
NBPF1,0.96487945,8.793279
CAPN15,10.379256,-1.27587
YIF1A,-0.65283954,7.4577694
TMEM101,-7.7219076,0.87507826
NALCN,-0.95156264,9.963113
GAS2,4.2226524,7.20185
APOBEC3G,-3.9764278,2.9588945
HSPA14,4.1272154,-7.300453
FAM19A2,10.507118,-6.092559
NUDT21,-0.6270075,-12.385077
CCDC77,5.0315666,11.378685
NDUFAF6,13.71891,3.7843573
POLE4,0.5904854,13.4522505
PRKCDBP,2.467823,-8.991669
SLC33A1,-2.1654947,-3.3626642
IDE,3.5782626,9.486594
SLC39A11,6.1696854,0.9221918
CACNG7,-1.0233727,-9.099692
CCL5,11.415941,6.3800926
ZNF574,5.29858,-11.338761
ZEB1,1.6320642,-9.461771
ZFAND3,6.650298,4.870806
WDR31,4.7436466,0.60098654
SLC35F1,0.029274777,4.6249905
ARSD,13.12321,10.72211
MNS1,3.9135144,0.7907423
GAB2,9.131527,3.2915926
EML4,-3.6527178,3.845061
DIO2,5.9055476,-10.451959
PRICKLE3,10.353235,4.0338554
SNHG15,9.280525,-4.5151258
TMCO6,-9.312298,4.052755
NTNG2,-1.0783346,-8.985565
FRRS1L,2.70792,-4.9781547
WBP1L,7.2895584,-0.41876993
TSPY26P,-7.7023644,3.4484663
ARPIN,8.551443,2.5161061
IFNAR1,-2.596681,0.5692191
ARMCX2,1.1542467,-4.808641
FAM149B1,11.620678,1.3627666
PGBD1,2.8628488,15.852029
NRG1,2.2541435,-1.7640256
FXYD6,10.893196,9.7059145
ACOT2,5.895107,4.118395
AFAP1L1,9.792989,-0.80801517
ELAVL4,2.1430387,-2.2545764
LUC7L3,7.3043203,10.2260065
FAM127C,-0.6398634,1.5548444
SNX1,4.0030627,-4.1147056
KPNA4,4.6753483,0.47513074
RPL7L1,15.645395,-6.5499063
UCN,3.1473303,15.530161
MMD2,8.89067,0.88953686
FLT4,10.436419,-1.1291392
FOLR2,3.683571,2.917117
FASTKD3,0.8725175,1.6200402
RFC5,5.7004175,3.5292063
NHLH2,-0.8080596,12.061649
EHHADH,5.6680994,3.5851874
C4A,12.795486,-5.504826
THRB,-7.7407055,3.2081285
AIG1,-2.5534704,-0.78766847
LRRN1,-0.7171644,5.3127465
POU2AF1,2.769168,5.133818
SF3A1,12.740336,-2.2982042
CLMP,5.075368,-0.57622623
EFNB2,9.805144,-0.8206906
PHACTR1,-5.8125257,4.4021463
HBS1L,4.786731,6.681666
SUPT4H1,-6.0599694,2.2116556
GPR137C,1.8250173,11.518516
ZNF419,-2.2065213,-12.341392
DPF1,5.079343,-3.5801914
CSDC2,0.8280524,6.5196333
KRAS,-11.473639,3.503226
WIZ,-4.1989017,14.061285
RING1,3.1712897,15.554343
CAMKK1,-2.1694725,-2.1005564
HHLA3,6.8237844,12.625685
RASSF8,6.186693,-6.274767
DNALI1,4.033651,0.84894943
LY6E,11.298262,14.774195
FAM84B,4.56699,-10.899254
AEN,5.1664257,-5.98359
GSTO1,8.654182,8.058819
ZNF592,1.5742046,4.9016643
LGMN,12.63569,-1.9405634
CC2D1A,7.5070252,-5.142744
PALM3,14.787018,4.5890493
TMEM5,2.5004952,-6.7049217
ENAH,4.3278723,-9.512628
LIG1,2.4422398,16.332165
CLCN3,-2.680676,10.5470705
FAM135B,-5.8329496,-1.4255171
BOD1L1,4.424006,-9.660307
NXT2,4.65488,-9.8695545
SLC25A19,9.792254,-4.0937133
GSTM3,5.4005575,-3.9829657
COMMD9,2.7383158,8.006687
PLEKHM1,10.211353,5.535004
SLC36A4,-1.4485116,-3.954326
BGLAP,-4.4476194,-4.5848527
ZNF547,0.17861693,-5.0573997
PLXNA2,5.1556497,-5.9646564
CBX4,-0.06389434,-14.88775
ARL15,9.638716,-0.7869274
TMCC3,4.794871,6.6749916
SCN4B,-11.8235855,4.0764184
KIAA1549L,4.1899147,-2.7175744
DDX58,11.293027,14.780974
APBB2,3.987713,-4.1439323
MCAM,2.4572363,-9.001966
ZNF418,-6.1870956,8.533965
PINK1,13.379617,-0.4317493
RWDD4,6.032093,-1.2679192
ZNHIT3,-1.3937008,13.4969635
COG2,1.2875763,-8.083749
MAML2,5.3799434,4.266747
TMEM204,9.582134,-0.7311453
OPA3,2.5868104,-6.709595
TRIM67,-0.32604322,5.0010104
PPP1CA,17.014112,2.6727886
SNF8,0.68032837,13.493084
SLC26A10,-9.807424,3.8399012
CDAN1,5.5770564,3.3390062
GAL3ST3,5.245957,-1.5519987
MAD1L1,0.057308447,9.65832
SLC39A13,14.174876,9.061254
MTCH1,-2.2262714,-8.154695
ZFYVE1,10.097634,-2.8463554
MAPK12,-1.4566981,0.35124567
MIA3,0.48183247,-4.9067216
SCAI,1.4998608,-4.5485306
RSL1D1,6.909821,14.6958065
VPS13B,-6.793227,-3.6800482
CTNND1,9.232918,9.9151745
CYB561A3,-9.305992,4.074811
FBXO25,5.6888003,7.9809976
DYRK1A,0.4506633,-4.918551
WNK2,-0.04022129,0.80511224
TRAF1,-5.1157722,14.905018
SH2D4A,-1.2919812,-8.973655
LGR5,-1.6843477,0.014614329
FNDC3A,-3.0480583,5.7802553
CGREF1,1.9743471,9.906631
UBE4A,-0.051465753,-2.1799579
NHS,2.331174,-1.7658283
FAM155A,4.0990787,-1.8294777
POLM,13.532689,3.8968105
ZBED4,3.611526,-13.57359
BTD,-0.17551428,-14.989833
ZNF772,5.1500297,4.317804
CCDC96,-0.3596853,1.2450755
GLTP,0.88539726,8.89773
ACOX1,4.606716,3.5588672
FAM212B,8.831471,0.904511
BAG4,2.5943108,-4.86903
ANAPC16,2.0454922,9.98424
RPUSD4,-1.1479046,12.160906
SRSF5,7.6184196,10.356227
RYK,4.564515,-10.900208
SCML1,-3.8900175,-3.4933114
HERC3,1.3018857,-6.105342
SETMAR,3.8780794,-0.70943093
ZNF316,-9.821065,-6.9019256
KIAA0753,-6.273537,-6.3016243
NUDCD1,0.14057802,-1.9867058
ST8SIA6,5.289931,17.74706
TMEM98,11.640169,7.155585
PTPRU,6.934193,-9.2156725
CIART,2.6981142,18.543549
KATNAL1,-5.414294,-4.8480983
GLA,-5.2523923,15.046591
COL7A1,-2.0277092,-9.58618
AIP,9.21477,8.528254
HMCES,7.417826,-5.120007
RGS12,2.2497218,1.2242912
UIMC1,-4.839085,9.408301
RCSD1,2.4141343,1.9211206
CACFD1,0.40263936,9.109473
DIS3L,0.5547305,-2.1375074
INTS10,10.648406,-6.4073606
PRODH,13.119368,10.725255
CRLF3,-1.3118087,6.5164566
UPF2,6.654052,-9.3271
ISCA2,-3.7336771,-6.0469604
MSI1,13.043843,10.792119
SOWAHA,-11.650536,-1.902259
VIPR2,-1.609061,4.4328074
SDHAF4,-4.8720384,0.8106301
ACAD10,17.183449,2.873279
CLCN5,-0.12010739,-12.400002
ZNF826P,3.7522047,5.963389
KAZN,-1.5390692,10.17395
CTSS,2.2678766,2.3158202
CPSF7,13.22697,4.8422394
DLG3,2.5882916,-4.8847494
ZCRB1,8.648685,2.5632305
CAPN3,2.9193373,4.906325
DNAJC11,7.602836,-4.692228
KIAA1755,3.1530168,14.971693
HDAC1,7.790232,-6.868162
TICAM1,9.3036375,-4.465653
LMO7,-8.088882,4.5640726
SRPRB,15.833802,-6.7316217
PCDH12,8.904313,-0.8586009
ZBTB39,9.113674,-13.555325
ZNF483,4.942774,-9.669492
SEPHS1,4.0370555,-9.333206
ZNF641,-7.5199313,3.3884113
NCF1,2.4145908,2.1113486
NPNT,-2.1801026,2.9334202
CCDC50,10.849704,3.987847
RPL24,7.172801,13.259349
ASIC4,-0.7348507,5.3485622
FBXO5,-4.9007845,9.340602
TMEM255A,-6.736947,-0.41566598
MAGOH,4.5693235,-12.386334
KCNE4,-7.188837,6.884065
MICAL3,3.0824625,4.663018
CREG2,2.1788213,-5.0725307
MTX3,-0.5513504,-12.354896
GALC,-2.3074574,-0.56849873
SAMM50,-3.724634,-5.729177
ZNF787,-6.0748706,-11.058428
ETS1,9.883442,6.4101157
SH3BGRL2,-0.97725165,-3.9237304
SUPT5H,6.6549106,12.427203
YPEL4,5.273267,4.277736
NDUFC2,-3.867771,-4.9955583
XK,-11.81179,3.8590157
MEIS1,7.3028126,10.221076
IFI35,12.464161,-1.721884
DTYMK,6.6827593,12.452221
CRTC1,7.4617014,-5.154842
ANKRD17,-2.9121232,4.676762
SMC2,16.926054,2.564463
LYPD5,-0.63863885,-3.8669808
SLC43A3,-1.2741995,7.832603
ACOT13,-0.27412003,-12.1031275
PEX6,10.824726,-9.868997
CEACAM21,-6.3529367,-0.7402084
TMTC1,3.0487037,4.638019
PGAM5,-3.6151881,-4.57839
SLC19A3,9.113612,-13.555297
CCDC167,0.9059245,13.951202
RNF152,14.789075,4.5917087
MTMR1,6.1775155,4.606636
NOL12,-5.990829,-3.8557162
NMRAL1,9.801691,11.899558
HOGA1,15.140364,2.9557886
CAPN13,7.7315598,2.218077
HSPA13,-0.3121594,-12.12316
PUS3,6.1693053,-3.7446072
ENTPD1,3.6843064,2.920817
ZBTB1,-2.7586496,5.280557
TBC1D22B,8.25605,5.279078
SNX33,6.6657987,5.5383425
NKAIN4,-0.5276822,-7.1194963
GRWD1,-2.0129507,-8.680934
LAGE3,-5.259122,1.6748497
LMBR1L,-7.4237285,-5.7367268
FAM131A,7.5065956,-5.1486034
TNFSF10,9.12089,-0.7397405
CYGB,3.170521,-2.0599217
AASS,6.936089,2.1027417
PKD2,6.4847503,9.029564
CPPED1,7.484208,2.5379472
AKT3,1.2382741,-10.960062
NNMT,-1.6797966,7.752752
KLF6,-7.224501,6.8308725
FBXO30,5.5733323,3.548112
AK3,5.9132767,4.0353703
ADAM22,-0.6392759,-3.8668003
BCAR1,1.0529118,9.899682
SLC7A11,4.5792522,3.535408
TNFSF13B,2.6178324,2.7671518
LANCL1,-1.2333124,0.5341381
CYTL1,0.5183405,2.9187658
SMIM10L1,7.8022003,2.930586
SLC16A14,3.6461427,-7.005793
NOS1AP,1.9688241,12.291453
SND1,10.112991,-2.7904105
FOXJ2,2.4757063,-4.123435
MEGF9,5.182396,4.3416
KLHL42,-0.9348392,9.957594
HNRNPH2,15.64562,-6.5504208
TENM3,-2.1548004,-2.087296
RNF19B,6.1390524,-3.6965694
SLC6A15,2.0078306,11.781598
NIPAL4,0.596403,9.276829
NOL4,10.66027,10.48979
RGS1,2.3496401,1.6257039
MESDC1,-0.15250863,-14.9756155
SOD1,1.6048974,-4.837469
MECR,7.218004,-5.246529
MYO9A,-2.908444,4.6924314
FAM45A,7.982576,2.6551847
SYNC,13.385924,-0.43473306
FYCO1,2.462067,-4.185532
PIGP,3.8827786,-5.4268303
SKI,10.351978,4.0344
OPLAH,6.686092,5.1718864
RASA4CP,-1.009231,-9.119155
OLFM2,-3.9677715,-0.07683203
SREK1,-3.6903238,-3.7306461
WDCP,3.6283169,-13.557067
IGSF9B,0.14585209,0.47668666
SETD3,11.517687,1.3779186
ALDH16A1,-5.9734335,-3.872085
MON1B,8.566737,2.5288835
FMO5,4.3954115,-4.1982036
KCNJ5,-6.1252494,0.85809934
TTC39B,-2.0717301,-2.1316392
SLC44A5,0.033923637,4.61711
SAYSD1,6.663939,12.433347
ZNF263,-1.9371066,9.005767
STK11,-0.14118902,13.0993805
BEX2,-5.973353,-1.4175895
TAL1,2.1062474,1.0151135
PALD1,2.1082227,1.044205
HIC1,9.418934,-2.172344
PMM1,-0.28747982,-12.088135
USF3,14.217862,-0.75487053
EMX2OS,5.395943,4.658888
DPF3,-1.9116247,-0.2952331
PLN,2.464239,-8.995233
LMAN2L,5.583863,3.4063628
WDR74,-3.4725175,-4.4266033
CISD2,3.150357,11.681186
CHCHD10,-5.352196,1.6373543
RPL41,7.1634545,13.423463
SYNPR,5.2077026,-3.7271307
AK2,-2.1682014,-2.0886602
TCFL5,9.222734,3.4046516
RSPO4,7.40795,-9.247695
WDR43,5.219217,-9.475016
DMRT2,9.986516,8.021859
ESF1,9.029685,2.6975198
ZNF277,-6.8282967,2.5907032
CCNB3,2.77973,5.096131
GDPD1,2.1139433,-4.359666
TMEM178A,5.099372,-0.61495644
SPTB,2.057671,-2.5383701
CCDC28A,-0.05441773,-12.421737
SLC6A7,10.896873,9.705858
NETO2,2.3049424,-5.472582
MUS81,3.8064907,15.341648
NAF1,12.257099,7.05209
ADO,-1.4587107,0.34728014
RAB33A,12.00542,4.7575855
FXR2,8.712121,-7.3631206
TMEM214,17.260565,2.96298
NCL,8.479021,3.6643844
ARVCF,0.80347,6.4821796
DMWD,2.3326263,-6.774626
SLC7A1,8.937631,-0.82527685
RAB40B,3.9131446,-5.3871703
HMGXB3,8.410403,6.2743254
MED10,1.8599389,12.427894
ZC3H7A,4.3946815,-9.55571
SKA2,11.488011,1.4011191
CSF1,12.172049,7.1989093
CD226,1.4214168,2.8445618
STYK1,2.1480784,-4.9678216
VPS37C,6.6741414,12.442318
DDX54,-0.6644598,7.480627
NFASC,-0.5241121,9.852449
STK38L,6.0469832,4.3527455
ZBTB6,4.559878,-10.864522
MBOAT2,12.541329,-0.26731583
OLFML2B,-3.6078084,2.8450675
TLR4,5.5184245,4.0492287
ZFAND1,9.598819,-8.176535
WDHD1,1.2783347,-8.070314
FAM89B,-1.9720836,-9.523414
TGFBI,-3.7973616,3.8395367
LRWD1,8.494232,6.1892395
PTRH1,0.75000083,6.454423
TUBB4B,5.012396,-1.3293707
ROM1,2.4399018,-4.755013
AAAS,2.85449,15.812717
B3GALT2,13.296202,-4.7482667
ZDHHC3,11.380184,-10.776511
EIF2D,4.98772,-1.3511236
ZNF711,-7.269013,-5.860549
PSD3,15.992968,5.7007318
RAB20,9.718047,-4.8793917
SPRED3,7.7359834,-5.2838063
DYNLL1,5.933581,-11.641861
TMEM129,6.684248,5.1547265
VPS37B,-2.2416327,-10.902347
ME3,-2.1221454,-2.1365921
MPC1,-2.0778618,1.6577226
MORN1,6.968747,0.37179968
NAA40,3.4675627,2.6234794
PLEKHA4,-4.7544565,9.428529
TWSG1,6.0391927,16.014862
MAPK1IP1L,7.323294,-0.71803206
GLTSCR1L,1.2314383,7.8476124
PHF21B,13.043838,10.792653
ACTR5,3.2098563,15.058553
PLXNB2,13.045396,10.78987
NBL1,0.8570352,6.548374
ACTR2,9.699012,-8.272186
CRK,0.15019773,-1.997613
EIF1B,3.5417361,11.8376255
PPIP5K1,2.4672287,11.907557
P3H3,4.1461453,-1.82827
TCN2,9.854641,-0.85234296
ATG13,2.0815885,5.756932
AKTIP,-7.676169,-9.309041
FAM13C,4.0016685,-4.121394
VPS13D,-7.6039295,-5.647673
ODC1,6.5269465,4.1533036
LIN37,-6.1856017,-11.162623
SMIM7,-2.1174505,1.6232358
OSBPL11,-7.855724,4.1813626
SAP30L,9.218441,3.0665581
DDX25,-0.45750514,1.3479115
POLR3G,4.802021,6.6684527
IFT80,6.1317506,8.192306
B3GAT1,0.922126,8.859037
CPNE6,-2.2010264,-2.128119
GLB1L2,2.4251807,-4.8022175
CD276,-2.0667534,2.755336
PDCD10,8.20672,8.344799
RNF165,0.07144645,4.570428
PRKX,5.8014064,3.6026716
AHCY,-7.6909847,0.8474611
KEL,9.242132,3.4579983
MYBBP1A,-3.4337626,-4.3676047
ANXA4,8.577443,2.5414863
U2AF1L4,-3.4400697,-13.153233
STX1A,4.339205,-1.0185759
NPTXR,-9.281362,-0.07739583
FAM181B,6.6602907,4.9799395
RAP1GAP,4.115515,-0.85206485
CLDN10,7.0467424,-2.089321
VARS,-6.96502,-5.9716587
MNT,7.444318,-5.1368766
LAYN,-1.8731039,-0.33709037
FAM46A,-3.2433162,14.187472
ZNF710,13.377054,-0.4362464
MTO1,4.6170363,-13.68674
IFI27L2,9.137987,8.045577
C1QTNF3,-3.5785723,8.988612
LACTB,-4.7339945,9.602582
TWF2,-9.802808,3.8464434
DBNDD1,5.414799,-1.476769
GSTA4,10.352246,4.040614
TYMS,1.8663574,6.005266
PIK3R2,-6.276305,-6.300198
PDDC1,14.198619,0.2529874
TNFRSF10B,-1.8331139,7.6686506
DCAF13,-4.35473,-7.3246055
GGCX,-2.1852162,-3.3653092
NWD1,8.8401375,0.88568294
CREB5,1.9744881,5.8788147
TRIM16,4.404724,-12.224569
POPDC3,-7.6797705,-9.305274
BRSK1,5.909919,-1.3055218
CARF,7.489246,2.5428178
ERGIC1,3.027935,4.606514
MMS19,2.7190874,8.636831
GPRIN3,-5.963365,-1.686293
NIPSNAP3B,-0.30880976,-12.125579
USPL1,3.2607844,-12.449528
HACD4,1.3194612,2.853288
ABCF1,14.152157,-3.8366027
ANKRD24,7.2418313,16.665955
DYNC1I2,-1.5451801,-0.09301708
TLCD2,-1.940368,7.596924
PRSS23,9.761585,-0.7058824
CDPF1,2.2426777,5.484577
AARSD1,8.613822,5.7453113
ZNF350,-3.5512235,8.9608345
SIGMAR1,-2.3443751,-2.2350988
ZFC3H1,-2.7561905,5.2756977
MT1A,9.325629,-4.564595
FZD9,-1.0884036,4.197102
PRDM2,4.1533813,-5.06606
HAPLN2,11.514946,6.493854
FGF17,-1.9069358,-9.524344
NKD1,4.1796474,-4.9770527
RAB9A,-4.3831015,-7.3387403
TMOD1,3.6520236,-9.081641
ICMT,2.6643264,-6.6895943
TBL1XR1,6.46927,-5.9626703
ORC2,-5.675298,7.8341904
GTF3C1,6.7741194,-6.5762377
CNOT4,2.729105,-12.176205
METTL1,-4.86505,-12.009496
DNAH17,0.7591554,9.087712
IFI27,9.976152,-1.5856415
SNCA,2.022916,12.233641
ZNF681,16.241016,-3.1443748
TMEM261,0.6614723,13.451414
CCNG2,12.548276,-0.26869223
SETD5,-0.51316917,-1.3885661
TIMM10B,-1.097431,12.142629
SUSD2,2.46574,-8.994108
TOM1L1,4.7139816,0.55435884
PHOSPHO1,2.2432804,-6.848479
TRMT11,-9.619691,-1.4703625
DIDO1,-2.25826,5.0266976
HENMT1,1.9111152,12.37148
CCDC115,10.758838,2.466582
CLDN11,1.7282069,4.6515026
RDH14,1.8607118,12.416509
TYW1,5.032037,11.376893
UBE2D1,15.290475,2.8401723
STARD10,-6.1537437,-11.132877
KIF2A,1.884476,12.414795
LY6G5B,7.283993,10.219902
KLF13,1.6777277,4.58914
LYSMD2,8.494511,-7.064486
CD200,1.6109592,-4.8279996
LPCAT3,-0.38144952,-1.5122662
CDR2,-0.5870999,-3.8454883
KDR,9.740998,-0.720074
PLA2G4A,-3.8851829,2.3135278
PPP2R2D,-9.340119,-0.031700816
SIGLEC8,0.7218226,2.9508095
ZNF738,-6.0638537,8.307887
PLEKHH3,2.4609609,8.215445
RCCD1,7.2825027,2.3077283
PRIM2,3.3451083,6.4942675
NIPA1,7.5784736,1.8895694
KLRC2,11.420038,6.3849707
ORMDL3,-0.55613476,-7.1717744
GABRQ,-9.184648,-3.739026
GEMIN7,3.8126338,-0.7455638
CLASRP,11.496469,6.479148
MTUS1,-3.037632,5.5667152
RECQL4,-6.558498,-6.1402655
WDR75,7.479812,10.325777
TXNRD1,3.0500813,4.6329436
GRAMD1A,2.3346775,-6.8011117
PRIMA1,0.40646917,9.447555
KLHL5,9.320264,2.442739
ACTN1,-7.275148,7.5843544
NLN,12.30264,1.3779361
NCOA1,-7.977245,4.323527
NELL2,10.670533,-6.4324574
RBM23,5.300418,-11.346962
CRB2,15.745427,7.8019934
MAD2L1BP,2.6439428,-12.15706
TRAF4,8.7365265,-6.856614
PAPOLG,3.3284132,-12.482316
ATXN2,3.11324,3.0332773
BRF1,-0.029417185,9.706825
DLEU7,-5.965893,-1.7217907
CIAO1,12.789397,-2.37143
KAT14,-6.3318663,-7.9421
ASPHD2,7.091335,-9.180893
KIRREL3,3.1182325,4.6390247
FAM175B,10.040955,-3.0474265
HEATR5A,3.3865728,6.3651104
CSPG4,-1.9824814,4.6405125
CTDSPL,5.483538,3.780867
TOMM20,6.635312,5.5961423
PIGH,-3.1669858,-6.5466995
SLC7A5,6.6138916,0.7007713
RAD51D,1.207936,-13.031766
PEG10,-5.8616214,-1.4412948
SLITRK1,-1.5396897,10.172947
MKLN1,1.6281843,7.9167423
CCDC112,6.1709294,7.4072847
GRIA3,5.1966004,17.652536
KDM3B,12.546645,-0.26853436
DRG1,-0.7607174,-9.230333
BAG2,5.919576,-11.633356
HYAL1,9.93172,-1.6310017
TM9SF1,12.627503,-1.925396
AKAP17A,3.1878526,15.150918
B4GAT1,-11.854327,3.2969487
AKR7A3,5.7814193,11.539533
BPTF,7.9777155,2.6530926
MPZL2,-1.673801,7.7443433
TLR1,-3.5005374,3.962298
ATP6V1G2,2.2521727,-5.349135
SUPV3L1,8.227509,-4.483986
UFM1,11.266133,1.4639808
CYP4F11,7.1194425,-2.1942751
ZNF185,7.0804253,14.346347
ANXA2,-1.2703967,7.850986
TAPBP,5.6047034,10.378049
MSL3,17.20915,-4.169502
PCDH8,15.396224,1.1758771
SLC12A6,-2.2240531,-0.36375904
UBB,5.329647,-11.369166
CHRAC1,7.4702897,-4.5935225
COL16A1,10.61941,8.385976
SYF2,6.909359,14.70349
MMS22L,-5.6465235,7.79714
FBXL6,2.4429991,16.335243
NOLC1,5.2436724,-9.285346
SIK2,-7.476516,-5.7111354
MAPT,7.3909454,-9.28213
PRR11,-9.330115,-0.03700636
KLHL36,10.263118,5.312269
CKS1B,4.273011,7.1192937
DENR,8.964461,-7.6763735
BBS5,6.999125,0.34127498
ALG1,-3.782784,-5.4262366
TOB2,1.6328934,7.982318
WASHC3,2.7532413,-6.835871
RSAD1,-5.9707384,-3.8742285
FAM200A,-2.8947647,-4.84944
CAPS,-2.1472018,-2.1054175
AVEN,0.96123433,8.789758
RTCA,3.7566328,-6.945793
ANKFY1,5.6991963,3.5320258
TPST2,7.715333,3.0714796
TMEM50B,10.039947,-3.0448174
MTHFR,-2.0244138,-9.579402
ZNF174,-0.1754961,-14.989648
EPHB6,0.7801545,6.4498544
TMEM223,7.138791,-5.313888
PTPRC,2.6420338,2.749603
WDR45,10.056589,-2.825017
MLH1,-1.9868102,11.06018
ZNF708,-1.7160509,-0.116793714
EGLN1,12.545449,-0.26890925
PLB1,-3.5794811,2.909773
ABCA8,4.04237,-4.207322
PPP2CB,4.619189,-9.666716
SFXN1,9.339784,-7.85201
TTN,2.2566693,-9.362791
IFIH1,11.323094,14.753478
ETAA1,4.563309,-10.852035
ZNF92,4.006101,5.815872
MAK16,-1.666495,0.18744384
LYVE1,4.569478,8.83397
BAX,-3.6079364,2.7253861
PVALB,1.8854325,-1.160243
LY96,-0.84487385,-10.652645
TSEN54,1.160045,9.7818
MGST3,-1.4566774,13.455597
WDR33,7.477568,10.327782
SYNM,7.328307,-4.6419272
PDXDC2P,-0.4096726,-1.4850906
PDLIM7,14.772295,6.5693603
DFFB,7.6517744,10.382284
LXN,7.481454,-4.5664005
AFG3L2,15.669237,-6.5730176
CTSV,2.7634308,5.1256576
CCDC180,7.499706,0.4515713
TMEM8B,2.5605888,8.041392
TENM2,-0.04745266,0.81307745
PCDHB10,-9.073543,9.08607
MAN1A2,-3.1457705,5.6601954
ADAMTS4,1.4184732,4.2587113
TAF4,4.3458843,-4.2102633
ZNF300,-5.4882445,7.610107
HTR5A,4.0886354,-2.476019
ARAF,1.7984068,7.6244555
POLR3GL,2.731446,-6.802583
CLPTM1L,6.7103076,-9.2443
MAP3K3,10.360303,4.0553994
GNS,12.658277,-1.9998022
PACS1,3.8857968,-4.2983203
MOSPD3,-8.209686,4.7624254
TCTEX1D1,7.347342,0.43421012
CNKSR3,1.309871,4.242799
CNOT7,0.461232,-4.9173074
GDA,-5.8135943,4.396005
TP53RK,6.13985,-3.71137
HLX,-4.895982,9.871416
ZNF429,8.21821,2.6051817
DEAF1,5.441615,-1.4141141
BATF2,-4.7775064,9.699738
PARG,3.7517784,-6.9399304
R3HDM1,1.9322796,11.785393
TXNDC11,5.525415,10.303431
CIAPIN1,8.593929,5.7912383
CDC5L,-4.381675,-7.3370175
DNAJB9,-0.1756085,-9.472336
FAM66C,-9.761005,-6.862032
RPL39,7.1695538,13.396254
TMPRSS3,7.096911,-2.172682
SRBD1,14.470148,-0.7892215
ZNF76,8.956019,14.308632
MTRR,4.264239,7.148955
ZNF341,3.8679464,15.311803
CPOX,6.2179737,7.339779
TUBA1A,-0.21611226,9.831553
PLA2G12A,-6.309486,-7.9568453
FJX1,-2.0672102,2.7682135
FAM129B,12.460111,-1.7180941
PIGW,-5.346704,15.140862
SETD7,11.879729,1.363839
S100PBP,7.549675,10.417866
GALNT7,-1.5055037,-0.04781326
SOX15,7.1191072,0.15185346
ATF4,-1.6557683,10.910534
HARBI1,-1.6881226,-0.14082073
ABR,0.8487884,6.5527577
HHIP,6.149165,8.02808
VASP,-1.4025698,7.819845
SOX4,-1.3055035,4.3578625
HOOK1,10.662028,-6.4221935
MPLKIP,4.2637787,7.1118407
FBXO21,-4.8364434,11.445909
VAC14,-2.0114472,-8.660538
EPC2,4.58791,-10.704057
VPS13A,3.9228418,-7.1134906
RHBDF1,4.60664,3.5589464
CCNF,7.033088,-9.205568
OGFOD3,2.6461604,18.591385
HNMT,-2.2572298,-8.187424
FLT3LG,13.716055,3.7874312
FZD5,3.753886,9.2870455
ZNF662,-4.71721,6.159957
ALAS1,-4.857317,-12.002307
RARRES2,7.041677,-2.0958703
CDC14B,3.256134,5.925148
VIM,-1.0922717,7.8864627
PHB2,7.2259436,14.292417
SCD,7.6527486,2.4605386
NDN,-11.781939,3.4553878
TMEM138,-4.1471295,2.8885467
GLCE,6.529084,4.9127717
OSTC,-2.0981886,-3.3565075
DOT1L,7.441821,10.61699
BRAP,12.613613,-2.578785
WBSCR17,2.07678,-1.9340788
ID3,-1.1120496,7.8910775
SSSCA1,-0.11791602,13.837079
DHX40,-2.7487924,5.226634
RIOK1,-5.136325,1.2294627
TECTA,-4.845077,9.401219
DPY19L2,14.367063,0.4502437
PABPC1L,0.28845656,2.8078318
TNFRSF10A,9.255596,-4.5291185
R3HCC1L,-9.32882,4.075383
HIST1H2BD,-1.84787,11.019844
HAT1,12.927633,8.360722
CNTFR,-0.08455224,-6.964208
RTF1,14.625434,-0.86149466
LZTS1,1.822427,-9.407396
ACOX2,6.9780188,-2.0346088
MCFD2,-0.34812143,-12.099661
VWC2L,-6.0425076,-1.3610294
PARK2,-6.4985623,11.553387
CIITA,2.2435865,1.3076441
PEX11A,8.808529,0.9542625
PPP6R3,-3.7445283,6.0493946
DPM3,0.8279254,13.8710785
IL6R,10.31336,4.550027
CASK,4.055089,1.8089533
PRKAB1,1.6113186,7.641022
GLTSCR1,3.9791677,15.238056
SETD1B,14.0699215,8.971814
MDM2,-3.7858677,6.154494
PHF14,7.817041,2.9305556
ISG15,11.298622,14.774706
HOMER3,10.551002,8.432275
WDR34,-7.6340895,-9.358556
TVP23A,9.188552,-7.812126
IFFO1,6.894043,14.721767
TTC39A,2.1987102,-1.756223
MPHOSPH9,-0.10549758,-2.1652882
TRIM7,-11.8306675,4.1003256
SLC38A5,9.1252365,-0.73867095
HSD11B1,-11.660768,-1.91241
TTC38,13.525512,3.9037294
DVL2,1.5490104,6.4057994
IKBIP,-4.7351294,9.479525
CCDC82,-4.333672,6.3368306
MRVI1,-7.831088,4.133944
TFEC,3.5237577,2.8579874
PCOLCE2,-1.2882361,4.475455
BLVRA,-3.7566,-5.5174017
CRIM1,10.899583,3.9463553
WWC1,-7.581738,3.5747218
SAPCD2,10.623715,8.3790455
SUPT16H,-2.9083335,4.694939
AKT1S1,-2.2923658,15.191222
MTHFD2L,12.181684,1.3510801
HDHD3,10.030567,-2.8438663
HERC2,0.94820917,-4.6692147
INO80E,9.236444,8.474103
CSF3R,-3.6862814,3.7542894
NIN,-2.70896,5.1794596
KLHL29,5.4044237,-1.4827594
HSPB7,2.207353,-9.28516
KANSL2,-4.895579,9.348397
UPF3A,8.61811,3.3063445
ARSF,-3.9795823,-0.07463525
TPBG,1.1186851,-4.783986
MSH2,-1.0781181,-3.7795434
S100A4,-0.8459237,-10.653163
SNHG9,1.2846129,-6.12275
IFITM3,-1.5438577,7.78823
PUM2,-2.9049578,10.683012
PPT2,-6.3779373,-2.8772461
TLL2,-1.4112672,0.4029042
TCAF1,3.9611816,-7.150882
MAP3K20,-0.39551458,-6.47868
CDH4,-9.17898,-3.7342718
PGD,15.3543215,2.786353
ATG12,6.218947,7.34593
XIAP,1.3690575,-4.486223
TMA7,7.13781,13.088194
SNN,8.811174,0.9498862
ACO1,2.698964,18.54409
MID1,-7.6440654,3.8546758
ADPGK,2.2288613,1.1884862
RCOR1,-6.7883325,-3.6800435
UHRF2,7.2624903,-5.207594
NTAN1,0.65865403,13.33881
AES,-0.5646562,13.126109
SYTL5,-9.185145,-3.7374477
MYSM1,-4.9935308,6.9784536
PHYKPL,-6.001214,-3.8455486
MS4A4A,4.56656,8.832882
SDHAF3,1.5698509,2.2728033
PHKG1,7.031783,-2.1146808
PLCD4,2.6800764,18.563942
SSTR1,8.988398,-7.7059827
SLC7A7,3.4107013,2.753313
TTC39C,-0.44509432,1.3347465
CNPPD1,-2.1140032,1.6212975
MPHOSPH10,4.2731557,7.133839
ZNF761,7.700256,10.422953
GANC,-2.0552075,-0.3932795
SYNPO2,2.2122982,-9.236465
ASB8,-1.0908543,-2.4864755
SLC4A8,15.992477,5.698004
TMEM235,2.6718295,4.9313664
F2RL2,-0.11822938,-7.0031266
TMEM179B,3.7966971,9.225349
DCAF1,0.15418379,-2.0175226
GTF2E2,4.5281854,-12.348018
DHRS9,-6.1729393,0.8320805
MECOM,9.701361,-0.8038776
IP6K2,2.444428,16.2129
MARCH9,8.604851,2.50309
ABLIM2,8.533219,5.411071
SDR16C5,2.2029479,-2.2722642
MOCS2,15.350202,2.7892232
YME1L1,-6.3531933,8.385134
MCHR1,4.7372336,-0.56567967
CTNNA2,-3.9716122,-0.07724007
BTBD2,-11.772328,3.706978
OMA1,4.382298,7.698714
SLC10A7,12.993893,-7.290314
RPUSD3,8.559735,5.902306
PRSS53,2.0466037,15.8590355
BICD1,8.509505,-7.105299
ZNF496,5.2533736,-12.440044
BEX3,-5.955386,2.0999467
TSPAN17,12.171101,1.3485646
SLC22A23,0.9518164,9.582304
TNFRSF6B,10.379583,4.4439526
GSPT1,12.866675,8.294757
INTS4,6.1397595,7.452688
IRF7,9.376939,-4.4849534
HYLS1,0.9718917,-4.7809477
JAM2,4.6040654,3.5593023
POC1B,3.3154187,6.4359474
GPSM2,11.701966,1.3753283
MAST3,-1.125048,12.135134
CAMKMT,1.9811674,12.25604
KCNH6,2.447141,-1.853166
SLC37A4,-4.175188,2.877471
NIPSNAP3A,15.292164,2.8388824
RUBCN,-1.9375372,-9.543153
SLC25A10,2.9986057,-12.359896
SGSH,0.95694274,8.790621
NDUFA9,-3.723968,-5.3179345
MTF1,8.555594,2.5373368
ABI2,8.842107,0.88868815
UBE2G2,3.1133652,15.205107
ABCB6,-6.51544,-6.1644883
WDR82,-10.949152,-3.100791
FEM1B,-2.0806522,15.961778
OCIAD2,2.0216486,9.958492
TRPC6,-2.2217572,2.9730506
ASS1,8.80935,-6.7868853
FRK,6.0914173,8.151902
ELMOD2,-4.3583317,6.2532544
TMEM245,-2.7557662,10.550511
SUB1,2.794177,11.865144
SYT3,1.9713869,-1.7544899
PCDHGA2,5.1226196,1.5812469
AFF3,7.937323,-6.8976645
P2RY1,5.6899323,0.96904606
SLC16A6,2.6782424,18.56619
PRF1,11.418955,6.3847256
EPN3,1.7941585,-1.6008632
GRIK2,-0.6202831,5.200722
HSD11B1L,3.809152,-0.7453376
CABLES2,0.99806833,-4.664689
HYAL3,-9.339341,-0.029568538
HNRNPA0,-5.340474,15.134793
FSTL4,4.397193,-0.95376104
LTBR,-0.7031637,7.7792845
EIF4A3,5.1701264,9.921255
GALR1,-1.2929074,4.4335785
MAFB,-3.9511082,7.645915
SLC35C2,6.064948,0.33732668
TNK2,5.970149,-1.2876157
SYTL3,-3.5298767,3.0229945
TMBIM4,3.7118936,9.324587
TMEM11,-5.2204375,1.437981
ZNF367,-6.807759,2.605861
EBF4,-1.1204321,4.2258024
SURF2,-0.618566,13.1388855
HCN3,5.1808796,-1.5545663
NDOR1,3.0887866,15.286532
ISG20,-7.056923,7.2949977
INTU,2.7767558,5.1247435
PPP1R14B,15.835521,7.890666
DNASE1L1,-3.2425401,14.187132
CAMK2N2,4.4073157,-1.7811309
ST3GAL2,2.3287852,-6.7911987
SH3RF3,2.1332858,1.0900755
EPC1,-2.362494,5.08094
BROX,-4.628093,6.577239
POMGNT1,1.1728133,9.77275
CYB5D2,9.791018,11.873538
SETDB1,2.460194,-4.1566796
HSD3B7,-3.6091106,2.747466
PINX1,10.939101,-10.763046
WASL,-4.033931,-9.60586
CNNM2,-2.288583,-8.286771
INTS7,-7.686755,-9.297874
CDH19,6.2514563,7.9795966
PDLIM3,9.686539,0.5366092
LPL,1.1327794,-9.927839
GCC1,2.9852943,-12.3585825
GOLGA7,-9.278692,4.1086807
TMEM54,1.2863386,-6.1244535
MAP3K21,10.667671,-6.42722
RBM8A,4.970687,-9.65845
MFSD14A,1.0339855,4.0977564
IPP,0.301866,-2.077803
RPL13,7.0573277,12.936435
EXTL3,6.6962724,-9.532772
PIKFYVE,13.1407,-7.441846
IRF8,3.5879421,2.8140087
ARHGDIB,3.6186342,2.820875
DNAAF5,1.9455382,7.4976206
ACTN4,9.253874,3.539886
MAN2A2,-0.30444127,9.953825
SC5D,8.309639,-9.365607
RHOB,6.6688232,4.974649
FAM212A,-6.1568923,0.84764993
SAMD4A,9.252827,3.5405674
GTF2H3,14.451373,-0.7845203
ARSB,15.716604,7.772178
ZMYM4,16.239693,-3.1487901
TMEM167A,2.4601967,-4.1383877
LLPH,-6.4689984,-6.190088
LRRC25,3.1064332,2.9735534
NELFB,9.845108,1.5364101
GNG4,-9.184906,-3.7385423
METTL16,3.2096589,5.9270744
ORAI3,5.49605,3.9652429
TNPO2,7.3693676,-5.1317067
ZNF331,-7.3541503,6.6957784
KCTD20,13.386197,-0.435071
CRNDE,-0.57139367,-7.204262
MFSD11,-1.0029715,-4.441337
TRPC1,0.6183546,1.5832955
SESN1,4.4223833,-4.195123
ISOC1,-0.40380785,-6.4696507
MITF,7.938931,2.5705845
CD302,-0.01621763,9.6930275
FSTL1,7.2732544,-0.487967
CTSC,4.555039,8.822131
ABHD15,-4.1807756,2.8744783
PPFIA1,12.563117,-0.27110887
ARG2,-0.43727466,-9.348998
CYTH2,1.6365942,15.8672905
AGPAT5,11.939682,1.3685254
PRPF38A,8.567415,5.7151175
BSG,1.5390978,2.8937624
GAPVD1,3.1317222,9.675346
SLC17A7,-0.53768903,-3.8214476
TRAFD1,1.6281168,4.512365
BMP2K,2.668191,16.944157
ANKRD9,1.224865,6.878231
TM2D2,-0.5230287,-9.309542
RAB32,-3.972312,7.9988346
CACNA1B,5.3236837,-1.6535261
NCOA4,-0.005150787,-2.1236188
DAPK1,-0.5131485,1.4075164
TIMM9,5.0181823,11.417722
SVBP,9.523614,8.055582
HARS2,7.302606,10.2469845
STK19,5.6184864,10.388293
PEX10,9.647739,0.60286427
PITX3,-2.4721644,3.0688844
GDE1,-5.466456,-4.8110914
NMNAT3,-3.860788,-9.445175
HSD17B12,-0.09136631,-2.1702693
NGEF,-0.54715985,-3.8277304
SDAD1,-0.95891434,-3.9229255
COMMD2,7.3837314,2.6238
RMI1,6.467234,-5.9630475
RNF122,9.232518,-4.5859427
GALNT13,3.6248906,-4.070785
WDR48,4.4976974,7.9580812
DDX24,2.1210368,-4.3205853
BCDIN3D,4.3534465,7.6532564
ORMDL1,-2.2062693,-12.341205
DENND1A,-6.6166897,-6.095158
HRK,-0.531601,7.8236265
SNAI1,-7.0387845,7.292408
GABRA5,4.613059,-3.0482714
JARID2,-7.994768,4.3946548
ZNF112,-3.1667752,5.6776404
CACHD1,4.260277,1.8585259
DNPEP,-0.9690534,9.98722
TM7SF2,9.6251,8.099146
TET2,-0.60226315,13.131279
LINGO3,-1.2443193,4.472726
KIAA1328,8.130359,2.7241383
SMDT1,-1.5675132,13.419417
KCNS3,-1.2809787,-8.982766
SUOX,14.579252,-0.83462733
BDNF,8.069089,-6.936421
ALG6,6.474551,8.693918
ZRANB2,-4.814225,6.8240237
ZNF141,7.357862,10.264311
DCAF5,-3.2432601,14.187043
PCDHGB2,5.3711634,1.8543524
ZNF281,-2.074487,15.9516115
SLBP,-3.9163687,-9.495846
FAM174A,-0.0030471387,-12.442868
RNF32,4.1852612,-5.2465086
POLR3F,-0.62354565,-12.3773775
ZDHHC9,11.859628,6.9793158
ZNF329,2.348539,-5.6200476
CENPQ,-2.0484135,1.6787149
PIGC,0.99042666,8.762504
TSNARE1,1.0488678,9.903171
FOXA2,-5.97405,-0.22271107
FAIM,-2.0916483,1.6375316
EMC6,6.609594,12.367597
TRIM62,6.0862107,7.7271543
HNRNPK,12.861826,8.271862
FBXW11,11.448767,1.4115716
LETMD1,1.278739,-8.065541
FAM189A1,-6.0124254,-1.3887608
LMO1,7.1924725,16.61558
PARD6A,7.658737,-9.384608
MURC,-1.0337349,10.000408
EBF1,1.3032627,-9.625045
AGA,6.1780376,7.392125
ZNF317,2.4642227,-4.1287003
EPHA3,-6.502755,11.560542
AR,9.532468,-7.7307
CRYZ,3.66984,-13.502004
RAB27A,-1.74254,7.748808
ATP5SL,8.751267,-7.403868
TGOLN2,-6.30974,-7.9563203
LEO1,4.714525,-13.798585
RRAS,9.548935,-1.900618
TIGD6,1.2849576,-8.088163
TFR2,-6.1079288,-1.2559949
SOGA3,9.230238,2.9522686
GDF11,-6.3834085,-7.8959823
BAG1,-9.601546,-7.0326858
ELK3,1.414364,2.112998
SERPINI1,-0.8097472,12.083891
TPM1,9.994436,6.1745567
NUDT15,-0.9517882,-3.9585948
MCMDC2,-5.12545,14.914854
RGS18,3.1550095,2.97954
PLBD1,-3.9452963,7.583588
SNTB2,10.0425625,6.049362
RPL14,7.1708484,13.376766
SULF1,-1.0596726,8.284383
FAM35A,-4.159469,-9.717761
ERCC4,-2.6818259,5.152012
LYRM7,5.683268,7.9996486
ZNF783,-7.6111183,-5.641832
OST4,0.8041772,13.854099
PCK2,6.6421857,5.5540223
BTBD7,13.304543,-7.6113005
TMEM254,12.444652,6.922645
NUTF2,-0.19948645,13.22598
ASTN2,9.82255,-2.7810154
TMEM38A,1.4473001,7.1005635
TPI1,-5.9845266,2.0846615
CCDC71L,-6.8130836,2.6018908
EHD3,2.0149012,-0.9462244
CCDC93,6.919728,0.45262465
IFT74,3.8443375,0.73233044
AP1G2,-2.034797,-9.593232
POU2F2,-3.5377042,3.1545556
EIF1AX,3.8155437,9.208388
NME7,-3.730047,-6.048449
EBLN3P,6.510628,-5.9204416
DDIT4,5.6318383,10.4035015
CAPNS1,8.420027,6.2623544
ERF,-0.066560626,-14.892818
CASQ2,2.4204643,-9.03847
TUBA1C,9.349634,-4.475604
BCAT2,14.081002,8.978845
TCF7L1,0.041583948,-6.7404814
SCRG1,2.2020104,7.3025603
PUS7L,-5.320209,5.9522815
NBDY,-5.2557616,15.050206
FBXL4,-2.4477723,5.543996
CHST14,5.31835,10.076992
TMLHE,13.354697,-0.4243953
PPWD1,-4.125044,6.189504
SRD5A3,6.1763577,7.4074354
QSOX2,-7.499912,-5.6917458
BOD1,3.720397,-13.50055
CAV1,10.150153,12.876937
GNL3L,-0.42147315,-1.4814534
ADRB1,-0.12769,-7.0315533
FGD2,3.5450284,2.7683687
SELE,9.246863,-4.5864434
SMIM10L2A,-6.235689,-1.0689152
PFKP,7.837084,-4.6709185
SHQ1,2.662878,-12.142103
POLR1E,7.032,12.933974
EML6,-0.49969327,1.3500481
RGMB,2.0406408,-0.9126301
PLXNA4,2.023737,-1.8222595
EPHX2,-0.55387765,-7.1608105
COPZ2,1.1203104,-4.733685
SLC30A6,2.6703584,-12.13055
MLST8,-0.17543457,13.185042
DCK,15.326014,10.1765585
ZNF25,8.436705,-7.006494
GPR61,5.0960855,-0.52613044
SCIN,2.2584593,2.3394883
DCHS2,-0.48969793,1.3863688
TCAIM,4.4387665,-9.655172
ZNF682,6.442979,8.712013
SYNE3,-0.046770293,-12.42174
MMACHC,7.2101736,2.6808193
GSN,1.7320668,6.1672072
STPG1,6.635375,5.5752234
MED30,2.7018144,-6.7565174
FIBIN,5.428006,1.1091626
ANKRD18A,11.776039,4.9378777
HS6ST1,1.4763632,7.118158
RNF121,-3.784937,-5.432723
CTSA,-4.861947,-12.007437
PLEKHA6,-1.9359083,-8.575433
ZSWIM1,2.376676,16.35495
ZNF774,-4.9408,9.934421
KIAA1324,1.8657497,11.567863
RXRB,-2.2417626,-8.390383
TTLL1,-5.9842105,8.217059
MAGI1,16.118673,5.8184586
RERE,6.2078934,0.9657331
DACH1,-5.8447194,4.414847
RHOJ,9.907303,6.404877
THEMIS2,-9.34556,4.320812
PRDX1,9.783303,0.5047584
CPT1A,-9.3331585,4.292868
TACC1,8.646554,5.739009
MAPKAPK5,-11.869597,3.294317
LHFPL4,-11.708367,3.6168838
HGSNAT,4.3462043,-12.251277
ATP6V1G1,8.487245,-7.047859
CSMD3,-6.7279344,-0.42141744
PSMD14,-3.1860397,-6.5261245
LDOC1,-2.309027,-8.366664
PBX2,5.2458987,-12.437923
CDC26,0.65692335,13.332779
SLC25A33,6.4134326,4.3549666
AKNA,-3.8172424,2.9547262
LIX1L,10.061307,0.5093389
NOTCH1,6.0768723,0.3355647
CDC42SE2,5.691474,7.9859633
FAM207A,-4.2339306,5.616471
PPM1K,-7.83181,4.2889304
CHCHD3,-3.1947584,-6.5136847
MTFR1,11.577973,1.1256529
KCNMA1,9.124026,-7.8076363
TAB3,-0.883093,-4.525399
ABO,12.160833,2.7875445
TLR5,3.2104142,2.9622436
SLC18A2,-5.9882236,-0.23964186
TXNIP,1.6334813,7.9528127
LRRTM1,5.3435745,-1.4466603
GPR85,9.475277,-2.118258
FPGT,4.6697655,-10.011229
DNAH9,7.4110293,0.48025045
TRGC2,1.9700317,9.9100485
NUDT4,3.1316016,4.6605234
TM2D1,3.766336,-9.17539
FRMD4A,0.9188653,9.56134
ACTN2,2.8848686,4.945203
HUWE1,0.93439233,-4.6443686
CERS6,8.968206,-7.6818027
WSCD2,4.2465262,-1.0313909
VSX1,5.3108897,4.294476
ITGAX,2.3416026,1.6077373
COL21A1,6.979597,0.38878798
PTPRA,6.005547,0.63613373
TNIK,8.8369,0.89455324
GATB,1.4192601,5.06141
NDC1,-4.8357415,11.445521
EVA1B,-5.998248,-3.847484
MPV17L,-3.7281702,6.5641675
PCBD2,8.700357,1.0708927
ERI1,2.7335854,-6.61686
EPHA5,0.28846323,0.13442597
GSPT2,-0.28483316,-12.241534
SV2B,0.26366678,0.1421605
CPVL,1.7727352,2.7856858
HEY1,-7.6600304,3.4678643
SIMC1,14.294009,0.3391866
GCNT2,-1.3243825,4.4102817
STYXL1,-7.694348,0.85469824
SVOP,4.1105156,-2.60459
PCSK1,-6.0498815,-1.350818
KCNMB2,13.285811,-4.7456217
PIEZO1,1.6112752,7.6308575
KCNF1,-1.2998196,4.428082
STS,1.9546211,-4.6051283
NPY1R,0.4096879,-4.9438663
POLR3B,-0.9634599,-3.922819
RAB21,3.8023558,9.22064
GALNT15,10.6493225,-6.3935337
CITED4,19.736582,2.3648005
HIGD1B,1.4690415,-9.382745
JPX,-2.1067982,1.619215
ZNF846,9.236884,3.0048785
TAGAP,2.4015887,1.9112917
PRKCD,2.1991277,1.1604513
PTPN20,7.7263975,-6.8502846
H2AFX,8.937019,8.0048685
GALNT8,3.83671,-0.75303143
CABIN1,-7.261636,-5.865865
FDXR,-4.428591,-4.588524
PSRC1,2.0647025,5.7656474
ASCC1,1.6245574,7.8824024
EME2,4.7236686,-1.4732057
DNMBP,-3.243976,14.186281
EHD4,5.23813,-9.280509
HERC6,11.299172,14.773529
TSPYL2,-0.6189548,1.5291374
PNPO,-3.7817986,-5.406207
BTN3A3,-2.3600419,-8.389963
GORAB,6.1942353,-6.26747
FAM32A,-0.19132888,12.996019
RBL1,-4.7688046,6.1413827
AMER3,4.2636294,-2.0075388
HIST1H4H,-1.8168929,10.988572
TNFRSF25,12.120009,2.8093755
PDF,-3.6636286,-4.6183305
LILRA1,3.6161406,2.8400848
ANKRD13C,0.83430743,1.6060382
CHST10,7.726963,-9.703427
MICAL1,-5.9785,-1.7731203
ACTB,7.030838,12.932186
STX2,11.305683,-4.5249367
GMPPB,-4.865219,-12.009659
RYR1,0.78003967,6.4790735
SEC23B,3.7896628,9.230222
GLE1,5.6996694,3.5316691
AGTR1,-2.244058,3.2357395
SHISA2,4.632029,6.7329893
PCDHGA12,5.3238435,1.7902838
ZNF721,-9.330355,4.096759
ATXN1,13.635232,-6.7340746
PTMS,-3.7217755,6.5731215
CCDC102B,7.9608903,2.5769238
CECR6,2.2218874,1.1769648
MYO1A,-8.919056,8.952012
HEATR5B,1.4670107,-4.5383587
ZNF302,11.579058,0.9929583
THBS4,5.2730284,1.7270899
FAM229B,7.73217,2.2775345
IKBKE,2.0956395,0.99052984
AGRN,9.361049,-2.2606094
ZNF260,3.5726945,6.0639014
PTPRH,1.5267041,4.941899
LRCH1,-6.451754,5.5930176
SEMA4G,1.9493091,-4.6351924
COPA,3.9950426,-12.556343
LILRA2,4.520162,8.753344
PHYH,4.6161222,1.7464626
TCTEX1D2,0.10361735,-12.499134
CLN5,2.0619986,-2.5313842
TBC1D10A,-7.902627,4.321448
SH3PXD2B,1.967499,9.90539
THOC6,1.2094197,9.806335
KRT18,-5.707247,4.299935
EID2B,0.0065160533,-12.445293
SDHAF1,-5.249816,1.6337386
PLEKHF1,3.2036052,12.136953
ZNF843,13.040906,10.794886
SLC35G1,10.648412,-6.3965635
MGP,2.4800785,-8.973644
CCDC3,9.904745,6.3981295
HK3,-3.982741,7.999982
ZC3H6,-3.78603,6.126207
FLRT3,-0.69533366,5.258703
MACROD2,-0.8868085,-4.525634
ZNF34,7.29678,10.20674
ZNF778,11.555665,0.91652197
SNHG1,-6.830078,2.5940444
FAM86C1,7.1966314,-8.69898
FAN1,3.3672845,6.4524355
STAU1,1.4241822,4.288401
TMCO3,8.8921995,2.9076355
CPEB4,-10.91178,-3.1366684
FRMPD4,1.8317546,-1.6490318
PPAN,1.542136,15.83062
CA14,10.481929,8.383057
EIF4B,8.448206,3.6042817
FMOD,-1.4736902,4.118944
MYL5,9.788904,11.868629
ZNF576,0.71797997,13.572953
DUOX1,4.3647537,1.9317057
SLC30A9,16.261158,-3.1655998
NOB1,4.507032,-12.340858
COL20A1,-1.4599665,4.15665
DTWD2,4.3347006,-9.52468
FLOT1,9.204561,8.557214
NLGN2,-6.5002866,-6.168705
PXN,10.312012,4.710939
NAT10,2.4701138,8.167161
SRL,5.72462,4.337843
PPP2R3C,12.432511,6.932107
WEE1,6.0586843,4.3325334
FDPS,8.277836,-9.369113
CHIC2,3.009922,-12.39014
FN3K,-0.21107098,9.865563
SON,8.503296,3.853741
METAP1D,6.4501305,8.695466
COG6,-3.044848,10.795881
TDRD7,3.373083,6.377332
PRR26,8.534667,3.2760572
PNCK,4.245476,-1.0378839
SPCS2,3.761392,-9.1719475
ACTG2,2.4636278,-8.996554
GHDC,-2.7734957,-8.344023
HDAC4,4.3860497,-4.1937795
NR1D2,-2.412445,5.6057363
APOL4,9.5643015,-4.313724
MTSS1L,8.573497,2.4912753
LUC7L,8.955592,14.309246
EXOSC3,6.664305,12.433751
FAM222B,3.8095207,-6.9952645
ZXDB,4.0221877,-7.2028008
GLB1,7.693576,2.4312665
HCN1,2.150594,-2.3523736
FOXF1,-7.2047243,6.8561687
EPHA10,5.092873,-0.54924387
ING3,-1.1015061,-3.7544851
RPL34,7.30554,13.324338
BCKDK,2.4924915,8.014106
RNF139,4.568353,-10.700924
EIF3K,0.77830225,13.791572
MPI,8.586273,5.7641873
MRM2,11.553593,0.90798235
WNT10B,4.207775,-2.6616313
HDHD5,6.7101235,4.962634
LARGE1,7.905408,-6.9080987
SSH2,-3.6534872,2.9010596
SLC13A3,11.959928,6.960588
PRPF3,-3.8071506,6.160101
TUBB6,-6.9050403,7.007946
ZDHHC12,-2.240836,-10.901413
RGN,9.630797,0.6128274
HTATSF1,11.521785,1.3829598
MTFMT,3.8684888,-4.29784
SMPX,-6.160192,-0.3896746
RNF44,3.890761,-5.4070253
TRPV5,9.192218,2.9858646
DEGS2,9.171296,-0.71753055
BIN1,2.1923378,5.598943
ARL13B,7.690514,-9.378155
FZD6,9.669636,-0.78586745
ZNF804A,2.3450422,-1.7778283
MBNL1,3.3445437,6.491628
TLDC1,6.7582235,-6.5950427
CORO1A,2.2274857,2.3301013
CSTF2T,-1.4627576,0.28282928
DDX39B,5.622412,10.396967
EMG1,-0.68762994,7.5010047
CHD7,11.500845,1.3633347
CCDC47,12.872675,8.29691
THOC2,7.294753,10.211255
RRM2B,4.946937,-9.67202
CTF1,6.8353424,5.1094675
SALL1,3.2438786,5.916063
SSX2IP,-1.0023949,-3.898396
CLYBL,6.3599367,4.419675
SSR1,-4.836057,11.444448
TFAM,6.456851,-5.9713264
PHB,-5.325275,1.6398214
PANK4,-6.927897,-5.9822083
ANXA5,12.868124,8.289634
DPH1,7.0974755,0.17981811
PCMTD2,-2.9471753,10.716278
ZNF624,-3.1932971,5.6936584
DTD1,6.4603505,9.359112
CD9,1.5271888,4.4250097
CHST15,1.4284282,2.1132994
CD274,9.7936945,-4.1084523
RPS6KA4,-1.9608538,-9.540866
IL18R1,5.150661,-5.952546
ASPRV1,1.5756284,6.3701105
MS4A7,2.393195,1.8770947
PPHLN1,-0.3083582,-12.131488
EN2,-5.959882,-0.21390334
WDR3,0.15055928,-1.9985986
PLXNA3,-2.0257313,-9.585333
ST6GALNAC5,-6.0893607,-1.2535249
PTPN1,-1.9469981,9.020816
ROBO4,10.154276,-1.3059077
MYO10,1.2079765,-13.031854
BOLA3,-5.986055,2.1637876
CDON,10.651018,-6.4101405
RPL28,7.1554203,13.039343
TIPIN,3.9172843,0.79610276
SEMA3C,4.683177,6.7312326
ZNF585A,7.5649276,10.357868
ZMYND12,-9.098747,1.3790818
SMYD3,-3.8074534,-5.342698
ZNF461,1.5257788,-4.558961
POC5,3.8709228,-5.438654
TTC31,-3.7686198,-5.4516788
TEN1,-4.2358637,5.6174316
DDX59,7.472646,-9.314809
PCDH11Y,-9.056007,-3.621596
BCAN,-1.8236787,4.553436
SNX21,1.4351901,7.087481
THSD7A,9.289917,8.337278
SUCO,-3.8218906,6.17037
ZMAT5,6.7986765,-5.62642
FOXO3,15.363567,2.7760255
CNOT11,-3.037244,10.787449
FUS,3.887733,-9.24906
FBXO46,-9.439715,-7.1760755
HAGH,-4.9300704,0.89296496
GPX7,6.783611,5.0716023
ATRAID,8.348574,12.318626
FAM225A,-2.1558812,2.9183378
XYLT1,-1.268078,4.494316
WWC3,-9.607772,-6.7275696
KDM4C,4.6267605,6.7530355
NUAK1,-7.2781563,4.1113334
C1GALT1,5.784489,7.915089
EPHA8,4.1408014,-2.5971985
ZMIZ2,-6.702084,-6.0596786
FAM71E1,4.996136,-1.4395812
THSD1,9.504767,-0.7336441
ABHD18,13.342224,-7.6492844
GNPTG,9.3585005,8.206332
PREP,-0.4643754,-9.260282
SGPL1,7.2742343,-4.546866
UNC13D,-6.033729,-3.8133562
MPND,-0.1884721,12.93169
STAT1,11.339162,14.734363
IL27RA,10.503071,4.1244006
PGS1,3.9676123,-12.536783
MRM3,7.761625,-9.338656
PCDHGC4,-2.187436,-2.0924063
AGPAT1,-7.7825637,0.92239475
PLIN1,5.2344737,0.7653939
ECT2,-6.5023513,11.560058
PAPPA,-6.418179,-0.63777184
TMEM68,4.6562824,-10.083788
ENTPD3,2.1860805,-1.7908834
CTXN3,-6.3153915,-0.73979825
NSD2,9.222051,2.996355
SWT1,-3.062029,10.810651
NR1H2,2.3099344,8.362651
TESK2,11.266949,-4.5441556
RCL1,1.2827181,-8.085118
NAV2,13.3069315,10.557521
ACADVL,6.0670586,0.33928508
NAALAD2,-1.1778002,-9.129622
FOXJ1,4.07083,0.8508439
AGFG2,13.288917,10.578621
ZC4H2,1.5854713,7.61716
DTWD1,-9.336971,4.094572
EPHA7,0.20844907,0.13890475
PPP1R26,0.91267204,6.6145463
UFC1,0.92654413,13.980013
FAM117B,-5.4678426,5.843467
OGFRL1,9.695332,0.5090735
ZNF8,-5.034485,7.0164056
HSBP1L1,-9.633298,-1.4843066
IST1,-3.5370486,8.943497
TMEM30A,-2.0797307,11.132491
ZNF154,9.878253,8.04392
TXNDC9,15.326485,10.177237
PDE5A,1.7633357,-9.419269
LMBRD2,3.3935235,12.018175
GANAB,-9.776876,0.17109145
PIK3R5,2.4312897,2.1780546
MKRN2,4.404999,-12.238051
PIM2,14.364301,0.44673598
CARS2,-4.6242447,-4.4489975
CAMKK2,6.3372574,4.412818
STARD7,1.1488692,5.9660707
FOXK2,-6.125279,-11.110652
TMEM182,7.1193337,-9.14471
CACNA1A,10.653188,-6.4103017
ZSWIM7,9.1872015,8.081271
NDUFA12,-5.8576965,2.0070891
ZNF580,9.274534,8.472368
AAED1,12.858525,8.3013315
UBE2W,-3.9603443,-9.535469
CTSL,12.6321125,-1.9336336
DTX2,9.98765,-4.224994
CORO1C,5.223345,-9.289197
BEST1,4.3465657,-4.2071953
FAM229A,-8.216039,4.77346
OARD1,11.586005,1.0422456
CHAF1A,9.301157,3.5086849
CPSF1,2.444377,16.33606
CAD,-0.4716361,-1.4314595
BMF,-3.4313352,3.9984825
PMPCB,-10.973042,-3.0785203
ING4,11.985305,4.769968
RIT1,3.1602926,4.652566
ASB7,-2.2610464,4.9699464
CCNG1,-2.5534036,0.54235595
FRMPD1,-5.962738,-0.2157525
TRMT2B,2.6092298,-6.7235026
ZNF385A,5.9063067,-10.446987
TMEM198,1.4561065,7.0969043
RARG,13.042534,10.790364
OSBP,-10.944047,-3.1054761
ZNF823,5.59066,3.41366
TARS2,6.039416,-1.2696127
B3GNT9,1.9877614,-2.6416795
RFPL2,3.131882,-2.0563257
RNF180,4.41945,-9.660816
TRIM5,10.317446,4.597059
VLDLR,4.597221,6.724958
MED16,6.6674657,-9.558627
ADSS,6.2161503,8.330024
CRISPLD1,6.641459,5.546805
SCCPDH,-2.5478938,-0.7842764
RBMXL1,8.103522,2.5744681
GOLGA8N,6.468891,8.689629
CERCAM,6.199415,8.269625
GSDMD,-4.005967,8.014691
TRAPPC12,17.081196,2.753473
CHST2,1.4952061,5.0065646
PNPLA7,8.95759,14.304697
HUS1,-1.1269615,17.583368
CACTIN,14.153645,9.04224
CNGB1,4.139101,-2.5852063
GALNS,12.142864,4.6556478
KIAA1107,-1.4771951,-3.9531777
TMEM163,10.505079,-6.095304
LYST,13.2489395,-7.5536304
CSNK1G3,-2.9265585,10.700054
SNX12,-6.420804,-7.860489
PLIN3,3.7849667,9.237488
ZNF737,-10.976227,-3.0751815
MMAB,8.242407,-9.373077
NRG2,6.7659674,-6.5935616
AGGF1,0.42601666,-4.907156
NXF1,-0.4857952,-1.4202406
UQCRB,-5.955448,2.1235783
HMGCLL1,-2.18633,-2.0947413
DNAH14,5.3003683,-1.6042527
ZUFSP,-2.1885812,4.8120046
MICALL2,-6.313314,-7.956087
BPGM,7.473318,3.278812
ACCS,6.2136073,-3.7866547
FAM162A,-0.30402657,-12.098837
CPNE5,2.6981404,18.540579
HELZ,-4.0155416,-9.581637
AFDN,9.229075,9.911331
ZNF471,-4.0804124,6.185541
FBXO16,4.217491,-2.4035263
STC2,13.112942,10.731665
ZNF554,2.1743035,-4.614257
CNMD,3.617713,-4.066703
HNRNPD,-2.7411127,-8.339633
TTC13,-5.6377397,7.788683
GAN,-7.5088387,4.026166
ANKS6,15.98765,5.6983986
MAGEL2,4.167359,-2.5028665
LRBA,14.249196,-0.7785751
PC,7.2282777,-2.308941
RPS27L,1.8860211,7.522348
COL12A1,-2.2244418,3.2701619
POMT2,12.139327,7.236067
SEMA3F,10.146526,-1.3958305
ZNF205,9.894401,1.604559
SMIM17,7.7452164,-6.8540583
GOLGA7B,-9.745168,3.881375
YIPF5,13.118678,-7.4217615
ZNF239,2.0556023,15.87306
BCL11B,-0.6275109,5.2081914
TMEM135,-0.6596637,-12.390158
RRAGD,4.245966,-2.3675992
MTCH2,2.4289677,16.195217
PFKFB2,4.035023,-9.330347
AMZ1,-1.184775,4.4258294
RBSN,8.901852,2.736462
ATG16L1,-8.98122,9.000697
SAT1,9.68765,-4.824317
SPTBN1,-9.760186,-6.861973
GPATCH11,3.2183492,5.9552197
MAPRE2,-8.929812,8.963239
ZNF382,1.85397,11.566935
PTP4A1,-2.0907707,1.6450024
ARPC4,-0.14064927,13.906483
NOA1,-1.2299005,7.8279495
RSU1,9.985703,6.1956024
PRPF18,12.611494,-2.5739725
TMEM259,4.054533,15.194147
LZTS3,5.141203,-0.5393941
SPRED1,3.6078055,6.0433555
SLC15A2,4.984214,1.3195645
UAP1L1,1.1627399,9.778462
CACNA2D3,-0.49205002,1.3857474
ATRN,-1.5374262,-3.9487245
GEMIN6,-9.286528,-0.07485198
CYLD,-1.0995834,12.147647
STRBP,3.9543836,-7.1610513
ITGB5,12.963993,10.863238
SPHK1,-7.04342,7.2871385
FAM104B,11.587052,0.9894093
CCNJL,14.772521,6.569132
SETD4,0.67567766,1.4346002
TSSK3,7.449469,10.666452
NBAS,4.638391,-0.3645013
SBK1,1.8556509,-1.1800442
SIGIRR,5.373755,4.252041
RBM28,7.396801,10.583573
MTG1,3.903919,15.295946
WDR13,9.8846035,1.5887359
LPO,-6.0941534,-0.3369427
FUCA2,1.3295661,-6.0836964
ETHE1,-4.4039173,-4.6158366
SLC15A4,-9.334921,4.290575
IPPK,-0.12052991,-2.1865437
PARL,-4.240026,5.614684
RASGEF1A,5.42004,-1.4670919
MRPL11,8.607783,8.057418
PPM1D,-1.9523869,9.025873
MZT2A,-1.4512519,13.457459
MRPS18A,-4.03453,-4.8482237
PROB1,13.019556,10.8147335
BCL2L12,-0.9110021,-4.0914187
MRPL58,-3.1580098,-6.559379
SRRT,3.8302119,15.341335
TMEM240,-0.19629033,13.002504
XAF1,11.320762,14.755549
CD180,2.243876,2.3423634
GALK2,8.961735,2.7284439
PTPRE,1.5385679,2.8924348
RNF5,0.93252647,8.8203945
ARHGEF40,5.314391,10.080474
DOK5,-0.3947749,5.04727
GAL3ST4,0.4910129,2.907173
SKIV2L,-6.710849,-6.0502944
SALL2,-1.0749702,-2.491407
CDKL5,7.5191927,2.5661416
SNRPA1,-4.755955,-11.896574
PLXDC2,3.55773,2.8177357
CHCHD7,-9.334479,-0.029911567
ALMS1,3.349274,6.4411535
SLC25A53,8.838175,0.88959503
ETV1,-7.744273,3.203422
SNX29,8.006966,2.578303
METTL21A,3.5017955,-12.494266
CHTOP,-9.727534,3.8990273
DNAJC10,-3.0695877,10.814593
RMST,-5.7495937,4.3402567
KLRA1P,0.8717186,1.6204722
IRAK3,10.831262,4.0162416
PIK3C3,9.353044,2.4816813
GPR176,0.21811536,0.16137919
KCNK1,-8.884027,8.912093
CCDC22,-0.063995086,10.150757
EVA1C,-1.9333382,9.007865
SLC6A1,1.4162827,-9.43847
OXSR1,-2.3045092,4.905726
TMEM266,4.4276023,-1.7606473
MAPK14,3.1543221,9.66082
SH2B3,-3.9510775,8.05606
NSUN4,-9.76787,0.19193232
MRPL21,-5.825823,2.0004919
GNA15,-3.698908,3.6711721
RILPL1,-9.5784,-7.0320644
SLC2A4,-7.747564,3.5489562
MST1,8.958028,14.306641
SH3BGRL3,-4.6780195,0.55210125
B4GALT4,10.079042,0.49462724
RGS8,1.8699439,-1.2302833
SEMA4A,14.361942,0.44141188
PIK3R6,2.371228,1.7679678
NAE1,3.2212996,9.641343
BCAS3,6.677878,-9.5482235
CLPB,-0.19114101,-9.528798
NUDT12,6.047368,16.009483
COA6,6.9352026,2.1119764
DNAH5,13.114027,10.724317
ZNF602P,9.242897,2.986596
UNC5A,4.744583,-2.9300797
RHEB,7.3860292,-4.557143
DBP,15.827726,7.883135
CD83,1.6160841,-5.134886
DESI2,4.567806,-10.879444
CUL4A,4.5831027,-10.723823
MTA3,7.649936,-9.400437
LSM12,3.0279305,-12.392371
ANKDD1A,-3.9812057,-0.078794055
LRRC17,9.674732,-4.815632
FAM171A2,5.246289,-1.5754005
SETDB2,-4.8130836,6.1260805
ABCD3,3.6356826,6.0409694
MLXIP,9.981425,-4.22762
PRCC,-3.4610384,-4.414155
FAM26E,1.6682296,-9.455704
SDK2,2.46451,-4.804764
NBPF12,11.27239,-4.546351
KCNN1,4.1882668,-2.7278297
ZNF548,-0.03346563,-1.5382084
GPANK1,0.8918824,13.944464
ZCCHC9,4.174141,0.9119302
COG1,2.2152152,-4.6413555
PLA2G5,-0.4799647,-7.124331
TSC22D3,-7.8785553,4.3262854
IER2,6.54763,-11.818776
TXNL4B,11.144437,-0.53601104
CHML,1.5495137,4.256368
BFAR,3.1558583,9.660538
UNC79,-11.825881,4.08401
MYOT,4.366729,7.6765847
ZNF720,7.598985,-6.8207684
SLC25A1,1.3330045,-6.079317
GATSL2,-0.48617154,-1.4389236
CDC25A,-1.8272642,-0.28418973
EFNB1,-9.024994,9.044986
DAPL1,-2.2655723,3.1881025
RARS,-0.7552741,-9.226143
GTF2F2,9.671395,0.57939607
HECA,5.249101,-9.415712
TMEM161A,-6.96309,-5.9759583
DHFR,9.344183,2.490953
SH3TC1,2.5212474,2.6735368
PLK2,8.93208,-0.82418084
CHTF18,2.3377538,16.392319
ZBTB3,8.808902,-6.7861705
CNOT9,-6.120071,8.3928175
PRRT4,4.130063,-1.8340027
PIM3,9.221514,-4.5210867
GARNL3,12.848623,8.272254
TLE2,-8.947456,8.980408
PCM1,3.4640553,6.2347765
CCNA2,2.591028,16.805819
ZNF423,4.221869,1.8846784
EGFL7,9.341457,-2.2647157
AK4,-0.64037246,1.5544748
KDM1A,-3.722736,-5.7294817
LILRB1,2.3661277,2.1862516
DSCR3,-2.1441274,11.18162
RAB11B,-2.295023,15.183997
HHATL,11.759928,4.9508424
TOR1A,-0.79594535,-9.21796
PTPMT1,9.784159,0.5117693
NCAPG2,-3.8283567,-3.5690303
DHODH,7.2295194,12.926564
EMX2,5.4202743,4.709152
RBMS3,1.194168,9.751386
RHOQ,-0.49445805,1.3500193
APOC2,2.4233203,2.3727326
TBC1D32,-4.0921426,-9.652944
FBN1,-5.014806,7.004885
CREB3L1,15.406399,1.1894428
KATNA1,8.978077,-7.694328
PITRM1,-0.7843157,-9.22459
PCNX1,-7.612098,-9.384597
SF3B4,2.3235438,11.870117
SASS6,-4.78714,6.146505
LRRC34,4.2364454,0.91435903
MXD3,2.0337825,15.871247
ZSCAN29,11.48461,1.4036533
TRIB1,-7.3461123,6.7137933
ERCC8,-3.7679021,6.4427814
ZCCHC17,-0.46746546,-1.4345282
EGFLAM,5.148251,-5.9544945
SLC38A7,4.679822,-0.39382735
DCTN4,4.7387295,-13.827698
ZNF542P,7.267425,-7.7003956
CBLN2,0.2272608,0.16198772
ZNF470,4.1415176,-4.9520435
GLMN,2.4636736,11.918092
P2RX5,4.9436984,-1.5612113
UQCRFS1,-5.898031,2.0209305
PPARGC1A,13.100302,10.740897
YTHDC2,-0.6227471,-12.374866
SLC24A1,8.333761,2.5868583
PHF7,-9.630788,-1.4821978
PCSK5,4.330318,1.8840708
STX8,8.272024,8.291557
LMX1A,-2.4405303,3.0839906
IGSF3,-11.830719,4.091296
VRK1,1.9757742,12.286387
CCDC94,9.203049,8.562563
LACC1,7.7227407,2.4813936
NOVA2,4.710153,-0.57712245
SLIT3,7.25688,16.679659
ZNF432,13.34679,-7.653937
SEC31A,-0.81516606,-9.216765
ZNF75A,-2.4477673,5.55667
GAS8,-3.9674554,-0.07515073
FAM76A,-4.6975102,6.173146
LAPTM4B,15.843928,-6.7417684
DHX29,12.2970085,1.3872998
KCNT2,5.2693243,17.727573
INSM1,15.39313,1.17396
SLC35F5,3.4944792,9.564001
ADSSL1,2.2595034,5.4586716
FBXO38,1.0361159,4.0935225
WDFY1,-6.5026627,11.560626
ARMCX1,5.4282684,-1.7741418
RCBTB1,11.760218,1.3678366
ARSI,1.5159252,4.9607143
ARMC2,-0.45538756,1.3503524
WDR25,8.889464,-4.5282135
CIB2,-0.30766115,-12.105023
NUDT22,9.85486,1.5439305
IFT43,8.546807,8.076353
PODNL1,5.615486,10.392431
FOXJ3,3.1395116,9.670449
VWA5A,9.30464,-7.9011345
COL26A1,4.4609785,-1.7234572
PPM1M,-3.8456433,2.947407
AP1S1,-6.027572,2.1805491
RSPRY1,14.482415,-0.79198426
GPRIN2,4.118004,-1.8462801
ERCC6,6.194336,-6.262994
PFDN1,1.8621483,12.423397
CGN,12.063119,4.7108097
FAT4,0.80866724,1.5914881
ANKMY1,-3.710791,6.5893235
TRIM13,-2.401318,5.6154785
RAB37,1.8763407,-1.7030479
PAQR5,9.398199,-0.7343927
FAM120B,-1.1361823,8.400309
RNF217,-3.0742226,-4.5904136
RNF126,4.1905723,15.093691
ZNF746,2.4372723,8.214347
ANKRD34C,-6.110956,-1.2312418
ZBTB8B,-2.003645,4.6523557
ELFN1,15.403308,1.1833146
GBAS,4.7756333,0.70120966
SIRPA,-0.5329696,-7.1452193
HECTD3,-6.9422174,-5.982738
NUPR1,-3.6117697,2.75655
RAD17,5.7371464,7.987325
HK2,2.601427,2.7497435
FRMPD3,6.099233,7.476798
MRPL39,-4.7508955,-11.8920555
SLC25A43,6.1893435,4.598158
TATDN2,13.235728,4.846445
APMAP,9.000755,2.7456996
TP53TG1,6.88741,14.615313
CDYL,12.83848,8.244246
S100B,10.470574,8.401502
ADGRA1,4.4069576,-1.0922818
GHR,5.4716053,4.8079166
CMYA5,6.2005,0.8420812
C2CD4C,5.222859,-1.5474694
ACER2,10.802217,4.072965
PORCN,8.534251,6.0889306
BBS4,7.495011,-4.5131097
IQCK,4.1611524,0.9253623
MARCH4,4.142157,-2.3388543
KYAT1,2.0424414,15.870634
FUT10,-7.5898905,3.5075176
SOHLH1,4.150177,-1.8396232
CCDC86,4.4727097,-12.298853
GNAO1,-1.559621,-3.9457622
NLRX1,5.316893,10.078191
DGCR5,2.0619595,-1.6697018
XKR7,4.192409,-1.8317549
TSN,-1.9231318,-9.532774
PAK6,-11.824155,4.0765243
GALNT14,5.0343432,-0.59090763
ENOX1,4.673949,-13.753187
MED28,10.148408,12.872859
BEX4,-0.807959,12.070495
FBLN1,6.5314593,4.917062
RRP1B,3.7455037,9.30001
NARF,8.633906,1.128782
FAM129A,-3.9603665,8.01072
C2CD3,-5.035634,7.025344
SCLT1,7.198762,2.6943524
TEX2,11.987834,1.3392235
CENPS,10.763544,2.4705365
CALU,3.7800004,9.226181
PSMF1,-2.0600607,-3.3067172
STK35,8.606258,2.4861429
CBL,-0.22518735,-1.6402382
ZNF383,4.0020328,5.8199167
GPR173,6.0416284,-1.269068
PRR3,6.764116,-6.5956755
SHC3,-0.33308238,5.007072
PAX5,7.239839,16.66334
RCHY1,2.7452817,-14.703899
ABCA1,5.2676997,1.7361102
CCZ1B,2.731926,-6.8208046
IQCA1,4.889012,0.9709456
GREB1,-0.11865555,-7.0087056
PRIMPOL,-2.0483508,1.682637
MID2,5.3413672,-11.375785
CYP2D7,2.997352,15.603187
FOXB1,5.0402308,0.97265303
KLHL25,13.107957,10.729096
DGKZ,-1.9728721,-9.535673
ODF3B,-3.9612882,7.8573937
KDM4A,-0.48465466,-1.420341
ZNF334,11.357546,-10.7906
PSMD7,14.141803,-3.842292
ECH1,-8.105291,4.5900908
MGME1,-3.5500119,8.959311
SLITRK4,-6.525045,-0.529082
PRTG,5.308079,4.2762723
FNDC10,4.3337793,-1.820193
ZNF747,1.262601,4.2540026
SFPQ,0.85180455,1.6188523
ASB13,-3.9285886,-3.4531562
CEP85L,-1.6176293,-4.853234
APC2,2.3423536,8.31386
ATP10D,0.11481193,9.619302
SMOC1,10.642858,8.371735
DSN1,1.2688556,-8.061181
TUBA1B,-9.779445,0.19539641
CTSB,-3.8051584,3.005188
CYSTM1,-4.106113,-4.802245
TATDN1,9.322841,3.5400448
PTPRF,2.3571048,7.9222054
ZNF107,-4.703675,0.591064
CREG1,7.196678,-8.727895
TM9SF4,12.185282,1.349919
CFD,-1.2839506,6.415717
CCDC30,3.8281999,0.74088836
HS3ST2,-9.072794,-3.6691418
RAB11A,2.7699516,11.880797
PLD5,-9.091144,9.102388
DLC1,-2.2772093,-0.39535993
SEH1L,-5.2079964,1.3106842
HAR1A,2.3230376,-1.771545
CCDC40,6.9029446,0.49496156
MPPED2,-6.004613,-1.3969002
MRPL14,-5.1078377,1.1330512
RNF113A,8.645652,1.119861
VKORC1L1,1.887421,12.398362
CLDND2,-6.8330927,-3.6198275
RPRD2,0.1699389,-5.060253
GIPR,13.047426,10.78811
RAB43,-9.094323,9.105566
YWHAE,11.585569,0.99806535
EAF1,-0.24104005,-9.45475
RABIF,-8.994329,9.014791
PTPN7,2.5414631,2.7687786
KCNB1,0.299573,0.101828754
MYO19,3.0732396,14.890153
DACT1,9.536522,-4.3343873
METTL25,-4.680211,6.1888337
AJUBA,1.8136237,-9.405504
NUDT14,-0.0450055,12.574857
ZBTB8OS,-1.6787186,13.396485
RCN2,-1.0845071,-2.491252
TMEM44,9.217258,-0.66967493
ZNF610,-3.0459719,10.794436
RAB26,4.4630413,-1.7139362
PHACTR4,-2.7352128,5.1038017
ZNF45,6.30561,-6.126246
CCNA1,2.309694,-1.7885358
GNAI3,3.4642797,9.589646
ACTR1B,-1.3220966,-8.941868
EXOSC5,-0.19211014,9.962208
PPP1R11,2.8820512,11.831131
TMEM267,2.8626945,11.888996
GPR146,10.830963,4.0282726
PFDN6,-4.823387,0.7411601
GPR155,-11.829022,4.089483
SCART1,-5.9837027,8.216071
LILRB2,-3.5474198,3.9037044
MRPL19,4.4332967,-9.581449
MXRA5,1.4974046,-9.48684
PDHA1,-3.8336961,-5.128118
TBC1D8,12.757859,2.6518881
SRGAP2C,-3.7607653,-5.373607
PROS1,10.371924,4.049681
TMEM216,5.23493,0.77280104
PNPLA2,12.625538,-1.906335
BORCS7,9.759649,0.48426273
SPOCD1,1.2379481,17.42722
SNTG1,10.891581,9.703224
NLGN3,-1.2128174,4.458784
TGFA,7.6243734,2.2197392
MCF2L2,-5.847722,4.433637
NAV3,4.3713717,7.68193
IKBKB,8.688821,-4.5487156
FAM43B,0.18852954,0.11886526
SLC5A3,3.6483402,-12.644684
CSNK2B,8.352183,12.31916
YRDC,4.6151586,-12.409606
WDR11,-5.293493,5.9567285
COPZ1,-8.086149,4.559913
VASN,0.098033756,-6.750532
A2ML1,-0.1919615,-6.7512817
UBXN10,4.7462254,0.6082449
GTF2E1,14.264881,-0.79544735
NDUFAF5,8.5327425,-7.107571
FLJ27354,6.165405,7.962707
ZBTB10,2.0449865,9.981939
ZNF581,12.129883,7.5449057
NEDD4L,-5.9787226,-1.4336966
ETFDH,15.235609,2.8839617
SMPD1,-7.774995,0.9155417
MAP4K1,2.2822497,1.3532878
HSD17B11,6.896701,14.712511
ELOC,-5.992926,2.158229
ABCC1,-0.32719657,1.2113916
MAGIX,6.0301604,-1.2741678
SDSL,-5.3488445,1.6493435
SPPL3,-3.9764059,8.041637
HSF4,2.8531394,15.802382
CDHR1,1.9341931,-1.0703564
STX7,13.320075,10.555179
KLC4,-9.80856,-6.8823123
DRAM2,7.2009606,-8.744826
PABPC5,3.462921,6.2483983
ADCK2,-0.17853494,10.001912
PLVAP,-3.6512713,3.8127837
BTBD11,0.28037205,0.12844273
LILRA4,0.46145168,2.897585
COLCA2,5.235882,0.7746066
FHOD1,-3.9738681,8.050169
FAM122A,2.6376383,18.600195
KCNAB1,-1.5414495,4.343297
COL8A2,2.2905896,2.318218
TBC1D5,12.119233,1.3420124
ADAM15,10.956799,-10.760414
SHF,5.0828285,-0.5788689
RABGGTB,7.107068,14.338577
RIPPLY2,-4.852329,0.77372533
LRRC32,10.128751,-1.4027113
BCKDHA,8.831685,-4.538083
KIN,5.5187936,-9.498544
RALGAPB,3.8105536,-6.984988
CECR1,1.3191003,2.8536777
TUBG2,-0.58160186,13.129796
LYZ,-3.9417198,7.5422835
PLA2G7,2.434069,2.8204606
TEX30,5.024765,11.40497
ORAI1,10.02523,4.6949673
ZNF160,-2.9863625,5.5093417
CENPJ,0.33132002,-4.977587
TMEM206,2.571287,5.0188403
GNPTAB,-1.7328138,4.498788
RORA,-7.6141644,3.5800912
VHL,-0.12063873,-1.6424953
CNTN6,0.21205513,0.14647444
IFT27,-5.2470794,1.6276542
TRPM6,6.138886,8.024496
DGCR9,1.901469,-1.7215116
TNS2,-9.598301,-6.998301
NPRL3,-4.617532,-4.454505
DDX20,12.144589,4.6568003
ZNF234,-3.7467542,-3.660643
PCSK1N,4.6013317,-3.0565042
TMEM88,1.2615489,-9.53759
CATSPERG,0.1336628,0.03802256
SNHG16,9.698628,-8.273484
NDUFV1,7.6359863,-9.397554
METTL3,-3.7970376,6.1528144
BATF3,-3.6353028,3.8681123
BLMH,-0.4142195,-6.4571333
TRAF3,2.3039978,-6.8060384
RBM12B,13.034924,-7.3309603
MDH1B,13.103331,10.735583
AKR1B1,-3.8633792,-5.0072036
GRN,-3.6150837,2.7688107
RNF112,4.3871503,-1.0393149
FGL2,2.3789818,2.2056189
SYN3,10.31564,3.940118
GEM,-0.57484907,7.908911
AMZ2,8.242986,8.317163
SEZ6,3.1255941,-2.0551934
ETV3,5.2719245,-9.473303
PRRC2A,2.4268281,8.223026
FAM220A,3.5585206,11.839293
TPRKB,-2.112024,1.6182151
PRR4,15.9936495,5.69746
COQ3,10.359697,4.0423007
PDZRN3,-7.0785723,4.1571693
SAT2,-5.223912,1.4438794
LYAR,9.327964,-7.87752
GJA4,-7.1378174,7.462892
BIN3,12.592645,-1.872166
CLCN2,6.0698934,0.33889526
ZKSCAN7,-4.719117,6.159647
PPP1R7,-6.024366,2.183244
MTERF3,-0.36592194,3.6200817
HES1,-6.961355,7.008554
SHH,0.190822,0.10256251
SLC19A1,1.4174091,-9.453479
DCAF11,6.666821,5.279549
LYL1,3.6302226,2.8100595
MYO5C,2.7250319,-12.173843
THBS3,2.3301885,16.424665
POLH,-0.10487442,-2.1724741
PRX,10.810842,4.060969
FIP1L1,6.7077966,-9.322489
SLC26A9,-2.0747223,-0.4338649
SYT16,7.250183,16.671238
CREB3,9.235465,8.096703
SRC,0.1645633,0.4450406
TTF2,4.6496396,-0.39246923
TMEM158,5.0840287,-3.5974996
KBTBD11,9.29072,2.460497
SCARF1,10.1783285,-1.3741118
MAPK13,-9.763534,0.20975597
CAST,3.1369174,9.677139
RSBN1L,-2.8838692,-4.844259
SMCR8,2.6307423,-6.7052712
DHX32,10.0905,0.49127936
ZNF845,-3.7929442,-3.6142657
MRPL36,-5.587753,2.3235672
ATF5,8.65372,8.067108
ANKLE2,-1.934903,9.0062
DDX19B,8.222619,8.341788
GMCL1,0.5901548,-2.145375
SELENOI,11.642075,5.0290384
CMC2,9.335506,3.5331023
DNLZ,0.68650275,13.47779
TACC3,8.831025,-6.7586393
FMC1,9.120371,8.059481
ALG14,-5.1124887,1.1764852
BOLA1,0.9290371,13.968117
LRRC61,7.1175394,0.15543672
GFPT2,6.5238223,4.160061
TET3,-1.8628383,-0.3580392
MPV17,9.572507,8.047824
ASNSD1,2.9680958,-12.380623
SPAG7,14.060243,-3.819307
EIF3L,6.9174643,14.653316
FANCF,-2.7745874,10.572165
ZIK1,2.6720893,18.5724
FAM133B,9.82815,1.5168897
DPYSL3,5.188649,0.7216405
CD109,4.9842987,1.458768
EBP,4.7174244,-0.4701386
TRPV3,6.295907,7.960473
CACNA1D,9.051434,-7.763349
FBXL7,-2.193406,-2.125495
SLC38A1,2.3434446,-1.7644457
HYPK,1.6115155,15.858465
SLC17A9,2.5146608,2.74053
CACUL1,0.41855067,9.142863
DCAF12,1.4206814,2.13976
JPH2,7.268793,-0.5299198
SCUBE2,-1.1911873,4.378659
MPO,3.633389,-12.59124
RPL3,7.091576,14.358627
AIM1,-3.8845248,2.315578
NOXA1,-2.6256144,0.5995943
CENPC,3.192836,5.914919
FLRT1,3.6067336,-4.0429535
PRR36,4.0688863,-2.4463053
SH2B1,9.894445,1.6081952
DYNC1H1,2.042241,9.980969
ANGPT2,-1.6111544,7.779806
RER1,-2.0850115,-3.324199
RILPL2,-4.016523,2.9724922
CKS2,6.1579914,-11.696252
REV1,-2.7377512,5.2464395
PYGL,-2.060332,2.7598422
SERTAD2,-11.854641,3.3347204
DPH3,-0.9625744,-3.9503064
SHISA3,5.443801,4.774874
ZCWPW1,6.092922,7.489396
KCTD5,2.9846942,-6.593985
CROT,5.265386,1.6103042
C1QTNF1,1.6867768,-9.451212
NCAPD3,1.543141,4.249407
BSPRY,5.3405566,-3.9164956
DNMT3A,7.6290226,10.369151
ZXDC,3.3375282,12.014757
ZNF502,-5.1254396,14.914912
SLC25A39,13.708191,3.7930553
ZNF678,3.1933017,5.926093
FAM163B,4.1744666,-2.6880293
HHIPL1,-7.703233,3.4303885
ZNF841,-3.7085295,-3.7059102
METTL15,-3.0659647,10.809637
AP3M2,2.0060492,11.911734
CCDC149,3.8167245,-6.992587
SLC38A9,4.48467,7.9295263
MTIF3,8.503085,3.851149
ZNF318,-2.7514753,5.257215
AK9,4.272404,-4.8414226
PER2,-0.030188791,-1.5264976
SLC35G2,-0.28058332,-12.2581415
KLHL9,-2.5707984,-0.81424284
MTMR11,3.6199734,-12.626522
BVES,-1.4662806,0.3087676
APAF1,-9.347489,4.200206
PDE4B,-1.9494247,9.023241
BSDC1,-2.764029,-8.3413725
GAS2L1,2.3540168,8.293328
EPHB1,4.7523313,-2.9353514
PKIG,10.214572,5.533648
AK8,-9.108818,1.3721125
NAGLU,-2.2413712,-10.901744
RPF2,-2.10333,-3.3537703
TMTC3,3.3928478,12.0179205
SAMD5,-5.7043233,4.2977705
RPA3,5.0247035,11.405206
TUBE1,-2.080953,15.961957
DVL3,13.704743,3.7916324
STK17A,4.637651,1.7933965
E2F5,6.468204,9.348495
FLJ20021,-4.7302194,0.63036495
MCM9,13.105246,-7.398208
FAM84A,-0.7407196,5.3530416
HSCB,-0.9460797,7.971173
TRIM66,11.372868,-10.781749
MED12L,-6.158068,0.8460802
APOC1,7.0501213,-2.1047583
RAD23A,1.5562212,15.837641
SYT9,2.900567,4.952048
CPSF4,-4.864774,-12.009349
AMN1,-9.104567,9.115857
ELMO2,2.7721071,11.874477
ZW10,3.4961534,11.805959
PMS1,-4.9846797,6.9824
CYSLTR2,1.3309226,-9.658649
COLGALT2,1.7232909,4.5985303
TYW5,4.6182747,-10.671349
MT1L,1.4084476,7.624161
SPIN2B,-9.787103,0.14863917
UQCRHL,-5.9863667,2.155301
C7,12.795614,-5.5051746
LIPT1,-3.9775076,6.1908264
UROD,17.141329,2.8276336
PEX13,3.5684104,9.507497
ZNF138,-1.9209304,-9.532358
RHPN2,6.2113633,4.5182414
TSPAN31,1.3074,-6.106545
SUMF2,6.7582517,-5.662913
VPS33A,-5.0037775,1.011333
MIEF1,-3.7864647,-5.4310455
BLOC1S2,2.8478942,11.892683
RNF8,-2.2649453,-8.194733
DNAH10OS,8.596012,2.4944139
SEC22C,-4.199661,14.061112
CDH6,1.0434254,9.936219
POLD3,-2.8453484,-4.8943
ZFP36L2,-3.9441803,2.9589295
ZFYVE26,1.360243,-4.983097
HPN,2.377606,4.9592304
BAIAP2L1,10.815506,4.059091
ABCD1,3.2286396,12.103099
SSTR2,2.0138721,-2.70573
NFE2L3,6.0758777,8.089194
DDO,3.7656987,-9.17499
SPIDR,-0.51677066,-7.1859536
HMOX1,-3.9671707,7.90754
GPX3,4.241141,7.201548
DCLK2,-0.0747327,-6.930474
TXNDC15,15.829095,-6.727633
COL11A2,10.573184,8.391492
RHOBTB1,-2.6621752,5.276264
ZNF322,8.279907,3.690297
CMC1,-5.5855346,2.3210676
SLC16A11,-0.55441463,-7.1628184
BICD2,0.49899185,9.248345
SLC5A6,9.424696,-2.1575656
STX6,-2.2014627,-2.1367188
ASH2L,-1.1084421,-3.7510717
INAFM1,-2.258995,-8.191145
TMEM117,4.224367,7.2175784
N6AMT1,3.3722405,6.4433665
DCP1B,1.8412842,7.545976
OSGEP,4.410919,-12.23975
IFIT2,0.0946607,-7.9295683
PRDM8,-7.7939067,3.9817042
ARHGAP11B,8.623188,3.2763326
SYT6,-0.86449444,5.4361362
LCAT,12.965146,10.862861
NUDT1,14.379802,0.4622707
PPP1R1A,5.3500204,-3.9539096
ABHD10,1.8328816,11.53199
CBLN4,4.592033,-3.07653
DLEU2,8.9985695,2.7267232
MAMSTR,5.7779393,11.541949
MSTO1,7.546552,-4.657307
FZD10,1.1885448,-9.854367
DGAT2,4.9989777,-0.5403472
ZNF282,2.3183463,8.355852
TOR2A,-7.237156,-5.8360844
ANAPC10,15.286988,2.8442636
ZSCAN22,2.6632557,16.938198
ESRRA,-9.815544,3.8365986
HPCAL4,4.242244,-1.0395904
TMA16,6.057703,15.991092
UBAP2L,5.1781034,-5.993608
ZNF275,12.5526495,-0.26701373
RIPK1,-11.878037,3.247273
APP,-7.659532,-9.323085
NKAP,-9.790681,3.8510005
FBLN2,-1.4696795,4.123985
SCARB1,10.414414,-1.1360815
IL11RA,-6.359367,8.390218
RNGTT,4.7436686,-13.829928
COX4I2,9.446763,-1.9645319
FAM19A3,-6.157327,-0.41534808
NSA2,7.1158214,14.334294
TMEM191A,-8.935737,8.9652605
CCND2,14.015766,8.926329
ACACA,1.9795032,11.8733425
ELOA,0.7936753,6.479635
LRRC41,6.0450196,0.30781624
BPNT1,-1.2156146,0.53764987
BCL9,8.289454,5.309213
TRIM11,-1.9340887,-9.539842
THUMPD2,4.004941,5.810616
THSD4,-3.1557455,-0.08133523
MROH6,-7.2620096,-5.8188076
NDST2,9.572574,-4.2949333
CLOCK,15.654824,-6.5588927
DARS2,3.1447861,4.7014236
NELFCD,10.419226,8.565848
TXLNG,6.4682646,9.345613
RFX1,1.6265168,15.860871
RGR,13.308233,10.552383
PCGF2,-1.9373838,-9.546359
HAUS4,-3.9741862,2.9637887
SUGCT,6.3803945,4.390662
TDRD10,10.452581,-1.1596451
ZRSR2,-9.589479,-7.0182705
HMGN4,10.011037,6.125907
DUX4L50,-5.976576,-1.7735676
SYNE1,-9.821042,3.8323522
ILDR2,13.282274,-4.7468815
SBSPON,5.6852036,4.3233275
COLCA1,13.104256,10.735854
RUVBL1,-4.807054,-11.950761
FBXO33,14.249925,0.18903776
PRKD2,-9.004501,9.023428
MBNL3,-3.8286827,-4.8340883
PRDM15,2.0437303,15.8725395
PLA2G4C,1.160742,9.767695
RDH11,-1.1196653,-3.7422853
CEBPZOS,9.575252,-7.6786976
FLOT2,-9.83457,3.8263028
PPP1R12B,7.658353,2.456427
ZNF827,6.078865,0.83237875
TMEM116,10.011412,0.5068434
CHMP4B,-5.967774,2.1391797
ING5,2.368482,16.36047
CAND2,5.228582,-1.5436046
HOMER1,-5.8379326,4.415118
ABCG1,-1.6803627,0.6518985
EIF2S3,6.908828,14.698896
CH25H,9.232933,-4.598862
PIGS,-3.7926273,-5.3299513
MTAP,-2.5248916,5.455632
CYP46A1,5.653278,-1.9993802
PSMD5,-10.850022,7.3496375
RIT2,4.749862,-2.9398017
GXYLT1,2.039865,9.982391
TAS2R14,7.4887586,2.5727632
HCG18,8.132843,2.7259147
AP5Z1,16.983553,2.6286795
TMEM185B,2.2568483,7.267237
N4BP2L1,1.8962947,12.389387
THG1L,2.7589636,-6.819133
ZDHHC2,3.5472262,6.064133
ETNK1,3.3627956,12.046432
MYH14,9.672941,8.078796
CAPN9,7.6157603,1.903017
TMEM109,10.002578,-1.5715109
DMPK,-0.9427668,-3.9306087
DNAJB5,-6.958764,7.0237737
FKBP1A,10.430987,4.3631535
KHDC1,5.344224,-9.480076
MYZAP,-0.9375184,-3.9772596
SLC43A1,-7.939944,4.375676
UBTF,3.1700811,15.5504875
PANK1,5.764782,-2.113377
CSGALNACT1,4.9028215,1.1520432
ADCY3,12.739813,-2.3403842
PILRB,2.33942,16.391466
CALCRL,10.882309,3.9549098
GABRA2,-0.6392997,1.5519093
TTC19,-3.7200816,-5.318998
JAZF1,-1.2948084,6.435226
S100A1,8.573712,2.4938128
YAE1D1,-6.53409,-6.155443
KHK,-9.335811,-0.030769335
RRM1,9.837005,1.5315089
LRCH2,5.9362884,16.128584
ZFYVE19,-8.925173,8.956483
AHNAK,8.553358,5.615035
NFIB,2.2107,7.2963967
TMEM192,5.0040097,1.4202443
COX10,-3.6983933,-5.263709
PCNX2,0.26025072,0.2750303
DENND2C,-7.050239,4.1626515
CITED2,-0.6304938,-3.8683538
FGD3,3.6191716,2.8632638
EI24,0.09961672,-7.931185
FAM161A,-2.8578305,5.465701
PALM2,-2.2047498,-0.3972194
HES6,10.514656,8.409944
UNK,3.1706836,15.554851
PPP2R2B,-3.737064,-6.016913
CBFA2T2,12.138835,7.2268996
HMBS,1.6415236,6.2987347
NUDT13,6.558624,9.220422
SLCO2A1,-3.1403792,-0.07898633
EXOG,16.12102,5.820268
SYNPO,2.255941,-6.8421316
PKD1L2,-6.2366514,8.573268
NACC2,-0.1976982,-2.264013
ZDHHC13,2.677338,-4.9501376
PDS5B,3.3918495,12.02146
MAZ,6.010417,-1.2782444
NRGN,5.287868,-3.8302908
ZNF358,19.770454,2.3310306
SALL3,15.137614,2.9590693
TEX10,0.81175905,1.6050894
SPRTN,-4.8359466,6.835617
ZNF503,5.312266,17.772423
CX3CL1,12.487806,2.66975
SKIV2L2,-2.2861223,-0.47590518
HAPLN3,-1.7589729,7.6998124
IFRD1,1.6104091,7.849777
GPR89A,-1.0620728,8.317729
CDA,10.421205,4.2295213
CCDC121,3.5372968,6.0866776
PINLYP,19.71169,2.3889785
MYO15A,3.608519,-2.1739895
ZCCHC10,5.923938,16.141954
HSPB6,6.3138723,4.4779687
NDUFS4,-1.3945112,13.501097
FAM162B,1.2666992,-9.637716
SLC52A2,10.378252,-1.2728534
WDR83,0.49559397,13.656251
LIMS2,10.444353,-1.1739452
HAUS2,-9.633071,-1.4840131
PDE6B,11.418979,6.398038
GOSR1,8.661006,5.716978
SOX1,-0.2525305,-6.645031
SARDH,0.026571723,-6.710904
ELF1,7.1988034,-8.738742
TRRAP,5.227247,-12.431348
FAM89A,1.3624421,7.5915155
WIPF3,-5.9829025,-1.466863
IL1RAP,-1.2737926,4.4305625
KTI12,7.7048225,-5.3184013
TIAF1,2.5452416,4.963369
HDLBP,-0.4879393,-1.4375579
MAN1C1,7.7355065,-5.285349
ZNF668,-7.440099,-5.729346
NAA35,3.7244122,5.9815598
LAMB3,-7.995377,4.4164233
MYL6B,-5.941961,2.1199667
PIGO,-2.1897516,-3.365991
IMPA2,1.4261708,2.119078
ZNF544,1.5203855,4.2257624
CPXM2,6.992959,-2.0691957
CNPY4,3.3699126,6.4443264
GEMIN2,9.335182,8.191009
ZDHHC22,-0.33333996,5.0031686
ATF6B,-4.597351,-4.4707103
RAD51B,12.120711,1.3436937
WDR60,0.16383548,-5.0688715
RNF103,-4.663302,6.6527843
ANXA11,7.268279,-0.5208246
ACAT1,6.2361164,4.3978677
MYCN,2.9117215,4.915693
ZNF808,-7.5536175,-5.6735845
EIF2AK2,13.116497,-7.4200344
ADGRG6,9.674025,-0.8065331
AAMDC,0.07045761,-7.9242163
SIAH1,4.0040445,5.8182964
MAPK3,-0.17461978,13.227995
ZNF629,2.6468687,18.59133
FAM50B,-9.808034,0.1544668
MRPS18C,14.109595,-3.8486757
ERN1,-6.8822618,7.0453796
PLOD2,7.2371683,-2.3164117
STK17B,5.305572,1.755076
CDH24,-2.3104827,-0.49338016
GRAMD2,5.222411,0.7662292
FBXO2,-4.6941,0.573744
MSX1,6.349022,-11.751614
MED25,14.090858,8.987278
EIF2AK3,-2.172779,11.202982
BRD1,6.4997334,9.081018
GABARAPL2,3.7632034,-9.174102
SEC16B,-1.6738759,10.9232435
ZDHHC24,7.022523,-5.422498
TUSC1,-5.2229958,1.4368289
GGCT,0.13078724,13.788605
TBCCD1,-0.18844932,-9.487447
MB21D1,9.273296,-4.5424604
LNX2,3.0680647,4.61191
FBXO17,5.0320497,1.4976363
CARNMT1,4.1613994,0.91159135
GCNT1,9.17495,-0.6937679
SLC25A37,-4.1721826,3.9204495
IPMK,4.0566278,5.7713537
R3HDM2,-9.794626,-6.8970995
QPRT,-2.4630039,3.084002
RLIM,-0.14837104,-12.385225
DNAL1,4.7756257,0.6693032
ODF2L,16.108007,5.8083043
RAB5B,2.6124713,5.337133
RAD51C,-6.033255,2.1838543
PAX6,5.0502076,1.4933743
NEB,2.264093,-9.334046
EXOC6,9.19565,-0.64733076
NXN,10.43217,4.3005576
PCDH19,5.768014,-2.102893
METTL22,0.18783,0.35616967
PDE12,12.861975,8.278116
POLG2,-0.35734522,3.6308358
CYTOR,12.481603,2.6776972
HRC,1.8268104,-9.405211
RELT,9.232077,-4.5714507
PPIH,8.653355,8.062349
NUB1,15.716733,7.772212
ARIH2,6.2243204,8.34592
CBLB,-4.2354584,5.615524
HRH2,-3.7904813,3.8393312
B3GALT6,-1.9883722,-8.696459
SLC7A6OS,12.736001,-2.2933416
IQCD,4.0251217,0.8409215
ZNF706,-3.5722299,8.980445
ITGA7,4.364933,1.9295747
FGF11,1.6949223e-05,-6.696138
TMEM88B,1.0512371,9.899989
EOGT,-3.1482065,-0.07872119
RUNX2,2.5112414,2.7309408
BCCIP,6.6501274,-9.335486
TAF5L,5.4426217,-9.492036
NPM3,-0.6554732,7.4602957
KLF8,7.9543424,-6.897475
LRRTM2,3.5382824,11.836407
CNN2,-7.098297,7.4160423
CRHR1,1.8873053,11.6461525
FICD,2.4402525,7.142284
DHRS4,9.08589,8.047343
MLLT3,1.9777437,12.30341
PPIF,1.4773537,-4.5481052
LIPG,-1.2896404,6.424536
VGF,4.5919967,-3.0795217
TMEM45A,3.6105714,-4.0564666
TMEM143,-6.589971,-6.1299105
QRSL1,-3.8137004,6.169515
ZNF619,6.8590665,-9.392527
GFRA2,14.348248,0.4265967
EHD1,-2.2411284,-10.901862
PRMT6,10.314776,3.9364142
TAC1,4.2604594,-1.051238
HSPA7,6.366012,-11.75955
RASSF7,5.331629,-1.4614686
TRUB2,-1.3819159,13.500868
WNT5A,2.4941962,2.7861412
ACOT11,10.022106,-2.7957203
RAB8A,12.867385,8.290273
PDCD11,13.234814,4.847018
RIC3,-4.7423453,9.580719
TMEM181,4.627594,6.7430177
LSG1,-0.8278518,-9.206216
MTMR3,4.9797916,0.9008515
ROBO3,2.1290364,11.843176
FLJ37453,12.13364,7.23039
SSC4D,-2.5805514,0.5489202
MSLN,2.3198955,2.2809207
E2F6,-4.629939,6.611596
POU3F3,10.640186,8.360257
MIPEP,14.598951,-0.83591735
ZNF41,6.780698,-5.636492
DHRS13,-3.556335,8.96724
APCDD1,-7.450101,3.4546542
GNRH1,6.465271,9.354244
DHX33,1.2708788,4.2630215
PHGDH,-3.576036,8.99242
TMEM39B,0.17864901,9.6023
RGS16,-5.963124,-1.6484636
FAM83H,-0.34298018,1.2261225
PACSIN2,-9.818777,3.8316848
CYP2C8,-11.737902,3.6530428
ENDOU,5.4518523,4.7814126
LCNL1,4.407692,14.934387
SURF6,-9.596782,-7.0199246
PAOX,1.5964308,4.420779
KLHL35,-11.871289,3.2706456
ZNF777,-0.11341309,10.098829
HELZ2,10.153867,-1.3828477
SH3BGRL,3.544676,6.0992966
PACRGL,2.0147858,-2.615697
CD248,1.8206489,-9.39936
DIAPH2,-3.4278283,4.0069227
IGIP,-6.389642,-7.8904767
CYB5R3,10.112131,-2.7921782
AKT1,10.222192,5.5356607
VAT1,-2.252153,3.3092122
DPYSL4,9.362452,15.450185
NRARP,-3.98179,-0.077857606
RPS6KA6,0.18011981,0.110006474
IFNGR1,10.92755,3.9177134
FBXO6,0.035008725,-6.7748
FDFT1,4.6135035,-12.422922
TMEM86A,-6.158074,0.8514814
CTSZ,1.739618,2.3462558
METTL23,10.652783,-6.4128356
TSTD1,6.3068852,4.69828
WARS2,12.454402,1.4021473
B3GNT5,2.3840501,2.1370153
CA13,12.4790535,2.6735523
TK2,5.64088,3.4491653
MACF1,-5.0630536,7.0415936
MREG,-9.807695,3.8422744
ZNF785,3.1356936,15.508486
ZNF425,9.77959,-4.1847754
ARRB1,-7.695908,3.4772837
SPRY2,6.1848197,4.6043787
LZTR1,-6.159779,-11.138442
COX11,2.7454114,-14.70423
PIWIL4,8.301394,5.3182697
PHF1,5.302904,-11.347047
ARPC1A,2.5116863,-4.068924
RGS3,6.709739,-9.240595
TXLNB,4.159145,0.92267525
TST,6.6481595,4.957848
TTBK1,-6.1574564,-11.136071
MEF2D,8.258658,5.28411
FLNC,1.4854912,4.406435
CPAMD8,5.485112,3.765108
KCTD11,4.0268817,-12.958438
GPR153,5.36906,-1.44607
BEAN1,2.011851,-0.94444305
IFIT1,11.303801,14.77025
OSTF1,13.096602,10.743686
TTI2,4.405241,-12.238802
STARD3NL,-3.6664135,-4.597281
HGH1,7.197599,-8.69408
IRAK2,6.5771737,9.241935
WNT3,5.775877,-2.1046221
KIF9,-4.7811007,0.6901735
EDRF1,-4.9884434,6.9852285
GATAD2B,1.7235316,4.599152
SOX17,9.406056,-2.185231
P3H2,14.336472,0.4066683
SUMO1,16.115143,5.812642
RUBCNL,-3.5437572,3.9296987
ZNF436,10.064898,5.9737253
ORC3,-4.9175186,9.900299
SLC26A6,1.5433438,6.409212
SEMA3E,3.9771097,1.7781855
THBS2,3.6629198,-4.101878
ZBTB4,-1.167063,12.15365
TMEM241,7.90427,-6.8969173
CBX5,11.572864,1.1272167
MORC2,3.6487575,-12.645782
CYP1B1,-7.2813163,7.5900435
B9D2,7.310919,2.3206031
SLC25A27,4.0676603,-7.243972
TMEM177,8.7867985,-4.5437446
STIM2,-2.081106,15.962472
SDHC,9.342274,2.4903119
MRPL10,8.963628,-4.5397983
INTS6,11.141187,-0.53940046
ALKBH1,2.995502,-12.3533535
CORO7,2.2678158,4.907064
RFC2,10.200239,5.548833
CDH2,5.066774,1.427871
KIAA0556,-7.9795866,4.4133215
GNAQ,5.6896186,8.000154
LAMA4,6.04404,0.28559503
MRC2,0.28789628,2.8068428
HMGB3,6.6602225,5.3278933
DCPS,6.65483,12.419116
CDCA7L,3.3558624,6.4550786
TIMM21,-2.1156843,1.6258545
POLE3,8.570856,3.33662
LSM11,2.288885,-4.858644
ECM1,14.788642,4.5913577
ZNF417,-2.4403617,5.564649
ASPDH,-1.4606357,13.4532175
RBM45,-4.258977,6.2246428
ANKRD11,-1.1672297,12.152923
TCEANC,13.003094,-7.3021326
FMN1,5.213798,17.671448
CENPH,1.2846013,-8.07306
PDGFB,9.397429,-0.73145884
ALKBH7,9.528688,8.086578
LRRC4,-0.3343175,5.0103884
TRIB2,1.4529662,-9.461519
ANAPC1,-10.970641,-3.0810075
SIDT1,4.1433935,-2.621
SSB,-0.2146714,-9.451387
ZNF793,6.9059596,14.729521
ZNF415,8.450598,3.420655
GPATCH2,-3.0077252,10.764869
TSPAN2,1.9934424,-0.9512978
DCUN1D2,-9.045406,9.05887
RCN3,0.475249,2.9014492
NUDT8,-9.102412,1.3781866
LARP4B,14.175559,9.060974
KLHL20,6.0566278,16.00012
ZNF304,10.297139,5.2277746
FAF1,12.176989,2.8290174
PQLC3,8.281908,5.3014765
PAQR3,6.0162487,16.040903
ZNHIT2,17.262255,2.964093
SPIN4,-1.0091643,-4.4409475
E4F1,17.259056,2.9623709
ATP7B,1.6184412,4.4542117
PHLDB3,4.79737,6.680204
FZD7,5.2718554,0.80428326
GPAT2,-3.609238,2.747955
NUDT6,5.344916,4.2471414
PGM2,-3.9606307,8.059346
GDPD5,0.2510442,0.2992582
KCTD1,-7.3242903,4.102794
CDKN2C,-9.583011,-6.61798
UBE2T,2.3991704,-4.7463584
LRRC75A,5.7134604,-2.057657
SHMT1,10.649925,-6.4089584
PLEKHA2,1.5801134,2.2469685
NBEAL1,9.903433,6.393938
FCGR3B,-4.18322,3.9370186
BACE2,1.1360229,4.1469727
EEF2K,10.039721,-2.8332217
POLB,-6.035434,2.185826
PEPD,9.085709,8.100794
CNNM4,-1.0905455,10.023341
ECD,-1.6698198,0.14469391
DXO,-7.317485,-5.8176365
PDCD5,-1.6563686,13.400185
KLHL18,6.0046215,-11.659899
CNIH1,3.806198,9.220834
ST8SIA5,1.8717039,-1.1447378
ARMC10,6.215577,8.32575
DBR1,8.6608,5.7759104
ZSCAN9,3.1238837,15.041805
ANO10,7.5901046,-9.380133
PALB2,-3.0729656,10.811642
LRRC10B,5.3579497,-3.9429128
UCHL3,6.9098926,2.0828717
TMEM229A,8.809261,-6.781279
BTN2A1,-1.1088653,12.153801
FEZ2,-6.5301065,-0.52862865
SYTL2,-7.8362145,4.302161
KCNA5,5.699371,4.3132496
ZNF276,6.150004,7.9794917
NDUFV3,-5.249472,1.6631309
MTCL1,3.953112,-0.77061737
PRDM1,-4.2136364,3.9651463
NCOA3,2.636719,18.601994
FAM184A,14.2312155,-1.5401907
PPP1CB,-6.8270946,2.5918732
RENBP,10.522925,8.454066
BORCS6,-4.723972,0.62233675
SPCS1,-3.6608105,-4.5960546
BRSK2,-1.9079238,-8.689869
SCLY,-0.32320848,9.875711
NR1D1,2.7378888,18.503263
VAPA,4.7269416,-13.812108
OGFOD2,-6.760645,-6.035883
FAF2,15.840834,-6.7387657
MRPL44,8.224611,8.332075
RAI2,-9.816253,3.8318126
ID1,-7.246507,6.810266
MAP3K1,1.2061573,-13.028548
NET1,9.158258,-0.7110596
CNTN3,13.273374,-4.750327
RCOR2,10.598535,8.354978
ESYT2,9.202666,-0.70011204
EPG5,7.566936,-6.84928
GBGT1,-6.361044,-0.7247661
DNAAF2,-1.1111113,-3.7600617
GAREM1,6.2180643,7.3454485
GLB1L,5.237481,0.77082604
SMYD2,2.0326366,-0.92434055
NBPF14,5.425983,4.6220922
SORL1,0.72211623,2.9521654
ACSF3,-6.9387755,-5.9883957
SHROOM2,-6.8262844,2.591427
CCK,-6.0705905,-1.3292711
GRIA1,4.163321,-2.1476188
POFUT1,8.610473,5.7023087
PIGBOS1,14.379882,0.45851398
WASHC5,-1.6495662,0.6064142
NQO2,0.22476086,0.16180049
SYT14,-0.865204,-4.545094
PAGR1,7.0043154,0.3324183
HS3ST4,2.3283443,-1.7573413
PRKAG2,-6.6965003,-1.401557
AKR1C3,-1.0618967,8.298964
FAM155B,14.200944,0.2542994
WNT9A,2.6008468,-4.8877635
CRYM,-5.8149247,4.399759
PRDM11,2.3723109,-6.7682643
BAHCC1,-0.32526022,9.917251
TM2D3,10.75526,2.4691978
DHCR7,0.53669083,9.267649
BMPR1A,3.4682317,9.5718565
TSFM,-2.3431425,-2.2342026
PGBD5,-9.350517,-0.024728322
ZNF480,-2.2569766,5.022944
KCNN2,-1.1913377,-2.3966107
INAFM2,-4.169996,3.937027
KCNAB3,-0.73377365,5.3527675
FUNDC2,14.112484,-3.8502119
ANK2,15.707462,-6.6099343
WRB,5.976173,16.086023
TMEM257,-0.5408453,-7.1539297
VTN,12.864681,8.286109
TMEM65,4.2630463,-4.849437
NES,9.737335,-0.7222261
CXCR4,2.3515007,1.6388686
RPL37,7.130903,14.322871
ACSM5,10.007156,0.5088263
GRK5,9.624234,-1.8532516
ADI1,15.141586,2.9546616
PPP1R14C,10.621628,-6.364473
CHST12,7.716949,-9.7104845
B4GALT3,-7.069281,7.317703
KATNAL2,6.1824803,0.9712104
DCT,4.773516,0.5967738
ACTC1,2.2624702,-9.332162
RIMKLB,9.55586,8.052108
KIAA0895,3.9036763,-7.1043205
PEAK1,11.50257,1.3470237
GRAMD4,-0.066697136,-6.9656043
SLC12A7,3.8599927,-5.4600906
DALRD3,7.127305,0.13642721
TIMM29,14.153856,9.041239
NLE1,-2.5822616,0.5492307
NYNRIN,-11.831801,4.106502
ABCA9,7.9553614,-6.8990235
TRMT61B,-10.962555,-3.0887809
NOSTRIN,-3.1465857,-0.0774286
NAALADL2,2.2417665,-6.8481865
COL23A1,9.99631,-2.7986014
GJA5,10.48834,-1.1337034
SERPINB9,-4.1705484,3.941096
SMTN,9.570259,-1.9401848
ZNF790,6.309044,-6.1242433
CEACAM19,-6.9774776,7.0947723
SERPINF1,2.4086425,2.125463
DOCK4,1.585351,2.26884
NGRN,-6.6407013,-1.3489643
ABCC10,7.650846,-9.392714
UBA5,16.260872,-3.1651483
ZNF781,4.2214746,7.2060275
JPH1,-1.4773344,-0.026028967
PTH1R,9.517906,-2.0257893
DCLRE1C,4.558902,-10.919469
DZIP1L,-0.3882157,9.832034
RABEPK,-3.7410922,-5.9758606
ALPL,10.489261,-1.1072528
ANXA9,4.2020273,-4.1984415
PTK6,1.8523271,6.0202146
KIF17,7.252805,16.671078
ZNF136,-2.008042,-8.684198
ANKRD35,-0.2756634,-6.6248136
ZCCHC4,12.336656,1.4077604
ROBO1,-0.7464389,5.282546
TYW3,4.609728,-13.676457
ADAMTS14,2.3273969,5.350693
SLX4,-1.6567291,10.906949
ASAH2B,0.1949524,0.10766835
KCNQ1,-1.2950878,6.433329
SNX32,-11.834354,3.7416556
LRFN4,-1.9101914,-8.574861
ZNF628,9.895843,1.5800751
MBOAT1,4.194197,7.239505
CCDC152,4.1682043,-5.0056543
PRUNE1,-11.661884,-1.9105681
ATG9B,3.1211464,-2.0530636
CHD2,-3.5263305,8.935838
ZDHHC20,4.068771,-4.193687
EARS2,-3.7744029,-5.34645
C1GALT1C1,-7.6142707,-9.382056
ZMAT3,4.6718936,0.4827638
CXCL8,9.195661,-4.528485
CHAF1B,6.123219,-3.631508
CIDECP,-1.5057175,13.4176445
TGIF2,1.4294194,2.122733
CYP4V2,2.215635,7.2974873
WDR6,13.017624,10.814365
KIAA1614,6.1911607,0.9498443
FARS2,2.7463188,8.011336
POLR3K,-6.022422,2.1791546
TPGS2,2.2504272,-4.337711
SEC11C,-0.7226598,7.6276565
MYRIP,5.2290854,17.686329
MYO15B,2.1154437,5.720215
SMCO4,7.2086105,2.6853647
DNAJC2,3.7251058,-13.50167
CDKL2,6.6883893,5.318555
SERTAD3,-7.0780134,7.416423
RHBDL3,2.475504,8.226681
DECR2,9.78832,11.869849
FOXK1,7.7430744,-5.2955217
QTRT2,-3.8430173,-3.5472279
AKR1C2,2.0351996,-0.9212078
NOL6,8.407494,6.274571
RINL,1.6094166,7.809473
ACOX3,3.1455004,15.020007
ALKBH5,8.376877,6.3077617
COG7,8.950404,14.3091
PKNOX1,-2.9073653,-4.830347
MFSD13A,-1.0807494,-9.072665
E2F1,8.524803,3.2631216
PPARGC1B,1.7567217,6.1377444
DHRS12,9.782212,11.867023
RGS20,6.5469804,4.131045
FAM175A,-6.0855207,-11.069595
HERPUD1,4.0598235,-12.988148
USF1,4.1905346,15.097291
ARNT,-0.1781971,12.927395
WDR97,3.163741,4.7175617
PDE4D,2.7625647,11.865034
PTER,-9.06816,-3.6697054
KBTBD12,0.54518455,2.9184153
WDR54,-4.9277487,0.8833484
UHRF1,1.6444641,7.9994717
GLTSCR2,7.248103,13.273094
ZNF839,8.216973,-4.5532928
MRPL32,3.9017339,-7.080347
PIGN,6.1580467,7.448779
ZDHHC1,10.079492,-2.806296
ITGA8,2.2457864,-9.202241
MRPL23,19.731352,2.3697472
SERINC2,6.5176697,4.8634872
TRIM8,5.043589,1.5088935
VARS2,-7.2635694,-5.8216543
PPM1F,-3.869457,6.2451744
RNF213,-0.6084702,-9.268784
ZNF233,1.9211144,11.68609
GON7,-9.148357,1.3163935
EGR3,6.5581217,-11.823143
OMD,9.228434,-0.70701534
ERH,2.7478137,8.005355
DSP,10.151678,-1.3993227
WNT2B,7.4414134,10.618975
GTF2IRD1,-0.34311357,1.2251879
EXOC2,-2.7521982,10.5540905
ZNF493,-3.0641134,10.811756
ZNF521,-1.6189499,-4.853876
SAFB,0.430976,9.106301
SLC25A45,8.197295,-4.5591846
MOB3A,2.3373222,11.901413
ZSCAN12,-3.6489139,-3.7949796
TNFSF9,-4.98771,0.98531514
ZNF287,14.481924,-0.781793
NPTX2,1.6402836,8.006139
EIF3C,12.740657,-2.336569
TSPAN12,12.138917,7.254803
SPNS1,12.127731,7.193888
AHSA2,7.7117376,10.437169
MBD6,2.913467,11.836063
CYP39A1,-1.9663798,-9.506776
SUPT7L,7.5202155,0.4647759
ABCA17P,-6.157477,-11.136693
NOL9,4.645847,-0.39758173
DOC2B,-11.827729,4.0948806
CYB5RL,1.2079213,-13.031631
TCTN3,5.042285,1.4537553
SNX19,3.2053137,5.9273167
MBD5,-2.7474992,5.2259364
TRIM47,7.2949586,-0.45505446
FAM173B,-0.99974686,12.130616
RAB8B,4.5808887,1.7808275
METTL6,-2.339656,-0.52268714
CNPY3,-1.3040938,6.470608
SLC41A2,8.529873,-7.097338
TAF6,-11.6551485,-1.9060396
TRIQK,4.1816998,-5.24221
HDAC6,6.641156,-9.621761
RFPL1S,1.8060654,-1.6018028
TAF7,4.315755,-12.303006
EPS8L2,14.789425,4.590981
ATP8B1,-6.8513236,7.077884
RPA2,8.510663,8.089134
CDKAL1,-2.0311365,-2.0869794
CHMP1B,3.0981784,11.728697
ARHGEF33,2.338743,-1.7655567
ELOVL5,1.244266,4.2004714
PGM3,12.861977,8.277046
KCTD6,1.9908017,12.272715
ZNF550,-0.108952805,-2.171703
CBY1,7.8110867,-6.869722
PAG1,-3.6712065,3.822359
SGK1,12.85335,8.262334
IMMP1L,7.143108,13.084511
PTPRJ,3.536886,2.7963362
LRRC20,-0.14892723,0.98628736
MPC2,-6.012247,2.1681035
SFXN4,-5.0781283,1.1504037
ZNF213,-0.21135467,9.939388
IPO9,2.4615266,-4.4458513
ATAT1,-0.2126425,9.884386
PTEN,-0.1332226,-14.951781
PTPRT,3.1401076,-2.0588353
EIF2AK1,-5.1320515,1.2190559
SNHG12,-4.177434,3.9317973
KCNK12,-8.914305,8.94052
MCM3,-8.004052,4.443168
GPHN,-3.9666164,8.01445
PMEPA1,1.3253864,-9.476426
TMEM121,0.06098531,9.66613
CSTB,7.420163,-6.8390307
CTGF,-3.1456459,-0.07949213
OGG1,1.1469915,5.961079
PRKAR2A,-0.12855354,-12.397708
CSK,-9.788309,3.8531578
AIFM1,-3.7408085,-5.9222784
PIGQ,7.5130835,-5.1706357
ART3,-9.63944,3.9439273
OTUD3,2.7401876,-6.636634
CA8,-5.958903,-1.6430814
THEM6,17.005869,2.658559
HEXB,1.4302489,2.1119823
ZCCHC14,13.22694,4.8440967
TMC4,1.4142878,-9.448751
SCMH1,0.07322574,-6.783981
SLC16A1,10.960573,3.8857958
FILIP1L,9.599756,-1.8877708
EXT2,15.8457985,-6.7437363
F8,4.7289734,0.5727912
PPP2R1B,-2.7379906,5.120199
SNHG6,8.33327,12.332536
LYRM1,-3.7386777,-6.0038614
THADA,-9.312056,4.0709777
HELQ,-0.61044556,13.136116
NICN1,1.5074341,2.192156
BTN2A2,-3.2433107,14.187014
BCOR,-1.5473479,-0.15869431
ZNF74,12.141249,4.658308
TTC26,7.1154323,3.9707344
ITIH4,1.3298476,-9.617267
FOCAD,1.9741746,-4.6134434
SYS1,-1.8952268,10.985492
IL32,10.036707,4.6879325
GSTM2,0.29937539,2.8193598
UMAD1,9.4082,0.71271694
KCTD16,10.895418,9.7062645
GTF2H1,-10.850142,7.349794
PLPPR2,4.410113,-1.0192002
SMURF1,-0.30807835,9.940173
MTX1,-3.7186575,-6.065166
PLXNC1,-9.184749,-3.7380576
SLC37A3,4.1001515,-7.278864
ULK3,14.787758,4.590515
MOCS3,7.8178353,-4.678262
CLCA4,3.8686218,-4.268079
SF3A3,-4.7568264,-11.898539
SNX15,-1.9184853,10.993449
MC1R,-7.4084563,-5.744639
SLC35D3,-6.042886,-1.3479339
NAA20,14.244302,-1.5636619
LEPROTL1,4.742606,-13.829125
IQCE,-9.635914,-6.937244
STMN4,1.2984934,4.2551146
TRIM68,2.447677,7.1304827
SLC2A3,-7.156437,6.884787
GALNT10,6.6363344,5.586429
ZNF514,-5.452467,5.860199
CYP2R1,7.5090537,10.3389
ANKRA2,-5.625113,7.7696805
TRIM39,4.2403917,-2.3694212
FXYD3,1.3773992,7.8263254
KANSL3,5.704455,3.6767538
BCO2,-1.9694144,-8.591762
SLC35A1,16.242233,-3.1449819
ZNF836,6.5706005,9.229033
ISY1,3.183446,12.11417
CHST6,10.438504,8.5328865
MAVS,2.46537,-4.1269264
RETSAT,10.442394,8.523618
CBWD2,9.600788,-8.178357
PEX5,-9.626688,-6.993443
MDGA2,-0.34023848,5.011912
EXOC4,-2.264331,-8.383842
VGLL3,-6.550526,-0.5202939
FAM110D,10.159867,-1.3847795
ARL5B,10.133493,5.617871
PPL,-2.1434934,-2.059945
RMDN2,-7.053798,4.163052
SMAD2,5.192508,-9.505544
KDM5B,-1.4667782,13.453858
MICU1,2.4603987,-4.152108
TMEM14A,2.6755688,-4.94751
ZNF674,-3.0081358,10.763294
ZMYND8,4.409937,-12.016494
MICAL2,-8.93037,8.954914
SDE2,4.679792,-9.9173
ZSWIM5,1.2962139,-9.685886
GNPDA1,3.213305,5.9442253
SMIM4,0.14084317,13.790644
CUX1,-3.5334578,8.942275
RNF149,-3.8040674,3.84238
PRPF31,0.92473394,13.959556
ATP2B4,4.7670293,1.6384296
RPE65,8.835054,0.8893439
ZNF561,2.045315,9.988291
MRS2,-1.0958784,-2.483991
UCKL1,3.032943,15.51117
EXOC3,-0.05045815,12.576984
SLC25A26,-1.3883969,13.498116
GEMIN4,-0.36776695,1.247482
HOMEZ,5.7956786,-1.3443998
FAM122C,5.20903,4.2983766
TRERF1,-4.502496,4.510505
FAM181A,6.685015,5.3823476
ZBTB11,4.6192174,-13.688335
IQCC,6.985344,0.3873231
ATAD2,13.291357,-7.598861
TERF2,8.500198,6.123334
RAE1,-3.7205937,-5.7495356
RARS2,-6.34228,8.698952
COMMD10,1.3923007,2.0662386
TIMM23B,-9.632219,-1.48336
PM20D2,4.000634,1.7890583
ZNF70,1.2093695,-13.032802
LRRC42,-1.0160129,7.922761
SAAL1,8.176433,8.368818
MED8,-0.13268796,10.067497
MPDU1,10.418177,8.571043
RPL36AL,7.2677574,13.289963
CBLN3,9.11332,-13.554759
LDOC1L,11.279449,1.5412345
EPB41L4A,10.14896,12.873839
TSPAN9,9.758904,-0.76466066
SELENOK,1.2302948,-10.970489
RAB12,9.632726,8.096456
RIN1,-1.9356784,9.006331
SLC25A35,1.0104918,-4.671999
DHX35,-2.4394684,5.562647
NKAPL,7.8116007,2.9398904
FAM184B,13.292559,-4.750353
OSGIN1,10.209647,5.538431
PDK1,7.323728,-0.7152053
TMSB4X,7.131773,14.324185
ENGASE,10.825064,-9.86855
GPR135,6.9015336,0.4763712
SPTY2D1,-10.91482,-3.1325538
NFE2L1,-0.8353978,5.398981
TTI1,3.6137002,-13.571492
MPPED1,-2.020858,-9.581169
MTA1,-6.0559916,-11.039695
EFCAB1,-9.148972,1.31691
CCDC127,3.512376,11.811696
STC1,-7.1140976,7.418532
RFTN1,-1.7443005,7.7462916
GPC2,-1.4683063,4.1417394
IFITM10,15.402703,1.1846845
CD3EAP,6.757716,-9.237309
NUBPL,7.2131734,-0.030895678
IBA57,-6.3436837,8.698636
NSMCE2,-0.2545759,-9.445726
NTM,0.88288003,9.530778
SLC38A6,7.2694783,-7.727454
RALGAPA2,1.0832323,4.122547
RNF34,4.2182555,7.2848544
CTU2,-3.4504037,-4.3991833
MED19,0.9501164,14.001146
SIGLEC1,3.685013,2.918063
CHGB,10.538366,-6.1822495
DNAJB12,11.971338,6.974846
PCDH18,5.3266153,17.78554
PRKD1,-1.3371863,4.3543787
ZCCHC18,13.681899,3.8075366
SHC4,6.7966003,9.353106
CD82,7.051307,-2.1065798
CLPP,16.24154,-3.1503756
INTS5,8.1292095,-4.5877075
ZNF44,-7.994027,4.3902993
CCAR1,7.276331,-5.1961274
FGFRL1,10.209992,5.535007
ARMC7,4.886136,-9.712042
DIEXF,-3.039483,10.78899
CXCL5,7.263514,-7.712328
THOC5,3.508806,6.13418
DYRK3,6.5171733,4.174746
RBKS,6.5465765,-11.809744
C4B,12.795439,-5.505065
GLYR1,10.068882,-2.8335729
ENOX2,4.099519,-5.2074122
TIMM17B,8.953253,8.015675
RAD50,7.521534,2.5473154
SLC2A12,-7.56122,3.4149714
ADRB2,-6.1487904,0.851298
GAS5,7.2447624,13.356787
EPHB3,4.7380214,-1.4659369
SLC40A1,6.138546,4.5479827
HSPB11,9.553446,-7.7252502
RASA3,7.9730783,-6.9036407
AHI1,5.320218,-1.6655979
POM121C,-9.821502,0.15981504
GEMIN8,2.2566755,5.471264
RIOK2,-3.7019248,-6.092472
FCGBP,4.5565786,8.820642
EDEM1,1.4551983,2.1400905
HAUS1,5.6121264,-9.494669
PRRG4,-4.0102882,2.9269238
TSPAN4,10.414498,-1.1352705
GCK,-11.820988,4.0674586
NRL,2.6946075,18.547338
DEDD,11.364657,-10.787635
NEK5,7.5010324,0.4516261
LGALS1,0.4877842,9.309039
TINCR,3.1415555,-2.0582664
P2RY11,4.1857996,15.105683
ZFAND2A,4.0405216,-12.973611
GSE1,12.19589,2.814269
KDM8,12.8747,8.32197
GPNMB,-6.1346445,0.8484493
CDADC1,-0.34635597,-9.383799
BBS9,-0.15935726,13.929927
TTC32,12.352653,1.3955194
CRACR2B,12.874452,8.304659
TUT1,1.9474459,9.8841715
INVS,6.1584215,8.020628
B3GALT5,-0.38570154,1.2640408
MEST,0.1437392,0.47860262
APC,-6.335427,-0.6602574
TUSC3,2.4482505,-4.676813
RNF168,-0.88678527,-4.006208
RPS6KB1,7.3091555,-5.167909
FCGR2C,2.409448,2.0992346
ATP9B,0.9051686,9.549924
B3GLCT,-1.198392,-2.3907425
CADM1,-1.1926106,-2.39652
TEFM,13.118815,-7.4165244
ZMYM5,-5.3323874,-9.91889
ATRIP,12.098214,7.1905646
CLEC1A,10.401103,4.432105
FAM171B,6.103747,0.8489047
ZBTB48,1.5414873,6.4170904
CTSF,8.53659,6.109445
FAM219A,-1.1336392,12.15563
RNF2,8.491649,-7.0703363
CDH23,4.351875,1.924065
CYP4F3,-7.8849316,4.282856
AMFR,10.421368,8.5643015
NDNF,-0.10803844,-7.0182037
ZC2HC1C,-6.2759624,-6.3005705
PELI2,0.56867707,-2.1286705
UBE2E2,-7.6851163,-9.298055
VPS33B,10.148508,12.873532
IRAK1,2.4068336,2.8424802
TMEM99,-4.45118,-4.581146
CTTNBP2NL,-3.3280125,3.9427965
ABHD5,-1.5327079,0.10384741
CNOT10,6.1784406,7.394006
GOLGA8A,-2.931933,-12.266582
NCR3LG1,2.6444254,-6.7441506
LMNB2,14.077662,8.975943
SLC36A1,1.2307744,-10.972181
ATP13A3,-4.9323716,0.8862421
CCDC51,8.80694,-4.5431194
SNCAIP,4.7378483,0.5691207
SLC4A1AP,-1.1168106,-3.9098337
LSM7,8.967201,8.040209
FIGN,5.222344,0.78257763
SIKE1,7.419149,-6.8380013
PDE10A,14.168392,0.22002341
NAB2,7.204585,2.6858644
ZNF2,-2.8455596,-4.905321
POU2F1,-6.1591783,8.56636
PGGHG,-3.9605794,8.032289
MOB2,2.6619394,16.936357
MANSC1,9.168475,-0.7037847
CAB39L,-0.40310717,-6.4691443
SLIT2,2.3262239,-1.7694051
ASGR1,1.9950391,-0.9676012
DSCC1,4.4971447,7.9542785
CD24,-0.8363981,5.4017143
ZNF438,2.5643356,-4.8524346
PROCR,10.610765,3.9183917
PLEKHG1,1.4030048,4.318659
NUMB,-3.8903222,2.3097932
MXRA7,4.4211535,-4.199082
QPCT,4.0957866,-2.4335728
NT5C3A,12.357516,1.3934426
ZNF707,4.3084593,15.012675
CHRNB1,1.4146569,-4.539335
IFT88,12.245904,2.783223
BBC3,3.2104578,5.9361405
ALDH3B1,2.2899072,5.3471026
SATB2,-0.037872586,0.8179244
COLEC12,6.0241327,0.78613645
NOC3L,5.429814,-9.489127
FLYWCH1,-1.9028183,-8.585411
ZNF223,4.0825152,-7.260074
PTGS2,9.966177,-4.234524
OSBPL3,2.2871802,1.3830024
ZNF510,-6.831501,-3.6212976
TMEM97,8.297953,-9.368623
PYROXD2,1.541792,6.4150805
ENPEP,-7.272991,7.5809016
HMSD,11.986999,4.766319
PCCA,-10.960413,-3.0897443
ANKRD16,8.815931,-4.5441303
CALB1,2.342885,-1.7665074
ZNF251,-2.9316657,-12.266979
ZNF132,3.6140814,-13.571041
DUS2,-7.2580123,-5.866229
ARNTL2,12.274362,2.7697182
CD55,9.646424,-4.8719397
CCDC80,8.889262,0.8239386
ZBTB12,-9.601922,-7.0172815
FCF1,3.618488,6.000714
CCNB1,2.4818056,-4.845727
ZBTB2,-1.7732468,7.7466216
CREM,-7.296129,6.760398
LANCL3,-9.07995,-3.6628554
HIBADH,5.712917,4.2966266
UXS1,7.6636963,2.4584007
HIRA,1.1404635,19.223013
LRRC57,3.614113,-13.571135
KIAA1211L,2.5315907,2.6952507
CHRDL1,-1.3141063,4.4236093
SEPT1,7.1639357,13.415191
ZNF337,-7.451118,-2.8029482
PDE11A,7.7175255,2.259283
ST8SIA4,-4.028402,7.978656
WNT7A,-0.45556465,-7.0786047
NEIL2,12.735161,2.6744514
MAP3K4,2.6410155,18.598585
SEC23IP,-6.3455215,8.702591
CCDC142,14.066895,8.968116
NR4A2,-2.299138,3.0367565
SSC5D,14.771543,6.569145
DBNL,-2.5733607,0.5667373
QRICH2,2.6573198,16.924618
DCTD,4.6597137,0.47451192
RRAD,6.5123744,-11.837546
TMX1,5.5585623,3.6010854
MARCH2,-0.61934865,13.138868
TRPV6,2.771284,5.1330667
MRPL30,4.734379,-13.820829
RHPN1,6.878201,-9.414668
ARSA,3.9615672,15.263318
NDUFAF1,4.6245065,-12.440729
CCDC107,0.95158726,14.0090475
CTNNB1,-0.5944811,13.134422
ZNF354A,8.872985,-4.5412626
ADAM19,1.5451581,4.932598
PRELP,5.5018535,3.7519047
DENND2A,4.7252283,-13.812508
PCGF5,4.6544323,-9.837443
ABCB7,-6.8323684,2.5946724
TIAM1,-1.2922443,6.675892
NQO1,3.450418,9.59333
PTCD3,15.358494,2.7836208
ANKRD44,0.71504635,2.9499831
RDH5,2.2503917,5.485642
CELSR1,0.024423687,4.6252704
ZNF883,7.235411,-0.006581004
PAFAH1B3,4.4003816,-12.007676
VWA3A,3.8243666,0.7315986
PRAG1,13.08282,10.753065
ZKSCAN4,-1.2933164,6.669468
XPO6,3.9583802,15.261029
TTC7A,-1.3037791,6.471911
SPOP,-9.519905,-6.606526
INMT,-6.37632,-2.8759193
SLC12A2,3.854264,-4.333347
DDX28,8.28339,3.6992147
WWOX,1.3266993,-4.9808884
PNRC1,3.1118414,-12.41556
CARD14,7.168568,2.7194557
ISPD,3.8721666,-9.2400465
HOMER2,-1.190338,-2.39762
ZNF117,-0.3932571,9.850173
SCAF4,6.199336,-3.533153
ZNRF2,2.135652,2.5005753
AARS,4.523295,-12.348284
TADA2A,7.985189,2.653531
APBB3,-1.9117723,-8.569738
ZNF10,9.267105,2.4314103
AMPD3,11.774847,7.1137037
SF3B2,5.1965127,17.65221
GPC4,-2.0879161,2.780227
USP9X,0.520961,1.6120629
MUM1,7.471602,-5.157752
DKK3,8.387023,-4.525596
ZNF626,13.042998,-7.342122
MOSPD2,7.405984,2.5717745
PPP1R12A,1.8126457,-9.4053755
LCA5,6.175172,-6.3039126
PDE2A,-0.8535088,7.9539332
WDR81,-7.978397,4.39941
C1QL1,-0.8350983,5.4058275
CCHCR1,7.012817,0.32224333
PWWP2A,-3.412164,5.8173447
SLC25A44,1.0641879,-4.7195187
ARHGEF7,8.633064,1.1344702
DCAF4,3.485412,11.786979
FAM110A,1.9843385,-2.6498618
MRPL57,-5.324541,1.6560773
TSR3,0.69199544,13.481214
LRIG2,7.5814743,10.4017315
BAMBI,14.221098,0.2753338
RNASEL,-2.9236233,10.696451
SRSF2,-5.9810667,8.216873
KDM6A,4.5703177,-10.832813
PRMT9,9.262796,2.428071
ERMAP,14.250583,-0.75907326
DRG2,-4.855435,-12.00081
ZNF549,0.21592166,-5.0169535
AP4S1,-4.933191,9.925614
IGSF21,1.8729359,-1.1354274
PHF13,9.70526,-4.8360004
PLCL2,1.5883348,-5.0970445
PCNT,5.1702814,9.92058
CLEC11A,19.762753,2.3386207
PTK2B,1.0535295,-4.756038
ZNF32,-5.9685555,-3.8756807
OTX2,-0.63229537,1.5458361
ZNF286A,-9.580245,-6.663191
ROCK2,4.587274,-10.705108
TTC28,6.194441,0.94896895
DERL3,6.115413,-3.6549623
ZNF208,15.390185,1.1651219
LCN10,10.391234,4.2026
NTN4,15.391898,1.1719321
ARHGEF10,-0.34928176,-12.3316965
URB1,5.486358,4.793526
GMFG,-3.77088,2.8975997
HMGCL,6.6990085,4.984814
TRNT1,4.1828656,-5.2438984
ZNF22,2.4530306,-4.5151153
TESC,1.4235463,-9.496891
DIP2C,4.15498,-5.195563
ZNF35,-3.8299975,-3.5611534
RIOX2,4.842803,0.9061538
CHODL,-2.2428105,3.2999442
ARNTL,10.28288,5.2539744
POLE,-4.016593,8.000663
MAP3K14,5.163304,-5.974617
SLC6A6,10.154638,-1.343701
QSOX1,1.4767884,5.022279
ARL4A,9.614131,-0.7783952
ILKAP,12.042035,4.7284966
CDT1,5.134512,-0.5389396
ALDH1A1,-2.0815907,2.7873073
DNAJC22,2.6386807,5.3084683
MEPCE,14.207087,9.093529
LAT,2.3162723,16.431646
TAF6L,3.961223,15.262711
BCL2L11,-1.9924072,-8.673147
ZDHHC7,10.076234,-2.819163
ANKRD12,-3.107788,5.592622
BET1,-3.555248,8.966073
SAMHD1,4.5659146,8.832153
SDR39U1,5.3027163,-11.346989
TCOF1,1.5386524,4.93813
CHEK1,3.838099,-5.474788
FAM131C,-8.96406,8.96614
MEGF8,-11.858166,3.7313921
RNF182,-7.73908,3.2143955
PHYHIPL,13.116886,-7.420499
PDCD7,-2.2636678,5.0383124
SLC25A15,3.10492,15.3660145
SLC17A5,1.7226164,-4.7733784
DDX31,10.296623,3.9309766
DAAM1,7.3527255,-4.5489593
SEC22B,12.850359,8.254625
PHKB,9.295977,-7.913493
QARS,-1.1274732,17.583282
USP9Y,8.830427,17.37218
GRPEL2,2.6382124,-12.158576
PSPH,6.236961,-3.4889867
EP400NL,-6.2759576,-6.2991123
TMEM133,5.7075324,4.2646174
KRBA1,14.77191,6.570177
SAR1A,10.000186,0.5416542
CDK3,3.106047,15.362428
MED20,12.248947,7.05705
KIF5C,9.253403,3.536458
TMEM251,14.295524,0.3546488
FLVCR2,10.376469,4.0588374
WDR91,3.4777567,2.6420536
NDUFA3,0.46149188,13.613842
HEATR6,-2.2627423,5.0292954
BRWD3,8.283848,3.7008967
GRB2,9.788122,-4.0973415
PPP1R13L,-3.9648929,8.01017
PLAGL1,-5.977444,-1.7870663
CGRRF1,12.437162,6.929453
ISOC2,0.33449146,13.701995
RNF214,0.019463195,-6.711146
LYRM4,-0.17229718,13.202755
ABCA6,4.344339,-4.2099338
HBEGF,6.4198575,-11.77852
VN1R1,-0.6719271,7.4742136
MIF4GD,3.6500988,-9.082037
DEPDC5,6.4940042,4.2073956
KIAA1586,13.716429,3.786791
SIN3A,13.48998,-0.4688898
ANKRD36C,0.76394445,1.5539299
CDKN2D,1.9949964,9.928268
TMEM255B,9.801153,-4.1212564
RNASE4,5.072219,-0.5741502
FAM103A1,9.484518,-8.072392
RSRC1,13.717952,3.7873125
KCNE3,3.6303716,2.877792
FAM117A,1.5343843,4.2686462
JAK2,-4.773613,9.692734
CHST8,14.789058,4.5908656
NBR2,3.148948,15.488806
EEF1AKMT1,-0.5634174,-7.190703
DCX,-0.3326873,5.009109
AP5B1,3.765969,-9.173018
IL17RA,-3.6060123,2.821345
CHKA,6.4205,8.720578
ID2,-0.24344352,-6.643616
ZNF284,-2.2026637,-12.341891
EPOP,3.8797257,-0.70911646
ACKR1,-1.6493558,7.775606
TRIM22,-4.813425,9.742594
HMBOX1,7.3762946,-5.126362
VPS37D,-0.16670714,13.075373
OSGIN2,3.749154,9.272122
WFDC2,-8.217562,4.774612
ANKRD6,4.683932,0.53491133
ZFAS1,7.2221746,13.251437
DCTN1,-1.1638782,12.154483
ZNF570,4.1712503,-5.2293725
MYOM1,4.9774995,-0.526074
AMMECR1L,13.224212,4.850708
D2HGDH,4.730324,-13.816076
ZNF595,12.82203,8.228704
FBXO27,-9.342087,-0.029539363
ZSCAN5A,8.213747,-4.536734
SLC9A3R2,9.990912,-1.5740949
PDE3B,2.4229825,2.826063
INO80C,3.795485,-0.7368601
UBE2B,3.6425717,-12.644908
GTF2IRD2,3.1383214,14.980652
CPM,4.3452907,-4.203051
CDKN2B,11.7832575,7.089472
EZH2,-3.9194386,-3.4643018
PPP1R32,6.7934165,0.58978605
TBL2,-4.8480086,-11.993062
F2R,6.1392293,4.6624317
PDLIM2,-0.09327533,13.854652
BTN3A2,-2.3758626,-8.3858185
SESN2,6.178722,-3.7494273
HELB,9.315543,-4.566293
NSUN3,5.541678,-9.499334
ZFHX3,-5.9777865,-1.7828175
IPO11,12.615999,-2.5755656
OSBPL2,5.730853,3.6459718
PROSER3,10.25469,5.332499
GPC6,2.2653856,-2.4600587
IDH1,-1.3103608,6.505895
NPIPA1,2.3466997,16.376987
NMT2,-7.508984,3.3412387
ADCY1,14.293897,0.34866306
PLS3,7.2397966,16.66291
DNAJC19,-3.7039487,-5.2658257
PLAT,10.162522,-1.2673796
RNF24,4.363266,1.9275935
CCDC14,7.643508,10.397134
PROCA1,2.265607,1.2350252
MPHOSPH8,-9.589769,-6.672462
SHMT2,6.1339087,-3.6952107
SLC9A9,1.2351414,17.427984
ANXA3,10.023323,-1.5344973
POLR2F,1.8950759,5.9690495
B9D1,0.75682026,6.4679832
APRT,-0.6775917,7.475268
GLMP,-3.7850292,-5.4402947
WNT5B,-2.3623629,-2.246373
CRB1,4.3166833,0.93325716
CENPX,0.70956856,13.535168
HSD17B1,0.40520504,9.130352
SMAD9,-1.5193652,0.13054116
DNAJC17,8.958457,14.305987
NME2,0.8375111,13.900393
YIPF6,4.67507,-9.910126
PLEKHA7,13.109274,10.734004
RPA1,2.7239103,8.643386
ZNF605,12.491624,-1.7488528
GEMIN5,3.5454628,9.535171
MYO7A,2.105114,1.0060872
PCGF3,-7.6745167,3.4467273
EPB41L4B,10.9188795,9.7302475
TCF20,8.5014715,5.367686
NIT1,11.517019,1.3641859
TTLL5,7.715542,2.2965653
KIAA0922,8.821465,-4.534388
IFT46,7.5008473,0.45323086
HIST2H2BF,-3.3471014,3.952031
THOC3,8.607986,5.7190595
PRRC1,-1.6628274,-9.385459
NOL11,-0.013405652,0.7880961
WSB2,9.279104,-7.92499
DBF4,-0.54042774,7.834501
FGD4,6.4687796,-5.961814
ZNRF1,-2.0155742,-8.632378
TK1,1.5608432,4.2498093
ACY3,0.50937927,2.91859
SNUPN,-3.874449,-4.9816074
ZNF212,6.471203,8.710975
MRPL54,0.7563052,13.798479
ZNF124,2.3636014,1.7128618
FGF22,12.20687,7.0896473
PAFAH2,3.8819222,-9.244875
SPATA33,1.6081316,7.8107057
TFRC,9.873542,-0.8581864
GUCY1A2,1.4034579,-9.536383
VTI1B,9.292919,3.4918303
PLAG1,-9.3342,4.2896667
ZNF518B,-7.5138693,3.354778
ARL16,8.650143,8.060817
PECR,10.828044,-9.865882
DNAJC13,1.747764,6.166782
JADE2,6.219664,-3.5062695
TMEM150C,9.639719,0.6053755
CYP2E1,19.69441,2.4058805
MSANTD3,2.3042784,11.865026
PELO,8.255686,5.2785616
INHA,-11.821859,4.070403
GPCPD1,3.6787682,-7.009145
MEGF6,6.048146,0.29165575
ZNF830,4.3709507,7.6787906
ZBED3,-2.1124058,-0.33287844
OR2L13,-8.982654,9.003145
PDZRN4,6.198919,0.84323925
TOP3A,-3.3635912,-4.3237047
ABI3BP,4.598538,0.98608387
KCTD8,-1.4810711,0.3985536
KCNJ11,-1.5170611,10.164729
LRRC29,-0.617253,13.138816
SFXN2,0.26480424,2.7999902
CYS1,5.0024886,0.876508
ERCC6L2,-0.050655894,-2.1613076
RELL1,9.89911,6.4047475
BRCC3,3.7756107,-6.968646
NISCH,7.4880056,-5.1007543
C2CD2,10.927522,3.9205856
IL2RG,-0.8463697,-10.653655
SELL,1.4937229,2.1754918
MSH3,8.039213,2.7125986
FAM126A,5.3020525,17.760763
SLC12A8,14.371247,0.44805425
RPS6KA2,1.6174877,4.6577187
ADPRH,-3.9741142,7.996255
GPD1L,3.6702254,-6.9931445
MT1H,1.3314124,7.5675993
PSMD8,-3.9680414,-4.935661
YPEL3,-6.153459,-11.129159
SLC16A2,-9.321723,4.3027396
HIST1H1C,-1.8229091,10.994727
ZNF513,-0.9743287,9.975596
PPFIA2,15.984398,5.6972766
ADAM9,3.3452415,6.4996867
CREB1,-3.086633,5.5854096
SFMBT2,2.3018398,1.4422174
CDC42,3.125502,11.662923
NANOS1,-5.9610724,-0.21428083
GTF3A,-1.7095083,13.390945
UBN1,10.715215,4.119298
ZCCHC7,2.6311789,-6.7054715
IFFO2,-7.043557,7.2728686
ZNF816,-10.924502,-3.1236598
ZNF891,-2.2488475,-0.39857262
EEFSEC,17.116528,2.7981238
TIMM10,0.45374453,13.566892
G6PD,-6.9331584,-5.98558
MOB3C,9.256002,-4.5117936
SLITRK3,0.030528273,4.6204987
MIEF2,8.672782,-4.549001
KCNQ4,-7.349847,4.06595
CDKN2AIPNL,-0.2171371,12.991258
NCOA6,4.412128,-4.1963925
PRR29,-0.29184392,1.1783127
ZNF773,-6.981152,-5.9658546
ZNF142,-2.7371438,-8.341844
DCAF8,6.471248,8.71144
MRPL42,0.0021791384,-12.446597
ST6GALNAC1,9.107441,-0.74291974
PTGFRN,3.980803,1.7758803
HRASLS5,7.729946,2.2614279
FAM110C,-2.2234304,3.2483282
PI16,2.2479727,5.51199
LTV1,5.031046,11.379562
SGMS2,8.895506,2.7807746
RUNDC3B,4.1471214,-1.8275874
ATP5G1,-5.3226137,1.6718332
RLF,4.586494,-10.866903
CREBL2,1.6025108,2.2710757
CELF1,-1.1167878,12.146248
TLE1,5.0390177,1.5213667
CWF19L1,1.6336554,-9.463081
TPCN2,-9.793848,3.846892
RAB22A,-6.3314247,-7.940178
SCN9A,-0.6529525,5.226415
ATXN7L1,2.9129202,4.8971033
XYLT2,6.774981,-6.59874
PDK3,5.021544,-1.3578888
ALK,-9.056039,-3.622486
DYSF,-0.577735,9.865726
GRIN2C,-2.2024078,-2.133073
KLHL26,6.066033,0.32741868
SLC7A8,-0.30319735,1.1620013
CYP20A1,-0.5793409,13.129012
SMARCA4,8.712219,-7.3631887
SLC26A1,6.023066,-1.2742537
FAM53A,2.8736808,4.910835
ZDHHC16,17.000956,2.6527936
ZNF655,-9.633447,-1.4843097
PARD6G,3.6737607,-12.66031
ECHDC3,-8.028353,4.4515886
P2RX4,1.3968333,2.8469262
LRRC8C,-3.8621166,-5.0158067
LPIN3,9.5464115,-1.9801613
TRIOBP,3.209151,12.126293
PLEKHF2,-4.893832,9.349151
KSR1,-0.45349815,-1.4462625
STXBP5L,10.628733,-6.37053
LURAP1L,11.608171,5.0615563
PPP2R2A,5.0313134,11.379817
ZNF467,5.9708395,-1.3167896
BEGAIN,5.2339916,-1.560175
TNFAIP8L3,-1.0626792,8.293225
HNRNPLL,3.2485106,-12.448906
ZNF229,11.827505,7.148656
PPIC,4.9903884,1.4748352
PTPN12,7.49736,-5.147162
ZBTB8A,-7.445603,-2.80698
JUNB,-7.306092,6.7510843
LMO4,6.1821585,-3.7467997
TPK1,-3.5887883,2.9142637
SLC37A1,11.266528,-4.546007
PLEKHH2,-1.149446,4.265529
THYN1,4.757479,-13.842815
UBTD2,9.335901,2.5011084
TRMU,9.207537,8.558656
PIGX,9.723118,0.5110029
ACVR2A,3.6739795,-7.0057316
ZNF426,1.3193557,-4.957929
NFAM1,-3.8158581,2.9448802
UBE2V1,9.419267,-8.015326
FEZF1,-2.1173673,2.8820102
NCAM2,12.853698,8.263732
AHNAK2,2.0129101,-4.4072866
KLHL6,-3.5916998,2.8359878
ZSWIM6,13.6346035,-6.7345552
TANC1,-3.0617328,5.6879535
RHCG,10.029447,-2.7712612
PPCDC,9.789456,11.870692
SHISA4,-0.09348764,-6.722443
PGR,5.302514,17.76139
PIAS3,-0.39904952,9.83547
ST7L,7.4830728,-4.565415
AGPAT2,0.77617574,6.4181433
HPGD,-6.7227163,-0.42018846
SPEF1,10.839851,4.0210304
FAM60A,-3.9734237,7.9516525
GLUL,1.1426902,5.956482
AMOTL2,3.8117619,-4.2221174
RASGEF1C,3.0706801,4.5627313
SEMA3D,5.637924,-1.9840767
DCLK1,-6.406682,-0.6597025
MPV17L2,5.5832415,10.353661
ZPR1,5.242546,-9.287474
PRKAA2,2.7054048,-4.9644947
MFSD7,10.275546,5.2743173
ZNF599,12.248284,2.784029
CMTM4,5.2326236,1.6809504
DAPK3,8.384464,6.2957306
CDKN1C,1.8747422,4.756948
ZMYM3,2.4444516,16.330708
FAM86DP,1.6682546,-5.1064672
AURKC,11.91957,7.193269
ABCB9,-6.433122,-0.6323339
ZNF330,-7.7003837,3.456512
FUOM,2.4247842,2.841059
TOMM7,7.1660447,13.410615
MIEN1,6.6647635,12.434801
MFSD2A,9.528626,-0.7384432
INTS12,9.7736845,11.858759
POLR1A,2.448261,8.18535
AIFM2,-4.199279,14.061229
UVSSA,3.070777,14.882484
S100A13,1.4610878,-4.537318
PNKP,-11.745094,3.7303782
COA1,-5.9810896,2.0648143
TTC5,10.03967,-3.0477524
ACTR6,-0.0154630365,-12.436393
SYTL4,-7.7177663,4.053229
NCK2,-4.802521,9.7398405
SLC4A5,6.918488,2.1047444
GPR3,5.570838,-1.9188169
PCDH1,5.160767,-5.972642
FAM134B,-9.0206375,9.034503
TNFAIP8L1,2.1054163,1.0119165
SUSD6,-1.7634575,7.7169027
HCG11,8.895734,0.89753
MRC1,4.5735006,8.831303
SS18L2,0.47774613,9.215617
F13A1,3.1344538,2.984457
URB2,12.768243,2.6469457
RNF212,5.3935103,-3.9700534
RFC4,7.0285153,-2.1133556
ZNF346,17.177212,2.8666763
TMSB4Y,-0.5915787,7.9154096
OLFM1,-6.586808,-1.3046477
PSMC3IP,9.237451,3.4511385
TMEM185A,7.740484,-9.36489
HDX,16.261137,-3.1655343
NME9,7.111325,3.9757152
GPR12,2.004271,9.93168
TMEM154,2.4110813,1.9549407
PLAU,-3.7581477,3.799996
RASSF3,3.6862447,2.9199839
SHISA5,5.1647863,-5.983867
DNAJC15,8.810724,2.6623228
PPP1R3B,9.3111725,-4.5503345
KIF16B,11.745983,1.3990896
DNAJC28,1.822995,11.506547
GRIN2A,2.3358057,-1.7815676
ODF2,9.992109,-4.227992
INPP5B,4.8750677,-0.51643974
MOGS,10.279748,5.2571836
PGM5,-3.8799968,2.3335004
ELK1,3.0874512,4.627143
SLC35D1,2.7234414,-12.168614
TADA1,3.3839662,12.01956
RARB,1.3019804,-9.6268425
COL24A1,15.404593,1.1871387
SEPT5,4.589082,-3.0186074
NOS1,2.0434058,-0.9114654
DCAKD,6.9795027,-2.056053
PKIA,5.3891287,-3.968175
GUCY1A3,1.9520462,-2.6993854
FRMD3,9.904238,6.4054294
TEF,6.8137193,-9.4039135
NBPF19,5.290394,1.745083
PTGER4,-4.901205,9.34303
FAM204A,-5.969786,8.192769
DNAH10,1.4999865,4.9790373
NR2C2AP,2.4538124,-4.452433
DDX27,3.6465712,-12.632867
DTX4,5.688844,7.965052
SNX11,-7.7191005,0.8740078
APTX,-1.9774314,11.054555
CMIP,7.4072328,-9.281059
IFI27L1,-4.104147,-4.805701
NAXE,0.6458054,13.376569
PXDN,1.1154048,-9.936417
CP,10.336895,4.5295563
MELTF,1.348447,-9.59587
CYP27C1,-6.446321,-0.59684765
NAP1L4,2.5383182,2.6657465
ZNF600,-5.9847145,8.214728
ZNF236,-4.812104,6.818822
GALNT6,11.7683525,6.960127
IRS2,-0.503948,7.8143177
KHDRBS2,-5.803786,-1.3882151
PI4K2B,-3.6804209,-3.7325187
GPN2,12.168104,7.177954
MCPH1,-5.433796,-4.844188
TXNDC16,-5.391867,7.4945364
FSTL5,5.7526503,-2.1008053
PRPF40B,3.161137,4.6631036
ARRDC4,14.324489,0.39319617
AP3S2,7.2578387,-5.2205153
FAM127B,8.933041,8.0070505
CCDC160,6.0456424,0.85488373
RPS6KA5,3.2181325,5.935945
PFN2,2.8885264,11.813003
TFB2M,-3.7017567,-5.2565265
KDM7A,-3.0313296,5.710889
SCD5,7.0295186,-2.0584671
TRA2A,-5.6411495,7.7904725
SIAE,-0.43157795,-12.378443
FAR2,-5.9637594,-1.7134562
SUDS3,9.334236,-7.9363203
MGEA5,-8.0588045,4.508486
DFNA5,-6.0976224,0.84246343
ITGAE,0.7067863,13.469356
CPLX3,-0.8288213,5.412447
PRMT1,-9.786984,0.15706076
ZNF391,4.6896434,0.5045461
RILP,-2.5751698,0.54865855
CTC1,1.6049615,15.857057
LAMA2,9.736431,-0.71845293
MED24,7.504277,-5.142261
LETM2,2.4759052,8.2278385
MSRA,3.8216577,-4.331346
SNHG18,-11.471449,3.5019326
IL10RB,2.4591215,-4.4351587
UBE3D,-6.746961,-0.3991693
RBM41,0.31884125,-2.0791266
EFCAB2,8.29903,3.6534424
GMEB1,9.565261,-7.7030406
SAP30BP,6.651895,12.415118
AATF,6.66033,12.429897
SLFN5,1.0341501,4.0937333
ATG4D,8.471809,6.2127547
DCLRE1B,3.8207695,-0.7419091
ADGRD1,1.3987714,2.0774033
SHPRH,0.24730614,-2.0846856
CNNM3,11.599891,6.2590113
CAMK1D,-5.9663725,-1.741045
FAM58A,8.242715,-9.372476
ABCF2,2.6240761,-6.699074
GCSH,8.592804,2.5405364
PHACTR2,7.7936816,-6.8738027
ST3GAL5,-8.984732,9.00688
ZNF197,5.572092,-9.510569
SLC29A3,-9.32462,4.066493
METTL26,0.7348473,13.785143
ARRDC3,-1.7310802,7.761433
KBTBD3,6.205426,7.3617144
RPL9,7.1699533,13.335501
GALNT18,1.6086018,7.6432095
MCTS1,-1.0004557,12.129317
ZNF821,2.4498029,-4.1969647
FAM69C,5.7780805,11.541327
SNX7,9.705913,0.49834365
TSPAN11,-1.3062125,4.3168125
ZNF532,0.6194345,-2.1460755
RAB3IP,9.161566,3.1032896
SLC1A5,1.0358627,7.835517
ALG3,4.5814652,-12.400348
MFSD14C,5.0978866,-3.6173034
SPG11,-2.7680488,5.3104854
HIF1AN,7.6135263,-4.722865
PCDHB15,-7.127536,7.4377956
ARV1,-1.748567,13.378324
KBTBD8,9.786228,-4.1147995
VCAM1,5.2469583,1.6277515
TPD52L2,1.0761987,9.878606
MLLT10,-6.8240705,-3.6276894
CRADD,6.339675,4.4105315
COA7,15.848711,-6.7474713
BLM,5.2834187,1.7400662
BCL7B,6.9318533,2.1057758
PDCD4,2.2827723,-6.8074856
CD151,9.906874,-1.6529919
PDIA2,3.0445888,4.587117
UBE2D4,10.621884,8.379347
MEX3C,4.5482116,-10.837994
SCRN1,-6.3108068,-7.9555984
CIPC,9.230028,3.065648
POU6F1,-6.6037865,-6.099256
ICK,7.383844,2.6111457
MED11,-5.990382,-3.856357
STRAP,3.2706625,11.785762
BEND6,2.117182,-4.361533
ATG4A,-1.2544479,7.871271
CHEK2,-3.6539483,2.761795
TRIM27,8.839778,0.8882895
FBXO15,7.113646,3.973275
NBPF11,-4.717881,6.1553717
MYEF2,0.5756984,-2.1380813
PTPN13,12.546912,-0.2694426
TNNT1,-9.084542,-3.6686964
CTAGE5,-2.2633173,5.039344
L3MBTL4,4.7588987,6.690232
CLSTN2,-5.8599358,-1.4385465
CKLF,-3.7873938,2.845519
CATSPER2,2.8635566,15.853317
FBXW9,8.503961,6.1618714
HEIH,-8.212804,4.765642
SPIN3,0.39272812,-4.956631
ING2,-6.826441,2.5910602
FBXL12,7.2844353,10.220952
RFWD3,-3.702524,-3.7184381
DDX3X,7.3223715,-0.71471345
ARMCX5,-0.8023311,12.065945
EIF4E3,10.619442,8.379294
HES4,12.193142,2.8280346
IKZF4,6.095629,7.5795174
MEX3B,13.28951,-4.752518
ARID3B,-2.314775,-0.49598688
ZNF506,-3.7835777,6.140684
TMEM14C,2.7029512,-6.7945905
SNHG5,7.1131134,14.335661
SSH3,-5.9613833,-1.6773654
ZNF17,5.161092,4.3169746
LRRC37A17P,9.232863,2.9578822
DNMT1,1.5544817,4.2579927
ZNF512,5.5294538,-9.499076
ZNF853,15.827282,7.882646
ZNF487,3.9153829,0.7887314
TMPO,3.3382668,-12.48463
STRADB,3.5644238,6.051693
TBCD,8.535126,6.1120267
SMPDL3A,1.2481941,7.8416777
PANX1,-5.9648604,-1.6150304
UBOX5,8.810435,-4.5440874
KDM4B,-0.06565912,-14.892155
CARD6,-4.7665377,9.725095
LTB4R,2.6533287,2.793501
HPCAL1,-11.873596,3.2922764
PDZD8,1.8580374,12.42808
RB1CC1,16.262144,-3.1665525
ADAM12,12.79479,-5.5044165
EML1,-1.741598,-0.19295011
ALKBH8,16.116322,5.813967
SNAPC3,9.778871,11.860933
L3HYPDH,3.7645793,9.274249
PTRHD1,9.13783,8.06333
BRI3BP,1.8625084,11.575089
PLK5,-11.855077,3.7218244
FGD1,14.291207,0.37694088
FANCI,-1.927806,7.6051364
SKIDA1,14.365822,0.4473766
ACBD4,13.042443,10.792574
PPP1R10,10.82822,-9.866254
MPZ,-3.9575472,8.043933
NBN,4.6764126,-9.675999
MDC1,2.4528317,-4.163982
ZSCAN21,2.313211,-1.7723974
TSGA10,7.416513,10.2927885
NDRG1,-1.8654156,-0.30949843
NCKIPSD,-2.690032,-8.353925
MAGEF1,-6.021986,2.1748579
BZW1,-3.6967118,-6.0951734
ZC3H10,4.3881927,-4.1955123
FIGNL1,-3.0451894,10.796056
MTMR14,17.111242,2.7917366
KIAA1456,7.2679343,-7.716136
FOXN3,4.1490192,15.127849
PIGM,-1.5187502,0.15080287
RAD1,2.5183997,11.918783
ANKMY2,-3.7205606,-5.686107
BYSL,-0.4648122,-9.3350935
KCNE5,5.77423,11.53675
NFYC,-2.7780938,-8.344356
POM121,-0.43000305,-1.4741417
TRAPPC2,1.8580264,11.588072
PGF,9.539386,-1.9320037
SPATA5L1,11.141534,-0.537284
UACA,6.9749784,2.1296713
NUAK2,-9.3369465,4.289799
TMEM39A,13.20784,4.824271
B3GNTL1,12.804703,-0.30189785
RFX5,2.3457935,-5.6430464
KCND1,-1.520608,10.164679
ASTE1,6.5071783,8.677448
VEZT,0.53309536,1.6077588
PRDX3,14.212285,-1.5214912
VCPKMT,6.6689734,4.9125423
SORCS2,1.471703,-4.541062
NFRKB,7.7075477,2.237311
STBD1,-6.3124533,-7.952528
TRAPPC2B,3.3678222,6.453747
NKAIN1,5.8229485,4.3100796
KITLG,9.295484,-4.487491
PI4KB,-0.06304265,-14.889298
PIGG,4.2840643,-4.207366
TMEM159,5.097317,-3.618447
CCDC174,-3.5377185,8.949087
VTI1A,-0.19569595,-9.48297
DGKB,2.4383376,-4.762014
CHFR,-3.791499,-5.3024645
PTCD2,3.7544043,-6.942416
GPR35,10.008385,4.7026243
LSM6,1.57074,2.2741868
MFSD9,-6.502208,11.559869
MAPK6,7.4515777,3.293007
WDR4,-0.18179059,-9.50195
SIPA1L3,-7.5458317,-5.67738
RAPGEF4,-6.0916557,-1.2499671
BET1L,-2.2412596,-10.901147
BUD13,14.350208,0.40929416
ZBTB46,9.360154,-2.2621303
ZNRD1,-0.66459966,7.454256
ALG12,4.2866845,-12.2161875
FTSJ1,-5.353452,15.147681
SHISA9,2.3301134,-5.5212016
MAP3K7CL,2.2220156,-9.229234
FAXDC2,6.1132264,7.5222287
TBC1D31,-1.0110115,-4.445423
KLHL3,2.0451345,5.8072987
HRH1,6.12738,-3.6741226
SERGEF,-0.18299262,12.915095
GREB1L,-6.3233595,8.674964
RIN2,8.6324835,5.724193
HEPH,7.172791,-2.2520053
CCNE1,-0.046781074,0.83620304
TMEM17,2.6796007,-4.951328
EMC9,-0.54863685,13.118361
TMEM107,6.9015107,0.4877963
ZRSR1,11.584483,1.0355617
RSG1,0.7789794,6.4884186
GOLGA4,-3.1151013,5.595451
OTUD5,-4.6780024,0.5765958
PKDCC,2.3017027,-6.816082
ZNF671,5.5375366,3.325448
TTL,-6.3569994,-7.920647
ERGIC3,6.764001,12.553132
PPIE,3.7727692,5.9358277
AIF1L,9.219103,3.4228752
RAI1,8.237737,5.2594714
NEURL1B,9.518458,-1.9001535
GNL1,11.296667,1.5129508
POLD2,-0.64573246,7.4520206
FAM153A,4.400997,-1.0849391
GREM1,7.761275,2.2151031
GSTM1,5.3947005,-3.9746733
NT5DC2,1.1429033,-9.906783
PIBF1,11.140738,-0.53801143
CCNH,-5.143528,1.2377185
CCDC171,7.7168984,3.0739415
ALG8,-9.7163315,3.9010382
DHX37,-0.14082761,13.926654
SNHG20,4.3977385,14.940442
CD58,-3.9682128,7.9618416
GMDS,3.4188704,5.9983716
SLC31A2,-1.2452908,0.5160587
TCAP,-7.714775,3.5320098
TANK,13.356416,-0.42567205
CPSF6,-4.8238773,6.8303714
PML,10.176017,4.639836
MIPOL1,5.1877255,4.3166533
MRNIP,-6.486829,-6.177612
PGK1,-3.7701998,-5.422008
UBE2L3,12.142038,4.658617
FAM214B,-2.241802,-10.900786
RAB33B,-3.028137,5.6808376
ZSWIM3,8.493484,6.180916
CDK7,-3.1552346,-6.562161
YOD1,-2.186682,4.808736
DCBLD2,15.691215,-6.5949965
MYO7B,-1.1006602,4.2088203
KIF1BP,-3.1531248,-6.565147
RPGR,1.6339862,7.951092
JUP,1.7059407,4.608298
FANCD2,-11.909162,3.2208085
DHRSX,7.290162,-0.42500523
TM6SF1,2.1079857,1.0144331
PPP2R5C,15.326086,10.176502
CBR3,6.715881,4.9668517
ARMC8,-2.9026098,4.7063384
CLEC2B,-1.7777411,7.714077
WFDC1,2.842116,11.905253
AARS2,13.360246,-7.667811
KLF2,6.5869393,-11.812703
SLC4A7,-3.6063805,2.8221972
POR,1.6075466,7.1869454
OLMALINC,11.756943,4.9543133
KCNMB4,-1.8199096,-0.2664897
EIF5,4.0324106,-12.927099
MYADML2,4.281008,-1.8845522
SMIM18,4.3415036,-1.0152547
CHD4,2.4531007,-4.694647
RFT1,1.9935671,-2.638288
BRK1,8.581258,8.042681
MED18,-9.351653,-0.054920565
FAHD1,3.125351,11.66371
ARMC9,-2.1796713,-2.096649
PSME4,7.428812,10.305702
ZSCAN25,13.115155,-7.416229
WDR44,-3.1607008,5.6691318
PRKDC,-2.9072978,4.6931596
NCAN,-3.9690335,-0.07654937
FAM196B,0.305859,-2.0778453
HACE1,-2.6581051,10.538665
GPATCH3,9.620322,8.077153
TMPRSS5,2.4693224,-4.8068876
CDC40,-4.832768,6.8330655
EIF4E2,-2.2623048,-8.189513
SMIM10,8.988196,2.754097
NUCB2,5.025249,11.406287
MRRF,-5.9875607,8.220307
GNB4,-3.5227199,3.9758663
CA11,-11.66254,-1.9136349
TTLL9,2.7537153,5.163695
CALN1,-0.97831285,12.120519
FAM218A,7.7394085,-5.279464
FTSJ3,4.109663,-1.8164667
POLR3H,0.83976644,6.5095606
SLC25A28,0.03384845,13.779569
SLC35E2B,10.824345,-9.861862
SERPINE1,-7.2242146,6.832216
RPIA,0.0081968205,0.7693097
VRK3,-3.6648564,-4.5968795
SLAIN2,6.034778,4.3483205
DENND4A,-2.90065,4.730639
METTL18,-2.766418,5.2874146
NRM,-4.9264307,9.914487
NFXL1,6.4713497,-5.959537
BCL2L13,7.3367953,-0.7608828
TATDN3,2.7339408,-6.81878
ZWILCH,-4.3786273,-7.333836
MRPL1,-0.56472856,-12.369692
DHX8,-2.1897893,-3.365771
POLR2J4,4.222051,-12.184216
FAM120A,6.2085185,-6.2539034
ZDHHC15,15.814234,-6.713241
TAF15,8.485621,3.6443923
GAA,2.2562501,1.248548
HIST3H2A,4.6109743,3.5610716
TAF5,3.620037,-13.561058
PCDHB5,5.364662,1.843932
CNTF,7.5782495,1.8867071
TMEM234,6.9165716,0.42058504
CNIH4,4.580313,-12.400398
ATP7A,-2.833749,-4.923925
MDFI,6.219015,7.3452272
PGBD4,0.49783194,-4.897958
OR7E38P,9.858691,8.0396
PAM,-3.5465808,8.966105
XPOT,-10.942669,-3.1070724
TMEM128,2.3423839,-5.6219015
CD6,4.3224,-1.0171374
EAPP,-3.1337008,-6.586146
FBXL18,0.9550701,-4.668705
PKIB,2.130268,-2.4259331
TAF1A,-6.8307576,-3.6214619
HN1,-5.969415,-1.4244126
GOLGA3,11.395116,14.679433
SLC25A17,-9.05494,9.069006
TLN2,-0.22520922,9.899388
EDEM2,3.8803384,-7.071334
LRRC56,-1.1974107,-9.145426
FAAH,2.9290845,4.9368443
APIP,14.37756,0.45581383
OTUD7A,4.195103,-4.207831
MRM1,-6.9292355,-5.993701
PPT1,5.0138683,1.5017653
RRN3,9.229365,9.911952
CTU1,3.8605337,15.3215475
ZNF584,12.382227,2.7214968
ZNF354C,-0.5970539,13.129716
MTHFS,6.6680274,12.434986
PRAF2,-5.2486544,1.6108865
FBXL14,6.1510453,-11.693627
TTR,3.8381414,-4.3416047
SNED1,8.927313,-0.8330359
ASL,-2.568202,0.548284
LDB2,5.3029604,17.761576
CXCL14,-0.11233902,-6.9966235
KCNMB1,9.996213,6.170136
APOPT1,-1.7514092,13.383716
CYP26B1,7.2565866,-7.7168026
DEPTOR,5.163573,-5.9821043
ZNF469,-1.1232299,4.2736483
SNHG21,-11.652633,-1.9036642
MLLT1,9.851467,1.5378274
ARF3,7.7932625,-6.8675137
CMKLR1,3.1233425,2.9608753
PIAS2,1.297539,-6.1177635
CYB5R2,9.916709,8.02707
EPB41,1.8713896,5.998625
UCK1,7.2178555,12.945711
FAM98C,0.6849507,13.478719
HDDC2,-1.528869,13.431173
MORC4,2.1413355,-4.627017
RRAS2,0.94600946,9.5893955
CHKB,6.9016657,14.713391
TBC1D9B,9.249914,3.0271833
SUN2,-2.0696666,-0.42163998
UGDH,-3.0138311,5.811194
PRPF6,-3.440231,-4.386085
CTNNAL1,-1.0212858,7.8905644
BRD9,9.642878,0.60047054
EVI5,11.8158045,1.3665234
HHAT,5.227622,0.7758831
METTL4,4.0094666,5.812811
KYAT3,0.40290695,9.120521
TRIT1,7.289024,10.222909
KDM2B,9.9627495,-2.8166275
LYPLA2,3.4129205,6.3095903
TMEM14B,-1.1177989,-3.7427325
KCNK10,1.8853079,5.984672
ZNF613,-1.1110983,-3.7515802
AMDHD2,8.703728,-7.3496947
ZNF235,5.616117,10.3893795
PRSS27,3.1793864,-2.0629332
TRAF5,-5.3307624,5.9446144
LIN54,3.6494353,6.0214057
WASH2P,-0.25981152,9.982957
NAPSB,-3.6216397,2.7960534
MGLL,4.605121,3.5575144
ZNF333,-5.972443,8.203351
ISLR,9.378632,-2.2241044
TMEM232,6.983363,0.40142134
ADH1B,10.9168,3.927722
TMEM161B,-2.9741523,10.736856
TCF7L2,13.199882,10.654415
DLL1,10.654233,8.367712
H3F3A,7.4194937,-9.269297
ZCCHC3,2.6624691,16.935034
GOLGB1,0.83767754,1.6270033
APEX2,10.949885,-10.764422
PRPH2,3.0695972,-6.6024265
DHRS3,5.2539864,0.79865354
SCARA3,7.05323,-2.1271057
CTSH,-3.47746,4.00536
ETV5,2.7172158,8.632228
ADGRE5,1.4012222,4.238852
GAS6,5.362232,-1.4848218
FAT1,6.001551,0.8329299
TECPR2,8.535173,-6.9758263
TCTA,-2.2415304,-10.901784
SNX27,-1.5663389,-3.9453084
MB21D2,-1.4361186,-3.9778621
DANCR,8.567554,8.060965
SF1,5.612924,10.385479
SETD1A,9.887981,1.5967404
FUT11,1.5521431,15.835346
ITPA,9.828129,11.908269
SNHG23,0.28299302,0.15904377
XXYLT1,1.5634352,-5.133447
RBAK,4.5858264,-10.866705
SUMF1,4.144769,-1.8161497
PSMG4,-9.50652,0.04871961
SAMD14,-6.263905,-1.0542562
AMER1,-2.1623096,-2.0871148
INSIG2,2.0466585,-4.5383134
MYADM,4.454285,-4.198834
DDX52,-10.953244,-3.0979588
ZNF565,11.743833,6.9151235
AOX1,13.345229,-4.6966653
TBC1D22A,0.062313043,9.671377
HEY2,5.6743674,4.300593
MTMR12,7.1543236,-9.303512
TAF1B,15.28557,2.8444996
PBX3,-0.39856467,-6.472515
EPCAM,4.835038,6.64821
EPHA4,-5.8443832,4.4151497
GFM1,-0.61702704,-12.375115
TMX2,-5.05707,1.0911285
SIRT5,-0.8465667,-10.655394
ALDH1L2,7.4681506,3.2767406
IAH1,8.19691,8.355413
KIAA0930,-6.5025344,11.5600815
ZNF345,-4.7176085,6.1556854
DUS3L,3.8807585,15.317088
PPM1G,11.373539,-10.781417
HFM1,14.623427,-0.85990214
EMID1,7.0466046,-2.0978575
THTPA,0.65501803,13.329647
OAZ2,-6.375298,-7.902999
NRDC,1.0476655,9.90799
NPDC1,-2.207241,-8.155379
ANXA13,1.5121136,4.968812
CCDC57,-0.35417247,1.2402853
MKS1,2.4342434,7.143953
DGCR6,0.86867803,6.57122
R3HDM4,13.535362,3.8929083
NTNG1,-11.823692,4.081909
UBXN8,3.122694,11.642061
UPRT,1.9947546,7.4757853
YEATS4,12.452253,1.3983597
IL17RB,5.483899,3.7722704
AP1G1,4.1166263,-7.2888517
BCL6B,10.144113,-1.3922117
ATG10,3.7587667,-9.170471
XRCC4,8.215156,8.335956
ZNF555,5.0266304,1.499154
SIRT3,8.3771515,-4.5502214
DNAJC24,0.28316772,-2.067555
LRP2BP,5.176367,4.3170967
MAP1LC3B,14.226066,-1.5330843
ZNF19,-4.706557,6.1640244
FAM228B,2.7621377,5.1335588
LCLAT1,4.2167926,1.8506542
PRELID3A,2.441208,8.052795
MTHFD1L,2.105339,1.0102737
MEX3A,15.993259,5.6989903
SPRED2,-7.615629,3.5795374
HYKK,-1.1517787,-2.4323392
PTN,3.9806688,1.7781419
SPATA5,6.199977,-6.2506385
L3MBTL3,4.283693,-2.3669047
TMIE,0.14396746,-12.522241
PPP5D1,14.425043,-0.7535275
CTNNBL1,-3.423065,-4.373875
CBWD7,-0.003846164,0.761239
EIF2B4,9.19461,8.567973
GPATCH2L,11.6731825,1.3576148
DIS3L2,1.8975039,4.761942
ZNF782,11.564595,0.90746653
MANBA,-1.2992458,6.449901
TCEA3,12.46012,1.399997
PTPN3,10.669627,-6.429231
BLOC1S5,6.615526,0.70147496
STAG3,4.001916,-4.120041
COQ2,3.1134098,3.020824
CYB5A,-0.6577098,7.436648
KANK4,1.9844009,11.881114
ARHGEF25,5.4233646,-1.4268975
CERS5,3.1636798,4.71787
ATP11C,10.847418,4.0055375
TCEAL5,-5.9856095,-1.4115663
MRE11,-3.8385844,6.2298737
HACD1,-7.7302113,3.9820244
UBE2A,-1.5040737,-0.038100116
RASA4,-7.6994286,-9.284095
IRF9,12.452582,-1.7133249
NUDT2,9.608873,8.083291
HKR1,4.147317,15.13355
TAF3,6.6582947,-9.328359
GRB14,1.8841763,-1.1491063
SETD9,-2.1080492,1.6332058
GGTA1P,5.467307,4.804394
FCHSD1,-1.8931861,-9.503524
DAB2,-3.9637647,8.028535
HRASLS,-0.34194696,5.0119634
SSPO,10.61761,8.386841
RRAGB,-3.8200822,-5.4372916
STAT2,-5.684778,7.8460364
NDP,-0.5083716,-7.141496
SETD6,14.626653,-0.85956144
ZNF280C,4.356356,-9.535841
RADIL,-11.866784,3.2978883
ACAN,14.614943,-0.8588067
SRSF3,4.020417,-12.953659
CCDC189,-6.2801914,-0.9293777
CENPL,7.303575,2.3155618
TMEM120A,6.690405,-9.539459
GRHL1,-6.413175,-0.64096177
FAM114A1,7.2585692,-5.2141576
BAK1,10.909387,-10.762242
SRRD,2.4415088,16.19063
RUFY1,1.9507846,12.323392
ITPKA,7.045015,-2.0997872
SRSF10,4.7613573,-9.781921
UBE2R2,-3.5361288,8.946088
PPP1CC,-1.9407878,7.5985627
ZNF525,0.23813507,13.752251
CPQ,-4.387482,-7.3447585
ZNF184,3.3330562,-12.478055
SLC1A7,10.919758,3.9327717
CDH11,7.323233,-0.71038204
ERCC3,8.948309,14.317082
NMB,6.7562003,12.547169
UMPS,14.222875,-0.7550914
LYSMD1,-0.644552,-3.873203
PIR,1.241362,17.425411
UBXN2A,6.4328966,-5.9986243
FLVCR1,2.1864026,-4.615911
FBXO34,14.28563,0.31441548
ATXN10,-3.7764177,-5.4310374
PRSS3,-5.814392,4.3796287
APOOL,16.26289,-3.1669374
ACTR8,2.5236337,16.176054
RAP2B,-3.6526656,3.8454227
COPG2,-0.50088847,1.3942006
ZNF202,12.999747,-7.29905
LRP5L,2.3245518,16.405136
KHNYN,-11.76819,3.488791
ALKBH3,9.816833,11.897648
LRFN2,4.6334715,-1.4679211
TBCA,0.7806225,13.797531
KANSL1,3.8090863,-6.9920254
RFWD2,-4.149861,-9.708967
POGLUT1,-1.6697633,0.6466831
NPIPB15,-0.44438377,-1.4568921
INO80B,-4.7138534,0.60947406
RWDD2B,2.4522748,11.914661
DYNC2H1,-5.034903,7.0141706
SLC38A3,3.2072625,12.133082
HS3ST1,-1.7448704,4.502645
OXA1L,-1.5220401,10.163152
HERC5,-9.340092,-0.031552408
RP9P,4.6760507,-9.899483
TSKU,-9.092427,9.103543
VWA5B2,3.993985,-0.78428996
ATG16L2,2.227128,1.2426603
AKIRIN2,4.560753,-12.383621
PDZD4,4.347943,-2.7970235
ZDHHC4,-5.3297,1.6436034
IGF2R,0.17544627,-2.0140069
ZNF227,3.0703757,-12.403797
SREBF1,3.1457283,15.010098
AVIL,-0.48286018,-1.4214613
ZNF689,2.4567297,-4.1263704
PTPN14,-7.673998,3.9687092
EIF2AK4,10.4715185,8.485569
HMGN1,8.706007,-7.3600216
ADAM8,-4.2047205,3.9569817
SPRYD4,9.214209,9.890837
ZNF620,0.8002603,1.5847851
RGS14,5.1011605,-3.6137636
ATP6V0A2,-11.876237,3.2557774
TEPSIN,5.245911,-12.438839
ZNF256,4.94003,-9.669267
SRA1,-4.234979,5.612716
NDST1,1.4137306,5.056257
LHX1,1.8869686,-1.1515481
LARS,-2.9067354,4.694501
ASB5,5.194936,17.65069
CDKL3,8.193055,8.361038
FBXO48,-5.3031917,5.9598594
COQ10A,-2.0557184,2.7539325
PLA2G15,-2.071424,2.7702618
GRID2,3.9838123,1.7833186
CBWD3,0.2694264,0.27714136
ZFYVE9,1.8925561,12.396419
FAM19A5,-6.793369,-3.6801183
VEGFC,9.893781,6.449634
RPH3AL,2.2224686,-6.870456
GTF3C2,2.7387564,8.645307
SMIM3,10.661803,4.131665
BPHL,-3.8359053,-5.115557
CMTM3,3.100402,3.0365486
GPT,-0.2307917,-6.7658777
COX20,-5.334287,1.6289694
WIPI2,6.682122,-9.550969
DHX34,1.5466709,6.409853
PPM1J,5.4008894,-1.486437
ZNF649,-4.3826394,-7.340616
DTD2,7.457742,3.292654
RAD54L2,1.2730888,4.261951
METTL2A,12.719927,-2.240511
MAML3,13.231943,4.8474307
FAM149A,0.9369145,9.581252
KIAA0368,3.0604255,-6.562787
RND2,8.918764,0.8807319
ZNF684,-3.205627,5.7134156
PCCB,-2.0217292,11.0851755
DNER,7.0720363,-9.2582245
TAF8,8.289371,3.711965
IFT20,7.6714034,10.414252
TTLL4,-0.62590057,-3.8656383
EXTL1,4.7263627,-1.472561
ZNF557,6.427408,8.766342
OGFR,7.511111,-5.1395564
KANTR,-1.1642714,-9.114885
CPNE1,6.4701123,9.350119
ZNF791,4.577609,-10.874297
NECAB2,-9.141403,-3.7037854
APOL2,7.446502,-9.2901745
FEM1A,0.50095105,9.221111
CA2,11.991501,4.764176
UBE2I,14.0890255,8.986106
RPL39L,7.22632,14.291088
TRIM9,-2.0845592,2.7826493
SRSF8,12.286648,1.3773364
MAP2K7,-9.766591,-6.8620367
RPRD1B,-0.0034230389,-1.5317438
MEF2C,2.433011,1.9443381
CWC25,5.1469126,-5.946222
ZNF597,0.52838457,1.6071489
MEIS2,-6.3723893,-0.70244545
BIRC3,9.224048,-4.5934634
SNX8,9.242102,3.008839
SRR,9.648701,0.6002398
SLC23A2,-2.1767488,-2.122377
PGBD2,6.4177556,8.765264
ABRACL,6.593465,0.7159187
KCTD13,9.61369,8.102259
TXNRD3,9.701221,0.5251029
BCL2L1,6.6517487,12.4154825
RMDN3,9.224495,3.3777423
DDX6,-5.3528485,-9.936323
KCTD17,3.810753,-0.74694484
FAM104A,-5.354883,-9.938092
TUFT1,-11.740004,3.7391443
ZNF519,-5.334977,5.9392724
ORAOV1,3.0897508,15.290082
COQ7,12.332128,1.3899548
TSSC4,1.1392215,19.223894
IL1B,-3.5755098,3.8996122
MTRF1L,3.759171,-6.939704
CSTF3,4.132043,-7.304551
AMIGO2,-2.4566457,3.0808892
ZNF766,1.6166645,-4.827208
UPF3B,-0.48232576,-1.4401597
UBE2J1,-5.357517,-9.940681
SLC30A5,-2.8416362,-4.8984904
FBXW8,4.6071005,3.5473719
ADPRHL1,-11.811309,3.9723232
FMO2,3.867975,15.329754
PDIA5,-4.0003843,7.980347
VILL,3.107215,9.679949
PDSS1,6.633728,5.58997
FER1L4,-9.811441,3.837077
ARMCX4,4.3458724,-12.220887
POLR3E,8.633501,1.1245877
TMEM69,-9.103091,1.3773959
ATP2B1,-6.709445,-1.4074117
TVP23C,8.573121,2.5182605
DACT2,8.929733,-0.8277107
TBCE,3.503463,11.798202
ZNF490,2.9930024,-12.350625
SLC4A11,6.072035,0.33072966
COX16,6.906283,14.731719
PPP2R2C,7.713575,2.3014858
SERTAD4,-4.1376543,3.9267454
NDUFAF7,7.61415,-9.410429
ZRANB3,-3.7366927,6.5965385
KBTBD4,-0.12783666,-2.1930542
CTSK,-1.3658268,4.42937
NONO,10.217776,5.510659
COX19,-0.17064613,9.734954
PDE1A,4.8006244,6.67489
CES4A,2.1181324,5.7169027
RAB3IL1,-3.6571941,3.8170958
SFMBT1,7.1046534,-9.192029
ZNF83,7.615607,10.412122
RNF25,8.465129,6.2210007
ZNF582,5.169276,-5.993225
DHX16,7.57295,1.8187423
TAMM41,8.838919,0.8949666
GOSR2,12.733122,-2.2996457
ZBTB33,-7.5811987,3.5801644
SNAPIN,7.228906,12.93752
OXNAD1,-1.5052819,-0.015696652
ZNF85,13.351862,-7.6600475
PCDH17,6.113779,0.84950984
BEST3,-1.950831,4.624392
MMAA,-4.161501,-9.718809
SATB1,7.6262045,-6.8418207
SNX24,1.4292938,5.075114
SH2D3C,10.149359,-1.3774632
SLC25A24,4.659686,0.48063272
WDR66,5.180371,4.312872
FAM168A,6.0070014,0.55343515
INTS6L,-4.7315645,6.1556787
FAM114A2,-5.3559537,-9.940019
STN1,-0.43270344,-9.35374
DMKN,-11.823693,4.0754986
POLN,-7.2539296,-5.826546
MDGA1,-5.957376,-0.21476959
RMND5B,2.3148065,8.353702
ZCCHC11,-2.7472827,5.2713
FGGY,13.2836,10.56634
GDF10,4.609979,1.7625313
CCDC102A,4.05748,-12.987732
MED6,-1.3795398,-3.9474814
FADS1,7.030065,-2.1119924
SARM1,4.2934465,7.123762
MCEE,-2.1235812,1.616458
ALDH3A2,3.768479,9.281041
SNRPD1,14.150875,-3.8379066
PRDM10,-0.50583476,-7.146015
AGAP12P,-0.33017105,1.2162987
PYM1,0.88647693,13.941683
TBC1D8B,4.373066,7.679382
MAT2A,10.292901,5.235459
LDLR,12.480171,2.6737204
AMMECR1,1.5241885,-4.5618167
ZNF512B,6.7572236,-9.199304
WDR89,-4.1991086,14.060754
ANGEL1,10.652202,8.368278
APEX1,-3.733317,-6.047553
CACNG2,0.29930988,0.103572056
FAM53C,-0.4604801,-9.344275
TM7SF3,-1.1993424,7.8360395
NUTM2D,-3.8614542,-9.4450245
EFHB,14.536006,-0.79275113
SPATC1L,0.15916651,13.785251
AKR1A1,3.802475,-6.993475
TRMT12,10.042225,-3.0518491
XPC,-2.0006473,1.7284385
PPEF1,1.4851022,5.0075846
ZNF835,8.78474,-6.813543
PDE9A,5.9045644,-10.451144
CRYZL1,7.5834093,-6.844101
SPACA6,-9.807344,-6.881385
TIAM2,4.1783586,-2.701632
NBPF8,0.9065156,13.972349
ZNF799,-5.311569,5.953979
SIGLEC14,3.126628,2.9885545
SIM2,-1.1319135,8.399666
TSTA3,-4.0945106,-4.8096266
ZNF675,-7.611192,-9.385773
SERPINA5,1.2221097,7.854048
FCHSD2,5.3015347,-9.483102
PYCR1,7.231696,-2.3129125
LIN7C,12.175931,2.8263783
RGAG4,6.761179,5.056158
EWSR1,3.8822153,-9.244216
MOV10L1,6.8903236,14.690466
SLU7,-6.2807918,-7.986996
PCGF1,-6.0178037,2.1664674
ZNF880,9.225049,9.907309
KIAA0141,1.949183,11.746511
STX3,10.413618,-1.1527659
ZWINT,3.647055,-12.655784
SIX3,-9.069081,-3.670112
TRGC1,1.9730841,9.910549
ZNF462,-0.53774786,-7.1558027
INCENP,-0.11727298,-2.1833074
MYNN,5.9287686,16.137623
GXYLT2,-11.864634,3.7309926
PARS2,8.910026,-4.540907
SIPA1L1,9.237963,3.4479675
RBFA,7.195893,-8.689191
GAR1,-2.089102,1.6573894
RAB4A,-10.949711,-3.1008053
MARS2,9.113668,-13.555397
CCDC71,5.1790175,9.926297
LRIF1,8.193079,8.360696
TSPAN33,5.231308,0.7633717
ZNF394,-1.7526855,7.7692566
APOD,2.1081362,5.717019
IFNLR1,-3.3370588,3.9469144
PDCD2L,-7.8515677,4.1774244
DAO,5.903884,-10.452097
SCYL3,-4.17557,-9.73221
AP4B1,0.27109852,-2.0547976
FGFR1,8.206884,-4.559787
CERS1,15.654829,-6.5592775
SMPD2,9.293627,-7.9123635
TMEM86B,-6.5865397,-6.124493
FAM118B,8.58438,2.4838374
BCL10,10.050234,6.0257587
CCDC61,12.030395,7.2212586
HSD17B6,-3.98097,-0.077974774
CMSS1,-5.1098976,1.1842613
SMG7,-1.9945025,11.054711
NFATC1,1.9773954,11.8316345
SPAG5,-0.57049125,-3.8341944
RGS17,4.2463803,-2.3706958
TOB1,5.2192035,0.77908033
ELN,2.4658546,-8.993047
JMJD8,12.133853,7.5676465
SURF1,0.68144256,13.474013
ZNF446,9.776418,11.859513
NIM1K,1.8514105,7.5474987
SPTLC3,-1.1282371,12.142281
DFFA,-1.6799953,10.922595
SUV39H2,13.340997,-0.39808396
PPP4R1L,-3.7323806,-3.6802557
GAS1,-9.36579,4.148861
ZNF445,-0.24887216,-9.437119
SLC35F2,15.999838,5.704377
ZNF408,-2.2924564,15.1917095
ADRA2A,-3.965464,-0.06747954
TIGAR,-6.575562,-6.1339545
SORBS2,7.253831,16.676373
RCE1,8.5131,2.530971
TWNK,-2.1057737,1.6309688
CSGALNACT2,4.926164,-9.664387
LEMD3,4.3964033,-9.6362505
POLR3C,-3.697002,-6.097933
GOLGA2,1.3680729,-4.961506
POLA2,2.1112435,5.719526
ERC1,1.2634311,-9.735095
ELOVL2,5.725482,3.560637
WASH3P,-0.16758381,-9.509545
TRPM4,-3.2437313,14.187189
EGFL8,10.444519,-1.1739823
TRIM26,4.019684,-12.953483
MCUB,7.018759,12.931352
ALDH18A1,2.3231478,7.895412
ZDHHC11,-6.233809,8.571471
SHC2,5.203437,-1.5083865
HSPB2,6.7633524,-5.6565204
FRA10AC1,-1.8361684,-0.28570068
GINS3,-1.2226747,4.459991
TRDMT1,1.6515305,7.602371
MICA,5.5768175,10.355823
ADRA2C,7.2306075,16.651857
CAPZB,8.988019,2.7310073
UBAC1,-9.572758,-7.0371847
TRIM4,-7.56768,4.030831
SLMAP,-2.5440378,5.1466002
TRIM65,-4.661389,-4.417508
GIPC3,-3.8797147,2.3573968
CES2,2.4584925,-4.449675
NECTIN3,6.0950904,7.502755
P2RX1,5.506093,3.7357693
DAGLB,2.2486117,1.2415268
BMP8B,-1.3408281,4.3745117
SCAND2P,-5.4492226,5.858432
PTGR1,-3.7385702,-5.4855576
SCARF2,-0.16433698,13.08287
SRGAP2B,-3.879785,2.3299263
SPRY1,10.040969,6.02804
LIMD1,-2.1656466,4.7915974
ZBTB7C,-2.0813968,15.963227
ZNF75D,-4.392306,-4.6152406
ZNF568,4.234346,-4.8867908
NUDT19,7.720486,-9.696664
CTNS,9.095961,-7.7906814
HEATR3,1.4133574,2.8469071
FAM200B,6.246902,7.9800572
GGACT,8.569233,2.5157633
DGCR8,2.3290653,16.427738
ZNF587,-2.4226563,5.578334
PIWIL2,-3.8605459,-9.444039
NUDT17,5.460003,4.811344
GK,4.569972,8.834983
TMEM218,2.0176117,11.78586
ZNF69,0.28648376,2.8087232
TMEM35B,2.4790802,-4.8083124
RANGRF,7.566657,2.4501626
ZNF180,-0.6860656,7.543938
RUNX3,9.228395,-4.5878
AHCYL2,5.2701635,1.6384381
ZNF324B,7.7485285,-5.2804112
ZNF765,8.27935,3.6982098
IKBKG,-0.18376863,-9.497
OSTM1,2.7453172,-14.703839
GALNT12,0.9603959,8.828624
PCDH20,-1.128456,4.238493
PAX8,7.237764,16.66076
AP1S2,13.293594,-4.7500615
LRRC27,-0.46325675,1.3641621
FUCA1,-6.158829,0.8505338
EDA2R,3.8386893,-7.031631
PDCD2,8.239579,8.322804
MRPL45,2.388826,7.173476
HOPX,5.004828,1.473945
HYDIN2,11.272601,-4.547947
NGFR,13.695339,3.8002362
NFKBIE,-4.196156,2.8446693
EAF2,-2.8423305,-4.9109507
TPMT,2.8548918,11.855354
STAR,1.9622854,-4.597301
MAP2K5,-7.2920914,-5.8975744
ZNF786,2.621497,-4.9117794
GSTM4,-4.155537,2.8842576
GINS2,1.2674364,-8.058707
BORCS5,9.659751,8.067145
PUM1,10.042173,-3.0477104
PROM1,9.197162,-0.6866513
TRDN,4.1674166,0.9171212
COX7A1,-9.5892935,-7.0217385
ABL2,9.684887,-4.830217
SPRY3,7.953208,-6.90088
FAM210A,-0.8171399,-9.214075
MGMT,9.563742,8.090757
ATP9A,8.260268,5.2836084
SH2D6,11.4441595,6.4191704
RNLS,10.838809,4.04477
FTCDNL1,3.5473392,6.1024923
MTPAP,14.230034,-1.5291837
ALDH1B1,-0.3654965,3.6217513
EXOC8,-5.04425,1.06714
DROSHA,11.569635,0.9391004
TC2N,-4.835176,9.408618
ZNF440,0.07674076,-12.486771
RNFT1,-1.0862445,-9.034404
TIGD2,13.001598,-7.3006215
PRKY,10.363134,-1.2478195
RASGEF1B,8.377098,5.3960104
SYCE1,-5.718249,4.3115697
GNLY,-0.8457005,-10.653325
THEM4,3.7885976,9.216037
HLF,-7.542624,3.4012523
OAF,5.325542,10.085544
DPM1,0.15798806,-1.999667
CYP2D6,4.378765,-1.0435241
FAM133A,5.3953075,1.8857042
LIG3,-2.189452,-3.3662639
GUF1,4.4960504,7.9551344
AS3MT,11.500678,6.4855556
KLF7,-5.031596,7.011033
TCEAL1,2.572593,11.905322
ILK,-7.0766554,7.3945785
RFLNB,-0.2857087,-12.3268385
CCDC181,8.327068,5.350858
TMEM51,-3.9616153,8.038991
NANP,15.288228,2.8435404
OSER1,1.8484516,7.536038
SRPK1,10.028397,4.692383
PMS2,-3.7373378,-5.933952
MAMLD1,14.366156,0.44309023
SPATA7,-6.444769,5.5955863
AMT,6.7831492,5.0687346
OTUD1,-3.2445138,14.188094
ZNF660,-4.3947673,6.244183
NAGK,-7.6179657,3.64815
YEATS2,11.531713,6.5359297
C1QTNF6,9.236377,3.4526021
KIAA1958,8.811453,-6.7834363
IGDCC3,-0.12042247,-6.9805923
FOPNL,6.028139,-1.274928
FKRP,-2.1810281,-2.1248686
ZNF343,-3.7899075,6.148807
EXOSC6,4.743629,-0.46720123
HMGN5,12.199168,2.8370526
SLC9A8,-1.7387992,13.381715
SLC16A8,1.8851298,5.891621
MCM5,3.0887947,3.0508893
HPR,5.488096,3.7427278
BZW2,9.292091,-4.50047
OGFOD1,-8.9041605,-5.414514
VWCE,-11.823609,4.0950885
DCAF10,-0.7730727,-3.945563
PLCE1,1.7995795,-9.411173
KMT5A,-6.943964,-5.986094
SLFN11,-3.8820894,2.3297772
PARN,-1.8866774,-0.29589775
IGKC,-1.8342565,11.000225
STK10,-3.9582372,7.770417
RPUSD2,8.414095,6.268312
MBLAC1,-5.9001975,2.0167406
DHX9,12.878366,8.303627
RAD9A,7.0319915,0.30001688
PRR12,-9.811817,0.15399672
KLF16,-5.2898974,15.083991
NBPF26,5.292175,4.2904134
HMX1,-1.2947797,4.316997
DCBLD1,12.753781,2.651653
FANCG,-8.211283,4.769058
SRPX2,-7.3246064,7.63628
CDCA3,8.5947485,2.5001779
GNB1,2.4143872,-4.247507
TSEN2,4.4985933,7.955767
SULF2,-1.2641852,4.485261
CLN6,1.2697114,4.2563705
HIST1H3E,11.77509,4.941662
MINCR,9.141877,8.060569
ZNF718,10.149361,12.872267
CCDC58,2.7245383,-6.808023
IPO8,-7.742669,4.034296
ADAMTS7,-1.2230275,4.502502
ZNF713,9.235989,3.0225832
FAM109B,9.6204,8.092013
SDK1,4.2445745,-1.0367001
MSL1,-9.589526,-6.6688075
ZNF398,1.2927284,-6.1178684
DUT,5.678778,8.006717
ZNF562,-9.316034,4.074533
HAAO,-2.4579709,3.08247
TNFRSF19,7.47676,-4.543828
GOLGA1,3.1377082,14.987629
YARS2,-3.8530579,-9.436988
TMEM187,1.5827612,6.3688
COL5A2,2.4626586,-8.99503
VEGFA,13.106525,10.737263
TSPAN8,2.6184964,4.984452
NOMO3,12.730822,-2.3289664
AASDH,9.56148,8.054481
MSANTD4,-1.4881942,0.37510327
BRD2,9.31125,-4.5609293
LGALS3BP,-0.16978766,-14.984837
MED26,9.310039,-4.5583515
LHX6,9.722882,-0.7487561
SH3D21,4.1084185,-1.8424925
CTRL,8.956357,14.309507
SLC22A3,3.9846292,1.7831525
APTR,-2.0614862,-3.3064172
TOE1,4.6625447,-0.39330554
PRC1,6.136183,-3.6347978
SDHAF2,-7.779791,0.9195574
UQCC3,0.4792034,13.646455
IARS2,-0.17036681,-7.070529
ZBTB20,8.497933,3.853101
MCCC1,5.8974137,-1.3085971
LMCD1,10.601891,3.9037044
WASHC2A,7.293787,-0.44373012
KCTD4,7.726975,2.2469916
DDX51,-0.45588008,9.801383
ARL10,12.139357,4.6589403
FBXO22,0.44295308,-4.9248323
GABPB1,6.284987,4.668347
HEXA,2.0474842,-0.9112796
EIF4ENIF1,1.23086,-10.970918
AMACR,9.573713,-7.6946316
SLC39A3,19.737282,2.3638334
SOBP,2.2878425,-2.465601
SLC22A18,-9.290391,-0.060016505
ITGB3BP,-4.8516397,11.4314785
TRAC,7.2382703,16.660671
NKD2,4.4161835,-1.0242741
ZNF528,8.349092,12.320814
ATAD3C,1.5447383,4.2535014
LRRC37B,-3.4400322,-13.153294
TRMT44,9.854549,1.539405
PRMT2,4.8168836,1.6189628
TMSB10,10.376703,4.4664235
ANKRD27,7.339022,-4.57648
TNNI3K,-6.3611298,8.389067
CSNK2A2,1.887344,7.494039
PDE8B,-8.877196,8.948873
NEAT1,0.61228365,7.544889
MED7,13.22631,4.843032
RPL12,7.2530036,13.290006
PURG,-4.7456713,9.595548
PDE6D,-6.5210996,-6.163013
RPL10A,7.152798,13.016766
ST3GAL6,1.6211421,4.750811
CSTF1,-2.5405426,5.387307
ANK3,1.9784806,11.859347
MIRLET7BHG,-1.8899422,-8.580691
DSEL,7.6751547,2.1974115
SPACA9,5.2410235,0.7779882
PDE8A,3.7559454,-4.174838
CCDC34,-0.23065048,-12.350589
KRT13,6.8157573,12.614703
CHRD,1.4647554,-9.447466
FAM102A,-0.1375003,-14.956615
LARP1B,3.721829,-13.506973
MRPL34,-5.2637453,1.6110822
MED27,-0.19770049,9.944465
PCNA,12.193416,2.8274493
ENO3,-6.8150005,2.6010904
HDAC8,-7.683621,3.9839306
KDELC1,-7.577434,-9.42063
TOR1B,-0.8617532,-9.1749115
STAMBPL1,-3.572826,2.90112
RASSF9,7.2294683,-2.3087955
KIAA0232,6.216459,8.331136
TOX,3.980376,1.7772961
LRAT,7.9789276,-6.907524
SAMD11,-4.358643,6.2585626
METTL21B,-9.339873,-0.030957015
ATIC,4.8463883,0.88885117
ZBED1,-9.812664,3.841421
HRCT1,9.7675085,-0.72272825
ZNF250,3.616326,-13.569518
NCAPH2,4.38791,14.953321
GNRHR2,17.209276,-4.1696343
STAG3L4,-5.4643083,1.7454821
ZDHHC23,9.573726,-7.69536
ZNF829,-10.8500595,7.349879
ADAT2,3.4838812,2.6475492
EEF2,-0.044755414,12.591912
NME6,9.227997,9.909901
FAM182B,7.101664,0.17083468
TMEM60,1.8348687,11.531025
RPSA,7.2756944,13.315378
FRG1HP,13.085757,10.753439
EFL1,12.256495,7.053521
NSUN2,-4.4075556,6.2530785
WDSUB1,7.690154,10.421953
KIAA0319L,2.7171528,8.627908
CHD1L,4.132006,-5.1689315
PDXK,14.772407,6.569111
FOXRED2,9.78115,-2.7452865
GALNT1,4.5297666,-9.677128
ZNF589,5.4480233,-9.48974
SPATA2L,5.8712125,-1.3194114
CLUL1,-9.054909,9.06869
AZI2,3.0939102,15.375242
TMEM198B,-5.244877,15.039056
PIGB,-9.633825,-1.4847403
KIF3B,0.57989854,-2.1387637
ICOSLG,1.031013,9.873807
P4HA2,5.2962613,-11.348968
ZNF586,11.139698,-0.5362703
KCTD7,3.8249063,-4.3216224
SOGA1,-1.5785558,-0.15101069
EDA,9.366114,-2.2391658
ACBD6,0.9257813,13.959184
DOPEY2,1.567941,-5.140673
CROCC,2.3496437,16.38273
NOL3,9.212276,3.222006
LYPD6,8.843014,0.89015555
B3GALT4,0.7090533,13.51969
PFAS,5.463404,4.79804
ZNFX1,4.022516,-9.325345
NFATC3,-4.8994985,9.342694
DNAJC7,9.605535,-8.182481
TRMT10B,6.4751124,8.705705
MFSD1,9.361721,15.45013
BLOC1S3,7.7233796,-9.703518
ILF3,-0.6577101,7.480659
FRAT1,4.723014,-13.80492
USP6NL,1.2313808,17.428843
DPH5,12.30862,7.0026484
TBP,-1.6780242,0.64849544
MTERF2,2.8680122,15.849011
NPIPA5,2.3433037,16.385149
ZMYND10,-2.1608844,-2.1016796
FBL,7.2520843,13.281076
CRYBG3,0.2647773,-2.0617297
KCNQ1OT1,11.42432,6.3946943
WDR18,16.955257,2.5932715
CLHC1,-2.1508615,-0.3640163
ZNF696,9.807997,1.4958086
SH3RF1,-11.620213,-1.8718517
SPG20,4.010048,5.817372
OXLD1,-2.2929034,15.19144
KCTD21,6.747465,-9.218567
HEXIM1,-0.18548168,-2.2506413
ALDH8A1,4.7935495,6.6786337
NPIPB4,3.066146,14.882163
ASB4,1.9918791,-0.94891423
KCTD10,12.752894,2.653856
ERLIN1,13.227597,4.8462315
TMEM110,-1.1269438,17.5835
SPATA20,6.199369,7.3651075
AP3B2,2.30948,-5.4142704
ERO1B,2.7747989,7.999986
SLC7A6,8.811372,-6.776237
MFSD3,-1.1651043,-9.056253
EIF1AD,3.719376,-13.502471
INTS9,3.8007367,15.341359
CUBN,2.4585607,-4.8083067
HACL1,-7.451347,-2.8032153
TOR3A,12.429028,-1.6723891
SNHG17,-2.94441,10.713355
ZNF714,-11.659565,-1.9107808
DCAF15,3.071404,14.884668
RAD18,12.95957,-0.3039888
MATN2,6.5289435,4.915588
CENPBD1,15.646548,-6.5511355
MCUR1,15.351108,2.7884111
RECK,3.0680404,14.883398
PILRA,1.5168624,2.850231
WDR92,3.8893905,0.77241796
TFB1M,10.343897,4.547869
MMGT1,5.18631,4.3151674
ADD1,2.71285,8.621529
GMPR2,-0.63273543,-3.8649893
ZFHX4,9.78323,-4.104554
TBC1D2,11.417817,6.4062495
CSNK1A1,2.6447723,-12.156291
S100A6,-1.2623659,7.8364873
FLJ16779,-0.52655584,-7.1189957
ZDHHC5,2.6264677,-6.707166
PBDC1,-7.4539127,-2.7999685
BCL7A,2.2446654,2.358599
DAP,12.460902,-1.7196938
LTA4H,-4.0559325,7.9572825
COLQ,2.8668842,15.848975
GSTO2,-6.1422257,8.487488
CDH3,5.380472,-3.9601932
MATN3,12.746307,2.673808
RASL11A,9.1193075,-0.73533815
ZNF354B,-9.632789,-1.4837266
MRGBP,-2.7094247,-8.352491
PUS10,5.1654077,4.3223476
POLR2A,12.740636,-2.2974834
LGALSL,-9.600537,-7.016982
NUPL2,-5.449534,5.8607903
ZNF146,3.9130573,-5.377558
TDRD9,1.231625,17.4288
DPY19L1,4.458115,-12.1101055
FBXL8,8.84047,0.8871667
AHR,-3.0977824,5.588822
TMEM199,-5.126033,1.2049423
ERRFI1,10.94427,-10.764119
CDK12,0.27436355,-2.0788317
SRPK3,-6.220964,8.548511
TRIM69,9.771323,11.856426
ZNF404,7.28792,10.224379
INCA1,9.642779,0.6037745
GGT1,12.628291,-2.5496566
GEN1,6.201168,-3.5328615
TOP1MT,-9.77418,-6.866907
ABHD12B,3.0876503,4.6302476
NIT2,1.4144211,4.343919
LIN52,-0.28940785,-12.303743
NOM1,11.349795,-10.802124
EXOSC2,14.149932,-3.8395872
SMN1,-1.6550044,10.914643
ZNF575,3.111564,4.645079
NAXD,0.06625301,9.666417
XRCC1,0.42162594,9.130541
TRIM16L,4.4285502,-12.242729
TSPYL5,1.8515183,-4.707316
SLC10A3,3.6489131,-12.64055
CAHM,1.8901248,5.968481
DNAJC9,9.7720585,11.857112
TYW1B,5.0313067,11.378163
PIRT,15.717732,7.7728763
GRIK3,14.352211,0.43471685
PSMD11,14.242433,-1.5605443
TRAF6,3.0103366,-12.389644
ZNF530,10.757968,2.4667687
IFIT5,-1.5020591,-3.962271
SPATA18,6.808607,0.56582403
SLC35A4,-3.5333307,8.942869
DDIT4L,5.6920314,3.5133412
CCDC66,7.475831,10.324854
GRIK4,3.1085844,4.6468983
TMEM80,3.8671863,-9.235332
SIRPB1,-1.2899884,7.816375
MADCAM1,-4.7858977,9.71433
SMAD7,4.387721,-4.19545
FREM1,9.993036,-4.284046
ZNF611,4.5708117,-10.688965
NR6A1,-6.278595,-6.2993474
UBQLN4,1.2308716,-10.971053
ZNF101,-3.7533092,6.057714
MRPL35,-0.01252606,-2.1461246
ADA,-0.026327796,-14.852872
DESI1,-1.9314755,-8.575436
RC3H1,-3.0189826,5.742203
RIC8B,8.603562,2.510363
IER5L,-7.014206,6.973126
PUDP,4.384086,7.715272
GPR27,1.256398,-6.1545224
GSTK1,3.1117656,3.0255368
CRCP,5.1705155,9.9201565
ADORA2B,6.533718,4.7945933
TCF3,16.128386,5.829483
ZNF230,-5.05805,7.044127
COL8A1,-1.1076037,7.88769
CAPZA1,2.2312572,1.1929841
ATP6V1E2,8.5998335,2.524815
CHRM5,-2.238472,3.304489
ZNF232,11.556358,6.491566
POLR1C,7.7434025,-9.726475
SNHG10,7.0836806,12.962221
ZFAND6,9.716378,0.52231383
FOXO6,19.737959,2.3632174
DHRS1,11.7815895,4.93033
CCZ1,2.7448354,-6.831107
ASXL3,16.117863,5.817222
ZNF222,-3.8583755,-9.442271
LRRC28,-6.7238507,-0.43718556
YPEL1,-6.529516,-6.1590204
DIABLO,-2.1116836,1.627702
TMEM263,-7.730472,0.8835104
WDR53,-2.692103,5.093016
KLKB1,2.3303263,16.400135
MGRN1,17.0109,2.6627288
STK16,1.2853843,-6.124732
VEGFD,-2.2058594,-12.342106
ZNF200,-4.772865,9.695772
TMEM132E,-1.1415411,8.405336
TSPAN18,-1.4859335,4.484141
SLF1,1.827766,11.511073
IMMP2L,-0.30244875,-12.102711
ARHGAP11A,9.253661,3.5217183
SMARCA1,2.9984043,4.7662745
LIAS,4.6147413,-13.681448
ERICH1,-3.565738,2.9076233
CDH22,-0.83849573,5.4067683
KRBOX4,2.8669906,15.849592
REV3L,5.574183,3.3633077
SMARCAL1,6.13565,4.597082
SLC27A5,0.8561077,13.916506
RN7SL2,14.626074,-0.8625069
SPTSSB,2.1441495,-2.423344
METTL13,7.234913,-2.3158967
TSHZ3,-0.7260181,5.299961
H1FX,5.63278,10.406517
UST,2.2599394,-2.4869354
ABCC8,14.357435,0.4392017
TRMT10A,-4.1499434,6.2140565
SUPT3H,2.7391834,-6.6500773
RNF185,-1.6968083,-0.16350739
VSIG10L,1.970418,-1.7581762
TRIB3,5.1704464,-5.988148
PIH1D1,9.193208,8.580717
ZNF416,2.3486996,-5.657396
MARK3,0.38340077,9.089498
TP53I3,-2.7861578,10.579191
ZNF320,14.60542,-0.8505969
DDX42,-0.038212202,-2.1544116
PCDHB14,-9.104118,9.116792
MYLK4,1.4711488,-4.541557
MAN2B2,-7.455379,-2.7983952
FTCD,0.9546515,8.83339
H2AFY2,10.596962,13.215302
DYRK2,11.391267,14.682532
LRRC4C,3.9834166,1.7807816
ULK4,3.8508685,0.75340694
COL5A1,9.507522,-1.9159724
PCDHB16,10.148867,12.874373
ADPRM,-1.658583,10.921434
ADAMTSL2,9.361772,-2.256394
SPSB2,12.135788,7.570346
RHNO1,12.120577,1.3422092
FAM221A,11.514493,6.5078087
ZNF526,3.581045,-13.607553
ZFAND4,-3.0399513,5.7634463
ST20,-5.9724817,-3.8703704
SERHL2,3.6288123,-12.6390505
RBM15,10.949165,-10.764075
NPEPL1,6.5356593,4.932754
MCM2,14.5884695,-0.83978754
TACC2,10.6851635,-6.44395
PPIL3,4.286245,7.1169305
S1PR2,-1.2952766,4.377975
MPHOSPH6,12.613525,-2.5705788
LPCAT1,7.7548294,2.3255813
RBFADN,2.3489115,16.382982
ETFBKMT,-4.224262,6.2353086
PODN,6.201893,4.5581026
MET,1.8810174,5.9880304
DDT,0.47486913,13.64619
MEMO1,-7.6757298,-9.308855
SLC20A2,11.273565,-4.545192
UBE2Q2,-6.366619,-7.9116874
ZNF252P,0.28736275,-2.0731118
TMEM19,-1.6694757,0.6373273
RPAIN,-6.3506145,8.708586
CASQ1,4.058383,1.809887
ZNF48,-2.752451,-8.340582
NBPF15,1.1246877,-9.925073
ABHD1,1.449795,-4.534988
ALG9,10.171065,5.5589523
AGBL5,2.2788587,8.389029
RXRG,-1.1016701,-9.006763
GRK4,-1.0918672,12.140285
PAH,-3.9746237,-0.07713813
GLIPR1L2,3.7413108,-9.151717
TMEM186,0.957951,8.792357
AKR1C1,8.886642,0.8902947
SOWAHC,3.3382173,6.503766
ZNF764,10.594757,13.217251
FTO,12.61571,-2.5762522
LOX,9.71121,-4.1192236
CRHBP,7.711502,2.3420565
BCORL1,5.187514,-6.0059085
FFAR1,11.494385,6.472521
GATC,4.2373157,7.2063007
ZFY,-3.0595264,10.807675
EXPH5,-0.37423512,9.842252
CCDC126,1.1174568,-4.76559
SNHG7,0.91932726,13.959875
LACE1,3.8743122,-0.7098447
GK5,6.2293754,8.372799
C2CD4B,-7.1983128,6.862729
GPR180,4.289681,7.130916
WDR70,9.849281,1.5407892
NNAT,-6.6963625,-1.4064409
FAM210B,-7.9564652,4.3577323
YBEY,10.025557,8.079728
GPR19,10.661203,10.489506
TCF19,0.28232995,2.8111618
TBX19,12.858662,8.270363
SPTBN5,2.4447258,16.336079
COQ6,8.776988,-4.5441575
ACOT1,5.8985076,4.07735
KAT5,15.3588915,2.7824743
SPRY4,-0.076740384,0.9137528
CENPP,0.4451391,-4.921867
MTHFSD,6.712516,4.969048
CMTR1,2.3493955,-5.650482
SLC25A48,4.4459662,-4.199624
CCNY,-0.4892641,1.3821524
RRS1,-5.234521,15.028126
FXN,8.572269,8.063801
SLC25A23,-6.6932383,-1.4009176
PCDHB4,14.228976,-1.5382212
WDR76,3.309698,-12.46785
KIAA1143,0.54079837,1.6046119
NARS2,-3.1460433,-6.5757613
FKBPL,-1.1412033,-9.113872
MLYCD,-4.4687996,-4.5706606
ZNF701,13.118889,-7.423121
ARMCX6,4.656249,-0.39969504
CENPO,0.011314684,-6.8232517
POLR1B,4.353684,-9.532396
FAM86B1,-6.7913494,-3.6793404
NTPCR,7.461917,3.2849312
SEC14L6,11.542907,0.8696515
SEC22A,3.7539022,-6.9428315
TBC1D16,7.397249,-5.122525
WASH6P,3.094564,15.369384
GTF2H4,-0.44762617,-1.4505969
PFKFB4,-1.74024,4.49892
HEMK1,2.0260098,7.4573445
CCDC13,4.0294423,0.83061194
ZNF134,2.4043932,8.258159
STX18,7.713994,3.0762641
HIBCH,-0.94822717,12.093517
ZNF484,12.131965,7.6062865
ZNF569,-5.356922,-9.939925
ZNF407,11.291464,1.5163784
SLC25A51,0.6577096,13.340921
DNAJC25,-1.4592568,-3.957198
MUC20,3.099827,15.337774
RCC2,-6.0032268,-3.8451133
RWDD2A,1.9612138,-4.6675987
LINS1,-2.2377384,5.0215344
SYNRG,-0.123851,-12.399638
TMEM41A,10.550914,8.421499
INPP5A,-0.7572061,-3.9365697
NLRC3,-4.864384,-12.008838
ANKRD33B,-0.14146665,-1.7005519
PLCXD1,-0.2950956,9.961644
DNAL4,-4.199239,14.061284
ADAMTS8,2.4646363,-8.994835
TRMO,-3.7276533,6.601517
GPR108,7.751169,-5.2865233
MIS18A,-3.8216689,6.1748414
ZNF559,4.324257,-9.51273
MAP3K13,7.5713973,1.819129
ZNF717,5.684794,7.9752283
BHLHE22,5.044433,-0.5999813
RELN,-5.701267,4.2923846
SHPK,15.746635,7.8027363
PER3,2.7551668,5.170495
SORD,2.676482,18.567337
NGLY1,8.486519,-7.0676165
RBM19,12.136333,4.66333
NAAA,7.786998,2.970815
SCFD2,8.589599,5.7878294
EXT1,5.2281404,1.6367251
IRF6,9.391336,-2.209624
CBWD1,0.49780756,9.30057
CCL19,9.507967,-1.9083133
ZNF71,8.517989,-4.4996734
ZNF283,4.2461543,7.186831
LY6G5C,2.1349719,-5.048795
FZD8,-2.1884513,-3.366679
TTC4,6.7640567,-6.5944858
ADARB2,3.8703148,-4.254019
MOSPD1,1.8600047,12.417901
NBPF25P,0.95363903,8.798826
DDX55,0.8558261,1.6131912
MRFAP1L1,8.0081215,2.7420163
EBPL,0.9214547,13.975885
CNTLN,-1.0699159,8.308327
MAP2K6,4.607312,-12.409314
CENPV,6.1844,4.550407
ZSCAN31,-1.7213027,-0.17339946
GNA14,5.3064456,1.7375884
PDPR,10.894751,9.706164
ADAT1,9.225087,3.0054636
EYA4,-8.906954,8.941814
SLC47A1,-1.1897197,-2.3983757
SELENOM,-0.07281609,13.831854
TCF7,10.54637,8.393308
TET1,2.6334229,-6.6855555
ZNF57,2.6553497,18.589296
FANCE,3.0239677,11.735791
SLC25A34,-7.7072716,3.4822834
KIF25,-6.2321725,8.5613985
WASHC2C,9.347846,2.4818587
LYSMD4,5.162096,0.70912045
MRI1,1.3349189,4.2629714
IQCB1,1.5870439,2.2617254
FAM81A,11.583617,0.9778538
SMYD4,6.152884,0.8853051
CCDC129,9.788349,0.5091883
CDK11A,2.131603,-4.3574295
CBX8,11.780021,7.0181947
MAGEC3,2.7723475,5.1250143
ADAL,9.777525,-0.7994055
F8A1,5.063995,-0.55999196
TTTY14,3.568455,2.7924654
