node,x,y
NEURL3,-5.2265677,4.0820446
DCAF13,4.291529,0.7287941
SRCAP,4.5336986,4.690935
GPATCH8,-0.046939608,3.1821685
SHPRH,4.5803246,5.399891
CCT6A,5.876584,2.2318273
NAA15,6.008663,1.360779
CD40,1.9004633,1.6421173
EIF4G1,11.708632,6.0157614
KMT2D,0.39477694,4.543735
BRIX1,4.6167808,-0.1414448
HNF1B,-5.70544,3.6835356
CD82,8.0706835,-0.80348235
CDK1,-1.263659,2.9789429
PLK4,-1.5237921,-0.82109237
PIM3,-6.9910083,-0.67950195
ADCY6,-6.4434195,3.6822567
CCT5,5.506186,2.1072505
RNF31,8.640298,12.865584
SZT2,0.61357117,4.7332225
ANKRD29,-6.443942,4.239325
PSME3,8.999392,9.08204
DHX9,5.9857416,-1.9188542
NDUFAB1,2.1067562,-2.4698696
EEF1E1,3.39198,0.054045487
SMARCC2,-0.19195706,2.4565363
IL7,-8.693562,4.1557546
NR4A3,-5.981757,0.3170642
PRRC2B,0.690918,3.6265163
FUT11,-0.22844131,11.231762
SSR1,6.1628704,-10.164867
KIF11,-1.4666301,-0.7035167
DGCR2,0.6878853,5.611853
MAD2L1,-1.3003076,3.094783
ABCF2,10.606795,7.5398498
TOMM40,6.3613224,3.9678156
MRPL47,2.8473492,-1.5389799
TNFRSF18,-5.924619,0.34579358
PA2G4,6.1266227,3.3849332
TFAM,5.888168,1.2321563
DPH2,8.160938,7.697553
KIAA0100,5.231858,4.451089
FMNL3,8.275971,-0.3966386
BCO1,-5.8868303,3.0217144
RALGAPA2,-11.986997,2.954872
PFKFB4,-0.6967952,11.892764
UBE2B,-7.975374,10.998893
PHF1,-13.229489,-1.1456689
ADRM1,-5.6946254,-4.6797714
RNF40,-0.20191146,3.1256008
RRS1,8.2898,7.565872
ICAM1,-4.0913796,4.9495583
ETF1,-7.224177,-6.1104
PSMA3,1.813845,-1.9359647
NAMPT,10.070044,-1.8141328
CCDC97,8.3513565,13.456916
CHERP,13.31706,5.0745015
CPSF3,4.7297263,-3.2505138
MCTS1,1.8979229,-2.2131228
PNO1,-7.6396246,-6.132102
HEY1,-8.448974,3.8813655
SCAF1,2.0765803,4.8753104
NCAPG2,-3.9059975,1.7372028
ALDOA,1.0747157,12.113466
RIT1,5.9557266,-5.3172073
KMT2B,1.6334637,4.8548093
PSMC3,-5.836247,-3.689495
ZNF142,11.41181,6.3193994
GNA13,2.2288988,7.5113363
CHL1,-5.9060693,2.8868852
NSD2,-1.5890503,-2.8840063
PPIB,12.268201,-4.518605
LRR1,-1.0268722,-6.813899
SMC2,-2.3354082,-0.8429092
ZBTB32,-8.616889,0.14982027
RPL11,11.3762,13.224029
YEATS2,0.36792222,10.312979
RSAD2,0.39164615,8.015248
LYAR,4.77493,0.51431656
MANF,12.162266,-3.4024835
P4HA1,5.4328117,11.345819
INPP5A,-8.728328,4.392058
SKA3,-0.9287736,-5.895607
SQSTM1,-7.5012956,-1.2769893
SETD1A,11.568812,6.4564595
LUC7L3,-5.6233087,-10.976272
CNOT11,-7.0008364,2.6487823
URB2,10.738748,7.2602673
SYNCRIP,-1.3309907,2.0885355
MND1,-2.2427309,2.2193315
KHSRP,13.191805,5.18009
UPB1,-2.7268758,9.440142
TMED2,6.136217,-10.121246
TIMM17A,3.0744565,-1.0411519
SUMO1,-3.187912,-2.450187
GTF3C1,-0.41391686,3.5675354
EIF1,-7.1237974,-0.7455534
NBEAL1,4.695491,5.874938
CLSPN,6.690948,-1.9508905
CDCA2,-0.72566503,-0.4654059
NCL,10.80113,0.6488737
FEN1,-3.436831,2.6929636
ASNS,5.4942875,-0.78818965
POLR1A,8.704624,5.0254683
NDOR1,6.229667,13.556805
MED1,4.8602257,4.587637
EIF3E,5.774888,14.420881
GARS,5.5486693,-0.8415743
NAA50,-1.2803184,2.057199
ZBTB38,-7.7007523,1.9253492
TCOF1,12.72246,5.6484656
CAD,12.101676,5.991525
CMPK2,0.48368186,8.115786
XRCC5,4.9909005,-3.0279634
PSMB1,1.964151,-2.5620291
CHD8,4.473868,4.8293333
NFKBID,-5.6964025,0.6497898
KPNB1,6.031832,-2.3309352
ZBTB7B,-1.7351521,7.964791
SLC3A2,5.6932707,-0.84022135
FAM46C,11.283084,-7.434315
SERINC2,-6.886275,4.151752
COX6A1,0.14129573,-2.770241
NR1H2,-13.415422,-0.9566824
ZMPSTE24,8.735206,9.553278
WDR46,6.8602414,7.862057
SEC24D,12.9968605,-5.109172
PSMC5,-6.132355,-3.5666142
LAMTOR3,1.290577,-0.86759716
GMPPA,12.619902,-4.9627233
SRM,6.149678,3.6602488
CREBRF,6.496264,8.8796015
WDR43,10.8528185,0.71023005
SLC7A5,6.021241,-0.7799244
NCAPG,-1.527339,-1.0188537
CTDSPL2,-6.1638837,9.264176
GRINA,-1.3134091,0.39554104
SEC61A1,11.601791,-4.604096
SDHD,-3.3779836,-3.1020498
SNRPB2,4.363014,-0.6424261
UBE2J1,11.177486,-7.91704
LMAN1,7.0095406,-9.893034
PSMA7,-6.6819296,-3.4470255
PPM1G,11.238273,8.081868
DOLK,7.8696117,10.48457
CD72,-3.942601,9.730424
KDM3A,-0.29026794,11.121464
PGK1,1.2757567,12.057822
TPI1,0.8213994,12.13371
PCNX3,8.680157,12.9265375
RAB6A,2.1588998,7.478725
REXO1,1.9007536,5.0356007
NID1,-10.004686,4.985712
PLA1A,5.6743383,-5.1109967
FANCI,-2.6817374,-0.31886914
CCT2,5.4274364,1.580327
CHAF1A,-3.0472178,-6.3251944
SH2B1,-5.628479,9.790172
CYCS,3.141593,-0.6804127
TAOK2,8.389457,13.038402
DUS1L,4.0853105,9.052824
CCNB2,-1.1048629,2.8713775
RFC3,-0.8949972,-6.612826
BRPF1,11.72226,6.6316695
UBE2D3,-5.6398335,10.637434
ANKRD17,7.097274,5.3663898
HMGB2,3.6107938,2.7929685
ILF3,12.846839,5.5005665
UBE4A,3.9642556,5.708813
ATP1B1,-6.9477773,3.923674
FXYD2,-4.6382055,0.6383444
CTSZ,-2.6924353,5.6033325
BCL2,6.703835,8.506315
NXPH3,8.037043,-5.1904945
GOLGA5,7.0457735,-9.800451
ZNF292,-6.103975,-6.6673045
PPRC1,10.95256,6.4378242
ELOB,-0.42035818,-2.503494
NAPSB,-2.793471,5.7247543
ZKSCAN1,0.21217117,14.284027
ZBTB43,3.0862372,11.995693
NOLC1,10.93141,0.6367695
AKNA,0.44578,5.862921
TPX2,3.980941,2.394043
SLC52A2,7.679615,10.3200035
DDX60L,0.41952348,8.107141
LSM5,-3.021086,-2.5049562
SH3D21,-1.2159874,12.193607
MYDGF,12.4159775,-4.8086085
PYCRL,6.843783,8.399863
HNRNPR,10.283064,0.9144359
NUGGC,11.178533,-7.6091766
ARCN1,13.045331,-5.171568
DNAJC9,6.9019675,-1.7271616
CHEK1,-0.8791358,-6.1828704
RABGAP1L,-7.578956,2.0665572
RLF,-6.4395714,-6.4868536
SNU13,-9.028494,-7.511708
TNFSF13B,-14.407395,1.9153916
IPO11,6.391476,1.1543385
UQCRQ,0.67831933,-2.4479215
NDUFS6,-6.827638,-3.446369
JUNB,-3.5913477,4.7916865
SON,4.861431,4.559966
ACSM3,-6.77224,2.9237964
NOL3,-1.2870246,12.295544
ZNF687,3.3005984,6.4198427
ZFAND3,5.816926,-4.8549542
LRRC59,12.397618,-2.3235772
TOMM5,3.3755476,0.50202084
BAZ2A,3.347894,6.350097
ITGB7,1.219511,6.2101107
PRRT3,8.262187,-0.40367278
ZBTB41,-8.961974,-4.179383
DHX30,11.281288,6.324813
CNOT1,4.299894,5.614367
TIA1,0.38562503,-8.406872
ITGAL,0.23038217,-11.290173
TMEM140,6.3327746,9.198427
ZGPAT,-12.651744,6.9810734
RSL24D1,5.487064,14.567742
MKI67,-1.5860108,-2.8057947
RBM10,-3.01524,-5.35244
BHLHA15,11.186036,-7.6704507
RAPGEF1,2.917635,6.35199
FOPNL,-6.3000417,8.791021
LETM1,10.968001,7.623252
PDCD11,8.728695,5.1076
PAN3,-0.88928324,17.606884
TTK,-1.0518359,2.9800963
SF3B4,-5.7534375,-4.9821377
TUBA1B,-3.0206463,-6.213794
PDIA4,11.969416,-4.1120167
ANXA4,-5.869791,2.6786065
TINAG,-4.5248733,0.5072944
UBA2,-6.6009707,9.217398
TRAFD1,5.791619,-4.3760223
ARGLU1,-5.6404495,-10.993358
TMEM167B,13.259939,6.5060186
GALNT7,10.697981,-5.0331745
TOMM20,5.809763,14.414442
COPG1,13.030428,-5.039176
MKLN1,4.909304,6.243937
FOXM1,-2.9919078,-6.132228
RHOV,7.981134,-1.1842601
RBM42,-5.638091,-4.8055353
BHLHE22,-5.3249407,6.839619
PRKDC,6.333848,-2.3992348
EIF3J,1.7829384,-6.1651025
ATP5J2,0.17402293,-2.6106029
SF3A3,6.055647,2.5753226
BNIP3L,5.6781745,11.307524
NDC80,-1.2970879,-0.92733246
POLR2L,-7.2247033,-3.4903972
TRA2B,-1.045877,-7.1939793
IFIT2,-4.023265,9.071374
ZNF677,-11.672107,3.5668457
CD244,-7.8381605,4.0730977
PITPNM1,1.5483958,7.052583
YKT6,7.8420973,10.351243
IL18R1,-9.409259,-0.18222018
TTC39A,-8.408192,0.1967471
ARID1A,-0.34779865,1.9309697
IL18RAP,-9.434615,-0.20356303
SGMS2,-4.5656013,0.51343876
CDCA8,3.896812,2.5114357
SUPT6H,1.7595211,8.64255
DBNDD1,-9.677421,4.7667775
HMGCS1,8.445654,4.084263
KIAA1109,0.29665056,14.351954
TBX15,-6.440304,4.207185
DTL,-3.8831987,1.7871677
NCAPH,-1.5058423,-1.684152
KCNN1,2.0359051,1.7582566
SPG11,0.2599144,14.330763
MYNN,-5.5741963,10.557088
CDCA5,-0.9361428,-0.6563399
TRMT10C,4.240657,0.97396606
STRAP,-7.532959,-6.1967463
HPRT1,-0.81260514,6.878244
HJURP,3.735183,2.6619804
ATP5J,2.1953728,-2.408641
RPL35A,11.518277,12.617519
DNMT3A,-3.9692461,9.856124
PSMC4,-6.1124296,-4.9029646
ESCO1,-8.924302,-4.2189503
PLCG2,1.5508754,6.7300596
UGGT1,12.017489,-1.7047791
ENO1,0.9825905,12.113365
ARNTL2,-7.2841816,2.3412411
PHLDA3,1.638735,4.0518494
SCARF1,-9.04872,3.4945297
TIMM44,8.408683,-3.0960736
TCN2,-5.047568,4.6951537
RPL32,11.395805,13.238888
HGS,2.0288124,4.8670635
PSMD2,-5.6987433,-3.579331
SNRPD1,3.4191754,0.64729095
CUL9,1.3534087,4.587766
PER1,1.4098895,11.991431
CHPF2,-2.4792778,2.0589845
AFF4,9.877133,-1.615172
KPNA4,1.7013253,-7.126682
SELENOF,-8.49189,-9.940529
NIFK,4.1907945,0.9465475
PUF60,4.047128,9.010094
KIF18A,-1.1916473,2.877288
NOL11,5.6999073,1.3250145
MRPL4,6.3110356,4.260529
SIRT7,2.6377406,4.984331
MB,14.091371,11.7203665
LENG8,-5.6494846,9.706781
GPR18,-9.071859,0.007688633
METTL5,1.5760988,-1.4724082
ERLEC1,5.9973574,-10.165696
MZT1,14.158795,1.2137465
QTRT2,10.9251795,0.6944216
STK3,-5.8657084,2.7395582
CYC1,-9.614585,6.5815268
FBRS,-2.3563657,2.1054976
BIRC6,4.4942164,10.105718
LGALS8,6.033467,-5.2773294
DNAJB11,12.187094,-3.22743
MCM10,-3.407865,2.7371848
ZNF609,-11.240201,2.1626549
PLEKHM1,8.743645,13.413658
DSCR3,7.913135,16.182577
ZCCHC7,-4.023109,8.859397
SIK3,0.31122398,-11.193518
MINK1,-0.6364909,4.68913
PLD1,-4.4631424,0.31586435
ROCK1,4.899617,6.2325554
HSPD1,5.356504,1.7643751
SEC24C,3.7405903,5.8630753
SLC25A36,-6.460816,-6.4550033
FAM69A,11.125267,-8.277505
HEATR1,6.044981,-2.388658
PUM2,2.859493,-8.789441
RNF169,3.4283283,-5.3973293
GABPA,-3.4532378,-2.2751832
COPA,13.278251,-5.0098577
IFIT1,0.43365842,-6.820158
FDPS,8.364653,4.1941133
CAND1,6.591406,1.0596532
ZNF655,0.44922692,-8.4724
PPFIA4,-1.0179495,12.050737
MRPL3,1.6585307,-1.66566
ANK1,-7.018184,4.5593843
LAS1L,12.634284,5.8206873
PSMD1,-5.601357,-3.502835
VCP,12.1854105,-1.9316175
NDUFS1,-2.159041,3.1510956
CNKSR3,5.5209193,-5.760467
NSD1,4.6168647,4.719507
FEM1C,9.974073,-1.741155
MRTO4,6.614537,3.7779527
ANKRD52,8.525234,5.671344
SMIM12,7.8259997,10.554987
SLC25A42,12.298235,-8.032448
PUS1,10.45035,4.786453
MRPL35,4.607758,-3.732461
ATAD2,-3.8724575,1.7349578
PSMD3,-5.7661095,-3.8875644
ABCE1,10.072861,2.6953647
RPL3,6.8054805,14.503306
AP1G2,2.7339377,4.9734755
RPF2,1.5886463,-1.4943129
NOL6,11.257934,6.23081
RFC4,-0.91618216,-6.3356953
NARS,1.7910855,-6.0608745
FCRL5,-11.165086,7.786215
FILIP1L,-5.872396,-1.2815402
INSIG2,13.661113,9.029524
EIF2A,5.689626,14.414679
DDX50,-6.4002886,8.745271
LSM3,-2.863384,-2.4727693
CHD3,-12.032178,3.1256983
H2AFZ,-0.97793424,-6.4334526
NPR1,6.234284,-4.35816
CALR,12.143312,-2.5318413
ALDOC,-1.2039173,12.198359
PAICS,-1.8492522,2.7043862
IFNA2,-3.6853273,9.177704
MCL1,11.020951,-4.8151917
PPAT,3.2338758,-3.8845072
FLOT2,0.30841652,-11.204199
TRMT112,-2.6909683,-11.57106
CNIH1,-6.666877,9.231667
DNAJB2,-13.119264,-1.491223
IZUMO4,-1.3541158,12.292258
MAML2,-14.331475,1.8464205
EIF2S2,5.018552,-0.64489084
CLUH,10.89716,6.295729
ARHGAP11A,-0.8495056,2.6580362
WDR91,5.8662724,-4.664219
PRR12,-0.4845701,2.0114975
UBAC2,-8.975864,0.06213691
MAPKAPK2,-2.8399572,5.5192213
TIMM9,5.4793158,14.514278
PSMG1,3.2544436,-0.2564387
EBI3,2.1904898,1.9133017
WDR83OS,-2.6892154,-11.57506
EHBP1L1,1.048638,5.924012
UQCR10,0.33687145,-2.5791094
RECQL4,-3.112425,-6.6657257
SNRPC,-9.048891,-7.51606
FLAD1,6.9845824,8.349577
DENND4C,4.7317843,-7.388965
RPS15A,11.440581,12.578085
ZNF780B,2.803896,-12.059869
SEMA7A,-1.7106168,7.9903164
SPRTN,8.752552,9.522327
NDUFB7,0.0014905229,-2.6582525
RNMT,-6.3384666,-6.5386214
MRPL12,6.3486934,4.2966347
UNC119,-1.0154762,1.912375
ATXN7L3,14.685822,-7.1508436
TNFRSF14,-7.1177273,-0.6300827
HNRNPF,10.250241,0.99093956
PLRG1,3.1507816,-1.6696836
VKORC1,1.314962,12.162643
GPR183,-9.209556,-0.06964886
CLPX,-6.784197,9.257661
HERC2,7.0139847,5.2695155
IL6ST,-8.470005,4.6186357
OSTC,5.9423256,-10.548542
ALYREF,6.2274218,3.6209702
MNX1,-5.590257,3.82084
ZBTB25,5.161523,11.372005
MCM4,-3.6124666,2.5734406
NFKBIA,-4.3629956,4.495606
CDC27,6.4641004,1.0336864
POLE3,7.222107,-1.5415528
NFKB2,-4.11797,4.8639293
DDHD2,7.8078275,16.284407
MBD6,2.5509248,4.9265003
SEMA4C,8.672077,-0.277942
KIAA1614,-6.348892,3.6428967
ELOC,2.0809479,-2.5992987
L3MBTL2,9.136432,8.876098
MTHFD2,5.8777437,-0.84117264
DHX15,1.1042712,9.500286
DDX39A,10.17835,1.0452002
TMEM126B,-3.2223704,-2.8014398
SNRPE,3.3259187,0.78437495
GDI1,-1.2800056,0.44941998
CAMK2D,7.3518615,-6.348203
TBC1D13,8.573412,12.615387
TIMM50,6.34214,4.283963
FAM13A,-7.380241,3.9774532
NCOA5,6.737702,7.5715604
PTGIR,-2.4356787,9.606324
RBM27,3.4565935,-3.7002592
AMFR,-7.7842093,1.9659303
SMNDC1,-5.669517,10.677229
SDC4,16.63206,-1.7291739
TNPO1,6.5839496,1.061252
BRI3,-7.118299,-0.6664361
AHSA1,2.2351189,-10.150734
TBC1D10B,2.481101,4.934052
TPST1,-7.4118195,3.9593117
TM9SF3,5.919977,-10.438671
SUPT5H,1.7412127,8.635089
TMEM160,9.795324,9.686821
HECA,11.111549,-8.432646
DDX60,0.3440777,8.061478
HIC1,-3.994773,5.392776
MRPL20,-6.9503736,-3.3657126
DDA1,9.263486,12.223157
BZW2,-5.7580805,7.7271757
VTA1,-0.7685273,6.835211
NDUFS3,0.75680995,-2.4070559
NDUFS8,-9.638421,6.5483356
SRSF2,-0.9802217,-7.4010644
MELK,-0.9580847,-5.896217
FAM173A,9.718153,9.611818
EIF2S1,-7.295079,-6.1226435
EXTL2,-14.399053,1.909808
ZFAND1,5.923932,14.125048
AURKB,3.620761,2.7765462
ANKZF1,-0.1702664,11.603134
TNFSF12,-3.9824674,9.784647
OXTR,-5.8495255,-1.3087286
SNRPF,3.3441458,0.7366042
MDFIC,-5.607211,0.5077702
PDCD10,1.2182779,-0.75666517
NXF1,-12.622095,6.9282184
RHOG,-1.0797791,0.6842333
PFAS,12.746717,5.9934826
FAM162A,5.628135,11.315037
MRPL22,2.063345,-2.5884128
ECHDC1,4.499823,-3.9827228
SPRY4,-7.6408534,4.00527
CCDC86,8.490299,-2.9473748
UCHL5,5.589799,1.2000511
CAPZA2,11.752165,1.9566734
HCFC1,-0.35449648,1.8967125
LGALS3,0.24844097,-4.9758844
GOLGA2,13.418191,-4.8843436
TMEM33,1.7885002,-6.191586
VAPA,5.455542,14.534288
ZNF146,-6.419944,8.634333
CNOT3,-5.2561383,11.7959
CCDC85B,9.78219,9.6733265
UBE2V2,-0.6249632,6.7107816
BRMS1,-5.8665886,-4.8895473
HSPA13,6.727273,-9.8811
CD274,-3.19583,9.284646
KCNA2,11.053427,-7.485006
ZNF26,-0.86484843,17.6275
FAM210A,-6.437557,-6.487452
ELF3,-5.0274367,4.0935745
TNFSF9,2.2097535,1.9213579
ACKR3,-9.666082,4.6670947
KAT6A,0.6972873,3.455434
CAPN1,0.5361236,5.8476887
PSMA1,-2.4001696,-2.4794188
RPL4,6.746244,14.502794
RPL5,6.425605,14.483096
NEU1,-7.414023,-1.1818379
HNRNPA2B1,10.096143,0.58076817
CYHR1,9.48014,12.077598
SCYL1,-2.5390775,1.9651634
PPP2CA,3.1407313,-1.6903582
RPL24,11.545608,12.627215
DLG4,-3.9392657,9.621559
TET3,1.967368,1.6913313
CACTIN,11.634216,6.569121
YARS,6.031391,-0.7620166
CD180,-2.8031228,5.9071407
CFL1,-7.358394,-3.5392568
UBALD1,13.860764,8.873973
SEC24A,7.1954346,-9.990825
TYK2,-8.46402,-9.9121475
BTF3,11.6947155,12.512272
STAT3,-3.3506057,4.998641
MAP2K6,-2.683571,5.618948
DCTN1,-11.400705,-4.5534024
PPP1R15B,1.7299999,-5.9090223
PLAA,-7.370788,-6.1528034
CAPN10,-12.620246,6.9619203
NDUFA7,-0.14911637,-2.7061305
BTG2,10.989744,-4.829712
TOR1A,7.359559,11.299044
ACTR1B,-1.8231447,12.412054
APAF1,-10.69134,-0.7110524
GOLGA7,-2.5236495,-4.7599287
ATXN2L,-5.2394514,11.777552
FBXO5,-1.4429995,-0.20494375
ANAPC7,6.4392614,2.374785
CORO1A,-7.650065,-3.653977
ZC3H7B,8.53677,5.6077685
AIF1,-11.949612,3.2913172
MPC2,-2.5450335,-4.7481575
COX8A,0.027351318,-2.9891999
IFI6,5.5572314,-3.7581763
CDC123,3.3272161,0.084820405
COX7B,1.8756974,-3.0056727
SELENOI,-2.1002872,3.0643094
YTHDF2,-7.950206,-6.0728207
TIMM8B,-7.0789633,-3.3004098
PSMG2,-3.3057337,-3.0395136
GMPPB,12.274338,-2.845113
TONSL,-3.061631,-6.5675726
SIDT1,11.670599,16.025164
CDC25A,-3.3978703,2.7335036
HSPH1,2.2403994,-10.159305
CD300A,-9.631542,4.537992
SRSF1,10.114114,0.61607707
JAML,-6.255484,4.4766874
TMEM175,-5.5356464,9.9419365
WDR62,11.380911,8.26766
ZNF226,-2.7056158,-5.209416
TOE1,10.680248,4.5522294
RELA,-0.82514626,0.696841
ZNF737,-6.459878,4.8008227
INTS6L,-11.145998,7.787126
NUDC,6.3537607,4.564709
CCAR1,6.9940567,-1.6787472
HM13,12.0791,-4.46952
ESCO2,-2.38656,-1.0175253
TMEM170B,-12.467302,-3.1744008
ZNF43,3.7929258,12.948629
MYRF,-9.112457,12.557873
ANO6,5.2091856,16.839968
GRB2,10.765442,-4.984604
PKMYT1,-3.1256526,-6.6399364
BAZ1B,6.6480174,-2.1414173
DNASE1,2.8024726,-12.062687
RELT,-1.5941495,7.945991
NPM1,5.3912654,2.559389
PSMA2,-2.6397033,-2.4798198
EDC4,-3.2063606,-9.966272
ZZEF1,0.2864702,4.622414
TFB2M,4.2664375,1.0391706
NUMA1,3.347877,6.44432
DCLRE1C,-10.929424,9.086197
RALGDS,-0.15748696,11.63382
ADAR,6.0676026,-13.915459
COL1A2,13.760206,11.082006
NFYB,-0.34273642,6.544951
HNRNPM,-5.706682,-3.5552764
ARHGDIB,-7.709511,-3.6920207
HILPDA,13.794962,8.92771
SURF4,11.503398,-4.6565156
MTOR,12.016592,6.0680537
UPF1,13.35625,5.049846
RNF7,-3.1293132,7.4205856
DES,14.000841,11.530959
CIAPIN1,8.818312,8.497245
CCNG2,-0.23264305,11.080278
HSPA5,12.067204,-3.1643226
RPL30,11.468745,12.941971
HMGB1,-0.33290705,6.535719
NFATC2IP,6.716458,7.5361805
ECT2,-0.93559235,2.8484612
COPE,12.40231,-5.0614576
ITGAM,-3.8541832,10.1568575
IFIT3,-4.123361,9.074643
CCNH,4.8998356,-0.6185262
PSMD8,-6.473851,-3.1104708
TMEM131,-4.794731,0.12915489
OPTN,6.555759,8.678729
CD27,-7.8396626,2.0201185
SYT11,5.816146,-4.6978235
ZNF700,-0.93591744,17.560703
SEC63,6.5207334,-9.858093
TRAM1,5.936202,-10.252303
MYBBP1A,10.96835,6.351514
HGH1,10.537589,4.6986537
ARL1,7.2312617,-9.609525
FH,4.725478,-3.3594403
TDRKH,-5.8681417,2.143381
FDXR,1.6520753,4.0530596
EMC7,5.576233,-1.0230448
MORF4L2,0.42152545,14.480092
MCM3,-3.6360617,2.6600134
SEC13,12.657462,-2.6805146
SLC38A10,1.1585952,6.104825
PBX3,5.656183,-5.857051
AP3S1,5.709249,11.351634
ALG3,-8.931948,-7.413217
EFNA3,-0.2506604,11.134272
CD300LB,6.2343364,-4.36187
FAM91A1,-4.411406,-5.9416137
RIC8A,9.1972475,-5.828995
EXOC5,15.056311,6.3638906
LRRC28,-7.4625645,2.1528175
PBX4,-7.8797255,1.742613
GPR153,3.063665,11.999408
COPB1,7.2938657,-9.628423
PPP4R2,-4.4177103,-5.931667
RPL7A,10.822948,13.654976
TMEM208,12.69797,-2.6807265
PTPN23,-5.2456503,11.784038
RPL19,11.117131,13.439208
SPRY2,-4.537915,13.523677
SOX9,8.230686,-1.339203
HMG20A,-6.404989,4.5212264
TOMM70,10.045603,2.673396
CIC,1.3699782,4.564255
TRIM22,0.2793275,8.0102005
PDE12,11.197085,0.61065
BMT2,7.462283,10.2375145
RPL22,6.485901,14.537835
POC1A,-0.89464444,-0.6276473
COX6B1,1.8311116,-3.4061542
MMS22L,-3.9172337,1.7637479
FURIN,-3.4762259,-1.6308974
CHUK,8.740211,9.549605
KIAA1191,7.8955717,16.19042
UBE2L6,5.536812,-3.7360706
BCAS2,3.09862,-1.605292
AXIN1,2.067518,4.644055
FARSA,-5.747727,-3.961277
DBF4,-0.91278684,3.217068
DNAJC3,6.0709457,-9.9036
CHTF18,-3.0301092,-6.689098
SF3B6,-2.4845002,-2.480254
PPP3CA,7.3582067,-6.3527336
GCNT3,-5.073732,4.051097
EIF3K,-8.931004,-7.4130745
HAT1,-0.7750872,-6.6305623
RPL26L1,1.023413,-2.2520883
ZMYM4,7.159515,5.3580728
FASTKD2,5.68533,1.2739359
PRPF31,-6.018153,-3.6099699
PARVB,-1.7641292,12.367003
IFI44L,0.39761996,8.090965
ZNF611,9.271445,15.051091
ZNF646,3.3282773,6.4503593
LMO4,-12.467431,-3.1764083
IPO13,10.410226,7.671411
SLC27A4,10.4387865,7.6478906
RABL6,6.1346526,13.6833
PCNP,-6.2163,8.943547
SARAF,-8.512724,-9.961131
PPP2R5B,-1.2698598,12.241482
ZFR,3.5161831,-3.6471627
ZNF682,3.9864788,13.062962
MPV17L2,-3.8173916,15.258884
C1QBP,3.0259843,0.41555038
PDSS1,3.3272097,0.028085975
CENPE,-1.136038,-1.0236696
GRWD1,6.9396667,7.726816
WDR77,6.485262,2.3643725
MCM5,-3.1345234,-6.670678
ZNF654,-0.23818213,11.03379
RNF149,6.054617,-5.411699
CAPRIN1,3.3802345,-3.7679045
SYF2,5.0709887,14.463277
ENG,-9.18451,3.3533266
ACO2,10.742597,6.2109475
MOB4,-5.702228,10.704341
KIF15,-2.2855399,-0.51242703
CHAC2,3.892705,0.06343171
SMARCA4,12.98854,5.354103
DNMT1,-2.9238307,-6.1790156
RAI1,-11.200827,2.123266
TAB1,-3.202569,-5.3001294
BRCA1,-2.6894102,-0.43039122
CAPZA1,-1.5741531,-6.752887
ARID3A,-8.84238,0.08835301
ZNF90,3.9724207,13.050899
G2E3,-0.8256937,3.2327976
SUV39H2,-0.7425985,-6.613822
ULK1,-2.0923486,7.7739964
AHCTF1,3.475755,-3.6823866
NFKBIE,-7.096597,-0.5569091
ATR,5.9549875,-1.893676
ATRX,-12.781781,8.09384
UMPS,6.732744,3.7850046
CCT4,5.4314146,2.5083785
RPS6KB1,-1.4155775,2.1213179
EXO1,-3.6134894,2.4561925
MTCH2,4.737024,-3.3224444
RGS9,-5.840281,2.2246206
CAB39,-9.50132,4.5244956
ANP32B,3.4781318,2.9258454
NINJ1,-6.3328214,0.007261224
TRAF1,-4.0748925,5.0706415
MTF2,-6.347514,8.622174
PLCL2,6.066037,-5.7555895
TADA2B,8.813291,13.4685135
DTYMK,4.4116426,7.5650496
DYNC1H1,-0.4725812,3.7019398
DNAJB1,2.2158408,-10.142303
NAP1L1,5.925773,14.371534
ZNF746,9.331115,12.185049
PSMB3,-6.521297,-3.230775
PPP1R12C,2.7167096,4.9795365
LMBRD2,-10.70108,-0.7204012
ATP2A2,12.185307,-2.013568
HSP90B1,12.0922785,-3.828364
ARRB1,-7.6931396,4.0320544
SOCS3,-3.4676528,4.89267
MAK16,-1.5377537,-12.233543
RHOT2,-5.895587,13.257762
SDF4,-2.5123665,2.010896
CCNT1,3.4553578,-3.6992044
EXOC7,0.439089,4.9016933
MAP7D2,5.3485584,-5.69156
FZR1,-5.353357,11.874741
NDUFB3,2.342776,-2.4661767
IGKC,17.053043,0.10599203
TXNDC11,11.235877,-7.743164
VDAC2,11.736405,10.521166
LMF2,-5.9121413,13.246506
AHSA2,-5.640525,-10.996155
HSPA14,-0.97985995,-6.8780637
CCL22,-8.852458,0.1228483
AP5Z1,8.380216,13.436256
UBQLN1,-6.811527,9.269322
PHRF1,13.355411,5.0356393
CLK3,-0.18853325,11.033899
FSD1L,-5.8589897,-1.2841527
FCHSD1,-3.7162719,-8.611466
ADGRG5,-2.9851701,5.4024005
CNNM3,-3.267891,-5.291821
RAB11A,1.4726974,15.5253
SPPL2B,-2.9728878,-7.1081247
WDR45B,1.3850276,12.021327
FBF1,2.098237,7.421198
DPH3,-7.6325097,-6.293443
KDM5C,-0.49386722,4.6333456
TMEM126A,1.4576317,-1.2279567
COL19A1,-6.382575,6.3584814
MOB3A,-0.17955899,11.587305
FBXL6,4.172857,9.137658
TBC1D9,-4.549807,-7.8057837
ZNF395,-0.3893752,11.274992
HAX1,5.6164713,-0.98322403
AGRN,5.6994233,-3.8457348
KLHL28,13.353169,6.581091
TFEB,-2.1546428,12.5119295
POLR2M,14.346951,1.380376
IRAK4,0.42431387,-8.44774
CLINT1,0.35553375,-11.139311
XPOT,5.1429157,-0.70867056
RTEL1,6.028749,13.8947935
TNFSF13,-4.0230007,9.874394
CENPA,8.284186,2.3414059
SYNPO2L,-10.907416,-6.410359
FCGR2B,-4.5496254,-7.806046
TELO2,6.2239013,13.541157
CDC42SE2,6.0678654,-5.3501067
PSMB6,-6.548768,-3.2425826
SUZ12,14.279632,3.3512793
BCL2L1,-4.269725,4.3708987
ZNF770,-10.7071,-0.72677106
ZNF551,13.982419,8.738177
ZMYND19,10.415182,4.8292446
OAS3,5.6777344,-3.9192662
CNTRL,-1.5507013,-2.9333198
SMCR8,0.058444954,4.624506
GNAS,8.029861,-3.608035
ZNF680,3.6995509,12.932053
CD80,-1.129744,-9.606566
COQ4,6.723986,8.470483
CD4,-9.052247,3.4920259
AURKA,8.2788105,2.3430758
PNOC,-11.116881,7.7707253
SRSF3,-1.0075052,-7.1759934
SRRT,11.43189,8.311216
SKIV2L2,1.0350549,9.442001
TRAPPC13,8.734184,9.527411
HAPLN3,7.9631667,-3.6713455
EIF4A1,2.9576461,0.43143415
NDUFA5,-3.4028819,-3.1527724
COA7,11.171587,0.6306734
SFI1,-3.0991464,5.265097
PIK3CD,8.48076,-0.36466643
SETD1B,11.476243,6.224293
EXOSC8,13.354937,2.2285573
CCDC130,-5.895841,13.256888
MAPK6,11.742773,10.528152
TBC1D2B,-12.207916,3.2350724
MGAT5,2.7443795,-12.121899
CUL5,5.921031,0.7707837
PDCD1LG2,-3.4042456,9.206224
CKS1B,14.060044,1.1255322
NDUFAF4,4.400542,-0.6091559
PSMD9,-7.12086,-3.2616107
KIF4A,-0.4145849,-0.22623424
ISYNA1,-9.922608,4.907521
SHF,-6.2018933,0.12758963
FCGRT,12.431467,-1.4696723
BIRC3,-3.3993924,4.930702
LMNB1,-1.5133017,-1.7533938
DMWD,-8.445402,-9.893339
LTB4R2,0.21652544,2.6879017
SGTB,-1.1308088,-9.604506
TSPAN4,-9.805006,4.8242354
LIG1,-2.9488027,-5.3657293
CNOT8,5.9862914,11.448457
COX5B,1.8569577,-3.0773818
CCNA2,-0.90090233,2.8025637
TMUB1,-0.7242975,0.72855914
PLAGL2,12.2601385,-1.8199624
TBC1D10A,-1.6105615,7.931948
CPSF2,6.164203,1.5037872
TMEM242,-8.45544,4.6651187
RPL31,11.454778,12.961856
NCAPD2,-1.5814981,-2.6406503
DDX21,11.278502,0.5098142
LLPH,14.142151,-2.402604
RPL18,11.470284,13.581897
RBM15B,11.703238,6.601653
FMNL1,2.857067,6.350791
CMTM7,-1.8944925,13.802168
TMED9,12.438915,-5.0159583
XPC,1.4413463,4.42493
TMEM2,-6.3839817,6.3664975
ZNF277,6.010519,13.932824
SLC25A5,10.096702,1.1530653
SCFD1,7.453992,-9.487216
CRIM1,-6.371021,3.6407652
NR4A1,-6.4516015,-0.10599287
MMADHC,-5.5935173,10.299776
SLC2A3,13.630178,9.060019
CXXC1,0.30204114,-11.216426
STMN1,3.2441778,3.215194
SGSM2,2.7694225,-12.096043
ATF1,14.334896,1.369259
MYH7,14.0910015,11.688287
KIF3A,8.831296,-0.18355702
ZNF513,9.42612,12.104722
CENPI,-2.7864783,-0.29156744
SNHG1,4.016019,-0.052266642
ENY2,3.3149092,0.82623947
ZNF816,-0.70448315,15.669928
GTF2A2,2.1969917,-2.1411054
SNX6,11.753807,1.9580551
CCT7,5.428785,2.381463
DNAJC11,8.762351,5.0725946
PTTG1,14.042988,1.1066933
LYRM7,-0.3180878,-6.0430117
HNRNPU,10.132249,0.63547844
BCKDK,1.2777115,12.269888
TIMM23,-7.6447515,-6.1803665
EHMT2,-3.1546426,-5.28839
LTV1,-7.8196497,-5.9348335
HSF4,-1.2962399,12.340646
DDX54,13.330088,5.059908
POT1,-6.3948193,8.6643505
SEPT8,8.833289,-0.18109737
ESRRA,7.610688,10.282571
HIST1H2AC,0.03640682,-0.027190141
SHARPIN,-5.890249,13.266834
NMT1,11.142233,-8.430126
KPNA2,10.264662,1.0596465
GZF1,1.7634265,-5.989175
MTMR2,-0.81139076,6.876313
ILF2,6.288267,2.467646
PKM,0.76827747,12.210571
UBE2E1,-3.4032505,-1.9130657
PIGW,10.737707,4.492399
EDN1,-4.877189,4.2135754
FAM208A,-12.785655,8.099881
ASF1B,-0.80949575,-0.6136422
ATP5G1,0.77177024,-2.3980377
ING4,-2.2347953,3.253483
HK2,0.30105844,10.384044
HCFC1R1,1.3314562,12.299369
ARMC6,4.0295525,8.992993
HIP1R,1.8447124,17.988867
TFG,-1.1326721,-9.60339
ZNF417,9.271445,15.051748
PRR11,-1.6125178,-2.9451776
ZWILCH,-2.4013114,-1.0317835
PI4K2A,-4.06519,8.873591
ZNF254,3.7540755,12.838201
OLA1,-0.8419691,6.905637
SH2B2,-8.511361,3.5241394
COL3A1,13.767279,11.090188
SPOPL,2.2319012,7.554034
MARS,8.368898,-3.159665
PJA2,7.3532777,-10.196366
EFTUD2,8.716304,5.036261
RPL10A,11.474908,13.276726
NDUFA3,-0.46715605,-2.4767976
RPL27,11.422234,13.225937
FRYL,4.491369,10.100685
NUDCD2,-3.3388207,-2.0919554
AGFG2,-3.0060258,5.3682218
DHX38,-3.2059097,-9.962093
TCTE3,-2.5225365,-4.7158594
DNHD1,1.9249237,7.211055
ZNF137P,-6.464097,4.8260365
SPEN,0.13585645,4.600766
MAT2A,8.376394,7.4475613
SLC1A1,3.2138398,11.90185
HAUS6,3.2198284,-3.8980544
CYP51A1,-8.244295,6.958217
PTPRJ,-5.06473,4.8272157
ITIH1,8.719289,-0.2560052
BCAS1,-5.8875923,2.14287
MCRS1,7.1451397,8.281698
TBL3,8.332193,-3.213119
KCNJ12,-4.543454,0.3975587
CDK7,1.1850045,-0.7160761
PI4KB,-0.81475186,4.7668567
HSPA9,-2.226691,3.2340028
PGP,9.684201,9.582217
SLC16A3,-0.5433619,11.513926
VEGFB,-1.8743213,12.43546
KMT2E,0.415795,10.256717
KMT2C,-0.5306669,4.611241
MAP3K5,2.7431796,-12.124397
PTEN,-5.8416014,2.4665663
SNX2,-14.349429,1.867326
CRKL,0.4310466,10.240007
EMC2,1.1728109,-0.69452155
GLO1,-0.87351215,6.93688
EDF1,-0.5209739,-2.4345171
ZNF433,12.477827,-1.4062517
FICD,11.442597,-4.6834693
NOL12,4.15734,9.130692
NUDCD1,3.1990755,-3.914101
FBL,3.5030015,2.902475
NCOA2,-6.3703794,6.383824
DBNDD2,16.636215,-1.7285068
MRPL13,-2.7913334,-2.4773145
SATB1,-8.874531,3.6533365
PSMA5,3.0651333,-0.93762696
PRMT1,6.396614,4.3639326
ZNF91,-6.473123,4.8602695
ZBTB11,-1.3428702,2.0764754
RCC1,-9.600742,-5.7776504
RASSF4,8.175077,-0.55361295
EMID1,-8.338475,4.3627534
RCBTB2,2.9355407,12.072766
URB1,8.688935,5.042184
PTMA,3.5307286,2.8715014
MYO9B,-0.64152616,4.702993
COMMD5,7.840721,10.591201
LIF,1.7101864,3.960469
ZFAND5,-8.025424,11.046617
HMMR,-1.1619645,-1.028706
TMEM165,2.851693,-1.0886223
ZBTB1,5.1511784,11.377468
PCIF1,-0.79950726,0.7050984
NDUFA11,-0.31521577,-2.5793977
MCM7,-3.692619,2.6650743
TNXB,3.2518938,1.1618971
CD2AP,-5.972867,9.370504
BEND5,-5.969363,-1.2024975
LYPLA1,14.172348,1.2271702
CNBP,5.4257345,14.58496
TIMM21,4.6069794,-3.7282405
TUSC2,9.189671,12.30492
CIZ1,2.0989785,4.684343
PRRC2C,4.857036,4.5365834
KDM1B,-10.249723,-3.6754403
TMEM70,3.157947,-1.7072009
KIFC1,-1.5725491,-2.549572
SRPRA,11.883721,-2.8081179
TIMELESS,-2.995248,-6.229913
KCNN3,3.1896124,11.916722
FAM216A,-2.3515208,2.184902
GLTSCR1L,4.9689794,5.537183
DDX20,-7.966603,-6.065375
PRDM1,11.398443,-7.5734396
TEX261,6.819193,8.273011
MED13,-5.4578366,16.166798
WDFY2,-9.828626,8.310531
GBF1,1.7639359,8.656076
ZFYVE26,7.1559052,5.4607368
ZNF224,0.33527672,-8.352187
LPIN1,0.17729448,-11.34108
HPSE,12.786215,-2.1436727
RAD21,2.833655,-8.762436
NCKIPSD,-0.643555,11.636753
ELAC2,11.146956,7.932444
SRSF7,-1.0540609,-7.320135
DCK,-1.5296656,-0.09025686
ARFGEF1,-5.4579577,16.166697
RAD54L,-3.0388496,-6.126134
CCNI,2.1398559,7.4545035
MAFG,-7.553135,-1.3322821
PIK3CA,5.2096744,16.839914
DYNLRB1,-0.5551965,-2.408649
LAPTM4A,-8.027767,11.048932
GTF2B,-3.6253932,-3.5633929
TMF1,7.259076,-10.030979
U2AF2,12.730308,5.649791
RNPC3,-5.611199,-10.951191
KIAA0040,11.40248,-7.2842245
ARID1B,5.9092026,-6.0429726
DENND1B,11.030357,-8.529949
ATRIP,-3.3713744,2.6971295
MAP2K7,-0.7618645,0.71424615
STARD10,-1.0000103,1.8821015
HYOU1,11.895975,-2.7988377
ORC1,-1.0233035,-0.6578233
ZNF652,-3.476341,-1.6269906
KDM6B,7.950781,16.183363
MYH9,-0.4732283,3.7038941
ZNF383,-0.862866,17.629166
HNF4G,-9.092753,12.535363
NASP,-1.510416,-1.7269884
HSD17B14,-1.0044949,1.1425316
CRTC2,-1.3059121,0.432672
LY6E,5.593687,-3.8400881
UTP14A,8.204017,7.6533804
PPCS,-8.723561,-10.155992
MAPRE2,-12.007055,2.932751
FBXW5,-2.0720828,7.7832375
ZCCHC6,-5.458004,16.1671
CCDC18,-2.303695,-0.48037353
ATP2A3,-5.545926,10.887597
HESX1,-3.8151748,10.269997
SDF2L1,12.276522,-2.9394174
YTHDF3,-4.3863554,-5.9672575
TRIM56,6.06753,-13.916072
PRPF39,5.9905286,11.45079
CENPX,6.067154,3.405862
MYADM,3.809361,-10.949299
JRK,0.5778356,4.674281
TMEM19,-10.9348955,9.0938015
ABL1,7.1428027,5.4503183
DNAJC4,5.420118,1.9507366
TMPRSS6,-5.849594,0.41805384
TXNIP,1.8451898,17.98993
DYRK2,8.315881,-1.3939232
ACTN1,-7.691353,4.0410194
SCOC,-0.7949695,6.856349
DCAF1,6.631892,-2.1861207
SEC16A,1.7417048,8.626855
F11R,-2.5023391,9.545917
ANAPC4,4.494015,-3.981492
TRAPPC10,-0.35523227,3.3379943
EEF1G,10.746651,13.706136
ZNF862,-2.1063466,3.0787935
LYSMD3,5.883513,-10.38443
MYO1C,-1.4587256,8.4906
DHX37,8.541353,5.6266594
CCNB1,8.29995,2.3581345
FAM83G,-2.2899425,-13.337295
RAB5A,7.2243996,-9.564108
ACAD8,9.105647,8.905616
RSL1D1,5.5470686,14.600871
GMFB,5.91746,0.7747893
FXR2,-2.2899945,-13.337334
PIAS4,-5.3470483,11.866268
CCDC151,9.13437,8.875362
EMILIN1,-9.002211,3.5426478
MS4A7,-11.571301,0.9392279
KIAA0368,4.7317033,-7.3888845
PPP1CA,9.200209,-5.831784
USMG5,1.8737172,-3.0245535
DKC1,10.720626,0.74001
HSP90AA1,2.2523775,-10.15633
TXNRD1,11.173069,0.61877805
RBL1,-3.5311067,2.597188
TPRKB,4.4408426,-0.37098673
CDK9,8.59242,12.664319
BRAF,-5.8523455,2.3891685
EWSR1,11.38989,8.257322
NDUFA2,1.8437219,-3.419312
GPRC5C,5.3113904,-5.680614
ATM,-9.575263,6.6259303
RHOBTB2,-5.8496656,-1.2992781
GOT1,8.402219,-3.1045551
HIST1H4I,0.023919813,-0.036167815
PPWD1,4.487036,-4.014385
IRAK3,-3.939771,9.71285
INTS11,-5.56217,-4.7536817
UBL5,0.3000546,-2.5843832
FIRRE,-11.935724,3.3122272
KCNA3,10.991294,-7.4994416
ATP8B1,-11.15993,7.7996054
RNF44,3.0450876,-0.9254562
RPL23,11.434867,13.260236
ATP6V1E1,-7.919779,10.940245
EEF2,-5.089195,11.608877
TRIM26,7.843885,10.399637
MIEF1,9.32094,5.107411
FAM160B1,12.426531,-1.4758234
VPS26A,-5.5783305,10.82484
IFIH1,6.1081023,-4.277644
CCDC28B,-2.3670027,9.660665
ATAD5,-3.8755844,1.7247298
HSF1,2.0945325,4.5355577
KDM3B,0.68660975,3.5473406
ARL5B,10.072004,-1.6839505
SELENOT,-1.6006714,-6.7602015
INPP5E,9.577523,12.025503
SIRT6,-5.8899355,13.263986
MRPL32,-3.5974264,-3.518646
PHLDA1,-4.5404954,13.530328
WASF2,-0.5505116,4.595798
NEDD4,1.7539911,1.4848844
ZNF285,-11.621123,3.6185393
RSF1,-6.0765166,-6.688351
TGFB1,-1.4639148,8.478127
COA5,-3.3917134,-1.9575744
ZNF66,9.26966,15.042292
FHOD3,-4.3672996,0.29054418
PRRC2A,0.659089,3.7254431
MGST2,-9.965738,4.953762
BUB1B,-1.4316252,-1.215858
SSNA1,-0.49195668,-2.4607613
HSPA7,-4.5467324,-7.798131
MTM1,0.34702086,-11.106668
FAM81A,6.296146,9.2529
SRRM2,-0.3900731,2.136594
NDUFS7,-9.656982,6.5342736
COPB2,13.051014,-5.2010093
SDHB,2.0933015,-2.6343894
GNL3L,5.00011,4.530832
ZNF503,-9.109905,12.555829
TAPT1,-8.4820795,-9.931441
RMI1,-1.417165,-0.07933604
MYD88,0.45035404,-6.9612684
DDX46,6.801064,-1.7695063
PPM1J,5.727445,-3.8037732
RNF181,-3.1288025,7.419255
TM7SF3,1.7206241,3.9527981
CR1,2.6215987,-12.246134
DNMBP,6.028401,-5.6980834
IRF3,-5.541534,9.911856
FBXL18,8.19294,4.4584937
SUPT16H,6.4070077,-2.391159
GATSL3,-1.6244516,7.948564
PABPN1,4.1438427,9.116876
POLD1,-3.0245245,-6.040419
KIF20B,-1.4757375,-0.9244385
GFI1,7.3577538,-6.354598
CLK2,-2.9753888,-7.08857
HNRNPK,6.162614,2.6618533
CD68,13.573633,10.831536
MSH5,-6.8386574,-8.241347
MYO1G,-0.64630455,4.7037077
MBD4,-3.2952964,9.211186
TOLLIP,-7.451778,-1.2246685
LTN1,15.0576935,6.360291
SF3B3,12.75636,6.000226
CFP,-12.43115,-3.2086387
TRERF1,-7.8776045,1.7378263
ARID5A,7.8404317,-3.7650387
LRIG1,8.108906,-3.512697
CKM,14.114974,11.769117
PRPF38B,6.9391737,-1.7089624
NME1,6.083224,3.5000432
RPL38,11.475372,12.939892
ACHE,-1.0277599,1.9046543
PPP4C,-5.597179,-4.960298
GAR1,4.684461,0.7138383
BYSL,8.514754,-2.91417
PSMD12,2.979404,-1.0386562
ANKRD11,0.40184325,4.587217
LYPLA2,9.247067,12.23112
IFFO1,9.560512,12.019304
RAB42,-6.038326,3.4358857
TM2D3,-5.6702275,0.5159862
TSPAN17,8.158181,13.60342
CMTR1,6.0675664,-13.916114
ZZZ3,2.8430061,-8.773589
TWISTNB,-1.5371411,-12.233558
WDHD1,-2.7906506,-0.28125095
MMGT1,2.8016996,-12.063061
SPIB,5.731012,-3.7998822
INTS9,-12.01714,3.0243993
FUT7,-3.9870577,5.427564
PSMC2,3.4283466,-1.3739408
DENND5A,-4.7248883,0.161719
DDIT3,-7.137573,-0.8702561
FBN1,-7.0442586,4.5697727
MRPL38,6.3629355,4.3324356
PAM,-1.1760769,12.176629
WDR74,8.256854,-3.3188713
MTF1,0.07230776,4.649005
PRR18,-10.016496,4.981201
PLSCR1,0.73047364,7.950096
ACSS1,-1.1383369,-9.598502
KCMF1,1.9953321,7.3027096
FAM96B,-0.012955706,-3.1099482
PDK1,13.587383,9.068432
LAG3,-5.0480924,4.638318
FAM213A,-5.9317455,2.0676165
TRIB1,11.409205,-7.5832753
AAR2,7.817287,10.576661
GCSAM,-5.053531,4.045759
PARPBP,-1.5389746,-0.94473886
AREL1,10.754984,7.06609
WAS,-5.6206264,-4.9575524
NSD3,-6.095782,-6.706965
RBM12,10.776169,6.9594393
APELA,-4.503136,0.5596183
RBM45,10.726533,4.50377
ZNF106,4.6939836,5.920434
PRPF40A,5.916898,0.8324265
ADD3,-3.4621758,-1.6782918
KLC2,10.390191,7.680879
ACTR1A,10.366854,7.7046204
NEDD8,0.31927535,-2.5369468
KIF2C,3.923587,2.4844518
SOCS7,-8.2618,6.9761024
ZNF469,-11.997336,2.885191
PKD1,3.3499503,6.4903927
ZWINT,4.411643,7.5657287
SUB1,11.150547,-8.096184
MPI,2.2224991,14.917839
PPP3CC,2.1984272,7.5299377
PDS5B,2.8425488,-8.772352
CKB,-8.2968445,0.22596319
EIF4G2,-7.2202044,-6.126939
ABHD15,0.35751587,-11.146076
TMEM222,8.365239,13.440268
BACH1,10.013404,-1.7789415
RARA,-0.18638499,11.6029005
CTSL,13.645197,10.920533
LAMTOR1,-7.1601524,-3.4014554
ATP5F1,1.922194,-2.319347
NEURL4,-3.2040746,-9.94607
CR2,2.657792,-12.209259
BLVRA,8.054939,-5.210464
GNL3,4.7633367,0.3768937
PNPLA8,-8.981178,-4.1647725
LYZ,13.613856,10.881627
RUVBL1,5.8476415,2.8414972
USF1,-12.62078,6.923192
EME1,-6.838511,-8.241201
GTF3C6,3.4245522,-1.3571293
UNC5CL,10.747256,-4.9959254
MBTD1,6.011981,11.458845
SCNM1,-9.343995,-7.742261
BTBD3,-11.874644,3.35336
TSPAN31,13.2242985,6.469431
RNF103,11.114266,-8.436161
SREBF2,-8.255899,6.9709306
YIPF2,13.442922,-4.8380632
FSCN1,-2.6660926,9.477267
WASHC4,-6.8736534,2.8016253
LMO2,5.5074744,-7.986625
ZNF480,1.4536629,11.92965
EIF2B1,-0.9736217,-7.4147367
PHIP,15.029943,6.351644
ASAH1,7.771839,16.320173
PSMD6,-7.662444,-6.2206078
CLTC,3.4734344,-3.68913
POLR2J,0.09328655,-2.746686
FASN,-8.254866,6.969142
TMEM134,-1.8702937,12.434512
RTKN,5.8580217,-4.626379
TACC3,-0.3368555,-0.2106001
NBN,1.4959366,15.548225
KIF22,-1.5291044,-2.0160594
CCDC159,-1.7015529,-3.1060138
PNPLA6,0.6433131,5.420899
SDCBP,8.255355,12.986006
XAB2,2.0018406,4.5442944
GPSM3,-13.334141,-1.0552895
KIAA1524,-2.3750825,-0.98664653
RHOB,8.260049,-1.3654119
ETV4,-7.700404,4.01761
DHX29,8.752153,9.536004
TMEM182,-4.0084624,5.389918
TRIM28,12.72217,5.617366
NXPE3,11.38744,-7.3030424
ZBED5,0.35351494,-8.372447
NDUFA4,1.8643993,-3.0644746
VDAC1,11.741151,10.522695
SLC35B1,12.213086,-3.1924863
RPF1,4.4178042,-0.6057026
SDE2,1.71972,-5.8901105
F12,5.2918983,-5.678932
MON2,13.5137615,-5.097859
ZNF529,-13.822367,5.7853994
ACAT2,8.36041,4.211598
GPR132,-4.0789113,5.076594
RARG,1.4933931,7.0655594
GTF3C3,10.073034,2.6939325
NAA60,8.547296,12.567341
LRBA,4.8345695,6.106555
MXD4,8.808948,13.472249
CBX6,0.026985958,4.656252
BET1L,13.430795,-4.8511205
HMGCR,8.447625,4.0852284
TTBK2,0.30068943,14.353917
MED14,-14.350677,1.8638151
BIRC5,3.6540704,2.751589
CFLAR,-4.0860887,5.0502567
NACC1,-0.22195439,2.675905
HIST1H4H,0.07631309,0.0013001186
CALU,13.0475645,-5.157652
FOSL2,10.027911,-1.7902015
TMEM59,-8.580863,-10.02451
PDLIM1,-5.7921424,-1.3858522
FZD5,-4.644945,0.6652851
MBD1,0.29762223,-11.220505
GHITM,5.046918,-0.6592093
PUS10,-4.856422,0.14489686
TMEM39A,12.971685,-5.0990844
PUS7L,-2.6203282,-0.5185887
AIP,1.8370637,7.1278577
CHCHD4,5.3834558,1.7601525
CBFB,-0.33492434,6.5528846
DYRK3,-3.1748786,5.1754584
CDC6,-3.4933386,2.6351702
WDR54,0.6599716,12.071405
NAA40,6.709632,7.5240297
DHX33,10.875011,0.67121726
MARCKSL1,-4.2155037,9.080948
TMUB2,-5.5251594,9.914738
CHAC1,5.5557942,-0.84479165
STOML2,6.332123,4.279401
B2M,-8.671002,-10.1078415
UNC50,2.8104951,-1.0980129
PPM1F,-11.203595,2.1265671
PLXNB2,1.4809635,4.350233
PPP1R3E,-6.270151,-4.996746
HNRNPAB,9.596472,9.505244
RAB21,-8.0281,11.048837
EIF3H,5.9500275,14.295143
SPOUT1,11.5152645,6.448547
GCC1,12.150852,6.9934225
PCLAF,-1.476973,-0.16404484
ZC3H18,10.892685,6.308687
RBM18,-5.595572,10.686819
TXNL1,0.42649537,14.48213
PCSK7,-0.19535919,2.7906601
MLXIP,1.8439158,17.987934
CPSF7,11.705081,6.598773
UNC93B1,0.4522415,-6.9671955
F2RL3,-3.2247305,5.119226
LILRA2,-10.015166,4.986187
SNHG4,8.3733225,7.445646
SNRPG,3.3450167,0.6582743
ZNF524,-13.308871,-1.0848187
GCNT1,5.5078998,-7.9864984
ZNF85,3.7086852,12.926843
AHCY,-9.600633,-5.7774153
NIPBL,4.2783685,9.95982
SMC4,-1.5681373,-2.9113133
RBMS1,12.773906,-2.1568635
GPI,1.0250971,12.128012
RASA2,11.147568,-8.356847
CBX3,-0.41459194,6.5876055
PRDM2,2.8953698,6.357726
MYBL1,8.279364,-1.3755324
MPLKIP,11.695841,12.509286
KDELR2,6.185085,-10.359068
TUT1,-3.196515,-9.988696
LHX4,0.21148606,2.7208545
ZDHHC14,-8.441596,4.6695023
SLC39A7,11.591258,-4.5790586
TMEM263,7.197645,-9.915628
TSSC4,-5.9293647,-4.882912
TNFRSF1A,-12.0889225,3.1867194
MAP3K14,-11.569396,0.9398353
RNF6,11.347751,0.4835826
TNFRSF9,-2.8927922,9.345275
CTTN,-7.7558246,-3.7071502
ZNF229,-11.641117,3.6005695
PAPOLA,2.8456333,-8.774884
ZNF37BP,9.992615,-1.8151689
ZBTB7A,1.8401512,5.0614233
CCDC88B,-1.9046261,7.866432
PNISR,-5.6380486,-10.992295
POLR1B,10.941493,0.71464986
GOSR2,11.476365,-4.655017
RAB11B,-0.7180597,0.7323144
CARS,5.593289,-0.8799348
PAX5,0.4281107,4.9038267
CPA1,13.990391,12.092704
SETDB1,0.62478197,3.4966066
PPP2R2A,5.475171,14.5086355
CCDC142,8.269093,12.984618
SPSB3,-2.0980074,7.7699733
GAPDH,0.9706043,12.142212
TRIM24,-6.290105,4.4640613
GALNT6,-12.190076,3.2003148
FLI1,-7.765909,-3.7181427
HMX3,6.0261755,-6.1200104
RAC2,-13.329953,-1.0620335
UBR1,11.965798,-1.6346291
MYO1F,1.8482821,17.993664
FAM214B,-1.6439701,7.9030175
GMPS,3.2410564,-3.8799465
IGLC6,4.293062,2.242373
UBE2M,-6.487159,-3.1180968
PRSS1,14.001741,12.067368
SLC1A5,6.065455,-0.75303274
TMX3,0.41663912,-8.439358
MON1B,-0.22772434,2.646436
ZNF100,3.712865,12.930696
GEMIN5,6.0106277,-2.364129
THOC7,-3.3956323,-3.146112
UBN1,-0.38473573,3.4766705
ETS1,-1.1455746,-9.590203
COL11A2,-7.0634894,4.5817685
TMEM268,-2.486037,9.568509
MKL2,7.14049,5.388112
SCIMP,-5.827842,-1.3165442
PLAC8,12.728774,-2.1883454
PRPF19,6.892541,7.7489934
E4F1,-5.9027452,-4.874654
SLC46A1,1.5474032,6.969334
POMP,-2.4452572,-2.4792392
STX1B,10.64127,-5.0732446
ALG1,6.818634,8.218037
ZFYVE21,0.25474566,-4.990406
NCOR2,1.9732366,1.6922722
DSCC1,-0.8215518,-6.212001
MINOS1,2.348005,-2.4578815
PSMB4,-9.361014,-7.761671
BET1,5.920333,-10.56135
DDX23,-11.414868,-4.5653195
RNASEK,-7.142969,-0.68290824
BRD2,14.685673,-7.1506286
COX16,-3.2774582,-3.0044987
DDX3X,-7.988179,-6.0623283
OSBPL2,13.438564,-4.8458543
TMEM138,5.2098646,16.836414
KLHL9,-4.004458,8.854992
NCAPD3,-1.5861118,-2.9220474
ERGIC2,7.3915377,-9.529055
KPNA3,6.132531,1.4864821
IL2RB,-3.8104386,10.280369
COL6A2,13.678483,10.96888
SUSD3,-9.598171,4.4865475
SCNN1B,0.2350307,-4.9366193
CES2,0.39558175,4.6057787
TXNDC9,4.2846427,1.0922705
BMPR2,1.8008143,-6.222531
PSMG3,-9.056273,-7.536108
DERL1,5.982535,-10.176883
POM121,0.6297522,3.6478262
GPR160,-4.549553,13.540412
FAM168A,1.7885264,-6.226873
UBE2N,-1.5482912,-6.7473207
CENPW,-0.9602654,-6.323881
GBA2,10.383566,7.6849546
MEGF8,0.6777304,5.4627237
CMTM6,-1.8926407,13.801207
FCER1G,13.942371,8.798225
SAMD9L,0.58429384,8.207746
SELENOK,5.5942836,-1.0233148
MRPL49,7.360352,11.300283
NXT2,11.756403,1.960528
GRN,-2.6482697,5.698785
GMIP,0.45799083,5.8859196
ZNF384,-0.13186261,3.074009
MS4A1,-11.597968,0.9173389
FANCG,-0.73158157,-0.58812183
HOXB2,-5.3279996,6.855553
CLASRP,-5.6577754,9.6928835
SLCO5A1,-8.430327,3.885952
TMEM259,-5.658696,9.70185
TICRR,-1.6494808,-2.8203144
APOE,13.576866,10.836101
MPHOSPH9,-1.4781243,-2.8351285
KIF18B,-0.27517584,-0.18546225
PTAR1,-8.95139,-4.1938834
ORC5,3.3093202,-0.061371405
FARSB,6.3803015,1.2700733
MED13L,-5.7361865,7.7506275
RPA3,-1.5372393,2.957954
EIF4ENIF1,-3.1126506,5.256913
ZNF730,3.8084342,-10.949423
PLEKHO2,-2.2346509,12.556821
PCK2,8.378453,-3.1485898
EDEM1,5.839782,-0.86634
SPCS2,11.95418,-4.0434732
ENTPD7,11.997358,-1.6611937
RALA,1.493009,15.545083
SEC23A,7.3640943,-10.21204
MFSD9,11.176422,-4.7634683
IPPK,3.77417,5.8458753
EXOSC2,6.622208,3.7709382
ANAPC10,-3.385799,-3.1285274
GPNMB,13.573466,10.830557
TYW3,8.037134,-5.1935797
ISG15,0.5567967,8.186042
TAF13,-7.626769,-6.321416
ANXA11,5.7640195,-6.056257
COL6A3,13.692033,10.998732
RPS3A,6.4792113,14.498612
ASB2,-4.00942,5.3690653
MZB1,12.354055,-4.792999
PTPN6,-13.299473,-0.72648185
N4BP2L1,11.155241,7.9198513
PSMD4,6.3616924,4.6779566
SYNGR2,-13.273894,-0.72000116
MCEE,7.4933047,-9.456872
XPO4,6.0025673,-2.3967526
CCL3,10.103331,-1.8640456
ZC3H4,-0.33079588,1.8992549
SYS1,16.633812,-1.7285764
RIDA,-2.545431,-4.692806
LSAMP,-2.8176525,6.0617027
RTCB,6.3678412,4.71684
RBPMS2,0.24903895,-4.978971
ACTN4,-0.2585213,2.180208
CDC5L,1.0935876,9.472246
POLK,-6.0315638,9.34782
PATL1,-7.019408,-0.76937544
ATF3,-3.462815,4.8951507
PSMC6,1.833588,-2.2144704
POLR3A,9.335169,5.108088
ALG6,-3.4433038,-2.289898
MYO9A,0.22257526,14.289183
OTUD5,-2.3224177,2.1261845
TBCB,-0.45592362,-2.4872184
VDR,14.070185,-3.1015413
NEIL3,-1.7771071,2.565914
NDUFB1,0.29033357,-2.568083
NFKBIL1,-13.300412,-1.0858297
ACSL4,11.116473,7.846484
WDR12,5.326428,1.6891404
HSBP1L1,-9.1819315,3.353158
HAGHL,10.402981,4.8467717
ZNF569,-6.498636,8.501202
ZNF418,-11.60967,3.632621
TOMM6,0.7681895,-2.399407
SNX11,1.8737271,1.6140507
KSR1,-3.3253937,9.210027
MPHOSPH10,0.32775632,14.384695
EVC,-0.58992344,3.2620378
SYP,-6.393511,4.4309216
BCL2A1,1.8385593,1.5692997
JOSD1,2.952506,12.065276
ASCC3,11.945869,-1.6159624
PIGV,2.7596192,-12.1065
GAS2,-6.298038,4.4430532
SPRYD3,-2.55334,1.9480716
IL15RA,-4.368165,4.498954
FGFR4,-6.759144,4.3219376
HMGXB3,-7.5819483,-1.3619409
MTHFD2L,14.144728,-2.4031615
SLC25A32,4.6164927,-0.21382299
SUV39H1,-0.9668239,-0.6247515
MAP3K1,-3.8168464,15.24916
PPP1R15A,-7.0195036,-0.75945485
EIF2AK2,0.39078432,8.109199
UBE2H,6.485924,2.373599
VWCE,1.7276492,3.941528
FASTK,-5.8978786,13.257817
MAP1S,2.0330787,4.7992067
ZFC3H1,-5.4818816,-10.748552
GPR157,-8.7810955,0.12256427
PPP6R2,8.264555,12.982136
SERINC1,-8.085129,11.109117
KLK1,-0.99706614,1.1163987
TFE3,-13.119962,-1.4910827
ZNF438,-5.8931675,2.1121793
ARMCX3,6.9222665,-9.87291
FDFT1,8.378686,4.1760116
HES2,1.7066193,3.955835
FAM110B,-7.6942186,4.059301
FASTKD3,4.2694445,1.0620106
MYC,5.59668,14.57702
TNFRSF19,6.036685,-5.8022094
TLN1,-0.46074376,3.694576
ATP6V1D,-7.927461,10.950262
ZNF12,-6.2722607,-5.0010386
RNF25,7.371269,11.297236
NLN,10.092355,2.7122383
SLC7A1,6.0589037,-0.7447076
RAB18,-5.683465,10.686533
EIF4E,-0.9876479,3.1160781
IPO8,4.9104276,6.2560987
LRCH1,6.5767703,8.65593
MOV10,-11.998823,2.8695822
CPNE5,-7.8782797,2.0332572
SIDT2,-9.410595,4.476416
PLAGL1,6.1332884,-4.442262
SLC35F6,7.598381,10.276253
SLC15A2,-8.887802,9.299126
B3GALT4,-13.497485,-0.8782877
POLE2,-0.80431294,-6.61453
MDN1,4.530644,4.99231
PSAT1,5.432822,-0.78867006
TMEM214,12.825802,-4.99887
AUTS2,-5.9225373,2.0700648
RNF220,4.066135,9.030098
COMMD4,5.998937,3.4349315
MTG2,6.2203336,13.531461
KLHL14,-5.9555817,-1.2180595
IGFLR1,-5.7226877,0.50111127
FXYD5,-0.27032116,-6.0144253
VPS37B,1.8437881,17.988188
DDB1,9.276475,5.1069117
JADE3,8.128894,-3.4955893
NUAK2,-1.8948798,13.799794
PRPF8,-3.2042303,-9.954382
BRD4,-5.2252502,11.765318
KIAA0895L,0.75656873,12.219414
ANKRD13A,-7.796524,1.997459
TRIM71,-6.4391484,4.2646646
GPATCH4,10.507505,7.6135454
CCT3,5.477631,2.301538
RCN2,-4.432953,-5.9179797
DMXL2,-14.315596,1.8323057
TIMM13,-8.974571,-7.454102
COA6,-2.4215353,-2.4956312
DOCK9,-9.286417,-0.10258558
ACIN1,-11.41197,-4.562794
TMEM129,-5.632256,9.752137
PDE7A,-4.841072,0.08558518
IRF2BPL,-10.237093,-3.7059295
INPPL1,1.6128412,5.1653676
RB1,2.8804176,12.103525
SRGN,7.9417186,16.167915
EPDR1,-4.438823,0.30532885
PARD6G,-6.348089,3.6545215
SLC39A3,4.0112033,8.975232
ZNF160,-0.3458257,11.196363
SNF8,-6.596975,-3.433297
HNRNPA3,10.084539,0.5695837
ZNF324,14.686595,-7.151521
TMEM260,-9.516966,6.691201
PPP1R8,10.246728,0.98705006
NFATC3,4.2550764,5.638548
DNM3,2.604522,-12.263221
XPO1,6.525518,1.0854222
FAM193A,1.9593867,1.6780216
ZW10,6.1862793,2.6934571
ATP5G3,0.76601034,-2.4005635
SP140L,-11.159542,7.8060417
PPP5C,13.12558,6.368907
BCCIP,1.6353438,-1.8078337
AASDHPPT,3.31473,-0.042431258
UHRF1BP1L,7.38074,-10.234491
KARS,2.9651983,0.4316609
TMEM123,-7.037075,4.5581455
ARHGEF11,1.7527496,1.4836946
DCUN1D5,5.0260415,-0.64837545
NAPSA,-2.7122252,5.6537223
USO1,6.5000815,-9.866319
MRPL2,-9.670808,6.5214896
NPC1,5.7732353,-5.1053424
MRM3,2.922227,0.42901576
TMC6,-13.302319,-0.7509621
ERCC6L,-2.3090973,-0.91182154
DIAPH3,-3.910758,1.7703358
ADCY7,-2.4983976,-4.686777
ELF1,5.802359,-6.164459
CIRBP,-5.5411367,9.958788
GORAB,-5.798846,-1.3805982
POLQ,-4.1869936,1.8392228
IRS2,-9.119951,12.5663805
CELA3A,13.991773,12.088747
DYRK1A,2.1676903,7.4839025
USF2,2.105858,4.50612
URM1,8.36224,13.460162
DDX6,-5.4579387,16.166798
DHRS7,8.039298,-5.195071
PHB,6.113522,3.5148525
LIMD2,2.8153145,4.979695
FLT1,-7.273217,3.9571064
ZNF829,-11.574666,3.6704516
MBNL3,2.8017817,-12.063248
DNAJB9,6.799537,-9.864669
MAGT1,6.120623,-9.886358
PKN2,0.41648048,-8.439514
TSC2,-11.399193,-4.5519967
CCNF,3.9362516,2.4714725
HARS,-5.7652917,-3.94827
PPP1R35,9.579509,12.028162
FAM118B,8.713955,9.584254
EIF4G3,11.925174,-1.5875505
RPE,-2.1310117,2.2833095
E2F4,4.085584,9.051058
API5,4.742545,-3.2361922
MKNK2,-1.3011769,12.237121
INCENP,-1.5815697,-2.7563474
BHLHE40,13.659639,9.037729
DMPK,-8.447688,-9.895415
PES1,-5.7466273,-3.9275045
NMD3,-5.546187,10.0842085
BPTF,4.9172544,5.5351467
WARS,-6.1431866,0.16960794
FBXO44,11.779327,3.1557415
H2AFV,3.6274884,2.783114
CD38,11.670865,16.025255
FN1,13.737628,11.049286
LYN,13.289786,6.531383
SDAD1,1.7616287,-6.2307873
MITD1,-3.295204,-3.0295773
ZNF763,-0.9271756,17.568768
IPCEF1,-4.528483,13.515437
AP2A1,-0.2179983,2.1949172
DDOST,11.511095,-4.653904
TDG,-7.231127,-6.117256
CCDC94,8.239332,-3.34585
GOLT1B,-0.48977935,3.208748
ZNF335,1.7645795,8.66076
AKT2,1.6130172,5.1754875
OSBPL7,2.7099342,4.97851
SOCS1,7.902509,-3.7211604
P3H2,6.072076,-6.1402707
CCDC88C,0.4689517,5.841045
TNFAIP8L2,-12.429279,-3.2094433
ADPGK,6.0068,11.456645
PAPD4,13.216997,6.4631534
RAD54B,-6.157608,9.285261
GOLPH3L,7.1941466,-9.965727
TMEM102,-3.7054698,-8.600117
BTF3L4,-8.486067,4.64388
NTMT1,8.471991,-2.9941711
MSTO1,7.989728,7.7879987
TMEM63B,-13.11778,-1.4994366
BCL2L13,5.209384,16.84015
SPTAN1,0.96243775,3.4925447
TMPO,14.279963,3.351329
LMBRD1,6.091124,-5.3415465
SPCS1,-6.3735366,3.6468546
FBXO8,11.152864,7.8954554
SPARCL1,13.983555,11.485967
RACK1,10.759032,13.701674
TEX9,-7.5485563,2.0805864
CYP7B1,-5.317783,6.8433466
UBE4B,7.012699,5.258608
HDAC2,1.0996279,9.49779
ABTB2,8.015753,-5.1714387
BTAF1,-7.153643,-3.237495
CXCR3,-7.253735,13.663087
FBXO32,-12.007087,2.9590394
PINX1,8.513613,-2.8939865
ZNF346,6.734313,7.5531034
MSMO1,8.454977,4.0781226
SAT2,-7.188203,-0.915454
FPGS,-5.6182127,-4.8298726
KRR1,5.9144754,0.78157824
SGPL1,7.8578186,10.397096
STAG2,-6.3551373,9.131722
ZNF148,-6.1051407,9.296154
LRRC1,-5.8846173,2.889404
SMC1A,6.516094,-2.2915757
ZNF665,-11.556977,3.6902912
RIPK2,1.4942976,15.545758
PUM3,4.759533,0.40198857
LPAR2,-7.871539,1.762568
SPN,-9.207309,3.3258405
SLC25A10,-3.0332952,-6.5986648
TIRAP,0.79852206,5.5709786
HMGB3,3.6804388,2.7242224
APEH,11.255645,8.032363
MSRB1,-5.0517797,4.795329
MFSD10,-7.072354,-0.61238956
ZNF800,11.366949,0.46053773
RIF1,6.6392994,1.0231837
TGDS,-0.49374443,3.2124093
PCMT1,1.1837614,-0.7084903
ANKRD33B,-4.0687895,5.1557436
ENDOD1,-11.134067,7.828572
MICALL1,8.707578,12.858509
TMEM67,-0.25352746,-6.0135365
HNRNPA1,-9.601586,-5.776407
UST,-9.413791,-0.17643125
SLC25A46,3.8435776,0.07931023
MTTP,-6.4086733,4.3533745
KDM5A,4.4288917,4.7700796
UPF2,-1.3496315,2.1258767
TMEM127,8.798855,13.480672
DHCR7,8.450752,4.0934052
ZNF429,-6.455722,4.8031554
MRPL51,2.3346963,-2.4607937
HNRNPH1,-1.1496724,-7.2548075
MARCH2,8.167795,13.601544
CCDC124,6.3570285,4.6207147
NUTF2,6.223403,3.6500745
LILRB4,-5.066426,4.8295336
POFUT2,-0.66109145,4.69419
RPN1,12.274727,-4.402442
TNRC6B,4.971012,5.538245
GSN,-9.035178,3.5084982
TRIM34,-2.5979848,5.618183
RPN2,11.946176,-4.0401154
PAPD5,-8.473746,4.653618
POLR2H,3.452383,2.9521244
BTG1,11.14975,7.9008703
PDCD1,-5.9732428,0.35265985
DSC2,-9.444799,-0.2248086
DDX56,8.024717,7.767789
GPD2,-5.9812336,9.364834
NFE2L1,-7.5787244,-1.3619692
MAST3,0.397397,5.977402
TIMM22,8.803892,8.477149
PGAM5,9.137536,8.858854
B3GNT2,-0.88772774,6.946687
EBLN3P,-9.516131,6.6931376
MS4A14,-11.571806,0.9399269
SSR3,6.024366,-10.136299
RHBDD3,-12.570926,7.023918
SART1,-5.6501055,-4.733365
CDK13,4.9585156,5.568512
LYSMD2,-14.324624,1.8406637
LRRC37A2,13.932781,8.805994
ATF4,-7.1655974,-0.8849575
NDC1,-1.499975,-0.9046628
PFDN2,6.380638,4.3656754
WDR1,-7.4293966,-3.562492
IPMK,-6.482603,-6.4477396
RPL7,6.4729633,14.512742
SLC38A7,5.1625156,11.371018
ZNF451,-8.979149,-4.1651416
TAOK3,7.351908,-6.3474445
HS3ST1,-8.617959,3.8417046
TAPBP,-4.3629274,4.5055676
BTBD2,3.0602043,-0.91664845
OAT,-5.9049606,2.0918353
DLG5,1.7768779,1.5059619
GOLPH3,11.150455,-8.095843
COTL1,-5.7991405,-1.3783157
POLR3D,13.492518,-4.794775
KIF20A,3.9814737,2.4250073
FBXO42,0.285388,10.417013
UQCR11,0.18161868,-2.6766415
SEC23IP,6.1795335,1.5009612
TWNK,8.2042265,7.6440234
PPCDC,0.22202183,-4.950127
SCML1,12.781388,-2.1518312
EAPP,5.0523143,14.4627905
PFN1,-7.4330807,-3.5843203
PTGES3,-0.9732246,3.1361897
EAF1,1.7160022,-5.88282
ZNF345,1.2265748,16.675333
SPAG1,-7.662902,3.9915152
ATP10D,4.5481143,10.18404
MKRN1,6.637561,8.735005
NUDT5,3.3157945,0.073056266
PLEKHA7,-8.479438,0.17732453
VPS13D,4.489527,10.105951
ZIK1,-11.589927,3.653518
PBRM1,5.9617815,-1.8807979
POLR2I,-0.32453582,-2.5922105
HSPA1A,2.2160523,-10.142166
LRRC45,-3.0168989,-6.7737274
RPUSD1,-5.7888227,-4.9375725
TTC14,-5.6283436,-10.979665
RAD17,-1.5740634,-6.75487
ZNF675,-6.483696,8.517741
JOSD2,-5.864662,13.285491
TBC1D10C,12.293104,-8.025984
CDKN1A,1.598472,4.11397
GEM,2.9162164,12.08564
SEMA6A,7.9742794,16.14033
MLLT6,3.3450139,6.3954325
SPAST,3.8333397,0.09178451
INO80E,-3.0226126,-6.807143
SARNP,-3.0082052,-2.477187
ZNF316,13.363723,2.2277713
KRT1,14.115003,11.79503
USP9Y,-11.293056,10.574631
ZNF766,-0.70435506,15.669902
SQLE,8.449923,4.084674
YBX1,10.041376,1.2030648
ISG20L2,9.349549,5.1092153
IARS,5.410328,-0.80440366
ASB6,11.722581,6.62898
RAPGEF2,7.3496532,-6.3490777
CALM2,-0.3400964,6.561952
OTUD6B,-7.296986,-6.11708
SYNPO,8.214239,-0.34594864
AGER,-5.64147,-10.997205
PECAM1,-3.8167155,10.263671
RPS6KA5,0.21665582,-11.304208
WFDC2,-4.9093404,4.168276
PI4KA,0.03150785,3.83467
FBXL15,9.59553,12.019261
SBDS,-3.6159577,-3.5530853
APOBEC3G,6.2857766,-4.3524065
HNRNPD,10.097432,0.5784289
ACTA1,14.10728,11.751112
QRICH1,11.831291,6.7522182
VAV1,1.2809076,6.2873864
FAM107B,11.111591,-8.485616
PTPRK,-5.9570594,3.0015728
KIF23,-1.1431448,-1.000086
MRPL39,-1.5561175,2.947158
REL,-5.0835767,0.22788258
TMEM14A,7.354543,-6.3502727
MYO18A,0.9913988,3.5012748
ANXA7,1.7153014,-7.1212287
ARHGEF6,-1.1487787,-9.588266
YIF1B,12.44066,-5.0268326
RAD51,-6.838345,-8.2397175
INTS5,11.770987,6.6846595
MAU2,2.631497,4.945792
DPH7,-9.063399,-7.544942
NCDN,11.640496,6.59416
ZNF512,-5.6870337,-11.041487
KIF3B,8.150885,4.439596
HSPE1,2.2365549,-10.151286
SMARCA2,6.0236316,-5.7154
SNHG19,4.019667,-0.06704409
PPP1R12A,15.055599,6.3629904
SF1,10.919195,6.3431225
NCKAP5L,5.9016113,-6.110671
SOCS4,-5.510175,-10.774965
ERCC2,11.256121,8.037365
LNPK,-6.435947,-6.4893107
SSSCA1,-9.32045,-7.725434
EEF1A1,6.8043423,14.508606
CD164,11.757526,1.9615878
GART,5.9459605,1.2448144
DOCK10,4.543257,10.18021
VCPKMT,14.567706,-0.81446177
CLK4,4.3035684,2.2270799
TAF6L,6.2225857,13.530412
MAPK3,-1.9001641,12.438237
RPL15,11.446904,12.5669565
IFNGR1,-4.3185163,9.106648
POLR3B,9.135242,8.872916
POGK,10.76411,6.958912
ATP6V1B2,-8.50586,3.5067534
UBE2D2,-11.991871,2.837172
RBM19,-3.4662793,-1.6653745
RAB3A,-0.20452073,11.026643
ZNF273,-6.441179,8.568487
MYB,10.311724,1.0837979
NCOR1,4.208798,5.6821284
ZNF878,12.5021925,-1.3749648
HSPA4,5.4856834,1.9514278
SCAF11,4.2767596,9.964815
SMARCAD1,-0.7264493,-6.6486483
FAM13B,-8.443948,0.19068268
ZMIZ2,-2.3411324,9.679587
SLC9A7,0.25227118,14.317946
TERF2,8.794281,8.464627
ZNF821,6.4924855,2.3766098
DHCR24,8.266611,4.3630033
HUWE1,-0.47123176,3.711424
SPPL3,-8.769243,4.40403
ADHFE1,-3.937192,9.692549
RAD1,-0.94695425,-6.792743
PHPT1,2.2087379,1.9270372
TSTD2,-0.39242718,3.268758
TMEM8B,6.1132627,2.6241739
NEDD9,-2.4917843,9.538619
USP9X,4.7312794,-7.390046
PBK,-1.3017827,2.8408515
ZDHHC18,-4.092389,4.9545383
ARF4,6.2076707,-10.295231
EVI5,-9.584925,4.544686
PASK,3.1244555,12.000457
ITGAE,11.806344,12.478997
ACTR3C,-5.048165,4.0342927
OTUD1,6.364849,9.134787
SRSF10,-0.99700147,-6.9447904
GPR146,-0.16212888,11.640328
NDEL1,-2.290056,-13.337433
MAB21L3,-6.4229026,4.072623
BCL9L,3.3165252,6.465859
UBA7,0.45003396,-6.975623
DHDDS,-5.7449784,-4.006565
ITGB5,-9.12026,12.566613
CHD4,6.6439495,-2.1786437
CNTROB,-2.9161434,-5.2954097
ZNF789,-7.4663677,-1.237035
ARPC5L,6.7674093,-6.876639
SPC25,-0.9612075,-5.893898
ANKRD13D,9.564471,12.028601
YWHAQ,4.742938,-3.2361581
HAUS5,-3.1648717,-6.6910872
RBM7,5.487293,14.49884
PIGK,3.827429,0.118153915
SLX4,-0.05864893,2.449909
PPP6R1,-0.40304625,1.9229541
ERO1A,13.616288,9.0601425
FAR1,-0.9252806,3.2330377
ZC3H12A,1.896103,1.6322594
TMED5,6.562528,-9.954241
RAN,1.9329647,-2.8901806
CAMKK2,-7.609127,2.0139332
AMD1,-7.3164744,-6.1263266
NUF2,-1.2026038,2.8784056
EPRS,1.0040215,9.413587
TXLNA,12.224351,-1.8280205
SSH2,4.938574,5.537318
TGIF2,1.4364419,11.972747
RBAK,-8.9228325,-4.2230783
LNPEP,12.517535,-2.3518999
GATA3,-9.178152,3.362819
SSR4,12.354931,-4.6483006
ETAA1,-6.402063,8.647052
TBX21,-7.2537,13.663145
TFPI2,12.780722,-2.1515172
FAM135A,-7.266465,2.3595443
PSMB2,-6.798602,-3.421155
ISCA2,-3.2944815,-3.0305886
WDR13,-13.189297,-1.194653
SUFU,-3.0776238,-5.309443
ARPC4,8.239773,13.287604
CYB5A,7.844215,-3.7605298
KATNBL1,-6.2162557,8.927513
NAXE,-9.647167,6.540931
PRADC1,-3.8174953,15.258614
ITGB3,-9.624084,4.533707
EGR2,-6.197492,0.13215768
FAM50A,-2.5894048,1.912663
GPR55,12.436888,-1.4550714
NFKBIB,-5.6294584,-4.815424
TMEM183A,5.3905797,2.5576086
ZNF461,-0.85593396,17.636415
SLC45A3,-6.4530044,3.6775122
HSPA1B,2.2128842,-10.139344
SMIM14,-5.9720182,9.360597
FAM72B,-1.1455803,2.8258626
BCDIN3D,12.30491,-8.03915
CGN,-10.904299,-6.4308167
CYTIP,-8.543587,-9.990022
EGR3,-6.460148,-0.112987705
PPP1R21,-8.865932,9.277229
TM9SF1,12.297551,-4.5114083
HES7,7.9778852,-1.1856929
SAMD4B,3.4361734,6.264031
EMC8,8.821031,8.509781
USP6NL,-2.6356318,5.618835
WTAP,14.566747,-0.8148311
MLLT10,2.2377355,7.555234
BLOC1S6,-6.691285,9.2298
ITSN2,4.731561,-7.3904448
RBM39,4.306511,2.2262366
TVP23B,7.2009425,-9.563731
ITM2B,2.8458278,12.127132
SLC6A4,-10.907471,-6.409358
TPD52,-6.669464,9.225173
MTBP,-2.351587,-0.48640317
OAF,-1.8946856,13.797995
ORC3,-0.75691825,6.8203588
GFM1,5.8422337,2.2359848
RAPGEF6,15.048728,6.351033
ZNF493,-2.6832478,-5.222367
JTB,3.1638627,-1.7200041
SERPINB9,6.261856,-4.353277
ALPK1,-3.3831146,4.9606533
OGFOD2,-5.572782,10.840146
CLK1,4.2795897,2.2457423
FCMR,-13.295435,-0.72918165
UBXN6,-13.484937,-0.8893523
WDR24,1.9981003,4.9788566
PRIM2,-3.926771,1.7720946
RERE,-6.376114,6.3773336
SCAND1,-2.691102,-11.576564
CNOT6,7.1577826,5.356095
HOXB3,-5.326808,6.863739
PHB2,-8.953894,-7.435247
DNA2,-0.9673771,-5.857811
PPIL1,6.4132247,2.3960102
XAF1,0.2787432,8.022814
ADAM22,-8.418346,3.8810554
EIF3A,6.6546407,-2.1424527
ITFG1,7.18915,-9.550464
FCGR2C,-4.547519,-7.7975693
TM2D1,-8.679557,-10.115675
BLOC1S5,-8.926454,-4.2200747
THOC6,3.4151342,2.9894075
UBE2C,8.28303,2.3418424
B3GNT7,5.763446,-6.067208
BBX,0.2954503,14.332518
NACA,11.725625,12.504235
UBR4,0.6794043,3.7039325
OCIAD1,-3.1537502,-2.4572217
MRPL37,10.063636,1.185141
TAF1,0.6947334,3.5498223
WHAMM,0.25411487,-4.999876
TBC1D22A,1.8224701,-6.173339
SALL2,-12.236792,3.2139695
PSME2,-6.8167415,-3.426706
ALOX5AP,-8.998482,0.047103792
HIST1H1C,-0.06908817,-0.100654125
CD70,2.1838694,1.896647
MX2,-4.2180486,9.076333
TNFRSF21,-6.4415383,4.2841296
DCN,13.809382,11.158711
ADAMTS12,-9.828687,8.310493
ATAD3A,11.278239,8.111743
ZBTB26,-6.368881,-5.058435
SLC2A4RG,-0.692387,-0.5726701
MSANTD4,1.7063022,-7.122864
WSB1,-1.2918378,12.286604
HIST2H2BE,0.062490214,-0.008675827
IGKJ2,17.05333,0.10603483
AMBRA1,13.423764,4.9665174
ZNF527,-6.515842,8.485553
PIGC,2.619843,-12.249275
TNFRSF10B,5.7640963,-5.0835733
ELAC1,6.7733846,-6.865604
ZDHHC20,2.8399138,-8.767817
PHF3,9.909325,-1.6587731
HNRNPC,5.384362,2.576764
TCF20,0.686875,3.4617302
RHEBL1,7.8387647,-3.7692437
COQ8B,4.891776,4.110395
SRPRB,12.2171,-3.2309222
GCNT2,-9.828582,8.31071
ARID4B,-12.785656,8.09991
CYB561A3,16.55077,3.2290492
PSMD7,10.528742,7.589766
MREG,12.306387,-8.037256
DDX3Y,-11.293027,10.574007
B4GALT6,5.2105293,16.853834
INPP5D,0.39622733,5.9794507
WIPF2,-0.4852563,4.623636
NBDY,-2.9081469,-6.173213
SMIM10L1,-8.285693,7.001702
CC2D1A,-2.1138387,7.764159
CARNMT1,3.1965585,-3.9158905
NPC2,-7.431764,-1.193872
UBXN1,-1.305778,0.42843664
MTDH,11.951444,-4.0610704
GSPT1,10.312994,1.0390353
CHORDC1,2.239327,-10.152238
BAG6,2.0662878,4.6927342
MAP3K10,0.79517245,7.9095197
SNX4,-5.567172,10.849736
ATG5,-4.417102,-5.9356613
RUNX3,8.217209,-0.3613688
SIVA1,6.027231,3.4402382
ZDHHC5,14.683911,-7.148569
CD83,-4.320546,9.076647
ZMIZ1,1.7834724,1.5111977
IGHG3,-7.6672177,1.8286772
RFWD3,-3.3919601,2.7468557
MARK4,4.491155,-4.0132136
CRLS1,-0.5044364,3.2215397
POLD3,-2.789787,-0.2815038
FLNC,14.051586,11.712707
GRK5,7.969134,-1.1642772
HOXB4,-5.3266835,6.858393
FAM193B,9.282075,14.269592
STRN,4.908814,6.252855
ZNF585A,1.2266815,16.675568
ZNF660,3.7430205,12.823559
RINL,4.9045115,4.1016517
CUTA,-6.964006,-0.6696079
IFI30,-1.0244392,0.8280715
ELF4,0.41011778,5.949981
GLTSCR1,1.8836824,5.0353937
RCC2,12.973298,5.370165
CCL4,10.092248,-1.8484412
TMTC1,-4.448306,0.31913355
CYS1,-4.504477,0.5617794
TNK2,2.7213717,4.9801416
GUK1,-3.1274378,7.4180813
FBXL17,4.989612,5.5469365
UQCRC1,-9.672376,6.519742
DDX28,8.793941,8.464418
SLC19A1,12.750415,5.6188135
ZNF17,13.958797,8.766084
PTCD1,12.147598,6.9916077
ATG4C,0.7962331,7.912937
DPF2,-0.7833403,0.7096326
NANS,12.500518,-2.399049
TNPO2,10.995278,6.3670063
ZNF260,-13.822378,5.7853847
UQCRC2,11.739376,10.519066
XRN1,6.325948,9.204606
SAT1,6.3209305,9.214536
ZNF347,-11.517213,3.730732
REPIN1,6.3379483,9.210754
N4BP2L2,-0.24338683,2.1372182
CHML,10.091263,2.7104445
FAM72A,-1.1524681,2.8410664
GON4L,-0.17409085,3.1153548
PRRC1,13.031878,-5.167514
CWC15,1.3936219,-1.0819905
E2F8,-0.8499998,-0.61105436
THBS3,5.3307495,1.6989089
ANAPC1,6.1103477,-2.3856533
IGHG1,-7.6565,1.8235492
TUBG1,-5.885766,-3.6011286
ING1,3.2461455,1.1771364
OGDH,10.842835,6.282892
CDKN3,8.302503,2.3425448
EGLN1,-0.34025347,11.185704
POLR2G,6.0007315,3.4343686
CTH,5.688928,-0.8229129
MADD,0.59603894,4.1706853
PRPF4,10.924572,0.69534445
FAM177A1,10.06317,-1.763278
GTF2I,4.5398426,5.1978574
RIOK1,-1.5370407,-12.233279
ZNF845,-0.70460296,15.670064
EXOC6B,-5.7436686,1.9637166
HIST1H2BK,-0.0057353373,-0.06492348
LYPD6B,8.100359,-5.257555
FDX2,7.1383114,8.289331
GIGYF2,4.89041,4.4499626
NICN1,2.7779274,-12.088123
SRSF5,-5.6410246,-10.996884
NOC2L,10.959067,6.3246055
RPL37,11.472409,12.940157
PWAR6,-6.2958755,-5.0056515
EPB41L5,-5.8594832,2.7357051
TBC1D14,0.6170186,3.5636034
DENND5B,11.0858135,-7.510166
CNEP1R1,7.189904,-9.549723
PCYT2,8.2732315,4.334725
EHD1,2.911575,6.3582096
TERF1,-0.351964,6.557807
SLC7A6,16.551252,3.2289097
ZNF606,-2.713268,-5.203055
DICER1,-7.0059767,2.6300411
POLR3H,6.8113036,7.6836395
ZNF805,3.4298522,-5.398174
GIT2,2.8113155,-12.054104
UBE2W,13.232614,6.4824862
PARM1,-8.345642,3.9049299
GNAI3,-0.78901863,6.855016
TSPAN11,8.215943,-0.42798793
GSE1,-0.05413062,2.4290235
TTYH3,-4.028,9.887264
MRPL50,4.5236745,-0.2303776
TBRG1,2.795585,-1.0981346
ID2,16.666706,-1.7233347
EMC4,-6.4941196,-3.16848
RECK,-6.8964057,9.30301
FNDC3A,13.506577,-5.0716825
RRAS,6.1155705,2.6239355
TRMT6,-7.8188143,-5.934203
PLK1,8.2803755,2.3418863
ZNF248,6.9773107,7.703674
BEX3,-2.8133996,5.958191
CHDH,-6.5693693,3.8343945
AKAP17A,12.355353,-5.084163
ZNF416,-6.1797185,12.06923
LDHA,1.2097483,12.055045
NLRC3,4.4119844,4.827373
MED25,2.2970552,4.92539
HEATR5B,1.2229052,6.1980762
ACACA,-8.240559,6.9584017
SLC12A4,-11.574104,0.93712294
ZNF330,5.385513,14.614112
KLHL24,6.5980673,8.751415
WDR92,-2.320054,-0.4761797
ABCF3,8.382096,13.410854
SFXN1,-6.1547785,9.283423
IMPDH2,-9.600361,-5.77856
P2RX4,-0.3042934,-6.037084
SLC17A5,6.539052,8.694451
TIPRL,-0.8246286,6.8891654
DUS2,1.5274142,6.6762424
PYM1,7.174927,-1.5716954
POLR3G,3.209149,-0.37490636
ATG12,5.896426,11.415616
MUL1,7.8166604,10.555597
AARS,6.0595326,-0.73332196
TRIM5,-4.084542,8.986009
IFT80,-7.5935397,-1.3726759
CD79B,-8.852239,4.4624515
KCCAT198,-6.5393324,3.0487134
TRAPPC11,7.4174633,-10.272526
RPL21,11.550885,12.652872
PEAK1,-6.3950453,4.556876
SSH1,8.372101,-0.39965665
GTSE1,-0.34570822,-0.21305643
BIRC2,-3.420293,4.924042
EML2,-1.6383016,8.105431
EEF1B2,11.527699,13.33593
NAPA,6.3674574,4.720403
PDCD2,4.1647253,0.9130015
TYSND1,6.7218657,3.7591877
CUTC,5.3926244,14.609137
VIM,-5.0999746,-6.053736
NDUFAF2,3.2099075,-0.33161795
SUCNR1,-5.8894553,2.899815
SUSD1,-3.94101,9.686375
ACSS2,-7.903695,1.7026844
TSTA3,6.951584,8.344836
ALOX5,3.2162998,11.90639
BUB3,-1.7522161,-0.69929683
TMBIM1,-0.9809759,0.78483963
PLCXD2,11.043912,-4.80899
CDCA3,3.6296804,2.768543
GARNL3,-8.785741,4.411743
NDUFAF8,9.701241,9.595461
ASXL2,0.69809073,3.4561183
BRF1,-12.249476,3.2393262
MX1,0.44948572,-6.94226
EXD3,-7.2267795,-6.117937
ARPC3,-5.632442,10.534174
NAA30,-2.5281937,-4.766655
CARM1,8.53722,5.643772
SRF,6.9767437,7.7053027
ZNF276,11.741402,10.527054
PDIA6,11.963955,-4.083348
KRT7,8.216942,-0.357495
STAM2,-5.068191,11.590053
INPP5F,0.3709973,-11.140072
NR4A2,-6.472661,-0.12250833
RCHY1,0.4535262,14.511787
TBK1,4.617519,-0.20834717
JAK1,-1.8949215,13.8037615
SCRIB,6.2668524,13.572319
ZNF784,13.363944,2.2283301
PHF11,0.24321647,8.045652
PITPNC1,-8.8536005,0.1185717
MSH2,-2.3915176,-1.0075281
SLF2,7.1566253,5.361312
EMD,-6.4914556,-3.060388
TEPSIN,-12.62178,6.9275703
THRA,-1.0060807,1.1454521
KLF2,12.212643,-7.987085
KNSTRN,8.301232,2.3428307
SETD2,0.6841409,3.553133
KLHDC3,2.2234414,14.920399
ZNF302,-2.6889122,-5.216257
SEC61B,12.459272,-4.857987
SASS6,-1.4168426,-0.922686
ATG3,4.646635,0.70150465
MYO15A,-1.2775455,12.362188
SLC33A1,6.021681,-10.203351
LIN7C,0.72248423,4.8253407
SLC25A33,1.6630695,-7.167895
E2F7,16.551529,3.2288098
KLF3,-5.099582,-6.0573626
RAB2B,-2.906113,-6.1669817
LIME1,8.121413,-1.2619321
NOL9,-0.9796155,-7.406059
CTU1,9.82557,9.717556
ENO3,1.7205086,-5.910976
IDS,-13.095939,-1.5589398
FAM200A,-0.8635916,17.628649
MRPL57,1.9802513,-2.6645806
TMEM9B,2.7822402,-1.1156747
LAT2,13.917245,-1.0094657
ZNF14,-0.7043468,15.6697855
ENO2,1.0418577,12.107772
A4GALT,5.7655497,-6.0678964
SMG1,4.680789,5.8304033
XRCC2,-3.6163723,2.4386024
TMEM94,-5.350567,11.876921
TRIM65,10.405861,4.8429747
TNFRSF11A,-6.870187,4.3980546
PAQR8,2.736529,-12.129801
MVP,-2.0529153,2.3590722
SLC25A25,-7.5967307,-1.3777285
DBN1,-11.95862,3.2849846
TMOD3,15.065582,6.3704085
SLC25A19,-8.698459,4.4055285
CLNS1A,6.4822264,14.5439
XPO6,5.933903,-6.134913
SEPT10,-5.766955,7.71761
TSEN15,6.4413786,2.379761
GOLGB1,13.456289,-5.0532537
XRCC6,5.699858,2.213783
LSM7,3.327296,0.77699316
TLR6,5.2091436,16.84014
PTPN18,-7.2707586,2.357005
UBE2R2,5.9839425,-5.2120824
METTL1,8.474222,-2.9900143
CDH24,8.686649,-0.27318537
CANX,12.278922,-4.419503
TXNDC5,11.330465,-7.395969
SARS,5.5791087,-0.8587176
AK6,2.174824,-2.1744075
RPL35,11.411371,13.229595
NLE1,6.657684,3.7728574
MRPL33,2.195694,-2.5351787
YWHAG,-2.2155998,3.2221305
HBA2,14.087682,11.7124605
SLC27A1,-3.7000334,-8.595932
RNF138,-3.4139478,-2.264484
WIZ,8.71111,12.8463955
RELB,-4.1859083,4.772178
WDR3,10.945676,0.700576
HIGD1A,3.0576615,-0.9059922
NCF2,8.362562,-1.4293951
TNFRSF8,2.899568,6.355459
PPP1R18,-1.6428868,7.9047203
AP1B1,8.513326,5.690641
AOC3,4.9916654,5.542485
ZNF407,7.0116014,5.2565413
UTRN,4.50323,10.129887
IL4R,-4.742632,0.15366443
CD81,-3.8236132,10.244443
AIFM1,11.33417,8.199067
KCTD20,4.7440753,5.5311575
HMGA1,-8.971927,-7.4553947
ZNF827,3.3083389,6.4832654
HMGN2,4.405802,7.5563645
SLC25A1,-8.299302,7.0150094
TMEM199,-5.932378,-4.928578
CIT,-1.5554882,-2.7776642
TRUB2,7.1734905,-1.5731924
SLC4A7,3.1986427,-3.9149802
ALDH5A1,1.4988781,7.0669904
DDX17,-5.6491165,-11.002663
SNTB1,-4.52766,13.514684
SH3GL1,-0.18618812,11.600311
HSPB1,2.2142184,-10.140968
HRAS,-5.7198772,-4.7338004
SFPQ,8.282013,7.626324
UFM1,6.932656,-9.868536
SEC23B,13.039846,-5.198898
ZNF274,-6.176336,12.068487
YAF2,-3.4072378,-3.1607394
TMEM110,8.485402,5.7213545
DOT1L,1.9893372,1.7064652
KREMEN1,8.878811,-0.15202606
ASH1L,0.26735023,14.33823
ITGA3,-7.8829436,2.037744
STAT5A,-1.13028,0.6126806
KNTC1,-4.1936936,1.855991
RAB1B,-11.399929,-4.5514746
DDR1,5.7313795,-3.8041873
RFXANK,9.231947,12.20649
ATP6V0B,-3.8172922,15.259007
MTR,0.31996378,10.359428
CENPP,-0.9478097,-5.922098
SPAG9,9.995301,-1.7336842
ZHX2,3.0357363,-0.95173365
MPRIP,-11.207268,2.1273699
CUX1,0.24590388,-4.963331
PACS2,6.1625805,-10.576953
KLHL11,3.4296947,-5.3980803
DSC3,-9.435725,-0.2424415
SLFN12L,6.0674024,-13.9158325
MARVELD2,-10.907792,-6.409918
IGLC2,4.2992363,2.2402108
TBL1XR1,-8.427396,-9.876872
RNF34,9.134667,8.870679
PFKP,-0.6253003,11.616749
KIF1C,-2.3870807,2.0804775
CDKN2AIP,-7.989877,-6.0610523
PLBD2,-2.5931146,1.9155334
SEC22B,13.06746,-5.229358
CSNK1D,9.441019,12.090892
PSD4,0.4147674,5.8886695
CLN3,3.4000423,3.001747
NUDT22,8.238413,13.291048
RPRD1A,-0.59771484,6.6911535
ZNF628,2.271554,4.924664
ME2,5.576498,1.1913016
RGS1,7.770552,16.322214
SH3RF3,-8.53321,3.8611553
MRPL43,-2.6894119,-11.572514
PGRMC2,5.92271,-10.546598
ZNF622,12.715693,-2.679589
SLC12A9,2.7981303,4.967851
ZPR1,5.892652,-0.78211653
KDM5D,-11.293135,10.574623
ZNF787,-0.7203536,0.7358405
FSTL3,-4.0264444,5.29141
TRIO,0.994359,3.478687
TBC1D5,4.496744,10.126084
SLC6A9,5.480007,-0.82246464
ZNF33B,-6.1971846,0.13310787
CYTH3,11.018773,-4.8166795
DDX58,0.612289,8.229539
AIFM2,-3.809829,10.279658
FRMD8,8.702786,12.864585
TOB2,13.427876,4.975333
RNF170,-11.126409,7.7730217
HECTD4,0.44307446,4.8620234
F13A1,-7.704017,4.035511
BCL7B,7.8147464,10.585579
SHMT2,6.036178,-0.7456286
CLPTM1,1.7702968,8.6658125
UHMK1,7.385755,-10.241753
NTN1,1.9663883,1.6871566
IFT81,-0.25818172,-6.0076165
TRAF7,-5.100997,11.623257
TFCP2L1,3.2218444,1.2028536
TBC1D30,-9.361747,-0.1386113
DNAJA3,10.913888,0.6987311
NDUFC1,6.023577,-5.3969603
ZCCHC10,-3.210595,-2.7868974
PHACTR2,-9.448333,-0.17900799
ZNF724,-1.6306508,-2.988405
ZBTB4,3.2353454,-0.38343412
CENPQ,-0.7722873,6.833019
CLN8,-5.976597,0.35189706
ZNF169,-5.7203913,-11.075103
SLC25A13,-3.6891882,-8.590182
PDLIM2,-8.571481,3.8757231
STT3A,12.271816,-4.3773546
MAFF,6.603374,8.620849
PIGQ,2.1150622,7.437286
CD22,13.917275,-1.0095592
SAPCD2,8.035311,-5.1880064
LSM1,3.0686111,-0.9382687
MIA3,11.401026,-7.278907
NT5C,8.359886,13.459953
SGO2,-1.1650825,-1.0579139
INTS3,-0.53547305,4.607379
TECR,-8.932541,-7.413933
ZNF319,-0.23068364,2.6243267
COL6A1,13.69012,10.982328
IFNAR1,5.870567,-10.369305
DNAJC7,-1.3458288,2.1124465
DCUN1D1,4.619562,-0.21025142
IGLC3,4.3010345,2.2324746
LRRC75B,7.744872,16.347345
OSGIN2,1.4962345,15.548453
TIMM8A,4.182756,0.8757943
ANK2,-5.9348373,2.064514
SRPK1,6.015747,1.2230434
ZMYM3,0.4044125,5.895224
ZNF706,11.807933,12.478853
CHTF8,-0.060471326,2.433364
SLC43A3,11.7408285,10.522737
ZNF530,13.973308,8.745799
U2SURP,1.0463225,9.442877
TSPAN15,7.9879613,-1.1803865
WDR90,-3.036223,-6.702703
CPEB4,11.862412,-2.7887602
TESK1,-13.317572,-0.7373738
CD63,-0.2915424,-6.028598
UBIAD1,8.178746,7.672672
MKL1,0.5295441,5.7931747
IDE,6.181095,1.4932777
AGO3,8.033126,-3.6063874
PRLR,12.426772,-1.4852271
POLR2C,12.717457,-2.6821315
NOL10,5.7057714,1.2991595
PPP1R9B,1.9446346,1.6681342
ATP11B,-10.698299,-0.71921843
KRCC1,0.004040615,4.7043753
IPO7,6.0087004,-2.4021847
ZNF468,-0.7048121,15.670266
CDC37,11.259775,8.043858
RIMKLA,-0.8669576,11.919541
NCF1,-1.5171177,7.9479184
DTX4,-8.29942,4.373047
MAFK,13.36705,5.0405784
SOD1,5.3625913,1.7724811
CTNND1,-9.191038,3.3339586
BTN3A3,-1.1212894,12.137826
TROVE2,14.172371,1.2273592
DCTN6,-3.3800519,-3.1308398
MBLAC2,-13.114547,-1.4980958
ITGB8,-5.5492992,3.8380775
CCDC150,-0.7630429,-6.6571207
ZNF542P,3.9636188,13.04115
SMAD4,14.363083,1.3945317
SCLT1,1.770999,8.667249
WDR81,11.476569,6.2417006
MCM3AP,-0.060111243,3.65153
BCL11A,-4.553783,-7.813229
HSP90AB1,5.4477725,2.3116837
TOR3A,6.76708,-6.8739824
MEF2B,-13.292899,-0.7468023
PCDHGC3,-7.8889203,1.7369317
TRAIP,-0.9244801,-0.6753709
SPAG4,5.5480366,11.335305
CDKN1B,6.4923844,2.376877
CTNNA1,12.148004,-3.3710508
POLR2E,-0.31353846,-2.6038804
CD96,-6.879334,2.785758
SELENON,-3.9309058,9.633493
AKT1,13.318753,5.077686
CNOT7,-6.214231,8.943064
GFM2,10.022535,2.6576388
TMEM154,-2.8077154,5.8598647
NSG1,8.092442,-5.247213
CCNK,3.8227775,5.809747
ZNF571,1.2266961,16.675665
SLC12A2,-6.8571076,2.8138325
ABT1,-3.12965,7.4193234
TRIM52,-5.6360407,-10.989361
RBMX,3.2080429,3.2569149
OAS2,0.40170512,8.096885
EXOG,8.832965,9.43736
COG8,-3.204393,-9.963706
TERF2IP,-2.290071,-13.337618
TMEM203,-0.9688916,-7.426781
CLIC1,-2.5279498,-4.7399035
SORBS2,3.2129874,11.904033
LSM14A,2.8063352,-8.73622
ANXA2,11.403586,-7.283749
IGHGP,-7.656685,1.8370464
RHOF,8.446843,-0.3678752
MSANTD2,0.35573965,-8.374661
ATF6,6.0612803,-9.863475
APEX2,-3.1657517,-6.6929975
SLC35E1,0.41682673,10.256383
NEK6,-1.0056899,1.1404895
KIF5B,3.4654691,-3.69111
UBA52,-2.6694667,-11.545086
ISOC1,1.1525995,-0.66579455
CYP27A1,-5.941712,2.9875078
MVK,8.328686,4.260589
NELFB,13.334959,5.0559096
TMEM101,-3.131188,7.420369
FCRL4,-11.162777,7.8038144
BORCS5,-4.0692306,8.867764
MRPL10,-3.133124,7.4211183
ZNF710,10.768579,6.2337847
ITCH,13.073861,-5.2426524
ING3,-5.715495,10.714035
OTUD7B,11.878419,-2.7939062
UHRF1,-3.6482112,2.6518407
TUBA4A,-6.4864435,3.0953367
SPTY2D1,1.71912,-5.8848386
CETN3,-1.6455997,2.9038725
SETMAR,6.628268,3.7936718
FAM60A,6.708664,8.489546
DCAF7,4.310529,5.616542
ZNF74,-11.209024,2.1298153
P4HB,13.357007,-4.95416
ELL3,-2.6044426,5.6269884
MAF1,13.924916,8.813995
ZNF75A,1.4445035,11.960187
PHF2,1.78744,5.1121545
SMO,-12.469239,-3.1753955
TUBB2A,-1.0193284,-1.0546337
POLR1C,7.130123,8.29487
PITPNB,-1.5370327,-12.233485
MED24,11.66953,6.56006
CDH1,0.25083435,-4.9917226
SLC16A5,5.863762,-4.6338663
MEN1,-3.1759763,-5.2875867
HNRNPDL,-1.0133127,-7.331376
LMBR1L,5.9832015,-1.9433037
FAHD2A,-8.448455,0.1918818
LUC7L,4.303296,2.2297924
PRIM1,-1.5289979,-0.95457965
ANKHD1,4.4081297,4.7596464
TCTA,10.032388,-1.7948378
VCL,12.145658,-3.3585527
COASY,11.843989,6.7642136
PSMC3IP,-3.3913279,2.6929395
MMD,1.4981132,15.552431
SEPHS2,0.22085257,-11.299699
NF1,0.3005012,14.333062
DHPS,1.4640592,11.950855
PEX16,-2.332518,2.1128018
NDUFV2,2.0901315,-2.6537225
AZIN1,1.7190185,-5.883123
OS9,-2.4748511,2.0598323
SGSM3,-5.654895,9.70166
HDAC7,14.069296,-3.101837
PGAM1,1.0502666,12.147047
XYLT1,-2.9489417,5.440036
GPR137B,-7.087676,-0.6058144
TPBG,-6.254221,4.476334
SYTL3,5.9896026,-5.2900662
MYCBP,-0.7555534,-6.645976
DBNL,8.243873,13.2841215
TRAPPC5,9.830962,9.718921
LMAN2,11.509234,-4.6519403
SCD,8.472631,4.0850086
ASTN2,1.6454006,4.0645523
PRC1,3.7949824,2.6011229
ZNF444,-0.71657306,0.72708225
KANSL1,13.932274,8.80675
MRPL44,-6.133858,0.17979585
OXSR1,-6.1416664,-6.6701612
IFI44,0.42590785,8.106541
CDRT4,11.169844,-7.6427593
MDM4,0.47852704,4.5616364
CENPL,-1.0188186,-0.5271378
DHRS13,0.2998664,-11.218556
TRAF5,11.881413,-2.8036451
UBAP2L,8.690581,5.0060353
PRR14,2.698613,5.0020323
TMEM87B,-8.862954,-7.3446903
FAM134C,-8.886466,9.297626
LETM2,11.134162,7.864299
STX5,13.440259,-4.8488927
FUT4,-6.607354,3.827443
ATF2,-0.23551889,11.02818
CDK19,-9.522483,6.6848536
SFN,3.2523677,1.1776079
MUS81,4.206432,9.178612
NRROS,-7.6062007,-1.384538
EIF2AK3,5.9705257,-10.180445
NOL4L,-2.6924934,9.4600115
DYNLL1,-6.932996,-3.3699098
FAM98A,6.186759,1.5028112
MCM6,-3.395681,2.747308
ITGA5,-10.043434,5.00647
FIZ1,2.4119918,4.920392
NDUFA8,0.75697464,-2.406758
SAMD5,-5.7645946,3.6939483
RHOQ,2.1949744,7.5320635
ZNF767P,1.9390566,7.2222443
SLC2A6,-8.435971,-9.883267
DGCR8,6.233038,13.5455065
GMNN,1.1005405,9.4992485
PRDM4,7.880076,10.40494
FADD,9.797235,9.688181
ASF1A,4.522137,-3.9292288
TOP3A,13.2081785,5.1787243
CCDC186,13.073393,-5.2319493
AGGF1,-0.700274,-6.6618047
VNN2,8.032968,-3.6020057
ASB16,-8.025527,11.046031
HECTD3,-8.438453,-9.888097
CHD6,0.31737176,14.382355
ABTB1,-2.0988133,7.769165
MTERF1,4.270336,1.0691855
SETD7,-5.7578325,7.7294493
SOCS5,14.363798,1.3957349
EMX1,-7.0779705,4.6114497
PLOD2,-4.363172,0.28999907
WFS1,11.422163,-4.704129
LBH,0.40402004,5.90141
DOPEY1,6.068092,-13.915177
WIPF1,-6.3658385,6.3890786
FADS2,8.441331,4.1143727
BLNK,6.060093,-5.3757677
FKTN,5.9196415,0.7631778
MBIP,1.318389,-0.86537576
CSGALNACT2,5.7550693,-5.0685234
TECPR2,0.54572713,5.786735
FAM212A,-3.2774112,-5.2957606
NAF1,11.287833,0.49160028
AP5S1,7.8201337,10.395004
NOD2,7.7788844,16.314634
WNK1,-8.241339,6.9549184
HIST1H2BJ,-0.10090536,-0.110974155
ANAPC2,11.574037,6.499687
ANAPC11,-0.008944124,-3.0740652
MPZL3,-6.195615,4.5059967
HSD17B10,-7.268098,-3.5051992
ZNF681,3.976713,13.052278
ELMSAN1,10.728756,-5.0123687
NDST1,-0.3166527,3.3724008
DNAJC2,4.758537,0.40688014
ZNF567,-13.82241,5.7854056
CCNJ,8.373939,7.4486814
RASA1,6.0770507,-5.7401705
CHKB,-5.5434036,9.910037
SEMA4F,-5.741852,1.9650712
KCTD7,-3.7021997,-8.597769
FXR1,5.897715,14.381857
ZNF321P,-11.5394745,3.70924
DCAF15,-5.5435495,-4.751747
NCOA1,-11.160503,7.8038554
TANGO6,12.760237,6.013393
TAF7,5.049588,14.458954
MARCH5,-1.6273102,-6.7776423
FANCD2,-3.8782642,1.7237701
RECQL,6.6320877,-2.0612016
EVC2,-0.5950213,3.2336538
CTSA,-2.5471807,1.9663564
PNLIP,13.989419,12.096027
PPM1A,-5.654856,0.52369684
CCDC12,4.0694833,9.031761
STK36,2.0472577,7.3587914
UFD1L,-5.882969,-3.5997248
DLST,-2.7472186,9.426713
CCNI2,8.824021,-0.1887312
SNX10,-4.524973,0.48873848
VMAC,0.6658088,4.810958
NDUFB6,2.2096987,-2.3682837
CDK12,4.7732706,4.6377206
CUEDC2,1.8330159,-3.4560933
HOMER2,13.919614,-1.0087093
RPS4X,11.5062275,13.29481
BBS4,4.9084773,4.0980687
ALKBH5,-0.2089364,11.052603
CYB5R4,-1.5702606,-6.7520375
SF3B5,0.11006619,-2.7473695
TCEA1,-6.7728505,9.250404
L1CAM,-1.1058394,-7.3052187
CMKLR1,6.0673566,-6.1406593
DEK,3.2030928,3.2623124
EPSTI1,0.39029214,8.100722
MAP3K11,0.65483356,5.4665785
UTY,-11.293158,10.574447
IL12B,-4.2388287,4.3943534
CDR2,11.8831005,-2.798675
POLE,14.029891,8.67471
PUM1,0.69452876,3.4585006
CHTOP,10.227527,0.9846345
SEC11A,-8.440382,-9.889621
PFKL,3.333378,6.435646
SNX5,5.3897758,2.55441
ROMO1,-0.5244003,-2.4328444
ZER1,4.0689797,-0.07743096
PLPPR2,11.777811,3.1577346
TBCEL,0.45146105,-8.47591
SLC37A2,5.744735,-6.0495257
TRIM11,13.394266,5.0140862
HGSNAT,6.129905,-10.582716
WBP1L,0.4928415,5.8204427
PDHA1,8.39528,-3.1199424
CHKA,6.067587,-13.9158
ZNF107,-0.6804352,-6.6775393
PSPC1,8.296019,7.5881367
TARDBP,10.0966625,0.58616924
MPEG1,-9.828769,8.310527
DOK1,12.454851,-1.4258024
PLEKHA8,0.2787263,10.410166
PFDN6,-6.523472,-3.547374
SIN3B,-2.3510854,9.674419
MYO6,-6.4266367,4.3206306
CCDC43,1.5827388,-1.4871398
LY75,-1.1290118,-9.606555
SGO1,-1.2516003,2.8781168
TLR1,5.208996,16.8417
TBC1D22B,-12.461884,-3.1868453
PLD2,8.123322,-0.7320363
LTA4H,6.4809227,14.543392
HELZ2,-1.7279974,7.9781976
CHMP1A,-3.2064967,-9.967419
LSM4,4.412073,7.56672
PLEKHG7,6.0939593,-5.3476706
TAF5,-1.7361217,-0.736546
ZNF445,-1.5765445,-2.7927377
SZRD1,8.557163,12.572002
STAG3,1.8344808,1.5644653
DEPDC1,-1.0350316,2.910762
EMSY,0.46693248,10.203255
TSN,6.105826,2.54946
VASP,-2.2111404,12.546164
MFN2,11.46225,6.3129616
DENND4A,-7.151269,-3.2425778
ZNF581,11.471955,13.593595
JRKL,-6.3529744,-5.050173
ZC3H12C,8.8272085,-0.18645208
ARF1,12.711005,-2.6808019
UXT,11.433593,12.547716
NR1D1,-7.0453424,-0.73762196
SNAPC5,8.732744,9.526021
POLR3E,8.233807,7.623876
ZNF689,11.71271,6.63028
PSMD11,6.3261685,2.433803
LLGL1,11.684205,5.87568
EXOSC4,7.190267,8.292446
MUM1,7.1659303,5.482956
KANSL3,-11.21394,2.1342354
DPAGT1,7.9015875,16.185137
ADAMDEC1,13.653271,10.932671
BCLAF1,5.710899,1.2959437
MIEN1,-7.9165044,10.935528
POMK,4.873417,4.5358367
TMEM104,12.219621,-1.850217
GINS2,-1.5134329,-1.7351573
TTYH2,7.9843946,-1.1805158
SLTM,6.945605,-1.6997731
SIX5,-5.644786,10.688846
ZNF318,-3.8063314,15.289398
CCNL1,2.7895045,-1.1028023
COX6C,1.867318,-3.047676
DDX52,5.840322,2.2395973
NSMCE4A,10.740262,4.492271
EBF1,-9.628633,4.522973
MRPL41,9.688843,9.585426
MDH1,-0.8756872,6.938969
NAA10,-6.8744307,-3.3946922
ST8SIA4,6.113166,-5.3746586
ETV7,-7.742134,2.002097
SGF29,3.4142592,2.988016
JUN,-3.4503245,4.895456
WDR4,11.260787,8.04458
SASH3,8.241264,-0.3406051
DFFA,8.71418,5.0347543
SPRN,6.6972404,8.496947
IL24,-13.291792,-0.7473118
ST3GAL5,6.1412506,-0.778202
TLR9,-2.8070638,5.9207177
NUDT21,6.258681,1.1318988
PREB,11.65575,-4.5624557
VAV2,2.9326668,6.346454
AOC2,4.990396,5.544046
LPP,-6.3801675,4.002476
POLR2B,5.8926773,-2.2687337
SHROOM1,8.857092,-0.16684836
SETD5,-0.5333581,4.608088
KIF24,-2.996787,-6.17682
NORAD,7.142618,-9.980553
ERF,-5.352411,11.875722
SYNE3,10.775481,6.24434
FBXO25,5.048162,14.46149
EHD3,0.377722,-11.133917
ZNF45,9.27132,15.0516615
NEB,14.111942,11.760786
SLC44A1,-1.8947881,13.799011
CIR1,-8.008297,11.029144
DCAF11,14.6868925,-7.151562
SSFA2,-2.7354064,5.593853
FANCL,6.9826217,7.696024
ZNF793,3.9491708,13.034913
OAS1,5.585005,-3.844514
RPS27A,11.429836,13.246662
TMED10,6.2708583,-9.959464
PREPL,-5.476115,-10.739213
DAXX,-11.411587,-4.562537
DDX18,10.064642,2.689569
PRKCSH,-5.1207094,11.656384
DNAJA1,2.2498534,-10.165299
ZNF638,-12.785268,8.099476
CREBL2,7.810965,16.281923
HSH2D,12.28826,-8.021493
IGKJ5,17.053396,0.105999485
TRMT11,-11.3965435,-4.548752
ABCC10,-8.4081135,-9.856248
GLUL,-5.764699,7.720733
LEMD2,13.364233,2.2276523
EIF4B,6.793545,14.505977
KIF14,-1.1357775,-1.0270854
ENTPD4,11.213249,-7.6798997
EIF3M,5.5360885,14.599943
RMND5A,3.3268936,-0.07610393
SLIRP,1.1139398,-2.20057
CINP,-6.4658346,-3.0850236
ZNF10,-6.175162,12.066636
CSDE1,7.897474,16.187326
ARL8A,-1.3216091,0.34316745
SAMM50,4.752731,-3.2604449
WDR75,4.1759233,0.93538874
ODF2L,0.43511787,-8.459979
TAF2,4.720022,-3.2632287
RNF111,0.41371107,10.257033
SYNE1,-5.54317,10.899172
TSPAN33,8.169609,-0.5977898
DANCR,-1.7664853,-0.69551444
SNRPD2,3.3272657,0.7768425
NFAM1,-8.31429,4.365753
LACTB2,4.3911853,-0.6160441
CHFR,9.441741,12.08861
CREM,5.507393,-7.985948
ZC3H15,4.6492305,0.70348704
BTN3A1,-1.1354936,12.148875
MTFR2,-0.9364016,-5.9868436
RNF126,-5.6166797,-4.8290935
NRM,-0.6923922,-0.5833234
AP1S3,-6.118617,0.19065477
ZNF778,7.8574715,10.419827
PRPF4B,10.123945,0.6285319
RWDD1,-7.3244357,-6.1258936
IFRD2,10.787351,0.66645366
CNOT10,4.7056932,-3.2395601
GGH,14.131187,1.189248
GINS1,-0.9607862,-5.890549
CCAR2,-5.7959538,-4.9405465
UBALD2,-6.9871893,-0.69087017
LDHB,1.9108003,-2.3041975
G6PD,6.3609357,4.71367
XRN2,6.5960913,1.0537848
ZNFX1,8.78853,13.474842
EGR1,-6.470496,-0.122077435
CSNK2B,-9.348407,-7.7455893
ATP6V0E1,-1.5383881,-2.9619694
ARMC5,8.543662,12.575973
DAAM2,-6.433623,4.153792
PPP4R3B,-12.784557,8.096413
CRLF3,14.16689,1.2219644
TARS2,11.820622,6.75542
OPA1,10.00899,2.6434665
TYMP,-6.49687,-6.4183187
MRPL40,2.025416,-2.4149666
SLC4A2,0.48146486,4.346822
ZC3H13,6.6534033,-2.1457298
PTPN1,10.963941,-4.846683
BAG5,-1.2931354,2.0535307
PLA2G4B,9.282688,14.269437
ZNF607,-6.4732356,4.859634
ZNF35,7.8428397,10.426768
IL23R,-4.8969836,4.1713343
WDR7,12.043822,-1.6992774
CRYAB,13.985164,11.48778
ZNF776,-2.7029793,-5.19802
CROCC,-8.923309,3.6206603
PDS5A,2.8398418,-8.770176
GLA,5.8248262,-0.866775
FAM160B2,-5.6314325,9.75663
WDFY1,-6.1264625,0.1834141
ZNF540,1.2270173,16.676022
IL1R1,-9.048178,12.4849205
BORCS8,6.7006326,8.512552
ARHGDIA,13.356632,5.0347004
ABHD6,6.067533,-13.916383
SFR1,13.36025,2.2305925
ARL2,5.8549733,-10.38036
SUMF1,2.758983,-12.108734
NMI,0.7644104,7.92869
ABI3,5.835891,-0.87104905
ADORA2A,-1.2970262,12.232878
ZNF799,-6.7857413,2.9078884
FAM127A,-1.3072685,0.4188869
HECTD1,4.788387,4.622382
TNFRSF17,11.152281,-8.080693
TXNDC17,2.328068,-2.4686434
ARHGEF25,-1.0120554,1.1209192
ADSL,5.8552628,2.8295355
RAB8A,-0.35896996,1.9144989
DOK3,7.1863894,-1.5690976
ZNF826P,3.9760606,13.051753
HYPK,1.9352529,7.2225466
POLA1,-2.7923214,-0.28349683
DUT,-1.4554825,-0.16060099
DDX5,1.0167621,12.125556
SND1,13.231093,-5.026473
ORAOV1,4.158743,9.1305065
LANCL1,-7.2753305,2.3506007
UBA5,7.4857116,-9.463622
PFDN5,11.463139,12.943077
URI1,6.4720974,14.550376
HARBI1,7.851448,10.359608
CCDC6,-3.874672,10.092551
KCNMA1,-6.3774395,3.994235
BANK1,-9.433958,-0.17184404
ATP5I,0.33401155,-2.626489
TRPV2,8.161664,-0.6359422
VSIR,7.9759493,-1.1875402
CALCOCO1,6.3499036,1.2776142
UVRAG,6.5680437,8.68356
ESPL1,-1.5805663,-2.7925022
MAGOHB,3.7726076,0.16517588
CDK5,-5.8772774,-3.5957563
SETX,-10.928765,9.084633
ZNF587B,10.756426,4.473832
SLC25A4,-4.808249,0.11087739
IGHG4,-7.649034,1.8305117
RRM1,-3.7620497,1.8932847
PNN,10.088182,0.57792157
LSM10,-9.049852,-7.533532
RFWD2,-9.514021,6.694089
DTWD1,-3.4420838,-2.2930808
BCAT1,-9.2029505,-0.06515606
GTF2F2,1.6225095,-1.5393463
HSPA8,2.2465327,-10.16428
NLRC5,-1.6116159,7.948579
LAMTOR2,0.15084213,-2.6620083
LIMS1,-8.4269085,-9.8765335
FAM173B,-1.1039431,-7.2959585
GAL3ST4,1.7251165,3.9420822
EEA1,4.7319956,-7.389596
CDV3,11.225378,-7.7779183
CAMLG,5.800441,14.321818
LRRC58,-1.729153,2.818105
TLE1,10.664098,-5.0564
JCHAIN,11.175221,-7.418504
ZMAT3,7.5595684,-1.3244157
CYBB,-2.805312,5.909337
CDC20,8.272886,2.337919
ZFP36L1,7.370753,-6.3740005
ANP32E,-1.1490014,-1.03769
FAM213B,-7.085113,-0.5919015
BAD,2.220413,1.9345467
SLC25A53,-6.384903,6.366851
OTUB1,8.239088,-3.348616
DHRS11,-9.570266,6.6289816
RRNAD1,9.283877,14.270408
RGMB,7.3598905,-6.357031
KDM4B,-1.1867902,12.169731
ITPKA,-5.0402365,4.6814075
KCNA1,-9.379825,-0.156466
FLJ20021,7.3630185,-6.3589964
RHOBTB3,-3.943535,9.812778
ZNF134,-6.1768847,12.069229
RAB30,-11.158945,7.795669
CDC45,-3.4966092,2.6777067
MSX1,0.35043207,-11.133751
ERICH5,-6.1341357,3.324275
ZNF574,13.367407,5.033969
RNF144A,13.034551,-5.2101784
GLT8D1,-6.3705974,3.6326408
RFX5,8.101321,-3.5239162
CD74,8.07443,-3.5555148
GABARAPL2,4.9048514,4.113703
TMEM231,4.9236875,4.107758
IGKJ3,-2.735768,-5.1738815
SSH3,-2.7144578,-5.171663
RGS6,5.3241787,1.7024702
PLS3,5.1032023,1.7476324
SPATC1L,-0.8718374,1.910124
F8A1,-0.86701375,1.9159155
TAS2R14,5.8126826,-6.100672
PRR4,5.816309,-6.0980673
ZNF250,-5.6599255,9.613868
ZNF836,-5.674579,9.599783
PQLC1,-2.2253928,12.552293
NBR2,-8.47449,-9.923419
TMEM106A,-8.446564,-9.895791
DCAF6,-4.65287,0.20911711
ANKRD9,-4.6491785,0.17869897
PGBD2,-12.631246,6.94553
PRTFDC1,2.7632754,-12.102936
THNSL1,2.763704,-12.10259
CUZD1,-4.504893,4.415754
FAM24B,-4.4883313,4.4407473
CIDECP,7.823621,10.543539
POU3F1,-5.068936,4.070048
GYPC,1.4664599,11.946504
MAGOH,3.330455,0.6667422
EDEM2,12.389846,-5.061719
FBXO34,5.8024383,-6.1692433
FBXL8,-1.279019,12.322878
SLCO2B1,-4.6655884,4.363906
IBA57,14.685476,-7.150493
SPAG5,-0.3763371,-0.20983623
SORL1,-14.321484,1.8363286
ALPK2,-9.387198,-0.1687084
VPS37C,3.0178883,12.030674
SOX18,9.140222,8.871706
NCOA3,4.405584,4.764522
ZNF84,-6.3008904,-5.013216
RHOU,-6.4352083,4.277599
ODF2,3.9064443,2.4982388
RIOK2,0.31166947,14.362776
NREP,-3.8166888,15.263003
STK38,-3.2956753,9.212653
CTBS,6.535528,-9.982013
PYGB,8.212272,13.558509
PTK2,-5.0988517,-6.056241
WDR37,-8.88917,9.300177
ZNF644,-2.1413245,2.2781909
DPM3,2.8635967,0.42746428
ATP5L,0.31506607,-2.575818
WDR36,5.5943284,1.1996684
ALG11,0.06346903,4.657054
ERCC6,1.4926873,7.062695
PWWP2B,-11.6324215,3.60252
TMEM120A,1.8651514,1.6019377
PKIA,7.4585476,10.23576
SGK494,-7.963139,10.982236
AK4,-0.87450355,11.924209
RNF4,-2.2354825,12.55776
AHCYL2,-8.425075,3.8860629
RPL29,11.4623,13.492546
MTPAP,4.636049,-0.24875544
EZR,2.8582468,6.35194
TNFSF10,5.533515,-3.728246
ZNF410,11.360731,0.46403515
TMEM51,-10.013387,4.9813023
HIST1H2BC,0.041582882,-0.030166142
SHB,5.294771,-5.6778874
ABHD17C,-1.2573645,12.391902
KLHL3,-11.98365,2.8466501
TTC1,2.2744231,-1.7818434
SLC6A8,1.035742,12.089017
BLOC1S2,1.8171542,-2.2014823
ZNF275,16.6381,-1.7283844
OSBPL3,-5.839424,-1.3081253
APLF,-5.304569,6.817471
LHFP,-7.0822244,3.9811091
TAOK1,4.671755,5.838849
ERAL1,6.1409106,3.730382
TRIB2,-4.610578,4.376716
EIF1B,5.3436737,14.489514
ANP32A,10.089147,0.57177263
PDCD6IP,6.593606,8.63754
OSTM1,2.2238584,14.921154
NRCAM,-9.446493,-0.21742703
FAM102A,-14.408665,1.9183701
ZNF823,-6.77012,2.9329467
RCBTB1,10.6999855,-5.0302396
ZNF267,13.383487,6.610332
ABHD17A,9.795695,9.687977
MNAT1,1.1916147,-0.71992636
DCUN1D4,-2.128918,2.2822733
HELQ,-0.92612183,17.569338
SLC22A18,6.1191053,2.6252556
ZNRF1,1.5097103,7.0438137
WDFY4,1.9918897,1.7113637
PDE6G,-9.812957,4.830686
CCL17,-8.864636,0.11825024
SYMPK,10.761713,6.2260017
LAMB3,3.0832453,11.957109
LARP1B,13.040582,-5.180067
OASL,5.4842877,-3.6523845
IL17RB,-6.5814824,3.8301167
SEH1L,-1.537026,-12.233625
SAMHD1,6.72456,7.555426
SLC25A20,7.7248983,10.316251
R3HDM4,-13.203203,-1.1508143
ZFAND2B,-2.6872098,-11.57746
ALDH4A1,7.1685944,5.4863534
RAB1A,0.45096573,14.510792
PSMB10,-0.004179692,-3.113475
MEF2D,2.8562784,6.3487883
RGL2,-2.2160623,3.230529
PPP1CB,14.260059,1.3023185
FLII,-3.2044773,-9.965317
TUBB2B,-1.0268859,-1.0533715
ZNF775,6.329837,9.226543
PLEC,1.5000873,4.7821198
SH3GLB1,-1.1394808,-9.596329
COQ10B,-7.6431355,-6.32102
CYP27B1,13.573154,10.830062
CYB561,-1.0214064,-1.0547667
KIFC2,-5.6920743,9.670966
H2AFX,-0.2418086,-0.1710318
PRDM10,0.49733675,10.172853
CPNE2,-2.4687192,9.580516
GCN1,8.783075,5.041494
R3HDM2,8.737819,9.5578165
TIMM17B,-0.015039748,-3.1213462
ZNF671,-2.7064154,-5.204978
PCGF1,-7.1375685,-0.68621594
GPR15,1.5396546,6.7134686
PNRC2,-3.4696357,-2.272155
STARD3NL,-14.357827,1.8709617
ZBTB5,9.139209,8.870555
EIF2B4,7.123029,8.2969885
HHAT,8.031907,-3.6075497
PRKAA1,10.705708,-5.027815
WNT10A,-1.2653847,12.2386055
CSAD,-5.644184,-11.000066
SKA1,-1.5655303,-0.75256294
ADAM8,1.8925171,1.6292269
MYL2,14.05587,11.677719
ZNF408,8.244999,-3.3404117
IDI1,8.463692,4.0694957
NDUFAF3,-9.649396,6.541962
YLPM1,4.449136,4.825439
UBL3,-4.0179906,8.859524
IPO5,6.40681,1.1916251
TAF1C,11.737217,10.528858
GBGT1,-8.579129,3.8597968
FAM126B,11.158102,-8.068436
FBXO38,-6.7952175,9.265678
EME2,-8.443302,-9.891044
KIAA0753,2.0498781,7.3732557
KIAA1549,5.505272,-7.9838095
SERPING1,11.391028,8.273986
ZNF439,12.503646,-1.370876
ATPIF1,7.1740785,-1.5737629
FRRS1,-3.1803117,5.1683865
ATP13A3,1.026985,9.436005
ACLY,-8.252268,6.9666085
TMEM11,2.9197235,0.4331276
TMEM198B,11.743966,10.527876
MUC13,-9.104791,12.54963
RBM47,10.801311,6.259288
NIF3L1,13.348082,2.2253857
ZNF431,3.7003505,12.930303
BRWD1,-8.942365,-4.2026124
PUS7,4.759315,0.40450215
FBXO41,-0.51868904,1.9765165
LMBR1,-5.92143,9.412119
GPX4,-7.1169987,-0.648906
LRRC40,-1.1975591,2.9679258
ZNF334,-11.948168,3.2407618
AGPAT5,-0.8996627,6.9573536
GPM6A,16.638418,-1.7284337
NGLY1,5.1814103,11.36684
CCDC25,-0.9237912,3.2274377
WDR5,10.843985,0.653663
CMTM3,-6.4489226,3.6853673
HSPA1L,-3.4798136,-1.6242654
LRRC37B,-2.098926,3.063102
STIM1,-11.222718,2.142819
DNAJC13,-2.703194,-0.42044577
NDUFB5,-3.4099112,-3.163673
NELFA,2.014521,4.5508895
PWAR5,4.6499047,5.73345
RAD54L2,0.04463269,4.661463
FBXO18,4.440862,4.824146
PCNT,6.9912915,5.2365103
NFAT5,3.9330404,5.7173834
PAN2,8.715515,9.586451
NEK1,11.943683,-1.6130958
TMED4,-1.8690201,12.432657
IRAK2,-0.9725934,1.8830144
MED22,11.594335,6.5113354
TTC33,15.0623255,6.3658643
KRBOX4,-4.061441,8.866215
ALG5,6.2528543,-10.083104
HIST1H2BH,-0.13060169,-0.13057359
SEC31A,13.14966,-5.0908027
SNX20,-4.000821,5.391908
BROX,0.69462824,4.824805
STX6,-8.77736,4.4130874
OXLD1,9.545412,12.057674
DYM,-6.4351797,-6.478399
KIAA0408,5.317154,-5.6524806
IFRD1,1.1595441,-0.6756384
CPM,-8.609768,3.8709848
GNL2,4.743168,0.3248282
ARMCX5,6.016028,13.905957
LRRK2,-5.8490596,3.5299537
TRPM7,4.912418,6.263973
NFE2L2,10.0416155,-1.7656258
APBB2,-5.842337,2.2265859
STX7,6.1457915,-0.7696765
ACTG1,-7.7509823,-3.7136934
THBS1,13.757327,11.075238
FAM208B,10.742552,7.115647
USB1,-6.8090096,-3.4236205
PROSER1,8.380327,-3.1556668
S1PR1,-2.998093,5.378875
FKRP,8.388933,13.39077
FCRLB,-4.5537615,-7.813562
SOWAHC,-5.7737036,7.714647
CCDC134,4.9866304,4.533353
PDF,9.64052,9.540673
CMC1,-2.4295151,-2.4812584
GINS4,-3.037664,-6.1897936
KIAA1429,15.058893,6.355316
LAMTOR5,-7.9641438,10.984401
INTS6,-1.1346139,-9.601169
DVL1,2.0363507,4.568306
ORMDL1,0.068933696,3.2138095
CTCF,-2.9358373,-6.1890078
ALDH3A2,-5.058674,4.8303447
IREB2,6.627394,1.027713
HTRA2,8.2148075,-0.35214663
BRPF3,11.688986,5.900611
NELFE,-9.658809,6.53502
FCHO1,-2.7157347,5.68345
PCNX2,-6.8726377,9.291994
TRAPPC1,-7.450729,-3.594389
NEU3,7.134251,5.362347
KCNQ5,-6.3668637,6.3877287
NKRF,14.566677,-0.8148126
NFKBIZ,16.638937,-1.7283058
SRSF6,-7.876815,-6.08076
ARHGEF1,2.793006,-12.072718
TRABD,2.857172,6.3524327
SECISBP2L,6.326767,9.206114
IFITM1,0.55960315,8.17242
ADGRE5,-1.6172872,7.946954
PSMA6,-2.4596772,-2.4809713
HAUS1,-0.96538395,-5.886347
BCL3,-3.5725312,4.869589
CHMP2B,-7.9467287,10.966944
BBS1,4.631459,0.7290328
ZNF669,10.758466,6.966956
NDUFA13,0.0027751222,-2.6209733
COMMD9,5.9936666,3.4359322
RNF216,8.385678,-0.3908187
GEMIN4,12.780172,5.971282
CTSB,13.939305,8.800693
ATG4D,-2.3469765,2.110306
ADIPOR1,-7.9987793,11.020166
MMAA,-2.5439334,-4.774961
GPR180,-5.4745536,-10.737497
PC,8.020221,-3.615065
SAR1B,5.9211073,-10.243442
ERMARD,0.35539472,-8.374046
KMT2A,4.510375,10.129038
SSB,1.1036257,9.4986515
WAC,6.6189513,8.716364
PRDX3,-1.4368353,-6.7406564
CD55,-4.370862,4.5070877
RGS12,-9.946984,4.929007
KCTD6,-4.429863,-5.923298
SEC24B,9.88215,-1.6238577
ZNF440,-0.9300179,17.566362
EGFL8,3.461544,-3.6959293
CCL25,11.057165,-7.52567
ABCC4,-10.250278,-3.6764348
SAR1A,-3.6142511,-3.541461
FUS,11.403733,8.240061
MRPL11,4.412726,7.5673947
MTMR9,1.7134331,-7.1210876
DPYD,-7.5073085,2.109105
FAM168B,-0.37279788,3.4393525
BAG2,3.6559844,0.20377319
ZNF790,1.226634,16.675837
AP3M2,10.735119,-5.0037785
ARHGAP11B,-4.18629,1.8510827
C2CD2L,7.578703,10.258524
SLC37A1,8.019163,-5.1752014
RPL23A,11.11534,13.440715
FMC1,2.8484576,0.4517909
SSTR2,-1.0179406,1.9007215
CYSLTR1,-10.935695,9.094079
PIK3C2A,7.3633146,-10.213587
STRADA,-5.5301313,9.942704
AGBL2,-7.757519,-3.700533
IFT22,-0.2586926,-6.0100937
PACS1,-0.5993402,4.7348404
TRMT13,4.4726467,-4.0529265
ZBTB21,10.00683,-1.7905835
TST,13.916041,8.823197
LMO3,-6.438608,4.1645913
ACER2,1.4161358,4.4624314
RBM15,3.4293654,-5.4007263
ZFAND6,-3.3141272,9.206819
BLZF1,11.757894,1.961696
PMS2,4.4411826,5.5646935
BORA,-1.057639,2.9265804
MGAT3,-3.2478788,-5.299803
SNN,1.8765553,1.615979
CDAN1,13.286489,5.1069374
CUL4B,-6.2059836,8.945611
GTF2H2B,-12.005479,2.8697114
DHX8,-0.38429123,3.4781864
TSEN54,-7.6939955,-3.6809106
POLR2K,4.1238356,0.7530314
ZBTB48,-5.8932905,13.259163
ARHGEF28,-9.111378,12.557114
MFHAS1,5.769011,-5.104338
MIER2,3.2552786,1.127129
GAS8,-9.715397,4.741714
NSUN5,6.3700686,4.3512735
ZNF28,-0.7055837,15.671252
CCNC,-5.598963,10.298489
ZNF230,-3.9810429,8.843358
TBC1D31,-3.8822968,1.7697926
GALNT10,-9.406388,-0.17885095
CNR2,6.294277,9.254272
ARL17A,13.95234,8.786968
DNAJC5B,-4.8293505,0.081370376
CABIN1,4.4809766,4.814798
SPTSSA,14.157603,1.2120407
FBXL3,0.6951226,4.828269
LIPE,12.758509,6.01794
COL4A4,-7.846778,2.0279012
ZNF546,-6.3049955,-5.0170918
ZNF564,-0.70507383,15.670607
LGALS9,-3.940607,9.665581
RPL28,11.131365,13.428444
SLC46A3,1.9514279,7.2374096
ZBTB45,-0.41992337,1.952251
RPL17,11.513198,13.308555
DDX27,11.34344,6.2051587
SLC4A8,-12.217057,3.2194483
MDH2,10.048647,1.1996833
APBB3,6.5909476,1.069522
ARHGEF5,-4.5536747,-7.8134494
POLL,8.762853,9.52507
PIBF1,-6.379808,8.675798
NEK2,-0.9337544,2.9474835
LIX1L,7.451881,10.236161
WNT11,3.0787191,11.965553
HSPG2,14.144309,-2.4025464
MPND,-5.587079,-4.7714357
DNASE1L3,6.0675144,-13.916805
BTN2A3P,0.44726992,-6.980086
CLDND1,0.030357068,3.816516
APBB1,6.065504,-6.13729
POGLUT1,10.737965,-4.9994907
IL2RA,-4.259574,4.3946476
ZNF41,-10.924838,9.083344
RAP1GDS1,-8.417631,-9.868205
KCNMB1,-1.003956,1.8983445
NGDN,4.3756547,-0.6477034
DDX49,-5.7422695,-3.9379373
TCAIM,-0.49057943,3.2083936
TBC1D25,-0.80572164,0.6986204
SMARCC1,4.5086217,5.021031
TMEM164,6.0674205,-13.916363
COQ8A,-2.7565002,5.647566
ARMT1,-0.76576185,-6.634923
STX16,0.27423465,8.007696
TOM1L1,-7.691106,4.0403905
PABPC1,6.7679696,14.504545
COX11,-2.533874,-4.7039285
SLC48A1,14.068059,-3.1018333
GAB3,-14.314974,1.8310817
SCAF4,13.015687,5.3308177
PTK2B,4.4780145,-0.35683972
ANKRD44,0.26852402,14.337646
KCND2,-12.467949,-3.1771338
PATZ1,10.058908,-1.7635813
PLK3,-5.8316927,0.43183792
DNAJC24,11.993712,-1.6557554
MYO3B,-11.168015,7.792845
RHOC,-1.0637836,1.9295893
RCCD1,3.6513193,2.7475536
FOXRED1,-5.9109564,-3.6083171
RBM4,-7.1826243,-3.4336681
SNAPC1,-6.4437213,-6.481373
MCOLN1,5.1607027,11.374166
RNF114,2.2112327,7.543335
SCRN3,1.4392262,11.963879
BRD3,0.6833813,3.5525908
SPINT1,-2.376427,9.653447
ACTL6A,1.0973295,9.496015
PIK3CB,6.0164843,-2.4043899
CRYM,-6.330497,3.5489473
GPD1L,5.809748,-4.71203
ICAM3,-1.7457966,7.9607806
CXCL8,13.942472,8.798315
STX17,4.903466,6.237542
ATP6V1F,-0.55831754,-2.4075074
RINT1,-1.38094,2.1082964
DGKD,12.302142,-8.034638
TTLL3,-3.7162423,-8.608187
GAK,1.3469589,4.7275414
TMEM60,-3.2828298,-3.0179536
ABI1,6.5005393,8.746823
RGS16,-2.6915183,9.459072
MEGF6,8.209865,-0.45462823
HNRNPUL2,13.210881,5.176298
ADGRE2,8.026779,-3.6144211
GIPC1,-5.742435,1.9668006
APOO,2.362694,-2.4723005
STK11,1.924742,5.0197916
DBT,4.9093285,6.254906
MFSD8,0.10188149,3.23264
UPK2,2.1840131,1.8810282
UCK2,3.1802387,-0.30750966
CBWD2,-10.935271,9.094957
SLC41A1,-6.362095,4.0069427
BDH1,10.539061,4.696135
ZDHHC12,2.404309,4.9203577
WIPI1,11.490889,-4.6593494
MYH11,13.986683,11.495745
GDF11,-9.926018,4.913944
UBE2I,-9.057353,-7.5388327
CISD2,13.362913,2.2285662
USPL1,3.3402617,6.4835095
UBXN7,4.2796035,9.967673
EPHB1,-5.869205,2.8366718
DST,-5.9550524,-1.2182022
NCAPH2,-3.1643367,-6.6879044
AHNAK,10.771476,6.242078
ARF3,7.151534,5.4624796
SNX14,-5.7373977,-3.9355707
BLOC1S4,-2.680355,-11.58352
PHACTR1,11.644141,6.6050706
TXN2,0.12186599,-2.8399258
NIPAL3,10.980364,-7.499335
PRELID1,9.753466,9.644132
CS,5.8050394,2.7591705
RAB38,-8.541108,3.698266
DCLRE1B,-3.392666,2.707637
MED15,-0.18032205,11.6026745
WDCP,6.742435,3.7765222
KBTBD4,-0.8652722,4.8174176
RBCK1,-1.7376602,-3.1682312
ATP1A3,3.2530742,1.1711652
OSBP,12.281644,-4.394066
KRT5,14.124655,11.8111725
MTMR1,6.0674763,-13.916501
WDR82,6.6430235,-2.171932
SUCLG1,2.0786011,-2.605848
PIK3CG,-8.43728,0.19266291
FBXO6,-6.1262574,0.18484987
ZBTB44,11.4376745,-4.688747
RPS6KC1,0.24487448,7.9969625
PGF,2.2143645,1.9296585
TM9SF2,11.948344,-4.0372767
RPS6KA1,1.9891284,1.7139249
ZCRB1,1.5490162,-1.4296591
ZNF563,-1.2615876,12.385036
TNS1,11.371197,8.253902
SDR39U1,8.563409,12.594461
ABHD16A,12.297913,-4.4910164
PITPNM2,-8.446623,0.2126482
NAA25,3.219832,-3.8977373
CDIPT,-2.6821594,-11.582146
RAB5C,-12.648706,6.9669127
RER1,12.206926,-3.214394
MAVS,-0.3461421,2.171241
ZNF519,-3.878832,1.7246307
OAZ1,-6.9762607,-0.6821485
CCR7,8.37463,-1.4271787
KCTD2,8.541449,12.566923
RAD18,-1.7630135,2.7838767
DRAM2,6.0035095,13.961231
SIGLEC10,-4.7841387,0.13519387
ZBTB6,15.061847,6.3645453
BEX2,-2.8073003,5.9468336
POLR2J4,6.714995,7.531136
PHF23,7.3600397,11.2993355
ANKLE1,-2.498712,9.540807
ADM,7.1699824,-9.989056
APEX1,4.411998,7.5685973
UBE2T,-0.9884095,-6.3153214
ADD1,0.512852,5.827126
ABCB7,5.9007354,14.3866
KLHL21,-7.443414,-1.2159277
MOSPD1,-3.6278462,-3.5639598
HBS1L,10.294665,1.1182232
ICA1L,-9.441655,-0.17299318
MR1,10.081352,1.1646775
GNG7,0.45526537,4.5758257
ANO7,-1.0339643,12.069098
FBXO16,-3.2577112,5.078728
ITGB3BP,-1.5457191,2.9584947
GMFG,5.9197316,-10.650499
NDUFB11,0.11854645,-2.8389654
TBC1D24,3.0233727,-0.9607797
CISD1,1.8797363,-3.0097811
ZNF329,-6.174989,12.068465
ZNF528,-4.0152717,9.870559
TMEM205,1.8348428,-3.4282465
PRELID3B,1.5405339,-1.4106494
DOCK8,1.2166184,6.194775
PPIH,-0.96509606,-6.35447
ARVCF,1.7140813,3.9449918
MT2A,6.145802,-4.2532806
PPA1,-0.81833816,6.8816566
FDXACB1,4.266925,1.0531995
CACFD1,6.3333635,9.21513
APOBEC3C,6.2694106,-4.3503585
FAM49A,-1.8942856,13.798115
ABHD17B,-6.3857017,6.3622746
IFIT5,0.5436102,8.130961
SYNRG,0.270817,14.338626
GALK1,1.8310391,7.1275687
PRDM15,-7.369517,2.2510338
SPHK2,11.608554,6.478041
BBS10,-6.338384,-5.04813
ZNF398,11.478641,6.2414565
PKN1,2.0909538,4.7736545
MPC1,-10.054772,5.017412
DEF6,1.5342573,6.68592
LY6G5B,9.8836,-1.620525
RAP1B,-1.6078954,-6.766331
SLC26A11,-7.453109,-1.2260768
SBNO1,4.7053514,5.944155
GINS3,3.2969804,0.25269338
KIAA0922,12.678824,-2.6663826
COMMD3,-1.613601,-6.7695756
RNF24,-0.3991399,11.3412285
CARD16,-9.454422,-0.23260151
GALK2,7.1638365,-9.991962
DIS3,5.9223905,0.7709979
SH2D4A,-11.882885,3.3491447
ZNF253,-6.472188,4.8581495
GPR84,8.21455,-0.35630095
GNPDA1,1.7779739,-6.0369906
MTA2,11.433866,8.317464
ZNF354B,3.7423708,12.822514
LTB4R,0.21223421,2.693381
PTPN11,3.4480944,-3.7025077
KDM7A,11.18732,-7.6051836
NDUFA1,0.18026347,-2.7073615
LRRC42,0.42284167,14.482152
UBE2O,4.5138083,4.7901707
TMEM243,7.4945703,-9.456259
SH2D2A,-6.4752707,-0.12674782
TPMT,-10.252361,-3.6744356
TXLNGY,-11.293211,10.576429
XRCC4,3.1905127,-3.9220452
KIAA1468,7.1560106,5.362601
ACADM,-9.590236,4.5476527
MUC1,-5.8413377,0.42548075
RAB8B,5.206322,16.843006
NOL7,-7.616853,-6.2084208
CCL4L2,10.104436,-1.8646431
IGHD,-11.893594,3.3423138
DYNC1I2,4.82017,6.0817714
WWC1,8.023974,-3.6128964
EIF5A,6.2388487,3.6581805
RUVBL2,6.1150346,3.4945042
PELI1,13.346997,6.5738516
PNKD,-7.086548,4.6000357
EXOSC1,3.0736978,-0.93187624
ZNF566,-13.825176,5.7869377
ASNA1,-6.0029044,-3.6226685
LSM6,3.3075929,0.7944635
CBX5,-3.891176,1.7529918
TRPC4AP,8.802353,13.471301
KDM2A,4.4858336,4.8111515
RNF113A,10.702529,7.329976
KALRN,6.229627,-4.3620977
VPS37A,10.055256,-1.7608124
STAT2,6.067519,-13.916731
MIER1,1.2424104,-0.7996565
TNFRSF1B,-7.2537937,13.663181
CDK3,-2.9725566,-7.109814
SEC11C,12.278932,-2.9496436
SLC10A7,6.505605,-9.863895
BCL7A,11.670751,16.025265
IRF1,7.9464455,-3.6901422
FAM120B,0.43442798,4.9061065
RSBN1,-0.23469962,11.049754
DNAJB14,0.40308714,-8.425789
ANKRD36C,4.630476,5.694977
ATAD1,11.135761,7.866819
ZNF182,-8.864335,-4.275584
KCNC4,3.141374,11.975122
CLPTM1L,-8.81131,4.4065347
AGPAT4,-2.8798816,9.350411
ALG14,3.1286001,-0.7135113
EYA3,-7.75866,1.9208114
AQR,6.299323,-2.4411597
ASXL1,0.25125667,-11.267605
H3F3B,3.1471417,-1.6866127
FBXO30,11.198225,0.60902053
MAPK13,11.705476,5.887296
ANLN,4.1609445,2.3074176
SPIRE1,-5.890541,2.0869143
TCF25,-3.2040727,-9.964796
ATP13A1,11.468289,6.242532
RABAC1,11.508899,-4.653701
FAM96A,-3.1562026,-2.4302473
NUDT16L1,-8.985444,-4.159984
KIAA0586,-1.6022114,-2.923853
DAD1,5.5858283,-1.0210574
ABCB10,-2.4014664,-1.030576
GJA3,5.3374586,-5.6804996
RPL6,11.520851,13.329432
CENPB,6.223201,13.530984
ZC3H7A,10.479681,4.7564983
TRAF4,-4.2574024,4.409802
OST4,-0.51948905,-2.4424698
DLL1,-8.81014,4.3987255
DBF4B,-0.28616998,-0.1899679
ANKRD12,-5.4580097,16.167004
TRAPPC6A,5.418366,1.9533955
FA2H,-2.6878119,5.6568623
GLMN,1.8034288,-2.1600082
PPHLN1,4.49187,-4.008867
RASAL1,-8.392651,0.20334092
CORO2A,-7.874205,1.7448119
CLPP,-6.467733,-3.0966196
TMCO1,5.5721908,-1.031341
AMMECR1L,12.146919,6.9901915
ZNF808,0.22478984,14.290163
MPDU1,12.674481,-2.6748245
CD1C,-2.6009734,5.611689
SMAD7,7.954083,16.17866
HTT,0.6670144,3.7209117
NEK9,6.928881,5.247486
PYCR1,5.71543,-0.79529923
AFF1,-6.4051404,4.5116963
FFAR2,-12.429885,-3.2094219
HECW2,2.1129851,7.436058
NAA20,1.6834252,-1.705592
FDX1,16.640131,-1.7281854
TNNT3,5.483888,2.2741785
ALKBH7,11.471139,13.593933
MYCL,-10.908205,-6.4094887
ZBED4,3.4288876,-5.398682
NARFL,9.282225,14.270719
SNX33,6.28863,9.260161
CERS2,-14.405457,1.9156377
CD59,6.3686175,4.721424
RBM5,5.9796314,-0.807129
LCAT,-11.572044,0.93816507
ZNF136,-0.70510405,15.669555
PARD3,-5.32517,6.8379173
ASB7,13.302128,6.543183
CDC37L1,-7.6404834,-6.3164787
PTTG1IP,5.7904234,-4.516082
FGFR1OP,-7.5767345,-1.3584151
TMEM245,0.29631847,14.356233
NXT1,-9.060049,-7.541287
IQSEC1,-1.3024261,12.238532
CPSF4,-0.7129224,-0.57772344
GUCY1A3,-7.858622,4.0019946
RARRES3,0.24205577,8.043482
ATIC,5.4772267,2.0719602
CCDC107,-1.0497068,1.9205092
PIGM,6.709829,7.5206795
RFTN1,2.2052457,1.9442514
TSSK4,-0.36983666,3.3039513
AHDC1,-1.4645119,8.471065
SRSF8,7.3617063,11.302295
ZNF668,-0.28688738,3.2091138
HEXIM1,-12.626987,6.9545016
KDM4A,5.0748067,4.5075517
SLC8A3,5.8654914,-4.6172414
ELAVL1,6.1963606,3.5645728
ST6GALNAC6,-1.796167,12.402972
STARD4,-3.4091504,4.917228
MED29,8.576964,12.592827
TEX30,4.414905,-0.38904977
ANKRA2,-1.3011554,12.285615
TMEM248,2.7990942,-1.1026754
SYNJ2BP,0.25496677,8.029243
FNTA,-4.006524,8.852813
NDST2,-0.8236777,4.7733855
NUMBL,-5.960333,0.33641392
DBP,-5.749594,-4.0065694
LRIG2,4.3067327,2.2261038
VPS4A,-0.23097403,2.6325912
TECPR1,11.203145,-7.6942124
UBXN8,4.0016413,-0.041240554
ATG9A,-0.16936097,11.623685
DLAT,5.501856,2.5186608
MRPL19,6.1091843,1.5181215
SPARC,0.25136477,-4.983702
ZSWIM4,8.573031,-0.34338707
PNMA1,-6.3544526,3.6458037
CYB5R1,8.362013,13.439251
BRCC3,4.7069726,-3.2416835
PRR7,-1.0637441,1.9164404
EIF2B3,5.479898,2.331667
EBLN2,3.7963996,5.823801
DXO,-2.6842852,-11.58014
SIN3A,4.4771037,4.8039823
ZNF572,3.7433243,12.822413
PRR22,6.707883,8.492829
MYLIP,-5.7155795,-4.038201
ZNF442,12.501878,-1.3720183
VPS13B,4.497929,10.11724
ZNF358,-8.491431,0.15592496
NTRK2,-6.695149,3.8497992
FAM217B,-7.232577,-6.1213646
ATN1,1.9922143,4.842766
GNPTAB,-4.0341024,9.890627
TTLL12,12.697255,5.829034
PTPRO,13.846783,8.887188
VIPAS39,1.8034054,-6.211598
TPM1,13.980867,11.536884
UBTD2,-5.0326195,4.644411
UBD,7.903959,-3.7278552
ZNF337,1.4247916,4.438191
PAPOLG,-4.406733,-5.946659
ZNHIT3,5.0629544,14.474436
GPR174,-6.365205,6.3904715
ARHGEF12,-0.25768346,3.3470104
ZNF761,3.6843946,12.949088
RNF5,1.3055214,12.285842
NT5C3A,0.23132268,8.04496
SIPA1,-1.4571556,2.160341
LIN9,-1.2533926,2.8796737
GBAS,-3.4131546,-3.1694374
CALHM2,-2.222567,12.552658
MLLT3,9.129021,8.875758
TCIRG1,-5.8982234,13.258245
SCYL2,1.7052083,-7.116028
R3HCC1L,-9.998183,4.9761734
ZNF570,-6.5175686,8.47752
KHDRBS1,5.3904657,2.5708973
SMAD2,8.645807,12.918285
TVP23C,11.175769,-7.650515
SACM1L,-0.33490863,6.5551887
TBCC,11.934016,-1.608167
TMEM38A,-8.507465,3.4976282
ZNF207,14.147087,-2.3941958
ATP5A1,11.351547,8.229924
HDAC11,6.1166487,2.6227963
RNF139,13.288689,6.528607
ECE2,-8.948803,-7.4314585
GHDC,2.6382518,4.9519944
GLRX2,3.152206,-1.7119653
DGCR14,-5.893186,-4.8623924
ASPH,-5.5269613,3.8439286
CCDC59,4.901308,-0.57208824
FYCO1,0.70609665,3.738222
CSTF1,8.281571,2.3411174
C1QTNF3,-0.027678076,4.713032
TIGAR,8.724341,9.56635
AFG3L1P,4.157749,9.131659
CCDC39,-5.6081142,-10.95554
FGD3,1.6944122,-7.107002
WDR76,-3.6051836,2.515009
DSE,-10.251189,-3.675817
SAMD8,7.904324,16.180248
SLA2,13.940242,8.800407
CYTH2,-13.328793,-1.0626341
FLVCR2,-2.786277,9.418224
IL4I1,3.090024,11.993781
TNFRSF13B,1.001277,3.4704738
EBAG9,-5.6034174,10.536734
LRRC8A,11.573638,6.4633446
OSBPL8,6.6361732,1.0307258
POLM,4.030045,8.994612
TBCA,3.4668047,2.9379733
NOA1,6.7747526,14.505866
R3HCC1,2.6743977,4.995162
SLC25A23,-5.094169,11.616163
KTN1,-6.8412905,2.8260672
POLG,-0.1791011,2.852737
AGPS,6.286344,1.0869532
DAPK2,-4.002346,5.397781
AAGAB,1.3075846,12.2588
CCSAP,-4.5173173,0.41605744
ZSCAN23,-12.035432,3.1416585
NOB1,5.5843487,14.58785
MED12,3.359707,6.398984
NDUFB9,0.67372555,-2.4557176
SMAD3,8.305936,-1.3943481
CLCN3,4.4923754,10.097714
CARMIL2,-3.1955943,-9.951718
TGS1,5.913043,1.0910085
GBA,6.7883215,8.263054
CHCHD1,2.299322,-2.4823608
YIPF3,12.304641,-4.4848194
TAF15,12.546357,5.828546
FAM129C,8.909719,-0.13336952
EPS15L1,0.37449393,6.0058613
ATF7IP,8.366312,-3.1675668
PMPCB,5.6065655,14.4590225
ACTB,-7.443573,-3.5979137
FAM32A,7.3591676,11.301532
RASSF1,2.2266483,14.918306
DARS,5.6414967,11.3193035
ARIH2,9.351558,5.1096363
GCFC2,10.085686,2.7055497
RBPMS,-5.830282,2.7159238
SLF1,-2.1273625,2.303563
ZNF708,-0.6815702,-6.6777334
ARHGEF2,-0.45386016,3.688954
RICTOR,6.70621,8.517907
ARNT,-1.464624,8.475326
CHMP2A,-0.555322,-2.410125
FAM35A,5.5729227,1.2383486
HACD1,-5.8812137,2.8399947
POFUT1,5.0224543,4.5186357
SLX4IP,-3.478079,-1.6328597
SLC25A12,-5.671764,-3.5303319
AHR,-1.1339947,-9.600913
SYPL1,-3.4591322,-1.695449
ZFYVE9,-4.322747,9.108121
C1D,4.5225286,-0.24464567
PRKACB,7.3829136,-6.361761
ADCK5,-2.9723854,-7.116186
HEATR5A,3.551404,-3.6137085
TMEM161B,10.054345,-1.7579172
SRSF9,-7.264533,-3.5196161
MFSD3,9.702211,9.595501
TTF1,-1.5172938,-0.7861628
LRCH4,9.577611,12.018157
NFATC1,5.7328897,-3.8001022
NARF,-0.15727305,11.609608
PLEKHG1,4.5263996,10.160942
DENR,2.1764083,-2.1450024
HBB,14.065202,11.661886
CHST11,6.2973437,9.250699
HIRA,-0.9679729,-7.426836
ZNF573,3.4292035,-5.3947744
LCMT2,6.8165016,-1.8112837
PTK7,-14.347455,1.8610609
RHEB,0.8376262,5.4921145
NUMB,-4.507954,0.5487441
ASB8,14.569346,-0.81420326
SPCS3,6.299891,-10.081688
PSMC1,-5.778046,-3.7818394
HADHB,-2.5294878,-4.765736
UBAC1,-9.647025,6.5434537
DPY19L4,6.012063,11.458186
LGALSL,11.039267,-8.532736
GALNS,-4.550919,-7.808553
GPR155,11.670708,16.02533
CRYZL1,-8.746702,-10.1775875
PIGX,6.0639563,-5.3912444
SPICE1,-6.188986,9.2548065
WDR6,-0.149393,2.9552438
TWF2,9.1988535,-5.8305006
UBTF,11.496192,6.2172103
RGS3,8.340499,-1.407132
MBP,12.681782,-2.6767404
CETP,8.720187,-0.25917125
RNASE6,1.9420979,7.225578
SNX8,-1.7514577,7.976467
CNN2,8.238502,13.284281
DERL2,12.153542,-3.3557134
ST3GAL6,-4.3580823,0.28935355
ZNF549,-6.1738772,12.068947
NT5C2,-0.1850322,3.1182656
CSNK1A1,-5.616929,10.571893
ZNF619,4.342467,5.594202
KIAA2013,12.369562,-5.0754566
PEX5L,-4.5308447,13.518383
ABCA6,-5.8741846,2.8910253
CCNE2,-10.935352,9.093608
SLC44A2,-8.819614,4.460264
MRGBP,1.3200756,12.272439
ZADH2,-8.317325,0.21592449
INTS13,-2.3189778,2.2132146
TXNDC12,-6.67356,9.234491
FGD2,2.8174138,4.9809003
ESF1,4.762554,0.39170924
LRRC49,13.477041,-4.80362
CNP,16.55137,3.2289283
AMN1,6.7068133,7.5164704
TSNAX,-7.316132,-6.1238956
RAB3IP,1.1445901,-0.65842384
SLC1A4,5.977441,-4.5431743
CROT,-6.820337,-3.4213407
ACTR6,5.4442534,14.559401
ZBED8,6.986472,7.69781
HSCB,5.9218616,-10.597673
KLHL18,10.702569,7.3293114
LARS2,12.048607,5.9510355
ACTR2,5.959883,-1.8968581
RSU1,-7.415011,-3.5740986
RPL7L1,10.914649,0.69829386
HSDL2,5.5073566,-7.9857955
TRADD,-1.3028011,12.336166
RAB4A,-4.4980307,0.3791266
IDUA,-5.664493,9.689242
PPME1,1.1097764,12.209993
METTL17,4.4123926,7.56621
KLHDC2,14.569127,-0.8140884
MAP7D1,10.374692,7.684515
ZMYM5,0.6904631,4.81902
TRIM21,5.54242,-3.7342093
KAT2A,6.070254,-9.868442
BCAR3,11.040129,-8.525237
TAB2,-0.22841604,11.025232
TMEM168,-6.4145308,8.6289425
MBNL2,7.154643,-9.968098
KIAA0355,3.071458,-0.9282964
DCP1A,13.48044,-4.8043375
CLTB,-0.51468563,-2.4448736
UBE2K,6.160035,-0.7659126
MTA1,-3.0351493,-5.328683
MTERF3,1.6149838,-1.4946492
EFR3B,-8.801478,4.404475
IKBKG,-0.08170948,3.0804372
CENPT,11.737328,10.528626
BOLA3,-2.7481227,-2.474193
FAM65B,12.280166,-8.020771
UBE2F,2.254146,14.953423
GK,-7.2836194,2.3408635
PON2,1.527003,6.673696
ZNF320,-11.545983,3.702457
TPT1,11.432112,12.570043
RNF187,-14.409385,1.919169
DIAPH1,6.647145,-2.1607394
SPATA18,11.419812,-4.7064204
TRMT2A,4.0349765,8.998791
TK1,-0.9883884,-0.64918524
BRD1,-2.084879,7.775689
TMEM8A,9.439231,12.090991
EMC3,5.582231,-1.0153064
TSR2,-7.2008224,-3.4504328
OSBPL11,5.9803495,-1.9645184
PBX2,-0.8222203,4.774306
APP,-7.5182757,2.096924
ANKRD6,1.844657,17.989132
KIAA1147,3.1642036,-1.718183
CCDC113,-6.3701615,3.9950833
RDX,5.208333,16.842363
LZTS2,-2.1075928,3.0812912
PTP4A2,-3.9949336,5.419927
GSTK1,-5.8661294,13.2879095
MTIF3,8.53719,5.6746836
METTL16,6.0487127,-0.75069135
ZNF649,13.964203,8.756379
GLTSCR2,11.470916,13.596152
ATG101,7.7564974,10.340576
PDDC1,4.1589437,9.132804
NIPSNAP3A,-11.397063,-4.549413
ATP5G2,-2.6992726,-11.580199
EVL,13.920127,-1.0084933
UCK1,8.533999,12.63667
NUCKS1,-2.2123752,-0.5370124
EBP,8.424208,4.128805
DEPDC5,6.2074766,13.562024
ZNF225,-2.7123795,-5.19975
RCSD1,-7.754935,-3.712516
ZNF583,3.9734106,13.047767
ACOX3,0.7992333,7.9072957
B9D1,3.023831,-0.960299
NDUFB8,1.7942445,-3.3825545
FCGR2A,-4.5464025,-7.794992
SLC2A1,-0.31960252,11.16653
TMED7,6.8158584,-9.863863
PRMT5,6.015345,-2.3701646
TBC1D15,14.318593,1.354586
CLTA,8.814235,8.4953375
PFKM,-3.0343926,-5.3316336
TUG1,7.158693,5.36558
SNRPA,10.049511,1.195229
VPREB3,-2.6105947,5.64423
CNN3,-10.026108,4.9891596
GTF3C4,9.347903,5.1096063
SLC47A1,-5.061543,4.8324223
MAN1A2,6.0612655,-9.857575
MARS2,11.139067,0.6652683
SNRPD3,-6.487098,-3.5246584
UPRT,1.2156082,12.043445
SLC25A22,4.1595483,9.131445
GLIPR2,-6.881687,9.299412
COG4,-0.0463779,2.4123156
CD109,6.538132,8.693985
RAB14,-6.2072177,8.938404
SPRY1,-7.360298,3.9828513
ATP2C1,-4.6427956,0.64119196
DDX1,-5.5768285,-3.4993443
TLCD1,-4.0651517,8.856551
WDR31,-0.25896624,-6.0081635
NEFH,17.053446,0.10604562
SETD3,6.009283,-2.4027514
LIN37,-0.7218022,0.7351698
DSTYK,5.6321573,-5.8504014
KLC4,13.438604,-4.8499904
DOK2,-9.210741,3.327202
APOPT1,0.40255412,14.459622
SMCHD1,-2.6306787,-0.50891304
CDK16,-5.5567336,-4.754973
HCN3,-3.2735515,-5.2897015
ZNF283,9.272025,15.051628
PFDN1,5.9898534,3.4351904
DROSHA,12.551047,5.879729
SIGMAR1,10.220143,1.0227252
CD44,2.57083,-12.298572
CERKL,0.35197213,-8.371026
RIOK3,10.474479,4.758533
HAUS3,-1.5445809,-0.948121
IFT122,-1.6130102,-2.9512691
RAD23A,-5.241453,11.78633
PPIA,3.3803957,0.6704043
ACADSB,6.0693893,-5.7900033
FGFR1,-2.7248921,5.5736165
APOL1,-5.0442243,4.6358914
UBE2Z,-1.6840065,8.041467
CCDC85C,10.76044,6.2253876
FAM117B,6.0153503,11.460176
IPO4,8.776693,5.0806656
LGALS17A,-7.139316,3.9258153
IFT20,7.491027,-9.457149
FAM110A,-13.322443,-1.0715336
DVL2,-2.934731,-5.3216515
SELENOS,12.351061,-4.644875
PLEKHA1,-7.530129,2.0848098
PET100,0.28283858,-2.5763307
GPAT4,3.4737473,6.216803
SLC30A5,5.8974705,-10.391151
FAM134A,-5.3528714,11.87811
ZNF20,-0.7050434,15.670415
MCOLN3,-10.249707,-3.6788228
ABCF1,10.868205,7.65297
COX7C,11.453022,12.9787855
SS18L2,-3.1903198,-2.7094674
SLK,-5.5309477,9.920121
TATDN1,5.4227414,14.628681
CYSLTR2,2.8508646,12.135634
CD24,5.764576,-3.7678099
DCAKD,11.113814,-8.455937
MFSD4A,4.907176,4.1027546
MBD2,-9.828541,8.310932
IGHA1,11.03672,-7.5101027
EIF1AX,5.7685184,1.272352
BCL2L12,8.282504,2.3415475
ICE1,10.73577,7.1038723
DMTF1,-5.6323776,-10.985899
CLCN6,8.448716,4.088207
KIF27,0.30281386,14.361629
CXXC4,13.469638,-4.8146586
DLEU2,-2.9177146,-2.4813976
NAT6,8.742758,9.545647
ST3GAL1,-3.8171031,15.255969
STARD9,1.7995186,-6.2142167
KIAA0556,1.456141,4.7762837
HSD17B7,8.45786,4.0755153
FAM160A2,1.3757744,4.5196257
STIL,-1.493866,-1.1778286
FAM72D,-1.1946633,2.833052
MGRN1,-1.4656247,8.481259
SDF2,12.300091,-4.487731
PSMA4,2.2997258,-1.771484
PLEKHM2,-2.3282554,2.1319518
RUNX1,16.551472,3.2289398
TRIM41,2.717112,4.9760966
PMS2CL,0.39641526,10.273011
SGTA,8.247211,-3.3354855
MRPL42,-3.3806276,-3.1164422
ODC1,4.678392,0.6896628
AP3M1,4.7458887,-3.225349
PEA15,-2.058344,2.356915
GPSM2,2.829646,-8.752981
SIK2,-11.264933,2.1880512
CCND2,5.801602,-4.7209053
POGZ,13.018114,5.322212
CYP4F3,1.7428627,3.9251642
RGS20,8.0857935,-5.2433214
TUBB,-3.0404367,-6.436237
SNX22,3.1908405,11.912752
ZNF222,-3.9914305,8.845772
IARS2,3.2195182,-3.8995423
ARSD,-4.528934,13.516944
POLD2,12.693363,5.8006334
FAM111A,-2.320879,-0.47854665
NAGPA,2.7087154,4.9876523
ECSIT,-9.67433,6.5177064
FGD6,-3.4791577,-1.624665
FBXL4,-6.403591,8.656432
KIAA1143,-13.118461,-1.4967207
AATF,5.4146547,2.3050265
MOB3C,-1.8149964,7.931787
APOL3,-4.4007416,9.133016
CREB3L2,12.966715,-5.026665
PPP6C,3.0498884,-1.6192305
LSM11,6.7017965,3.758508
CHD9,9.270192,15.045185
PDK3,5.63201,11.325737
SSTR3,5.874584,-4.605194
DGKH,0.26929075,14.303881
ERCC6L2,4.9064264,6.244604
FBXW2,12.0447645,-1.7048211
CCDC117,11.214924,-7.842159
MFSD1,0.6666018,12.062241
FAM171A1,-0.9938186,1.8953657
TSC22D3,5.5256715,11.374669
MTX2,1.5731367,-1.4793359
IBTK,6.4988694,-9.86949
TOM1,6.067601,-13.916315
RNF19B,-4.081905,5.0769243
WAPL,-1.5559012,-2.939154
AMY2B,12.237693,-2.1968768
TNFSF14,11.109245,-8.473381
ITPA,9.2279415,12.233291
CARF,-9.49832,6.7064304
TAF4,12.956627,5.3857822
ZNF768,3.147814,-0.655049
POU2AF1,1.0033273,3.4778538
TMEM132A,-5.0328655,4.656632
SOWAHD,1.8035735,7.0849586
MXD1,6.5412703,8.694267
MCM2,-3.664562,2.657385
ZNF181,-2.663968,-5.2243648
ZNF496,-0.16358948,11.646103
PPP1R11,-7.133353,-0.6758822
CDT1,3.6573524,2.7414622
DRG2,-5.750823,-4.0423894
DENND1A,5.207164,16.845713
PMM2,3.757054,5.8599935
TAGLN2,2.202453,1.912006
SERPINH1,2.2149484,-10.1430645
HIF1AN,0.69183004,3.550133
DDB2,2.2200735,1.9343854
GLDC,1.538961,6.751916
BAX,-6.8171296,9.269921
NSUN4,1.8205999,7.120845
VGLL4,0.41149688,10.260781
RPUSD4,5.3823333,2.5699108
CUL2,5.7113256,1.3084629
TTC9C,1.3108655,12.294849
GTF2A1,6.5730004,-9.941216
FANCA,-3.1159456,-6.6654115
BCS1L,6.5404224,3.8470223
SEC62,-1.3427949,2.119662
MAP3K12,1.7718018,-6.0990105
STAT6,8.562525,12.597856
SUCLA2,5.585202,1.1922245
HIST1H2BD,0.06489054,-0.00664549
ATP8B2,5.6473303,-5.872007
MFSD4B,-6.403299,4.543641
MOB1B,-5.3262663,6.8398066
ZNF428,-7.270478,-3.5097744
UFL1,-8.97032,-4.1760135
KLHL12,4.913244,6.256934
SLC35F2,-3.9328556,9.657065
FAM222B,11.88122,-2.8078005
VRK1,3.7309656,0.5958088
SGK1,5.8299627,-0.87280554
ADAT1,5.2093353,4.4850855
CNPY2,12.209403,-3.212756
FTL,5.6362686,-0.9894186
POLD4,-8.764159,4.26999
SAMD9,0.6561509,8.274203
SLC35A5,-8.97703,-4.1668177
SKA2,-0.9858891,-6.8962464
LRRC8C,-5.9910393,9.360808
PEX10,1.614855,5.1746607
ESAM,-3.9609785,9.835571
SPIDR,-0.5133778,1.9698186
AMT,-2.2382686,3.2500157
PEG10,-5.952353,9.341169
MRPS18C,3.3364697,0.6419355
PGGT1B,5.917739,0.75077456
PLIN3,2.0899913,-2.5127769
RAD23B,-0.98061717,3.1332903
FBXO33,-6.2439766,4.4822745
TLR10,5.2077723,16.84235
CNPY4,6.7087674,7.5265913
SMC3,-0.8928856,-6.2463555
E2F1,-3.1238394,-6.635657
ATP5E,0.32409695,-2.5697455
DCAF17,-3.4743686,-2.2710335
IST1,-7.252503,-0.99422884
KLHDC10,4.69734,5.934596
RASSF3,7.912419,16.17898
DENND1C,2.7032814,4.981316
MAN1B1,3.2628262,-0.30902898
MRPL46,4.143039,0.7551713
FOSB,9.987218,-1.8232586
ATP13A2,-12.00944,2.8474715
ISOC2,6.1441607,3.6682131
TFRC,-2.2190797,3.2253985
GCNA,-8.8900795,9.300649
KLHDC1,0.4502748,-8.474424
LMNA,-2.0249584,2.3889914
CHIC1,-3.1323407,-6.6614194
APOL2,-5.0426536,4.647368
PRKCD,-2.2191734,12.551672
NAE1,1.631817,-1.5816629
SF3B2,-5.2453413,11.7871
IRF2,11.425062,-7.5740757
RPS27L,1.8098397,-2.2196462
WASHC5,6.327279,-2.4140837
FIBP,5.99465,3.43882
VPS13C,0.299705,14.359488
TOR4A,13.363907,2.2277253
MRPL1,4.219708,0.8106282
CBL,0.7360036,3.4158263
ZNRF2,-1.5500729,-0.068844944
PLCD3,5.2956676,-5.671514
BZW1,11.300262,0.4973207
LOXL3,12.468675,-1.4104927
NAA16,-1.0260128,-6.9812794
SGCB,11.420454,-4.7063184
HDLBP,13.204172,-5.0503407
ERCC1,4.490899,10.090752
SAP30L,6.710377,3.7579072
ELK3,-9.456558,-0.22844164
VWA1,-4.5534806,0.46887544
NANP,3.2279499,-3.8912237
AMZ2,7.2365384,-9.574753
PILRB,4.731747,-7.389395
SIRT5,11.907758,-2.7673228
TOPORS,-7.9909863,-6.05978
HERC4,-12.785686,8.099806
THOC1,13.353521,2.2280526
SERINC3,-8.061479,11.085036
OXSM,2.846837,-8.776097
CCNL2,-5.894804,13.257419
SPATA2L,-13.458472,-0.9094071
ZCCHC9,1.3256803,-0.8874744
ZNF69,12.501148,-1.3758721
RUBCNL,8.883515,-0.1498617
DDX39B,-2.9768791,-7.063173
RFX2,-5.5148945,3.854415
KRAS,-8.466377,4.6591587
RAD51B,-12.627992,6.9551826
HMBS,6.0855966,3.370676
ZHX3,-6.3891926,4.533876
PIK3C3,-3.8170922,15.254517
NFIL3,7.455263,10.234346
ACOT9,10.063074,-1.764102
CENPN,-0.9339615,2.825622
RAB12,7.989329,-1.1670468
PPIL2,-0.37256908,1.9253734
SLU7,-8.091797,11.115626
MYL6,0.1589722,-2.6443436
MED8,6.233176,-10.269073
CAPZB,-13.346713,-1.0886723
RNF26,3.9386232,2.468282
ACBD4,-5.5611925,9.862505
ATP6V0A2,1.7126364,-7.125597
GCC2,-10.700593,-0.7217156
ICK,-0.1616491,11.653273
SMARCA5,10.02659,2.6606925
PRKD2,-5.58467,-4.994095
GLRX,11.6697445,16.02537
EXOSC7,6.376811,4.362314
ZNF526,1.7201326,8.581584
RPUSD2,10.422278,4.820693
SLBP,-0.9373065,-6.7849813
ACOT4,-3.8122168,10.278136
MICU2,14.171753,1.2265975
S100A6,6.5350966,8.705178
ZNF625,9.271516,15.051687
UBE2S,8.303036,2.3404958
TSR3,-5.6165557,-4.8232684
RNFT1,6.119155,3.7299955
CXCR4,-5.296388,6.8171387
PTPN22,-1.5582988,-6.743956
PCP4L1,-3.31342,9.206362
TMEM50B,2.8707159,-1.0814289
SLC25A40,-1.4053422,2.9680529
COMMD8,4.320188,1.1248784
TBL2,12.473737,-4.935947
SLC7A6OS,0.3884293,4.604535
LAMA5,1.8186038,1.5489073
ZNF707,8.630569,12.801789
SHANK2,-5.9358644,2.9751277
TRIOBP,3.329882,6.4663568
MTSS1,13.917962,-1.009282
FERMT3,9.44055,12.091011
FAM3C,-4.3934317,4.5264306
ORC4,-0.76241165,6.8316293
FBXL5,-8.726471,-10.158633
RNF219,5.793678,1.272567
ZNF221,-11.203432,2.123966
NAA35,-7.2690463,-6.12331
RORA,4.534194,10.172538
DHX40,-6.4496408,-6.4669857
TCF19,-4.183269,1.850145
MICU1,0.4240169,14.48288
AMMECR1,4.7042356,-3.2424986
NDUFAF6,7.947783,16.183434
PCF11,-5.604813,-10.946895
TVP23A,-6.198818,0.13043562
PLEKHO1,8.244061,13.30582
SEPT2,-0.68103534,-6.680034
ZDHHC17,0.4144738,-8.437528
HERPUD1,5.877202,-0.84947175
SNX19,10.7703705,7.078986
PIK3R4,10.633417,7.492994
PCOLCE,10.523209,7.591255
GGCT,3.2109268,-0.31826985
VPS4B,5.870106,-6.2164965
NRAS,11.754753,1.9585023
FTSJ1,12.364363,-2.4040737
PIF1,14.04841,1.1187758
ALKBH6,-5.5233574,9.942617
CDCA7,3.205144,3.2594097
FOXO1,11.410767,-7.5865607
PIM1,-7.2533994,13.663418
FAN1,4.5660577,5.4592776
ZBTB46,8.1692095,-0.5996772
DPCD,0.6518464,12.078812
BAG1,8.194617,7.6603966
MST1,6.0179567,2.9855855
CBFA2T2,-7.6298766,-6.204851
G0S2,-6.2026033,0.11245355
NCLN,11.292065,6.253587
UBE2QL1,7.769933,16.323034
E2F2,-0.846424,-0.6155565
MCUR1,3.0945976,-0.8022685
CBX1,10.124298,2.7443798
MYO5B,-7.0465426,4.5721617
TOM1L2,-1.4649876,8.482659
GPAT3,0.24783786,-4.975995
FAM3A,-2.4851778,2.0431712
ATP11C,-6.1100683,-6.6924934
SNAI3,0.7485827,12.223581
ZNF664,6.636798,1.029103
SDHAF1,9.800642,9.692513
ANKRD50,-9.968319,4.961386
ZBTB39,10.757189,6.967331
RGS13,-4.4420514,0.30533898
DNAJC5,1.3646264,4.5826836
CSK,-5.581861,-5.007228
ZNF512B,0.4274427,4.7531695
DYNC1LI1,4.296469,1.103816
PSMD14,1.6910666,-1.7462406
IGKJ1,17.053722,0.10732328
GNA15,-6.4396534,3.6715484
DOCK2,0.6576684,3.5488093
NUDT14,1.322467,12.279895
ZNF419,0.28923878,-8.307032
FAM133B,14.279833,3.3515751
IL23A,-8.484634,0.17897768
ARAF,8.244932,-3.3411837
SLC25A29,-1.0075692,1.1287746
SMG7,-0.3452049,1.8881316
PCNX4,8.038923,-5.194995
GP1BA,3.296025,6.509752
PLXNA1,-2.2901475,-13.337631
PTBP1P,-5.7071133,10.718083
CD48,-5.600164,-3.5037715
TLR7,0.3876025,8.10617
PXK,-4.4318547,-5.919649
CDC34,2.101047,4.512247
SNED1,2.9168634,6.354154
SKIV2L,1.7663369,8.663959
DOHH,8.536927,5.633837
RAB39A,-0.8869472,17.60631
HMGN1,4.4094467,7.565275
FEZ2,0.8539291,5.43233
PFKFB3,13.650366,9.044904
ZNF382,-13.823109,5.785657
XYLT2,-0.6629657,4.6951814
MCM8,-2.772147,-0.28685814
METTL15,-6.438492,-6.486415
CYB561D1,6.0675616,-13.916432
ZC3H6,5.155976,11.375525
MED4,-3.1335812,-2.4575894
CENPJ,-1.513829,-0.957447
KLF8,3.2131107,11.898331
CLSTN1,0.48824146,5.8247356
PMS1,-0.7776386,-6.6186585
L2HGDH,6.416904,1.1914724
PSMB7,0.78937197,-2.3861847
BMP8B,1.8565534,1.5867164
GXYLT1,6.7410426,3.7813768
KRBA1,-4.575627,0.52437854
LRRK1,0.39529604,5.9832773
ZNF598,11.264016,6.261285
VRK2,5.54347,-5.763615
FRK,-4.552797,-7.8119073
TDRD12,-14.345961,1.8596553
HCCS,5.227743,16.807049
YWHAE,2.957052,0.42893332
TXLNG,10.920761,0.7134828
ILDR1,11.671347,16.025421
RPP25L,10.220551,1.0118815
SYNE2,-6.3727,6.378993
TSR1,6.008718,-2.3652241
MAPK7,0.7567868,12.217976
GYS1,-1.2737762,12.1979265
UQCC3,4.061241,9.025259
TBCCD1,12.0075865,-1.6699132
TTC30B,-0.7051605,15.671208
TUFM,6.5209084,3.769862
GRPEL2,5.0711837,-0.6801861
TMEM258,-3.1309474,7.421061
ZNF850,-6.513271,8.485041
TMEM63A,3.3411772,6.404766
RAB27A,-1.896932,13.815112
VSIG10L,-4.829109,0.0831371
RPL36A,11.467766,12.934917
CTNNB1,4.496215,10.107511
SOS1,-3.300384,9.207155
PAGR1,-7.705701,-3.6845787
PPIL4,5.4554324,14.516574
NUDT17,0.3609048,-11.120505
RPL18A,11.470432,13.567396
NDUFB2,0.6892593,-2.4463515
HEXDC,2.7164893,4.974468
MIGA2,10.381595,7.688614
YBX3,-0.87808156,11.926229
MAGED2,13.440984,-4.8445244
MAZ,13.289574,5.10497
TBP,6.162433,3.4957037
FAM120A,6.4060965,-2.379464
ZNF517,4.606955,-3.7367642
DOK4,8.217187,-0.3545589
ZYG11A,11.095504,-8.45244
ERO1B,8.07698,-5.2334275
ATP6V1C1,-4.420019,-5.932601
SLC20A2,-1.2885422,12.350543
IGHG2,-7.6568785,1.8220897
SLC35F5,-8.974151,-4.170377
MINCR,-2.4988692,-4.6992793
MIER3,8.742267,9.546235
SLC16A6,12.394441,-2.3115885
ZNF460,-7.0466743,-0.7457477
PIK3R6,-0.657208,11.684545
ZBTB12,-3.277888,-5.2869973
ZMYND8,-6.0911636,-6.7142963
YEATS4,-1.4963017,2.957926
LYPLAL1,-5.690295,10.696185
ALKBH4,-6.0206575,-3.6208599
SRSF11,4.4847207,-4.0222077
DECR1,-5.622176,10.591248
TGM2,6.1440253,-4.2849946
MSC,1.8482597,17.99285
HACD3,6.063776,1.2406577
CSNK1G2,13.363468,2.2268581
ATP5H,1.8937874,-2.9517186
NR1I2,-7.6847873,4.012281
NAGA,12.438983,-1.4500653
AHRR,-2.3468585,9.675612
MKNK1,2.2484565,7.564424
APC,3.9561071,5.681622
BLOC1S1,0.2806627,-2.5753183
UMAD1,8.536795,5.6726484
STC2,-0.8683436,11.920062
PHKA1,0.28961957,-5.0306687
DAG1,1.7767066,4.912313
ZNF22,11.682964,12.520738
SPATS2L,-4.456713,0.3172298
FAF1,11.376456,-7.322398
RBL2,0.30175525,14.357585
CDK4,-3.6852155,2.6587262
FAM149B1,6.011516,11.459106
CDKN2C,11.370698,-7.337016
CENPF,-1.1337737,-1.0336665
RREB1,0.4714895,5.850985
ZNF841,-7.526531,2.0882797
UBE3C,4.8067865,4.6003094
ZNF510,-0.7053691,15.670733
UQCRH,11.52241,13.336456
PLEKHN1,7.951586,16.180473
BPNT1,5.779719,-4.579816
STAT1,5.470114,-3.6316495
ITPKB,-4.7422743,0.14347437
POLR1D,5.945637,14.123339
MACROD1,5.599856,14.580702
IGLC1,4.308108,2.23197
MYO1D,1.6899837,6.9586506
HID1,11.215021,-7.6836777
RCAN1,-1.4593054,8.483739
LIN7A,-7.023864,3.9523637
MRM2,10.736209,4.4927497
TMEM173,-11.950385,3.2982333
TNF,-2.6178951,5.6076493
GPN3,13.357039,2.229517
PNPT1,-7.8608117,-5.8858733
CMAHP,11.125716,-8.448937
HMGCL,10.461471,7.6323504
TRAPPC12,8.252022,-0.39759618
TRIQK,0.7701033,7.9315324
ARID4A,-10.701824,-0.72229326
KLHL25,-8.945975,-7.427123
PTS,-3.6128974,-3.5443554
HIPK1,3.308153,6.363697
MIXL1,-7.8950024,2.0433767
UBXN11,-3.006716,-6.6875496
SMARCD3,-6.3816595,4.425838
FAM234B,-0.15874541,11.643928
ICAM5,-7.1587415,-3.2354307
PARK7,-6.7731624,-3.472469
UBN2,5.8663945,-10.372064
PTPN12,7.3296633,-6.314281
ITPRIP,11.049658,-4.803273
APRT,2.9785326,0.4308349
MFSD14C,-9.828716,8.312073
HAVCR2,-9.390271,-0.16008791
ZXDB,6.4872603,2.3809197
COX14,0.31944916,-2.5717745
TMEM267,-0.64044785,4.6815686
CD28,-5.9592676,-1.2133728
MON1A,10.477201,7.6152925
TMEM97,8.39701,4.1598525
NSMF,2.864818,-1.0839407
CCDC78,10.40537,4.846132
WRN,5.996874,-2.4008274
PLD4,-2.6141186,5.6252794
ATL2,-0.9286462,3.2337918
CCDC102A,-2.9706118,5.4124985
ORAI1,-1.3084066,0.4291059
HELLS,-0.93566775,-5.9790616
PRR33,1.0883592,6.0127654
OXCT1,-2.4053004,-1.0309167
ACVR2B,2.2390454,7.557668
BHLHE41,-2.8232515,6.080201
RFC5,-0.92795116,-6.011156
SAFB,12.730441,5.647192
REST,2.8372579,-8.766883
UBC,-7.470376,-1.2396653
NOC3L,4.1751375,0.9325113
LCORL,-6.227372,8.896174
RCN1,12.335848,-8.06737
GNAI2,9.19945,-5.8309326
CTR9,3.9642708,5.687386
RAVER1,13.321234,5.0695753
RBM14,12.727723,5.642592
AICDA,-6.264076,4.4979887
FES,-9.162213,3.3755987
BCAS3,-5.81768,2.6864152
REV3L,4.4980116,10.112769
MAP1LC3B,-2.2901802,-13.337683
WDR35,-0.8939524,6.9552407
ASPM,-1.1363175,-1.0336846
ACSF2,-8.299737,7.015047
RNF20,0.72996503,3.4897282
NPEPL1,3.1768305,-3.933937
ACAD11,8.296083,7.577577
ZNF271P,10.738142,4.4923825
GLYR1,-5.721398,-3.5663996
SIRT2,-13.499085,-0.93200564
METTL23,8.5366125,5.6472497
ZSCAN18,-11.6135435,3.6283567
IMMT,4.7430844,-3.322646
SORBS3,5.286634,-5.6735983
FIG4,-8.90875,-7.3896394
AP5M1,2.8055756,-1.0940181
CLPB,5.4529004,2.2871618
AVPI1,-12.001164,2.9749765
HERC3,5.1274776,11.38278
SLC9A3R1,-7.695727,-3.6795712
IDH3B,-0.3242959,-2.5906456
MED27,-7.6121693,-6.2531185
DMD,-7.687201,4.0046396
IRF5,-5.6906853,0.4729529
TRIM27,10.449202,4.788432
TAF9B,4.606126,-3.7217233
DNAJA2,1.6972983,-7.132449
NRXN3,-7.6966376,4.0540905
GLIS3,-4.5490813,13.53889
RIMS3,-4.47655,0.34206212
MED18,7.359762,11.300848
CYSTM1,-0.99733835,0.7771137
SMG5,1.8077029,4.9056005
RYBP,-3.464031,4.889161
GIN1,-1.4448289,2.9528058
TK2,-6.454084,3.6661348
AJUBA,8.718283,9.576343
RNF215,-1.5753301,7.9191008
ATXN1L,0.13225076,4.6174946
ZBTB14,-1.5016028,-0.11794794
GEMIN2,14.279949,3.3516102
FRS3,-5.89907,13.253829
FOXRED2,8.726739,5.0425406
CARD11,-8.4738245,4.6424265
EIF3F,10.767095,13.69554
PLEKHA2,0.28286076,10.422274
AGK,7.9386516,16.169847
CASK,-6.382414,6.370127
EVI2B,6.0883417,-5.344724
MTHFD1,-3.0114918,-6.2294464
RPL37A,11.481572,12.919927
LITAF,-13.230893,-1.1399072
HOMER3,-12.04119,3.0711331
IL10RA,10.984653,-4.833575
GPR137,-2.3445566,9.678279
NOL8,5.7625093,1.3487185
RBPJ,5.181453,11.366546
SPATS2,9.12968,8.875148
EZH2,-1.0511307,-0.6748559
MAP3K2,-8.923907,-4.2197905
WDR61,3.3260925,0.07872096
MAP4K1,-3.7057042,-8.601882
ZNF747,9.193852,-5.8222294
EXOC1,8.526559,5.667587
CDC42BPB,7.3601503,-6.357266
HDAC6,-1.2988993,0.44289264
PIN1,-0.4252564,-2.5048783
CHRNA6,-3.8169448,15.256143
TTC39C,11.408474,-7.574233
MPST,13.9203005,8.820129
STAG1,-2.63697,-0.5020201
TAF6,13.308283,5.0900626
PSMB9,5.5455494,-3.7539623
CKLF,-6.4273477,3.6460314
NR3C1,7.7990985,16.294992
DAAM1,-4.076841,8.89902
CDK17,-8.5102,-9.958089
TMEM80,-5.6219563,-10.972691
UBASH3A,8.379333,-0.40079507
ZNF397,-7.1448383,-3.198547
MINDY3,-5.689434,10.696645
UBE3D,4.603391,-3.7392693
CCDC28A,5.033993,14.461874
HES1,-10.019114,4.9907303
TMEM234,-1.726788,-3.1439805
SIL1,12.471165,-5.0229464
RGS19,-9.63853,4.525411
GLB1,5.7805,-4.588474
SET,5.282711,1.6313831
GNPNAT1,3.2326612,-3.8843157
RDH5,6.710465,8.498476
AP2B1,4.7766604,6.0147343
ASB3,11.152384,-8.080746
PLCG1,-1.2104046,12.186813
ZNF582,3.9671295,13.043532
MZT2B,11.382672,13.203234
TRIB3,5.6849117,-0.8310335
YRDC,-7.656105,-6.3158374
OXCT2,1.7955945,1.5263976
SPC24,-1.5764889,-2.5473192
HOXB7,-5.3272414,6.8514266
PRDX1,5.361553,1.795468
RPS6KA3,4.27841,9.957977
WNT5B,-6.5404935,3.0434785
NR1H3,13.579686,10.842302
SLC4A5,7.8388047,-3.7696626
TMSB15B,-6.4047832,3.6415067
ZNF443,-6.8041773,2.905711
LDLRAD4,-4.807167,0.12393366
DAPK3,1.9655422,4.9950156
ETFRF1,4.487683,4.817765
LHFPL2,-9.453061,-0.22464427
TMEM79,12.301053,-8.0301485
LYRM4,-8.958594,-7.439037
ANKRD37,0.2946026,10.394829
MTMR4,1.9752169,1.6995554
STT3B,6.051547,-5.780461
SS18,11.149162,-8.095189
TATDN3,8.732522,9.526212
TMEM115,8.312629,13.470858
GFAP,-6.3975687,4.41422
FAM86C2P,8.703756,5.014407
APOBEC3D,6.2848115,-4.340442
CHCHD2,0.12501194,-2.7622728
SOGA1,0.7948751,7.9095416
TCL6,-3.029762,5.3462763
COQ2,12.769456,-2.1605392
ZNF324B,14.686649,-7.15152
DCBLD2,1.7530271,1.4818676
TRAPPC2,10.827441,6.2759066
COA3,-7.140177,-3.3844059
NAAA,-7.4186106,2.2028234
SWT1,6.5196776,8.721239
KLHL8,10.945267,0.6994389
ATP5C1,-2.6705942,-2.4783335
TXNDC15,6.0696907,-10.010128
RFC2,-1.5110649,-1.7386018
GFOD2,-0.22997354,2.6278095
TTI1,6.0026445,-2.358222
ITSN1,-3.943319,9.870432
LCOR,13.839548,8.89341
ZNF525,-0.3432575,11.234258
IL12A,11.406035,-7.282168
SHC1,8.804979,13.478029
MBOAT2,-7.072729,4.58931
TACC1,8.227721,-0.3837906
FAM98C,-3.1310606,7.4212403
ELOA,8.799984,13.476885
GABARAPL1,-11.163634,7.800749
PTRHD1,8.363093,13.457908
EFCAB14,8.798386,13.481809
TTLL1,1.732462,-5.854189
COIL,-0.9975407,3.0827708
ELK4,14.357218,1.3892362
BECN1,8.271137,13.493981
CD86,8.052468,-5.2067757
ZNF629,-8.443452,0.18517521
FAM212B,1.6367958,4.0687337
FAHD2CP,7.997903,-1.1882629
SMYD4,13.216282,5.1706047
ABHD3,14.145512,-2.4019098
LRIF1,-8.473416,-9.922928
OXR1,-0.21505895,11.013371
YWHAH,10.199129,1.0612295
RNF10,-14.437317,1.9473546
CHCHD5,1.8310375,-3.4316044
GDA,-6.4554057,4.2465115
SHISA8,-6.45529,-0.106993124
STK10,1.5132655,4.782556
CLMN,-7.0136294,2.62187
ANKRD49,-0.23202524,2.176783
ZFAND2A,-7.1652465,-0.8872624
ZDHHC4,-8.491589,-9.9407425
KIAA2022,-5.7923055,-1.3862692
HN1L,6.373284,-2.3961225
SNHG21,10.084003,0.5458178
H6PD,3.3256576,6.4518933
GNRH1,8.6943245,5.0396743
RASA4B,-8.834907,0.11811979
ZNF653,-0.6235394,11.603791
APBA3,-2.4377286,-1.0646977
ZNF195,-1.0084788,-7.360339
ZNF641,5.2156405,11.342666
PABPC4,-14.313412,1.8299477
SLC16A1,9.976141,2.6170685
PPP1CC,-1.5241953,2.966129
CHD2,-0.51237017,4.582252
RAB43,0.39816767,4.6167426
ATG14,-0.86925906,17.623398
ZNF217,2.8353393,-8.76533
GK5,3.4134986,2.9892578
FAM234A,8.564088,12.595162
CTSD,13.573028,10.830246
IWS1,5.4991474,2.0392494
IMMP1L,3.289133,0.30939683
GOLGA4,7.1624026,-9.96757
DCTN2,8.17744,13.593831
CHCHD7,3.2631326,0.36317706
SMARCD1,-5.8176084,-4.949164
INHBE,5.681479,-0.82152444
NAV1,2.8919067,6.3555384
HCK,6.0615287,-6.148103
SELL,-11.615093,3.6229668
GTF2F1,2.1400323,4.8777537
CD79A,6.454599,1.1369997
DSCAML1,-5.906746,3.98243
NAB1,-5.616325,0.5597484
AMER1,8.75033,5.0665293
BBC3,-13.284594,-1.0946223
RFC1,-1.5186293,-0.7828253
LHX2,5.207052,16.84498
PLEKHB2,1.7713737,-5.961753
TTC9,-3.2746491,-5.290639
MAP2K5,0.47274956,4.602736
DYNC2LI1,-13.105631,-1.5320758
MB21D1,3.1010244,11.980322
GADD45G,10.001542,-1.7751304
IRF7,0.56363064,8.186659
MAP4K4,8.089133,-3.542252
RBM4B,4.1585684,9.131801
BANF1,6.2274776,3.634812
CHST2,-4.578813,0.5237297
SLC10A3,2.6788757,5.0034127
APBB1IP,4.7316456,-7.3901544
ALAD,1.6984911,-7.1333385
ZNF579,-0.717193,0.7295187
ABCB4,0.16705418,-11.350825
EDEM3,-3.2949393,9.210763
SLC25A30,-5.9945884,9.355731
BAZ2B,2.0785468,7.397963
FOXA3,-6.265629,3.5378442
KAT2B,-11.122804,7.771266
COMMD2,-7.7674937,-6.0998793
OGFR,1.9603782,5.051429
GRPEL1,5.370635,1.7339656
SPI1,1.7831348,5.12473
GAB1,11.41507,-7.5834093
PIP4K2B,0.6847552,3.6029868
INPP4A,1.4800551,6.5691547
CTSH,-0.28617817,-6.025841
PLTP,-8.44121,0.18093467
ADCY1,-4.5526667,13.542847
MCAT,10.482965,4.7498837
CACNA1D,-6.5496716,3.8065057
MRFAP1L1,-1.0936118,-7.3203797
RPL26,11.4793625,12.917153
MRS2,-2.5211048,-4.6849647
SLC25A11,-6.5706134,-3.307345
GABARAP,-7.12887,-0.655202
PUSL1,10.42377,4.8169665
NRARP,2.8809004,12.107624
RAPGEF3,14.070296,-3.101955
TGFBR3,-8.793874,4.413572
MECR,6.3407373,4.2921376
BTN3A2,-1.134507,12.145256
GTF2IRD1,11.394485,-7.2772374
CD226,11.864047,-2.7947836
MRPL27,-6.5481396,-3.2429535
RPL34,11.460685,12.700311
LTA,-2.6311655,5.6171656
LIN54,-1.4831574,-0.761807
WDR55,14.686275,-7.151384
ZSWIM1,-3.202059,-9.962591
FEM1B,-6.3337955,9.168421
RNF125,-9.931787,4.917641
UBA3,4.288931,1.1140642
CHMP4B,-2.5651896,1.93768
SCAP,11.548277,6.442692
RPS4Y1,-11.293291,10.574559
ZNRD1,-2.6943657,-11.574454
NOC4L,6.356877,4.3322105
RASSF7,0.7517582,12.222449
SHOC2,11.757924,1.961831
GLT1D1,-9.173336,-0.05044368
TDRD7,0.3562434,8.083112
KIN,-3.2181036,-2.7935712
HIC2,3.3375485,6.4491744
TSC1,6.0712748,-5.3728004
PDCD7,5.8025804,-6.175654
ZGRF1,-3.881594,1.7323273
BUD13,-1.5188205,-1.8717699
DDX10,4.7634225,0.40554765
ISCU,-1.5252073,-2.9151819
GALT,10.210609,1.0235636
VCAN,-5.915968,-1.2552028
CD47,6.2447157,-4.3559275
TPD52L2,7.8140473,10.575535
SAMD10,9.14827,8.888444
EIF3D,10.764037,13.697962
KIAA1551,-12.459743,-3.1842132
RUFY4,11.671336,16.025387
PPP2R1B,-2.4117591,-1.0475738
PTMS,-5.0451117,4.630612
DYRK1B,3.207135,-3.9099417
CHAF1B,-3.597659,2.5153756
PSTK,5.067066,14.464341
PPP1R3B,13.806691,8.917645
GATS,1.8124787,1.5439698
PPP2CB,-3.6249547,-3.5608811
ZNF385A,1.7530912,3.923373
FAM20B,0.29367453,14.354959
SPDL1,-1.1480808,-1.0183057
ZSCAN2,2.907487,12.092943
CNOT6L,-5.7591667,7.724198
MDM2,1.824185,-2.21827
RNF166,-12.627779,6.959342
PRKCB,2.7186027,-12.14837
LRRC3,8.000362,-1.1625037
ADAM19,0.25170967,-4.9897695
SLC26A2,8.374768,7.452642
PAG1,-7.865559,1.7533088
MT1E,6.10865,-4.247992
TSC22D4,-2.0622668,7.79094
CCDC115,-13.470432,-0.9015685
PKN3,-5.3187766,6.8372326
PHF20L1,5.95162,-1.8865695
SLC25A15,8.756134,5.0569687
FLCN,-7.082675,-0.5895637
SYVN1,11.890198,-4.384834
FAM189B,2.098641,4.616633
KCNC3,-2.831663,5.541634
ZC3HAV1L,0.44439065,10.225078
TRMU,4.4119735,7.5660543
CAT,8.039308,-3.5993729
BPHL,-0.9970174,-1.0667919
AGL,15.056049,6.36311
PPP2R2D,2.121154,7.441818
WDR45,-2.6906297,-11.574419
CLEC2D,-11.994141,2.8583956
WIPI2,2.1045744,4.5025816
LRRC14,6.220227,13.540424
SETD4,-0.9725345,-7.418454
PCID2,6.4442687,14.553224
RHPN1,13.940457,8.800328
KMT5C,3.1250484,-0.7180829
RNF146,-0.92658806,17.569279
GTF3C5,-2.9554305,-5.4102945
ERI3,6.3387585,4.2667427
S100A9,14.117299,11.739378
ARL8B,-3.6165729,-3.5490048
MACF1,4.491122,10.088948
ST20,4.3011875,2.2292914
SIKE1,-8.961034,-4.18534
RAB10,-0.8330265,6.896659
ZNF585B,1.226703,16.675806
SLC12A8,-6.0213885,-1.1522411
ZNF486,3.9814024,13.056068
EPB41,-5.7324443,7.754324
ADARB1,0.370539,-11.139984
SSPN,-2.8197136,6.080668
ETFA,11.739473,10.517718
SUN1,3.4558692,-1.367601
KCNK6,12.451275,-5.023117
FBXO7,-2.9051843,-6.1641855
SLC5A6,-6.803785,-3.4231179
PCCB,8.40952,-3.1024425
NAALADL1,-9.749654,4.7666183
ZNF213,-2.3397315,2.1144793
ERGIC1,-7.58362,-1.3614976
MINDY2,13.637375,9.03846
FAM109B,-9.208688,3.3168015
NRF1,-2.9020298,-6.2196856
HMX2,6.0865097,-6.1365643
TESC,-5.954599,9.376069
RPL39,11.552324,12.678883
CUL7,-0.66490453,4.692455
CREB1,2.8423028,-8.775163
EXOSC3,4.1963425,0.93197364
ANKFY1,4.335288,5.5963516
WEE1,-1.5090089,-1.7394756
DIDO1,0.56011635,4.674431
EIF2B5,12.744773,5.61894
ADGRG1,-5.867003,0.40686044
SNAPC3,13.598435,9.074381
GCLM,-0.93633276,3.2295449
GSTM2,-2.4925106,9.561606
SEC61G,5.9200873,-10.592327
CXCL12,-12.041506,2.9532604
TIAL1,-8.492971,-9.942523
MAGED1,13.1070175,-5.103484
PAFAH1B3,-8.993714,-7.4718275
TIGD1,-2.5213373,-4.7146325
E2F3,6.855621,-1.7753667
IGHM,-11.86151,3.3700235
ANO10,-4.5079107,0.5699535
LGALS3BP,-5.9463463,2.978106
CSNK1G1,3.9382677,5.720186
ZNF701,-6.4705925,4.8586993
ACAT1,5.5828276,1.1996485
HTATSF1,5.868728,2.3920918
NGRN,7.822445,10.575574
RAB31,-4.5628014,0.55464745
RAD51C,4.601248,-3.727124
PATJ,-4.656977,0.6883236
CEL,13.990808,12.097454
P4HTM,-5.582845,9.796781
KLF16,13.370943,5.0308814
TSNARE1,3.4956422,-1.4053823
GEMIN6,5.6041427,1.4110408
CACUL1,-6.6912913,9.243205
SNHG10,4.0287066,-0.06400018
RPL13A,11.01572,13.5109
GOLGA8A,10.52148,7.598461
ZNF282,13.326708,5.0638943
SELENOO,-5.528283,-4.7787595
CELSR1,-1.1536902,-9.582903
TCL1A,-3.1224778,5.2388783
QTRT1,-6.0103145,-3.6237543
ORC2,-3.922896,1.7741691
SMG6,-0.14722587,3.1229844
AZI2,-13.106289,-1.5288948
LGALS9C,-7.2537956,13.66348
ADGRD1,11.826168,12.465694
NCK1,5.507166,14.484066
PIK3R1,4.5435667,10.183353
ZNF354C,-11.627225,3.6137996
NRAV,6.7852964,7.6387362
SMC5,-0.68991244,-6.6686974
B4GAT1,-1.5368502,-12.233764
LIMD1,0.28206056,-11.238964
FAM49B,-1.5706716,-6.752636
ACSL1,-11.572255,0.9381695
ZHX1,5.9217997,0.7647062
DOCK7,4.5086236,10.133902
PHKG2,6.9823318,8.331728
SMIM7,-3.1280062,7.417555
PLEK,1.8505783,1.5889372
INF2,12.146024,-3.3627176
CHST14,2.9921134,-1.0016923
SAP30BP,7.131124,8.295436
FOXK2,1.8132435,5.0595856
CBFA2T3,-1.5709726,7.9382024
OLMALINC,8.428479,4.1281843
TMEM87A,6.209575,-10.090987
CRELD1,-13.113231,-1.5099851
INTS2,-3.8679209,1.7230595
MED20,6.0090775,11.457378
RNF141,-3.2681837,-5.2937393
KLHL36,3.3571262,6.4407105
SLC25A35,-6.468576,-6.44674
DIS3L2,6.024754,13.89946
OGFOD1,6.2635703,2.45128
WDR5B,-6.395598,-5.090987
TAZ,9.598397,12.008177
AKAP8L,-5.6599035,9.697503
GPR89A,3.9909525,-0.038397707
OCLN,7.171142,5.490257
VSIG10,-8.991193,0.05286022
PTGER4,8.137785,-3.4961178
SPATA5,6.1632705,2.707344
SYNJ2,-9.638193,4.521472
SLC25A39,6.3091435,4.3717947
IER2,13.616677,9.070475
MRPL24,0.76763636,-2.4027896
SGMS1,-8.477448,4.6344585
PHKB,-0.050707273,2.424174
QSER1,-2.1671,2.250601
PPP2R5E,15.06259,6.366875
TTLL4,6.0068583,-2.3573081
COL4A3,-7.817678,2.060882
SLC35A4,11.616427,6.5041447
SIRT3,-1.8564969,12.423416
ATMIN,-7.9959993,-6.057663
OGFOD3,-5.518903,-4.7838817
KMT5A,3.5933144,2.8118482
MCUB,-3.3933816,-1.9536004
FAM111B,-3.5670042,2.5764015
FHL3,-12.468164,-3.17714
ST13,11.738348,10.516921
TMBIM4,-6.3702116,3.6259248
NADSYN1,-1.4359903,2.134034
PARL,2.073669,-2.6147735
SBF1,-0.05925636,3.075002
MTG1,6.7117844,8.4958515
ADGRL1,-12.256941,3.259621
OBSCN,7.7313914,10.323285
ORAI3,8.740084,9.556546
NUS1,-1.1338513,-9.6045685
ZNF516,-12.002167,3.105085
MAP3K9,-0.29361093,3.3196042
SEL1L,6.0652847,-9.852188
CCDC93,-6.0980887,-6.705209
SLC18B1,-2.6426623,5.618762
G6PC3,-5.975784,-3.6304832
ITGB2,0.8087038,12.171729
ZKSCAN4,-2.1104977,3.088373
AFTPH,-8.921929,-4.223012
NEK8,3.3284092,6.4521923
ELMOD2,3.8645706,0.08129396
SPTLC2,-12.000769,2.9186888
RBM26,-1.4108915,-0.9511531
STK17B,-1.5496051,-0.06855849
CEP57L1,-3.9235687,1.7735114
GFPT1,7.1466475,-9.966845
SERPINE1,13.765619,11.087583
PCCA,0.009018075,4.689027
GMEB2,-5.2461505,11.788166
PDE3B,-8.974616,3.5838115
TMEM41A,9.127709,8.894027
CDK11B,11.403819,8.276655
RPL10,11.468588,13.604509
CWF19L2,10.068317,2.6923244
TRIM23,-4.4090657,-5.9473085
GCDH,10.527725,4.708646
DNAJC1,6.834742,-9.859734
ATP6V0C,-2.53364,1.9867202
LAT,-7.598744,2.0206485
KLF10,7.174727,-9.987845
LYSMD4,8.152658,13.634418
COL1A1,13.763303,11.083837
TP53I13,0.32516629,-11.189378
SOD2,12.30494,-8.034374
RAB7A,-7.9195366,10.938613
MAEA,6.7371235,7.574213
PNKP,11.265052,8.045588
GGA3,1.7700155,8.660555
PRRT2,11.705054,12.494985
RCOR1,-6.098302,-6.7074466
HK1,0.30144036,10.387853
RARS,2.9819765,-1.1851999
JAM3,-2.813864,6.030813
KDELC1,10.704139,-5.0272374
PEX3,7.4632525,10.236476
CREB3,6.212752,-10.265142
IGHA2,11.041721,-7.512814
HEPH,8.172151,-0.58017963
EFNA1,-9.994426,4.9693956
MED16,1.9312028,5.0094123
PDE8A,-6.359232,3.6401384
RENBP,-9.959567,4.9474244
CD200,10.637781,-5.0806723
TRDMT1,-5.099388,-6.0565996
PHF14,6.158931,2.6536107
ECE1,11.665108,5.8621287
APH1A,-1.196988,12.175011
MAD2L2,-6.442827,-3.0788133
PPP6R3,6.31463,-2.416994
BIRC7,-5.975563,0.35762158
MIS12,-0.96940434,-6.841674
PIH1D1,-0.44771284,-2.4935179
CCND1,-2.7318182,9.440834
CDC40,4.2776937,9.965182
ZNF559,-2.709401,-5.2030835
SUCLG2,3.6887195,12.929687
SOAT1,-6.80261,2.857992
PTPN14,-7.07054,4.5923095
PLLP,-1.0022048,1.8874509
MAN2B1,1.3659679,4.563965
ELL2,11.320464,-7.406631
SELPLG,6.458181,2.3706114
STARD13,7.9916244,-1.16955
CCDC174,13.289705,6.5325494
RMDN1,-3.3736546,-1.9927007
GDI2,-5.584804,10.582321
CBR4,-0.6401327,6.720803
TCEAL4,11.203245,-7.573931
IKZF5,-8.475284,-9.923859
ANXA6,8.151321,-0.6634039
UBE2G1,3.8443136,0.0816005
SYCP2L,-6.3158007,3.6738882
NECAB3,-5.9840713,9.362066
UBR5,0.27110952,14.338636
ANXA5,1.1772345,-0.69899166
LRRCC1,-2.3861308,-0.91791856
CSTF2,-5.808436,-3.8936262
SEPT11,6.0160327,-2.407914
IP6K1,10.414652,7.6699305
P2RX7,-11.947883,3.3037682
CDC23,-1.0414287,2.919879
ACTG2,14.018745,11.564636
TAF1D,5.519633,14.600226
TREX1,-13.259405,-1.1276208
PHF12,8.64063,13.124815
QSOX1,-9.207168,3.324693
NCF1C,-1.5458988,7.9725523
NRBF2,7.166618,-9.680146
HIST1H2BN,0.07942752,0.005472095
MFSD14A,-8.677392,-10.1134815
ZNF552,10.757513,4.475933
ALKBH2,8.51401,-2.9135926
TMCO6,-3.6956878,2.6624055
EED,-1.592211,-0.7442893
PPP2R3C,-7.974835,10.99448
CDKL5,2.0976558,7.4226565
FOS,10.0080805,-1.8577508
CAMK1,-5.8281713,-1.3495221
GID8,3.1618552,-1.6895522
CHST12,2.5966208,4.9534883
MIB2,-7.395481,-6.1575365
KIAA0430,-9.592837,6.6033015
TPRG1,-2.2189531,3.2228985
ALG12,1.360518,4.568147
PDRG1,7.149316,8.315862
SLC9B2,10.090202,2.7095575
RPGRIP1L,-2.7955725,-0.2793531
SLC39A9,6.9516597,-9.872779
AHCYL1,7.7939663,16.299778
TUBB4B,11.404324,8.286805
PCBD1,-5.460847,3.903671
GRM8,-6.440991,4.2815657
PTPRE,6.2451687,-4.3542705
RFK,-0.9234788,3.2308118
CYP2U1,-8.396344,3.888311
AVL9,4.684185,5.8651276
ZNF414,-5.6578918,9.697772
COG2,5.846209,2.2563438
INPP4B,-4.452358,0.31162533
COPS7B,4.1573744,9.1316595
DCHS1,3.2495885,1.1775635
CTNNBL1,11.348936,6.2167172
NBEA,-9.120042,12.566461
EIF3B,6.930537,7.7604723
AGFG1,-5.5988836,0.5050182
ABHD11,6.227185,3.6469173
ILVBL,-2.9390557,-5.312153
PIP4K2C,-0.28567803,-6.0266237
MEA1,0.30332285,-2.5542474
ACTR10,4.3030434,-0.666279
LYRM1,4.992486,4.529954
MATK,-9.118407,12.564823
ACY3,8.034335,-5.189265
FAM114A2,13.099191,-5.2668295
BRD9,6.840393,8.087188
XYLB,-9.600835,-5.778188
KLHL7,5.4599776,14.547461
CLEC17A,-1.1325512,-9.597808
SNX30,8.359618,-1.4367378
GLI4,4.9326944,6.2753935
UROS,6.712916,8.487568
UGCG,-3.9469051,9.672364
SLCO4C1,-5.8438797,2.7032614
NRGN,-5.8634067,2.8107417
MALAT1,-4.935545,4.158882
PSEN1,6.318563,9.217107
FAM122B,-0.25219136,-0.19058196
DCAF8,8.819541,13.473217
POLH,-10.697533,-0.71715796
ARHGEF39,3.6500354,2.7453752
PSMD13,3.4153988,-1.3372761
BRF2,-0.8227503,4.7728224
MGAT1,0.33955088,10.350208
XKR8,-5.86555,13.287842
HACD4,12.307284,-8.040319
SSU72,-7.1646514,-3.4104037
ALDH1L2,5.9294515,-0.8410223
CHPF,12.500186,-4.9118857
RAD51D,8.734482,12.833412
TMEM86B,-2.9731069,-7.1113005
CDYL2,-2.8019965,5.8677254
NAT1,-3.6261067,-3.5636039
ZNF568,-11.577269,3.6710024
BCL9,8.098695,4.4599147
ITM2A,-1.1482488,-9.587469
CALM3,-11.398304,-4.550682
CDC42,11.725046,1.9278314
PROSER3,-0.06913917,2.4522717
ARL13B,6.1547537,1.487244
ZNF888,-11.540945,3.7075787
SLC20A1,2.2308202,-10.153093
APPL1,-6.1613607,9.277239
RGCC,-8.439202,0.1888971
HSPA6,2.2107923,-10.137866
ITPKC,-13.462041,-0.9106936
VKORC1L1,14.280226,3.3502603
E2F6,1.7797767,-6.040693
UNC45A,1.765752,8.664041
MTMR6,8.773416,9.508191
SGCE,-5.9784284,9.354531
APOL6,-6.14143,0.17424922
EMC6,-6.530539,-3.2105162
CENPO,-3.4241676,2.7215424
SOX12,-1.6327927,-2.7797594
DNM2,13.356706,5.0360413
STAMBPL1,8.109154,-3.518761
BICD1,-9.415129,-0.18334264
BIK,-7.284492,2.3429527
TACO1,4.048817,8.99366
GNG5,-0.20890674,3.1512313
PLA2G6,8.743992,9.545134
HDAC9,-5.9713683,-1.2011056
ELK1,8.37066,-0.39359206
PRPF18,3.0810335,-1.6186666
YES1,-7.199192,3.9446762
NBEAL2,13.023031,5.321094
TTC4,-7.691244,-6.114504
TATDN2,11.713684,6.615786
MMS19,0.45761424,10.211701
SUGT1,1.8848138,-2.2903807
RNF157,5.72233,-3.9115973
TCF3,-8.500362,3.4922647
EPN1,11.462805,6.2670903
PGBD4,-6.47737,4.907669
ZNF211,0.3237609,-8.341424
NCOA4,3.430613,-3.7217023
MRPL18,2.2406607,-10.15209
CAPN7,3.5161018,-3.6479976
ARIH1,-4.4062696,-5.949122
CCR6,0.39217955,8.102988
SEC14L2,-1.2401414,12.221873
ZNF830,11.937452,-1.6079342
SLC25A44,7.8148727,10.46701
HERC5,0.48271558,8.129074
SPRED2,-9.024596,0.034772433
DENND4B,-0.6343005,4.7104225
ZNF614,13.985192,8.742102
DHX36,1.7135087,-6.3516874
MPG,-13.472855,-0.9062989
STX3,-2.9136705,9.339478
CDC25C,-1.1522969,2.8669734
CYBA,12.379373,-5.076555
HERC6,0.4672376,8.122572
SREK1,10.126464,0.63052964
IFITM3,-9.018833,3.5207002
CRACR2B,0.38419324,-11.09686
HES4,-3.5767758,9.150232
RMDN3,7.174432,8.307483
VEGFA,13.555533,9.08005
LEPROTL1,1.8806032,-2.9975288
MCMBP,-3.393889,2.7494235
MAMDC4,0.7515933,12.224355
ZNF296,-0.16778867,11.077441
KANSL1L,-2.6249626,-4.618311
KLHL6,0.17322674,-11.345246
RABL2A,1.7114466,-5.8578024
DSG2,-4.3689594,0.29013944
ZEB1,9.882525,-1.6280794
MPHOSPH6,6.14038,3.7104492
FBXO45,3.309611,-3.8200834
TIPIN,-0.7721853,-6.632114
EXOC6,9.151192,8.85982
DEPDC7,-6.8129377,4.0655713
MIAT,11.207111,-7.6637354
RNF207,-6.44814,3.677525
GPX3,13.8760805,11.2785225
KIR3DX1,-4.0058784,5.396087
DCAF5,10.098044,1.1465839
PGM3,13.032709,-5.170898
XCL1,-9.096658,12.536455
PPP1R26,-1.256735,12.390613
ETNK1,0.37933946,4.5087547
ZNF615,-8.476103,-9.925568
TMEM251,-5.732643,10.705639
RAB3D,-2.6745117,9.471099
NOTCH2,-2.2251477,3.2335074
GNL1,13.385161,5.0160193
SPG21,-7.9900856,11.011353
BAK1,7.867827,10.395549
GNB1L,6.0422587,-0.7508813
NDE1,0.6784804,3.6934788
SLC35C1,1.7810314,8.67971
CCDC137,6.906011,8.391733
KAT14,6.439698,-2.3524847
MAN2B2,0.46419093,5.8799753
CRTC1,5.585775,1.1960257
ZNF284,-3.9915693,8.856143
ZDHHC9,1.321682,11.988048
APTX,4.6950674,-3.4545114
HKR1,-0.8643875,17.628244
MFSD5,-5.892166,-4.893853
ADO,-6.1980543,0.13118361
SPPL2A,-9.600973,-5.778793
PHF5A,3.7901547,0.5896903
TOP2A,4.1837435,2.2862213
SAPCD1,-6.838942,-8.242627
DHX16,11.514635,6.2750683
TRIM33,15.0127125,6.3485
TESPA1,-12.400892,-3.2387984
NSFL1C,-6.468277,-3.5768456
DENND3,8.2438345,-0.3408358
KPNA1,11.197463,0.6140162
LRG1,-7.872887,1.7679757
PRDX6,4.980347,-0.6394207
TMX4,-6.366255,6.3898826
PIGA,-6.432475,-6.4911733
CPA4,-8.406713,0.21611479
DNAAF2,1.7909226,-6.15155
FAM219B,1.6103113,5.1721025
VARS,11.939303,5.975074
CC2D1B,7.8441043,10.43005
TMEM256,11.400859,13.234659
ZNF791,-9.644771,6.548976
PSKH1,8.333325,13.311585
MAN2C1,2.0079079,4.987012
MAPK1,2.7331052,-12.133367
JMJD1C,-6.0961003,-6.7067018
NEPRO,-7.9632936,10.984534
CNIH4,14.081512,1.1437904
CCL3L3,10.123016,-1.8845114
PGM2,3.618916,0.16285573
RRM2B,4.0278196,8.991597
DHRS4,12.421916,-1.4685326
NUDT8,-8.329041,7.043998
WASHC3,11.629337,6.578785
RPL12,11.115503,13.448774
ZMYM2,-6.421206,-6.4877925
GNG11,12.791075,-2.1519387
BRK1,-8.262841,6.97767
SF3A1,-0.47645387,3.7191062
TRAK1,7.360104,-6.3572783
COQ5,-1.5361204,2.9551845
SHQ1,-1.3106307,12.25923
DTD2,4.6190457,-0.2316393
SIRT1,3.3235073,-0.022079295
OTUD4,8.022872,-5.1786714
EEF2KMT,10.509521,7.618447
CTU2,8.213179,7.6420145
PMPCA,10.956579,0.73597425
SRBD1,-2.0984216,7.7694154
AK2,-1.7296762,2.8262534
ZNF814,1.4456905,11.961622
ZSWIM8,4.458957,-0.31175628
LRRC34,-4.553177,13.544322
SLC45A4,8.175813,13.594609
SCCPDH,-0.8713548,6.9332905
SPATA33,-3.371656,2.720312
CLCC1,11.508534,-4.6528935
RILPL2,-10.693965,-0.7107729
RRP7BP,4.1900425,9.163338
ACOT7,10.532865,4.7037287
PHC1,-3.9129572,9.593337
UQCRFS1,2.1936054,-2.1544898
ADCK1,5.552144,11.341552
NUDT4,13.300539,6.5415764
AARSD1,-7.057524,-3.3197248
MIEF2,3.1325455,-0.69463146
AP2A2,-11.406904,-4.5594306
PPP2R3B,-6.8398585,-8.243135
WDYHV1,2.1173277,7.4312544
ENSA,-9.119614,12.565661
PTP4A1,-5.5844603,10.580526
PCGF6,-7.2224183,-6.1602907
TXNL4A,3.153866,0.44655326
SLC2A13,-5.8170047,3.5568352
ASNSD1,3.1069107,-1.594348
GFOD1,1.7184613,1.4467947
PBDC1,3.145449,-1.7094153
GRK2,5.9170184,-10.631831
TPRN,13.926053,8.816839
SDCCAG3,-2.9753351,-7.1060495
MRPL36,6.3739104,4.3499603
TNFRSF10D,-5.849901,0.4203307
KBTBD6,6.744529,3.7836611
TALDO1,6.0865335,3.571696
HNRNPH3,10.092964,0.5732873
SELENOM,6.3918467,-2.4052641
NSUN2,10.687622,7.3748503
EFNA4,13.601203,9.08147
ZNF880,-4.029075,9.892327
CISD3,-8.950518,-7.431766
PNRC1,-0.24680407,11.088428
RBMS3,11.187137,0.61549515
PRAG1,-9.032735,0.032984424
NAT9,-9.064004,-7.545282
TSEN2,6.4208994,2.3621156
OXER1,-6.4025564,4.3392906
ZFP69B,6.0521436,-0.75036967
ZNF580,-6.140246,9.296218
DEDD,-3.1315768,7.4221096
ERCC5,0.5198382,5.787074
ST3GAL2,-4.067819,5.099183
DNAJB4,-3.4220886,-3.1694667
JMJD7,0.4486946,-6.9769115
SLC39A10,-2.2934098,2.1619895
CDC42SE1,-1.1154217,0.62827754
NLRX1,1.6134294,5.1768785
EOGT,8.710938,9.591594
ACAD10,-10.666253,-0.68406457
TROAP,-0.93263185,-0.6435834
NUBPL,-6.4040647,8.633024
PYGO2,-5.6288214,9.754185
SPOP,-14.349002,1.8638129
SMYD2,1.7702268,8.6655445
ZNF362,1.1874214,-0.7137281
GALNT3,-7.8646927,1.7526819
PDHB,-4.429552,-5.9239306
TSSK6,-8.289176,7.0049706
TSEN34,2.2256937,1.9408981
CRIPT,5.45387,14.476967
SLC39A11,-1.0266821,-1.0538864
BID,-2.4720223,9.581647
GCLC,4.4132123,-0.5989287
PTPRS,11.671526,16.025581
FAM46A,-4.4674673,0.33444867
MGME1,-3.4689012,-2.3245401
CNKSR2,-5.8798985,-1.2774312
ATG4A,12.221217,-3.188657
SMIM3,8.156884,-0.62538457
EML3,0.6629655,5.449285
RGS10,1.4658906,11.946205
KMO,-5.9676237,9.36226
CLC,-1.258424,12.388693
NCR3,5.7532973,-3.7726
IKBKB,0.5003108,5.8357925
NENF,-0.56017053,-2.4025512
RAB33B,13.252033,6.497947
GAS2L3,-2.775029,5.5642424
EGLN2,8.596885,12.697318
TMEM223,-0.96359026,-7.4330225
ARF5,-2.2163439,12.549212
CCDC122,0.46896055,-8.493239
RBM25,6.970597,-1.6929137
NDUFB4,-7.962638,10.982486
FAM86EP,8.675379,4.982236
SEMA4A,10.992659,-4.8291173
SUMO2,-3.2645178,-2.9714427
ARF6,3.0718215,11.937613
CALCOCO2,7.32474,-6.3253508
TRPC1,8.361823,-3.174163
LRIG3,-7.690511,4.0538754
LINGO3,4.4185333,4.828828
IGSF8,-5.560225,10.862388
SMARCAL1,-12.785912,8.100073
COMMD6,11.436142,12.56422
METTL9,-1.5495571,-0.06809956
ZNF140,-8.477261,-9.92676
MUC19,2.1143878,7.4410677
TMEM178B,7.9880204,-1.1696703
NISCH,0.71776384,5.5810323
PLIN2,7.7705464,16.32182
ANKRD40,10.761282,6.97641
PEX7,-7.772685,-3.7133703
MTRF1,-7.599828,-1.3831223
ITPR2,1.8116779,-6.256573
JAGN1,6.0330315,-5.3634825
CENPV,2.9497595,0.43038362
PYROXD1,11.355877,0.4670281
ATG16L1,4.0288672,8.992519
ACSF3,6.33806,9.207816
AAK1,-11.995376,2.8599458
CRBN,6.010197,11.457684
DDR2,-4.369245,0.28957528
RYK,-4.64009,0.6603206
THEM4,8.834833,8.538171
ABCB8,-5.6655707,-3.5432215
LPAR6,-3.8147435,10.266811
PDCL3,5.388456,1.7556549
PHF20,0.299814,14.346582
FAM78A,4.4146605,4.820372
NUDCD3,-5.342976,11.869712
JMJD6,-8.025633,11.046055
ARL15,-4.827672,0.07759118
BOD1L1,4.8735995,4.5264373
PCNA,-0.8637553,-6.226609
WWTR1,8.895647,-0.14292745
IMPA1,-7.9480605,10.97078
DEPDC1B,-1.0418671,2.926726
DHRS3,4.902436,4.103459
COQ9,-6.561103,-3.2758946
MRPS18A,-9.666741,6.5263515
LFNG,-4.6507297,0.6710985
TMOD2,-14.3171015,1.8335725
IMPDH1,12.728213,5.631892
MRPL34,1.9777819,-2.6780224
MARCH3,-8.504413,3.5031075
BACE2,-4.2513456,4.3917456
MOB1A,14.178171,1.2321572
ZNF235,10.748095,4.4834533
UHRF2,5.9852257,11.447995
KRT13,14.087712,11.704572
KLHDC9,4.644507,0.7074822
VILL,-2.9722,-7.115671
TRMT5,4.493111,-0.15749969
NBR1,9.888054,-1.5801858
CANT1,0.7419281,5.5557294
HNRNPH2,13.644395,9.050135
LYRM9,5.3265066,1.7203912
CCNT2,4.6174045,-0.20938951
PDLIM5,1.1459371,-0.6612186
SLC38A1,3.451244,-3.7067006
P2RY8,0.21845686,-11.303217
DNAJC14,-0.20011379,3.434832
TGFB1I1,-8.373011,4.3077803
RUFY1,8.039392,-3.5998986
WBSCR22,8.509823,-2.891212
ERCC8,4.741156,-3.2325385
TMTC4,5.804781,-4.6957617
MBD5,12.478147,-2.3501542
JMJD4,8.188577,7.665279
PPP2R5C,6.4784636,14.542858
DPM1,1.8177692,-2.13052
NOM1,11.918636,6.0393963
GDPD5,-7.874914,1.759121
RNF123,-0.20016003,2.8353732
PANK2,2.8562052,6.352207
BMS1,11.814525,5.896181
HSPB11,-0.963506,-5.8801994
PODXL,1.7104748,3.943156
SIAH1,8.224371,12.950457
KAT6B,4.6861534,5.937927
MCF2L,-5.8867435,2.9109528
ABCD1,2.6651385,4.953704
ATP5O,1.8767372,-3.0131316
CSF1R,13.648399,10.926513
ECI2,8.544014,12.569299
NR2F2,-9.450813,-0.23721921
BPGM,-2.5209076,-4.768675
PRKAG2,11.221118,-7.770457
PINLYP,-11.959547,3.2680461
PAM16,-9.023663,-7.5039062
RPIA,-1.5370733,-12.2338
CAV1,2.208051,7.530764
ZNF711,-5.772763,7.7132993
METTL12,10.40425,4.845162
TMEM14B,-2.4856436,-2.4748514
PTRH2,1.7870128,-6.15848
PEF1,8.515223,-2.9119542
NKAP,-8.005105,11.026755
ZNF227,-6.5145707,8.4858465
PDHX,-5.6609926,10.663021
IL9R,-5.8262014,-1.3168513
CCDC14,6.986167,7.697481
LIMK1,0.6295728,5.407399
AGMAT,1.5283395,7.040058
TPM3,-7.4717517,-3.5659306
MANEAL,-3.8246114,10.242565
IFT43,11.779724,3.1557286
TAF10,9.696984,9.586483
FCF1,1.1195225,9.519509
PROB1,3.7498374,5.865404
ZNF154,-6.1738634,12.069058
BCAR1,-5.9435725,2.9502425
IL7R,13.653704,10.933945
WDR53,10.697433,4.534591
CD9,-8.378304,0.20498402
TLE4,0.17311886,-11.34539
PHC3,4.525364,4.7772512
MED6,-3.555781,-3.4351966
THUMPD3,-4.426193,-5.9285135
GUF1,10.073044,2.6932395
CHST15,-1.894418,13.79955
EMG1,3.3510096,0.10331741
PNPLA2,13.91102,8.828535
NIPA2,6.769298,-6.874018
RBM48,14.569574,-0.81414723
ZNF138,1.7738618,8.669414
KLHL17,3.4646244,-3.693267
DHRS4L2,12.445849,-1.4451742
TEX10,1.1018858,9.499922
FANCM,-2.364513,-0.9394996
LPCAT4,9.28029,14.270231
PHF6,-1.5274068,-0.94178265
ELOVL1,7.8523426,10.400839
SLC41A2,11.199601,0.6118583
HCLS1,9.200522,-5.8302712
DPY30,1.4014589,-1.1119944
ADPRM,5.5559263,14.488727
ATP8A1,-6.3666363,6.3894696
IKZF2,-9.611687,4.5199866
ASB13,1.8445922,17.988733
TEX264,-1.2154819,12.197457
MRPL55,0.13965018,-2.801655
DPH1,-0.613467,4.6857066
TCFL5,-7.643733,1.9735464
PKIG,0.17348385,-11.346566
DAP,5.796175,-4.7352543
FSBP,-12.645146,6.9636436
CAPNS1,-2.653814,-11.61528
PCMTD2,0.41737804,-8.441577
RPRD2,4.494737,4.7882514
HPF1,-3.1192067,-2.4098303
PPIG,4.7604465,0.41337305
ZNF131,4.2638226,1.0370235
ITIH4,8.507829,5.702431
RTF1,4.6899357,4.6804547
DERL3,12.010892,-4.13619
CACNB2,-5.217304,3.9860835
PDCD6,-7.0220847,-3.34429
SIRPA,8.022289,-5.1764965
PSRC1,3.9295769,2.478033
JAK3,-3.4850574,4.8826118
VMA21,4.454593,-0.35746413
SLC39A8,11.690066,6.577129
CCDC91,-0.6092694,4.659291
PQLC2,6.482586,14.544464
DPM2,-0.52523136,-2.4335892
EXOC3,-2.3482523,9.676047
SNAPIN,8.343775,13.452849
PLAU,-4.649868,4.385745
SPSB2,9.108213,12.387408
GSK3A,-5.9023046,-4.8746343
SHROOM3,3.809073,-10.949225
MACC1,-5.486369,3.8737862
MEF2C,-6.714785,4.2845807
FAM117A,-0.80138206,0.6972724
TRIM62,8.627055,13.394583
PRICKLE3,-7.014955,-0.6560973
TNNC1,14.100565,11.739368
TSPYL4,-6.694018,9.238155
MIS18A,-1.4888775,-0.933091
CPSF6,8.377135,7.4460797
UGT2B15,11.073537,-4.7750974
PPP1R16A,2.6994944,4.980302
FNDC10,-11.572282,0.9386381
DHX57,12.035803,-1.6878828
LZTFL1,-1.89421,13.8033
SDC3,5.3683014,-5.709049
TLE3,0.9917019,3.4651976
CARMIL1,-6.3397284,3.6279125
CRNKL1,5.7169776,1.2936163
TADA1,1.315239,-0.88249743
RAD52,0.35574263,-8.375118
SLC2A11,8.826018,13.475179
NRDE2,11.527747,6.1580763
COPRS,8.464841,-3.0053017
TRPV3,0.8197407,7.899601
PPM1B,0.41224027,-8.437524
IL17RC,-14.411479,1.9222172
DPH5,1.9390295,-2.344042
TNS3,-5.0602007,4.833795
KIAA1671,5.5969768,-5.802468
MSH3,15.060363,6.3533926
EIF3G,-5.91386,-4.8841786
KCNK5,-4.377379,0.29309577
KPNA6,-0.3717645,3.4639142
UPK3BL,-7.4610176,-3.5980957
AES,2.8024476,4.9765534
ESPNL,3.2097116,11.906837
ZNF184,14.352041,1.3847985
POLR2D,-1.3353382,2.0711474
KCNQ1,-9.457051,-0.23161747
NDUFS4,11.465531,12.973222
SLC35D1,-6.239345,4.486945
FBXO11,-0.5341741,4.6026583
RNH1,-8.945001,-7.426403
TMEM144,-9.96826,4.9575205
MBD3,6.1791167,13.609994
SURF6,8.205578,7.6552777
TCERG1,-0.8869973,-6.22839
MRPL45,11.776486,12.433508
PAK2,7.146904,-9.961938
BAHD1,13.411285,4.979355
LRWD1,9.112447,8.894607
BTK,-3.3004556,9.207584
RBM28,10.806791,0.6663613
EIF2B2,-5.9653974,-4.9078655
ELF2,-12.786048,8.100129
TMEM116,8.232964,-0.36670753
EIF3I,6.336235,4.2726274
KRT4,14.096387,11.714507
TMEM37,-8.354726,4.0629153
ZNF620,-14.43543,1.9452262
TIMM23B,-7.820143,-5.92874
FRMPD2,8.218137,-0.42733195
RNF13,5.9225063,-10.553535
TYMS,-2.1602883,2.2789779
CGRRF1,5.3932047,14.491585
HCAR3,-2.8182573,6.0911827
METTL3,-5.631407,-10.9843645
ZNF783,9.438358,12.094575
SMIM13,3.0967155,-0.8764065
HAAO,-6.451386,4.285966
MANBA,9.08204,8.898093
INAFM1,9.579833,12.027053
ARV1,4.5057936,-3.9728553
GRHPR,-2.3653862,9.658543
HMGN4,6.09965,-5.359343
RAB37,5.913588,-10.628795
LRRC37A17P,-1.5764396,-2.803258
GLS,4.6133747,-0.19799069
GNB2,-1.8657194,12.427383
SLC35G1,-1.5370969,-12.233697
ARPC1B,0.4509398,5.900469
LAPTM5,-0.30501902,-6.0362444
TRRAP,4.898477,4.4756413
CKS2,8.295373,2.343385
ICMT,6.7000337,-1.8813578
CMBL,1.6373546,4.057376
DOCK6,12.273127,-2.9192858
UBASH3B,-8.446326,3.8580353
LRRC47,-5.7213244,-4.888279
PEX14,-5.2503576,11.796228
HAUS4,3.6829197,2.7164743
GPT2,5.460426,-0.80456287
LMNB2,13.296133,5.090415
MESDC2,11.516366,-4.629
HIBCH,4.5451894,-3.8994248
ZNF326,10.142399,0.6644814
CLEC16A,8.501573,-0.3569797
DHRS12,6.152783,-10.599157
GNPAT,-0.7369078,6.7974954
EAF2,-8.884656,9.298583
ZUFSP,-0.52497536,3.1793602
ZBTB37,3.430141,-5.388175
WHRN,8.376102,-1.4297158
HCG18,6.7094593,7.5255466
SLC25A28,-5.543041,9.89375
PPP4R1,3.5171037,-3.647785
LRRC32,13.834518,8.897233
ITGA1,8.189092,-0.52539325
ZNF449,-4.065794,8.877756
CD37,5.716756,1.307912
ABHD13,-5.7157845,10.718559
SLMAP,4.913801,6.260634
TSFM,3.3064048,0.15303487
ZNF175,-10.928206,9.085554
SSR2,6.858217,-9.838994
KLF9,10.0671425,-1.706983
LPCAT3,8.272082,12.968776
CHCHD3,4.720073,-3.3512177
IK,6.3605275,4.638712
MAPK8,-0.99847925,1.8800989
SLC35B2,-7.0919013,-0.6012913
ADIPOR2,3.451772,-3.7014134
PURB,5.913394,0.74902457
SBNO2,-1.627139,7.946617
GPCPD1,0.43000573,4.5484195
MAP2K1,5.9173274,-5.1222086
COX18,13.03445,-5.2003684
RNPEPL1,-2.0979257,7.771239
FHIT,-10.935445,9.093755
ARL3,2.3446374,-2.46536
CLIC6,-1.4629589,8.482394
MYL12B,-7.9208574,10.940392
RRAGB,11.963514,-4.083062
FUK,-8.459457,-9.908178
OSR2,-5.8530035,2.7550704
CELF1,4.870697,4.535281
BCL2L11,-9.828683,8.310495
GPN2,11.479465,6.2423787
LSM8,2.1995544,-2.044955
SPINT2,-2.7468884,9.428134
SPR,-7.093685,4.6110096
KIAA2026,6.320203,9.218524
SNHG14,-6.3125563,-5.018286
GPER1,-0.13948901,11.669566
SCO1,-7.671843,-6.131628
RIOX2,11.197267,0.56075674
YME1L1,5.937831,-10.45644
PTPN3,10.347694,1.12589
PDK2,-7.8809385,2.0376792
CLCN5,0.25925714,-11.261634
CYTH1,-0.6073021,4.7293215
CMPK1,-0.8295673,6.892027
KRBA2,0.18632448,2.741699
SACS,6.4995017,1.1048747
PMVK,12.722113,5.657525
ORMDL2,-6.962546,-3.3860462
FCER2,-4.7313952,0.15153025
IFT88,2.0920496,7.410632
MALSU1,2.0450666,-2.575393
MAP2K2,-2.1057913,12.507548
PIGP,-0.48811516,3.209381
ZFAS1,11.43316,12.563689
PMF1,-2.6515772,-11.613424
MLST8,8.269961,-3.3009553
GPAA1,6.0423884,13.867537
RABGEF1,12.301018,-8.034373
OPN3,7.197392,5.3217745
HAUS8,-0.9148358,-0.636616
S100A11,6.652265,14.4928875
THOC5,6.9359655,7.725817
SMIM15,-3.2431073,-2.859221
GLRX5,3.2829645,-0.2278205
FAS,-8.028705,11.048734
MACROD2,-4.5049367,0.5601707
ARID3B,-0.17596003,11.612879
ZNF367,-0.8551726,-6.1826663
KNL1,-0.40989715,-0.24117786
ESYT2,1.3722728,12.015143
NOMO2,3.7591982,5.857445
CEBPB,5.4751716,-0.808036
GALE,-7.6453776,1.9701077
ZNF81,6.795821,5.1504827
LIMK2,-12.211734,3.2323797
TEFM,4.2160153,0.8256661
RABGGTA,-1.3024327,0.43372992
MAN2A1,-5.458053,16.167017
STAT5B,-1.1031955,0.6313438
ENOPH1,1.6490104,-1.6145877
ABCB9,1.8440932,17.988287
RNF115,16.64508,-1.7279212
SH3BGRL3,0.16034552,-2.6509366
EIF3L,6.7978945,14.506101
SV2A,-14.409245,1.9195696
ZNF404,7.862671,10.396042
HRASLS2,-4.619414,0.6538127
MGEA5,13.515488,-5.0699463
RIPK3,-12.623854,6.932807
SH3BP5L,0.77997464,5.642188
MZF1,-5.5096645,10.933149
ATRAID,1.3815784,-1.0596826
ABCC1,4.4913573,10.081577
RFLNB,-9.40009,-0.17097019
YPEL3,6.4034553,1.1794797
WDR83,9.250857,12.2215805
FPGT,13.07558,-5.239776
TRIM7,0.25220168,-5.0129395
TRAK2,1.2276716,6.2077026
ZNF639,5.383105,2.5695546
COG3,6.0428333,-10.12614
ANGPTL6,-1.2702898,12.267787
TCP11L2,6.6363034,8.69666
CORO1B,0.4486419,-6.9810424
UBE3A,6.625093,1.032341
RBM6,9.281803,14.2699175
RGS14,-0.18000145,11.600425
MLLT11,-2.3719597,9.653296
IFI35,5.5341163,-3.725186
GPATCH3,-5.950404,-4.897583
QKI,-6.6736093,9.236007
DHX34,-11.411593,-4.5644135
POLR2A,-5.2431808,11.785537
DNASE2,-7.1676235,-0.87668395
CDKL1,10.314791,1.0941159
FAM220A,2.1336937,7.4512854
INTS7,-5.89879,13.260713
SERGEF,5.6421275,11.325848
CENPH,-1.5164552,2.9598641
ATP6AP1L,-6.276795,-5.001385
ACOX1,12.203875,-1.8528064
HMOX1,-4.0672526,8.869883
RASSF6,-4.9570403,4.117567
SMC6,1.4280878,11.970186
RALY,-11.400291,-4.55242
TLR2,-8.849697,4.467186
ICE2,6.6206374,1.0267264
INTS12,1.553082,-1.4238656
RASA4,-8.855678,0.11112674
IMPAD1,6.50278,-9.862176
ZNF24,7.3871536,-10.246548
RSAD1,10.403629,4.846332
GNPTG,-5.894782,13.257598
INTS14,5.776021,1.2698462
CSF2RB,-3.471299,-1.6472173
ZSCAN25,11.703613,6.608185
UBE2A,3.1875901,-1.7448885
TANK,6.563044,8.6917095
SEMA4B,-7.882619,2.0369651
BCORL1,-3.2855709,-5.297436
TRAPPC3,-6.942553,-3.3802173
RALGAPB,5.140028,4.505677
FER,-7.0163984,2.6272748
ZBTB40,0.565656,4.6982937
FJX1,-6.4443235,4.2911263
BUD31,4.8986797,-0.58012223
DNAJC19,3.308912,0.8023714
MFSD2A,-4.262245,4.406571
PHF21A,-0.42652005,11.375117
RNF32,-4.552849,-7.811714
SLC7A11,5.6029415,-0.8452129
DONSON,-0.878992,-6.576022
BRCA2,-1.4833944,-0.93895704
COA4,2.0256994,-2.6111906
ARPC5,-7.705997,-3.6875503
ZNF577,13.96607,8.750205
KDM4C,0.3795104,10.295251
KLRA1P,-7.5901394,-1.368753
FAM98B,10.0780735,2.6980608
CTC1,-13.482743,-0.89609253
TMTC3,1.2281517,-0.7773817
FANCB,-2.261355,-0.9071912
ANKRD26,-12.785384,8.099229
ISCA1,0.4103714,14.468945
SAAL1,3.3062909,-0.09426906
PSPH,6.4093037,2.3731267
PRMT7,6.0450454,13.863061
SHPK,13.217819,5.170269
ZNF507,6.018734,-2.3948722
KLLN,-5.8468995,2.6563575
VHL,0.8217701,3.517577
CLCF1,-6.8750033,2.791072
HNRNPUL1,-0.36981326,1.9122928
LANCL2,6.7725167,-6.8718276
ATP5SL,-0.31169283,-2.6043754
OPA3,13.436579,4.9542365
CCDC58,-2.8852954,-2.4776113
ELL,13.425981,-4.85578
PRKX,5.805982,-6.154059
FCRLA,-7.284007,2.3450017
ATXN7L3B,-2.1004596,3.0983922
PGLS,11.465408,13.287548
CCDC90B,-6.2138863,8.940686
AP4S1,6.7729983,-6.871603
NDUFA6,0.58219945,-2.518925
TANGO2,8.725321,12.887593
METTL13,6.8996954,7.7441664
NUDT19,1.6969839,-7.1342964
PIM2,-4.0872016,5.0912232
DZANK1,-5.847083,2.7488384
MDM1,-3.541469,2.5958524
KLF13,3.4181387,6.279512
LRP2BP,-5.631952,-10.984997
PDIA3,12.141783,-3.3184395
KHNYN,3.3511257,6.3649836
ABCG1,8.019971,-5.1730566
TNFRSF4,-6.4443555,3.6745684
DLD,-7.2889957,-6.118647
NAA38,0.20708826,-2.7011216
IKBKE,5.0852795,-0.68470156
GGCX,7.5112395,-9.445961
SPATA2,6.978287,7.697684
VPS33A,10.490666,7.6383195
CECR1,11.40598,-7.2823358
GLRX3,4.124895,-0.80389625
CHID1,8.473703,-2.993135
AGO2,5.7721753,-6.189613
UBE2J2,9.244264,12.238447
CCDC22,-2.0967345,7.7702737
TCTEX1D2,3.1935215,3.2735262
CCT8,5.4160933,2.5742157
SLC35A1,0.34971353,-8.36905
LRCH3,0.43648764,4.909389
TGOLN2,3.2816854,6.3861957
BEND4,-6.279783,3.6524842
BTD,0.20709547,-11.313604
SUN2,0.39195484,4.6152306
RARS2,-3.6167881,-3.5491583
SEM1,0.2647096,-2.5776017
MUTYH,-3.7262049,2.6960564
CCNE1,9.607187,9.515314
ZNF252P,-8.452646,0.18570487
INO80,6.639061,-2.196617
DNAAF5,12.690552,5.795213
CCDC92,6.1434035,-10.5688
IGDCC4,5.7582183,-6.0679216
UGT2B17,11.03327,-4.80911
PRDX4,5.5809407,-1.0522048
GADD45B,-1.1637535,0.6123402
FBXO3,-2.524823,-4.7372284
BTBD7,8.572378,12.570024
MCOLN2,11.959611,-4.0825973
ST6GALNAC4,12.3804,-4.7815895
IFI16,0.36031228,8.11941
RAB23,-1.7466319,-3.1759121
TOP1MT,2.8816428,-1.0917468
POU2F3,5.7942667,-4.6738544
ZNF736,3.7358344,12.934004
AKR1B1,-7.704968,-3.6836822
PIGN,15.0621,6.3658023
LEMD3,-7.018325,4.541233
DGUOK,11.682926,12.520728
C1R,3.8090816,-10.949629
EML4,0.3509558,-11.147472
TMEM192,1.7166191,-6.293399
LIPT1,-0.2933383,2.1921396
PIGZ,6.3232527,9.236527
FUNDC2,3.193675,11.912597
RIPK1,-2.3893425,2.154657
GDE1,-6.2744236,-4.9999385
FAM136A,3.3344133,0.08919691
NPM3,3.4053695,0.6865801
RDH10,6.1828685,1.5000298
TRIM69,10.992156,-4.828782
CACNA1A,8.095021,-3.5205188
CKAP2L,-0.5200965,-0.2747695
ABCA7,5.51224,14.605895
MFSD14B,-0.12138661,11.671535
IVL,-10.908161,-6.4103694
MAD2L1BP,4.3738766,-0.64103824
E2F5,-13.118281,-1.4984232
RAP2A,2.1922438,7.515196
SLC36A1,5.6183987,11.323912
CNR1,-6.4567904,4.301682
NR2C2,5.2125993,4.4800687
STX11,1.713456,-5.861409
EGLN3,-7.338677,3.9715724
MYO19,-3.3888485,2.6938984
RC3H2,-1.3431208,2.074166
NAXD,7.164172,5.3573112
TBCD,5.896941,-6.1087894
GPR107,13.433459,-4.9166036
TMEM143,-6.8401165,-8.244156
MAST2,-0.07226533,2.44609
UCHL3,-2.6370535,-2.4851894
AFG3L2,5.428607,1.9162921
AK1,-1.8057083,12.407201
SNX24,-14.338218,1.8535588
PHF8,1.6315638,4.8563967
MRPL9,2.0355937,-2.596673
PTPDC1,-5.932763,2.064791
ATRN,-0.46462402,3.7143946
MPHOSPH8,-0.5737121,4.5662026
PSMF1,-9.34272,-7.7425685
TRIM59,-0.8975162,3.2130623
CSNK2A1,4.6886277,5.9396477
PTP4A3,-9.623603,4.535739
B4GALT3,12.366319,-4.7721977
BRAP,-7.9604893,-6.067406
MLH1,-0.9608447,-5.8752017
ABCA2,-3.9970975,5.3866873
KCTD18,-8.729358,-10.16131
TGFBR2,6.1242833,-0.7815472
LSM12,1.5841969,-1.4908736
SNAPC4,11.554026,6.5060134
ASCC2,-0.23868324,2.1720424
GPLD1,1.4991968,7.0671544
NUP62CL,-5.7627583,7.722517
HMGXB4,-0.77012926,2.6390014
ZNF76,2.7837107,4.9757423
RAC1,1.9114224,-2.9132154
ZNF772,-6.171164,12.070983
PALB2,-1.1548482,-0.6117126
PELI3,2.0058393,1.7308677
TTL,5.53528,2.2129138
PEX2,-5.6015425,10.371781
SLC9A8,0.59041226,5.727888
CEBPG,5.175368,-0.71512985
DNAH17,-12.430677,-3.2093127
ERBIN,4.277421,9.964618
AIDA,15.063163,6.3654814
CEBPZ,10.415423,0.8516298
BAG4,1.5853748,-1.4919068
STK24,-11.22349,2.1485758
PAK1,5.647436,-5.866009
PCED1A,1.025594,9.434801
CD53,12.29151,-8.027934
ABR,3.0916872,6.3690767
ESD,1.5891137,-1.4895223
TMEM55B,7.825634,10.5952635
TMSB4X,11.69696,5.8986454
JAK2,13.074799,-5.240144
ZCCHC11,-8.562913,3.867808
DHFR2,6.067517,-13.916706
IGF1,-4.7770567,0.13456456
NR2C1,0.055842597,3.213325
CAMTA1,0.50741386,4.6857023
ZSWIM3,-12.622491,6.9284196
ANKRD18EP,-8.288008,7.0031037
UBE2L3,3.3295488,0.051732153
SUDS3,-10.7007475,-0.7213642
NCF4,-1.1306267,-9.60499
P2RY10,11.134043,-8.434005
QPCTL,11.56619,-4.6046686
WDR59,8.741351,9.550713
AASDH,-6.4079113,9.083013
ZDHHC16,-5.925452,-3.608187
NHLRC4,-2.2560503,3.2730489
SEPT9,3.33029,6.4308147
FTX,0.44261587,-8.467285
GGT7,-7.848536,1.6957871
HELLPAR,6.838169,-1.776273
PTRH1,9.704925,9.600624
AP3D1,-0.45041266,3.6889546
EPG5,-3.2992032,9.209576
MAGEH1,5.5829735,-1.0259414
SMURF2,-12.786155,8.100232
KLC1,0.55100447,5.769189
RWDD4,1.6344677,-1.5880561
ZNF813,9.271655,15.051397
SHISA5,1.7005218,-7.120004
TMEM65,1.8472,17.991999
ATP9B,0.786703,5.598607
MARK2,0.45578068,4.4322767
EMC10,7.7618885,10.366521
DSN1,-1.4453378,-0.16428734
MGAT4B,-7.485776,-1.2617594
DACT3,-5.65352,0.5362971
RBM38,2.102355,4.5177374
TMBIM6,-8.064425,11.087592
VDAC3,-2.8080635,-2.476135
TMEM39B,-0.69176036,-0.5706748
SLC35E2B,0.41043794,5.895021
ZG16B,11.952918,-4.042058
NLGN2,5.4801393,2.2698696
TMEM209,6.3188677,1.2846872
SFT2D1,-10.016758,4.9815774
EPM2A,6.4562306,2.3692238
SIAH2,-6.990377,-0.6540107
JMY,6.6091356,8.738593
ADPRH,6.095703,-4.297156
GALM,-8.441473,-9.890185
NDUFA9,2.0687451,-2.2906654
EPC2,-0.9243373,17.571884
PAPSS2,-5.8465166,2.6701095
FAM53B,-8.483101,4.6525116
TUBG2,-5.640753,-10.996676
TTC13,4.482521,-4.017636
STARD3,-5.356883,11.878366
STK11IP,-11.399581,-4.552213
KANTR,7.745603,10.335304
TOR2A,2.508194,4.9168706
EEF2K,-6.4595437,3.667084
MRPL15,2.1515174,-2.2566707
SORBS1,-7.0811024,-0.5952501
NONO,-9.599816,-5.779431
SEC61A2,-10.697038,-0.7169322
ZNF547,1.2267785,16.675941
DYNLT1,5.9592724,-5.297233
UBXN2B,2.8453228,-8.774849
BLMH,6.0361133,1.2433208
CDKN2D,13.588001,9.096303
NKD2,11.415553,-4.711079
SMIM4,2.367482,-2.4586911
KXD1,-1.3043848,0.4326136
TTC27,6.381441,1.2226397
SERPINE2,-6.4951696,-0.14120297
AKIRIN1,-7.674583,-6.28516
TRNT1,4.2065535,0.84044665
ANGEL1,8.638628,5.3080955
BRWD3,0.30971217,10.374239
MSH6,-1.3333902,-0.9980343
KIAA1217,-8.364972,0.24806759
HELB,0.22897221,8.045044
PRDM11,2.81153,-12.053847
ARHGEF40,5.299637,-5.678483
EXTL3,10.752963,7.087331
VAC14,11.206654,8.000325
BACE1,-6.38098,3.6455371
TMEM109,6.86111,7.728772
NBPF26,4.510422,10.13052
FZD3,-3.2045023,5.142184
CTAGE5,-6.2338543,4.5001717
B3GAT3,-5.9004974,13.253202
FANCC,-11.998152,2.8619664
SOCS2,1.9547206,1.684784
ZFYVE27,-5.6305275,9.738326
GNPDA2,-2.4652948,-2.4802258
CACNB4,-5.0963674,11.617516
OSTF1,-2.895789,-6.1564126
SLC35A2,12.843238,-4.990569
IL17RA,0.5335563,5.792819
KCTD10,-0.27011427,2.6677577
RGL1,-2.9499738,5.4480357
CNST,-6.8307347,9.281588
RND1,-1.3040093,0.43082404
MT1X,6.0982995,-4.267959
LAX1,11.448443,-7.242295
SRRM1,8.717569,5.036284
CPEB2,3.073158,11.984392
FLNA,-0.47790506,3.7182055
ECH1,-1.8820173,12.432046
ZNF740,0.6943408,5.6202908
TTC21B,-1.7545394,2.7971041
FYTTD1,-9.110708,12.556161
MIOS,-6.4022293,8.700147
ARHGEF7,-8.285471,4.370237
ECD,2.1818128,-2.1448276
CDCA7L,-1.5577496,-2.9117336
UROD,6.8921475,8.394981
COL9A2,-13.201616,-1.1808832
ASL,-4.6193094,0.59682137
STK35,13.367381,5.034471
FBXO22,1.6973734,3.9744148
POU2F2,-1.7585822,7.955733
CYB5B,4.600256,-3.74667
MOGS,13.400938,-4.847815
UCHL1,-5.8398733,2.2413359
PSMB5,0.79132766,-2.384354
HACE1,-5.752023,-4.678799
ARRDC3,7.190678,-9.9823675
ACACB,-8.508888,3.506414
DIP2B,7.3764615,-10.231822
NCF1B,-1.5703284,7.9483337
COX7A2,2.1525226,-2.555902
TRAPPC2B,-7.9319296,10.970624
SLC50A1,5.997489,13.981576
PARN,5.9852204,-1.9645954
ANAPC16,11.954097,6.0760956
FAM129A,-8.847631,0.12632994
WDR89,-1.4962909,2.9679425
MXI1,5.6349363,11.351132
CRACR2A,4.5370584,5.066291
FAM149A,-6.3275723,3.5663092
MAN2A2,6.1576385,13.6235
TBC1D1,-5.1005535,-6.055693
LRRC37A4P,13.931986,8.8078575
NADK2,2.015579,1.7397592
YIPF5,6.226381,-10.1008415
LIG4,5.9568,-1.893715
ACRBP,7.4007907,-6.3941455
SLC9A6,-2.419645,-1.0451188
INPP5K,-2.6882906,-11.5770035
EFR3A,-5.4580364,16.16758
SGK3,-6.54226,3.0499387
WDSUB1,13.005604,-5.185003
MLH3,12.2112665,-3.2053454
PSEN2,7.5982614,10.271933
TGFBR1,5.2088017,16.84145
RNF14,-7.8893285,10.909819
EXOSC6,8.795573,8.467361
ZKSCAN7,3.7445679,12.8208475
TICAM1,-7.0282655,-0.6112143
KIAA0391,6.1708684,2.6782448
ALDH16A1,7.1839666,-1.5630399
CDYL,-9.050918,0.016835064
RHOT1,8.424353,13.339894
MTIF2,4.7551637,0.403395
TRMT10A,3.1886744,-3.9222667
CEACAM21,12.117494,-3.3843586
KBTBD2,0.8025058,5.4041977
MLX,-7.140297,-3.2470706
MSL2,-6.2269325,8.897832
SLFN13,6.067325,-13.915891
ZNF891,-2.6712704,-5.2142787
SLC29A3,11.446758,-7.552163
EIF5,3.0964575,-0.8990889
ZNF343,-11.210416,2.1300445
PLEKHJ1,-0.47858003,-2.4696503
NPM2,14.068727,-3.1025302
TMTC2,5.817326,-5.0151925
TBRG4,11.062128,6.34944
SEC14L1,13.389047,-4.974834
DARS2,-2.7909808,-0.2961516
DNAH1,0.4876803,4.6416917
MRPL58,2.052217,-2.5863657
BARD1,-1.1942651,-0.93017805
NDRG1,9.991501,-1.8195366
PDE4D,11.104976,-8.482041
FAM221A,11.718628,6.5947766
KCNH3,-8.869204,0.11497091
JPH4,8.216655,-0.35800555
GNB5,-9.634289,4.531576
NCEH1,6.6868596,14.500919
ANKIB1,6.363379,4.33787
TRUB1,-0.97734076,3.2185485
KLHL15,-8.938734,-4.2055345
XRCC3,-2.9683418,-6.7274666
MTFR1,-1.3513346,2.0914335
SLC25A3,4.722489,-3.3560808
STK4,-5.458027,16.166601
UAP1L1,6.6565566,8.575294
MICAL3,7.164669,5.481699
PHF13,3.45246,-1.3792036
CDK10,11.740188,10.527684
FAM83D,8.247801,2.3330145
CSF1,-4.0937004,4.9573865
MROH1,-1.8136566,7.933216
FRAT2,13.853245,8.880867
DDX19B,12.718894,-2.6833222
NBAS,0.32691497,10.354063
RPS6KL1,-5.8598285,2.293386
B3GNT9,-2.4919446,2.0367591
PTPA,6.3671875,4.748897
TEX2,8.642344,5.0682297
MINDY4,3.1690505,11.918746
ZC2HC1A,-4.509789,0.51599693
SLC26A6,8.402044,4.1540837
ENTPD2,-10.907978,-6.4115915
SYNGR3,-7.036206,-0.5474943
ZFAND4,-7.7266264,1.999985
ANKRD10,6.0624847,-2.3714712
ZC3H12D,-1.0673497,1.9290032
TMCO4,4.007281,8.970642
NME7,11.759578,1.9633001
MRPL21,2.026653,-2.5206013
RALGAPA1,11.923532,-1.5925053
BTNL9,-6.259406,4.485045
CCDC84,3.4297166,-5.3982067
WDR20,9.200386,-5.830172
P2RY1,3.810392,-10.950733
TMEM35B,-8.758315,4.29009
DLEU1,2.9409595,6.356127
BFAR,-6.7038164,9.238491
GLIPR1,4.747558,-3.2373197
TSPAN12,-8.434259,4.43378
FNTB,0.2651851,10.449269
RRP1B,10.814812,0.6268228
RWDD3,0.06593953,3.2177374
JMJD8,11.426677,6.34282
AUNIP,-3.4006612,2.7413886
TMEM261,3.319787,0.7903453
ZNF846,-0.86229116,17.631212
NFE2L3,-7.65867,4.024755
CDCA4,-1.5255246,-1.9634688
ANO8,-5.6366935,10.70134
STAG3L2,8.48935,5.683407
TRIM9,5.315555,-5.669989
EVI2A,8.583749,5.6288767
GATAD2A,11.01592,6.3736324
TMC8,-13.335875,-0.7673126
YIF1A,11.858402,-2.7966077
ARHGEF34P,-4.5531783,-7.8131375
ALS2,-3.4792974,-1.6248114
DPY19L3,6.9538836,-1.7002705
SERPINA1,5.385808,-5.7166357
GALC,7.99135,-1.1782372
HIST1H3H,0.05563073,-0.01946494
APOBEC3F,6.2704573,-4.349512
ZNF684,-0.94987977,-6.922895
MORC3,-1.5526097,-0.07423722
METTL7A,-7.6595006,4.0067515
SAMD1,-3.1976504,-6.688328
BCAS4,1.8392689,7.1427774
GTF2H1,2.8628871,-8.793423
NSMCE2,-5.5847754,10.58118
DIEXF,10.888273,0.69275767
GATAD1,-8.949331,-7.4301
TRAPPC9,1.8347559,5.0451355
SERTAD2,0.41303,10.259107
CCDC106,-5.6798987,0.52362305
UBE3B,0.68911433,5.4958963
RAB28,-6.200215,8.949424
ZSCAN20,0.45591062,4.622099
TIMMDC1,14.144793,-2.4029067
MIIP,-1.303766,0.44969866
SART3,-1.5799419,-2.7124817
RNF41,13.37769,5.02381
DGKZ,-0.49479356,1.9241992
SESTD1,11.428847,-4.701815
MED26,-1.6612835,8.071383
PLOD3,-4.1117873,4.940934
CDC7,-3.8960829,1.7645537
IDH3G,12.39955,-5.0615845
POLG2,8.144853,-0.6695257
PRKAR2A,5.936259,-2.208524
PITPNA,6.368444,4.7271585
TIAM2,-7.816,1.9926744
NACC2,16.642078,-1.7279687
DBI,1.870091,-3.0283835
FAM214A,5.9715714,-10.192734
NEO1,-9.119795,12.566027
OMA1,8.129765,-0.7133946
TOMM22,0.78417635,-2.3887355
SLC25A45,1.7758777,-6.0318522
ADAM17,-0.1154306,3.084938
ANKMY1,-2.7412202,9.428904
NSDHL,6.354376,4.322508
PDE9A,1.502425,15.556103
GTF2H4,-5.9900637,-3.6362123
NME4,10.988283,-4.830273
PTCH1,12.145996,-3.35973
MERTK,-6.4493,4.2721205
DNAJC8,-0.99532443,-6.8127017
ZNF773,-6.1766243,12.065745
CD69,11.177596,7.9608874
ERI2,-3.8725116,1.7172586
SFSWAP,-3.1298141,-5.3076363
CDADC1,-11.2184515,2.138799
DNAJC30,5.9939575,3.4367409
TAF11,-3.1465113,-2.4565935
ATP1B3,3.076154,-0.8900845
KIAA0513,-11.983945,2.8658175
CNOT9,6.1606407,3.4999132
HOOK1,-5.9129043,2.9465892
KBTBD8,6.7379575,3.780428
LTB,0.45087686,-6.9660053
MELTF,-4.006274,9.851377
CWF19L1,-3.4128296,-2.277929
ERCC4,12.00122,6.0801854
AP2M1,-5.880537,-3.60427
NUDT9,-7.642799,-6.205606
NDUFB10,-6.8680577,-3.3913965
S1PR2,-0.80745775,0.6997482
ENOX2,6.7262177,7.5552454
TRIM6,5.8732696,-4.610628
MYO1B,-5.8637443,2.789419
RASAL3,-5.580825,-5.0001674
PPARD,4.447649,-0.36162433
ZNF420,-6.4930425,8.510298
TMEM167A,1.2116841,-0.7534954
PAPLN,2.2383232,1.9562628
MRRF,1.9763669,-2.3388908
ALCAM,-5.664064,0.49491754
CCDC24,11.779716,3.156683
IFFO2,8.454707,-0.37147966
GAD1,-11.166657,7.7972403
PIAS3,-3.5079134,4.8468585
METTL21B,2.1390898,7.456604
SF3A2,-5.5919166,-4.96568
TXN,2.080106,-2.6287205
EPB41L2,-7.7444196,3.9995546
MAL,7.940945,-1.1216851
SETDB2,-0.91199833,17.583359
BTN2A2,-13.148241,-1.3967406
HDGF,3.9274056,2.478716
ESR2,5.774982,-5.087807
PPIF,5.3903522,1.8366318
DNAL4,-2.0805843,3.0420077
LAGE3,-6.4679604,-3.082166
HYAL2,7.8382754,10.4836645
DESI2,-4.4212017,-5.9319315
STK19,-13.196197,-1.1869676
B9D2,6.0172033,-5.383956
METTL10,-6.374561,8.702694
SNX3,0.42254117,14.481398
PANK1,3.1939394,3.2733202
STX12,13.261746,6.505242
NAB2,-6.4642954,-0.11593317
MTX1,11.8279085,6.744579
DIMT1,-3.4041867,-3.1538742
RIC3,11.075674,-7.5385833
DDIT4,-0.19905698,11.060935
SNHG12,-6.026675,3.3736317
CCDC138,5.7950516,1.290254
GLIS2,-9.694918,4.742385
DDI2,10.745652,7.1064816
PHKA2,0.6457218,3.5923707
PKD2,1.4525322,11.972139
RAB9A,7.938582,16.171368
KATNB1,12.77902,6.0238667
JARID2,-3.937811,9.68584
PRMT6,6.461281,2.3674502
HBEGF,12.79188,-2.1302547
CDHR1,0.3020815,-11.217009
TTC7A,5.9177155,-10.6043825
POM121C,13.323254,5.067952
HINT1,11.430325,13.253851
INCA1,0.4721976,4.663421
PML,-1.2835953,0.46437576
IFNAR2,11.149511,-8.112401
SLFN11,6.067377,-13.9158125
IDH3A,-5.7630353,-3.7814238
ETHE1,1.5030185,7.065853
SH2B3,-2.665153,5.616916
SLC39A14,12.253868,-2.1612918
RIOX1,4.057766,9.021389
SYBU,10.772493,6.2424655
ARID5B,5.9724503,-10.182057
TNKS2,-8.918568,-4.2250643
ZNF317,2.0548947,4.6084204
WWC3,6.1442585,-0.7801961
EDC3,11.736261,6.639795
PIGS,-5.581952,-5.005649
LLGL2,0.38527066,8.099516
KLHL23,-1.649213,7.9108596
TRPT1,1.2377079,12.128502
METAP1D,5.540065,11.340512
FAM76A,2.7661536,-1.1003535
FAM192A,6.2250633,3.641663
ITGA4,-0.16963583,3.0968826
NEUROG2,7.9719787,-1.2019434
TMEM184C,-7.96745,-6.0723267
COQ3,1.5700933,-1.9088792
LGALS1,6.56953,8.664816
DOCK4,12.151903,-3.361626
GSDMD,4.421025,4.833155
MICB,-4.323715,9.108853
RC3H1,-11.214884,2.1363938
AMPD2,1.9917362,1.7129982
PICALM,-6.679875,9.238808
ST5,-3.388554,-1.9593757
FUCA1,-6.3955655,3.6387928
SRA1,8.726166,9.563308
CBX2,10.961211,-7.4706006
ATXN10,-9.5436125,4.5676355
MIGA1,13.312442,6.5504937
NDUFV1,6.3089275,4.2496514
ZFY,-11.293378,10.574661
CMSS1,1.657027,-1.7202435
DCTD,8.51278,-2.91793
TMEM30A,-3.1567566,-6.6843677
CENPM,3.6080077,2.791499
REXO2,-2.6314726,5.6225615
TNFSF11,-4.553932,-7.8130336
TMEM43,11.366259,8.244542
KIF13B,7.10772,5.407626
NFX1,4.4061193,4.767296
DHFR,-3.6117783,2.433138
PLA2G4C,-2.6931024,9.457686
FAF2,12.093825,-1.7986944
PDE1C,10.962484,-7.483014
PREX1,0.66526246,3.7050254
AP2S1,0.04326032,-2.8147612
RAB40C,-2.1009698,7.7695203
ATXN7L1,-4.002387,5.395861
BAZ1A,6.2037973,1.488981
NT5DC1,-4.5531154,-7.81193
NLGN3,4.707457,-3.2392342
HADH,-2.4442995,2.0972004
FBXL20,6.6201468,8.722587
IGSF3,-8.428421,0.19665885
RBM23,6.733471,7.559072
CYB5R3,5.758048,-6.0637965
SMPD1,-2.3451328,2.1919284
POLR3K,3.3597398,0.60502017
COMMD10,8.559097,12.99044
CRY1,-5.887253,2.0974433
TBC1D17,-2.406962,-1.0331825
MAPK1IP1L,0.24981599,-4.9847407
DNAJC25,7.200102,-9.822182
LMTK2,14.686477,-7.1514153
FAM134B,-8.950623,3.5930936
PIGBOS1,8.767808,5.080755
FAM86C1,10.700218,4.5300255
ZBTB8OS,-1.6409804,-6.7499347
LCK,11.649626,6.625691
COG6,7.2172914,-9.933808
NPEPPS,8.298744,7.577568
UNC119B,-12.22841,3.2376454
INAFM2,7.4524813,10.233827
CUL4A,-13.123951,-1.4788394
HIGD2A,11.47067,13.60539
AAAS,-5.817935,-3.5909212
ING2,-6.4401217,-6.4872594
CCDC69,8.820632,13.472862
PAF1,-5.684586,-4.6768885
THUMPD1,6.6412835,1.0147232
TSSK3,-0.7595054,6.825731
MED23,-5.458024,16.166874
NDUFA12,0.9828524,-2.2628655
VPS33B,-1.6054952,7.9329896
ASB1,-0.36393878,2.1612198
SEPHS1,10.100163,0.5922125
GPR108,-13.268694,-1.1199464
PYCARD,2.811481,4.981526
PCTP,-9.640611,4.5259604
RAP1A,14.170163,1.2208024
SARS2,-9.678324,6.5146813
GNA11,-14.3473015,1.8601316
CRIPAK,-5.640768,-10.99648
CHD1,-7.986231,-6.063842
GEMIN7,-0.33595556,11.181047
PEX11B,9.277688,12.221502
ALDH1B1,11.223274,0.5428172
CAPN2,-5.102509,-6.0608034
ORAI2,5.952284,-4.584343
SLC30A7,5.9493566,-10.234631
MRPL17,-2.774534,-2.466984
STUB1,11.393655,6.3892784
TAF9,4.186963,0.94515365
DNPEP,-9.690027,6.5042744
FAM65A,5.7927012,-5.0417123
ZNHIT1,1.8339047,-3.4366853
ACTR5,5.8479433,-0.794124
NFRKB,-0.3916518,2.0648608
BIVM,-7.461747,-1.2321317
KIAA1549L,-0.26745844,-6.0152125
CCDC171,-5.933792,2.0641398
ZCCHC2,5.704263,-4.08685
GSTCD,-2.735865,-0.35904813
TAF5L,9.337968,5.1079817
HERC1,-0.4534752,3.7027965
HOOK2,-7.242526,-6.1320763
ISY1,-1.2123824,12.194547
ITFG2,-5.8119144,-4.948547
CHEK2,-1.2864159,2.8892407
GDPD3,-1.8619443,12.425352
BST2,0.27044228,7.9868226
SNX16,-8.426742,-9.876815
GPR68,-3.2915246,5.0486274
ZNF18,-0.8673057,17.625294
PLEKHG6,-10.250315,-3.6774516
CRELD2,12.18221,-4.6033316
PTCD3,10.106802,0.6298259
PPAN,-5.752193,-4.009914
CDK8,-0.6317574,6.718459
FGD1,0.6647081,5.4634347
B4GALT7,9.21941,12.260377
GPR75,0.23355506,2.6926117
BOD1,5.5693903,14.593883
CERK,8.266755,12.9963255
SC5D,8.490511,4.0455165
CPT2,9.192169,-5.820813
MIF4GD,-13.315027,-0.74870956
SPTBN1,0.9998504,3.4935458
RBM41,4.575699,5.4637322
PPARA,14.146111,-2.4022574
LIG3,6.6394324,-2.1580434
NF2,6.944928,7.7366996
INTS8,4.91404,6.2592936
KYAT3,-0.91910976,17.576828
ITPR3,1.9680698,1.6812669
MYO7B,5.91975,-6.1119876
LENG1,4.0634785,9.029891
NIT2,-2.4239142,-2.48098
SLC38A9,2.8295796,-1.0914552
CEP85L,2.7823591,-12.083679
TAF12,2.8451025,-8.774589
ITPK1,-5.05985,4.8117757
MGA,6.641114,-2.180453
ACER3,6.1688123,1.4874121
PDLIM4,8.231689,-1.333945
RXRB,13.478161,-4.8771806
CCL28,6.8120794,8.28873
C3,5.2927356,-5.6764736
CIPC,-2.6301048,5.6251483
KLF6,7.909586,16.186813
RBM8A,-6.5551724,-3.45593
CLIC4,-0.9573014,2.8486147
CRYZ,8.031253,-5.18697
PREP,1.188301,12.01887
CAMKK1,1.8470814,7.149588
CTNS,5.15836,11.375273
HINFP,-8.889075,9.3008
PRR3,4.411411,7.564741
TCF7,8.196213,-0.34175792
ETFB,11.261077,8.04278
EXO5,8.374565,7.4461236
TMCC3,0.2530026,14.320095
ADAT2,-0.5225616,4.6185246
UACA,13.47234,-4.809532
TNFAIP8L1,3.4289005,-5.3977647
MAPKAPK3,3.1938684,-0.3702873
NDUFC2,2.1383586,-2.3740418
PANK3,15.013575,6.3454638
PCGF2,-6.68405,3.7950857
MRE11,-1.5264329,-0.9456756
SYNM,-3.3442073,9.211442
PPP1R7,-6.4673753,-3.0911806
DGKQ,-5.6553197,9.70776
GTF2E1,-2.128138,3.1177523
TBC1D12,11.11584,-8.452367
PCMTD1,6.12089,3.4899402
WARS2,11.739079,10.516756
KIAA1841,16.55159,3.2288535
STK40,12.149194,6.99221
SPOCK2,-9.018216,3.52553
COL9A3,-5.890814,0.37844142
MTHFD1L,5.314056,-0.8054465
TTPAL,12.032631,6.05592
ANKRD54,8.020318,7.765642
SLC19A2,0.46769622,5.8491406
HDX,0.76676726,7.927119
AP1M1,2.4234474,4.9291735
RABL2B,-5.5330005,9.923894
TRMT1L,8.372009,13.429044
MDC1,12.824564,5.482952
ACAD9,-3.4378777,2.7178888
ATG4B,2.7545776,5.0277677
ZFHX2,8.202224,-0.36479816
IPO9,-3.0367436,-6.169348
SLC25A37,-6.1225357,-6.685148
HIKESHI,-3.397974,-3.1393178
ABLIM1,-5.063184,4.0524173
ZNF180,13.972639,8.7471485
GSG2,3.9732845,2.4501228
NPIPB5,0.38689375,4.600133
VPS26B,-2.7415762,9.427824
CHIC2,11.152113,7.9021845
PRKAG1,3.460548,-1.3755147
FBXL19,-0.21201488,2.6745074
SLC29A1,10.999126,-4.8239665
RPGR,11.360121,0.46599874
KLHDC4,11.404448,8.275835
MICU3,-3.9330978,9.655571
TMED3,12.47841,-4.9271774
LPGAT1,-5.8982067,13.262031
ZBTB20,4.6882334,5.863523
COG5,7.383558,-10.231285
TMEM128,-8.734057,-10.167111
ARMC10,-3.3637133,-3.1125464
CCDC82,0.35453486,-8.374213
SLC16A14,6.3005886,9.246821
MZT2A,-13.325061,-1.0686258
CLCN2,6.234318,13.547292
FAM64A,13.359499,2.2297208
KDSR,-8.512522,4.6120276
RUNDC1,0.320257,10.373886
PAQR7,8.74671,9.542292
ZNF174,9.459643,12.087792
PIK3R2,-0.43234602,1.9589138
ZNF484,4.9150643,6.257651
TCF12,-5.8507533,2.5772276
VPS9D1,5.90333,14.383888
PHF7,-1.6203781,-2.9506326
RNF38,2.1674151,7.4799814
TMEM189,-5.623976,-4.807939
MLLT1,13.26023,5.1316013
FAR2,0.43836728,8.133644
CUL1,7.035541,-1.637849
NPLOC4,10.387696,7.689418
NSMAF,-5.534065,10.909779
ODF3B,-1.2856635,12.318506
CDS2,-1.6404128,7.906956
UIMC1,-8.471008,-9.92126
PTPN4,7.1518826,5.3631845
CD58,10.33292,1.0764562
GLCE,5.5070558,-7.985516
LAD1,-5.067165,4.0929666
CETN2,4.6050963,-3.7237105
ZSCAN22,-7.764283,1.9290067
NETO2,7.1754966,-9.5540495
TM2D2,9.115344,12.39052
SNRK,-4.4077497,-5.9483976
KIAA0319L,2.7429323,-12.1235285
SARM1,0.26260576,4.179389
FAHD2B,-12.622567,6.9279914
STAG3L4,5.406316,14.60252
PSME1,1.8329623,-3.3440778
YPEL4,-1.296716,12.339919
DOK6,11.865046,-2.7942743
ANAPC15,10.045386,0.5334548
UBXN2A,14.280133,3.351399
METTL18,-3.4657278,-2.28188
UXS1,10.720585,-5.016108
MEPCE,8.593137,12.667241
CDC16,-3.4347005,-2.3054602
SLAIN1,0.7469022,12.224618
GPR35,3.0773993,12.001006
PDZD11,0.3614037,-2.5270798
PLEKHG3,-4.4836864,0.35742414
INTS10,10.141124,0.6597402
GOLM1,-2.6416593,5.6207247
LBR,10.091916,0.5815165
ALKBH8,5.952971,-1.8741506
NUDT18,1.7932249,-6.1364517
DTWD2,7.1598964,5.359694
STK26,11.198338,-7.690772
FAM8A1,-8.981503,-4.164497
CBLB,-4.3198447,9.09461
EEF1AKMT1,2.3718998,-2.471505
ASS1,5.6754813,-0.8139124
HIPK2,5.9705434,-10.1839075
SPRYD7,-2.442534,-2.4853067
NPIPB14P,-11.142086,7.7742167
ADNP,2.8448913,-8.775072
SLCO4A1,5.814101,-0.8626191
IFNGR2,9.140626,8.871788
AAMP,10.977347,6.3721046
RAP1GAP,1.026065,12.10912
NFATC4,-6.716279,4.3004107
ATP6V1H,-7.9303293,10.951412
TP53RK,8.282277,2.3432183
CHRAC1,-1.6022847,-0.6860542
PLEKHG2,-13.3319435,-1.061163
PTPN9,-7.526964,-3.5815585
PARS2,-3.204198,-9.963449
GOSR1,3.3210537,6.328158
FAM3C2,-4.3704386,4.502985
ADAMTS6,2.702049,-12.165226
SERPINF1,-3.821691,10.251239
DHODH,-3.6977763,2.6643417
EARS2,5.6633883,2.2525268
ATAD3B,4.02129,8.982853
ALAS1,12.1972685,-1.8791354
RUFY3,-5.8429255,2.247527
RTN3,9.43131,12.103644
ERRFI1,-9.106985,12.551798
UBFD1,3.930178,5.712693
COX10,2.9393864,0.429966
BLCAP,7.3708487,-10.22241
NUDT16,10.810688,7.5831985
TMPPE,0.3906044,4.584276
ELMOD3,-5.584408,9.839093
LIPG,11.3926935,-7.292488
FAM76B,-3.4814496,-2.2641184
ZNF200,-0.35069543,11.210652
ENDOG,9.748067,9.641012
MGST3,-6.3951693,4.3454137
FZD1,-7.6970544,4.0389204
CSTF2T,8.368719,7.4560146
ARL10,0.28641796,14.350615
ALG2,12.448264,-4.814747
KIAA1586,-3.189925,-2.7040272
PPP1R37,0.68326944,5.484193
GAB2,4.730961,-7.3824754
HARS2,12.15012,6.9928308
GPKOW,-5.6672235,-4.7286124
CMAS,1.5391889,-1.3991581
VCAM1,8.892262,-0.14551327
USE1,11.448221,12.913
FLNB,1.8175042,1.5505221
EIF2AK4,0.34478277,-11.098515
ZDHHC3,-5.851831,-3.5843756
MTRR,1.7946075,-6.125797
WASHC2A,-6.838811,-8.240988
SLC25A26,5.4393816,14.578081
UBA6,-2.3335037,2.1257753
PRPF3,10.230384,1.0201582
HEMK1,1.7793851,-6.0997477
UBE2Q2,-1.1470879,-9.589559
ZNF233,-2.7117898,-5.200993
HPCAL1,1.289839,12.25286
CARD19,0.3608656,-11.123003
RFX7,4.557332,4.7874665
COX7A2L,5.816291,14.317771
MYBL2,-3.0188496,-6.196059
PANX1,0.0432416,4.6593432
SVIP,4.118687,0.74859375
DDX24,11.453042,6.250109
PIGT,8.213356,-3.3830683
OSER1,5.7755647,14.323244
R3HDM1,6.382321,-2.3869967
TCHP,11.376073,8.283333
CCDC34,-2.153252,-0.8648822
NHEJ1,5.3778543,2.570652
RBM22,-3.578001,-3.4788167
WDR17,16.640244,-1.7281245
TSPYL1,8.807688,13.474575
TSPO,0.2497428,-4.9724054
INIP,-1.3402351,2.1096034
NHLRC2,-5.6624665,-11.015822
MFSD11,-6.3685937,3.6372848
LSM14B,2.0335293,4.6269836
PPOX,12.298725,-8.031789
ATP2B4,1.845156,17.989824
PARG,6.577847,1.0768019
FOXJ2,-8.267967,6.981454
NATD1,-0.76491535,6.8269343
PIEZO1,0.22398786,2.697789
SLC25A43,6.5968456,8.626513
B4GALT2,10.833963,0.6415656
MAPKAPK5,-1.4144007,2.103344
PPARGC1B,8.519005,5.6871076
HN1,-0.9799868,-6.3740406
PRR14L,4.561541,5.4431624
TMEM184B,1.7729589,8.670682
MEI1,12.766816,-4.993064
RRAGD,-6.2930765,4.4452057
MFNG,8.1951275,7.680295
TMX1,5.9185996,-10.535293
ATG2B,4.789446,4.619485
FAM210B,8.147363,13.61968
SFXN4,3.2831216,-0.117395595
ADPRHL2,-0.6435675,11.680665
CCDC47,7.014109,5.2595196
FLVCR1,-5.048353,4.0780115
SORD2P,1.6347919,4.0468087
PGD,-5.665717,-3.577917
KCTD11,-7.812163,-5.9455414
PCDHGA12,-7.8545184,1.765985
SLC4A1AP,12.719333,-2.682978
DRAM1,-4.0718656,9.914583
LARP4B,5.206593,16.844366
UBE2Q1,-7.14664,-0.7098642
ATP5D,-0.17642531,-2.6354916
SMPD2,-9.061846,-7.5435596
CLVS1,-0.8948013,6.953841
PLCB3,1.9608693,4.844894
FAM92A,-3.2682264,-5.293863
ZBED3,0.22799975,-11.293273
LZTS3,-4.0970697,4.899025
CTNNAL1,-0.8767998,-6.1866856
PAQR4,-3.1631422,-6.6072555
SNW1,5.471647,14.505426
IMPA2,3.203362,3.261865
ATP4A,0.9769002,12.108466
ARHGEF17,-8.604606,3.8653069
PLCD1,-1.010023,-6.9382253
SHMT1,-6.8393536,-8.240244
ZRANB1,0.69462556,3.4547803
MPPE1,8.573778,12.59327
KIAA0232,12.130188,6.975423
UQCRB,3.3053226,0.8534942
HUS1,1.6843061,-5.8291016
SPATA5L1,4.7159886,0.2749325
B3GALNT2,-0.27342692,3.3759897
CPTP,1.9200102,5.0405874
RING1,-0.50333524,-2.4512658
LTBR,-7.6683984,4.070773
CD52,7.1623535,-1.581583
FRMD3,0.37388325,8.089761
COL7A1,1.0485914,12.109421
AARS2,13.354819,5.035795
NPIPB2,11.152057,-8.079104
ARMC1,5.6093707,1.2046945
DDN,-9.603102,-5.778074
PHTF2,14.27745,3.350543
HINT3,5.892478,14.404712
ZNF865,1.927001,5.012517
AIG1,1.5337687,6.6841087
NKIRAS1,10.723167,-5.0143895
GNS,-8.0585165,11.083977
BLM,-3.5012054,2.5437117
KAT7,-6.997255,-0.80265296
GUCD1,11.002781,6.3727202
ZNF197,-0.7049346,15.671558
AGPAT2,8.039489,-5.195236
RPRD1B,8.523101,-2.8957565
PSMG4,6.727054,3.7409186
XPA,8.733329,9.527
ACADVL,2.8202567,-8.747608
ZSWIM7,2.8844564,6.347796
MFF,5.668104,14.426329
MYH6,14.094176,11.730277
BISPR,-3.3940685,-1.9525857
TPGS1,9.818554,9.71029
LCMT1,1.469195,11.94779
PRSS16,-6.268546,4.475574
TM9SF4,-0.64516544,4.686051
SDHAF4,8.502321,5.7042103
TRMT61A,8.310605,-3.2441454
RAD9A,-3.0364335,-6.7031407
P2RX5,11.825504,12.462044
VEZT,-3.4810667,-1.6268284
TSPYL2,-2.298592,2.156407
ECI1,-9.649545,6.5410166
TLK1,-8.960349,-4.1847124
LENG9,3.0260353,-0.95975745
PTDSS2,8.807405,13.471127
SCFD2,-5.6184177,-3.5143511
UTP14C,11.948955,-4.0579934
ZNF473,1.4111078,11.988997
LILRA4,8.804174,-0.20171453
GRK3,-8.455621,0.18391305
TTC12,6.0599895,-5.7940183
ADAMTS7,-13.115638,-1.5071589
HACD2,6.33074,1.1107801
NSMCE1,5.8675447,-10.371492
TRANK1,0.6193271,8.234578
OARD1,-1.5458833,2.953864
RAP2C,13.24543,6.496216
BSG,1.4981918,7.030848
TMEM159,9.603642,9.513939
LRRC20,-1.5902911,-2.9151688
RPA1,13.20724,5.1800694
CREG1,-5.758854,7.732079
TTLL11,5.629221,11.310607
FBXO9,-1.1293222,-9.607008
IL10RB,10.951818,-4.855108
ANKRD42,3.5010118,2.9039876
FBXL12,9.389192,12.1352415
DUS4L,-1.1193397,2.9630964
BCL7C,-2.215501,12.548719
TGM1,-5.665879,9.689807
GDF15,5.675615,-5.5652366
NCKAP1L,10.063551,1.1796318
TMEM237,4.7737646,-3.2079482
MRPL14,-0.0066434736,-3.0956933
U2AF1L4,-0.7247666,0.73608387
FAM89B,9.248461,12.222995
GNB1,-7.0306315,-0.7623396
PRKCI,-4.582119,13.572438
CBX4,-12.625407,6.955883
NEMF,6.6368923,-2.083123
MGAT2,1.8556287,5.048552
MED19,7.82876,10.553762
CXXC5,6.0034275,-5.2470064
ALDH18A1,1.024118,9.4321575
LIAS,1.711712,-1.8128532
CLDN12,10.073749,-1.7344906
AGTRAP,-8.840629,4.4595942
NT5C3B,-5.815801,-1.3298421
ACAA2,3.6025481,2.7922518
GABPB2,2.8110046,-12.055404
ZNF202,10.346955,0.9242312
DEF8,-12.621913,6.9241476
TCAF2,13.8007965,8.920989
ARRDC1,13.363548,2.2270937
ZNF621,9.271366,15.052116
MROH6,5.555063,1.5599144
MOSPD3,10.540186,7.5563145
FBXW4,-1.1161897,-1.081888
MAP2K3,-2.5504038,1.9516488
ELMO2,7.841027,10.417184
IRF8,6.555528,8.663286
CCZ1,6.450433,2.3680937
CSNK1E,6.157129,-0.7649091
SNHG11,-0.96780574,-7.431442
RBSN,0.41586858,10.256363
ACBD5,1.3478507,12.035034
FRA10AC1,1.2987715,-0.8437633
ERLIN2,5.8177376,-2.4124572
ANO9,8.694728,-0.27196765
EDA2R,1.7219722,3.9483888
MOB3B,5.735581,-3.7902415
RPL22L1,2.0554588,-2.5756288
EPN2,-0.53971595,4.614045
NCOA7,-0.7847435,6.849108
STRN4,2.0630004,4.8164134
POLA2,-3.5760646,2.6307495
GRAP,-2.7725284,5.698214
PPP3R1,-8.44504,-9.893346
CRK,8.789142,8.456038
ALG8,7.89515,16.193659
ZDHHC13,-3.6249814,-3.5622246
SUCO,13.498984,-5.0630326
ZNF792,-7.7570553,-3.7122755
PRSS2,13.98563,12.103413
RBM3,6.71651,8.485984
CAPN15,8.180619,4.4564347
DDX59,-1.2637916,12.258682
SDHA,-5.5447993,-4.7547464
ZSCAN29,14.686811,-7.1515255
CMC2,2.0868323,-2.6170714
SAFB2,12.730413,5.6458654
CISH,-4.6472054,0.6673274
TNKS,6.022055,-5.247398
ZSCAN9,7.8035846,10.596558
CCDC57,-11.397216,-4.5498877
PFN2,-4.364668,0.28985456
HSPA4L,2.8946946,6.3564034
BTBD9,1.342198,4.7121296
EMC1,8.756648,5.0596523
INO80C,4.139996,0.74543214
PIAS1,-5.051865,4.0355015
FADS1,8.441525,4.1124783
DERA,-0.8098466,6.875877
SPAG7,-7.139893,-0.6302587
CTTNBP2NL,-5.0143566,4.61162
SEMA4D,-1.6422548,7.910623
ARL5A,5.874397,-10.389713
CMTR2,-0.3404378,6.5590553
HMGN5,-1.4545002,-0.20623511
SERPINB8,-2.3810925,2.161828
A2M,11.390233,8.276308
CYB5R2,-8.755287,0.13323553
FBXO31,-2.290202,-13.3377285
NPAT,6.6406016,1.0236537
AP3B1,-2.6943212,-0.4287281
PRR13,-0.5630701,-2.4065814
ZC3H14,5.485399,2.0455983
PSMD10,2.1964467,-2.1912098
EIF4A3,-8.917003,-7.397913
RASSF5,0.85963047,5.590986
MARCH6,-1.2796353,12.287225
COX15,3.7969449,2.600516
DNAJB6,2.2483811,-10.165376
ADCY3,10.778928,6.240624
BRD8,6.9730964,-1.6923549
LIPA,0.27208066,8.007423
ZNF584,11.748709,6.646992
MMAB,8.342934,4.214164
PTCD2,-13.22646,-1.1478311
ZBED6CL,-6.7627835,9.256497
CHM,15.059229,6.3636456
GPM6B,5.982129,-0.7531997
ZFYVE1,-0.99571615,-6.9514112
STYX,-0.81841123,6.8810396
GLCCI1,6.016943,11.459044
PEX13,7.3084965,-9.584777
TCP11L1,6.2372727,-4.359831
ATG16L2,-7.6447186,-6.319706
GYG1,-4.4217815,-5.93509
SEC22A,-0.41375706,2.07518
TXNDC16,-12.622882,6.927906
SASH1,-6.5061502,3.7667713
ZNF696,8.5132475,5.5955586
POMGNT1,10.349286,7.719641
COX17,-0.006340967,-3.097629
PDZD8,-6.9698777,2.6638548
WDR60,-0.9592284,12.023122
DENND6A,-3.4589503,-2.2721012
BRICD5,9.844152,-1.5848609
OGT,11.406236,-7.2782655
GUCY1B3,-7.78375,4.0113554
APMAP,-5.796668,-1.383408
SF3B1,4.982549,5.5436554
EBPL,11.734066,12.473103
RELL2,8.141707,4.44411
MVD,8.440863,4.1120515
ZKSCAN3,2.797782,-12.064619
CAPN12,5.799014,2.201453
GATC,14.280236,3.3513181
PDIA5,6.5122657,-9.868348
ASPHD2,-4.08217,5.0916815
CHST7,-2.6878624,5.656727
TRO,-8.455055,0.18419813
ACSL3,5.434905,-0.8042538
PIGB,0.4413879,-8.465307
ZNF92,-8.917337,-4.2286983
PANK4,-5.240306,11.780666
FAM228B,-5.638239,-10.99337
PWWP2A,-3.8103125,10.286209
CCDC51,-3.398356,2.7213478
MASTL,-1.484516,-1.2850384
AFMID,-3.9469616,9.782222
TMEM241,-7.019187,2.6125104
ABHD18,7.1819725,-9.949146
CLN6,12.718254,5.6445427
AP4E1,6.0570917,-2.4366727
NHLRC3,-5.7399974,-3.9280992
CCDC71L,-5.049414,4.7299223
RNF19A,6.4906306,2.3790262
PHC2,11.856107,-2.7916214
SLC39A13,-1.0306168,2.912527
SH3BGRL,10.991153,6.314938
SLC38A5,12.383847,-2.3402348
DNAJB12,7.7817855,10.375538
RILP,8.125592,-0.72575957
CRNDE,-7.7073174,4.0454097
DEGS1,-8.439901,0.190348
CD3EAP,6.6355166,3.805977
RWDD2B,-1.0990201,-7.2890716
SERPINB6,-5.6209764,3.7881267
TBC1D20,8.809016,13.477022
PRCC,10.94147,6.369478
ZC3HAV1,9.356336,5.1082287
LONRF1,6.6974025,7.5059075
RWDD2A,6.9416065,-9.865484
ZBTB10,-2.754919,9.422223
THOC2,-6.0959773,-6.7061615
HINT2,0.7314288,-2.4221687
SESN1,1.6860685,4.001248
PTGS1,-5.844027,2.7226744
GSR,-1.5107423,-1.7272427
REV1,-1.549009,-2.9374528
GALNT1,11.118943,-8.437319
SKIL,8.10174,-3.5268476
PPP1R32,6.106019,-2.0566149
FARS2,-8.948667,-7.4302135
STX10,3.3371198,0.7990705
PLEKHM3,7.1428633,5.4328156
GANAB,3.9331746,2.4745767
CDC25B,3.6758478,2.7282968
KLF12,-6.3667383,6.3887696
MSN,-1.148834,-9.58778
NEIL2,-2.7372758,9.434366
FRS2,6.332041,9.195168
STK38L,12.43,-1.4660996
DDX55,6.62794,3.7770996
FAM169A,16.551592,3.228942
RIN3,8.127443,-0.69034016
UBL4A,8.245314,7.6154866
SAMD4A,11.271315,-7.4078126
DIP2A,-0.53729033,2.0146737
PPTC7,9.9207535,-1.6849703
SYNPO2,13.985077,11.484748
PPP2R5D,8.538431,5.6408067
LSR,-5.047299,4.647617
SLC30A6,5.8634434,-10.37467
RFX1,-5.2864065,11.829964
ZCCHC8,3.2874384,6.510299
TIAF1,3.5153933,2.8886898
KCNAB2,1.3103306,12.27534
ZNF223,-3.9625235,8.818355
LIN52,-5.509927,-3.4527106
GSKIP,2.8798544,-1.0826312
TPRG1L,-3.865014,1.7117724
ZBED2,11.004438,-4.820074
TMEM91,3.5161915,-3.6460018
ATP6V1A,5.565301,-5.791736
TRAF3,-4.1037765,4.896201
CD101,-6.867856,2.7977993
CCND3,5.747317,-6.0880356
C1GALT1,6.0623198,-5.328543
DEAF1,0.6703255,3.699726
VARS2,-3.1524458,-6.698389
CRADD,2.8463266,-8.7761545
COG1,1.9824429,5.0009813
RNF208,2.1756032,1.8875755
TUBA1C,-2.9893103,-6.2504277
TMEM161A,-5.5590835,-4.7587595
BRAT1,-3.0231018,-6.7453856
TMCO3,11.46775,-4.6698356
DEDD2,2.2162411,-10.143383
RPL36AL,0.17698714,-2.6969907
CTSO,-8.453906,4.6651316
TGFBI,13.728375,11.035717
LEO1,6.1700344,2.6718485
TMEM254,7.131282,-1.594702
FRG1,4.2679048,-0.69743395
DHX32,7.5455713,10.256385
LILRB1,-10.046731,5.01651
ZNF780A,2.811001,-12.055231
MCPH1,0.26510814,2.7061968
ZNF548,-2.2338517,3.251292
ZNF394,-6.13901,9.286848
IRAK1,9.388489,5.122776
TCEANC,14.14555,-2.4025168
WDR44,1.2065659,6.179975
ZNF594,9.993591,-1.8127238
TIPARP,-6.2030807,0.12619717
ECHDC3,6.1509233,2.6599586
SUOX,6.2216816,13.530468
TUBE1,5.1677775,-0.70826197
LAMB1,-5.837549,2.7155635
B3GALNT1,-7.071199,4.5916905
DOPEY2,0.37382886,-11.114072
ADGRF3,-3.4972296,2.7095027
CPNE8,-12.000567,3.2258885
ALKBH1,1.5811403,-1.4891962
CYB5D2,7.8019853,-3.8064458
RPUSD3,6.378363,4.3542056
CCDC15,-3.886466,1.7340667
AMPD3,-8.458135,4.6592245
ABCA12,11.4197855,-4.7079015
FAM185A,-0.75764775,-6.6409307
MCU,0.42285296,14.482945
KIAA1958,0.26770315,14.332169
PLSCR3,-7.446155,-3.592388
STPG1,10.961384,-7.5132594
ROGDI,-9.97091,4.95872
ZNF709,14.330109,1.3615459
LCN10,5.4304757,2.4515111
TRIM37,5.8426943,2.1743672
ALDH6A1,10.441463,7.6464095
KLHL42,1.4000964,11.995025
MEX3C,-6.23878,8.879059
POMT2,-5.6998343,-3.5478306
DYNLT3,-0.37085614,1.911561
ZDBF2,6.302714,4.1214585
LST1,-3.9580915,9.820343
MYO5A,10.769568,6.229042
KLHL22,-8.507828,-9.95576
DUS3L,-5.7418003,-3.9418986
ACBD3,12.279315,-4.4109716
FYB,-10.044692,5.013832
FBXO4,-2.3116074,-0.4868238
SMURF1,8.740519,12.819697
KIF13A,-4.6251035,4.3724766
NFU1,1.913049,-2.2780635
SMTN,-2.9356506,-5.318219
RAB29,7.9491906,-3.6868553
PADI2,-1.1028067,-7.2883997
UBR2,-9.587787,6.610154
NSUN6,5.5818715,1.187718
FAM129B,7.7240486,10.327905
METTL14,5.803649,1.238336
UBXN4,6.837371,-9.861331
RECQL5,-10.688604,-0.7042284
CYB5RL,-3.037121,-6.244471
FAM174B,8.836683,-0.18096478
CDC73,-1.0268104,3.077844
ERGIC3,10.738761,13.709972
PFKFB2,1.0192257,12.082003
GPATCH11,1.2219092,6.2026143
PAK4,2.026349,4.552792
SEPSECS,-2.1393962,2.2788153
TBCE,3.7885163,0.6427555
NOXA1,-7.235013,-6.1211796
CCDC146,8.517692,-2.910768
CLNK,-8.622857,3.837133
CACNB1,-8.989718,-4.157367
PRCP,-11.151984,7.795137
PRRG4,-4.3973413,4.4801893
SORT1,5.6390753,14.613487
GSDMB,6.0243244,-2.3688395
GCA,6.9768405,7.683867
FOSL1,-5.0604854,4.093812
PNPLA7,-2.083156,3.051495
BCAT2,-8.302217,7.0207505
CA5B,5.205127,11.364073
MRM1,11.25818,8.039591
SNHG15,5.6881876,-0.8285278
TMEM230,-5.352014,11.87579
RNF135,7.166884,5.482018
MAP3K20,-9.231713,3.3012347
SFT2D2,-5.4588966,3.9050033
DCAF12,11.971746,-1.6680412
ACSL5,4.5931745,-3.773863
PDIK1L,-0.7484783,-6.6355495
EIF4A2,5.9129577,14.388839
TTC19,-0.34193,6.5594134
CHST10,-4.7172947,0.75206745
FLT3LG,2.6637545,4.976576
GCAT,2.9024825,12.100951
HFE,-4.5047097,0.5612783
FAM127B,-1.3003184,0.43020022
EPB41L4B,10.328971,1.0781424
C1GALT1C1,3.856798,0.082081586
YIPF1,12.34056,-4.5992246
NRDC,6.51772,-9.859836
PHGDH,5.4186435,-0.7928429
ENTPD6,3.3392951,6.4517927
WDTC1,-0.9706558,-6.84902
P2RX1,-11.951346,3.2945604
CYTOR,-5.9383717,0.36852595
ZNF844,12.519481,-1.3668897
TRIM16L,6.7480955,14.46944
DET1,-1.1354971,-9.601079
TNFRSF6B,-5.8965116,13.260664
ORMDL3,-0.44411242,-6.08863
TOR1B,8.800142,13.483225
AGBL5,0.65546685,12.073605
SIPA1L1,-11.253045,2.1743286
SPRED1,-4.5288205,13.516833
RABL3,5.9189506,0.86670727
NDUFS2,0.102766596,-2.8350601
HERPUD2,2.272562,7.589968
PIP5K1B,-2.488702,9.5252075
IFT74,-0.27648118,-6.0161614
SNAPC2,-0.7548381,0.71840054
TMEM106C,-3.8371923,1.7666557
NARS2,4.550028,-0.23542891
ZNF236,0.701127,3.561246
ANKRD28,13.509901,-5.0694065
S100A4,6.54776,8.673108
DGKE,11.188938,0.6113469
ERBB2,3.33705,6.434619
EPAS1,7.942032,16.17073
MNDA,3.2116048,11.906312
PKNOX1,10.236798,1.0073876
CTRL,4.7313104,-7.390163
HEATR3,5.9517164,-1.87345
ELOF1,-6.4645653,-3.1067648
TKT,0.4553198,-8.479795
CREB3L1,8.220309,-0.43223917
PELO,10.0196,-1.775132
ETFDH,0.42201507,14.481051
N6AMT1,-2.520326,-4.709445
ZNF264,6.4781294,2.352072
RHBDF2,-13.474902,-0.88863397
IL16,2.7919195,-12.075516
SULF2,1.7187728,3.9553628
FLOT1,5.8232694,-4.688199
NOTCH1,-11.21649,2.1391788
TYW5,-5.8090405,-1.3692641
MMACHC,12.705205,5.6519666
SLC35D2,-9.804682,4.8211956
PIGF,7.498873,-9.454443
KREMEN2,-7.234849,-6.119306
FBXO10,-4.532856,0.53350294
TMEM191A,5.8026357,-2.3492017
IL18BP,8.709188,12.859714
PLOD1,0.76501346,12.206135
ZBTB34,13.345118,6.5704474
LDB1,-5.5823665,10.1026325
SNHG8,4.051184,-0.098132
METRN,10.399451,4.8528
MYPOP,9.582704,12.025039
RRAD,9.9563875,-1.7953986
MAGEF1,-7.8782578,1.753242
LDLR,8.445031,4.0839686
SCMH1,7.158134,5.3550854
AP5B1,-2.29041,-13.338003
TMEM185B,10.7897625,6.99608
ASCL1,-9.11939,12.565766
MXD3,3.645933,2.7604494
ILDR2,-8.575249,3.8950057
HOOK3,-11.123175,7.7675395
PSMB8,5.5398808,-3.7454286
MUT,-6.716463,9.240219
ANXA1,-7.7246137,-3.7121038
TRIM25,6.0675654,-13.916677
ATAD2B,9.270465,15.04628
ADM5,0.21805242,2.6816795
SPG20,0.1760102,-11.343002
TPCN2,-6.514275,-0.1639726
ZNF627,14.352374,1.3848416
TIFA,0.035502017,3.7515366
DCHS2,-6.4150887,4.350287
RFT1,-3.4237883,2.7062554
B4GALT4,6.071317,-10.136307
DOCK5,-4.3732085,0.2674689
SLC25A16,3.4289367,-5.3987784
ADAL,10.7028265,4.529143
PM20D2,-1.5171412,-0.9224996
TMX2,8.713818,9.577518
TMEM135,8.43813,4.111518
GRIA1,0.35476437,-11.132107
COA1,8.076539,-5.2323227
KAZN,2.5895255,-12.278783
SDSL,-2.6003036,1.9135698
KIF2A,3.4437535,-3.7009668
PIAS2,7.356245,-6.3525047
PPP1R10,4.4755025,4.815073
STOML1,-6.8062806,-3.424097
TMEM141,1.8299222,-3.4255385
NEDD1,4.184102,0.94260025
HMBOX1,-6.1336646,-6.677661
SMARCD2,13.372367,5.087168
CCS,-1.7419655,-3.1610045
BRI3BP,-1.4833409,-1.4877541
CCDC66,-7.820247,-5.934733
CLCN7,-0.17889911,2.8501017
TTC34,3.5665076,-3.603925
PTPRF,10.745903,4.4831448
SLC23A2,-4.690233,0.7413526
RPS6KB2,11.270032,6.2495646
M6PR,0.091811955,4.610283
POLR1E,10.938624,0.71608526
KPNA5,13.250466,6.4964066
SLC22A23,-5.6883965,-11.043143
TTC23,-9.165158,3.3760908
KDM5B,1.801832,-6.225685
ANAPC13,-3.2466662,-2.8667939
GSTO1,-3.3040519,-3.039864
HDHD5,-0.17257813,11.495918
NOCT,5.459102,2.2929204
GOPC,9.198839,-5.830513
NCSTN,8.408773,13.440111
KYNU,-5.6907105,10.695451
ILKAP,8.21865,7.638027
GIPR,-2.238346,3.2506182
SH3RF1,-12.469565,-3.1755116
MYL9,13.993154,11.522597
GNG10,11.750268,1.9546751
FSD2,-1.0062369,-7.404713
EID2,0.41557387,10.25636
YARS2,4.4715066,0.08920907
TP53I3,1.6725016,4.017841
ITGB1,0.32320195,14.334253
PIK3C2B,12.687828,-2.676782
FGR,-2.4376938,9.591878
PAPSS1,-5.9622455,-1.2121576
NDUFS5,0.2704256,-2.594376
XRCC1,-2.9552138,-5.3539705
TRAM2,-7.1639667,3.9556377
CCSER1,-11.996764,2.9148757
ANKRD20A5P,-7.116393,4.634135
PRPF6,9.134885,8.876764
SPIN3,5.1190743,11.379094
EXOC2,0.24729869,8.010349
CREBZF,-5.6079254,-10.959644
KCTD17,8.130921,-0.71361285
GIT1,13.36684,5.034748
IFITM2,0.55863255,8.184966
CCDC50,-4.2367706,4.3637757
AP1AR,1.1546067,-0.6709556
UGT8,2.567212,-12.301594
GPBP1L1,6.6144876,8.727216
PPM1N,-3.6958647,-8.594393
PRUNE1,0.22199537,-11.299791
TESK2,0.2478118,14.3141575
FRMD4B,10.704976,-5.029842
MLYCD,-0.2339626,2.632133
NAT10,0.69220793,3.4978492
RAB35,11.482159,6.226469
TRA2A,13.352668,2.2298574
CWC27,-0.8089553,-6.597537
YIPF4,-0.25456622,2.1516073
SDHC,-6.820445,2.8619087
CLU,13.980758,11.479949
CNNM4,0.40268004,5.903944
MLF1,8.182487,-1.3034084
DNAJC18,13.62346,9.066041
COX5A,3.148541,0.44808662
SLC5A3,-5.5249257,9.966027
RNF213,1.7675744,8.659562
AP1G1,12.277143,-4.3888526
MIB1,-2.1209497,2.2982817
PPIL3,5.619972,11.36518
ZNF141,-6.1314187,9.291745
PAQR3,1.3734894,4.543127
DFFB,-3.1660023,-5.292843
DTNB,8.032524,-3.606947
ACADS,-1.7503319,-0.69192135
HIF1A,-4.4049177,-5.9473953
OXNAD1,-7.6230154,-6.2760787
LMLN,5.402938,14.610366
DMC1,-3.906706,1.7601821
LRMP,-0.9274839,17.569885
SUPT20H,-2.3114214,-0.48360375
MAPK9,14.280263,3.350969
NOTCH4,8.287112,-1.3809628
TMEM25,-4.014502,9.874078
TMEM185A,-9.427202,4.4774117
CAMK1D,-4.0541387,9.15484
KLHL26,2.0849593,4.6978025
IRGQ,13.484757,-4.7970967
MAP3K4,-6.587728,3.7783575
SLC29A4,-5.746158,-4.0099287
TMEM106B,-1.6188656,-6.7740016
PPP2R5A,-6.3759933,8.695318
ANKRD24,6.05106,3.077467
GPX7,-8.561136,3.8822968
SESN2,5.5802,-0.8528737
GTF3C2,-3.17163,-6.705117
EXOSC9,-7.8263855,-5.927072
ZNF287,-8.8977375,-7.3808446
CHI3L1,13.573125,10.830907
SH3YL1,-5.827118,-3.712155
PDPK1,1.7681329,8.665461
RXRA,-1.2238641,12.198789
ZNF562,8.392347,7.428458
NUDT15,-1.1121546,2.927064
TWSG1,6.072368,-5.764666
TMEM117,1.4973661,7.067196
IL10,-3.876942,10.07944
KIF21A,1.9243224,7.2141194
ATE1,1.7068771,-7.125511
SIMC1,6.7132077,3.762535
ZNF586,11.810386,12.476256
ZRANB2,-3.5035205,-2.2553005
ELOVL6,-14.417453,1.9271504
TBX19,5.157717,11.374921
RITA1,-6.025383,-3.6250875
S1PR4,-1.1428819,-9.593293
STK25,2.7893019,-12.076512
CNNM2,6.459646,2.3643212
WDR26,-3.405851,2.6917741
HSD17B11,2.2267475,7.558829
CENPK,-1.4259585,-0.8678392
TNFRSF13C,-7.2578783,-6.132299
SREBF1,-8.253247,6.968285
DDX12P,-3.036694,-6.143835
FRG1CP,5.872449,-4.607471
PCBD2,-1.2508824,12.208442
SRC,-1.5682713,-6.751534
LSG1,8.589003,9.690355
RGS2,-6.4970145,-0.14352685
TRIM46,-5.8506474,0.41638714
POLR3C,8.192183,7.664505
ZNF610,-4.051938,9.916735
PIK3R5,2.1916156,1.9019331
CPSF1,6.1652656,13.643064
H1FX,-7.2539177,13.663225
COLGALT1,12.75092,5.966567
FGFRL1,-1.3441348,12.322795
HMSD,-1.0020071,1.8917181
PLXND1,13.694749,10.973866
C1RL,5.359638,1.7699884
METTL2B,10.918157,0.6960706
PRKAR1A,6.6296077,-9.926779
PPP3CB,-0.22610877,11.019866
CMIP,-11.300842,2.2218466
RNF8,1.1062773,9.506316
CACNA1E,11.811834,12.475717
GANC,-2.7168221,-0.40536803
METTL8,-3.4902987,-2.2920668
LYST,7.464615,-1.384116
ATPAF2,9.199998,-5.8315277
CYP20A1,4.2639422,1.0459731
FAM126A,5.9137416,0.7801122
PMEL,3.149471,12.024313
PDE4B,-3.461004,4.891964
MIPEP,6.4819074,1.1197839
OCIAD2,1.9953399,-2.650667
NIN,6.330363,-2.411494
CACNA1F,-7.2168784,-6.1130857
TRAPPC6B,3.8586783,0.06160808
CENPU,-0.964826,-5.882823
TTF2,-3.3863316,2.7420976
PAWR,-1.2217891,2.786525
ATOX1,-9.601462,6.5965943
TRIM8,1.0860097,5.993096
ACO1,1.8438268,17.988089
ANKRD46,2.4798198,4.923131
FOXN2,14.347438,1.3801111
GSTM3,-5.9301763,2.0720894
TCTN1,-3.2917535,-5.2956543
GM2A,-5.986392,0.32337663
BTBD1,1.5145981,-1.4390581
ACVR1B,12.802757,-2.1345112
PPP4R3A,-1.5290036,-0.9385681
CACYBP,2.2698448,-10.132096
KYAT1,3.5698915,2.8262162
ERI1,3.3140585,-0.047749046
CD84,-1.7709388,8.016016
ZNF32,13.0405245,-5.094499
AUH,7.454195,10.233828
EIF6,-9.340981,-7.740953
RMDN2,3.8040524,2.5914838
PPP1R13L,11.22651,0.61396396
PERP,0.31346902,14.364003
INVS,0.6862501,3.5522223
GOLGA3,11.806408,-4.44933
ZNF143,2.2387455,-10.155453
TAF8,-2.766839,9.417217
ADAMTS13,4.6118655,0.6924924
KDELR1,-8.010678,11.030527
MAP3K7,-3.4771602,-2.2681568
PRICKLE1,0.45887652,8.111136
TRIM32,1.6071494,4.1259184
ZNF234,-6.4688263,4.8381953
METTL4,-1.4214634,-0.8969443
PRAMENP,-5.7679744,-1.4105592
CAB39L,-5.6202707,0.5137568
METTL2A,1.7797201,-6.04299
FANCE,-3.7125468,2.6304386
REG1A,13.9896755,12.095716
SCAI,7.624238,10.281117
PSMD5,6.1140275,1.4989768
RUSC2,12.792711,-2.1515331
YY1,8.8086,8.484788
NADK,13.332593,5.0578947
LRRC41,12.387607,-5.07092
TOB1,-14.410318,1.9198843
ZNF788,12.4986925,-1.3811375
ARPC2,11.9426985,-4.04138
TRMT1,4.0315337,8.999762
PRF1,-6.093251,0.20991117
ARHGEF9,5.585213,-0.90400016
RIMKLB,-6.25161,4.4760575
TTC3,7.252036,-10.034416
ENDOV,5.425428,1.9764903
PCYOX1,-1.0084091,1.1327627
PHLDB3,7.951299,16.180859
DUX4L50,6.06758,-13.916895
ZSCAN26,12.157497,-2.0647318
NUB1,0.28281993,8.01062
ETV6,3.42915,-5.4015455
DGKA,1.7422075,-5.926162
NOSIP,0.09705326,-2.735504
MRPL52,6.231424,3.631811
TMEM50A,-1.5448085,-2.933296
RSPRY1,-2.4739225,9.578469
GTF2IRD2B,-2.208118,3.2101388
ADH5,-2.5295115,-4.703911
CCDC61,-5.5615935,-4.7594337
TMEM57,7.3555164,-6.350799
MICAL2,-14.377425,1.8880423
HDAC5,-5.351968,11.876175
ICAM2,6.0070724,11.4559355
AMOTL1,-5.326069,6.8405066
ATPAF1,-0.34399635,6.549095
ZNF257,3.9775686,13.053072
ZNF511,0.12625651,-2.7485187
HOXC4,-7.8885307,2.0370753
HSDL1,8.121719,4.4436417
MILR1,-3.8105245,10.278438
MED31,2.3171923,-2.4764981
MGLL,-5.7336807,0.48692423
NCALD,-7.049691,4.568999
SPON2,2.2046857,7.5257816
NUDT3,4.5459175,5.426429
SNRPB,6.3815165,4.3406124
DALRD3,5.3305984,1.7087301
NR2C2AP,10.433076,4.7967744
RFNG,-1.8717963,12.435766
ZKSCAN5,9.2719755,15.051325
EPOR,5.168807,11.3690195
CBLL1,10.951719,6.379835
LYRM2,-0.20154165,11.047326
GPATCH2,3.3013873,0.18035944
SLC35B3,5.9675517,-10.190322
TRAF6,10.012476,-1.7790182
ST14,13.079214,-5.2461677
CXCL10,-0.99079454,1.8924059
ZXDA,6.4911485,2.3761625
TMEM5,4.253295,1.0380309
UQCRHL,11.521694,13.263985
FAM72C,-1.1411513,2.84892
RPL41,11.114459,13.441432
SCLY,-3.7034736,-8.599593
TEX13D,-6.976163,4.5080776
RPL39L,8.30136,2.3406272
FCHSD2,0.26206163,14.328886
RAB15,-1.5574199,-0.73322135
PAPD7,6.7692327,-6.8708982
PDGFA,0.2321973,-4.9576435
TRAC,7.797411,16.29591
SELENOW,-1.5753616,-2.7912273
RPL27A,11.393806,13.251406
KCTD13,9.577993,12.027017
TSHZ1,-8.314849,0.2187057
FYN,-9.025127,0.03395218
ATP6V1G2,-3.9391623,9.692988
ZNF268,-6.5117702,8.48728
ETV3,-8.863981,0.09498882
TPM2,-1.0941811,1.9428583
CCDC71,8.637316,12.709325
METTL21A,-0.6265266,6.7139015
BTBD6,-5.727328,-4.730704
PPP2R1A,-3.1474092,-5.297875
GTF2H2,-12.008877,2.874482
RPL14,11.254418,13.348396
HIST1H2AG,0.07802063,0.0055437554
SPATA7,-13.108468,-1.5224053
MFSD12,10.909351,6.279748
S100A10,11.177395,-7.6083946
NUDT1,-0.970927,-6.338604
MUSTN1,8.5094,5.711307
SNX13,-8.908925,-4.2307
PAFAH1B1,6.044361,-0.7510832
CST3,5.409116,-5.686331
IMPACT,12.804925,-2.1353412
PLXNB1,5.5903893,1.1952968
DPH6,1.9349754,-2.3206923
FGF2,-5.854565,-1.2890027
LACC1,0.45381117,-8.479271
BCKDHA,1.3353765,12.276607
CLEC4A,0.80623007,7.9008703
GMEB1,10.182442,0.96218324
NFATC2,11.042709,-8.523028
ZBTB2,10.9036,0.7003147
PLEKHF2,-1.5701175,-6.7534966
TRIM35,8.710574,12.86498
DNAJB5,-3.476052,-1.6348158
GLB1L,-7.7604423,-3.7094903
TPR,4.540348,5.274754
SERAC1,-6.3759193,3.9992054
ZBTB33,-4.005097,8.852774
CASC4,-8.902694,-7.3860044
TMEM147,-6.499759,-3.157317
PLGRKT,0.6086763,4.002783
JADE2,1.4780245,4.799057
TSC22D2,-7.0558233,-0.58372754
MANEA,11.197575,-7.897941
TMEM150A,-3.9020875,1.7670112
DNAJC10,-1.4642054,8.480117
RPL13,11.47626,13.581783
MED30,14.068486,1.1326452
RAB34,-9.172091,3.3656147
KBTBD7,6.7365475,3.7817385
ABCC5,6.960938,5.237224
HIST1H2BG,0.06990847,-0.0019133684
CCT6B,0.4537586,-8.478847
ZNF587,9.271345,15.051999
STAG3L5P,0.16633879,2.666747
TRIM14,5.993914,-5.3166695
FUT8,-5.7138023,10.715856
IER3,6.217109,-4.376098
HYLS1,1.0998679,9.499148
BSPRY,-6.436864,4.558627
METRNL,3.253933,1.1318785
FADS3,5.8459315,-2.3897667
TPGS2,-3.9313817,1.762156
GMPR2,5.9074936,-10.602386
TMEM156,6.1188955,-5.389654
ATP6V0D1,-6.2522807,-4.976647
UPF3B,3.306559,0.83157474
PEMT,6.0394545,-0.7426397
CAPG,5.609967,-3.857352
TBC1D9B,-0.61671585,11.601853
IKBIP,-6.2232776,8.924208
KIZ,-1.1211231,12.138904
MAP3K3,-11.205615,2.1244159
PDE1B,-0.89292794,6.9530396
POR,-8.443295,-9.89107
PPM1K,0.55474585,8.245145
TRIM13,11.436533,12.561247
ERMAP,-10.928064,9.084748
PHF19,-0.36173755,-0.19760555
TBC1D8B,11.632902,6.6088667
KLK2,-5.5369906,10.905362
UPF3A,6.926931,-1.7170581
CRY2,-13.117183,-1.5009378
BCL2L2,-1.5902102,7.909761
ANKRD16,-9.9334955,4.916665
IER5,1.8892715,1.6261686
MAPK11,11.779548,3.1568265
LSM2,-0.01414555,-3.1185331
NSL1,-0.97720134,-5.857855
AFDN,-6.3448114,3.6240275
METTL26,11.413817,13.227782
MTPN,-9.513929,6.6944027
PACSIN2,8.21956,-0.39813173
ARTN,-3.705024,-8.600076
TNRC18,1.9223167,5.0184417
BCKDHB,1.7705255,8.668349
RAB2A,2.0584338,-2.595331
TCEAL9,-2.8127635,5.9485507
WDR11,0.44181195,4.9047103
HCST,-13.214794,-1.1599892
MYEF2,-6.423569,4.1514244
EEF1D,12.745358,5.637651
ADARB2,-2.6687164,9.473381
NOD1,0.3987648,4.9332213
LMO7,-12.00159,2.9550648
P4HA2,-1.0494596,12.075568
SCARB2,-2.7572362,9.424785
CAPRIN2,11.779811,3.1559327
EHHADH,11.057909,-7.5131707
ACTR8,-5.7391467,-3.9406128
BEND3,8.734653,5.03894
NT5DC3,-7.3679237,-6.1631603
OSBPL9,-5.5909934,10.301655
PRKCDBP,-5.0136557,4.611003
SLC12A7,-5.3246555,6.8414807
TPRA1,-1.3023131,0.43762994
IRF4,0.39069152,8.10428
DCP1B,1.797643,-6.1994286
AGO4,-12.786126,8.100217
PPIP5K1,12.436975,-1.4564122
PGM1,1.183335,12.069268
YWHAZ,-5.7047324,10.711885
HNRNPLL,-8.442161,-9.89032
SLC43A2,7.5964303,10.255748
HS6ST1,8.754782,5.0645404
SLC2A8,-8.791572,4.4165955
NCOA6,-0.4360176,1.9599969
ACTR3B,5.9634075,-10.190508
PURA,-5.4760323,-10.737709
RFESD,-4.5059876,0.5283196
ITGAX,5.50741,-7.9858403
HELZ,4.6925693,5.930816
NUCB2,6.3964987,-9.917732
RCOR3,0.464089,4.578538
RNF121,11.836847,-2.7605803
HDAC1,4.4112415,7.5652466
PDSS2,-2.3262427,2.2080073
ABCD2,-2.9870532,5.3909717
ADAM15,3.2001865,-0.33267704
FLJ37453,-5.6283407,-10.981768
SNUPN,11.69687,12.510065
MYLK,13.994605,11.538432
TKFC,1.6064805,5.177714
BIN3,-0.13046926,3.0833306
ME1,0.2609214,-4.960637
ST7,5.6666517,-0.91952986
PRMT3,4.7627664,0.46781495
SNX15,-8.85359,0.123524144
ZFPL1,-5.9006076,13.252112
PPID,2.254658,-10.172501
ADAM9,3.21614,-3.9017699
CHMP1B,-3.427004,2.7141504
CAMK2G,13.02679,5.3209915
DHRS1,-5.6372986,9.744519
IL13RA1,0.37377205,-11.134324
SDC1,-3.938802,9.710839
RHBDD2,-3.9237247,1.7736472
ANKRD36,4.6614566,5.802679
ZNF354A,3.765198,12.80027
NT5DC2,12.300508,-2.9150949
FANCF,-6.3902116,6.3575644
EPB41L4A,-7.7749104,1.9832183
DTX3,-1.0098212,1.1344001
KLHDC8B,-7.1181397,-0.6515217
ATP6V0E2,8.269352,13.323831
FAM218A,-5.8445683,2.707813
EIF1AD,8.018742,7.771251
CLDN15,2.8363051,-12.02905
ANKRD39,-0.009947463,-3.1050813
TMEM219,-13.205152,-1.150464
SMDT1,-5.6222973,10.565731
CARD9,-11.977103,3.2670841
BAG3,-9.515338,6.689249
RAB20,0.903733,12.099123
FHOD1,4.135166,9.106382
CALM1,-3.5090237,2.6084135
MCC,-8.068949,3.9421573
ZC3H3,2.0424106,4.839325
FECH,5.2130237,16.834106
GPC5,5.341357,-5.715947
IGKJ4,17.053558,0.10615248
ZNF697,-6.317248,4.4307747
RBMXL1,-0.20542336,11.048092
DCLRE1A,6.6393595,1.0363503
PDE6D,-3.2931387,-3.0288265
TLE6,0.6820437,12.086225
YTHDF1,-7.936433,-6.1006994
MTAP,3.5021193,2.9011014
ENGASE,-5.632655,9.745509
GTF2H5,5.0381556,4.543349
MARCH1,8.287693,-1.3769459
CD276,-11.617673,3.6237602
ZFP36L2,1.8441616,17.988667
SH2D3A,-3.7075608,-8.602546
FAM153A,3.809353,-10.94972
PPP4R1L,0.25226822,-4.9777365
SETD6,5.145795,11.416227
TREML2,-11.572562,0.93832046
ELOVL5,-11.574099,0.93788195
GET4,0.42980674,4.567528
SNHG16,5.126026,-0.6941223
KATNAL2,-1.861272,12.4300785
TADA3,-8.354524,0.22870758
TMEM42,11.436576,12.565531
ZBTB3,-5.2441053,11.786919
FUOM,-0.5590432,-2.403527
TMEM18,6.0150156,14.373327
SMS,-1.7283219,2.7935035
LACE1,-6.438393,-6.489974
PRDX5,-0.08340218,-2.6056833
DVL3,1.8816541,4.9419713
FAM103A1,-7.166967,-0.8804755
PDXP,9.803428,9.695798
MED17,4.261462,1.0412582
CNOT2,-8.486757,-9.9359255
MATR3,-0.982065,3.1240726
NDUFV3,8.785313,8.457487
ZNF430,7.1772876,-9.559238
WDR48,6.015258,11.459407
LY9,5.774798,-5.092678
IL21R,-2.2441275,2.2008839
TMEM62,-0.20102002,11.04449
COL24A1,-1.3337098,2.1177921
LRFN1,-1.9086953,12.473158
ADTRP,14.068747,-3.101888
EPHX1,-10.0260935,4.9936833
GALNT4,11.979298,-1.6432898
ZNHIT2,4.149128,9.120774
SERTAD1,2.670262,4.993636
MED21,3.303043,-0.04429579
NKG7,-2.8869638,9.351037
TMEM201,8.72115,5.0236993
FIS1,-7.190477,-3.4439883
SPIN2B,-2.679791,-11.584733
TRMT12,-7.7636023,-6.1052146
FAM199X,5.9476895,-1.8790789
CSNK1G3,1.4949398,15.548948
PLCXD1,-6.8591394,-8.272331
ZNF256,-4.4907694,0.37615716
ZMYM6,6.5881076,-9.9428835
SHOX2,-7.072363,3.9606903
CYTH4,-13.496363,-0.8788501
TMEM64,-1.3923379,2.9681075
UGDH,13.101209,-5.1225133
HVCN1,-5.818081,-1.3258008
ZSCAN21,11.368836,0.45941713
CDK11A,10.384784,7.686112
ANKS1A,-1.7612991,7.970232
TLK2,-1.5496131,-2.9341462
JAM2,8.56705,12.60053
ATP6V1G1,11.434847,12.564029
LBHD1,2.1265159,7.440935
BTG3,13.348093,6.574104
KANK2,-0.061893515,2.4315753
GTSF1,11.019675,-7.4986095
TUBD1,-3.2005525,-2.7774818
CELSR3,-4.014235,8.856473
C2CD2,1.9286038,7.218115
CSGALNACT1,-5.951559,-1.2225097
A1BG,5.4529614,2.0267606
PIDD1,-3.0258124,-6.697959
TMEM170A,7.188841,-9.52597
ITPR1,14.144349,-2.403521
KCNJ14,4.995704,5.5478535
NDUFAF7,-7.6040454,-1.3869358
LEPROT,12.761925,6.014409
PCYOX1L,2.8343568,-12.030637
CHIT1,13.629139,10.900963
DDX42,13.204583,5.179152
FIGNL1,-1.2456021,2.8621604
MED7,-3.365719,-2.0320053
OGG1,-3.3626978,2.7862058
KDM2B,8.446327,-0.37208334
ATG13,12.386562,-4.7065663
EI24,7.359245,11.2998495
IRS1,6.0597935,-6.1376567
STARD7,9.531856,9.410028
KCNK1,8.083247,-5.241
GEN1,1.4649373,11.928658
SYNJ1,1.767119,8.661733
ZNF720,-3.4202862,4.92264
GIGYF1,11.502457,6.4177313
CASZ1,4.4330664,-0.38812542
PPP1R2,-8.525654,-9.972177
PTRF,-7.1963844,-3.2121623
TGFB3,11.19851,0.607473
NFYA,-5.0503983,4.6210685
EIF4E2,-9.3348055,-7.735941
RNASEL,-0.68139416,4.713658
TOX2,-8.34875,0.24071683
PPM1M,-5.874968,0.39241812
FBXO43,-3.9095666,1.8067213
ZNF16,7.844967,10.623064
GAS5,11.57786,12.586536
RPL8,11.098816,13.456155
EPS8L2,-7.821244,-5.9315305
PSME4,6.614086,1.0460399
ST3GAL3,1.7162131,-5.8707385
CEP170B,1.7105695,3.905861
ZNF670,4.177696,0.94316816
CBX8,-7.2124934,2.4151099
PPT2,3.4555986,-3.7016113
CADM1,-9.976708,4.9710426
ZNRD1ASP,0.5554485,4.67318
RPA2,10.241298,0.9903375
DTX2,-1.1426147,-1.0326642
FAM207A,6.365758,4.3227663
NBL1,-5.280902,6.7959323
BMP2K,-8.950872,0.067117035
TAF1A,-2.36486,-0.9656223
RB1CC1,-6.333139,9.168
CCNG1,8.669434,12.922332
PBLD,-6.4387984,-6.4882016
ZSCAN16,0.31771028,10.368237
TBCK,-0.263595,11.053566
GRAMD1A,4.4953265,-4.020195
CBY1,2.6209645,-12.247481
ARL6,-0.8473768,6.9101396
ARMCX4,-14.409843,1.9193883
TADA2A,-3.5096695,2.6146564
TMEM186,2.3863654,-2.4656785
XXYLT1,-3.0344787,-6.3992844
OTULIN,11.309549,0.49238077
TSTD1,11.959962,-1.6197319
TAB3,4.7317686,-7.390056
TAPBPL,2.6395953,4.95252
SRD5A3,-1.464586,8.479063
SKI,-6.415159,4.5635614
PRRX1,-7.4657855,2.165083
STAT4,11.702088,5.883254
NPIPA1,3.9489071,5.7129226
RAB13,-2.7481549,9.427651
DLK2,-3.8161914,15.264033
ARMC7,8.523774,12.527665
SLC37A3,0.27275547,8.009221
RRAGC,1.4928218,15.553506
CPXM1,-5.926761,3.5096016
CIART,-7.083077,-0.58985233
TMEM68,-6.2233953,9.0437765
TRIM66,2.8091872,-12.056476
RYR1,14.081356,11.705299
SLC39A1,2.2003574,1.9247344
CA11,6.193058,1.5002525
GPR89B,3.9949718,-0.038672686
KRT10,14.110006,11.785316
FBXW8,-2.972919,-7.1152964
SLAMF6,-0.177404,11.461238
NT5E,-7.6887355,4.0532165
NFS1,8.402968,-3.1073241
CSNK2A2,-6.780968,2.9336717
KLF11,7.7546325,16.338617
PTOV1,-0.45517206,-2.4869938
WDR34,-9.039032,3.504255
EFCAB11,-0.96326065,-5.8955026
ATF5,3.0965204,11.990393
STRBP,-0.958526,-5.8784423
GOLGA1,-0.2494631,11.247296
MAX,6.6670294,7.4896407
ZNF623,-1.5728148,-2.8051782
TET2,0.28784224,14.352677
ZNF446,14.686424,-7.1513696
ZNF596,3.0430784,12.007072
MRPL28,6.362178,4.3339205
ZNF432,-7.5223017,2.0911496
TRIM3,1.4260471,4.439969
BRE,-7.082488,-0.58941925
NDRG4,2.8075848,-12.0583315
KCNQ4,9.110193,8.900768
MSS51,8.724197,5.0418515
ARMCX1,-5.3249564,6.84321
RPTOR,-0.42255792,3.6500685
ZRANB3,-2.2979674,-0.5162216
IL12RB2,-1.562403,-0.7760189
DCUN1D3,-13.226716,-1.1450002
MCCC2,5.8395762,2.8090963
RDH14,5.5074677,-7.9857445
NOMO1,6.8225465,8.232663
SFXN3,6.734267,3.738149
ZNF77,-3.8172922,15.256358
NECTIN1,2.110625,4.4636345
CCDC167,0.7552009,-2.4082959
TIMD4,-9.383089,-0.16004303
CNOT4,0.4101122,10.261706
ZNF595,-6.4740586,4.867842
UQCC2,1.9047936,-2.9231648
ATF6B,0.54479456,5.781488
COG7,6.6066017,1.0499852
MANBAL,4.8449244,6.124161
ZDHHC6,-3.448171,-2.285828
ZFHX3,-0.35438702,1.8979704
TBC1D32,-12.678213,6.9978623
INE1,14.686039,-7.151298
NPNT,-7.879116,1.732351
CREB3L4,-2.227304,3.2409766
SUPT4H1,-7.1603684,-3.4063268
SLC7A7,-5.0591936,4.818036
MAP3K8,2.116926,1.8412066
PLCH2,5.8933477,2.9067438
ERICH1,2.8870993,-1.0929557
GPAM,5.8051567,2.408395
KIF1BP,6.781904,14.506645
ZNF518A,-6.4674373,-3.091877
PHACTR4,-0.3458356,1.8581307
TNRC6A,4.737691,4.6605997
SRXN1,5.089308,-0.6741543
MNT,-3.413796,-3.171527
RCC1L,-3.1858077,-6.718386
ETV5,10.932738,-7.4888945
PDCD4,2.6747308,-12.192467
AP3S2,7.840025,10.385072
COL5A1,-6.5568995,3.7620196
PRMT9,-0.34113702,6.5625525
NPL,0.7499359,12.222626
ZNF280C,-0.9289496,3.2308047
TOMM7,11.472498,12.928717
FEM1A,9.796663,9.688135
TSSC1,0.11833849,-2.8102233
AK3,13.250234,6.493174
RBM43,4.905735,4.1030154
PAFAH1B2,-3.6190042,-3.5551674
GRAMD3,-6.9335327,2.7180185
UNK,0.3803636,6.0023284
SRPK2,-7.294552,2.3338323
CNPPD1,11.396663,8.266339
PDXK,-5.849207,0.4174531
TTC5,4.674169,0.6992484
ANKRD34A,5.724686,-3.807636
ARSB,-6.4670377,-3.0686514
CHST6,-3.1867604,5.160397
PLXNC1,0.4194053,5.8895154
IVNS1ABP,-0.21895093,11.108664
KRIT1,-6.07434,9.322184
GPHN,-7.3341484,2.2928243
SLAMF7,-7.4572196,-1.2324827
RANGRF,-6.5134587,-3.2181702
TRAF2,10.749865,6.2246933
TXLNB,-5.617804,0.549426
SLC31A1,7.0157285,5.2638335
ABCD3,4.7074733,-3.1886408
MARK3,1.1781495,-0.70397496
TBPL1,1.816237,-2.2339072
FAM206A,-5.5987744,10.597397
CARS2,9.130687,8.88141
GNE,8.452252,4.081387
XIAP,-5.4601088,16.173605
ZNHIT6,1.7773727,-6.1607957
HNRNPA0,11.630031,6.5162616
ROBO1,-8.436866,3.891417
TMPRSS3,8.41184,-0.35459617
SEMA4G,-0.95348245,-5.927652
PIGR,-13.293006,-0.74673206
ZNF304,-6.5210104,8.483736
DNAJC17,8.830083,12.737997
MTRF1L,-7.2484493,-6.1348596
MSL3,10.066089,-1.7604344
GABPB1,-0.64713544,4.691388
PRIMPOL,-2.374164,-0.9450031
FTH1,-1.0400537,1.9207083
KIF21B,0.20602892,2.6687632
SUPT7L,2.7910016,-1.102402
DR1,-3.4306424,-2.2516575
SOS2,0.7604903,-2.4046047
RRP7A,6.0378094,3.4278402
RNF214,0.41419882,10.258026
FAM109A,8.521572,12.533317
MARC2,-7.8828416,1.7373466
TTC21A,10.268801,1.0146435
PPP1R13B,2.8222,-12.043622
DOCK11,2.8373315,-8.767984
AKT1S1,14.3483515,1.3797499
APH1B,0.4867379,-8.511824
TMEM179B,12.210442,-3.2032857
DCTN3,-0.55690324,-2.4058475
SH3PXD2A,-2.4820294,-4.6640344
ZFX,3.3120139,-0.043810662
PHF10,-6.3803062,9.246166
ZSCAN31,13.916498,8.824947
TNFRSF10A,0.32272595,-11.192084
MARVELD1,1.7535486,1.4841902
RALB,5.8503766,-4.6365137
GSS,-3.1299772,-6.6567197
LRPPRC,3.290306,-3.844863
NUCB1,11.533211,-4.647054
HSPA2,2.219352,-10.1462
FBXO46,-3.403794,-3.1538277
SPEF2,12.3989,-1.5302155
MIDN,-1.863427,7.9000564
RHBDD1,7.504535,-9.437889
LAMC1,7.343542,-6.341242
ZNF605,12.431356,-5.0560527
P2RY11,-5.8301997,-1.319073
HSD17B8,-1.8580408,12.42494
OLFML2A,-12.008634,2.9384599
ZNF93,3.9783666,13.054059
NME2,-9.013677,-7.488342
JUP,-5.079156,11.599687
ZNF543,0.67582035,3.7194567
BRMS1L,6.109244,2.5133536
SLC43A1,3.5030224,2.903421
COL18A1,-4.030419,9.890959
DDX19A,10.568588,7.5630283
PPP1R3F,-5.6337104,10.64915
SERF2,-3.1634316,7.447855
DDIAS,-0.8639546,-6.363626
GPC4,-5.7050877,3.6986575
TMEM44,-2.9724703,-7.1192107
VPS13A,-7.2407446,2.3887212
ATP5B,5.4527783,2.3497605
GMPR,0.61755294,8.018318
SEPT1,9.2038145,-5.833109
BCL2L14,7.9614573,-3.67433
POLB,-2.4247882,-2.4716241
TM7SF2,2.1174319,7.435699
ALG10B,-6.404317,8.644133
CPPED1,7.3503184,-6.3485484
CYP2R1,-8.959124,3.6057625
RIC8B,5.6143384,-0.8617599
PHYKPL,5.3203144,1.7223119
RRAGA,-8.734331,4.3777127
OSGEP,-6.0301,-3.6296148
ATG2A,13.398514,4.9909945
MRC2,7.937423,-3.698253
ERICH3,-1.0933928,1.9442232
KATNA1,5.9203734,0.76475716
ARFGEF2,4.6845717,5.869772
ZNF25,-5.797035,-4.9376636
TMEM177,10.860536,0.6701595
NFYC,-0.20037428,11.043561
USF3,11.154922,-8.092315
BTN2A1,7.951622,16.178602
KIAA1024,11.379093,-7.4820895
EIF5B,4.7766914,0.5044394
EID1,4.501359,4.7888823
GJC1,-9.833269,4.84366
APOLD1,7.809065,10.600638
HDAC4,0.6995462,3.4535677
FSCN2,4.354917,-0.6293061
CACNB3,-9.353085,4.452264
ZFYVE19,2.2243605,14.920048
HMG20B,-5.6173816,-4.8254566
UBQLN2,-7.9134507,10.93281
CRYL1,11.215296,-7.561574
DHRSX,-0.9670463,1.2544173
PGBD1,7.8111095,10.582323
BCL2L10,-6.573421,3.7954247
OFD1,12.428891,-2.391393
DAPK1,-4.387268,0.2974133
COQ7,5.8006682,2.7544124
KMT5B,-6.838764,-8.240767
MICA,2.2035851,1.9193083
PROSC,6.193742,1.1193976
NIM1K,10.086364,2.7061024
ZBTB17,3.33803,6.46297
NSUN3,10.0215025,2.6569178
PIEZO2,-10.908072,-6.412086
SMYD5,5.8971205,-0.7751932
IQCB1,-8.889732,9.299703
TRMO,7.7867503,16.307037
PDCD2L,8.513387,-2.911638
CERS6,-1.6358374,-3.0208213
TMEM38B,5.481832,14.49744
CBWD3,0.028685585,3.2034855
NCK2,2.1786294,1.9036754
HAUS2,-1.0838504,-0.49874315
ZNF678,-1.3434974,2.0713844
PTPRVP,1.1839565,-0.71015704
TARSL2,12.971684,5.3639636
DDAH2,-2.516014,-4.7483597
DHX58,5.683895,-3.8834865
TNPO3,9.315035,5.107483
KANSL2,3.1329882,-1.6455066
ABL2,-0.3843406,3.4700541
ARRDC2,6.6131983,8.720521
SIPA1L3,-0.37099567,2.0441291
ASAH2B,4.9792833,5.5481052
RPS6KA4,6.024396,13.898604
L3MBTL4,12.989621,-5.2288957
FAM104B,-2.456847,-2.4814725
ALG10,-2.6297174,-0.5116369
SLC15A3,2.962944,6.354056
IFNLR1,-5.326235,6.857382
TCEANC2,0.68629426,3.6078067
EIF2S3,5.953512,14.307425
PPIP5K2,-2.4853663,-0.6973201
CERCAM,13.65118,9.045422
DDX41,-9.674056,6.520186
RTCA,6.9687457,-9.869272
CLN5,-3.122209,-6.6236286
CTSS,6.4064016,9.065183
ZBED9,-12.0250435,3.15256
PEX11A,6.029756,-5.2594757
HMGN3,-6.754084,-3.442678
ORC6,-1.5114461,-1.7372862
NEIL1,3.5077972,-3.6601696
MRI1,0.5568229,4.674152
CEBPD,-6.4789166,4.2846103
MARCKS,2.6202018,-12.248681
SH2D3C,1.5850774,5.1881723
CCL5,-2.891129,9.345542
FASTKD1,5.5937786,1.1925812
NHLH1,3.2500947,1.1715454
LPAR5,7.1881337,-1.5660225
AP1S1,1.8043332,-6.208134
MLKL,6.7264247,7.5563636
ZNF699,3.7216206,5.8854003
KIAA0141,4.032125,8.997734
FBRSL1,2.106113,4.5075345
GATM,-1.2399898,12.21986
SAE1,-1.4920994,-1.7043781
CPNE3,4.507685,10.133425
DENND2D,7.8472385,10.395526
POU2F1,-1.63451,-2.9763987
ANAPC5,6.0998516,3.3457034
ZNF3,-7.9580026,-6.0744433
WDR18,12.7409115,5.963207
TTC17,6.342397,4.1626225
ATP2A1,14.111706,11.761352
MYL6B,-0.6801228,-0.5634136
MFSD6,8.142957,4.4422126
TTN,-4.2045197,9.080883
ABHD8,-2.2386672,2.2440467
TAGLN,-9.352186,4.449305
H2AFY,5.9800816,3.0811195
TMEM218,4.7354116,-3.2932312
WRB,-1.5303123,2.973451
ABCA9,-5.8771296,2.9015074
ZNF101,-1.0856754,-7.32249
DCXR,8.303806,7.5499086
SCIN,5.342949,-5.6889133
EIF2D,10.761412,13.699777
SCO2,7.6360207,10.297627
MSL1,0.46500206,10.204572
FRY,-7.829105,2.0162141
CDKAL1,7.189359,-9.551697
CTIF,-0.981138,-7.4059744
CST7,-2.8974757,9.34382
PTPRC,-9.999426,4.9755683
FGF11,-1.1901838,12.178003
TOMM34,5.9946003,-2.3560777
LGALS14,-7.1894464,3.9297514
KBTBD3,5.5111804,14.484105
SFXN2,6.7118697,7.520853
SNTB2,-4.1957026,1.8525579
PDCL,-0.8372547,-6.1758714
BBS7,4.2168794,-0.13957971
RASSF2,-8.881609,0.10874283
FAM104A,13.278851,6.5227094
PLEKHH3,-0.6940069,-0.5767578
COL16A1,-14.303806,1.8181543
NPIPB12,2.2240584,-2.42137
PDCD5,1.6694952,-1.6897296
ARSA,11.378663,-7.318712
SEL1L3,13.018297,-5.045789
FKBPL,8.278594,2.3398993
ZNF485,10.934514,0.7052162
SNX1,7.1440315,5.4451838
IL15,6.1273108,2.6465766
KANK1,8.253594,-0.32799602
AAMDC,1.327144,12.285113
KIAA0930,0.6832799,3.6262188
ZDHHC2,-0.336549,6.553097
ZBTB24,-7.7085056,-6.1109138
GOLIM4,6.059494,-2.463236
ABI2,-5.6449294,-4.725706
IL1R2,-9.418598,-0.26477775
ADSS,6.150808,2.6922915
MTMR3,-1.7428343,2.8041968
TCEAL8,-3.1481895,-2.4534302
SLC36A4,-6.411992,-6.517131
INSIG1,1.8944514,1.633044
APOM,-3.3914614,-1.954953
EPOP,-8.259812,6.9747066
SMPD4,13.155497,5.222568
EEPD1,-6.3853025,6.36357
TMLHE,-6.4516916,-6.4585714
ZKSCAN2,14.686254,-7.151156
CD320,6.2382226,3.8636203
FLYWCH1,-0.8238781,4.774459
GSAP,5.7355924,-3.788611
DECR2,-10.734056,-0.7547264
DNAJC16,14.052877,1.1194861
ATG7,-2.7896402,-0.2875765
ELMO3,-12.621393,6.9407563
LRP5L,1.8449758,17.989702
PPDPF,-13.268341,-1.1167378
CCNY,12.57685,-2.3065314
SLAIN2,3.4801009,-3.6865385
LDAH,-2.3718836,-0.46220145
RNF145,0.31453934,10.372061
PLK2,1.7394261,3.9197078
SYK,-2.4846542,-4.6696267
SNHG20,4.014669,-0.06283016
ENTPD5,-2.780065,-0.28496733
BSCL2,11.949917,-4.0454226
ST7L,-0.9825,1.8453205
TDRD3,-5.7919874,0.46631044
SNX29,-7.620222,2.0457973
MOXD1,7.3651366,-6.358787
TTC28,6.7026343,7.5064316
TRIM44,4.5724974,5.4839644
STK16,-8.815512,4.460006
ILK,10.074655,2.6967485
ZNF576,7.3594956,11.298285
GLUD1,13.041335,-5.186437
APPL2,-3.2141397,5.1262565
NPR2,-1.424145,2.1303682
SIGLEC14,-11.162668,7.800272
RBMX2,-2.5249264,-4.7375717
PGS1,-1.2469535,2.8966975
AP1S2,-5.844553,2.7082975
WDR41,-1.5255975,2.9520075
CSE1L,-0.91024953,-6.4157147
ZNF75D,-7.6070724,-1.3877915
MKRN2,13.3470745,6.5758367
ZFAT,0.9712428,3.442151
STAM,-2.527278,-4.762079
PEX26,-12.461185,-3.184076
WASH2P,5.9662395,-0.809559
SUSD6,5.272221,1.5770144
RMND1,-5.582736,10.570282
CA2,-8.75765,3.7760377
ASH2L,-3.407023,2.702054
CCDC191,8.479275,-2.9822505
AMDHD2,-2.5689538,1.933305
CCDC74A,6.0028934,-5.663731
GADD45A,1.6207434,4.1021795
C5,-1.5131056,-1.7409649
SEC22C,11.324942,0.49036092
POPDC2,-8.448198,-9.896034
RAF1,-9.450862,-0.22521324
ANKRD27,12.699436,-2.6793337
KHK,-3.0565746,-6.361042
CARD8,0.023448162,4.679101
PRPF40B,-0.1487164,2.8847964
COX4I1,1.8259783,-3.408199
IL6R,5.636524,-5.862676
PUS3,3.0667036,-0.9450351
GLB1L2,11.249533,-7.798841
FGGY,5.621782,-5.788141
SEC31B,-5.6514997,9.7173
ZNF441,-6.7614675,2.9369004
DNPH1,-9.648936,6.542059
F2R,-5.873565,13.278893
RNF122,10.704825,7.3103924
ANKRD13B,12.7302265,5.626778
PNPO,9.012075,5.086943
UNG,-0.8396513,-0.61742157
ZNF71,0.42602456,4.923441
SLC16A9,10.09524,2.7137697
TCF4,13.535654,-5.065779
PRSS53,-0.25765756,11.262882
CEND1,14.351121,1.3830884
UBE2E3,-2.4809632,-4.6584935
TXNRD2,-0.3620923,-2.5944905
LRTOMT,6.764061,7.6074286
JKAMP,-3.1558404,-2.4424212
HIST1H3E,0.09402003,0.021750413
RABEPK,6.150522,3.6948638
LY96,-8.721693,-10.155732
INSR,-2.1119285,3.0872889
RNFT2,5.47474,2.2856896
SMARCB1,-7.768819,1.9469746
FLYWCH2,8.162498,13.607896
NR6A1,-0.9890368,1.8974113
URGCP,12.162253,7.0037966
AMACR,-4.550892,0.5348778
PER2,-2.9090466,-6.1651764
AGPAT1,2.432081,4.922541
STS,0.7710062,12.200691
PDXDC1,-5.9361043,0.34232172
RRN3,-7.510584,-6.157755
TSG101,-5.6609626,10.740846
ABHD14A,0.024974938,-2.611899
SIGIRR,-9.670722,4.5358944
ADA,1.5034378,15.55887
IL27RA,-5.6145835,0.4800199
WDR33,-1.4458554,-0.9010794
GLTP,-12.46791,-3.1774228
CCDC9,-2.527175,1.9809
RCE1,-7.181423,-0.91781765
LRRC23,2.2188153,1.92633
LPIN2,4.724139,-7.3912697
SMIM20,-0.4827224,3.7235513
PLD3,11.512717,-4.6536093
RASGRF1,-1.5840302,7.945302
ZXDC,0.25107557,4.5799985
TFPT,-1.3061999,0.42488354
ZNF738,-0.28905565,-0.1910454
ABHD14B,5.4106264,1.9411944
EFNA5,-9.077636,12.514441
IPP,3.7050583,5.906096
OGFRL1,-6.836755,2.8389032
MOCS3,8.281007,2.3404155
INO80B,2.115073,4.8379846
PDLIM7,1.5002512,7.055301
CREBBP,0.6842896,3.6593482
PFDN4,4.421552,-0.39421487
SPTLC1,15.060048,6.3541565
PICK1,0.44940752,-6.9686265
CHCHD6,-7.0970154,-0.6223767
CLOCK,5.92628,-1.8613952
PHAX,9.119739,8.873069
FN3KRP,-0.96041334,-0.63530624
AGPAT3,5.8792825,-6.112982
SERINC5,8.832314,-0.18367147
DNM1L,3.1862524,-3.935967
ZFYVE16,6.674924,1.0025687
LPIN3,5.889373,-4.5989366
TRMT2B,14.6869,-7.151648
AACS,12.761474,6.012621
SAV1,-4.0072484,5.408486
STN1,5.5952888,11.319074
ZNF490,-9.673549,6.519418
DCTN4,-5.6164412,10.74239
TOMM40L,12.037965,-1.6678795
MTMR14,8.169316,13.610343
ULK2,-5.06609,4.842395
TMED1,1.3180307,12.272976
GPR19,-1.5788016,-2.5730884
JUND,-5.7904906,0.45140636
SLC9A1,-0.48447967,3.7223105
SNX17,4.165008,9.138354
GSPT2,1.0365298,12.122096
PANX2,-3.4570835,4.8953037
RMI2,3.2010152,3.2665613
ACOT13,0.7467428,-2.4216847
BDH2,-6.3775015,8.666738
PRKCZ,-6.5116663,-6.407107
PITHD1,-9.21218,-7.6387086
LARS,5.406237,2.5737119
THEMIS2,-2.074156,2.3442917
COCH,-0.946406,3.1951668
IFI27,5.5314364,-3.7229967
SMIM19,-3.2037427,-9.961692
TBC1D7,14.169197,1.2223779
RDH11,8.353391,4.21676
CENPBD1,0.41310796,4.7344384
MPV17,-9.363937,-7.758046
GGA2,-0.6372583,4.710627
RCL1,1.7900518,-6.154832
MTHFR,11.457527,6.235013
DDX51,8.046197,7.756457
SNHG6,11.435201,12.563064
LATS2,-9.149884,-0.036731683
ZNF219,1.6428955,4.057681
UQCC1,4.0285907,-0.063535705
PRELID2,1.0465288,12.098327
LZTR1,6.217883,13.546949
UBE2D1,-3.223971,-2.809078
MDK,8.141668,-1.2805774
RELL1,2.9158177,6.358462
EEFSEC,-3.1881638,-6.7140026
HS2ST1,14.279731,3.3508968
CPD,-1.7106932,-3.1239872
ALG9,6.166136,-10.1194515
CCDC152,-9.193514,3.3424754
GLMP,6.470125,1.1377008
EFNB1,-7.4428234,-1.2146829
CD33,1.7423651,1.4712889
DPF3,-0.46254903,3.2408836
GAS6,13.773813,11.09893
AGA,3.1654732,-1.7167099
ZBTB18,0.45054373,-6.9689083
ABCD4,2.2257702,14.917412
SPAG16,-1.5879698,2.926639
GRK4,1.7131647,-7.1219683
ARMC8,4.617588,-0.2102222
KCTD9,-5.649564,10.652065
CECR7,10.669191,-5.053013
ERN1,12.420764,-4.703164
MAP4K3,5.5024815,-7.9754715
SNRPN,6.6103287,-2.0815976
SLC24A1,9.271993,15.051803
KRI1,6.2234225,13.532506
DMXL1,4.8985457,6.2476783
ADI1,8.733375,9.526743
CENPC,-1.3753449,-0.8021653
ZNF8,13.023899,5.3237796
REC8,-1.0022454,1.1463698
POU6F1,-2.409485,-1.0389829
TMA16,4.5406184,-0.19009927
SLC37A4,-6.840851,-8.244792
IP6K2,6.9785285,-1.6880058
SNX9,6.3773756,9.110463
GPN1,3.1038432,-1.6139283
H1F0,-8.992906,-7.4733872
LETMD1,8.528118,5.680117
IL1B,-1.1565841,-9.577565
ACBD6,1.8355924,-3.426829
TPCN1,3.2591674,-0.3921411
MED10,1.363127,-1.0245532
SLC35C2,-2.5357268,1.9748946
KIF26B,-5.3924236,0.323797
COL27A1,-5.862147,-1.2825043
GAS7,-5.95803,-1.2159051
RABGGTB,4.7139273,0.26425695
EXD2,1.1530577,-0.6654154
ZNF436,3.3195596,0.043759402
PMM1,-1.8505602,12.425608
ZNF550,8.718657,9.580426
ATP6V1E2,-1.5481192,-2.919582
MAT2B,-8.694863,-10.131943
TAF3,-0.44476375,3.6006932
TIGIT,-6.494853,-6.4217916
ZC3HC1,3.3244307,0.1090053
LSS,-4.111586,4.8711867
MARCH9,11.261528,0.5985188
FCGBP,14.171818,1.2261633
SMYD3,5.626037,11.331964
RTN4,6.369803,4.7158422
MSTO2P,6.8501606,8.017746
MINDY1,-12.100802,3.1527128
TCEAL1,-2.9154925,-6.1817822
TMEM55A,-2.8763523,-6.1874905
MTHFS,4.3059464,2.2271566
ABCA10,2.8383892,-8.768801
CCDC112,-8.78959,4.4126987
ESYT1,-0.35799128,1.9014343
UBOX5,-0.74466395,4.7324905
SLC38A6,2.3477113,-2.465808
SCNN1D,12.21552,-3.2048864
TPPP,2.0895422,-2.5974946
ZNF688,-5.938718,13.214951
ZNF263,2.061333,4.682285
DNAL1,11.758074,1.9615142
CCDC77,-1.2108566,-0.99113256
COPZ1,12.463089,-4.8544993
FNDC3B,6.042789,-9.86616
NLK,5.8822727,-6.115793
PDGFB,6.2280707,-4.3634806
FIP1L1,11.323434,8.169208
CLIC2,-2.7449296,9.4306755
TMEM9,7.4221845,-1.4172984
SEPT7,5.395717,14.607526
ANTXR2,1.8305435,-6.256026
PRPF38A,-1.0376288,-7.07428
MTURN,-5.885817,2.903794
COMTD1,10.473089,4.758988
MOCS2,4.3845553,-0.65338826
IQCC,4.1588573,9.134604
CITED2,11.105725,-8.42537
NRN1,-0.8544592,11.928414
UBE2D4,-3.9008753,1.7489165
ZNF599,-6.304519,-5.01499
MTMR8,16.640873,-1.7281293
THUMPD2,4.798403,-0.47258285
ATXN3,-6.2790833,-5.002295
KIAA1328,-0.59508616,1.9533875
GRAMD1B,-7.762539,-3.7072608
HECTD2,-5.7455187,1.9656472
NBPF12,2.0819223,-2.6092975
MLF2,-1.8551178,12.423688
PEX1,3.5380435,-3.6305788
PGGHG,0.44941834,-6.973717
DPY19L1,-6.297377,4.4845333
GMCL1,-1.159397,3.1901097
MAN1A1,11.358276,0.4654771
CD163L1,-12.030764,3.0717697
RRM2,-1.1300782,-0.65456575
HIBADH,11.134783,7.864801
LZIC,-9.517283,6.6920147
ABHD2,9.322208,5.1076446
SLC25A6,11.105103,13.455123
CPEB3,-1.6263413,-6.7799616
KLHL20,-5.4594145,-10.716576
TBC1D19,13.392404,5.014067
COPS7A,-7.1917214,-3.4371278
RASA3,-6.096351,-6.7062545
ZDHHC21,0.38511682,4.53099
TRAPPC8,5.95386,-1.8885508
RABIF,-6.948007,-3.3783143
SARDH,12.274812,-2.9311044
AMZ1,-3.2369738,5.105899
TRABD2A,-1.8946681,13.803794
ULK3,9.602764,11.991023
FBXO17,-4.9207444,4.1699853
TARS,-7.2168245,-6.1430097
MICAL1,9.575849,12.023233
ZNF350,-4.4718833,0.3577725
C2CD5,-2.4980745,-1.1340832
TTI2,12.368849,-2.3059778
RPSA,11.549331,13.359993
HEXB,8.268793,12.978249
GAN,5.4034266,14.611585
NETO1,-11.926526,3.3185692
SUMO3,10.162009,1.1139032
LACTB,-7.0385385,-0.539497
NDUFAF5,-7.681821,-6.111114
SNRPA1,4.702478,0.6584768
ZNF721,-8.930805,-4.2093234
ZFPM1,2.325687,4.928016
ZNF626,3.979396,13.054844
CSPG4,-9.009187,3.5316076
IL12RB1,1.1685894,6.1457677
TEC,8.233133,12.978576
MARCH7,-5.7186146,-3.9600422
GINM1,6.0665193,-0.72134334
WDR73,5.2673635,4.4968815
TWF1,-1.4259403,2.1244626
CERS5,4.542107,5.4085937
BATF3,8.214565,-0.3591678
BRD7,6.1070886,1.1597838
PIP4K2A,12.270321,-2.8363562
ZNF132,-11.586155,3.6583934
RSRC1,-3.9233747,1.7726363
FAM174A,-7.9592752,10.979876
KAT5,2.0684626,4.644257
ERH,1.5324819,-2.047563
RAP2B,-6.436431,-6.4920983
HLCS,-0.22196026,3.4092915
QDPR,2.2301583,-10.141706
RBM33,0.27703923,14.342861
CLHC1,-2.4308536,2.051991
FAM175A,5.9966516,14.39067
CERS4,-4.118966,4.8572936
PCNX1,0.26786265,14.336519
ZNF726,3.9292326,13.022657
DNAH8,-6.8880005,9.300516
NEK7,11.757216,1.9601984
PRKD3,-8.438434,0.18956132
DIAPH2,6.018974,13.907518
ZC3H8,3.9150789,0.6285471
BCL10,5.9322395,-10.563277
BSDC1,6.366062,1.2600344
WWOX,-2.9226649,-6.20775
GPATCH1,11.834174,6.7508497
SLC30A1,6.740056,3.7849789
NNT,4.7453194,-3.3276381
CBLN3,1.0247079,9.432685
WDR63,-10.251013,-3.6762483
KIF3C,-7.673549,-6.1463113
WDR25,-6.1544166,0.16321157
GTF2H3,6.2361608,1.149213
KCNAB3,1.3688,12.040307
ZNF239,-4.552103,-7.8153567
ZNF852,-10.690724,-0.7068879
DESI1,1.7835664,-6.159896
FAM78B,-4.094961,5.0244956
MYOM2,-7.6968365,1.9348698
NPIPB3,-5.658305,9.694277
GID4,6.7688,-6.8723006
GAPT,-9.828608,8.310602
TMEM120B,11.506914,-4.6554627
HMCES,-11.121648,7.7581806
SLC35B4,8.252655,4.507995
FAM86B3P,8.71051,5.019868
TAF1B,-0.98070735,3.1581
HEIH,-8.579457,-10.025233
PPA2,-3.0887094,-2.4881225
IL2RG,8.402508,7.419371
KLF7,-1.1620492,0.6138894
CORO6,8.053077,-5.2085056
POLE4,0.6660923,-2.467443
TOGARAM1,-7.1549716,-3.2353873
VWA5A,-1.8947513,13.804021
MEAF6,5.363842,14.4943695
PIN4,3.3031065,0.6534489
TBC1D23,7.306219,-9.594065
EFL1,0.3006711,14.356855
ADAM10,-3.159893,-6.6830163
FAM172A,4.045283,9.007054
BICD2,3.9192436,5.726711
CALCRL,2.8597846,6.3522353
SMG8,9.34462,5.1102104
MKS1,1.2431731,12.238985
SLC35A3,-1.5399595,-0.9356135
TM6SF1,-5.931884,2.0652697
IFT172,8.713466,9.588206
CABLES2,-3.0269442,-6.659987
MAPRE1,5.5637565,2.2536545
STRN3,14.573383,-0.8143461
GRIN1,-1.7583919,-0.69840777
SETD9,-0.7371701,-6.6728473
ERLIN1,-1.0884355,2.9107792
LRRC8D,1.880207,-3.0109878
ISG20,12.343616,-4.6256146
SPIN4,4.066272,2.3590949
ASTE1,0.5632599,4.6767135
DRG1,5.2800736,1.4277563
CCDC127,6.067398,-5.387772
PEX5,1.5136681,11.9023695
PTPMT1,4.152706,0.74702704
CPT1A,12.9750595,5.3674636
SFMBT1,10.985074,0.68873334
UCKL1,-0.5104722,-2.4365082
ZNF786,9.2878,12.2179575
PISD,3.1114357,11.973655
LRFN3,0.46632168,5.8542385
LPCAT1,-9.236031,4.4043374
TBX6,8.732655,9.562139
SFMBT2,4.273236,5.639967
GTF3A,6.0752325,3.38942
IKZF1,6.2881355,9.2616005
NSA2,11.425142,13.289034
LMAN2L,0.35741517,-8.375094
RASGEF1A,-5.9298253,2.9660192
VANGL2,4.96476,-0.6383178
PDE8B,0.40910563,4.6207714
MTMR12,4.7065477,4.838838
TOX,-5.799287,-1.379727
IDH1,8.2861,4.304385
PARD6A,-5.736201,-4.7258925
ADAT3,9.784846,9.672525
GGT1,7.736201,16.358007
EIF4H,1.0663284,12.127038
APOOL,-6.168605,9.273703
LINS1,11.753774,1.9546083
FCRL3,-6.891243,9.300631
HEATR6,5.858946,-4.635756
ABHD4,-7.4345155,-1.2065074
STAU1,5.7730865,-5.089332
XPO5,10.665427,7.43643
MAML1,0.27626148,4.293299
RUFY2,11.25994,8.047047
C5AR1,5.3947105,-5.709152
HIPK3,-5.4581995,16.16695
UFC1,6.857696,-9.857113
BATF,-1.1022545,0.6584648
BMI1,-1.6190335,-6.7680383
COPZ2,-9.1185875,12.564043
GOLGA6L9,3.1657517,-1.7207961
CHST3,-6.430948,4.1654797
NAV2,-8.417747,3.8784492
SPSB1,-5.8570347,2.2098904
ARHGEF3,-2.7863047,5.6202903
ZNF691,-3.7614696,2.6944296
SLC25A17,-1.4919016,-1.5736006
ARSG,11.556226,-4.6134996
MAPRE3,6.1634455,2.651222
PRG2,-4.017305,4.3694496
ACAA1,-6.6128097,9.190252
GPR65,7.987705,-1.179018
LY86,14.0688305,-3.1015942
TTC41P,12.414334,-4.837062
MRPL16,3.3177764,0.1010546
GCSH,6.063534,3.3018546
ZNF124,6.8561277,-1.7684693
LARGE1,-6.374242,3.9973185
KLHDC7B,1.8968158,1.6372807
DHRS7B,-6.52405,-3.27695
PPM1D,1.8147775,-2.2436736
BORCS6,2.870075,0.4368106
CELSR2,0.22409329,-4.9149466
SEPT6,3.3409698,6.408557
BTRC,3.9478421,5.716165
IFT140,3.397511,-1.3494791
C2CD3,12.021319,6.058966
EIF2AK1,11.437354,-7.606539
ZMAT1,12.714742,-2.6833696
ATP6V1C2,-11.9963875,2.8678565
ARSK,1.8150908,5.0734053
SLC39A6,10.060367,2.6848555
DUOX1,-0.7306522,-6.6214414
NDUFAF1,2.403945,-1.7203491
ARID2,3.416833,-3.730189
MEX3D,12.935855,5.3934774
MTMR10,5.8079305,-6.149914
RSPH1,-8.363337,0.21228082
BCOR,0.23217651,-11.289406
RNF11,-8.725917,-10.158528
CAPS,0.70602596,4.826239
PCSK6,-5.0611744,4.002654
INTS1,-0.3835676,3.4301786
LGR4,8.433896,4.0942197
TMA7,2.2717483,-2.4207907
ZNF597,11.882954,-2.8062267
AEN,7.844571,10.401436
CALML4,11.05058,0.6748557
FRMD6,11.220413,-7.810233
EGOT,-7.6554666,2.004685
IGF2R,-0.4853261,3.73223
TSPAN3,1.4288849,11.967885
STRADB,-1.5449296,-0.076470025
GLG1,9.890483,-1.6196234
NAP1L5,5.209895,16.841402
RBX1,1.4145017,-1.1328486
FAU,-2.7002845,-11.588686
SMAD5,4.0234632,8.989826
EZH1,3.0713193,-0.9351239
NMT2,-8.309483,4.373222
TTC37,6.6381397,1.0283521
FBXO28,-1.415502,2.1153288
ARRB2,-0.008883048,-3.1051106
KLHL29,-10.250678,-3.675331
SLC30A4,-7.8877797,1.7178438
TMCC1,3.455852,-3.701215
ECHDC2,-6.2594223,4.476666
POC1B,6.230871,13.516712
CIB1,-6.9795403,-0.6630804
SDCCAG8,8.512303,-2.866267
TRMT10B,6.00546,-0.79925627
RNF167,0.37081462,-2.4927704
NET1,-0.8711113,-6.1655912
FOXO4,5.9856043,-1.9825919
TEF,10.064982,1.1891189
MRPL54,2.173527,-2.523302
FAM227B,13.3498745,5.041547
HACL1,-0.86799663,6.924174
LAPTM4B,7.1647377,5.360593
SMARCE1,0.30643898,10.375799
ABRACL,1.9550864,-2.3621898
CHD7,0.15684475,4.607758
PIGO,-11.412891,-4.5644245
CBWD1,-10.935768,9.094379
LNX2,5.916971,0.7584193
ZNF30,3.9747148,13.0512
ZNF774,6.144163,-10.58037
PXN,-6.7486763,-3.4365962
UBE2G2,9.036161,8.913313
MTO1,10.258423,0.9719209
PLEKHF1,5.8268194,-0.8754482
KIDINS220,4.1125417,5.673406
PLA2G12A,0.19804741,8.064223
CDC42BPA,-7.585134,4.007221
SDHAF3,-3.0267103,-2.481885
GNG2,-1.1328632,-9.60209
PHTF1,5.5521536,-5.7764673
UBA1,-0.35557175,1.8969638
NCR3LG1,-4.9290485,0.1661657
HLTF,4.2060485,2.2713232
MESDC1,11.713909,6.616608
ARL16,9.249093,12.229257
RNF185,-7.4898987,-1.2657146
NT5M,5.8655605,-10.371845
RPS6KA6,0.76075083,7.933759
MC1R,2.0826604,7.3991404
SCARB1,-8.301729,4.362568
ZMAT2,0.30294672,-2.5553052
ID3,-3.2544692,-5.2948737
ZNF322,7.388478,-10.248067
LAMTOR4,0.32267812,-2.5851107
EPHB4,6.2033515,-10.114565
SPG7,10.019222,-1.7915487
ZFYVE28,2.7584872,-12.108348
ATXN7,0.6980556,3.4549596
ZNF83,12.171376,-1.9566046
MTCH1,6.5315275,-9.835624
COQ10A,3.4282215,-5.399564
EVA1B,5.982851,-1.9695902
RRAS2,6.7026825,8.50252
GATB,-4.383284,4.5245814
FXN,6.094579,3.5780122
HEXA,6.324315,9.202654
DMKN,-8.579024,3.8592165
NEDD4L,6.145336,-4.289278
TIGD2,-7.3913493,3.9669812
RDM1,-2.3357203,2.2052293
SAMSN1,-1.5894151,-0.741033
ZSCAN12,10.753101,6.979055
DYRK4,12.301409,-4.4912095
CCR8,-8.4233,3.8798118
RGS17,-6.435218,4.1599264
SELENOH,-0.47715986,3.7151158
MEF2A,-1.3125825,12.240448
CR1L,5.8379483,-0.8647047
VASH1,2.19448,-2.135282
HPDL,6.1461763,3.410283
AKR7A2,11.401417,13.228454
TRIM2,-6.7948117,4.3491893
BMF,3.4918926,2.9140732
MPZL1,10.382567,7.688851
ZNF777,13.3148985,5.0824027
ATP11A,4.403771,4.7642145
SLC6A16,5.691326,1.2982073
RBM17,6.2028394,3.6497886
KAT8,-2.6744506,-11.558066
PGRMC1,1.1037214,9.501477
KCNN4,-3.023458,5.350594
EIF1AY,-11.293476,10.574732
SPECC1,-8.455071,4.6653986
CASD1,-0.68650025,-6.6751046
CHPT1,5.0169826,4.5142083
CSTB,-2.6626215,-0.47615805
TMEM198,12.491904,-4.907708
KISS1R,8.357571,13.430871
PXDC1,6.1270423,-4.271995
TYW1,8.8257265,9.434935
CRAT,-4.6316943,0.6375594
CNTLN,3.8091145,-10.950261
NME3,-2.332276,-0.82818884
FAM83H,-3.2576363,-2.9893284
TRAPPC2L,0.12681113,-2.7672079
CIAO1,12.145827,6.9911613
MVB12A,-5.891686,13.262464
PVT1,11.459464,12.931805
ZNF266,0.32728532,-8.346088
ALMS1,6.2330275,-2.4000852
PCYT1A,8.159811,4.4540124
PPIE,14.03475,1.1049349
LPXN,0.21115325,-11.310199
NQO1,6.090834,2.6249435
SCAND2P,6.3743114,4.3414764
PMEPA1,-2.9850929,5.3964176
HIST3H2A,-12.430117,-3.2093441
YAE1D1,14.132389,-2.4098287
FGL2,5.493672,-3.6834152
NBPF9,8.243622,4.3933597
ADK,-0.6466558,6.7292304
AKTIP,-1.0029628,-6.86986
NAGLU,-8.427916,4.697843
SPTBN2,12.752941,6.0208025
ZNF782,-5.7104,-11.064964
AP4B1,-7.001284,-3.3428092
PDGFRB,-0.8886059,6.9514103
EP400NL,6.761515,8.455216
REXO4,11.57783,6.505021
EGFEM1P,12.461496,-5.010068
CYP1A1,-5.056192,4.0391006
VANGL1,6.2412553,-4.4010386
EFHD2,0.41672114,5.9338665
CABLES1,-9.483437,-0.20064053
ATP8B3,3.9329476,2.4787834
NFXL1,6.539026,-9.878616
FUZ,10.093953,-1.7300453
ITPRIPL1,10.828029,0.64700663
CWC22,-0.87479085,-6.253938
GFER,9.732736,9.626317
CCR1,0.3533629,8.063141
STX8,11.464085,12.943791
TIAM1,10.101224,-1.8619792
CSTF3,-2.315885,-0.48209208
ULK4,-4.553498,13.544124
YPEL5,10.766842,0.6315521
TCTN2,1.047439,12.135531
NKTR,11.742869,10.526712
GSTA4,-5.615443,0.5115714
RPL9,11.465959,12.577877
THTPA,5.222388,4.4597807
NELFCD,4.408731,7.5560455
AKIRIN2,2.2289085,1.9414065
ZNF391,-12.032635,3.1346495
SLC12A6,-7.084577,4.6073427
TSC22D1,-1.8958597,13.80287
STX2,10.920298,0.7003497
PTGES2,-5.7735276,-3.9539595
PJA1,-5.093729,11.616658
MAST4,8.2302,-0.34767294
SYT17,1.9405574,7.224312
PLEKHA4,1.3413867,12.076969
SCAPER,9.437582,12.104439
AVEN,6.206767,2.669312
ZNF165,1.6992764,-7.1320844
CENPS,4.4077253,7.5587764
IL3RA,-2.3665607,9.658865
METTL25,4.4918084,-4.0123644
SLC35E4,-3.4564476,4.8948655
OCEL1,6.419801,1.1764092
TIGD7,-6.3537745,-5.055259
SAC3D1,6.2410927,13.502108
RAB4B,2.1995502,1.92723
UBR3,4.775241,4.6255355
SLC8B1,-4.085275,5.0788975
ZNF554,1.7091995,-1.7522765
BTBD10,1.7401855,3.9307327
GPC2,1.726636,3.9500175
MRPL48,4.167063,-0.76906985
MSANTD3,-0.84913343,6.89681
PIGG,0.6834225,3.5407827
RAB33A,-0.20177928,11.045863
ZNF280B,17.053745,0.10607926
KDM8,-5.8112564,-4.941464
CHRNA5,6.6369395,8.70665
POMT1,6.1603627,1.4575809
PEPD,-6.521278,-3.5041766
JADE1,-1.5249524,-0.9725815
AKT3,-8.798458,4.418389
ALG13,8.52963,5.679764
SMIM8,3.3221097,0.7972985
TRIM39,-1.7451199,7.9590907
MCM9,-0.19484478,11.637465
CYLD,-3.8790433,1.7285484
RETSAT,1.1796541,6.141469
SH3TC1,5.716163,-3.8960695
NQO2,11.04422,-8.521892
ARPC1A,-6.806335,9.269307
TGM5,8.724575,-0.25593707
INO80D,-4.4057713,-5.949336
PLEKHA3,-3.3987663,-3.1427834
LEPR,6.881067,8.4036455
ZNF831,12.300988,-8.033839
PSENEN,3.1614053,-1.7109692
MFN1,6.0465527,-0.7493686
GTDC1,5.1959476,11.365526
SYNGR1,-3.266317,-5.30249
UEVLD,14.178897,1.2321168
IL11RA,10.219402,1.0124336
ZC3H10,0.57126576,4.675949
OSGEPL1,3.6744807,12.916038
PNP,10.521846,7.601616
FMNL2,5.6004634,14.582705
TRMT44,11.269516,8.050007
ZYG11B,-3.868209,1.7097656
CAMKMT,4.2964673,1.1180226
PTPRG,-6.434947,4.0817537
HEXIM2,0.67038506,5.593627
HYAL3,0.14277583,-2.6715171
VWA8,0.29672593,14.332302
NRG2,8.886855,-0.14818832
ZNF286A,10.062625,2.689437
SERPINI1,-3.358824,2.77757
MTFMT,4.476587,-0.39439934
MBLAC1,-6.1352763,9.302673
PDE6B,3.7450926,12.819819
UBE2V1,11.948841,-4.0430117
SNX21,-0.86381143,6.9277916
PECR,10.947008,6.370515
DTX3L,5.490684,-3.6585307
FAM120AOS,12.041,-1.7021974
PRKAB2,-5.877156,-3.6059036
TMEM99,-2.9086893,-6.1709647
GCHFR,-6.3047104,4.4416957
FAM131A,-7.0768065,-0.58148724
MRPS18B,-2.9314313,-5.3167887
SCRN2,-13.471831,-0.8992755
LEF1,-4.5995693,4.380495
HSF2,1.5691023,-1.4625839
DGCR6L,8.365549,13.454088
SLC16A10,-3.155601,5.2070723
THG1L,6.7033167,3.7721426
H2AFJ,2.8794096,0.4330435
RHOH,6.031577,11.463801
MCCC1,5.4975767,-0.8222585
GAMT,7.175386,-9.9866495
ZNF565,-0.8657542,17.627354
TMEM107,0.56446815,12.057479
CAMTA2,-3.1381874,-2.4834843
ARHGEF19,-2.3385324,2.1139114
ZNF608,-6.458654,4.2109942
MYL12A,-7.7139754,-3.6896956
MOCOS,-2.8180711,6.0703754
NBPF20,4.3372645,4.8355575
MGAT4A,-7.599359,2.0470872
PTGR2,-2.39192,2.1491675
ANKRD13C,-7.3195896,-6.1263103
TXNL4B,6.5382004,3.7118564
RSG1,0.7858497,5.485951
SMAD1,11.386756,-7.2900743
IGF1R,-2.2661471,12.567995
FZD6,12.3060055,-8.039737
IFI27L1,12.657158,-2.6722767
EMB,-4.1940174,9.070396
NBPF19,-3.293108,9.211679
TTLL5,-1.5788187,-2.8114088
ZDHHC11,4.9876623,5.5439067
NFKB1,4.731624,-7.390458
ZCCHC14,-6.3766127,3.6374886
RARRES2,-5.0530806,4.039943
TTC39B,-8.360242,0.21176559
ARNTL,4.5297036,10.165285
ZNF48,2.5465147,4.943129
IKBKAP,6.076883,-2.3881698
CEPT1,6.026247,13.926423
BUB1,-0.43445635,-0.17807722
FTO,4.2542386,5.64247
SLC25A24,10.656048,-5.0630345
APTR,3.065367,-0.92603135
GALNT18,-6.4631996,4.278904
POU5F1,1.5923359,6.789483
ANKH,-0.78657216,0.7118788
ZNF212,-12.645459,6.9646993
ANKEF1,11.044219,-7.5616097
PRMT2,1.796338,-6.135874
GYPE,10.68636,-5.0402474
LHPP,3.2269683,-0.3785126
CDK2,3.6095848,0.18112694
OCRL,-4.264259,9.112211
PRKAR1B,-8.942526,-7.424075
DFNA5,-1.4619931,8.482883
XKR6,9.819205,9.724443
THYN1,5.534917,1.4828331
RNF130,13.576574,10.834875
RAE1,-1.5370071,-12.233803
TCAF1,-6.1395006,9.290911
DLG1,-5.458094,16.16697
FBXL16,6.4814525,2.346071
AHI1,-4.001856,5.397053
SERTAD3,4.761422,0.40785474
ATL3,-1.3590039,2.9756093
DGKI,8.190331,-0.520062
MAP2K4,-14.349923,1.8638543
MFSD6L,5.078481,-0.677428
ZNF251,12.204884,-2.1721213
MBOAT7,2.2146251,-10.141757
PARD6B,0.033042893,3.8325891
RAB40B,-7.014784,4.517247
SMN1,4.668992,-0.6241778
ADM2,6.9654984,-9.872084
TMEM216,2.865515,0.43229893
GSTM4,-5.594903,-5.049373
CCM2,-2.4835513,2.0511012
COX19,6.0194945,-5.261334
MFSD13A,-6.8986344,9.302522
STIM2,-10.93507,9.094599
METTL22,-1.8037255,12.411436
DDX11,-3.697524,2.690082
ZNF33A,-6.201712,0.1283439
FAM200B,-2.8647134,-2.466866
PRX,2.087482,-2.4962442
FKBP1A,1.8940449,-2.9291701
IGHJ6,4.3011513,2.238412
PPT1,1.5796456,-1.4811945
EIF3C,0.35397443,3.3134577
TMEM200A,-8.428093,0.19626158
ING5,8.243167,-3.3415
CD99L2,-2.4868393,2.0466058
FAM43A,11.123764,7.8473477
NEXN,-9.461206,-0.15458748
DYNC1LI2,-0.17713222,3.053969
MTFR1L,6.3220863,1.3049335
DNAJC27,3.8156912,0.11357477
NTAN1,-1.4393557,2.9866872
SLC38A2,-8.979774,-4.165091
SUMF2,10.478191,7.615702
RHOA,5.394749,2.5598361
SRSF4,10.054373,1.1923517
ATXN7L2,-2.678486,-11.587483
TINF2,2.6477726,4.982127
USP27X,11.23649,-7.4173484
WDR70,4.7084236,-3.2316432
COPG2,2.8137133,4.987618
EMC9,-0.12633272,-2.660379
NEK4,5.975414,-1.916121
TOP2B,-2.196433,-0.5176547
RAB39B,5.811341,-4.7052817
PTAFR,-7.773525,1.8906636
WDR47,3.2640762,6.3297186
RBFA,6.0808883,3.3767235
STAMBP,-8.019608,11.04059
ZNF189,0.015098043,4.688983
OXA1L,11.4762,13.285013
GALNT2,2.0136714,1.7422191
TBC1D27,2.7231076,4.980263
PRORSD1P,-13.824614,5.7842307
CTSC,-8.5177,3.5293717
PACRGL,1.3454512,-0.9362864
COMT,-9.339047,-7.739192
DDRGK1,-5.903672,-4.8796606
L3HYPDH,0.21677195,8.0331745
ENKD1,4.6633296,0.70821023
ZBTB22,5.589148,1.2001457
HDAC3,-5.7919865,-1.3878073
NPRL3,2.0640197,4.683031
CDC26,-5.583302,10.589587
YTHDC1,-11.413198,-4.5638404
EFCAB7,-1.5565289,2.9774315
LRRC27,0.4501415,-6.9626064
STYXL1,-7.9832654,11.0027
NIPSNAP3B,-11.391975,-4.5446677
HAGH,2.2263644,14.922322
THEM6,3.5049856,2.8995354
GNGT2,5.828813,-0.8734877
TCTN3,-5.523598,0.48738915
RUSC1,-2.9810786,-6.7158594
MTERF2,13.262509,-5.0420547
ACTR3,3.032805,-1.6015992
MEMO1,-3.494271,4.86748
STAG3L3,8.406551,13.216787
NAP1L4,-2.7399352,-0.3541581
NEAT1,6.7434607,-6.871539
TAMM41,6.339339,4.2883677
GMDS,12.446987,-5.0266066
PRNP,-5.8803363,3.509461
EMILIN2,-2.5768745,9.535058
FASTKD5,10.687539,4.5451875
TMEM53,6.481817,14.545761
MEGF9,-13.285544,-0.71353805
TG,14.067195,11.679835
FAM204A,-2.7710183,-2.4426572
BICDL1,5.756226,-4.2546024
MORN2,4.6023455,-3.7293844
HMOX2,10.532154,7.5954967
BHLHB9,6.023095,13.903732
RSRC2,-6.6193967,9.202494
SLC35E3,6.473935,14.553961
IRF9,-13.205324,-1.1757311
TTTY15,-5.534651,10.902285
STX18,-2.4332006,-2.4785733
DIS3L,6.408099,-2.3936744
GON7,-3.3851898,-1.9229019
SNX25,-5.633303,-10.986457
H3F3A,3.3047094,0.89887726
ZMAT5,1.8328847,-3.4227865
WASH6P,4.860124,4.554073
PYROXD2,11.127976,7.8596697
KCTD21,-4.0885878,4.977476
SLC35E2,0.21343222,2.750011
OTUD3,-1.7275313,-3.1551297
KLHL2,-2.6875055,5.6589212
WASL,-7.697465,4.0050426
PIGL,-3.707815,-8.602755
SAMD12,-11.1718645,7.7943783
ZNF2,-12.622534,6.9272857
CHSY1,6.9866967,8.334703
FAM86DP,10.611251,4.622856
PTDSS1,6.4649367,1.1535064
LUC7L2,-1.1185304,-7.274155
TCEAL3,-1.3029077,0.4307155
RNF43,-6.0114837,0.31964692
FMO4,-12.468245,-3.1771874
SPIN1,1.5352241,7.063177
PPP1R12B,-10.692892,-0.71076936
SVBP,5.248868,4.4852166
FBXO48,3.7793043,2.6167169
FHL2,2.1021907,7.429287
SGSH,-7.4274178,-1.1982814
IFT57,6.2445283,-4.36024
SLC6A6,6.6449404,-2.1575308
SWI5,0.1500354,-2.7159636
LRSAM1,-0.66549206,4.6964827
PIGU,0.46538576,10.204999
MFGE8,6.037726,-0.7597049
DDT,4.8682036,4.550051
ITM2C,11.117501,-7.4489393
LRRC61,-5.0471845,4.0276175
YPEL2,1.6843247,-7.0750084
ZCCHC3,-3.1630113,-5.2920084
LMNTD2,-7.500115,-6.1976547
SRI,6.29861,9.250235
NIT1,0.45036337,-6.9692874
DIABLO,4.9154544,6.2542205
ZNF44,7.3605375,11.299358
NDRG3,-1.421723,2.1189704
ARHGEF10,3.2512496,1.1777868
FBXW7,-2.8065577,5.9168897
HSD17B4,0.23793152,-11.282837
PITPNM3,-8.331405,0.21694092
CAPN3,11.743773,10.527095
PLD6,6.034328,-0.75498205
RAB5B,8.23154,-0.39297464
UBE2E2,0.55127954,4.6980376
GLE1,3.2090774,-3.909794
HOMER1,5.4408264,14.548433
MAPK14,-1.5295229,-0.9635137
PPP1R3D,13.348635,6.5771174
RUBCN,-2.1593053,2.2747657
AFAP1L2,-7.084841,-0.60530597
FBXL14,13.411747,4.979295
CPOX,1.5568175,6.7368774
RPS6KA2,-9.827082,8.307903
NAGK,2.831392,-8.7595415
ARMC9,5.757174,-6.072022
FAAH2,8.837946,-0.18319969
F8,10.656354,-5.062702
TIMM29,9.803493,9.695881
ATP1A1,8.148279,-0.64345497
EVI5L,14.076254,1.1401012
PAAF1,-0.7620066,6.823911
KDM6A,0.4172799,-8.440966
TBC1D4,-9.262267,-0.109632865
HDDC2,1.681484,-1.7133377
APIP,-2.6429021,-2.480375
STK17A,10.875547,6.299551
ITGAV,-5.7971683,-3.8565469
ATF7,7.0096593,5.2564526
ZNF624,-2.5416973,1.9721404
CARD6,12.303849,-4.48576
CWC25,11.941847,-1.6139493
FFAR1,-7.2347307,-6.119348
GRSF1,-5.334966,6.830334
CD19,2.8095694,4.977807
BEX4,-2.8098328,5.943219
NECAB1,-0.8707085,6.9334435
FRG1BP,5.8779554,-4.611908
P3H1,13.441891,-4.8499465
PRELID3A,-1.6476749,7.914061
MTA3,-8.442494,4.681304
FBXO21,7.8613157,10.399775
ZNF804A,-5.0611,4.8288646
PRKRA,7.2277,-9.536509
ERCC3,11.582381,6.508679
ANKAR,0.31142154,7.9690237
NMNAT1,-2.711015,-0.4139962
QARS,10.775869,13.688633
SMU1,4.6120067,-0.21323575
KTI12,0.41866452,10.252733
OAZ2,4.497214,10.105491
CLECL1,-11.981485,2.8323147
VAT1,6.95899,-1.6886593
EPS8L1,13.61112,9.075796
SRD5A1,-0.8455023,-0.6244569
FAM45A,-3.8494315,10.176179
GAREM2,9.991011,2.6258736
SLC2A5,-4.0020423,5.3886085
COMMD7,1.7839302,8.682303
CALD1,14.001122,11.555561
ELMO1,-0.18340422,11.504435
UBL7,-1.5195904,-0.81912416
SNX18,5.6278815,-5.8326454
ASCC1,1.048148,12.126926
BBS2,-1.6938474,8.0904455
NUDT12,0.20469892,-11.317406
CUL3,-2.6285264,-0.5141593
SIT1,-2.5001132,-4.6888037
PIK3R3,6.3691583,4.724944
SPA17,2.3460383,-2.467015
SRR,6.741331,8.477805
ARL11,0.44816446,5.889385
MAD1L1,1.9807618,1.7009393
YWHAB,6.107719,2.5381951
SNX27,15.062549,6.3661604
PPP1R14B,0.7622578,-2.3991177
STX4,-13.226522,-1.1375594
TMEM41B,2.0826573,1.804427
GNAL,3.4515195,-3.7041137
PLS1,8.368614,-3.165047
ZNF771,9.776837,9.665625
PLIN4,13.874627,11.26736
PLXNA3,2.670774,4.993239
MAP7D3,10.073585,2.693694
CCDC125,-0.685539,-6.6737785
TANC1,-4.5743046,13.566332
UNKL,13.2759495,5.1221952
FER1L4,1.8960556,-2.9308345
ZNF557,-7.9327674,-6.075756
IGSF9B,-4.727634,4.3808613
MSI2,-2.5239916,-4.7606087
HDHD3,-8.426868,-9.876906
AIM2,6.094965,-5.3551464
NBPF8,4.5032845,10.11802
CCHCR1,-4.1755643,1.8406262
MROH8,11.743798,10.523925
CREB5,-4.631892,0.6580831
RAB24,14.280178,3.3512256
POC5,-1.025631,-7.3154893
NUDT13,4.906812,4.102639
ARL14EP,5.543608,14.595086
KCND1,6.052908,2.4897432
ACY1,1.830611,-3.4342492
IVD,13.808481,8.917064
CD99,2.2253327,14.921525
CCDC102B,4.4056187,4.765169
RMND5B,11.634671,6.5081515
DGAT1,-1.2045437,12.192143
MSRB2,8.414119,4.1394477
MLEC,-12.212059,3.21703
POLRMT,13.331371,5.0588474
STX1A,1.3221196,12.282656
ZCCHC17,6.856418,-1.7327474
BORCS7,4.2599053,1.0750555
DENND6B,-1.3662319,12.255803
TMEM255A,-5.710372,3.6871006
TRPM2,7.973372,-1.191571
NBPF14,-2.2140703,3.2187412
BLOC1S3,12.395156,-5.08432
VEZF1,3.3167593,6.474295
LYL1,-11.689618,3.5440881
TFEC,-5.894554,2.055886
BEST1,-5.942827,2.8520627
CDC14A,-5.8708076,-1.2732414
CORO1C,-5.871828,13.283412
BANP,-0.17996342,11.602651
LRFN4,-14.407593,1.9171039
PEX12,7.1455097,-9.966855
CRTAP,5.787536,-4.6080546
POLR2J3,-7.4503293,-3.591391
TMED8,6.3654246,4.345385
TMEM206,7.1446056,8.294856
NFIC,0.036771934,3.8552775
AS3MT,-3.1327531,7.4223666
ZNF555,13.439945,-4.8515043
IFT27,-6.7045174,9.250019
PPP1R16B,6.478227,14.549921
RHNO1,3.767636,2.627848
ALDH2,12.437177,-1.4570524
SRRD,4.1927013,0.77949923
SV2B,-6.190186,0.13847542
RIC1,-6.400835,4.501578
LMCD1,11.046844,-8.5171795
PIP5K1C,-1.7409357,7.9666038
PRAF2,10.772435,13.691714
SLC11A2,0.39521557,5.9791546
EXPH5,11.324038,-7.397467
TCEA2,12.223062,-3.1419344
EXOC8,-8.980007,-4.165369
INPP5B,2.1013052,-2.4896777
SPRYD4,10.086177,0.57650197
FOXO3,-2.1017625,7.7711444
FMR1,8.725942,12.87267
TTC26,-5.6022053,-3.5060785
ZNF155,-11.206534,2.1244116
SESN3,-14.294466,1.8107822
MYO1E,11.679747,6.640834
ZNF133,6.677796,-1.9672836
GLYCTK,4.7320642,-7.389712
SCART1,-9.200548,3.3336954
SMCO4,-9.017818,0.039455116
EEF1A2,3.0934758,11.9512415
YIPF6,-0.49079412,3.2090764
ROCK2,-1.5463673,-2.9292052
MORF4L1,7.232141,-9.602769
CCPG1,6.82034,-9.865742
AASS,-5.7570634,7.7299047
SLC15A4,11.406858,8.284909
EXOSC5,-1.5102226,-1.7371897
PAOX,-0.9279612,3.226853
EIF4E3,-3.4695446,4.875821
MAPK12,6.0803733,-9.902488
SOX4,-9.936581,4.9219155
DGKG,3.028397,-0.941107
ZKSCAN8,6.492042,2.3713048
CD6,2.9988422,6.394512
ZNF672,-2.9380503,-5.3157134
TMEM69,-3.2616982,-2.8823314
COL4A2,13.796746,11.137671
RAB22A,3.1401925,-1.6994249
POLR3F,-1.5371593,-12.233895
TTC24,-9.970582,4.9579487
RNF2,4.2376375,0.99603546
CRYBG3,0.30237386,14.340293
PI4K2B,-4.797365,0.12756002
ZSWIM6,-7.0240974,4.5419397
TSPAN14,6.6847596,8.521149
NINJ2,5.3565373,1.7637239
IFT52,-2.487737,-2.4779863
LRRC29,8.068717,-5.2251997
STOM,-9.006212,3.534934
KLHL5,2.1825206,7.5097685
VASH2,1.70253,-7.123146
TMEM14C,-0.7922206,6.8586297
ZNF837,2.8085046,-12.05615
ZNF616,0.4651487,10.205059
ABHD5,5.565418,2.2045932
FAHD1,8.797534,8.464277
QPRT,-6.702991,4.292138
TIMM10B,7.8131204,10.5935
MORN1,1.2018446,6.1769385
NME6,14.687009,-7.151651
CBWD7,-0.4195965,3.6301727
ZNF281,-1.2721736,12.349805
IGIP,-7.6988735,-6.118706
SEPT3,12.437257,-1.4484707
TTC22,-4.0583944,8.867484
ACD,12.727891,5.624999
RSPH3,-6.174454,0.15772372
ANKLE2,10.094612,2.7151744
MAATS1,-7.7470884,3.9901118
RAPGEFL1,-9.07057,-0.00470688
ATP6V0A1,12.15411,6.9945126
SLC23A1,12.382554,-4.795963
SLC35G2,0.5987091,3.5846524
CCDC88A,-5.624678,0.5071004
ZNF341,-5.9038754,-4.875555
MOSPD2,2.8084347,-12.0572815
EFHC1,-2.6495085,5.604314
ZNF121,0.4543523,4.6323595
MED9,12.763058,6.007163
SSX2IP,2.4557142,-1.7329004
DCTN5,-5.748011,-4.007549
SAYSD1,4.5304437,10.150119
ECM1,9.893659,-1.6213087
PTPN7,13.87988,8.856863
NPIPB4,4.9854507,5.552237
CELF6,-5.5122604,10.0131855
DCPS,-6.96956,-0.66849095
MTMR9LP,5.7457128,-4.7607684
DTD1,6.3319597,4.2779603
BCR,-7.474884,2.1431487
PODXL2,-7.4994426,2.1064305
XPR1,6.1637545,-0.7551756
TRIT1,6.5171533,8.65551
CATSPER2,-11.126709,7.77465
CCR10,7.0107155,5.2577696
ZNF718,0.21024789,2.7497401
LMF1,0.29743809,7.9828525
NAT14,9.794265,9.685066
CCDC163,7.2068505,-9.979235
HDDC3,9.578659,12.02622
MBOAT1,1.43977,4.4151793
UNQ6494,9.964963,-1.7572932
ARL4C,-12.468187,-3.1774726
FITM2,8.460408,4.0733385
KL,7.9869084,-1.1816676
PIGH,6.2492175,13.5406885
GCH1,-4.054547,8.980559
DPYSL4,-8.978547,3.5928738
CLDN14,3.1275368,11.998463
XIST,4.28391,5.628247
ZSCAN5A,6.3315487,2.4216645
LXN,7.49326,-9.45736
MEST,-8.433247,0.19334677
FBXW11,14.348676,1.3808289
ACTA2,10.512614,4.7220874
RNLS,13.1749325,-5.07239
RN7SL2,3.489541,2.9109929
SLC25A14,2.3589032,-2.4677377
HDHD2,-0.05595494,2.422604
FEZ1,13.466546,-4.7769494
VTI1B,3.2818596,0.81069994
TPM4,-0.33929572,6.5736437
SH3GLB2,11.479109,6.2521944
ZNF506,11.70159,5.904181
ADGRB1,6.311304,2.4373336
FAM122C,3.708745,12.971396
SLC27A3,8.238503,13.290055
ACOT1,-3.8112714,10.27934
MED28,11.45903,12.952531
DDX31,-4.255613,4.35819
SNHG17,-7.9267344,-6.079584
MYH3,11.187913,7.9845705
RDH13,8.488265,5.5904207
WSB2,2.1608028,-2.1376734
ZC3H12B,-7.2475057,-0.9884653
ST6GAL1,11.107738,-8.474549
SLC44A5,-0.92657095,-6.7464542
PCDHGA6,5.0349636,14.460448
RTFDC1,11.345866,6.212442
TUBB6,-6.4434614,3.6545894
SPECC1L,-2.290216,-13.337864
TIE1,-4.003742,5.3837566
ZNF205,-5.6223135,3.7923975
ZBTB49,14.687418,-7.151724
SERPINB1,6.266733,-4.3526044
MORC2,6.5959153,-2.2255366
SMG9,4.631956,-0.23283556
DDTL,-2.9714923,-7.1153107
EPC1,-0.22641337,11.017136
PNPLA4,2.9613886,0.44540048
YTHDC2,-0.79107916,-6.6224403
CTSK,2.874615,12.111719
BLVRB,5.602696,-3.8568785
PKHD1L1,-2.6703508,9.471201
CYP1B1,3.770941,2.6220438
ZNF70,5.396458,14.615379
HSD17B12,-7.2310724,-3.4733763
MLC1,-8.429212,3.89886
ZNF185,-4.0197206,9.886037
ZNF333,1.8859444,1.6265994
DCAF10,-8.937403,-4.2095766
NAPG,1.5286008,-1.4056604
ZDHHC24,-5.5878086,-5.0295315
PDE4A,5.2087893,16.842873
TTC38,-6.1085987,-6.695246
CYP4V2,-5.8782372,-3.600305
SURF2,8.308358,-3.24736
ARMCX6,13.380129,5.0221353
SMUG1,-5.641863,-10.994294
YJEFN3,9.837432,-1.5728533
ZNF765,-0.35433525,11.186177
RNPEP,-5.877776,-3.600244
FAM161A,2.0862567,7.4095426
RBMS2,-11.987471,3.25999
BTLA,10.654533,-5.0630064
NBPF11,-8.504729,3.4990175
UBB,-0.25748354,2.627943
BMPR1A,7.348944,-6.3446274
CDKN2A,8.812167,13.477923
GPRIN1,6.2326107,13.547263
SPNS1,3.4078085,2.994144
AKR1A1,-1.3049369,0.42809916
DHX35,-5.6303782,-3.535443
TP53TG1,1.8082206,-2.1988487
HCFC2,3.0272162,-0.95571697
PRKCE,4.276335,5.6361575
STK33,-0.8719426,11.92272
ZNF749,13.9644575,8.753371
ARL4A,1.7103125,-7.1225586
ZNF426,1.4460224,11.959312
SLC30A9,-3.4103746,-3.1650708
RFXAP,-0.99041617,-7.4143443
SLC9A5,-6.4016666,3.6524847
TRPV1,-11.573743,0.9374493
C1QTNF6,5.446417,2.368009
BBS9,-5.7492332,1.9667894
NAPB,1.1945305,-0.72630423
APOBEC3H,-3.9896169,4.379942
ZNF717,-6.360581,3.6217835
METTL6,-1.3455393,2.069673
CYBRD1,2.09549,7.4184628
RPAIN,-0.8615124,17.631025
MST1R,-10.033108,4.9927998
TNFSF4,-3.4063056,4.934565
ANGEL2,0.45438662,-8.479041
ADCK2,2.081797,4.7259045
ANOS2P,-0.4634464,2.0551054
PLAUR,-1.1299902,-9.606922
CDK6,-1.6473721,-3.018188
FAM30A,-5.059983,4.8253117
ZNF37A,4.560577,5.4783673
GJB2,13.085313,-5.251862
NR2F6,-8.507126,3.5040402
ASMTL,-4.2499356,4.353899
FAM219A,-1.5138261,-0.76445735
ZNF589,3.6229548,2.7739608
CCDC141,-4.2046695,9.076083
FUNDC1,0.76061684,-2.4024947
GSTZ1,5.3321047,1.731231
TTC31,10.106391,2.728521
CLYBL,2.491488,4.909488
LYSMD1,3.809427,-10.950055
ZNF23,-0.37523368,3.4704883
MYEOV,-2.7594302,9.41796
CBWD5,4.502732,-0.26446718
TET1,4.527768,4.99895
PITRM1,10.566026,7.56704
ZBTB47,-8.458259,0.18082537
VLDLR,4.159162,9.1318245
ASIC3,2.8448095,-8.775645
HDAC8,4.744661,-3.233102
CHI3L2,-9.028951,0.033407282
NIPA1,-7.6252384,-6.2867537
SOCS6,10.761074,6.975968
SPATA24,11.42784,13.150185
WDR19,-0.70371693,-0.5818041
TES,-11.276565,2.1972551
GUSB,-3.815645,10.272795
MOB2,-0.8240651,0.68700176
SLC16A7,-1.676331,2.847022
MIATNB,-3.3964036,-1.9396298
TRIM45,-3.608674,2.5518067
CLLU1OS,-4.5444293,-7.8008094
AXIN2,11.677074,16.025002
ZNF500,3.3249269,6.425815
PRKCH,13.020515,-5.2232428
NEK3,-1.9987073,2.4104779
ZNF7,-0.96850276,-7.4365873
ABAT,-2.2641845,2.2138329
GNA12,6.027343,-5.7904406
FAM175B,6.2008605,-10.2461815
TMEM220,1.4339594,11.971519
IQCE,5.760691,14.395838
RTN2,-2.2429101,3.2510004
CACNA2D4,10.0472145,-1.7995759
MEX3A,-2.4478786,2.0921311
ZNF613,-0.928494,17.567686
TEN1,-2.2128646,3.2312126
NR1D2,5.065499,14.464276
MBNL1,-1.5126628,-0.8013928
TLDC1,-5.793867,-1.3840258
BAIAP2L1,-5.317732,6.8419733
DCAF4,10.886708,0.65276545
APOBR,3.4149356,2.9871585
LRRC25,-3.9382524,9.68376
CHD1L,4.5019736,-0.2152879
PTGES3L,0.66712743,12.081679
TBL1X,7.5259566,-9.443535
IDNK,6.160075,-10.58103
OTUD7A,-11.988256,3.07764
RFX3,-0.3376146,11.177115
DSTN,8.707756,12.839296
FERMT2,-6.3607683,6.4005384
SORD,12.761341,6.012534
CYP2D7,4.9065676,6.2437053
CD302,-3.8080802,10.2925415
IL1A,11.156909,-7.6269937
SLC27A5,6.3671484,4.331619
ERMN,-0.93128484,17.567156
ZMYND11,-1.2991838,0.44510326
ZNF714,3.7052858,12.935685
SPACA9,-1.3671796,2.1019688
GATAD2B,6.7635937,14.503445
TRIM38,8.206614,-3.3826997
TMEM136,-0.2819363,3.3406577
TFR2,10.50297,7.617893
KIF9,10.728547,7.252799
CCZ1B,6.497885,2.32952
FBXW9,10.947966,6.366074
IFT46,12.7205105,-2.6791086
GRK6,11.816296,6.731216
ICA1,-9.373221,-0.14816998
SMN2,-12.004888,2.8631113
TRAPPC4,-3.8175325,15.25899
ZNF79,1.4507287,4.415841
NAIF1,-6.0295587,-3.6081126
AIM1,7.990532,-1.1860695
ZC4H2,2.2347305,-10.155951
ZRSR2,0.56435686,8.191597
B3GNTL1,3.2382207,-3.8860846
COLCA1,3.193043,-3.9201708
DNLZ,7.618379,10.287414
TICAM2,-6.532484,-6.3833795
ZNF658,-5.4899535,10.965115
PDPR,-3.2016346,-9.963441
PSAP,7.973052,-1.1997206
DNAJA4,2.2378755,-10.155944
ZEB2,16.640814,-1.7281202
CNNM1,7.8749356,10.40219
PTPN2,-13.118425,-1.499706
FAH,6.1219997,3.5385199
EXT1,11.383773,-4.6806426
CEACAM1,0.23418052,8.042726
SNX12,-5.6637645,-11.0177355
MYBPC2,5.737343,-3.7916048
CC2D2B,4.4055095,7.529934
TBC1D8,-9.121869,12.557555
UBR7,-5.960438,3.2956364
RNF168,4.2777786,9.963485
WDR27,-5.62849,-10.982172
NPIPA5,3.9539738,5.7121744
VTI1A,4.264875,1.0478585
PDE4C,2.0229073,1.7464489
KDELC2,-12.785954,8.099985
ZNF692,6.052031,-9.854026
SLFN12,4.7585697,-3.227148
ZNF561,4.2352953,0.81096846
CPT1B,-5.618053,9.784686
CAST,0.20349285,8.046471
MAP4K5,3.0934415,11.973144
MAP3K6,3.1671484,-1.6809382
FOXK1,-5.2814965,11.82164
ANKS3,8.771684,12.738729
ALDH7A1,-13.105975,-1.5297713
D2HGDH,0.68217,3.693113
CHRNB1,5.417106,1.9175185
ITPRIPL2,-7.627014,2.012554
CA13,1.936617,7.215873
RPL36,11.472867,12.9378805
KLF5,-5.681898,-11.036423
PATL2,11.742324,10.52465
CHURC1,6.491244,14.540628
NUPL2,8.736926,9.526913
DDHD1,-8.912893,-7.394246
DAGLB,3.4959242,2.9086597
POF1B,-5.800811,7.6890826
SDHAF2,7.3606853,11.298643
ABCB1,0.17636634,-11.342647
ETS2,-12.468412,-3.1773267
SIAE,6.046673,-0.752299
SCAF8,3.485366,-3.6771173
NPRL2,0.124666266,-2.8208349
PEX6,8.839513,13.476544
LGMN,6.9357386,-1.706702
ZNF470,-11.617256,3.624906
ZNF501,10.75845,6.969088
MRPL30,-5.501482,10.021874
BIN2,-12.220129,3.2281184
IL32,3.1662695,-1.687392
ZDHHC8,0.76783156,5.503581
NBPF15,4.3810244,-0.6790206
PCSK4,5.465165,2.0783165
HEG1,3.9466472,5.7205753
RBM12B,4.57513,5.4843755
MGST1,1.8183478,5.0696216
ARMCX2,-5.3025684,6.8448644
ZNF674,-4.818863,0.09190114
ITGA7,4.9933186,-0.64561856
NPIPB13,0.39249495,4.5754147
GNB4,0.45298374,-8.479991
KCNQ1OT1,1.738359,8.618969
ATG10,-6.2925835,-5.0102515
IKZF3,5.433149,2.4541583
NTHL1,8.3165865,7.5310273
LRRC8B,-5.9866037,9.353877
RNGTT,3.1900213,-3.9224737
ZNF19,-5.632863,-10.986307
PORCN,-6.1448665,9.317416
TNRC6C,12.780265,-2.155196
AGO1,-5.6207147,-10.972786
FAM58A,6.350323,4.5218434
ZNF215,-1.7954607,-0.6712367
TMSB10,7.963323,-3.674712
PCGF3,-7.112285,-3.2745318
NSMCE3,3.3151844,6.476647
CNKSR1,5.6874,-3.887519
DHTKD1,-2.7786255,5.691815
GSTM1,-2.437056,9.610185
ITGA10,-2.325474,-0.48077494
L3MBTL3,-2.3188436,-0.48088503
ASRGL1,-5.3195076,6.8368692
FTSJ3,10.604864,7.544023
HENMT1,5.479142,2.291774
CHCHD10,6.713597,8.502701
TOX4,-0.8466641,0.66784686
STMN3,-0.9361879,17.5611
C1S,11.390987,8.273729
GPANK1,0.6633623,5.45253
LCLAT1,-13.182202,-1.2007096
STK32C,-3.0344403,5.343117
BABAM1,-6.0212708,-3.6165895
OR7E38P,-0.53512245,-2.4198146
SLAMF1,8.110309,-0.78389204
CBR1,5.687055,1.3431767
ENC1,0.40486524,5.9011335
KHDC1,-7.4765444,-1.2483326
PIKFYVE,5.9228444,0.7610409
ZNF544,6.812734,8.431458
GPATCH2L,5.191142,16.859154
TAF4B,11.15137,-8.09119
ALDH9A1,-6.5511637,3.0614347
HCG11,-4.506009,0.5614701
ENOSF1,-0.849178,-6.217485
SLC17A9,8.285254,2.3412511
GOLGA6L10,3.1637506,-1.7130938
LTK,0.24804857,-4.982346
GSK3B,-6.160369,9.26416
ZNF630,-8.923646,-4.2219114
PAQR6,6.642736,1.0254645
INTS4,10.088919,0.5637729
ATAT1,-0.9405881,17.556517
SNTA1,-1.0049099,-6.9689794
COMMD1,1.8777386,1.617366
GAPVD1,3.4476216,-3.7038913
KCTD3,-5.8788056,0.38600677
TMEM265,4.6929994,5.8694153
SLC16A13,0.21949033,2.6759524
GGACT,5.4120092,-0.77247995
TAGAP,-9.468212,-0.23957917
AGBL3,-8.785416,4.2971582
YDJC,10.453915,4.7840934
MYSM1,13.518995,-5.071407
ACOXL,6.015052,11.458542
PLCE1,-0.6466378,4.688495
SMTNL1,5.55144,-3.75359
KATNAL1,-13.217407,-1.1544982
FOCAD,-3.0387757,-5.32708
ACCS,-0.36315906,-2.5420344
WDPCP,3.9764378,8.941584
CCDC126,11.725782,6.6159687
TPK1,-7.550898,-3.6103237
ARHGEF18,4.4268456,4.8297358
DLG3,5.9743066,-5.296216
ABHD10,4.51603,-0.25664556
ZNF300,-11.610919,3.6320276
CARMIL3,-0.874541,17.619242
TIGD6,-1.0050588,2.9111004
GPAT2,10.971027,-7.4616284
GPX1,4.60037,-3.7471795
STAU2,-1.5114022,-1.7423741
FUCA2,3.3908708,6.3969007
COL4A3BP,7.790398,16.303295
IFI27L2,13.2932005,6.5370855
MCFD2,-5.969091,-3.5826697
MYO5C,-9.641922,4.537331
ANKDD1A,7.3583727,-6.3556285
TRMT61B,5.921142,0.7485416
ADD2,13.608201,10.875984
FRMD4A,5.914856,-6.108938
MTERF4,3.1210532,12.001243
DNAJC21,-5.0499187,4.074206
AAED1,-7.5272555,-1.3021957
PLA2G4A,1.7409061,1.4686776
SVIL,-4.5425854,0.41219515
DTX1,-8.373982,0.20677327
GOT2,5.817175,2.763697
NPIPB11,7.381815,-10.248844
TTC30A,-0.7055146,15.671219
ZCWPW1,0.40066335,5.904662
PTPRN2,-4.527425,13.517458
PSPN,10.908751,0.69753444
PLCB2,1.3507684,12.052096
TUBB4A,6.144427,-10.650362
TPST2,4.724384,-7.3877397
ABHD12,6.5455356,8.692026
CCSER2,2.1946197,1.9317989
FAAH,10.710339,-5.0228558
RGAG4,4.7301083,-7.391433
RTTN,2.8129606,-12.05325
ZBED1,0.6941515,3.6695487
CRCP,14.572963,-0.8132307
DBR1,3.1902328,-1.6477302
TBXAS1,5.96876,-10.189598
CDK5R1,4.983267,5.5383053
SYTL1,6.067581,-13.916763
IMMP2L,-7.044825,4.5831795
ECHS1,-3.8171523,15.2602215
DYNLL2,10.901889,7.581856
STARD5,-12.622973,6.928456
FOXN3,8.7338085,9.5587845
TMEM187,-0.28823727,-6.025658
LIMA1,-13.221808,-1.1595519
MNS1,6.215278,-10.264944
PAIP2B,2.9181452,6.37332
MRNIP,-0.9229626,3.2118347
ANKS6,-1.2556596,12.406766
DNAJC15,-1.5904292,-6.757783
PACSIN3,12.6880045,-5.014799
ERC1,8.377607,-1.429867
AMOT,5.577029,-0.8672205
NOMO3,6.662009,-2.06236
GPR63,12.715225,-2.682308
PAFAH2,-0.54679024,4.594052
ATP7A,10.061974,-1.783117
CD46,-5.851673,-4.9804726
ST3GAL4,6.4817653,14.548777
YOD1,1.7882293,-6.157701
CLEC2B,7.9545236,-3.682782
ZNF57,10.0442705,-1.7730839
ZNF331,-0.34691408,11.188914
NUDT2,5.465348,14.567195
MTX3,4.387557,-0.65147275
PDZD2,-5.8244395,2.8905382
HNRNPL,-9.600029,-5.778631
UGGT2,11.60588,6.567249
TIGD5,11.71451,6.613063
KDM1A,-1.5833141,-2.8955288
PTGR1,5.6435575,-5.7148046
CASC3,9.930963,-1.888754
MAP3K7CL,-3.4815967,-1.6313025
L3MBTL1,-3.2011447,-9.963667
PLEKHG4,3.2063708,-0.3326381
SLC9A9,10.106783,-1.8671845
ZNF839,4.546629,5.188649
UVSSA,-5.5335183,9.90321
MYO15B,4.4114237,7.5664477
RASA4CP,6.785462,14.5047035
SCYL3,-10.694369,-0.71318203
MALT1,-5.6138835,-3.5113468
TRIM47,10.402025,4.8476896
MKKS,-3.0345871,-2.541094
GRAMD4,8.768247,5.0685673
DACT1,-4.4961767,0.523977
SBF2,7.1689086,-9.985982
FAM161B,10.400454,4.847875
NKIRAS2,-6.279286,-5.002685
RSBN1L,-10.935779,9.094349
ZNF232,-1.7500262,-0.7190916
RFFL,-4.1096916,4.8872266
PNMAL1,-2.816265,6.04119
QRSL1,4.495255,-3.9899492
HADHA,-2.592698,-4.8748183
UNC13D,-0.76909804,0.7149458
TRIM4,6.1375422,3.5985906
ATXN2,1.771766,5.11276
LATS1,7.9862356,-5.140634
DCAF16,-11.547637,3.7002714
LIMS2,11.314987,-7.3918576
TMEM45A,5.6751914,11.307935
SUPV3L1,4.5408545,-0.23564675
NRSN2,7.1648498,5.482042
ADGRE1,-5.7622285,1.9838738
SRGAP2C,-1.2051154,-0.729554
FOXJ3,3.4280467,-5.3988132
B4GALT1,-7.590754,-1.3682808
KIF1B,11.704865,12.503192
SLC9A3,2.0851927,-2.510853
TIMM10,6.3689213,4.000339
SLC14A1,11.117091,-8.460724
MORN4,1.0370641,12.133347
ZNF592,-0.36789623,1.9258487
SS18L1,-3.499986,-2.262391
ACOT8,6.363247,4.3386545
PRKACA,1.7608759,8.647841
HCG22,-10.908408,-6.4118333
NDUFA10,3.455722,2.9487104
PLAG1,3.2757454,0.34045383
FAM50B,-3.027929,-5.324081
KCTD5,-0.17204197,11.607909
TSGA10,-5.632417,-10.986192
SNHG5,-13.363263,-1.0288526
SMPD3,6.0407524,13.873181
LRRC57,-9.601206,-5.7791777
PYHIN1,-4.4038205,0.2701993
GOLGA8B,10.522238,7.599666
NLGN4Y,6.157046,-0.791798
ABCA3,-11.200463,7.7416487
TC2N,-5.08632,4.1723337
S100PBP,-9.531534,6.674553
TGIF1,-0.15986958,11.663722
HOMEZ,3.9389732,5.719366
HIST4H4,-0.011268048,-0.0632933
PYCR2,6.3509803,4.546948
FAM53C,13.209554,5.178837
LRRIQ3,13.082298,-5.2407103
SIK1,-0.97305655,3.207051
ALKBH3,-3.1340964,7.421282
MARCH8,-2.4492698,2.0752332
TMOD1,2.7263277,4.980124
MAP4K2,9.437011,12.092487
TNIK,16.640768,-1.7280806
APOBEC3B,5.582211,-1.0416434
DCBLD1,-5.809132,2.2484045
CORO7,-2.0975173,7.7665205
CPNE7,-3.1918595,-9.957831
RLIM,3.8034601,2.594552
GGA1,-12.6306095,6.956945
PILRA,12.5014105,-2.394963
RAPGEF5,-8.964456,0.06667566
PEX19,-0.83340055,0.69855803
PARVG,5.494397,14.609375
PRKAB1,-3.9249845,1.772066
NMRAL1,13.361545,2.2292585
NVL,5.974379,-2.3140562
PDXDC2P,-0.17505853,3.0585365
ZDHHC7,10.890247,6.315854
PLA2G16,8.241816,-1.3474061
STAC3,-6.464213,-0.11559077
ATP2B1,-11.182012,7.7613573
MSRA,7.8992395,16.191189
FAM26F,7.4732566,10.239799
CAMK4,-4.515799,13.504265
MTHFSD,-3.2007105,-9.963251
FTCDNL1,1.4915911,7.0270033
PRR5,1.7319431,-5.899541
PCM1,-1.1378266,-1.0354637
WBP2NL,3.9423573,13.024745
CRTC3,-9.394031,-0.17241594
MGMT,-5.930637,2.064169
PALD1,-1.6172161,-2.8005488
DFNB59,-7.4428,-1.2082357
KCTD12,-2.3439927,-0.8507086
PLA2G15,3.1237228,-0.7206377
FAM86JP,8.376474,7.4460697
MED11,-7.111571,-3.3182645
MAP3K13,11.877107,-2.8072722
VAPB,7.126125,5.334905
ZNF600,-0.20740119,2.1554754
B3GALT6,-3.8166409,15.262214
SLC39A4,2.0513818,-2.591997
SERPINB10,-2.3959138,2.217877
PTER,10.056487,-1.7576114
EPHX2,-9.634997,4.532362
CD151,-0.95421904,2.8485067
EXOC4,4.9048877,6.235501
MPZ,12.040649,-1.6983817
GALNT11,3.0547469,-0.94180316
TYW1B,8.788915,8.46099
OPLAH,13.551143,9.077904
SUPT3H,-4.877892,4.2103505
IQCG,-0.89552355,11.94252
EHMT1,3.2549133,1.1252514
RP9P,-9.940677,4.923703
SNHG7,-9.134293,-7.6158013
SPATA20,7.1633234,5.479163
MCAM,8.213273,-0.44320017
TRBC2,11.947741,-4.039586
ZNF518B,-8.296343,7.012171
FAIM,2.8788555,12.108844
ZNF514,-3.9342842,9.643386
IAH1,12.522843,5.8714156
ZNF764,9.194733,-5.8237743
UNC13C,-5.094127,11.616861
MOK,2.257917,7.5773034
TXK,6.729647,7.556559
DCUN1D2,8.006836,7.7906966
NSF,2.2270398,14.9255495
ZNF280D,-1.3917273,2.099541
PER3,0.48140493,5.8639646
JAG1,11.006234,-4.822872
XPO7,5.9906874,-2.331859
EXOSC10,10.746607,0.6874785
POMC,-3.9337502,9.666949
SLC41A3,11.419977,13.238805
RGL4,0.5638017,4.703998
GLOD4,-2.469367,-2.4790304
SYDE2,6.36701,1.2029219
LRRC56,8.253513,12.981437
FAM114A1,-1.2840631,12.29903
IKZF4,3.2842648,6.508819
UBQLN4,12.123803,5.996855
KCP,10.654843,-5.0633283
CHMP4A,0.3004566,-2.5562992
MAP1B,-5.0673137,4.0275626
PITX1,-2.6441822,5.575266
SCRN1,1.5734857,6.7558346
DIXDC1,-0.7151471,-0.583006
CBX7,1.8942888,-2.2605636
CES4A,8.16926,13.601346
PHYH,4.4942656,10.093903
SLC22A5,0.38933763,8.103701
PIP5K1A,-5.458077,16.167091
ENTPD1,0.69639766,4.827597
CCDC7,11.719696,5.919966
ELOVL7,-2.8460014,9.377443
FAM120C,10.019912,-1.7667776
FAM118A,0.37576047,-11.136016
FAM57A,0.8264392,12.134428
BOLA1,-0.16178349,11.614881
MAGEE1,11.13248,7.8621492
NBPF3,8.145714,-5.30356
PAX8,-8.069106,11.09216
FUT10,-7.6917267,4.04397
SLC29A2,11.900052,-2.8259847
EFCAB2,6.900011,8.385851
ACOT2,4.052369,9.0188875
PCED1B,1.5070328,7.0235944
FAM167A,-6.309744,3.6389227
GTF2H2C,6.1209364,3.3833966
PABPC1L,-7.508895,-1.2824613
HNRNPA1L2,10.085232,0.56833845
KIAA1324L,-2.7572663,5.659286
MDGA1,1.0962131,9.499933
PQLC3,-5.7296286,-3.9577916
GAA,-0.93053347,1.8718674
PIR,1.711293,-7.122784
MAGI3,6.673356,14.501257
NEURL1,-1.5558656,-0.0646548
ISL2,11.73722,10.496726
RHPN2,-2.2408164,-0.5337696
S100A13,-6.402848,8.643958
MB21D2,3.099787,11.974685
QSOX2,0.96137965,9.3735075
NIPAL2,9.136458,8.8735695
MXRA8,1.3677495,-1.0243862
PSMA8,8.713067,12.8525715
SDR42E1,10.8962345,6.28616
SURF1,-1.6215469,-2.9770927
GTF2E2,-1.1442631,-1.0402709
FHL1,7.184988,-1.5724274
NFIX,10.763142,6.2311006
ZDHHC23,-6.0347495,3.460448
CCDC144A,-6.837031,-8.234498
NBPF1,-12.623641,6.931777
SLFN5,7.5208797,-9.435739
CPNE1,-5.563278,9.85751
AP4M1,8.372919,13.461106
THOC3,-1.4452882,-0.85429865
OGDHL,-4.096708,8.876343
UNC13B,-9.026505,3.5211973
BLK,6.4945793,2.376676
TTC8,8.773555,9.497746
PPFIA1,10.734649,7.2136145
ZNF695,-2.4667196,-2.4789102
TRIM61,-5.845196,2.7090676
ZNF117,9.271105,15.052464
DGAT2,-1.1120992,-7.319779
NTPCR,6.249913,-4.361857
NUDT6,-0.7541842,-0.616859
COQ6,4.600455,-3.7480042
NPTN,3.0570455,-0.9009454
ZNF34,-0.7049661,15.671091
ZSCAN30,-0.4867887,-2.4647496
KPTN,-6.0501823,-3.606458
BBS5,1.8718965,-3.0123608
SCD5,13.0407095,-5.183108
RAD50,-6.466808,-6.469089
MYOM1,-1.2300153,12.211275
SLC25A51,3.4287155,-5.398123
ABCA5,3.5701995,2.8350408
WASH3P,5.5902886,1.1966187
FAM122A,0.14576656,-2.7711122
CFL2,-0.17280327,2.4501133
EFCAB13,-0.4188944,-2.499703
SFXN5,0.63487345,4.6346974
NAPRT,5.8698473,-10.369975
B4GALNT3,4.163943,9.137073
VRK3,10.883441,0.6985844
XRRA1,11.95468,-4.0591874
ZMYM1,5.315957,1.6690451
CNPY3,3.3518903,0.69169086
CDKN2AIPNL,-1.4071021,-0.9043403
TRIM16,12.373905,-5.108685
TEAD4,-1.6000487,-2.9043958
CES3,-4.1843777,1.8489234
NAPEPLD,6.051866,-0.74840003
TRIM68,14.169652,1.2208612
