node,x,y
DDX21,9.12506,-7.218358
ABCF2,19.270016,2.0315394
SBNO2,6.8320584,1.2963035
NAMPT,7.0187554,1.5347459
STAT3,7.410365,1.4847896
ETF1,14.240538,2.169603
NIPBL,15.006073,0.4279182
OLFML1,4.818668,4.2684517
KMT2B,7.327908,1.404598
WAC,20.616308,4.638466
YME1L1,13.169925,1.4094718
UBXN4,8.924448,-2.343744
PNO1,17.869476,0.15425219
SPI1,3.1677523,-2.0575447
NTHL1,6.1522927,5.101803
STAG2,15.308583,0.71711814
PHC2,-0.109389916,-0.27772132
EIF4A1,5.986998,10.297692
KPNA4,4.85568,-3.127521
ABHD14A,5.6493382,5.099945
STMN2,2.7307143,0.5099305
TM9SF3,13.36486,1.1267921
IPO4,19.124475,2.8702347
ZDHHC9,0.5206567,0.08105185
ZNF598,8.121496,1.0877006
PLXND1,3.969522,-7.2833023
ABCE1,9.227595,-7.596226
RHOT2,9.581728,0.024308542
DSTN,12.1280365,5.298063
PPM1B,11.803433,-8.885266
FLNA,9.02808,-3.2950976
EIF3M,2.4380178,3.076185
FBRS,9.34605,7.409054
EIF2S1,13.995431,2.0445578
RNF150,14.570065,-7.032802
NEDD4L,15.695795,3.617921
CKB,8.34899,-3.7182558
XRN1,13.195116,-0.76515806
MED13,13.741168,-0.8240556
ELOB,1.1265824,4.139333
IFI16,0.6306345,1.0588536
ELL,7.155373,0.7945499
ARPC1B,-3.6290598,3.919053
ATP5A1,18.407639,-8.297698
LMAN1,6.30645,-4.3281016
SHARPIN,19.524967,-5.8235903
ASH1L,16.910069,-5.3406844
CSNK1G2,8.338912,0.5331259
WAPL,8.947807,-1.9210253
SEC24C,-3.0616827,-2.056268
TBC1D17,-0.7716475,6.8383665
TRAM1,6.74001,-4.1206007
MYH11,10.394838,-1.2089112
SLC8A1,14.577933,-7.7676296
TYROBP,3.1528752,-1.8792483
TCEA3,7.306616,4.9767623
GGCT,9.044331,1.9443061
GLT8D2,4.8172975,4.07802
MIB1,5.907514,-7.062528
METTL1,6.474929,2.3951347
CCT6A,10.60032,9.797931
CUL1,-1.9565034,4.395238
MSRB3,10.695299,-1.193124
UBE2D3,9.163537,3.7510786
TPM1,10.141101,-1.6592765
ITCH,14.275455,-0.35636815
SMTN,8.334104,-3.725661
PTRF,12.401196,6.9212823
ITGA11,4.6060114,4.582388
COX7B,2.3953674,10.134042
NDUFA13,1.3939506,4.7562327
TROVE2,10.561391,5.32419
PPP6R1,12.034366,8.26807
ASB2,7.6846633,-3.7944114
PKN2,9.534068,-6.5975304
ZNF148,6.1451964,-7.2744517
CCT2,10.675034,10.262719
DVL1,12.580544,8.123585
PARD3,5.540045,7.46301
PPRC1,6.753299,0.6307348
MYLK,10.597182,-1.1691384
PCNP,11.280441,4.6298003
PYGM,14.043272,-8.339103
PIK3CA,15.337764,0.29381093
SRF,9.920769,-2.6666467
CNOT1,16.773222,-5.626132
PSMA2,14.665823,-3.4325829
RAN,11.101563,10.350771
CALCOCO2,1.3120232,-6.85945
GATAD2A,8.09278,0.8263898
SLC39A14,7.3461986,1.4069473
SH2B1,9.693065,12.713904
FLOT2,10.145929,1.9453224
CYYR1,0.74419177,-2.922181
MRPL12,17.6912,6.247084
MATN2,4.14263,0.86392176
PES1,19.564602,2.5740166
OXR1,9.789025,-6.3050327
RSL24D1,2.4864376,3.2688112
ALPK1,9.6347475,2.0395546
NOLC1,6.939444,-0.82756066
RBM3,5.1268444,-10.7843075
ADAMTS4,-1.5950303,-4.4325294
S100A11,6.620639,7.8265777
DUS1L,8.605896,-0.046125047
MCUB,17.045164,2.4611146
EHMT2,6.2379575,4.982064
COX8A,1.5942003,5.637103
UBL5,2.033157,7.365339
PSME4,11.915301,-8.7898035
RBM38,7.537357,-3.734334
SLC39A1,10.125894,2.156054
WAS,2.8994174,-2.4249666
CCDC130,11.293245,-5.997246
CXXC5,14.733769,-2.2822
PRDX6,1.1440603,-6.652313
FBLN2,3.4255452,4.8767257
SRPRB,6.8317084,6.808193
TCF4,7.9152217,-8.165046
SRCAP,-2.911389,-1.8188858
SIRT7,5.1752496,-2.0251486
BCHE,14.832483,-7.8795047
B4GALT5,6.1885653,0.9130511
NRXN1,-1.8988502,6.867349
ERBB3,-2.4178703,6.9890933
FAM214A,11.583744,-8.643811
CPA3,6.2805767,3.9164295
ATP5O,2.5701373,9.933961
RAB4A,12.185534,5.458927
MAF1,-0.9303103,6.6975183
ZEB2,-6.471373,2.9661827
MRTO4,17.983952,4.581643
GNL3,17.51818,0.47247618
SLAIN2,4.555521,-3.3044543
MRC2,3.9550672,4.724021
LRRC59,19.57031,-2.5478547
PKN3,3.4202862,-8.008616
DNAJB14,10.552815,5.266736
BYSL,6.420556,2.0450833
E2F4,7.9839697,-1.9108249
PPP1R12A,10.770224,-1.2970884
WDR43,9.280825,-7.881156
HCFC1R1,12.068647,6.8899155
COX5B,1.7636664,6.367932
LDB3,14.143543,-8.286127
GFRA3,3.8821495,0.8950687
TMEM259,8.8210945,0.3019733
NDUFB7,11.609267,-3.0760925
PPAN,18.295658,4.1692705
GSPT1,-2.0567825,4.362718
FBXL22,15.943319,10.834609
SRSF11,4.7179737,-5.1361
EEA1,5.994375,-7.806568
C1R,7.6148906,3.4621534
CNN1,2.2987888,6.243989
UQCR10,1.7344332,6.716641
KMT2D,-2.6671793,-1.9853369
SEH1L,9.350681,-8.249672
TMEM25,8.042284,6.5412593
BTF3,2.0180244,3.204271
SSNA1,19.734581,-5.940677
RC3H2,14.793542,-0.29911804
R3HDM4,7.0580964,0.5969278
YARS,0.13523348,-8.905384
RUSC1,-1.4419315,-9.014847
EIF3J,10.747631,10.0918455
SNHG11,15.550681,-11.18614
OSMR,7.033024,2.027178
PSMA5,14.953151,-3.9383352
CBX7,-1.1529331,6.621907
SYNM,10.1303835,-1.1840795
RAB7B,5.113272,4.7326365
ATG9A,13.287998,10.926768
CALCOCO1,-3.6318834,9.601913
PDE4DIP,5.5130405,8.089913
DDX18,13.334655,1.7577827
SH2D3C,3.286836,-8.329018
SBF1,11.770834,8.222711
MYZAP,12.297632,5.7878647
DCN,3.197152,4.994142
FOLR2,2.4759243,-1.5482575
EPB41L1,7.551804,4.916183
SCYL2,12.578454,4.0251737
POMP,14.722489,-3.614101
DPM2,8.188138,-10.682924
SPAG8,4.202218,-9.455476
MAOA,1.4949485,-6.832018
PECAM1,0.54048496,-2.4864898
ABCC10,13.912219,13.864285
MED1,16.53249,-4.3082037
GDF7,14.702499,-2.445499
LYRM9,12.16009,-3.538612
NDUFS8,5.167225,0.019070573
KBTBD7,4.3757844,12.188681
TRERF1,5.3432803,4.8284254
PPIB,6.9563155,7.542684
KDM5C,-2.3757682,-1.9565622
MMADHC,2.6356936,3.3365233
TTYH1,-2.969649,7.1237154
TMED7,10.899668,4.427112
RAB9B,15.875607,10.765235
TSHZ2,16.92625,2.4786217
MARCH6,12.928167,-0.9329414
BRD4,7.8034167,1.0981125
RB1CC1,15.264471,-0.19419998
ATP13A3,9.539569,-8.419519
FOXF2,8.093435,-4.4961023
UQCRC1,2.8960867,9.632944
ARFGEF2,14.980407,-0.41502038
XKR4,3.9088125,0.896213
OSBPL1A,5.3949256,2.974478
AFF4,13.231877,3.2297547
HIF3A,6.1226115,-12.569142
IMPAD1,13.090085,2.5510457
MXI1,12.216042,5.8041053
TMF1,13.662684,-0.74956745
VPS37A,12.910804,1.8635335
PNMT,6.2271457,-12.535774
PPP3CB,11.180685,-4.6685762
PRR13,3.960237,5.99121
SNX13,13.680827,-1.1308614
TEPSIN,5.1616216,-2.0233934
INPP5A,9.857508,-1.0808154
CMBL,7.6664677,5.090424
UBXN1,-5.6348753,-5.350817
JPH2,10.080699,-2.2075028
NT5DC3,-5.9126563,-1.4402488
MYO1F,2.9266574,-2.4823887
MFSD14A,13.177982,3.1447134
ANO1,-1.8052591,6.7043734
FAM117A,-0.28781682,0.04068119
ATP1A1,0.2851386,-0.13918182
DHTKD1,2.6928065,-4.3481264
PIGL,5.155975,-10.822625
CCSER2,11.221008,-4.7115374
NCLN,8.352375,-10.808853
SLC52A2,7.896707,-1.8746296
TOP2B,10.017716,-5.703146
EXOC5,17.945257,-3.4978366
GALM,7.8011465,5.1719418
DTX3,9.624329,12.653755
IPO7,8.882732,4.111176
RAB21,11.641769,3.8780599
SEC16A,-2.8685858,1.4731334
MMRN2,0.83046496,-3.0071106
HNRNPF,3.8417678,2.3521678
TMEM14A,-0.098855585,-0.63545924
FLOT1,10.3103695,1.8925073
EHD1,12.482948,6.9325385
ADD3,8.602266,6.584851
PAK2,14.000824,0.4921563
ADRM1,14.226592,5.519894
CHUK,3.4231942,2.3488994
MYL9,2.2038999,6.3117294
PNCK,13.893111,-8.303304
UBL4A,13.573266,14.004286
PSME3,14.384349,2.0311165
SHOC2,13.448398,0.6451064
ESRRG,-2.806131,-7.4661374
RAD21,11.734005,-9.396559
PNPLA6,14.3546915,6.970692
TAF1D,8.534313,-5.936772
ALDH6A1,2.721172,-4.3085837
SMG5,12.459887,8.129975
SSPN,14.841174,-7.632456
FBLN1,2.974881,4.9790635
PNPLA8,3.4421318,2.3202837
UQCR11,1.8608859,6.4065423
PEAR1,4.17889,-6.7289805
TSPAN18,7.9838114,-3.8167348
MVP,10.321911,2.0458908
ANKMY2,-0.1605299,-0.070775665
ZNF655,16.743729,-1.7428375
UGCG,6.1407685,0.9855634
PPP1R12B,10.554935,-1.3699733
ZNF513,8.526713,0.035047933
CADM1,4.0282345,0.9009208
DHX37,19.498894,2.5995245
PLSCR1,-5.706769,1.1005918
CD4,2.582626,-1.6880777
SCYL1,14.233997,5.734986
EIF2S2,10.629187,9.906178
PPM1A,10.041738,-5.690011
CHD1,9.471042,4.0341153
ZNF74,7.154511,-5.672945
NNMT,0.5129254,-1.6091725
SAMD1,14.013269,13.954994
BRMS1,19.729956,2.6547081
ZNF350,8.225858,-12.780743
SNRPB,8.358774,0.49985757
CREBRF,15.689546,0.7450783
TWNK,-3.9624054,3.4411535
HFE,19.368832,1.4961109
MYBBP1A,18.748055,3.4505134
ATP11B,14.670699,-0.016077416
ZMYND11,4.3447175,-3.4605732
CPQ,4.4294314,0.82025105
MKLN1,14.4668,0.22720687
HM13,6.879474,6.994701
TSR3,19.564018,-5.878062
COX6B1,1.7508854,6.250817
ZBTB4,14.406115,-6.7812366
ABHD5,12.135383,6.8738585
ABTB1,-0.35192752,6.8330503
CCDC47,6.9981422,-1.2439523
DMXL1,5.8531036,-6.9519405
ISLR,-3.7714078,-4.3617473
ZMYM3,-0.41424495,0.09860396
PLAUR,-1.8004249,-4.286069
SDCCAG3,8.049516,-1.9095058
SLMAP,10.900465,-1.1737342
CDS2,5.50797,2.9992886
HNRNPAB,19.364597,1.5607972
PAM,14.700006,-2.6175237
DNASE1,0.8668671,-4.556098
RCC1,10.557345,-2.379712
STK39,-2.596362,-7.226192
SPSB3,-3.6813803,9.642817
SRM,6.7863264,6.665156
LAMA2,6.644218,-14.9317465
THOC2,16.24154,-1.4931442
SYNGR1,7.4013786,4.551792
GPM6A,-2.6306686,-7.270713
FAM20A,0.37358546,1.199956
CCT6B,5.0385365,-10.661854
RAC2,6.7181034,4.0625734
TMEM35A,15.889204,10.778633
SOX12,-1.2860448,-9.142421
RNF24,9.754771,2.0109935
GIGYF1,5.119687,-1.6448013
C1QC,12.672007,-5.7991066
CNNM3,-0.23921089,6.8047566
FCHO2,15.655201,1.0552422
GNG2,-2.0619147,6.7217183
NCOA2,9.600728,-6.5555177
PSMC4,10.385628,15.854238
COQ9,2.8797898,9.658547
ZER1,-1.3052726,6.710336
GPM6B,-1.9857008,6.8558598
PEX16,11.569282,-6.317876
UNC119,-1.2565049,-9.123091
WDCP,6.8104653,-5.971252
NPLOC4,-3.117884,1.1691893
GRK2,14.866119,14.005631
CARD10,3.5532699,-7.8991528
ECM2,4.722177,1.1516385
ZNF521,-6.6964946,2.7569358
FAM19A5,0.6532706,6.950129
HOXA4,0.21268573,0.0074027358
SOX13,4.2394385,-6.6292195
SERINC1,15.615374,1.205586
MYO1C,12.528351,6.8943157
SEC61B,7.013146,7.46208
DDX28,-4.2509365,-0.18069765
MAOB,14.845379,-8.149216
PLXNB1,-5.734087,-1.3011943
KLF15,0.8933539,-7.354196
NPM1,2.328724,2.8157976
OMA1,-0.3449975,10.024649
PRKCQ,-1.804466,6.6954584
TRAK1,13.613545,-4.531785
STRAP,13.005325,1.9107289
CSTA,-7.4973373,2.1464715
TSC22D3,0.866354,-7.4067936
ATG2A,-3.079115,2.514581
RFNG,19.333853,-5.422227
STX12,9.678699,4.13118
SCUBE1,15.644803,3.5695071
ATP2B4,14.191957,-8.19834
MAGT1,6.7445083,-4.0158405
MED13L,15.080013,0.026159478
SOAT1,0.73438495,0.5247968
ANTXR2,5.6583486,7.766278
AOX1,5.9177556,-12.040941
OSBPL9,11.724585,-8.784077
RPL7A,0.21690823,11.653803
SUSD6,6.4647646,1.0130726
ADGRL4,0.52494013,-2.3257396
RPF2,17.378286,4.530786
BCL3,-0.25088206,2.3516793
STAU1,4.215262,2.4510431
PTPN14,-5.3852396,7.7106857
ATP11C,8.677168,-5.4561434
CLIC2,17.016981,2.4372897
NDUFB10,11.796623,-3.1867
MS4A4A,12.727099,-5.7534823
MAK16,17.188593,0.81763
ZDHHC8,15.007373,14.023576
DGKG,9.92468,-1.1635319
PSMC3,2.3742828,13.78124
JADE1,0.8512509,-7.282721
PTPRN,2.8989244,0.4598694
MFNG,3.3924553,-7.9986486
LY6G5B,5.355247,-11.075107
CBLL1,11.758136,-9.327813
AK4,6.2828264,0.5863773
SNRPD1,11.401757,10.449509
TAB2,20.688847,4.6751013
FCER1G,17.926632,6.588636
RAD1,16.16654,-1.5132289
MAPK14,9.747427,2.003661
SYT1,-1.2598798,8.201541
EBF1,3.1114004,5.3061395
SUSD4,23.386883,-2.2831285
PSMA1,14.92371,-3.9047766
PKD2,5.3695626,9.296269
SELENOF,6.854038,-3.9707797
HGS,12.971423,11.030514
MRPL38,4.3823433,6.529167
UBXN7,15.180358,0.59394425
ATP5G1,17.517088,6.1383696
ACOX2,7.987539,6.433583
RABGGTB,8.445373,-6.104832
EIF4E3,11.262754,-4.752968
FLAD1,16.347685,7.0915604
NDUFS6,17.468296,6.1166773
RPL32,1.1218954,5.063421
SUPT6H,-2.0889406,-2.1066012
SETD2,19.287157,7.167786
TMEM198B,13.245416,4.502154
TRIM33,12.572321,-0.96505374
KDM4B,-3.0571172,2.5117517
CAMK2G,8.123679,-3.7672584
UBQLN4,14.556587,6.819599
ARHGDIA,5.9081807,10.396562
CEP170B,-1.4227313,-1.7755568
PALLD,7.383069,9.52376
ATRX,5.8586736,-6.9566875
ZNF780B,8.36665,-6.410161
INPPL1,9.328888,12.323073
PIKFYVE,13.472563,-1.0457053
APOL1,-5.7070036,1.1042945
UFL1,14.5659,-2.986033
RBFOX3,-4.0915585,-4.172482
AATK,-2.9799123,7.133061
LUM,4.7475576,0.87616867
HCK,17.939037,6.7418737
UBR5,14.787252,0.00021964451
UBE4A,16.668266,-5.806294
CALD1,7.378979,9.502073
ZNF691,14.746321,8.178404
MAPKAPK2,7.020552,0.57187974
ARHGEF25,9.228043,12.197267
NDUFA11,16.62439,-2.5502136
PSMD7,-1.627107,4.249422
SASH3,17.919207,6.79752
PTPN6,6.8567386,4.138649
MTF1,16.58396,-4.2559214
NOL11,17.985744,-0.26099014
RSF1,15.09939,0.6910631
EMCN,7.758544,-8.010927
TMEM33,6.093414,-4.495534
HPSE2,8.112301,-4.5044656
PSMD14,11.475018,10.474855
TBC1D15,9.203428,3.5776894
PA2G4,15.24933,-4.279537
TMEM106B,5.752743,-8.505021
COX7C,2.2582712,9.928616
RAI1,7.402956,-3.5461235
NAA15,10.633392,10.164766
EML1,13.606685,-4.750523
RUNX1,0.4054745,1.1484876
S1PR1,0.5227713,-2.223359
ZRANB1,20.636822,4.6894503
HSP90B1,7.1463003,7.2131343
MS4A6A,12.933095,-5.561062
DNAJB11,7.12345,7.1088796
EIF5A,10.372995,15.915865
UQCRQ,1.9037015,7.095088
SVIL,-0.8430334,-6.7161903
TIMM50,10.331192,15.749939
RABL6,-1.2998537,-1.7520293
VSIG4,12.615349,-5.8591676
EVI5L,9.397784,-3.1955972
SF3B6,14.555165,-3.4385443
FYTTD1,12.881966,3.619439
RAB1A,9.7661295,4.2041397
HCLS1,12.099591,-6.2025666
BAZ1A,8.662999,-5.7115164
NELFB,19.340193,-5.41354
ARMC8,16.408049,-1.6340994
CNTN4,4.6956673,1.4412646
MAP3K10,12.638622,8.11462
MDH1,1.9458779,10.60777
DAXX,-3.7074378,3.7446027
NEK7,6.171575,-7.271779
RPS6KB1,3.2128909,2.2639275
PRKACB,6.8380375,-9.501675
SH3GLB1,12.361847,1.2936568
SNRPD2,0.27189162,4.4642167
DHX36,8.9492655,-2.069184
PECR,7.673089,5.085703
TTLL1,5.6631947,5.227684
EIF3E,1.9236983,3.2391565
ITPKC,0.34840158,-0.33606398
LRRC47,-2.6086395,-10.1734915
C1QA,12.824877,-5.6515713
SCARA3,5.367003,8.249438
PPP1R16A,2.2829986,-12.532818
IL6,-1.2749739,-4.733503
ZNF2,6.8748846,-5.9195433
SOD2,7.281289,1.5361679
UBE2W,11.623697,3.933632
WDR1,7.4191346,11.932545
EXD3,12.848805,-13.300441
PAPOLA,21.042856,4.372084
RPL11,1.1513293,4.8700843
CCAR2,8.899805,1.1140856
SMG8,20.59727,7.7124467
PTPA,5.370764,-0.15213609
PUM2,4.363651,-3.4470465
TMOD2,-1.8229544,7.6710205
SELENOP,1.6844151,4.863343
FBXO28,3.144198,2.2040644
KBTBD6,4.447138,12.341047
MYCT1,7.7415423,-8.018547
MYSM1,12.443463,-1.131971
GTF3C4,16.578661,-4.2967014
EIF3G,-5.6137686,-5.329842
SLC35F1,-0.93068725,-3.2067807
FLI1,-1.5847971,-0.94351304
CNTN1,14.785074,-6.846366
SRRM2,-3.2107737,-1.7814429
SUN2,6.22878,-12.52777
CDC42BPB,18.827097,11.65161
TMOD3,7.954053,-8.272463
STOML2,2.382171,13.769531
FAM20C,10.332731,1.8951832
HGH1,10.078437,-11.313899
SLC30A7,8.82617,-2.6701083
CC2D2A,19.284422,1.3270785
SEC61A1,19.604708,-2.5969782
OAS3,19.312332,5.228917
GAS2L3,-1.9316878,7.77517
HSPD1,10.66232,10.609152
RPRD1A,4.645989,-3.2584815
TCF25,4.776391,-12.433006
TNKS2,13.744536,-0.585179
MPDZ,-5.393364,7.6847453
SERPINB8,8.004551,6.487075
FRMD8,3.9710941,6.4422116
SLC25A4,10.073992,-1.8772981
FUK,9.806734,12.8080225
OGN,4.7513986,0.8879789
NARS,13.222293,1.8599132
PRKCH,0.54075646,-2.5452147
SERPINF1,7.5024767,3.9242954
PPIF,6.2840133,0.5796987
CCNA2,0.7830636,-4.477409
HDGF,9.119221,4.5218
LRRC8C,7.7706904,-8.051909
CENPT,6.481772,11.542582
SLU7,8.438875,-12.427082
AP2A1,13.032649,11.020093
PTGES3,10.280337,10.971185
KLHL24,15.724772,0.7508804
KCNQ4,9.838742,-2.8053288
PDLIM7,2.407093,6.1622095
RNF20,18.144474,6.1763754
PCNX3,8.412166,1.2085829
ZNF770,16.509443,-4.318425
RNF138,11.608773,4.071232
TPR,16.68218,-5.783661
ICE1,16.496246,-4.313212
ATP5B,18.419292,-8.297044
OLFML2B,5.188076,1.2759154
SGCB,11.236135,-4.724906
PSD,-4.167874,-4.116611
KIF5B,12.808585,4.309556
NLGN3,-2.9365451,7.1177964
SYF2,1.9022973,3.195356
NFKBIB,12.973538,11.051289
TRIM29,-7.749706,1.9667724
THBS1,6.0365334,0.92331916
TOMM40,10.296745,15.714952
VPS26A,2.5748684,3.349864
TMED5,9.127155,3.6254535
UQCRC2,18.434868,-8.282979
DENND4C,0.0025707453,4.2058797
TMEM130,2.155897,0.5195927
FBXO11,16.767061,-5.381156
TMEM44,3.5503478,-7.64363
SOCS3,5.767419,0.83837914
DLG3,14.372073,-6.6859636
IFITM3,7.6537414,3.0785537
MFHAS1,13.131102,4.461956
TXNDC12,0.86069083,0.16173005
PPP2CA,11.566043,3.7662227
GABBR1,6.476285,11.583205
RAB18,11.644943,3.9272346
DNAJA1,10.591615,10.72206
FH,18.427473,-8.29074
CTNNA2,-1.4593444,8.052796
ATG4C,-3.2454963,1.0442067
FAM76B,12.385536,-1.1396492
GALT,4.304488,-9.320559
CCM2L,3.580013,-7.628942
MYDGF,6.9157414,7.5084944
RPL23,1.1980473,4.908931
LYRM7,5.491044,10.609829
TCEAL3,1.0367492,-6.596478
CYS1,12.312173,6.9055715
ABCF1,14.289319,5.2401905
ZNF579,9.268259,7.637844
GRPR,15.651879,3.634095
ATF2,10.832671,5.3665767
LUC7L3,7.591131,11.135423
CREBZF,4.746523,-5.097867
SIGLEC17P,6.16829,3.8584263
ACBD4,-1.2328626,6.385225
PLEKHM1,13.187136,11.036572
KAT6B,12.812376,-10.939988
ACTN1,7.405079,11.895155
MOCS3,20.594711,7.711875
SMARCC2,-3.1867518,-1.8636199
UCHL1,-1.3151963,8.163629
CDK19,17.613358,6.2023644
PSMD6,-1.6542033,4.2550874
UBE4B,11.783954,6.052966
TBC1D10B,11.968088,8.924161
LRRC40,10.808438,4.339567
MT2A,0.48981264,-1.3642384
CYB561D1,13.567499,13.738046
FAM107A,8.134313,7.1189156
EIF3D,2.114127,3.0376565
TCERG1,9.425954,-8.440696
C1QBP,11.471542,10.479388
SLC5A6,-4.0896153,3.3586075
NAT10,18.06637,4.5953765
HINT2,12.030348,-3.4153442
PSMB6,2.371594,13.762181
ZNF619,4.606454,12.352843
CARF,7.31423,0.13162565
CACNA1H,8.782737,-3.4632754
NT5C,11.3879385,-6.143157
SLC9B2,3.8168454,2.3295074
MCMBP,3.6154983,2.3655276
NOTCH3,3.8723707,-7.1855607
COL4A5,-1.2206559,11.309015
FPGS,3.9955368,6.105368
TRIL,5.1374946,4.696342
SURF4,19.608223,-2.5811882
TIMM8B,2.022523,7.68391
IL16,13.8729515,7.9696827
SGTA,4.409026,6.5599976
API5,13.28356,1.6099784
ILF3,8.268038,0.62723374
YBX3,7.2606535,1.5351954
DDAH2,-1.5215352,-8.939879
TIMM17B,16.645163,-2.5318658
HSD17B8,12.176419,-3.5657616
TCEA1,11.248824,4.7277145
EIF3A,8.683784,4.084937
FARSB,17.977716,4.9662127
SIGLEC6,6.22785,3.8901496
FHOD1,14.828575,13.999512
SUZ12,12.283099,4.1847286
KLHL17,14.484196,13.977018
WIPI2,13.415667,11.114469
ECSCR,0.9583571,-3.1403441
PYGO2,10.12674,12.983106
GUCY1B3,14.689548,-2.6762545
PRR12,17.412647,-10.320135
RPGR,8.122323,7.0844316
IFI30,17.965788,6.6285286
SIRT1,15.544744,0.45001334
UBL3,15.629919,1.1535692
RLIM,9.615359,4.0877805
SCAF1,9.309031,7.562529
ESAM,0.93683213,-3.1394265
MT1M,0.39463922,-0.5640178
SMAD4,10.075059,-5.691472
SYNE3,4.2292185,-6.6719637
SLC25A11,5.3821473,-0.15252201
BZW1,0.9179654,-6.8541455
ZBTB12,7.3353987,-5.5012083
CISD3,19.707941,-5.970283
CD81,11.4651,-2.9109683
EIF2B4,16.032358,8.485128
SETD1A,-2.3101184,-1.9039667
CD93,0.5188929,-2.2538671
ZBED8,4.323609,12.107559
NTRK2,4.698377,1.5707846
WIZ,-1.4408002,-1.7808187
CSNK1D,6.968198,0.58606905
PRPF40A,8.957713,-2.1882055
SDAD1,13.485602,1.8639901
NBN,-6.015957,-1.5343529
ZNF768,15.036404,6.5186462
NALT1,9.079203,12.006242
TALDO1,3.4384823,0.09544219
PTCD2,-0.38639393,10.0681505
TSSC4,4.4492893,6.588542
SAMHD1,1.7044888,-6.907971
NICN1,4.074464,-9.591044
REXO1,9.367489,7.523571
LARP4B,6.2723656,5.5612326
GSK3A,14.322699,5.6227884
NDUFS7,5.0874863,0.1313606
PCOLCE,5.1488585,1.2125964
FRY,13.452276,-4.314114
MAD2L2,14.044521,9.083404
MRPL4,16.22374,7.207452
KLC2,12.668922,8.127753
TXNRD1,3.3822017,0.2911788
HMCN1,-2.6007888,-7.2315154
GADL1,23.382215,-2.2762978
PSMB9,-4.5907164,6.6537266
DNM1,4.5385675,4.5249143
PEX12,4.5762367,12.315187
TMEM170A,0.74928534,-4.4524164
YIPF1,9.059527,1.9148694
PLEKHA3,11.814458,4.092312
ATP5J2,2.053596,7.396403
MAP3K3,13.351508,11.052205
NREP,11.894983,6.9350185
MBD3,12.563734,8.131338
WDFY3,11.621871,5.5439754
ETS2,6.8846498,1.4673072
GPER1,-0.34488383,0.02698814
ARL13B,9.7726145,-8.435113
WASL,10.994455,5.1085114
ARHGEF40,-1.5243825,-8.937476
DOK4,-1.0393804,0.20361061
ZNF835,7.0298023,-5.7914557
PTCHD1,-4.0696044,-4.182863
ZDHHC18,12.030989,8.844229
INPP5K,1.7360001,-6.9307423
RNF122,-1.209397,-4.8066435
DPH2,16.356705,7.080486
ATP5C1,1.988125,10.566694
ATP5D,5.0778837,0.12924686
TMUB1,9.205274,7.716565
SMARCD2,0.97121054,-7.754977
TMED2,13.005459,1.4231927
CUL5,5.610865,-8.716553
TBC1D13,13.633778,13.815965
HEMK1,4.2051635,-9.466672
WDR74,19.477667,2.3036995
ZNF446,-3.3944428,2.504037
NSUN5,18.163515,9.724056
KDELR2,6.76601,-3.8831084
OPA1,13.833383,-1.4371413
NPNT,14.664807,-2.771317
KCMF1,4.8745275,-3.1238666
EPB41L2,4.2257357,0.8408637
C1QTNF2,5.0773864,4.6428394
ATP5G3,1.9622477,10.592025
OSGEPL1,-1.7311783,-6.1018515
IQSEC1,12.371698,6.9003963
U2AF2,14.395863,6.9444237
UBE2L6,-4.591331,6.6537514
AASS,2.5201194,-4.5108733
COBLL1,13.5735035,-4.5900393
GPX8,-6.649735,2.8075433
PELI3,-1.1290054,6.4845324
PLXNC1,4.8213916,4.0892534
TAGLN2,6.4272666,8.090556
ARF4,9.814769,4.245412
RGS16,-1.2566664,-4.7607775
NDUFB9,2.5113919,10.201073
APBA3,10.247963,13.080118
EIF3H,1.9487613,3.2757406
PSMB1,14.9151945,-3.895348
GPC6,3.0511084,5.0729694
AHSA1,10.277345,8.840826
RPS6KA3,8.668046,-5.374195
RB1,17.851261,-3.6092098
PYCARD,20.65362,6.143501
OCRL,-5.982705,-1.5043309
CHL1,-0.8978131,-3.2536614
KLHL23,6.9203305,-9.420169
MRPL24,2.1088688,7.8349624
CIRBP,5.3016257,-11.010121
NCS1,9.949913,-2.638161
WDR3,9.206166,-7.802711
SERPING1,7.555733,3.7903717
RSL1D1,2.374879,2.8213444
TBX5,7.5780845,-3.8426292
PSMB8,-4.59046,6.652883
IGSF11,15.754564,3.695568
BHLHE40,-1.2338462,-4.7919436
ABCA6,-2.550519,12.44374
GCDH,2.844228,-4.3581285
CDC7,7.0153623,1.9660225
PDE5A,14.817341,-7.7861433
PSMA3,14.958642,-3.949146
GIPC3,-4.1165223,-4.159263
ACTR2,13.421611,0.9715512
TIMM13,8.354762,-10.827624
CDH5,0.88407475,-3.0699477
ADAM15,3.2069943,-8.2982645
MT1X,0.50631654,-1.3787401
PUM3,17.552237,0.43815413
RPL19,0.20275508,11.664795
AFAP1L2,-3.0372434,7.17523
MTERF1,6.7247295,-5.9629283
DHX30,18.156439,9.7229
ACTA1,7.0556664,14.121745
COL4A6,-1.2251155,11.314249
PPP2R5C,16.551998,8.441068
ADHFE1,6.0450773,-12.735355
CD68,3.3419204,-1.5898962
HEATR1,9.204465,-7.8206663
SELPLG,2.6728644,-1.8581109
TMTC1,1.5926703,-6.867654
FAN1,-3.481921,-2.1693175
ADAMTSL1,-2.6682546,-7.3049984
SLC25A32,9.49371,-8.197849
IPO5,8.811774,4.106647
CDV3,14.450791,2.455729
SET,10.591809,9.812734
KCNMB1,-1.2013476,11.297276
CYC1,5.0598483,-0.022769675
ERGIC2,21.15037,4.268347
MON1B,15.0434475,-7.694232
RPS4X,1.8146619,3.5421073
RNF11,11.224368,4.7692127
LIPA,17.066917,2.423652
CALHM2,3.915499,-7.2377224
WDR48,15.880426,0.7827239
ADGRA2,-3.7844932,-4.3709226
IDH2,2.4327235,6.4431148
HERC2,18.866072,11.613402
TOMM5,11.4509,10.495658
ZFYVE19,0.8770556,-4.5606546
TBXA2R,-3.8424528,-4.3298864
MXRA5,4.7744417,0.88218915
FLT4,3.6284702,-8.522016
GABPA,6.439587,-8.048314
GPSM3,2.903286,-2.4891152
CAPN15,7.9515896,-1.8998445
PSMD3,14.249687,5.3305745
ARIH2,-2.2257547,4.3308625
JRKL,4.592771,12.691897
SOX5,1.7235825,4.8512874
COL28A1,-2.0739298,6.9586
PAICS,18.281195,0.15500563
MARCH8,12.814387,-10.940868
VIPAS39,-0.47281948,10.1636095
RAB3IL1,-0.8444796,-10.882285
LPAR1,-6.284854,3.0142374
EDC4,11.477183,8.157115
PDGFRB,3.880577,-7.2569995
SNRPB2,14.602547,-3.447755
NUMA1,-1.1314545,6.8304963
NOL8,7.7093954,1.814997
DYNLT3,11.60171,3.8289614
PABPC1,2.3735573,2.7948637
TMEM168,10.760628,4.287979
ZNF845,8.135249,-12.875272
LAT,12.843544,-13.305271
CCDC115,-0.2861608,-0.012177749
ABHD17A,2.565327,-5.5432177
SYNPO2,7.384113,9.517934
FAXDC2,0.6168816,8.006389
PDPN,0.51701474,-1.5953312
ALG3,19.12613,2.917122
NAT14,13.339938,14.139805
NAP1L1,3.365097,0.32305676
RARG,-0.94046515,0.16833754
TMSB10,6.7201896,7.847676
HRH1,-5.7195644,1.0959688
HLTF,5.5093646,10.582209
REXO4,14.627715,6.7657714
SLC2A3,-1.1897495,-4.8513765
ZNF594,14.819796,8.258999
RPL5,1.8612272,3.4468365
PRRC2B,-2.7240868,-2.1024404
PPP4R3B,20.731586,4.6350203
ATF6,3.5561244,2.3517218
DDX19B,0.8038171,-4.4985266
INTS10,9.017572,1.915138
ETV1,-1.7910566,6.745002
AXIN1,12.6344385,8.106899
SPPL2B,9.619119,0.020145578
BTN3A1,19.067852,5.0318165
PRRX1,12.183695,2.3906064
GCN1,12.135853,8.430928
C1S,7.6034756,3.6655533
FGL2,14.84757,-6.8010187
SEPT7,9.86946,-6.2864933
PPP1R9B,14.922904,14.009706
TTN,7.0893526,13.883108
MOB3B,11.675218,-8.709047
TNRC18,17.411713,-10.318823
MEN1,5.173705,-2.0797057
EPB41L5,11.789945,-8.80871
RPL7L1,7.7182493,1.822572
TBCK,8.368712,0.45107743
UBA7,18.988207,4.97963
FBXL15,2.5048928,-5.3955035
NBEA,14.709579,-6.9049363
ZNF197,8.282249,-12.750237
CDC37L1,11.841611,-9.018201
BRAP,2.8230767,3.5581582
DOCK2,2.732515,-1.9918456
SCUBE3,-4.1555576,-4.128342
ITGAM,2.7413049,-2.0182977
ELF1,4.8299,15.628744
UBE2V2,12.986553,3.5722625
ZNF271P,21.138203,4.2811403
FAM173A,2.5343666,-5.47401
CSDE1,4.480064,-3.359946
BCAT2,2.9212496,-4.2721014
MIDN,-0.22785537,2.3454924
RHCG,-7.743565,1.4057959
CNPY4,5.579169,4.873063
YTHDF3,13.760681,-1.2715194
BMPR2,8.663025,-5.369435
ZC3H18,12.128521,8.446459
ADCK5,-2.8501763,-1.3109094
KTN1,12.116577,1.1388655
AP3D1,12.195516,8.25262
TMEM192,2.5085971,-4.523919
DDX17,7.619238,11.128571
TSPO,14.734931,-2.2708998
UBQLN1,13.047514,1.7245169
KLF17,5.4398184,8.175604
PIP4K2B,13.581101,13.752067
AAMP,4.7714577,-12.434031
GRPEL1,15.102963,-4.1141806
DIS3,8.949861,-2.097756
SHPRH,0.00928693,4.211643
EBLN3P,12.413312,-1.1371926
CAV1,-3.4765618,11.014869
PDIA3,7.1077647,7.3194985
PRKAB1,11.562155,-6.491032
SAMD9L,19.114634,5.0676575
PRPF4B,4.8587966,-4.9561987
ZNF202,-4.0293727,3.415768
LAT2,6.8410068,4.1199837
DMTF1,7.629597,11.126606
AGL,11.693323,-9.4466915
GJC2,-1.5324554,-8.931606
AP5Z1,0.35766062,-10.100025
SERPINA3,0.48448488,-1.5784931
S100B,-2.9097784,7.0920596
PTGIS,15.812467,3.758935
FBXW5,19.447777,-5.8283324
YWHAG,6.994653,-1.0563097
NDUFB3,1.7402338,6.911747
ZNF747,11.570847,-6.445741
TRPC6,14.806585,-12.562374
NPY1R,4.697275,1.5237713
PCBD1,19.36949,-6.281099
OSBPL8,6.125948,-7.7801933
MCM3AP,-3.0441372,-1.8884627
ERG,0.4827037,-2.2994034
LIAS,-0.46894458,10.160818
GCSAML,6.351722,3.939851
CDK16,7.259861,0.24931988
UBR4,-2.252083,4.321165
PSMD4,2.3577857,13.767436
POLD3,9.721668,2.0037508
PTPN2,0.70814806,0.64546496
YPEL1,-3.5759146,9.554446
E4F1,2.305171,-12.520405
C1QB,12.649801,-5.83113
ZNF451,13.355871,-0.54364246
TIMELESS,10.546659,-2.383129
ELK3,7.921859,-8.062563
CETN3,-3.23765,1.0487245
ADRB3,14.807066,-12.564689
IDH3A,-1.9380208,4.4561996
L1CAM,-2.1808057,6.878344
RPL26,1.1270466,5.0352416
DOHH,18.164902,9.723799
TESPA1,6.245223,3.9024847
ZNF384,-3.1118987,-2.0190866
GLYR1,17.410137,2.4669313
THRA,17.419863,-10.329081
TCEAL4,0.97291434,-6.6157746
DOCK3,8.10648,-4.5228925
STAG1,16.625443,-5.8052597
TACSTD2,-7.4532747,2.1774988
RIOK3,13.099975,-0.8912189
SPOCK1,6.639375,-14.936639
NR2C1,4.6739035,-5.1542554
TPPP,7.915273,-3.8849852
CCDC137,19.716103,2.6499534
HSP90AB1,10.631564,10.626303
TEK,0.6236005,-2.7905107
TGM1,-7.6688886,2.0215514
SSSCA1,10.321811,15.723571
EPB41L3,16.98247,2.4741166
SHC4,-0.9109642,-3.244587
GARS,0.12686801,-8.891385
PAPD4,14.562625,-2.9796176
MIER1,10.788284,5.4997525
DPH7,6.473655,11.568687
SCRIB,14.749718,6.6834507
HSD17B11,-2.551118,12.443322
TAOK1,14.16457,-0.41644874
FAM217B,4.315873,12.1581135
IRAK3,11.847933,-6.345681
TBRG4,16.287476,7.1501994
SPR,5.7982135,16.433304
PSMA6,14.844374,-3.7767928
NDRG4,2.1528091,0.516802
TBRG1,16.732397,-1.7531888
FRMD4B,-6.7562103,2.720652
HINT3,6.7984576,-9.540287
NDUFB2,1.7159933,6.723599
PRDM11,-5.716024,-1.2848182
EML3,4.029139,6.405312
SLC2A4RG,11.4153,-3.0247335
ATG13,13.348936,11.052727
IL1RN,-7.467654,2.1677322
VCAN,16.961294,2.496628
NUS1,2.914657,11.51999
GALNT15,6.499834,-15.069357
SLC43A1,-0.23591393,6.8141885
PODN,3.521977,4.831229
MARS,0.12730676,-8.884227
DENND4A,3.7342076,2.3453014
ZNF28,16.556782,-4.2191606
ATP5L,2.1471934,9.976171
RBM25,9.411168,-8.460905
GLUL,0.8100355,-7.321254
SLC25A20,22.669085,2.083687
NAA30,12.514224,3.9003184
STUB1,-0.89222586,6.3410983
CYBRD1,12.702195,-9.964661
TEAD4,7.032129,2.0210106
HHIPL1,-3.9396465,-4.2765174
EDF1,0.34467235,4.556367
ZNF225,18.128872,-0.46415865
DNM1L,13.847694,-1.479549
EBF2,4.7372656,1.6468986
ZNF865,9.269795,7.6313396
PRRC2A,-1.6660265,-1.8058606
KCNN3,11.889139,6.937183
METTL7A,5.984713,-12.123647
GOLPH3,16.181564,-1.4772204
CD53,17.807125,6.9758825
SESN1,0.88721883,-7.453907
PSMC5,1.1090225,-6.4796076
ANXA2,6.5135646,7.935293
PIP5K1C,9.9398365,-2.6581798
ETS1,7.843272,-8.075104
ATXN1,13.690429,-4.583416
GGT5,5.9385476,-12.040649
AAAS,12.842903,-13.305911
NDUFA1,2.1400406,9.817797
DDX23,-3.9293365,3.4951932
HUWE1,18.832783,11.638103
SORBS1,7.373144,9.527332
HSD11B1L,7.4715247,4.4549055
GAS7,-6.2128496,3.0016193
ACADSB,7.329631,0.095787026
MEDAG,-1.940354,-4.2069144
TEAD2,7.2090006,0.4825474
ARGLU1,7.5712833,11.163065
MICALL1,7.449362,-3.6404507
KIF13A,5.413,2.9957142
BTF3L4,13.800595,1.6287102
ASB7,-8.292622,-1.5088736
ST6GAL1,3.3327296,-8.040088
GRINA,3.9611344,6.0201774
NAA50,13.099837,3.3966246
RPL31,1.1195376,4.987646
FBRSL1,9.257834,7.636467
PSMC1,-1.5999122,4.2355146
FAM129B,15.858069,10.746927
GPR4,-1.7491573,-4.3459773
NSG1,-1.2422029,8.226111
XRCC6,14.276346,5.1872997
ITGAL,17.716774,7.3076253
PTPRB,0.5518662,-2.8741052
KIAA1644,-4.1239314,-4.14676
MKS1,9.478396,-8.7884
TMEM19,-3.3804085,2.4815874
DNAJC21,4.8028026,-3.1642485
KLHDC9,8.919974,11.835739
ZNF358,19.204794,-5.5591373
PCDHGB7,1.8774157,-8.629431
SLC25A46,5.6062694,-8.722013
DTX3L,3.317834,-13.81636
PCGF5,10.941155,5.271937
NOS3,3.2039132,-8.297505
TCEAL1,0.9561906,-6.6046743
C3,7.536286,3.78774
HAVCR2,3.291657,-1.6765918
SSR1,6.736224,-3.986283
MARCH3,0.45041528,0.32969958
MRPL3,18.27323,0.15511437
MYL6,1.9520639,6.293277
SNHG1,8.450362,-6.088254
CTSK,1.9576927,4.8767405
FBXL4,10.801218,7.413156
WDR5B,4.570864,12.617265
MYPOP,10.227784,13.068252
PLEKHM2,8.052315,0.86070734
CRTC2,-5.734548,-5.452136
PRCP,17.044748,2.4136431
RPL22L1,0.8382205,0.15416047
AIG1,15.049331,-7.6944146
IMPDH1,10.3505945,1.8544446
CCDC121,4.362912,12.204248
PIK3R2,7.4631004,-5.378044
HSPB7,10.173442,-2.1586223
ZMYND8,11.724086,-9.395909
PDLIM1,0.5141232,-1.9140326
WDR26,15.172661,-0.25151736
ZDHHC17,9.523682,-6.5832653
DAPK3,9.962642,-2.6330829
CFL2,10.924397,-1.143977
CMTM3,3.8287997,4.75796
RAD54L2,-2.831949,1.467152
CPNE3,15.593698,1.235843
ZNF816,4.526504,12.495756
PABPN1,6.4771147,11.572596
DMPK,10.200072,-2.1193502
COPS7A,0.8987353,3.7560065
NEFL,2.5397608,0.604826
ATG16L2,13.117987,2.5504594
NPEPL1,11.600342,14.074685
STX7,5.3564267,3.0123484
ADPGK,14.503185,-6.930243
CSTF2T,7.67888,1.7633146
RPL18A,0.20382796,11.662708
ELAC1,17.910286,6.3929024
TUBB6,7.4188013,11.93533
KTI12,-4.234102,-0.16330203
NUDT16,2.5572264,-4.477007
NOL10,17.626328,0.36631817
KCNMB4,-0.89859575,-3.259065
LPCAT4,-1.0846949,0.21257369
ATP6V1E1,1.1179371,-6.4739294
IPO13,14.839185,6.6268888
NEURL4,-2.872222,-1.4598932
TRAPPC8,14.93721,-0.49930227
TMEM47,5.4631743,3.0074253
TRIM11,5.1719203,-2.0649133
ADAMTS1,5.279586,0.60315746
PDE1A,3.0449586,5.0980997
RRS1,18.700466,3.507689
GATA6,15.776985,3.7218516
NR1H3,12.913838,2.7900257
LIMS2,8.515663,-3.800086
MTDH,13.438563,0.73099923
SHB,-7.635193,-5.559785
MTHFD1L,8.853149,1.8323017
PAK3,17.02271,3.6491115
RIOK1,17.59386,0.39612156
DBT,2.643449,-4.269678
CACNB2,-0.84663343,-6.705491
CPM,11.807421,-6.3723006
PPOX,6.9571843,-1.2963693
PID1,6.6690445,-14.908832
AIF1,3.3303425,-1.9739114
NDUFA8,2.7211978,9.802793
CDPF1,-0.28477794,13.235228
VEGFB,11.455523,-2.993692
PTGFRN,14.186075,-8.175972
KLHL41,7.1024795,13.86415
TYK2,15.188764,14.113181
PCNX1,4.2213316,2.4642777
RPL13A,0.20963635,11.6617565
PTPN21,5.3347106,3.025834
INA,2.8015666,0.47470167
NFIX,-3.7892885,-4.3438926
CAPN10,19.364178,-5.360771
ATP6V1H,-3.7133663,4.1532445
FBXO3,9.640949,-6.2543416
TTC7B,10.497228,-1.0388391
MAP2K3,-7.6341066,-5.5610065
TRMU,0.35364878,-10.107626
MUT,2.6520176,-4.2725396
GRIK5,9.326628,12.320116
PSMD12,13.961172,1.967924
DYNC1LI2,17.047632,-5.192214
YJEFN3,-0.6980767,5.9576526
SEMA6B,-0.5398629,2.1090944
PLTP,3.3530276,-1.5641618
PRKAR1A,5.832384,-8.331936
HSD3B7,5.507449,7.4368615
FBXL3,15.666497,1.1573775
FAM104B,1.7191234,6.931424
RPL37A,0.70229036,4.7128553
RNF167,19.412943,-6.22867
DHPS,-5.716982,-5.434115
MARCKS,-6.452559,3.0608528
PRR14,9.181533,7.7444553
RARA,-0.2597511,2.396758
KCNH2,7.929971,-3.6997948
MN1,-3.8113813,-4.348313
LEO1,4.5154867,-5.249632
TMEM160,2.604145,-5.6051273
KIF1C,11.776561,8.224097
SETD1B,5.0850153,-1.6397434
NIFK,17.941526,-0.11670171
DCAF10,12.51868,3.8978202
MEGF8,8.060931,6.2186713
CCDC9,6.7930584,0.5257563
ERMARD,15.544817,-11.17659
CCDC61,19.27989,-5.3162684
SHC1,7.66002,3.0304754
ZNF879,6.8313146,-5.9590373
PITPNM1,14.730405,-2.2098632
JTB,7.875874,-1.9885882
TP53I13,15.114562,14.064162
DEK,21.754196,-1.4905559
CHFR,-3.1348004,1.151826
RAB8B,6.160831,-4.2840652
YPEL3,-0.15309747,6.771652
GIGYF2,16.789658,-5.5775466
ADGRF5,0.5553949,-2.8718925
SCRN3,5.4971857,10.591889
APRT,8.088578,-10.59009
UFD1L,1.110683,-6.494848
CYP4B1,6.0928297,-12.313384
RNF26,17.426205,2.461459
PLXDC2,12.699824,-9.960916
VEZF1,5.4187512,2.956351
C1QTNF3,4.7424726,0.9060657
NACC2,-1.3112344,3.0868747
VARS,18.891417,3.238004
PRPH,2.1827338,0.52297866
NOD1,9.230257,2.016461
PANK3,10.5116,5.3030596
ANAPC2,9.700942,0.023350872
DCAF8,4.6129003,-5.190215
LBH,13.438558,-4.2742457
ABAT,2.706489,-4.378481
KPNA1,-2.0870383,4.3432045
HECA,21.752617,-1.4857811
WDR12,17.382284,4.548389
COX7A2,1.2462772,5.3747063
ASPA,4.1467457,0.8604624
TBC1D14,-3.216321,-2.0835972
MYOM1,14.213829,-8.60285
RPN1,19.621532,-2.5720468
FBXW11,14.606283,-0.27114365
LAMTOR2,19.776352,-6.0005946
PCYT2,2.8389225,-4.3050904
PCYOX1,19.222494,1.245343
COPE,10.4702215,16.203701
PNP,-1.7608091,-4.33839
SYNCRIP,3.3108482,2.2902038
TRAPPC1,0.9075519,3.7729301
BTC,15.681742,-2.519661
URB2,19.310799,2.0186522
TEAD1,-5.377407,7.7131996
TRMT1,-4.2108235,3.2594507
AGO1,7.317531,-5.518073
GHDC,12.958447,2.813184
PLXNA3,-1.0345591,0.18718679
PFAS,6.4278445,2.5084538
SAC3D1,13.99594,13.919659
GAS2L1,13.394082,14.086071
COX6C,2.515058,10.12583
ZNF471,16.811434,-9.018425
CAPZA2,11.313526,4.793014
RAB27A,13.595495,3.8027368
PARK7,2.0156648,7.648721
SLK,12.631721,4.160713
AATF,15.283394,-4.3079877
CYHR1,-2.853926,-1.3558978
ANKIB1,21.406256,-5.126995
PDLIM3,8.336265,-3.7159448
ZRANB2,12.332406,-1.147481
AFG3L1P,-4.2174745,3.264975
MARCH9,11.96503,8.933667
SLA,12.094653,-6.2642007
CCT4,10.443734,10.795162
TPST1,-0.8438311,-10.882648
BRICD5,-0.7070762,5.974882
APOL6,3.3224764,-13.809531
CPEB1,7.7921157,5.1730933
CELA3A,21.160507,-7.133649
CHSY1,-1.7239014,-4.3909297
PPFIA4,23.383234,-2.277394
EPHA7,-0.8393268,-6.7220736
PPP1R18,-0.26857212,2.319582
SNX2,8.527755,-0.021476934
EGLN2,12.019999,8.866002
BCL6,11.948196,6.9089184
TMEM42,14.742874,8.162009
MGST1,7.4699917,3.982023
MYC,5.544635,0.73451436
B4GALT2,9.451116,-3.1780934
SMARCC1,8.850282,4.1287494
EIF4B,1.9153662,3.202953
KIF1B,5.4312515,2.9817243
FANCF,4.5832133,12.54846
GNL2,17.73947,0.26190594
ATP5J,2.1245692,9.971331
ACAA2,22.621145,2.0499115
SPRYD3,17.582727,2.454949
GPNMB,2.1261117,4.8720856
MSMO1,1.7902075,15.14163
DTNA,7.3889585,9.557418
SDC3,13.06448,9.434546
CCT5,10.696593,10.475097
POLD4,3.863159,5.845091
GMIP,2.9193363,-2.475152
PTGES2,16.196644,7.228628
ATF3,-1.0941103,-4.9682174
KIAA0368,8.854583,4.1257534
PTP4A2,9.092132,4.1204667
RSAD2,19.362917,5.266998
CEBPD,0.69613713,-1.2538755
PSMB10,-4.590763,6.653232
PLCL2,3.104895,5.286887
TGM3,-7.746061,1.3818889
ZSWIM3,6.9094086,-5.897416
RECQL5,9.483645,-8.825595
KLC4,5.817826,-4.50736
FOSL2,0.7226129,-1.2373031
APCDD1,13.882559,7.9761662
CERS6,5.4720864,7.465947
LATS1,5.991046,-7.8188124
DHX40,15.527317,0.4258664
PPP6R2,9.374936,7.3028193
GAPDH,-5.1452594,-7.4499793
SORCS1,-0.9153669,-3.2232356
TCOF1,12.163173,8.387368
HDAC7,4.103745,6.3830876
NRAS,0.95094234,14.274935
AIP,-0.61570585,7.068519
TBC1D24,7.08414,-5.7352004
TBK1,9.21065,3.5611348
LMF2,9.651893,0.045167945
RXRG,3.8481424,0.9083338
URM1,8.075115,-10.579563
IFIT3,19.355896,5.267554
MRPL48,6.244514,5.534872
ARSB,7.8632317,5.2396073
CCDC85C,7.4254594,-3.584583
ARCN1,12.965282,1.4725468
ENO3,7.102984,13.863536
BTK,6.895105,4.1556134
MON1A,14.729642,6.6971326
BABAM1,2.5782611,13.932682
NDUFB5,18.464386,-8.254536
DES,2.3893774,6.419432
CLTC,13.003615,1.3706716
TPI1,-5.1419373,-7.452097
NADK,16.33882,4.074918
SKI,15.9423065,-1.2474525
CBFB,6.21954,-4.2975717
HSPH1,10.579286,10.737925
STK25,2.2598202,-12.548894
MITF,11.982165,5.9244847
PRRG4,0.64297265,6.9381866
ZMYM2,13.320541,-0.53149575
MIGA1,14.499435,-2.9778883
TLR2,12.101148,-6.2565737
FGR,11.845569,-6.362834
CCDC3,5.320506,8.300069
SCN4B,14.205387,-8.670921
LGI4,0.6490007,6.9480147
DDX39B,8.659584,-0.19111796
ADGRB2,23.388355,-2.2884002
ANKLE2,-0.30474707,9.982508
RWDD1,12.889996,2.0088568
HSPA14,8.419686,-6.1231027
ZNF230,8.242469,-12.780418
NTRK3,4.6917315,1.5747658
DNAL4,19.270445,-5.2979465
AGFG1,8.765688,-6.1663303
PPP1R37,2.292114,-12.527336
TCF20,19.225779,7.2746634
FAM160B2,7.2414093,0.46737096
KLHL9,4.6477633,12.854072
PTPN1,-0.06727521,-0.5465408
RNF41,16.067528,-1.3899213
MMRN1,3.6604977,-8.567697
EZH1,-0.37548682,6.8355
GAMT,7.404488,4.6336265
CACYBP,5.7990985,16.434233
YY1,20.544724,4.590909
CHRM3,8.102495,-4.5236907
DDX3Y,-7.3844237,-2.2066326
CSF1R,2.4957047,-1.578373
UNKL,13.369142,11.0261
CELF2,-3.4766753,11.014122
RAVER2,14.789936,-7.5709596
GTF2A1,6.2663145,-7.9201846
TRIM39,11.564838,-6.5234747
FBLN5,6.672455,-14.906094
DBP,-6.3471713,8.6812935
IMPDH2,7.4316907,2.9949877
SLC4A2,14.213665,7.067945
MPC2,1.9157205,10.641211
TAGLN3,2.804218,0.4696276
PLAA,3.4650166,2.3547769
HAT1,13.948254,1.9679055
SPG7,11.600013,14.074951
GRAMD1A,7.1544976,0.73664784
SF3B5,0.12520945,4.3428698
FDX2,19.41536,-6.212251
CORO1B,8.1431,-10.648159
DPF2,-2.60991,-10.174383
IFITM1,-4.5929494,6.655955
LETM1,19.33352,2.0600054
FAM129A,7.386849,9.517184
UBE2K,12.999235,2.888554
SLC27A4,7.880665,-1.869682
CEBPB,0.7097871,-1.2448524
RPL22,1.902374,3.3397315
SPRR3,-7.7467113,1.3619027
TKT,3.4381511,0.083867945
TMEM119,3.519787,4.835179
HACD1,10.098965,-1.9519287
CCNL2,2.762717,-6.6236715
SPACA9,8.926524,11.840233
PER3,-6.3484926,8.684143
SLC30A9,14.560615,-3.0035563
PJA2,11.277302,4.7320538
ATP1A3,2.7986214,0.47304353
BMI1,5.7050824,-6.7922144
SH3BGRL,11.308843,-4.8057275
CHRNA3,2.7673638,0.5244965
ATP5H,2.729977,10.374881
ZSWIM8,11.581469,8.201444
BGN,5.2133093,1.2456315
INTS7,4.523495,-5.239888
NCOA5,-4.026069,3.4174318
VPS33A,18.206993,6.148025
ZNF827,15.934291,2.0373943
PNISR,7.6066885,11.132295
ATG14,11.408462,-8.53124
AGO4,5.363118,3.0136056
SAMD8,9.240207,3.5081913
NDUFB4,1.2110459,5.308461
MPST,2.991729,-4.2356772
PPP4R2,9.246214,3.4897466
ATP6V1F,0.29732743,4.5097494
RNF6,0.9507806,14.274875
RBM27,13.272009,0.6842692
USP9Y,-7.3846345,-2.206673
ECH1,22.648243,2.0561864
CD248,-1.561915,-10.554171
CARD6,-1.5995729,-0.9343328
MAPK10,4.8416457,4.117374
PSMD8,10.436768,15.80547
TOMM70,18.283022,-4.7226524
EVC,14.350668,-6.7072167
NDUFB8,1.8733635,6.3070908
VCP,14.280375,5.259839
ING4,-0.5124736,6.849532
NPC2,20.543911,6.2454395
TMEM254,-0.39554602,10.078419
MCRS1,20.174309,-1.6607451
RBFOX2,15.922121,2.024107
VDAC3,1.9572151,10.595158
PRKAA2,10.867784,-1.2204593
KCND3,15.60941,3.5162916
FBXL20,15.957209,0.8024354
PCDHGB6,1.8964942,-8.611892
IP6K1,13.4435835,11.14362
SRSF4,14.321013,2.2970002
HELZ,14.985659,0.5512569
KIAA1109,-0.008568937,4.188618
MUS81,19.331797,-5.3957043
SUMO1,14.602375,-3.490223
DDX42,-2.0504785,-2.1394796
CCT7,10.310071,8.816026
SMIM12,10.391702,15.917794
RASGEF1C,3.8697195,0.8967928
WDR6,-3.2499514,-1.7531667
CHI3L2,7.633054,3.479778
TSPYL1,-3.686584,4.076096
KMT2C,17.034159,-5.194049
LCN6,8.144467,7.150388
PHB2,-5.570921,-5.2874627
CUL2,18.280066,-4.7216973
FRMD6,-6.4403176,3.1873515
FOSL1,-1.7225769,-4.2872977
NT5C2,15.160917,0.08330971
SMC5,9.771415,-8.430883
CUL4A,14.951405,-0.47260565
WNT10B,-1.5622394,-10.554977
FLRT2,-6.6250877,2.8258774
PPM1G,14.279609,5.3554273
KIF1A,2.9362001,0.37523377
STAM2,6.448778,-8.055925
ATAD1,13.817749,-1.4219995
HMBS,17.812702,6.3293705
JRK,13.559052,13.724367
IGFLR1,9.55264,2.1954048
PKN1,19.48783,-5.8390555
SPAG9,13.303023,3.2157757
EIF4G1,19.276562,1.7771263
EGR1,5.7142153,0.8158428
GPATCH8,-3.1642742,-2.0456603
GPRC5B,3.3158872,-8.052101
ZZEF1,5.0420756,-1.5969528
ZNF142,-2.896358,-1.6239933
YPEL5,16.554419,8.443498
NR3C2,19.217148,1.218726
SH3BGRL3,6.55783,7.8933644
SCOC,11.370125,4.7992134
ATP6V0E2,8.022558,6.4018483
TLR3,-3.1448529,1.1422365
UPF2,20.635302,4.709744
DDX3X,9.393975,4.0226326
NR4A3,-1.1177111,-4.9375634
HSP90AA1,10.597648,10.716078
ARHGEF1,15.204343,14.121929
CHERP,-2.2346017,-1.8671427
FTSJ1,19.58829,-2.5827153
CRNN,-7.747569,1.3634229
LPP,7.363754,9.572185
GPATCH4,19.22714,2.1208963
ITIH5,11.872827,6.95514
SNX3,10.262895,10.988618
CTU2,10.316135,15.729289
AAR2,11.567354,-6.506246
AMT,4.09083,-9.570926
IDH1,20.65301,6.149426
CCDC167,17.429966,6.042778
CAB39,18.27441,-4.7216263
LOH12CR2,14.864014,-8.144854
LMNB2,6.7653294,6.696597
TRIM28,12.133234,8.5477295
HMGN2,11.258952,-3.2041202
JAG1,3.8288693,-7.1227846
LANCL1,7.7469196,-2.0995018
RRAS2,13.00925,-8.64289
PPP1R7,2.3503237,13.775482
PDIA6,7.176507,7.2210836
IARS,17.988129,4.928334
OAS2,19.170494,5.107999
SLC38A1,12.397613,5.782265
NDUFA2,1.1231011,4.136893
GPX3,6.4362726,-15.131391
SLC48A1,3.984563,6.0521617
ZNF106,16.225422,-1.5223014
FGFR1,12.505128,6.934515
FRYL,11.627466,5.537274
ARF1,10.385275,15.9695835
PSMB3,14.04273,9.084151
JMJD6,6.876149,-0.72743404
ZNF154,8.114161,-4.535878
DGCR6L,11.434435,-2.9970179
TCF12,15.145304,0.07536796
SLC7A8,0.91693854,-7.203963
MTERF3,17.990679,-0.27534986
LCLAT1,13.472699,-4.320057
HSDL1,7.3188195,-5.5187025
MRPL52,2.1137938,7.8462863
SLC29A1,13.622924,-4.8227463
CXXC1,-2.8520942,-1.3474132
AIF1L,4.1918297,-7.295467
CHMP2B,11.5087185,4.287055
SMARCAD1,4.6613016,12.8797245
MYL12B,7.3158426,7.8291726
ANKRD13D,14.697813,13.985569
NAA10,10.9824915,-10.75796
PURA,5.81052,-6.9042826
SPN,6.8091497,4.085084
PPP2R2B,-1.5656662,7.952435
SDCBP,6.1531315,-4.2689304
CCDC28B,13.310074,14.164258
PMVK,1.7078433,6.723243
NAT9,0.35556003,-10.109523
FNDC5,14.200354,-8.677569
ARHGEF3,8.084071,-7.981755
SGSM2,9.362296,12.357527
AGO2,6.3043466,5.693074
EXT1,-6.429434,3.235081
KPNA3,4.655253,-3.2431114
GPN2,19.447678,2.2735174
TMEM165,13.600412,3.8086576
ZBTB16,0.8606597,-7.376559
TKFC,12.167296,-3.5414677
L3MBTL1,9.274715,12.279174
TRAPPC5,2.603528,-5.602397
PRDM6,13.630056,7.276312
VPS37D,-1.2766361,-9.15108
RET,2.1597097,0.5218241
KIF20B,10.416608,-13.402336
BOD1L1,16.855162,-5.4013066
ZNF200,8.251313,-12.773168
LAMTOR4,1.0947715,4.0553627
FERMT3,17.932955,6.7843
PDS5A,20.808517,4.580524
FSCN1,5.220856,1.2516629
UBASH3B,7.009611,1.9790151
BAZ2A,-2.5106683,-2.0659828
NCF2,3.2759922,-1.6800048
TESK1,12.655017,8.09157
PROCR,-2.0031295,-4.147967
BANF1,19.385645,-6.2678847
MARCKSL1,0.9469318,-3.1570666
KAT2A,14.340279,13.983092
TEAD3,-1.313187,3.0845304
KLHDC3,-0.6826063,6.8536386
LYPLA2,8.124782,-10.629358
ANKRD13C,13.786482,-0.8615147
WDR19,2.5018017,-4.5295033
CLEC3B,4.8299737,4.675447
ZNF776,5.9463987,-7.8362527
TEF,-6.3480844,8.683915
ARL5A,17.947721,-3.497845
AKR1A1,12.611218,-0.8447657
COL8A2,14.728524,-2.2945187
SNPH,8.041207,6.2775126
SOCS6,5.9644485,-7.822528
XYLT2,13.313276,14.158977
LGALS1,11.546919,-2.933221
LY96,20.555225,6.2315702
FAM117B,0.6145741,8.010083
P3H2,-2.5846417,-7.2123528
CLUH,16.193373,7.2304955
ZKSCAN7,4.6541276,12.373335
VAT1L,-1.2493105,8.201618
POLR1C,6.363772,2.0678582
RAD23A,14.316992,5.5563045
SLC12A2,12.454239,5.820209
SUSD5,4.698388,1.571185
IPMK,8.826134,-2.642995
MRPL13,14.724319,-3.6347606
RAB44,-4.0078125,5.272049
TBC1D23,3.219187,2.2622552
TPRA1,12.035604,8.855951
C2,3.351396,-1.562875
TCF3,-1.0117419,0.16138452
NDRG3,-0.09397309,-0.58218014
B4GALT7,8.356274,-10.826856
SPEN,-2.490023,-2.0619698
MRC1,12.593907,-5.870964
ZNF629,-2.871254,1.476423
EPM2A,10.072256,-1.8435231
DNAJC13,-5.3457985,7.623998
TRAPPC10,-2.7231464,-2.128202
CSK,10.07271,-11.30583
FURIN,16.337656,4.0760694
PDLIM4,6.9202023,0.5585555
PIAS2,13.319345,-0.5122101
EIF3I,7.313402,2.9439733
SKIV2L2,12.972469,1.3168358
LRRC29,12.1743765,-3.5513964
TBX1,3.664045,-8.574872
ZDHHC13,-4.04429,-4.213103
FAM50B,0.38334098,0.08356044
ARL10,7.309752,-5.523541
ADD1,14.3555975,-6.7120047
XRCC1,-0.63939655,7.0279098
RIC1,-6.014568,-1.5326934
HADH,5.546345,7.984899
ARHGEF4,13.893614,-8.302304
FASTKD3,18.049229,-0.36689824
FARSA,19.145266,2.9296663
ICE2,4.6726184,12.906836
GRIK3,-2.702748,7.058437
CACNA1C,-1.3092052,3.0866094
GDF10,13.881779,7.975052
PPP2CB,10.217767,-5.5058885
CCT3,10.296934,8.842956
SELENOO,11.263407,-5.9511085
GPAA1,2.2429202,-12.557179
PHLDB2,4.2121787,2.4596353
FAM168B,17.393654,2.4593766
ABCA8,8.650307,6.5946107
TRIM34,19.008453,4.9759645
CALM2,1.8953793,10.660369
IFI44,19.201,5.128972
MFSD6,12.337986,5.7684646
ZBTB41,6.421416,-8.039221
ENO1,-5.1402817,-7.451718
ZNF689,-4.340251,-0.2790336
HEATR5A,-5.4213037,7.7167187
LAMTOR5,7.1796746,7.5996423
COX14,2.0235102,7.6776004
EHD4,-0.55825675,2.0978613
KCNF1,15.663145,3.5858953
CPT1A,22.628757,2.052695
SLC45A1,-3.069265,2.5213716
AGBL5,15.87313,10.762711
MRPL32,9.382357,-8.40266
CD276,-1.5228281,-8.93827
RBM7,9.189058,3.6133857
HACD4,15.684842,-2.5195982
HN1,6.7712016,6.7067475
GUCY1A3,14.706268,-2.6197088
NANS,8.893986,1.8695897
GEMIN6,6.8168964,-5.953423
HIF1AN,18.126091,6.1770687
APC,-5.421777,7.718593
COA6,5.7982883,16.433393
RYR2,10.48845,-1.0516202
TLN1,8.884756,-3.4307358
FCGRT,2.432726,-1.5015718
FTX,7.633227,11.126157
SIRT6,8.110151,-10.614878
CDK2,14.439025,2.4448352
FBL,7.3027444,2.9491959
NEB,7.066814,14.027067
BBS10,4.671394,12.870696
ZNF277,8.482263,-12.321797
SUB1,12.991513,3.5764818
AGPAT5,9.144591,-7.378161
SCN9A,-1.5961668,7.922959
SERINC3,11.661415,-8.683807
HYAL2,3.2092352,-8.295053
SIGLEC1,12.8695345,-5.6263285
CRBN,15.756084,0.7578232
PMPCA,8.931302,1.1072625
SRPRA,5.9270205,10.375632
PIK3CB,5.518593,7.444101
PTGES3L,10.097398,-1.9866375
LATS2,13.008785,-8.644291
NHLRC3,9.13556,4.566533
SLC50A1,10.308671,1.8805308
ARRDC2,0.92160267,-7.649512
STK11,9.246338,7.6631026
RAB6A,10.954958,5.3317413
NPTX2,8.113041,7.063287
MANF,7.145021,7.104931
FYN,7.4460783,4.023583
ABCB9,13.313099,14.161738
ELMOD3,0.96271366,-4.675267
PTPRC,17.726688,7.2660713
CPA1,21.16134,-7.1342235
ZNF572,4.6474905,12.373067
EIF2AK3,6.7651596,-3.8593931
CCDC124,10.982626,-10.758116
PIGQ,2.2436757,-12.557442
HDAC6,6.477851,11.56834
VWA1,5.3677983,9.29433
SHANK3,3.4362671,-7.960838
TNXB,3.9569778,4.7221365
DDRGK1,-5.716895,-5.434132
DDB1,-2.0508375,-2.130781
LDHA,-5.138901,-7.451407
VPS4A,14.205718,5.7340937
MBD2,-1.5804533,9.294672
LTN1,13.599869,-1.1089795
SAP30L,12.061224,1.1011628
ENKD1,4.288897,6.437335
MT1A,0.36103126,-0.40771762
UBR3,12.559096,-1.0015817
FAM3C,6.626826,-4.209817
KIAA0430,11.768122,6.067242
GCLM,0.7839856,0.5099086
SLC16A7,0.750143,0.49031034
ORMDL1,4.750182,-5.0955877
CFL1,10.457058,16.164593
DCAF13,17.388489,4.550618
PTOV1,-0.6214911,7.0665607
RAP2A,17.856117,-3.6051917
DNAJB6,10.273166,8.840413
FOXK2,7.949323,1.0861006
WDR90,9.189812,0.19697045
IRF9,3.3494694,-13.788614
YIF1B,12.584821,-0.83263284
ZNF704,5.3356314,3.017608
FADS3,5.943039,10.369941
MYL2,7.051482,14.1435375
CLASRP,8.849693,0.3146694
PANK4,15.008916,6.5313873
POLR2B,16.700281,-5.747167
RCBTB2,7.6283684,5.049337
ARMC7,9.840904,-8.452093
ZNF536,-2.1690218,6.89996
PPID,5.798287,16.433481
ZNF692,14.3174,13.972593
WNT5B,15.884537,10.772238
ANKRD11,-2.288628,-1.980492
SQLE,1.7841504,15.169693
RTCB,14.27852,5.2316456
HOOK3,10.961579,5.3237777
ALKBH6,11.44028,-6.2235928
HMG20B,5.0609264,0.123895705
TRAFD1,9.724745,2.0040846
RCN1,-5.7074175,1.1290284
LYPD3,-7.7634616,1.969978
ADCY9,18.798,11.68308
NMI,3.2822306,-13.857878
MTMR9LP,18.971695,4.9677315
GAS1,3.1059222,5.311367
RGS13,6.441239,3.9727561
LAG3,5.3365126,8.282038
LIME1,10.241838,13.074211
CCNL1,6.808509,1.4805232
GLIS2,7.3997545,-3.5331836
CLK4,7.6398525,11.125144
GTF2E2,10.845742,10.140168
CUL3,9.026714,-1.8193073
HSPA13,6.592605,-4.1712112
GALNT2,-3.0666745,2.5160377
PDE3A,12.459191,5.808472
FAHD2CP,12.17509,-3.5614533
EPHB2,5.2281475,1.2592932
PCDHB14,2.005668,-8.499041
CKM,7.05252,14.139898
TAB1,-0.28184107,13.232113
MRPL11,2.618244,13.969341
DNAJC16,3.2240627,2.287562
MPV17L2,0.09354426,-8.947945
EBF3,-6.77502,2.6892495
TMEM8A,7.8603997,-1.8383151
CDK6,13.6630945,-4.542977
MTMR6,13.76977,-1.3076061
RGS9,15.6871605,-2.5230591
CUEDC1,9.958815,-2.6173818
FAM96B,0.15766524,4.3766413
CASC4,6.210222,-7.2343135
FOXO3,0.8267163,-7.3453884
RBM42,14.135871,5.421378
SCNN1D,4.076498,-9.584015
PTPN18,13.161695,3.3066263
PUF60,14.143092,5.406463
FIS1,1.1167288,4.139888
CLPX,2.8245714,3.5653975
NMD3,13.2367735,3.1934094
SYNGR2,17.593681,2.455256
ZNF248,8.365408,-6.4021845
TNPO3,-3.5004594,-2.1756618
PCDHGA9,1.8640572,-8.641968
ANKRD49,8.187806,-12.8310175
PBRM1,4.329803,-3.4696596
CCL2,-1.2530499,-4.769886
EPHX2,7.537074,5.0233
TRAF4,20.49271,-1.087566
SUCLA2,11.178931,-4.6678553
ZNF33A,11.395442,-8.518752
PEX10,-7.7660565,1.9690367
TNFSF10,-1.7620298,6.732925
NUAK1,14.596405,-3.0081823
CDHR3,23.367064,-2.261808
ALDOA,-5.1477633,-7.450277
PROM1,-1.7932695,6.700919
IARS2,8.501911,-0.033129085
IKZF1,6.8844852,4.0925164
FAXC,10.34602,-1.1884499
UQCRH,2.1921022,9.916216
MXRA8,-3.653876,-4.4835095
ZNF7,11.560723,-6.557693
ENAH,10.230155,-5.4780354
SEC24D,6.763307,-3.8250484
NT5E,-3.6991525,-4.437358
ATG2B,13.033252,-0.89966416
MEF2B,10.248673,13.0811615
ZPR1,19.51866,-2.481459
RBPMS,9.807596,-2.8607385
PACSIN1,-1.7983083,6.686859
VPS9D1,2.5639343,3.372573
TMEM184C,3.5848377,-12.127015
HEXB,17.124296,2.3923056
KIAA2013,8.509327,-3.8044088
TAGLN,2.1567514,6.29837
ATM,8.415948,0.42562464
RICTOR,12.564041,-0.98791236
GOT2,2.8856137,9.652622
ATP8B4,0.34794116,1.242863
PTPRZ1,-0.87746143,-3.2897813
WNK2,8.099011,-4.468027
PUS7,17.519775,0.46596205
SCML1,6.679797,1.4656295
SCAF11,10.514655,5.314946
TNS1,8.884652,-3.433121
IL1R1,13.71585,3.9093342
SGMS2,12.86896,4.3554454
LIPE,4.290632,-6.576281
ZC3H15,10.630646,10.160077
NTN4,13.621985,-4.544879
KIFC3,11.645997,-8.673168
NPFF,4.325672,6.264494
CTSS,3.3316941,-1.5907967
ITGA3,14.673901,-2.3191252
IL17RD,-3.71363,-4.42371
MRPL51,2.096611,7.4068303
DNAJB5,2.3837724,6.1820197
EHHADH,9.13194,4.5806556
NCL,6.916192,-0.72319955
PAN3,12.900721,-0.9012646
ARHGEF6,4.8183703,4.0889864
PPARD,6.9327126,0.56132615
GPC4,-5.3755608,7.713371
EXD2,11.20061,-4.689298
CA13,-5.7133274,1.0990157
CFB,7.601282,3.4472456
CHCHD4,1.9999884,10.036067
ANAPC11,1.131341,4.152521
NDUFV1,5.004219,-0.099149324
NUCKS1,13.8426,-1.4741349
EXOC7,8.062309,6.2189603
PPARG,4.25994,-6.60863
SOX8,-3.0024595,7.141559
NOC2L,19.454432,2.242316
PRRX2,14.76376,-2.195787
SOX18,3.2764633,-8.424812
USF2,19.153963,-5.532019
MTUS2,15.690192,-2.5258245
TARS,10.6262865,10.1710825
ZBTB39,-4.35809,-0.29739034
TSPAN11,3.882872,0.8923829
RAB5A,9.633635,4.1163526
PLEK,3.3287075,-1.9685506
ST8SIA4,0.31249613,1.2876799
ATP13A2,7.9063296,-1.8771511
ZNF442,-0.20112014,9.857321
SLC2A11,8.935796,11.851859
TSPAN14,4.2415967,-6.632867
TBL1X,13.155694,4.4695582
AP2S1,6.747319,7.8430557
TUBB3,2.9310644,0.5027089
UHRF1BP1L,14.074471,0.4283435
PSAP,2.3770401,4.893026
CMTM5,-2.9676282,7.122677
ABCA10,8.648192,6.5954466
GFM1,13.486608,1.8726251
PAFAH1B3,5.4817986,7.43244
LMAN2,6.894112,7.537084
SPOUT1,14.044991,13.9422655
SCARA5,3.1044617,5.3305297
TRPC1,10.593598,-2.3987408
PTPN7,6.669764,4.0411882
GATSL3,1.0009787,-7.7829475
TINAGL1,12.490405,6.953075
CTSC,0.35353237,1.2339133
EIF2B5,16.025532,8.485354
PIPOX,2.446524,6.105988
CDH19,-0.9227035,-3.2346444
TWISTNB,13.32817,1.803401
MFN2,10.505702,-1.3708266
TRIM45,16.024937,10.911656
FAM8A1,15.309848,0.6966649
RNF130,4.4036517,0.7271783
JAG2,4.1912804,-7.3059177
TMEM167A,6.0090456,-4.481977
SEPT5,23.38905,-2.289893
KIAA1429,18.21299,6.141853
CNN3,17.503023,0.48633334
PLEKHG1,-1.7504606,-4.367447
PLA2G6,-1.0063304,6.8773894
CDKN1A,6.865257,1.4709773
HCCS,-1.9442387,4.468559
HSDL2,22.622581,2.050322
HRAS,10.068434,6.7534723
ZNF687,-3.0632625,2.5122905
TRMT1L,4.509168,12.268667
PCOLCE2,3.282721,4.9308877
TIMM44,4.401223,6.5476623
ABCA9,-2.548833,12.444629
AIM1,-7.2813954,2.313599
AR,13.604556,7.226503
CKMT2,7.106948,13.851942
JAK3,-0.47920656,2.1534708
CS,-1.9466275,4.4600983
TTC30B,4.674873,12.389851
HECTD1,12.109399,12.449101
NPTN,14.849308,-6.799704
PPP1CA,8.116994,-10.625319
TMBIM1,10.099148,2.0940537
NPIPB5,-4.2310915,3.253675
VIT,6.6546693,-14.921848
SLC25A40,5.5924325,10.519411
RGS19,10.042359,-11.275753
TSR1,13.494444,1.8708354
IL6ST,9.782836,-8.455374
SHISA3,22.113832,0.3543719
GFPT2,-1.9573137,-4.1902223
PSMA7,7.3117924,2.9519768
OGFOD2,9.801251,12.815141
HSF4,12.843444,-13.305468
TMEFF1,11.56343,-6.30341
ABR,12.537878,6.8576403
ADAMTS19,-2.6995614,-7.344901
RPL30,1.123135,5.0471582
IFNAR1,0.72111744,0.60637903
GOLGB1,12.110051,12.448151
PAFAH1B1,13.358145,3.203358
RBM43,19.387774,1.5049266
SNHG15,6.0738325,10.216693
BTN3A3,19.02915,4.998339
ADAMTS2,5.908056,-12.004987
PPIA,7.2165256,7.6313868
PDCD10,11.516572,4.285621
CLEC14A,0.83263457,-3.0093672
FAM234A,9.338099,-3.2099378
FOS,5.715088,0.813929
MRPL10,-2.6099677,-10.173617
ECSIT,15.026421,6.5258093
ACBD3,6.526699,-4.243968
LMNA,-7.633691,-5.561342
HSPA5,7.1476393,7.1482234
ZFAND5,0.86741656,-7.445813
LYSMD3,10.7760515,5.5075397
ZKSCAN8,12.443813,-1.1254927
OAS1,19.091639,5.05197
ABL2,17.503048,0.48724416
ZNF793,8.359978,-6.4226923
TSC2,9.649127,12.678294
TRIM68,6.999982,-5.8257604
COMMD3,18.4926,-8.226522
ZNF486,6.4906635,-4.587385
ARID4A,15.2069645,0.6587942
VPS26B,13.588821,13.939812
RPL27A,1.1140348,4.8712225
CERCAM,4.105008,4.6848288
TNFRSF1A,-0.25781015,2.3235137
MZT2B,1.2289659,4.346689
NBPF9,5.416487,7.1154857
ACTR1A,1.0942171,-6.5553446
NPY,2.5295765,0.6056794
TRMT61A,16.192778,7.230887
USO1,20.767078,4.633169
TFPI,7.4238925,4.084959
STAT1,3.3373005,-13.798043
MORF4L2,0.9322301,-6.5985894
UBE2F,10.844228,10.147972
PRADC1,5.3484173,-0.12966518
ZNF3,-4.2470717,-0.17595038
GCH1,-1.8346751,-4.276852
ILF2,6.0723805,10.216321
NEDD8,2.0546653,7.381886
APPL2,-2.5492568,12.444222
GOLPH3L,4.5409875,12.293038
ADAMTS16,4.768972,4.662904
SYTL2,12.178005,2.397786
SLC35A2,19.707191,2.6450567
PLXNA1,13.361668,14.099802
PRKAR2A,-2.0782661,4.364895
RNF25,8.924319,1.1036988
SYTL4,1.574312,-6.8602495
SLC11A1,11.942576,-6.328337
PRMT5,15.266703,-4.305092
OLAH,11.86825,6.9582996
VAPA,14.225286,2.1757462
MAFF,0.726519,-1.2332743
PACS2,9.629123,12.657148
FBXO25,11.418601,-8.537391
KARS,10.324716,8.827058
MAPK1IP1L,11.570702,3.7672582
VDAC2,12.879942,2.0013294
CACUL1,11.83533,-8.821097
SELENOT,11.394689,4.821843
LYPLAL1,14.370555,6.964657
PUM1,14.712418,-0.062976375
CALCRL,17.058992,2.399536
VPS13C,5.8034105,-6.8963413
SRPK3,14.054886,-8.41237
LLGL1,7.473834,-5.367814
TMEM189,5.383959,-0.15546595
PYCR1,6.7755175,6.707036
ENY2,-1.6660213,4.2537246
GOLGA7B,0.65171546,6.9517603
PUS7L,-5.6151524,-5.330036
BVES,6.956028,-9.389655
ZNF473,-4.0363374,3.400883
SNRPF,11.467114,10.476496
NSL1,-3.2021813,1.0852364
SNF8,2.3958116,13.779758
ZNF664,12.074248,1.1068962
SLC26A10,12.850151,-13.299103
ZNF766,8.405762,-12.505497
FGF1,-1.5535824,7.960909
NME1,6.8065767,6.701162
ANK3,-2.0530627,6.9355354
PRPF39,4.8806334,-4.93004
YIPF4,10.800183,7.4112687
S100A6,3.7699246,8.628966
DSN1,-7.635152,-5.5600715
RFTN2,8.634937,6.591612
MAP4K5,13.406157,-0.5605378
ZNF654,13.709918,-0.86549205
ZNHIT3,-0.50672305,10.189958
ZC3HC1,2.645617,13.998461
COL9A3,-2.9643295,7.1274004
DPH6,5.14255,-10.812603
BOLA3,17.433695,6.047286
IFFO1,3.49492,2.3502321
MFF,2.0393987,10.019666
ARID2,13.344272,3.2245882
SPHK1,12.801919,-10.930883
HAGH,-0.8650087,6.3141813
VMA21,6.09956,-4.4784784
YKT6,7.867338,-1.8458872
COX4I2,14.199911,-8.676957
NID1,6.551869,-15.019868
TNFRSF1B,0.687232,1.1336029
RPL7,1.765426,3.6403813
TWF1,17.949766,-3.4882724
TTC33,10.545201,5.3118744
MOB4,11.367927,4.7982683
JUN,5.7201014,0.8161586
TRUB2,10.101368,-11.35459
GAL3ST4,5.699724,5.210247
SALL2,-0.46434596,0.114957504
ATG12,3.2018821,2.2452922
ACVRL1,6.7908297,-9.546719
TEFM,6.7111096,-5.958324
CSF1,-0.8441634,-10.88276
DTYMK,12.648177,-0.86601555
BCL2,5.3968024,9.31873
SLC12A9,14.020199,13.917415
NYNRIN,5.4384613,4.8425655
ERCC4,-8.267773,-1.5293968
CHD8,-3.0350637,-1.9686775
ZSCAN26,4.3297615,12.118177
PIRT,2.5786068,0.5843374
DRAM1,0.85047174,0.16310453
LINS1,18.003448,-0.28775817
SIX5,17.410934,-10.317177
ANAPC16,12.169054,5.4128523
PTPRG,5.9235654,-12.030425
IRF3,14.762116,13.993862
NDUFS4,2.4775846,10.002459
PRKAA1,13.829785,-0.8940326
EFS,4.310246,-9.323545
POLD1,10.459453,-2.3657207
ERAL1,2.6829817,14.035177
CRIM1,13.00935,-8.643272
HS6ST3,15.651109,3.5749776
EPS8L1,-7.7470307,1.360614
MICU3,9.643222,-6.252718
THG1L,3.3604877,0.34333923
ELOVL5,9.666904,4.0936203
NR4A1,-1.079112,-4.9846525
GPR161,-4.1535044,-4.1253757
NDUFS1,13.840242,-1.4792515
ANGEL2,14.543189,-2.9947333
TRABD,8.465864,0.21471559
FLNC,2.4075413,6.43703
TMEM222,11.36894,-6.1168556
PFN1,1.6078304,5.3782125
ARHGEF9,10.558763,-2.3868902
BLOC1S1,1.1204712,4.1470904
PPP1CB,12.169168,5.393008
ATXN1L,16.850908,-5.4666452
ITGA7,10.201029,-2.1317143
ACVR1B,0.4819208,-0.037257172
SHANK2,-2.8036025,-7.465122
PSMB4,14.956666,-3.9450421
TPGS1,2.6117043,-5.616469
NSD1,18.84009,11.638589
RNASE1,2.4664497,-1.5429606
PI4KA,18.835152,11.64339
PDGFRA,6.6725516,-14.905587
MFSD1,15.036786,6.5163765
TRIM23,9.468961,-6.6792903
PRUNE2,-0.8513439,-6.696876
ELOC,11.440943,10.508508
TMEM208,8.098636,-10.597407
CD163,12.146595,-6.2193527
ADCY4,3.483677,-7.8771944
PGK1,-5.142034,-7.4505563
ARPC4,8.089085,-10.588936
GNG5,7.184536,7.6076913
OSBPL7,-1.7216709,4.2801213
RALGAPB,16.857468,-5.443038
GNAQ,12.5207815,3.89483
NOB1,2.3648982,2.6717043
IGHG1,17.690086,7.359528
CLEC2B,17.049622,2.4379408
PNPLA2,6.2301965,-12.526263
IFI6,19.22711,5.1480227
ZMIZ2,9.646739,0.041701987
TBC1D1,10.074825,-1.8451892
GTF3C3,18.228216,6.138346
TUBD1,6.7391996,-6.0591054
SOCS4,15.258369,-0.24203284
RXRA,13.321394,10.772858
IFI44L,19.24778,5.167459
CCL5,17.708582,7.3390884
JAK1,14.120543,0.4252277
TCEAL8,-0.15131465,-0.7104135
ST7,4.4157605,0.6987627
DYNC2H1,17.610886,6.1952996
BTBD2,6.2331424,5.0263457
TMEM147,19.171516,2.968624
ZNF787,9.2550955,7.655145
HNMT,1.5932788,4.85126
ZBTB7B,-3.0649664,2.5172234
NT5M,15.996813,10.881693
HSPB8,-1.2013359,11.298941
PDLIM2,6.3170743,5.0446696
SULT4A1,2.9321258,0.3829641
F2RL2,-0.84308326,-3.3243294
KCTD18,2.6135106,-4.2355204
RNF38,10.014268,-5.728868
SIRT4,7.0673785,-5.757661
ADCY5,9.810661,-2.853575
PPP6C,2.580767,3.364175
FGD5,4.1654487,-6.761048
SCN3B,3.6459398,-8.553879
PAK4,-1.0144181,0.16611136
AOC3,15.875105,10.764923
VDAC1,10.826907,10.157261
METTL5,2.0356746,10.0269375
FXYD5,0.9770697,-3.1890326
SLC46A1,7.8805585,5.240638
BRD3,19.242865,7.2583904
METRN,5.0941687,0.11442142
MYOC,22.118168,0.3542653
ARRDC1,15.140366,14.083429
MEF2D,3.2802486,-13.860435
RPS6KA4,10.06905,-11.305615
OAF,5.21624,1.2508361
SLC25A42,-1.2293735,6.4123383
MED18,20.596748,7.7121067
GNB2,7.186264,0.75166965
DDX54,19.484062,2.5315197
CMPK2,19.353632,5.2670474
COL6A2,2.425028,6.15171
PHF20L1,13.760589,-1.2896184
PLEKHJ1,19.79758,-6.0031147
IGKC,17.690292,7.3631215
NUCB1,10.313538,1.9864744
SLC35B1,19.596846,-2.5961473
MKRN1,11.769386,6.0658627
WWC2,15.312846,-0.23136277
MTMR12,14.773427,-0.41444585
PMM1,3.0360272,-4.2258
ZFAS1,2.200492,3.14106
NACC1,-1.4345886,-1.7818645
SPOPL,6.1632853,-7.2738733
SOGA1,17.413637,-10.321913
ABT1,-4.2290287,-0.14452139
HMGXB3,5.930205,10.368761
ZNF784,12.846175,-13.303139
TCN2,13.238216,4.4953556
C1RL,9.556615,2.18611
NIPA2,7.027096,-1.1918123
SRCIN1,3.880563,0.9252509
SLC39A13,2.3954773,6.4937196
TRIQK,10.797035,7.415786
COQ3,1.9530382,10.599209
PCYT1B,14.806731,-12.564795
TNFSF12,11.434493,-3.0032408
ARMCX6,7.284429,5.0173874
SLCO2A1,3.1620677,-8.253509
S100A4,4.5744104,4.521311
NDUFA9,18.41821,-8.299218
RGL2,9.706216,12.729598
CHEK2,0.36062595,1.2144378
NDUFAB1,2.4615262,10.219054
YES1,21.75415,-1.4934808
ZNRF2,6.1320753,1.0182033
ECM1,8.113064,-12.871991
F10,-3.919267,-8.782859
PYCRL,8.376723,-10.846883
RHOJ,1.3981414,-6.800783
CHIC1,9.639348,-6.2751107
RAF1,-2.1669197,4.3449044
NDUFA6,2.4649026,10.192803
AHNAK,9.980968,-10.1180315
FEM1C,11.851619,-9.091904
OST4,2.092565,7.409947
HYOU1,7.157743,7.0935683
DNASE2,17.185186,0.8240923
ARMC9,16.165579,-1.5195119
RHOA,7.3204527,7.837155
ZNF618,13.5905695,7.222712
POLA2,11.733389,-9.396801
BORCS6,9.818383,-8.4329
TMEM41B,6.684503,1.4588124
NUDT16L1,9.740842,12.761673
CHRDL2,7.63878,3.1736283
SZT2,-2.8772397,-1.615869
DYSF,13.979731,-8.312917
FBXO4,14.032807,13.953716
AMY2B,12.881053,-13.268055
PAX9,8.111206,-12.893523
MBD6,5.104736,-1.66384
CCDC90B,5.3571143,-11.077045
DBR1,20.597057,7.712351
HAPLN3,7.683673,3.0467741
IMPACT,7.7684402,-2.0800927
TSN,13.335294,1.7776463
CPNE2,-1.081218,0.21159202
PCM1,20.366062,4.73623
SERTAD1,20.49279,-1.088186
MLKL,0.6689033,1.1341947
NR1H2,14.212625,5.717741
ZNF778,15.751505,9.402414
MCM7,-3.6487494,9.616548
TNFRSF10B,6.853732,1.4731566
DPAGT1,14.631657,6.761643
ZNF430,6.482216,-4.583277
CPD,7.294,1.5308254
PLEKHA1,15.31184,-0.23359518
ZBTB7C,14.753088,-2.270867
DENND6A,12.942815,-0.9078208
PRDX5,1.0157285,3.934695
PRDX2,2.826521,9.708013
ZNF596,15.54734,-11.180529
IL2RG,17.712276,7.320147
SLC27A3,11.998348,-8.7415285
TAF5,6.7449274,-6.0540934
UBE2D1,11.626586,3.9488358
LENG8,6.4712334,11.57746
ALKBH7,11.427204,-3.009177
TRAF7,7.874933,-1.846923
FKTN,10.757536,4.286414
HADHA,22.616066,2.0483701
PPP4C,19.792728,2.6459112
UBE2S,19.388882,1.5111631
DNAJC3,12.983302,1.425307
ETNK1,11.618818,3.9775326
INSIG1,1.7845249,15.167906
RSRC2,22.443777,4.358972
ST13,1.907635,3.2906005
PLCB1,12.43346,5.798856
NDUFC1,2.1394153,9.755872
RARS,17.655901,0.33827177
CLDN1,17.024353,3.6497042
QTRT1,-4.247447,3.2452614
HVCN1,7.801938,5.1784773
POLR2D,-4.0266714,3.4113255
ROMO1,1.150472,4.1971893
SPTLC2,-1.5939466,-0.93649113
TXNRD2,20.175793,-1.6622219
GIT1,15.002522,14.000046
IK,-1.5893129,4.2249823
UFM1,6.1136165,-4.4585705
CARS,0.1380708,-8.893311
GTF2A2,14.662289,-3.5602558
APOBEC3C,7.707337,5.1242757
PCDHGA6,1.9982216,-8.508166
JADE3,20.681503,4.668272
KCTD7,8.378645,-6.2868876
UBE3A,12.529745,3.8998036
IL10RA,2.4971359,-1.5810679
PLBD1,4.908327,1.0224379
APOL2,-5.5496902,0.93089014
AMZ2,4.488789,-3.3421292
OTUB1,14.127786,5.4068747
SSC5D,14.05566,-8.428733
CEPT1,4.6332603,12.851238
HCN3,-0.42872137,0.09372921
BEX1,-1.427131,8.079632
UBE2G1,16.550863,8.442839
GAK,8.414096,1.2379465
HDAC11,4.2072372,-9.46847
SMARCAL1,6.1956515,5.023478
CAB39L,5.3893204,9.308127
PHKG2,11.2589445,-5.94657
MINDY1,0.6163332,8.00654
SIMC1,5.5548377,7.4524274
GLTSCR1L,12.814297,-10.942411
LRRC37A2,19.233023,7.2780237
ZNF195,17.9867,-0.2455561
CARMIL1,13.881433,7.976312
TOX4,14.24085,2.206261
CALM1,8.350706,-3.719885
HAAO,-3.9197092,-8.782862
RCAN2,22.118376,0.3541648
DDX49,16.328833,7.117538
GBE1,7.9806433,6.490373
PTPRE,-3.621366,3.9177415
ZNF510,-8.272604,-1.5299791
MEOX2,-6.758712,2.7023385
GATS,-0.15231183,6.775248
BMS1,6.907495,-0.72848094
TSPY26P,5.8274155,-4.5125027
RPS6KA1,10.052821,-11.285394
DSP,-7.740687,1.9637378
SLC39A11,5.9453206,-12.05983
MARCH7,10.801303,4.331199
SLC39A7,19.660992,-2.6636117
CHSY3,12.188314,2.392871
ACTB,1.6764135,5.400645
SYNGR3,2.9668055,0.5257198
MSANTD2,0.78344715,-4.472037
ITFG1,5.8258643,-8.359688
SLC25A28,0.104732886,-8.938621
ITPR3,4.2402625,-6.653551
WDTC1,-1.0463645,6.744282
PWWP2B,-1.3492882,-9.090808
UG0898H09,-1.885727,6.832682
LRRC14,-2.8694282,-1.4452754
YTHDF2,7.72818,1.8450323
ZNF502,8.258015,-12.766153
TNPO1,6.0027814,-7.76226
ACVR2B,5.9467854,-7.838188
WDFY2,13.244866,4.5021267
RPS27A,1.1315925,4.8630157
P4HB,6.8974576,7.5385747
SETD3,4.8749523,-3.120857
ROCK1,4.267731,-3.5219884
MOB1A,17.947342,-3.4882038
AVPR2,3.5683193,-7.628045
RNF181,0.13458176,4.355571
FRRS1L,14.870116,-8.243543
WTAP,8.52077,-5.9637218
SPCS1,5.195923,-10.866092
FAM127A,1.5616561,5.326097
DNAJC4,11.427948,-3.0061846
EMILIN1,13.068846,9.436321
LDHD,6.0467267,-12.732794
SLC35C2,11.463078,-6.2254615
TSC1,15.983023,0.80260295
AKR7A2,11.428629,-2.9986417
COX15,-0.4646946,10.171199
ZNF700,8.4106455,-6.1225967
GLTSCR1,9.314371,7.5677414
CLCN3,3.5869749,-12.127079
SMAD5,10.482998,5.3155475
LSM11,-6.002616,-1.5250487
PLA2G2A,7.6229258,3.6529818
CAPN6,4.7452016,0.9015754
TPM3,0.68989915,0.85660106
LAPTM5,17.836378,6.90667
TMEM260,14.828638,8.274392
PSMC6,13.963641,1.969597
MARVELD1,12.272821,6.904664
MPZ,-2.9258964,7.0979867
SMG1,14.853265,0.46045414
NFIL3,6.861061,1.4461188
CNBP,2.4965968,3.2217803
NAPA,1.1173434,-6.4551363
CCDC186,9.637441,-6.4409366
RNASE4,12.708847,-9.97175
GBA2,9.924556,-2.684939
RAD52,0.8891026,-4.581634
HEG1,13.620343,-4.544023
SERAC1,16.169819,-1.5208564
APBB1,-0.8639811,6.327346
FGF13,23.383295,-2.2775683
TTI2,6.759927,-5.9619703
KLF9,0.80090255,-7.323793
GRN,2.4149451,-1.4855471
HACD3,16.93001,-1.7147928
GPD1L,7.01559,2.063562
PELI1,-1.7263627,-4.4008784
EFHD2,-7.6344934,-5.5609303
FTL,7.635606,3.4963882
CHMP2A,1.1235073,4.1530995
MOB1B,9.638817,-6.2586417
LZTR1,7.856407,-1.8703026
LMNB1,0.48376873,1.1275133
PREPL,5.482782,10.614795
SSH3,-1.2198342,6.407068
SYS1,14.652315,6.752958
TBXAS1,12.443937,-5.9910483
RAB4B,3.8673935,5.8491893
ZNF517,-1.2043191,6.508759
SUPT16H,16.735565,-5.716761
POT1,14.566015,-2.9864874
SNW1,22.443237,4.359034
RRAS,8.527791,-3.8125322
LYSMD2,16.915583,-1.7194347
DIMT1,9.43715,-8.129873
ALDH1L1,6.06572,-12.687813
CBX6,7.429644,-3.6413696
RAPGEF3,4.1907005,-6.7094054
MROH7,9.063541,11.96838
PRPF6,-2.6104467,-10.174703
NMT1,-3.792891,3.6464293
MVB12A,12.581826,-0.8268325
COA4,19.385965,2.1272373
TUBG2,-1.2332419,6.382076
ABL1,7.042753,0.5944491
TIGD5,10.128262,12.983779
PPP6R3,10.051383,-5.668913
BCL2L2,11.767316,8.222226
GOT1,18.399395,-8.312144
SNRPE,11.463123,10.495805
EPG5,16.00012,0.8093477
POLE3,14.139266,2.070584
CHMP4A,2.377139,13.758511
ATN1,8.022409,1.1116104
SLC25A45,10.592013,9.810176
GART,18.240883,0.15761052
TGFBR3,6.516331,-15.053589
COASY,19.684576,2.628377
OSBP,8.837969,-1.7327863
NUDC,2.3303497,13.75665
TIA1,7.6320972,11.126567
LTV1,17.847738,0.16718963
RAB1B,17.583248,2.4566839
ISOC2,7.4697595,4.450605
XPR1,8.666467,-5.3791857
ZCCHC8,22.444113,4.359078
TNFRSF14,18.970514,4.9666686
PLEKHH3,2.5071244,-5.304507
MYL3,7.105039,13.843922
MTPN,13.447378,0.71172583
NLGN4X,-0.896098,-3.2662163
PRSS2,21.16126,-7.1342754
MTA3,5.839668,-4.511431
SLC20A1,20.488163,-1.0852942
METRNL,-1.9646451,-4.188748
PRMT2,8.063903,6.2202497
SEPSECS,14.549593,-2.989748
PRPF31,16.036934,8.482126
UTP14A,17.92885,-0.1122554
TPCN1,0.6166367,8.007098
METTL10,14.422247,6.9232454
ZNF394,22.44365,4.3590283
FAM102A,-5.956411,-1.4794351
DDX24,-2.045841,-2.1421082
RBM17,14.439261,2.4494188
RBM24,-2.8172927,-7.4780707
CRYL1,12.20046,-3.5858524
SEPT6,-2.81338,-7.474187
IL15RA,0.51651734,-1.7068052
RRAGB,2.513094,3.2387843
TMEM2,6.997013,1.4879721
SSR4,6.7531123,7.8606834
RNF141,2.6310437,-4.2553034
P3H3,-1.5303118,-8.934368
ZNF606,15.516084,-11.138301
UPF1,12.132852,8.438348
CCT8,10.629178,9.898036
SNU13,11.43245,10.519681
ECHS1,2.8014324,9.740609
RNF208,7.4728627,4.4453015
FAM91A1,13.796983,-0.8644592
MTBP,10.416218,-13.402971
LMO2,17.03656,2.4102151
LMBRD2,5.6942368,-8.602594
NOXA1,12.189142,-3.5290709
PTGIR,12.802882,-10.93142
NEU3,4.4261274,0.67840636
NMNAT1,-0.34706733,10.027558
PGGT1B,5.6008983,-8.729215
QKI,13.484318,0.5598031
TMEM183A,8.844407,4.1447043
DHX38,-2.2230716,-2.014924
KIAA0100,18.830238,11.64768
DRG1,15.285991,-4.315413
LRRK1,15.785994,3.734252
DCXR,2.8985708,-4.2883563
BORCS8,8.3691435,-10.841187
THEM6,6.2478166,5.1728168
FES,0.6701262,1.1233593
PRKG2,14.575282,-7.606254
FBXO21,8.849179,-1.7369243
DOPEY1,12.110285,12.448438
MRPL27,2.64562,13.998922
RND2,8.024897,6.568571
RBM5,7.682358,11.091439
ANKRD40,20.653156,4.681959
ZNF319,10.1205635,12.978367
VIM,20.545439,6.2449384
SCG2,2.4825714,0.68903565
LOXL1,15.166826,0.09627056
SMTNL2,5.3103,8.311376
IL17RA,15.860156,10.749961
RYR1,7.078167,13.898605
FXR1,20.347874,4.7347846
AFTPH,20.742052,4.6569853
GNA14,5.4662066,8.143913
CADM2,-2.0027387,6.9794645
CTDSPL2,13.266227,0.6865235
MLLT10,16.811687,-9.018109
GSPT2,20.59793,7.7126527
LTB4R,11.163924,-4.654347
GSN,22.115206,0.35352054
BATF3,7.036285,2.0505235
METTL13,10.087882,-11.338801
SAMD4B,6.779447,0.4974369
ZNF623,-8.273853,-1.5297024
CNOT7,5.6713963,-6.7536693
EFR3A,5.4498653,3.0021517
GMPR,5.4485407,7.2290373
ATAD3A,10.291548,15.705062
TGFB2,-6.4288406,3.2463398
SPRED1,6.6237264,-4.224064
TTF1,8.459057,-12.393012
CCNT1,8.95285,-2.069862
PARN,1.1171656,-6.4449115
ZW10,17.989687,-0.27642325
GK5,5.133649,-10.794489
CHI3L1,7.609497,3.4232764
ZNF304,21.023304,2.8735507
SMPD4,11.840261,8.225986
ADAR,3.3393676,-13.798157
HARS,16.04742,8.466112
RELA,19.456781,2.2844222
UHMK1,8.66854,-5.571851
EEF2,-5.586207,-5.3019824
SLITRK3,14.80687,-12.5625515
FRMD5,-0.97740394,-3.1705236
PAN2,0.9604031,-4.672428
ADGRG1,-0.5314094,2.114683
CREB1,5.9900103,-7.817649
BPTF,-0.0028670316,4.2006283
DGCR2,17.411114,-10.31754
ZNF365,15.753087,3.690292
TM9SF2,15.630241,1.2084717
ADRA2A,3.8961964,-7.2143507
UBE2M,2.345484,13.771125
UCK2,6.148112,10.137637
GATB,2.7670386,9.773436
RHOH,-4.008365,5.2729034
ARPC5L,0.1786943,-8.939069
VAV1,6.848712,4.138881
MYBPC1,7.0543175,14.126975
SLIRP,2.7611248,10.409533
ROGDI,8.15143,-3.7586534
HBS1L,12.463105,1.3777549
GTF2B,22.444927,4.3588424
HAR1A,4.2094483,-9.463863
EIF1B,11.549003,3.7456536
EEF1G,0.19183372,11.6784315
TMEM261,0.90070194,3.7632623
FAM13C,12.814701,-10.942101
ZNF133,14.691301,8.110385
ZNF785,10.276118,13.105865
NHSL2,1.6532856,-6.8888297
BCLAF1,8.960482,-2.203018
COPZ2,11.884831,-3.28099
PYGL,7.6347833,3.6453142
ZSCAN29,-4.3547444,-0.2945395
HELB,-5.707214,1.0774643
LIN7C,11.604707,3.965678
ZNF781,8.364605,-6.4186444
KLF16,-0.24000517,2.3725865
GSTA4,7.980366,0.98704165
CISD1,6.264603,0.53768444
TTC4,9.0500765,11.95307
EIF1AX,11.615932,3.8538203
EMILIN2,3.3535485,-1.5580093
SMIM8,5.491697,10.615788
PUS3,9.027751,1.9109579
PPARGC1A,15.871342,10.7613125
CIAPIN1,10.395589,15.914182
NAPEPLD,5.46959,10.626905
PHF6,10.8036785,5.576276
FAM208A,9.471038,-6.6789403
SMAGP,0.9527247,-3.156779
MZF1,-2.8562741,-1.3136381
TES,12.011216,-8.739029
NIT2,5.113336,-10.763277
BLZF1,21.159187,4.258591
SAV1,9.186943,3.5989945
COPG1,19.633556,-2.6276615
TAF6,6.6826763,1.4598209
TNFRSF12A,-7.6339426,-5.5612955
GLMP,2.4104528,-1.4835551
USP9X,9.952029,-5.6667776
TSSK3,-3.668535,9.626569
BHMT2,5.0363903,-1.592576
ARL1,5.1691794,-2.0386605
CPEB4,12.768885,4.2718234
AMOT,4.8322353,4.1202493
GDI1,17.62261,2.467125
LYL1,20.652231,6.148042
PPP2R1A,5.0056214,-0.0988575
EGFL7,3.2762926,-8.358103
SRPK1,10.626982,10.202404
CAND2,14.417921,-6.796291
TRADD,-2.8570707,-1.321152
WASF2,13.416927,11.070266
ZBTB14,4.338676,12.18199
RBM39,22.444252,4.3590693
SLC26A3,0.9920057,-6.7067595
TTC5,16.920494,-1.7183592
ZNF229,21.022552,2.8717456
TRAPPC6A,12.072386,-3.456435
ITM2B,6.223694,-7.2200255
DDX56,16.032751,8.485392
PGM3,6.7633433,-3.8354096
GCLC,4.3553877,-3.4496772
FBXO8,10.796258,7.415877
TTLL3,4.073263,-9.590538
KLF12,-2.586232,-7.2133117
TMEM59,15.628819,1.2717862
TAL1,3.538532,-7.630837
CRNKL1,18.197899,6.1555605
ALYREF,10.379286,15.915046
LPCAT3,7.5308924,1.5482023
NKD1,12.573602,6.8662314
CD2AP,10.8220005,5.584151
SELENOM,16.642183,-2.5366328
TMEM256,0.1924916,11.672113
PPP1R14B,19.199783,2.993627
RASSF9,-6.7907662,2.6739187
TRAF5,2.4282558,6.1220684
SLC25A5,-1.9473029,4.4714084
TMEM101,13.318965,3.2020485
CHCHD10,2.8805802,9.655274
OSTF1,17.018484,2.4613094
PDZD11,0.90873975,3.777045
SAR1B,13.128482,2.389041
ITIH3,4.73508,1.6154113
PBX1,15.936312,2.0424337
FHOD3,-4.0982547,-4.1649923
PEX11G,12.169266,-3.5436456
FOXD1,13.60819,7.2632933
MRPL47,14.704298,-3.6179495
RBPMS2,-1.2014626,11.300247
PITPNM2,-7.635035,-5.560154
ZYG11B,11.217108,-4.7078757
RSBN1,10.516226,5.3053074
COX4I1,1.799442,6.2506475
DOK2,12.80176,-5.646689
KIDINS220,15.079017,0.688271
PCDHGA5,1.9407214,-8.566648
ZBTB33,0.948703,14.272657
MCCC1,2.7152743,-4.3052106
ZNF224,4.7000437,-5.1442294
PRSS1,21.161976,-7.134845
RNF115,10.22639,-5.4882007
FOXO1,0.8731275,-7.0457025
PIK3R1,11.776558,-9.351358
MLF2,1.1713573,4.0879765
WHAMM,14.293884,2.2625215
GIN1,14.830309,8.271502
RPUSD2,-4.240607,-0.16650237
RNF169,16.504602,-4.32704
SMUG1,13.847446,13.824935
SHE,-1.6095713,-0.9195923
RNF126,8.533529,0.45048636
PINX1,17.642376,0.3485503
PDCD11,18.066072,4.570944
AGTRAP,14.730812,-6.8917656
ACAD10,9.464968,-8.623077
MSTO1,6.4306912,2.5160975
INHBB,-0.51670325,2.1264915
ABI1,15.631157,1.2167139
NDUFB1,2.1385837,9.802447
PRKDC,9.201686,-7.8241625
AHR,-1.9443166,7.796236
PVR,17.521715,0.46880496
P4HTM,15.127292,14.050496
SELENOI,9.468263,-8.431892
SPARC,-6.24154,3.020096
PDS5B,5.8603525,-6.9572473
MTPAP,17.182312,0.8223614
RUNX3,6.815763,4.0740047
ARNTL2,7.0373383,2.0337837
STRADA,8.661161,-0.1928623
GPX1,6.7494617,7.8591323
P4HA1,10.260107,10.992121
TNKS,12.976641,-0.92086285
CAPRIN1,7.011062,-1.1760237
TMEM81,0.77401495,-4.4601545
PPA1,8.863858,1.8383639
NFKBIZ,0.7388261,-7.260706
HOXB5,13.602403,7.26421
NME3,2.5031888,-5.326914
WDR45,-3.6934605,9.654037
FAM213B,12.953357,-0.9233163
MCM4,10.416368,-13.403607
DNAJC30,-2.6101751,-10.173705
RPL37,1.1255162,5.029981
TOP1MT,10.574673,-2.3946626
MTOR,18.83577,11.641155
USF3,5.4243455,2.9733145
PTCD1,18.161938,9.724283
MGAT4B,11.945336,8.955152
PRRT1,2.506952,-5.310209
PIN1,16.634905,-2.5409708
EXOG,5.428269,7.1467295
SEC23IP,9.279161,-7.8437033
KRT13,-7.74681,1.3641363
ATP13A1,19.683167,2.6402643
DENND1C,2.9234488,-2.4703293
NSD3,5.8346453,-6.929226
TOMM20,2.4546874,3.2004018
TGFB1I1,2.369064,6.4502892
BIRC6,17.025719,-5.192273
RPL29,0.21277535,11.659686
KMT5B,5.415268,2.971468
SNUPN,6.230986,5.531414
IFRD2,7.9933124,-1.8580034
KCTD9,5.385309,9.309894
DHCR7,1.7819848,15.162828
BHLHB9,5.8308372,-4.5094733
POLRMT,2.3038807,-12.521015
TMEM14B,5.151245,-10.81968
ABCG4,-4.1745234,-4.1145797
ZNF862,9.787181,12.799538
DROSHA,18.116848,6.208732
MYL12A,7.322655,7.839053
PAGR1,7.998595,6.46267
CDC73,10.945993,5.1829796
CAPZA1,9.687458,4.1374354
MRPL1,11.567986,10.470282
TFE3,19.279139,1.729271
TMEM161A,4.3556705,6.505254
RPUSD4,2.3533134,2.6628265
DNAJC5,-1.2229705,-1.7396011
PHPT1,1.7094339,6.7304196
CXCL12,4.822884,4.1164684
SGCE,4.362736,0.786285
VASP,2.4038036,6.490597
TFF3,3.659828,-8.575258
IFNGR1,8.787325,-6.160677
MAFG,6.882936,-0.7370749
HIPK3,13.678531,-0.7313138
ARMT1,6.45617,-8.062013
ZNF383,-8.275029,-1.5295206
RABL2B,0.9644409,-4.679307
NUTF2,17.645445,6.2193804
TMX3,6.4342365,-4.4898567
GDPD5,3.9171815,-7.265746
TCAP,7.0759478,13.912464
JAM2,13.55647,-4.6674213
LDLRAD3,0.5141556,-1.5888469
DYNLL1,1.7276722,6.9304714
KDM5D,-7.3847127,-2.2067518
NATD1,13.442559,11.141621
MYOM2,14.213768,-8.611351
ADGRE2,6.6888976,4.050559
NBEAL1,0.01311766,4.2148304
LSM7,19.198437,2.9901304
GLI4,6.9554768,-1.3002256
NBR1,11.770144,6.065855
ARL2,16.596329,-2.596046
ZDHHC12,8.163333,-10.668025
CASQ1,7.1073213,13.852041
SEMA5B,5.1114793,4.6668897
POLR2L,2.0521312,7.376344
TNFRSF25,13.100195,2.51462
ZNF92,6.485717,-4.616976
TBL3,19.458508,2.219927
FCER1A,6.304391,3.9253163
MYO1B,7.8944564,-8.108932
SLCO4A1,8.138643,7.1302247
ADPRHL1,5.5187497,8.102281
HERC6,19.318005,5.23052
PRRT2,8.000574,6.459304
GUCD1,-1.3923889,-1.7706095
LDHB,12.874234,1.9956998
IFIT1,19.368795,5.2807055
DKC1,6.9234395,-0.6552334
SAE1,8.898952,-3.4184737
ZYX,1.6294439,5.379505
LRRTM1,3.8662164,0.8784171
GID4,4.526326,-3.3114562
ITGB4,0.6490795,6.9543066
LRCH1,12.014375,5.903302
RECQL,16.582293,-5.8616295
RBM41,17.059381,-5.1723056
SLC16A4,-6.2398252,3.0329072
BOLA1,-0.27890828,13.228577
PNLIP,21.162533,-7.1352925
NADSYN1,5.168969,-2.0366657
FAM127B,2.324912,13.730898
WBSCR22,18.900612,3.2219303
CD8A,17.709606,7.3398066
SLC2A4,10.285647,-1.164639
FBXO30,11.976365,5.9245296
KPNA6,-1.9307381,4.4322295
FUT8,-6.6772966,2.776364
VHL,16.6058,-4.182757
SNTB2,8.662781,-5.3630075
EXOC6B,8.593685,-0.13210781
PLCD1,-0.29582745,-0.0036782874
CCND3,0.9767074,-7.7831407
MEGF10,-1.723473,7.768716
HPGDS,6.3150764,3.935936
SAPCD1,11.602005,14.074877
EFCC1,-1.790714,6.6934853
STRN,15.138367,0.7324035
BRF1,2.3285556,-12.504117
POLL,9.480209,-8.789628
RPS4Y1,-7.3846774,-2.2067072
TMEM179,2.4908702,0.5613703
LYPLA1,10.886893,4.418413
ANKZF1,-3.6766508,9.637317
PLCG2,3.5507994,-7.673486
SRD5A1,-0.100867376,-0.650393
MEIS2,7.5706687,-3.8555183
ULK1,-3.0715768,2.5206969
CSNK1G3,10.804836,5.5521307
TCF7L1,7.299387,-5.5342255
CCDC80,4.844525,0.9462345
RAB6B,14.868038,-8.234258
BCAT1,6.6484203,-14.9284525
PGAM5,18.719013,3.4760032
GRASP,3.2703214,-8.454643
TRUB1,5.715825,-8.570088
WDR46,18.731165,3.4596293
COG4,9.460566,-8.586
MYH7,7.0514116,14.145241
EXOC8,0.9507236,14.2748575
KSR1,7.3542795,0.034290325
TSPAN15,13.0704,9.435822
TSPAN13,0.5288626,-2.3054354
EMD,-3.3938854,2.4903262
EID1,11.277404,-4.7764907
SH3GLB2,19.333237,-5.493664
RABAC1,16.59988,-2.598179
CCND1,14.211628,-8.1909685
KDELC2,4.351307,0.84659576
NFAM1,2.6589963,-1.7838562
SOS2,14.561354,-0.27761662
FYCO1,18.799072,11.682044
MPDU1,19.597118,-2.5961578
CYCS,18.403269,-8.309399
ACSS3,7.4186034,4.104217
PML,-5.519407,0.89864206
AGPAT2,4.275066,-6.5974336
SCRN2,6.950568,-1.2930336
HIST1H2AC,5.1071877,-10.753106
BCL2L13,16.18546,-1.4818646
N4BP2L1,-2.5511892,12.443471
EEF2KMT,19.12611,2.9545002
EDC3,12.010064,8.895624
SARNP,14.545143,-3.388285
SLC25A12,10.720848,-1.3224598
ADAM10,13.460279,0.5530172
DDX50,12.925629,1.9810078
TNK2,9.417273,12.415
MON2,10.7603855,4.2864914
TAF10,6.7884183,7.8538895
EHBP1L1,9.301508,12.2930565
ANKRD52,-2.9251127,-1.6773739
SEPT9,7.8162365,-3.7667727
LCN10,8.144162,7.1417694
HERC3,-5.383423,7.695616
PSMA4,14.948163,-3.9382257
NFKBIL1,-0.7239126,6.889449
ZNF385B,15.669317,3.5874138
PHYH,18.450031,-8.267492
ZNF524,-2.856411,-1.3239106
TCEANC,4.3693643,12.156782
ZHX1,17.866909,-3.587618
GRAMD3,11.768711,-8.8273115
UBXN10,-0.84194905,-6.717462
EIF4E,10.625051,10.166037
STK3,3.8379252,2.328457
TRPM7,11.615045,5.530633
CNPPD1,17.56567,2.4663475
AOC4P,2.430497,6.1043954
SYN1,2.953398,0.50825566
COL1A2,4.870959,4.597671
GBAS,18.426126,-8.29171
ESR1,4.823255,4.5611277
MAZ,14.223388,7.064883
LDOC1L,15.754709,9.402565
DLG1,12.073155,1.1083595
UQCRFS1,18.427055,-8.289818
MRPL20,2.756611,10.404891
CHRD,-0.8447468,-10.88343
PPARGC1B,7.6465926,-3.826486
L3MBTL2,18.161982,9.724054
CCDC113,9.130001,4.5876007
KLHL28,6.399098,-8.014034
FYB,3.3390355,-2.005411
DNAJB1,10.566534,10.758631
SART1,14.145675,5.411557
RPL36,0.19240937,11.670842
FOXO4,-3.625396,9.595876
PROSC,10.271899,10.979422
CDK15,6.142639,3.8400517
ZNHIT2,8.93385,1.0981703
ATP6V1A,3.585167,-12.127612
INSC,-2.2011354,6.8839855
RDX,17.897488,-3.5559845
ZNF813,8.134305,-12.875914
XPO1,-0.28665322,9.956903
NRARP,3.2718303,-8.448804
ACSM3,6.49894,-15.070465
RPL15,1.7997975,3.563398
MPV17L,0.28006905,-0.11294723
SDC1,-7.7489605,1.9779972
SECISBP2L,5.859243,-6.964124
ZNF234,-4.350584,-0.29120275
PNPLA4,14.861862,-8.159345
KLHL12,18.148277,6.171284
MPEG1,12.886691,-5.6095114
PEAK1,16.220406,-1.5185778
CPSF3,17.675451,0.31668162
SEMA3B,-2.9569216,7.118845
IREB2,13.488099,-0.99151313
STX6,5.413777,7.1063247
NENF,1.059232,3.9839067
LZIC,8.581708,-0.14072467
ATE1,12.554727,4.1352777
DYNLRB1,2.3190646,13.7258415
ZNF444,19.171555,-5.552911
CACNA2D2,7.41872,4.6060543
TRIM36,14.668047,-2.801847
PCDH7,8.103358,-4.510463
ZIK1,21.022339,2.8736231
PRRC2C,8.943842,-1.903611
PCDHGB5,1.8660889,-8.639885
TMC6,-3.630964,3.9070656
TCF19,5.4454217,4.8458276
VAT1,-1.5226308,-8.937494
BRAF,14.654779,-0.23585354
IFRD1,9.343062,3.9979503
TXNDC5,-5.7085924,1.1286002
MIB2,19.176197,-5.555901
ZNF844,-0.22351463,9.886376
SNRPC,2.3627205,13.748433
SAP30BP,8.915723,1.1174047
IL34,5.224516,1.2524818
ACACA,17.364218,2.4623628
KRT5,-7.7671885,1.9679147
AGFG2,6.1951637,-12.503733
NCOA4,18.277948,-4.723517
KRT14,-7.7694044,1.9814332
HSPE1,10.614649,10.669981
F13A1,12.705917,-5.780304
TFAM,8.962321,-2.2263825
FAM184A,14.179266,-8.173596
TMBIM4,8.042072,6.209736
TCEA2,-1.2442425,6.383289
PRTFDC1,12.978877,11.045624
MALSU1,11.449555,10.509406
NSD2,20.55026,4.5943346
BCS1L,10.081163,-11.317997
CPLX2,2.560549,0.62341475
PAIP2B,2.715461,-4.3116164
PINK1,-1.0865355,6.721739
MDH1B,8.928256,11.844676
TRMT2A,9.358295,0.11501213
UQCC2,17.421068,6.034654
EIF4G2,4.9107,-3.090516
HADHB,22.618196,2.0489175
BCL2L1,1.7186269,-6.9065676
SOS1,9.711533,2.0067265
DPT,22.10674,0.35556144
CTSD,2.4200451,-1.4911284
ARHGEF15,-0.55434066,2.100486
C4B,7.6506233,3.1882718
DIXDC1,-3.4755707,11.011811
GSTO1,3.905758,5.9172807
TMEM132C,13.880587,7.976581
PLK2,3.9032407,-7.217488
LSM4,17.74722,6.2793064
BRPF1,-2.2601454,-1.8617941
TMEM8B,9.047237,-3.2713096
PCDHB13,1.9935622,-8.512869
NEFH,2.513821,0.6189844
KLF13,-5.7131615,-1.2806453
ERI2,8.084967,0.81889665
DNAJA3,16.281116,7.1561565
CAPNS1,10.471696,16.208088
HPRT1,11.311412,10.414704
TRMT6,17.855135,0.1562057
MAU2,13.358068,10.872526
JUNB,5.688687,0.79673487
BRSK1,4.256629,6.4354386
STK32A,-1.6813424,7.846528
C3AR1,2.7455506,-2.0059752
FUZ,-0.59253126,6.856908
ZNF420,6.7453055,-6.0557084
GAPVD1,8.86116,-1.7668327
PIGG,5.0779943,-1.6314673
HINT1,14.797784,-3.7120981
VCPKMT,8.41262,-6.125555
CDC25B,5.169563,-2.044005
PTPN11,12.667052,4.186391
RAD51C,-0.34271464,10.024226
NEO1,10.764643,-1.3544675
PTPN23,15.012566,14.021444
OPLAH,6.040538,-12.738792
KCNQ1,2.6415024,-1.7608674
ZBTB8OS,3.8772395,5.8669467
PIK3R4,18.211819,6.1449738
AMD1,6.9944034,-1.0729325
C5AR1,17.914484,6.471012
PHAX,5.6675344,-6.7517877
TMEM94,13.233755,3.1982648
CD63,7.116758,7.516758
ZBTB3,20.597225,7.7125425
IDE,4.672338,-3.2403417
PRDX1,10.305768,8.824843
TM4SF1,7.8554726,-8.053195
ADPRHL2,12.053369,8.835259
HIF1A,6.133021,0.9937918
SECTM1,-5.5191936,0.8975465
GPN3,2.5553143,3.2376194
SCAI,14.855188,-7.691671
CDKL2,14.550566,-7.0161457
MED25,-3.6608045,9.6255455
P2RX7,4.8228173,4.065173
TRMT112,0.31783816,4.533134
NOVA2,-1.6338989,-0.8975325
OLFML3,3.511668,4.8430214
ADGRL3,4.6595306,1.5051491
MAT2B,15.301631,0.708071
CMTM7,17.911446,6.6603117
ITGB8,-0.90035284,-3.2534447
MS4A2,6.1922,3.8681662
ATP5F1,2.0503273,10.498175
AKIRIN1,-1.9782393,4.4696217
PGD,7.63422,3.4794796
ZNF134,21.021378,2.8743918
PKIA,6.229253,-12.52637
ZNF599,19.552778,-2.570754
CCNC,9.609184,4.0804048
SLC1A7,3.5231233,4.8275833
RNASE6,12.900268,-5.5959573
NTMT1,14.044213,9.0835085
CD302,12.700604,-9.961117
FHL3,15.966676,-1.2766808
LRRC32,-0.5633082,2.0957706
BRK1,2.015959,7.669905
FITM2,-3.506366,-2.1780329
TACC1,5.4626064,7.478057
PCCA,-3.7088,4.123431
TRAK2,-5.419923,7.715216
NPC1,4.1796503,2.4424803
TMEM141,0.17058474,11.691497
BAD,19.481556,-5.8362803
ADAMTSL3,4.7473493,0.9069673
IER2,5.6973753,0.8164416
HDAC2,10.594801,9.831173
PACS1,13.347029,14.071893
NR5A2,0.51121604,-2.3426673
CCDC97,12.008053,8.896341
METAP1D,9.482499,-8.802746
BSCL2,6.2509027,5.1709824
H1FX,8.054399,-10.557733
OXCT1,10.909872,-1.1521062
BRWD1,12.1104,12.448786
SPARCL1,-3.4765632,11.013551
TBC1D19,5.3580656,-11.076633
KPNA5,9.5099945,-6.5834365
UBN2,16.018038,0.8056014
ZNF671,8.144508,-4.567354
ARIH1,8.989688,-1.8313974
DCAF17,4.659668,12.879835
CREM,-1.1729429,-4.871854
ABCB8,13.817256,13.795194
DPY30,1.7155423,6.94053
NAA38,11.56955,-2.9528275
PPP1R14A,8.529252,-3.788945
S1PR2,6.7909384,-9.5473585
ORC5,17.684124,0.3073845
CAT,22.64553,2.0534291
PLCB2,6.933997,4.1737137
ISOC1,-2.6107764,-7.2455125
AMFR,20.554977,4.5945673
KIAA0408,5.9007826,10.392891
ARSI,11.652413,-8.67912
GDE1,6.972314,-9.372054
TM4SF18,7.7419157,-7.9954443
RPL35A,1.1323476,4.8508067
OAZ1,19.198177,2.9829752
ABHD4,3.434603,0.096185446
MRPL43,11.760188,-3.157376
EVA1C,5.9818954,10.311085
GSTK1,5.5107193,7.4401293
GNAL,5.4526315,8.157263
MUC15,15.691956,-2.5251815
CCDC191,19.5853,-2.5609806
MED20,13.270191,4.5058255
ZNF511,5.798252,16.43349
GAN,6.311609,5.6713824
AKT1,-1.4228494,-1.7825847
ZNF493,8.362868,-6.420288
APBB1IP,3.3536522,-1.5571746
MIA3,1.5409181,5.256367
ISCU,2.1123712,9.763226
NDUFS3,2.5870807,9.889826
PDGFRL,4.7150435,1.6256187
INPP4A,14.851533,-7.729486
OMD,12.704368,-9.966837
LMLN,9.111932,4.618074
KAT6A,8.94811,-1.9062436
RBM4,10.272229,8.840683
ARHGEF16,3.8482277,0.9049943
ANO8,7.474449,-5.3655043
ABHD11,20.37925,4.7239256
DCUN1D3,0.72099,-1.2419989
VASN,-1.9593078,-4.1945724
SCN2B,-3.1417327,1.1456282
SPEF2,9.112054,4.481925
GOSR2,14.4029665,1.9909419
NPAS2,-6.34858,8.683887
ETV6,17.60561,6.19766
NCAM2,-0.8970925,-3.2616186
LGALS9,17.965445,6.6138754
SPNS1,12.842942,-13.30603
RAPGEF2,9.979844,-10.1140995
C1QTNF7,19.207499,1.2625108
SLC12A6,-2.5492053,12.444811
NSMCE2,1.9882596,3.2775078
PIK3R5,12.405902,-6.0201006
ACADL,6.652112,-14.924389
ACOT13,-0.32370403,10.002522
WDR35,13.340216,1.7690845
PARD3B,14.781576,-6.8749475
PPP4R1,14.815121,-0.4657305
XIAP,6.014887,-7.7778826
CPXM2,14.194797,-8.192823
ETNK2,4.2487597,-6.633223
TNPO2,-2.8690228,1.4893857
SRPX,7.509811,3.896792
KIZ,11.6064625,-8.649711
ABCC1,5.0370255,-1.5931475
IDI1,1.7847538,15.172424
SPRTN,0.95059925,14.274813
MAP3K11,3.221805,-8.299462
BUD31,14.790424,-3.6952035
SEC16B,19.354853,1.5919766
TMEM214,19.644615,-2.641206
CCPG1,15.620584,1.2025288
ZNF627,-0.21032102,9.87053
ZNF175,18.134764,-0.47664574
TSHZ3,7.301483,-5.535309
TRIM44,8.86385,4.126145
CRYBG3,16.609724,-5.837175
PPM1D,4.8299594,15.629111
HIBCH,7.6475596,5.0778646
NUDCD3,-2.6100023,-10.173819
TTC7A,13.406891,14.086878
SAMSN1,17.852047,6.8590255
TECPR1,15.21086,14.126427
MAMDC2,-3.4768643,11.013827
PTRH2,-3.6348338,3.8952143
WBP1L,7.348242,1.4287672
ZFAND6,11.595234,3.8263924
TNRC6A,8.90346,1.8744211
DFFA,-3.5058494,-2.1775525
CST7,6.6787195,4.0431385
MYEF2,8.112796,-4.5342712
ITK,6.819086,4.076732
HSPA9,6.8886704,-0.73764855
NUDT21,13.266761,0.67915595
C2CD5,8.196027,0.71907914
KRT18,10.036683,-2.1653447
APOO,1.7081975,6.9334445
TRAPPC6B,11.700072,-9.406295
RPF1,13.942749,1.9909866
ADAM33,7.4473495,4.476235
PBLD,7.3549423,0.032774463
BRI3BP,7.8420196,5.2115674
CLDN15,13.867422,-1.5087745
WDR27,13.097344,2.5133936
OARD1,-0.49589145,10.18293
ITGB2,2.8850152,-2.4436173
WFS1,7.909095,-3.8787262
DIO3,13.664385,-4.5145855
ACTA2,10.072997,-1.5823238
BST1,5.1276793,1.1936495
TXLNGY,-7.3846564,-2.2066813
POLR2H,7.85075,-2.0118697
EEF1D,-5.674275,-5.390672
MED22,9.428046,-3.1945906
CBFA2T2,-0.45230404,0.106936745
S100A8,-7.4701056,2.16259
ZNF428,2.5069406,-5.4081173
ACSL4,9.764846,4.1940694
CA12,14.743378,-2.2051167
CREBL2,8.547263,-0.003770035
OGDHL,2.81331,0.46340847
POLR3B,4.527011,-5.2379565
FOXRED2,7.8498597,5.2203026
MTHFD2,-0.13793989,0.019284949
BACE2,-5.7084146,1.1157179
RDH10,6.140327,0.99685246
MT3,0.6538683,6.956778
MYO5C,0.5383916,-2.5410662
UBTD2,7.9691715,-8.298768
PLPPR4,12.18251,2.393894
KDM6B,20.4954,-1.0886676
PITPNB,4.140001,2.4154298
SEC61G,11.455287,10.498526
EDEM1,8.001837,6.484804
HSPA1A,10.570142,10.749911
MARCH5,21.755404,-1.4938082
RIC8B,4.5271263,-5.235645
IL1RAP,9.153984,-7.3780236
ZBED3,19.218975,1.2168374
MTMR11,7.2822943,5.0068326
NBPF20,5.4135637,7.1000123
ST6GALNAC4,17.78232,6.304167
PLCD3,14.687731,-2.311689
ATP7A,12.579727,-0.9742842
INO80E,12.84379,-13.305346
CBX3,-1.5807948,9.298014
PLSCR3,6.7810044,7.844659
DTWD2,5.5031924,10.590213
WNT5A,6.990727,0.6173321
TMEM115,14.214966,5.72107
SIN3A,8.842973,-1.7444218
RFC2,9.073557,1.9271475
AP3B1,12.992965,1.3410872
ZNF527,8.366635,-6.421869
GLRX,0.7591765,0.13723813
FIBP,10.474874,16.216837
COIL,16.581469,-4.3064427
RUVBL1,19.127258,2.940715
FBXO44,9.392129,12.3896675
ATG4B,9.182452,7.7461824
THBD,5.294174,0.5914468
ADIPOR2,8.124633,7.093359
EDN3,-1.8045895,6.689373
PIM3,4.016322,6.4067693
CELSR2,8.045841,6.205251
MFSD8,4.6785994,-5.1627564
ASXL2,14.152925,-0.42781284
FASTKD1,5.7982063,16.433489
SORT1,11.834315,-9.037589
WFDC1,11.856668,6.964072
ZNF264,5.9538903,-7.8372946
LRBA,16.33209,7.114081
USMG5,2.0869145,9.996806
EAPP,8.444809,-12.414025
CDH2,15.7484865,3.6857781
UBAP2L,6.930737,-0.83320296
CD209,12.708135,-5.778976
MRPL49,-2.6098387,-10.173925
ZNF549,21.023327,2.8730571
YTHDC2,9.411211,-8.466384
GYG1,-3.7130406,4.1515718
KLHL5,12.828935,4.321302
DICER1,4.21949,2.4641192
SERF2,2.0744095,7.3936214
SEL1L3,16.962067,2.4974883
MCL1,0.75657374,-7.2991276
ZNF324,15.748121,9.401621
ZNRD1ASP,-0.3777209,10.059509
SLC8B1,10.295931,2.0530076
SYP,2.1584418,0.51869804
LRRN4CL,-3.6825304,-4.4563665
TMEM126A,14.721927,-3.6331248
ZNF615,3.185432,2.2247627
COL14A1,4.787831,0.80484164
JAZF1,6.8295135,-9.508986
VKORC1L1,16.221964,-1.5187626
FRS3,15.55178,-11.188995
CCNG1,2.5834298,3.319324
HOMER1,12.896124,2.8209274
PABPC4,2.3558395,2.787974
CAPN7,10.02119,-5.6948776
DIO3OS,13.659093,-4.537128
AARS,0.12361617,-8.884387
GPANK1,-0.7158946,6.8831067
TAZ,6.4759917,11.569727
LMO3,9.7967205,-1.021926
KRCC1,9.470388,-6.676108
CDK9,9.010293,0.24538757
MYO9B,7.853528,-1.8333962
ST3GAL4,-1.5325226,-8.930018
ALDH2,6.9919086,2.0808845
EXTL3,7.404167,-3.5649621
TNS3,-3.010048,7.14458
BRIX1,17.206427,0.7849545
TMEM50A,15.630296,1.2719463
HBB,4.205211,-9.467331
BAZ2B,9.583442,-6.600314
PEX6,10.249081,13.081481
MSN,17.49581,0.49613348
TRRAP,-3.1420803,-2.0681577
HOXA3,7.651172,-3.9591925
SLC26A6,14.702111,13.986401
ZNF646,5.1729608,-2.0778372
SUCLG1,2.6821444,9.836015
TLE3,-0.23382378,2.3828528
FAM199X,10.542666,5.315047
RPL38,1.1185273,5.0002837
CD34,4.5326796,4.5271072
SMAD2,21.753263,-1.4856064
TENM1,-1.2253455,11.31466
ST3GAL1,13.719019,3.9112647
MSH5,11.601108,14.074065
NCSTN,2.3876164,4.8937225
WSB1,5.1466703,-10.809958
MYO1G,17.722895,7.293459
DBNL,2.2377417,-12.56188
TSC22D2,-1.0683494,-5.0024767
PREX2,7.8093596,-8.070799
KIAA1147,12.062604,1.100966
QSOX2,-4.08605,3.3634837
RXRB,2.3239822,-12.509533
ZNF529,10.756126,4.283185
MTX3,5.6023207,-8.728271
TPSAB1,-4.0029607,5.270841
SGCD,14.580024,-7.675194
FAM58A,-0.8600622,6.304287
ACD,4.258179,6.438098
LRRC25,17.934734,6.7656775
PHF23,-3.7182326,3.732358
SMIM10L1,1.9921852,10.034356
SSB,13.958075,1.9933624
AGGF1,1.5401404,5.276774
IL10RB,0.6466453,1.0749732
ZNF26,8.8202505,-2.6912618
TUBB2A,7.418311,11.928019
PERP,12.284157,5.7857203
SEC23A,11.308382,4.775588
RHOC,10.484166,16.24908
LRRK2,9.573333,-6.577556
TBCC,20.596914,7.712203
ERF,20.495277,-1.0887526
BDKRB1,11.657815,-8.672595
CCNH,9.49467,-8.217629
ZMAT1,9.123159,4.54354
TSPAN2,14.566174,-7.536849
MED16,10.084531,1.9232376
PPP1R12C,9.944851,-2.6468954
GTF2IRD1,16.03456,8.48533
ACHE,-1.2477288,8.212768
LILRB3,17.945015,6.635218
MRGBP,11.96126,8.939287
RFXANK,19.588665,-5.8702826
ZNF701,18.169561,6.1669555
TBC1D2B,-2.5474029,12.444365
PTEN,17.850554,-3.6105926
SIGLEC8,6.174823,3.8461642
ZNF740,13.321237,10.779418
MFSD14B,6.206094,-4.3439593
ZNF174,13.54204,13.959386
LMAN2L,0.87864494,-4.5731177
NCKAP5L,11.964082,8.939397
NACA,1.8736134,3.4370394
B3GAT3,8.322991,-10.800366
FAM109A,-1.0131254,0.16583954
DEF8,16.310856,7.147671
SDC4,6.9226713,0.5647376
ZNF226,5.2995234,-11.01096
ABCA3,8.067383,6.2217083
TNFSF4,5.5614924,7.447812
DOCK11,20.640078,4.671415
SUPT5H,-2.118564,-2.074674
TOMM40L,17.679672,6.2696466
KDM5A,16.855547,-5.3992805
PDXDC2P,-2.2498455,4.3275847
SPTSSA,9.409171,-8.296592
MAGEE1,-0.46781418,0.11852751
GCNT2,12.484679,6.948952
ZNF132,14.83885,8.260955
RECK,3.0738351,5.057291
JUND,-1.0811242,-4.9839387
GSDMD,10.371117,1.8407472
PCMTD2,10.797313,7.414541
TTLL7,10.845949,-1.237472
STARD8,4.1608396,-6.7704916
B4GAT1,-0.49181405,0.13414279
MRGPRF,7.89966,-3.8846118
CD164,11.613669,3.842458
OLFML2A,19.218252,1.2196692
KAT5,-2.6128533,-10.173548
FRG1,2.5822794,3.2220812
SEC11A,0.867308,0.15982136
ELOF1,19.797466,-6.0040436
ARHGEF12,14.003323,-0.4592862
DCLK1,3.1086617,5.326344
PCDHB15,9.283972,2.0150857
SLC25A6,1.3309376,4.8669724
RPL8,1.2976692,4.865858
MKL2,7.423841,4.27429
LIFR,7.3155046,4.3481536
NPIPA5,7.094937,1.4395586
NPIPA1,7.2070465,1.4528027
COMMD7,3.569552,-7.6520076
ERCC1,3.570962,-7.6498427
DIRAS3,4.9404006,0.6674096
ZNF662,4.93639,0.6524172
CCZ1B,4.245747,6.415518
CCZ1,4.236724,6.409858
DENND2A,11.695584,-6.370447
PRKAR1B,11.638281,-6.3684406
MKNK1,4.473098,12.234884
NFE2L3,4.466839,12.228863
ATG10,0.15513717,4.377832
ATP6AP1L,0.14744669,4.3672976
ZNF676,7.46039,-3.8037844
ZNF208,7.5091925,-3.8167388
ABCA11P,1.1446346,5.1469674
ZNF682,1.1335299,5.1243877
RPSA,2.9636188,0.4981215
NME2,2.9592977,0.5048951
ZNF792,2.9241052,-2.481244
HHEX,2.9269104,-2.478837
ACLY,8.148968,-12.864042
DNMT1,8.111153,-12.901871
FAM126A,6.618911,-4.215896
SFR1,0.044652134,4.2465296
TMEM209,0.017103288,4.224652
OSR2,3.0863633,5.358088
TIMM23,10.396999,15.917266
PSMB2,14.97678,-3.9737892
MMACHC,-1.7312033,-6.101274
SLC6A16,5.396557,-11.117715
SPHK2,2.86202,-4.3046393
GNG7,8.378774,-3.7200286
SLC41A1,6.911429,-0.6831568
HBA2,4.2039404,-9.4682
AMOTL2,13.441348,-4.2710886
ZNF354A,4.8901935,-3.1137352
CDK18,14.735812,-2.274152
KRT8,10.053475,-2.1732943
IL4R,6.985177,0.5969685
SASH1,4.829715,15.628641
KCTD2,12.022019,8.8645
TTC39B,13.320347,-0.5085976
JMJD4,8.366121,-10.839346
ZNF433,-0.21154414,9.86893
PIFO,15.894168,10.783975
ARSK,-3.257874,1.030869
BROX,15.683456,0.9538471
PISD,6.4027786,2.039
ZNF18,15.546635,-11.180339
ATXN7L3,8.3914175,1.2038423
PCMTD1,4.33799,-3.4655285
NKIRAS2,10.327628,15.704489
ROBO1,3.0494657,5.085731
MADD,14.242485,7.0519385
MBD5,14.687704,-6.9227386
ENTPD2,-2.9584332,7.1163545
GCC1,-4.3758516,-0.31531823
MAGED2,7.272687,5.0076084
PHF1,12.642881,8.095562
INTS2,-5.6011996,-5.316822
CDC34,5.0948873,0.098442085
DHX15,13.979969,1.9719174
CUEDC2,2.5918045,13.938504
GON4L,-2.062545,-2.1281285
IDH3G,0.32927537,4.5415916
ZBTB26,5.951955,-7.8183265
GLTSCR2,-5.5796947,-5.2962947
CALR,7.161276,7.2306976
PCDHGA7,2.0008612,-8.505848
ZDHHC5,19.319427,2.0295246
ARID4B,13.4493685,-0.96519
WASHC4,15.672228,1.1244612
COL16A1,4.2902327,-9.33686
PWAR6,-3.6853902,4.0748787
NXT1,6.0809546,10.211576
ARMC1,4.631427,-3.2669964
GSTM4,14.813158,-8.068233
GM2A,5.6503386,5.230248
CHD6,-0.000530723,4.2007465
ZBTB10,5.460223,3.0107744
UTY,-7.3846874,-2.2067113
DPH5,-0.5034957,10.184402
GNPNAT1,9.158383,-7.372302
PDE12,17.866793,0.14648357
PDK4,0.8747879,-7.4242043
NR2F6,19.619184,-5.960575
PRKCI,15.315904,-0.22836709
CWC22,12.955331,1.27592
MEPCE,-4.028514,3.4166613
ERRFI1,0.8763702,-7.4233522
EIF4H,14.245464,2.2021477
LGR4,10.731301,-1.3586222
BAG1,2.3442686,13.771687
ENO2,23.38176,-2.2756248
BCKDK,10.327521,15.704758
CORO1C,7.421083,11.940767
CCDC106,13.304388,14.168172
ICK,4.346566,-3.456065
SPTBN1,19.34922,2.7334468
LEPR,7.942541,-8.235778
ADAM17,-0.24503541,13.190988
PIGW,17.7405,0.2645389
DPM3,1.1485119,4.184814
NFS1,18.492462,-8.226931
RALGAPA1,11.615423,5.538027
KLHDC2,12.806751,-10.925603
RAP1A,4.544632,-3.3172967
EWSR1,8.298117,0.5743196
EIF3L,1.8961319,3.290541
DIP2C,10.52475,-1.0193049
SLC38A2,4.830101,15.628876
SLC27A1,6.219227,5.0224433
CTIF,7.420911,11.940571
FCGR2A,17.934843,6.539938
FAM32A,-3.7018363,3.7488303
HBA1,4.204639,-9.46724
TOR2A,5.1714983,-2.076119
TP53RK,-3.6350079,3.8977008
ZNF585A,16.811115,-9.017644
PPIL2,20.176392,-1.6625893
TMEM87A,8.95034,-2.074504
PRPF40B,-3.242951,-1.7597394
GPCPD1,-0.20709221,9.865316
DENR,5.3555536,-11.075725
SETD5,-2.2535422,4.3234
ACTR6,21.165817,4.251574
ZHX3,5.4778004,7.468325
TACR2,-1.2249931,11.31429
CASZ1,8.844532,-3.4241683
SEMA4B,7.139738,1.2869976
RAB40C,4.2529244,6.429862
GTF2H1,2.822357,3.5628445
SLC40A1,1.4882542,4.8547544
DHRS12,12.182664,-3.5276918
WDR36,9.1175,-7.3701043
PARVA,7.385165,9.516152
SLC6A9,5.4522605,8.1568775
RILPL1,8.509951,-3.7964768
QPRT,4.2454224,4.6398525
HSD17B10,10.4354315,15.805993
TBP,-4.2665267,-0.19682227
MAPRE1,12.966162,1.8608991
YIF1A,10.322794,15.730561
ELMOD2,9.141848,4.575595
RNF170,19.26404,1.8859715
ZNF419,11.549916,-6.586584
UBE2J1,9.155731,-7.3636627
FAT1,-5.3799024,7.712591
FAM198B,17.030622,2.4121997
IKBKAP,8.347845,-6.4663973
FBXL17,9.70719,-6.4573355
ZNF546,14.833645,8.276879
RFX2,7.900902,-3.9218972
ARIH2OS,15.551389,-11.188247
ZC3H13,16.864477,-5.388491
ORAI1,-3.4768164,11.00684
IKBKB,15.032689,-7.6914005
ARMC5,-4.020762,3.4276354
SLC33A1,10.823706,5.6004
CMTM6,13.759509,0.6975066
SPG20,20.756945,4.6259995
IER3,-1.2502525,-4.7735386
CEBPA,4.293146,-6.573369
AP1G2,3.5487335,-7.643792
QRICH1,-2.8325305,1.4445379
COQ8A,3.984131,6.047629
SGSM3,12.66716,8.131435
GALNT16,4.0734143,4.697777
PLEKHF2,13.439132,-4.267836
PCNX4,3.5849617,-12.128079
TSPAN17,7.883226,-1.845333
GMFB,6.656619,-4.1138206
SMG6,-3.1786673,-2.085531
SPEG,8.880799,-3.4162912
DHX32,3.4670324,2.3548367
SLC25A35,12.181249,-3.534679
MCM5,-3.6596916,9.625244
CCDC94,9.713104,0.02528894
FAU,0.4406847,4.5796857
RAE1,15.293357,-4.3222375
SH2D1A,15.692841,-2.5254412
JAGN1,6.4799447,-15.088396
LSM3,2.4581301,9.9929495
SRSF5,7.58965,11.143595
SF3B3,6.055337,10.2253065
ALG13,22.444256,4.3590474
GNAI3,12.992741,1.4122282
MTX2,1.954151,10.607767
PDE2A,3.50267,-7.6786084
ASTN2,4.02464,0.8849802
ST6GALNAC3,0.53245157,-2.3196144
ZNF468,16.5688,-4.2196374
SYNJ2,13.156002,4.468375
NEPRO,2.4150684,2.973218
DENND5B,9.702254,-6.4894304
NUDT18,8.177492,-10.682807
ABCA2,-2.9686944,7.122238
ASTE1,20.597591,7.7126813
PRKCB,-4.1191597,-4.150359
ADI1,0.4733302,0.027817251
HIPK1,14.765579,-0.40479526
TBC1D30,0.5893293,1.0897663
SLC30A5,6.108887,-4.471788
MVD,4.360853,6.504306
COQ10B,13.045253,2.885262
EDA,12.0955515,6.8877897
SHISA9,-2.1816752,6.8718214
DESI2,15.267259,-0.23871756
PDCD2,-3.6311984,3.9023342
HS3ST3A1,-1.8317572,6.721447
HGF,-5.72024,1.0944605
CYSLTR1,14.1806965,-8.175438
BCCIP,10.684318,10.145047
TMEM30B,4.7077923,1.6013376
TUBB4B,0.12369921,-8.885719
FAM208B,6.96553,-1.2939792
CSNK1A1,11.5710745,3.7670465
CARNMT1,-3.7064607,9.666182
SNRPA1,8.435925,-6.103437
SLC25A23,10.217089,-1.2573334
DOCK5,-2.2136025,6.9539022
ACSF2,7.86276,5.2430735
EFCAB7,8.153825,0.74171126
PREB,17.828283,6.342148
PPP1R3F,-0.89189833,6.3629427
MRPL41,2.5008433,-5.3884444
TBC1D4,15.978052,-1.2855687
KLHL29,-3.0820081,2.5377393
FAM134C,13.446084,11.1489725
BIN2,2.9228797,-2.475636
LLPH,7.718735,1.8309013
FN3K,4.1021285,-9.561095
RELB,-0.26174515,2.353894
COPA,6.9204893,-0.8125857
MLLT3,5.371436,3.0006537
VAC14,18.184652,9.721573
EHD2,12.554361,6.877315
UBE2Q2,4.5678015,-3.308868
PARVB,15.957221,-1.262434
HARS2,14.688941,8.108015
ETFA,-3.7150016,4.1544847
HIST1H1C,8.052384,-10.556277
SMIM5,-2.6426418,7.05336
RTKN,-2.9956617,7.1334596
PSMG2,14.601703,-3.4897175
HELLS,6.994459,2.05717
ZNF362,8.651017,-5.7509336
LHFP,4.677236,1.3680336
SUFU,5.458588,4.8507304
DDOST,6.895717,7.535076
ATG4D,9.20057,7.7181807
PLSCR4,7.959062,-8.277393
UMPS,17.966932,-0.2644536
ASPSCR1,11.565717,-6.30385
HMGN1,-1.2220607,11.310533
PCDH10,17.026115,3.6523738
SUV39H1,9.714539,0.0275685
COL3A1,4.9339156,4.6219215
POMT1,11.601073,14.073888
BAG3,6.8844485,-0.74174434
TMEM159,-0.12750107,-0.026819738
PNN,7.5855045,11.146565
BTNL9,6.167841,-12.541984
FNTA,13.949288,1.9926577
TRIM5,11.55448,-6.4406857
F11R,0.5192188,-2.1774693
NDOR1,8.414616,1.2460567
FAM96A,0.86679643,0.15795535
DAB2IP,13.064799,9.437039
NEXN,7.3932624,9.491501
RPE,21.158848,4.259574
ZSCAN12,8.253541,-12.771839
PPP2R2D,6.8902907,-0.7775647
KIF2A,16.524277,-4.315359
MORC3,21.406391,-5.1269493
RPL41,0.81169254,4.7415
B4GALT1,0.4762168,-0.051449943
ERBIN,13.581234,-1.0914763
CCDC71L,7.2218866,1.5215169
ADAM9,6.50341,-4.244051
SLC9A3R2,4.19558,-7.300901
ADCY6,-3.2462416,-1.7570701
PHB,2.1127338,7.840831
ZNF302,15.508749,-11.129101
NDUFA7,1.6042334,5.3707433
PARD6A,7.468902,4.444053
CLU,5.3927813,8.218654
SNTB1,-2.6037602,-7.2356405
ST6GAL2,14.859683,-6.7858744
MCAT,18.16496,9.724005
PICK1,-3.7099953,9.669164
KPNB1,8.684255,4.089051
POLR2C,14.276191,5.223118
TIMM9,2.4531276,3.1030474
DBNDD1,8.0540695,6.5768538
RCCD1,0.87999755,-4.577776
LZTS2,7.401552,-3.5400033
ABI3,0.9532567,-3.1628613
KMT5A,-4.173465,-4.108202
ZNF316,9.251349,7.657091
NISCH,-1.2309142,6.4127884
MTIF3,6.7603526,0.5012336
DNAJC25,17.18626,0.81054777
AKR1C1,14.210841,-8.183936
EBF4,-1.3403455,-1.7295647
RNPC3,9.270654,12.277671
FSTL3,5.9455323,10.376891
CABLES1,3.1078553,5.3033557
COPS7B,10.104256,12.977347
CPB1,21.162434,-7.135155
MBLAC2,4.3189282,12.181725
KIAA1841,-0.10570064,-0.6512908
RPAIN,-5.580215,-5.296758
UBALD2,16.339172,4.0746665
MFSD10,19.323942,-5.3789606
APOBR,6.8447495,4.1638684
IMPA2,16.158777,-1.5143234
NEK4,16.582518,-4.254078
BTG3,11.525398,3.7116268
ERMAP,11.387583,-8.511748
AEN,19.217371,2.0640345
CCNI,1.9277147,3.2827408
FAM173B,7.647376,5.0672374
DDIT4,0.9492873,-7.641628
DPF3,15.722444,3.658551
PRODH,6.138416,-12.457785
CORO6,6.0221043,-12.760244
RFWD3,15.017016,-7.706852
AAMDC,10.203974,-2.122314
GUCY1A2,7.867919,-8.143977
CCDC107,9.9639015,-2.626466
VSNL1,6.476511,-15.092499
GGA1,2.279287,-12.535586
JAK2,11.747746,-9.397853
FANCI,15.055334,-7.6942487
ZNF432,8.387904,-6.146403
CCDC85B,2.527907,-5.471462
WDR47,9.857899,-6.2696123
EXTL2,14.797141,-7.5821433
STAT5A,10.06628,2.0966039
SMARCA5,14.941638,-0.4756786
ADARB1,12.601185,6.839509
SLC12A4,12.521721,6.9105573
C4A,7.6636815,3.1681137
RNLS,7.6511464,5.07594
ILKAP,16.035229,8.483868
TLR5,4.8315005,4.0806975
PPTC7,16.222506,-1.508494
ZNF577,0.9618139,-4.6746325
SOX2,0.6449474,6.9408965
C1GALT1,6.863758,-3.9844003
ACTG2,2.2230508,6.262765
CYB5RL,-1.7313977,-6.1020904
MRPL28,14.123304,5.4052014
UTRN,1.6820455,4.857292
IFIT2,19.366493,5.2792387
XRCC5,14.277218,5.2097
FGD3,2.923592,-2.4690802
NLE1,6.8322496,6.8438983
DMWD,-1.2182229,-1.739065
GIPC2,-2.807778,-7.4672194
PIGK,5.817469,-8.375589
MAP3K1,-6.6021924,2.848818
EGR3,-1.0909098,-4.9693217
ANKFY1,5.385279,9.309923
DMKN,-7.7777267,1.9631016
FAM167B,5.505055,7.4381714
MAVS,2.502042,-4.531107
TMEM200A,12.190573,2.3937352
WDR13,2.2406914,-12.558968
DBI,6.549085,7.903308
RIPK2,11.544615,3.7411005
NR4A2,-1.0757476,-4.987858
MARK2,12.654479,8.121103
ZNF418,5.2989182,-11.006306
MDFI,0.94633406,-3.1525245
SYMPK,8.410207,1.22553
COA3,1.74156,6.6643615
OGFRL1,0.63977695,6.9347324
HDHD2,18.138369,6.177655
ZNF286A,3.2156632,2.281194
DCAF6,16.556276,8.444101
RHBDF2,12.116664,-6.254094
JOSD2,16.597164,-2.5970454
OGDH,2.8991127,9.635653
ERLIN2,-0.36489907,10.048181
NLGN2,7.223455,0.47835186
ATP5E,1.9806935,7.1492143
EARS2,6.429505,2.488198
ZNF616,4.5517817,12.592853
COL19A1,-1.8008643,6.6984267
PRKAR2B,12.438252,5.800481
SIGLEC9,17.92421,6.746331
PTPN13,1.7081827,4.8551044
NEK6,11.712099,-8.750833
NF1,14.164965,-0.42254803
SLC39A3,2.5761638,-5.5271626
SPNS2,-0.56463146,2.0937688
SEPHS2,7.6591563,1.7443389
CD300A,6.8572364,4.1331024
LSM10,10.072708,6.750147
HAS2,-1.562084,-10.554542
PHYHIP,13.710638,3.9067764
RNF217,21.755344,-1.4931828
AFF1,14.90375,0.03085073
WNT6,0.6533616,6.9567056
TARDBP,4.87752,-4.934754
GNAZ,10.068606,-1.8570414
BZW2,2.445926,6.4415584
PCDHGB2,1.9203452,-8.589593
CNOT8,8.783215,-6.1623015
SOX6,4.1290374,0.8555788
SLCO3A1,14.740008,-2.2586925
PEX13,9.111061,3.64432
SOX17,3.2746556,-8.446061
CEBPZ,13.285114,1.6146222
ST3GAL2,2.4395328,3.080976
A4GALT,5.862212,10.454039
MAPK3,3.8682616,-7.2200794
PNMA1,14.512795,-6.9618173
STX16,6.4771233,11.583963
SNRK,-1.7422128,-4.3841305
ZNF791,12.999091,-0.9105254
ITGA1,7.3835673,9.523648
TMEM176A,-0.8432235,-10.882438
CPSF4,0.35283983,-10.106687
ASRGL1,0.5169667,-2.1001797
PLRG1,14.586331,-3.4325068
KLF6,0.7355365,-7.293196
ARPC3,2.170391,3.0166857
RAB7A,9.801316,4.2251496
RFC5,10.417151,-13.402725
MOCS2,12.159605,5.3966646
TDRD7,-5.370533,7.6490874
PAQR3,12.172837,5.393861
XAB2,4.7725945,-12.433078
SNHG14,-3.683829,4.068783
SEMA3F,3.1978092,-8.304885
ABI3BP,4.758921,0.8502586
ATP2B1,-6.4343357,3.212921
AFG3L2,-1.6138982,4.238211
HMGCS1,1.78515,15.171063
TNFSF14,-0.3633823,2.2381892
TPSB2,-4.0073075,5.27719
POLR3H,8.393574,1.2142429
CUTA,11.788386,-3.1825926
SLC15A3,-3.6457255,3.9743247
EPN1,12.560468,8.110368
IFITM2,7.660335,3.0980425
CNR1,11.776569,-6.377637
CRY2,-6.3532777,8.68368
LDLR,6.3275633,1.0116976
ACOT8,19.771084,-5.994381
PDXDC1,-2.205754,4.3334594
NRTN,8.080937,-4.515958
FAR1,5.943568,-7.947849
HSF1,4.404718,6.552898
CC2D1A,12.583813,8.101031
TXNL4A,17.657936,6.231418
STAG3L5P,13.529793,13.711091
IPP,7.6888947,-2.1713605
ATF4,6.8814063,-0.7413843
RBM15B,-2.2846894,-1.8651516
INTS5,-3.9632907,3.4615471
POLI,15.501478,-11.121565
ZMYM6,14.543025,-2.9948835
TRMT11,9.4137,-8.471742
UBALD1,9.280792,7.579513
ZNF614,3.1917818,2.2341807
MB,7.0404115,14.222019
ANKRD46,6.4627647,-8.068983
FBXL18,-2.7252884,-2.1286163
ZBTB21,9.461559,4.0163136
NAP1L2,9.129957,4.5451064
EIF3K,1.7642509,6.2146297
ACOX1,13.109702,2.474573
LONRF1,11.785917,-9.081884
CDC40,3.5849986,-12.127632
FAM181B,3.8424847,0.90472215
ADORA2A,9.153544,4.5912256
FAR2,-2.811918,-7.47296
SLC36A4,-1.5808495,9.295183
FLRT1,3.8497891,0.87299776
GPLD1,14.858661,-8.143818
ZNF180,18.129059,-0.4626248
FAHD2B,12.245205,-3.625924
GTF2I,17.039625,-5.1897135
ITGB5,5.3377247,3.0109363
ZBTB17,12.601824,8.119339
BLOC1S5,5.572712,10.540703
CD300LG,6.1724415,-12.5548315
MKX,16.160849,-1.5160347
TYW5,18.048803,-0.35391253
ATP9B,1.1171808,-6.4252124
NAGLU,21.13906,4.280544
SLC16A9,11.308547,-3.1518953
HMGCR,1.7842202,15.169844
PPIP5K2,9.1436615,4.579732
PDIA4,7.170027,7.226921
ZNF786,7.0080333,-5.8128376
SPIN1,10.871405,-1.2163801
CCM2,12.524519,8.160216
PTDSS2,10.982907,-10.7585945
METTL24,14.570613,-7.013821
TMEM30A,13.393327,1.0249531
TFB2M,2.817728,3.5602186
AQR,12.970244,1.3103701
CDC23,18.281572,-4.721851
RTFDC1,2.3822904,13.782075
DACH1,7.7513785,-8.002192
SIPA1,14.855856,14.00046
ATP2C1,10.255153,10.997412
EMC6,19.38992,1.5161848
PLIN1,4.289862,-6.5756087
ATAD2,5.3822794,-0.16102815
CNPY3,16.71581,-1.7228755
FGFR1OP,8.364952,-6.4133444
IKBIP,-5.7076106,1.1283205
SAMD10,15.997334,10.882496
AMIGO2,4.6828284,1.5778166
CPAMD8,6.1661267,-12.539284
FERMT2,11.324082,4.7680855
PTAR1,10.470895,5.295353
BEGAIN,-4.1064954,-4.156237
CDK4,6.8199763,6.8484416
RRP1B,19.31172,2.051503
LCORL,17.856606,-3.6048846
GREB1L,11.680916,-9.455177
PLD6,0.3770898,0.07593755
FAM161A,17.621622,6.2308326
ROR1,3.0385184,5.089746
COL4A3BP,15.135331,0.72147465
IFT172,8.001865,6.475409
TSNARE1,-0.99137086,6.9013352
MAP4K3,15.315697,-0.2323636
SCYL3,7.710694,1.812289
RSAD1,10.359644,1.846943
WSCD2,14.211595,-8.628209
SLC7A2,7.5542865,-3.875848
RPP25L,9.485486,-8.808393
CHD2,-2.2526379,4.324518
FAM229A,-3.6745985,9.63349
SREK1,4.8458276,-4.9763803
UBAC1,2.8926136,9.642815
PLD3,2.3842854,4.892408
POLR1A,18.871422,3.276967
CNKSR3,13.624154,-4.543638
SUCLG2,7.737051,-2.106247
DHX33,19.335114,2.066293
CCDC59,2.5109828,3.2997293
DAPK1,12.804006,-10.932813
HOXC5,-1.5191118,-8.946835
H1F0,8.052311,-10.555785
UBE2L3,19.349613,-6.3066397
CDKN1B,15.302753,0.70356387
POLR2I,16.64499,-2.5345464
MVB12B,8.496769,-6.010465
RAB37,6.168774,3.8665717
PRKRA,4.891279,-3.110377
TRAPPC13,14.563297,-2.997632
ERCC6,15.951359,0.7956768
TTC8,15.9361925,10.827485
SF3A2,4.770861,-12.435101
AMOTL1,-0.8539372,-6.6927814
ZCRB1,12.164482,5.4050436
CTF1,9.636409,12.668357
TPO,8.142454,7.138756
ARHGEF2,14.921954,14.0115
GALK2,8.517624,-0.0030446774
INSR,11.856805,6.967063
CHORDC1,10.614712,10.69959
SSR3,16.226404,-1.5260575
ADAMTS13,4.0657225,-9.59613
SMIM13,2.913927,11.520817
RIPK4,8.065438,-12.930476
WDR59,-3.2385607,-1.7656372
ACIN1,14.39081,6.9477835
DGCR14,4.4091077,6.5599227
PSMB7,0.1529872,4.3714266
GADD45B,5.6460366,0.772487
EVA1B,13.876793,-1.5175521
PRKX,11.808256,-6.3601832
ZC3H14,20.567062,4.7826023
ALDH7A1,8.024108,-1.8771743
COX5A,2.4730072,10.196036
TARS2,9.482181,-8.8022995
DR1,10.79492,5.5320463
ZFYVE27,0.35460472,-10.10585
ADCYAP1R1,13.882538,7.9780354
LSM14B,17.412006,-10.318741
MCCC2,2.544274,-4.4833736
ZNF652,11.649754,-8.691165
CBR4,7.3495,0.08447105
LZTS1,12.801894,-10.931003
EPDR1,-3.8397279,-4.326018
ZNF512B,-2.8800611,1.509701
CLPTM1,14.325607,5.534135
FAM177A1,9.399397,-8.378532
ITGA8,22.131535,0.35247082
PRELP,6.9924397,2.0778694
PLA2G12A,6.7965503,-9.541717
CCDC12,0.32577235,4.538243
BCAM,3.8448715,-7.1328044
ZNF416,8.25671,-12.766394
PLEKHG5,13.096216,2.5162024
ACBD5,5.580889,10.535523
CLSTN1,8.4302,-6.111342
OLA1,12.917142,1.980203
SSH2,5.995405,-12.141775
LANCL2,11.384546,-8.50779
DNAJC9,5.0316243,-10.6532955
MAMSTR,-1.5278986,-8.937054
KANK1,5.4887867,7.3236327
NLRX1,9.287344,-3.2196527
PLCB3,7.4762263,-5.365945
SDHAF4,7.95461,0.9989188
SYNPO,14.706791,-2.1769314
PITPNM3,9.876101,-1.1065412
RGS3,12.533304,6.9789686
MST1,4.067482,-9.59267
MTCH1,10.383825,15.935632
ZDHHC24,3.986472,6.0758877
SCO1,-2.099365,4.329481
IKZF5,12.390637,-1.1350973
ZWILCH,5.798219,16.433502
BIN3,6.060923,10.224423
ATP1A2,9.872218,-1.1089617
QDPR,5.6572714,5.2155747
CMTR2,4.572662,12.628673
INCA1,-5.7217417,-1.289522
CSTB,-7.450987,2.182873
DCAF1,6.929685,-0.81778
RASA4,13.096174,2.519184
C1GALT1C1,6.7746983,-3.9665692
ATXN2L,11.580881,8.200598
INF2,15.092079,14.03634
ZNF205,9.838836,-8.448014
BTRC,18.110071,6.2030325
PCYT1A,6.237795,5.528023
HEATR5B,15.191226,0.6732365
ADCY3,3.9280005,6.453006
SLC16A1,6.276684,0.5564094
IDH3B,2.3731446,13.76179
MAP3K7,9.09763,3.652985
ANKHD1,16.680695,-5.7930155
THUMPD3,13.289305,1.8111507
CAPZB,7.42337,11.94045
PIK3C2A,13.682448,-0.75931025
ASNA1,19.764172,-5.994134
KIAA2026,15.127725,0.71864045
TATDN1,2.4360952,2.917349
OAT,11.2474,-4.740139
HEXA,13.2504225,4.505474
TNS2,6.2275763,-12.526785
ZBTB47,11.78817,8.224288
DCTN6,12.9914055,3.5705755
ABHD10,7.681165,1.1396607
NEIL1,6.470566,11.554623
PTPRJ,0.6417251,6.934664
ENG,-0.5728452,2.0894446
IGHA1,17.683563,7.3718195
EED,6.7188215,-6.0837865
PDIK1L,20.597672,7.7127213
TRIM3,9.649298,0.04303379
PGLS,12.57659,-0.8281847
TRAPPC11,14.984198,-0.49894795
C5AR2,17.901611,6.4294233
SLC35B4,-5.5992336,-5.314509
NFIB,7.9409523,-8.250263
SLC30A6,13.839497,1.6112525
AARD,11.742792,-9.387792
MZT1,10.88008,4.4142714
EPHB3,-0.9618001,0.17207278
XK,15.66014,-2.5097816
CACNA2D4,13.259089,4.504386
ZNF567,3.1856806,2.2328255
ZNF398,16.584745,-4.2550783
FZD7,10.712174,-1.3535259
TATDN3,14.033181,13.953653
S1PR3,13.118283,4.4563417
TNRC6B,15.937829,2.0423517
FGD1,-1.277628,-9.152392
GRWD1,18.128288,4.4799128
ANKLE1,-0.70370066,5.970404
OBSCN,-1.8059831,6.6928873
TAPT1,15.59763,0.54284924
HYKK,-0.4790107,10.174306
SPIN3,19.55496,-2.5707862
FOSB,5.717444,0.81630933
AARS2,15.194461,-0.26215467
ARHGDIG,2.1640127,0.52220064
PRRG1,8.667122,-5.3783703
ANKRD36C,14.318032,-6.673024
ARPC2,0.16894336,-8.933802
MAPK11,7.6715384,3.0753672
TUBB4A,2.951096,0.36712742
ARL6,6.467841,-8.065306
PRSS53,12.67302,8.133875
ANO5,10.838202,-1.1991202
PKDCC,10.213672,-2.1492407
GRIN2A,23.387579,-2.284167
TICAM2,0.7594263,-4.459884
TGFB3,6.22706,-12.530947
RASSF4,0.63988733,6.9348445
PIGM,4.574957,12.615305
MOGS,0.3530972,-10.107198
CENPJ,18.11178,6.206833
CYTH2,-0.642986,7.0719876
RIMS3,8.052185,6.562523
IFT27,8.011909,6.435252
ERI3,14.125198,5.406739
TMEM14C,2.1101627,9.760749
DYNC1H1,9.980349,-10.118133
ANGPT1,9.782906,-1.0094874
ITGBL1,3.4065464,4.887847
XPO5,19.200909,2.2132125
STT3A,7.1718984,7.2255936
LSM8,-1.5804169,9.294988
NR1D2,-6.349603,8.684688
KYAT1,6.2461605,5.1707196
PLIN4,7.7745533,-3.7723794
CDC27,8.836745,-2.6133504
RASA1,9.57558,-6.570092
MFSD5,8.147022,-10.650806
FUS,8.293305,0.57365525
INMT,12.124405,6.881735
SLC25A37,-3.477079,11.014855
PPP1CC,11.214502,-4.7069554
DENND5A,4.18164,2.4439847
GIPC1,16.605625,-2.5042849
BAZ1B,16.803041,-5.564114
ZBTB24,16.61292,-4.278181
MAP4K2,-0.43830273,0.09900623
SH3RF3,14.806825,-12.564509
NDUFAF8,17.495203,6.1216125
TMEM185A,-0.32061142,0.04290651
GPKOW,14.279151,5.223859
NDUFV2,2.5925765,10.228964
FGD4,-2.549874,12.444862
PTP4A1,11.616346,3.8434396
FKBP1A,6.590294,7.8538837
ZNF44,-0.21158831,9.869294
ATP6V1C1,13.800748,-0.56739676
RASSF3,6.879425,-9.46382
RACK1,0.21671581,11.654991
SUSD2,3.517762,4.8333106
PRPF8,-2.0827954,-2.1126242
TMEM229B,11.819426,-8.897889
ALG1,10.087317,-11.34
SLC25A25,-0.20915176,2.3334105
TXNDC16,11.595308,-8.648312
FAM98C,11.41853,-3.012126
AKT2,9.330624,12.324514
BRE,3.8583148,5.8415256
CDC37,8.701944,0.2835549
POLR2J,1.118707,4.123668
PHIP,15.583815,1.1840475
UBE2O,12.129152,8.452997
PAFAH2,-0.34934366,10.030447
GPATCH2,10.76205,4.2898817
SIN3B,8.904883,0.2969493
TXNL1,18.28283,-4.7213187
EIF2S3,2.3717053,2.8569558
FAM200A,4.526996,12.636493
SLC27A6,-2.6352215,-7.2701354
TLR9,10.2807045,13.11136
PROSER1,15.030097,-7.6951528
PSMD1,11.479526,10.48231
NDUFAF4,18.397068,-8.314445
TMED10,6.7390676,-3.9936898
HPF1,11.551518,10.484932
NPL,3.326996,-1.9455124
SAMD4A,10.228582,-5.478096
SQRDL,9.45136,1.966804
IRAK4,9.531471,2.217445
RBL2,17.622122,6.2089715
FCMR,7.659298,3.1538033
SLC6A8,10.073592,-1.8437694
SMARCD3,5.3885536,-0.16692548
FAM131B,2.1540103,0.51939
AFF2,5.9592404,-12.081901
VSTM2L,16.002216,10.887124
OXA1L,-5.5723,-5.288514
MRPL57,2.0289798,7.6952233
TMEM123,6.1604548,-7.275055
LAMTOR3,11.270794,4.6865873
SLC2A10,-6.6353073,2.8158965
DNAJC2,17.143145,0.8631459
NELFE,0.13905817,4.3589997
DPY19L4,5.7442026,-8.5185585
FNDC3B,9.788119,-8.430901
VIP,2.5760055,0.63087255
AXIN2,-5.7376223,-1.3034661
KANK3,3.422883,-8.159162
EYA2,5.3053994,8.320699
BCAS3,-1.0901289,6.8216033
ZNF585B,-8.301108,-1.5018927
PIGX,11.184234,-4.670362
SRXN1,0.79311883,0.52067745
EZR,5.463865,7.4780903
RASA4B,13.097026,2.5142787
IGSF8,15.128974,14.065687
DVL3,-2.804865,1.4346889
ANKRD17,8.964687,-1.9336766
AGO3,6.3121724,5.6826715
CD33,2.751333,-2.010593
NSMCE3,-3.6886482,4.0878944
TMA7,7.1790714,7.6013694
NEFM,2.5253463,0.6168965
FNDC4,8.896292,1.866028
IRF5,12.935507,-5.565147
TMEM64,11.689569,-9.450873
KDM3B,16.900948,-5.350711
MAP3K4,13.572203,13.7413225
GLI2,17.424223,-10.341844
KRI1,19.46102,2.264312
PHC3,16.933626,-5.23003
SNED1,7.494158,3.9474442
MRM1,19.673302,2.6231766
BMF,-0.1864506,6.8011284
ZNF146,9.265247,-7.7953696
APH1A,6.9130454,-9.4285965
DNALI1,7.92099,-3.884895
SLC9A8,-3.2971523,2.5059993
ABCB6,3.4339411,0.08017905
NUDCD1,17.537697,0.45177987
PLK3,-0.22607082,2.35265
RCE1,12.032075,8.855227
IGF2R,16.65493,-5.8140626
VTA1,3.589613,-12.125732
RND1,-1.2704517,-4.744102
TAF12,17.991035,-0.28071943
FXYD1,-3.9196594,-8.783176
PSPN,14.034197,13.950544
B3GALT5,5.314548,8.308687
BTG2,5.1367583,0.64268833
SPIRE1,14.810587,-0.023429813
ARVCF,12.379641,6.926142
LDB1,-1.1756853,6.77167
STK10,-3.633135,3.9079638
FGFR2,10.407594,-1.1833594
RNF145,16.11412,-1.441216
COMMD8,5.7201977,-8.562993
SGSM1,-3.134332,1.1527925
NF2,7.8740554,-1.8491848
KIN,6.7103353,-5.957306
TBCA,14.547407,-3.3964405
ZNF790,-8.274555,-1.5289346
FAF1,18.422457,-8.29549
WDR4,6.4274335,2.1386182
HMGCL,-0.2830995,13.233643
FLT1,0.53195554,-2.3114798
TMEM219,3.4791634,2.3832154
CLEC11A,3.9649339,4.7203984
MLST8,2.567758,3.369001
MME,17.026575,3.6505327
GPR34,12.89257,-5.601502
TMEM164,2.4328828,6.436314
DERL1,9.146286,3.686107
ATPAF1,18.442198,-8.275889
NAT6,21.046665,4.368215
LSAMP,17.022388,3.6500154
OSGIN2,-6.011717,-1.5309482
PYGO1,6.1524973,-7.2728667
RASL10B,15.638198,3.5637326
TFAP2C,10.029194,-2.1738265
THUMPD1,0.9003306,-7.1912527
TOGARAM1,17.08598,-5.1502686
SNAI1,5.305159,0.6036635
FAM86C1,19.120148,2.9647791
MDH2,2.467721,10.18676
IKZF4,6.561453,0.900971
SPINK5,-7.747197,1.3595892
ZNF737,4.3173656,12.169578
RAB2A,11.133512,4.612627
GLE1,4.625342,12.352578
PPP2R5B,12.667716,8.129812
ACKR3,-1.9557635,-4.1985345
POLR3D,6.601,1.8255914
ZBTB46,4.1930485,-7.307728
S100A10,4.8451276,4.7041135
SIAE,0.34580606,1.2229769
TMEM55B,14.248259,5.7672763
PLAC9,3.9582012,4.7221646
SMO,7.3626866,4.60767
MEAF6,5.3745527,3.0038967
ZDHHC6,13.290323,1.7968466
DBN1,-1.5191274,-8.943779
UBTD1,14.928949,14.011684
TMEM176B,-0.8441725,-10.883349
MED4,12.989476,3.572188
SLC44A1,17.851639,-3.611566
OSTC,-5.7079873,1.1289458
MRRF,8.650681,-0.1811054
LIMK1,15.770558,0.75887114
BBX,9.697032,-6.4669375
ZC3H12A,-0.22629756,2.3554919
RAC1,7.326293,7.853741
PITX2,7.57679,-3.8678293
CD24,8.110269,-12.894175
TGOLN2,16.685106,-5.785773
SLC5A3,4.4241157,0.70049566
NTN1,15.646485,3.5614026
UBTF,17.411602,-10.317917
PYROXD1,-1.0881315,0.21370663
MRPL18,1.7349344,6.916842
SGCA,9.188804,12.137052
CA14,15.874681,10.766528
ZNF284,18.119581,-0.45208257
RBSN,12.069035,1.0961486
IGHG2,17.694767,7.3578687
WDR91,-5.715395,-1.2835904
UBE2R2,2.3387706,2.7695262
FAM49A,8.515551,0.024968946
DGAT2,4.2936544,-6.568234
ECHDC2,6.4675426,11.579659
TOX2,15.614482,3.5399435
JMY,15.156476,0.04411345
OGG1,5.8729196,4.920565
TMEM63A,13.095,2.5172637
WDFY1,6.4526744,-4.264136
CDK5,6.2536583,5.1764665
ZC2HC1A,9.522359,-6.583897
KIFC2,2.7636235,-6.624686
FCN3,8.1451025,7.1402864
INO80,19.476536,2.5516407
CMYA5,7.10131,13.865339
PEX11B,11.566315,-6.5907807
LAMTOR1,8.06833,-10.572477
EMC2,14.559697,-3.4025552
NFATC3,16.809614,-5.449191
DNMT3A,14.378529,-6.7368116
PLEKHA4,10.27801,1.986295
APPL1,13.3733,1.0743852
SIRT2,0.91178834,-4.566065
TMEM205,10.070317,6.7520924
MDN1,9.205213,-7.8182926
MAN1A1,6.162799,-4.2454762
ANKS1B,14.9304905,-7.74124
EDA2R,19.200317,2.100323
UVSSA,5.083019,-1.6335696
SAR1A,13.953535,1.9598866
RAB10,13.448842,0.7100797
MAN1A2,14.179016,-0.42664546
CYLD,10.027679,-5.709274
CDK17,9.412527,-8.301662
PCGF1,13.319524,3.2017431
PIK3R6,6.1824813,3.859357
KANSL1,19.232212,7.276802
CAPN3,4.200607,-9.468002
TMCO1,13.098918,1.4170052
BET1,0.7867487,-4.483519
RNF103,12.001329,5.9079747
PATL1,3.73334,2.3443582
IFI35,-4.5840416,6.6464458
PUS1,18.704937,3.5020564
KRBOX4,14.778702,8.215963
TSEN15,13.443779,-4.281606
DDHD2,10.699277,-1.3387995
IFI27L2,11.546365,-2.9351425
ARID1A,-2.7254906,-2.1130996
PGP,-0.8209815,6.223265
MNDA,3.276551,-1.6640346
RGMA,19.255846,1.72026
RERE,-2.8184693,1.4467446
LUC7L,7.65123,11.121833
ZNF185,-7.7480574,1.9566672
RPS15A,1.1707488,4.886816
MYH6,7.051003,14.15152
EXOSC8,17.661392,0.33230692
RPL4,1.8413448,3.4954433
SV2A,14.729616,-2.197547
MAGOH,14.606337,-3.4818475
ID3,3.276457,-8.390663
LRSAM1,19.34964,-5.4973054
ANKRD9,5.0672274,0.10789226
RUNX1T1,4.315673,12.180841
DCAF12,-1.5984333,-0.9348474
EIF2B3,2.1135068,7.842046
FAM89B,19.604147,-5.9009786
PSME2,-4.590953,6.6529856
ST5,15.92903,2.0268805
SDC2,4.6988373,1.1632215
SHISA5,10.319597,2.0476122
AK2,18.002428,4.6568756
DCUN1D2,4.658015,-5.166724
SCAP,14.781171,6.661453
RARS2,2.4165268,2.9780014
HKR1,-4.233748,3.2546806
DDX19A,13.559827,1.9076813
HSPA1B,10.5668745,10.7546425
RRN3,9.285917,-7.862875
TMED9,6.914466,7.5065074
PLAU,-1.2406714,-4.7820377
PCGF6,9.619051,4.067269
GALE,19.200294,2.9947054
LMF1,12.189726,-3.527285
HNRNPR,9.338068,-7.983202
TMEM185B,13.482916,1.8760543
RAB22A,9.251605,3.490037
ZNF33B,11.738967,6.0935388
AIDA,20.721834,4.641672
BRMS1L,3.8059554,2.3338068
CD99L2,14.352567,-6.707436
ZNF382,8.124767,-3.7646773
RARRES1,7.6335115,3.636888
STX10,19.810402,-6.0048995
CTSG,6.309767,3.9430094
KBTBD2,21.75531,-1.4938968
TMEM245,4.2733417,-3.5180576
GINS3,3.937978,0.88481295
DDX10,17.649921,0.34206918
ZNF765,8.109448,-12.901495
ASIC3,-0.70561725,5.9719343
NOTCH4,3.4398992,-7.9551053
SMC1A,16.74922,-5.640229
SYPL1,10.087861,-5.639457
ITFG2,5.6576552,5.2328043
NEK3,15.514448,-11.144796
RAB3B,2.8482902,0.50891113
TMEM39A,6.7676153,-3.8640256
SLC22A17,4.290648,-9.343931
DNM2,9.374503,7.303776
MPRIP,18.8028,11.678359
DDX39A,7.948437,-1.9026009
WEE1,10.226006,-5.4881105
EMSY,15.0030775,0.5541354
CUL9,9.68192,12.70904
PGM5,10.503143,-1.3812959
APMAP,0.33971512,-0.11761495
KCNJ5,2.1547832,0.51647896
ALCAM,4.0206766,0.89758104
KLRK1,17.707254,7.341067
ARL8B,13.279477,1.5018054
ZNF8,6.3114004,5.675412
SOD1,10.275572,8.837905
KMT5C,6.9588423,-1.304109
ZFHX4,6.986169,0.60678566
ITM2C,14.079285,-8.435989
TCEANC2,4.551197,12.2776165
KCNAB1,4.6593976,1.528135
CNKSR2,14.754828,-6.860222
ZDHHC16,16.31953,7.1286607
ZNF644,5.9813485,-7.823594
HIKESHI,5.798254,16.433653
PSMC2,-1.6483707,4.253302
FGFRL1,6.231853,-12.5252075
RAB40A,0.9505935,-6.6068387
SMYD2,8.09798,6.2742915
TMEM173,-5.715616,1.0943813
LMCD1,13.730416,3.9063332
TMCO6,3.8691638,5.851498
B9D2,5.168553,-2.0348923
GABARAPL2,15.629048,1.2596225
RUVBL2,10.404261,15.810739
FAM122B,12.337663,-1.1492188
ZNF311,4.633189,12.359632
STARD3,3.0190172,-4.215818
ITSN2,15.128856,0.70783156
FAM50A,10.983183,-10.758774
CAD,10.077789,-11.311647
GXYLT1,6.188758,-4.299543
CBR3,3.900926,-7.210365
GRSF1,2.6288943,3.324736
RARRES2,5.5044737,7.442577
PKHD1L1,3.6633668,-8.574893
CLDND2,22.628576,2.0508919
RPL24,1.132217,4.861888
SLAIN1,5.8254414,-4.513165
TIFA,6.1414833,0.9944326
CADM3,-6.2315273,3.0281954
FAM89A,0.6695456,0.989091
NFASC,23.373608,-2.2681074
ARL17A,19.233965,7.2764816
PTK7,-3.6885178,-4.4528627
NOX4,8.649372,6.5968423
VSTM4,7.4624977,4.8512716
SMS,11.252191,-4.7414837
NUDT3,17.045927,-5.1877084
MSS51,4.324712,6.2724323
PPA2,2.051133,10.491755
TAF1C,15.213598,14.128044
GRIK2,-1.9334118,6.879156
AVEN,11.766567,8.224654
CHCHD5,1.1139866,4.1343126
DHX8,16.70579,-5.750799
CD22,6.1520534,3.8468726
DMD,11.222159,-4.7091312
INTS1,9.652717,12.681292
DISC1,-6.3072453,3.0062463
MED23,13.481948,-1.0043927
PEX19,-3.7140765,4.155757
DENND4B,7.947879,-1.9037302
PMF1,0.35966375,4.571677
APBB2,5.381985,9.308031
ALG5,0.8537448,0.19479816
CMSS1,15.0570345,-4.0662565
SLFN11,16.954674,2.469477
MRPL40,18.493353,-8.226191
ZBTB40,-3.1470163,-1.8090978
RPL34,1.1267033,4.837023
TXNDC9,6.1106954,-4.4730062
LAS1L,6.4794292,11.581415
CSF2RA,3.2766902,-1.678535
MAGED1,12.174903,-3.5631537
CCDC88B,7.4072595,4.5905604
PRR22,8.367906,-10.839431
RAB3C,2.961778,0.53379816
MYADM,7.9140353,-3.8765895
TMEM140,-1.8336674,6.773667
ADGRA3,10.528793,-1.0389602
SPTBN4,9.2205715,12.181526
TMEM132A,-3.6321208,3.9481118
OSCAR,2.9235287,-2.487082
MTRR,9.264337,-7.798278
CACFD1,19.33249,-5.3960834
ZNF808,18.186121,6.152388
IBTK,5.6020784,-8.728474
BTD,5.561465,8.0111065
GLRB,14.867,-8.236137
ATP6V1B2,7.3344617,1.5663451
SLC25A44,6.749882,0.67194253
STRN4,9.375157,7.3038955
EMC7,14.783767,-3.680237
PAWR,12.519925,3.8964062
GMFG,2.9162698,-2.4864812
EVI2B,2.7480507,-2.0158594
FPR1,12.118821,-6.237157
ZGPAT,2.2920842,-12.528914
STK36,14.318344,13.976109
APC2,2.910377,0.3939691
TMEM99,14.741869,8.159134
CLK1,7.653838,11.120992
TREX1,8.16325,-10.668668
CACNG4,-2.5744321,-7.200641
PIAS4,12.048654,8.784482
ANKS1A,8.877774,-3.4370453
COQ4,20.176477,-1.6621993
EDNRA,12.179906,2.3926857
PI16,3.939611,4.7265587
SPRYD7,-6.0139866,-1.53147
KCTD17,19.323925,-5.363616
STK38L,-1.0761178,-4.992945
FAM168A,14.373134,-6.7498217
OXLD1,11.376309,-6.1340246
CIZ1,15.052739,6.509468
RNF4,-0.0791862,-0.54338545
IER5L,-5.979602,-1.5024245
SEC63,13.357382,1.1559949
TANK,9.198219,3.5957727
MAP3K2,6.071321,-7.4088
PRKG1,14.859197,-7.7841682
TRMT13,-5.599858,-5.3150244
NTAN1,4.403378,0.7280956
ILK,10.076536,-1.5483234
AKT3,20.537287,4.577406
FAM43B,13.403105,11.085569
ZSWIM5,15.9371,2.0433476
AP4B1,14.804313,-0.016674526
FAM180A,2.011768,4.874954
NXN,7.854326,-3.8138952
PTPN4,9.587402,-6.551523
PPCDC,14.802847,-0.011642869
RARRES3,-4.590769,6.6533556
MTMR14,13.35031,11.05111
E2F3,9.314344,-8.011689
OSBPL2,-1.0630225,6.724006
GNB5,14.724467,-6.8946247
USB1,18.7092,3.4904666
FOXJ3,8.95947,-1.9884415
CLTB,10.069712,6.7514873
PLXNB2,-1.2200408,-1.7387624
ARL5B,-1.724421,-4.400187
EME2,9.408028,0.09165413
RNF2,7.9666357,-8.298762
ORAOV1,2.771206,-6.6161666
FASTKD2,13.51778,1.9017811
PI4K2A,-0.03224178,-0.45987937
ELOVL6,-3.6058764,9.577172
PRDX3,10.911811,-1.1464661
SLIT3,3.428767,4.8956323
KIF22,-0.29740012,-0.0037305532
HDC,6.3445215,3.9387453
GOPC,9.477901,-6.675799
DFFB,13.559963,13.730839
PHF21A,9.69641,2.009134
SERPINE2,16.961878,2.4975896
AP1G1,14.9660635,-0.49330148
DNAJC14,-3.120506,-2.077717
FHL5,3.8567424,-7.151585
B9D1,0.18997172,11.674364
RPL36A,1.1064917,5.037761
PPP1R9A,6.600845,7.836155
TUBA1A,7.4182277,11.929549
ZNF22,0.95052505,14.274951
ZNF575,6.1400414,5.118886
ASB5,15.685449,3.6086526
ZFYVE9,5.517008,7.433501
GPI,-5.147912,-7.450454
BAG4,10.808833,5.5670447
GPATCH11,16.570333,-4.2140217
PLA2R1,4.826007,4.0820937
NDUFS5,2.7440386,10.397858
ITGAX,6.6764216,4.040042
KCNE3,2.6196177,-1.744146
ANLN,14.557598,-6.997467
LAMB1,13.620655,-4.795389
OPTN,-5.367859,7.6470237
TK1,10.204871,-2.1350942
FHL1,9.870998,-1.0916966
MARS2,19.315195,2.0281868
RASA2,7.9660816,-8.299356
UCK1,9.362266,7.2859435
SNHG8,7.3140116,2.9497762
LRRC8B,-0.90289366,-3.2533085
MUM1,14.231091,7.059531
FLYWCH2,17.74584,6.292731
PURB,4.7795963,-3.1792593
DDX51,18.588459,3.6938002
BRWD3,12.447027,-1.1271265
SCNN1A,-7.7363753,1.9653155
TBC1D31,-1.7306592,-6.1019263
FAM171A1,3.9237304,4.7305436
SNCA,-2.0005887,6.801284
COX6A1,1.3625185,5.531064
ATP1B2,7.415857,4.821759
ZNF710,7.37986,-3.5545228
TRNT1,17.91579,-0.019562285
MARK4,14.240812,5.7565827
CASS4,12.473529,6.9636245
FAM20B,4.446662,-3.3817558
BRD7,8.505884,-0.02326171
KBTBD4,-3.066474,-1.969837
RUNDC1,15.75469,9.402702
TRA2B,6.9551105,-0.9066348
SS18L2,0.85883564,0.15792674
LIMCH1,-2.588787,-7.2168126
PFDN5,1.1325939,4.847802
VMAC,-1.1748964,6.7692738
NIF3L1,18.220533,6.1337204
MYO6,13.79375,-0.86033803
ANKRD12,15.007921,-0.3488427
MFN1,-6.0140233,-1.5322894
DEDD2,-5.7173724,-5.4344997
GDNF,-1.7950088,6.699502
LYPD6,-2.2516038,6.955085
OXER1,-3.919547,-8.783034
CPTP,9.844907,-8.451468
KRT1,-7.770319,1.9675394
PNKD,6.256426,5.0617943
ITGA6,7.717139,-8.011026
TFEB,5.080077,0.107419066
FENDRR,8.113994,-4.510528
EFCAB14,14.126357,0.4143239
FOXF1,8.113619,-4.5167437
LMO7,5.5084376,8.108865
COLQ,4.2517776,6.4303546
AHCYL1,14.23519,2.1623807
ERCC8,-3.590603,9.562226
DHFR2,19.382723,1.5326748
HNRNPH1,4.877041,-4.933955
TSNAX,14.556728,-3.020102
RASSF2,12.485275,6.9558616
BCR,15.858628,10.747114
ZNF564,-0.21807197,9.878846
KATNA1,2.5921922,3.2713299
ZBTB45,9.311697,7.574029
PCMT1,18.282696,-4.722403
ZDHHC1,13.285482,14.189269
KCND1,3.5386705,4.8290653
POGZ,8.351782,-3.7332187
SMU1,13.538444,1.8823159
EPPK1,2.391289,6.168218
ADAMTS12,1.3338896,-6.77129
DUBR,-0.064308405,-0.08623362
ZNF84,15.510481,-11.130327
ACTN4,12.511023,6.923163
IGIP,0.8095401,-4.5031843
GALNT6,17.85984,6.8477974
ZMAT2,-1.5858979,4.2252474
ZCCHC24,9.774554,2.002551
NOSIP,4.369261,6.503263
IL1R2,11.8043585,-6.361098
FAM149A,13.901958,-8.30365
ITGAV,17.938936,-3.5009465
STARD13,6.2421155,0.9924701
SAFB,-5.7541623,-5.4715323
DCUN1D5,10.76935,10.095402
CCDC91,9.948308,-5.6790137
LAMA5,15.63338,3.5365963
MLLT1,0.3623978,-10.094679
CAMTA2,12.664831,8.127612
CDK12,8.937848,-1.8975769
CANT1,10.152073,2.1033926
PER1,0.8545566,-7.379987
VSIR,4.184656,-7.294672
TCP11L2,15.177714,0.6507263
P2RY6,0.380977,1.1992415
GNL1,4.771623,-12.434733
METTL15,5.4736495,10.624899
CCDC174,2.8276663,3.5526342
KLHL7,9.886077,-6.30483
SCMH1,-1.3539345,-1.7360309
AP3M1,12.509197,3.8846836
CPE,4.7150354,1.1268358
IRF7,3.3489788,-13.789385
GATA2,6.1351314,3.8398247
PPP2R5E,12.408195,1.3476549
COMMD4,11.385213,-6.159546
SLC35A4,8.049164,-10.559093
GHITM,-1.6696018,4.259127
EIF6,2.386569,13.7754545
SEPT8,11.565872,-6.497698
NARF,14.046089,9.080173
ZNF143,20.957565,4.4456296
BPHL,5.6598577,5.228528
MED27,10.310744,15.722746
COQ7,10.883451,-1.1958715
MBNL1,13.006948,-8.646878
MYO10,3.2943559,-8.075153
RARB,12.283005,5.7882566
ITPK1,9.984422,-2.5064034
GDPD3,-1.0397574,0.19453324
HIST1H2BD,5.111384,-10.764244
RHOBTB1,13.430467,-4.258962
PCSK2,4.010257,0.8846067
RER1,19.707066,2.6383991
AMDHD2,18.974686,4.97137
ENPEP,7.90215,-8.129937
ADRA2C,3.2037735,-8.273667
LNPEP,9.640061,-6.270724
SAAL1,17.662264,0.33179754
RC3H1,10.053904,-5.6681356
HELZ2,3.349984,-13.78875
IFT20,4.4944897,-3.3372023
PSMD2,14.282051,5.256619
WDR61,5.192049,-10.862312
R3HCC1L,7.713767,1.8195713
AZIN1,13.443077,0.70958
ZNF607,4.3052163,12.087609
MAD2L1BP,-4.2365174,-0.16302156
ARF6,9.160775,-7.381026
TTC30A,4.686604,12.4176855
SUN1,13.615251,-4.7915287
MAP2K2,12.6063385,8.085622
MRPL14,14.042704,9.08552
TXN2,0.18812524,11.6749
NPM3,6.803169,6.6946573
SMYD5,17.696732,6.254818
ZNF449,5.207993,-10.875033
AK6,11.44668,10.508874
PTRH1,10.325029,15.733554
KCNB1,0.99343914,-6.706595
ADGRB3,-1.9336581,6.8568745
ORMDL3,2.3242826,-12.509609
RPS6KC1,20.645891,4.7232494
ALDH18A1,6.030573,-12.746294
NDST1,15.948578,-1.2554524
LSMEM1,-7.7751713,1.963686
INAFM1,7.130842,0.74602175
CYP4V2,19.363321,1.4231693
HNRNPA1,8.46765,-6.047619
NBPF8,5.412484,7.098387
WIPF3,-4.137594,-4.1423545
ITM2A,6.2170563,-7.2261467
EXOSC9,13.292225,1.8106756
ITPRIPL2,16.505165,-4.329652
APEH,10.327606,15.705112
PEF1,8.097804,-10.596992
P2RY11,16.32955,7.1112742
ELAC2,11.600872,14.074897
DAB1,-1.9107678,7.775818
HLF,9.876868,-1.101108
GAL3ST1,-2.916056,7.1185336
RFK,6.629833,-4.20171
NAA16,10.054279,-5.668451
CIR1,8.441093,-12.421531
RASAL2,0.54416025,-2.880634
TMC8,6.8591413,4.1390753
MGAT1,13.0704365,11.0304575
TTC26,13.356173,1.7844019
AK5,3.9477842,0.9042231
ZNF41,5.958998,-7.827761
PARL,14.950006,-3.9315677
SMURF1,6.839001,-5.9420886
DGKB,14.847113,-8.104546
RYK,4.5729766,-3.302593
STOM,7.354591,1.4550065
FBXW4,-1.3738208,-1.7589343
VEGFD,4.8278065,4.094399
MAN1C1,8.065374,-7.982759
ECI1,5.0814257,0.091490194
RPL35,0.19682367,11.667595
G2E3,10.503155,5.307484
SKIDA1,-0.20432875,-0.06806414
PCDH1,3.9465287,6.437658
NAA20,14.909853,-3.879517
UACA,19.213333,2.1812418
LCAT,9.910984,-2.702513
PRELID3B,12.700515,3.8099637
SNRPD3,2.0503924,7.6849303
HIST2H2BE,8.055694,-10.560737
GNAS,1.8888565,10.670952
ROM1,10.106744,1.9327731
DGKQ,2.2846613,-12.533501
PRF1,17.716705,7.3036447
ACE,4.7696905,4.668982
TRPC4AP,16.338564,4.0745335
RIOX2,17.554586,0.43528068
PSPH,5.141245,-10.80241
PTPRF,8.059357,6.214717
VIPR1,6.332608,0.63822716
PGAM1,-5.180509,-7.4182377
PTGDS,17.026869,3.6498299
YWHAZ,11.312805,4.786622
DCAF5,-2.2247598,4.3307686
MPZL1,-1.9385436,-4.206764
JMJD8,17.529089,2.460067
PTHLH,4.804423,4.6744804
ZNF410,14.241915,2.183773
UBA2,6.9989142,-1.2624593
CCR1,17.95849,6.685858
GUF1,4.6606684,12.883101
CLTA,2.1323805,3.0282085
ZCWPW2,7.7366266,-2.10758
SATB1,12.81354,-10.944036
FLII,12.6460495,8.096708
FAM161B,6.194151,5.016008
TAOK3,11.215616,-4.7068763
CDKN1C,-5.9591713,-1.4827937
NQO1,3.4367225,0.08058088
GJA1,7.8828373,5.260401
ZSCAN25,-4.254491,-0.1816751
REPIN1,19.61917,-5.9171047
CFH,17.105013,2.4082642
ABCC9,0.7395321,0.50545585
KIAA1107,0.6156373,8.010719
TSSC1,17.426659,6.039215
ARNT,15.996295,10.881677
CBR1,6.2343216,5.1523895
PCBD2,7.3291,0.08984108
INIP,16.932652,-1.7200097
METTL17,2.764025,-6.623082
TOP3A,18.095295,4.553714
SUPT4H1,-1.5798539,4.224006
MINK1,13.234381,3.1904168
MBIP,10.790349,4.327947
CFD,3.1667442,4.9838967
PRDM4,16.569302,-4.306825
HMGN5,10.593795,-2.3904042
CDC14A,5.3168807,3.042434
TXLNG,9.323957,3.961854
LRRC75B,19.324194,-5.4618134
LAGE3,19.853134,-6.0486865
PTTG1IP,7.0367084,2.037841
PHF3,15.505882,0.43313205
RPS6KL1,16.20063,7.2270093
PCSK4,8.923465,11.840327
ZFPM1,2.6084206,-5.6091437
ATL2,-0.84065276,-6.7217984
CHM,13.604858,-1.112474
PCDHB9,2.0056965,-8.49984
APOPT1,1.9941514,10.033883
ZNF773,16.744808,-1.7436969
ZNF609,19.23878,7.258593
CRYGS,4.319231,6.2654834
MTSS1L,7.4014735,-3.5386524
HOMER3,19.198885,2.9972236
SMIM14,12.706994,-9.9694
CRYZL1,16.556095,8.443795
POM121C,-2.865916,1.4858695
TLN2,4.2386527,-6.6523294
LRRC8D,16.923223,-1.7195551
CLEC4G,12.704902,-5.7807317
ENDOG,2.5913486,-5.582884
POMGNT2,10.208323,-2.1348286
BCKDHA,2.8338072,-4.3192616
CTNNA1,7.321181,7.840029
NTM,1.458116,-6.8169503
NR3C1,13.66157,-4.545691
CDH8,14.747524,-7.965041
POLR2M,6.1555967,-7.852027
PHTF2,13.317538,-0.51335937
GTF3C5,5.1687007,-2.0382326
FBXO17,-1.2710727,-9.158677
FBXL12,-3.4040077,2.500039
FMNL2,17.855463,-3.6072369
CTBS,6.1938972,-4.260871
ZNF622,15.282237,-4.308904
PEX3,-3.4772482,11.014858
TMEM267,10.877104,4.4036536
TPST2,4.248293,-6.6171327
TBC1D8,0.826115,-7.3421507
TWSG1,10.857499,4.3814855
PPP1R15B,9.383728,4.0308356
PIK3CD,-0.16784325,6.7959313
DYRK2,12.481117,6.94802
LILRA6,17.959486,6.655814
NUDT22,11.263861,-5.95444
RINT1,9.409355,-8.467053
FAM78A,3.9316645,-7.2841215
LARS,18.264292,0.14801157
BPNT1,-3.256129,1.0330634
ENTPD4,16.742588,-1.748477
P2RX1,-4.0940566,-4.1620755
AAED1,14.438495,2.444767
RBM47,3.3367755,-1.9761195
SAT2,-5.649353,-5.366035
UQCC1,9.043768,11.9457855
APLNR,3.8964558,-7.213346
PJA1,-0.13934293,-0.022526046
RNPEPL1,13.995807,13.943691
ELF4,0.68525374,1.1391801
DUS3L,19.467075,2.555929
TXNDC17,7.182707,7.5833716
PPP1R8,13.473891,1.8596787
CSPG4,9.942174,-2.6541781
DOCK9,9.98164,-10.118156
PNPLA7,-0.9864556,6.8840547
SLC31A1,19.588793,-2.5646996
ORC3,11.309939,-3.1549964
PCDHAC2,14.540035,-6.9995227
ZZZ3,21.406553,-5.127263
ANKRD28,5.3688064,-0.13967782
ERLEC1,5.831231,-8.347608
ARSJ,10.244129,-5.467704
NME5,8.887322,11.801051
MYL5,15.7872305,3.7368715
MRM3,8.927394,1.1056101
BRD1,-2.855886,1.5009509
PEMT,17.718065,6.259937
DCTN4,13.265004,1.5371692
KIRREL3,3.88286,0.89202213
CKS1B,-5.8014274,-1.3588848
PIM1,6.0128455,0.9209793
UBE2N,10.847468,10.17231
PQLC3,6.2796936,0.6053684
KLHL6,17.849264,6.873605
LRPPRC,13.4506,1.8466102
TTYH3,-3.6307108,3.9057462
FGF9,5.10936,4.6659822
PLIN5,6.0455832,-12.734089
C1D,10.875178,4.4125853
YLPM1,-3.0447288,-1.9745696
CACHD1,13.607841,7.2414126
INCENP,19.238745,7.261997
ACKR4,4.765183,4.5545883
PSRC1,5.311361,8.308857
UCHL3,14.9414,-3.9361167
PGM2L1,0.7195416,0.6086536
PLA2G4B,-2.8509898,-1.3214118
PRPF38A,12.956876,1.2917475
MPPED2,14.815877,-7.603376
WDR5,8.364428,1.2069483
BIRC2,0.75393885,-4.454381
CHN1,13.591606,-4.718975
GHR,1.6528537,4.861059
UNC45A,19.385302,-6.2588067
DPY19L3,19.34806,-6.3088517
NPAS4,10.08773,-1.946225
IKBKE,12.592845,-0.83446
TM6SF1,0.5476561,-2.8848956
NUDT12,7.3445005,0.03273239
ANXA2R,12.910059,2.7895043
MMS22L,10.4168825,-13.403695
MFSD7,15.785504,3.7297237
FAM65A,15.018754,14.023725
ACKR1,0.9333306,-3.1355453
PIP5K1A,-1.0448123,-5.0278006
CCDC180,19.615469,-2.5923414
NOC4L,10.321989,15.729672
HAUS3,7.634841,11.125616
ATP1B3,19.561768,-2.5603442
POLM,9.638013,0.040342018
NDN,5.6562085,5.228779
SRI,8.04394,6.207945
EMC8,10.321621,15.741641
TBC1D22B,7.2154117,0.3759661
CANX,13.022043,1.4355706
SCFD2,19.105894,2.904558
HDAC5,11.761359,6.067891
ITGA5,-0.1542822,-0.069562875
PCDHGC3,1.8573395,-8.6489
TRABD2B,-2.1757855,6.8686466
SLC4A4,-1.80603,6.706417
BBS1,-1.2161182,6.4473357
DFNB59,8.890089,11.8094
SARS2,2.5520957,3.3850021
SLC25A24,15.666976,1.1264516
AK1,19.70192,-5.978413
XPC,-3.138507,-1.9987568
YBX1,-1.9454927,4.4667487
CRK,8.953899,-2.1942685
MLYCD,22.630089,2.0525224
HIRA,19.333479,2.056563
CDH24,12.913803,2.7884505
EID2,-1.6527923,4.2469034
ERCC2,2.5677505,3.3727536
GPR155,-2.8114562,-7.4721904
PPDPF,11.339993,-3.1066196
SEPT2,10.955243,5.329526
VKORC1,2.0821934,7.375888
ADGRG2,3.106822,5.327767
PPME1,5.4157944,7.108908
ANAPC4,15.513602,-11.135407
SAMD14,23.389542,-2.2905939
SMIM20,-0.50455993,10.1876
CAMK2D,14.443153,2.450007
ANKS3,6.473147,11.559271
SARS,4.7728295,-12.433557
CHCHD2,1.2239014,5.3496256
CINP,0.89533806,3.7551558
ENOX1,-2.6843185,-7.328468
HOXB3,-1.1762562,6.769825
NAV3,3.047961,5.084735
CWC25,14.298896,2.271501
DENND6B,6.1095066,5.129792
GAB1,5.460486,3.010259
IFT140,-3.673344,9.636934
PAFAH1B2,6.2271233,-4.3267627
ALKBH4,9.866836,-8.466818
LIN52,2.554959,-4.4825273
SNAPC2,19.567318,-5.8501806
RABIF,4.5259104,-5.2384744
GPC3,4.6962333,1.5616016
ANAPC7,2.6626573,14.012278
LRRC49,11.307062,-3.1547391
KCNA5,22.119492,0.35418433
CHKB,6.472283,11.554032
EEPD1,-7.635378,-5.560287
VWF,0.568931,-2.6383984
MUSTN1,4.7177486,1.5895809
TRAM2,3.9223156,-7.246882
POLR1E,2.3391716,2.7366042
SEPT4,-1.0842723,0.21168967
CDK11B,-2.128769,-2.0583642
EFL1,8.503559,-0.030917527
PFDN2,11.438864,10.509777
URB1,3.964307,2.3381124
PCDHB12,9.287685,2.01722
BST2,-4.592665,6.655353
POLR2K,12.992617,3.5759652
SLC3A2,3.9697695,6.0259933
SPTLC1,13.799156,0.6616201
STK4,20.705616,4.6490936
SGMS1,13.47404,0.5625389
MAP7D1,9.943074,-2.651954
KLF4,5.70951,0.8152674
INTS8,5.0303497,-10.65262
SRRT,19.704824,2.6661992
RBM19,-4.2076054,3.2680178
ZNF317,19.491756,2.3124785
CD200,15.773101,3.7167614
ZNF561,2.600875,-4.2367277
HNRNPUL2,-3.1207988,-2.0221977
SSFA2,5.868234,-6.9753585
TAOK2,5.17793,-2.102046
ZNF746,19.463036,2.2926517
TMEM57,10.021416,-5.71312
APBA2,-4.149003,-4.1321635
FGD2,12.91239,-5.5805783
LGALS3,3.7686021,8.632621
PATJ,5.6241593,7.571215
ZNF280D,7.8576307,-1.8371696
SUPV3L1,9.398481,-8.445053
MT1E,0.48411575,-1.4572041
FMC1,6.0556774,-12.71919
EEF1E1,11.274964,10.3912325
SDHD,18.466267,-8.252721
GOSR1,16.508245,-4.310602
GFPT1,6.771426,-3.8240416
WDR81,1.8925512,10.665593
KIAA0907,7.5874906,11.14022
MGAT5,15.949611,-1.2549282
PRMT3,18.243877,0.14531113
POU2F2,15.910477,10.799104
SNHG10,16.329126,7.110881
DDX60,19.148546,5.0923634
HTRA2,-3.6943154,3.7623107
RWDD4,0.82411456,-7.340141
UBA3,11.37637,4.7959766
RRM2B,13.402039,1.0345191
STUM,5.349319,9.311334
TNC,7.4202356,11.940552
KLHL33,0.17998663,-8.943002
EMX2OS,-6.770122,2.6938038
FCGBP,2.8832166,-2.444754
PLGRKT,0.89725125,3.7564757
SLC44A2,0.6515767,6.9519863
SFXN3,13.396434,14.090478
SMPD3,4.2010894,-9.470578
ZBTB20,0.0039364733,4.207649
PIAS3,5.1055727,-1.6657337
CSGALNACT2,8.828678,-2.668783
SETDB1,-3.0510664,-1.9924198
SLC7A7,17.900295,6.7815795
UBOX5,-2.610108,-10.17436
TRPT1,11.420122,-6.191256
SLC25A27,7.6191044,11.128101
HAGLR,3.3446274,-8.020297
ATP10A,10.182146,-2.1402113
PPIL4,9.795481,-8.431506
STK19,14.044764,9.083821
TUSC2,8.912744,1.1172498
GPD2,3.5855546,-12.127775
MDFIC,6.43795,-8.046682
TEX264,6.2048507,5.027106
TMEM186,15.278662,-4.318784
ARMCX1,19.325047,2.0439517
UQCRB,2.177638,9.956873
CDAN1,-1.2220024,6.4081135
PSMD13,14.958904,-3.946516
SOCS5,17.94249,-3.5028143
MXD3,9.616804,0.015041892
AKT1S1,13.159718,10.968697
COX7A1,2.8750372,9.661021
SDF2L1,7.1542883,7.0999513
ASAH1,-0.10692263,-0.64569956
RPL14,0.21052293,11.65996
FMO2,-2.5507019,12.444848
HMBOX1,0.27344638,-0.11425061
PPP2R3B,7.396833,4.5195036
CMPK1,17.945976,-3.4974017
CASQ2,15.933699,10.821971
P3H4,12.979638,-0.9192505
ZDHHC11B,7.901769,-3.8937907
PKM,-5.1522584,-7.4479814
FZD2,20.65274,6.1489854
NONO,-2.0533106,-2.1388607
LRRC4B,-1.5519022,-8.915949
ZNF48,10.122336,12.978469
POLR2J3,13.0967655,2.5143032
CSF3,-1.3433487,-4.6510777
FRG1BP,9.296178,12.302537
UBE2A,11.519078,4.264211
GMPPA,8.363569,-10.841484
MIOS,17.99138,-0.27465713
DSCAML1,22.11804,0.35297763
DYRK1B,-0.51319605,6.847039
IRAK1,19.589754,-2.5811808
PLLP,-2.9981146,7.1393275
UBE2B,11.62754,3.9555142
COPB1,12.983857,1.4658582
MSRB1,11.525699,-6.350486
NAV2,-5.8088813,-1.3634529
ATP6V1G1,9.792519,4.2225275
STX11,-1.7473985,-4.368617
ZDHHC4,12.872968,1.9965549
PHKG1,10.0311985,1.9248978
YWHAE,9.795304,4.225318
CRLF3,0.75076926,-4.4524455
TMPO,15.630592,1.2063276
IKZF3,6.8192506,4.0763645
PRCC,19.440409,2.2507913
YDJC,12.969953,11.0524435
TMA16,18.274706,0.14844967
ANXA11,12.435282,6.9339323
FIZ1,11.906733,8.230855
ZNF30,7.065349,-5.7600174
TMOD1,14.241745,2.194322
ZNF605,16.809305,-9.017617
PILRB,13.546706,13.711305
IL18R1,-4.008854,5.273107
G6PC3,16.229,7.196726
TMEM237,12.710002,-9.973401
SLC25A19,14.64403,6.755042
AMIGO1,13.559187,13.964584
GNB3,12.673232,8.135542
MEA1,1.7105953,6.708172
TCEAL7,-0.104475945,-0.6401576
RAB5B,5.505374,3.0175166
LEMD3,13.715656,-1.2235383
ZNF43,14.541991,-2.994604
UTP14C,5.9476995,-7.7970266
ELOVL7,0.5646959,-2.4911857
SBNO1,-2.089996,4.34657
TSTD2,-2.7511213,-2.1264236
ZNF366,14.599131,-2.9774613
ZNF273,7.436048,4.505996
ENTPD3,-1.2170924,8.237
MORN5,8.114087,-3.7799602
EVC2,13.356568,11.0529
CYBA,17.92617,6.787363
LRCH4,15.205248,14.122408
CBX2,3.4046378,-7.9868207
SEL1L,14.133134,-0.4338569
ACO2,2.9197364,9.616236
RTF1,8.840317,-1.7455224
CREG1,17.121223,2.3907042
CHD9,11.631591,5.5396066
ULK2,11.774401,6.066425
ACAA1,21.406572,-5.1270137
NRG2,13.626262,-4.846652
GABPB2,-0.3910172,10.074745
CLK3,-5.7192607,-5.436571
TRIM13,11.833396,-9.036136
RPL6,1.7235068,3.6717384
GNG10,9.80202,4.224325
OPHN1,19.27868,2.7644434
NCOR2,7.4057827,-3.5239894
ZCCHC10,2.912706,11.508829
RHBDF1,2.40683,6.4958916
MTFR1L,2.892912,9.643978
FIGNL1,-3.4211018,2.5037055
ZNF121,13.597836,3.8011792
CASD1,10.816227,5.5143127
PSMB5,7.317301,2.9443262
PHKB,8.464673,0.23137136
PDSS2,5.491907,10.604266
CTU1,18.16612,9.723918
RLF,8.984982,-1.8502989
ALDH1A3,16.9621,2.499498
STMN3,5.367176,9.296944
HHAT,12.97524,11.048613
FIP1L1,-1.6110173,4.237815
TFG,9.78326,4.213829
RBM18,4.911325,-3.0875535
SH3GL1,19.64869,-2.6486542
RPS6KA5,-0.82169646,-6.743111
ALG8,17.37863,4.546675
NID2,-0.294536,0.0024828583
TNRC6C,8.915132,1.8940243
BDH1,10.905025,-1.1523397
LRIG2,14.5449915,-2.997814
TMEM131,5.87123,-6.9734225
THYN1,18.493433,-8.226548
BAG2,6.924941,-9.406624
IRS2,11.770752,-8.822234
IST1,16.34013,4.0741577
SORBS2,0.45748734,0.021425
SMC3,15.307954,-0.23405309
PYGB,10.24709,-1.2135857
CYB5R3,3.7684572,8.633626
PTCH1,13.346555,11.0523
PLVAP,0.5489764,-2.5598555
PARS2,20.59527,7.711614
HTRA1,4.891333,4.1940985
CNOT3,14.387978,6.9509363
PYROXD2,8.391,-6.2365603
NFIC,1.0970064,-6.587815
LRRC45,9.451063,-8.312678
GAS5,2.1812222,3.1490538
NFAT5,17.047739,-5.185607
SLC25A3,-1.9508334,4.462363
PTN,4.730263,0.89872783
STAG3,17.922514,5.212189
SAFB2,-5.7215056,-5.4389887
BET1L,4.771143,-12.434734
MEF2C,-3.0683515,2.5237594
TMEM104,7.8547263,-1.8308603
CDK8,6.276271,0.5732213
IFIH1,19.365404,5.276232
ALKBH3,15.543753,-11.176833
ZNF518B,20.73639,4.6584105
CFI,20.545166,6.2450037
HSPA8,10.579003,10.76088
KAT7,-3.715739,4.155285
DNAJA2,12.758559,1.8947314
GMEB2,7.5823226,1.3348774
ODC1,-0.23611377,9.894867
CTGF,0.73621714,-7.2890997
BSG,1.5628159,5.325616
SESTD1,15.595602,1.1747438
MAP2K5,-0.5207083,6.853512
GALNT12,1.7225344,-6.917595
SACM1L,13.719428,-1.2191602
RNMT,-2.0459821,-2.1486127
EDEM2,14.722008,-6.8947515
CCDC74A,9.281418,-7.8675275
DOCK10,0.3054689,1.2959747
UBR1,13.230819,3.218557
ATP2A3,-1.8015002,6.6954103
PRKAG2,13.002952,-8.649161
UEVLD,17.94939,-3.4926343
CHCHD3,18.426422,-8.291798
ABHD14B,8.919126,11.837419
MIER3,10.483518,5.3033905
RIC3,9.813736,-2.8577497
KAZALD1,4.5889263,4.5289507
PPHLN1,3.4485512,2.3503025
CCNG2,15.692828,0.94080245
BAK1,8.366728,-10.813132
NPDC1,-1.7479074,4.3001575
SUGT1,10.254889,10.997171
TET1,7.698668,1.1065973
SNHG16,7.254278,1.5348325
GNG12,6.533228,-4.224817
TADA2B,17.395794,2.4626734
PLEKHG3,14.691071,-2.314444
SSH1,6.903299,-0.63162816
BEND7,12.060047,1.0990492
RAB31,7.8670406,5.2424574
SLC23A3,5.037803,-10.661743
ERI1,2.9162087,11.521181
KIF7,11.606218,8.203788
MTMR9,2.9145403,11.519098
TUBB,0.12392835,-8.886772
FAM131A,9.939373,-2.6652246
PPM1M,12.966734,2.824138
SYNE1,14.617157,-7.7084975
LTBR,6.925914,0.5628024
DOCK8,15.691689,-2.5256255
ME2,4.6761827,-3.2384322
CLCN7,-2.461567,-1.8887239
STAT5B,7.753724,1.1472927
RNASEL,19.383158,1.5391586
ARF3,10.102406,2.1033413
ENTPD7,0.7858609,0.50967586
PHLDA1,7.047438,1.5699377
TNFSF13,13.657849,-4.5217085
TUBA1B,0.13040571,-8.917835
RPL39L,6.233058,5.512712
TACC2,14.1856,-8.172409
ICA1,3.5457711,-7.6466603
PPM1K,2.710364,-4.3155575
RNF144A,-1.926359,7.7496943
RCC2,8.068404,0.8313091
PITRM1,8.2864065,0.5993722
DDX60L,19.15026,5.09319
BAHD1,-2.5212753,-2.0654593
NR6A1,-4.1647143,-4.120888
CREBBP,19.23393,7.2688794
DHDDS,11.562294,-6.527364
UNC5C,1.717192,4.8549447
TMEM216,10.050234,-11.28454
PM20D2,13.596411,3.805648
KLHL22,-0.28046548,13.230142
SPTB,7.0806427,13.89531
SCARB1,-1.0899117,0.2135677
NFKBIA,0.95303327,-7.649132
ALS2CL,5.4059753,4.8323236
KCNK5,-2.6789439,7.059786
HOXB4,10.144547,12.996386
WDR70,-1.593735,4.2266088
FCGR2B,12.827508,-5.6583376
ODF2,12.944915,11.0496435
MEX3C,9.252828,3.4818969
FRMD3,7.894376,-8.17331
ZXDA,12.815854,-10.944384
DCLK2,10.513442,-1.4260446
PI4KB,2.3242316,-12.509514
FAM84B,14.589813,-2.9871712
PQLC2L,5.9815683,-12.120626
DPYSL3,2.4483366,6.452832
SPAG5,2.864676,-2.4405272
KDSR,9.186252,3.60785
LAMC1,6.6189117,-14.956066
CDK20,19.36873,-6.283256
CREB3L2,13.623274,-4.5390115
PDCD6IP,14.95661,-0.48770183
PRKD1,9.735238,2.0018682
ANAPC15,2.0720878,6.298677
PLEKHG2,2.396078,6.498299
HK3,12.639566,-5.843962
THY1,5.5094156,7.4409466
ITPA,8.087064,-10.588112
DGUOK,14.043891,9.083813
APOLD1,5.285902,0.5886342
NT5DC1,19.22071,1.2284625
DXO,8.871295,0.3059595
TFAP2E,10.253319,13.084205
KCNE4,11.669143,-8.696141
POLR1B,9.207012,-7.818549
JMJD7,13.980839,13.907703
KIAA1324L,14.71071,-2.5978997
NDUFB6,2.460163,10.182329
DAB2,0.65652597,1.0542475
TOPORS,15.56579,0.46810198
C5,2.7194912,-4.3270826
ALDH1A2,-4.1648927,-4.12278
MAN2A1,14.757265,-0.013359355
RAB34,16.645176,-2.5333567
PLEKHB2,6.99318,-1.1000614
MTR,12.950694,-0.93039596
EGFLAM,14.203609,-8.676487
KPNA2,19.566013,-2.5582762
SBF2,12.596994,-0.947998
BRAT1,2.3238888,-12.509372
RNF180,11.215691,-4.7082844
MSANTD3,-6.4277644,3.2511501
EXOSC3,17.99143,-0.28224373
ATOH8,0.9852825,-7.8053775
GGTA1P,1.5922064,4.8627787
MAN1B1,6.947245,-1.290578
TPBG,-2.6777039,-7.321267
ATP1B1,14.853672,-6.7927423
CYB561,5.232599,1.2468292
SETMAR,14.741892,-2.1931796
SRA1,0.11791265,-8.937009
RAB35,19.31945,2.033338
GANAB,6.048095,10.236332
ZNF417,16.019533,0.81267834
WDR34,14.009614,13.94125
NAB1,13.66576,-4.543844
ATXN7,13.213321,3.2421489
COLCA2,14.244186,-8.413462
ANKAR,8.186821,0.75515354
WWC1,-0.84036887,-3.3311152
DLAT,11.176707,-4.662819
CIC,10.303354,1.9436374
PWAR5,5.8561444,-6.956876
H2AFJ,6.262498,-12.505447
SLC37A2,2.4935553,-1.5762653
MCM2,10.416655,-13.40394
TMEM35B,20.544838,6.2458997
ACSF3,7.848002,-1.8680388
PCDHGA10,1.8701898,-8.635808
COL22A1,-4.1219234,-4.149816
SEC23B,7.1423907,7.1006904
PPP1R13L,17.595278,2.455559
HIGD2A,11.746474,-3.1553862
B4GALT3,20.49308,-1.0873659
XPO4,5.611227,-8.71635
HERC1,18.839863,11.638287
CLCF1,-0.22663563,2.341472
DHX16,13.028447,11.015278
COG6,-3.156574,1.1311679
RASL12,14.189113,-8.176628
GOLGA8B,12.851888,-13.29752
WWC3,9.769668,-1.0014827
KLHL18,19.319311,2.0355752
DNAJB12,8.919731,1.1148835
TSPAN4,13.17512,3.2941215
ERO1A,8.807358,-2.6575336
DTD2,13.436661,-4.272907
STX1B,15.580263,-11.217237
FBXO45,20.928135,4.473444
IL33,4.2173123,2.461012
PXDN,7.0367355,2.0355139
SEC14L1,0.5258213,-2.2818384
CDON,-3.7457917,-4.3694253
NRDC,9.032233,1.9085478
RHOBTB2,-7.6343822,-5.561885
TMEM53,11.584102,-6.317823
EPOR,12.920957,2.78101
FANCG,7.30958,-5.5272107
FCGR3A,12.647907,-5.8348694
CHGB,2.792128,0.47677878
CETN2,1.9516618,10.6046
PGBD4,4.565955,12.600419
WDR82,8.729556,4.1200323
DIDO1,6.459479,11.588197
SPECC1L,5.037991,-1.59448
FANCE,7.3104196,-5.52605
DNAJB2,19.30323,-5.343867
PXDC1,13.011213,-8.639334
CD86,12.852307,-5.6379914
ALOX5,6.8438716,4.1574326
CLSTN2,8.64789,6.5952973
MEGF6,3.5190604,4.834568
TMEM37,20.653164,6.147307
DAG1,7.4020433,-3.5729527
RPN2,7.1592984,7.2270274
WDR89,9.121323,-7.4047875
DAAM2,12.575281,6.8644896
ZFYVE21,12.169444,5.410644
STAG3L3,5.34082,-11.058284
CPT2,15.550755,-11.186873
MINDY2,8.666093,-5.3682113
BTBD1,10.62303,10.166641
SRSF2,9.414971,-8.40952
RIN1,11.221257,-4.710183
RPS6KB2,9.37068,7.3117275
SEC24A,6.509459,-4.203282
TAF2,3.3238702,2.3251047
SFI1,-0.99433494,6.8808346
SLC39A6,7.012901,-1.1940737
EPHB6,6.2694573,0.60822594
UGGT2,7.3549757,-5.4763026
INTS3,4.20379,-9.468763
GRK6,14.2236805,5.7264504
RBM10,8.446404,1.2465321
DOK1,14.885938,14.004337
SPRN,14.714328,6.7067194
CBFA2T3,3.5636146,-7.6399107
FAM107B,6.5888357,-4.249118
GUSB,20.544176,6.2485733
PPIP5K1,19.357977,-6.3097143
SHMT2,2.3675928,2.6484556
PDZRN4,10.323759,1.8844168
TPRG1L,14.351265,-6.7044506
HAUS2,13.774929,1.6316564
ZNF580,9.261766,7.6487017
DHX29,3.4507482,2.3532336
MMAB,4.3621106,6.5070386
PLEKHA5,14.7486515,-6.8818
RALA,4.9115314,-3.08903
CAPN1,19.488077,-5.8399906
GEMIN2,17.994762,-0.28968763
FEZ2,5.1691284,-2.0381327
PCDHB10,2.0074272,-8.501768
EMC9,16.667105,-2.5091126
FAM102B,1.1197882,-6.501833
MLH1,2.7925785,9.7488785
CCDC117,20.915455,4.473624
SIKE1,10.804018,5.577992
QSER1,6.6422043,-4.180644
PDZD2,0.64940786,6.9481916
PIK3C2B,11.808754,-9.039023
FOXO6,11.434153,-3.004029
MIEF2,7.899664,-3.8873038
LRFN4,9.200823,3.5820396
TLR4,-1.6000654,-0.9335944
TWF2,6.218422,5.0348024
GLIPR2,15.159358,0.08693045
COL4A3,-0.8409715,-3.3311856
ENOSF1,5.303612,-11.016155
RDH5,10.230921,-2.1408224
PLCB4,0.41781116,-0.005513001
GNA11,9.460313,-3.1785035
CENPE,-1.5320277,-8.931462
EFR3B,1.3609713,-6.759508
MYPN,-1.8003616,6.694789
FAM86EP,19.148525,2.932898
HIP1R,1.6889209,-6.8824177
ARHGEF17,-5.7210083,-1.2891736
CRLF1,5.9386277,-12.038497
NOTCH2,5.3697515,3.007552
RAB5C,5.9156375,10.391679
RPL12,7.25866,2.9882183
GPAT4,14.359578,6.969036
SH3TC1,12.087708,-6.268389
CCDC84,11.269709,-5.956555
MSL3,7.347087,4.975057
ZNF107,6.504437,-4.6053276
GSTM3,8.049891,6.57291
ELOVL1,16.364687,4.049097
ISLR2,14.204107,-8.673974
STAB1,12.640491,-5.8446813
WASF3,5.940474,-12.0501175
SGSH,6.7622356,7.8659067
SCART1,12.226341,-3.4872367
SSU72,10.385134,15.937144
SS18L1,22.444695,4.3589854
SELE,-1.262042,-4.756914
RALB,12.183709,-3.535652
ORC2,4.699708,-5.138832
PDSS1,11.466165,10.474508
NFATC2,13.629668,-4.512421
TMCC2,2.5368524,-4.4897304
XAF1,19.129349,5.0812826
CD9,14.850855,-6.79551
SDSL,5.365906,9.295291
TM7SF2,8.925677,11.842673
CPEB3,-2.838246,-7.5006523
CC2D1B,11.544346,-6.28043
BDH2,13.266027,4.508725
MTMR4,2.7297606,-4.337001
NCAPD2,-3.6360521,9.605611
ZNF81,16.581585,-4.2564745
ASB8,0.6910201,1.1424971
RNF219,6.7117715,-5.959846
PQLC2,8.114776,-10.619824
BICD2,11.18839,-4.676361
ZNF821,-1.2748619,-9.15567
RNF220,13.571795,13.942943
RHPN1,7.3585606,0.023035923
ALKBH2,17.981253,4.5445566
ZNF91,5.846466,-6.9421053
PCED1A,12.570569,-0.9805543
TST,2.9899921,-4.234492
TRPM6,0.5096636,-2.346803
GMPS,12.941886,1.4863245
GPRIN3,7.8672247,-8.141752
POLR2A,1.7184883,6.9317565
TMCC3,9.783053,-1.0160836
COMMD9,13.319654,3.206616
UBL7,-0.536069,6.8562055
CYP21A2,7.6623397,3.1585464
METTL16,13.4674425,1.8527918
PNKP,9.336237,0.1121344
CPED1,14.854414,-6.791199
SNHG6,2.164938,3.1441898
EAF1,13.811029,1.6339306
B3GALNT1,1.0918989,-6.547432
PLOD1,17.416151,6.027401
DLD,7.386779,9.519768
STK11IP,13.981288,13.887012
FAM214B,9.6465645,0.045231458
FRS2,13.787019,-1.3404497
MIER2,8.106601,-10.611785
FADS1,1.7837284,15.171329
RABEPK,2.1147156,7.845451
PARG,18.285002,-4.7215757
PPCS,17.91274,6.390463
ANKRD29,15.996328,10.883516
LRRC20,16.003176,10.888537
ARHGEF18,8.423355,1.1970698
DCHS2,-1.7707263,6.6712284
SRSF9,6.082537,10.208991
KCTD15,15.035085,6.5166316
EGLN3,-2.5827389,-7.2096925
TOX,14.887519,-6.7666287
NEGR1,14.773639,-6.86852
RNF149,9.68629,4.1367035
ST3GAL3,9.051179,-3.272129
KLHDC4,8.64414,-0.1550293
MEG3,3.832507,4.7560863
ASB1,-1.2177758,-1.7383589
KANSL3,4.618347,-5.1887364
PPP1R2,11.511803,4.284174
AARSD1,17.493906,6.111851
ZNF324B,15.272045,-4.311543
SLC17A5,6.2191167,-7.21856
PALB2,7.7032084,1.8165702
ZNF24,14.883286,0.45341423
ASL,3.8659687,5.8473825
ZNF101,8.134508,-12.876184
UBE2D2,1.1847508,5.313445
ZNRF3,-5.385764,7.709536
TMEM265,10.250887,13.082331
PITPNA,14.303709,2.0984647
SMYD3,14.846502,-8.04346
ZFYVE26,16.011711,0.813774
BLOC1S6,6.3545036,-4.27443
TMEM56,11.221582,-4.7086873
IL17RC,9.61357,0.016982328
STK26,6.9273643,-9.417923
TMEM68,5.722454,-8.569472
RHNO1,15.975931,10.865655
RWDD2B,-1.7316312,-6.1012535
MAX,0.92194873,-6.6305513
BGLAP,5.148213,-10.8148155
FAM189B,10.155312,13.003191
LYRM2,13.370771,1.8011154
HNRNPD,10.586349,9.81561
PCK2,11.564116,-6.3034983
MDM1,8.893423,1.8645887
TGS1,9.230754,-7.833069
MPND,11.419211,-2.9767861
PEG3,5.49151,10.607102
HSPB6,-4.128025,-4.135386
PTP4A3,10.314735,1.971075
NXPH3,-0.30179694,0.0016948173
ALAD,7.718175,5.1191263
CASK,9.844492,-6.274558
DDX41,8.33267,-10.809095
MLXIPL,5.9550896,-12.060376
TTC37,17.05501,-5.1821604
SOCS2,6.841506,1.463481
SLC5A7,4.014104,0.91792995
MGARP,-4.162905,-4.124475
UNC93B1,2.9196525,-2.47492
CPEB2,10.913323,-1.1512581
MAST3,5.4695897,4.85428
MSL2,4.6200895,12.780529
SEC62,11.29829,4.663568
PALD1,23.389395,-2.2901356
PHF8,-2.5344424,-2.0743268
ENGASE,14.320115,13.977728
PALM,-3.810352,-4.348054
HIBADH,11.271697,-4.766194
RABL2A,0.972967,-4.683546
LUC7L2,12.836585,-0.93176013
ZFHX2,4.2064996,-9.464815
PPM1L,14.747573,-6.8946443
LMOD1,-1.2057211,11.292745
KCNK6,15.810952,3.7546291
PHF10,4.8894296,-3.1135206
ZNF441,14.550428,-2.9787478
TMEM120A,3.868098,5.849268
MILR1,3.3225963,-1.9128118
DMXL2,19.476433,2.2996762
ZNF45,16.54993,-4.3432465
SLC35G2,17.049824,2.4358463
F2R,-6.223857,3.0336137
IL11RA,7.297265,1.5347834
ALDH1B1,1.629102,5.3720713
TCTN3,17.375856,4.5428743
EEF2K,4.2638454,-6.6182294
SMIM15,6.477195,-4.307777
PMPCB,1.9739723,3.2762933
OTUD5,9.292404,7.5589643
REG1A,21.16269,-7.1354504
OSBPL10,8.052936,-7.9795547
SIRPA,0.8714162,0.16422549
TBC1D10A,0.974852,-7.7695107
SEPT10,13.748606,-0.8081639
CLMN,11.813027,-6.3606157
PIK3C3,8.4536705,-12.397204
MIGA2,-2.8644462,-1.405059
EPS15L1,14.940225,6.575982
MTG2,18.587646,3.6997643
MECR,17.972542,5.011151
COL6A1,2.4515991,6.1291986
BNIP3L,15.535077,0.4410928
RRNAD1,-2.8585367,-1.3279692
ACAT2,1.7851639,15.170972
KCTD3,14.609487,-0.2746223
CAMK4,-1.5565248,7.9639297
EXOC3,4.598604,-5.203591
SLX4IP,-2.8433518,1.4367771
RASD1,-1.9547594,-4.189593
RAB14,6.79021,-3.9603248
RHOG,19.78249,2.6483924
EFHC1,0.13224126,-8.902786
CTTN,11.323899,-6.0494165
RGN,14.865983,-8.127184
NCOA7,8.668167,-5.3694024
INTS13,10.627531,10.193224
CPSF7,13.335474,10.874542
PIGP,12.171038,5.4111514
PEA15,10.251678,-5.4504952
WDHD1,-3.2431598,-1.758686
LIX1L,-0.10218887,-0.64167094
RFTN1,-6.427364,3.2532635
FAM114A1,-6.4257145,3.2493265
ZKSCAN5,16.58526,-4.2551494
TAF9,-1.6567447,4.250627
UBE2J2,4.416928,6.5674195
POLR3F,13.285195,1.7939705
CAMK1,19.706253,-5.976588
LNX1,6.167902,-12.5441065
ACOT9,14.764614,-0.40357533
RPGRIP1L,13.355497,1.7817816
WNK1,17.007414,-5.2178245
FAM111A,19.035343,4.9969316
NAALAD2,4.8174405,4.1177
EPAS1,0.5329388,-2.5108306
MAT2A,-0.22189167,2.3506885
NFKB2,-0.2563141,2.3526225
BCAR1,-0.23262769,2.37062
KNTC1,-7.6349764,-5.5604615
RAB30,0.8510056,-7.36734
MACF1,-5.380784,7.712819
ERGIC3,0.2123461,11.660878
CNTFR,3.5285459,4.8200994
SNX14,-4.224837,3.2557232
JADE2,13.318883,10.7725
C1QTNF6,4.20397,-9.471031
NOL3,12.842977,-13.306151
ETFRF1,11.279309,-4.7775655
INTS14,17.97045,-0.22741076
GMPPB,8.367316,-10.817362
ISY1,-3.6962903,3.759432
APEX2,6.424541,2.5168147
RGCC,8.141696,7.14759
BCL7B,14.316943,5.557015
OBSL1,9.638849,12.666938
SRPK2,8.08871,-10.5953245
SNAPIN,1.7456516,6.6745815
CCDC112,7.0198402,0.5607581
ICAM1,-1.792955,-4.2882814
ZMPSTE24,6.003623,-7.7653646
LGI2,8.100943,-7.9658847
KIF19,0.96400595,-3.1768036
PSEN2,7.4443865,-3.6355615
TAF4B,3.7963314,2.3404853
SLC7A6OS,-3.4179192,-2.1495774
IAH1,1.2004807,5.3004875
ANP32E,11.614877,3.8519316
KRT10,-7.7738576,1.965716
HSPA12B,3.6250687,-7.588374
VCL,9.975548,-1.2337145
MRPL2,1.7833672,6.2584286
ROCK2,16.206274,-1.4903965
PLBD2,-0.84473723,-10.883462
H2AFY,7.725867,5.1120496
FAM65C,-2.5407867,12.445108
ADH5,11.763875,-9.352204
PLEKHA7,-1.0821857,0.21051414
SLC16A12,8.1421175,7.1424475
EMB,12.691272,-5.7909503
CSNK2A1,12.985781,1.3471454
EMC4,2.0155015,7.64925
NSMCE1,1.9010544,6.803832
CCDC34,7.8559732,5.2123694
ID1,3.2912776,-8.385603
FAM124B,3.3844764,-7.9948435
RTN1,2.1507928,0.5155719
DST,-5.3726425,7.6560764
HHLA3,14.434529,2.4379804
PRDM5,3.436198,0.0843133
COL1A1,4.936052,4.639303
MBOAT2,-1.9707989,7.0285707
TPM2,2.1598547,6.2980695
CTH,0.9549776,-7.1647983
LIN7B,8.1377535,-3.7580733
SLC9A9,5.407551,8.208409
FAM110D,0.9397964,-3.144902
RBM8A,15.177158,-4.2121353
DDX58,19.36029,5.272909
GFOD2,10.069,-11.301999
ZNF12,10.564352,5.3483295
FAM234B,6.7738023,6.709357
ZCCHC18,2.4293482,6.122985
TYMP,17.96317,6.6068945
PRSS36,12.912985,-5.586937
CDC42BPA,10.73917,-1.3473127
SERPINH1,7.1636267,7.125026
NARS2,5.36848,-11.091584
CCDC86,6.445981,1.9842863
PLD2,11.98663,-8.740794
TGFBR1,-1.0629536,-5.0033793
COMMD5,19.691172,2.633843
GPR37,10.39732,-1.2150335
WDR75,8.482389,-6.034777
GABARAPL1,0.86656094,-7.4246883
ANGPT2,0.6271548,1.0813102
CDK3,0.35352647,-10.106469
SEMA5A,-6.34496,2.9996126
RPL3,0.21426119,11.6581955
BCAS2,12.991438,3.5754793
SLC19A2,0.72539365,-1.239523
CNTN3,14.672079,-2.7584126
DARS,12.974837,3.5907812
GLI1,17.026505,3.6501913
CEL,21.163988,-7.1362033
SFSWAP,8.883412,0.30675966
UCKL1,9.649964,12.6777935
DCTN1,11.777542,8.224785
ITGA4,0.3080227,1.2965494
PDE1C,14.553126,-7.008973
FTCD,12.843988,-13.304884
RHBDD2,11.36603,-6.115795
SNX21,20.838243,4.5577846
KRT4,-7.747363,1.3611187
KANTR,19.558987,-2.5325258
MSI2,12.452977,5.808489
ACSS2,13.338536,10.776017
LYAR,17.38623,4.550692
AES,11.439352,-3.0054805
SDF4,9.31125,7.583253
FAM175A,15.621012,1.1957873
BOD1,10.649758,9.944878
TDRD10,-1.7305828,4.2867937
NOL4L,14.909335,14.010146
EXOSC1,19.386917,2.1309156
LMBRD1,4.7055883,1.2288417
ANPEP,5.939554,-12.04298
ADAM19,13.069458,9.43511
PRKCDBP,12.122342,6.8774085
TLE4,14.689569,-2.6856525
EIF4E2,-3.696364,3.7612557
COMMD10,11.373961,4.8024054
CCL11,-0.8110505,-3.3603632
ZNF275,2.5447655,-4.4857955
RPL18,0.20871069,11.663433
G6PD,7.6346617,3.4705575
FAHD2A,12.165754,-3.581847
MAP1S,9.309892,7.5546393
ANK1,23.390387,-2.29003
KIAA1161,-4.149397,-4.128518
ZNF830,-4.361276,-0.30009398
IFI27,19.22454,5.1464477
JOSD1,0.7201743,-1.243041
DOC2GP,12.8437395,-13.305502
MS4A7,12.898069,-5.5958266
CENPQ,10.793138,7.412768
MTMR3,5.3228564,3.0344014
SLN,7.0496645,14.156121
EPC2,15.557761,0.44494736
RASSF7,-0.18778501,6.801653
FAM92A,0.8165845,-4.510675
RUNDC3B,7.770025,-8.053147
SLC35E2,17.915737,5.279393
TMEM258,0.34773803,4.5238857
SLC25A17,14.441175,-6.833967
MAPRE3,9.278226,12.27553
TRMT5,17.393415,4.5479455
TPM4,-1.7505591,-4.292981
SDHAF1,9.23623,7.6824675
TIMM17A,0.13722107,-8.900331
COL4A2,1.6314999,5.3779597
IGSF10,2.0353339,4.867145
DACT1,-1.2512109,-4.774925
LRRC6,7.9206557,5.148053
NEK9,17.363968,2.4639115
CCDC68,0.5272668,-2.8983176
DHX35,9.81332,-2.8568504
FANCM,10.416807,-13.403715
ARHGEF28,13.348414,11.052931
COA7,9.211687,-7.817773
THSD4,11.829917,6.974794
DNA2,-7.791139,1.9570087
PLXNA2,3.2795503,-13.861726
OSBPL5,-3.0643418,2.5167313
NAB2,2.5076878,-5.299609
THEMIS2,17.921577,6.4915376
ADSS,10.908796,-1.1524742
THADA,10.575456,-2.3989894
RTN2,17.183214,0.82465786
TK2,4.157993,2.4395437
AIFM1,18.42846,-8.289831
GSTM2,4.0692773,-9.593683
PDGFD,4.7160625,1.6295142
LITAF,6.135236,1.0023936
KHNYN,-2.2594054,-1.8615748
GBA,2.412246,-1.4861839
CNOT6,17.944033,-3.500496
MPZL2,0.62167406,1.09184
IGF1R,11.849226,6.9700303
MPC1,1.9076849,10.651569
ZNF211,8.122301,-4.539208
DGKD,7.0123577,0.59927166
LSR,3.4378552,-7.9632406
SBDS,14.287426,2.1980605
XPO7,13.60473,13.751845
ANXA4,-0.104368575,-0.6377416
ISG15,19.188671,5.1114726
CD74,-4.5947084,6.6574974
GAL3ST3,7.6409264,-3.7877529
RFLNA,3.8579187,0.8972827
CLN3,13.844584,-1.4769723
FUNDC2,1.1952926,5.2888455
ADAM22,4.697067,1.3496636
SFMBT1,20.57935,4.5545297
COLEC12,11.730075,-9.411984
DPYSL2,-5.71512,1.0973275
IP6K2,17.579906,6.186391
NAIF1,20.596916,7.7123637
CYTH3,12.278531,6.9313316
MAPT,14.855107,-8.2573185
CMC2,18.398848,-8.313708
C7,6.6688004,-14.909519
TMEM143,7.9975905,6.479113
SPAG16,11.278555,-4.778446
TMTC2,8.076316,-7.9744177
OLFM1,0.65107447,6.9544835
PDHX,4.6980605,-3.2214472
TMEM71,11.88384,6.94289
TRIM65,7.0933423,-5.729638
ATOX1,2.0514028,7.361928
MTX1,20.169659,-1.6720648
IL18BP,10.016225,1.9390212
SLC7A6,15.066511,-7.718731
BSN,2.1618712,0.5175769
MIEF1,7.7242007,1.8360186
EMG1,19.564802,-2.5435183
ZNF888,8.115078,-12.89737
EXOC3L4,18.985384,4.974384
FAM98B,11.175553,-4.664819
FDX1,10.627129,10.169434
CEBPG,10.573659,9.787506
MCM3,10.087286,-11.338668
LYN,0.31982017,1.1785297
B2M,-4.593998,6.65586
LINGO1,3.5235312,4.8289504
CES2,1.1175185,-6.4303803
PRORSD1P,17.886343,6.352199
BAIAP2L2,-0.99649304,6.8833714
HMGCLL1,4.821564,4.1258183
FAM153B,5.564051,7.4677153
CHAF1B,9.058169,1.9194739
PTX3,0.594703,0.031507093
TTC19,8.82425,-2.682838
ACSL5,0.65758675,1.103102
PI4K2B,9.244578,3.4868631
UBB,10.274357,8.839971
DPCD,2.0816228,7.8070555
KMT2A,16.99809,-5.1802115
PAPSS2,7.404818,4.085786
ALDH5A1,16.006308,10.891574
URGCP,17.121883,2.3888693
CLDN12,9.470902,-6.6680517
WNT11,-1.5620373,-10.5548525
PLCD4,-1.2245992,11.313886
SLC24A4,0.6403667,6.935392
FAM219B,-1.2170062,-1.7379248
KIF5A,2.7888126,0.476222
ATG101,14.313742,5.565071
ACKR2,-1.9619344,-4.187971
PRR14L,13.565918,13.7300825
THUMPD2,8.827998,-2.668678
TBC1D9,13.62229,-4.5453196
SOCS7,-2.9029033,-1.6828971
STBD1,13.117421,4.47225
RITA1,5.3845983,-0.16747892
TMEM243,16.999931,2.4750957
NT5DC2,0.44078127,0.02323161
EIF3B,19.448605,2.2301722
MTMR1,16.724548,-1.7364991
ADGRL1,9.304296,12.296811
RBM45,4.664795,12.391539
RTN4,9.799602,4.224245
KLHL20,13.265655,0.686217
PPFIA1,15.1482725,0.06055891
TCAF1,-0.002112618,4.2003493
MAST1,2.8243723,0.4630084
RSPH3,11.20133,-4.6883154
GLRX3,14.849027,-3.7943623
OGFR,8.838711,0.31723726
PLEKHG4,4.8832116,-3.1131802
CHODL,2.1507542,0.51616305
SMIM10,7.670135,5.1062064
TMEM206,0.75086576,-4.452962
MNT,-3.0576808,2.4939482
DNAJC8,10.57665,9.8070345
HSD17B1,5.0356727,-10.66015
EDEM3,8.674615,-5.4886456
SNX18,15.684057,1.1716558
CTC1,13.332905,10.884175
PHACTR2,-5.4212294,7.7173605
PTER,-3.3844733,2.4856298
SLC16A5,13.258701,4.5030837
IL1RL1,-4.0090775,5.2743816
UFC1,2.0197499,7.6509175
PDHB,18.423567,-8.295195
LENG9,9.539692,2.2043936
NPR1,7.456233,3.99865
SPAST,6.453763,-8.0657625
GSK3B,14.166214,-0.4192679
AHDC1,2.5073574,-5.2978845
ZNF76,2.4241679,6.148216
RNF10,-1.9648021,4.4038587
KRBA1,9.45055,-3.185233
TMCC1,20.674135,4.6669283
ITGA9,12.234768,6.9102635
NRXN3,15.689568,-2.5270488
NUBPL,10.565447,-1.3340045
AAGAB,14.458489,1.9887645
TWIST2,8.1094,-4.5491204
EVI2A,2.751439,-2.0114338
BHLHE22,4.824722,4.129275
TUFM,10.982595,-10.760172
CTSA,10.326208,2.0105731
NPTX1,5.9371166,-12.038453
SNRPG,11.458067,10.499898
IFNGR2,0.4610651,0.98167783
TAB3,5.8697433,-6.997017
FAM114A2,18.279037,0.15082489
ZNF500,9.708958,0.02220294
HAND2,8.079937,-4.5233006
NFE2L2,6.956521,1.4848171
DNAJA4,10.639093,10.667907
GCNT1,3.3450258,-1.5684582
PPP2R3A,14.574891,-7.047989
TMEM109,17.417587,-10.3289175
ANKRD39,0.3390373,0.08584213
FBXL16,2.9357777,0.37107238
CADPS,-1.2243056,8.232213
FANCD2,15.08029,-7.6699605
FASTK,14.071712,0.4465044
ARHGEF10L,7.7995577,-3.7976134
PLEKHA6,11.902307,6.9258285
QRICH2,0.8440982,-4.535658
ZSCAN30,14.829003,8.272718
SLC39A8,0.44441003,1.1394123
MGAT4A,0.52315706,-2.299936
KRT19,-7.747287,1.36057
SCAF4,7.891654,1.1162201
ZNF268,10.7569685,4.284964
BMPR1B,15.698093,3.6178017
IFT43,2.4121025,6.493751
FBXO36,5.082794,-10.722914
ATPAF2,19.7883,-5.999663
SRSF8,2.5133572,-4.5240417
ZNF35,17.85916,0.14681415
POLR2E,16.632301,-2.539872
ZNF554,15.546601,-11.1799555
KHSRP,-2.215364,-1.8800545
ABCA7,7.4777007,-5.364891
TCAIM,5.331787,3.0354297
UPK3BL,13.062835,2.5542443
RNF123,18.838722,11.63947
BHMT,5.0061326,-1.5547634
KIF26A,3.818946,-7.3743052
GPR68,13.4053545,11.085064
MRPL42,6.0963726,-4.477679
DLC1,15.939007,-1.2395569
TBC1D16,-5.7176127,-1.2854841
MLXIP,7.270656,0.44545567
TMEM79,9.81744,-8.444971
CDKL5,14.9453745,-6.7034397
COPZ1,6.9348116,7.459675
LRR1,10.598436,9.81901
AMMECR1,-6.6509,2.8022945
ERLIN1,0.6388912,1.0772946
IMMT,18.415712,-8.302077
DYM,6.9711804,-9.375262
SLC37A4,14.817902,13.998405
KPTN,5.15461,-10.822853
SLC25A30,14.248979,5.770272
POSTN,11.806532,-6.365052
PTPN3,14.727277,-2.3086915
ETFBKMT,-1.7312412,-6.102479
NME6,6.689006,1.4609149
UBE2E1,11.631625,3.870582
ZNF653,14.2294235,5.7046766
KCNJ12,13.642586,7.204426
RCOR1,13.334844,3.2169976
SHF,9.386328,12.386584
NDUFS2,0.11106544,-8.934733
ACACB,8.353584,-3.7278588
CCDC25,9.608702,4.0652776
XPO6,18.92661,3.1776133
FAM69A,10.882515,-1.1434618
VPS33B,6.429333,2.5178823
FEM1B,10.967649,5.321575
NDNF,-1.8059918,6.7135363
ANKRD13B,-1.0145998,0.17035675
DOCK7,-5.3679805,7.647415
CALB2,6.3024645,3.9262774
SUDS3,20.646088,4.6986427
TRIM21,3.3468862,-13.791541
TTC9C,6.818871,-5.9536176
HAUS6,13.84176,1.6384639
MED17,21.157349,4.2583475
TPD52,10.90358,-1.2039349
LIG3,8.90041,-3.413555
LMBR1L,8.656314,-0.19814768
NPEPPS,20.632994,4.6644034
IPO11,0.7156297,0.5939575
CYP2R1,11.557907,-6.6045322
CUL4B,15.776606,0.726094
PRR5,10.715563,-1.3557736
PPARA,18.857534,11.620947
AP1B1,10.475067,16.217768
N4BP2L2,12.960959,-0.9225825
AP5M1,4.635182,-3.263724
DCTN2,7.4252486,11.942417
ZNF638,20.362228,4.734323
CPNE8,9.779243,-8.444104
CLIC5,7.7286654,-7.9775543
MOCS1,5.9414883,-12.047831
DCUN1D4,13.34229,3.2179255
MRPL55,-1.2425059,6.384545
PCGF2,14.8865795,14.0017
FMNL1,3.375615,-1.5350375
RSU1,6.8049793,-9.533668
NDUFA5,12.173653,5.379269
DNAJC10,-0.6220198,7.0666823
METTL6,-3.247784,1.0417188
MCU,3.99204,6.06403
ATP8A1,8.637953,6.5936465
TMEM88,0.86107206,-3.0437355
COX10,2.8669775,9.67084
PRDM8,5.5283914,8.072179
NDRG2,0.6167105,8.007041
LILRB1,17.926123,6.7785873
ACCS,10.591117,9.804374
EXOC2,14.648851,-2.8393106
SMOX,8.91776,1.8757342
VTI1B,11.7530985,8.221381
MSX1,0.9527254,-3.163543
RGAG4,-1.1777753,6.8030763
EFCAB11,7.6717367,5.0944905
ABRACL,6.56694,7.8006635
KIAA1755,-3.8406296,-4.3329754
SHQ1,18.273197,0.1499369
ATP5I,2.1846492,9.875404
NFU1,2.4902847,9.98063
CRISPLD1,4.7473736,0.9022145
TMEM251,-0.34432712,10.024537
STK40,-1.44893,-1.7816334
BLOC1S3,5.1754336,-2.0833101
ZBTB38,14.971985,0.5188228
CHST1,3.442166,-7.9460573
MMGT1,1.9256494,3.2842054
VWA5A,6.508817,3.987239
ISG20L2,18.710867,3.4873517
GALK1,8.363398,-10.839418
MED29,1.115286,-6.419123
PLS3,16.341616,7.1038046
PPIH,11.478763,10.476836
ZNF181,6.7562056,-6.037922
IGF1,0.7789597,0.14172243
CYBB,3.3342988,-1.967576
HNRNPM,6.880865,-0.7411737
NGFR,-3.6314387,3.9588263
ARPC5,7.32614,7.8557177
SSX2IP,12.911625,2.7878232
CLIC4,11.613583,3.850746
KLHL11,9.274266,12.282077
FAT4,-5.4191985,7.7176156
ACADS,22.628689,2.0520396
SLF2,5.4639373,10.630719
ZNF260,10.796005,5.619687
MCF2L,8.127192,7.100399
FBXO5,12.172323,-3.534585
ABHD13,10.775283,5.5071535
AKAP8L,9.213197,7.6999965
ISM1,7.48773,3.9592726
RINL,4.838238,4.0708437
B3GALT6,10.074323,-11.30858
RRM1,14.308334,5.173195
LGALS8,9.685206,1.9979029
CACNB3,-0.8729826,6.374825
DAD1,6.9503064,7.477993
LRIG1,-1.2256225,11.314769
U2AF1L4,8.685207,-0.2165731
NOSTRIN,3.5500126,-7.637574
HNRNPK,8.695357,4.0920997
H2AFZ,8.84788,4.136573
TCTA,0.9031137,3.765785
KIAA1551,5.007171,-0.09542595
MYLIP,22.119978,0.35362285
DLL1,3.2710662,-8.447437
TMSB4X,11.525538,-2.9396203
RSPO3,15.628104,3.532936
GNPTG,2.3817914,4.892767
RNF111,13.264804,0.6867196
METTL12,3.985814,6.0509048
KCNB2,14.858902,-6.7874665
TANC1,15.3361025,-0.26045978
SNAPC3,4.940961,-3.0621464
HMGXB4,8.9497795,-2.0611947
STOX2,-2.9864728,7.142097
BCOR,-0.2043007,2.4094348
PTGES,3.3581603,-1.5537465
CYB5R2,6.60337,7.813463
SIPA1L1,13.170893,4.4743037
DYNC1I1,14.746313,-2.2116482
LRIF1,6.7145514,-5.958724
KLHL25,-1.4278165,-1.7768234
AOAH,3.278084,-1.6736598
THSD1,-1.6177477,-0.9183475
RELL1,-0.28040037,13.230599
ANXA5,4.794088,4.70186
ARF5,10.476527,16.222467
CIPC,10.079694,-1.8281451
EPHB4,-1.6185585,-0.9167713
ATF6B,19.28287,-5.312163
PGBD2,6.8525147,-5.9455223
TMEM218,-1.7301601,-6.100188
RAB11A,10.957234,5.3310704
EBP,11.613352,5.5392814
MOB2,8.777131,-6.1750183
TRBC2,17.706806,7.34255
MIEN1,0.15743162,4.375888
ADAMTS9,17.508282,0.47321388
DHRS4L2,1.6875374,6.706478
ZNF777,4.4298215,6.587034
BLVRA,7.420495,11.948193
ZNF490,4.623182,12.355939
CTSF,-0.593976,6.8584094
UBA52,0.20273407,11.663899
AFAP1L1,0.53591555,-2.5229075
UBAP1L,10.238932,13.070336
MED9,1.5860198,-6.865337
MLLT6,7.9947777,1.1253462
PRKAB2,6.962418,-9.383104
COG1,11.601377,14.074092
SLC19A1,14.737882,-2.2801807
TECTA,15.544639,-11.177788
SPATA6,3.116841,5.2729573
KIAA1211L,3.2132797,-8.309198
FOXC1,13.604259,7.2606864
NRN1,-6.5122304,2.9228394
GTF3C6,14.918266,-3.9077725
ZNF574,15.057971,6.5004115
LPGAT1,14.627158,-0.27348965
PPP1R3G,8.054917,6.56566
CALY,2.5497177,0.6053395
CASC3,11.756604,8.222393
RNF185,-2.2427258,4.332504
TNFRSF8,-1.8080862,6.7551103
SUSD1,5.2121086,1.251087
ETFB,11.933576,-3.3247442
LEMD2,8.661564,0.35543448
TOM1L2,9.084295,-3.2698245
TSG101,2.6667473,3.2962255
TUBB2B,7.4182253,11.931281
PTPRD,14.696557,-2.6490233
ZNF37BP,11.764907,6.0711355
PRKCA,-2.5981886,-7.2275367
PCDH17,-1.8898588,7.849511
TMEM200B,12.336244,6.9110208
RBM14,16.321827,7.1259995
RAB12,11.172495,4.8595495
ZNF137P,18.17605,6.156316
MCTS1,14.696974,-3.6038666
CD69,-4.008409,5.272733
ATAD3B,8.552897,-0.010255616
TIMM21,18.399364,-8.313493
NLRC5,-4.591598,6.652807
MAP2K7,13.453809,11.144591
HIST1H2BK,5.1138687,-10.767518
MRPL35,6.886054,-9.457835
TRIM52,4.328116,12.11565
CD84,6.948775,4.1666794
BCL6B,3.2565424,-8.397762
KIT,-1.825328,6.666462
SPCS3,6.1068134,-4.4424033
PRPF38B,4.8311973,-4.98878
WHRN,9.941591,-2.6495578
CRIPAK,5.08772,-1.6431224
SFMBT2,7.3523808,1.4045525
PHF19,9.632119,12.663985
PLEKHM3,0.6167508,8.009217
YPEL4,0.6168527,8.007522
DCST2,12.934623,2.7883925
TELO2,9.650383,0.03386951
LAIR1,2.914208,-2.434845
LDB2,-1.596923,-0.9345101
INTS9,6.7669783,6.7047024
YPEL2,6.4215956,2.504836
TMEM100,-1.3142598,3.0838463
CCNF,10.495813,-2.351216
TIAM1,-7.063225,2.476815
NOL6,16.407503,7.004929
TNFRSF19,14.705593,-2.5718994
TIPRL,12.979132,3.5777667
PLN,15.670671,-2.5135038
REV3L,16.886059,-5.247029
FAM53A,1.0088458,-6.694101
KANSL1L,15.576656,0.47077644
DEF6,6.817435,4.1553545
PDGFA,23.38184,-2.276465
DHX9,6.921052,-0.6965615
WIPF1,17.841795,-3.620637
EIF1,11.54767,3.7480352
COMTD1,9.231307,7.68722
HOXD8,3.3427873,-8.028473
MGST2,-0.08084682,-0.5636551
TTC1,11.555265,10.499049
CYTOR,6.4519377,8.046566
DPYD,0.74495655,0.5129782
NCALD,14.586682,-7.711694
PGR,14.827037,-7.601721
CRISPLD2,6.0810275,10.208597
COL5A3,-2.9716947,7.1252427
PRMT6,4.5714083,12.60856
ICAM2,0.89927053,-3.0915942
CNOT11,8.190835,-12.828841
RGS14,-6.0012436,-1.5178531
WDR77,18.93055,3.1850061
MLH3,7.7068725,1.8093637
CCDC58,17.972145,4.9904256
SLITRK2,-0.9232011,-3.228895
CLK2,5.170405,-2.073632
MSH3,16.338453,7.1041327
SLC2A12,8.093148,-4.5119224
KIAA0232,16.840376,-5.4731097
ZSWIM6,13.227201,3.2345715
SURF6,18.677889,3.552005
GPAM,4.294413,-6.568351
HMGB2,11.310347,-3.158545
TRIB1,5.6220574,0.7526697
RBL1,-3.2527854,1.0365863
ZFX,15.245959,0.04973517
ZNF385A,6.4457107,8.060604
RHOU,0.9519773,-6.6132827
AP1M1,13.011199,11.02847
SH3BGRL2,3.5278668,-7.6527133
P2RY14,10.279357,1.8840791
ZNF507,13.493399,-1.0067303
FGF12,14.781364,-7.80517
MICAL1,3.5681067,-7.61187
MC1R,11.165076,-4.6575565
FAM98A,-2.5788798,-7.208111
IGHM,17.68745,7.3683906
CTXN1,7.7497363,-3.7492535
ZNF341,13.972905,13.907007
KCNT2,14.634986,-2.8875892
TIGD6,20.602945,7.7139688
TAF7,10.273921,10.9769
ZC3H12B,10.587511,-2.3941393
ACAT1,18.43732,-8.278801
SF3B1,4.723609,-5.121641
GBF1,8.887669,-3.423628
ZFAND3,17.419516,2.4691162
EHMT1,-2.283932,-1.9193922
BLOC1S2,6.81238,-3.9821646
TMEM132B,-0.89705294,-3.264245
GOLGA3,13.355936,14.098727
FAM219A,7.3161783,0.13213174
DOLK,8.189473,-10.692496
PPP1R35,8.77748,0.26713648
NCOR1,16.808111,-5.504463
UBXN8,10.468835,-1.3334073
PHLDB3,4.7710366,-12.435768
YIPF3,-0.63494873,7.0466366
GLYCTK,10.534512,-1.0373602
KIF1BP,14.95222,-0.49030164
TBX18,13.601903,7.2600946
SEMA3G,4.197771,-7.293632
PDE8A,13.391198,-0.55169487
MRPL9,10.3107815,8.825602
NR2F1,14.73992,-2.2790658
ZNF112,-4.3591766,-0.29798642
MAPK13,7.3544645,0.02207398
BCL9L,-2.7166953,-2.1051474
PLPPR2,1.1822374,4.096872
CSE1L,10.599049,9.837358
CENPO,3.9407597,6.436685
ZNF32,2.0145063,10.019407
POLH,4.5543876,12.300971
ZBTB6,8.16809,-12.843264
CARTPT,2.733822,0.5494408
ZNF788,7.0394454,-5.785437
EFHD1,6.310049,0.58956575
ANAPC1,9.181731,-7.8025413
NAXD,7.0216312,0.59641
ENDOV,9.779602,12.791356
ALKBH5,13.262181,4.504819
AP2B1,11.854172,-8.827122
HMCES,4.771677,-12.435246
CPT1B,22.62943,2.0507286
FXYD6,14.0556555,-8.433334
CDC26,14.620017,6.7823987
TMEM128,14.387123,6.9523964
SEC22B,8.96607,-2.2128544
GRPEL2,0.94805104,14.275828
IRGQ,6.8814445,-0.7405495
TRMT12,-4.0283017,3.4119737
ANKRD42,9.116784,3.6419313
MAMDC4,1.7033352,6.695155
SLC35F5,6.0132437,-7.8163476
SLC17A7,4.5644655,4.520757
SPCS2,7.091187,7.363554
NOS1,2.9249613,0.4126016
CPVL,1.9546719,4.853906
EMILIN3,13.882703,7.977649
PHLDB1,4.2455626,-6.64975
ZKSCAN3,4.305724,12.097352
FGF7,8.668944,-5.3753247
MKKS,2.0006678,10.033806
LRRC37A17P,-3.5101552,-2.1772213
FAM49B,9.657546,12.685978
ANO2,3.5243297,-7.6572437
ZNF592,18.811476,11.668693
EI24,14.40132,2.0084372
NDUFAF2,7.3145785,2.9491825
UROD,5.0037656,-0.1014904
SCGN,2.7584743,0.4949608
SRGN,-1.783788,-4.295574
STIM2,8.036733,-7.9782553
DERL2,19.59754,-2.5969963
LNPK,9.521758,-6.584374
GFM2,5.490012,10.612847
ZNF439,4.7272124,-5.11488
RERGL,4.686638,1.5628285
SMPD2,8.144309,-10.648693
ZNF516,13.313348,3.2057185
TTC21B,5.865149,-6.9557242
ZNF461,-8.276631,-1.5277538
PCDHGA2,1.8969647,-8.610424
PFKP,2.430395,6.4468513
STON2,-6.642519,2.808547
AJUBA,13.442047,-4.27673
ESF1,9.228477,-7.7607565
ZSCAN31,6.80264,-9.53437
ZBTB1,5.652092,-6.737871
ARL8A,17.596094,2.4564202
LRRCC1,-0.3638964,10.045697
GJA4,-0.5637633,2.0950725
EXOC1,15.230479,0.65918994
ELFN1,4.177256,-7.3094554
ANP32B,2.1902575,2.9517133
SLC45A3,6.169841,3.8565698
COG2,17.965647,-0.2657841
SLC1A5,3.9655433,6.023598
ZNF263,-2.2522616,-1.8642758
VSIG10,0.6165246,8.008512
PIP4K2C,17.414257,-10.328336
GPR153,-1.5471971,-8.923412
CTCF,4.5465713,12.297642
STX17,16.870892,-5.421401
PRMT7,4.2068353,-9.467307
RNF5,2.3219311,13.727581
TRMO,11.383497,-8.509241
APLN,0.91011006,-7.461787
CIART,-6.3512025,8.685858
MRPL19,21.148766,4.2693563
TMEM255B,3.9951847,6.432758
PRAF2,19.135527,2.9416966
LARP1B,13.117842,1.8831692
COG8,18.164446,9.724396
MCAM,2.4110444,6.1475253
NPR2,17.179562,0.8150689
DCLRE1A,-8.273114,-1.531665
CAMK1D,13.621706,-4.8149934
PAM16,16.324383,7.122747
FAM135B,3.8614538,0.850927
LHX4,13.548071,13.714661
REM1,12.491774,6.956762
ATG16L1,18.161552,9.724122
MGAT3,4.179822,-6.742603
GNPTAB,-2.7894096,-7.449364
MALT1,-1.5805526,9.295668
ASXL1,4.7106614,-5.129513
SLBP,2.5304818,3.2078881
WWTR1,-2.0642855,4.3698406
CCDC102A,-1.2897643,-9.143197
OSGIN1,0.8004123,0.5227483
BMT2,17.944017,-3.5008717
DSCR3,3.4000316,0.25340614
FRAT1,13.201082,3.267042
GGACT,20.552332,4.596374
TMEM154,-7.271382,2.3208754
MAF,2.580144,-1.6993617
ALDH1L2,-3.6247995,9.595278
RPL23A,1.1194936,5.0723443
TMEM150A,0.10562084,-8.9392805
MOCOS,9.553065,2.1953838
COQ8B,10.101497,1.9221714
RPL21,1.1719667,4.861255
ZNF587B,17.178787,0.82154065
FOPNL,9.185139,3.7226279
NDUFAF6,4.4779105,-3.349011
ZMYND19,7.928634,-1.906142
CORO7,9.613558,0.011470937
MRPL22,2.7448041,10.393047
FAM222B,16.191942,-1.4831284
PLIN3,10.262817,2.0698478
HYPK,-3.2636425,-1.7544059
SLC4A1AP,18.221388,6.129475
PRPF19,18.690092,3.5187855
HDAC1,5.798441,16.433798
H2AFY2,13.894887,-8.298349
RILP,6.3437114,5.062853
APOBEC3G,19.054548,5.018463
RAD23B,8.967335,4.115932
SLC4A7,13.342566,3.2124357
PRKD2,3.2086172,-8.320149
MRS2,14.654671,-7.3251424
MAGEH1,-1.5537121,-8.911594
CCL21,3.6540136,-8.561585
WRN,8.964779,-2.085796
GOLGA4,12.119395,1.144316
NNT,10.771331,-1.3019668
TYW3,12.51102,3.9051447
ZC4H2,7.9926243,6.46885
LAPTM4B,6.135238,1.0008624
SPATS2L,11.244901,-4.737492
DEDD,14.303234,2.2804792
FGF10,-1.9458336,7.8035693
KLF11,22.629772,2.0512443
TEX261,12.009316,8.897159
ANKRD36,14.350178,-6.70374
TUBA1C,19.58113,-2.5622723
TRIM16L,15.632254,3.5580392
PSMD9,0.11555864,4.332157
ARPIN,-0.36121705,10.045372
MBNL3,4.7183867,1.6368248
TAF1,16.675785,-5.7962246
MTO1,5.798391,16.433788
IMPA1,0.82288796,-7.3403244
SRL,7.080706,13.894833
KRT6A,-7.7478805,1.3584332
GTF2F1,-5.62424,-5.3403263
ZBTB48,8.416293,1.2337983
RCN2,9.656755,-6.2762094
PATZ1,8.655084,-5.7299304
ZNF557,20.598122,7.7129273
PACSIN3,5.071806,0.11826069
PIK3R3,8.144761,7.124246
FZD4,4.132649,-6.824443
GSR,3.409528,0.2552585
ACTL6A,10.675214,10.481291
ASCC2,8.331446,-10.802682
POFUT1,-3.6183958,9.586312
JPH4,2.153224,0.51526225
STMN1,17.601923,6.196087
UQCC3,19.758957,-5.9933586
SLC18A2,6.2593064,3.922716
IZUMO4,2.7946734,-4.31831
NXT2,6.8032846,-4.028185
RNF40,-3.1313388,-2.0457592
DRG2,19.496174,2.3000665
TMEM127,17.37476,2.4591942
PUDP,6.8221893,-5.9461217
FRMD4A,-3.0088038,7.1451697
LRRN2,-1.5073624,-8.955409
ATP6V1G2,-1.2282741,8.228724
KDELC1,-3.2547178,1.0348963
NOL12,10.081721,-11.320362
BCDIN3D,4.5399947,12.289185
PIGA,9.510843,4.0441694
NBDY,7.169983,7.594564
RAB27B,6.291335,3.9200566
POLB,-3.1524556,-1.7895902
PRMT1,10.299465,15.71596
DAP,3.9122753,4.7343836
ATPIF1,2.0625455,9.716455
ORAI2,15.762725,0.7566641
CLINT1,9.467008,-8.450024
NUDT15,4.53009,-5.237167
RAB23,6.8897977,-9.431777
ANP32A,4.7112875,-5.1301355
SEC14L2,15.87125,10.760721
MGEA5,11.304219,-3.1617093
CAMK2A,14.126547,-8.2958975
CHCHD7,15.784774,3.7332675
GNAI1,10.021777,-5.7085443
B4GALNT1,-3.0006304,7.145845
SNHG7,-5.6988463,-5.4158607
SAT1,7.2429986,1.523948
NDUFA12,2.1994894,9.91532
TMEM234,0.19023807,11.675812
POLE,13.23724,10.906325
ZNF626,18.129074,-0.46325514
CALU,9.805437,4.2323484
SLC25A39,8.349727,-10.815592
CARMN,10.085191,-1.9268252
SIRT5,8.067786,0.81499034
CARS2,19.803476,-6.003558
ACSS1,16.16588,-1.5264559
AP5B1,-3.0653126,2.511714
SERTAD3,20.495316,-1.0885843
NDUFA3,1.6304495,5.6278915
RPL10A,0.20896219,11.663508
DPH3,10.694194,10.15074
HAUS7,11.205171,-4.69282
TECR,6.2393913,5.1669273
RCL1,17.931805,-0.08649001
ST8SIA1,0.10398445,-0.04071598
ZFR,12.129067,1.1451514
KATNAL2,8.302084,0.5670414
FGFR3,-7.7405753,1.9638709
TRIM69,1.7211283,6.9214144
AHNAK2,14.48446,-6.9202147
NR2C2AP,16.034311,8.485694
GPR65,17.858692,6.848373
NUDT14,4.557347,4.5186486
SYVN1,7.969235,-1.9296887
MICAL3,8.747997,-3.344425
PHRF1,11.856028,8.221639
NRXN2,3.9604883,4.7213697
WASHC2A,12.786395,-10.913721
RWDD3,4.3165646,12.107132
MBNL2,9.861126,-6.2695274
HOXA2,7.581368,-3.8884125
CELF6,12.843048,-13.3065815
DDX1,12.86907,2.0034003
ZFC3H1,4.87249,-4.940346
NUDT9,10.26639,10.987727
PPP3CA,0.7635639,0.5170621
EVL,9.755522,1.9976455
FAM171B,7.9405804,-8.227099
PIDD1,6.473651,11.556149
SLC15A2,8.383578,0.46656635
DOC2B,-0.5295051,2.1227655
PYM1,15.546194,-11.179885
CNNM1,8.087655,6.612023
YTHDC1,8.448485,-12.404185
GINM1,2.4928656,3.2279131
ARHGEF26,-6.009176,-1.5282063
HNRNPA1L2,11.543768,-6.624085
BFAR,2.4678237,3.065085
TOMM34,6.849105,6.939238
MEF2A,16.560833,-2.6362996
DNAL1,3.2380683,2.2883487
ESYT2,13.205732,3.2230835
SYDE1,15.942934,-1.2408116
RFC3,5.799519,16.435358
TMEM179B,10.527449,-1.0371537
MYOCD,7.7916055,-3.7699072
ZNF16,-0.49537313,10.181632
ZFAND1,2.0463438,3.282786
DANCR,2.9380953,-4.2619343
ZNF318,7.321121,-5.51558
MTA2,8.153522,0.81328076
TNIK,9.872983,-1.1056383
MTIF2,2.578537,-4.2159433
DMGDH,5.0328617,-1.5893902
BAX,14.04273,9.08187
PPP1R15A,-1.1206802,-4.9426975
RHBDD1,12.969012,1.866358
ABHD15,14.236472,7.0564723
TBX19,13.490852,1.8830581
NSUN4,9.28321,-7.8808384
IGSF1,3.9739816,0.8822102
BTBD10,18.32224,-4.707105
MICU2,3.1696136,2.2219229
SPIDR,6.941715,1.4589614
PGRMC1,-3.1328366,1.1493318
CACTIN,2.3100138,-12.515249
WNK4,15.696567,3.6143448
NEK11,7.2677484,4.9960213
S100A13,2.405669,-1.4797196
PIGO,8.367202,-10.8366585
MTA1,9.246611,7.662855
HTT,18.83275,11.6460285
WASH2P,-1.2144933,6.401066
PGS1,10.143946,2.0712547
ATMIN,8.955809,-2.123219
CSAD,6.4732385,11.579905
MYO7A,12.665577,-5.825067
KAT2B,17.99515,4.5737596
PHF24,3.8569696,-7.192341
PABPC5,9.470927,-6.673059
EMC3,15.323719,-4.3516746
CYP4F12,19.29726,1.7838864
SORD,5.5461335,7.427438
PITHD1,14.103466,2.0622144
ZNF423,5.3276525,4.8363724
NDUFB11,1.7400581,6.580371
DCAF7,12.522593,3.8940575
LHX6,3.4964979,-8.326982
WDR92,-0.31184456,9.991412
ATP5SL,15.036499,6.5169005
NSUN7,-1.2600569,11.349753
RNF31,0.35531348,-10.105001
ISG20,0.5173469,-1.6919738
FBXL14,17.414831,-10.323193
RAVER1,12.134726,8.430259
B4GALNT3,5.218228,1.2551076
FSTL1,6.4277472,8.077613
ROBO3,4.511999,4.509736
KHK,6.2384696,5.167087
ZNF189,3.1615577,2.2130857
GLP2R,19.225513,1.3005195
NOC3L,9.165104,-7.393539
RUSC2,12.533828,6.8936234
BBOF1,14.738505,-2.2760577
RANBP3L,4.420241,0.6932216
RNF44,7.3031874,-5.532518
ZNF699,16.676737,-5.7959757
RUBCN,-5.7214694,-5.4387517
EIF4A3,6.0648217,10.225974
SULT1C4,8.630964,6.591749
NGF,-1.5620518,-10.554892
RPL17,1.161544,4.9803643
SNAPC5,2.76274,10.408596
EFCAB6,9.136515,4.582421
LONRF2,-2.0615196,4.363127
GPR20,-1.809643,6.7017097
ADCK1,7.471648,4.4439635
DENND1B,14.844278,-7.7398634
ACSL1,8.811118,-6.183545
SLC29A3,-0.176184,6.796229
BAHCC1,7.4065948,-3.5451746
RBM23,-4.0311112,3.4217596
SESN2,-3.7324555,3.7138124
COTL1,6.724648,7.8035374
KCNK3,13.072178,9.437245
FBXO32,2.8324885,3.5718663
WDR55,18.77275,3.4082208
ZNF207,13.939451,1.9500314
TAF15,5.53614,7.4163857
SLC35E3,19.257252,1.9452606
BTN3A2,19.053654,5.018326
EPB41L4B,-1.9472024,7.802498
EID2B,15.548893,-11.182635
ZNF675,-3.4363053,2.5061498
ARMC6,8.350147,-10.81767
FBXO48,5.5673866,10.541724
IFT74,7.8405094,-1.8225609
ST6GALNAC5,4.0464263,0.8908094
RASGRF2,0.654807,-2.7993996
ALG10B,9.136528,4.579165
CAPN5,3.977623,4.7120037
DMRTA1,-2.8169193,-7.477107
METTL22,4.362737,6.512256
SLC22A18,8.163498,-10.668618
TSPYL2,0.8426539,-7.376783
MGA,16.510826,-4.3144245
TLK1,10.002361,-5.7611675
DPM1,14.001252,1.9962411
WDR11,12.110097,12.445693
YBX2,8.1755,-3.757534
IQSEC2,7.3127165,4.9006224
B4GALT6,-2.5921342,-7.222173
GADD45G,0.90810865,-7.4370503
PTGS1,7.423793,-3.6242201
ZCCHC11,5.806346,-6.8941474
DCLRE1B,-5.412393,7.7166038
FREM1,4.8021193,4.0120006
MYD88,10.124039,2.1145067
OTUD6B,10.869105,4.400412
SLCO5A1,23.376059,-2.270642
TBCD,7.789298,-1.8352907
ZNF589,-1.7313232,-6.1019535
LXN,0.645483,1.0580136
DDX5,-2.232012,4.326006
ZXDC,15.067781,-7.6980047
SIAH2,10.857319,10.148576
SPATA2L,19.392717,1.5103533
SPTY2D1,8.967823,-1.9977187
ZNF253,18.128687,-0.45847747
FOXN3,4.397744,-3.420514
KIAA0556,8.362318,1.1928376
RBM4B,0.89125586,-4.5684795
MAP3K12,4.883247,-3.11644
PPFIA3,13.3060465,14.16693
TTYH2,-2.9720395,7.1251235
LDLRAD4,14.713516,-6.9102554
CPSF2,13.003323,1.387891
UBE3C,4.6749144,-3.2392266
UNC50,2.490295,3.2194703
NAGA,10.324141,2.0207496
ISCA1,15.526843,0.42713988
BMP8B,-0.87022954,-3.2852604
TIMM8A,17.520166,4.547906
TLK2,20.50461,4.612257
BACH1,4.2143397,2.4643583
SLC27A5,2.1152225,7.844682
CBL,15.943175,-1.2474835
KLHL8,9.119787,3.6510887
NHEJ1,14.63056,6.764068
E2F6,14.297366,2.2708988
H2AFX,7.947008,-1.9030378
CYTH4,2.9218128,-2.4500124
LRRC4C,-0.91054094,-3.2404373
STT3B,6.5664916,-4.097828
SLC24A1,6.881144,-0.7381852
NAA25,9.157976,-7.3839626
APTX,19.38666,2.1345448
SF3A1,-2.6107156,-10.174558
ARL4A,-5.949914,-1.4741191
ATF1,6.6375613,-4.1842613
SCFD1,14.408818,6.933899
CACNA2D1,12.984716,3.5686686
TCEAL9,6.1626215,-4.266333
CCDC30,17.592268,6.1824303
KIAA1217,-2.198244,6.965362
METTL21A,5.798467,16.434032
CREB3,1.1749911,4.0763907
HSD17B4,8.515315,-3.8066752
SCARF2,2.601173,-5.597287
NFYC,8.332218,-3.7271361
SETD4,14.690058,8.107312
CRTAP,17.185255,0.8257765
LOXL2,7.42024,11.940069
BTG1,-0.1879547,0.022414498
GNA12,13.358609,14.0974245
ZFAND2B,11.964388,8.935927
NIPSNAP3B,14.878515,-8.248893
TTF2,7.2752857,1.5410709
ZCCHC6,15.210837,0.46191812
SMPX,10.08961,-1.9053748
ZNF532,18.84071,11.638106
RYR3,13.918665,-8.304109
GOLGA2,-1.5249385,-8.937563
ARL14EP,3.1780152,2.2236187
MARCH2,13.818805,-8.331398
HIGD1B,14.2030735,-8.678407
STOX1,11.650134,-8.689192
ZBTB34,5.9472423,-7.84502
UGDH,0.43610924,0.21944848
FNDC3A,6.0377097,-7.817669
ZNF613,8.252593,-12.771555
OSTM1,11.040767,4.5657015
FAM86C2P,20.367983,4.747098
TAPBP,-4.5915837,6.653798
ADAMTS7,-1.5215721,-8.943313
PPP4R3A,3.3147645,2.3075898
KAZN,7.0385303,2.0444663
CRKL,16.58278,-4.2481737
SSR2,0.21507546,11.656012
TADA3,19.81247,-6.017637
DNAJC1,9.084142,4.02238
SELP,3.2083488,-8.259549
EEF1A1,1.8362347,3.4923651
HRASLS5,23.38755,-2.2838025
GNG4,2.5718355,0.59063953
FASN,19.465918,2.5530639
CHGA,2.8614957,0.47471234
ESRRA,16.169985,7.255423
DCAF11,6.2260165,-12.52879
WIPF2,13.568868,13.725855
KCNJ3,14.53543,-7.018599
STAG3L2,5.340133,-11.05709
RBM12,13.482905,1.8389219
FUCA2,6.5321007,7.904782
ZEB1,11.254736,4.753831
HDAC4,6.5530634,7.9065466
CCNJ,15.083304,-7.7412934
STK17A,17.522139,0.46882546
RPL27,1.130474,4.862475
PRRC1,6.7670965,-3.8371546
CAMKK2,15.154979,0.075903594
LZTS3,12.6510105,8.0943
KIF16B,0.00065949437,4.2050686
PRPF3,8.916983,1.1164864
NAE1,2.6101077,3.2368088
KRAS,13.076036,2.951943
PRUNE1,-0.48056665,0.12134269
SRSF6,17.999031,-0.28106126
TSEN54,10.299063,15.715549
ZNF512,4.332125,12.119102
GRB2,7.4235106,-3.590664
PMS1,-5.599305,-5.3143854
CCDC92,8.516159,-3.8003678
BTBD7,4.342444,-3.460512
MRPL36,7.319711,2.949006
SLC18B1,19.347921,1.4086181
HSF2,-2.8378198,-7.5010324
PDE4B,-1.2641077,-4.76122
RELN,-2.0149326,6.7814107
TSLP,23.380579,-2.2747042
AMER1,13.590373,13.805492
VWCE,3.5434315,-7.6459227
CCDC142,13.582617,13.751022
COL9A2,14.207605,-8.652849
PCSK6,3.9788504,4.7168574
POLK,13.613759,-1.118773
CTHRC1,5.2132115,1.2458999
MXD4,-0.48737612,6.8456845
MAP2K4,11.911474,-8.871341
COL4A4,-0.8385136,-3.3323576
PAPLN,-5.1383038,-7.4503603
MAP4K4,-1.2239759,11.312894
MSRB2,1.7836264,6.55018
RIPK1,6.7291794,0.68517697
ARHGEF5,4.2301846,2.4517112
SYNJ2BP,5.4863505,10.59941
LCA5,5.3084583,3.0464692
SIGMAR1,10.327284,15.703644
SLC35A3,14.5634365,-2.976759
ARRB2,3.254716,-1.7023692
CHPF2,8.328606,1.1965504
NOL7,14.718979,-3.6195614
OGFOD1,18.024065,4.7723913
SLC35E2B,17.920515,5.5526896
FAM13B,4.2781396,-3.5118523
CCDC66,8.446115,-12.411448
PFDN4,1.7183217,6.937245
NR2C2,12.110747,12.446633
ZMYM1,4.5637956,12.621697
CDIPT,-0.6723358,6.8687205
CDC16,6.7723904,0.5111285
SLC25A53,0.006149701,4.2109823
CYP21A1P,7.6618905,3.1600175
CIDECP,16.28691,7.1545596
HBEGF,-1.1136111,-4.9437695
RENBP,6.9742165,4.2070193
BCKDHB,2.6923118,-4.289891
HSPB3,15.690781,-2.526732
POMT2,14.382544,6.9533505
MINOS1,2.6532848,9.864372
HIST1H4H,5.112503,-10.766337
OPA3,-1.4934502,-1.7855642
MAP1LC3A,8.499305,-3.7891934
GLCCI1,18.720325,3.4813862
FBXL8,-2.858356,-1.3216639
ACADM,9.733311,-6.4149575
INO80C,23.386202,-2.2817984
KCNQ3,-1.2811315,8.229906
PDGFB,-2.1794245,6.86832
NINL,13.098748,2.5220346
SORL1,11.905255,6.937859
MANBA,17.183878,0.825738
FMR1,10.648318,5.1985593
RNF114,9.288062,3.950743
SMARCA1,11.240941,-4.7336707
RAB17,23.380129,-2.2744339
CDC123,14.88104,-3.8359005
PEX5,19.323929,2.616325
ABHD17B,8.822965,-2.6321425
PRR5L,16.956053,2.4628038
ANXA7,9.31394,-7.967881
LRTOMT,8.914547,11.8315
HOPX,-7.4480953,2.1810508
ZNF17,8.364989,-6.422808
TRIM6,19.34033,1.3868816
REST,9.528813,-6.613326
NIN,4.351676,-3.443
ABI2,10.898071,-1.1905411
RPS6KA2,1.5636768,-6.85978
PFKFB3,20.4954,-1.0885481
B3GALT4,17.587498,0.4020899
ADAMTS14,0.3912836,1.177307
TAF13,11.588616,3.799089
BBS9,-0.08768832,-0.58156615
PAQR6,-2.916239,7.0941515
MORF4L1,14.630669,-3.4735923
ASB6,7.8643064,-1.8458264
TRIM37,20.666912,4.684574
PTGER3,-4.1264505,-4.1448526
ASTN1,23.3788,-2.272828
TMEM63B,13.229977,3.201758
ST6GALNAC2,-2.6721404,7.0571823
TXNIP,0.8761226,-7.438736
DYNC1I2,8.504724,-0.030055935
CCDC50,14.562452,-7.0209103
FLNB,1.6813437,-6.892156
TMEFF2,-1.4446168,8.069334
NBPF1,6.19459,5.0260653
HSPA12A,3.8588045,0.91499984
PCNT,-3.1247714,-1.8298763
ANTXR1,18.700554,3.507786
KLHL13,14.829466,-7.7708473
NAGPA,9.7739105,12.787999
NSMAF,8.858396,4.1235514
MB21D2,15.897186,-1.1942471
MTHFR,7.150634,0.80719525
ZNF518A,8.092153,0.8084926
TTC39C,3.3737235,0.31176522
CACNA2D3,14.807037,-12.564668
THRB,4.3674555,-3.4390004
IL15,-4.591559,6.6532087
TXN,14.958102,-3.9474752
SYNC,9.880687,-1.1069871
HNRNPU,14.21031,2.1552272
B3GNT5,7.0623302,1.5552022
PIBF1,0.8743333,0.16593376
KCNC4,-0.9747754,0.1738899
MANEA,6.4688716,-8.066443
RNF216,9.943827,-2.6428213
KCTD8,13.826517,-8.261067
GLDN,7.36193,-5.4718757
S100A16,6.663678,7.714064
DUS4L,14.393989,6.946161
SURF2,19.725777,-5.9661765
RGMB,-1.2253999,11.314888
NBPF12,11.379392,-8.510574
JUP,-7.713661,1.9398757
SLC30A4,6.1432605,-7.293231
STAT4,1.394549,-6.789323
NME4,2.878901,9.664431
GARNL3,19.22079,1.2197317
PSMG3,8.309092,-10.78724
MAP3K5,0.671066,0.3060798
ZNF771,9.634714,12.665952
ZNF222,8.244748,-12.77949
CCDC51,12.463197,6.9398136
CGRRF1,2.553632,3.3332367
PIR,3.4372869,0.08216813
CISD2,-3.6981726,9.658218
VASH1,3.907467,-7.2063293
PLEKHO1,2.2710059,6.343322
RORA,12.582706,-0.98157847
GYPC,-7.6352525,-5.5605674
COQ5,14.744838,8.170994
BCL9,5.0659,-1.6247494
GOLGA1,7.324853,0.111397855
PCSK5,16.984722,2.4682672
QARS,11.601959,14.075124
LACTB,14.442907,2.4491003
ATF7IP,0.61570776,8.009795
RFC1,10.02105,-5.6972847
SNX6,15.707598,1.1162783
TARSL2,10.013274,-5.6985097
TRAPPC2L,1.107873,4.0778937
CARD16,-4.5918465,6.6535597
CRELD1,19.37504,-6.2771406
ZNF709,0.7542853,-4.457949
PPL,13.881171,7.9755216
TRAF6,15.075732,0.665443
MT1L,0.36418372,1.2089535
SLC16A3,-5.1523423,-7.469774
CH25H,5.8812695,0.86617273
EFNA1,10.102263,2.1094866
STRN3,12.379645,4.161899
MYO18A,-2.7457635,-2.098533
RNF214,6.6851435,1.4587898
GUK1,1.2282768,4.3429213
CCDC14,7.629458,11.126728
GLRX2,10.84534,10.139776
ZBTB44,15.348297,0.49162224
POMGNT1,12.520127,8.157016
CD151,3.76901,8.63179
DDTL,11.570776,-6.306402
EPN2,18.799925,11.681733
FAM126B,5.7399316,-8.515559
TMLHE,-3.7059164,4.124093
COPB2,13.034901,1.4765028
SMIM4,1.1181144,4.1465626
ANXA3,15.689344,-2.5250318
EYA3,-4.0308385,3.412488
UMAD1,15.621444,1.1889498
RHBDL1,7.9969177,6.4620943
GLB1L2,7.419709,11.936914
CSF3R,2.9158888,-2.4908395
SEMA3A,10.854409,-1.2057829
TFPT,4.362389,6.5034924
IFNAR2,6.9997473,2.0181074
MAP3K8,5.9815416,0.90158224
HCFC2,12.572691,-0.9189502
RHOQ,10.956963,5.345258
POLR3C,2.4414737,2.8150637
GFER,19.520111,-6.015283
DOCK4,7.8445244,-8.10525
ZNF337,6.4789624,11.58537
SH3GL2,8.116959,-4.3893924
CSGALNACT1,5.3491783,8.272334
AHSA2,7.562572,11.171496
GPR37L1,-2.969202,7.1229396
RBMS1,9.415868,-8.315317
PFKFB2,-0.623128,7.0670986
CDH6,12.182593,2.3923829
TMEM170B,5.994132,-7.1408997
CMA1,6.3045907,3.9277365
TLR1,-2.5500562,12.44521
ZNF169,19.555128,-2.5692742
TBC1D2,0.67364156,1.1262413
POR,5.9272227,10.368948
JAM3,0.5140726,-1.5838923
GTF2H4,13.879246,13.838059
HILPDA,7.0244007,1.5635955
LYST,11.624264,5.5424533
EPHA2,3.282726,-8.4163475
RPS3A,1.2415036,4.815676
LPIN1,11.750891,-9.315949
ETV5,3.9261246,4.7310977
ZFYVE1,13.445203,11.14481
TRAPPC4,10.4459,15.82374
HYAL1,3.2120967,-8.3108225
EPSTI1,19.346811,5.2609253
CLN5,2.5025852,3.2338302
UBE2D4,1.7190664,6.8062716
ATP5G2,11.787663,-3.1807334
RPUSD1,8.4034395,1.2053771
TSPAN7,0.8138749,-2.9862683
GLUD1,10.949669,5.336982
DGAT1,12.608273,8.072533
ACER3,9.778639,-8.436447
MYO19,16.405111,7.022875
GCC2,13.41427,-1.024676
MTHFD2L,12.34223,-1.1474684
NPRL2,7.0986767,-5.7187634
PSPC1,-2.0505455,-2.139276
STAC,15.7233095,3.64174
NPPA,7.050881,14.149319
KCNN2,-2.8163006,-7.4742785
RABGAP1L,-2.6099613,-7.2420926
THOC1,-4.2272134,3.261204
MRM2,15.24569,-4.313313
RIOK2,14.588105,-3.445336
CYTIP,17.743835,7.159095
GNB4,13.44372,-4.3088293
PIF1,9.224131,12.191236
UXT,1.1316098,4.859688
SRSF7,6.932147,-0.798458
VCAM1,7.879715,-8.030459
EGFR,5.440303,2.9909258
TMEM167B,13.095307,3.3985398
SEMA7A,-3.6135767,3.8756642
ZNF829,2.820529,3.5584352
DGKZ,6.196963,4.989146
RNF135,3.8674836,5.848045
CYP4X1,6.646599,-14.929689
SREBF1,22.629585,2.0511947
CLDN5,-0.5356799,2.1133246
PRKAG1,-2.6098468,-10.173914
GNA15,3.343046,-1.9723881
PDGFC,9.736434,-6.4151993
PEX11A,22.630526,2.053008
CD59,0.8726096,0.15907042
TGFB1,13.851771,-1.4925144
SPON2,4.5588837,4.5172005
ACOT2,15.870623,10.759141
RCN3,5.2021112,1.2437195
LHFPL2,16.934137,2.500805
UCHL5,11.356262,4.787745
KLHL30,-3.9372418,-4.2686887
ENTPD6,7.807061,-1.8317685
KCNH8,-1.9445328,6.899033
SCX,14.063241,-8.399116
ATL3,13.779734,1.7068284
COL6A3,5.1927223,1.2358426
FAM26E,15.2681675,-4.3060803
LSM5,2.4260435,10.007935
ZKSCAN4,20.598602,7.712922
PRNP,4.0244284,0.8883465
ZNF131,6.982336,-1.2765028
DCK,4.7065096,1.1877975
RABGGTA,2.5908406,3.3995755
TLL2,3.9608855,0.9260008
EXOC3L1,3.6120808,-7.6015944
ZNF354C,16.876503,-5.3756914
CHIC2,0.8162557,0.18082681
MOXD1,14.698605,-2.663288
ZNF597,8.248875,-12.775333
NPAS3,14.7382345,-6.8839374
CDCA7L,5.440443,2.9940202
CAND1,14.942284,-0.47729892
TMEM129,-0.2842509,13.235938
DESI1,4.8318396,4.119033
TGIF1,7.2151484,1.5215781
BATF2,-4.591897,6.6524897
VPS37C,10.321414,15.684866
SFT2D1,6.809154,-3.9963765
MBD1,9.529097,7.4225125
ARNTL,-6.3486905,8.683777
CSNK2A2,2.345328,2.7977338
TMEM86A,13.348084,11.050838
ZNF767P,6.4760084,11.557882
RBKS,-1.1829116,-4.8570724
KLHL36,-2.7104204,-2.1140125
MEGF9,-1.9039423,7.770415
SGCG,4.8331666,4.1071854
PPIL1,6.765432,6.7014527
SMCHD1,12.506984,4.1200876
CX3CL1,7.669325,-3.7917364
COMMD2,5.59866,-8.733459
CNTLN,-1.432584,-1.7830168
EIF5B,10.637325,9.983142
KIAA1683,10.834628,10.142624
ZNF672,7.238263,0.3655459
HDAC9,11.85154,6.009418
DYNC1LI1,11.514122,4.2848887
MAP1A,15.862846,10.751052
WDR17,19.340918,1.3844569
TSR2,10.459767,15.78575
FAM172A,21.754576,-1.4915574
NSMF,10.302995,15.719169
RSPRY1,6.0231414,5.1422143
SETX,14.865243,0.47815952
KIAA2022,-0.8415413,-6.721711
BSDC1,-0.94998777,6.7896805
GEMIN7,2.6583288,14.010042
BEX4,2.088194,9.746433
FUNDC1,7.9886446,1.1133032
NRAV,1.7318313,6.9032063
SERTAD4,11.892359,6.941455
ADAM8,6.6674957,4.035614
CENPBD1,15.754432,9.402517
THSD7A,0.5168438,-2.2961535
CNNM4,-0.42349106,0.050323267
KCNK15,10.311097,2.0305185
ESYT1,10.081672,-1.5975848
RALY,10.068757,6.7521625
CENPS,4.4912677,-3.3391395
ZNF501,4.3447394,12.18441
FBN1,3.396835,4.87923
RAB3A,8.037587,6.339223
VANGL2,-4.167838,-4.119647
KRR1,8.9623995,-2.2087028
TRIM2,19.793686,2.6557755
HMGN3,4.008907,2.3353627
CHADL,-2.9576101,7.111183
BAALC,2.9583426,0.50940543
ING5,3.0045264,-4.22704
PIAS1,11.741719,-9.395437
MPHOSPH8,11.765828,6.06887
KIAA1143,13.282293,1.663198
ZC3H7A,15.142511,-0.15135854
PDCD5,14.971892,-3.9603126
ZFPL1,19.580114,-5.856765
KBTBD12,13.929628,-8.294619
TOE1,-4.250089,-0.17967263
HIC2,15.034062,6.518472
NFATC1,13.636082,-4.565491
CTAGE5,8.973382,-2.0403135
NAP1L4,9.990789,-2.4586875
HILS1,9.172597,12.122545
RNF14,16.553852,8.443286
GRK5,-1.5344292,-8.941452
AZIN2,0.9621777,-6.7592583
PIGN,15.041136,6.514443
NDC1,17.39706,4.561647
ZNF470,21.023275,2.873416
D2HGDH,18.957312,4.9556646
TBL1XR1,6.030056,-7.6653957
GNPDA1,20.652308,6.149746
RHBDD3,12.072616,1.1117759
ART3,5.532855,8.058595
MCEE,7.972397,0.9885106
LVRN,3.1024783,5.333095
SLC25A18,0.8586886,-7.0965605
DOPEY2,16.037134,8.482297
WDFY4,2.7232847,-1.9669049
ANKRD54,19.514061,-5.7267
NKD2,10.3787155,1.8318285
SEZ6L2,-1.200871,8.260384
PYCR2,10.321406,15.730844
ELAVL1,12.723656,1.8171113
TM9SF1,19.582943,-2.560878
UBE3D,14.887485,-7.7440696
SNHG12,8.483796,-6.0219946
CAV2,-3.4767392,11.017894
GABRA5,8.094329,-4.5096664
GLIS3,9.563778,1.9821957
FPGT,8.07331,0.8258336
SCCPDH,-1.9429784,7.807895
HNRNPUL1,14.233326,2.1906586
BOK,9.267962,12.254274
SIPA1L3,14.643753,6.757348
NCK2,-0.82461053,6.2963886
APOD,0.6538871,6.957005
COX18,14.549471,-2.9675355
S100A9,-7.4599447,2.1736798
PAMR1,3.2496502,4.9480467
CENPN,13.101231,1.9420079
KDM2A,17.91578,6.349242
GLS,6.0010686,-7.7607675
SNCAIP,-6.6354966,2.8148327
GNA13,10.949537,5.156141
DNAAF2,16.575008,-4.214648
SPATA18,19.249844,2.0451195
GPR176,17.008572,2.4633877
HEPH,8.347373,-3.7203834
PIGU,6.234205,5.528249
TBC1D5,-0.09112508,-0.5870918
CLOCK,12.522459,3.8926346
BRF2,20.596745,7.7125306
MTFR1,4.661172,-3.2475002
FBXO34,4.8300304,15.628791
COL5A1,2.4272048,6.127312
ITPKB,7.433639,-3.5877583
KCNMA1,10.489438,-1.1411109
BDKRB2,11.63661,-8.672702
YAF2,12.629463,3.9181707
TOMM7,0.8866861,4.864216
PDK2,0.3310104,0.095097326
LRRC4,-6.469435,2.9853196
LYSMD1,14.764515,8.1964245
BRCA1,8.405829,0.42852363
EIF4ENIF1,6.493597,7.678976
GJA5,3.8708866,-7.158989
KDM6A,14.886511,0.068511166
NECAB3,-3.074209,2.5186484
MAP4K1,6.9212465,4.1121335
DBF4,8.67962,-5.7070317
SDHA,18.410528,-8.303476
UBE2H,11.91795,-8.788336
FBXW2,14.916008,-0.5076877
ZNF287,8.29532,-12.71997
MYH10,4.694754,1.3447591
NUB1,8.82245,-1.732543
TLCD2,-0.21812241,2.3158283
ATG5,15.558974,0.40434307
FGFR4,13.880943,7.9770484
SLC25A43,7.967358,-8.289275
SELENOW,1.9990895,6.357748
EBAG9,2.5466654,3.2624204
SCNN1B,3.6637576,-8.575336
LEPROTL1,-3.186362,1.102365
FARS2,2.786953,9.7536125
GIT2,13.567398,13.736274
MIA,-2.8672497,7.0353117
STAMBP,1.4346185,-6.8307405
DNM3OS,7.6269193,11.12726
SART3,16.708416,-5.7414193
ECE1,3.2383769,-8.252825
NFE2L1,-1.0402418,6.7060223
NELL2,-1.2407625,8.183651
SEMA4F,5.9664693,5.005006
ATP6V1C2,8.109758,-12.89536
GOLGA7,11.508763,4.29553
PSME1,-4.592448,6.6540093
BRD8,13.451374,11.1549
LRCH3,10.052074,-5.6703115
LTA4H,1.9119998,3.2209451
STRBP,4.5331717,-3.3119767
ZNF550,6.8388796,-5.9455824
ANK2,13.106228,11.024617
WASHC5,1.5379753,5.2109776
MSR1,3.2968647,-1.6676303
LILRB2,17.951065,6.676432
SF3A3,15.029144,-4.030918
CACNA1A,4.7072678,1.578965
USP27X,-3.1380024,-2.0478768
CILP,6.673352,-14.905227
ACTR1B,9.960886,-2.6296847
EOGT,11.582763,3.7705224
OPN1SW,7.419408,11.937217
CD14,17.942768,6.7464795
DSE,12.704748,-9.965564
HTRA3,-1.5616366,-10.552696
WDYHV1,9.037839,1.91463
PHF5A,15.044418,-4.0431104
MANBAL,1.848797,6.246392
KCNH3,8.00173,6.4640884
BTBD9,8.061855,6.220862
SEPT11,4.8532233,4.7280293
SLC13A3,5.1464386,-10.809938
WDR24,2.295126,-12.526481
PRIM2,10.4166155,-13.403527
IGDCC4,4.271846,4.648249
TACO1,2.3774574,13.766617
SPOCK2,2.1413708,0.51390064
TCIRG1,10.374261,1.8355485
SLCO2B1,17.938177,6.7634206
ARMCX3,5.170135,-2.0411766
DEGS1,13.846088,-1.4733742
CSNK1G1,16.582647,-4.247167
C1QL1,23.34918,-2.2432487
ZBED4,6.4537125,1.9877468
PTGR1,0.36084777,1.2099329
FEM1A,14.040172,13.950891
INTS11,11.809913,8.225547
AP1AR,8.669796,-5.3667555
ANKRD36B,14.344015,-6.701078
CCDC127,-0.40677997,6.8350735
FAM46A,3.1059766,5.305077
PIP4K2A,9.184991,3.6380196
ZNF772,5.947679,-7.8435454
PCDHGA4,1.8626069,-8.643927
DHX58,15.540305,-11.172597
FBXO6,10.277574,1.8945929
CAPN2,13.612507,-4.747658
GGA3,5.1755543,-2.0889974
SNX19,-2.06733,4.36046
TTLL12,13.997696,13.908761
PPP1R1B,6.151274,-12.499745
GPRC5A,-1.1854416,-4.8494024
ZNF285,8.087051,-3.8024604
TMEM204,0.9735887,-7.757264
TLR6,2.7912745,-2.077172
NEDD1,10.763245,5.324807
LRRC75A,5.3578863,4.813497
CECR2,15.766867,3.706123
RAB36,-3.3145988,2.5085406
STX5,5.5349536,10.570142
RERG,3.0828168,5.2269797
FNTB,8.01791,6.4463086
WIPI1,6.522144,-15.048185
TOMM6,2.0635664,7.3885355
SLC17A9,8.517767,0.086309925
SCAND1,2.5989425,-5.595264
JKAMP,-1.3152179,3.0834718
SEC13,6.802372,6.697984
TMEM87B,8.664818,-5.3572335
KIAA0586,9.724906,2.0024092
AUH,11.59503,-8.690796
ATRAID,2.0835662,9.742749
ZDHHC2,7.9623914,-8.285866
H6PD,7.349754,1.431457
LTB4R2,11.183824,-4.67323
DOK3,2.944403,-2.4728925
SLC25A1,3.0330253,-4.2031507
DOK6,4.6922073,1.4973112
RAPGEF1,12.654693,8.087036
TNFRSF10D,6.841301,1.4848015
MRPL37,2.3812213,13.773349
EML4,-0.20923942,6.8095107
RALGAPA2,0.5190907,-2.2132757
SCAF8,16.804338,-5.377207
KRIT1,1.5148576,5.1999474
NPIPB14P,-2.2530825,4.3270016
COL13A1,-0.84555125,-3.3263824
PDCD4,11.406538,-8.525315
DNAJC6,-1.2255268,8.230285
DNAJB4,10.22887,-5.4829173
NOS1AP,15.645328,3.5822709
CENPB,14.213448,5.7084293
TUBG1,0.12319551,-8.88377
TICAM1,8.068947,0.8352718
PHGDH,7.7049065,5.0677924
POLG,12.131212,8.438601
FLJ37453,0.7169763,0.5894066
SLC11A2,13.586255,3.7953312
FAM193A,-2.4743717,-2.048838
SEC24B,14.565798,-0.23088534
PCDH9,12.456858,5.8158813
TRIM41,13.123036,10.921392
TMED3,6.715647,7.732906
KIF5C,15.752731,3.6921465
COLEC11,-1.8150299,6.7146106
ZNF37A,16.495983,-4.3367977
CSNK2B,14.956,-3.938755
PTPN12,9.171405,3.5918562
TMTC3,13.721972,-1.1881423
TMEM248,13.342166,1.173411
RPL26L1,11.453922,10.473323
ZADH2,0.87613535,-4.570223
MCOLN1,14.271079,-8.106771
PLEKHO2,-0.22326513,2.3328035
LRWD1,7.8929353,-1.875572
MORC2,12.126982,8.470763
PRRG3,4.6539145,4.502538
ELOA,7.6933713,1.7947826
TTC38,14.790653,-7.641791
IDNK,12.174883,-3.5543644
MID1,-6.4412065,3.2815745
ZNF397,18.174734,6.1648817
MTM1,17.612411,6.1907654
ENDOD1,0.6518755,6.952464
RCOR3,12.110125,12.44934
FCGR2C,12.841746,-5.6441035
SIGIRR,8.877943,-1.7793967
TMEM5,17.735262,0.28031918
CLEC1A,17.089455,2.4233897
MKL1,14.216164,5.715592
LRCH2,10.501604,5.3017597
RIN2,-1.5967286,-0.9273606
POU2F1,12.520494,-1.0270246
RBMXL1,8.944748,-2.0761733
POLA1,8.868749,4.117197
PVT1,7.019469,2.012883
SRPX2,6.6693745,-14.909266
ATG3,14.7331,-3.6204705
ZNF688,19.28133,-5.6430593
ACY1,12.168612,-3.547898
ZBTB7A,-1.400763,-1.769069
ALG2,6.984771,-1.0642713
ITGB1,12.751679,4.261217
CNST,12.172759,5.3925776
IFT122,-3.7546642,9.716373
PRSS23,1.716787,-6.9127326
LIG4,5.669044,-6.752015
GNG11,7.756839,-8.007514
ZDHHC21,5.9649186,-7.8796363
PDE3B,-2.6190376,-7.2547703
PODXL,4.1723437,-6.7348504
ARSA,2.2366219,-12.56148
MAP3K6,0.3361605,-0.31479818
MIIP,7.9174795,-1.916186
PARK2,10.247704,-1.2193285
TMEM39B,5.4528384,7.4863343
ASB13,4.2431364,-6.639162
TMEM108,8.3539095,-3.7399764
AASDH,4.656118,12.886353
CXXC4,7.578857,-3.8588045
ISYNA1,-1.0858941,0.21308084
AGER,5.3972125,-11.12321
MOB3C,12.029354,8.838809
PACSIN2,10.195827,-2.1627936
TTC28,7.411354,4.829261
MRVI1,9.784213,-2.885629
LPCAT2,-6.2152824,3.0434446
OSER1,1.299532,-6.811108
MPHOSPH9,-3.4249804,-2.125437
KIAA0040,7.252905,1.2312225
CRLS1,10.827254,10.126519
COL4A1,17.503246,0.48886478
PLCG1,0.97867876,-7.7908144
UBE2E3,-6.201723,3.0086358
ABCB10,10.867001,4.40471
ZC3H3,0.36119923,-10.095818
AMACR,0.40739018,-0.04079312
AP3M2,4.512244,-5.250648
UBA1,14.276346,5.2961326
MAML1,7.6536083,1.297677
TRAPPC9,9.04234,-3.2846138
VGLL3,13.482191,0.55584705
KIAA1462,23.410822,-2.306351
RBM48,6.738989,-6.059344
FTH1,3.9813905,6.0421953
RAP1B,9.700785,4.1357517
ZBTB11,10.776289,5.5025773
MAN2C1,8.883224,0.28239024
MFSD4B,8.602176,-0.1353316
ZNRF1,-7.634989,-5.560631
NECTIN3,5.4630914,2.9623284
GOLGA8A,12.852956,-13.296345
FSD1L,5.95713,-7.861875
EIF4A2,2.5072005,3.29683
PDDC1,19.326998,-5.3788347
RNF165,0.9086327,-7.234473
FADD,2.6324763,-5.630677
AKR1C3,-1.5963286,-0.9399348
SMNDC1,13.78307,-0.42176914
SIRPB2,12.570484,-5.891961
KITLG,4.346345,-3.4563277
NDUFA4,2.2285435,9.982634
ITIH4,4.7492228,1.6141703
TXNDC11,8.297277,0.58159256
PKNOX1,19.356655,-6.302365
SBSPON,17.024895,3.650906
ZNF530,21.0231,2.8731973
ANKRD33B,5.3882256,9.312108
SNRPN,4.312416,-9.314582
PHKA2,-3.2239225,-1.7732346
TOM1,11.550711,-6.292744
KIAA0355,4.82997,15.628661
U2SURP,10.761474,4.289438
RSBN1L,9.642597,-6.246608
DDX52,3.43865,2.3545618
RPA1,-2.610423,-10.17443
LIN54,6.166414,-7.826192
HSPA6,10.5627165,10.76081
SRRM1,7.587378,11.143596
DDX20,16.575243,-4.307001
TBCE,11.540361,10.488287
NECTIN2,-1.7316657,-4.3257627
NUMBL,7.152008,0.72566974
SWI5,14.945489,-0.4810818
PCDHGA12,1.850301,-8.660764
MRPL17,11.464609,10.487429
RPL36AL,1.9414235,3.325462
GSDMB,-0.704913,5.9677167
EIF1AY,-7.3849926,-2.2068455
ELMO2,12.664478,8.121363
ANXA1,6.5366344,7.9084015
HAS1,5.2596345,0.5823458
ZNF763,2.7153792,-4.3478484
MLF1,12.964299,1.8473153
ADH1B,3.103021,5.330787
ZNF408,8.9314785,1.1060516
FAM198A,12.519211,3.8965995
JMJD1C,5.854134,-6.9511833
STX8,2.3628256,13.770747
ZNF624,-3.1744466,1.1167507
ZNF343,-0.07933684,-0.53636664
PCDH19,0.54054445,-2.5424795
FAM135A,13.57258,-1.0830395
CCDC8,5.251577,4.791976
DTD1,8.02454,6.1292586
PARD6G,7.4371934,4.487048
PROX1,3.6741598,-8.57351
CTNNA3,-2.713899,-7.3608947
HSPA2,9.926557,-1.1262016
KDELR1,0.21194442,11.659113
GTF3C2,8.900139,1.1147912
CALM3,2.0893087,7.4012055
ADCY2,10.091235,1.9501371
UBE2V1,2.5806193,10.229624
DCTN3,1.7747457,6.2006516
SH3BGR,14.861433,-8.1384115
PIGS,11.582428,-6.416456
CYGB,-0.8446875,-10.883021
SELENOS,19.61619,-2.5943909
ASCC3,3.5181444,2.3626688
TET2,9.565741,-6.5828476
RNF7,1.9737307,7.611953
MED8,14.397975,2.0172286
BEST1,0.5071225,-1.566065
C2CD4B,-1.2524827,-4.7704043
CNIH4,10.597615,9.844925
SHC3,4.2272,-6.673064
TRPV2,5.1879296,1.2317302
SZRD1,11.830402,8.234155
SMARCA4,16.208328,7.220483
SGF29,-0.7029526,6.915113
MINCR,15.549489,-11.181455
TUT1,0.35413396,-10.10542
MORN1,10.59023,9.808767
NRGN,17.044052,2.4113107
HRC,6.295413,0.5825397
CCDC6,12.821747,4.3188334
SDHB,18.426933,-8.290567
LANCL3,15.759018,3.704021
TRMT10A,5.6681414,-6.7511086
TATDN2,7.886975,-1.8566357
CBWD2,-3.686758,-4.453107
PPWD1,13.288942,1.774401
KCNK1,0.42235976,0.19129784
PGRMC2,2.647407,3.3828459
PSD4,2.9435728,-2.517448
CHCHD1,2.056238,7.4010577
MX1,19.345766,5.259381
COBL,10.511041,-1.0889882
ADAMTSL2,4.0039315,4.711645
DBF4B,12.843181,-13.306215
EFNB1,3.6432407,-7.5725865
CCSAP,10.375856,1.8318121
DYNC2LI1,10.593009,-2.3999133
MARCO,3.3256075,-1.6105025
CHST7,4.1892567,-6.7043705
RND3,6.152054,0.96973217
CAPS,7.00868,-1.1719798
SLITRK5,4.2118645,0.8349909
ILVBL,13.653318,-4.8835864
UBR2,12.968917,-0.92507297
FBXL19,12.607917,8.12252
PAPSS1,-0.10163574,-0.65568477
NUDT7,14.867324,-8.142904
NOM1,10.636011,10.191345
LRRC8A,16.340714,4.0737553
CNOT9,12.815342,-10.942165
HCG11,12.813551,-10.941706
SIPA1L2,-0.8850761,-3.2754145
FAM175B,5.601263,-8.730363
SPRED3,6.422345,2.020591
TRIM62,-3.0708768,2.514012
TBC1D10C,17.714157,7.325327
MED10,13.9568205,1.9976186
MDM2,9.254685,3.4981015
GPBP1L1,11.644126,-8.685331
CUL7,9.432647,-8.0538435
CES4A,0.94717026,-6.6112213
POM121,-2.418768,-1.9877392
PLCL1,11.694664,-9.458398
PGBD1,11.535987,-6.5998397
RPL39,1.1193223,5.062053
AGPS,6.003394,-7.778634
PTPRN2,3.0046854,5.0461917
STYX,11.734529,4.284149
ZNF526,6.9550796,-5.8557925
LRRC37A,19.24677,7.281282
RGS7BP,-1.7974106,6.692698
BMPR1A,5.4649253,2.98806
STON1,-0.84838784,-6.7023144
TMEM38B,7.004201,-1.2981107
XPOT,17.547926,0.44150776
RSG1,13.9355135,1.9456364
SNHG20,16.328857,7.1105957
PUS10,9.134231,4.5814486
SNX1,4.1920996,2.4513288
ZNF506,22.444443,4.359032
EXOSC5,19.683737,2.6310406
DNASE1L1,21.135275,4.2828174
HNRNPH3,4.875164,-4.9372797
SLC8A2,8.432341,-3.6011436
MERTK,0.82559466,-7.284731
FBLN7,4.715498,1.1225479
DARS2,9.203085,-7.823495
KAT8,11.267449,-5.957385
NBL1,12.330948,6.909107
TRIM26,-2.0320683,-2.1585238
CYP39A1,9.638744,-6.5236435
UBN1,13.32173,11.0434885
WDR86,0.6534071,6.957081
MTHFSD,9.483114,-8.807451
MRPL16,1.9554884,10.597625
C2CD2L,10.268169,13.101151
ZNF783,2.7640398,-6.623266
GOLIM4,9.856825,-6.2705092
ZNF425,14.821195,8.258962
METTL25,8.177311,0.72696185
NRM,11.728215,-9.329151
PET100,2.0151832,7.326151
RPTOR,9.294448,-3.2240574
DDX6,10.0165205,-5.695176
RASA3,17.605385,6.1979737
PDZD4,5.0985684,0.11141439
GFOD1,0.8592079,-7.1178293
TNFRSF6B,7.176889,0.77078474
ABCF3,19.700428,2.6635892
NPAT,13.684987,-0.9858677
GATC,17.391134,4.550667
OSBPL11,20.759413,4.641611
TIMM10,0.15079282,4.368515
SORBS3,4.195282,-6.68734
BRD2,6.790389,0.5079384
FXR2,14.212703,5.7238994
TMEM175,6.9596443,-1.2973775
FMO3,-2.5500705,12.443946
CMTM8,0.55939263,-2.3841808
COL12A1,-5.3811707,7.7128544
GFRA1,3.0765276,5.0070534
NIPAL3,-0.09612318,-0.6104065
MAGI3,9.724881,-6.4266677
GSTZ1,12.134763,-3.5102093
DIRAS1,7.407552,11.898745
SYT11,4.1473727,0.86534643
MTCH2,11.4828005,10.477795
SERHL2,7.425906,4.6079073
CDR2,11.548754,3.7450542
ANKRD65,15.876458,10.765042
UROS,5.300361,-0.0944233
ACTC1,5.5172296,8.100187
ACOT11,9.070184,11.977847
DCP1B,15.87599,10.765268
CBX4,17.410967,-10.316718
ZNF354B,4.900679,-3.1077118
GPC1,5.913506,10.405344
MED14,9.495954,-8.435289
RAPGEF6,13.621506,-1.1368177
AVPR1A,12.18119,2.3969648
TNFRSF10A,0.52110523,-2.3235507
PPP1R21,7.386072,9.516219
AFF3,7.384157,9.523546
CCDC93,12.064217,1.0988723
RAB43,8.367705,1.2031467
ARID5B,0.7085633,-1.2550335
DNAJC24,13.77982,-1.3221046
SPATA33,10.081661,-11.326148
TMEM17,0.26153836,-0.14058948
NET1,11.770199,-9.084689
LRRC37A16P,16.670742,-5.8037014
CEP85L,9.500053,-6.579138
LILRB4,12.810628,-5.633879
CASC10,16.84472,-1.733301
MBTD1,15.750867,0.761118
DHODH,18.76785,3.4436994
ZNF415,8.081575,-3.78247
ARHGDIB,3.3309517,-1.9270645
DDT,16.642748,-2.5323803
GOLM1,-0.8446417,-10.883326
RAD50,6.413752,8.091027
TMEM86B,11.258236,-5.9558773
ARHGEF11,-2.9085088,-1.7519273
SPTLC3,4.8209934,4.0559826
TMEM178B,4.031554,0.8888551
TBC1D12,6.177849,-4.3119793
ZC3H8,3.2140677,2.2835248
TTPAL,17.814356,0.21740636
SNX17,2.6092706,13.959725
HNRNPL,6.916159,-0.7951375
ZC3H12C,14.605668,-0.27361822
CLDND1,11.587569,3.799913
RNF13,8.538154,0.010293916
ALDH16A1,15.211066,14.126404
SCARB2,15.62388,1.2067076
HACD2,5.725535,-6.814808
RASD2,9.925923,-1.1794393
THTPA,6.6942825,1.4486024
EPHA4,6.2847323,0.5794031
CNTROB,9.350928,12.345654
KDM3A,12.267669,5.7604537
RUFY2,14.532662,-2.9723737
DDIT3,-4.371271,-0.31178007
MCC,3.0484169,5.086324
PARM1,4.6910825,1.5566264
CSTF2,10.090007,-11.341782
GPR137B,17.108843,2.4074862
NOVA1,15.267491,-4.3067193
MB21D1,-5.7217517,1.0894703
SNRPA,0.1072488,-8.935226
TAF6L,-3.6983087,9.65917
PLAGL2,15.74537,9.403207
GNRH1,4.3285103,6.2827177
ERCC5,-3.050881,-1.9792424
WDR83,-0.62123793,7.070589
SEC22C,11.798634,-8.843316
BUD13,2.792644,3.5216846
FAM162A,2.514771,10.044285
RBM22,2.3594882,2.6419663
NOL9,19.324932,2.0767193
PTGS2,-1.253822,-4.7730446
KDM7A,13.45436,-0.76985097
TMEM246,14.809625,-7.5902653
PIEZO2,-3.7317095,-4.412749
SRGAP2C,11.764505,-8.867536
CD52,6.8314033,4.0974894
EMC1,6.424312,2.490047
ZNF558,16.225786,-1.5132365
SND1,7.3162518,2.9504368
MYNN,3.2426305,2.2704883
DSC2,-7.7150702,1.9781573
CCNK,14.690504,0.054449525
LRMP,2.9027395,-2.5059066
MED26,6.838079,0.58851343
TAF11,8.42468,-6.120791
BRPF3,16.784931,-5.602023
FDXR,19.224699,2.0723176
APBA1,7.789467,5.16563
MACROD2,14.744357,-6.8810706
VPS13D,4.1810884,2.4420505
TRAPPC3,2.3728952,13.76238
ILDR2,8.066724,-3.7994814
INPP5D,2.922845,-2.4814782
NLN,17.549505,0.44054663
CDC5L,12.513101,1.3640666
DDX59,13.351355,14.131061
LAMA4,10.101569,-2.0831687
COL8A1,13.621281,-4.546826
DACT3,9.939504,-2.6545503
CDC42SE1,6.074876,10.215791
RBM20,12.321836,5.7835307
ORAI3,10.634632,10.195846
CDH23,12.245318,5.678025
TSC22D4,15.057373,14.035597
YIPF6,13.426058,0.74598575
EGLN1,17.945894,-3.4992328
SETD6,19.452452,2.27504
SOGA3,14.359596,-6.713484
UBXN11,11.438407,-6.215965
HOXC4,-1.5104076,-8.952883
TMEM70,6.2401576,0.8821126
SELENOH,8.075714,-10.578805
ECD,9.484093,-8.161423
IL32,6.0417714,-12.737612
HAPLN2,14.807147,-12.565523
MYOT,-2.0774505,6.9442296
MDC1,-2.290897,-1.9369619
PPAT,9.142669,-7.3777194
SGK1,5.2746115,0.596741
CEACAM1,-7.4485674,2.181988
ZBED5,9.389127,-8.446154
ZNF708,8.667308,-5.6103716
RDH11,6.7632527,-3.96143
PHC1,9.731736,12.750819
ATXN3,7.6350923,11.125622
MOSPD2,6.4604,-8.062506
L3MBTL3,6.164247,-4.264081
ARV1,18.49045,-8.229066
BHLHE41,-6.3490634,8.684134
GGT7,6.4924088,11.5322485
NUCB2,5.1694613,-2.0371807
CXCL16,6.8537965,4.1435843
TRPM2,2.7439284,-1.9755999
TRIM59,0.7557558,-4.455821
KCTD5,19.67216,2.6292338
KLC1,-0.87546706,6.3574347
TTTY15,-7.386565,-2.2076678
NECAB1,12.454036,5.810077
MPHOSPH6,11.486076,10.488059
PCIF1,9.283105,7.591925
TRMT10C,7.725066,1.8410141
GNB1,7.3226137,7.8411813
OSGEP,5.6612067,5.2288866
KIAA1586,8.826374,-2.6479957
MALL,0.941861,-3.1473372
STK16,2.838716,-4.3168993
ECE2,2.967609,0.5042283
SHROOM3,-2.5780802,-7.2055435
NVL,14.82878,8.270448
ZNF611,9.23341,-7.8161674
TONSL,7.318784,-5.516383
LYVE1,12.640818,-5.836934
SLC4A3,10.068573,-1.8547419
DLST,-1.9450387,4.466245
MAL,-2.6206136,7.0544353
PRSS27,-7.7477674,1.3604181
PHF20,13.168552,1.6730683
TYSND1,9.62873,4.1011124
PRKCSH,0.21080232,11.662302
AP1S1,13.632994,-0.7162519
ZNF846,7.0242314,7.0003343
DDHD1,13.337034,-0.5303337
SIK2,9.440283,4.02863
MAGI2,10.157662,2.104969
FAM43A,3.4430585,-8.00339
ZNF649,13.28814,1.8076357
MED24,12.427905,8.1601095
NRK,11.886164,6.9395585
DCBLD2,12.452712,5.803268
ITPR1,4.5083814,-3.3588703
ATP6V0B,7.8225584,-2.0588148
CNTRL,2.7192419,-4.321985
ARAF,11.950818,8.246201
MYO1E,0.3647964,-0.026305027
ZNF75A,8.259197,-12.765303
MROH1,-1.3449477,-1.7273302
DENND1A,17.409883,2.4590197
NUDT4,0.81213444,-7.3361163
ZBTB2,8.953136,-2.204719
EFNA5,3.0475953,5.0798554
KIF23,13.006631,-8.646201
ZNF326,9.425917,-8.454962
SAMM50,2.5776784,9.91209
RRP7BP,6.469488,11.579223
COLGALT1,10.372365,1.8383635
SF3B4,14.13252,5.4063735
TMEM252,10.413248,-1.5002381
CNOT2,3.2301676,2.2661214
TCF21,13.883463,7.9755926
DPY19L1,7.937748,-8.239507
TMEM65,-0.10173048,-0.65350324
ZNF570,3.1625874,2.2155776
TANGO2,13.015001,11.023092
PLEC,7.3968563,-3.5358443
TMED8,13.280644,1.6709131
KCTD1,-1.7594994,7.7785873
PTPRQ,-5.386957,7.7131014
SCARF1,-0.5593782,2.0944386
CHRDL1,14.7106695,-2.553484
NSDHL,15.275359,-4.2989388
TRIM4,2.452386,6.456665
ZFPM2,9.661854,-6.5018973
PIH1D1,2.4418736,13.821609
ARL15,7.9446964,-8.2372675
TDG,9.256287,-7.640518
KCNJ2,0.9505242,14.274844
ZNF23,16.734255,-1.7357055
MESDC2,-1.0751449,6.726972
FAM213A,15.663027,3.574772
LIG1,13.10329,2.5143685
SNTA1,19.324512,-5.4662223
CTSO,3.0589886,5.0783415
DCAF15,6.6961775,7.9226565
CLIC1,19.78393,2.643076
LMTK2,11.946395,-8.751064
CCDC110,5.926036,10.377012
NTNG1,6.230616,-12.526285
SLC10A7,-6.6408267,2.8128953
ENTPD5,14.032809,13.953841
AFMID,10.227881,-2.095877
HK2,0.6992212,0.83292806
TGIF2,11.963189,8.938011
HAUS5,15.22628,-0.25477546
GALNT4,6.68689,-4.1070065
TGM2,10.318338,1.9713672
MUTYH,8.08532,-10.58893
KBTBD3,7.8714023,0.9735108
VDR,7.593163,3.5488586
STARD9,-0.36756977,0.059894506
TMEM43,14.816562,-0.4313882
CDS1,-0.19397482,-0.051077742
GPHN,13.378189,14.104448
CCDC22,20.163057,-1.6561949
STX4,19.64752,-2.6474476
PCLO,14.785687,-7.8569965
MVK,4.364961,6.513277
CNKSR1,-4.205313,3.2542815
POPDC2,15.65692,3.5791988
ADAMTS5,6.662792,-14.91503
SIAH1,11.616618,3.9776769
HERPUD2,15.761293,0.7761116
MCPH1,16.676723,-5.796674
DGCR8,-2.956578,-1.7426782
IRF8,17.955647,6.620809
NCAPH2,4.2527795,6.4262857
CNIH1,13.019387,1.444611
CARD19,9.19281,7.735017
FAM65B,11.836371,-6.3578534
BAG6,14.214083,5.7137194
PELI2,4.830169,15.628271
GTF3A,17.669338,6.2410293
CCDC28A,15.842678,0.77535427
AP4S1,2.7927065,9.74937
CBWD1,-1.697108,4.2663207
DCP1A,20.74409,4.657531
RAPH1,16.613737,-5.8303895
SLFN5,9.563362,2.181612
ZNF212,6.894035,-5.9034877
SDHAF3,5.472775,10.64204
CCDC74B,9.32291,-7.920677
GGT1,-3.9195623,-8.783138
DTX1,-0.8449015,-10.883402
TMEM255A,8.63498,6.583456
MYO9A,15.129512,0.06670019
ZNF582,5.798266,16.43366
GNE,3.5170946,2.3477075
SLF1,13.349724,1.7792952
DGKH,12.574516,-0.98051864
LZTFL1,10.796331,7.415816
PLXDC1,3.946365,4.7269645
TIAL1,20.947151,4.4542403
ZNF438,6.204095,5.0002794
CDC42,11.358383,4.8315897
NT5C3B,4.3851047,6.537313
RBCK1,19.332617,-5.389352
LRRC41,8.906446,1.1101308
SPECC1,1.6828527,4.8582897
FAM136A,7.3209443,-5.518721
FMN1,17.921833,6.744375
TSKU,5.9451075,-12.056651
RRAGA,1.1128376,-6.459297
KIAA1671,-3.1345873,1.1510708
CBLB,0.6427958,-1.3675783
ZSCAN22,14.645508,6.75708
TRIM9,10.073723,-1.8435171
PRKY,-7.3852053,-2.2069166
PWWP2A,3.585377,-12.127579
HMCN2,1.6286666,-6.8713913
ERBB2,15.123878,14.063725
MTRF1,0.96566993,-4.6794744
INO80D,10.468112,5.3465767
ALAS1,14.045488,9.085107
DNAJC11,12.146882,8.3794775
STK32B,4.547646,4.522811
SPC24,3.9968965,6.071425
SYK,2.49659,-1.5835404
LPCAT1,14.651352,6.750917
FOXS1,5.0983953,4.6484237
MT1G,0.39176786,-0.60262716
SUV39H2,10.64137,10.170256
PPP1R1A,14.69594,-2.6517203
TRAF2,12.952974,-0.92162263
LIF,6.3379865,3.9390314
ZNF204P,5.912675,10.398894
TAF1B,0.7193531,0.5950553
NCOA6,19.297037,7.19036
FEN1,14.2833605,5.2356954
ZNF717,-0.43875718,10.132079
MGST3,2.501902,9.999811
EHD3,5.5055575,7.4425874
ADGRG3,3.6699343,-8.5543585
CD40,0.51473385,-1.6258167
GPATCH2L,13.347871,3.2162223
THEM4,-4.030418,3.4097724
SH3PXD2A,-1.5263606,-8.937128
LHPP,11.439635,-2.9952822
MYH14,15.749003,3.6887777
MYCBP,-2.0036166,4.5015507
CDKN2AIP,15.588871,0.50560814
SMARCB1,17.44951,6.056877
KDELR3,4.546058,4.530249
TMEM231,9.135466,4.614957
SH3D19,5.376657,2.9986093
RIDA,0.7943324,-4.4874353
NMNAT2,17.014587,3.6498616
GTF2IRD2B,5.35969,-11.080228
CRELD2,7.1523294,7.1049676
SPIN2B,0.32182947,0.074325606
KIAA0895,12.562399,3.9117253
EDRF1,6.7166767,-5.957307
PCDHGA11,1.862513,-8.645234
APAF1,9.649263,-6.5012302
PRG4,-1.9627714,-4.187949
KHDRBS3,11.577301,-6.3143725
OTUD7B,-2.5125198,-2.0673556
CBX1,-0.12899989,-0.031244516
CLYBL,1.9565476,10.5939455
TMEM98,5.144088,4.706239
CA11,-1.1340165,6.5713334
MORN4,9.483227,-8.805307
MX2,19.22113,5.1452117
ERCC6L2,13.59957,-1.0969738
NR2F2,-6.776993,2.6890483
SLC35E1,13.494971,1.8781534
BCL7A,19.596344,-2.5951822
PPP1R11,2.3519728,13.771653
HS2ST1,7.0173855,-1.2042211
TGFBI,16.953066,2.4898288
SOX7,-1.7164791,-4.3876324
DCUN1D1,10.54273,5.3201575
GON7,6.8265586,-5.9464517
SMG9,6.765002,6.699111
KL,-2.8070426,-7.467119
PRIM1,-3.2409492,1.0471922
SIRT3,0.7226188,0.57777053
HSPA4,10.614474,10.7121725
MEOX1,0.86306405,-3.0456455
ATXN7L1,0.1663058,-8.9363165
TOLLIP,12.657857,8.123911
TFEC,12.897135,-5.5988145
GAS8,7.255808,0.5013703
HSD17B3,2.7651672,-6.620323
TRIM32,6.9949164,-5.8252034
CYR61,0.65340203,-7.2057705
RPL28,0.20542331,11.663079
LAMB2,14.370294,-6.7209277
KDR,1.5314953,-6.8761735
NELFA,4.769308,-12.436079
RASL11A,6.270551,0.9902002
GLCE,-3.3994043,2.4986453
CLGN,3.769002,8.632417
ZNF707,5.1091614,-1.6706369
ZBTB49,-4.0296354,3.4180446
TMEM54,19.497562,-5.85669
SMC2,4.336428,-3.4645565
KANK2,8.871882,-3.4404223
PKD1,17.411833,-10.319087
ATP6V1D,-3.7123187,4.161349
ICA1L,13.298411,-0.554689
HNRNPA0,9.159145,-7.3849325
HOMER2,11.78267,-8.831599
ETV3,8.951724,-2.0626385
ACTR3,13.519608,0.73621535
CMAHP,0.50962,-2.3426502
NDEL1,0.70131826,-1.258928
CYP1A1,-0.8924271,-3.267632
TRIM47,7.402386,-3.536216
KIF3A,5.4923787,10.607983
FAM57A,19.58823,-2.5627382
PAPPA,9.142106,-7.374794
MNAT1,14.670938,-3.559395
PEX1,14.550581,-2.9721386
B3GNT9,11.431705,-3.007066
IL18,6.655346,-14.921696
ZNF774,7.0764832,-5.7498384
ZNF404,8.363625,-6.4228187
EIF5A2,12.62843,3.8865478
ABCC3,7.621771,3.5476902
FUCA1,6.264403,0.61500573
ITGA10,2.5019312,-4.533751
IRF1,-1.2557498,-4.773376
PPIC,-0.1042617,-0.64424086
YWHAB,10.614647,9.834291
ADM5,0.9383709,-3.1419957
CLEC16A,19.284554,1.7458298
BTAF1,9.40438,-8.432072
BCL7C,11.49086,-3.0016701
TRO,4.2180886,4.659619
MAPKAPK5,14.167975,2.0551872
KBTBD8,-3.684954,4.070855
ACSL3,21.123432,4.294428
EIF3F,1.8089702,3.541871
LOX,7.4448614,4.0859323
RNF19B,12.0250025,8.861233
CLEC10A,12.890198,-5.6042795
ARSD,12.247583,-3.4674077
TMX4,16.551834,8.438117
FAM86B3P,12.172949,-3.5551462
SUMF1,4.828166,4.079776
AP1S2,-2.5867372,-7.2150283
CERS5,8.380468,0.48769552
F8,0.5737379,-2.6058307
ANKRD44,11.693452,-9.448451
ABLIM3,9.981109,-10.1187315
BBS7,20.782238,4.6574965
TMEM177,2.653495,14.005876
ZNFX1,6.924968,-0.80936986
TRMT10B,-8.278985,-1.525987
RIMS1,15.691636,-2.5262487
BCL11A,10.416334,-1.1607659
PKD1L2,2.009787,4.8738866
SAMD9,19.164036,5.1130843
KCTD11,15.8576975,10.746415
DHRS7,17.126005,2.3894
TUB,14.382051,-6.740792
NGRN,-1.9466307,4.4658275
CDKN2D,7.1679335,0.73288745
TUSC1,17.597553,2.4559197
MFAP3L,-1.8253757,7.6401043
KBTBD11,3.6528785,-8.560077
PMEPA1,3.8231037,0.9299175
ZNF891,18.187744,6.1549754
EEFSEC,18.164064,9.724111
SMPDL3A,8.628528,6.58429
SNX11,16.272547,7.166387
ERGIC1,12.56841,6.862745
RELT,-1.7769874,-4.297723
PDE4D,4.2142015,2.4645424
CBY1,1.8534266,6.328304
PHYHD1,13.659716,-4.5292563
ITPRIP,0.7323521,-1.227624
ZNF569,4.66158,12.883824
XPA,16.5566,8.443242
BUB3,3.1811583,2.232244
EDNRB,9.41182,-8.298069
IL27RA,0.54045093,-2.5231278
RAPGEF4,7.787473,-8.036293
CDH13,7.8101435,-8.037321
ATP2A2,12.77558,4.2843885
NCAPD3,16.810911,-5.5716243
TRPV1,12.842697,4.3296814
STOML1,14.846448,0.2997557
PPM1H,2.0817478,0.4627463
MRI1,17.414104,-10.320444
RASSF1,2.6148145,-4.23654
EPB41L4A,-1.5823269,-0.9424277
NEIL2,6.8297315,6.851203
LRRC37B,-0.2621147,6.817256
WBSCR17,1.0047404,-6.688671
TMEM198,8.390942,-10.862838
MAP3K14,-0.2768974,2.3155994
CRIPT,10.79505,7.418016
RCAN1,-1.2588065,-4.7630944
RFX5,8.106943,-4.519986
LRRN1,-4.1080427,-4.1577806
CENPX,-5.6919746,-5.4086833
SUMO2,10.885397,4.4194517
GSTM5,7.703526,5.0796037
CTR9,7.6963844,1.8012854
SYT2,17.414644,-10.322861
SLC1A1,4.2567606,2.497195
TPRKB,14.6131935,-3.5013673
F2RL3,3.2079542,-8.301176
ASPH,6.502115,-4.246995
VILL,12.9167,2.7504344
CCDC7,19.463472,2.2867875
NAA60,9.351271,7.494688
CAMTA1,1.239414,5.3718247
WLS,14.215077,-8.617597
TACR1,0.50781626,-2.3449473
ZMIZ1,-5.7229543,-1.2897679
UGGT1,7.1386795,7.1047626
KDM2B,7.3216906,-5.503936
DUS2,17.980665,4.9839096
CHMP1B,0.8658025,-7.4079733
DIP2B,11.629333,5.5496006
STX1A,19.347433,-5.4255757
PRIMA1,-2.2078314,6.904687
TCP11L1,15.136693,0.09745886
BCO2,4.0408454,6.1119084
MRPL44,2.7769969,3.5132012
LPIN2,6.760571,-3.8211603
SLC39A9,7.301279,-5.533932
ZNF484,3.7032793,2.3434598
FLT3LG,-5.548972,0.92892724
TMEM138,0.3526147,-10.107508
MINDY3,14.561227,-3.0059464
NBEAL2,11.702447,3.8768473
UBE2G2,7.2282977,0.44286898
GSTCD,5.4920087,10.607445
LRFN3,-1.0137205,0.16537952
RAD9A,14.812738,13.996106
WSB2,14.439622,2.4444277
ABHD2,9.409069,-8.397059
FUT10,-6.6076217,2.844577
P2RX2,4.807649,4.097028
NUDCD2,13.984066,2.0565836
ZNF805,16.504164,-4.3168125
DCTN5,-3.5072093,-2.176676
SAMD11,14.741758,-2.2310185
BATF,6.83845,4.109249
NADK2,4.331422,-3.4702973
TBCB,2.0550842,7.384216
GTF2H3,10.758978,4.286514
ATP6V0E1,2.1347237,3.0493805
ARG2,10.945738,-1.1185374
ZKSCAN1,14.877428,0.47522512
DCAF16,12.962088,-0.9155864
SLC22A5,16.034801,8.484609
TRMT44,12.127153,8.446509
ZNF628,9.250256,7.6601725
CCDC183,-3.6774085,9.637422
TMEM59L,14.711673,-2.458481
MSTO2P,6.422994,2.5174143
TSFM,15.297689,-4.3324857
PSD3,4.7557807,0.910942
CD79B,0.9544883,-3.1634185
ZFY,-7.3853874,-2.2070155
TRIM24,2.5550048,-4.478046
LBR,-0.8403254,-6.7205896
IL17D,4.78192,4.67873
CISH,-0.24483526,2.3595614
RBX1,7.175505,7.5874095
PLEKHA8,9.707146,0.025724677
SDR39U1,9.373549,7.3005514
PTGER2,14.741468,-2.2218695
RAP2C,12.342716,-1.1517708
SH2D4A,-6.7572856,2.7036483
BCORL1,14.915281,14.009706
PSMD5,8.957712,-2.1707642
ATP6V0D1,14.126444,5.4062233
ZNF331,-1.150009,-4.90268
FAM210A,10.625725,10.170578
COX16,11.471406,10.491013
PNRC2,5.461319,3.013627
SLC37A3,16.734997,-1.7506052
BACE1,14.150411,-0.427478
TSPAN31,2.4045892,6.1585917
ADGRD1,0.5000341,-0.003663081
MMAA,9.746823,2.0036998
ORMDL2,19.382107,2.131092
SUOX,21.75677,-1.4951134
SWT1,16.195534,7.2300587
CDA,6.604458,7.8691134
UBXN2A,15.143001,0.7276294
PC,4.2424583,-6.6409097
RCAN3,-2.0217552,6.9826827
PDIA2,2.1595175,0.520916
ROR2,9.77082,-2.8861074
INPP5E,9.659127,12.68731
AP4M1,20.173962,-1.6620288
LYZ,3.25667,-1.7226502
AKTIP,11.193805,-4.6825113
STK17B,11.8318205,-6.3597975
WDR45B,8.305893,0.56634045
LY6E,19.219912,5.144902
SPPL2A,13.7181425,-0.619693
DNM3,7.738582,-7.9853463
LETMD1,-5.5739264,-5.2903795
NDUFAF7,9.02016,1.9070094
MTMR10,14.617114,-0.2782863
PEX2,-5.422566,7.7182574
IKBKG,13.011343,11.023864
AK3,11.311423,4.6449
OR7E38P,8.542639,-0.006390802
NEDD4,15.071172,0.64421254
NSUN3,4.6715503,12.887066
GCA,-5.717811,1.0953398
ASMTL,4.770234,-12.435545
PRELID1,18.166945,9.723679
SMC4,16.610395,-5.838368
DECR2,9.597417,0.029532403
MGRN1,-2.8610942,1.4885055
PRR26,10.286578,-1.1792082
ARMCX5,14.437108,6.914132
MAPK1,14.176673,-0.40912858
SEMA6C,5.4761925,4.8552027
TPD52L1,0.67175037,0.94956785
ZFHX3,5.9426465,-12.0542345
GLRX5,2.062428,10.00927
UBIAD1,17.870962,0.13839574
DUOX1,-7.5366073,2.1234412
CENPC,17.812984,6.310158
ETFDH,22.623114,2.0501869
XRCC3,11.262142,-5.954468
KIAA1614,9.682417,4.1318426
GPR63,1.0203187,-6.6204596
ASNS,0.12826411,-8.897185
TP53I3,8.798243,4.1093225
SCUBE2,4.7422147,0.8983384
ULK3,15.196416,14.11477
PTPRK,5.861383,-6.9575677
TMEM150C,17.056492,2.4150236
STIM1,3.2527957,-13.887866
P4HA3,5.6282034,7.6092105
CCDC24,19.353413,-5.523808
POLR2G,2.4512827,13.834291
SLPI,7.6053376,3.6838653
TMBIM6,13.0872555,1.4339594
IL20RA,19.228817,1.2956477
TBC1D8B,11.560363,-6.4389515
LCMT2,8.153198,-10.65672
FAM83G,-1.4357792,-1.7782778
PBX2,-3.2668307,-1.7090412
EIF2D,-0.5268012,6.857206
ARID1B,14.992562,0.05221548
SCRG1,7.6588182,3.1745188
SDE2,-1.7426069,-4.3868656
GID8,6.233245,-12.524758
ZNF525,7.7090673,1.8148766
SLC25A26,2.3603585,13.77239
KLF3,15.717722,1.1208125
ALDH9A1,7.740141,-2.1032164
CYP1B1,7.631544,3.6582742
MSH6,10.607141,10.590035
OGT,-2.5499349,12.445422
SHISA4,15.121683,14.06551
ZNF330,9.369003,-8.3400955
OTUD1,15.686349,1.1733086
ABCB7,1.9905993,3.254798
NFKB1,3.7137916,2.3458767
LIN37,8.863202,0.31339285
TMX2,6.821227,6.7223473
NRCAM,-0.92162037,-3.241431
ANKRA2,12.399413,-1.1408213
NIPA1,6.310575,5.6736097
PANK1,7.1377316,0.65406084
CNPY2,6.8725734,7.555729
NDUFAF5,1.9639602,10.595648
HSD17B14,6.0318,-12.748704
MRE11,12.383033,-1.1409565
PANK2,7.684174,1.782103
MACROD1,5.078062,0.09550972
ZNF236,3.929847,5.9399123
SERINC5,6.5975213,-4.24269
CCDC85A,0.78261095,-2.955452
ME1,2.6153057,3.3216376
TSHZ1,5.825857,-4.5121408
ANKRD27,5.5012803,3.011737
COMMD1,1.2445344,5.414761
GATAD2B,13.345831,3.2314477
IVD,12.211605,-3.598521
PTS,14.655875,-3.54741
GABARAP,1.0980656,4.856254
HECTD4,18.84292,11.635684
TOM1L1,-0.85121775,-6.695542
CRY1,6.3070283,5.6626315
PRR3,5.439857,3.0499814
NOMO2,16.80281,-5.611016
UNK,12.0064745,8.903891
MAP3K20,9.9578495,-5.669138
GTF2IRD2,5.3657084,-11.082171
RAP1GDS1,12.917724,1.9780539
RBMS2,13.007492,-8.641993
TMCO3,8.919282,11.836684
N6AMT1,7.286539,1.4865493
SCAPER,10.017691,-5.69072
GGCX,4.993961,-10.621633
RTN3,10.261904,10.989368
FAF2,7.731016,1.8438606
GPR137,14.0120325,13.952561
CYP2E1,12.212054,-3.5056
LRG1,7.0206223,1.6189547
NCOA3,0.5480383,-2.8763354
TBCCD1,16.577147,-4.2577453
ZNF136,13.441929,-0.6115737
JPH3,-1.4286424,8.081706
PIGBOS1,3.9225922,5.9350014
TBC1D25,1.0935442,-6.5732284
PNMAL2,-3.7331831,-4.409588
ZNF19,4.652768,12.378064
ANKRD6,7.420567,4.552215
DNAH11,12.331795,5.7751393
CSTF3,13.350665,11.053385
TMEM74B,14.052123,2.0736
ABHD8,-1.3145139,-9.125566
RREB1,8.901408,1.8788126
RMDN3,13.546614,1.8971714
DRC3,9.482558,-8.802416
EXOC3L2,0.94898564,-3.1600099
NSFL1C,14.27219,5.2208962
PLIN2,0.5191683,-1.5946318
EPC1,5.4149837,2.972623
ITPR2,1.5742013,-6.859056
SF3B2,14.174155,5.4192348
RMI1,11.691227,-9.44968
ZNF333,-4.252142,-0.1813332
PFDN1,2.6371698,9.881681
LILRB5,12.872126,-5.6162186
ZDBF2,5.8663607,-6.9859214
SH3PXD2B,0.86831224,-7.265744
AGA,-0.10551122,-0.6424883
GALNT11,5.656688,5.225521
GOLGA8N,10.592073,-2.3964982
SHMT1,5.985232,-12.123557
SIGLEC10,17.951464,6.7536974
PILRA,13.537311,13.706892
ERO1B,15.584698,0.5118308
ZNF445,7.302447,-5.5315976
ZNF321P,15.057605,-7.697786
NT5C3A,9.166566,3.627845
HRH2,-0.4202986,2.1973207
FGF11,12.20423,2.3930247
AS3MT,13.874881,-8.319578
P3H1,14.933952,14.002106
DERA,5.184818,-10.856422
CDYL,15.13474,0.04822253
PLEKHH2,10.590531,-2.3972695
PTAFR,17.948305,6.8027678
MGLL,12.264861,6.8884687
ASPN,4.645401,1.0443283
KLF2,5.7132325,0.8138419
ZNF20,18.129028,-0.46179265
SERPINB1,6.491898,0.997592
TP53I11,5.864381,10.450842
IQCE,-2.4509635,-1.8846252
ADAM23,4.1175222,0.8336935
CSMD2,6.9905972,2.0820339
CITED2,11.782021,-8.852373
PPP2R5D,13.556468,13.964597
ZMYM4,21.410582,-5.1253176
GLO1,13.239496,1.537875
SMIM3,11.807832,-6.3656797
NDUFA4L2,14.204782,-8.674926
BRI3,1.0693643,4.007202
MYOZ2,7.1098905,13.829275
CRTC1,7.4747214,-5.366148
FCHSD2,-5.3681283,7.647137
ZNF600,8.13073,-12.879535
GEM,6.3286695,0.6093596
ADSL,2.3755999,13.769136
CGNL1,-3.7783349,-4.3546815
ABCA5,12.993182,-0.9082363
FUOM,10.2720585,8.84049
CCDC126,10.806497,5.472522
SFXN2,2.705574,-4.379502
SNX15,19.502111,-5.8535547
PTK2,13.965294,-0.4933947
ZNF711,10.983564,-10.758335
ADAMTS3,0.37794808,0.06249269
SLX4,15.223032,-0.23843047
HNRNPC,10.6302805,10.6116085
KIF21A,-1.4530447,8.061191
SNX16,10.801946,5.4863563
PDE4A,-1.0099728,0.16367736
RNF215,-2.8559787,-1.3294755
ORC4,8.216868,0.6740536
SPATC1L,12.845386,-13.303997
SIX4,8.668485,-5.3768477
RPRD1B,14.168667,-8.17296
AASDHPPT,13.769083,-1.2787993
CABIN1,0.8691211,-7.0483875
RBFA,12.135449,6.8887057
COX17,2.0199766,7.287695
SULF2,6.2791195,0.58131593
HMGB1,12.99223,3.5665462
KIAA1522,12.528439,6.88296
ZNF252P,6.9144034,-9.429389
KLHDC1,5.7537117,-8.497838
CENPL,-0.08543291,0.009454608
SEMA4C,-3.0513713,2.4942813
BID,16.181334,-1.4789473
PDE4C,7.298652,1.5508167
EPRS,12.971642,1.3184711
HACE1,13.702354,-0.88762194
SGPL1,5.4143276,7.1011977
HECTD2,11.692531,-9.447784
ASB16,-1.1310226,6.806301
ANKDD1A,2.421992,6.1291175
GPR180,10.781616,5.613054
MED21,11.007701,5.126428
VASH2,4.080359,4.6925125
IQCK,3.3150508,-8.053966
ZNF75D,19.554245,-2.5697303
MPV17,2.0923302,7.8127756
ARMCX2,7.2544866,5.019117
ALOX15B,11.833516,-6.361658
MKRN2,3.437059,2.368965
ZNF292,-0.027037421,4.135525
FBN2,-2.666208,-7.308799
CMC1,14.7112465,-3.6161168
AMBRA1,-3.0823038,2.511266
DNAJC27,13.218362,3.2415361
ZNF736,10.7557535,4.289111
POLR2F,-2.9617383,7.133629
GAREM1,5.4089384,2.963481
IL7R,6.8218884,4.076696
MAPRE2,11.741502,-9.384607
CLN8,-6.598822,2.854992
MGMT,3.432185,2.3527024
NCDN,14.795489,6.6544714
FAM105A,2.6271305,-1.7615727
TRAPPC12,0.35063237,4.5640125
ACTG1,-5.979574,-1.5014209
DMTN,-1.2017077,11.298968
PIGC,4.623446,12.352918
ZNF775,17.41273,-10.32086
UHRF2,20.334549,4.7614183
GLB1,2.4065423,-1.477829
TTC23,9.95206,-1.1531929
ATAD3C,5.366242,9.299873
GALNT1,9.852852,-6.277223
USP6NL,13.813516,0.6465001
PSEN1,13.820179,-0.5593548
PCDHB16,2.0094817,-8.495545
RPL10,0.22073698,11.649482
ZCCHC5,13.377785,14.101373
ZNF581,-0.69723487,6.8843756
LPAR6,0.31859535,1.2817569
COL27A1,3.8549533,0.90004534
FPR3,12.892531,-5.6006613
METTL9,12.184306,-3.5320299
TTC14,-0.3686235,10.049992
HMGA1,12.80272,-10.931921
ABCD1,7.735002,-3.8025029
KLHL42,-0.85063773,-6.7012777
CAST,14.062537,0.4540528
MRPL33,14.776094,-3.6921248
ARPC1A,2.0976994,7.4077473
DNMBP,14.702155,-2.57631
UBE2Z,10.14023,2.1312964
PLOD3,6.894954,7.537868
TBCEL,12.996271,-0.8607075
MLPH,6.141611,3.8398726
MAFK,9.951695,-2.640244
SH3RF1,9.610881,4.083621
SH2B3,-1.603698,-0.93610954
CDKN2C,8.894645,1.865993
NFYB,11.750718,-9.36625
WTIP,12.407006,6.914005
TPSD1,-4.008606,5.272883
WDR25,10.313163,15.723958
SEMA6A,17.046597,2.40912
SPATA2,18.710533,3.4869983
SLC35F6,10.873149,-1.2118667
AMPD2,2.6660092,-4.277652
RGL3,12.915736,2.788009
ABCB1,7.752556,-8.035054
NCOA1,3.8244355,2.336016
YARS2,17.979559,-0.26279238
KIAA0930,12.673517,-0.8922141
ZC3H10,5.1064262,1.1487728
TTLL4,7.258617,0.2516618
SLC43A3,0.85572326,0.16786413
PSMD10,11.175903,-4.663949
HECTD3,-2.8554535,-1.3586731
RNF8,10.645842,9.979302
VLDLR,0.9516674,-7.1850853
AKIRIN2,8.557376,-5.915621
HNRNPA2B1,3.4977977,2.3515222
FIGN,5.3847,9.308443
PER2,-6.3503613,8.684767
ZNF184,4.6220317,12.781064
SEM1,1.12318,5.029964
BARD1,13.322923,-0.502665
ING3,15.541125,0.4467418
ZNF25,11.2813425,-4.776722
TCF7L2,6.2152243,-7.228108
PDHA1,18.426086,-8.292566
FASTKD5,7.769253,1.8698438
POLR3GL,-1.5870092,4.22298
TFAP2A,-2.1933465,6.867162
LIMS1,11.221911,4.7557716
GEMIN4,13.379919,11.015112
PHLDA3,5.095268,0.10633346
CRAT,9.446431,-3.1785562
DPH1,7.2554574,0.45254174
PEX14,1.6873538,5.426329
ALDH1A1,12.697722,-9.958432
SMAD9,4.834246,-3.1429646
CR1,3.3329523,-1.9762158
MAFB,12.653178,-5.8263936
TPK1,17.087685,2.4426608
FNBP1L,0.5226174,-2.3066854
PRIMPOL,8.180742,0.7394556
RGS6,4.6952796,1.5722826
RIT1,9.728256,4.169392
ZNF519,19.600906,-2.5050962
EEF1A2,-1.2460396,8.221379
ANKRD34A,13.310248,14.163912
LRRC61,13.847847,13.926654
A2M,7.63104,3.6406417
RNH1,10.475252,16.218103
PPP2R1B,9.432224,4.0269957
ACAD8,-3.0785134,2.5098224
MFSD11,6.2728915,0.5632515
PENK,-1.3271668,8.156255
TIPARP,16.25145,-1.5471257
HES6,17.700626,6.268155
ASH2L,6.5835133,7.864466
INTS6,3.492348,2.350456
ADM,0.5044097,-1.6991229
HAX1,8.107676,-10.606088
HES4,9.984141,-2.612997
TRAF1,6.4709015,11.5831
FZD6,10.527031,5.31175
PODXL2,7.4166,4.620421
SMC6,4.991403,-0.13343513
KMT2E,14.73457,0.012601905
ZNF562,17.91775,-0.013086543
HMOX1,7.639376,3.4537394
CHPT1,20.765203,4.6221952
PRDM2,14.8561125,0.48200983
UBXN6,14.215412,5.719966
AVL9,13.804233,-0.8567121
FAM84A,14.19196,-8.16949
ZNF548,8.367938,-6.4224052
TXLNA,6.3517337,2.0659199
THNSL1,7.8577366,5.204613
CNP,-2.9592705,7.121284
DFNA5,7.7855287,5.1567893
TRPV3,4.200105,0.8533215
ZNF329,16.584217,-4.2567563
TMEM11,19.385843,1.5254725
BLOC1S4,-4.235821,-0.16152188
LARGE1,9.8794565,-1.1099803
CFP,2.6933107,-1.7823668
FAM221A,11.789272,-8.863626
CLDN7,-7.7485785,1.3601383
CNOT4,13.264572,0.68503463
TUFT1,10.91264,-1.1540964
KLHDC8A,3.8908818,0.8872268
TSPAN9,12.021068,-8.708803
MIF4GD,4.607347,-5.1944385
CTNNB1,-0.27863026,13.22842
MYOF,14.598958,-7.693425
VAPB,5.434777,2.9691038
COMMD6,2.0238483,7.6511664
CRACR2B,10.625275,10.163754
METTL18,6.785752,-5.958775
FAM69B,10.304163,10.946377
CPNE5,-5.673576,1.1393888
HUS1,21.134487,4.2847204
SULF1,-5.7157755,-1.2833931
PCNX2,4.5413322,4.527508
KIAA1191,7.3812246,9.529757
IQCC,15.567225,-11.210325
BBS4,1.1154233,-6.43335
CLCN4,3.1062996,5.3011627
USPL1,14.31874,2.28748
MTHFD1,2.815537,-4.3235164
SEMA3C,9.629121,-6.5351734
ATRIP,5.1716757,-2.0704694
ZFYVE16,17.840992,-3.6194522
ACADVL,22.6311,2.0530028
TXNDC15,4.3671846,0.868309
ANXA13,3.9905252,6.057117
SNX33,-2.5478559,12.446179
ELK4,8.6675205,-5.365218
STN1,2.44021,6.446658
SDK1,13.881793,7.9768944
KCTD10,6.717871,0.7859283
PTDSS1,10.590677,9.814503
ZNF696,9.844249,-8.452385
FILIP1L,14.175984,-8.181101
TSEN34,12.655467,8.092124
MEIS1,8.87686,-3.411497
HSPG2,7.4352646,-3.5960538
FECH,6.56612,7.8815
DIO2,14.807028,-12.564572
ZNF667,16.811264,-9.01828
ADAMTS8,19.16309,2.237064
MED12,14.393857,6.9470825
SKIV2L,10.122003,1.9310933
GOLT1B,9.52601,-8.437669
TP53TG1,2.5870354,9.873175
PPP2R3C,13.936564,1.9910362
PIWIL4,17.772728,6.3162622
FRAS1,14.845848,-8.083513
CNNM2,0.61578876,8.007075
NIM1K,-0.8958532,-3.2126632
ZXDB,13.441424,-4.2746873
TENM4,14.203576,-8.203565
PPP1R16B,3.3504658,-8.02382
CHTOP,13.319635,3.2010143
FAM3A,2.2560995,-12.552898
HIC1,-3.7937393,-4.3578825
SPRED2,3.0800643,5.0497484
RBM6,7.654212,11.121339
DIP2A,13.092682,2.5420077
ST14,17.786787,6.930457
RHOB,5.7072105,0.8080633
SLC6A6,-0.2119655,9.870167
FZD8,17.594526,2.4551826
STX2,16.22848,-1.5251744
CCDC40,7.9385614,-3.898709
HLX,3.3113735,-8.054304
TXNL4B,9.02703,1.9107134
DNAJC12,14.684001,-2.3180342
ZNF826P,-6.6325655,2.8195436
COMP,5.936829,-12.035988
APBB3,18.970371,4.966943
FCF1,13.016741,1.4117866
ERICH1,14.81841,-8.0846615
KIRREL,16.5023,-4.3327117
TPD52L2,10.47211,15.778383
FMO5,6.8605866,0.5513121
CRTC3,7.6961775,1.1577966
IDUA,9.597671,0.04938942
TEN1,0.35438815,-10.105527
IFFO2,6.8961105,0.5677315
ZNF573,0.0044455687,4.2085934
ARL4D,12.098527,6.8511024
CLCN2,5.109953,-1.6723604
STARD10,19.479652,-5.8352504
KLHL15,13.226186,3.2386494
PLAT,7.8262973,-8.078827
PGM1,-5.1406126,-7.4520082
CYB561A3,11.536396,3.7357295
GREM1,15.591678,3.4915092
SNHG5,2.1051211,3.1272056
DYRK3,6.8690104,1.4660774
TRIB3,12.804988,-10.9339905
KLHL21,-1.1829604,6.7334146
AIFM2,0.78890824,0.5209773
INO80B,-5.6216264,-5.3370733
RAB9A,15.635108,1.2588087
SCRN1,5.4955106,3.0130954
RNF121,2.318431,-12.51275
GTDC1,-6.3528514,3.0025778
ZNF720,13.794123,-0.84495276
ZMAT3,13.385703,1.056356
ADH1C,8.64529,6.5933537
RRAGD,12.518215,3.8950412
SUMO3,6.070602,10.221504
IRF2,9.724654,2.0036697
WDR76,20.70152,4.6647577
COX7A2L,1.9048033,3.271341
NINJ1,6.3206134,5.0750036
ZNF547,8.117322,-4.547656
KLHL38,11.754421,6.06927
ACAD11,7.6028657,11.13721
OTULIN,10.5924,10.718975
PAG1,7.9405737,-8.171334
TBC1D20,20.54975,4.5946474
EVPL,6.2715983,3.9157095
PADI2,6.657323,4.0331764
MROH8,2.4077518,6.112109
TOR3A,17.983515,4.5911603
RNF19A,8.985614,-1.8456085
MAPK7,-3.0661664,2.5159347
KIAA1468,15.192212,0.6586108
ZNF276,9.372187,7.509838
SARAF,1.9586645,3.3175201
LACE1,8.459246,0.215068
POLR2J4,13.320344,-0.52865976
PIGH,6.0684867,10.2191515
NKAP,21.163912,4.254303
GPR89B,-5.5821714,-5.2981315
APP,9.855406,-6.2733464
PRPF4,6.9279695,-0.7760688
SERPINA1,12.107715,-6.2582154
GPSM2,5.5137763,8.104031
GLA,-1.7900805,-4.300946
TM9SF4,6.050306,10.235619
NMT2,19.219988,1.2160128
CHMP1A,2.2775285,-12.5349455
ZNF219,5.0654855,0.11474336
LFNG,3.562075,-7.636244
COL24A1,8.111143,-4.540186
KRBA2,4.3273163,12.1771
WDR83OS,1.1199892,4.1258454
SRSF10,11.6123295,3.8532414
MRNIP,-1.2295218,6.410045
EIF2B2,10.827731,10.154135
SETD7,10.096875,-2.0201898
CDK7,14.925154,-3.9007535
RP9P,-1.2797656,-9.151504
PDE6D,1.7401048,6.851842
TECPR2,16.214478,-1.5543758
E2F1,-4.1654506,-4.116618
TTBK2,20.735565,4.6587195
APOBEC3F,19.049517,5.0131726
DCAKD,-0.28445986,13.235364
COLGALT2,13.881181,7.975147
ZNF280C,10.766712,4.289954
HSPB11,14.573559,-3.415972
SEC11C,14.704748,-3.6085663
PTH1R,19.180035,-5.559342
ZNF334,14.313884,5.536772
ZNF414,11.434423,-2.9985242
PLAGL1,4.7556725,4.662497
GLT8D1,-1.3150909,3.0831192
SLC39A10,6.627964,-4.20552
ZKSCAN2,16.579887,-4.3031807
NFKBID,20.495388,-1.0886682
MESDC1,-1.9354055,-4.2087464
NRSN2,6.9402213,0.5731287
ENSA,2.3417706,13.762686
OTUD7A,-3.0734556,2.515423
KIF21B,5.7983136,16.433802
PIGF,6.806717,-3.9449768
CYP2D7,6.470762,11.554662
EMC10,1.7096283,6.7077494
TPMT,6.748315,-3.9678984
ATP8B3,20.649933,6.1526814
PAF1,12.127219,8.5384
HIST3H2A,20.545073,6.24615
PQLC1,7.1641393,0.5718219
COLCA1,14.256999,-8.271663
NNAT,9.785141,1.9995724
SOCS1,-0.8440691,-10.880679
DIEXF,9.198695,-7.798564
TMEM161B,4.6605897,12.882952
CMKLR1,12.9115,-5.5883994
MIPOL1,13.798499,-1.3488829
TDRD6,7.6206985,11.128738
FOXJ2,3.2734606,-13.868322
TRIM25,3.9129536,-7.2479215
ARHGEF37,-0.21453685,6.8076544
NCR3LG1,-2.763718,-2.1391578
POC5,4.649559,12.371933
MYO1D,3.8626757,-7.151755
ETHE1,7.0600214,7.488185
LIMK2,9.210337,1.9995782
CTSZ,16.73688,-1.7381384
MTFMT,3.44103,2.35549
ATL1,2.6723351,-4.282558
TMEM199,19.73938,2.6459658
ADK,1.7192113,-6.906632
TM2D2,10.491145,-1.2987535
ZNF239,6.424623,2.5277805
TTLL5,8.856341,4.1247783
MCFD2,14.037198,0.4834698
PTRHD1,12.547576,-0.81406194
PLCXD3,8.64764,6.5954895
SOBP,11.182425,-4.668843
ZFYVE28,3.433266,-7.9651923
TMED4,-3.7136726,4.1514707
ADRB1,-1.3132037,3.08497
NEBL,7.675559,-8.030548
TMEM242,0.87482023,-4.5689626
OCIAD1,5.823068,-8.35547
RAI14,10.221342,-5.4689074
NSA2,1.926132,3.2787287
DSEL,6.6419997,-14.934254
EIF4G3,17.050909,-5.1819572
RD3,-4.009074,5.2731256
LRRC58,10.520384,5.311271
SDF2,17.988594,-0.28567567
EGFL8,6.2127247,5.04067
ZMYM5,13.248935,3.2122045
CHURC1,11.969249,8.930374
METTL8,10.714278,-1.3388
MBLAC1,19.183203,-5.561781
ALKBH1,6.744714,-6.0539927
COPG2,15.935416,10.825782
PTMA,7.175693,7.2224736
ESD,2.51598,9.978343
CHD5,10.0783825,-1.8419546
PPIL6,5.135165,-10.795213
INTS4,6.1973553,5.016923
KDM4A,16.00476,0.8113674
PTPRM,0.5452008,-2.8826826
ZNF320,4.660288,12.8959255
SPSB1,12.987902,-8.669638
NFKBIE,-0.26330614,2.3552756
AGPAT4,13.386816,14.096779
CYB5R4,13.310673,1.1763989
BAIAP2L1,0.95565325,-3.1611583
CIB1,10.382887,15.933698
DCPS,11.829785,-8.8558855
CHDH,8.516068,-3.8153715
HINFP,12.041,8.838497
PROCA1,12.978088,1.8915272
FXN,1.952318,10.600332
SH3TC2,-3.004988,7.143527
CCNY,17.950298,-3.4894755
LCOR,14.98886,0.5296617
SLC1A3,12.137677,-6.223058
FTO,16.688063,-5.7950335
STARD3NL,11.373089,4.8048306
RHOD,19.80329,-5.99663
EPHX1,-0.08957507,-0.572172
GPR162,7.211084,0.49410683
ACOT7,7.4196253,11.937022
SNX25,14.082961,0.43923503
CUBN,10.393521,15.9162655
ZBTB37,10.362708,15.788956
NMNAT3,7.6984177,5.113957
CSDC2,15.78161,3.7320015
MCM8,5.027957,-10.653215
CCL19,7.6397195,3.4579704
NANP,9.153111,-7.327791
PHF7,5.069936,-10.70657
DBNDD2,2.1078203,6.2596297
CDCA4,10.068712,-11.303848
PRDM1,-7.4104695,2.2156668
EXOSC2,18.086882,4.548232
ZNF283,6.7515,-6.048555
NR1D1,-6.351888,8.686671
TYW1,8.043727,-4.5482664
PCDH18,1.492454,4.8660107
ZBTB22,-1.5271881,-8.935815
ZNF462,14.04452,9.083409
IER5,5.710063,0.8154112
HOMEZ,2.5002081,-4.5334983
FBXO42,0.92060965,-6.600551
HUNK,4.746094,0.89766216
FLYWCH1,-1.2324895,6.3957043
NDUFA10,1.8113087,6.245895
PREP,17.659893,0.33131313
TMEM136,14.692986,-2.6731899
MCOLN3,22.113504,0.35404843
GZF1,11.617639,3.8515172
TNFAIP8L3,-5.718369,1.094924
RRAD,2.5082474,-5.2947707
YTHDF1,7.7579403,1.1083927
UXS1,13.592614,-4.73425
SLC35E4,7.837485,-1.8254606
UNC13B,12.549335,6.896267
APOB,12.804422,-10.9330435
RUFY3,8.666021,-5.366143
MBOAT7,8.493668,-3.7989063
SHISA6,22.116776,0.3538059
MPZL3,-7.4264455,2.198713
RPUSD3,-0.28359866,13.233918
SIK3,7.868044,1.122054
DNAJC15,13.446755,-4.2998347
FBXO31,-5.6968827,-5.413541
CDADC1,3.3963754,2.3460033
SPATS2,12.223327,-3.5674272
ZNF789,20.749784,4.6054125
RCHY1,9.247978,3.4883282
PXK,9.18239,3.6297886
SLC2A8,9.373124,7.2951617
PDE10A,7.877688,-8.114329
KLHL2,15.186593,-0.25640163
CCDC88A,13.614475,-4.5627766
ZSCAN2,7.0887065,-5.733608
CLPB,10.688607,10.407114
TSTA3,14.126061,5.4067135
SON,16.850275,-5.46474
IGSF9B,10.046938,-2.1590102
SEC31A,9.798643,4.225322
GAB2,13.366479,11.06258
TPRN,19.352554,-5.4349446
PHF13,6.712684,-5.958458
MAP1LC3B,8.78734,-6.1641665
NFATC2IP,-3.06731,2.517829
ALK,-2.1856267,6.8749714
CMTR1,-2.8910897,-1.5437574
PBDC1,14.938636,-3.9336762
ZDHHC23,-0.43044823,0.10789289
KLF10,9.407965,4.036965
SLC9A1,15.769592,0.7617559
TRIM56,1.9653416,10.589805
ACSM5,0.6169324,8.007913
ZNF670,8.667288,-5.3815155
CCDC122,14.034279,13.954663
FBXO10,6.1771793,-4.2638845
FZD1,16.035517,8.485891
C1QTNF1,0.34427232,-0.3676527
PACRGL,13.094164,2.5545712
SAMD5,-6.435033,3.0267398
CDK14,4.4116077,0.8142497
PGM2,14.175437,2.122192
AGPAT3,8.03153,1.0149264
UBE2E2,5.5301814,3.045967
FIG4,8.470488,0.008015694
TWIST1,10.031742,-2.166158
COQ2,6.7719703,6.6942
ZC3H7B,-2.1700375,-1.8600358
CARNS1,-0.32319003,0.041144196
CNOT6L,15.122726,0.7436561
CXCR4,17.743158,7.195295
WDR41,6.813263,-3.9740164
TRAF3,6.9103384,-0.6386043
TIAF1,-3.477178,11.013844
DAGLB,5.176259,-2.093596
STS,4.322894,0.84002286
TTC21A,0.12645939,-8.899089
SMG7,-3.4982843,-2.1732123
GMNN,13.069137,9.432656
PRCD,4.2300153,-6.6677394
STX18,15.008088,-3.9924269
NLK,2.9151766,11.520173
ECT2,-5.70732,1.1291769
FZR1,11.404684,-3.0399148
ZNF706,14.246809,7.0459223
GNS,9.902763,-2.7167087
CERKL,0.293521,1.300493
GPR132,2.510301,-1.5914459
MICU1,-1.0836927,6.75472
CCDC154,-0.69095165,5.948753
SLC9A5,5.364335,-11.083353
TVP23B,6.1066146,-4.4688606
CWC15,14.567391,-3.432781
NAGK,1.7070416,6.7184186
P2RY1,8.629329,6.589849
RFFL,4.1730967,2.4412374
RHOBTB3,9.743243,-8.442564
NGB,2.5537589,0.5880734
SLC2A5,11.764806,-9.378324
SNX7,-5.369087,7.648132
IDS,-0.0054347054,4.1890473
TMX1,6.6584387,-4.164566
ALOX5AP,17.830906,6.9283404
SLC35D2,13.349844,11.052682
CP,17.105553,2.4111557
AK9,21.407393,-5.1267495
MXRA7,10.199238,-1.2812346
CMAS,11.691577,4.0509205
TAF9B,12.180528,5.3806143
LRRC1,11.794818,-6.368393
SLC22A23,15.648946,3.5723524
SPAG7,11.833186,-3.2329519
KCTD6,3.1820872,2.2731323
RASSF5,13.717695,3.911564
SH3BP5L,13.540488,13.726735
ERN1,0.45455694,-0.10046888
MOSPD1,10.900347,-1.1932396
SNX5,0.8722253,0.1601073
P4HA2,17.434162,6.0431986
NGDN,22.445692,4.358635
CLEC7A,12.378748,-6.0379786
SLC1A4,15.706439,3.6242619
ZDHHC15,9.751057,1.9781772
A1BG,12.557246,4.123744
ZCCHC3,15.032418,6.5187063
DHRS7B,6.771554,7.8018565
SPPL3,-0.31142196,0.03590001
PSMD11,14.326462,2.0587056
TMEM184B,12.70839,8.073896
POM121L9P,5.9415126,-12.043024
RGL1,-3.0689397,2.521514
SNX24,6.2343535,-4.301567
NHLRC2,6.154634,-7.2762184
SETDB2,7.0062943,0.5743043
ZNF345,6.8529434,6.9414463
RAB33B,10.77841,5.5223126
CASKIN2,15.01588,14.022641
WWOX,4.827756,4.129987
VPS13A,10.735083,-1.3348165
SPG11,-0.00086491444,4.204169
MAGI1,12.339524,6.90294
TTC17,13.382529,-0.5239203
INTS12,12.914371,1.9843677
SCD5,-3.1419873,1.1453885
ZGRF1,-6.013855,-1.5322279
TMEM121,13.858648,-1.5127106
RPA2,-0.53348386,10.2187
ATP2B2,-1.5532081,7.9627676
C1QTNF4,2.6056054,-5.606312
CTNS,15.1052265,14.076004
ZNF274,5.121653,4.6954904
JAML,3.2931335,-1.7312555
ADAT3,18.167213,9.723877
ZNF799,8.126245,-12.882546
AKAP17A,8.885748,0.26675344
CCDC77,15.987452,0.794547
ZNF395,-0.2021084,6.806252
GOLGA5,9.60514,4.0694456
HGSNAT,10.614673,10.661135
CCDC120,14.566048,-2.9836397
MR1,7.474258,4.449951
FAM185A,18.441116,-8.277091
SERPINB6,19.704262,-5.990112
GPR173,-2.9944923,7.135392
UNC5B,7.4767146,-5.3658924
EGR2,-1.1031641,-4.9581127
MAPKAPK3,7.870394,-1.8443125
TRIM16,15.640431,3.563544
PDLIM5,11.526709,4.2492332
ASXL3,15.69506,3.6153822
ACTR5,19.686457,2.6071553
ZBTB43,9.349735,-8.119643
PNPO,6.423981,2.1079886
ALKBH8,4.3234406,12.185957
ABTB2,7.4023786,-3.5521328
LRIG3,11.746867,-9.387616
PALMD,17.048244,2.4081926
ATP9A,18.791838,11.689462
MECOM,-4.1754937,-4.113493
FGF5,-1.803346,6.7096977
ABCB4,-1.9929754,6.98727
FAM110C,15.881352,10.771273
CYTH1,6.904832,1.4768137
AP2A2,3.0037906,-4.2272925
RASSF8,14.067501,-0.44120026
SFXN4,9.060779,11.963821
GYG2,14.808169,-12.571467
RTTN,12.110386,12.449046
PDXK,11.984271,5.9188404
CCDC57,9.292548,0.13802332
PRICKLE2,14.565343,-7.0309076
ZNF718,0.81286997,-4.505908
MIPEP,18.424707,-8.293827
LIMD1,14.3915,-6.7576046
TMEM240,-1.345494,-9.095897
GRAMD4,11.649381,-8.676988
FBXL7,10.343645,1.9990958
ZNF850,6.488334,-4.596006
SOX9,6.791443,-9.547183
RCC1L,18.166887,9.724106
DCTD,-5.707729,1.1295569
FBXO33,15.490513,0.39629588
METTL4,-3.2535608,1.0359874
KDM4C,9.957122,-5.6703362
CEND1,2.8137562,0.46314317
DDI2,1.6230537,5.5002666
CERK,12.067131,1.1025035
CAPG,4.5476656,4.5233135
NAP1L3,9.129964,4.553178
HSPB1,19.355284,-6.3027534
RAB29,13.3631935,14.09649
GMDS,6.583005,7.865538
MAMLD1,2.408696,6.5021276
ADCK2,8.519026,-3.8037345
ADD2,3.589194,-8.511297
AKNA,10.769927,-1.3589427
TUG1,9.415004,-8.488316
CROCC,-1.0075624,6.8746653
M6PR,8.657352,4.0782566
PDRG1,12.013815,8.901059
TMEM41A,17.378319,4.5469966
SLC7A5,-0.22497001,2.3511748
NDRG1,4.2384405,-6.6149406
QSOX1,11.233346,-4.7249546
FAM53C,6.882617,-0.73572606
RABGEF1,-4.0862427,-4.1730824
CUTC,0.5192919,-1.6234301
FBXO27,7.7107434,5.119255
MKNK2,13.320597,10.800618
CLCN6,-5.7236257,-5.44038
RMDN1,10.61944,-1.3378918
CWC27,18.414812,-8.304775
TSC22D1,0.9656049,-6.625725
PCYOX1L,4.8600807,-3.142704
REL,14.698741,8.1211815
TMEM135,5.846432,-8.322975
COG7,6.9543686,-1.293079
VIPR2,14.636001,-2.2510383
BBS12,8.119768,7.0835814
PCCB,18.433424,-8.282397
KCNA2,8.490212,-5.9545503
ZNF568,15.5424,0.45249093
GEMIN5,6.427876,2.4873712
SLC22A15,7.4346766,4.043496
MSH2,-0.24315692,9.917398
SEPT1,2.9133484,11.518547
TRPM4,10.076731,-1.5973989
TMEM18,11.390486,-8.514271
PUSL1,19.34231,-5.407555
HAGHL,-0.6989135,5.95339
FBXO38,8.43995,-12.422758
ABHD12,0.97795266,-7.78822
BCAS4,8.053305,6.5534863
DTX4,-3.0196745,7.165486
FCN1,3.277891,-1.6790533
WDR54,12.567509,-0.827407
SKA2,1.885837,10.672705
HNRNPDL,10.567348,9.794607
TUSC3,4.751437,0.89606553
PDZRN3,12.410611,5.793105
PHYKPL,12.579973,-0.9809143
ADORA3,12.627695,-5.8517056
DNAJC17,14.803389,-0.01299864
CHST11,17.95075,6.6168838
ZNF227,3.211905,2.2087202
CST3,-4.100089,-4.162446
SAYSD1,3.2761931,-13.865115
RBM12B,4.5940304,12.706741
NEK8,9.545945,2.2030168
ANAPC10,-3.1604638,-1.7940507
STAT6,5.1699777,-2.0370495
NAPG,10.502755,5.3093896
RBAK,10.51555,5.2944746
POLR3A,6.6911783,0.781238
MXD1,8.808854,-2.6454132
FAM149B1,8.84454,1.1342427
KIF13B,-2.5083199,-2.0649457
IFI27L1,11.540543,-2.9314752
TEX2,16.230724,-1.517503
FAM189A2,10.530505,-1.3651764
SDHC,2.925513,9.610704
ZNF528,16.811205,-9.0181465
GPAT3,17.000525,2.4630466
MRPL50,11.450086,10.504775
SLIT2,19.376713,2.7052047
MAML2,15.469781,0.4472571
NPC1L1,10.134723,12.988553
DHX34,10.271895,8.841307
TMEM263,9.643251,-6.2471957
WASHC2C,12.810908,-10.93938
ZUFSP,8.429892,-6.1351027
EZH2,0.43256274,1.1360182
SCML2,6.2224283,-12.529356
KCNN4,5.908183,10.400581
ZNF256,16.742905,-1.7449894
LIN7A,11.666636,-8.694343
CORO1A,17.904861,6.8218317
RAB24,2.4958327,-5.367376
AVPI1,0.91359,-7.4199343
STARD4,1.7853166,15.170398
VGLL4,13.621872,-4.543044
SPSB2,11.258842,-5.950594
RASGEF1B,3.1098332,5.295178
FHL2,6.358187,1.0257876
PLCE1,13.617657,-4.805112
FAM178B,2.807014,9.736552
CNN2,-3.4147613,2.5013537
CIT,-2.6803222,7.0603714
ARFGEF1,16.465305,-4.3149633
HERC4,20.382404,4.7338643
BECN1,8.62985,4.092129
ABO,3.808998,-7.3802757
SNX29,-3.27024,-2.161792
ITGA2,-2.5986056,-7.2284384
CYSTM1,1.8686717,10.69142
ZNF837,7.0182285,-1.2861006
DHCR24,7.632254,3.4875553
BTBD19,4.22956,-6.6565514
ANO6,4.292192,-3.5021846
SRSF3,6.955592,-0.9049332
NMRAL1,1.115862,4.1194553
SLC35C1,11.3233795,-4.8075523
BORCS7,8.9534645,-2.2050357
TRIO,-2.5308313,-2.0640934
FAM228B,19.634974,-2.6315167
ZNF583,14.584517,-3.453578
ARMC10,18.270954,0.14820352
FHDC1,11.545954,-6.508395
PAAF1,12.178439,-3.5673327
CAMK2N1,8.090146,-4.489448
HEATR3,17.78492,6.3156266
MAML3,15.968564,2.0734484
KLRD1,17.66901,7.3864694
PPP1R26,-1.2888397,-9.145472
ZNF780A,4.364205,12.231689
CERS2,14.31836,5.551804
UNC119B,-3.7065594,3.7452817
XRN2,6.881063,-0.69347936
PRTG,-6.5978913,2.8575885
GPSM1,12.593054,8.124519
CNEP1R1,16.922045,-1.7183765
MTAP,11.250218,-4.745832
STK32C,-2.8588684,-1.3116139
THOC6,15.229903,0.67579186
TMEM45A,7.478576,3.9726734
KLHDC10,17.071238,-5.1553426
ZNF576,14.802191,6.642502
FBXW9,18.165451,9.724246
CBLN3,-2.0638475,4.361597
DNAH1,13.251451,4.501512
IRS1,15.234698,0.03506822
RFXAP,10.743202,4.269659
MARK1,11.722112,3.9699936
GRHPR,1.5979446,5.5758915
B3GNT8,-0.16757253,6.797183
LIMD2,17.929317,6.7828693
DYRK4,2.0179946,7.668749
TLDC1,13.835784,13.831777
CPSF6,10.492179,5.3169355
ACTR8,16.7015,-5.7623386
CLPTM1L,18.881649,3.2532637
RABL3,12.971479,1.3082942
TSPAN33,8.03276,6.3007655
GDI2,13.810419,1.6330764
KIAA0895L,15.312523,-0.23222199
LARS2,2.1118975,7.840986
SEMA6D,-6.4679112,3.0677283
LPL,8.143135,7.1511283
INTU,9.7316265,2.0059426
KATNBL1,4.867657,-4.9440446
EIF2AK2,19.366272,5.276043
LOXL4,12.335408,6.9059496
ATXN7L3B,16.871958,-5.3784432
PDCD6,14.042137,9.082409
MTCL1,10.360107,-1.2158879
ZNF347,16.595995,-4.2009625
RNPEP,14.840181,14.001348
KLKB1,19.35086,1.4071234
CBWD7,8.667987,-0.16698925
SAMD12,7.713423,5.1153483
SMDT1,2.0215495,7.6335692
LRRC23,-0.59659386,6.8756576
ZNF182,4.7445564,-5.0962505
ZNF367,5.3767734,-0.15911674
GTF3C1,-2.5380263,-1.9134393
PHF14,8.516828,-0.01334172
MYO16,7.3688436,9.542436
PPP1R3B,15.772681,3.7150862
WDSUB1,0.61671793,8.007744
TMEM220,10.617331,10.6761675
LGMN,2.480294,-1.5574782
C2CD3,5.413618,7.1025853
LMBR1,11.198741,4.8328505
SDPR,7.3439817,1.4273636
INHBA,12.911417,2.7974234
HTATSF1,8.508462,-0.025210364
KLHL26,0.97297305,-7.754088
ANOS1,3.428377,0.10521381
H3F3B,0.4971919,-1.4690695
VARS2,14.339742,13.981629
PRKD3,6.6557846,-4.167373
MSL1,5.169566,-2.0567667
PRRT3,13.656688,-0.7573931
SPICE1,8.517973,0.0045099566
SLC25A13,8.014204,6.504285
MAN2A2,14.193694,7.0827394
PARVG,2.913174,-2.44636
ARRDC3,6.7838097,-3.980694
POU6F1,12.663396,8.082351
KATNAL1,6.157413,-7.2769794
SNX27,10.079871,-1.8514868
TM2D1,13.792716,-0.8641371
ANKRD13A,10.685412,-1.3453681
PCDHB7,9.26746,2.015073
IGF2,4.691549,1.3961973
HSCB,9.078395,1.9399568
CORO2B,-6.200893,3.0511231
EXOSC7,2.7844803,10.433231
ANO10,11.54102,-2.9342716
SEC31B,12.848335,-13.301129
LRRN3,4.7135644,0.89374274
MYO15B,-1.7564316,4.2949905
CHCHD6,7.9784875,6.440164
ZNF141,0.89707756,3.7534728
DHRS4,1.7026494,6.720355
ALG6,-2.2456303,-1.8604778
LSM1,14.76134,-3.6692858
GAL,2.5309043,0.6120597
SLC25A16,11.569804,3.7472386
SREBF2,1.7842392,15.171507
PITPNC1,4.851478,-3.149838
TMEM120B,12.256604,6.8920293
PSENEN,0.11343069,4.339155
WDR20,2.8119743,3.5451558
NEDD9,0.52287406,-2.2669723
CARM1,13.231103,3.198578
SNAPC1,6.145333,0.9954306
PDF,6.8508105,6.89287
TIMMDC1,12.158519,5.38934
RAPGEF5,-1.7344637,-4.391191
MPI,0.8896234,3.72914
PELO,1.0939718,-6.5558715
SLC20A2,5.4348145,2.9841754
NAPB,12.518994,3.897693
GTF2F2,11.547403,10.493359
HMOX2,10.983419,-10.758441
SPRY2,22.118397,0.3538612
SMURF2,13.494392,0.54203355
CD44,7.037909,2.039491
DNAJC19,2.0637949,9.981848
DHFR,7.669449,5.0967183
PRKACA,1.1706843,4.084867
ZNF544,5.3096924,-11.023217
DHRSX,-0.62276095,7.067508
RHOF,19.62082,-5.947947
ACO1,7.3845387,9.524908
STK33,15.954803,10.845151
KCTD12,14.2430935,5.771524
CCL18,12.70195,-5.7830715
EEF1AKMT1,-0.3421118,10.023293
VSIG10L,22.629541,2.0512204
KIAA0319L,15.251482,14.16156
CRCP,4.162869,2.4351976
ZCCHC17,14.559344,-3.4292579
RAB20,0.72434235,-1.2372081
ADAM11,9.271793,12.279357
ALG9,13.857023,-1.4990847
PFKL,9.637852,0.03840979
ZNF543,20.598835,7.7150245
SORCS2,4.687218,0.8959304
MRPL21,2.4249692,10.099014
HTR2B,13.447677,-4.2923355
ZNF426,3.1744978,2.2119997
DNPH1,11.601298,-2.9928129
TCTEX1D1,-5.7121654,1.1040665
TRA2A,11.621333,3.9689775
GPR157,7.0924935,-5.7275376
RBMS3,8.142199,-3.7627575
AP2M1,9.953758,-2.6292865
CDC42SE2,13.449407,0.68115324
LGALSL,6.2163577,-7.2274833
CD46,6.010159,-7.607185
GGA2,14.869389,13.9896965
SPRY3,16.640385,-2.5275269
SPAG4,7.069554,0.60474247
TAF5L,2.3753319,6.182125
STYXL1,5.0416937,-10.640355
BTBD3,6.650279,-4.1169558
VPS13B,17.019592,-5.1992188
GCNT4,10.762949,-1.3138491
FZD5,11.991335,5.918157
EPS8L2,-1.4949502,-8.96472
OGFOD3,19.44908,2.235821
TNFRSF11A,3.3625093,-1.5401409
COQ10A,9.3765745,1.9979576
XKR8,6.9337697,-5.8758407
FAM212A,3.4933941,2.349397
ENOPH1,10.983648,5.33475
CHTF8,10.096577,-11.34827
ID4,12.479239,6.944748
R3HDM2,17.638275,6.2160125
GBGT1,17.926188,6.737953
NINJ2,3.719274,4.776044
ZNF429,4.339474,12.186603
SMAD3,-1.9603739,-4.1957583
RPA3,14.59399,-3.4915793
GNLY,17.719486,7.301172
PDCD1LG2,17.044407,2.4442239
ZNF697,16.927067,-1.71732
ARL4C,17.97659,6.6208096
STAT2,3.3171313,-13.818982
SHROOM1,13.863705,-1.5050228
MTF2,11.620783,3.970725
ZDHHC20,6.158635,-7.279358
ZNF70,4.5532312,12.601426
NSF,6.9955873,-1.1142353
DYNLT1,2.444535,10.203955
KCNQ5,15.870649,10.760499
ZNF71,-2.9181445,-1.7325742
PTGDR2,9.2022295,1.9916866
CTNND2,-1.7512468,6.640468
DIS3L2,7.838536,-1.8591769
CNTD1,8.404271,-6.1315913
ZC3HAV1,3.3143945,-13.818178
RADIL,3.9132614,-7.2558856
BANP,10.262654,13.091554
PDE7A,3.3236113,4.9086967
SRC,9.304267,7.5379987
CCL14,0.58120936,-2.6016655
MCM6,10.416483,-13.403775
RGS4,14.851969,-6.8058414
PLA2G4A,-6.551411,2.904907
TBC1D9B,14.9788885,14.013976
MRPL15,18.385324,-8.333327
FAM210B,2.7142684,-4.3120904
DLL4,-1.2232623,-4.8091035
PPP2R5A,6.3798127,2.0627337
DDIT4L,6.2314043,-12.525986
NOMO1,14.308448,5.229847
FUT4,0.8808603,-7.4284763
ST3GAL5,12.924669,2.8003263
CBX5,14.733615,-2.191591
CASC15,14.765355,-7.7775817
TMEM268,7.464153,-3.6483696
OPCML,3.943604,0.8833011
BRCC3,11.201351,-4.69065
CYB5A,20.676811,6.123695
ICMT,-3.5123522,-2.178211
ABCG2,0.53849286,-2.5366764
RAD17,5.6004124,-8.729755
CSF2RB,6.8433027,4.133304
PIN4,2.0932953,7.3855305
RTEL1,8.649417,-0.12114758
IL17RE,14.650875,-0.28870314
ALMS1,20.349598,4.766425
PRICKLE1,13.663795,-4.5386815
FBF1,-2.869256,-1.4227604
HEYL,-1.9618247,-4.1941586
SLC29A2,7.4738626,-5.3702617
CSNK1E,20.495476,-1.0886549
HMGN4,8.680309,4.0786934
DHRS3,10.091188,2.1282763
GPR107,6.238269,5.5389175
EFNA4,10.880232,-1.1942766
RFLNB,14.4467535,2.4533148
FAM134A,13.845796,-1.4801848
NMUR1,13.988591,-8.291015
PCDHB11,9.263715,1.9897778
SASS6,6.464393,-8.06931
STK35,7.072389,0.54403675
OCIAD2,6.2256155,5.5098495
RUNDC3A,2.9413671,0.49290904
NFYA,10.258501,10.994753
RHEB,14.255982,2.1607163
TRIM14,3.3435318,-1.9619861
NECTIN1,-7.767032,1.9694074
RMND1,5.5577126,10.548221
IQCB1,8.484003,-6.0308366
ASAH2B,-1.7317135,-6.101775
CTSH,3.8640451,-7.1552052
ACOX3,9.483867,-3.1482775
TLDC2,1.6918283,-6.902334
ZCWPW1,-1.1056808,6.803856
SLC16A14,12.288672,5.7821975
CD38,15.049263,6.5013804
CCR10,-0.23440386,2.3723087
ZNF836,15.3314705,0.6920774
SLC4A5,5.157482,-10.82409
KATNB1,17.421412,6.0297213
LSG1,19.249561,2.0351975
ZNF551,8.118429,-4.54176
ZNF665,4.6691666,12.390581
ALS2CR12,-5.418774,7.713815
RBM15,8.942041,-1.8792418
LAYN,14.734256,-2.270048
GCNA,13.868132,-1.5108892
ZSCAN20,4.627297,12.355724
SLC23A2,11.786137,8.232844
SMARCD1,8.913831,1.1147068
MLLT11,-1.4457253,8.068024
SYPL2,7.7135224,-3.8087993
TBL2,6.329371,2.0935187
PDK1,12.983092,3.5738964
MAP3K7CL,12.159936,2.3874948
PHF2,18.819126,11.660778
PPM1F,14.705398,-2.6582615
MAP1B,9.957612,-5.6637783
SLC38A9,0.86434597,0.15879805
ZNF610,4.3300304,12.117924
PCDH12,3.2789252,-8.346029
FANCC,5.3659873,9.302749
FICD,6.7822766,6.716422
METTL21B,7.3276567,-5.508484
GPR183,6.9077573,-9.435141
PPM1J,5.411387,8.203335
NRF1,14.267372,2.2435439
TDRP,19.137314,2.937392
CMIP,0.6570339,1.0200089
CITED4,9.238823,7.66888
SLC35A5,2.346656,13.770948
ALPK3,8.115636,-4.5382323
GLMN,4.868589,-4.942982
PIGT,6.9055166,7.5340147
YEATS2,2.5322437,-4.496161
RBMX,8.481839,-6.019324
EIF1AD,-4.25492,-0.18311574
GPBAR1,3.326232,-1.7288632
ZBTB25,14.832236,8.275045
TMEM126B,14.945156,-3.9385011
PFN2,1.8978133,10.66628
ZNF286B,3.221265,2.2879543
RNF166,14.944111,14.003464
NOA1,1.909332,3.193422
FAM222A,-3.012801,7.146798
PLAG1,15.78447,3.7350252
SGTB,6.1573687,-7.2763815
DRD4,-3.6722648,9.63215
CLPP,16.652023,-2.5270216
ZFAND2A,10.383806,15.924861
EID3,9.762283,-0.9957466
ADGRE5,-3.8014865,-4.3574696
CHD1L,-3.620202,9.5970545
EPB41,3.7859592,2.341291
IPPK,-2.8293204,-2.1191912
SS18,8.015838,6.498328
SMPD1,10.477233,16.225267
BMX,0.5248397,-2.3679125
ISPD,4.000004,6.4243236
EVI5,17.840094,-3.622529
TRMT61B,21.185844,4.233068
ADCY1,-5.69137,-1.2571481
TBPL1,2.005833,10.030683
BTBD6,9.6094885,12.6382885
PLOD2,13.014711,4.413776
IL13RA1,3.8051689,2.341599
CHST14,4.6824207,-3.2328691
HEY1,3.2715762,-8.449255
ATR,9.20693,-7.8177805
ST3GAL6,-1.901531,7.7696757
GATM,-1.9417688,7.8023267
HSPA7,12.843762,-5.6389823
FAM120AOS,2.7991793,9.745142
POFUT2,6.7922645,0.52226365
NFXL1,15.2673435,0.032420725
PRELID2,13.504108,-4.5747433
ZNF213,2.5028474,-5.397564
HCFC1,-1.4829837,-1.7853749
MAP3K9,20.524506,4.598055
PPP3R1,6.33951,-4.3055058
RPRD2,16.88191,-5.3721075
GSAP,10.092988,-1.944517
STC1,0.53125364,-2.312423
CCDC88C,3.5709264,-7.6308866
TIMM29,9.297212,7.5944877
SNAI2,3.3938951,-7.992086
TGDS,-5.6001134,-5.315031
ZNF138,-1.7317781,-6.1024075
CDO1,-6.818614,2.6438434
SUMF2,3.9802454,6.0429344
TCF7,3.9079325,0.90233684
BEX3,8.0176,0.91223395
SLC41A3,-0.6214495,7.0664186
IL6R,16.16829,-1.5250795
SH3D21,23.38002,-2.2741938
NUDT2,18.49337,-8.226799
CAMKK1,9.171552,3.6086767
TMEM181,9.069265,4.078207
COL9A1,3.8583007,0.870168
IRF6,-7.750696,1.9690852
RAB8A,-3.1071987,-2.0435896
VEGFC,1.4428796,-6.7990403
CEBPZOS,4.6123495,-3.2774315
FBXO9,-2.190034,4.3472404
FAS,17.512375,0.47845945
FAT3,14.709978,-2.619664
ZDHHC3,16.1525,-1.5509872
GTF2H5,9.9889,-1.368857
TRIOBP,19.488668,-5.8346405
TMEM203,1.7280668,6.6463437
DGKE,10.316185,2.084756
FJX1,-1.6979913,-4.254898
ENC1,-6.2238483,3.0180721
LYRM4,2.113489,7.844598
PIGB,14.390982,6.948441
NDUFV3,2.4834263,10.203928
KXD1,18.77163,3.406926
CTNNBL1,-3.7164512,4.152551
PPP1R13B,-1.0954249,6.729729
YOD1,14.81781,-0.19630525
MPG,9.2755995,7.6390452
H19,0.3862913,1.1801428
GALNS,18.424656,-8.290674
C2CD2,5.002837,-0.104260616
TTC31,9.663467,12.692308
ATAD2B,6.6226254,-4.2085857
COL18A1,-2.1644094,6.862785
EDN1,8.124442,7.0914187
MYRIP,-2.2453022,6.9400206
ZBED6CL,8.677172,-5.728716
WASHC3,3.8349931,5.8211894
TIMM23B,14.276261,2.197631
MRFAP1L1,-4.3618994,-0.30049464
VPS37B,9.958093,-2.6501362
GALNT18,13.609252,7.2386
SAA1,7.633835,3.4554393
CCBE1,9.784434,-1.0121924
RAB3D,10.127307,12.981441
MUC1,9.529969,2.1993175
CNTN2,-1.5607436,7.9588213
FAM60A,21.755539,-1.4938544
SSTR2,-1.7350771,-4.361874
SMYD1,-4.175101,-4.115603
RUBCNL,-5.718009,1.0949755
ABCA1,7.5197678,1.341622
STC2,19.29152,1.7330381
MAP3K13,10.872645,10.17772
MMD,10.6251545,10.185603
ZNF678,-2.081987,-2.1130018
SIVA1,1.1624583,4.2014866
REXO2,10.856577,10.145249
KIAA1958,5.838365,-6.9292717
NCKIPSD,3.9734182,6.0319715
DGKA,0.51582295,-2.0295649
TIGD2,4.580559,12.631183
TIE1,0.84326416,-3.0244625
CFLAR,-0.8479234,-6.7057085
TRIM46,12.033006,5.8998837
WARS,3.3243792,-13.806805
ABHD17C,0.69969964,-1.2306966
RNF112,-3.7775185,-4.385739
LGI3,14.750615,-2.2088783
SDCCAG8,8.443214,-12.416185
TMC4,5.4498315,4.8510695
AFDN,14.933894,-0.43116802
HERC5,19.367662,5.280557
MED11,13.846575,13.823581
ACVR2A,5.6026263,-8.728219
IL17B,10.160502,-2.0432487
HK1,7.4154987,11.916338
DDX27,14.307519,5.1796865
NDUFAF1,12.872072,1.9995104
UST,5.539165,8.069823
CYB5R1,14.352335,-6.706945
FMO4,19.38591,1.4920515
RMND5A,4.3640213,-3.4520333
MED7,17.39269,4.549023
ZNF57,8.250845,-12.772566
BOC,5.4417443,8.171227
FAH,13.692737,-0.7375846
SRRD,1.9560516,10.596107
FOCAD,-0.09404971,-0.602683
OLFM2,3.5161657,4.8382483
CCDC146,8.3417845,-3.7320182
COX11,2.6339302,-4.241575
CDCA3,12.669338,8.133076
SRSF1,9.391553,-8.409783
EREG,14.526597,-7.572075
ZNF85,14.317157,5.5548887
CAMLG,2.5593228,3.329546
FZD3,10.413906,-1.176514
WDR31,4.556028,12.301827
ELANE,7.6501184,3.094926
UPF3B,20.592691,4.7561917
HDX,3.8023765,2.331428
ZCCHC4,18.288269,-4.721187
KIAA0753,10.870454,-1.2118803
MYO5A,13.493247,0.5485702
CPNE7,-1.7968359,6.7072263
SFT2D2,5.0591345,0.120982066
TVP23A,5.495405,7.415555
MSRA,-5.1701164,-7.4510245
FBXO18,-3.0358417,-2.0329354
TLE2,12.489879,8.140305
ACTR10,2.0635872,10.48065
NME7,10.268955,10.977791
DAPK2,11.876659,6.910916
FANCL,5.4676847,10.630051
SMARCA2,19.21903,1.226075
RAP1GAP,3.8531086,0.9035455
GPATCH3,-4.292796,-0.226869
FAM124A,7.11274,1.1840229
CD7,-5.545923,0.9260587
DENND3,-5.68406,-1.2511467
PCP4L1,2.0812721,10.49718
AACS,19.49024,2.5708096
CNGA3,12.440128,6.9986053
P2RY8,-0.53518033,2.1128213
VWA8,19.746115,2.6702986
DDB2,11.305847,10.421316
LIN9,6.7330027,-6.065887
GAR1,17.385164,4.5515594
ABHD16A,10.255962,13.087142
MRPS18A,1.7797912,6.2672176
GTF2E1,14.963051,-0.52131563
ZNF800,9.475764,4.0168147
RGS12,7.971976,1.1317838
IL17RB,12.173578,6.8937936
DET1,5.657513,5.23234
TOR4A,3.4095984,-7.9788733
UPRT,13.319681,0.7009333
OCEL1,19.81428,-6.0130415
SPTAN1,-7.6353836,-5.5616484
SOX15,4.136658,-9.526642
RRAGC,9.202465,3.5940614
URI1,4.9166656,-3.0854952
ACE2,6.611258,-14.9636345
KIAA0391,19.579718,-2.557946
CSTF1,-4.2368774,-0.16216058
COMT,16.595879,-2.6022408
GNAO1,11.855272,6.9766803
LRRC7,4.039602,0.88610816
SUCO,9.499746,-6.6518583
TRAPPC2B,22.445814,4.358753
CDK13,9.472357,-6.672121
MICALL2,10.372991,2.105605
RSPO1,6.6656184,-14.912154
ANKRD18EP,12.438379,-1.1111907
ZNF480,4.8956366,-3.1109362
ZNF385D,6.137626,0.99564266
CCDC13,11.8952465,6.9406495
PCDHGC5,9.719364,2.0152571
FRG1HP,11.760204,6.0751414
DOT1L,8.292338,0.57236767
CD274,0.65976083,1.1191809
FTSJ3,1.0874548,-6.494204
DEPDC5,-3.1614819,-2.093988
NANOS1,11.745497,8.215263
UBQLN2,-3.68045,4.059496
SPIN4,9.64072,-6.2531376
KLHDC8B,0.29822233,0.012941856
KIAA0513,-3.0655282,2.5169601
FAM200B,12.1671505,5.406929
PSMF1,1.9995524,7.6326766
DEPTOR,0.9040852,-7.2271943
SFXN1,-3.1283085,-1.9509213
EXOSC4,19.154274,2.8447335
TINF2,19.389324,2.197461
FAM220A,8.625188,-0.17468418
KIF26B,5.509244,7.4547243
SLC12A7,10.150432,2.1094494
SYTL3,-4.009185,5.275566
RIPK3,3.4545195,-7.9172897
NCKAP1L,-0.15972939,-0.076709025
AZI2,13.211633,1.4917514
MBD4,7.7336664,-3.8029075
SLFN12,2.3437116,13.769621
ANGPTL4,6.069537,0.95529425
RNF113A,2.0855582,3.0809493
SEMA4D,6.8217874,4.082032
ZSWIM1,20.597324,7.712867
METTL14,8.292648,-12.718585
FAM133B,10.968179,5.1555514
CCDC136,2.4299924,6.441814
NEMF,16.720867,-5.718617
PROSER2,11.804786,-6.3651958
SLC38A5,13.40477,11.083502
NSUN2,17.860897,0.15809502
MED15,8.867893,0.30843595
WDR7,14.159504,-0.42287308
GRAMD1B,-1.5568882,7.9610457
RAB15,7.01328,1.9518943
MAPK6,9.500844,4.036454
ZNF764,-2.2675898,-1.839525
DNAJB9,9.179853,3.6859508
ATP7B,3.8022068,2.3390832
XXYLT1,15.157688,0.08860054
MYLK4,1.6987877,6.877396
RPH3AL,6.7987556,-9.54097
PMM2,9.287666,-7.883588
LAMA3,3.9501665,-7.274285
WDR18,17.740807,6.275727
DENND2D,2.9163506,-2.4497957
TOR1A,14.370785,2.0804234
MPPE1,-0.2966152,0.00084456545
TANGO6,17.63268,0.35886073
PIGZ,9.227256,-3.2454324
TAF1A,7.199063,7.2663126
HID1,3.5761793,-7.6300573
TADA1,20.598007,7.713338
MYH9,12.51367,6.940357
LURAP1L,7.0098233,0.596621
LSM14A,10.04765,-5.67359
KLHL10,-0.8490394,-6.703367
TMEM107,4.7162504,-5.1270294
FMNL3,4.0940795,-6.893472
KIF9,11.487992,10.472405
WDR97,4.087157,-9.573614
DALRD3,16.745508,-1.7416223
FKBP1B,6.5488434,7.905358
H2AFV,9.976504,-5.6798954
CD109,18.546562,3.754109
PHTF1,11.419053,-3.0145357
TAMM41,14.772607,8.192827
OXSM,17.38584,4.5431657
DYRK1A,8.854225,4.1326656
ALDH3B1,13.175441,3.298034
PART1,15.934678,10.824236
EIF2A,2.3865619,2.918997
GDF11,7.3139987,0.13636965
DGCR6,6.0995984,-12.389841
WDR53,-4.253804,-0.18314208
GLG1,2.3863142,4.893795
ZBTB18,-2.818051,-7.478522
RNASEK,0.32382196,4.5379167
RPS27L,12.8892145,1.9940778
ZNF267,6.104226,-4.4506636
NGLY1,10.635266,10.211679
SLC25A10,6.043858,-12.732585
MOSPD3,-1.2379324,6.386926
AP3S1,11.243336,-4.739648
ACTRT3,-4.2369795,-0.16270714
MYL6B,7.3973017,4.584052
SV2B,2.9726639,0.53852564
RIN3,15.307738,0.68545234
LONRF3,16.719732,-5.6162806
ABCC5,0.86980295,-4.560866
ZNF233,13.72153,3.9083433
SLC25A29,8.666097,-0.19939077
PRMT9,-1.1534238,-4.8988023
MED6,8.947813,-2.048036
APOL3,-1.5977387,-0.9323998
RBM26,13.473882,-1.0047607
COPRS,11.773023,-3.1661417
HSPA4L,11.614981,3.8415098
ZBTB42,15.305969,0.6650841
HOOK2,5.451057,8.174729
ABCD4,5.513063,7.467847
KHDRBS1,14.208381,13.94928
ANG,12.726125,-9.990237
GRIA1,4.8178864,4.0822935
DNAH5,10.2288885,1.918636
FUT1,5.3076243,0.58913547
SNAPC4,9.2856865,0.14457375
B3GNT2,-1.7513331,-4.3767657
MFSD14C,15.795188,3.7416224
MED31,14.57584,-3.4516494
ZNF703,19.598871,-5.9537907
CCL28,-0.30565053,0.022780249
STAM,13.44231,0.67581797
DLEU1,2.8779376,9.660773
FAM120A,8.92884,4.107696
HEY2,3.5347419,4.8246417
RASA4CP,6.0383363,10.248394
TNNI3K,12.176449,-3.5645523
WNK3,0.9009042,-7.218961
KLF7,15.081884,0.65827703
PSMG1,14.943842,-3.9292898
C6,6.6745386,-14.90576
ADGRL2,14.98625,0.6659002
MYH7B,4.2106133,-9.459125
VRK3,16.323595,7.123759
NFATC4,9.188424,7.7386565
DRAM2,-1.4312208,-1.7818874
GLTP,8.817844,-2.6568272
HSD17B12,13.44768,0.7158597
SPRY1,-1.1681334,-4.8796825
TMEM187,9.274556,-7.830748
FAM122A,5.6471605,-6.729996
SLC26A2,0.9505086,14.275145
NBPF11,7.004806,-1.1831682
DCBLD1,7.856298,-8.137101
NACAD,4.204034,-9.469194
GMCL1,5.7914586,-8.426522
EIF2AK1,13.812973,1.6367085
CA4,6.169768,-12.546414
PICALM,13.9731865,1.9722277
SLC25A38,3.3538241,0.34807536
GAS1RR,6.065912,10.220801
FIBIN,6.702355,-14.87647
SLC30A1,19.389399,1.517056
ELOVL4,5.836518,-4.510564
IKZF2,-2.5849133,-7.212376
RIMKLA,1.9945561,10.012262
CD82,14.773777,-6.8683653
IP6K3,0.8902826,-7.4705396
MED19,6.3852844,2.0618641
SLC6A1,5.09078,4.6407204
LY75,0.50958496,-2.3340993
SLC41A2,7.9677806,-8.300107
TMEM241,5.535048,7.4182396
NRBF2,6.954779,1.4897826
MS4A14,12.890071,-5.600105
TGFBR2,0.6481081,1.1327085
PAOX,-0.95037705,6.420427
PNRC1,6.8844748,1.4690825
HDHD5,7.9868546,-1.909923
GNPAT,21.122463,4.2998204
TBC1D22A,8.15548,-10.660975
DLG2,14.731886,-2.608581
PPP3CC,8.627065,-5.774229
CAPRIN2,9.281947,12.282935
GAB3,13.205575,3.2411356
REC8,-2.972984,7.127515
NCEH1,-6.432987,3.218644
GRHL1,-7.478047,2.1516428
MOV10,-5.5469584,0.92729867
RAP2B,2.609887,-1.7319286
TADA2A,19.327065,2.0578508
KDM5B,15.058638,0.5498356
ZC3H6,11.401335,-8.522576
PSAT1,-3.6297908,9.600383
ABCD3,5.8450317,-6.9415607
PTMS,1.1630385,4.0929565
ELMSAN1,-0.23472431,2.3822074
KLHL4,0.10517999,-8.93902
PAK1,8.338741,-3.7119448
HSPB2,9.646996,12.680274
MED30,11.81401,-8.907447
CCDC149,-5.416202,7.7117763
NDST2,4.0968566,6.357803
TMEM38A,9.872208,-1.105807
BMPER,13.56726,7.195919
ATRN,14.169598,-0.41448897
CCNE1,8.929321,1.1042733
TMEM134,11.418971,-6.1897287
RCSD1,19.244783,2.0469592
RBMX2,2.0022216,3.2593303
PMS2,-0.47677076,10.1707945
PCID2,7.974176,-1.9132649
CLIC6,7.496724,3.9540622
INSIG2,6.184369,-7.255257
MZT2A,1.30099,4.419924
LSM2,10.477454,16.22604
GLOD4,6.8079967,-9.530441
SYNRG,-0.00529505,4.2019057
SMCR8,16.848091,-5.485402
ZMAT5,19.774155,-5.9979925
ATP6V0C,0.18847924,4.403811
PCTP,-1.3185817,3.0819688
CYP20A1,3.165156,2.2302647
TCEAL2,2.1916206,9.923772
ZNF668,2.4435127,3.1190407
ZSCAN5A,19.598024,-2.5966983
MTMR7,2.416865,2.9985392
LOXL3,4.02591,4.7060966
FOXN2,7.968942,-8.300625
CCDC69,-1.2194709,11.30703
ADAMTSL4,-1.9669617,-4.1863174
FAM53B,7.3663697,4.593389
CD47,18.70064,3.502871
EDIL3,4.7863255,0.82153416
ABHD3,0.930722,-7.488835
ZNF721,8.827333,-2.6736188
SVIP,11.278028,4.687337
MYO5B,-5.3868427,7.712135
MARK3,14.223778,2.1630833
PDPK1,4.5085635,-3.3466778
BRSK2,4.774853,4.504307
SACS,15.331804,-0.25646073
SLFN13,-4.1571093,-4.1264634
FGD6,10.987514,-1.0979606
SCAND2P,14.702427,8.128864
NAP1L5,11.613543,3.8457696
GPR27,13.895582,-8.300749
CRTAC1,0.6518367,6.9524884
FMOD,7.498989,3.894881
FAM122C,2.3612297,2.664301
TMEM50B,12.345902,-1.1458279
TAS2R14,13.316794,-0.50800997
GABRE,5.0172677,-10.643698
CORIN,-2.5808558,-7.2084427
PLA2G15,20.653706,6.14828
RNF168,13.425427,-0.9160044
AKR1B1,-1.3079796,3.0898092
UQCRHL,2.1655679,9.894503
PDCL,6.4430833,-8.051824
SCN7A,-1.9031341,6.8050323
DNER,-1.2271878,8.229492
LNX2,12.813153,4.313682
UBA5,6.097663,-4.479223
MINDY4,12.110511,6.880198
DNMT3B,19.379631,1.5088345
PEG10,19.812326,2.678423
CACNB1,7.099974,13.866844
LDOC1,7.8472524,5.2205997
RIF1,13.740024,-0.6524291
BLVRB,0.31710097,4.529884
NIPAL2,4.8492675,4.1101837
MAN2B2,12.951935,2.818717
ALPL,3.186845,-8.30509
NAPRT,15.134213,14.070196
PHKA1,5.5110073,7.430984
TNFAIP8L1,6.992365,2.0825298
VRK2,16.597378,-5.8549137
HMGB3,4.8274455,4.0723376
MBOAT1,11.848054,6.968905
ATG4A,14.720969,-3.6283598
ZNF584,-2.8736515,1.4905199
ZNF487,8.371351,-10.801932
SLC38A11,6.1737986,-12.52674
TANC2,3.941039,4.725765
GALNT10,7.037721,2.0362241
FRA10AC1,7.8621683,-1.8414774
B3GLCT,4.4086614,0.69937
IPO9,-2.2021897,4.338653
KDM1B,13.610216,13.721663
RUFY1,14.593252,6.790171
RNF34,10.2309885,-5.47424
GLI3,1.7162305,-6.9114623
DUT,-2.8689249,-1.28858
UBE2I,14.276066,5.2209916
UPF3A,6.033248,-12.747844
FBLIM1,11.652007,-8.679907
FAM110A,20.653585,6.1492133
TMCO4,8.002612,6.4398117
PLEKHB1,-2.8335257,7.0682793
KAT14,13.564986,13.977848
GALNT7,14.955296,-0.49620107
CRACR2A,3.3688447,-1.547837
SPATA20,2.5759077,3.3672323
GLB1L,10.072445,-1.8453983
PLA2G5,15.95417,10.845557
EIF5,16.434793,-4.329548
GADD45A,7.3251123,7.848071
METTL26,19.598522,-5.948951
MTRF1L,10.651873,9.971906
YRDC,5.969945,10.322408
HYLS1,20.56992,4.7698975
PSMC3IP,12.967467,11.051601
PROM2,6.4747252,11.582056
DECR1,2.0239382,10.509693
COG5,8.600057,-0.14658388
FER,12.071592,1.1061146
FAIM2,-1.4433011,8.0691595
PPP1R3E,9.116227,-7.210438
ZNHIT1,0.18436371,11.690067
PHEX,-2.810662,-7.4703765
ZNF407,9.980675,-10.117996
RNF152,3.1225007,5.281564
TSPAN5,6.21366,0.9733284
TAPBPL,18.965317,4.9754047
CDH11,6.7548337,-3.8315642
FGF14,3.4265358,4.877776
HEATR6,-1.7319238,-6.1020913
CYP26B1,4.7056656,1.5808873
TMEM9B,6.8451552,-3.9387379
CALML4,10.2097,-2.123246
ELMO1,-6.4575543,2.976596
SLC7A1,17.559843,0.42937717
CLDN11,7.4413443,4.0360417
ISL2,9.635892,0.053822767
UBR7,14.275327,5.214271
SLC9A7,10.275817,8.842378
LAMC2,-3.4768257,11.013622
OS9,2.3796318,4.888303
FAM86B1,20.406204,4.718339
CCS,19.556498,-5.802278
SEMA3E,14.842607,-7.781688
TMEM117,14.850829,-7.7549577
APLF,7.3218956,-5.520078
CTNNAL1,14.411525,2.401665
SMAD6,-0.56631494,2.0936875
RIOX1,-4.2315373,-0.1617755
GABPB1,0.8401445,-4.5253105
ZNF839,15.551863,-11.188128
HDDC2,7.1828327,7.6057615
IFT81,7.331011,0.08145363
MRPL46,2.3843622,13.772573
PON2,-2.260043,-1.8789436
SH3RF2,5.044964,4.6317067
UBXN2B,3.3617222,0.3235446
PAQR4,12.579532,-0.84125894
TOB2,0.8900961,-7.4631734
TOR1B,10.301589,-2.334872
HARBI1,10.090678,-11.345703
FAM174A,13.0770235,2.8580766
SHROOM4,0.558329,-2.857064
EML2,12.5762205,-0.82826364
CYP3A5,10.268627,8.833151
TIMM22,10.327066,15.703005
BCL2L11,9.444461,-3.181071
UIMC1,14.32692,2.3036273
NDUFAF3,2.2235134,-12.575545
ZNF140,12.946939,1.2744248
PRPF18,11.507175,4.308932
SLC35F2,6.6052136,7.847748
YIPF5,1.5343571,5.2215066
DIAPH1,14.871018,-8.144379
CPOX,4.293452,12.212305
ATP8B2,9.648924,0.04437968
ZNF503,7.595663,-3.9044387
MMS19,9.80556,12.823807
PSORS1C1,17.184483,0.82605827
NHS,1.6979048,-6.898201
IVNS1ABP,7.0553503,1.5750967
POLR3G,-1.9032636,7.763078
WSCD1,3.3372953,-8.035729
GEMIN8,6.0469084,-12.732893
MRPL39,14.631491,-3.4731581
PKNOX2,1.4695643,-6.8452177
ZHX2,15.604903,1.1860048
FBXL6,2.2897077,-12.530237
CHRAC1,-6.002141,-1.5220015
NUDT19,17.855286,0.1585391
RPS6KA6,14.6615715,-0.22168107
ZRSR2,-5.722423,-5.439742
YWHAQ,14.636445,-3.4165168
RAB11B,16.652271,-2.526679
RHOT1,11.202515,-4.6923113
GFRA2,3.9385529,0.89266473
NSMCE4A,2.346751,13.770726
CDK10,7.801658,-2.0486515
PROSER3,9.430496,7.468204
HN1L,10.5915,9.826404
CLCC1,16.856285,-5.4487586
SH2B2,14.044607,9.085546
ADSSL1,0.8247352,-7.3585424
FAHD1,18.398176,-8.314181
SIL1,6.901164,7.5410585
TET3,8.376533,-3.703245
TERF2IP,15.629799,1.2624036
MYH3,7.138862,13.829585
FBXL2,10.091225,2.1100347
DDA1,11.852013,8.228062
ZNF514,16.811268,-9.0181675
ZNF852,19.262352,7.2355843
SLC10A3,13.019447,11.023111
PDE8B,14.887344,-8.231931
SERTAD2,5.45849,3.009977
MFSD3,2.541022,-5.501336
G0S2,0.9531321,-3.1654637
ZNF684,-2.4852924,-2.0484495
ATIC,11.518092,10.448027
SCG5,2.7864218,0.4791408
EBPL,9.0369835,1.9136012
PTPRS,2.5880482,10.258338
SSUH2,3.8870726,0.8819687
CELF1,15.944726,-1.2464677
BBS2,7.995019,-1.8743534
TCTEX1D2,1.7055674,6.926108
LSM6,7.043941,7.4346657
NUPR1,5.600389,-8.730475
AVIL,10.5758915,-2.3940902
R3HCC1,-0.94262415,6.365497
OXSR1,11.909433,-8.786584
ATG7,10.542646,-1.0157317
PLK1,2.8829715,-2.443137
PTPN9,5.46561,7.4743114
TTC13,6.767091,0.508491
ST6GALNAC1,3.4401598,-7.945205
ZNF443,4.310487,12.101416
KIAA1549,6.165414,3.8462784
FAM216A,18.276993,0.147869
LGALS3BP,4.648905,0.8564384
ZNF250,-1.3241674,-9.114625
B4GALT4,0.17424837,-8.93993
TIPIN,6.685297,-5.9205275
TOMM22,11.462972,10.485083
F3,0.7235086,-1.2376604
CD163L1,12.728432,-5.761876
ALDOC,-5.1474047,-7.4507923
COL5A2,4.9257264,4.6300693
TBC1D7,0.8943912,3.753118
CIB2,13.870497,-8.310048
HELQ,8.444154,-12.416291
RECQL4,13.864188,13.8372
SLC25A33,11.822041,-9.027069
FLJ20021,0.20252241,11.661921
FAM134B,-6.238682,3.023025
RPIA,17.384262,4.549663
MAPK9,4.901059,-3.106498
STX3,6.1496396,3.843452
IFNLR1,15.696892,3.6154068
ZNF10,-1.2246433,11.31384
PSTK,8.390269,0.4564219
HACL1,1.684241,-6.903657
PCDH20,-1.7737421,6.692933
MLX,6.4520063,-15.117216
VPS4B,15.616357,1.196724
AP3B2,2.148347,0.5143108
PDE7B,10.209927,-2.1368172
CNOT10,14.600569,-3.472116
LRRC17,4.809156,3.99961
CCAR1,8.889822,-1.7714797
RFWD2,8.860863,4.122229
MTERF2,-1.2217242,11.311105
ADPRM,2.444355,3.0609243
KDM1A,14.0971155,2.0315135
TMEM144,-2.8338783,1.4396027
IFT46,-0.37383476,10.05447
SUGCT,15.67701,-2.5116556
RASGEF1A,5.215,1.2540877
SLC9A6,9.85716,-6.2771792
METTL2B,17.173155,0.8332776
HOXA5,13.60036,7.263028
PCGF3,7.685336,5.107899
CERS4,-3.6876788,3.7703612
CWF19L1,8.409002,-6.1265707
NAALADL2,4.798724,3.968817
LIPT1,4.5483904,12.59195
MED28,7.306958,1.549874
ING1,15.316616,0.7274786
ZNF641,11.436995,10.506164
DIABLO,14.24252,5.2444215
FHIT,8.904107,11.821047
STRADB,-1.4381715,-1.7815453
ATP5S,7.1580133,7.105447
NPTXR,7.956122,-3.862083
ZNF620,4.6412044,12.409086
AGTR1,15.684034,0.91050506
TCAF2,0.45007485,0.20382999
TPSG1,8.652593,-3.5406957
SOWAHC,13.740763,-0.78729385
CD3EAP,6.424207,2.0900996
DKK3,-3.047365,7.1838055
CLCN5,-1.0566442,6.722061
PPP4R1L,18.081778,0.12465779
MICB,0.9693845,-3.185098
LY6G5C,12.935393,-0.92153883
ITSN1,11.331775,-6.054793
NMRK2,14.055262,-8.415996
ATP6V0A1,9.960269,-2.6381416
ALDH4A1,2.8640559,-4.300089
BNC2,6.996142,0.6054968
OTUD4,12.603363,4.068185
FAM162B,20.514254,6.2781987
TMEM106C,-0.09281082,-0.5726029
OSBPL6,9.650614,1.9897552
NOTCH1,-1.2239636,-1.7394572
PDE9A,7.4203286,11.943407
KCTD21,13.574745,13.713242
FAM86DP,19.151852,2.95338
SHPK,4.169832,2.4422338
DDX55,19.303642,2.0207667
ZNF254,13.269482,0.68503153
MELTF,7.451134,4.0264735
CD37,2.7342281,-1.9976141
SMIM10L2A,19.581669,-2.5585494
ASF1A,7.755772,1.1087493
CPPED1,0.3547268,-10.10586
TMUB2,2.8337476,-4.32039
ATP11A,3.9420006,6.4417014
ZNF467,9.193702,7.730472
HDAC3,9.384478,7.2635813
SPOP,6.9243574,-9.414121
PAQR7,14.173681,0.34723216
PFDN6,10.398391,15.821063
CELSR3,15.79318,3.7406456
FLVCR1,6.6794586,1.462563
UAP1L1,16.741997,-1.7345933
NKIRAS1,2.6228352,3.3281202
DDR1,5.087528,0.09795921
PROS1,17.103802,2.421147
ZNHIT6,9.199566,-7.7566853
PCAT19,0.9545803,-3.164768
ADAMTS10,-3.695155,-4.4454722
FAM66C,7.2744966,1.5488657
GNL3L,16.515924,-4.320216
LDLRAD2,2.38336,6.5503387
CREB5,16.964693,2.4992821
YAE1D1,4.6601586,12.387054
ALG12,6.6788616,1.4711198
PTCD3,17.305946,2.473924
ST7L,9.260055,-7.7695637
DDAH1,12.5215435,3.8944354
ZNF135,9.089797,4.0407953
SERPINB9,-0.9067649,-3.2530637
IWS1,6.894146,-0.7369167
ZNF496,14.242905,5.7628536
NPRL3,19.281948,-5.314597
CHD4,-2.7144272,-2.1126056
LRRC37A4P,19.229792,7.2744656
PTGFR,-1.2857848,-4.736151
FBXO46,17.371391,-10.277715
FMN2,17.027086,3.6504185
MAPK12,7.667235,3.0781887
SELENOK,14.611024,-3.494286
CCND2,1.597982,-6.873121
COX19,2.7649922,-6.6231303
PPIL3,19.32014,2.0390868
ME3,2.6936188,-4.299621
HS6ST1,12.095444,-6.262136
RELL2,8.069208,-1.954632
FBXO2,9.392338,12.3899975
EPOP,12.964966,11.054444
CREB3L1,3.9992907,4.6804566
PRX,-2.9292736,7.0989256
REV1,5.456489,2.9632928
ATRNL1,2.152684,0.51714057
INPP5F,4.6838636,-3.2331524
FBXL5,11.266119,4.736464
FAM46C,4.4167,0.6908453
HDHD3,-3.9777596,3.444515
ZNF300,7.908987,-3.8896954
HCG18,9.206403,-7.8242874
NTSR1,7.938488,-3.8591728
ALG11,16.514986,-4.3123293
TIGAR,14.048717,2.02844
KLRA1P,12.849958,-13.299785
SNCG,3.8585603,-7.1514087
ZNF436,8.082986,-7.9710116
LAPTM4A,5.8327684,-8.327309
PORCN,11.613112,5.53235
MRPS18B,8.055998,-10.560109
TESC,6.4443927,8.067879
ARFGEF3,16.658161,-2.5164561
KCNAB2,6.8297358,4.1540337
ZNRD1,0.1595661,4.3789773
THBS4,4.8195148,0.92452645
GEN1,14.448938,-6.8471117
LRRC3,-0.9768674,0.17353521
ZCCHC9,5.6694365,-6.755243
KLHL3,4.2063317,-6.685968
ZNF595,8.137664,-12.873824
CHMP4B,10.447606,15.79972
ASNSD1,9.111142,3.9883592
PRR33,-1.5620975,-10.554641
ARHGAP11A,5.128997,-0.010023719
AHCYL2,7.328109,0.09533066
CA5B,2.2444317,4.884689
NMB,-0.8394467,-6.7197924
ARRB1,8.886754,-3.4309611
CDR2L,12.667109,8.129845
MIS12,8.193105,-12.827695
NFRKB,18.837753,11.641178
TIMM10B,2.7657185,10.412779
DEPDC7,-1.9353161,7.8032713
TTC9,-7.4506645,2.1793358
CORO2A,-1.6087809,-0.91429067
COL25A1,13.882777,7.9774523
ADRB2,6.533781,3.9986277
SLC25A36,12.643175,-1.0330288
ARRDC4,-0.2828494,0.012566599
NXF1,11.583678,8.200726
ALG14,10.527807,-1.0526336
LYRM1,1.9223946,6.855475
PDCD7,13.26339,4.5086627
CHID1,14.901956,-0.43798223
NKRF,17.298988,0.6755519
DTNB,7.722903,5.1301436
MRPL30,12.905171,1.9840498
CD55,8.826714,-2.6415787
CDYL2,5.2226076,1.2425805
ACBD6,2.6270568,9.910193
KLF8,17.999962,4.572171
FAM109B,14.217443,5.724478
HOTAIRM1,9.878563,-2.7528932
TSPYL5,15.754668,9.4028225
MTURN,-5.3992133,7.6985593
WDR37,6.0182447,-12.185865
PKD1L1,3.863515,-7.1992235
RMDN2,0.9018676,-6.5795712
CXCL2,-1.3083788,-4.6660304
TBX3,4.1963496,-7.29921
CCNYL1,-2.0795648,4.3571243
NAA35,10.01015,-5.6982017
ARL3,3.0104072,-4.223494
NKAPL,2.5720537,-4.1931157
GAS6,2.432527,6.444262
MBP,-2.925444,7.0992656
CHML,17.946587,-3.4978793
BTN2A2,19.052631,5.0173855
ZNF782,8.362327,-6.423329
METTL2A,17.409983,4.5702734
ZBTB8A,10.365705,1.840557
DLG5,-3.0268872,-1.8939588
SEC22A,14.397697,6.94105
CHRNB1,7.0837665,13.8912115
KIF6,15.949172,10.841079
GSS,9.411281,0.093181536
GALNT8,5.0492086,4.6459875
SARM1,6.163926,-4.2626014
TUBA4A,8.787716,4.124098
PHACTR1,7.555768,-3.8797808
ZNF555,-3.130582,-2.0512207
HEXDC,10.4071865,1.8132906
GXYLT2,3.4808388,4.828361
EXO5,6.8158517,-5.9806046
ECHDC3,14.70889,-2.629782
PRR16,0.5151104,-1.6565052
SLC15A4,13.231499,3.1925418
CHST12,5.446628,4.8507977
TMEM9,15.249966,-0.2395011
SLC36A1,17.924116,6.792097
PHF12,-2.8591719,1.4890429
PABPC4L,6.43621,-8.045654
MAB21L1,0.64893425,6.944889
ZNF281,9.126956,3.6445434
SLC25A22,18.712112,3.4983134
UBFD1,12.549795,3.8659635
ZNF251,7.171247,7.2297745
SNX30,4.230008,-7.3128815
FLG,-7.8114514,2.0040634
ANKRD10,13.602502,3.8094246
ZNF235,10.324951,2.013301
RILPL2,2.4475472,6.435871
NLGN1,6.8174386,-9.519018
NPR3,-6.7363234,2.722728
GREB1,0.83079535,-7.3506474
FER1L4,12.848098,-13.301982
AHCY,7.342784,2.9628065
SLC46A3,17.599453,2.4571533
NAXE,5.117977,0.0699582
STK24,4.4010143,-3.4251645
CPLX1,4.0130053,6.423962
CCDC82,12.388941,-1.1383857
ADAMTS15,14.855106,-7.718137
NDUFC2,1.2175949,5.3532453
ANGPTL2,-2.2493188,4.329456
DHRS1,7.2720833,4.955606
ZNF658,18.127508,-0.45866573
HDDC3,10.05257,-5.6700354
SLC35A1,-3.2542343,1.0356952
ANKRD26,-3.4724758,-2.1653912
SLC43A2,14.752679,-6.8828816
HSD17B7,0.7169638,0.6129611
ZNF14,8.418791,-12.472926
PRC1,5.378366,-0.15880314
PPT1,5.678737,5.26484
AGRN,4.065634,-9.59614
RAB2B,13.32158,-0.5105402
PPP1R32,5.1284475,-10.787981
TMEM97,3.3393557,0.3915923
TMEM106A,3.3143167,-1.9116077
TIAM2,13.603515,-4.7514405
TAF4,4.426598,-3.4247146
RAB32,-7.6346,-5.5613265
ZNF100,6.4713497,-4.54621
AHCTF1,14.513675,0.17826408
CENPV,13.06868,9.4357195
CYP27A1,4.8223324,4.0865717
ARSG,13.187885,4.4847803
CCDC171,19.580519,-2.5574217
SHOX2,4.7159257,1.6259688
MST1R,2.4315746,2.9949439
SYBU,-4.0667586,-4.1826673
PDZD8,14.515191,-0.17519467
ENTPD1,11.927148,6.9091053
FGF2,17.94995,-3.4912202
ZNF223,18.130312,-0.46293008
PNPT1,17.80679,0.20648809
HNRNPH2,11.350996,10.376616
FAM110B,-5.7240367,-1.2897923
B3GNTL1,17.723276,6.253147
GNB1L,10.305378,15.725685
ABLIM1,4.829896,15.628721
ZNF79,15.754169,9.402773
ANKS6,16.201323,7.225555
CHST15,7.4249773,-3.5811956
PCDHB4,6.190198,-4.2699633
PAPD7,6.8272347,-5.9455767
SLC38A7,-3.1239176,1.159937
RMND5B,14.875377,6.607371
CCNJL,5.0478797,4.628154
TCF15,14.201832,-8.680122
ANKRD24,4.0651727,-9.59559
GAA,2.3861125,4.8916225
PCSK1N,2.531044,0.61364466
ZCCHC14,1.724706,-6.9153767
TNNT3,7.0735908,13.910301
CC2D2B,10.292135,8.864292
CST5,10.29066,-1.1994497
HS3ST1,6.658954,-14.918703
ARID3B,9.2542,7.652172
ZNF674,5.41739,2.976901
NAF1,8.978697,-1.9521723
ELK1,12.999209,11.038964
TESK2,11.608192,-8.658613
TMEM201,17.714113,6.2531004
DIRC2,11.880345,-8.807026
MAPK8,13.318915,-0.56524706
CTSB,12.650706,-5.835842
PXN,-3.2442434,-1.7563215
SDK2,-2.1068225,6.8847733
BPGM,12.163948,5.4066505
TF,3.5227914,4.831654
ASCC1,0.9748071,-7.197221
SNX9,21.75489,-1.4920095
MEST,12.228716,2.3893154
CXCL14,4.689054,1.5696912
ULK4,14.0539875,-8.411381
MAP2K1,6.982864,-1.2586097
ARTN,12.256188,5.818834
RNF207,13.889303,-8.300197
FOXD3,-0.92365795,-3.2241797
ACOT1,15.874391,10.76379
DYNLL2,-2.5619404,-7.192197
DNAJC7,10.6143055,9.856871
ZSWIM7,2.002734,9.996817
ARHGEF34P,4.227655,2.4584832
CYB5B,11.363695,4.794606
TUBE1,9.109052,3.6514633
HNRNPA3,3.4656894,2.3432057
NIT1,0.13771549,4.355595
SNX12,17.417383,-10.328074
MCUR1,-3.4018583,2.4985442
RAB40B,19.558392,-2.5358016
FAM153A,-1.2259494,11.315393
TACC3,13.014159,-5.4896917
FAM103A1,13.473774,1.8682587
PLEKHH1,1.9622829,3.16899
PRICKLE3,8.036969,0.78443235
NAA40,11.562167,3.7618592
EML5,16.760078,-5.654156
RASAL3,2.9269502,-2.479636
MASTL,13.894155,13.971671
PGF,3.9768836,6.0359774
RGS1,-4.008237,5.2733607
PI15,-1.9254476,-4.2177176
PPT2,-1.416921,-9.035546
LY6H,12.479362,6.960158
FAM160B1,12.990165,-0.86815554
NMRK1,-1.4551255,-1.787948
SLC45A4,-1.1642562,6.763641
NFIA,15.939587,2.0435274
VEZT,12.000068,-8.733532
PRDX4,6.9319425,7.521634
ANXA9,0.6157284,8.006642
CTSL,6.79095,7.764725
MTMR2,20.729445,4.657218
CASC2,15.88085,10.769424
EXOC4,8.532047,0.04871331
KLF5,5.5166306,8.096645
LRRC42,11.947095,-8.81287
SERPINF2,-2.6253765,-7.2784176
COL21A1,4.089624,6.3830113
HMG20A,-3.1504345,-2.081101
THOC7,12.990756,3.5761905
ATAD5,-7.6352744,-5.5604978
CHST2,-4.1669745,-4.128327
ELN,6.6786323,-14.9000025
INAFM2,8.116384,-4.512032
ELF2,3.685536,2.3464959
MYO15A,13.850216,-1.483233
EXT2,11.601833,14.074832
GPX7,9.103745,4.3712463
SLITRK6,0.20364976,-0.3971038
HERPUD1,7.1516767,7.113374
ZNF853,9.459433,-3.1733882
APEX1,14.956179,-3.9432013
ADGRG6,-2.1445644,6.947174
PRDM10,20.631422,4.693679
TEC,0.30893266,1.2848935
CBWD5,10.401988,15.926809
ANGPTL7,-6.4670444,2.9841552
SYNJ1,14.150635,0.39829543
ZNF34,4.495823,-5.2678957
TAF3,20.719046,4.6374726
SKIL,9.287187,3.4478958
SYT7,3.953327,-7.271748
SH3YL1,13.004905,11.027985
TMEM110,4.712227,1.5786535
SOD3,2.5971832,-5.5884295
FGGY,8.044204,-1.8651769
POLR1D,1.8943238,3.2662354
PSKH1,12.002356,8.903652
ZNF217,6.0225315,0.9206165
PABPC1L,5.1680164,-2.040815
SEMA4G,-0.45260197,0.1093845
TSPAN3,6.1370807,1.0031493
DNAJC18,3.431844,0.07936132
MAST2,11.792885,8.221243
SELENON,19.603209,-2.5973983
CCDC39,8.896892,-3.4235752
NUDT5,14.87254,-7.8506756
ZBTB5,14.433796,2.4443944
ZSCAN18,-1.2022237,11.299953
RIMKLB,19.733406,2.6389012
WRB,6.3960323,2.0529742
PLD1,18.728622,3.4765265
RNF187,8.95643,-2.2020848
FAM206A,2.8286464,3.567704
OXNAD1,1.9521369,10.6044445
GNPDA2,13.262466,1.6502045
TRIM35,13.9729,13.904695
PLEKHA2,4.702541,1.6240953
MRPL45,1.8304845,3.155838
SLC29A4,2.8167741,0.46504524
ZCCHC7,2.4651418,3.23781
CCNT2,12.366737,-1.155674
TCTN2,10.827154,10.145151
METTL3,6.4781795,11.595471
PHOSPHO2,12.172091,5.3941326
TM2D3,20.552565,4.598389
SOX4,7.934382,-8.043787
TMEM91,-0.25398046,6.817334
WASF1,5.4105086,8.202973
STAU2,9.854357,-6.275821
TNFSF13B,-4.590112,6.651533
CD83,1.5056581,-6.8299236
FAM104A,14.136905,0.3997767
ECI2,6.274794,1.0284605
PPIG,13.2676,0.6843341
BLMH,2.1353955,3.0071852
OAZ2,0.9625261,-6.750151
ATAT1,17.501263,6.11533
AREL1,17.763367,0.25172645
TTC3,19.785486,2.6572063
HLCS,-5.8019,-1.3579173
ZNF391,-0.42550823,10.114456
MICAL2,10.464225,-1.2945883
SULT1A1,4.227719,4.652679
NCAM1,15.695586,-2.524303
MGP,2.4105647,-1.4853202
HRCT1,-5.8022056,-1.3562882
ABHD18,4.731123,-5.1060677
TM7SF3,9.6408,-6.527121
ZNF346,16.21223,7.2244816
SRBD1,8.463818,0.21519841
SLC35D1,8.394883,0.44143465
PLB1,6.0270696,-12.757
ABLIM2,0.7110345,0.79367846
ADO,-5.6013036,-5.3165216
RAI2,12.710768,-9.973551
PROB1,17.595621,2.4567719
SIDT2,8.065778,6.231564
PPP1R3C,-2.5441568,-7.1701684
SLC26A11,-1.0319777,0.19026414
SPDL1,13.842596,1.6139424
CPT1C,5.220849,1.2478896
METTL23,10.545974,-1.0412877
IL20RB,-7.7284207,1.9358007
TFB1M,14.859518,-7.737083
TCFL5,16.811092,-9.018558
DTX2,5.0793962,0.10490103
TEX30,2.9148104,11.519773
MRPS18C,14.877426,-3.8270805
RAB3IP,-3.9196656,-8.783114
ZNF639,12.3572855,1.3035495
HDLBP,8.852919,4.1323595
PPP2R2A,12.992872,1.4213356
RBM28,19.336552,2.0663028
IPO8,14.948056,-0.48218453
TMEM223,8.253102,-10.744841
DVL2,-1.2844925,-9.148568
THBS2,16.901447,2.4817123
ECHDC1,11.604484,3.852772
LDAH,5.031216,-10.62386
SP140L,-4.591321,6.6533647
NAV1,-5.720827,1.0962619
SLC6A17,10.039602,-2.1432235
HOXB2,19.182386,-5.559781
RNF146,5.3732142,-0.15499799
SLC16A2,-5.9420905,-1.4691238
SYNE2,11.627511,5.540721
MAGEF1,-0.4685877,0.11546367
KIF3C,2.7697468,0.48700687
DEFB124,12.492203,6.9595003
PCSK7,2.150219,6.302541
FAM78B,2.6038728,3.3237357
KCNK2,0.79802376,0.13156225
CEP57L1,5.541147,10.563931
MRPL54,1.4035115,4.730141
CCDC18,7.5077305,4.484937
CLN6,8.079188,-10.582417
RPL9,1.1147548,4.82943
RYBP,11.00879,5.1174464
CECR1,19.249445,2.1315293
CHN2,5.9411855,10.358317
NOTCH2NL,0.78987706,-4.4793797
GSE1,18.842796,11.636684
TLL1,0.5205142,-2.2952418
SMIM10L2B,20.990568,4.4179974
ZCCHC2,8.957223,-2.2019472
PAPD5,21.40662,-5.1273265
FAM46B,10.12041,-1.925295
TPCN2,-1.1641906,11.259068
SLC35B3,9.475508,-6.6771526
KRT7,-7.7372127,1.9649445
HIGD1A,9.78748,4.2115617
IFT22,-0.33892855,10.022587
ARID3A,13.117957,11.031339
CKLF,11.839687,-8.843554
OSR1,10.132356,1.8934739
FRG1CP,9.276303,12.283196
VEGFA,-5.143928,-7.4545546
SNX10,3.3314106,-1.9808599
VTI1A,4.016875,2.3355157
ASS1,3.2055178,-8.26982
POGLUT1,17.37782,4.548832
UVRAG,11.730877,-9.360752
RGS10,1.7034802,6.949622
MORC4,6.4346046,8.072258
GRK3,2.4979265,-1.5892311
IL3RA,0.5209682,-2.3440838
LIMA1,12.128785,8.455795
AMPD3,2.922137,-2.4831285
SPTBN5,-3.6325662,3.9369493
ERH,14.904107,-3.8667624
CUX1,3.3601062,0.32010487
IFT88,2.5178368,3.246668
TYRO3,-2.9940703,7.138786
VSIG2,3.2471366,-8.3621
LEPROT,15.591239,1.179163
EPHX4,-4.1606,-4.1239023
SPG21,3.434762,0.08424353
TSPYL4,9.139739,4.5634775
STPG1,8.673005,-5.7428484
WDR33,5.6542406,5.2331653
NOV,-6.2257953,3.025582
CRYAB,2.3244705,13.730699
NEU1,20.6549,6.148081
TMTC4,8.92682,1.8807133
ZNF542P,2.9144545,11.518927
EML6,7.276754,1.545037
PEX26,0.27521494,-0.11916445
RAB28,6.630965,-4.2083135
HEIH,1.0974721,4.0544143
COQ6,-2.6102757,-10.173977
FAM76A,10.85827,4.402095
ROBO4,0.91893053,-3.1163435
RIC8A,-0.8752509,6.3375072
MDGA1,4.8191776,4.073142
ZNF552,17.182034,0.8235063
ADAMTS6,19.183573,2.1712801
PNMAL1,7.6962004,5.0753593
GPRC5C,-0.2114392,6.8107777
LPAR2,2.914958,-2.4644709
PGGHG,7.6716733,3.0752642
NKTR,4.7045336,-5.1384974
PPP1R3D,5.934791,-7.8323245
BICD1,-3.6996465,9.664617
GDF6,5.1059732,4.671703
IFT80,10.798,7.415299
ALDH3A2,11.672069,-9.463815
KDM8,2.6535954,14.006066
B3GALNT2,7.3895884,9.5197735
SLC22A3,-3.8455806,-4.327329
SERINC2,-7.4585195,2.1761775
RNGTT,11.376077,4.7925906
TBX6,7.466608,4.436329
FOXRED1,9.48258,-8.804309
CHST9,-1.8510075,6.76559
CDC14B,7.6323223,3.6398008
MEIS3,14.732818,-2.2027686
PINLYP,5.6707797,5.1906447
GYS1,11.549608,-6.396876
SCNM1,1.1537107,4.215179
LSM12,4.214799,2.4401605
SRR,6.9625015,-9.38295
SLC44A3,0.36428145,1.2096826
ADCY7,2.7280128,-1.9711741
AHI1,9.701848,-8.416407
MEX3B,-1.2805989,-9.152219
HIPK2,15.997784,10.884307
ADAT1,18.085003,4.5658975
RBM33,-2.8305562,1.4569247
IFITM10,6.3031344,3.9308388
MITD1,2.3577425,2.6271658
ZNF335,7.4270945,1.3535478
HPGD,-0.8402212,-6.720375
CHST10,-1.5808629,9.295539
ZNF124,0.95045835,14.275135
ACVR1,15.62675,1.2079728
SESN3,7.900902,-8.171227
RBFADN,8.394154,-6.23114
CYB5D2,10.595953,10.202108
ZNF440,8.408903,-6.128173
AHRR,-0.89382744,-3.268102
FOXK1,-2.8289356,1.4577509
TAF8,11.630466,-8.67626
PTCH2,6.209821,4.956484
FN1,10.893904,-1.1628026
HYDIN2,8.881895,-3.416901
LRP2BP,8.366138,-3.7155118
USF1,8.278081,0.59678686
SLC2A13,10.497469,5.315515
TRIB2,3.9532783,6.4519367
ETAA1,15.673033,0.990832
ZNF814,2.3808858,4.8914065
RCBTB1,13.815254,-0.83913934
PANX1,17.526491,0.46616033
TIGD7,5.9462643,-7.840432
CDKN2AIPNL,1.7356715,6.676479
LACC1,12.875498,4.34849
SCD,-2.9179585,7.093931
ADRA2B,4.18689,-6.707561
CDKN2A,5.323142,8.296037
FRRS1,16.89269,2.479836
FUT11,6.591103,7.8620143
NBPF14,6.429585,2.482125
RIMS2,-2.0628877,4.3599815
PIP5KL1,10.26835,13.092839
HSD11B1,3.2877314,4.934541
CHD7,4.1791196,2.443558
GRID1,12.178347,2.3918226
HECW2,17.040575,2.4123423
ATXN2,11.184462,-4.6695976
FCHSD1,-0.42950016,0.096320264
GORAB,9.944225,-2.6514637
ZNF669,8.951884,-2.0933046
KHDC1,4.2232766,-9.451642
CADM4,12.711142,-9.974465
AKR1E2,6.2183013,-12.529765
GCFC2,2.4161098,2.9676354
FAM160A2,5.1293783,-1.719829
AAK1,12.0929165,1.1179911
UBE3B,-2.8744664,-1.5217664
KCTD13,2.4841843,-5.3631716
FAM212B,-0.3973611,0.105696544
HNRNPLL,-2.032673,4.378784
UNG,7.333205,-5.506947
LMOD3,7.106924,13.851731
DCHS1,-2.8716567,1.5042593
ARID5A,-0.28901377,2.37122
HSPA1L,9.492524,-8.201643
AGK,2.4272828,6.407027
FAIM,7.6477594,5.073441
TMEM133,7.9096074,-8.1759615
ZNF761,7.7355876,1.843197
MAST4,12.811927,4.319265
ZDHHC11,7.9141765,-3.8839464
TOGARAM2,8.09065,-3.7829297
MLEC,-1.6692853,4.256917
SPATA5L1,17.932234,-0.108597
TRAC,-1.5620718,-10.5549
MYRF,-0.9177115,-3.2361846
TMEM51,14.04206,-8.377677
SLC35B2,3.4971898,2.3515077
ZNF485,17.375639,4.548361
TICRR,11.592708,8.20279
CHTF18,6.953546,-1.2967641
ODF2L,10.327425,15.704532
MEMO1,6.154649,-7.2787275
CHPF,1.5609503,5.315192
TCTN1,-0.46474203,10.157018
MOK,13.268727,14.206656
CLEC2D,6.432984,2.2107604
RGS11,2.1498146,0.51645696
POC1B,2.571014,3.356148
NAAA,3.1057115,5.3175454
PLA2G4C,7.639616,5.0844116
ANGPTL1,-5.9459267,-1.4681945
NCAPG2,15.062027,-7.691203
BRD9,2.23537,-12.564462
NEK1,19.794922,2.6521978
COA1,7.964254,0.9968625
ADAMTS17,4.8099704,4.6892457
SDHAF2,10.389135,15.902258
TIGD1,4.830129,15.629224
GALNT3,6.2660704,3.9029968
ANKRD35,19.376951,1.4940025
CD99,6.7327037,7.850944
AP4E1,14.747566,0.18998465
WNT9A,6.298842,0.5904157
CIAO1,19.252293,2.7561421
PPP2R2C,2.932791,0.39299315
CDKL3,4.4844728,-3.3467588
SGK3,6.6136303,-4.181366
NUDT1,19.746431,-5.9698997
KIF27,16.672926,-5.8050876
MID2,6.9211307,-9.4087
MFSD9,19.24126,7.2624416
SMOC2,4.6567664,0.9139413
RFC4,6.2753963,0.5695088
TC2N,8.096459,6.9592147
FAM13A,0.8028876,-7.3657517
TRIM8,8.106834,0.8466072
RALGDS,-0.23403703,2.3783662
GJC1,7.3891754,9.511616
MFSD2A,2.914628,0.39028043
CENPH,-3.2469466,-1.7565532
MARC1,13.601591,3.7883499
TRMT2B,2.4786887,6.4600987
TTI1,12.123011,8.452866
MATR3,13.445547,0.7143115
SPAAR,0.5514348,-2.8775415
SCN1B,7.484041,3.9156978
LENG1,0.33207327,4.541258
GCSH,14.985247,-3.962353
RING1,12.029884,8.249193
LSS,9.624247,12.655398
STARD7,8.843801,4.139507
SF1,6.8020387,0.5334593
YEATS4,12.021937,8.866085
SRSF12,6.924058,1.4221994
KIF17,4.075741,-7.2707815
NDE1,2.8817117,9.65716
MRPL58,2.4694731,10.205216
ACTN2,7.1053615,13.856909
TNK1,14.046693,9.084314
HTR1B,-0.13460417,0.0064208214
SNX4,15.520613,1.0845288
ZNF155,12.446702,-1.1267533
BBC3,9.666663,12.694498
TRIM38,5.0850396,0.11360443
TMEM80,0.70791495,0.38995022
MUC3A,14.201009,-8.682718
ZFP36L1,5.1020885,0.6485636
ACTR3B,17.974318,4.582701
FAM207A,12.574677,6.865277
ZNF83,12.849504,-13.299913
MYOM3,-1.8155677,6.694468
FKRP,8.346504,-10.816046
HFM1,6.20738,5.032474
CYP46A1,0.27946118,-0.11981714
KCTD20,14.006388,-0.47041106
PRKCD,-3.873425,-4.311142
SLC26A1,-2.872603,1.5206175
B4GALNT4,5.3653584,9.298616
MSANTD4,17.92699,0.083316594
BEND5,14.868067,-8.140022
ZNF749,19.287592,2.0004685
ODF3B,18.014244,6.5938544
SMCO4,2.7160792,-4.306803
EFCAB2,2.506713,-4.528967
TXLNB,5.921573,10.365261
APOL4,0.63023996,1.1144843
EXOC6,4.228579,-3.5598707
MTSS1,6.4343057,2.0338502
SLC39A4,8.386757,-10.861499
POGK,14.790931,-0.4181605
TTLL11,15.011208,6.5295615
RGS2,5.179684,0.6634884
PNMA2,7.2234983,1.474042
RFX1,5.5043607,4.8747272
PTPMT1,7.3188696,2.949606
MAP7D3,2.8259842,3.5671186
DCAF4,16.03661,8.48231
DHRS11,2.8760116,9.662808
SQSTM1,14.309977,5.5561676
NUMB,14.806768,-12.563861
PHF11,19.392332,5.3071485
GPR35,-0.7057157,5.972051
RAD51D,14.229228,2.1725378
OTOGL,-4.145823,-4.135174
CCDC184,-1.2894572,8.191877
RIMS4,4.2437134,-6.643327
CREB3L4,3.8760545,5.855748
BACH2,11.85167,6.9732323
FN3KRP,-0.28829253,-0.02329504
KCNS3,0.8998466,-6.922711
INPP5B,-2.230854,4.33176
CEACAM19,17.537804,0.45099837
DZIP1L,9.42358,0.09146815
CCDC43,17.184723,0.8226623
DNAH14,5.362852,9.298536
NOD2,-3.6297972,3.9103851
DZANK1,0.96073663,-4.672106
ALB,21.16404,-7.1366343
SMAD1,1.8565723,-8.648158
GPX4,3.4171674,2.3450496
SCLT1,10.761771,4.2895164
ZSWIM4,16.335838,4.077374
COL15A1,10.095369,-2.1316478
FRZB,5.551824,7.4474764
MAEA,9.297213,7.5896387
SPINT2,2.9062624,-2.4380765
XYLT1,9.906699,-1.1383001
MS4A4E,2.4990156,-1.5818249
LACTB2,10.887994,4.415181
KIF3B,8.359426,-3.71109
PTPRA,4.688192,1.4111642
RNF213,13.318714,10.780752
ZDHHC7,15.055246,-7.6915846
SFXN5,6.77223,6.708426
CDKN2B,5.9511557,-12.066759
SLAMF8,3.3332596,-1.9825431
CRYZ,10.237547,2.0770373
TRANK1,1.6966399,-6.884483
FLVCR2,12.370887,-6.0460534
TMEM69,3.277139,-13.865447
KIAA0141,7.652626,11.121222
SUPT3H,19.359257,-6.299114
BORCS5,-0.50007236,10.187542
POLD2,10.069576,6.752708
ZNF266,4.654855,-5.1750364
SYN2,2.8029692,0.46787664
QPCTL,11.257746,-5.9446025
VAV3,3.3410378,-1.9671389
PIGV,13.917697,1.9566042
RUNX2,11.809595,-6.3669734
C2CD4C,8.103399,-10.608402
ZNF621,14.833295,0.47156495
GMEB1,16.570902,-4.268381
FXYD3,-0.90011555,-3.2557876
SLC25A34,11.171618,-4.6617246
APOOL,14.466947,-0.3068173
CYP2U1,11.625946,5.5382366
HEXIM1,19.13767,2.9303586
HSBP1L1,10.245956,1.9170505
CABLES2,-1.3173206,3.0843875
PTPRU,-0.84494483,-10.8832855
AGT,0.63943416,0.10208277
ID2,3.2813466,-8.3949585
FAM45A,5.5830507,10.5357
ZNF587,16.009619,0.80993503
ZNF160,16.744366,-1.7456104
ZNF680,9.245146,3.486075
IRAK2,-0.8405431,-6.7192645
LRP5L,11.254757,-5.9361725
IRF2BPL,-0.22551237,2.3447247
GPATCH1,17.696981,0.295969
PFKFB4,11.798644,-8.913705
RFT1,18.055275,4.5674763
GRB14,4.001209,6.038959
HENMT1,9.482282,-8.804424
SERPINE1,0.5091327,-1.573762
CCHCR1,19.802738,-6.008175
VENTX,2.784568,-2.0996664
ALS2,11.622538,5.545469
FAM83D,9.811956,-2.8618505
DIAPH2,20.589407,4.6157966
HPCAL1,19.32099,-5.3740535
DNPEP,18.046177,4.551064
SPACA6,19.158455,-5.538058
IMMP1L,1.7691249,6.8163652
VAV2,16.166142,7.260175
LRRC57,11.806177,-8.902605
PTK2B,2.915128,-2.4607458
SPRY4,6.793456,-9.545775
KCNJ8,0.7407941,0.51209867
EIF3C,-1.6057564,4.2329245
DNAAF5,-2.608945,-10.174886
ZNF608,7.870303,5.2397065
ZNF883,15.98334,10.870273
CRADD,1.9760983,7.1880198
SMYD4,5.326914,8.301922
MTUS1,8.461219,-12.3926935
LCMT1,14.955509,-0.47733012
COG3,13.735514,-1.2073336
TOB1,4.034429,6.4086866
ZNF491,0.29926297,-0.12165369
ATXN7L2,15.585415,1.1861774
PAPOLG,11.633759,3.9701593
AKR1C2,-1.5990244,-0.9340663
NEAT1,10.32439,2.0332456
DCLRE1C,16.69414,-5.7767057
SLC35G1,14.559324,-2.989844
ACSL6,3.399258,-8.002407
FRAT2,13.211487,3.248861
PTGR2,7.3286376,0.09527332
FBXW7,13.233039,3.2319894
KCNMB3,10.795229,7.4139795
SPIRE2,9.234054,12.205234
PLA2G16,-3.919699,-8.783194
PSMG4,2.1132503,7.8445
R3HDM1,4.619787,-3.2759626
DDR2,11.433635,-6.2165284
ANKRD50,15.12586,0.7251869
ABCC2,10.058686,-1.9452041
SLC25A51,21.163395,4.256876
NES,11.6487875,-8.676363
IMMP2L,7.6086335,11.133353
ADA,5.2069054,1.2428657
ZNF559,7.6504564,5.0690107
ZNF823,13.436749,-4.261105
POLN,14.340041,13.980092
OSBPL3,15.719325,3.656449
C1QTNF9,19.373783,1.5355036
LRRC66,5.385776,-11.102445
SMARCE1,11.5068245,4.3024044
ANKRD53,-0.5380528,6.830201
SMIM7,2.706104,-4.341657
CAMK2B,-1.4256797,8.084449
GATAD1,15.549101,-11.183111
AXL,5.306723,3.0489626
TDRD3,19.65211,2.639446
ATP8B1,14.454153,-7.8967094
CHRM2,-4.1838617,-4.0866055
USE1,2.0985067,7.4078646
PREX1,12.393314,-6.0346236
XRCC4,13.278142,1.2617779
SPTBN2,-4.145093,-4.1369143
CHST6,15.734507,3.6668816
MDM4,13.599056,3.8043485
SNHG9,1.1509218,4.198376
BIVM,12.124714,8.559537
SHC2,9.168034,0.19187032
DSTYK,14.94701,0.50991815
URAHP,7.236022,0.482554
KANSL2,19.461866,2.2863173
VRK1,14.982429,-3.9747481
TLE1,5.363348,9.302809
MAP6D1,6.727677,0.6829751
RSPO2,5.5483003,7.473317
AMMECR1L,9.249522,-7.6254325
P2RX4,2.445746,-1.518816
MARC2,23.378704,-2.272921
PGC,21.163475,-7.1362762
ATF7,4.549779,12.29663
SLC14A1,7.7100973,-7.9672446
MFSD4A,12.1279,8.378011
PHACTR4,16.5816,-4.2611575
ADGRB1,-2.9627025,7.1211205
DENND2C,-7.7667274,1.9705215
ANKH,17.945,-3.4976802
ZSCAN21,-3.0755415,-2.0962982
ISCA2,14.747642,8.175336
NSUN6,0.9548984,-6.6291947
H3F3A,5.820542,-8.344398
CTTNBP2NL,4.830131,15.628923
ZNF677,17.075869,-5.156407
SERGEF,1.124967,4.139547
ANKRD37,-2.5658731,-7.191186
NUPL2,17.952723,-0.2601901
CLMP,14.218349,-8.167455
ASB3,-2.5498495,12.445732
SC5D,13.438249,0.7296443
WDPCP,16.334711,7.1111326
ZNF702P,17.840975,-3.621036
SLC2A6,11.469829,-8.565806
PCNA,10.662486,10.519261
ZFAND4,3.2919588,2.3099725
RBPJ,8.674987,-5.4916067
ZFAT,6.593833,7.838657
EFCAB13,0.3279354,4.5500426
NPIPB4,-4.233144,3.25281
NIPSNAP3A,9.516755,-6.588823
MTG1,14.6783,6.732532
KIAA1328,6.7731514,6.707054
YIPF2,15.223081,-0.25301385
BLCAP,11.601431,14.074382
BIN1,-6.06497,-1.5738702
ZC3H4,-2.0512958,-2.139155
POLE4,1.1227554,4.8649983
RNFT1,-1.2406298,6.695247
GSKIP,5.720905,-8.562276
RRP7A,18.169077,4.4121165
MATN3,14.220776,-8.137782
RWDD2A,12.426721,-1.1318074
FDFT1,11.773271,6.0656533
LRRC28,6.7694016,0.50655895
BIRC3,0.96745616,-7.6971173
MAN2B1,-5.5364866,-5.252923
FAM127C,2.3320951,13.736125
MFSD13A,14.32476,13.978639
HYAL3,14.447808,6.9147377
DNLZ,8.348601,-10.816085
WARS2,12.185857,2.392132
PTPN20,14.549837,-6.987065
PAQR8,20.626673,4.7166586
TENM3,-0.012350751,4.190762
PCF11,12.448667,-1.123659
FAM120C,-6.645874,2.8096292
PRKCZ,14.728286,-2.339459
MFSD12,12.343374,8.1896715
FDPS,1.7898344,15.184647
OTUD3,16.018625,0.81059635
POPDC3,6.874008,-9.466893
CWF19L2,11.28569,4.700762
ITGAE,2.0561428,7.403946
TRDMT1,-3.0818288,2.5168881
TDRKH,15.844749,10.733933
RFX3,9.566123,-6.584372
DNAH17,4.025364,6.411832
GPT2,-1.8246188,7.7350802
INTS6L,11.919618,6.9189167
FAM120B,-2.0496464,-2.1485972
FAM35A,-1.2384561,6.3867345
TSTD1,8.532716,-3.8157527
AP3S2,19.355991,-6.302884
UBC,1.8978744,3.1916828
ZNF282,11.5629,8.191693
CCDC144B,-0.004592191,4.2029624
IBA57,19.460949,2.5564432
SLC24A3,10.064394,1.9348098
TERF1,11.37725,4.5326505
PTGER4,15.945421,-1.2473979
COL7A1,4.2969465,-9.333835
NORAD,15.576935,1.1380818
ADAL,14.878039,-8.146023
SLC38A6,3.3379514,-1.9185365
ITGB3,9.801581,4.2278004
HAUS8,5.373589,-0.15858974
MALAT1,5.7168536,0.8067719
TPGS2,11.245418,-4.738368
LYSMD4,7.559508,-3.813559
NXPE3,9.843014,-6.2911954
ZSCAN16,12.980978,11.04707
DIS3L,-1.789292,-4.2901993
ADAM28,12.868195,-5.6278596
INPP5J,-0.704637,5.9667788
BICC1,6.7138095,-14.866913
NBPF26,5.4137974,7.099995
ADAT2,20.689278,4.612383
CCDC159,9.589109,12.614184
TSEN2,13.413769,1.8529543
PIEZO1,6.47123,11.580972
ATXN10,1.2124215,5.336602
NCK1,6.4872875,-4.5878096
APTR,6.2749314,0.5731501
ALDH8A1,9.053082,11.959628
FAAH,2.764811,-6.6238446
UBE2Q1,-3.662839,3.8003335
ARMC2,-3.9279356,3.4981112
ARL16,6.477206,11.559858
PKIG,2.8890488,9.649921
TMEM178A,12.150806,-3.59282
EPHA3,4.8016295,4.184382
STAG3L4,1.3021303,5.4242535
CLNS1A,1.1276674,5.0515456
BTN2A3P,19.061102,5.022579
IFT52,12.375098,8.1864395
GPR135,7.4445324,-3.621581
FAM71F2,5.176623,-2.0652542
ANKMY1,10.597332,10.716607
NHSL1,3.3872194,4.8892274
E2F5,0.78779596,-4.4796066
DDX12P,5.152971,-1.8172312
ZNF431,8.857308,-2.5763798
INPP4B,7.5411882,-3.8815238
ENOX2,8.331552,-10.806639
NBAS,8.657473,-0.20898028
PDCD2L,1.950597,10.623195
CROT,9.726598,2.0056388
GK,8.952719,-2.07714
DSG2,-2.5500193,12.448908
ANAPC5,19.781626,-5.998211
KIAA0922,14.083852,-8.44183
HES1,-1.2200149,-4.817462
CCDC17,10.800071,10.460786
TMEM55A,9.642469,-6.522677
HS3ST3B1,-1.7917798,6.709816
GOLGA6L9,-3.5313804,-2.1781392
PDE1B,9.794434,-1.020537
FADS2,15.167669,0.09560685
HRAT92,2.7658648,-6.6245217
SH2D3A,15.872263,10.761408
NOMO3,16.782433,-5.62625
VTN,16.150732,-1.4528092
GREM2,15.692979,3.6102562
ATP6V1E2,8.07102,0.8051024
TRAPPC2,10.904795,-1.1431061
APH1B,10.276089,8.840443
LRRC27,8.672077,-5.380117
GCAT,10.91388,-1.1488092
NTPCR,1.9598376,10.592094
COA5,2.0612352,10.001873
MAGOHB,2.4369793,9.987916
KYAT3,5.140959,-10.802899
GALC,5.81212,-8.381264
BMP2K,10.258218,13.087788
LRFN5,7.850184,5.2209625
GLIPR1,3.327227,-1.964909
PRPH2,6.7932944,-9.547533
ZNF841,18.271744,0.1485645
GPR146,3.302015,-8.071556
RHBDL3,14.39467,6.9468985
ANKEF1,9.959642,-2.636113
RSRC1,21.407398,-5.126883
APOE,17.034443,2.453586
APOM,15.553898,-11.189906
MAD1L1,18.166676,9.724566
MROH6,9.433878,-8.437756
PHYHIPL,-1.3524672,8.139229
GPR89A,-5.5760026,-5.2924376
CCDC125,-3.2460907,1.0453818
DOC2A,5.1516376,-10.819038
CDCA7,5.556141,7.456791
RGS17,4.3269944,12.115484
SEMA4A,6.6644006,4.0378156
CCDC71,0.78472483,-4.4758787
MGME1,14.550281,-2.9893942
ATP10D,21.75573,-1.493831
ESCO1,3.1767378,2.2296321
DLG4,-3.2858489,-1.736014
RPL13,0.20288438,11.662837
MOB3A,-2.865811,-1.3891708
TTC12,-1.2181778,6.4235296
CD36,4.2868323,-6.573597
MFGE8,8.052517,6.5767093
BAMBI,8.110284,-4.5336256
AREG,5.3641105,0.6070626
TMEM62,-3.3933582,2.4996867
CD58,16.197332,7.2302985
KREMEN1,7.4776635,3.9784243
UBA6,9.517755,-8.46371
MANSC1,1.500504,4.86519
KCNC3,11.176339,-4.667078
CTRL,-5.5514812,0.9316977
QRSL1,11.543966,10.487395
ABCG1,22.633242,2.0533319
PPP5C,19.577782,-2.5574727
L2HGDH,7.740159,-2.1060185
SPATA5,0.88993746,0.15468827
MET,4.8299646,15.6293125
MSX2,13.569271,1.9334494
JARID2,3.939953,4.7273874
CA8,0.53114945,-2.318567
GRK4,-1.3037623,-9.137334
THOC3,10.591213,-2.3988545
SNHG18,6.4473996,5.042671
ING2,5.456414,7.481392
PBX3,14.551643,-7.505876
GPR88,4.782166,0.91545653
MIAT,17.712414,7.3328233
TBC1D32,14.70601,-2.6328385
PMS2CL,-3.4037185,2.500281
DEAF1,12.522038,8.165314
EFNB2,0.61769927,-2.814326
RFX7,6.6461415,-4.177208
B3GNT7,13.263584,4.510047
CELSR1,16.681631,-1.7152469
NEURL1B,-1.6147733,-0.9211758
KIAA1524,10.887108,-1.1933657
NTRK1,14.949562,-0.48880765
SLC4A8,14.673041,6.732615
SCIN,14.73919,-2.2748182
RSPO4,-3.4774222,11.014714
EP400NL,-4.2326593,3.254548
PFKM,8.139332,-3.7665434
IFIT5,4.6664762,12.842483
POLG2,10.253984,13.085497
GGH,4.5962334,-5.1996007
RNF212,7.417742,4.5155
ZNF565,12.951945,1.282162
SCLY,19.128992,2.95722
MAP1LC3C,3.10872,5.346082
RAD18,18.041922,6.2820573
LMO4,7.2762737,1.5201186
FOXG1,-1.7982424,6.6898737
PITX1,13.599652,7.2554636
CLEC4F,18.942366,4.9384804
MORN2,18.489931,-8.230311
ATF5,11.377809,-6.128191
BCL10,11.5856,3.8964045
SERPINI1,-3.104192,1.1868384
FKBPL,-3.6753936,3.7995188
ZNF566,-8.271945,-1.5351945
SPATA24,0.51659644,-1.592111
POLR3K,2.3844311,13.769882
NBPF3,-5.409384,7.71395
MPHOSPH10,13.319475,1.6566128
CPSF1,15.216169,14.130925
QTRT2,9.206912,-7.803026
TVP23C,16.225931,-1.5162542
RNF125,0.5481067,-2.8892863
KNDC1,2.1470118,0.5145801
FNDC1,14.081113,-8.491048
MPLKIP,10.855924,10.133442
MDK,-4.593668,6.6561036
SUPT20H,18.11229,6.1918755
GTF2H2C,3.5454636,-12.150198
CDRT4,3.851569,0.9042636
PASK,1.5479038,5.276732
ADARB2,8.123865,7.0983872
NIPAL4,6.9084167,0.57076573
ASIC1,13.294063,14.187719
CTDSPL,8.140287,-3.7654371
NPIPB13,-4.2317295,3.2538388
YWHAH,5.4342675,2.9902616
ZC3HAV1L,17.044504,-5.188678
SCN3A,3.8548763,-7.148123
KNSTRN,10.628515,9.765578
IQSEC3,2.925543,0.38592824
FAP,0.44456354,0.02200325
SYDE2,8.059977,-4.500034
TMED1,9.710399,0.022971967
CHST3,17.55484,0.43722618
EFHC2,2.3538043,6.1680884
ANKRD16,12.181137,-3.5764813
ANXA6,1.5935863,5.558686
SATB2,5.0903,-10.718195
TMEM116,9.116303,-7.1948
AGPAT1,4.3210077,6.477167
NCF4,2.956991,-2.5171707
SLC2A9,9.819696,-2.8386648
DTWD1,8.667815,-5.360851
GRIN2C,16.554808,8.443802
TIRAP,10.063603,12.921531
GABRB3,3.9964533,0.90051407
LTF,2.938272,-2.4887547
WASHC1,9.311717,0.12942214
CACNB4,5.465281,8.138659
SRGAP2B,14.187909,-8.218603
XIST,-3.2465706,-2.0968819
LPIN3,7.443849,4.430066
FAM227A,14.332077,13.979385
BBS5,8.663095,-0.19549419
ARHGEF10,-5.4154296,7.7120075
RANGRF,4.324584,6.476057
TTC27,10.58689,-2.40046
SERPINA5,0.6512737,6.9479547
SFPQ,6.933391,-0.8129513
SNN,18.800419,11.681111
RNF157,23.386953,-2.282598
CCDC102B,-6.4862475,2.958017
IQCG,2.356532,3.0800352
BTN2A1,11.5121155,-6.5531044
CD320,8.361487,-10.837975
ABCC4,11.436724,-2.9843235
ZFP36L2,0.6574703,1.0726573
MSC,-6.229923,3.0320184
CAMKMT,5.798543,16.434357
DOCK1,19.368599,2.7330291
AOC2,10.560898,-2.388323
NELFCD,10.070918,6.752104
PLXNA4,-5.140869,-7.4510126
ANGEL1,7.351598,0.032568637
DDX46,14.781224,-0.0037101568
MRAS,12.665775,8.110877
FOXQ1,8.089797,-4.5005817
WDR44,4.264934,-3.5262597
TERF2,15.25449,-4.2832546
ZNF469,-3.631336,3.9072864
MAD2L1,-1.5282441,-8.93693
MTERF4,13.349992,10.879293
NFX1,14.248012,2.1714926
TMEM60,-0.2534951,0.009955643
DAAM1,12.8345995,4.334923
POLR3E,6.954835,-0.77440983
SLC2A1,0.6940733,0.86712945
ERC1,4.6594477,-3.248437
GPAT2,8.145332,7.150211
MRPL34,13.522918,14.009251
ATP6V0A2,17.181349,0.8212311
NUDT11,5.4415464,8.167268
MAPK4,2.4004707,6.1609025
GLIPR1L2,-0.2851604,9.960857
NPIPB3,-4.2308254,3.254116
CCDC36,14.8067,-12.5631895
TRIM27,-4.090972,3.3594675
RPRM,5.354733,9.3091755
ZNF571,6.4698715,-8.072248
EPHA1,0.76073736,-4.4596705
ELL3,-1.320825,-9.186781
BEND3,19.126518,2.8630908
PPP1R10,14.2378435,5.763968
SLC8A3,6.265904,3.9157689
CLSTN3,9.557813,2.1910174
UBAC2,14.554591,-7.0151005
GPR108,4.3422303,6.4855323
ADH4,7.5670385,3.7389789
CDK11A,17.921255,5.277795
PRR4,13.312623,-0.50648224
RNF144B,10.142101,12.99414
PRDM15,8.063349,-1.9112148
GSTT2B,11.60099,-6.3363366
TFRC,8.053343,6.5744276
ZNF396,2.7059865,-4.3373923
BEX2,2.1197493,9.756694
COL23A1,6.5195932,-15.051103
MIRLET7BHG,7.630327,11.126593
MUL1,-2.609395,-10.174229
ZNF322,18.232523,6.1115446
AURKC,5.3522987,-11.070108
FBXW8,-3.6209712,9.590765
ZNF586,4.3619695,12.145175
NAALADL1,6.191532,5.0788703
ZNF69,14.214775,7.073971
ARHGEF19,14.878887,-7.6381736
SLTM,4.868788,-4.9444757
FBXO7,16.341135,4.0749288
HDAC8,2.0987308,7.408525
SNHG17,19.393265,2.1408348
DDX31,18.072258,4.5955105
PEPD,19.768658,-5.9928656
RAB13,7.6542788,3.1023898
ELL2,7.0583878,1.549502
ZRANB3,-0.86129016,6.32778
ACAD9,-2.610342,-10.174038
PLEKHF1,10.215814,-2.1264179
SLC38A10,8.143361,-10.648612
MCM9,8.256619,-12.767597
ADIPOR1,2.576151,3.2408743
GOLGA6L10,2.1474788,0.5151893
EFTUD2,14.286195,5.2299967
ST6GALNAC6,13.443643,11.142431
PCED1B,14.250038,2.191857
OLMALINC,6.0120845,10.274213
NRDE2,-1.156716,6.81663
APIP,18.421442,-8.29813
PEX7,12.187746,-3.5572424
FAM193B,6.4716926,11.555273
TMEM230,18.46746,-8.253406
EEF1B2,1.1130561,5.039625
TCHP,11.200163,-4.688262
EIF2B1,16.065487,8.449134
GPN1,12.912406,1.9868637
UNC13D,-1.055552,0.20197742
TEX10,9.125628,-7.240266
RNF139,18.277285,-4.722634
GSTM1,8.051123,6.578683
LHCGR,5.318136,8.303975
RDH13,4.2007375,-9.46167
ADPRH,10.123254,-11.374853
ABCC6,-1.8199456,6.71166
MARCH1,6.1896625,-4.262292
CMTM4,11.97117,8.929713
RDH14,-2.0436308,4.4052486
GDF15,4.0155635,6.413732
RAPGEFL1,0.51715136,-2.0451925
CHD3,-3.6253598,9.595612
SURF1,1.1285031,4.1260686
STAMBPL1,1.1512009,-6.6607375
CYTL1,-1.0815197,0.21111621
PDCL3,9.857479,-1.0840333
FAM227B,7.9475517,-1.9025527
SMN1,13.958817,1.964589
AADAT,9.224338,12.187348
NRROS,6.940358,4.1677837
HR,17.718016,6.304074
CDK5R1,-3.257925,-1.7420137
CBX8,17.411161,-10.317129
MTHFS,2.0981078,7.4104495
TRIM22,3.3112102,-13.824288
TSPAN6,5.148988,-10.814358
ASPRV1,10.250063,13.082094
NASP,12.0693245,6.9020233
SMAD7,5.330658,3.0211391
MIS18A,11.585501,10.495409
MAATS1,17.594059,6.190679
HAUS1,14.60836,-3.5119975
PTPDC1,14.807125,-12.564559
LLGL2,-0.18774486,6.8004174
ELMO3,3.4078326,-7.9950233
TNFRSF21,-6.4340863,3.2173648
LYPD5,5.9118,10.393304
DHX57,2.5131574,-4.4953337
DDX11L2,-1.2307816,6.4015746
TSPAN12,4.829821,15.628888
BCAR3,20.63373,4.6779757
ARHGEF7,8.6571455,-5.713577
LGALS4,-0.9882822,6.890241
DNAH10OS,8.2978945,0.5713462
CATSPER2,19.360336,-6.3090873
CHKA,13.298278,-0.5570917
LRRC37A3,4.200812,-9.470186
SHTN1,6.281802,0.55659026
ESPNL,-3.9455082,-4.263845
FAM229B,1.7094389,6.932468
L3HYPDH,9.523095,2.219358
EBLN2,16.510698,-4.3155236
IFT57,14.846111,-3.7900505
CDKAL1,-1.5947229,4.2276416
MEX3D,-1.412423,-1.7736446
HAS3,9.84658,-8.469459
TRIT1,14.24933,2.1771617
FBXO41,19.328918,-5.381328
ERCC3,4.602829,-5.195894
SPRYD4,8.294986,0.57896495
SPON1,4.731826,0.86364555
ADNP,9.519854,-6.6208706
ZDHHC14,8.884277,1.8592217
ZNF563,7.0646243,-5.7596803
CCNB1,2.877903,-2.4463913
ZNF660,19.192278,3.0076096
SLC9A3R1,6.865229,4.1397977
WDR73,-2.0564508,-2.1464744
EXOSC10,8.877307,0.2983952
STK38,7.362644,5.002732
BANK1,14.536959,-6.994808
SRRM3,14.738336,-2.2043614
TARID,13.882195,7.975968
GPR17,5.0843244,-1.6438354
HCG27,14.3655615,2.0335605
EIF2AK4,16.582027,-5.862608
TTL,6.4523168,1.9927455
SPATA7,15.962288,-1.2825367
CLTCL1,6.3094516,0.5922849
SUPT7L,1.7098297,6.7247753
FST,0.6900433,-1.274883
GRB10,13.067913,9.433792
SEPHS1,6.1429276,-7.27581
CDH4,1.4913192,-6.832275
WDR60,4.903103,-3.1044567
MIATNB,14.782651,0.005082075
DGKI,14.63205,-2.897365
PRKCE,8.686432,4.0778975
NPIPB15,-2.244336,4.333756
WNT3,17.829536,-3.635988
ACER2,16.501965,-4.3371773
KIAA1456,4.418112,0.69367576
PIWIL2,0.911119,3.7788677
NUDT13,9.138314,-7.280295
MAGIX,4.2987804,-9.322978
SVBP,9.13168,-7.259858
ZNF714,14.54283,-2.9952416
CTNND1,-1.7765306,-4.29217
GNAI2,-8.274111,-1.5311508
ZC2HC1C,11.766969,8.22349
TXNRD3,-1.6170533,4.2398095
PIM2,5.415666,2.976137
CHEK1,-2.2058704,4.351195
ZNF713,0.7103232,0.57835215
BAG5,5.69993,5.2189646
DLEU2,-2.7574847,-2.1198668
CENPW,14.81075,-7.602305
SYT17,7.367709,-5.4662046
ITGB3BP,8.185621,0.7231699
GMPR2,12.175761,-3.5500078
FAM204A,11.987955,-8.738482
ELMOD1,7.050552,14.152155
DSCC1,5.7245173,-8.555542
TYW1B,8.032798,-4.50318
AMN1,15.544859,0.44467145
AMPH,-3.6592312,-4.482555
CPNE1,9.238865,7.673965
OFD1,12.969973,-0.9170982
SPA17,12.957967,1.8332705
HAUS4,5.659616,5.2278123
MYBL1,3.4331915,0.08238697
PDPR,-3.0533822,-2.0028431
NPIPB12,7.5695057,11.1647215
RETSAT,9.416575,-8.463301
SSPO,12.98705,1.9243951
NBPF10,5.332985,3.0371852
NBR2,6.760078,-3.8336918
PPIE,2.626847,13.981635
WNT2B,-3.8537514,-4.3171773
SNX8,2.9272692,-2.4971905
MST1L,4.0675373,-9.594941
LPXN,3.1050189,5.308755
KIF24,8.163124,-3.7632458
CLHC1,8.080951,0.81344104
SHROOM2,-3.6705124,-4.4657974
FAM192A,9.812946,-2.8532925
PTPN5,4.19823,-7.2996426
PIANP,-1.5259376,-8.9391775
SLC25A41,5.0569186,0.12202473
SLC51A,6.2422204,5.535158
SGK2,8.399006,-6.2169437
SLC5A9,-3.0003867,7.148712
DOCK6,3.646292,-8.553985
NBPF19,8.898382,1.8712219
ZNF630,-2.8610535,1.4809792
WASH3P,12.848316,-13.299514
SEC61A2,16.745298,-1.7432666
SPAG1,12.549222,4.1330724
FLCN,9.69659,12.72481
MICA,15.042747,6.515394
AUTS2,6.3096485,5.676085
FEZ1,19.222015,1.2189912
TSSC2,17.10798,2.430445
NTNG2,11.834205,-9.077665
SLC37A1,11.491841,10.479663
YBEY,-5.5550647,-5.2710876
PCDHB5,-0.45747992,0.11539616
LETM2,12.475802,6.938303
GFAP,7.051072,14.149565
TRIM7,6.2478285,5.173683
CNTNAP3B,16.145784,-1.5307359
MRPL23,1.1174988,4.1271653
STAB2,-5.950935,-1.4766668
CGN,7.652746,-3.8267808
THOC5,4.339082,0.85994434
MYO7B,10.594258,9.815474
SPOCK3,4.0156183,0.9041889
SRD5A3,7.6264405,3.4450274
WASH7P,2.241273,-12.561598
SIM2,17.503016,0.48783964
ZNF738,11.618261,3.9795372
TMEM67,13.454773,-1.0457647
ZNF880,13.473251,1.8663428
GAREM2,-0.31390002,9.986082
PLCXD1,14.4332,2.4363232
RTCA,2.466203,3.071002
F8A1,8.942273,-2.0981839
KALRN,13.716829,3.9102008
ZNF232,14.81923,8.259846
NLRC3,9.79533,4.223945
ZNF77,13.296911,1.78623
TDRD9,1.7084292,-6.907242
ADAMTSL5,11.979421,6.8891544
ABHD6,11.738697,-9.390847
NUTM2D,10.268339,10.983074
GANC,6.0946937,-4.4809303
NQO2,10.457404,5.295399
