node,x,y
EIF4A1,-2.9055934,-3.5090683
GNL3,-0.20711334,0.66899633
LRRC59,-2.9256203,-4.582899
DDX21,1.3312153,-1.129007
SH3GL1,-3.7011943,-1.0824474
FBXO40,-2.0513859,11.226344
CLIC1,3.2204158,-6.401574
MRTO4,0.52408093,0.25126392
PRDX3,7.2032,4.262782
VDAC3,4.5507846,11.220406
GATAD2A,-3.3951309,-0.9397438
UQCRC2,-4.139179,7.6995974
NDUFS1,6.3381352,5.23365
OLFML1,2.8980482,15.903525
ARPC1B,2.3551702,-4.9764185
ESAM,3.2431355,-11.45154
RAP1B,-0.8547557,7.532422
SUCLA2,7.1212263,4.569408
MFSD14A,-1.1327077,6.6220994
COL1A2,-2.2091568,16.135904
LRRC39,-1.8355906,10.995716
SBNO2,-2.2823718,-1.8206089
SUCLG1,-2.6337452,7.608138
ATP5A1,-4.918646,7.4149995
CORO1B,0.9154755,-8.880579
ZNF598,-8.277906,9.099662
YME1L1,5.567231,3.0263948
EIF2S1,2.5916388,4.1076155
FOSL2,0.057764146,6.35052
ATP5F1,4.1745815,11.683095
MYDGF,2.7668831,-6.6502223
ACTR2,2.131355,9.024591
PNO1,-0.34868366,0.93199104
LANCL1,3.4800568,5.8162956
WDR43,0.41635463,-0.8382878
RNF207,3.091062,0.48544532
ARPC4,3.7151334,-6.5732303
PSMD14,1.4664392,4.3593407
MARVELD1,7.2673864,-7.4241242
SYNCRIP,1.1159948,-1.569232
VDAC2,5.94053,12.755638
ABCE1,0.7412903,-1.5588735
IPO7,3.9292295,3.688097
MAFF,-0.38669163,5.685418
PDE4DIP,-4.920564,3.1467988
ARHGDIA,-2.9516468,-3.3240302
SH3BGRL,-3.7028954,14.437089
GALT,3.1943614,0.44412196
ITCH,1.6219269,9.482998
ATP5B,-3.032829,7.861488
FN1,-2.7096767,17.191114
PJA2,1.5487218,10.119801
S100A11,1.6882085,-4.98806
WNK2,5.5573545,1.5892324
STRAP,2.774814,3.9985027
ECM2,0.6771796,15.109159
TNFRSF1A,-2.4765058,-1.6933316
SEC24D,0.14643754,-4.85895
TNNI3K,-2.0121841,10.218604
NDUFB5,4.608238,11.178647
VDAC1,5.422605,12.807832
CUL3,5.9679832,2.5275767
DCAF6,-6.0159273,10.75183
BYSL,0.06650572,-0.0050553074
EIF3J,2.4257286,4.4689655
TMEM182,-2.0403721,10.143771
IL4R,-2.4338286,-2.3087487
COX7B,-1.7322326,6.9585567
CPNE2,0.8315318,-9.225104
S1PR1,6.37763,-10.090497
KDELR2,0.17851628,-5.045436
CAB39,5.4655643,2.5698726
LDHD,-4.016618,12.30369
PPP1R18,-3.0966,-1.0785449
RPL3L,5.3140616,1.0606595
PCMT1,6.7035575,12.483551
NDUFB3,-2.0330646,7.32799
RYR2,7.06127,-3.577751
OXR1,3.5781403,5.8409967
ACTN2,10.203433,6.834314
ATP5G3,-2.2415679,7.3659782
TSSC4,4.1319985,-1.4274974
UQCRC1,-6.941501,1.2914002
ARF4,-5.6745005,-5.9141235
ACTR3,-5.668666,-5.8457637
PSMB8,1.700394,-5.9724245
SLC25A11,-3.6829066,12.599048
RNF10,5.0497394,13.923534
EXOC5,1.7458475,10.035654
PLAUR,-0.8394697,4.6942596
MTDH,1.8835077,9.505431
MAF1,-1.6476071,1.5835904
NDUFS8,-7.2550054,1.7541511
CMTM6,-0.83529496,7.2561474
OPA1,6.75858,3.698582
ARPC5,1.6751267,-5.0773544
NEBL,6.331628,-3.7836208
NAMPT,-7.425567,6.471153
CFL1,3.1081946,-6.632997
ANXA2,1.9190733,-4.8489904
SDHD,7.2253513,4.3350854
CCT6A,0.4096744,2.1819737
PRPF40A,7.4440413,6.7040486
ACBD5,6.0580044,7.611479
HM13,-2.8704278,-5.7517657
COX7C,-1.6677215,7.1504693
SECISBP2L,-4.672609,9.958774
NDUFB7,-7.328638,2.019275
RAN,-0.016266385,1.4863226
CCDC47,3.358488,3.687564
RAB18,5.2568965,3.6023538
PSMA2,1.0688642,4.7912745
VPS37A,3.6895342,3.8452837
MDH1,4.367313,11.510003
CCT8,0.57611525,2.4172618
PES1,-9.45938,1.5642895
VWA8,7.1448464,5.239829
ASH1L,7.1882267,2.5581734
KBTBD7,-1.889706,3.383367
NDUFA13,-6.8722215,1.8223377
MRPL3,2.1289701,4.41164
CKMT2,5.0587206,0.77238107
DNAJB14,9.607636,-6.1786923
MYO1F,13.778,5.898668
P3H1,-3.394982,16.445333
PCYOX1,5.8790007,6.2218657
COL5A1,-2.394363,16.082567
COX4I1,-6.796469,1.6123096
MMRN2,2.9857833,-11.538957
GOT1,-4.151039,12.191145
FREM1,0.8090649,15.179843
NDUFB10,-7.011544,1.683385
CLTB,-8.073476,4.3232827
F11R,6.134064,-9.886952
ESRRA,-7.7184854,0.7534321
ARHGEF1,3.319188,-4.8319893
CSDE1,2.4348142,2.4421232
SPHK1,-1.4290408,3.6157584
UBE2D3,-4.1005,5.7592287
COL1A1,-2.3312218,16.480898
ITGB2,14.438728,5.718821
ARFGEF2,6.216367,8.301377
STOML2,-6.161989,-1.4182596
ACAT1,-4.7162,7.3929734
DPM2,3.8641596,-6.7534575
CHD1,-2.0881689,5.437403
ANAPC11,-7.365498,3.06012
PRDX2,-6.357679,-0.9800421
NELFB,9.07768,1.7840534
LUM,0.021343714,14.959312
MIB1,7.9477167,13.557728
NAA50,2.6786163,4.490923
CLPTM1L,-2.3817809,-5.575757
SMPX,10.3688,6.4956656
PAICS,-0.96319747,0.96452487
MAPK1IP1L,-4.204441,5.7877946
FRMD8,-4.093583,-0.62919044
OSMR,-3.0190394,-2.4628625
NOC2L,-9.072611,2.2221959
TM9SF3,1.8789235,9.142727
EPHB4,3.476892,-11.653698
MYBPC3,10.231883,7.154506
PSMB7,2.984104,6.1425686
NOLC1,6.5589523,-1.0247773
NCOA2,3.5973,5.992584
TOMM40,4.089665,-1.9326372
FBXL17,5.7226152,5.979522
PLXND1,0.81476164,-9.16392
SLC39A14,-7.514598,6.5333624
MAOB,-2.3249907,9.652813
ZDHHC20,8.861264,-6.0237265
BGN,-2.3020225,16.920208
ECSIT,-7.5889506,0.9460529
DCN,0.08269137,13.777632
PARK7,11.4381275,4.372168
GSTK1,-5.468599,7.3058953
FAM217B,-1.7842047,3.4337082
NCOA4,6.1547794,7.472997
PSMB6,-6.1173897,-1.429174
NDUFAB1,-2.1463,7.3576307
DNAJB11,-3.2627685,-6.589938
GHITM,6.934102,4.6684465
RAB6A,2.7547314,8.937032
ANTXR1,-0.05639358,14.261333
TXLNB,-2.9040613,11.340163
CMBL,-2.4505088,9.377683
ZYX,3.3448243,-6.577828
RECK,-4.0905867,14.543757
YARS,-0.6862206,-0.5781189
NDUFA1,11.233523,4.831954
NDUFA11,-7.3608866,3.235887
DMXL1,-4.4119964,9.99557
DCAF13,-0.25558785,1.3959575
MYCT1,1.8506547,-12.284029
DHRS7C,-0.9489493,-3.6513455
ADGRL4,6.0539985,-9.711548
COX5A,-6.543725,1.4247816
CAPZA1,-1.3634254,-8.635634
GBAS,1.7864927,6.1469665
SEC23A,2.475707,8.879856
RCN3,-3.5006695,16.736074
BRMS1,4.072779,-6.696749
CLEC14A,1.744977,-12.181717
SLC9A3R2,4.834057,-12.281622
SIRT5,5.0148106,11.2373495
LAPTM5,14.312367,5.2053037
PPRC1,6.4727535,-0.8713409
USP9X,5.817475,2.613719
PSMC3,2.820191,6.4681406
HIGD1B,-10.089756,7.598706
STX12,-1.5598232,6.027003
PDLIM5,9.330503,6.562606
ROCK1,-5.331329,9.731939
MRPL12,-12.840936,2.9550939
CARF,-4.097842,-1.1177108
CCDC124,-7.9370685,4.2589574
PATJ,-2.1218436,9.875113
AFF4,-2.3075886,5.259372
FXR1,-6.3892937,11.160001
RB1CC1,6.2538524,8.126396
HBS1L,6.68735,3.368946
LMO7,-5.4141455,3.1843915
CYC1,-7.1896353,1.3372657
LTN1,-4.2730684,10.061922
ETF1,-4.031045,5.6303616
GAL3ST4,2.9561172,15.976153
NDUFA8,2.2993422,13.155996
PSMA5,1.3034656,4.5303426
STAG2,-5.187064,9.796419
CYYR1,1.7333195,-12.1865225
TRMT1,11.646893,3.8037753
TMOD1,5.3076563,13.533821
CS,-3.713658,7.8815627
ATL3,8.615491,-5.9444466
MMADHC,6.6169066,12.524186
SLC25A4,5.0167413,0.72265214
CUEDC2,-5.3908625,1.2515407
MAPKAPK2,4.956943,14.023248
SELENOF,-0.23489475,9.797859
WDR3,0.38292482,-1.3173994
TUFM,-6.2276597,-1.2527556
KPNA4,6.4428315,3.3598087
RAD21,3.820393,6.168632
COQ10A,-4.579982,12.258193
PPP1R15B,-2.072809,5.601104
EIF3K,-5.4670978,1.2984015
PUS1,5.1782246,-4.8507104
SEPT7,3.453487,9.202035
AKT3,-4.306066,14.638102
RPL19,4.2691474,2.28753
RABL6,-13.167783,0.24797896
ADGRA2,3.0550485,16.027157
MYZAP,-1.9482502,10.272284
SSNA1,-13.309042,0.38474396
CASC4,-4.054654,14.360282
DHX37,-9.471191,1.6029041
TACO1,-10.871503,-0.5267983
HADH,-5.0270634,7.297883
MGAT1,1.9215904,-5.4980135
OAS2,10.438653,-4.102472
ACADSB,5.5764327,5.764698
UGDH,0.19664586,-4.642238
PNPLA8,3.3736105,3.5131197
SHE,1.6956459,-11.892144
TMEM143,-5.426943,7.311867
MB,5.1370397,0.83621335
FSD2,-2.1887596,10.94818
ASPN,-0.31864768,14.941685
REXO1,-8.292704,8.77796
ZMYND11,-4.4588714,-2.3568203
EHD2,1.0396832,-9.46182
IPO4,0.62560546,0.2731791
DLAT,6.8457394,5.1042423
UBAC1,2.5359,13.406738
FH,4.091676,11.6914015
FARSA,3.7794206,-2.135436
AMT,2.9225175,-0.030806271
SPI1,14.312042,5.734215
MTPN,2.713913,8.772904
CCT5,0.06067012,1.7832093
TGFB1,2.642072,-4.6440935
EIF3B,-9.344752,1.594855
EGFLAM,10.985799,5.6802096
RPL32,4.229425,2.2014225
TNNT2,10.293338,7.115349
SURF4,-2.975342,-5.0395603
FOSL1,-1.1866431,4.044462
SNRPD2,-7.4966917,4.1180205
PPIB,0.62439656,-5.249443
PTPN1,-2.9193573,-4.430658
PRR14,7.487672,-3.092035
TAB2,2.294045,2.2744253
ELOB,-7.4380927,3.4152076
CCM2L,4.812292,-12.340905
STUB1,-1.6505057,1.5937462
PRPF4B,8.987827,0.42156717
GAK,-8.80918,9.624651
SMCO1,-1.9576615,11.209639
HNRNPAB,-0.0697549,1.0733343
PDIA3,-3.213264,-6.455813
CCT4,0.5182261,2.329574
COPE,5.3910227,17.397915
CHORDC1,-1.6878582,12.041366
FAM91A1,-0.9956278,6.803628
MDH2,11.271994,0.114733666
PDE5A,6.644264,11.295723
EPB41L1,11.023896,5.82442
ADGRF5,1.8895482,-11.559176
ANO5,6.803529,-3.684914
ZNF248,-9.402252,6.403607
EML3,3.3666725,-4.7150626
RABAC1,0.8961952,-6.975091
IPO5,-12.17152,9.528497
UBL5,11.504905,4.273274
PECAM1,6.142658,-9.944132
RPL7A,8.976331,6.2022667
TPM4,0.92277235,-4.5689316
ATP5C1,4.114983,11.646499
TCIRG1,3.1593375,-4.83393
ZPR1,-2.4450948,-4.1161065
NR4A1,-4.6088686,8.632798
TAF1D,-4.172486,-3.6020615
XRN1,8.78668,0.12244779
NDUFA5,4.3355384,11.023092
FUNDC1,4.9882054,10.695164
SDHB,-2.387276,7.587689
SLC39A1,-9.521969,1.59601
ACAD10,3.012413,0.18510418
TNPO1,8.242182,13.336112
ELK3,5.485377,-9.573993
COQ9,2.3500552,13.210212
HNMT,-3.74303,14.32983
NDEL1,-0.49147263,5.0597
FAM193B,7.551429,-2.914055
STOM,6.854639,-9.817218
HSPH1,-1.7150418,12.009729
PKN3,3.5869384,-11.491622
COL3A1,-2.187112,16.182188
ATRX,9.755254,4.694306
ZNF780B,-9.500842,6.0008497
CCT7,0.63147503,2.4466393
NCLN,1.4637631,0.8271614
VTA1,7.2903366,1.846974
SPHKAP,-1.9108269,10.337273
RPN2,-3.1294074,-6.299208
SHISA5,1.8897685,-5.5393953
BAZ1A,-1.7176793,5.945474
NDUFS7,-7.1777143,1.3597633
GARS,-0.7071928,-0.5938108
UBXN4,0.79467124,8.891281
ARL8B,4.1062684,3.6256573
PRELID1,-1.8094203,-5.6088324
ITPRIP,0.10830302,6.406255
KLHL38,-2.6504529,11.391431
OSTC,0.49531436,-5.2499323
MATN2,0.80700135,15.096612
EIF4E3,5.9991255,7.481568
FBXO11,7.774133,2.64797
STAT3,-7.3379865,6.5321975
TRAF4,-0.60406953,4.9014673
ICAM2,3.649063,-11.017291
PRKAA1,8.812991,0.1651994
TEPSIN,7.5728126,-3.1067069
SCRN3,8.363242,5.116196
SH2D3C,4.0824633,-12.01934
TACC2,7.2598886,-3.5651617
OGN,0.33263078,15.054768
KMT2B,-8.3537855,8.684548
FIS1,-7.4599047,3.3758383
FAM126A,1.0778877,7.3331537
IFI16,-7.026275,13.466133
SHARPIN,-13.089318,0.27358264
RAB34,2.6272001,-4.4712763
OMA1,-2.637201,9.255784
CISD1,5.6685905,12.791711
NDUFB9,-6.4079075,1.4566106
TRAM1,-0.24412893,9.821329
HAND1,10.653267,7.146818
PHYH,-4.681658,7.3871408
ACADS,-6.470341,1.8398371
SCRIB,9.058184,1.7952793
CD53,14.462892,5.6225076
CD93,5.970804,-9.664406
MED13,1.1434119,9.220743
MYO1D,-2.1908674,17.096682
VIT,2.5617285,9.455635
TRIM45,3.10145,0.40162292
EPN1,-4.069706,16.241917
EEF1A2,10.304939,7.082102
CCDC86,0.23523384,0.39157712
MEN1,1.6325973,-8.667182
PGM1,5.1031885,13.827143
NNT,5.953781,5.5442343
UBR3,5.770387,5.78127
ATP1B2,10.971298,5.6572866
TSPAN14,3.3096232,-11.485068
LRRC20,-3.9070365,3.6218758
ARHGDIB,7.1107016,-7.670609
DNASE1,-9.364674,6.669363
SRSF11,8.959566,0.36838818
HECTD1,6.748628,2.5275314
PTH1R,-10.174831,7.6944423
METTL1,1.0464237,0.4377586
TOP2B,3.8049254,5.921155
TBRG4,-12.707005,2.7961466
E2F4,-8.230392,8.863386
TTN,6.2779193,-3.8230546
FGF12,-1.930576,9.992338
CRYAB,-12.121159,6.0575957
HSPA12B,4.3973207,-12.182888
RAB5C,1.978581,-5.3850174
PPP1R3A,6.9313965,-4.138117
KPNB1,-12.113999,9.481437
TXN2,-3.6333668,12.63021
ADRM1,3.7833042,-2.169739
IFIT3,10.514638,-4.1544895
SERPINA3,-3.1201425,-2.5021276
CCSER2,7.0005364,5.564954
PAIP2B,-4.671441,7.3792605
HSP90AB1,0.9052901,2.5727587
EVA1C,8.088971,-9.553187
ADD3,-8.295707,-1.2211411
KLHL7,4.233605,10.900099
PHB,-6.1341395,-1.5746332
MSN,2.9846919,-6.00511
EPM2A,-5.8888664,10.669527
IRX5,-12.634536,4.721467
HSP90B1,-3.294408,-6.6668954
LDB3,-4.4907556,12.237405
PTPRB,1.7522112,-12.175611
TAGLN2,1.9707636,-5.313901
SLC8A1,6.302128,-3.2773004
GGA1,9.370761,1.6362253
RPL23,4.2215962,2.0848844
PRKAA2,-5.436703,3.1806169
CNOT1,7.7803345,2.6879144
TOMM70,14.744709,-1.5069427
MAPKAPK3,5.5013404,1.875162
OPLAH,-6.534708,0.78027767
PPP4R3B,0.7206599,8.8219595
TWF1,-0.29354432,9.718716
MYD88,1.9002023,-5.514647
CXXC1,7.71053,-2.9578986
MXRA5,-0.34343204,15.096857
CERCAM,-2.4499674,16.127748
ADAMTS10,7.466965,-7.647292
SUB1,7.170189,12.169068
CYCS,3.9710307,11.772122
GNAQ,0.9128088,6.9101887
MYH14,-4.612271,2.7855642
MFSD12,-2.0612812,-5.8217664
GSPT1,2.7666793,3.9408145
SEMA4B,-7.2697325,6.716668
OBSL1,-6.571865,0.8197439
NOTCH2,-2.565172,17.18912
EHMT2,7.675268,9.67377
ADAM11,-0.7304475,-3.4295964
FAM65C,-10.1804695,7.70118
AP2S1,5.367368,17.426327
NRAS,-1.3363239,-8.606568
PPP2R5E,1.7813482,9.795709
TXNDC5,5.363017,-1.9557439
ZNF382,-8.004316,-8.434795
TNNC1,10.285073,7.117645
PSMD7,6.028865,12.279277
NEGR1,0.27884176,13.616827
SDHA,-3.9469454,12.318552
RPL18A,8.694568,6.2726445
EVA1B,2.606425,-4.5832767
NTMT1,-6.223932,-1.9848905
LAMTOR2,-7.3790207,3.0019946
PGLS,11.67927,-1.1675203
PKIA,9.48959,6.5266833
POLI,-2.4233189,3.0196836
ANXA4,-3.9242973,14.355348
PIK3C2A,8.876476,0.24778801
UCK2,-2.566391,-4.2118034
PCNX3,-8.619951,9.707171
RNF20,-0.7414279,12.900754
MXRA8,7.464434,-7.561572
MOCS2,4.83663,10.821848
TMEM165,-3.9249015,-3.4186196
JOSD1,-0.44309047,5.1152225
IFFO1,-3.9384336,6.0670457
TMED9,2.8936677,-6.729699
CTSK,-0.38265762,14.6037245
C1QTNF2,2.9571981,15.921489
SEMA3F,-0.94273096,3.9029887
CTNNA3,6.4261403,-3.3218703
PLS3,-3.6285226,17.30565
HSF1,-1.566178,1.485955
ERG,5.916372,-9.847304
KIAA1109,-12.151966,7.5467424
TRAPPC5,1.9025279,7.4962325
KARS,6.1562376,12.958511
LHFPL2,0.029388694,-4.807511
NDUFV2,-1.4619855,6.680735
DICER1,8.944025,0.4014428
DTNA,9.301473,6.497125
CCNL1,-1.9039106,5.6148653
ADAM15,3.5188565,-11.652406
DBT,7.461809,5.1401043
OLA1,7.2378573,17.202005
DOK1,1.4812944,-8.692198
CCDC137,4.0296497,-6.696782
COX8A,-6.415129,-0.88262284
IRAK3,7.7451706,-9.686633
PFN1,2.9991891,-6.658473
SERINC1,-4.940477,9.921881
MAP4K5,1.0070173,7.2374024
BZW1,1.7787641,-1.0952327
PRR12,7.701564,9.666479
MRPL38,-1.235661,1.1448395
GOT2,4.1311197,11.627508
CD44,0.30412272,-4.6112075
SMAD5,-6.2635593,14.694605
DCUN1D2,-2.2088497,10.827856
STAG1,-5.9352956,5.0616217
HCK,14.743304,5.5451665
MS4A4A,12.226509,8.889077
NIFK,-0.5644537,1.1279011
WDFY1,0.86672187,7.0206556
ATAD3A,4.1952624,-1.6961805
PRKACB,8.660556,5.363199
ABCF1,8.701549,10.279888
FAM111A,10.029269,-3.9090524
ALDH5A1,-2.4229062,9.403633
PPM1A,6.226819,7.925819
CNPY4,2.6983562,16.064657
PA2G4,1.5374246,3.1753712
SCYL1,4.2451625,-8.003487
CCT3,0.5952828,2.4066043
SLC30A7,-0.76389766,7.853029
DLG1,-12.29113,9.632282
SH3BGRL3,1.9284626,-4.512325
PCMTD1,1.8669205,-4.3658485
KPNA3,6.529994,3.3000543
YKT6,1.5151123,0.8818765
RELT,-1.2822708,3.900375
RCC1,-0.5345754,-0.4563338
RAB27A,-7.0349646,13.477224
SEC24A,-5.991601,-5.8575196
TRIL,6.751068,11.181149
MYH11,3.2744951,16.635427
SAMD9L,10.169555,-3.960711
MRC2,-2.5736046,16.05398
RNF170,-2.271691,3.1408384
LYRM7,7.29985,5.1193676
SCN4B,11.008166,5.7174115
MYH9,3.3937135,-6.360666
WASHC4,-5.550994,9.591995
EDF1,-7.6965094,4.124425
NAA10,7.1863427,15.575381
TNFRSF10B,-4.1535525,-0.58338577
UBE2Q2,3.3943176,9.175571
TRMT1L,-0.7294522,12.916039
ILF2,-0.0126745645,1.1191894
CSNK1G2,-8.905387,9.518557
YIF1A,5.370647,17.422197
TRUB2,-10.923863,-0.5781434
MS4A6A,13.170862,6.195226
RELA,-3.8778472,-0.7523679
ROMO1,-7.493104,3.9854953
WAS,13.769161,5.9244637
BBS10,0.22318214,6.983727
TRERF1,2.7424448,16.030542
OGDH,4.8788776,0.55378664
HSPB7,-12.159726,6.010762
ACTA2,3.2729187,16.617954
RPL31,4.2342706,2.197233
GAMT,10.135969,11.886516
COX6B1,-6.7593913,1.7221824
RHOT2,-10.371039,10.730139
PLA2G4B,-9.422637,6.7508516
WAC,2.2611709,2.2389302
IARS2,6.291141,5.0224733
SMYD1,6.913318,-4.0529323
MRPL52,-7.456483,4.0878587
COA3,-8.754472,12.761398
KMT2D,8.317253,2.8405612
GNB2,-3.550607,-1.5847044
KMT2C,9.774617,4.6781764
HAX1,-5.52194,1.3307233
RELB,-2.5022502,-1.2428615
NRM,0.82805866,-8.93199
SSC5D,-0.34712616,14.905997
HNRNPF,0.8031244,-0.76794934
ZKSCAN4,13.014971,-0.115264125
RAI14,0.34891012,-4.609402
LDHB,-4.871783,7.25423
SELENOP,10.737552,7.7884326
NAA20,1.6843102,4.4020696
NYNRIN,2.6637065,16.073088
LUC7L3,-9.976847,-4.9181933
KAT2B,5.7903323,6.150277
FAM173A,1.9132842,7.5009813
PTRF,1.1068414,-9.458558
ABCA6,2.4326053,9.326789
UBA3,8.086292,4.908098
TBC1D2B,7.4175677,-7.6623583
SHMT2,-0.6218147,-0.5250654
SLMAP,7.025236,5.519729
HMOX2,-6.3314304,-2.2176147
TMED7,5.1044106,3.742171
HAPLN2,-10.3877735,8.02779
KLHL24,1.9262154,-4.4122276
ASB10,-3.963535,3.5375178
DNAJC4,10.138443,11.89554
MVP,3.2045362,-4.691929
HSDL2,1.666386,6.254631
SNX3,-6.486858,11.268242
SEC24C,8.251461,2.8079112
MAMDC2,2.5691798,9.436275
NUS1,1.0014434,-1.7785943
ELF4,-3.4035993,-0.7432487
KIF1C,-4.6398907,2.8248665
POLR3E,-7.772954,6.3264637
HYOU1,-3.3197396,-6.701658
CCPG1,3.7590744,5.651955
MORF4L2,-4.196236,5.763037
FITM1,10.131641,11.850025
PSMB1,1.1469352,4.6819344
SLC38A1,9.260163,6.709222
HSD17B4,1.6389173,6.2825584
ANKRD13D,1.5967972,-8.65848
CSNK1A1,-4.275942,5.816587
GNPAT,-6.205422,10.966954
DYNLT3,-5.8092256,-5.835553
PQLC3,-3.7355475,14.3573065
RBM20,-3.0142813,11.2951565
HEATR1,0.31351608,-1.3018882
TSHZ3,-0.072642826,-4.3272724
RUNX1T1,0.2314294,6.7558227
PSMD6,0.97974986,4.8623967
BRWD3,8.892398,0.3076375
FITM2,6.8438697,-3.9708576
PUF60,3.855837,-2.0672698
NME3,-2.9165866,1.2897996
ERBB3,1.230298,14.755776
TSR3,-1.7704909,1.7473782
SLC25A46,5.2853894,5.613355
C1QA,12.276602,8.914694
PHKB,5.8013244,6.1412387
THBS1,-0.7935988,5.288764
ELL,-2.0935142,-2.2979422
PKN2,-5.514204,9.638244
NNMT,-3.0580173,-2.4775572
PTPN18,7.347062,-7.740014
FOXK2,-7.83359,6.2886615
FLI1,5.8333263,-9.692313
LBR,8.677841,-5.9852176
ZER1,-9.380013,-1.4876959
LSMEM2,-1.9465181,11.29094
LMNB2,-2.1557496,-5.832353
MX1,10.496875,-4.1452155
VARS,1.0568618,0.48403034
NIPBL,1.1375301,9.2146015
LRRC14B,-1.6472108,11.31183
SERPINH1,9.838707,9.638883
LAMTOR1,-8.751045,12.804104
PXDN,-3.0664752,16.596275
FAXDC2,1.055892,0.3626509
ZNF202,1.1600835,17.025183
SHOC2,1.9333904,9.100027
HMG20B,0.8667598,-6.971801
ZNF43,5.0746946,2.6295269
GPX8,7.539655,-7.3744903
PFKM,-5.1861205,7.33146
JAG2,4.239181,-12.114716
SLC25A12,4.2689924,11.025153
ACLY,2.8980906,-5.8827753
PSMA7,-6.236709,-2.0612686
AHSA1,0.7807148,2.5785778
ATP2A2,-3.6212676,7.975434
MYPN,9.966623,6.731555
GLT8D2,1.0843064,15.385858
GLTSCR1L,-8.180844,-1.4015061
DDB1,-7.1085477,-3.248523
CREBRF,1.8864446,-4.176319
TAOK1,1.3295468,9.768777
RRAS2,-12.389425,9.700238
CDK17,-1.3818463,6.188522
RPL35,8.679994,6.2615843
UBL3,-4.9223146,9.932346
MRPL11,-8.772652,12.765016
RILPL1,-7.773226,0.6772004
ATP5H,-1.6099796,7.1098356
ORAI2,1.9574672,-4.6256433
EIF4G2,-1.4072375,-7.817308
CBX7,13.250022,-2.9414845
UBA7,9.797698,-3.9124632
CLOCK,1.7893305,10.303732
ELOVL1,-9.647297,12.150557
SLCO4A1,7.8965583,-9.625087
CARD10,4.628943,-12.36119
HSPA13,-5.856264,-5.8068147
IDH2,-7.1577787,1.297578
ATP11B,1.0972797,9.164093
ACE,9.817884,-3.918318
ATP13A2,-1.863313,-6.2750816
HCCS,6.029407,12.595908
ANK3,9.260085,6.6848016
VASP,3.483571,-6.4519496
CHMP2B,5.802702,3.3248367
SOAT1,-0.8953534,7.380437
ZHX1,1.8311332,9.820313
DAND5,-1.937034,11.393933
CUL2,7.2492704,1.9877412
GATA2,1.3748267,-11.63166
KIAA0430,10.750445,7.7264013
ACBD4,-2.8020587,1.3836238
FASTKD2,14.732427,-1.5239964
GRWD1,5.3350496,2.0924997
AFG3L2,-5.858827,10.621984
BTN3A3,9.85196,-3.92042
CDH5,2.8580022,-11.379601
C1QTNF7,1.1008594,15.426309
IL1RL1,8.132716,-9.517125
EMC6,-13.557878,0.53383094
EEA1,7.998866,13.490467
HRC,-4.14337,12.222111
PDIA4,-3.315564,-6.703924
IFT22,-6.183555,-8.926305
CAMK2G,7.7572465,9.610437
HNRNPK,6.6285176,-1.0531907
CTDSPL2,9.564794,-6.1590343
CSNK1D,6.6336474,-0.6879063
COL6A2,-2.5494366,15.979318
GTF2A1,-5.535474,9.6239805
CORO6,-6.5142198,0.74454045
THOC7,3.6947374,11.953948
DOCK1,5.348309,-9.487413
HIF3A,-10.3708,8.0406885
ABCA8,0.40554136,13.382875
CPTP,5.8370643,1.1416483
COL6A1,-2.5141387,16.00008
ZNF24,6.6456013,8.205844
MAZ,-1.8333648,-6.3132973
ITIH5,0.72614145,15.133818
TPGS1,1.9149517,7.499902
PAPOLA,-1.5187471,12.106866
TFE3,-2.8922834,-1.2619276
ZNF862,-9.373892,6.7115593
NECAB3,-3.5731053,12.721514
FHL1,-12.395241,9.704571
MUT,7.5092783,5.1800294
ATP5J,-2.113589,7.257075
BCL2L13,5.201139,13.781008
STRN,1.8743681,10.538441
CC2D2A,1.1581602,15.4684305
TMOD3,0.89161235,6.9358206
PKD2,-4.1944547,14.515657
TECRL,6.255018,-3.8122666
MYOM3,-4.5964966,3.0329096
SLC52A2,-1.9541265,-6.083113
GRSF1,14.7364855,-1.5033628
CORO1A,14.388753,6.200774
RNASE4,0.2160153,13.677369
FLT1,6.9127717,-9.836288
UQCR10,2.2861946,13.143765
SPTB,5.118696,13.83664
UBE3B,-2.8080451,9.279584
EFNB2,2.9514813,-11.434431
PUM3,-0.35655227,0.65251756
CCDC191,-2.7828104,1.5119759
TMEM88,1.5467719,-12.347322
PPP1CA,9.06439,1.7583675
RAB7B,2.8492057,16.036434
COPB1,-5.3481846,-5.7003684
IMPAD1,4.9827547,3.7615507
DNAJA1,-1.6264827,11.937031
MYLK,3.2157388,16.481236
RPGR,8.139314,-9.486271
DHX36,7.401838,6.7705417
TMSB10,2.0654051,-5.2517376
TTLL3,-2.8118088,1.4157808
ACO2,-2.887979,7.999037
ADSSL1,-3.95537,12.321381
MLIP,-4.776606,3.0975738
MYBBP1A,0.665103,0.30832815
IL18R1,8.0650835,-9.551509
SNHG15,-2.5348532,-2.4035337
ABCC10,7.6772313,9.695627
PPP1R12B,-1.9354116,9.967094
TNKS2,-2.5791783,4.4235506
STK10,1.7739081,-5.8662744
LSM10,-13.36855,0.40928295
PDE4D,-4.2153215,5.864162
AASDHPPT,8.112141,4.203745
FZD6,1.7005326,-12.247789
PTGES3,-1.5713425,12.005063
GNG2,13.373007,2.5668104
FBLN1,0.056423906,13.907153
BCL11A,10.891205,7.147968
HSF4,-0.7560286,11.466974
RAB8B,-0.88056076,7.416044
PTAR1,6.755408,8.28149
GIGYF1,7.9694057,-2.9680588
TCF12,7.9404135,13.509878
NDUFV1,-6.356965,-0.9500481
MIB2,-3.1784022,12.999229
SEC61A1,-2.8077106,-5.2957363
MIER1,9.346496,-6.1028724
ZNF606,-9.125585,-6.432523
PDE3A,6.0209403,-3.3300395
MCCC2,1.7611475,6.178083
FYCO1,7.6345806,-3.874876
DHRS12,-3.3885567,-6.8752313
SEH1L,0.6699522,-0.73672616
PLOD3,2.824652,-6.856776
PLSCR3,0.8191938,-8.74592
CYBRD1,0.1871107,13.735141
RLIM,-2.306751,5.2762218
SLC2A3,-0.2622174,6.017504
VWF,1.8202125,-11.651505
ST13,-6.5171247,11.297804
TBL3,3.7035873,-2.2120175
MRPL33,11.449823,4.3465967
MRPS18B,-10.817522,-0.46787688
PSMA1,1.0360837,4.8049116
ZEB1,3.3613126,9.147987
NEURL4,11.487748,-6.0090513
ABCF2,8.702651,10.282444
HSPD1,0.8907176,2.672426
PAN2,-9.383232,6.6077385
PCCA,6.3271127,5.051094
ARL1,7.2081294,12.156348
FBXL15,1.944133,7.522272
PEX16,-8.956907,10.096502
PSMB3,3.0468714,6.0165753
RPF2,-0.76283276,0.9459645
AP5Z1,-8.8100815,9.920314
NRK,6.682745,11.256672
RPL7,4.2051497,1.878799
FXYD6,11.14345,5.88491
PCNP,6.0605507,3.2959054
RUNX1,0.3007515,-4.626149
GDE1,-6.0478716,10.746677
JUNB,-4.628392,8.490899
DOK4,0.84401095,-9.610736
AVPR2,4.8717823,-12.318357
DVL1,-4.2751184,16.38493
ARCN1,-5.3258185,-5.693089
NR2F6,-4.2776947,16.386787
C1QBP,5.2112055,12.777972
FBRSL1,-4.1700683,16.343502
SLC29A2,10.942688,7.169175
CD34,5.7125382,-12.513988
POLL,-10.297395,-2.4231708
SCARF2,2.6207767,-4.5079064
SORBS2,10.381335,6.4745317
NUMB,0.91076076,6.877861
APOOL,7.2357826,2.0262706
OSGEPL1,-4.011578,-0.9233417
EIF3I,0.6400248,0.25258505
PLCB3,0.8251652,-8.741048
FBN1,0.127616,-3.5457895
RECQL5,-10.29436,-2.4209206
THRA,-0.7130978,7.9526916
DYNC1LI2,7.9416885,2.5936062
LIAS,-2.3500845,9.191325
SELENOT,2.7457259,4.4246216
COL5A2,-2.1732311,16.053432
ALG3,1.1581053,0.56305766
PLSCR1,-6.960175,13.396004
JMJD6,4.8929133,2.68097
ROBO1,0.13263872,-3.5299716
TEAD4,-9.582959,1.6324493
GNB1,2.9079506,-5.8940325
AOC3,3.1098778,16.252382
ITGAM,14.453056,5.715453
ITM2A,1.8831215,-12.303166
RPS6KA4,-1.8643702,-6.2586746
C1S,-0.2168053,13.542593
ALDH2,-4.6646504,7.4045844
TRIM52,-11.694065,-1.7607319
MYOM2,7.2360206,-3.4355361
POLR2L,-7.517553,3.5123813
COPB2,-5.327059,-5.689241
PSME3,-0.08381064,1.104824
SLC4A3,-6.552019,0.8260917
NCKAP1L,14.51411,5.8169346
ATP5J2,11.313983,4.6781354
GIGYF2,6.12464,8.437626
TROVE2,-6.26542,14.696503
ATG2B,8.717316,0.012925657
ETS1,5.953497,-9.602503
DHX34,11.678626,3.7439866
ECHDC2,-0.6972273,11.4581995
RPL13A,8.933565,6.2252965
SLAIN2,6.5341125,3.2810218
MAP3K12,7.423283,-7.727112
CLUH,-7.1573906,1.2959149
ZNF787,4.2930584,-1.615361
CDC42SE1,-0.62160283,4.932783
ZBED8,-2.1612346,3.2421527
RARG,2.653823,16.085392
BCL3,-2.0693483,-2.3133414
MYC,-2.281185,-2.1302774
ATP5D,-7.341508,1.9824696
PELI1,-1.8254693,5.6626806
SMARCAD1,15.116328,8.75984
VPS4A,2.7731128,6.5570436
SERPINB1,-7.3102865,6.561524
CCNG2,4.4814734,-2.159815
PPP1R37,9.358359,1.6431812
IRF3,7.644697,-2.9178119
SMYD2,10.370476,6.482886
KAT6A,-1.9231527,5.8746324
MYH7B,-1.3915452,11.626528
METTL7A,2.4016736,9.199623
TMPO,8.772879,-5.9100857
ADSL,1.3776383,4.464542
MFN2,4.8884487,0.5631701
NFKB2,-2.4888449,-1.2383806
PCDH1,3.4752786,-11.722421
SIRT3,-5.4978175,7.2804017
IFI44L,10.539844,-4.172465
RD3L,-1.730445,10.875603
ZNF740,7.9866505,-2.9610538
PRORSD1P,-4.805644,12.532367
FBL,-9.612393,1.2258269
EIF3G,-12.614244,12.280365
TNS2,-10.401692,8.090693
ADAMTS1,-0.22310832,6.045078
UQCRFS1,4.4493027,12.053315
HOOK3,1.0991483,7.3445415
ARL5A,5.9550967,3.1748588
TMEM33,0.95519507,-1.8075039
NDUFS3,2.3021567,13.154677
TMEM106B,4.3169465,5.9722943
PLA2G6,-2.8152916,1.3989612
DES,-12.118002,6.053712
BTN3A1,9.851754,-3.911333
CLINT1,2.052083,9.00572
NDUFB6,-2.0980802,7.2584124
HDAC7,3.436304,-4.715455
ZNF704,5.178304,-4.850546
IL6ST,-0.9948116,6.768708
IMMT,-3.709655,7.9090834
POMGNT1,3.765675,7.351699
LMF2,-0.56644154,-9.840408
MALSU1,-6.1780643,-1.7534449
CISD3,-13.316464,0.37807608
TRIM34,10.105746,-3.928136
AK1,-6.602201,0.91011244
CCDC68,1.4021223,-11.638134
TRADD,0.89097303,-6.9303684
ZFR,-4.472851,-2.3671718
UBE2G1,6.999925,12.281927
MOCS3,-0.25904715,5.387673
NCL,6.604633,-1.0489616
ATP1A3,-4.0471087,3.4235399
BDH1,-3.8580866,12.413888
PIN1,-7.399806,3.3015344
RASA1,15.784921,-0.36374712
AGPS,8.265484,13.329464
PUM2,6.604706,8.203223
CACNB3,0.8546116,-9.535061
RNF208,5.742432,1.2154567
SDHC,6.374285,5.092509
SMC5,-2.5415697,4.967021
CDC37L1,1.3798261,4.1118703
KIAA0368,3.3393145,4.0597057
PANK3,-6.2304726,-5.864238
ANGEL2,5.12141,2.6039631
AGFG1,1.000411,-1.7616267
DTX3,-1.218221,0.97201216
ARF6,-9.135454,4.8993073
SLC20A1,-1.0527525,4.3506155
BTF3L4,11.5731125,1.5908676
GLO1,7.2415104,17.196465
EMILIN1,-3.4948359,16.688128
MYOM1,7.26569,-3.4461164
ATF7IP,-1.8590945,3.3980858
MED23,8.644206,-0.077790305
DPH2,0.19419217,0.04729208
CCDC80,-0.3348587,15.106997
ZNF518A,6.654188,-5.7422957
HIPK1,2.2527094,8.923539
AXIN1,-8.039512,9.058821
ZNF224,5.0676637,2.6440742
NFE2L1,13.247214,-2.9422462
PNPLA6,9.034981,1.8085989
UBQLN1,4.1146293,3.5921013
MRPL4,-12.737844,2.8317878
SNTA1,5.707431,1.2507375
ALDOA,11.281424,0.1095013
TBC1D14,-3.0082376,9.3208885
NPY6R,10.231635,6.486542
ETFB,-6.6061096,1.8181632
WASHC5,5.1750093,5.5460525
NDUFA2,-6.7569833,1.7352445
TMEM208,3.6427402,-6.7217054
XRCC5,6.652871,-1.0681505
CSF3R,14.994652,5.4355855
COX5B,11.1675625,4.997897
COLGALT1,-3.1110654,16.57903
EMCN,1.8863949,-12.306605
ATP5O,-2.286808,7.386612
SBF1,4.262578,-8.028418
BRD4,-9.547103,1.660652
MAP2K2,-13.204458,0.31839442
ATAD1,4.276133,10.950278
NPDC1,3.268836,-10.799509
CHCHD3,5.635282,12.784181
INPPL1,11.493178,-6.0026894
TMEM30A,-0.24554971,9.824597
MACROD1,-7.275545,1.8736407
TMEM11,-13.572851,0.5428377
NARS,6.515315,3.499971
RIF1,7.459093,6.6723356
DUS1L,0.41989976,18.118217
PPAN,5.1505766,-4.8181043
RB1,-5.34728,9.72497
CYHR1,-3.1936889,12.992508
ARHGEF18,-8.788834,9.944455
PPP2R3A,6.9783325,5.3604774
API5,7.4516277,6.6890516
ZBTB44,6.581884,8.196638
LMOD3,6.9521456,-3.9403603
TRAF7,-2.4647315,-5.4233685
SLC25A25,-1.8715901,-2.5281065
RSF1,-5.2453723,9.757451
RBM42,3.6722085,-2.2309494
MAP4K2,4.855622,-12.296076
PPP4R1L,10.074085,-3.8509517
FAN1,-2.987563,9.31682
CCDC121,-1.9383669,3.333909
GPD1L,-2.4091475,9.674037
RNASE6,13.135397,6.211593
IGSF10,0.8962062,15.089427
HIGD1A,3.8753226,11.829919
EIF3H,7.239008,17.204027
TTC37,-12.136106,7.559308
PIK3CA,-5.3677216,9.707065
EFTUD2,8.70339,10.280472
SPIN1,10.5993185,8.001777
CCL2,-0.9959057,4.4414515
ITFG1,-10.712947,3.5429528
WDR74,-9.156269,2.0710418
EIF3A,4.0828023,3.5844862
ARPC5L,0.10682665,0.018214334
JADE1,8.413179,-9.600094
ZBTB16,8.579006,-9.596134
RYBP,-9.163178,4.8783503
YWHAZ,-5.533431,-5.9862633
CD63,-3.0783286,-6.2128916
PNPLA7,-0.6589085,11.489422
OMD,0.5427182,14.834587
TNFRSF12A,-8.368319,-4.944229
ETS2,-6.960328,13.398055
SLC30A9,5.356849,5.6429496
NDUFA6,-2.0597687,7.3653765
AATF,-2.3935132,-4.0691123
ZNF181,-3.6397204,-1.2535654
ACVR1B,6.341096,-0.8813132
SLC5A6,-0.27808875,-0.27454787
COX6C,-1.6111972,7.1574216
TTC14,-9.988854,-4.9312854
RHEB,-4.1595054,5.736193
FAM129B,1.9830865,-4.669927
RHOG,-3.5627103,-1.4684621
CA14,-0.72508764,-3.427165
MRPL51,-5.5462313,1.3497782
SORBS3,4.193553,-12.106606
CSNK2A1,5.4543304,2.685213
BOLA1,3.4106352,0.4443326
FEM1B,-5.7844157,-5.822578
ZNF383,-9.099923,-6.4077406
MRPL24,-6.1178536,-1.5348217
IFITM2,-2.4667451,-2.2997983
SGCG,5.4692082,1.4061747
SGMS2,-4.523043,5.836115
KRIT1,-4.2974586,10.018647
NDUFC1,-1.8724912,7.2101583
EIF4E,2.7387743,4.4124055
TBC1D17,-0.64579505,11.495476
PIK3R5,14.301511,5.1931334
PPP6R2,-4.0374823,16.268187
YJEFN3,-9.371713,6.7291846
TSN,7.3497696,1.7609276
ZNF579,4.3624916,-1.5415257
ALG1,-9.722604,12.218042
RCAN2,-6.0031223,10.760994
ZNF280D,6.6571865,-5.721841
KDM3B,6.1573014,8.427809
MFF,7.152136,4.400609
MLYCD,10.090387,-1.7950984
PPP6R1,4.074686,-1.2739403
PRPF19,5.411399,2.1414056
TAF2,7.414824,6.731249
SPRED1,1.0536962,7.3030987
FYTTD1,3.3442903,3.5333953
MCM3AP,8.272308,2.8145537
DGKD,-2.9444036,-4.4386997
ERLIN1,8.551882,-6.00994
EFS,3.0922613,15.919636
MRPL47,0.9256376,4.9084616
RMND5A,5.9908333,7.5714197
C2CD5,-4.1012473,-1.1194456
PTX3,-4.0268893,-3.5053234
MAPK10,1.0220126,15.315376
NR3C2,5.876357,6.2828126
SF3B5,-7.376399,2.9438682
IFT172,3.2231066,0.530747
DNAJA2,7.045483,4.4718456
RRAGD,4.5764775,11.383183
ZNF471,-9.395933,6.38511
DENND1B,4.155406,10.70674
EGR1,-4.6719837,8.5334635
KIAA1671,5.6778965,-12.480692
TCF3,-1.8545555,-6.287213
TRAPPC8,-4.291362,10.024068
SRM,1.3101532,0.68130326
RUVBL2,3.7392013,-2.1910849
SPPL2B,-10.366765,10.746557
NDUFA7,11.144203,5.0697613
AIFM1,-2.8616743,7.91261
ZNF654,2.49909,8.850657
BAZ1B,9.799303,4.647965
CCNL2,7.3501143,-2.694255
TCERG1,0.6581826,-1.7530526
NOL7,4.102264,1.76138
UCHL5,8.085302,4.2109704
RAD23A,6.1898737,13.006963
ZNF770,7.4667125,2.5822744
HADHB,-3.6009316,7.415293
ELL2,0.08634827,6.4147463
AMOT,1.1505371,15.465319
MOB4,5.114057,3.7028735
NSMF,-8.780377,9.527273
CIPC,-5.855853,10.632003
GPR4,-0.9689165,3.9510307
FAU,4.243057,2.2819028
CD164,-5.830144,-5.834089
PNP,-2.4904983,-2.351265
TRAK1,7.6419973,-3.876701
LYRM9,-3.399661,-6.9013457
GIPC1,-1.8022002,1.7867922
DNAJB1,-6.6878085,8.508808
SLC27A3,0.6175178,-9.179883
HDAC11,5.466621,1.4050772
MAPK3,0.8235725,-9.008381
CMYA5,-4.8013387,3.12872
SUPT6H,-7.1086736,-3.254463
NHSL2,5.525417,-9.604735
PRRT2,10.921038,5.618512
RNF126,-8.96405,9.479538
SLC25A36,-5.5931754,3.022387
PNISR,-9.9749365,-4.9181232
UNC45B,10.253539,6.7278614
SIPA1,0.81051075,-8.673419
SELENOS,-3.162808,-5.027867
SEC14L1,6.278866,-10.142444
NME1,1.032857,0.46386424
SAFB,-7.867382,6.2578254
PYCRL,3.9930704,-7.1128044
MBD6,7.940917,-2.9624832
TRABD,0.4219095,18.11732
COL6A3,-7.155374,12.327434
ABHD10,-4.55829,12.338128
EBF2,6.576913,11.361811
PYGM,-5.3810196,7.3270545
ZBTB14,0.2398916,6.9695854
ZNF404,-9.503647,5.9754844
KANK3,4.1761665,-12.074422
TRAPPC10,8.04853,2.747392
ANK1,-1.9822073,11.252052
CARS,-0.70284444,-0.59124905
TIMM21,4.011579,11.737475
DENR,7.313145,1.8010896
PPP1R9A,-5.3492703,3.1755197
DDX54,-9.11006,2.1700933
ULK1,-9.375522,-1.500329
DDX49,1.3252892,0.6870377
RAD23B,3.5374112,3.9560614
NACC1,1.516072,0.8821683
TUBB6,3.2381926,-6.81521
CBFA2T3,-10.121594,7.6316757
NRXN1,1.1532608,14.820332
COMMD3,4.9302535,10.733741
PPP1R14B,2.480875,-6.66872
MRPL28,10.444455,14.38727
MTMR6,1.9450442,9.063313
S100A16,3.5391533,-6.4598026
LRRC8A,3.4851794,-11.731485
CTTNBP2NL,6.499556,-9.733169
ASXL2,9.744261,4.7097344
BBX,-12.160479,7.537095
CRNDE,-12.63401,4.722502
SAP30BP,4.0020347,-6.746806
STARD8,4.020618,-11.991913
EIF3E,7.240228,17.206152
AMY2B,-0.62522364,11.426877
TMEM160,1.9035017,7.4938483
LIMCH1,6.371646,-3.2206364
FPR1,14.912759,5.4582825
RFTN2,4.4856358,-2.166502
AGPAT5,0.62735873,-0.73931015
CD55,-7.4595675,6.437865
CDK18,5.4782257,1.4312617
ZNF524,-12.937977,0.25022733
SLC40A1,10.75755,7.7576985
DAPK3,-8.3687105,-4.9433546
BABAM1,-5.3789945,1.241944
BCAR1,-7.840363,6.277023
CHM,-4.430262,9.996255
NMNAT1,-2.7823808,9.266805
PACSIN3,1.5208136,17.766977
ANKRD13A,3.4303982,-6.143513
VIM,-3.5741782,17.212976
LRRC10,-1.6954248,10.881493
DKC1,6.628909,-1.0820005
ADPGK,-1.3807874,-8.653254
CHD6,-12.159815,7.537796
LZTR1,1.6365036,-8.656878
MARCH6,6.181662,8.314116
LMAN2,2.8310807,-6.8718586
RPS15A,4.2192254,2.2201564
LILRB3,14.904612,5.4674287
SLA,14.400769,5.3886223
C1QB,12.260552,8.9211235
TOGARAM1,3.4296901,5.8527527
DIS3,7.4058933,6.778153
RPL4,4.184252,1.8787092
PREPL,7.500518,3.559188
GNG12,2.9825392,8.418105
KCMF1,3.379085,4.0198774
TACC1,7.718733,-9.744494
PLA2G2A,-3.1609604,-2.5147486
LMCD1,3.4329498,-6.1542335
PDCD11,0.67044795,0.3104044
KCTD17,5.3738327,-1.9369502
PSMD3,-6.218153,-2.0603259
AGTRAP,3.9335303,-6.713975
RPL5,4.151502,1.82924
PLAA,14.728772,-1.5289292
SDCCAG3,11.615363,3.7462828
CHRM2,6.9434214,-4.129206
RPL36,8.589991,6.2556877
SNHG14,-5.5278034,3.1253316
CAND2,7.4850307,-3.7621765
SETD2,-6.017371,5.033892
FAM199X,-6.266405,14.695218
SRGAP2C,8.653554,-5.8520145
PPID,-6.549394,11.333618
IDH3A,5.9996576,12.537691
MRPL14,3.0517247,5.991935
TOM1L2,5.519167,1.794879
NPPB,5.375186,-1.9383634
SOCS3,-2.096334,-2.2807536
SUPT16H,0.33648628,-1.2731477
YES1,-1.3325871,6.199167
ETFRF1,7.2069016,4.3509555
KCNMB1,3.2782886,16.64304
EIF2S2,1.5355046,3.1723466
NPM1,11.572764,1.590492
NOTCH4,3.6097157,-11.457561
SEPSECS,5.104626,2.6225913
VKORC1,11.663298,-1.1823186
WDR46,-9.430114,1.55563
WIPF1,8.636898,-5.8491383
SGCD,6.3607364,-3.2322915
EGR2,-4.6795797,8.519318
TCAIM,5.9785056,7.5162764
CDV3,2.6230056,4.490916
IRX3,-12.629765,4.7222605
CUL5,4.27672,5.974324
MAP2K1,-12.228947,9.578349
EGR3,-4.6993027,8.508786
PRKCH,2.9656591,-11.416532
HSPA9,5.2430882,12.8031845
CHTF18,-0.56882745,-9.842712
CALU,3.0332274,8.353949
RPL26,4.2088227,2.0520847
TMED3,5.378886,-1.9409708
SEMA4C,3.938562,-10.7625675
PRKDC,4.2920465,3.440242
CDH6,3.1518347,16.312834
MFSD14B,-0.28832552,9.673387
GMIP,14.41301,6.2644663
ESRRG,6.2507954,-3.8471224
CLPP,-7.3729277,2.9537668
PTP4A2,-7.526455,6.3986597
PDK2,-2.8669562,8.031524
UBE3A,6.493732,3.29734
SLC16A3,-4.180499,-0.57671857
FAM234A,-13.162593,0.19670056
IL10RA,13.135242,6.206134
CFL2,7.0208554,5.5919247
SCARA5,0.4273263,13.351662
ASTE1,13.014607,-0.11287312
CBL,8.893235,-6.168106
GRAMD1A,-2.378398,-1.4153776
ATP1A1,-3.1594222,-5.017221
FOXC1,7.0150704,-9.930507
PRPF39,9.079617,0.47727376
BTF3,4.1221204,1.7890763
CDH11,-2.2941072,17.100063
CCT2,0.2254591,1.9748918
PSMC1,6.039245,12.259519
SLC37A2,13.144238,6.1965084
EHHADH,7.309521,5.118655
HIPK3,6.174694,8.353776
SLC2A10,3.1202965,15.887101
AGO2,-8.441438,-0.43936428
CRKL,5.43578,2.6765015
ADGRG1,6.1101007,-9.916875
AIG1,-2.2903647,9.62375
UQCR11,-7.3265886,2.8949466
GTF3C6,-1.4499164,6.673516
UBE2M,2.7818456,6.5426164
ZNF76,3.0930934,0.42014742
MANF,-3.3108566,-6.692545
EPC2,3.8495488,6.2423906
DOT1L,-2.9168346,-4.44088
KLC2,4.2737045,-8.039262
SH3BGR,-12.128038,6.0514617
CNOT6,8.247677,13.339368
COX7A2L,-6.1836486,-8.926474
ATXN7L3,-8.581477,9.612312
SLC39A6,-5.4954605,-6.0333266
ATF3,-4.4834185,8.775515
ZMYM1,-2.4232795,3.024074
NOA1,-6.183126,-8.925442
NDUFB11,-8.755753,12.745441
GAB1,-5.0357003,3.540317
PROS1,2.9989579,8.580609
EXT1,0.14618318,-3.511266
ABL2,-2.4096878,-1.8298352
DBNL,1.0328902,-6.7614617
TRAF2,11.687259,3.7272193
NR1H2,4.2290225,-7.979221
RALY,4.3645363,-1.5824854
MEGF8,-2.8657424,8.046902
ADH1B,2.4571803,9.359964
TRIM33,8.736244,0.04294459
TMEM159,-9.373969,-1.4676454
ZNF146,-0.7891744,0.9433088
KCTD1,-0.9863988,-3.6914454
TXNL1,6.6727414,12.497889
ESD,7.375651,4.200007
DNM1L,2.772349,4.890477
NAA15,2.581079,4.5192513
DNM1,7.4929376,-7.4843626
DDAH1,-2.8126361,17.182905
GIN1,-6.257889,11.024014
SNHG1,-4.1953797,-3.621868
SPOPL,7.957624,13.645431
SPAG9,-2.5322065,4.9775915
PRR14L,-3.4453728,-7.006779
UXT,-7.492803,4.1341195
DDX24,-7.1137753,-3.2475994
PRDX5,-6.713972,1.8142445
NOS3,-0.9336941,3.889213
KTN1,4.5040464,5.055692
MVB12A,11.651376,-1.1986477
ECHS1,-2.8242474,7.565596
MARCH3,-2.53573,-4.2495437
RAPGEF2,5.724256,-12.521501
ARIH1,5.916671,2.5749795
DENND3,7.737191,-9.732584
DDX55,1.1646463,17.032135
VPS26B,11.503645,-5.9915004
RNF181,-7.466087,4.195219
MRPL30,7.237217,17.202738
DENND2A,11.11972,5.861283
CDK2,-1.811254,5.7344933
ZNF700,-0.7344055,8.053904
ABHD18,10.999813,11.9311905
TMED5,-4.028604,5.6296244
GFM2,6.348793,5.0586653
BICC1,-0.4990055,14.52612
RET,8.198588,-9.340282
SETD1A,-8.360318,8.672584
FBRS,-8.556982,9.606715
SLC25A20,10.092761,-1.795569
PINK1,-2.8610518,8.046912
PREX2,5.4603496,-9.564159
AZIN1,2.831185,8.671186
FSTL3,-8.357838,-4.9447293
ZNF362,-4.1196914,-3.5646932
IRX6,-12.63353,4.7213464
DHX38,8.326006,2.8442976
SREK1,9.059867,0.48055917
DDX18,1.148367,-1.4987036
ZNF195,1.1648834,17.031652
ARPC3,0.50266063,-5.266896
FXYD5,2.230656,-5.058323
RSL1D1,11.572526,1.5895602
ITGB1,2.8708363,8.548699
UBE2A,6.9597425,12.312015
KANTR,-0.017730357,1.5756521
GTF3C2,-9.695304,12.192095
NATD1,-9.410024,-1.4640675
SMC3,-6.035222,5.052323
PSMB9,1.6497554,-6.0385118
CCDC115,-0.33893707,-0.31696972
PNKD,-3.5631065,12.718143
UBE2J1,-9.129506,4.9027095
MPDZ,4.469002,5.031812
ACVRL1,3.5069768,-11.672419
RBM4,4.9440866,2.6891892
C1R,-0.2150589,13.546111
CCDC3,3.2574215,16.58915
AP1M1,4.088708,-6.6683817
DRAM1,-7.079114,13.519414
ZDHHC12,0.8769351,-6.9808693
BRICD5,-9.380001,6.730615
ZNF182,-2.4611998,2.9942412
FAM107B,0.15190096,-3.506709
SPEN,-1.9539617,5.913068
KHSRP,-8.031038,9.062682
PHF3,10.7535925,7.7095175
C1QC,12.222406,8.880068
CD9,6.948527,-9.872846
TMEM2,-6.9467463,13.380189
RPP25L,-3.5073292,12.745141
FAM208A,7.960679,13.64986
PDHB,6.2843146,5.1711674
SSB,12.955704,10.33801
SNRPB2,12.942852,10.328514
NAA25,0.6761211,-1.7158263
TIMM17B,-1.2029114,1.1231799
ALDH1L2,7.528665,-7.3655114
TRMT13,15.117767,8.759836
IL11RA,2.9313154,-0.00050346163
SUFU,7.7378244,9.630712
PBX3,8.656065,5.361199
SLC25A32,-1.3441924,6.1735587
CCDC71,-9.752674,12.24163
ZNF358,-13.131174,0.28375223
CAPN15,-8.257277,8.840072
B3GNT5,-1.8841842,5.6021323
ZRANB1,2.2847352,2.26408
L1CAM,1.1983249,14.782593
COQ3,4.5797853,11.329081
TMEM204,4.145155,-12.071949
PPP6C,-4.0587993,-4.9096327
SMNDC1,-2.3657932,5.2310667
TBXAS1,14.304654,5.1963305
MIDN,-1.9051372,-2.4910116
ZNF253,-9.146074,-6.4525747
WDTC1,-9.385772,-1.4797695
POLR2B,6.1390038,2.5193336
RPL29,8.817674,6.171895
MTIF2,6.9905972,5.164304
MAP3K11,3.6932805,-11.368711
PRRC2C,-1.9190413,5.8481708
LAMTOR3,8.132721,4.191708
IP6K3,10.967501,7.169673
SERPING1,-0.19840965,13.56429
ACSL4,0.5316705,-1.3736416
ANXA11,5.125655,13.804871
UTRN,5.2870545,-9.458967
AP1S1,11.648532,-1.2012031
ESYT1,0.83015096,-8.992619
ZBTB3,-0.31505296,5.3293695
PGAM5,4.3345003,-2.0790749
DHTKD1,7.5315285,5.188769
RTCB,-7.103827,-3.2340832
ZNF517,3.5837812,0.4857823
FYB,13.756203,5.7163596
ABCA9,2.4655752,9.404811
INF2,0.60039353,-9.164554
TMEM59,2.4876912,2.499957
ZNF785,-11.675069,-1.7405944
CD68,14.285292,5.171407
FOLR2,12.290144,8.948736
STK36,7.1710086,-7.373408
DCTN6,7.2197223,12.135805
TOMM5,-9.674366,0.19526787
UBXN7,1.9042798,-4.0684357
SHANK3,3.638081,-11.42814
PRPF31,-12.614411,12.280493
SERPINB8,1.7658255,-1.0982779
E4F1,0.42201835,18.118353
CSF1R,13.10816,6.2344418
PRKAG1,-4.6958876,7.4534197
COASY,7.232002,15.53273
FAM50A,7.1730986,15.584586
ZGPAT,0.42242375,18.115143
RBM24,-1.7645853,10.417943
SNRPD1,-0.2108213,1.4354829
DNAJA3,-10.793759,-0.44478735
GCN1,-9.084329,2.2757404
JMY,1.8868413,-4.1903367
ZFAND3,10.57912,6.1320148
XPO7,-2.8431647,6.1473765
PPP1R3F,-7.715824,0.7494583
RXRA,-0.6965002,7.961824
FAM214A,1.8950994,-4.0963163
ELOC,-9.706768,0.16076669
NDRG1,6.9520764,-9.85837
MAPRE2,7.0254703,5.5673795
UGCG,-2.411721,-1.8484287
DOCK9,1.8575091,-11.548087
ATP5L,-1.5996985,7.12303
KLHDC2,-6.0854297,10.737124
NDUFB1,11.211769,4.875626
ATG3,1.7135447,4.371132
SH3RF2,10.126512,11.879948
EIF2AK3,-0.43058118,5.0247507
TIMM13,-12.899758,3.0144875
RTN3,3.0387814,8.351836
LOXL2,-2.9430454,16.83735
FTSJ1,-2.895881,-3.7766895
CHCHD4,5.4318476,12.827151
TPM1,10.215418,7.0542307
JAGN1,0.6266906,0.23511462
SPNS1,11.640811,-1.2099012
CMTM3,-3.5714178,17.183765
GTF2E1,0.23535633,7.002937
SLC2A4,-4.5469327,12.272032
OTUD4,-8.443262,-0.43966168
MCRS1,-6.508898,0.7348838
STAU2,-6.1930337,10.936246
CYP4B1,-10.3845825,8.062721
PSMB4,1.1775233,4.6421595
PTPN4,4.1508474,10.693451
GIT1,3.4513283,-11.835978
ATP13A1,10.378477,1.4889667
ACAA2,-3.5940526,7.4299264
ORC3,7.6386023,5.259161
DRG1,6.178459,12.990248
DPYSL3,-0.08735403,-4.274149
NDUFA9,-10.833611,-0.49077976
TCF4,5.3753943,-9.516929
NDUFA10,-2.8249688,7.5673776
BACE2,0.7991254,13.301
GPI,11.236527,0.116405144
HSPE1,0.87399334,2.6537097
ETFA,-3.6151707,7.4365587
THSD1,4.6850405,-12.385728
NDUFAF4,5.8894644,12.675982
LIMA1,-3.6354551,17.3257
TNPO3,3.3358526,4.144255
FMNL3,2.664009,-4.5719156
H2AFX,-1.7974834,-5.618288
UBE2L6,1.64629,-6.031394
SSR1,0.44772705,-5.2836337
GPT,-3.9280818,12.34534
RSBN1,2.4320853,8.897411
MED21,-6.5185885,11.299384
CREBBP,9.796414,4.656411
ZBTB24,8.771985,2.825084
CACNA2D1,6.989558,5.5471196
CEBPZ,3.350005,3.5420642
YBX3,-7.330922,6.5166783
PKM,11.332915,0.1054863
LOXL1,-2.3073797,16.572758
TAGLN,3.2888074,16.670637
CRK,-9.16334,4.8821096
WAPL,1.2360512,9.305803
IFITM3,-2.458452,-2.3019707
FOSB,-4.6426554,8.58466
ELOVL6,13.2506075,-2.9408665
ZNF513,-8.890185,9.508471
ZNF594,-8.003158,-8.432715
FBXW5,-13.164804,0.20481351
GUCY1A3,11.291865,5.6122813
MKRN1,-6.079387,10.699305
SRRT,-8.326539,8.724574
EIF2B4,13.006854,1.4016184
OAS1,10.232158,-3.9912925
ST3GAL6,9.868693,6.938279
HYAL2,-0.93446845,3.8927166
PITPNC1,7.040485,-9.741599
CDR2,0.8887546,-4.5632486
CD300LG,1.3856989,-11.633158
DMPK,-8.095541,4.33479
RNPEPL1,-13.169704,0.22290151
CPT1B,-6.4631495,1.8391716
ENTPD1,-3.7021909,14.455117
INTS10,-7.292753,6.6033916
CCAR2,4.1503687,-6.6576905
TMEM70,-9.711106,0.16016428
KLHL28,-6.26702,14.695109
RAC2,13.652767,5.710136
PTCD2,-2.2751992,9.092778
MSX1,3.9050045,-10.78996
SMG8,-0.27062503,5.3873687
FBLN5,0.22441112,13.680188
IFI27,5.8586392,-12.534197
PLIN5,-4.598923,12.227945
RGS4,-0.37852216,15.1414795
VWA1,2.4598203,-4.816993
RPL27A,4.225322,2.228487
ERI2,-4.09521,-1.0919436
TAOK2,3.7250745,-11.344688
SUZ12,2.4821045,8.873766
CORIN,-1.8619751,9.936278
ZYG11B,6.190283,7.804529
CBX1,7.313436,1.7539164
EGLN3,9.856776,6.961758
LEPROT,9.633474,-6.1648974
TMOD2,3.1189864,15.886095
TPRN,5.8757257,1.1133337
ADD1,1.2819546,-11.585768
JTB,7.180304,15.58043
FASTK,10.190482,11.872565
ZNF493,-11.677237,-1.7433752
ATG4D,-7.815597,0.64688826
GNPNAT1,-5.6488576,-5.8462515
DHX15,1.0647055,-1.5478845
TGFBR3,8.484308,-9.609526
STX10,-12.94996,0.25436434
DDX58,10.52088,-4.160062
ARID5B,0.030948015,6.3162932
MRPL10,-10.8911295,-0.545835
TMEM119,-2.3988905,15.970875
MKS1,-10.311927,-2.439325
GTF3C4,-10.996446,4.4506
KIRREL,-2.4126523,17.123407
GOLT1B,-5.883343,-5.8535557
PSMD4,2.8508189,6.404964
SCAPER,5.7584524,5.9932523
ALDH18A1,0.1942281,-5.031018
ALYREF,5.4097333,2.135073
QRICH2,-9.351696,6.7130055
IRAK1,-2.9112518,-4.043394
EXD3,-2.8674338,1.3440526
TELO2,12.052321,-3.8675048
CHMP4B,10.558436,6.139751
HADHA,-3.6015418,7.4083447
YDJC,-1.6973495,-5.6302996
EPSTI1,10.51809,-4.1577735
LAIR1,14.514235,5.8282733
XRCC4,3.0399318,8.355905
APOBEC3C,5.853681,6.2124524
GPATCH4,0.14062963,0.019321464
WDR83OS,-7.3822546,2.959635
MAK16,-0.3532016,1.3020254
NUDT5,7.6146417,-3.8566604
NDUFB4,-1.5841846,7.1227875
ZFX,6.652293,8.224341
B4GALT1,0.20575075,6.6780148
SLC43A3,-7.128284,13.56869
TRMT2A,12.05358,-3.867845
ICE1,-11.001001,4.44491
TPR,-6.0510345,5.047661
ZFAND6,8.142368,4.1862836
MB21D1,9.839366,9.63954
MAPK1,2.7978833,8.671681
RBM25,8.968315,0.3949049
CCDC130,0.4223156,18.118765
RIN1,3.1689172,-4.6844063
NR4A3,-4.419412,8.831722
IPO13,-4.6007514,2.7814744
SERPINF1,-0.079635575,13.659857
INTS14,5.111968,2.6113243
MTRNR2L12,5.462349,2.2032952
DYNC2LI1,11.002496,5.6416883
SYK,14.5076885,5.8041525
PUS7L,15.117158,8.759718
BRD3,9.809663,4.6430902
TCEAL8,8.649648,5.352802
IDH3G,-6.4279175,-0.86186177
XRCC3,7.4028883,-2.836356
GTF2IRD1,4.944414,14.038343
HAGH,-6.237229,-3.5850084
STX7,-8.251748,-1.2901646
ZNF219,-1.7721705,1.7507235
DCTN3,-5.3496857,1.2179339
FAM160A1,9.245604,6.7139797
CHD9,7.9053016,2.6083076
MARCKS,13.362665,2.57607
IMPDH1,1.1339517,-6.626926
ASB6,-8.565909,9.62301
PRSS2,-4.9332194,12.015057
PLN,4.3776026,11.466411
CDK19,4.468839,-2.1636095
NDUFAF3,11.159635,5.077893
DHX33,0.3174426,-0.777195
CDPF1,3.5550737,0.47971082
MLLT10,-9.50219,5.9784217
P4HB,-3.0318637,-6.178199
ZNRD1ASP,-9.407433,6.391948
TRAC,-0.97744817,-3.6839857
FLII,4.289902,-8.056681
SERTAD1,-0.44895622,5.1214876
PLD3,2.292162,3.3216531
KIF17,5.0667644,-12.370574
RSAD2,10.537357,-4.1697702
SH3GLB1,-5.308611,-5.6873317
NANS,1.5350546,3.1716301
KDSR,1.0334755,-1.7482083
FDX1,3.9540126,11.786792
UBALD1,4.3557043,-1.5485862
LRPPRC,14.729057,-1.5280218
BIRC6,9.746675,4.708019
ITPRIPL2,-2.5325975,17.231306
MRPL35,4.5048995,11.327215
PIK3R2,11.510703,-5.984906
CLCN4,7.028735,5.1287093
SLC35A5,-3.7329903,14.306327
OAS3,10.310936,-4.0380764
PCDHGA7,-14.637566,3.3962176
GRN,2.7049198,-7.063416
RBPMS2,-12.310736,5.8531547
ZNHIT3,-6.1835985,-8.926147
FBXL4,-8.226491,-1.3275034
PTPN11,-4.4744544,-2.3617504
NOVA2,3.6149583,-11.450604
ARMT1,3.5345228,5.763256
THBS2,0.26061064,-4.620609
GPC1,3.7929041,7.3701334
PPP1R9B,0.8249916,-8.735616
CEBPD,-0.046920605,6.2192726
AIF1L,4.8560777,-12.276684
PTPRA,-4.1439953,14.573065
MYOZ2,10.334509,6.4567533
ANKRD11,8.343252,2.8546517
ZNF629,-7.1433306,1.2591136
AGGF1,5.2077885,5.5605717
PDIK1L,13.014062,-0.1137625
ECSCR,1.7548882,-5.9139886
YWHAQ,2.8740857,8.637047
STRN3,5.0843863,3.7318265
PKN1,9.052654,1.7986708
RPL27,4.211025,2.211579
FSCN1,-2.320385,16.335484
ZKSCAN8,8.713933,0.009903209
SRL,5.010338,0.72360396
MBLAC2,-2.1663961,3.1985776
BTBD1,7.176068,3.9381802
PLEKHJ1,-12.8934145,3.0054858
PCYT2,-3.8545978,12.414754
RNF11,-4.923069,9.936179
FAM58A,-4.5125065,16.040741
HSD17B10,3.0257208,6.3224545
NEDD4,0.9114278,6.8862443
PPP1R16A,5.845816,1.1346495
MYO5A,7.573764,-7.3349385
GHDC,0.8414829,-9.0000105
PER3,-1.989825,-5.4198413
PLXDC2,0.5227806,14.812545
FLNC,-12.134856,6.040503
VWC2,-1.962804,10.243936
MGST1,-3.1969244,-2.5341227
PPM1M,7.423883,-7.730876
TMSB4X,7.07969,-7.7003756
SMG1,1.8818674,10.558542
GYS1,1.5209432,17.767267
RBMS1,1.8309793,-1.0561606
PCBD1,11.588949,4.1629896
HSPB8,-12.118911,6.061199
DDR2,0.270948,13.650826
ARHGEF12,1.1049944,9.200898
TAZ,10.267354,11.818586
S1PR2,-3.4464338,-0.70067424
ARRDC2,7.7670736,-9.737188
NUMA1,-4.5704546,5.8405814
PRKCSH,2.75367,-7.021797
C1QTNF1,-7.313779,6.5423822
PIKFYVE,0.71302956,8.825222
GTF2H5,5.088484,10.605195
SLC25A40,3.4771616,5.891758
DOK2,13.329727,6.010325
VPS33B,-9.688746,12.188769
TMEM259,-8.970199,9.474988
IPMK,1.8529998,-1.039907
HHIPL1,-2.3085332,16.32281
IFIH1,10.52435,-4.1601
GMPR,4.8921514,0.55667347
SDAD1,0.39575782,-1.3384141
SSR4,5.384942,17.404959
CLN6,3.990298,-7.1097097
SNRPG,-9.676002,0.1942362
PTPN9,-4.166455,14.569583
EGFL7,3.2891693,-10.849059
PRUNE1,-5.0165668,7.303486
LIPA,8.658334,-5.854484
LHFP,0.751632,15.138445
FAR1,9.537036,-6.137099
CTSD,-3.5997689,7.395113
BAX,-3.624093,-1.2654248
EIF3M,1.7542367,4.2159305
TMED1,-13.160183,0.19235253
PAFAH1B1,5.678852,2.6013854
NLRX1,-3.4742644,12.774582
EEF1E1,1.7125776,4.374116
JAG1,-3.6695244,17.369179
RPL38,4.2426767,2.2535331
EFHC1,4.47667,-2.1665726
ERO1A,-4.21445,-0.53335905
GIPC3,0.7933673,-9.284632
ANXA5,0.067868985,-4.900045
JUN,-4.4982314,8.761996
CAPS,1.2987237,-1.2700902
CCDC9,6.641508,-0.6916492
ICA1L,11.68791,3.7251678
IVD,-2.8380702,7.568369
EIF4G1,8.702627,10.284935
HN1,-2.1498914,-5.8210764
ITPK1,-4.5264325,16.036085
TIPRL,7.3271446,1.7942188
TIMM9,11.571343,1.5893302
GJA3,9.332139,6.478432
ADCY9,-5.867707,10.640245
PIK3R6,9.815034,-3.911426
MAP2K3,-2.617646,-4.300173
IRF9,-5.834112,15.707151
CNOT6L,6.567824,-9.727879
RPN1,-3.1116567,-5.016274
GAPDH,11.323991,0.10800033
MAMDC4,-7.696782,2.0992916
CCDC85B,1.9037213,7.4948773
PPP1R7,11.470686,4.307585
WDR26,1.0922567,9.133042
PHAX,-1.4081495,-7.831018
CISH,-7.268133,6.7239685
UBXN1,-12.614307,12.28034
BTG3,-0.73119164,4.79106
PSMC2,1.0059162,4.850502
ATP1A2,-1.5421387,11.619251
CCDC91,7.483616,3.5741746
GTF2I,7.469846,2.5924242
PTGR2,-4.695297,7.3925233
CCNH,-1.8285755,-2.5874524
PICALM,3.0206554,-6.0755315
PHC2,-2.0744238,-2.3108575
IRF5,13.224964,6.1286173
ELMOD2,-2.2848973,3.1228728
RERE,13.362451,2.5760796
RAVER2,5.8393073,6.20304
SLC16A7,6.010335,-3.3019695
TSR1,-12.088876,9.458302
CCM2,2.451074,-6.653397
HECA,2.2424557,2.2158217
DCBLD2,-12.36684,9.684566
TMX1,-0.26477078,9.780137
ZNF451,8.837914,0.18978408
ZNF331,-4.6254473,8.630341
SPARC,-2.1614807,16.081423
IL13RA1,-7.0387893,13.481264
SPX,-2.0088465,10.123676
CHMP2A,3.021744,6.364893
PPP2R5C,-6.0056076,10.762975
PRKD3,0.89399624,6.978136
PRRC1,0.4815142,-5.331804
SOD1,-2.0309734,7.3498616
UNC5C,6.595611,11.332758
RFNG,9.373893,1.6381155
SGCA,-3.6343815,12.6503525
THNSL1,-2.2745504,9.08924
CLTC,2.335369,8.961219
ABLIM1,4.232597,11.022866
CORO7,-0.5766622,-9.855217
SRPRB,1.0324539,0.4461988
PUS7,1.2769163,-0.9024023
GUK1,3.2603767,-10.771389
KLF16,-2.4955912,-1.2229978
TOX4,0.6568289,2.4757931
RNF122,0.26731226,6.7943068
PVR,0.13039407,0.013088493
ERLIN2,-2.2463963,9.056197
IRAK4,1.8967347,-5.5504413
SLC14A1,1.9168894,-12.331477
GLIPR1,-0.0076127104,-4.8001165
CHIC1,3.5066931,5.7657137
UBE2B,6.9948463,4.528816
TMEM222,-8.993681,10.139514
NFASC,10.95713,5.651566
ZNF26,-0.73197705,7.989125
SRRM2,11.471851,-6.0290127
IBTK,2.774108,4.8954997
FNDC3B,-6.0179033,-5.8586593
ZNF174,-1.8162984,3.4069924
ROCK2,-6.295824,-5.8651476
SH2B1,7.4440227,6.667427
ALDH6A1,7.520946,5.183634
ZNF317,1.1515399,17.01099
KRT4,-4.911286,12.027256
ADAMTS4,-0.13284615,6.1337514
PPP2R1A,-6.315778,-1.0304629
SLC38A3,-1.9197336,11.406939
TPBG,-0.010138871,-4.52959
PTPN13,6.6016297,11.336069
ATE1,4.263695,5.967264
TMED2,-3.2115767,-6.4473367
SEC13,-2.8237216,-5.8016214
B3GAT3,-1.6943923,-5.6268945
PIP5K1B,-5.870175,10.643995
OAZ1,-13.564446,0.5378639
ATP5E,11.370695,4.5310483
STK4,-3.8593516,3.7090127
MPZL1,-7.196822,13.636013
SLC12A9,1.6323388,-8.662723
JAK3,-2.3530335,-1.7174537
XRN2,0.80836415,-0.77608997
FOS,-4.6569524,8.557325
DCAF17,15.116664,8.759903
TMC4,10.964607,5.6608224
DENND5B,5.9971905,-3.3046408
DHX9,6.655397,-1.0715503
SF3B6,4.0954366,1.7524022
ERF,3.923442,-10.776539
ECH1,-6.512656,1.8278055
TRIM21,-5.8345695,15.707224
NDOR1,1.650296,-8.664209
SNHG16,1.543179,3.1782718
IFT46,-6.637383,11.423154
NCF2,13.755082,5.761822
RHOC,3.5332036,-6.4515724
COL28A1,1.0612413,14.915749
FAM96B,3.0657647,5.960896
TEF,-1.9814603,-5.4182215
PPM1G,-0.015819564,1.1430463
ZNF835,-1.8126838,3.4070716
ATP1B3,-1.0796531,4.0261817
PLK3,-0.589817,4.916866
ELK4,-6.3022017,-5.864223
FXR2,-4.6068583,2.7908134
SH3BP5L,-1.8163319,-6.346076
CREBL2,10.756816,7.753872
ETAA1,5.0996375,2.6155584
ALPK2,6.2690754,-3.8263118
FBXL3,-5.017695,9.880583
DENND4A,0.7196096,8.827353
SLC35A3,9.601743,-6.1596804
NUDT16L1,-3.8511236,12.421674
GLIPR2,-3.5574732,17.119268
ALDH1A1,1.066657,14.918418
ATG4C,-8.307914,-1.2020392
HSPB3,5.17088,0.8623151
YWHAE,6.185528,12.999049
DNAJC24,5.187289,5.5562778
KCNS3,6.727408,11.208206
TAB1,3.5503194,0.47925583
ZC3H13,-6.059092,5.051627
NUDC,-6.231385,-2.0642757
S100A9,14.872769,5.465745
GNL2,-0.17288302,0.8280501
DNAJC14,8.326648,2.8178184
POPDC2,-12.297353,5.8634763
ZNF345,-0.011692205,1.5942329
ISCA1,7.1938686,4.343289
TIMM23,0.8153048,4.9910874
SYNPO,-4.6146393,2.7668166
TYROBP,13.520641,5.9775457
TSEN54,11.624627,3.765938
FAM134A,-1.8049374,-6.357686
EEF1G,4.175405,1.9540819
EXD2,7.000711,5.161297
KDELR3,7.464479,-7.4451213
ADAM23,-1.9160249,10.318934
RPL28,8.626357,6.304295
SLC25A3,-2.314426,7.452834
DNAJC25,-0.7527086,0.91559696
KRBA2,-2.8380322,9.282802
TMEM116,4.9821615,11.240569
TATDN1,7.2146893,17.226297
TMEM42,3.4190009,0.44456226
TSPAN32,-3.9264693,3.599266
PROX1,-5.0082026,3.4815228
NRAP,10.068518,6.7429543
EFCAB14,5.2877126,-9.459343
PERM1,-3.9999125,3.483597
NXT1,-2.535728,-2.393869
ZMAT1,-4.1025205,-1.1218976
UBE2D1,6.991422,4.5353923
NARFL,10.44454,14.387388
PAN3,8.753317,-2.044358
LY6E,5.8590026,-12.534326
VSIG4,12.247665,8.913321
ZBTB26,-11.675694,-1.7411762
GHR,10.599949,7.991731
TMEM261,-6.4050965,-0.9590252
DYNC1I2,5.174688,5.559565
TCEA1,2.0419803,9.023037
UROD,-5.310145,1.1796721
DDX17,-9.977233,-4.9189463
ZBTB6,-10.996101,4.4516363
PCDHGA6,-14.637034,3.3957174
LRRC45,-12.905523,0.24623138
GLRX3,1.4852233,4.1033154
DCAF8,13.249185,-2.9417555
FDX2,-1.797536,1.7795153
FRS3,3.5360737,0.4756593
SPIRE1,4.022701,3.6176186
SELENOM,2.6405962,-4.439214
FAM76B,8.885243,0.27365053
PTPRG,8.8502245,0.19593629
EPB41L3,-0.022885915,-4.8017344
THBS3,7.4761133,-7.5702205
CTSC,3.2369132,-6.244465
SMARCA2,5.227256,-4.8962073
ARMC7,7.6786427,9.692291
PWAR6,-5.5354505,3.080496
UBE2J2,-8.196717,8.914875
NOSIP,-12.614559,12.280632
NCOA5,1.1513397,17.010347
MRPL57,11.572309,4.1891675
CPA1,-4.942205,12.01052
BLOC1S3,-8.776764,9.929606
USP9Y,-3.0111704,7.4438787
MITF,-5.5771613,3.215443
CRELD2,-3.3244357,-6.7134852
MRPL15,-1.3793875,6.6258283
ZNF121,-0.3393888,-0.3184751
SERPINE2,-2.8048084,17.122805
YIPF5,0.471863,-5.3272424
FCHO2,-5.5403,9.611164
SLCO2A1,3.3203962,-11.780288
LYRM2,6.754603,3.3895898
SPAG7,-6.423576,-0.8729254
TRIM55,9.989293,6.7591963
DPYD,-3.851574,14.341386
MT1A,-2.2609475,-2.0431685
STARD7,5.0431514,13.924696
OTUD6B,5.085781,3.7417684
ARID4B,-2.595011,4.405094
ANK2,5.891041,5.630336
MAPRE1,-5.5456057,-5.9455185
ANKRD52,-1.8033653,-6.3636303
SLU7,-6.1061206,10.6987915
LRRK1,-3.3760607,-0.63539296
FPGS,-8.980359,9.471515
CBLL1,7.466634,2.5799885
PPP1R3E,-11.676027,-1.7439528
UBL7,-5.4069414,1.2647362
COL8A1,-2.3100417,16.952732
TNNI1,-12.632741,4.7189703
RNF7,-13.57442,0.54398286
MYO15B,-2.8180661,1.3980348
TCEA2,-2.9109676,1.2973202
BMI1,1.8520466,9.823793
NCAM1,-12.114656,6.0621223
ACAA1,-6.354403,-0.9674343
PDZD11,5.144243,10.5453825
VPS37C,-2.4799647,-5.407658
HEMK1,-9.372981,6.682485
UHMK1,8.218717,13.354117
SETD1B,7.9728456,-2.957093
POLR2K,7.249826,12.119328
NAXE,-5.432955,1.2823324
ASCC2,0.63861394,0.24657829
ZSCAN30,-9.504138,5.9819217
PCDHGB6,-14.62648,3.393816
AAMP,3.8113184,-2.127751
SPAG8,-2.9718664,-4.9403186
AES,-6.2374344,-3.5847933
DNAJC13,-12.134436,7.561546
CLCF1,3.4130151,-6.28834
MROH7,5.520418,1.88309
QARS,-5.5329857,7.277004
CALCOCO2,-2.4350996,9.71842
GATB,2.3438656,13.202954
DBNDD2,11.236925,0.110436164
SART1,-9.106962,2.1810756
ATP5G2,-6.76136,1.7054169
SNRPB,-2.890879,-3.5423706
STBD1,5.091756,13.866609
SNX13,6.4108753,8.184311
AKIRIN1,-4.018083,5.594314
P2RY1,-8.179861,-1.4051148
POLRMT,2.788017,6.546388
CD2AP,8.791016,-5.945118
MAP3K10,-4.284557,16.38956
ANKS3,3.753498,5.6863055
SNHG12,-4.190181,-3.6160007
GRPEL1,5.2211976,12.792831
VIPAS39,7.7187796,5.294717
LDHA,-7.441817,6.4509535
TM9SF1,-2.9706278,-4.9461145
TNFAIP8L1,0.79653835,-9.265717
KLF8,4.480296,-2.1672995
ITGAX,13.630826,5.673416
DNAJC5,4.9442625,14.037807
NDRG3,-3.928413,-0.86369747
GGT5,-3.155982,-2.5055246
WDR12,6.4897285,3.4900084
XRCC6,1.2424589,4.582364
HSPA5,-3.2998264,-6.6776495
INTS11,-13.104935,0.281046
NFAT5,7.9146333,2.6125188
TIMM50,-12.818258,2.9282382
ARL5B,-2.018003,5.556375
ERBIN,-5.305322,9.7440605
PDZRN3,-2.568923,11.383688
BCL6B,3.9406526,-10.760733
HEATR5A,5.7702017,2.5732794
MIEF2,2.5503645,13.460235
COL14A1,-0.3677058,14.558102
NSD3,7.9589376,13.645704
MTHFD1L,-1.4186239,3.6198032
TFPI,-0.88827723,7.39279
MZT2B,-7.349555,2.0205638
HSPA1A,-6.67463,8.51791
SFXN3,7.178871,-7.450003
BLZF1,7.2899995,1.8680195
TMEM184B,3.4440925,-11.836452
ARHGEF25,-1.1846368,0.962983
FAM129A,9.399505,6.5508356
LUC7L,7.357212,-2.6638644
COL4A1,0.8176073,13.295904
ARHGEF37,-0.7043432,7.9659986
TMF1,2.0629761,8.997354
PGM3,0.20546737,-5.064964
GNG5,-6.1533504,-1.622072
CCDC14,-9.991233,-4.9340267
TMEM104,1.5216935,0.8877223
SLC7A1,-0.7105318,-0.5940239
SLC25A30,-5.839575,10.617929
APOBEC2,5.1773205,0.86653435
AP3D1,4.94049,14.043165
FAM83G,-2.5597336,-4.2338734
DGKE,1.9028118,-12.325088
PRR5L,-0.08452391,-4.2837243
MUL1,-7.139815,1.2610999
CD37,13.77964,5.9363537
CDKN1A,0.061477207,6.367961
PCM1,4.4650636,5.0274878
PIAS1,-5.1558304,9.801652
ABTB1,-4.5772896,5.8416495
VPS9D1,10.226618,11.852172
MFSD5,-9.751196,12.240871
PLCL1,-5.8939934,10.664305
CXXC4,6.9382834,-4.170173
SNTB2,8.657303,-5.8455515
PCDHGA5,-14.632474,3.394323
GALNT16,-0.72141224,-3.4193091
TMEM43,1.9176154,-4.856238
CNOT2,7.468179,6.6728625
BTBD2,-13.069092,0.25636414
PHF8,-1.9837962,5.9388275
ATP6V1D,5.7142367,12.772854
CRYM,7.253177,-3.4159927
MAD2L2,-2.3575377,-1.4527187
RPRD2,6.1585436,8.424752
NDUFA4,-2.1920877,7.300831
WASL,2.6118464,8.914168
SPEG,3.8557498,7.4339542
PPM1B,-4.462755,-2.3590744
WDR1,3.2283785,-6.8130198
EDNRB,7.9112034,-9.605279
RPS6KA1,14.412607,6.2834916
NDUFV3,-6.7722526,1.6587768
ORMDL2,3.0197175,-6.632912
NKIRAS1,6.6783576,12.497545
GLE1,7.717878,5.2858014
SORT1,-12.2878275,9.621238
XYLT1,1.9212954,-4.8636208
SLC35B1,1.364981,4.469451
YWHAH,3.04847,-6.08576
GLI4,10.281953,11.819815
CDC73,1.5547538,10.1492195
RPL37A,4.227847,2.243003
SETD3,6.5657816,3.3527403
MAP2K4,2.7631223,4.8616657
PI4K2B,-1.3477297,-8.616816
KIF21A,-5.312516,3.1764889
TUG1,5.074082,2.6390173
POLD4,0.87689185,-6.981603
KCNH2,10.819019,7.129
PDGFRA,-7.158958,12.32986
MRC1,12.220895,8.877705
RBM8A,-0.012354139,1.11692
LILRA6,14.855665,5.493637
ARF5,13.740216,11.304263
COA4,3.7239456,-2.1676247
SERPINF2,-3.1422846,-2.5276299
FMO2,1.0647434,0.36082712
SET,2.3908434,4.36524
MYADML2,-1.9042413,11.417795
ZNF276,7.510706,-3.1434853
TRIM54,10.292471,7.1330028
M6PR,-12.0583515,9.427543
RABL2B,7.184335,-7.3854227
GPM6B,1.2222866,14.758029
IKZF5,9.618214,-6.150207
MRPL37,3.7657092,7.337862
EIF2A,4.031784,3.6747656
SLF2,-2.2362285,3.1794899
NR4A2,-4.6253924,8.626497
DIS3L,7.010156,5.1639643
CAPRIN1,1.7171367,10.114106
PCDHGC5,-14.635394,3.3954086
HNRNPA3,-2.5843847,-2.430992
SLK,-6.2199097,-5.864573
MTMR9LP,9.79491,-3.9156992
FAM81A,-0.7416358,-3.4392345
RNF43,6.9176297,-4.131183
SRD5A1,3.1185286,15.884462
CYP4F12,-0.41486,0.66224325
DFFA,3.323008,4.1535354
ZNF793,-9.414295,6.3499827
KAT7,-0.75331753,12.901334
RAD17,8.153029,4.943087
RCN2,3.4678555,9.210049
ABI3BP,0.12552942,-3.5609744
PTGDR2,-10.0840645,7.5942883
CD163,12.248039,8.913582
CHCHD2,11.43248,4.3666
TNC,-2.8109934,17.164467
ARGLU1,-9.980568,-4.9219837
CCDC90B,7.3123937,1.7554663
MYO1G,13.64296,5.701686
RNF138,-0.96735424,6.8553176
RMDN1,1.7991955,6.1385446
SFT2D2,8.636579,-5.963485
PCSK2,1.178265,14.799338
MTHFR,-7.2732086,6.716238
PPIL4,-2.3830385,5.216306
HLF,-1.9677967,-5.4361053
REXO4,9.014682,1.8227144
KNTC1,-3.3303397,16.380634
BECN1,2.4526217,2.4552102
LMAN2L,-6.6409607,11.426982
HOOK2,3.8463438,7.424283
COG4,-0.6413642,11.500594
ZNF285,-8.003485,-8.433046
WIPF2,8.887284,-6.1663685
HRH2,9.242061,6.739989
CRYBG3,7.917137,2.6105268
ASRGL1,-3.050119,-2.474477
FUS,3.9954526,-7.121611
UBXN6,-1.7411312,1.7043229
RCC2,-3.2242498,-1.0364836
ASIP,-4.596443,12.25506
ANKLE2,6.330075,-0.86133516
PLEKHG1,6.201109,-9.8401985
MARS,-0.7170773,-0.6011118
MTUS2,6.937289,-4.1170464
LIMS2,4.880459,-12.272636
MYSM1,8.977167,0.39437994
PDIA6,-3.3002033,-6.6783195
PSMB5,-6.12388,-1.4263722
FANCI,-3.338436,16.38419
APRT,2.5554476,-6.6681337
TSPAN17,1.4929707,0.8568843
FES,-0.90816367,3.9103851
TMEM132B,-1.8049734,9.918724
PEA15,3.0394154,8.351786
RBM27,1.5357385,10.152783
PLA2G12A,1.6333152,6.2864656
NUDT9,-6.5065355,11.288869
RBFOX1,5.2116957,0.8890784
NECTIN2,-3.7665737,-0.868539
ALPL,3.356558,-11.778375
PRPF8,-7.108148,-3.249385
COBL,-4.850812,3.0626092
BMX,7.0225797,-9.939227
KY,-2.2117753,10.843725
RAPGEF5,6.1919484,-9.842786
ARMCX3,1.3182106,9.965652
ATM,-9.393542,6.386078
PSMD1,6.0350575,12.309265
MTFR1,-12.263916,9.606739
ADCK1,2.6261325,13.491787
SKIV2L2,6.079834,2.5030942
CD4,13.104102,6.2372327
PPP1R12A,3.4160013,9.171873
MRPL22,-1.4684408,6.6972246
SACM1L,8.25613,13.328415
PRMT1,3.8424313,-2.0990136
ERGIC3,2.7135634,-7.0426345
NEO1,5.1761217,-4.8476143
PPP1R15A,-6.6900067,8.509385
HBEGF,-0.43117073,5.041259
TRPV2,1.0992548,-9.457092
TMEM65,4.176408,10.744869
MORN2,3.732548,11.926384
DGCR6L,-7.4119287,3.3337975
RAB3A,-1.9192469,11.413445
KLHL5,5.968865,-9.615935
ZNF414,1.9444941,7.5240874
ZC3H15,2.7140415,4.3593926
BTAF1,8.925163,0.3994748
HMGN3,-2.317387,9.639798
PSMD9,-7.458153,4.1798563
CTGF,-2.183055,17.097841
TBC1D4,-5.5550637,3.2130022
EIF1AX,2.7372193,4.4308233
CHCHD10,11.183451,4.969311
U2SURP,9.619449,-6.1469936
PHRF1,-8.379292,8.643251
GUCD1,-7.772889,0.6745879
DOLK,-9.759001,12.248312
FOXO4,13.249248,-2.9417968
BAZ2A,-1.9859079,5.9364285
DIEXF,0.31246397,-1.3154835
CCDC6,-12.287347,9.630265
ABHD17A,1.9071515,7.493865
NDUFAF2,-9.677536,0.19184752
CETN2,7.249876,12.120818
FAM189B,9.029078,1.8113071
BCL9L,-1.7989712,-6.368811
KRAS,-1.3891317,6.2657914
ASIC3,2.6198382,13.478336
WDR36,0.7140686,-1.5817586
RRAS,0.87869734,-6.982222
KLHDC1,-4.106116,-1.124048
SPTY2D1,2.2810175,8.949097
PPP1R13B,-1.9193494,11.382553
TET3,-3.1801014,16.5219
SELL,15.064778,5.4100933
SLC6A8,-7.7965245,0.6543024
CCDC88C,4.680243,-12.385023
IFIT2,10.544563,-4.1760545
NF1,1.3504477,9.949097
RAB8A,2.8969593,-5.8871922
PHF20L1,1.8706247,10.528616
NDUFS6,-7.069716,1.9096875
FIBP,13.740074,11.303433
WDFY3,-5.322952,9.729948
PCOLCE,-2.5923793,16.119637
COX16,3.664918,11.97365
APBB1,-7.7056856,0.76213527
MOB1A,2.061483,9.015364
CHCHD5,-7.3822103,3.0280175
LYL1,1.2395296,-8.743204
KIAA2026,-4.315745,9.986438
ZCCHC8,9.073757,0.46916947
PALB2,8.75116,2.8279092
B4GALT2,1.4740795,0.83986956
ATG9A,-3.9915497,16.274776
PAAF1,5.523748,1.8682743
COX11,5.367361,5.645072
MPHOSPH10,12.955882,10.338137
SF3B2,-9.504796,1.6391543
FAM32A,4.1195774,-6.665235
MICAL1,0.8651845,-9.565579
ASNSD1,5.586207,2.472036
PTDSS1,-3.6572685,7.9494867
COBLL1,1.6911924,-12.246102
LCOR,6.7683277,8.296598
DOCK3,6.258853,-3.849883
MTA2,-3.7650313,-0.7682358
SUOX,-5.5450163,7.2803264
ZNF816,13.016118,-0.116271585
HSPG2,-2.5503168,17.235895
PDE1C,-1.9434303,10.378499
SNX2,-2.8404448,6.1417403
CMIP,-6.9728565,13.414454
RPS3A,4.2446804,1.8888495
SLC2A13,-5.774064,-5.8210673
PCMTD2,3.2347796,-6.6913576
NEK1,8.663078,5.3644156
USO1,6.782036,3.396693
RNF150,6.0169315,-3.324945
MKLN1,5.785861,2.6168869
SLC10A3,-3.5817308,-1.6065654
CERS6,-5.5558205,3.2317958
HIBADH,-4.618089,7.416303
EXOC3L1,1.2707182,-8.738014
TNKS,6.176737,8.2964735
ATP11C,-0.84123343,7.599858
UBQLN2,6.1163964,7.5975785
TIMMDC1,4.735068,11.21636
SARNP,4.077151,1.7389989
DCTN4,4.030377,3.677447
COL4A2,0.79447746,13.305274
PRSS1,-4.9399137,12.012375
NEDD8,-7.5388756,3.5693748
PHACTR1,-3.5999198,7.982081
CDC40,5.1829786,5.5485797
PFDN2,-9.675344,0.19349535
ZNF692,-7.720327,2.1129432
HINT2,-6.726154,1.643426
PAM,7.1604834,3.9061985
CIAPIN1,-12.718796,2.8085074
PDGFD,-0.48910284,14.529499
ASCC3,-5.3224506,-5.6820526
PLIN3,-3.0775573,-6.2169113
UBA6,-7.2233467,-2.5527995
HOMER2,10.405182,6.4712124
POLG,-9.086814,2.2883935
SAMD4B,-8.031757,9.062459
HRAS,-7.8435693,4.2034073
KIAA1841,-8.306993,-1.2012857
SIRT6,1.3303951,0.68915945
SEC31A,-5.3078504,-5.679782
DMD,7.501408,3.5555851
HDHD2,7.235343,2.0184894
ZNF564,-9.137548,-6.445225
POLR1C,0.06875722,-0.0033225163
ZBTB17,4.230052,-1.178146
CYP4X1,7.7382064,-9.766363
FAP,-0.38818967,15.144214
COMMD10,7.3556137,4.204803
ICAM1,-2.4462042,-1.2377473
SCARB2,2.96773,8.420091
ZNF566,-9.074659,-6.382442
COX14,-6.234643,-3.578591
NAT9,5.207736,-4.879582
SLC41A1,7.16277,-3.5661314
RIOK3,4.1562624,3.5821137
PPP3R1,-0.24005017,9.826894
ZNF12,2.3924813,8.91066
BRD9,3.9933097,-7.1198087
LENG8,7.3670874,-2.7020085
MYNN,-2.3549,5.2316804
IDH3B,-2.6373773,7.7181134
CLN3,-1.8194418,-6.3428397
LTV1,-0.27615562,1.3962928
PIEZO1,3.3724372,-4.744724
LCN6,7.942959,-9.5794525
KLC4,5.071952,11.230365
ZNF540,-0.6186726,11.428573
MYLK3,6.700521,-3.7970634
LAPTM4A,2.4859161,2.4969683
COQ8A,-7.768498,0.67440766
OS9,2.7255788,-7.0268903
NFATC4,7.4658756,-7.686934
ATOH8,-10.398294,8.080348
MTCH1,13.006902,1.4015496
SNX6,3.4751196,9.217113
AOX1,-3.189786,-2.514239
RPS4X,4.2290435,1.8791093
ARMCX1,1.2956861,9.976779
SF3A2,-8.807739,9.638709
SEL1L,2.0407155,9.388438
CRLF3,8.845742,-6.0910587
FANCG,-0.5697425,-9.845166
NUBPL,5.5294666,5.6784754
GAPVD1,1.0610389,-1.5436971
IL27RA,3.3373983,-11.152517
NIPA2,-5.6269283,-5.8850737
SIRT1,3.8512032,6.2395463
SNAPIN,-10.906714,-0.5611712
EPHA3,6.629881,11.309303
ID1,1.4697083,-11.715042
TGFB1I1,-3.5868027,17.205467
CNNM4,-1.9953275,11.264545
ISCU,-4.9487023,7.2339
RAB23,3.4630308,9.18914
UPB1,-10.080017,7.58414
EPS15L1,4.8905582,0.5537275
PTPRE,-0.3598171,0.653554
HSPA1B,-6.6892757,8.508583
ENG,1.7640346,-11.740425
PARG,8.168861,4.944257
RARRES1,-3.1399539,-2.4956267
TMEM120A,-3.8708036,12.404557
CRBN,3.8401062,6.20296
HGS,10.380014,1.4884595
MYL9,10.221495,7.0321183
MRPL41,-7.332772,1.9745342
LIN9,-5.0364738,3.5436504
PTPN12,-0.856055,7.5255775
DPH7,-10.369413,10.741723
ECI2,-2.8105626,7.6029744
SESN1,1.8661114,-4.359269
TLN1,8.701431,10.285581
TYW5,1.1653926,17.032146
MAP3K6,7.94627,-9.576322
LNX1,1.3924639,-11.635673
ITPKB,4.8614078,-12.2760315
ACSS2,4.562105,11.406385
FAM127A,11.125987,5.1605086
PTGES2,-7.226534,1.7041363
LRRC2,7.219533,-3.5445733
FGD5,2.955883,-11.421655
TGOLN2,5.2802873,-9.454405
P2RX3,11.004344,5.6914377
AKR1C3,2.6793807,-4.274921
KSR1,-3.3624036,-0.6590792
ZBED1,-9.38493,-1.4682741
POLR2I,-7.4110556,3.3699243
RLF,-2.282787,5.283032
RBL1,-8.308731,-1.1984285
ZNF622,-12.115969,6.0614657
SLC19A2,0.106265284,6.3993998
TNFRSF10A,6.196443,-9.836305
PACS2,-3.1763966,12.998292
BANF1,11.456936,4.3622637
FAM3A,-1.5893021,1.517886
PLEKHM2,4.191007,-7.9442887
AGTR1,2.5493236,9.413485
PDE7A,10.974267,7.1777706
PODN,0.6374711,14.931485
RPS4Y1,-3.0219698,7.4433956
MRPL27,-5.589228,1.3829511
CNPY3,11.674713,-1.1728278
FLAD1,-12.713257,2.802787
SMARCC2,9.820922,4.630852
YPEL3,-4.583078,5.843209
PCDHGC3,-2.5392425,17.250551
NDRG4,5.0192747,0.7307563
BOD1L1,-6.063566,5.0434694
NUDCD1,0.6420967,-0.7435433
DTYMK,11.665848,-1.181909
PML,3.3851533,-4.691708
MED15,-8.803242,9.633676
ATXN10,6.6446214,12.531665
SLC27A1,5.0822105,11.244431
MAT2B,3.835044,6.1943407
CNNM3,1.0680082,0.36858717
WDR6,11.472298,-6.027942
HNRNPH2,3.394046,3.720266
TIMM10,-7.467145,4.1864014
EMILIN3,-2.3319364,-1.742849
RABGAP1L,-2.0098073,11.212765
ABHD5,2.6247642,4.457921
TSLP,4.3963246,11.496878
RFTN1,6.90854,-9.835171
DCHS1,2.6548758,-4.601811
RBPMS,5.068752,13.894416
SNRPN,2.2751052,13.132912
NISCH,-2.817009,1.4019587
TANGO2,-4.551623,2.7069638
PCDH12,4.1939526,-12.086265
RPL35A,4.098763,1.8442237
LMBRD2,4.3151355,5.969653
STX16,-9.421886,6.7415667
VPS4B,8.801947,0.14671503
ACADVL,-6.481823,1.8308352
PGR,5.865782,6.267321
ETNK1,9.47659,-6.1235595
LAMTOR4,-7.484834,3.4302325
COA7,2.3002098,4.4936104
MTIF3,4.816343,11.217448
NAA40,-6.515962,0.74633867
CAMK2D,-5.4500093,3.1832564
SRPRA,-2.9975696,-4.9871545
RGL2,0.59536064,-9.167229
SLC35C2,-0.568788,-9.845562
ACACB,-1.888125,11.412175
EDC4,-8.382061,8.641041
FBXL7,5.1771398,-4.848933
PHB2,-5.4008865,1.2644055
SMIM14,-3.8573315,14.628684
LARGE1,-12.311131,5.850583
HBA2,15.085563,5.398024
SLC39A13,5.3623943,17.431902
CFH,-0.20471628,13.551954
PGK1,11.337093,0.10532406
ENO1,-1.4375484,3.6212845
ASB15,7.0366683,-3.6629705
GNPTG,2.2914248,3.3237712
ZNF776,-2.4976106,-1.1882555
FAM102B,-3.6987438,14.438799
KIAA1755,-2.5518467,16.046862
MOGS,-1.6896497,-5.6250796
ZNF205,7.7542176,-2.9849198
CHMP1A,-3.5628712,-1.5990566
CLPTM1,6.190097,13.009053
ZNF225,-2.4707851,2.982304
THOC6,-8.366469,-4.944647
GPRC5A,-0.4596488,5.5498123
CREM,-4.408982,8.834734
SLIT2,13.380036,2.561527
SNRPD3,5.212009,12.789633
NF2,1.5232927,0.88847005
JAM2,9.823159,-3.9103403
FOXO3,8.505025,-9.601712
PTPN23,10.365901,1.4947821
BCAT2,-2.8358843,7.567816
MT2A,-2.249899,-2.0427
EID1,-10.709155,3.545606
MEIS3,2.6319647,-4.4313664
COQ10B,-4.1335955,5.7093034
FOXN3,3.785268,6.130389
CHKA,5.51882,1.8680465
TMEM246,6.8609905,-3.991122
TRMT61A,5.1878247,-4.8576713
CAD,1.6793308,-8.68308
ITGAL,14.379715,6.241799
CHFR,-8.194837,8.904254
SPARCL1,8.835941,0.18208194
ATPAF1,-4.8414593,7.4657836
HAAO,-0.3818818,14.896979
FNDC4,-1.4245973,3.6088502
CCDC43,6.753539,3.3857656
DPY19L3,-1.3484478,-8.618972
APC,9.733665,4.717967
ERRFI1,-0.737654,4.786467
TUBB,3.254499,-6.8271656
TNRC6B,-5.0381575,3.5468616
TRIM35,-8.771306,9.9379015
FASTKD1,4.01945,11.716957
SRSF2,-2.5759149,-2.4157426
BHLHE40,-0.26352412,6.023643
ZNF354C,8.651772,-0.06927984
PTPRM,5.7236795,-12.521659
MTHFD2,1.3024957,-0.93717736
ABI3,-0.9324774,3.8899024
DHX30,3.827734,-2.1109936
CALHM2,2.669425,-4.315512
WDR48,1.889522,-4.1223316
PMS1,15.1195,8.760126
EPHA7,-12.634293,4.721505
RIC1,8.895046,0.3244831
ASNA1,-6.1418633,-1.43613
GART,-0.9484491,0.96726483
VCPKMT,-0.731163,8.070887
IER2,-4.651503,8.57646
PCDHGB2,-14.633159,3.3945053
SCARA3,3.0107358,16.111906
PWWP2B,-4.2759123,16.387352
LIF,-1.0070635,4.4188585
SGSH,-0.56731665,-9.846669
SOD2,-7.4620442,6.474653
RHBDD3,12.053532,-3.8680933
ZEB2,3.456456,9.186733
TRIM28,4.2372,-1.1685772
TUBB2A,1.1178873,-9.470435
PSMC4,1.2057974,4.613587
ERGIC2,2.2523212,4.4389553
COTL1,14.274918,5.155573
RPUSD1,4.11194,-6.6654034
TREX1,5.874238,-12.536764
TPT1,7.2392073,17.206518
UFD1L,-6.2354727,-2.0797865
KIF16B,5.1759276,5.5563464
RC3H2,1.3521503,9.735987
ST6GALNAC3,6.276936,-10.1146
EIF4B,-6.1814585,-8.923313
SYF2,-6.1078835,10.6858225
GPKOW,3.8374062,-2.105697
TCAP,10.268795,7.1310234
IL1R1,1.7751964,-1.0970534
COL16A1,-0.36163518,14.911775
MTRR,3.374734,3.5904222
SLC35E3,-7.8732057,6.2523136
ZKSCAN3,-1.8331282,-2.5836375
ARIH2,10.093359,-1.7961317
ANKRD46,1.8356944,-4.327873
PTCD3,-4.84281,7.4807773
KLHL31,-1.8165665,10.380288
COL12A1,-2.604595,16.043653
DHX58,5.8746767,-12.537729
NELFE,8.932252,6.1477985
PERP,4.564971,11.372313
DENND4C,-4.4162436,9.993744
UBE2K,2.758449,4.416837
SAMD9,10.191594,-3.9776623
ANOS1,0.91151184,15.0834875
SLIT3,0.025935031,13.963388
ECM1,-2.6421044,16.042955
PLA2G5,-10.379651,8.058817
TLR2,14.392883,5.386969
ZNF37A,-11.0051775,4.4425287
FTO,2.4371831,2.4527457
PEX1,3.4386551,5.7947307
L2HGDH,5.4868326,5.679694
ATF2,9.535921,-6.144108
PLD6,-2.6919136,11.391253
C1QTNF6,-2.3036475,16.386497
ZNF148,1.8390039,-4.3431134
CANX,3.7824798,3.8155863
LMOD1,3.2680714,16.624046
HMBS,-12.638595,2.7248423
LSM3,11.4335985,4.363704
RSL24D1,11.573806,1.5898017
MAP3K7CL,-2.810852,17.18765
PLXDC1,0.56402576,15.108825
EVI5L,-8.0918,4.334262
DGKQ,7.4106536,-3.1924899
FAF2,-1.7063516,6.0372257
MYH6,-6.344683,-2.246246
SIN3B,-1.8801957,-2.5211656
DCTN1,4.2891912,-8.055996
TBX5,-2.014127,10.201468
UBN2,1.9045455,-4.064216
VAPA,-9.7111435,0.15761717
KDM6B,-1.8594866,-2.5445619
ADAMTS2,-3.4070418,16.459623
WTAP,1.3203174,-0.9701861
SVIL,7.2589107,-3.4748278
SMARCD2,-10.402652,8.089578
FURIN,-2.8874547,-3.5255284
NICN1,3.1008034,0.39078128
EPHX2,-5.4688973,7.308204
TSPAN12,5.988129,7.567431
TRIM3,0.87753,-8.830554
TUBA3D,-4.5381413,16.02979
DNAAF3,-1.3483155,11.624231
ZNF671,-9.141055,-6.447649
RAB3IL1,-2.4733694,-2.338535
SLC2A12,-2.9823396,11.306463
ARHGEF10L,3.8541725,7.4320254
EBF1,-3.8627055,14.609272
PDS5A,1.7335508,9.605943
CREB1,-6.2660728,14.6931505
SPON2,-2.448518,15.972548
RPL37,4.2495675,2.232207
ZNF767P,-9.417434,6.732608
STX4,-2.496013,-1.2051799
SCAF1,3.6735907,-2.2285485
JAK1,-6.0089793,5.030349
PREB,-12.701333,2.789627
PIFO,-4.6675563,7.377417
URB2,-0.2645032,0.75689185
CXCL8,-1.0023563,4.4365425
SMIM13,0.9465534,-1.8496119
PPARD,6.624012,-0.7173908
IGIP,-2.1461458,3.251882
LPAR1,-0.013476598,13.707704
CYSTM1,-3.0712986,-6.2067146
RAB2A,5.708093,3.3442128
DDX50,6.655206,-1.0686178
STK11,4.3625593,-1.5417377
FAM26E,2.6237466,16.098627
ZSWIM3,-1.7981943,-2.6120758
PGRMC1,-3.6189246,17.289312
GOLGA4,6.40913,3.3795304
DDX46,7.40368,6.770767
INO80D,6.7604065,8.285054
SLC50A1,3.204006,-4.671079
ABL1,-3.9648693,-0.71247387
ELMOD3,-9.380879,6.6591
PIGQ,9.357815,1.6475723
SCN2B,-3.8893883,3.6433742
INTU,-9.503602,5.984204
RPL18,8.636069,6.2953343
ANKRD1,9.861215,6.9470124
CCDC117,-1.5935847,11.97744
SIK2,-4.2427964,5.83667
ANAPC1,4.3030095,3.4350207
S100B,1.2276129,14.75862
CDH23,11.1503725,5.893257
TPI1,11.322942,0.10619507
PREX1,3.3629997,-11.761344
FIGN,-5.0713124,3.580368
EPDR1,-2.3467073,9.584903
CXCL1,-1.0212929,4.4192147
PPM1L,1.6376545,6.283042
MTR,0.8452252,-9.634183
ZNF688,10.248165,11.843672
GPAA1,-1.79091,1.7693521
RBM10,4.2953153,-1.1146653
MEGF9,-0.9903974,-3.698572
EFR3A,9.752354,4.695142
PODXL,3.3844268,-11.526905
ZSWIM8,-8.408715,8.609343
RAP1GDS1,13.249797,-2.941888
THUMPD3,14.744401,-1.5064876
GPD1,-3.686887,7.9279027
BAG3,0.93402815,2.7060156
KHDRBS1,6.6695366,-1.0792657
PLRG1,7.3624563,1.7385588
CASQ2,-4.1405506,12.205695
RNF6,2.082619,8.9657955
PTPN3,-2.195008,10.919188
SAR1A,1.1742475,-1.4748589
EXT2,2.899954,-5.8839426
NOTCH3,3.1147945,16.137283
GDI2,-3.2125814,-6.4499583
POLK,-4.237472,10.085093
PPP4C,-3.558076,-1.5985729
TCF19,2.7223167,16.048483
SESTD1,8.506782,-9.611979
FERMT3,14.2763605,5.161869
GOLIM4,1.1043825,9.204509
EMC4,1.0069739,4.847137
CDC5L,-1.3989462,-7.8096147
BAZ2B,-12.158823,7.5384827
PAK4,9.326007,1.6926655
GSN,0.069376685,13.795277
NT5DC1,-6.0710893,10.730355
ZWILCH,-1.362278,-8.631586
PAPD4,8.802336,0.14820543
FLOT1,3.0708168,5.958758
KAT2A,-7.7131643,2.101231
TXNL4A,-7.501786,4.1335497
SARS,-0.6909963,-0.5767394
URI1,3.9394934,3.73026
NPC1,-8.434257,-0.43787178
ARHGEF9,6.34068,-3.219342
MS4A7,12.213173,8.877483
IFRD1,-0.43392485,5.0470614
CAPZA2,5.106121,3.7138462
MRPL50,7.065177,4.462238
TMEM186,-10.792362,-0.4416045
MLST8,-12.873448,2.985315
GRIK5,-0.9653456,-3.665318
TADA3,9.068992,1.7715575
SCNM1,4.0004883,-6.7157693
PRDM4,8.691415,2.8282084
HAND2,10.846674,7.1270814
KANSL1L,10.78219,7.7327113
MED16,9.042109,1.8055103
GOLGA3,-2.1772385,-5.7649207
LARS,3.3054154,4.113855
PPP2CA,6.9861445,12.30094
LCMT1,11.503937,4.258645
ARMCX2,1.2904527,9.979937
TMEM141,10.137864,11.9094
ZNF84,5.0617747,2.6387262
STIM2,5.4673214,-9.564665
HUWE1,-12.134158,9.495147
BCR,-9.536909,1.6467115
PYCR2,3.0311782,6.354607
ARID1B,2.2454343,2.2233872
SEM1,-7.567876,3.5851421
CSTF2,-8.115893,4.3467174
XPOT,-0.70775133,-0.5957273
LMAN1,5.0809064,3.7497911
NBPF11,10.081604,-3.8502483
TMEM81,-9.3442,6.717294
URM1,-8.747242,12.81122
SAC3D1,-12.9060545,0.22870605
CYB561D1,1.5769955,-8.684556
DTWD2,6.350718,-3.7770917
SUSD6,-4.1023383,-0.629008
TGFB2,-2.8057678,17.18434
SIGLEC1,13.190952,6.158311
HCFC1,-9.100624,2.3155248
DDX39A,-2.8895133,-3.5154
TNS1,-1.5454578,11.615031
ACTR1A,3.6404252,-2.2764995
RUSC1,2.652162,16.084818
SUCLG2,7.247797,4.330986
PPP3CB,5.991661,7.481185
SPSB3,-4.5747533,5.8391857
SMDT1,-8.758566,12.750484
DAXX,-2.9684718,-1.2057624
KBTBD6,-1.8042697,3.429315
KMT2A,9.771579,4.680728
WASHC3,5.1598177,10.52595
MCMBP,0.7955345,-0.76709807
MAPK11,3.5867963,-11.496611
YTHDF3,9.75178,4.693325
RPS6KB1,0.70488364,8.809535
TMEM214,-2.9263515,-5.0348406
NOL8,0.30960935,-1.2946343
RNF123,-2.863774,8.050401
AMZ2,-6.1836047,-8.926043
NOL6,0.6078102,0.2887451
PCDHGA11,-14.638413,3.3965948
MRPL36,-6.2236514,-1.958095
CREG1,2.4841201,2.4941826
TENM4,-0.36307564,15.149942
B3GALNT1,6.365481,-3.2134593
CDHR1,8.198613,-9.346373
LYPLAL1,4.988738,10.714363
HBB,15.069436,5.408234
DOCK7,-5.481298,-6.0512376
SHC1,-2.924784,-4.949596
RCC1L,-7.524988,1.0541936
DDX27,-2.416668,-4.093354
RBM43,10.077726,-3.892915
ASXL1,6.36103,-0.87219995
SLC3A2,-0.6972557,-0.5885159
DYRK1A,5.638384,2.6235309
ATP6V0A2,1.2812033,-0.90271175
ZNF330,9.260966,6.626105
H3F3B,-2.5367572,-2.4007704
UBTD1,-13.220439,0.32415447
BACH1,1.8695074,-1.0269207
COL7A1,2.6039488,13.467371
EIF3D,-2.3887537,-4.065576
RFK,1.6785635,10.094377
GNB3,-1.3474659,11.619643
ZDHHC24,-8.95629,10.09931
DDX41,3.7919111,-6.8033834
PIP4K2B,-1.7146037,3.5082927
TMEM184C,-1.4076356,-7.827203
CLIC4,-5.8693724,-5.7674403
NDUFS5,11.26717,4.7737226
SLC2A11,3.061181,0.52966285
ABAT,7.531656,5.1903963
HOMER1,-5.4969826,3.1807241
MYPOP,-4.283818,16.388979
TMUB1,7.1836553,15.576687
DDX3Y,-3.0198338,7.4295945
TPRG1L,-9.373712,-1.500277
ARV1,4.9450893,10.724981
ROGDI,-6.45547,1.8449299
SLC16A4,-0.01507228,13.708943
CHST15,0.8004505,13.301655
IARS,-0.71689624,-0.60488063
F8,1.8230081,-11.624694
TUBA1C,3.2477512,-6.8123307
POLR2J,-7.4477525,3.398824
KRT13,-4.915882,12.024835
NFE2L2,-9.169778,4.873246
NIPSNAP3B,4.2802258,10.976651
SPNS2,3.478231,-11.733998
TMEM25,3.33546,0.45117998
TRAF1,-9.350001,6.6951284
MBTD1,1.8995993,-4.057862
EPRS,7.301564,1.8276147
AGL,7.0076056,5.5423713
MIA3,-4.4661384,-2.362679
EMC3,5.350479,13.458636
PPP1R2,1.9567032,9.050835
RCOR2,-3.8971832,3.6386223
TYMP,1.7166165,-5.950555
TMEM134,-7.350495,2.0209067
TMEM256,-8.759716,12.7782345
TIMM23B,0.8448788,-9.635468
MAN1A1,-0.88638943,7.4143124
TMTC1,1.8573104,-11.521993
ZNF37BP,10.084239,-3.8607259
MTMR2,2.6909852,8.91922
OAF,6.790636,11.143551
ALKBH7,-7.4402485,1.9693637
IRX4,10.315798,7.1224546
RAB30,-1.8543314,3.3973596
IFI44,10.528538,-4.164546
SETD5,-1.9510494,5.914174
TGFBR2,8.483064,-9.610062
PRSS53,7.600905,-2.9278214
FUZ,3.3289263,0.43210956
ZNF25,3.4971387,5.7848372
HECTD4,-3.00657,9.325205
DIMT1,1.0932134,-1.5368288
JRKL,0.22627352,7.009937
PIP4K2A,-3.860844,3.705962
TBL2,-2.8687568,-5.305672
RBKS,-4.387203,8.83259
CASQ1,-12.139312,6.0381994
TPPP,-2.6955936,11.390086
EPB41L2,11.169198,5.9125686
IKBIP,0.1138753,-4.9476614
PRKG1,5.7460675,6.110657
NBEA,5.775629,6.076387
KPTN,-7.726282,2.1011996
ADAMTS5,8.485966,-9.610064
FLNA,3.2990499,16.68778
CNPPD1,9.070332,1.7709517
NUDT7,-2.309241,9.644751
PALM,4.1915298,-12.102804
MED13L,-5.184225,9.785046
ETFDH,-3.6068206,7.414046
NDUFA4L2,7.075738,-7.698401
CCDC25,5.2574806,5.5909896
SEC61B,-2.7863107,-5.7795787
DBP,-1.9996161,-5.4212847
DTX3L,-5.834865,15.707429
ZNF106,-4.9930944,3.1232598
FAM65A,3.4610708,-11.803722
MSANTD2,-11.677007,-1.7439913
UBA5,2.7857358,4.915052
SRSF5,-9.976042,-4.918093
PHF7,11.653839,3.7833822
PLEKHO2,-3.4315796,-0.72483766
KLHDC3,-2.2130432,10.8555765
PFN2,-2.0143645,11.213678
CCDC141,-1.9879413,10.000263
PPARGC1A,-1.7846292,10.388936
KLF3,0.93544924,6.904676
VASN,2.6461687,-4.441666
RAF1,10.093439,-1.7957526
HSP90AA1,0.881302,2.6775615
SMARCC1,1.0284694,-1.7656428
BTNL9,1.3858975,-11.63237
NINL,-2.1783774,10.963151
CUTA,-7.384394,3.0317018
SMPD1,-13.135212,0.16891529
TRAPPC2B,-4.3807654,8.865098
SCAF11,-4.202343,10.107565
MSI2,6.005337,-3.2986577
RAB32,1.7556381,-4.964837
GADD45B,-0.082039945,6.2009187
RNF115,7.0531287,5.626607
ZNF721,-9.031829,-6.3397584
NRN1,1.7563304,-12.226552
SCAND1,1.9303985,7.513781
OGFR,-8.883825,9.537001
R3HDM4,-2.4745166,-2.372026
UQCRB,-1.6112027,7.125849
UBALD2,-2.0740867,-2.3011615
LYPLA1,5.1316876,3.702475
ANAPC2,-10.38816,10.719699
HNRNPR,1.1532578,-1.6220014
EEF1B2,8.939757,6.199742
SATB1,5.9889617,7.564621
TMEM230,7.357783,4.215067
MIGA1,-4.4788494,9.989852
TGIF1,-0.79064983,5.282977
MAGED2,0.892141,15.195158
YY1,2.2444472,2.2176967
RFX7,8.648252,-0.074219674
RIC8A,1.5237864,0.89046144
NENF,-7.4680147,3.4102993
CCDC34,-0.99546236,-3.701299
GSDMD,3.1663792,-4.7970557
ZNF618,7.3918295,-7.442012
TXNDC9,7.3563247,1.7461232
APOO,4.081273,11.698195
TUBA3E,-4.5271525,16.03459
AKR1C1,2.6733286,-4.2718596
AGPAT3,-3.6177988,7.981522
AUH,1.8037064,6.1381507
RNF19A,2.4513113,8.858669
MALT1,6.567227,-9.728204
CD82,1.5303948,-12.36059
SBNO1,5.434413,2.689738
VWA7,-4.787251,3.1287696
LPCAT1,3.1811075,-4.6708846
P4HA2,2.8715425,-6.866128
YIF1B,5.397069,17.387383
TNNT1,-1.3391502,11.629736
GFRA1,0.4051518,13.385226
PFDN5,4.096249,1.8407943
ECE1,1.9328891,-5.463472
DRG2,-9.103124,2.1864502
ZZZ3,-11.00489,4.4429426
HHATL,-4.1153526,3.3537416
COL15A1,6.7806287,11.147884
KIF2A,-5.4882483,-6.042673
STAU1,3.342503,3.5169735
ADAM19,0.20635432,-5.0482163
METTL14,8.715399,0.012412038
RPL8,8.9259615,6.182089
DNAJC11,-10.762335,-0.41212192
ARL13B,-1.0052322,6.762728
SPAG16,4.9949017,10.699695
POLR2H,2.5265071,-4.691614
ZFPL1,-1.8161032,1.8059679
CTSO,-3.8731835,14.614776
TSC22D2,-0.43470094,5.0423803
MORC3,1.8613522,9.837525
TRUB1,3.4269269,5.8680487
PORCN,3.6600945,-2.2603025
RBAK,-9.054429,-6.3624296
AP2A1,4.2527905,-8.014068
PTMA,9.835925,9.636228
TRA2B,-5.7231703,-5.9426093
FCGR3B,15.05075,5.4141927
NCOR1,-5.9315023,5.0578704
RPL22L1,3.2481396,-6.2247133
CHRDL1,0.019005332,13.98124
PCED1B,9.78194,-3.9189112
SSR2,3.0724561,-6.599322
LSM14B,-0.75498956,7.996545
TSPYL1,-6.3236074,11.084937
SLFN11,0.91310567,6.8848243
IFT27,-3.5728145,12.719133
IFRD2,4.1942472,-1.8697696
GFER,-7.845179,4.217662
ZNF41,-3.6283505,-1.2668542
ZC3H8,-8.002923,-8.434893
VCAN,0.10793424,-4.964362
UBE2N,2.7434149,3.9696164
SLC35A2,2.9596045,-6.696199
TPCN1,-1.9186335,11.397225
DNAJC19,-1.88628,7.2233615
TSFM,-10.947716,-0.60250926
AAGAB,-0.07848809,1.1009344
PLOD2,-4.2232523,-0.52513194
PRMT5,6.562203,-1.017423
KATNAL1,5.78842,2.6014476
POLR3D,0.05275264,0.47348017
ZNFX1,-4.079624,-0.62978166
ADSS,-1.3638551,-8.633446
BSG,-3.9256482,12.334797
ISOC1,4.172721,10.7589655
CDK3,3.7531602,5.68736
ZNF423,2.9892724,15.930681
F2R,-2.3145492,16.931927
PIP4K2C,7.731613,9.6369095
SMOC2,0.24744354,15.028465
MEX3C,-0.24237704,9.825127
NPEPPS,2.3239257,2.306172
PURA,1.7879649,9.959701
CUL1,5.540548,2.4243395
PDE12,-4.1000876,5.676871
ALDH1A3,0.31627917,-4.611653
ADAM9,2.3009114,9.029594
MYL12B,0.49800953,-5.259584
UBE2E1,6.112613,3.2919397
ATP6V1A,0.48765546,-5.3445296
UQCRQ,2.2843702,13.141319
MGLL,2.8775952,-11.383916
NAA38,-7.4974756,3.4683123
RUVBL1,0.65338385,2.4757729
OLFML2B,-2.1956272,16.111582
CSAD,-9.427727,6.7462077
CCDC106,-6.430304,1.8551844
CCDC88A,15.785782,-0.36278632
RASSF1,-0.5565173,4.956243
FBLN2,0.051313046,13.865778
SEPT5,-3.8946202,3.6292446
UBR5,-6.005479,5.0286193
DDX19A,-12.086846,9.456197
TANC2,-0.08404265,-4.2756
LEMD2,-1.6857095,-5.6323566
B4GALNT3,10.312537,7.1245804
NUDT6,-2.3873591,9.388475
SOX7,6.00204,-9.740482
COA5,-4.6233797,12.344873
RAB5A,4.6976085,3.7730255
PPP1R1C,-2.0254872,10.023901
PHPT1,-7.4679275,2.0224984
ZBTB41,-5.545517,9.609619
CACNB1,5.378537,-1.9373018
ADCY5,5.655407,1.3651658
KLHL2,-7.0397434,13.48309
CAPN5,6.7907257,11.145913
PNPLA4,4.59462,11.307855
PDE9A,1.5658091,-12.341327
ARFGEF1,1.3467102,9.729035
FBXO38,6.129871,8.450413
RFXANK,-1.8212115,1.8158996
ZNF768,5.872936,1.1193068
NGDN,-0.014856135,1.1332616
TIMELESS,-3.3010287,16.445879
TMEM123,-5.0075645,9.885481
HMG20A,7.466387,2.5965292
CNTROB,-3.4828413,16.654253
GNRH1,-11.677684,-1.7441405
DUS4L,4.9973297,10.693787
POC5,-8.770187,9.938795
ZNF212,7.9582176,-2.9664645
NETO2,5.9684277,-9.6143265
CAMK2B,10.287934,7.14634
SRCAP,8.322177,2.842418
IGKC,13.781996,5.921548
WDR5B,0.26186782,6.998883
NDN,5.8676205,6.2216043
ZFYVE19,-0.6386941,11.500995
SASH3,14.393683,6.195729
MAN1B1,-0.567719,-9.841386
RAB35,-3.7300525,-0.7860374
IFNAR2,6.0200543,-9.82455
RAB31,-2.1474583,17.119501
SH3GLB2,-2.9170449,1.2902457
IGDCC4,8.219658,-9.334672
TAF6,3.3463402,4.1860785
SDF2L1,-3.316994,-6.696534
ZNF605,-8.0034075,-8.433186
OLFML3,1.1537043,15.42491
MTERF3,10.575429,6.182331
NUPL2,10.573154,6.161322
LSM5,7.300132,-3.3450146
MRPL1,7.2965493,-3.3505757
UPK3BL,-3.381038,16.392004
POLR2J3,-3.3566394,16.389074
BTN2A2,10.749697,7.6957045
BTN2A3P,10.730059,7.6735444
TSC2,3.2986085,5.8066955
EXOC3,3.1633625,5.823486
NPIPA5,11.582747,4.1442914
NPIPA1,11.579689,4.145009
GTF2F2,9.002193,1.8190254
MRPL13,8.965754,1.7866211
TPD52,-0.99731374,1.005311
SPRYD7,-1.0153589,1.0068864
UVSSA,6.161908,3.3388894
CRIPAK,6.198521,3.3345656
FAM84B,-1.5506996,11.667545
ZNF792,-1.5005541,11.624901
MYH7,-4.244923,3.2511332
SLC7A6,9.23759,6.37764
CFLAR,9.203639,6.3449078
GABPA,-5.5610995,9.600768
ZNF252P,-2.8218973,9.267172
LMNB1,-7.037911,13.478119
GPAT3,-1.7318208,10.428804
RNF141,5.3392024,5.6380315
TCEA3,-1.9994298,10.194266
DEF6,14.378217,6.246626
ZBTB21,0.043563988,6.331959
ADAR,1.6089072,-6.0602703
PSAP,-3.6008065,7.386465
METTL22,-8.10138,4.3398786
SERPINE1,-1.2464675,3.905233
DSTYK,9.8069315,4.6447353
ADAMTSL5,1.5207536,17.76745
GRIN3A,11.010553,5.7019396
MCM5,11.641432,-1.2087865
ZNHIT1,10.4446125,14.387383
TBC1D10A,1.8989027,-5.516666
PSMA3,0.9908097,4.8619285
PGGT1B,1.9393538,9.060441
AR,9.398622,6.5688195
NUCKS1,4.0122695,5.9296274
HIST1H2BD,5.427275,12.830279
CYB5B,1.6967843,4.348845
CYR61,-4.6852736,8.5212555
GYG1,5.388636,13.36265
PPP1R35,-1.685713,-5.633143
PCCB,-3.752895,7.7747064
ZCCHC6,-3.8560362,3.713174
NFKBIL1,-12.614578,12.280725
TTF1,-0.75654376,12.899837
RPL21,4.212247,2.215908
P2RY2,5.0160475,13.957107
MINDY2,1.8387387,-4.34455
RRAD,-7.2739263,6.7208815
SLC2A6,1.9849087,-4.643661
LTBR,-2.9029064,-1.2472652
TOMM7,-6.7870874,1.7557707
PDZD8,1.2533808,9.315678
SMARCD1,1.912936,-5.480436
SBDS,2.4325871,4.0922494
FAM175B,-10.984673,4.459561
RBM45,15.11913,8.759816
SLC5A1,-4.234258,12.2086115
NAP1L4,5.524673,1.7302539
LRRC77P,-0.5800558,-0.48732987
SEPT11,-2.1629603,16.066778
UBE2F,-6.150217,-1.6156287
CHERP,-8.353363,8.674913
ACOX2,2.9483922,0.035045523
ACSM3,2.5720916,9.440651
TLL2,8.181465,-9.38294
CEPT1,15.117756,8.75987
DOCK2,14.458806,5.729648
PRKCI,8.1881075,13.359016
KIAA1143,3.6127052,5.810216
XPR1,1.3768085,4.103355
IWS1,6.019459,12.432714
FCER1G,14.433799,5.6864295
ZRANB2,9.661621,-6.177011
EFHC2,-1.9003853,9.929778
HDAC2,12.953371,10.335691
SYNPO2,6.5274243,3.2920883
IER5L,9.838554,9.638142
CKS2,-1.6226085,11.909182
ACD,7.6495433,-2.9027967
SOX17,3.7629788,-10.914161
NCS1,-2.8242025,17.192202
PNRC1,0.03034299,6.315482
REPIN1,-7.6163325,0.88973653
MPHOSPH6,1.6817718,4.301699
TMEM131,4.468465,5.0349917
LRRC25,14.44195,5.7302876
NR2C1,-0.6059712,11.422821
TMEM170A,8.882921,-6.13372
TLE3,-3.213412,-1.036965
MARCH8,10.726788,7.788828
SULF1,-0.35451216,14.527023
TNFRSF14,9.789749,-3.9179995
CAMK2A,-3.8955224,3.626904
HEYL,-3.44048,-0.69386935
STARD3,3.197272,-4.8214207
F13A1,12.270608,8.957487
MCUB,5.364275,-1.955198
ARID5A,0.259303,6.7896495
MTFR1L,2.4330413,13.299833
AKAP17A,-1.8823543,-2.5211527
ZNF75A,-7.9961286,-8.431893
ZHX3,1.2672964,-11.575634
STOML1,3.7942586,7.372119
RGS19,2.9290645,-4.798116
MFSD10,1.2276748,-6.5175633
ST6GALNAC4,5.3599243,17.434914
ST8SIA4,1.9079506,-12.348267
ZNF267,-0.76530707,7.8498287
PICK1,-6.5030956,0.7302741
TMEM147,3.0332463,5.9536767
B4GALT5,0.78981644,-0.76292473
ADAL,4.569034,11.358166
EIF4A2,-6.519491,11.300466
FNDC3A,-5.7840414,-5.8248477
CPEB3,-4.582231,12.314165
ENC1,-2.3056958,16.5468
PRRC2A,-9.085296,2.2783792
ZNF672,-7.667947,0.8204053
SOX13,4.7399817,-12.365184
NTRK2,0.02314843,13.966079
THYN1,4.919257,10.75251
DYNC2H1,-8.301937,-1.2121996
FOXRED2,5.8619723,6.1958632
RIPK3,1.9208044,-5.520851
PLA2G16,11.231337,0.112694964
MSL2,-6.267341,14.692667
LYSMD3,1.6720593,10.117009
AP3B1,2.3524275,8.946575
RAB11B,11.083933,5.252015
KAT6B,-5.0477953,3.554304
SPIN3,13.006105,-0.09936834
QPRT,-5.435372,7.3209066
NMI,1.71621,-5.955751
RNF25,4.140234,-6.6778717
SAMM50,-3.6436043,12.622492
LLPH,0.20478605,1.9353877
RAB33B,-6.266966,14.695475
DYRK1B,-0.64747286,11.4964695
MAP4K3,4.319369,5.974139
INO80E,7.716355,-2.9112344
ZNF33B,3.269745,-6.6787615
TLE1,7.729647,-9.765083
TMEM223,2.5720463,13.481265
GBA,2.7073565,-7.054616
WIPI2,-9.372888,-1.5011992
AP1G1,-1.7044307,6.024255
NSD1,-3.0060413,9.319632
HCG11,-8.18163,-1.4032196
FAM53B,-2.2130544,10.830503
WDR4,0.41465467,0.39824027
IFIT1,10.561145,-4.187139
SLC38A6,-2.7777166,1.5172385
SCYL3,3.2612617,-10.76636
PIK3CB,6.746157,2.5306284
CBX2,4.6083894,-12.340263
CHRD,7.482787,-7.6706142
RIMKLA,-4.9553103,7.2351785
ZC2HC1A,15.785316,-0.36382028
TMEM248,-0.23322263,9.811908
MICAL3,5.582083,1.8631276
ZNF30,0.24789162,6.8978777
COX15,-4.687472,7.4269342
ATP8B1,-3.6655552,17.350477
RBM7,1.8953962,-1.0045735
PLCB4,5.176744,-4.850539
GAR1,-0.25982693,1.3649133
MANSC1,2.3842137,-11.805584
ZNF91,3.5473542,-6.4787498
INTS8,-2.8411994,6.1426563
ABHD11,-3.5839264,12.706593
SDC2,0.14209585,-3.5158944
MLLT1,-8.063617,9.044985
USF3,7.458796,2.5802624
SIAE,-5.0390415,7.302538
NREP,9.814194,-3.9184165
SLC25A28,-2.0536177,-2.308914
CCND3,4.1565175,-12.076727
NOC3L,-0.3258801,1.3265228
JAZF1,8.670135,5.3760676
PNMT,-10.361485,8.037685
DMTF1,-9.9897585,-4.9319506
MTMR11,7.4751344,-7.6059604
FERMT2,-5.531191,-5.844974
ZNF420,-11.005276,4.444463
SRGN,6.5676026,-9.734607
BBS7,8.637635,-5.845832
DLD,5.995216,5.4877257
SLC38A10,0.8638708,-6.9729376
SSU72,-7.4849186,4.133511
ECI1,-7.1446705,1.4245412
SPOUT1,11.64432,3.8226287
TRPV1,2.605752,13.470762
GLIS3,0.28396866,-4.6136637
RNLS,-4.631011,7.404293
NQO1,2.6764638,-4.28792
TOM1,2.7780712,6.5509124
TAPT1,2.2430513,2.2152934
COPG1,-2.8218873,-5.7905345
TRIO,3.4598572,-6.1512303
ZNF558,7.571444,-7.335431
AS3MT,-2.0211625,10.105329
PDGFRB,-2.4314384,17.086855
SMIM4,-6.3696322,-0.9940849
ACOT8,-5.407749,1.2655102
CD209,12.29041,8.948811
PHKA2,-1.9044526,11.404445
PPP4R2,1.1765628,9.2553
CANT1,-2.4677012,-5.419139
AHCY,-6.2934127,-2.1444955
TWSG1,-4.112027,14.381135
SLC44A1,-0.9425272,-3.6478374
ASH2L,-0.75672597,12.900475
MPEG1,13.131385,6.2107344
COQ4,-6.731072,1.6439276
FHL3,3.4746926,-6.5276794
PTRH1,5.3878474,17.402699
G6PC3,13.73772,11.305471
NLE1,-9.600396,1.2622534
STK40,4.939144,14.044905
GFM1,14.728956,-1.5289383
HIF1A,-5.7303033,-5.8445582
DNM2,-3.997601,16.277416
ALDH1L1,-3.9003117,12.375902
TUBE1,-5.619648,2.989288
PHF10,5.960337,2.5724478
ASB14,7.6497865,-3.890639
BCS1L,-5.6006193,1.3970631
EIF1AY,-2.915373,7.5131063
HARS,8.701498,10.282166
EFNA5,9.253526,6.70428
AEN,-2.708316,-5.3073635
SEC22B,-5.8848863,-5.8532863
NTRK3,3.2688642,16.624392
WDR90,7.3577933,-2.6874366
STAG3L5P,11.470547,-6.0298686
PTPA,10.178806,11.88122
BMT2,1.876125,10.547751
RPL22,4.2233014,1.8878452
CLDN5,3.9412825,-10.756837
DNAJB9,3.3320024,3.801986
ING4,1.7142718,-1.1142738
TMEM39A,0.43112904,-5.2668447
PAK2,3.3519452,3.5228963
WRN,7.469813,6.648976
CPE,0.74646515,15.110905
C3,0.42780083,13.353428
HID1,4.856173,-12.298769
PAGR1,10.931572,5.6276865
GNL1,-6.261087,11.026864
ATP6V0E2,-3.9338481,12.334177
GALE,2.4710875,-6.6635733
RNF167,-1.8228962,1.8074756
HSD17B8,-6.4081635,-0.95632434
MICALL2,-3.636053,-1.0327578
MARCH5,2.6164787,4.4694066
ADCK5,10.249418,11.842602
TIPARP,0.11479738,6.40923
MICALL1,2.003174,-4.6108418
RPUSD4,4.96735,14.00627
DGKG,-5.5831857,3.2125275
ENTPD2,11.006936,5.698387
CHCHD7,1.7756484,6.1621833
ZBTB7B,-13.206479,0.3152127
NDRG2,-1.5496471,11.617697
WIZ,-8.265429,8.815607
MPC2,-2.1089284,7.3219757
MECOM,2.9733808,-11.431828
NUDT4,5.0016303,13.969521
ZMYM3,1.2639514,-0.8866455
CCNC,-0.97304606,6.780634
MDFIC,3.3841293,9.159407
TBC1D10B,-8.563945,9.620775
HERC6,10.568969,-4.1943283
PRKCZ,-4.824009,3.0824108
QKI,5.768014,5.7751527
BRWD1,6.1823683,8.313187
SIAH2,-1.7079923,12.013281
DDA1,-8.092909,4.334788
HIF1AN,-2.8273418,9.277626
MTRNR2L8,5.4792275,2.2517476
BUD31,0.55112106,-5.2343507
KIT,-0.11195965,15.0313425
ORAOV1,-8.805648,9.969373
COQ7,1.8047682,6.138674
LY6G5B,-6.4821434,11.264774
ALDH9A1,6.3080945,5.0115414
MCUR1,5.6686077,12.802401
PDHA1,-2.8268,7.843223
LIME1,3.7552958,5.6839833
MYO6,1.6764452,-12.236788
SLC15A3,5.8744264,-12.536883
PXDC1,-3.2166588,-1.124066
TRIB1,-0.775438,5.294106
ACOT9,-12.395463,9.705149
PYGO2,1.5807282,-8.69476
UBTF,7.6852784,9.683695
NRDC,3.3046212,4.06385
TTC4,5.5232882,1.8628309
BNIP3L,-0.8843753,7.4144173
CLEC16A,1.523148,0.8860216
ILF3,6.518839,-0.98936176
ATG4B,9.367261,1.6342027
HINT1,11.440013,4.351952
SGSM2,-10.369338,10.743823
ZNF133,-2.2905366,5.2710605
ARPIN,10.76353,7.771785
LOX,-0.030103223,-4.810152
BANCR,10.999969,11.931499
SDC3,1.0449566,-9.362619
SLC35B4,13.250596,-2.9412532
SDE2,-1.3374456,6.186069
LCMT2,-0.25156263,5.387484
PRELID3B,3.3587854,3.5649326
ATG16L2,7.6243834,-2.9192498
MPRIP,-12.278198,9.613841
SEMA6B,-2.4678643,-2.3075113
FBXO30,6.2532306,8.257548
SPEF2,-4.0722933,-1.1626809
ITGA3,-3.0723238,-6.203063
NFKB1,0.8076028,-0.7770069
EGLN2,4.076317,-1.2799709
YRDC,-2.9414911,-4.0478487
GOLPH3,-2.0968504,5.6007876
FAM207A,-12.862918,2.974344
SAFB2,-7.883675,6.244684
MPHOSPH9,7.2850647,5.1537256
MTHFSD,-10.307943,-2.4351277
TNNI3,10.267552,7.1341047
ZMYM6,6.654644,-5.7439966
UBE3C,5.4399843,2.6801422
SPCS2,-3.208808,-6.4421463
PPP2R3B,-7.2625546,1.8081026
FBXL22,3.0674057,0.35576746
CLK2,7.468523,-3.1426504
DACT1,-0.37514988,15.140966
PHACTR3,-1.8348233,9.9268055
TAF7,3.1455839,3.841889
PRMT9,-4.598571,8.595774
TMEM178B,6.735677,-3.8203902
MBNL1,1.0927515,9.143024
FAM50B,-2.6959498,11.392433
MBNL2,1.1119123,9.206765
ENTPD5,-7.8887424,6.244516
JMJD1C,-2.2504923,5.30824
AHCYL1,3.3439593,3.5142863
LSM4,10.444676,14.387483
ACTG2,3.2816017,16.652023
NOL10,1.5227948,3.159679
LAMC1,-4.069103,14.374001
HERC3,4.126184,10.659329
INTS12,6.03222,12.249598
HAUS5,-0.5679992,-9.843781
TIMM17A,0.9706968,4.8731365
RASA2,-7.2231536,-2.5536072
C7,0.20299153,13.692614
GLI2,-2.3977144,15.99786
CDK10,7.611042,-2.898032
ZNF233,-3.2789536,-1.0090622
CTSL,-7.4359164,6.491285
UBE2V2,2.5406435,4.48876
ILVBL,-7.473451,1.0766989
ZNF169,-11.674006,-1.7381209
BCL6,-3.1498988,-2.5084887
HBA1,15.072137,5.4071097
SCYL2,8.0228615,13.489078
RGS10,-0.015817916,-4.802528
PLCG1,3.6329925,-11.459507
COX6A1,5.3605065,17.432304
CYLD,-6.2914658,-5.866323
CNBP,7.337228,4.199124
OSBPL7,3.34911,3.5380812
FBXO3,4.3046336,5.9728756
CHPF,3.7711918,7.3474956
APBA3,9.366,1.6345356
CASKIN2,4.0244865,-11.975828
TRIM65,1.5653937,-8.688958
KBTBD3,-1.7914813,3.4397082
GNAI3,-9.120269,4.9071407
PIK3R3,6.288029,-10.132908
GAS2L1,-10.407731,8.0967245
ACTA1,-12.125484,6.0446906
CCNI,-6.520911,11.302716
AMMECR1,8.593599,-5.9454403
BLOC1S6,2.0421429,9.028395
UNC93B1,3.1929662,-4.842017
HEXDC,-3.1724708,13.003477
TBC1D22B,-2.9421651,-4.4304166
SRPX2,-7.1481967,12.336812
KXD1,-3.5494719,-1.6162453
BCL7B,4.9751143,14.0004635
PLEKHB2,-3.1543512,-5.01338
PLEKHO1,-8.371508,-4.943872
KLF9,7.9199986,-9.600858
ATPAF2,-7.5212135,1.0701306
CTSA,-3.6005387,7.3859544
PYCR1,-3.2988863,-6.679511
S100PBP,10.086637,-3.855775
PXN,-4.160476,-0.5873336
GOLM1,5.3661337,-1.9541168
COMMD4,13.741835,11.306935
G6PD,-2.8904164,-1.2652819
LGALS9,1.7165045,-5.949774
BIVM,3.356287,-6.4286995
ZNF800,-0.95514476,6.851453
CDC37,-8.946443,9.491261
TRNT1,0.7331477,-1.5852964
ACAD8,-4.8040304,7.497639
POLR2C,-7.1114526,-3.2471683
SGTB,3.302216,9.125768
PTN,0.79508436,15.14508
HIGD2A,2.2801867,13.138617
ARHGEF19,3.4466333,-4.7137427
TIGD5,5.863949,1.1236154
HSD17B11,8.849866,0.19216041
MRM1,-12.682422,2.772548
LILRB5,12.2900505,8.947628
RARS,0.49511307,2.2977476
MRS2,1.7827122,6.154242
C1QL1,-0.7388422,-3.4369135
QTRT2,0.32976744,-0.7705945
SOX18,1.4820586,-11.729645
SMIM20,-6.1836634,-8.926133
TTC33,4.3139944,5.970629
GALNT1,2.3324223,8.974154
ACO1,-3.7326033,7.8898683
DSN1,7.7507973,9.616071
CDC27,7.446384,6.679792
OTULIN,-4.157732,5.779988
ZNF416,-0.24880521,5.3884187
TXNDC17,5.3863864,17.40398
DYNLRB1,11.488853,4.293747
FAM107A,1.819752,-11.631342
F2RL3,-0.9375157,3.9038918
EID2B,-4.716263,12.445623
UBE4B,-2.7746713,11.358529
GNA13,-9.169002,4.873684
ENOSF1,-0.61111444,11.42412
RSPRY1,0.5592762,-1.4078608
NFATC3,-5.926553,5.056796
KIAA1456,-3.572943,7.994924
RAB4A,3.9036078,11.815523
KLHDC9,-5.4702697,7.3108716
FMOD,-2.2119956,17.053587
NTHL1,3.1704173,0.38995734
AAED1,-4.244656,5.8377647
HDAC6,-3.1802773,13.007374
HEY2,-0.74836355,-3.4455674
ZFAND2A,9.840443,9.639971
RPL23A,4.2298117,2.179573
TUBG1,3.247678,-6.8232694
PIGL,-0.73355424,8.060596
APCDD1,2.5848763,9.453992
PPME1,10.562102,6.144251
RARA,-2.086973,-2.3178685
SLC6A1,11.033049,5.7331195
BTG2,-0.30116197,5.813609
CYTH1,-4.151885,-0.593458
STX11,-7.474223,6.414589
RPL11,4.218199,2.2217891
FAM109A,-4.2831635,16.38997
CSNK1G3,9.034893,-6.0357237
RNPC3,-4.0619736,-1.1073998
ZNF639,6.082179,3.28168
EIF3F,4.1896434,1.9028164
ROBO4,5.907148,-9.75262
MINOS1,-1.692911,6.9762697
FBXL19,-1.8453485,-6.307864
NECTIN3,1.8231643,9.9001255
SLC11A1,14.399741,5.3817177
TMEM14B,-2.0466435,7.3690333
FUK,-10.295232,-2.4207878
DDO,2.3370194,13.195762
COMT,2.8369596,-6.8425794
EAPP,-6.1067653,10.676401
DR1,1.97997,9.156006
ANAPC16,4.6940265,11.241191
TMEM126A,-1.6780422,6.9477797
RAI2,1.2805848,-11.584726
PATZ1,0.118196346,6.4724073
SLC25A43,8.599023,-5.948441
MCM4,6.287795,5.0029783
PHF20,4.0662136,3.634885
PTP4A3,-7.1599402,1.2910525
TUBA1B,3.23874,-6.805488
SURF2,-7.9586587,4.2692924
APEH,11.266969,0.111555025
CCDC107,-8.035388,4.3049526
GUCY1B3,11.357653,5.6052356
RHOD,-7.815449,0.64370567
PHC3,6.7587633,8.283976
SLC9A6,4.2336946,10.885562
PRKCDBP,11.645212,-1.2083385
RAB22A,-0.30361816,9.699913
ZNF585A,-0.7343099,12.919539
KLHL8,-7.380918,6.527618
TRAF5,7.2165213,-7.334049
OGG1,2.650051,16.090553
SOCS6,1.8557703,10.482757
CENPT,3.7611504,5.6936193
WDR34,-7.5527916,2.0535464
DSG2,-5.884104,10.654642
SLC26A2,2.9098463,-0.062096186
POLR2D,2.3095143,4.507108
RPSA,8.658004,6.2935004
BCHE,0.85216266,15.123976
ITGA1,5.8074207,-9.695673
ZBTB46,4.876289,-12.275165
ORC4,7.329261,4.9663906
ATP10D,-4.276172,14.612832
KLHL30,5.4675846,1.418461
NFKBIB,4.193099,-7.9386773
VILL,2.6647594,16.082153
NUDT22,-7.241653,1.7142369
TTYH2,-1.6909791,10.877141
PCSK5,-3.6753569,14.485598
CERS2,0.8053019,-0.7652567
ZNF879,-8.002823,-8.433411
AGPAT4,7.1973515,-7.369154
TXLNG,-2.2253578,5.3443475
SLC4A7,0.5341632,-1.3862259
RAB3IP,9.268685,6.6840415
THEMIS2,14.304816,5.19639
GTF3A,-1.4570488,6.6828866
OST4,11.502661,4.2671223
PSMD2,-6.2352505,-2.0780568
KAT14,-1.818774,3.3988166
KLRA1P,-9.991028,-4.933552
AIF1,13.293798,6.080874
ZNF439,-2.435659,3.0137444
ERBB4,6.2790446,-3.836658
PRRT1,2.6381984,16.095617
CA4,1.5245038,-12.37528
NR1D2,-1.9779227,-5.410263
YTHDC2,8.970079,0.39034155
GMEB2,-8.265927,8.806441
SYNE2,5.3575006,-1.9629102
TINF2,-2.8900375,-3.4508047
PHKG2,7.1960745,15.566185
NOL12,11.618114,3.8419363
ITGA6,1.8547853,-12.253884
DNMT1,1.9916139,-4.609264
STK33,6.3875012,-3.7503746
TCEAL9,-7.4641013,6.4206414
PIGM,8.769829,2.825924
AFDN,6.8958344,-9.828668
KDELC1,7.514147,-7.3705435
MIOS,14.74462,-1.5068495
ATP6V1E1,11.4607315,4.3249283
N4BP2L2,3.0629199,-6.6506176
LRIG2,-9.076379,-6.384238
IMPA2,-0.68718976,7.98038
FUNDC2,-5.533388,1.3422573
DBI,-1.859352,7.2436304
KIAA1462,2.8757474,-11.379925
NEK9,1.635249,6.2842846
GSTM4,-5.558347,7.250622
MYBPC1,-4.795755,12.102306
DCUN1D3,-1.838818,5.709817
PIGK,-10.7134695,3.5438273
ZNF468,2.9398165,0.020464666
SLC1A3,6.2566586,-3.8499894
GBE1,-12.166545,9.5204525
CELSR2,-1.413867,-8.686013
SLC35A4,-8.75297,12.800799
ZNF135,-10.3110075,-2.4390185
RNF145,-1.6801491,6.061157
TNFRSF11B,-0.3355034,0.6367332
RASSF5,-7.3295984,6.544214
PTDSS2,-1.5832936,1.5051863
PRKD2,3.7266173,-11.329907
TBC1D12,-4.062277,14.397763
FCGR2B,12.320999,8.978925
XAB2,3.678327,-2.2257748
COPS7A,4.345308,11.93185
ZNF45,3.2650528,-10.757183
SMCHD1,1.1435137,9.223885
UCHL3,1.5004894,4.111636
MAOA,-2.4046564,9.697525
CHPF2,-2.9135005,-4.0245495
BACE1,3.4833856,9.17233
PRNP,-6.334202,11.095738
SYNPO2L,6.9654655,-4.0627418
BCKDHB,7.491095,5.1514277
ARL6,15.785231,-0.36366284
PPP1R3D,-1.7859567,3.4378939
DOHH,4.1967225,-1.7277302
CNIH4,0.63641906,0.23950925
RPS6KA2,8.562123,-9.592045
APH1A,1.7683865,-5.8556523
SRSF10,-2.518258,4.999673
HSPA6,9.840032,9.640044
MSH5,-3.3470237,16.39201
B4GAT1,6.8681397,-3.9976346
MEX3D,2.6104252,-4.486167
KPNA6,6.5976377,3.357606
RPL14,4.283365,2.2840254
RBX1,11.438807,4.4054723
PSMB2,1.2860076,4.550907
ERAL1,-10.783684,-0.43471557
GABARAPL1,11.233055,0.11108193
SPPL2A,-5.3212976,-5.699463
RGL3,-10.183433,7.7024918
RAD50,6.760602,3.3671968
CCS,-2.89203,1.3145988
AKT1,10.571757,6.145939
PFKFB2,-5.827367,10.606101
GTF2IRD2B,0.123097196,-4.97286
PRKRA,7.242372,17.195436
SFI1,-0.5538721,-9.820798
SYNJ1,-5.445896,9.667935
CPT1C,0.8466847,-9.616951
PDE4A,-0.65447176,7.9471765
BIN2,13.772719,5.9063907
NIT2,1.7945265,6.141524
TMC8,14.357205,6.2137403
B4GALT7,1.3262037,0.6852818
CHL1,-1.8046641,9.917215
MEIS1,-7.258769,6.734637
XPO5,0.6873957,0.3128024
HCLS1,14.386573,5.3622804
SEPT10,5.282344,-9.454252
CPT2,10.092189,-1.7957128
IRAK2,-2.4059994,-1.8331177
BCKDHA,-6.361753,-0.949655
CTU2,5.1213,-4.794084
ZBTB45,-9.761664,12.249541
COL11A2,11.155937,5.8927083
PIP5K1C,3.4377332,-11.83323
TMEM38B,4.441829,11.15657
RPE,-4.126825,-3.5695055
ZBTB48,-10.2947445,-2.4198558
CYP1B1,0.29753384,-4.6428585
BLVRB,-6.719972,1.8299104
PSMC5,2.83924,6.4277463
SORBS1,-5.1233745,3.143721
ALDH4A1,-2.8318238,7.5649657
RMI1,-2.2604153,3.1437316
P3H4,-3.5018544,16.72321
CBFA2T2,10.930044,5.626073
PPIL1,5.8156567,12.717411
TMEM115,4.0754576,-1.2744077
TMEM173,-5.8350387,15.707293
DLST,-3.728706,7.904819
SRF,-8.3805065,-4.9432707
AARS2,-9.349101,6.691559
PACS1,-2.49007,-5.385741
ZDHHC17,9.541374,-6.136232
NDUFA3,-7.315883,2.0187461
CNN1,-12.417268,9.722253
SH3BGRL2,1.8475939,-11.534076
LPGAT1,-5.8381505,-5.8620195
CBX3,11.573967,1.5935992
TGFBR1,1.0199757,7.2572875
HEXB,2.8904119,8.635892
ESR1,1.0521197,15.388755
CPNE3,6.1130996,7.598141
CENPB,4.0788455,-1.2832236
DPM3,-7.4975486,3.4710405
STRBP,-5.5413337,3.2280574
ECHDC3,10.092792,-1.7964454
NDUFAF5,4.141713,11.6566105
TMTC3,-0.2881432,9.684926
RUBCN,-2.9455488,-4.435884
CMTR2,0.23188457,6.996018
ING3,3.850124,6.2437315
KDELC2,-4.0284605,14.333897
SYNGR1,5.7634835,1.1854136
TCF20,9.8021755,4.6469545
TRAK2,-2.893166,11.347137
CHPT1,5.3461857,13.474324
SH3GL2,11.00129,11.931714
NEK4,-1.407806,-7.821693
TMX3,9.519405,-6.123818
ABRA,-4.4769163,8.78558
GATAD2B,-2.0226698,5.914048
METTL15,7.349746,5.0188375
WDR75,-0.33219078,1.3403083
ANKRD12,-2.6005096,4.4042964
PRR13,-2.884527,-3.4575303
SFXN5,12.053145,-3.867927
ELMO1,1.8539996,-11.589611
MX2,10.4785,-4.119628
EHD1,1.1021521,-9.472364
DNAJA4,0.8872229,2.6715748
PHKG1,-5.040797,7.258574
VPS33A,7.7126975,5.2897825
GSTM2,2.959922,0.009607907
KIAA0355,2.9372756,-11.419766
KAZALD1,-0.8894198,0.8630705
HS2ST1,8.020354,13.483272
MINDY3,-5.562835,9.59325
TBCA,5.2099304,12.790632
MON2,9.573293,-6.1585793
NPEPL1,-4.5765934,5.841143
FCHSD1,7.1856713,-7.397197
ADCY4,3.6356134,-11.457978
RECQL,-5.963808,5.0591283
SEC31B,-0.6452672,11.426206
MAPK9,4.5971117,5.17357
GPN3,6.675846,12.493784
ZNF653,-3.5678682,-1.6064411
MRPL40,-1.655173,7.1421957
COMMD6,4.098216,1.8495859
ZNF419,5.0645404,2.637939
HELZ,9.7720995,4.6808605
MRPL2,11.279768,4.7558103
EPN3,-3.9479182,3.570317
AIM1,5.4865866,-9.565286
GTF2A2,3.6696713,11.971645
WDR81,3.434164,-4.7171283
MYO1E,0.90082616,-4.564074
ZBTB37,-4.1039104,-1.1210917
STC1,-0.06599039,6.19364
RAB1A,2.7487152,4.4004445
CPSF3,0.46539882,2.2663999
ZBTB47,-4.614914,2.7679312
UBL4A,2.5503097,13.427826
ZNF580,1.943532,7.5252986
RPL3,-3.406545,16.45876
CRAT,-6.435866,1.8512527
CFB,-0.21726245,13.544105
MYO18B,10.081445,6.7602677
NCOA3,1.8750854,-11.514566
ADAM22,0.8972864,15.076516
DDOST,-3.0871017,-6.2324104
BVES,6.948416,12.313951
GLTSCR1,4.363206,-1.5404953
NFYC,5.084062,11.232059
NOMO2,2.457698,2.4640262
TBRG1,6.3647623,-0.8640398
ENSA,6.6959677,12.489289
TTC8,-0.38016307,-0.35566115
MINDY1,-5.0381045,7.281004
DBN1,1.9821705,-5.35926
SEPHS2,-9.712697,0.15898475
WDR54,1.4509519,-8.698117
SMAGP,1.7438023,-5.9188404
SC5D,7.2524796,12.117241
ZDHHC18,-4.0704403,-1.0907403
EI24,-0.05306893,1.1319485
CHD8,-7.102155,-3.2645817
OPA3,4.8970423,0.5708563
PRIMPOL,-9.387284,6.399123
HK3,14.783069,5.5325623
SUN2,8.560547,-9.5913925
INPP4A,-12.15953,7.5377326
PMVK,-6.7604294,1.8256009
KRT5,-4.8521094,12.063839
KBTBD2,-1.3318458,6.1985445
SETD7,7.9245367,13.525149
SLC35C1,-9.642599,12.147044
EIF3L,-6.183177,-8.92544
RFC1,10.754991,7.713392
MSC,-3.5283911,16.743095
ESYT2,6.942547,-9.853823
AFF3,1.022668,15.368541
GATM,-2.0137222,11.213565
NAPEPLD,-8.887531,9.51679
EGFL8,3.8935974,3.65014
STAT5A,6.3466034,-0.87229174
DGAT2,-3.6908095,7.9262037
RPA1,-12.635133,4.7215075
DIRAS1,-7.140989,1.2944815
SLC52A3,3.3148456,-11.773076
KIAA0930,-2.140713,-5.822842
STARD4,-1.895851,5.5804286
MFSD3,5.8205237,1.1549631
UBR2,6.212166,8.271629
ST8SIA6,1.9043366,-12.293148
KIF5B,9.755484,4.6946898
LMTK2,7.259428,-3.4879768
DECR1,4.1217537,11.631818
LMBRD1,2.4861996,2.4962971
INPP5F,-12.284142,9.62493
TBC1D13,9.3596735,1.6595453
EVI2B,13.756258,5.755036
ERCC6L2,-4.210842,10.107833
NOL3,-3.5683508,12.724302
MT1M,-2.249487,-2.053298
LRIG1,6.342645,-3.220801
UTP14A,-0.8092749,0.96380466
ZNF446,-8.995553,10.14453
TARS2,-10.928283,-0.5820973
EIF4A3,-2.539553,-2.398618
GALNT4,8.849459,0.19991198
PEX12,-0.7322245,12.913857
TMED10,3.8111134,3.7993891
KLHL23,11.3763275,5.611716
ULK2,1.8738997,-4.3315015
HKR1,-0.7613182,11.460478
FKTN,8.806036,0.15325756
RTN4,1.9178115,-4.8517704
MARK3,-2.4096005,9.676416
RAB4B,1.0011858,-6.796034
SULF2,6.155722,-9.9252825
HTRA1,0.8830177,15.238107
DGKH,-2.5735705,4.429423
COG6,3.5413032,5.761158
SALL2,1.294812,-0.9015093
CYTH4,14.527868,5.8227987
RNF125,1.8371059,-12.277366
TFEB,10.445006,14.387572
FTX,-2.182431,3.2203681
LRRC8D,0.18877216,-5.0335627
TRAFD1,3.406634,-6.140668
DBR1,13.0146885,-0.11395206
TBCK,-9.389573,6.3655977
DNAJB4,-1.718795,12.030494
ARMC1,8.134217,4.190797
SGMS1,-5.4672027,-6.057749
SMG5,-4.6099606,2.785797
CPAMD8,-10.386101,8.061681
NACC2,10.553594,6.167871
SNF8,2.7991576,6.5260925
CSNK1E,-1.8723885,-2.530057
DOK3,14.691942,5.570394
RNF31,-8.9971075,10.141928
PDHX,6.7925267,4.884914
JPH2,1.5207326,17.767649
SF3B3,6.617932,-1.0570177
ANKIB1,-5.3755827,9.6996355
PDXK,-12.704613,2.792368
QDPR,-4.7622457,7.3203974
MCTS1,3.6764119,11.96689
CARNMT1,0.95599407,-1.8531578
MRPL43,-8.757213,12.771753
ZNF347,6.5485516,-9.726789
BTG1,0.022336759,6.310415
COMTD1,-12.865119,2.9768713
WNT6,-10.177636,7.694844
CEBPB,-0.04579267,6.223257
TMEM181,3.072133,0.44823757
FRYL,1.7381233,-12.115764
WDR83,-13.092987,0.26854932
PHIP,-4.2406864,10.083336
GNAI2,2.0181484,-5.322913
MTCH2,5.7344365,12.771397
RNF152,-3.439383,-0.6902143
HFE2,-1.9337077,11.292905
AXIN2,13.361321,2.5773146
TM4SF1,5.990795,-9.637915
ZBTB34,-6.4314165,-0.8532396
ADHFE1,-4.5426655,12.26163
GLT8D1,-3.7446797,14.323339
CTNND1,2.8937168,-11.400427
TARS,0.488729,2.3003607
RTEL1,-8.761984,9.540911
MSR1,12.214114,8.877607
TMEM263,2.8238611,8.670117
PIGT,-6.2838216,-1.0642914
RPL7L1,-0.70991546,1.0548286
LMBR1L,-1.8590484,-2.5465543
EEF1D,4.1784587,1.8796736
POR,-3.1534688,-5.0161057
CBFB,1.8979306,-4.893046
DOCK10,-2.1931443,16.11788
ATXN1L,2.0849,8.951222
DYNC1LI1,6.743017,12.450586
KLHL15,-2.0560899,5.5482583
DIAPH1,-2.9563146,-4.4397235
CSTF2T,3.4014466,3.7184963
DNAJC12,-9.713457,0.15872994
SH2B2,-2.336539,-1.748813
ERI3,2.8326461,6.4106255
ARF3,2.9294722,-5.911201
KLC1,4.289112,-8.057705
RNF14,6.2206907,7.8796415
RBM5,-9.9779625,-4.9191175
PANK1,6.8512764,-3.9805655
KAT5,6.036373,12.247559
EGFR,0.27572128,13.640844
RNASEK,10.444822,14.387808
RAD54L2,-8.356259,8.673303
NAT10,0.66802245,0.3024646
KDM5C,-2.9530406,-4.4382825
RAB10,1.7102674,10.088442
DST,4.480943,5.048185
ABI1,3.0250163,-6.057068
SCAF8,-4.2099333,10.112575
CARM1,0.1419339,0.022346074
MSMO1,0.123273425,-5.000847
PEX11A,1.6044956,6.3156095
RPRD1A,2.6996145,4.7657127
PCDHGC4,-14.639367,3.396809
KLHL17,1.6167911,-8.660798
PTPDC1,9.866129,7.011336
HDLBP,6.189856,13.009378
ALG2,-0.7948345,0.93765044
PDE8A,-2.5376155,4.9647107
HMGXB4,7.4066925,6.7754526
MCL1,-0.2924448,5.836738
GRK2,9.054947,1.7989377
ATF6B,-3.9070344,6.1018453
POPDC3,10.354873,6.4085417
RFX3,8.752367,-2.0440867
CTNND2,-12.634535,4.722372
XK,-5.9522953,10.713699
ARL14EP,7.045283,4.450088
KIAA0895,9.250185,6.7312145
NHLRC3,-2.371887,3.0644326
PARN,-0.7574893,12.901464
PPP1R14A,4.204355,-12.110194
ADNP,9.718726,4.73449
LRRN4CL,-2.465793,-2.3350012
GPR176,7.1636686,-7.2895703
ASB2,-1.7079679,10.888545
GTF2E2,0.027883982,0.48898074
ODF2L,8.752844,-2.043881
GOPC,-4.216013,10.105496
HAUS3,-2.4138992,3.0304263
ANKS1A,-10.360218,8.037299
PRMT7,3.167621,0.5090274
TCEAL4,5.1415806,10.549296
NMNAT3,-2.464552,9.352727
GON7,4.8542533,10.811783
SCN1B,-3.6131449,7.387895
SLC26A10,-0.8739769,0.8481053
IL1RAP,0.47021726,-0.564535
NCOA6,-2.980795,9.329147
LPAR2,13.782533,5.9205775
SURF6,-9.09191,2.1893692
MRPL44,7.0690174,4.512902
SERPINA1,14.878284,5.474724
JUND,-4.49148,8.766909
SMARCA1,5.8514123,2.5972228
TIMM44,-6.207139,-1.2946359
PLCE1,3.0021212,8.570197
N6AMT1,-2.6579738,9.291375
STAT5B,6.3357058,-0.8769919
CRTAP,1.0924152,15.397056
MRPL20,-5.553913,1.3523009
MTMR14,13.249759,-2.94171
CYB5A,-2.4562924,9.34627
DCK,3.4953833,9.237848
MICU1,6.6973944,12.489888
EEPD1,4.9207835,-12.244048
ATP10A,-2.1931891,17.095015
NCAM2,0.2710018,13.644935
LINS1,1.1826698,17.051666
GNA14,-0.37759042,15.141593
GRHPR,-6.353177,-0.9745497
KLHL12,-0.7245464,12.923866
ASB16,-5.0071187,7.288035
LACTB2,7.1787024,4.443171
OCIAD1,7.158755,4.456356
TICAM1,-3.7639124,-0.786046
POLR2G,-8.742824,12.817535
TOMM20,4.0289054,3.6745515
FKBP1A,0.9359883,-4.589662
IFI6,10.525206,-4.1625032
ZFYVE21,7.3117805,1.7596086
DACH1,5.7016187,-12.509817
ARL2,-7.457155,3.3956387
PCED1A,2.505357,-4.6965184
DHDDS,-12.725089,2.8160133
GNLY,14.3896265,6.2456217
FARSB,-0.9612002,0.9806842
ZNF710,-2.986146,9.320384
BRIX1,0.3278474,-0.7703562
SNRPE,-0.19750646,1.4187665
ODF3B,1.6584421,-6.0342526
SHB,-2.6160898,-4.2989593
GRINA,-2.3682103,-1.4228219
INPP5J,-1.943325,10.264785
PAK6,-2.0024807,10.508624
RAP1A,-4.9210935,9.936566
SAMD4A,-5.4737988,3.1887844
APOPT1,-1.4546064,6.6806536
APH1B,-2.3882604,3.0552843
MAN2A1,-5.947124,5.0605893
NUDT19,4.011488,11.725454
KDM5D,-3.0174584,7.441128
MTF2,8.751714,-2.0437365
FAM8A1,3.7912998,6.142881
C4B,-7.3062844,6.539078
STT3B,1.8121822,10.262886
PLAG1,6.3777523,-3.7764738
PRRC2B,8.336443,2.852573
PPTC7,-3.6018898,8.010688
ZDHHC11B,-2.706184,11.390704
DSP,-4.809902,3.119569
TRAPPC12,-6.5790367,0.84160537
SPHK2,-12.895999,0.25198486
FAF1,5.6963305,12.789721
POMP,1.0953488,4.744142
DNAJB6,-6.482952,11.261128
PNPT1,6.4987154,3.4929094
ACTN1,5.3710403,-1.953729
PPFIA4,1.5207565,17.768206
ARHGEF15,5.8928947,-9.759004
CCDC183,-10.096054,7.604658
CTNNBL1,6.174354,12.987004
ATP2C1,4.4620643,5.0243335
ANXA7,7.1956615,12.157747
ALPK3,10.097192,6.763307
MYL3,5.164901,0.8676053
ATXN2,-2.991484,9.316691
TLK1,-4.2393923,10.0835905
FASN,-1.4321113,3.605629
SNRPC,-2.0099254,7.398764
TRMT10C,14.743645,-1.5090733
ZNF621,8.895062,0.32626113
JAK2,-4.464891,-2.3592694
NEU1,-3.1196392,-6.287393
GTF2F1,-9.104216,2.1864872
TRIM56,3.42446,-4.717687
MBP,-9.650492,12.154189
IK,6.025747,12.239978
RNF2,0.48263606,-5.3466544
AFAP1L2,3.1971705,16.426582
CMTR1,10.576013,-4.198711
ACTG1,0.9277797,-4.5643387
SLC36A4,7.4672894,6.698042
TTLL4,5.368993,-1.951146
ZNF428,1.9110566,7.5019155
PRDX6,5.3515797,13.456427
FAM210A,3.9755628,11.769998
HPRT1,-0.9794616,0.9708588
RACK1,8.957406,6.2076015
GMPS,6.6608787,-1.0729061
DDX1,6.7679625,5.0776234
SUPT20H,-4.276616,10.034882
ZFYVE9,6.7227798,2.5228755
KCTD9,5.6384954,2.6231525
SYPL1,-4.059437,-4.910359
SUPT5H,-7.112433,-3.2493873
TMLHE,6.310197,5.039068
SLCO5A1,-7.285018,6.7190995
BHLHB9,10.598812,8.001473
MYL2,10.259533,7.1386414
RRP1B,0.3100554,-0.78787786
ITM2B,-4.926773,9.947703
CACYBP,0.7775043,2.5714457
NEB,-12.635893,4.7155695
C6,-2.4211416,9.696408
MED1,7.4986506,2.5898542
CTAGE5,7.6521354,-3.8858187
DDX28,-10.972542,-0.62733114
MYO1B,1.090354,7.3380733
GCC2,-4.47534,9.988892
RPS6KC1,8.259748,13.335506
RC3H1,8.84532,0.20031284
NCF4,13.808406,5.91802
MICU2,7.166213,4.4454255
TCOF1,-9.080538,2.2601163
FNDC1,0.24494421,15.020364
ZNF510,-11.004023,4.4420104
GRASP,3.7176306,-10.952484
PIGW,0.6625107,-1.7462708
SUMF1,-2.1387317,16.046463
LITAF,-4.206619,5.8502564
MMACHC,4.0411754,11.697398
HINT3,6.0146694,7.503253
HMGN2,4.2235484,1.8897727
LIMD2,14.414999,6.2680464
TSNAX,1.9419829,9.051649
UGGT1,-3.1857872,-6.4083414
LAGE3,1.8907415,7.4927273
TMEM258,4.260404,2.3006103
REXO2,5.6228614,12.808208
USMG5,-1.6767497,6.981649
PSMD12,-4.0207276,5.622506
TTYH3,-3.1082273,16.598045
ZNF341,7.675289,9.698943
ZDHHC1,2.5675263,-4.547168
IGF1R,1.8839376,10.562711
PRRX1,-2.8279605,17.190077
PPP2CB,2.734388,4.4238496
VNN2,15.048275,5.415066
CLCN3,5.9961586,-3.3031497
ISYNA1,-1.2721221,1.0422846
TNFRSF25,7.623381,-2.9145365
WBSCR22,-6.155745,-1.5456276
ZFAND2B,0.8681445,-6.9686065
RNH1,5.3850837,17.405853
AMOTL2,0.25377876,6.7773848
ZNF609,-1.9218999,5.9173183
MAN1A2,7.932825,13.536169
SPON1,-7.1570168,12.329157
TIMM22,-10.951107,-0.6058406
COX7A1,-7.005228,1.8617121
SCUBE2,0.28186035,15.034362
TBX18,3.0898144,15.918162
SPR,5.421679,12.837392
RGCC,1.3905846,-11.636875
LCN10,7.978709,-9.558277
ZNF7,-4.7945786,12.519794
ATP6V1H,6.6899567,12.489674
ZNF2,13.015866,-0.114351004
HILPDA,-4.231546,-0.5113195
GNAZ,4.835203,-12.306671
HK1,11.333427,0.10565039
TMEM94,0.5326576,-1.4014419
MLLT6,1.5930165,4.275165
CDKN1B,5.224581,-4.895747
MAGOH,-9.677329,0.19254027
CHUK,1.1153603,-1.5496267
ACOT13,-2.0146704,7.3555427
DNAJC2,-0.2608861,1.3956766
GMFG,14.415393,6.257998
WNK1,5.6672325,2.5788786
CCDC167,-7.3789186,2.9678047
BPTF,-5.344518,9.718701
NOB1,0.23503949,0.07714016
BRCA1,-2.6512494,9.252992
ANGPTL1,2.5894861,9.465672
DCLRE1A,6.980934,5.1361537
COPRS,-13.508986,0.48792765
BICD1,-0.7285419,-3.4258277
SYNM,-4.8036385,3.1295023
FAM149A,2.9310045,-0.045594633
WDR7,-12.144374,7.552586
EIF5A,0.6554817,0.28245014
MSRB3,7.030822,5.593355
SLC39A7,-2.8164673,-5.8075447
PALLD,-5.5309906,3.2267938
IGHA1,13.7834835,5.918141
MLF2,3.049467,6.005241
KATNBL1,-7.2220597,-2.5509682
PPP1CB,5.9847374,3.2625492
ZBTB39,-10.996455,4.4515195
PCDHGA3,-14.632645,3.3940802
RGS11,-2.8277464,1.3913882
SCD5,6.598653,11.338583
CDC34,-13.5662155,0.53826493
PPIA,3.0077956,-6.618275
RNF13,9.636583,-6.164531
TMX2,-12.722113,2.8126862
LPAR3,10.468103,6.739542
SIK3,-7.785706,6.316436
HACD4,-3.738319,14.359986
TWISTNB,0.90204245,-1.6230096
SMARCD3,-3.562363,12.73246
PLCB1,5.4498577,-9.556517
PMPCB,7.1224303,4.495947
LPCAT3,-7.3247523,6.521704
ME1,-6.1099477,10.859899
TNIK,9.971363,6.751663
RBM18,5.6832724,2.756655
MAST2,3.8472378,7.425083
TRAPPC13,3.4567075,5.8663273
TRIT1,5.2132564,13.779229
STMN3,5.9950495,7.57349
NXPH3,1.1628416,15.475063
CMPK1,2.7017963,8.923597
RGS6,-1.9416196,9.93552
CAV1,1.1386054,-9.51084
IGF1,-2.1328619,17.126442
SRPK3,10.265711,7.128157
CORO1C,1.9300524,-4.8608284
BCCIP,0.53221697,2.3485355
UCK1,-12.614523,12.2809515
POLR2E,-7.372798,3.2636025
PCGF2,0.8182635,-8.705682
KIFC2,-3.191373,13.035536
TIMM8B,2.2841616,13.142213
NKRF,-1.7270517,12.029668
FAM20B,2.3498554,2.3357437
LRRC58,-6.2666526,14.695631
OGFOD3,-1.214011,1.1267134
TNFSF12,-1.1820941,0.9574635
SLC9A1,-2.6024644,-4.28864
PLCD1,7.724282,9.644326
PPARA,6.816914,5.1440077
CKM,5.183388,0.8841204
INAFM1,2.5254323,-4.693941
CD99L2,-2.857516,8.052872
FAM109B,1.95967,-4.667691
GALNT2,-2.9553504,-4.8883014
NPRL2,3.0798104,0.45444104
NELFA,-8.809573,9.637854
TYSND1,3.5890088,0.48831946
CUEDC1,-13.169037,0.22087298
ATP2B1,1.1077859,7.3613906
UBQLN4,-0.269815,-0.27035367
IGHG1,13.791344,5.9191756
TMEM198B,0.5264854,2.3429062
DNAJC3,0.99087715,-1.7898399
STN1,5.087757,13.863064
ZC3HAV1,9.840117,9.641466
BDH2,10.963096,5.630032
FSD1L,8.265435,13.329455
CYP2J2,10.310263,6.7224874
TFB2M,14.74493,-1.5069462
STX5,-3.5494127,-1.5915494
APOLD1,-0.14867654,6.1242585
ACTR10,7.380246,4.201353
DEK,5.9198785,3.3504436
CYB561A3,7.3869176,-7.746028
FADS3,-2.9216266,-4.47761
CCNT1,-2.2340775,5.3372416
GATSL3,4.1945767,-12.105189
PIM1,0.015594077,6.2852135
SEC24B,1.3197495,9.737407
ALG5,5.110431,2.60991
TRIM44,4.293296,3.4386938
DDX60,10.517022,-4.1569266
MED11,3.3591466,0.438925
YWHAB,1.937336,9.501469
PRPF18,5.7456717,3.2993634
TBL1XR1,8.28642,13.317419
MZT1,5.085388,3.7497256
FAM60A,0.66128546,-0.75132877
SMS,5.201236,12.786854
LDB2,1.6808923,-12.192427
RIC3,9.31524,6.5469527
SLC37A3,-0.81325364,7.693981
NUDT3,7.642402,-3.883726
DCUN1D5,2.1633592,4.1501136
PFDN6,-9.675598,0.19445775
TSTD2,7.477422,2.5767536
PPP1R1A,5.190258,0.8600612
BPNT1,8.656124,5.3543878
THOC2,-2.6022882,4.3977413
SNRPF,-0.19815509,1.4212213
TGFBI,-0.08750071,-4.2775474
ZNF217,8.621042,-5.961221
SLC9A9,0.21500012,13.680435
FAM227B,1.6135528,6.3041368
TVP23B,0.9302377,-1.7758205
SLC7A5,-0.7592582,5.310184
NRBF2,-0.80688614,5.288661
GALNT11,1.1660926,15.485343
SLC2A4RG,-7.367306,2.0380323
SLC25A22,-2.892775,-3.4392529
PDCL,1.6971805,-12.250288
DDX6,6.1687326,7.6012864
CAV3,5.4738736,1.3872494
ZNF302,-3.6467388,-1.2573347
KCNA5,9.822174,-3.9093118
SLX4IP,-2.7767205,1.517747
NMD3,4.5456643,3.77379
CD248,7.175811,-7.327862
EDEM1,-1.3638399,-8.632727
PTGS1,-2.558117,17.183544
ZNF32,5.4379816,12.823097
TNFRSF4,3.942323,-10.757555
KATNB1,5.3460226,17.449594
FN3K,2.3771124,13.23687
HNRNPM,5.403058,2.1292992
GREB1,-4.542906,12.261061
ANKRD29,13.006789,1.4017628
IDE,5.8135047,5.7233243
GTF3C5,-12.868588,2.9797127
ZNF664,5.9887156,7.473271
KIDINS220,7.5007815,3.5533998
THY1,-2.1776123,16.111567
TNRC18,7.697343,9.671091
PCNX1,6.17441,8.355689
SDHAF4,-5.493957,7.2899313
MPPED2,-9.454588,1.5759326
RBM39,9.075767,0.4707195
COG1,-2.8570867,8.054663
ATP5G1,-7.1073346,1.3429062
MPND,10.137219,11.902419
COQ6,6.2332897,5.1898108
NFIL3,0.041164145,6.3274245
ZNRF2,2.8927312,8.621715
FAM134B,7.2377625,-3.5391853
MAD1L1,11.640148,-1.2124177
CPA3,-0.103681214,15.026537
JAML,13.780401,5.9203925
ABHD2,-2.9463394,-4.436892
MRPL55,-7.341329,2.9917583
CASK,-0.24927557,9.823581
POLD1,-1.8684757,-6.254219
ALG10B,-2.2563927,3.1531703
GXYLT1,-6.5682964,0.83512247
PPIF,-2.3138382,7.5023527
CTSF,-0.63875204,11.500268
CBR4,5.6758027,5.9062448
ABCD2,7.261465,5.1598434
ADGRL1,-0.64886236,7.9484935
ZNF3,-4.8278313,12.55521
CXCL3,-0.9828505,4.467189
NR2C2AP,3.9643223,-6.719934
TAF10,-7.533474,4.1083007
ATP8B2,-2.1700952,17.094437
KLF10,0.1074007,6.418085
TRIM38,8.615001,-5.9594107
ZNF554,0.17060682,-5.030791
GNS,5.7896466,2.6174068
DDX60L,10.507738,-4.15344
PAPPA,-4.1096315,-3.5580952
NT5M,5.723246,1.227686
BAG5,-1.4097453,6.2466884
TYK2,0.8536191,-6.959635
RAB11A,2.638155,8.936299
ADRA1A,-4.8058696,3.1337874
ATG5,1.8185183,9.762809
ADAM8,13.667036,5.7186427
WIPI1,1.4035014,4.3636365
DPM1,7.1820345,12.166883
ZNF333,-0.73083496,8.058025
FBXW4,-4.5926876,2.7344105
PAF1,3.8307464,-2.1125267
PSMD13,1.1873255,4.629429
CYGB,11.103447,5.843059
CBLB,3.022092,16.01329
ASAH1,1.8061001,6.14031
PCYT1A,7.9926915,4.8411293
EXOSC7,-7.542448,3.5473063
ABI2,7.508794,3.5618293
EBF3,6.6362658,11.303237
PRPF4,-0.33937633,0.65959257
RAI1,10.5709915,6.1548834
MAP3K7,8.009358,13.493228
SNAI1,-0.6309891,4.881657
TMEM168,-5.5920825,3.0199904
CDC7,-7.040126,13.481093
RNF217,-6.306696,-5.8642707
KDM7A,8.863316,0.26699615
WDR82,-1.4076456,-7.8239822
LDLRAD3,-7.148767,13.588749
MORC4,0.17772685,-5.0179744
SPRED2,-4.1190405,14.571743
CACNB2,-4.7113733,7.3433585
ACTB,0.9188306,-4.5616217
HMGB1,2.748164,8.940568
SEC63,1.7338663,9.444974
PARL,1.792071,6.141337
TMC7,0.7972468,-9.254121
TSPAN18,-4.199814,-3.6240768
CD84,13.117783,6.2222815
ST3GAL1,5.2256794,13.740554
TMEM185B,-12.090407,9.458982
PHGDH,6.79093,11.142479
AK2,1.5332903,3.1699488
HERC4,-1.5682585,12.023338
PEX19,6.6016583,5.113302
APMAP,2.8328924,-6.7185063
EIF2S3,-3.2108848,-6.446267
RAB14,-0.25564727,9.812959
ZBTB4,5.8758173,6.279476
PDCD4,1.8923126,-4.0986104
GPR137,-4.2875338,16.387314
DCAF10,-1.5156987,12.11431
HPF1,7.430284,4.158157
IQCG,3.4354072,-6.1262527
RASL10B,-7.7765203,0.67049044
PLA2G4A,0.067352645,-3.5935802
QPCT,-2.8178117,17.05862
CSNK2B,1.2008959,4.6265974
DPF3,7.246082,-3.4125824
FAM162A,-2.3397977,7.468936
ISG20L2,-2.931567,-4.0578475
PDCD5,-9.67538,0.19507417
SNX33,4.1904345,-12.106528
DGUOK,3.7270205,-6.739685
ACSL5,6.1146255,-9.898987
LACE1,4.496651,11.375896
DNAJC1,-2.9793594,-4.913411
ERCC1,-12.831389,2.9432635
SLBP,-5.728704,-5.93631
TMEM164,5.151645,13.791084
IPP,3.3952727,5.802749
CDCA3,-1.3317264,11.627053
TMEM44,0.8736667,-9.447396
LPXN,-4.0190773,5.615042
TSC22D3,7.720285,-9.739318
PARD3,-12.2765045,9.611849
FBXW11,5.5343714,2.5589747
SLC20A2,4.8768334,0.55029434
THUMPD2,0.7054665,-1.6898206
U2AF2,-8.049224,9.0459795
PCDHB15,-7.310883,6.545267
UQCC3,-13.31337,0.3767196
TOR3A,-2.8891766,-3.4813464
MED9,2.391469,13.251993
EPOR,-10.185973,7.7035303
PTOV1,-1.6401598,1.5804318
MXI1,3.8391533,6.20143
MYOT,3.0646818,8.315388
HDGF,8.702853,10.284738
SLC7A6OS,3.3431816,4.15556
IL33,0.15037172,-3.5075784
RPL10,8.950116,6.201098
EPC1,3.8481047,6.2451477
FAM208B,7.409362,6.7611427
EIF2B5,8.702151,10.282213
TAF13,-2.3688273,5.228185
BCKDK,-5.4219704,1.2813885
INTS5,5.454856,2.1535609
FGFR4,8.202414,-9.3387985
TM7SF2,-4.6071634,2.7599878
ATP6V0D1,-7.384387,2.9595015
LIN52,3.5088694,5.7511992
PIAS3,0.84532577,-8.83117
HSDL1,6.357749,-3.215466
SMG6,9.805065,4.6474094
SLC7A7,14.303944,5.1985216
STT3A,-3.318366,-6.7110662
PTGS2,-4.678004,8.511914
WDR35,7.36038,1.7414196
THUMPD1,8.639579,-0.082996726
CHDH,-3.667616,7.9397645
CCDC186,6.2300024,8.290937
ENOPH1,2.6864533,8.935278
ZSWIM4,-3.122988,-1.0685728
CD276,-2.615162,-4.2985654
ADH5,7.3942146,5.158893
TINAGL1,4.5922647,-12.218916
RNF24,-7.1677647,13.6079445
NEIL2,0.66195166,2.4749703
NARS2,7.271027,4.2446504
LGALS1,5.3975506,17.389034
ANGPT2,-3.9503005,-3.4336965
CREBZF,8.912432,0.3070808
FLT4,3.6185822,-11.450586
ZNF550,-8.012594,-8.444882
STK17B,-3.8645403,3.6994925
NACA,5.5451083,12.834961
NR1H3,-10.199318,7.72533
ABHD6,7.7344437,9.633243
TRAPPC1,-7.3818,2.9675329
UBTD2,-4.102887,14.365508
RBL2,3.8049612,6.1775575
ARF1,5.4339447,2.1406083
CHSY1,-6.960666,13.378162
C5,4.48605,-2.1681914
PACRG,-4.57515,12.247618
PPAT,0.63037646,-0.7208452
SP140L,1.740042,-5.9291205
LOXL3,-2.2847693,16.05038
YAF2,7.0210614,5.5925145
SH3D19,-12.138704,7.5578823
CHIC2,-2.4252079,-1.8331424
PCGF5,7.023227,5.5902786
SHISA3,7.736798,-9.767781
SNW1,6.6872416,-1.097662
NCOA1,7.4995136,2.5878232
RILP,-3.9424574,12.330034
TCF21,-2.65328,16.003023
PPM1K,-1.9943534,10.019464
PAPSS1,-3.9106827,14.320017
PRPF6,3.8368812,-2.107068
COA1,-2.0856383,7.2514367
PLEKHA3,-4.937632,9.930342
GFPT2,1.8102189,-1.0655947
SSR3,-12.146222,9.506961
MSTO1,0.63323265,0.2922822
DCAF1,0.8055286,-0.7718304
SCN3A,2.5427496,9.384506
NUDT12,3.514823,5.913664
TRMT5,8.770891,2.825859
RNASEL,-3.7408957,14.317346
ITGA7,-8.075555,4.311652
NTAN1,-2.1442854,16.04321
ALPK1,-2.3103137,-1.7020081
HIST1H4H,5.4346485,12.830544
DESI1,-7.6750407,0.8110712
AFG3L1P,7.525738,-3.1237457
TOMM34,1.0056336,0.43656537
TSR2,-6.7615957,1.738034
CNOT4,6.758527,3.3743942
CTHRC1,-2.30834,16.433537
MAML2,-4.2295427,14.565218
ZSWIM1,-0.35002714,5.279435
EFNB1,3.440507,-11.696903
CLEC11A,-2.3154552,16.427464
SYDE1,0.8200286,-8.731123
NBEAL2,3.2358165,-4.8141394
PRSS44,10.381109,6.4741893
ETV4,-3.4969537,16.708256
GSTO1,2.982271,6.1277475
MRPL17,3.8504124,-2.0905566
TERF1,1.5498248,10.150531
TNFRSF1B,6.115354,-9.904283
TANGO6,-9.48487,1.6039369
INHBA,0.15162997,-3.5085964
FAM89B,0.8547946,-6.9887395
KRBOX4,-2.7769847,1.5137011
HSPA12A,-1.7808381,9.901659
ADGRD1,-2.405944,9.691329
OBSCN,10.279235,7.1449413
ASB11,-1.9885701,10.64455
MIER2,4.0257626,-11.977278
UBFD1,3.338272,4.1597996
ABHD13,-0.21240361,9.856168
IMPDH2,-9.612583,1.2258466
FAM96A,5.6774364,12.793763
WDR47,-5.3038826,9.754562
KDELR1,3.0875027,-6.6036587
SUN1,-0.57835543,-0.4952151
MSRB2,-6.7778068,1.69003
FHOD3,5.1248894,0.8231784
ARVCF,-2.0038106,11.2588415
PLIN4,-4.015764,3.4517062
FAM83F,10.917104,7.1626024
TDRD7,15.785345,-0.36364865
ELF1,-1.9417405,5.8167973
EDNRA,3.0133011,8.57551
SRSF9,-3.6926458,-0.8139875
YWHAG,3.3568807,4.013425
RPL26L1,3.7108035,-2.1814246
RAB12,7.1067433,4.4670396
C1RL,-0.21792294,13.538906
RPL13,8.67212,6.273678
PATL1,1.1213223,-1.6106027
ZBTB43,9.235047,6.689296
CCDC94,4.132063,-6.659452
TLCD2,-7.3464274,6.5112357
YIPF1,-2.3739276,-4.05185
DHX8,0.318401,-1.2869422
KIAA0232,6.7709026,5.121674
TMEM254,-10.312044,-2.4428728
KRT1,-4.8571105,12.067752
FMC1,2.2930512,13.147876
RHOQ,-5.9951096,10.755851
AHCTF1,1.0504063,-1.5602305
DNASE2,-0.7904709,0.94187343
NT5DC3,1.0597409,0.4546666
HNRNPH3,-1.6342478,11.915413
TGS1,0.39917693,-1.2317141
SQLE,0.12920125,-4.9957447
LAYN,5.9785533,-9.700436
CWC22,-2.3680084,5.234827
RPL6,8.933683,6.2089763
CCNT2,9.039837,0.45454538
SMIM8,-2.6849077,9.231767
SLC35F5,3.3243098,3.5397933
NKTR,-9.983141,-4.924736
TFG,1.709186,4.161112
GOLGA7,2.1737604,8.98174
SPIDR,-0.046786774,6.2227316
NOXA1,-3.409113,-6.915668
PHF21A,2.2685316,2.2462597
VEGFD,0.42558002,13.3529825
PSMG1,1.5435249,3.1837902
PISD,5.1800957,-4.8526874
SMOX,-4.153863,-0.59608996
LSM11,2.5081809,13.379196
URB1,6.546804,-1.0073898
SLC23A2,-3.6334877,17.319305
FAM135A,0.7281456,8.834846
HSPA8,0.87786007,2.6507833
JAM3,0.15533023,-3.5071797
SLC35A1,-3.6678789,14.292628
PRR33,8.125268,-9.496244
CUL4A,5.6997313,5.756632
SGSM3,-1.6507962,1.5880226
LRRC37A3,7.1858954,-7.3864913
CELF2,3.755121,6.11942
MYH10,-0.3581652,14.9005575
NUDT18,-8.9480295,10.086555
RCN1,5.3579044,-1.9661885
SLC27A6,-1.9148544,10.311828
INTS13,2.3268027,4.5202227
MICB,9.840348,9.640887
CDK9,-6.506799,11.288839
MRNIP,-9.421231,6.7371397
MAF,-3.7438648,14.362342
PPM1F,-1.8579203,-6.288466
FOXS1,-2.5265553,16.04716
EEF2KMT,0.30183455,0.10907025
TMEM138,7.6292562,-3.8806486
SYNGR2,-1.6889446,1.6285102
SLC4A2,-1.7987729,-6.3651977
TECPR1,1.2764992,-8.730214
FAHD2CP,3.0676055,0.52762467
MGST3,-1.6040497,7.1203713
AMDHD2,-3.9132147,6.0948935
ZMYM2,6.1826596,8.309548
MTMR12,-1.335926,6.2838655
RPTOR,3.789759,7.367862
GLRX5,-2.1134686,7.259857
RNF114,4.918847,2.6876714
STAM2,1.5886555,10.121886
UBE2W,1.942697,-0.9583452
AIP,-13.091281,0.26750407
SERINC3,-4.9972677,9.88973
SPCS3,2.70135,4.4476714
LSAMP,-0.7276825,-3.4298902
RAB7A,2.4970732,4.072576
RTCA,-6.182086,10.962179
RAD9A,7.5737095,-2.9277694
CD99,0.87375367,-6.9824114
PCNT,-6.3409863,-2.239265
MUC3A,-10.108909,7.618773
EAF1,0.38432136,-0.44830152
DNPEP,2.776759,6.5506616
PEF1,3.5560281,-6.4605494
CPM,7.7277617,-9.738789
SMU1,6.6307983,-1.044689
CDC42BPB,8.34455,2.8596842
B4GALT3,-0.41353297,5.12973
MAP1S,-8.101596,9.021511
ASMTL,-7.1161714,-3.2440825
CIRBP,-3.4009924,-6.9037395
AK6,2.3432326,4.4242415
PRKAB2,6.2213674,7.884999
DPY19L4,4.323647,5.9708247
HERC1,-1.5420665,11.611904
SCRN1,3.0122569,8.575042
ATP2A3,0.81188625,-9.284615
CAND1,7.443062,6.697307
AKR7A2,-6.3863325,-0.9721731
CAST,6.5201387,3.4126198
SUGT1,0.7796785,2.5785866
RPL34,4.237856,2.2025952
OSBPL8,3.3523653,3.5239503
ANO10,0.84878826,-8.970984
SESN3,-0.40325367,14.5837145
ADIPOR2,6.293623,-10.131045
GOSR2,-2.4376419,-4.0977135
XYLT2,3.5653524,0.4802833
ZKSCAN7,-4.1080103,-1.1366583
CYBA,2.992195,-4.8147736
SGCE,-0.06626103,14.568436
METTL21B,8.586258,-6.0025015
SSH1,-2.4251807,-1.8150073
DCUN1D4,9.629989,-6.1523705
PPP1CC,-6.009579,10.767506
ARNT,-4.308927,14.640849
OTUD1,-4.455633,8.808479
LDLR,6.548912,-0.7956858
ITGA8,3.2598686,16.595377
COL9A3,1.2058959,14.776222
GALM,-2.59136,9.295184
HSPB1,-12.123896,6.05541
ZNF655,0.6503961,-1.7538378
FRZB,0.47162774,15.086365
CYBB,14.514067,5.7956
TMEM38A,-1.9363203,10.25981
RAB21,7.051118,12.252959
SOCS5,2.0106902,9.032965
FAHD1,6.6751943,12.496457
TENM2,6.926682,-4.024977
ZNF599,-4.014625,5.645001
SMO,1.3482409,-1.1557245
SAV1,6.172494,8.360597
BRD8,11.472732,-6.028986
ZNF706,4.0938807,1.7517619
SLC25A13,-1.3357035,-8.604454
KIAA1324L,0.5239792,14.813292
SIRT7,4.0240073,-6.702594
EMC7,1.6639408,4.390038
NEK6,0.3260759,-4.620286
FCGR3A,14.406696,5.6848598
ARHGEF40,-2.290936,16.550976
KIAA1211L,-0.9336424,3.8912432
OSBPL11,6.752358,2.5281389
ABCB8,-5.597133,1.3916777
LRRC8B,-1.3427119,-8.626134
ALDH7A1,-2.4678524,9.367223
HNRNPA0,-3.6725411,-0.77539235
UBE2L3,-13.596031,0.56623036
PMF1,-6.4253144,-0.8679348
DPCD,-5.389187,1.2520609
DAAM2,-10.192327,7.714421
TSSC1,5.359281,17.43506
ZMYM4,-4.180705,10.142742
ATN1,-9.537899,1.6475792
MAPK7,-3.5684288,-1.5353152
GRAMD4,4.962593,14.016086
POLB,-2.3016562,9.634842
KCNN3,2.9597917,15.892225
ITGAV,2.3486047,9.017418
PUM1,1.5119561,9.522065
MAFG,-7.8734035,6.261166
WLS,7.16023,3.9081085
RPL39,4.2113066,2.2145312
TOP1MT,-0.5632793,-0.48166347
ZNF786,7.676173,9.694584
EBF4,3.2740667,-10.798162
DIAPH2,-3.8578613,3.7126873
TXNRD2,-7.503335,1.0720507
UBC,-6.6905856,8.506919
ZFPM1,1.90501,7.4934187
PSMF1,1.0047225,4.8518815
BAG6,-1.2186993,1.1348135
TOB1,-4.573999,12.302271
PRMT3,5.2177796,12.791691
SLC12A7,-7.512055,1.0515835
TATDN3,1.7503399,6.1848774
EXOC2,15.785398,-0.36365262
LMOD2,7.2707314,-3.481913
LSM1,11.45254,4.339068
COL4A3BP,-4.2865086,10.025674
PMPCA,-6.599782,1.8329244
PLAC9,7.0736465,-7.7071137
PNPLA2,-6.2325583,-3.586788
IFNAR1,-9.1373005,4.900681
ACBD6,-7.4680047,4.199788
SON,7.3934755,2.5913208
MEDAG,1.7779692,-1.0954864
STK25,9.050142,1.8059182
GLRX,5.0839305,13.880501
HLTF,3.4826539,5.907425
ADAMTSL3,0.7539799,15.139719
PLEKHA6,-3.936481,-3.4230578
NEDD1,-5.561198,9.603333
PRF1,14.383972,6.244802
SLC16A2,-2.5387874,16.086863
NORAD,3.6824136,5.7169633
BCL7C,-13.090863,0.28198156
LONRF2,4.260146,11.001683
DDX56,11.651505,3.7912009
TANK,2.0746727,8.988818
NBR1,-0.74049014,12.909009
TOMM6,-8.756126,12.777182
WNT9A,11.000822,11.931696
ENAM,10.382343,6.474177
CLEC1A,6.204321,-9.87083
SMAD6,1.765665,-11.812673
AK4,5.983623,5.495872
MEF2A,3.7570558,6.086533
ZFPM2,7.002613,5.3627515
EPAS1,6.2613163,-10.148701
TMEM109,1.2833437,-11.5867605
TAPBP,-5.8356304,15.707418
FAM134C,7.9540663,-2.968408
DMXL2,7.570635,-7.3372636
TGM2,-9.545679,1.60021
NSUN5,3.6891384,-2.216678
TLK2,3.3697333,4.0407434
SMYD3,6.6991873,12.483762
RASSF2,14.303744,5.1966453
SYVN1,-3.300068,-6.677779
ZNF548,-4.617504,8.635741
UBR7,2.7635937,4.3878837
SERTAD4,6.7325115,11.201526
ODC1,1.532948,3.1690624
GSK3B,-4.4706626,-2.361685
ASPA,1.014055,15.308795
PPARGC1B,-1.5867987,3.5498393
CHMP1B,-4.4035563,8.836935
RHOJ,8.579191,-6.0030046
DHX40,-4.7056704,9.960747
MAP3K20,6.4997168,3.3386202
GOLGA8N,-4.0934453,-1.0922112
SMARCAL1,-2.233735,9.044268
KLF4,-4.658044,8.5752535
AGO4,9.807338,4.644636
MNDA,13.742688,5.752278
NOTCH1,3.6434927,-11.320127
PPIH,-7.4652853,4.18408
CEL,-4.9364204,12.014145
CLTA,1.2287974,-5.08343
COL21A1,-4.5262346,12.245288
RPF1,1.8215665,4.247917
ABCB7,-3.8242548,7.7931857
PLXNC1,-6.338827,-2.2348797
PROSER1,1.1528039,17.008778
S100A8,14.906276,5.4608555
ZNF254,-9.054839,-6.362711
CIR1,-6.1052246,10.690506
FANCF,13.0150175,-0.11397654
SEMA3G,2.9646301,-11.443395
SELE,-2.4567318,-1.2464454
PTPRN2,5.4172463,-9.537426
CYSLTR2,11.01277,5.705078
CDH2,6.2723885,-3.8239448
HDDC3,3.455941,0.4270808
MBD3,4.2719913,-8.03715
WARS,6.1052623,-9.911016
STK3,1.0062215,-1.7736706
LGR6,3.2701619,16.62734
MFSD6,1.7594097,-12.200221
AMIGO1,5.0189037,11.241314
LMF1,-1.5155888,12.115906
KIAA1429,-6.0540185,5.0520115
BAG2,2.2163267,4.4353633
NCOA7,-0.98969704,6.750023
FBXO45,2.5649393,4.5098553
ISG20,-2.4760978,-2.379305
APOBEC3G,10.085817,-3.9157805
ANGPTL4,6.3295474,-0.868887
TRPM4,-10.370993,10.74181
EZH1,1.0579909,0.37257177
RBMS2,6.2980657,-10.182427
SRSF6,-11.678327,-1.7444514
BNC2,0.11920245,-4.893106
FGD2,13.22695,6.130756
ZNF584,6.0293736,12.247325
NTM,13.377953,2.5638268
SUDS3,1.8741641,10.548584
SELENOW,2.2810516,13.137217
TMEM179B,2.053529,-5.291494
MYL6,3.3402472,-6.656144
AP3S2,-4.649058,7.444087
KLF12,-8.3116,-1.1876999
BMPR1A,7.0083404,5.596835
KIF3C,2.6990933,16.062366
CECR2,-3.710672,14.45199
RIOK1,6.541294,-1.0172813
NAV2,-2.529924,-4.2118425
UBE2O,2.3455596,13.203528
PRDM11,13.361197,2.5772426
ZDHHC16,7.1759253,15.582615
MED22,-1.8390203,-6.3022943
ATP6V1G1,4.1016273,1.762866
MTG1,2.5039897,-6.6704097
SHROOM1,3.270224,-10.799567
MYO9B,1.9841226,-4.641313
GMPPB,-3.315912,-6.6974163
ZNF841,-0.7084344,7.971029
MARC2,3.5338657,-6.536718
NUTF2,3.7073514,-2.187693
FASTKD5,6.7461843,5.0803547
TTC39B,0.9396349,7.1590676
PARS2,-0.26284832,5.3795314
MRPL19,7.2895,4.266005
IQSEC1,-4.1306934,-3.575297
ZNF256,6.3778205,-3.780403
TAL1,4.083916,-12.03531
ASPSCR1,-7.362704,3.250777
LONRF1,1.3170223,-0.9734633
MRVI1,3.2398257,16.544155
INSIG1,-1.8987052,5.58967
BGLAP,-3.1726503,13.004768
DARS,5.065,3.7307017
GSK3A,4.127737,-1.9157209
CUL9,7.7911434,-2.9453597
SIX5,-1.371016,6.127443
LACTB,14.7409725,-1.5064459
NAGLU,-0.56899005,-9.848768
IER3,-4.6905513,8.523117
NDNF,1.8847638,-12.300789
ENKD1,9.365494,1.6507105
RBM19,11.644452,3.8080947
MARK4,4.224951,-7.9754324
PGC,-4.9413924,12.012707
SDHAF1,1.9377897,7.520579
MYL12A,7.020891,5.5994844
SNTB1,6.6172404,11.322557
EHMT1,-8.312851,8.757917
FCGR2C,12.29186,8.949713
KIAA1468,6.6549287,-5.74265
PRR3,7.6124935,-3.8555596
HIRA,-7.7852387,6.3242216
MFNG,4.642228,-12.350574
FCN3,7.9493303,-9.577828
PECR,5.8727384,6.224838
CDR2L,3.4340658,-11.839378
SMIM3,-0.8772283,7.4124093
NOSTRIN,1.6103262,-11.704991
PROSC,7.236588,17.205105
PARVA,-12.279465,9.614519
EIF4G3,-5.2917833,-5.6570725
GAS6,11.101703,5.2447667
MRPL32,0.99369085,4.855607
SMARCA4,1.480162,0.8519883
LIMK2,-4.1294804,-0.61260015
PKHD1L1,7.0208526,-9.936941
AMIGO2,-3.7151186,14.469248
BROX,-5.548244,9.60907
PPP6R3,2.240966,2.214695
NCALD,11.136836,5.8806734
ANKRD35,7.4045563,-7.457381
ADAMTSL4,-7.241522,6.753482
ANXA3,4.8470607,-12.278544
GPR162,7.4435534,-7.7082405
MRPL34,-1.9006096,7.2368627
TATDN2,-2.5697522,-5.348414
PPP1R26,5.4493337,1.4272269
OGFRL1,-4.207966,14.593945
SUCO,-5.822315,-5.807857
EFL1,7.290061,1.849275
TMEM242,7.148707,4.4035096
TIA1,-2.2085402,3.2056358
ASL,3.99305,-7.1353416
RIT1,2.9138713,-5.9007382
TRAPPC2L,-7.482138,3.4269154
CHD3,-2.5009553,15.982068
RING1,-9.101153,2.1906106
SELENOO,0.4220956,18.118595
MLLT11,-12.139032,6.038878
TTLL1,-2.584677,9.265649
PBDC1,-0.0143543845,1.1590471
PBRM1,6.629865,8.211074
STX6,0.3070551,-4.5972414
CDK4,-0.6221054,-0.5075543
SMARCB1,3.0684006,5.954847
NPLOC4,2.7762175,6.552332
STARD3NL,-5.5427547,-5.96091
WT1,3.923575,-10.775058
DOK6,11.40368,5.6085052
NUDCD3,-9.380209,-1.4921842
ZNF319,-1.8194556,3.4027383
CHST10,-1.8309563,3.3891792
DOCK5,1.3876446,4.103583
KLHL3,10.987315,7.1830387
HACD3,1.7095647,-5.9612284
ZNF668,-1.8443674,-6.299846
HAVCR2,14.519861,5.8283443
NDST2,3.4053311,-4.6983986
DHCR7,11.33015,0.10548574
SLC35E1,-2.9816031,-4.9524198
SLC9B2,-2.3954816,-1.7996484
PLAGL1,6.6591177,11.282309
NPIPB5,7.3438573,-2.66623
FAM161B,-2.249683,9.061381
FRAT1,1.7098111,-1.1149981
SPTLC2,6.0077944,-9.677193
PLCG2,5.4848113,-9.566445
HNRNPA2B1,3.114534,3.8642995
STK11IP,1.6411775,-8.6675415
NFS1,-2.8012195,7.610977
ZNF691,-2.2984185,5.2630043
ATRN,-10.713207,3.5430925
RABGGTB,1.5500935,3.1882455
RBM15B,-8.263808,8.822402
MTOR,-12.132338,9.49351
SLC38A2,-2.1236632,5.54589
LYSMD2,1.7120758,-5.9604225
GLRB,4.387967,11.515505
MED24,-6.142714,-1.4336172
FGR,14.400562,5.374234
INPP5E,7.706988,-2.982477
NDUFAF6,-4.8496566,7.462521
TAF6L,1.9473587,7.5279784
ATP1B1,6.2393622,-3.8420112
TMCO1,2.738829,4.4174333
SNAPC3,7.492103,3.5705354
DNAJC8,2.4920332,4.073777
WDR44,-5.434068,9.668239
FAM78B,-5.5362825,3.222974
CACTIN,-8.515561,9.592228
RAB15,9.857162,6.9606786
WDR77,1.3597628,4.4721694
FAM102A,-3.8927512,3.6401608
PLD1,-3.3140745,-0.997619
ACCS,-2.783641,1.491942
ATP2B4,0.18861513,-5.0422006
DNAJB5,-8.340743,-4.9515886
GALNT18,6.915455,-9.835737
RXRG,0.8466551,15.17521
EPHB6,-10.18986,7.708775
PJA1,1.2983202,9.970703
UFC1,11.437904,4.360085
RAB20,0.087164685,6.412202
KCTD21,1.5557846,-8.718503
TLN2,5.661063,1.3600186
RNF38,-5.318509,9.736953
RNF135,1.4144632,-8.712509
KDM5A,1.1490457,9.22565
KCNAB1,3.1824715,16.39224
PSMC6,0.98478556,4.8589077
C2,-0.21651942,13.543827
TSPAN4,0.83906794,-8.983855
CPNE4,-5.3485136,7.3000507
ENO3,5.129907,0.83035326
CYP2R1,15.117248,8.759582
TMEM14A,1.1389184,15.4423
PCBD2,7.3075013,5.112893
CD46,-2.588153,4.4166346
PRCD,-10.223662,7.7427526
RBMS3,-0.88172126,7.4211526
ZNF28,2.9401567,0.019710913
LMBR1,-5.320928,9.744836
ISCA2,-10.894232,-0.54912657
SYMPK,9.368982,1.6325343
AP4E1,2.0726948,9.331752
CELF6,-2.8146553,1.399862
DNPH1,11.1442375,5.0934024
SMG9,-2.130748,-5.8208976
LPCAT2,0.90220267,6.9176235
ADAMTS13,2.9584153,0.04887356
ZNF444,4.364364,-1.5409158
SLC38A5,5.367123,-1.9559389
GLCE,-7.667059,6.3929734
FAM220A,7.1945796,4.3540263
RERG,-3.6594207,14.460879
SLC25A17,-1.379931,-8.652185
ATP13A3,-5.9322863,-5.8580074
ROR1,1.3729019,4.1024733
DGKA,-3.395655,16.453854
CACFD1,9.084749,1.7652378
TPRA1,11.616799,3.7454584
PPP1R16B,2.9699116,-11.430936
CHID1,2.7071009,-7.0544386
PLEKHG2,-3.5453649,-0.7996851
TMEM56,5.7640495,5.8068724
GCNT2,-2.0169103,10.17723
BRK1,4.0857925,1.8148361
TMEM67,-1.9271436,10.310428
TMEM127,-3.9922364,16.269775
RXRB,7.439251,6.669961
SYTL2,7.214395,-7.335104
G2E3,9.582782,-6.158154
SELPLG,13.787826,5.9291534
NBPF12,10.114205,-3.8387647
KIAA0586,4.278468,3.4493377
AP5M1,5.3112955,5.628
SPATA6,2.4278347,9.24252
SLC25A42,-9.382869,-1.4899504
WWTR1,-0.9510829,7.1318254
REV1,7.651569,-3.8865278
SIGMAR1,-2.410034,-5.643693
RWDD1,6.7112613,12.4826765
BSCL2,11.669755,-1.1772913
TMEM245,5.74668,5.8739457
ZNF641,-7.739425,6.360759
ZBED3,-1.8249636,3.4091735
PGP,-7.34023,2.0292962
MDM4,-0.34503856,-0.32004854
RALGAPA2,-9.565013,1.5958574
PLSCR4,-3.603949,17.257366
CRIPT,7.199729,4.3546133
PLEKHA4,-9.553518,1.5933723
BCL10,-9.098201,4.9312367
ATP6V0E1,-13.578086,0.5479095
HCFC1R1,10.143125,11.895571
THEM4,4.147873,11.654709
TTC31,3.3468323,3.545264
EXOC1,-5.558953,9.597045
BUB3,-0.266507,9.747046
HDAC5,-1.5921608,1.5150115
GOLGA8B,-0.60826933,11.423667
ZNF300,1.9180933,-5.513484
TMEM106C,-0.63430476,11.499489
LRRC49,4.4336767,11.454456
ZNF623,-8.003843,-8.433665
MBOAT7,2.8362107,-6.7905464
CCDC180,-2.2345712,-1.8048824
SAMD1,-7.7101164,2.1019208
DDT,11.244731,0.112963915
LDB1,-5.5078077,7.30907
ACOX1,1.6123803,6.308771
SEPT9,1.1314104,-9.498725
SLC47A1,5.4683404,1.4122664
SPINT2,5.3780584,-1.9373052
TM7SF3,-3.6901052,14.275273
TP53RK,-0.29024327,1.3182772
SMARCA5,-1.4046445,-7.8140783
AKIRIN2,0.40911463,2.1680298
ZMIZ1,5.7148294,-12.52069
SEC16A,-3.98023,-0.73976743
P4HA1,-1.5494665,12.034627
ZMYND19,11.620562,3.7434266
R3HDM2,-6.182563,-8.925211
FMR1,-4.612999,9.978069
ASB4,-2.6048307,11.384004
ST7,10.093192,-1.7956593
STON2,1.1455531,15.460224
S100A12,14.910997,5.4586487
SOCS4,-0.98896754,6.820663
DSEL,-2.1998158,16.088888
NBEAL1,5.7933736,2.6175675
ST8SIA1,1.1575339,15.471347
RHBDF2,-0.9329703,3.8898065
DPYSL2,8.852442,0.19631493
KCNT1,2.930919,-0.020321788
CAPG,14.308806,5.2028317
PARM1,-5.057477,7.4009743
FRMD6,-2.486732,17.189615
ZNF521,10.757267,7.7616515
UHRF1BP1L,0.53093135,-1.4006084
RIOK2,12.956093,10.338669
ZNF431,-11.679763,-1.7450701
NANP,0.32468545,-0.7847618
HSPA4,0.8180272,2.6051962
KMT2E,-1.9179219,5.872785
CA11,-0.6709247,7.962509
NLN,6.4873466,3.487673
GPRC5B,1.5388498,-12.354559
USF2,-6.237695,-3.5858448
SLC10A7,8.566405,-5.942553
RER1,-3.0850766,-6.2146654
SUPT4H1,11.41364,4.3885717
EMC2,7.369141,4.1883445
DENND5A,3.3542917,3.4862125
WDR24,7.1982393,15.565866
HNRNPUL2,6.158556,8.384729
ZNF791,8.839259,0.18904096
EMD,1.1755925,4.6444025
VPS26A,-4.059994,-4.9101634
LYRM1,-1.6846367,6.9737277
BCL2L1,3.4827316,-11.741422
POMT1,-6.516067,0.74549055
KCNB1,1.3836159,-11.617703
GCH1,-1.8330295,5.6463137
GABARAPL2,6.69562,12.488248
ZIK1,-0.24709746,5.3906565
HES4,3.2566442,-10.760751
PHLDB1,-2.5120099,17.25419
RFWD3,-1.3795348,-8.65254
SH3RF1,-2.528883,4.980406
NEK10,-2.6781514,11.374407
RFX2,-4.254147,5.851872
CTSZ,2.7172947,-7.039665
ANKRD33B,11.001008,11.931729
ORC5,-8.771006,9.939404
CDC42,-5.555378,-5.940727
MUS81,-12.921069,0.24742933
ARRB1,0.7964702,-9.280253
PTK7,-3.411009,16.917389
METTL5,3.6999705,11.948593
TMCO6,7.632977,-3.864554
SLC31A1,-4.079948,5.663268
ADRA2B,-10.1250725,7.6362143
ACTR5,-9.659264,12.159273
HMGCL,-2.8312147,7.566718
ZNF619,-2.110784,3.2336438
ELF2,6.1787825,8.349009
FAM219A,3.5373714,-6.4532247
IL3RA,-6.998127,13.4384775
GRPEL2,0.7711398,-9.292843
MBNL3,-5.175622,9.789877
TRAPPC11,5.175054,5.541524
KCNJ11,4.5555215,11.431401
ACKR1,-6.9565296,13.3946905
UTY,-2.9973557,7.45162
SFPQ,-2.5852292,-2.4318292
HMGA1,4.939518,14.042917
ZNF577,-0.022935068,1.5846939
PIGA,-1.9923538,5.5564785
ZNF211,-9.140166,-6.446807
CSTB,11.531218,4.237786
GPBP1L1,6.5989957,8.206048
FAM213B,0.64460385,-9.198246
TBCEL,4.27212,-1.1364187
GUSB,7.062176,-7.701895
TP53TG1,10.138765,11.899363
TUBA4A,3.2543917,-6.82107
TTC7B,-6.339427,11.1026325
GFPT1,-5.2889915,-5.651611
RIN3,-0.9372699,3.8811848
NT5C3A,6.072896,3.2778003
FGFR3,4.856845,-12.296374
EXOC8,7.4105844,6.767822
PANK4,2.4798887,13.351202
NBPF9,-3.3845792,-0.655623
TECR,-5.4119678,1.267444
SPTAN1,-4.2224007,-3.6440175
CYP4V2,2.9295146,-0.04596805
PARD6A,-4.285716,16.38868
CELSR1,-4.8262086,3.0672395
ATG101,-2.3972194,-4.09913
TUBG2,1.1857138,-1.455814
MAGEH1,2.9000764,-5.886498
HHAT,10.957087,5.6484947
PDSS1,1.6682589,4.278171
NAGK,5.3951807,17.390127
PAPLN,0.989602,15.310238
CAPN1,9.087426,1.7646682
HCFC2,8.826558,0.1839405
SSPN,1.0120255,15.3636675
WDR13,-8.044035,4.307005
SCAF4,-8.023471,9.059859
RFWD2,2.627824,4.50795
RNF40,8.335562,2.847833
FGF18,11.007752,11.933027
LEO1,5.1759405,5.55865
SMAD3,-2.1292922,-2.3449097
RAP2A,8.775804,-5.9380674
PRDX4,0.48987383,-5.2315626
ARRDC3,-4.224329,-0.52384734
ZFAS1,-4.18625,-3.6141233
TMEM126B,7.2909164,4.2939243
TTYH1,11.00164,5.6968017
NPAS2,-1.9810703,-5.4139314
LRRN2,4.8535194,-12.284958
PCNX2,7.5251737,-7.54258
SMIM5,-1.6494136,11.314893
RPS6KA5,-2.0831244,-5.85054
CROT,-1.855668,3.395358
NRAV,-6.642498,11.429284
SFMBT1,-12.310781,5.849838
VMA21,0.9509079,-1.8458508
MIR133A1HG,-2.0155098,10.112243
SND1,-2.8248587,-5.796216
DPAGT1,-3.318684,-6.708927
RDH13,-3.9840693,3.5063653
MCF2L,6.2889004,-10.150678
HIKESHI,3.66595,11.975549
TMEM63C,-0.7261965,-3.4295952
PYGB,-5.5318565,7.2778068
SUSD1,-7.166519,12.329144
TAS1R3,-9.374352,6.729002
CNOT8,6.2601314,-10.098002
TANC1,11.232136,0.11071654
FAM20C,-2.3843665,-1.7503957
PLAU,-0.99568546,4.444505
POLA2,-10.401335,8.084286
UBAP2L,-2.9875832,-5.010888
GLB1,2.6844356,-7.0770555
PABPC1,1.7775984,-1.09757
GAS5,-4.193857,-3.6182985
DGCR14,3.6710634,-2.227066
TPD52L2,1.337589,0.69501275
ANO1,0.7469332,15.134149
ANAPC13,3.8895307,11.813584
RPL12,8.942181,6.1987314
MT1X,-2.2537959,-2.0402353
HBD,15.079457,5.4048386
PHF6,9.530794,-6.1340384
CREB5,-0.43198028,5.0424213
SYS1,0.54194707,2.35148
COL18A1,-2.542392,15.980091
ERCC6,10.763912,7.6742854
REST,-5.5573134,9.601249
GLYR1,-3.6258852,7.9799185
LTB4R,3.2116823,-4.80593
LSS,-10.381987,8.05784
ZNF8,-9.055886,-6.363332
SLC17A7,11.0896,5.8110113
DNAJC10,7.449668,6.6668663
CSF1,-2.4701602,-2.336204
KIF3A,4.1591573,10.716022
KANK1,-3.0122507,11.293541
MARK2,-1.6450182,1.5808592
SIRPA,3.2182834,-6.2220645
CDKN2AIP,-2.4948328,-1.2033852
KCNA2,-2.311093,-1.7192209
ASCC1,6.6911616,12.490095
LRRC37B,10.078739,-3.8480356
MON1A,9.021636,1.8141322
NSUN4,6.511645,-0.95251626
ANGPT1,6.6004896,11.337642
SYDE2,-5.453419,3.185746
GCLM,-5.320002,-5.691761
SDC4,0.10678114,6.4022317
DAB2IP,-4.0733333,-0.6457371
CHCHD6,-8.754663,12.762683
PLXNA2,3.4968743,-11.727216
EYA3,-3.4461625,-7.0092297
PFAS,0.65414536,0.31762064
LGI2,0.3085738,-4.627824
PFKL,-3.6123476,-1.2658613
GRB2,-12.635823,4.721657
ORMDL3,-12.139379,6.0387363
TM9SF2,-4.883542,9.946045
KYAT1,-7.7041836,0.76484495
SDF4,2.8661947,-6.786967
SLC43A1,2.4090533,9.253979
AP3M1,2.3084004,8.958925
MRPL18,11.450079,4.3682714
LEPROTL1,9.822275,-3.9089072
TMEM140,-9.373286,-1.5022804
NAT6,-10.367527,10.74262
NPTX2,8.135612,-9.486687
DLG3,-3.914326,-0.8246346
SUMO1,7.2437534,17.19367
ZNF134,7.4621253,2.5953052
PIK3R1,-2.90404,11.348198
EIF6,-9.431977,1.554206
MAP3K8,-2.9853776,-2.4291387
FMO5,-5.1802654,9.787666
CH25H,-0.27423793,5.9952607
STS,3.4236348,9.179091
ARID1A,9.763362,4.6425357
PYROXD2,3.068677,0.32461104
FBXO10,11.489783,-6.006936
FRMD5,-1.7647122,10.946076
GEMIN5,6.066783,2.5059009
RGS16,-0.99736774,4.443578
ETV6,-7.2395663,6.6320276
TUSC2,-7.815056,0.648894
TEAD2,-4.0729685,16.287508
B3GALNT2,5.7934017,2.631041
DAB2,-0.05352212,-4.764708
METTL25,-9.562502,1.6008
SZRD1,-0.014914059,1.1422358
PXDNL,-1.9579436,10.263586
RNF213,10.1529875,-3.9534402
CHD7,6.541658,-1.0009822
NME4,-7.4256396,3.3736317
TNFAIP8L3,0.35373238,-4.594095
FAM126B,6.762161,8.287799
LAMTOR5,-2.0580745,7.3653765
TXLNGY,-3.0192168,7.437387
TMEM167A,-5.88757,-5.8403077
RORB,7.315174,5.1166697
STRADB,4.8307605,10.834415
ATAD3B,5.1938896,-4.865706
FNDC5,-5.407701,7.3220196
BLMH,-1.6884125,11.28774
ANAPC7,-12.67968,2.7668912
POSTN,-2.2088275,17.09705
MAPK6,-9.173698,4.870041
PDDC1,12.053408,-3.8680632
WNT11,5.800741,1.1494966
CCNJ,-1.6984909,6.0352883
TXNRD1,0.6338597,0.23418212
CCDC28B,-3.6214159,12.647445
PRMT2,7.313447,1.7571169
EXOSC9,7.3521004,1.7355632
DENND6B,0.59201,-9.162494
AKR1C2,2.678673,-4.2792797
KCNQ1,5.0091586,0.72274846
NAA30,6.208587,7.831748
TMEM8A,1.4744973,0.8405603
SEPT4,-10.181987,7.7081575
TXNDC15,7.252953,12.119174
EXOSC4,3.7647922,-2.1762586
MFSD1,-1.3621315,-8.630997
ZNF268,8.825511,0.17081027
ANKRD49,1.9171729,-5.512146
LRBA,-10.709355,3.5437694
GDPD3,3.8383572,3.6424642
RGS1,-4.636406,8.579282
CD59,-2.8857954,-3.5182023
UBE2S,-1.7922372,-5.614309
FZD3,9.259512,6.7290454
PRTFDC1,11.361535,5.606879
COLGALT2,-0.37530807,14.84632
ZNF844,3.538877,-6.468657
ANKRD36,-2.77681,1.5148014
SPATA18,0.118659794,14.954873
GTF3C1,4.2892222,-8.059719
DHFR2,10.761702,7.7734156
PIGP,4.888283,10.818965
RCL1,0.36282256,-1.1732754
MCEE,1.7489909,6.1815424
PLOD1,2.8322203,-6.8401217
PCGF1,9.016699,1.8148873
NR2F2,-3.6425784,17.33974
IL17RD,2.9490328,15.902416
RNF4,6.368435,-0.9105695
COL8A2,-0.39468297,14.557731
DENND6A,5.0919175,2.6196048
FZR1,-3.566279,-1.600432
HOGA1,-3.8622658,12.413817
LCLAT1,9.9802,6.755314
TPSAB1,-0.1279806,15.035507
LAMA4,6.6088247,11.326508
KDM4A,-1.8571284,3.395231
RUFY2,9.594022,-6.157752
FAM120A,4.0303826,3.6176999
SPATS2L,-2.0136156,11.212546
ZNF77,5.094104,2.6140482
HNRNPU,-4.1958866,5.8237386
PPP3CC,-6.326202,-2.2103798
BCAS3,-0.69093716,11.5184145
KIAA1958,6.252437,-3.8528275
PGM2,-4.2382526,5.816653
PTGFRN,2.3206797,9.00655
AFF1,1.112774,9.199458
TMEM255B,3.3938248,-4.7141037
POC1B,-5.0646276,9.8473215
GPX1,8.606239,6.3252316
PGM2L1,-0.8574382,7.5216384
EME2,0.42244205,18.118593
CRLF1,3.2781997,-11.749419
ENDOG,-7.205439,1.2752905
PARVG,13.797553,5.942429
IFT88,11.011341,5.703258
PEMT,5.3875556,17.403648
MXD4,4.2980857,3.7857306
GREB1L,6.2434874,-3.8440437
PPP3CA,-1.41012,6.215841
COX18,1.764926,6.172945
RBM48,6.6003428,8.208802
PDE10A,-2.5246565,4.986828
CPQ,0.78396887,15.147826
B3GALT6,-1.8810223,-6.224947
MYLIP,3.8467002,6.243594
DFFB,-11.675367,-1.739463
ANKDD1A,-2.8134913,9.279129
ALMS1,8.639656,-5.846077
MTERF1,3.9356635,-10.761759
LIG4,6.5327897,3.2880726
IREB2,1.9271688,9.07231
RPL30,4.2233605,2.172592
SMTN,-1.591661,11.30083
PABPC4,6.178691,12.993978
CABIN1,11.491165,-6.0058327
TRAPPC6A,-7.5011315,3.4538147
ZC3H18,6.6336665,-0.70466566
FLOT2,3.075312,5.93374
MOSPD1,7.005373,4.5234056
SARS2,-3.5663586,12.69269
SPRYD3,4.157055,-6.653547
ERCC4,0.23293188,6.987975
SRSF7,-5.7787137,-6.019906
ARHGEF6,6.3457637,-3.223387
DNAJC21,6.500295,3.3661911
TMEM200B,3.0676105,15.947455
PFKP,1.3622525,4.466795
TXNL4B,5.7007217,-12.508663
CTU1,-1.8078629,-5.633374
FDFT1,-6.090191,10.742576
YIPF4,7.0183372,5.5367823
PGM5,-1.4434189,-8.716362
CAPZB,1.5675968,4.408599
SLC27A4,4.156669,-1.7162874
HELZ2,-4.0840178,-0.64002025
EIF1AD,-2.943463,-4.075221
ATF6,1.062512,-1.6671605
BCL9,-0.25776783,6.0111756
IGSF8,2.2919793,3.323686
RBM38,-7.758783,0.6855755
TC2N,0.40634018,13.380506
DNAJB12,2.7829838,6.54705
TTC26,-1.349722,-8.6206665
CARD16,1.6497533,-6.0317564
TNXB,-2.4871888,-2.338058
ACBD3,2.1394143,8.9981165
ENAH,-0.43423313,5.042418
FBXO17,7.418759,-7.5923347
LPCAT4,3.0887265,0.39309976
FECH,-4.8349757,7.500581
ZNF658,-3.640895,-1.254983
MURC,-5.4518824,3.1438727
CHST9,-1.8767129,9.944225
E2F8,9.243615,6.7363615
FAM213A,-4.654135,7.3944077
DAP,7.5240483,-7.371579
KIF3B,-5.4893565,7.3003945
IFT43,-7.588027,4.1219263
ITGB8,-1.7904603,9.925487
PPP2R2C,-4.98534,7.2282066
CRADD,-6.3760085,-0.9614625
SLF1,4.144364,10.691209
TSPAN3,-12.348328,9.708485
COL4A4,-0.50115335,14.521989
ZNF197,1.9199451,9.078098
HUS1,2.3180408,4.5645237
GPER1,6.536474,-1.0008775
ZNF160,6.5690336,-9.709927
TMEM241,-3.5040467,16.725239
MTMR1,-12.129171,9.492801
WDR59,-0.28265825,9.679468
BST2,1.6479969,-6.041366
TRIM5,0.9168211,6.888802
HMCN1,-3.7139018,14.461011
RILPL2,2.681085,-11.671303
PLEKHM3,-6.092876,10.721217
SLC15A4,-12.395117,9.704254
RAPGEF3,3.6310122,-11.455405
TSPYL4,-6.5180354,11.298628
TCTN3,2.9041593,-5.8878446
ZNF772,-3.6378753,-1.271328
H1FX,-1.692358,-5.6319866
PLCXD3,-5.969632,10.730031
ZBTB1,10.755209,7.7052402
H19,3.3652353,-11.213713
ZNF10,-4.6242704,8.626395
CDS2,-2.8468235,11.384429
IDS,2.4097164,2.4306672
CERK,4.9539514,14.026935
PTPN6,14.352301,6.2252083
INPP4B,7.0045075,5.544625
R3HCC1L,-8.770108,9.939437
ZNF397,-0.7336265,12.916283
ZNF131,-9.170421,4.8692613
PILRB,11.469809,-6.0312123
DDAH2,-0.35802734,14.905891
SLC35E2,-3.1286473,-5.011627
MGP,-2.3047223,16.97705
SRSF1,-2.5900426,-2.4204512
SULT1C4,4.488612,-2.1675935
RCOR3,6.968927,-4.2152014
TRIM26,9.843743,9.640018
UACA,1.537248,3.1727479
RSRC2,3.336599,3.525708
TSPO,-7.373861,2.9806364
PPM1J,-7.1845865,1.3230565
POLR3C,0.34128493,-1.2383916
SIRT4,-2.6708212,11.380221
DPY19L1,8.267601,13.327439
SEMA4F,2.6118684,16.109676
COMMD2,0.52106625,-5.3786345
CALCRL,5.4368653,-9.542891
MAP1LC3A,-6.4335184,1.8522128
ZNF780A,0.23177247,6.972448
PI4KA,-9.083557,2.3024118
ANAPC4,-2.4545183,2.9912279
VTI1B,6.084032,12.795571
RDX,9.756291,4.6905603
MYO10,2.8991022,-11.398778
PTPRH,-8.365391,-4.944598
MMAB,-8.757176,12.760247
CLASRP,0.42206252,18.117128
AK3,7.1620927,4.315274
PITPNM2,-8.263301,8.813735
UBOX5,-8.996486,10.142621
SRSF3,-5.7641892,-5.9316816
PRKAR1A,7.0040245,4.5203834
XPA,-4.782352,12.50598
TMEM91,0.8393265,-9.015147
ADAMTS7,-1.6937231,10.873217
RSPH3,8.698053,5.4040008
RGS12,0.58072966,-9.159083
TNRC6A,-2.4530544,-1.2749425
SLC25A18,-2.3880546,9.706462
MLH3,-2.2230854,3.1821275
ST3GAL2,-8.593659,9.659574
ANKRD37,-4.4954343,8.755706
TXLNA,-2.8179727,-1.2211357
TMEM60,0.23672223,7.0026956
TMEM267,5.0897713,3.7439716
RBM41,-1.8495352,3.3945115
RAD52,-9.386508,6.5610642
WEE1,7.0191584,5.6154604
RAPGEF1,3.410697,-11.548699
CHD1L,3.2465796,-6.2643504
FCN1,13.665375,5.7290564
TOR1A,-0.23017175,9.803884
LMAN1L,-5.4037485,7.323946
PLIN1,-3.683588,7.9270625
ZFYVE1,-9.377121,-1.498104
RHBDL1,-0.7448279,11.479491
CNOT3,-8.411098,8.609947
TMEM203,-8.756444,12.770256
SLC38A7,2.5537348,13.464371
AP1S2,9.359773,6.514017
TMEM260,15.140325,8.762683
ETV5,-3.4041762,16.462831
PSMB10,-7.504783,3.4780443
ZZEF1,8.32106,2.840745
KIAA0391,6.6391087,12.533602
ACSF2,2.9263246,-0.044541065
ABHD3,1.8496354,9.816149
ARPC1A,-2.0510337,7.3752513
JMJD4,3.9860542,-7.101178
SRPX,3.2237437,-6.2274213
CUX1,6.5852633,3.3617973
PET100,-7.309264,2.040855
RAB1B,-7.400255,2.9684036
SNED1,-3.1194007,-2.5057387
TUBB3,2.8006935,-4.8697343
KIAA1107,-8.211701,8.87701
POM121L9P,-3.137235,-2.5170865
LRWD1,-9.023506,2.1799803
ZNF271P,4.8663487,10.793862
ZNF14,8.67754,-0.02926169
CARD19,-1.6591198,-5.6506987
ALOX5,14.808068,5.5220113
SNX14,-5.319587,9.743505
DCUN1D1,1.7811006,10.25524
SH2D2A,-0.9912913,4.44565
ZNF567,-6.2675915,14.693878
CBWD2,6.7012844,12.468996
ABRACL,1.6828556,-5.0136437
ALKBH3,-9.718729,12.21238
PCDHGA2,-14.63597,3.3956332
EXOSC1,8.931248,6.179943
UBAC2,-12.396296,9.705161
CCNK,7.9183955,2.7074564
TRIM11,-8.800273,9.93239
PACSIN2,8.569452,-9.593506
WDR41,1.7620596,4.3493104
ZNF581,7.7359443,-2.9627593
OVAAL,-12.395552,9.705199
ITFG2,0.11767635,6.469804
TDRD3,3.2072651,0.5248446
CAPN2,-3.6406474,17.331726
XPO6,-9.433854,1.5585933
SMC1A,4.265178,3.4627628
NDUFS2,-3.625693,7.9101
ACVR2A,8.645047,-0.07726015
SLC26A9,10.106443,11.848134
ALG8,-3.178023,-6.3852444
ARSB,2.2978883,9.020389
UQCC1,4.156739,11.593076
CAPN7,6.2037873,8.265542
STYX,5.085408,3.74747
TNFSF13,13.109202,6.2336965
EWSR1,4.020174,-7.159611
CCDC12,-12.6146,12.28063
MSL3,-1.688433,11.2579155
BBS2,-2.8750029,11.367134
GCAT,-7.1395254,1.3033843
CSK,4.0599494,-1.2696141
FAM78A,-3.935501,3.5819943
TCF15,1.4868684,-12.410509
ITSN2,-5.319737,9.748331
SKIL,0.919455,-4.5620728
NUB1,-6.1075397,10.687259
CTCF,-8.198672,-1.3754244
AARSD1,-6.0919065,-1.5538828
KLF15,10.972321,7.1795917
MSH3,-12.131553,7.564939
TBC1D2,3.178654,-4.676025
TMEM107,-3.9090729,6.09915
MADD,-1.8823419,11.376381
CPPED1,5.178604,5.557347
PPP1R21,-3.7323709,14.328539
LYST,7.960244,13.647089
NDE1,8.899443,-6.174059
RPL36A,4.240634,2.2319014
RASA3,-1.4274528,3.629196
NDUFB2,-6.7931643,1.7478526
RPL10A,8.944048,6.19341
CARMIL1,-0.9481677,-3.6552563
METTL7B,-4.531101,16.033432
ZNF781,-9.407736,6.3641443
SNAPC2,1.628718,-8.662964
BRMS1L,5.6580863,2.6933672
SYBU,1.8233604,-12.2595625
TPM2,10.216502,7.0344605
MLPH,-1.6728942,11.292015
KIAA2013,-8.093387,4.3341303
MPHOSPH8,3.5493145,-6.4728436
SLC39A3,4.2255282,-1.667898
PDXDC2P,8.91572,0.33301863
SPATA2L,-3.7569022,-0.8881666
MEF2B,3.8693616,3.6435199
RPUSD2,-10.949526,-0.6036734
DSC2,-5.914428,10.681774
WDR62,-1.9977834,11.210941
LIN7C,-0.96006656,6.8517385
SPTLC1,7.4369235,6.707247
REV3L,0.7230091,8.831786
NCEH1,-5.5707564,3.2131276
NFKBID,-0.6202747,4.8888044
ATAD2B,9.582553,-6.1613975
COLQ,5.3757286,-1.9415169
KCNA4,-5.609983,3.176411
CCDC59,11.574097,1.5895841
MTX3,6.6547213,-5.743081
RBCK1,9.366851,1.6380141
P2RY8,-4.140036,-0.6080792
DNAJC9,-3.4455938,-7.010163
PSD3,-5.351227,3.1761193
KCNE4,-3.4319181,-0.68520844
MRPL46,-2.3528476,7.522513
ANKRD50,8.780813,-5.9410806
ATG14,1.9301362,-4.507811
HERC2,-2.8680825,8.054647
TMEM176A,-3.1670992,-2.5008702
ENY2,-7.5418034,3.574086
VKORC1L1,3.9651003,3.6833677
LUC7L2,11.688723,3.7233815
FAM57A,-3.3743749,-0.67671436
DCAF12,3.05905,0.53249705
PSMG2,-0.22779885,9.808758
RHOA,3.0470612,-6.081569
NDUFB8,-6.5744233,1.5045292
CORO2B,-3.4399445,-0.6900002
RAP1GAP,5.465749,1.3966238
ZCCHC10,3.3442209,3.5246212
AFTPH,9.472999,-6.1253347
SLC25A44,-0.015606322,1.1179731
PCDHB16,-0.28732443,9.644235
DOCK11,-3.7501783,14.357272
OGFOD2,-0.9558018,6.9549394
LRRC8C,5.9783735,-9.627511
SNHG11,1.0992719,-1.620991
EBAG9,6.7065363,12.488718
RUNDC1,5.4104238,2.6953788
SLC17A5,-3.6369789,17.320341
GON4L,-1.9939563,5.9347835
TSNARE1,-6.001171,-5.8509517
RARB,-2.9071164,11.348399
CX3CL1,3.895611,-10.809566
EIF4H,0.65585124,2.4707994
RIDA,4.348529,11.017243
MAP3K3,-2.961648,-4.444569
MAP3K2,7.9584727,13.631038
METTL6,3.0330055,8.359384
PPP2R1B,-9.126736,4.9048014
PNCK,10.20445,7.0281563
KRT10,-4.852478,12.063737
PLVAP,6.1349235,-9.925172
DPY30,7.2398863,17.206676
ALKBH4,-2.2657301,5.306453
CALR,-3.2876792,-6.657486
CSGALNACT2,-0.26693815,9.751412
TOMM22,-6.1162477,-1.5882007
TWNK,0.13183272,0.009584695
ACTL6A,12.954705,10.33727
HERPUD2,4.483254,-2.166388
PPP4R3A,-6.298348,-5.864538
PBLD,11.651633,3.7820084
FAM175A,-2.3758578,3.0635667
CEP170B,-9.071031,2.2287776
F2RL1,-2.7850003,17.114288
COLEC12,-0.4954504,14.536024
TBX3,4.852627,-12.278341
UBXN10,-4.6756625,7.3724737
ETNPPL,-3.5512435,8.017623
EXTL1,-2.055585,11.214791
UNC119,-9.393876,6.6972547
SEC23B,0.27954304,-5.1154423
ZNF284,-2.4978065,2.9555342
EIF2B3,5.1855283,12.72039
KLHL41,9.467785,6.529471
BMS1,-0.25043452,0.7961157
DSE,-4.2954283,14.625387
CCDC69,-2.400609,9.680806
PINX1,-9.629518,1.1887311
GPN2,-9.506627,1.6091356
PCYOX1L,-4.0174747,5.6127477
PRKACA,-6.3333273,-1.0052034
DBNDD1,-4.9789767,7.2407312
SFMBT2,-0.3776702,0.6665612
STK38L,2.807373,8.692018
R3HCC1,-1.394549,1.3100282
NPR1,1.7428699,-5.9492083
KLHL21,4.562648,11.392072
FBXO8,-2.8444204,6.146379
GABBR1,-2.818068,1.4006677
ME2,4.851126,10.807399
APAF1,7.422757,-7.685284
BCLAF1,0.72844964,8.832025
ANKRD13B,-1.8464335,-6.293452
PSPC1,6.041647,12.244734
GPATCH11,8.212986,13.370864
ABCF3,11.288442,4.736773
ASF1A,8.137347,4.9406714
RIPK2,-3.914716,-3.4014745
GLUL,8.495654,-9.627831
DDX51,-9.371821,1.5323567
ADAMTSL2,-2.5726497,16.06895
CNIH1,3.9891658,3.702556
LRRCC1,1.1603177,15.464065
RPL17,8.94451,6.1686153
IFT52,-4.036117,14.577218
NAE1,14.700133,-1.5576888
VEGFB,10.134337,11.890946
COL24A1,0.98850965,15.291558
CSDC2,4.9145017,0.58662295
RWDD3,6.9401164,-4.192608
APP,3.425184,9.182046
XIAP,-6.266336,14.695858
TICAM2,13.250256,-2.941576
S100A6,2.6732094,-4.4108925
ZBTB11,1.8468274,9.836424
PRODH,-4.5832253,12.260748
EFCC1,0.6312578,15.122974
IRS2,0.094098136,6.38811
DNMBP,-3.6412268,17.337477
SNX1,3.3864744,3.7182465
ZDHHC9,-3.9648166,-3.465405
SLC25A1,8.603037,6.334253
SPTBN4,5.516159,1.6222935
ABCD1,-13.168895,0.22830749
JMJD7,3.261025,0.4690109
ZNF507,-10.996794,4.452744
PRDX1,0.6188113,2.4371083
LZIC,4.843433,10.821888
ADCY3,-3.0272484,-2.458615
BOC,-0.48053637,14.546431
ELOVL5,-1.6706325,5.960142
SEC14L5,-2.1213627,11.025768
DHRS4,-6.756826,1.82314
ZNF136,-1.8018562,1.784286
POLR1B,0.38692597,-1.3255532
BORCS7,8.140691,4.180003
BSDC1,-9.376622,-1.5023277
PKD1,-1.7080902,1.6778355
COMMD1,-1.4567313,6.665372
AP5S1,-5.3707943,1.2359953
APBB2,0.51039916,14.809953
BAHD1,3.4337566,-11.868875
CYTOR,3.3671687,-6.3373847
TNS3,1.2137111,15.52629
GNA11,1.9046948,7.499767
CHTOP,5.896408,12.687637
FBXO28,1.7113802,9.645226
ERLEC1,3.4572008,9.202623
ALDH1B1,3.714443,-2.177579
SNRPA1,-0.34308323,0.627916
TTBK2,1.6322834,6.286092
TBC1D22A,0.8762219,-6.98241
LILRB2,14.633902,5.602808
PTRH2,-0.13675082,0.8909433
MON1B,-9.510604,1.6183144
MRPL16,2.3319693,13.189525
TAOK3,-4.46665,-2.3626654
CDCA4,1.8546541,-5.6169524
RALGAPB,1.3191632,9.739888
BEX1,-12.632029,4.7197475
BRAF,2.448131,8.915898
WWC3,2.2903044,8.965816
PSMG3,2.5023594,-6.6709433
KLHL29,-2.1569967,17.092266
GGT7,-3.5671873,12.725349
ZNF846,3.1033916,0.39583564
ISLR,2.9468796,15.913239
TMEM79,-1.8196387,-2.5953786
CAMKK2,-4.66516,7.391656
FAM124A,-0.7435843,-3.4426553
MST1R,4.865171,-12.293215
LIMK1,-3.0784605,-6.216852
COMP,-2.1679182,17.09994
LYPLA2,4.171618,-1.6453868
QSER1,8.014252,13.4892845
SMIM15,2.0338347,9.026621
SEC23IP,0.9682444,-1.6377697
CCDC61,7.6704135,-2.9154494
ZNF18,5.004572,2.6402228
NTN1,6.34123,-3.2225993
S100A4,7.516152,-7.4034057
DPT,-0.26035273,15.026766
RCBTB2,-3.1566138,-5.0215874
SMIM10L2B,3.277936,0.43216717
ST6GALNAC1,4.917637,-12.283193
TRIM16L,5.345728,13.471714
LRRK2,-8.3010845,-1.2126821
BCORL1,8.920555,-6.1903787
GPSM3,14.414975,6.268414
ZMAT3,-4.0410557,14.375406
OARD1,-4.6839714,7.423519
PDLIM7,3.376089,-6.339966
TAF12,6.1739473,12.980074
DMWD,-8.1074505,4.345857
MCCC1,6.397026,5.0728335
RASSF4,-6.961028,13.3977375
CMKLR1,2.6683404,-4.5773144
FAM200A,-6.267122,11.033523
EPHA4,-12.158769,7.5382934
LGMN,-3.0898063,-6.2393928
LCORL,7.960964,13.649184
NBPF14,-2.5669475,17.211266
DFNA5,-2.5828834,17.19218
CHD4,-7.108396,-3.257579
CLYBL,4.1995025,11.55741
LETM1,4.177962,-1.9296868
TMEM198,4.185465,-1.6848773
AP1G2,7.425923,-7.7293735
LRRN3,-1.8484465,9.913087
ZC3H12A,2.1529708,8.740628
CLMP,-7.1282587,13.568103
TEK,3.0301235,-11.525385
GNG7,-4.103036,3.360033
ARHGDIG,-2.819085,1.394813
NUDT21,1.526491,10.135966
AARS,-0.69862777,-0.586668
ARHGEF17,-1.8038138,-6.360242
TMEM87B,-1.3386043,-8.608682
GPSM2,13.2505045,-2.941516
PCDHGA1,-3.5697231,8.006917
NHLRC2,5.7970104,5.7235875
VLDLR,5.008907,0.7267095
WDR5,5.178404,-4.8499365
ZNF138,6.650489,-5.7364454
ADM,-0.7460916,4.7707276
ACADM,6.7018886,5.093876
FGF2,8.762636,-5.966539
MAT2A,-1.8897958,-2.5174863
SPOP,-12.386869,9.698582
KCNC4,0.84589046,-9.614341
PSMD11,-4.0116506,5.621081
NADK2,5.997487,-3.3033097
TEX10,0.33540034,-1.2437239
ATP8B4,0.18595505,-3.4734075
CLNS1A,-6.183698,-8.926238
NSL1,-8.860283,9.584007
DDX5,9.0418005,0.45833007
PBX1,10.598898,8.0003195
PWWP2A,15.120171,8.760582
DSCAML1,-10.093172,7.6017103
PSMA6,1.0909953,4.7437344
CYB5D2,-3.4138782,-6.9327345
CLCN7,-8.386751,8.630778
NME2,1.28805,0.66208863
KLHL33,-0.1666223,0.8037668
SCMH1,6.186852,13.023863
ZNF384,8.29825,2.8256738
LYN,1.9574873,-5.425129
MUM1,-12.90423,0.25315514
BZW2,4.5727816,12.17225
PDZD2,-1.5399772,11.626546
GPANK1,-5.386917,1.2467753
BAG4,9.463524,-6.095342
RBM14,4.922587,2.6804602
ZNF614,-8.443805,-0.43978393
GTF2IRD2,0.12945168,-4.9835773
ZNF141,8.830955,0.18200015
CIC,3.7198787,-11.338568
DNAL1,2.7287793,4.427957
MIGA2,2.619841,13.463394
VCP,6.038415,12.27589
DUOX1,10.933216,5.627371
NPPA,5.3824654,-1.9442445
ZSCAN22,8.911858,-6.1829085
PTGES3L,5.0484943,0.7629379
LSM7,5.145705,-4.81619
PQLC2,4.1080785,-6.676106
LRRC41,6.6319685,-0.7297912
GPATCH1,7.7403374,5.307311
RHBDD2,-9.020612,10.162216
PLEKHH2,-0.41074646,14.572438
KLHL11,-4.054287,-1.0879407
DHX29,3.8717127,3.6310282
ZNF830,1.1440649,17.001476
CNN3,-0.8863019,7.410059
SCFD2,-3.1787484,-6.38411
HCN4,6.9316106,-4.1244664
IFT57,12.956806,10.338793
SELP,7.0149775,-9.938983
BAK1,-8.770597,12.784849
DNAJB2,-4.611296,2.7953725
TMEM98,13.377981,2.5640392
IFNLR1,10.312266,7.1245384
HAT1,2.6844876,4.036873
CPOX,-8.307166,-1.2041395
PABPN1,-13.121582,0.27931854
PENK,-0.3668623,14.801495
EMC8,3.8738136,-2.0856771
IKZF2,-5.028887,3.561344
TSPAN7,1.6912429,-12.17673
LRCH3,1.89883,-4.054202
ZNF23,5.0434833,2.638622
HK2,-2.5229743,-4.2190247
CEP57L1,6.6554704,-5.7390537
IMPA1,5.1290083,3.7135625
ID3,1.474496,-11.717323
PPA2,4.2145405,11.350419
PIK3R4,-4.2107024,10.104601
ZNF569,-0.7221301,12.929947
MBD5,-12.149329,7.548175
TPM3,-0.7489821,-3.4482148
OTUD5,-8.85056,9.939831
TRIM23,3.4148366,5.943018
MTMR9,1.7566123,10.225155
GORAB,1.1608434,17.02736
URGCP,-7.1418686,1.2511903
PLA2G4C,-3.5196126,12.737445
ACVR2B,-2.1923223,3.2129102
SIRPB2,12.247418,8.91344
HFE,0.005819993,1.1483682
CNOT7,3.9421477,3.7543018
DSTN,6.7392993,3.3886852
MORC2,11.674846,3.7531314
ATP5I,11.203197,4.91314
BCOR,2.3185759,8.973459
TIGD6,-0.25714988,5.3872867
ANKRD54,7.200575,15.563848
FHIT,4.472221,11.400366
PAG1,-6.0924277,-5.8699403
HIST1H3E,-2.1241872,10.693275
CMC1,-2.1041498,7.2553606
GPR35,-9.374517,6.726401
PEX13,5.9710674,3.2391849
ZNF415,5.0139694,11.240744
PARD3B,10.601748,7.9978886
BRPF1,-8.342724,8.69987
SLC1A5,-2.497242,-2.3265505
FOXC2,-0.06315639,-4.3858323
MDM1,-8.180061,-1.4043918
KBTBD4,2.4614549,2.4665864
ZNF527,-3.6502316,-1.259103
SMURF2,-0.785971,7.7715573
EIF1,-6.192873,-1.9916807
CACUL1,4.192329,3.5607374
SELENOI,0.43282747,-1.3501184
MEG3,0.49065655,15.089756
TSPAN15,4.6777253,-12.387848
ECHDC1,7.2413163,17.197447
CDA,3.3208802,-11.783964
PRPF38A,-2.592509,-2.421792
GNPDA2,2.7205827,8.928433
VAC14,3.730688,-2.1863904
GATA3,5.9958477,-9.72551
HACD1,10.147127,6.855626
ZC3H14,2.2738433,2.2500465
UQCC2,-7.329615,1.9860598
DHCR24,0.18520093,-5.0660353
TPSB2,-0.090587,15.028854
PITPNA,-0.07316043,1.1082445
ABHD15,-12.904275,0.24556364
HNRNPA1,6.641336,-1.0852877
COQ2,-5.0613112,7.3115144
CMTM8,1.7756617,-11.726717
CIART,-1.9624268,-5.3982735
EDEM3,1.7682965,9.585409
SDHAF3,7.158791,4.471454
ITGA5,-1.2341647,3.931934
FAM120B,6.158803,8.426216
UBE2H,7.272429,-3.4723225
ALKBH5,5.2841883,12.795304
LRRC40,2.7746186,4.892708
ARMCX5,5.10217,2.6139865
PGRMC2,-4.059085,-4.9087677
FAM49B,-4.3171153,5.803895
BRCC3,8.546718,5.2599497
MCAT,-6.1990304,-1.3291287
RRS1,0.37695706,0.14691032
GJA4,1.9184028,-5.513285
FZD4,2.8767173,-11.378485
MYO7B,4.849021,-12.285348
CCND2,4.584487,11.3524885
DAPK1,13.1194315,6.2209034
ANXA1,1.9320384,-4.8653193
TNFRSF6B,-8.803398,9.574877
DHPS,-1.524157,1.4400371
KCTD10,2.9565182,-5.961003
ABR,-3.8715491,3.6593404
DPH3,3.6174772,3.9136126
IDH1,6.996508,5.1346283
ZNF790,-9.091955,-6.399652
AREG,0.05254649,6.3510823
METTL9,7.2422547,17.195961
KIF1BP,6.8034406,3.3072174
ZNF687,7.978878,-2.9604247
PKD1L2,-1.6662083,11.283654
GOLPH3L,-2.8394773,6.1469035
COX10,-2.7630246,7.729113
DERL2,0.47886214,-5.272261
NSMCE3,2.498168,4.0726085
FRMD3,-2.1741576,10.953989
UTP14C,-1.4080814,-7.8288617
HRAT17,10.335878,6.4702296
DYNC1I1,-5.000427,3.0889094
TOR2A,7.462624,-3.1674197
SESN2,-0.7024152,-0.5935416
UBE2R2,5.3669295,13.348629
TDRD10,3.2750657,-10.8039665
ERH,-9.675584,0.19474235
PI4K2A,0.6297553,0.25191393
THEM6,2.552806,13.429128
OSBP,14.727226,-1.5307617
ERI1,0.43662623,-5.2576513
MGAT4B,-13.162117,0.19418411
SPOCK1,-0.9448876,-3.6549842
SLC30A6,7.4685717,6.701086
KIAA0319L,-2.20132,10.79187
GPX7,-2.3219163,16.412594
VPS13B,-5.944131,5.0611324
CC2D1B,1.0062612,-6.7889977
MKRN2,9.313584,6.638293
ABCA10,2.4606364,9.409083
DDX10,-0.312009,0.7723385
H2AFZ,0.6441491,0.24591705
ACSS3,-5.448265,3.1771274
PLEKHG3,6.533893,-0.99214214
LIN54,-4.6066103,9.978892
SSSCA1,0.62679607,0.2547499
PEX5,6.624102,-1.0668861
OXCT1,6.7484074,4.941655
HOXB2,1.8186637,6.156296
CAPN3,1.267193,-1.2827824
E2F3,-3.9319124,-3.4166617
SNU13,-5.5658693,1.3736451
LENG1,-12.614586,12.280663
EGF,6.276667,-3.844317
FOPNL,8.120872,4.1979938
CLGN,6.5933204,-3.7574863
VMAC,1.3105371,-1.2341771
COX17,-1.6047332,7.1221104
AIDA,2.736996,8.868494
HTRA3,0.42276394,13.360413
ADGRB2,-3.6031299,7.384607
PSPH,5.4223995,12.840885
MRPL39,4.070364,11.706055
KLHL13,-2.362205,9.55312
EHD4,9.236008,6.737523
UQCRH,-1.9743824,7.2943687
CPSF4,0.42107856,18.11795
SPATA7,-1.807485,3.4284985
MYO1C,8.695858,10.317818
RECQL4,-0.5687898,-9.844391
ZNF461,1.9036863,-4.0623183
RAC1,3.0505304,-6.0756598
TWF2,-1.9766622,11.276692
CLDN12,6.0425386,-3.266263
ZNF644,1.5743979,10.090332
EMC9,-7.836642,4.1997094
PPIP5K2,-1.772535,3.4591782
ITGA9,5.712466,-12.518709
MTX2,4.0001764,11.747462
THADA,-9.486397,1.6100919
IL6,-2.1725266,-2.0808659
INTS3,-9.394087,6.3697886
WASF2,-2.173168,17.09225
AUTS2,-2.1385534,17.136564
JUP,-4.5976663,12.298623
EMG1,0.6653258,2.4805195
MED8,-2.826273,-5.3693423
SZT2,11.471146,-6.030207
AGRN,-2.298029,16.339066
TFPT,-12.614634,12.280685
BLOC1S1,-7.468866,4.1141996
CMPK2,10.517263,-4.1566925
SLC35F1,-1.6963861,10.913506
SSUH2,-0.8645544,0.8542575
COL4A6,-1.9564369,10.25909
MGST2,4.8428874,11.213444
SLC25A19,-0.17245956,-0.18788798
PDCD6,1.2821844,-5.094199
TUBB4B,3.2552989,-6.8483214
PDSS2,6.9044046,4.860356
SMAD1,5.4403343,-9.552843
CCDC142,7.6460943,9.728767
SUSD2,7.171718,-7.5440903
IRF2,0.024434738,6.3083487
NLGN2,-2.9032738,-1.2532562
UBE2Z,3.1029873,-6.227765
ZNF615,6.74678,8.267577
TRIM41,-4.613078,2.769293
DCXR,-7.353206,1.9795117
PDPN,-0.7033581,-0.5890651
GNG11,1.7454576,-12.212772
KBTBD12,-4.7022457,3.0542564
FUT8,8.696634,-5.865004
MOSPD3,-2.9404023,1.2651335
ALDOC,-4.008119,12.29283
TEAD1,7.23831,2.0468028
ARPC2,0.96805006,-4.5934834
CSPG4,-2.4084494,17.047508
ANKRD26,7.2755322,5.139805
NSFL1C,2.8066428,6.458374
PAQR9,10.489189,6.840645
NTPCR,4.879234,10.734917
PHF23,-2.9155288,-1.2439647
ZNF544,-4.68611,7.4289303
ACTC1,10.240985,7.0671034
TBXA2R,4.2158866,-12.097491
RPL24,4.275539,2.2772024
SNX11,4.0686727,-6.6757126
EML2,3.0358424,6.3393993
ADPRHL1,10.275118,7.1383605
NFU1,-2.1014657,7.252623
OTUB1,2.8713107,6.352888
BRPF3,2.3000517,2.2796717
MKKS,4.557894,11.3556
CFD,0.42659447,13.353413
PGF,-3.065691,16.622948
ECE2,1.0311475,0.47253442
VEZF1,6.220313,8.155635
ORAI1,1.8816899,-5.53041
CMSS1,1.6998111,4.252092
CARD6,8.601176,-5.97742
SRPK2,-12.315102,9.646649
ATIC,1.3691361,4.4606957
ZMPSTE24,1.7758406,9.9167385
DOK5,-2.8267272,17.18947
MPC1,4.149093,11.654623
GJA5,7.0217657,-9.93905
ZNF283,-9.499119,5.9811497
SCRN2,-6.74943,1.6353147
MSANTD4,6.510353,3.3265996
SLC18B1,6.638229,-0.6952796
DHX32,6.4316278,3.398396
RFC3,2.0677028,9.004117
PLEKHA8,-7.2236814,-2.5528338
ZBTB40,11.472675,-6.0282927
PDE4C,10.979407,5.669182
DPH5,-2.378696,9.197497
GCSH,-2.2738266,7.4639544
CCDC159,3.0997488,0.40934044
PFDN1,5.0358267,10.645436
KIF26A,4.0874352,-12.015611
MED25,-2.3305097,9.609097
RAB9B,6.372562,-3.3406692
FAM155B,4.8719964,0.53013366
FIP1L1,1.7051152,4.3708034
SARAF,2.4880903,2.5006611
BMPR2,-1.0065563,6.742821
LAT2,13.783005,5.9370165
NSA2,7.2404637,17.206444
TRPT1,-7.2500806,1.9003595
ZNF432,1.2492213,-0.86909354
ZNF281,-8.444074,-0.43926108
CLPX,7.948921,4.335423
ZNF407,6.15692,8.4210205
IFT74,7.6942377,5.275628
MTPAP,0.64559245,-1.7603077
MAP7D1,-6.3367944,-1.0097238
SAMD8,1.0707862,9.127063
CLPB,0.62884253,2.4575696
GINM1,-4.9593143,9.910987
AKR1B1,-13.157839,0.18939655
POLR1D,11.56837,1.5883398
CASZ1,4.867915,0.53807664
AAK1,-5.007243,3.144036
COA6,5.767605,12.749709
CINP,-7.3754015,2.9407961
MZF1,-7.7186613,2.1085734
PARK2,1.7006276,6.2215
MARS2,6.4624763,3.5030894
ADK,5.6618423,12.791115
HNRNPDL,1.1083609,-1.601511
ZNF528,-9.503697,5.974182
FCGR2A,14.447609,5.658625
SLC6A9,6.791751,11.1429405
HES1,-0.3012703,5.993685
CDCA2,-1.7559601,10.406246
OTUD3,-11.679673,-1.7466096
ITGB5,-2.3221936,16.701443
NUCB2,3.834989,3.7940989
BEAN1,-0.9671546,-3.6718128
GPAM,-3.706766,7.917764
SH3PXD2B,-3.4897432,-0.77632993
ANAPC15,-6.364706,-0.9527161
CILP,-2.1115925,16.092207
PSMD8,2.986872,6.303265
AMOTL1,2.0342314,8.965715
PEG10,-5.484349,-6.047674
CLCN5,2.921632,-0.038672835
RAE1,0.6657714,0.23354371
BLM,4.961332,0.6268204
CDCA7L,4.216708,10.996948
CHST2,-4.1638794,-0.6480053
DYM,0.6553354,2.47408
SMCO4,-13.395764,0.4230362
NHSL1,-5.0120435,3.461195
RAVER1,-8.192015,8.915655
ZNF33A,3.2752957,-6.682073
ITPKC,-2.4515176,-2.3714721
CCDC71L,-7.0366354,13.478329
MTA3,-0.33475858,-0.31698945
ZNF101,1.899975,-5.5351806
TMEM39B,3.821701,-6.7916284
CMAS,5.6079135,3.3647876
MPPE1,10.580575,-4.2047067
CCDC112,0.23302358,6.986519
P2RX4,7.213582,-7.6458764
LSM14A,1.9363325,9.084434
BRD2,6.639888,-0.6867765
AP2A2,1.1620015,-6.5957794
SLC9A3R1,-2.4870746,-5.4000106
DDX39B,-9.618295,1.2182716
NDUFAF8,-7.339681,2.8758497
NFKBIE,-2.497912,-1.2264396
BDNF,-1.7652179,10.380674
GEMIN7,7.2009177,15.564105
SMAD7,1.7703588,-11.791518
DNM3,1.9059001,-12.322872
COPG2,6.2867756,5.0239043
ZBTB38,6.531466,3.2852354
UBE2Q1,4.1100063,-6.6598716
PRKCD,-2.1362157,-5.8267217
MCM6,5.330806,-1.9935913
CTF1,-1.9653362,11.29971
ALKBH1,14.728127,-1.5295628
SNRPA,-9.630045,1.1937367
ATF4,-0.60124236,-0.508108
IGF2R,6.1613317,8.384045
STK16,-8.760453,12.783165
CAMK1D,-0.98234415,-3.692425
IZUMO4,7.5441904,5.1922126
CCDC50,3.0347757,-6.086474
NT5E,-0.10746151,14.588639
YLPM1,-6.09929,5.0634217
PLCD3,-7.128284,1.299403
SHROOM4,3.2739694,-11.602392
GPR108,2.775454,4.8931227
TIE1,3.58754,-11.432005
SMUG1,7.6674466,9.707634
RAB3D,7.4160123,-7.681444
ZNF774,1.5206745,17.76762
FHL2,-2.0317848,10.119085
ACOT11,-3.8680575,12.406998
TSPAN11,1.205886,14.778326
TOMM40L,4.4044523,11.994667
FIZ1,-1.6431829,1.5792627
MMRN1,7.0333447,-9.939877
RWDD2B,4.9942474,10.69364
FAIM2,8.201769,-9.338624
EVC2,-0.03501294,13.686924
ADORA1,-1.9290807,11.379068
PHF2,0.8298307,-8.992391
DDX31,0.6988172,0.34165362
INTS6,1.1012937,-1.6322515
MAPK4,5.0659375,13.890409
SMIM12,0.11000496,0.014874272
SLC30A5,1.8756983,9.207106
CP,-0.21756022,13.538321
MID1,-7.455724,6.439134
MR1,8.636609,-5.870207
MBIP,9.5647135,-6.1535687
NPM3,1.0291393,0.45201513
POLE3,-0.68185204,1.0638819
ZFP36L1,9.841831,9.637175
SF3A3,-0.059317566,1.0895603
AASS,7.53799,5.195661
MRAS,-4.8614945,3.0851133
TTC39A,-4.737975,3.010081
CRISPLD2,-3.1304295,-2.5146806
POLR1A,0.6629703,0.30685204
POLR2M,5.768174,3.345711
FGF1,-2.1659064,10.949196
SERF2,-7.3829827,3.0319016
PTTG1IP,-9.559824,1.6008303
APPL1,6.1136174,7.613027
ALOX5AP,14.465572,5.681941
CACNA2D2,3.208802,-6.2341037
FNBP1L,0.75619936,8.866011
ZNF184,13.015209,-0.11407088
CHRDL2,-7.3591657,6.446852
HLX,3.256615,-10.786604
NAPG,-4.251421,5.831969
MOB3A,-9.64181,12.145373
NCKIPSD,7.7314715,-9.742994
UBASH3B,2.8968897,-5.9405627
VEZT,1.5203943,10.106687
ATG16L1,-2.4209068,-4.099577
NAA35,5.615823,2.668182
FNTA,5.5973845,2.4220097
MRRF,5.2132277,13.780154
ZSWIM6,-1.8479346,5.650105
FXN,4.136521,11.649069
SEC61G,1.3110236,4.556586
PEX7,6.329876,5.1502256
ZNF470,-2.4483848,3.0065851
LARP1B,2.6771824,4.3620963
RAP2B,1.8541287,-5.581103
WDR89,0.77963895,-1.605523
GIPC2,1.1080589,-9.484765
FAM3C,5.062775,3.7465057
MORN4,-10.307254,-2.436168
SOD3,2.2908368,3.3218226
SECTM1,-7.039173,13.478368
SNHG8,-9.618639,1.2170209
HECTD2,-7.43103,3.3868926
BORCS6,7.7522755,-2.9712856
FGF14,5.8630943,6.260698
NFKBIZ,-0.045898296,6.2244587
STK24,5.834883,2.5443678
PDS5B,-6.25587,14.694817
DEDD,-2.4352603,-1.327332
SWI5,11.545091,4.2249866
DIP2C,6.4881496,3.4125087
POMGNT2,2.5554924,13.439018
CIB1,2.9640062,6.127076
RRAGA,2.514185,4.0594444
NDUFS4,-2.6251266,7.719315
DIRC2,5.1316338,13.845823
TNFRSF10D,-0.65809524,4.97917
ZNF132,-6.271039,11.036256
ATP6V0C,-7.483668,4.064781
TMEM47,-4.9511642,9.912931
STRN4,-8.93459,9.503877
MTM1,6.1600285,8.424267
NFIC,6.1961856,13.043633
GALK2,6.2938867,5.033139
FBXL5,5.498839,5.69493
NDUFC2,-2.0693476,7.2613173
OGDHL,7.264215,-3.4184735
PLLP,1.3064002,-11.600419
MACF1,4.4709,5.0342946
CRNKL1,-2.842375,6.1491237
NOC4L,3.6602468,-2.2421215
MPV17L2,-8.111258,4.343096
YIPF6,-4.059412,-4.9102817
PRKX,7.6799517,-9.7310095
MAGEE1,3.414175,5.7892094
IP6K1,-8.767873,9.92513
LGR4,11.366178,5.6070595
GABARAP,-7.3828344,3.0296912
MDM2,8.59855,-5.9442034
MIER3,-6.268077,14.695238
TADA2A,1.1646692,17.031084
CAPNS1,3.0190308,6.347754
COX7A2,-2.2622268,7.3692336
MBD2,7.493848,6.707735
ADAT2,5.993521,7.5685477
PAPSS2,7.5123887,-9.731191
ATPIF1,2.2903976,13.1477
TMEM68,9.614971,-6.183079
PSME1,1.1448463,4.670948
INMT,1.546611,-12.348424
ARSK,-8.2435665,-1.304576
RCHY1,4.2895594,10.957057
ADAMTS9,-2.4767742,-2.3644989
EMC1,-0.9658097,0.9718632
SKI,2.9044063,-5.890058
DIXDC1,-12.157966,7.5376935
TMEM219,-2.9214172,1.2875932
ATXN7,-2.1997018,5.406289
PGBD5,10.82163,7.1205535
ZNF274,-7.299878,6.5472713
GLS,7.955512,13.490356
UBE2D2,2.5125136,4.0448585
SLC1A1,1.7391158,-12.179723
MED7,7.381182,4.2052307
P2RX6,2.9352124,0.003032381
ASB8,1.7302393,6.194273
TMEM150A,-2.3712897,-1.4278002
ANKRD36C,-2.7781446,1.5162284
OXSM,4.553363,11.35065
SEMA7A,-3.128425,-1.0773312
BEX3,-4.75162,7.3215065
PILRA,11.470855,-6.031026
PLGRKT,4.031532,11.752744
ABHD17C,-6.279851,11.048014
NARF,-1.5722902,1.4949782
YIPF2,2.8582945,-6.7366858
CYP39A1,1.632991,6.2844524
MANBA,1.3034097,9.98634
RIC8B,5.9865594,7.565588
REM1,-1.1888419,0.9626404
NUDT1,-7.4473543,4.1561003
ALDH1A2,0.26665908,15.018722
SUMO2,6.0923705,3.2966404
RALGAPA1,9.756842,4.693466
BTRC,-4.9962373,3.120837
N4BP2L1,-9.98124,-4.9225674
ZNF107,5.0915384,2.613852
TUSC3,7.1610694,3.908701
E2F5,-11.672979,-1.7359886
ASIC1,13.378325,2.5665925
DSC1,-1.8316103,10.731717
EMC10,3.7904816,7.3652225
INTS1,9.060638,1.7974086
RDH10,-2.303693,-1.9490972
APOL1,1.7071282,-5.9677916
HSPB11,5.1435604,10.546866
CSGALNACT1,5.789032,6.158707
PSME2,1.1438607,4.6454163
VASH1,0.7988019,-9.11242
TM2D3,-4.0192513,5.6123986
ACAD9,-3.634345,12.629402
ANKRD40,-1.4076498,-7.821338
UBE2QL1,5.03193,0.7271091
ZBED5,-5.601872,3.0129223
EML1,-0.75502014,0.93854
RASGRF2,2.915329,-11.463585
P2RY14,-10.07686,7.5851817
CBX5,5.30227,5.618955
TEX2,6.013766,12.560449
C1D,5.142617,3.6973386
IFT122,-6.343038,-2.2407882
CDKL5,6.847019,-3.9741704
PFDN4,7.237067,12.125903
ITSN1,-12.1402445,7.556758
POLR3H,4.0279937,-1.9533576
RABL2A,1.2773672,-1.2759311
PPP1R14C,5.131684,0.8274994
SMYD5,0.2966209,0.07394747
NRXN2,-0.07901391,-4.285682
MVK,10.444857,14.387495
SVIP,4.2848063,10.981796
FAM89A,3.1029932,-11.526379
MEF2C,1.6894766,-12.240098
ATG2A,-10.374657,10.739486
FGGY,-3.6711378,7.7494884
MED12,9.813359,4.6412745
UPF2,-6.0053773,5.0293884
CTSS,14.305534,5.1990895
EVC,2.9608676,15.9144335
DGAT1,-13.1592,0.29474092
LPAR6,1.958041,-12.371822
LEMD3,-1.0240022,6.741353
CDC14A,8.779142,-5.918317
DNAAF2,5.4380264,2.488994
AHSA2,-9.425837,6.7456083
TP53I3,-2.480097,15.984662
CHST1,0.8359107,-8.732586
GEMIN2,1.7092781,4.369062
ST3GAL3,-3.5856137,12.700912
GMFB,8.147472,13.376341
RAB43,2.637435,-4.445168
SPATA24,-6.778461,1.6441735
TMEM19,5.9902797,7.4777794
ACOT2,6.2191353,5.200207
ZC3H6,-2.1041021,-5.8242435
VSIG10,-0.1874001,0.7617605
SMC4,-5.3489413,9.720148
PM20D2,-7.328949,6.6566944
MBD1,4.2698894,-8.035911
PDGFB,2.9175127,-11.412136
RPUSD3,-5.4088507,1.2654903
GCDH,-2.828571,7.5668807
GPR27,5.4645147,1.4086951
ZNF765,2.5176044,13.38659
FBXO32,1.8922491,-4.5084796
NPC2,-2.142907,16.040796
ZNF92,5.0938687,2.600059
POGLUT1,2.8936982,-0.076405615
KRR1,-4.474023,-2.3582745
UPRT,7.9196115,4.824034
WHRN,9.838895,9.638417
ARMC6,5.1415176,-4.8107295
ZBTB10,-6.2682548,14.69541
LYRM4,-7.4518323,4.1751885
SNX25,5.926281,2.566213
LCAT,7.4771647,-2.916601
ANKHD1,7.448117,2.5983415
ATXN2L,10.375651,1.491136
FUCA2,1.3423517,4.486124
MAP1LC3B,-4.1779976,5.750789
RCBTB1,8.152607,4.9429364
SEMA4D,11.607066,4.144959
ZCRB1,7.2158613,4.3464804
TMEM74B,10.948548,5.6401057
HDHD5,-10.82164,-0.47596967
EEFSEC,-1.2382616,1.1324314
LAMC2,3.434227,-6.1088586
ZDBF2,5.930874,2.5676281
SMIM10L2A,3.3164964,0.45514378
SLIRP,11.1799,4.937787
TBC1D1,10.568334,6.151754
MLF1,-2.0277097,10.104011
PACSIN1,-4.11303,3.346946
OGFOD1,0.490948,2.2963018
ARRB2,13.8179865,5.898677
ENPEP,-3.437744,-0.68858397
EFHD2,-3.576314,-1.4934647
CTDSPL,5.172677,-4.8441854
ARMC2,6.356342,-3.213601
IMPACT,3.4438858,5.8561287
PRIMA1,-1.7769206,9.907115
NPL,13.745696,5.7305336
EXOG,-2.985535,11.307798
MARCH2,-7.4400744,3.3887239
SPG11,5.7834473,6.069469
PSME4,5.2083282,13.774158
GCA,-7.040543,13.482646
MOG,-1.9399612,10.258033
DGKZ,10.444928,14.387648
TSPAN5,-4.5681868,12.253935
DPH6,5.000949,10.694938
RNASE1,5.754621,-12.519451
TMEM177,-6.1454115,-1.4859571
SPECC1,7.089783,-7.693183
LRRC47,-6.1848083,-1.3725073
SNCG,4.222836,-12.117747
HNRNPD,1.1094545,-1.6119137
MAGI3,-5.3553777,9.716601
CHST14,0.8350749,-8.999584
STAB1,14.520683,5.827492
ZNF747,-7.1452155,1.2515938
NGRN,11.424361,4.3749847
COMMD8,8.658218,5.3621616
FJX1,1.9721763,-4.622779
PPP2R5D,11.49858,-5.993491
RMND5B,-4.6155677,2.7940533
LAD1,3.0495167,8.339675
FAM114A1,-2.392325,16.137375
PLIN2,-7.4088173,6.468732
STMN1,0.89354694,15.231907
DNAJC7,0.9713845,4.8679852
ZNF607,-9.140853,-6.447373
CWC15,2.9502542,6.2302966
CD79B,0.83419144,-8.994439
STON1,-4.30356,14.634965
SMYD4,-12.635336,4.721243
DVL2,3.5885377,0.48803154
THSD4,-2.0492663,10.219769
KPNA2,1.7764641,-1.0922652
NECAB1,4.4103694,11.082941
LYSMD4,3.1206653,0.47156766
MIF4GD,-8.974484,10.118411
YTHDC1,3.8499124,6.241547
BOK,1.316202,-8.726449
PLXNB1,3.8496745,7.428333
GNPTAB,3.61096,5.7935038
VSNL1,7.433521,-3.7062874
EDEM2,2.985637,-6.6708255
ATXN1,8.659344,5.361962
FGD3,13.781654,5.918755
SPSB4,-1.9276526,11.404058
FAM69B,-4.1805515,-3.6169465
CKB,-6.8014317,1.1477923
CDC42SE2,-0.27679348,9.857952
ABHD12,3.646482,-2.2709932
PTPRU,0.14743555,0.024960786
ZNHIT6,0.6059714,-0.76930547
SLC35F6,-9.489599,1.6173921
PDIA2,-2.8218646,1.3943347
NPR3,6.982071,5.523864
PIGO,-9.752159,12.241864
TDG,-2.7476642,-4.326026
TOE1,4.1453247,-6.653361
CHST3,-2.90512,-4.4260483
ANKRD13C,-0.9844356,6.7976213
KLF13,1.2838839,-11.586828
LURAP1L,-0.08393456,-4.2559752
NGF,-0.12710193,6.142335
MECR,-2.163559,7.317754
ZNF318,7.9136143,2.610146
GPATCH8,7.46184,2.5831902
TMEM265,3.9589286,-6.714858
FAM160B2,-8.738384,12.8221245
NBL1,1.9311184,-5.4536366
HGSNAT,0.77488804,2.5750663
UFM1,-5.883754,-5.852222
SPTBN1,5.2218595,-4.892219
CXCL2,-0.9903854,4.4553313
CNTLN,-3.6834786,14.4476795
AVEN,-6.1443133,-1.5941565
SRSF8,8.787903,0.1399928
VRK2,4.000161,3.618327
SLC11A2,0.32798132,-0.8040034
TKT,-2.8860588,-1.2684389
ZNF783,5.780437,6.0885897
COPA,-5.340637,-5.6985073
TARSL2,5.542705,12.826448
PPM1D,-1.9334488,5.7946806
GTF2H1,4.0067444,3.6874104
UROS,2.2502635,13.107301
GRIK2,6.343785,-3.2220738
TRAPPC3,-13.517855,0.5038201
FAM53C,2.2574883,2.2310925
SLC25A45,-4.023322,5.6300917
PNKP,-1.7882161,1.7728567
ZNF467,4.248734,-12.12301
CHADL,10.142782,11.898749
PTMS,0.8233589,-8.598677
TMEM55B,4.1244965,-6.6679664
ZC3H7B,-9.087105,2.295207
MEOX2,6.601936,11.327402
RNF5,-2.5932286,7.702178
COX6A2,-6.986702,1.8384174
APTX,0.6416456,0.24151862
SEMA4A,14.973604,5.441274
SBF2,-4.4977746,9.983378
NBPF8,-3.389359,-0.66209245
UPF1,-8.027893,9.068498
COPS7B,-2.292585,5.2691665
RPA2,-6.1836443,-8.9263735
CEBPG,-0.7237653,-0.60625696
PHF12,7.9964604,-2.9646819
SLC43A2,-2.9576318,-4.9420533
MSH2,6.2766514,5.019039
SPTSSA,1.7773978,-1.0870324
RNPEP,0.8288534,-8.889564
PCAT19,-0.9319362,3.8881269
CERS5,-1.3827593,-8.655883
MN1,0.5104202,14.807832
MPG,5.3897586,17.400639
FLRT2,2.954173,16.070992
TFB1M,10.815756,7.132493
ADCY6,-4.7870994,3.1373887
PKNOX2,-3.51405,16.719141
IL10RB,2.1951644,-5.1157417
HEATR6,-0.7513734,12.899512
MYO9A,-4.3740296,10.010216
SRPK1,0.8854296,-1.7100145
POM121,8.3381605,2.8514268
GARNL3,-2.0442753,10.055975
ING5,-9.373633,6.760194
PIK3CD,14.413773,6.2674055
HRASLS,10.3704,6.5202436
EXOC6B,10.395641,6.4721484
ABCB4,-4.6831975,3.0486355
OAZ2,2.8933558,-0.079290524
SRI,6.6498175,-1.0662438
ZNF180,0.24203362,6.842727
CMTM5,-6.3382125,-2.2341444
LMO3,2.4152527,9.244446
DHX16,4.1252894,-6.681533
CALM2,7.168091,12.173505
TMEM175,10.248765,11.843277
MLX,-2.0297196,7.3720794
ARSJ,0.22336532,-4.675691
CDC25B,7.38215,-7.7564774
PCSK6,0.07323852,13.791081
ADI1,-2.1167653,7.3115573
MAPRE3,-4.603365,2.7647774
INTS9,-12.709768,2.7982583
PAPOLG,-5.3044615,9.754679
ZNF711,-8.189102,-1.4004391
GPN1,0.47926325,2.2878752
CHKB,3.089424,0.43052873
GNAI1,1.6948513,-12.236005
PXK,7.92009,13.518529
TRIM7,-0.73174757,11.452454
SLC25A51,7.2187653,17.221155
ZNF585B,-11.00396,4.444065
CRYL1,-3.3663692,-6.8739147
ACVR1,-0.24684261,9.821888
NFIX,5.17656,-4.8495746
BIN3,-1.3462306,3.7410848
GRK6,4.032937,-6.696378
FAM198B,-4.081257,14.366589
CIAO1,-12.08703,9.456419
MED18,-0.2769426,5.3616753
GGCT,-0.77833706,0.9409171
ISG15,10.533779,-4.168235
ZNF595,-9.036378,-6.3440986
RNF149,-1.7644002,5.8055725
TBC1D5,5.1785564,-4.849547
SAT1,-0.7823454,5.278926
P3H3,-1.3436112,11.619271
FAM118B,4.982718,13.992434
ZFP36L2,-4.2344007,14.61876
CLN5,8.484848,-9.612581
ZNF784,-6.5140295,0.74353355
ANKRA2,3.8037598,6.1518154
SEC62,-0.24411014,9.823383
TLE2,11.102704,5.2430453
EVI5,3.0000122,-6.031581
ZNF613,-0.25172547,5.3936067
SCN5A,5.012908,0.72331035
CPD,-1.2863568,6.4227953
PTGER4,5.9665284,-9.679501
FAM173B,-2.6824765,9.267315
SELENON,2.2374172,-5.1832447
MAGEF1,7.7243915,4.666232
NCAPH2,3.658928,-2.242758
METAP1D,-2.287154,9.101508
FRS2,7.9086018,13.502218
UBA2,-0.9482858,6.815833
STX2,1.9332377,-4.865847
WDR31,-5.067131,7.2724195
CES2,5.1866674,13.733823
TOP3A,-9.433485,1.5615647
TMA16,-0.36584848,1.2197752
MANBAL,3.98423,-6.7169046
FAM229B,-2.120898,7.2618337
WARS2,7.2337103,17.206017
GATA6,-2.9934983,11.307445
SERGEF,4.096044,1.8403867
ASB12,-4.8525147,3.1455193
ZDHHC11,-2.700757,11.391045
ARL8A,4.201434,-7.9532127
RNF103,5.9856534,7.573798
ANTXR2,-12.118522,7.5790515
SEC16B,-2.531259,-4.2165728
TBCC,-9.772326,12.250039
LGALS8,9.321163,6.6497355
GATA4,5.0359883,0.7361648
TIAF1,-14.654373,3.4032254
PIAS4,4.076336,-1.2847489
NSF,-2.8925593,-3.9876332
SFXN4,-1.481742,6.7517962
OXLD1,12.053581,-3.8677585
INPP5A,-6.08668,10.803281
THOC5,3.6522746,-2.266384
PAFAH2,-1.9912231,11.224575
ENTPD6,10.872185,7.1389503
WSB1,-9.980758,-4.92219
AKTIP,5.133936,13.856131
NAPA,-6.425642,-0.8644048
CRLS1,-2.1051035,7.2547936
SCN7A,-2.3088267,-1.750485
MYL5,-10.371267,10.742928
TMEM69,8.078431,4.2097926
LSM12,3.0014658,3.88275
GLMP,2.7120154,-7.0444427
TMEM87A,-1.0289425,6.7465596
POU2F1,8.724368,0.027338346
GPHN,-4.468674,-2.3600292
PITPNM1,-2.3612995,-1.4653401
MLLT3,5.2249584,-4.8918023
KLHL22,-5.6267548,7.2158318
FAHD2B,-4.0099626,12.275637
SIL1,3.0683439,5.9561543
ANKRD9,11.196694,4.9260855
RCSD1,-9.455851,1.5700694
HDAC4,0.81774575,-8.99644
CYP46A1,-3.8328943,12.4413595
GANAB,-3.1222339,-6.2878036
KLHL9,1.781361,9.9976225
ARL3,-6.183567,-8.928062
DDX23,-9.529995,1.6444689
ZNF117,-9.990973,-4.933799
AAAS,-6.7387686,1.6470599
SPRY2,-4.097621,14.59875
MAPKAPK5,6.66992,-1.0970844
ZC2HC1C,4.9866543,0.7096056
UBXN11,0.993635,-6.8068733
DPYSL4,-1.9366528,11.225229
ZADH2,5.660378,5.9183197
ELN,-3.4072263,16.46139
SLC22A3,3.2662313,16.61228
ANKRD6,-9.494219,1.5639706
SLC26A11,2.6154,16.10413
HAPLN3,-1.199004,3.9899087
COG5,9.390971,6.566903
LINGO1,-2.2943122,16.33914
TCAF1,3.504146,5.9416084
CDK16,-7.2324758,1.6389083
DANCR,2.2723296,13.129502
USB1,0.19500265,1.9209236
BTBD7,7.935605,13.535076
SCOC,7.2073593,4.3493137
GFAP,-9.651841,12.154571
MZT2A,-7.33658,2.006655
YTHDF1,6.5145307,-0.9761941
AAMDC,-1.622541,7.1410313
MROH8,-2.0294044,10.036315
WHAMM,-9.535676,1.6434503
RNF146,-4.4639626,-2.3616505
TRA2A,9.07585,0.4701016
DDRGK1,2.763173,6.572408
FBLIM1,5.2372937,13.756526
PITPNB,0.8633291,-0.80137944
SYNRG,-4.454995,9.9720125
RBPJ,-4.2434187,10.0860405
TRMT2B,-6.074465,10.762017
ZNF529,-5.5970445,3.015789
TPCN2,-10.370686,10.737974
NPTXR,7.3151665,-3.6458442
IL15RA,-2.9882379,-2.4580948
HMCES,-7.1415634,-3.215343
SIN3A,7.4082193,6.7792077
DOC2B,-2.4905243,-2.31311
DUS2,-8.748309,12.811244
NRROS,4.6757083,-12.388159
SLC26A6,-9.418112,6.62293
KLF2,-4.6782756,8.555258
LIFR,1.3611078,-11.62839
CDIPT,-13.097734,0.27162412
TRIM24,8.133611,4.939715
PRKAR2A,5.6685243,2.6163876
PALM2,3.9946356,3.633292
TTPAL,0.29314935,0.3210128
PRAF2,3.0564482,-6.606981
ANP32B,-2.8835397,-3.4690313
RPL36AL,4.149944,1.8233165
ABHD8,-4.2878523,16.390272
ARL15,1.6904373,-12.245673
TXNDC16,1.0687623,0.35741162
CACNA2D3,-5.1255584,7.2857914
LLGL1,3.0503042,16.016766
CHST12,0.62402815,-1.7501845
NPR2,7.002854,5.1602874
HSD17B12,5.1729403,5.559226
DDTL,-0.89479154,11.4955635
SLC35B3,-9.990563,-4.93304
RCAN3,-2.0944798,-2.2743998
NEMF,-4.2911468,10.026021
OXA1L,-2.3185754,7.4779267
NUDT15,-6.506818,11.289126
SEMA5B,11.011473,5.734777
ASB13,-1.7398013,12.053686
PRPF38B,9.053426,0.47243047
TMEM35B,7.0906234,-7.7109284
EPHB3,3.0868015,15.9160185
POGK,-8.4440975,-0.43926102
ADGRE5,-2.958337,-5.117799
LEPR,0.90693235,6.914613
DNAJC6,8.629778,5.339557
YPEL5,-4.402767,8.84438
PSD4,14.399119,6.1557946
ESRRB,-3.0197732,11.294709
MKL2,8.661056,-0.05901427
ADGRL2,9.7194605,4.731814
TBK1,1.9277468,9.080889
ZCCHC2,-7.8538737,6.2706504
RINT1,7.4068966,6.7795715
NFKBIA,7.9513755,-9.560973
MTHFD1,-3.7248023,7.9004745
MRGPRF,3.3066669,16.684994
FAM177A1,-4.1462135,5.721405
KCNMA1,3.2693229,16.627964
PTPN21,3.7374368,6.0948815
RBM12,-4.117558,5.6952906
TSSK3,-0.0060912087,1.6914167
CYB5R4,1.8103944,9.841873
SCX,-8.128413,4.359628
AP1B1,1.5153071,0.8808681
PNMA2,-7.1606884,12.329385
TBC1D8B,3.1158216,15.87782
EIF2AK1,5.322965,5.6298776
FICD,-3.3113494,-6.6921535
STIM1,7.015873,-9.937366
MED4,8.139012,4.1900845
MAMLD1,5.524557,-9.579284
UBE4A,6.962792,2.5371835
DUBR,-4.063937,-1.0989711
DDX19B,1.7959403,6.1382236
MAGT1,-3.1950493,-6.417006
WDSUB1,5.8705206,6.2780294
OAT,-4.1280346,14.389591
CEBPZOS,7.2629356,4.291037
LCA5,4.4894495,-2.1728623
HAUS6,9.000762,0.5111504
NOCT,6.5140305,-0.9683487
SPOCK2,1.5530076,-12.343224
PRSS23,-2.1887624,17.109995
BLCAP,2.3700633,13.2300415
CDON,-9.394629,1.5398242
HIBCH,6.37583,5.0360355
SLC25A5,1.5353508,3.1700284
FOXJ3,1.4054078,9.670522
LRSAM1,2.344939,13.20261
YTHDF2,0.8078296,-0.7697201
BCAS2,7.0079966,12.281227
HRH1,0.3048208,-4.607276
ETV3,-1.3332233,6.1858096
WDR92,-2.0888813,-2.3227253
PUSL1,7.1559815,15.592608
BOLA3,-2.0737998,7.370984
CREB3,3.460265,-6.720357
ART3,5.1723776,0.85625076
ATP5SL,-3.8367105,12.436002
NOL4L,3.339011,-4.6760254
IAH1,-1.5892676,7.1294074
MIPEP,-10.830626,-0.49026826
SLC22A5,4.9475794,14.03567
HNRNPC,2.4418297,4.355399
SERPINB6,11.255565,0.111376
TRIM47,2.0039217,-4.6989517
TPST1,8.613415,-5.9595532
FUCA1,-0.3161375,-0.30579725
TMBIM1,-3.5453746,-1.551448
VANGL1,0.23627447,6.9826956
MLH1,6.8771954,-3.996617
AMPD2,-3.595433,-1.0798888
KCTD5,-3.2628202,-1.0170718
HGF,-0.3814757,15.162428
EML4,1.0205758,7.294262
VAT1,0.8333444,-8.999905
TTC3,1.9471302,-5.452933
LRRC32,6.1202593,-9.89869
ARSA,-2.9094832,1.2980993
TRAPPC4,4.074092,-6.703065
DAGLB,4.050547,-6.6921096
S100A14,-1.9702573,11.232151
SF3B1,-12.157795,7.5408454
DCAF11,-4.6628,7.4443026
TNFSF10,10.534734,-4.164947
TMEM240,-5.325073,-5.6968083
PDXDC1,5.811865,2.5626462
HERC5,10.516353,-4.155822
MKL1,-3.5468984,-1.5768287
FXYD1,-6.7913656,1.7481742
MED31,6.6063657,12.569008
PPP1R11,0.5139654,2.320811
PRSS42,10.416748,6.5061607
KLF11,0.0350446,6.3268256
UQCRHL,-1.9501215,7.2832046
FAM98B,8.112063,4.1988363
STARD10,-7.5332055,1.0466287
POLD3,0.63720745,-0.7517067
LPL,10.087979,6.761904
IL32,3.9400935,-10.760791
BTD,10.708729,7.8174806
ASNS,-0.702972,-0.5908751
ZFYVE26,10.603883,-4.217251
PRKAB1,-0.9258846,3.9011817
ZNHIT2,-12.61465,12.280734
ARMC8,1.3780185,4.1078753
GALK1,1.0351391,-6.758161
IKBKAP,-2.640659,9.257763
SLFN13,10.000388,-3.9203916
SEMA5A,5.744414,6.1186323
SRSF4,0.75809455,-0.73535573
P2RX5,-12.124147,6.0528827
TDRP,5.1909504,13.755329
PNRC2,-6.5177693,11.297237
ABCA2,-0.7006682,0.9555492
PPP1R3B,-5.834357,10.613514
FLYWCH2,-7.806631,4.187352
PNMAL1,-3.994399,-0.82038474
DCTD,-0.22391194,9.790418
SCD,-1.4281158,3.6086457
TST,-6.48702,1.8377719
MAP4K4,3.46633,-6.178416
DLG5,-1.8003609,-6.3664365
NCAPD2,7.1855702,-7.3894978
SNRK,-1.3430676,6.191773
UMAD1,7.4932404,3.562129
QSOX2,0.39699748,0.41063684
FAHD2A,-2.6952682,7.763697
SMC2,8.150577,4.9375706
RNMT,11.231937,0.11148352
GSTA4,-9.5437975,1.657341
MSRA,-7.0891776,1.3577137
FAM171B,-3.9171467,14.594881
TXNDC11,-2.8739297,-5.2109175
FBXW7,7.2565064,-3.4122183
PRRG3,8.133209,-9.508349
ARNTL,-1.9831849,-5.407075
SUGCT,-4.625021,7.4225793
LNPEP,4.309904,5.9695134
DTD1,0.5433694,-5.268107
SPSB1,-2.1404607,-2.3280065
MRPS18C,2.9435043,6.211397
TMEM8B,-1.9336542,11.382321
PTGIR,-1.4372761,3.6079004
PMEPA1,-2.801574,17.170176
PTER,3.5645864,-6.448572
GRB10,6.9131384,-9.835632
GALNT7,-4.112059,14.341922
UBR1,7.9839597,13.509619
TRIM22,10.500237,-4.1459646
VTI1A,2.6242957,4.4619985
TTL,14.744515,-1.5067862
SLC7A8,11.002485,7.2083893
PNPO,7.223871,2.0487702
OR51E1,11.027286,5.7471185
ME3,-5.450552,7.3099246
PYGL,14.444669,5.5082307
SCCPDH,7.061747,4.479461
PDE1B,-2.449373,17.112568
LAS1L,-13.110493,0.27595457
PTGDS,-6.766479,1.3852547
ULK3,-10.372094,10.730177
EYA1,6.9226,-4.129617
IPO11,6.54117,3.2892048
SPRY1,-2.4411957,-1.8034999
GPC3,0.22808066,13.671067
MSANTD3,-2.564009,-4.2291718
L3MBTL3,8.642312,-5.8493133
FRG1BP,3.4812598,5.7945957
HRAT92,2.3088603,13.16567
LGI4,-2.824191,1.397474
AAR2,5.3965883,2.1275828
CNPY2,-2.3451834,-5.637352
TMEM150C,-2.5479631,-4.2228594
SPRYD4,4.1375704,11.622058
TIMM8A,1.392583,4.4337997
OPTN,5.1425347,13.733271
MICU3,4.312377,5.973361
IFITM1,-2.471923,-2.3062787
STX8,11.478264,4.302302
IKBKB,7.108453,4.4638844
NEDD4L,7.04562,-3.634538
ZNF883,-4.633625,7.4044995
POM121C,-3.9160004,-0.75136983
PEAK1,-6.29625,-5.8648515
TAF1B,-5.699373,-5.901442
TRAF3,-2.4199176,-1.8117871
PHF19,-2.4637234,16.112675
ELOA,-12.101359,9.472764
SMPD2,3.8966103,-6.7459316
PHLDA3,1.5427713,-8.677436
IDI1,-1.8919065,5.5849767
STAMBP,6.521,3.284531
TMEM128,9.618188,-6.160528
SMCR8,-2.9968603,9.320363
CHI3L1,-3.0913906,-2.4844255
MYL6B,-6.774083,1.7049952
GLYCTK,3.9915035,-7.116391
MED27,3.9056056,-2.0472069
RAB17,-8.106873,4.3414497
SDCBP,-4.244592,5.8235736
METRNL,4.357992,-1.5649209
STARD9,-0.8154639,0.93884665
PLXNA4,-1.9722806,9.936038
GAS8,-3.9943955,12.289341
PEX2,7.2116575,4.3357835
FUT1,3.940144,-10.762292
REL,-1.8889267,5.594938
KDM4B,-4.0502357,16.23984
LAT,7.5783935,-2.9264872
SYN1,-5.551393,1.3592693
CUL7,5.396086,17.389486
GNAS,-1.9012874,7.2446275
KCTD7,1.31544,-1.1135782
LGALS3BP,-5.4901056,7.2992673
CCNYL1,-1.361088,-8.63159
AMBRA1,-7.1117783,-3.2528358
GPR157,-4.0261188,3.448095
PREP,6.650488,12.524894
GOLGA5,2.3416374,8.954081
HAS2,-3.4404352,-0.68706214
TKTL1,-4.6689725,7.386946
SRC,-7.1690025,13.608488
VHL,-6.316554,-5.8655934
FGFR1,-0.4654512,5.536535
ZNF777,-9.090876,2.197751
QTRT1,0.42230305,18.118467
GLIS2,2.5956945,-4.5835824
AXL,-0.89089596,7.391996
GDPD5,2.6518328,16.091757
EXTL2,-8.90078,9.518584
TOR4A,-13.162834,0.21534437
ARID2,7.4743013,6.6486535
RBMXL1,7.4065404,6.770083
TYW3,-6.518689,11.299941
PGBD1,15.118051,8.759713
PQLC1,4.354399,-1.5480992
UBR4,8.321667,2.8364232
ZNF418,0.14474095,-5.01094
DESI2,1.0470576,-1.7168452
WDPCP,10.387558,6.479845
ADH1C,2.4514978,9.37031
OSBPL10,0.7996594,13.301452
NUDT8,-7.3052516,1.9097909
FAM13B,7.904511,2.6107082
GLMN,14.726852,-1.5312304
DCAF7,5.4455223,2.6906703
CTNNA1,3.562841,3.6840148
ITPR3,3.5492501,-11.595843
MMGT1,4.0874557,3.5979629
GTF2H3,7.35829,1.7388772
TBC1D15,1.8251482,-1.044395
TAF8,-0.71207035,4.8062787
MAMSTR,-8.444322,-0.43889347
DYSF,4.2861743,-8.053846
LAMB1,-7.161315,12.334201
HPCAL1,0.8158254,-8.680151
RUSC2,3.4328468,-6.1802754
CDYL,-5.4187684,9.684245
AP2M1,-6.126456,-1.4596928
SURF1,-5.420916,1.2717898
ERCC2,-1.8163252,1.8107649
CBR1,2.8341002,-6.8565707
IMMP1L,-1.9256134,7.2444453
PHF13,-0.6070565,4.8975086
PPP1R8,-1.3867161,-7.8001437
SF3B4,5.432973,2.1335175
CDC123,1.2641274,4.558693
ZBTB2,-9.133518,4.9026995
TRPM2,13.762524,5.917239
EPHX1,11.031936,5.8285313
TPMT,3.8794801,11.826201
SNAPC4,12.0522175,-3.866952
RICTOR,4.33212,5.9962883
PAMR1,0.22687475,13.671357
GSKIP,8.267759,13.330292
DMTN,-6.23781,-3.5855591
ITPR1,6.5846024,11.356209
B3GNT7,-7.2705207,6.698722
NOV,-3.6837084,14.504034
POLR1E,-2.39558,-4.0740533
DET1,-3.728882,-1.0753384
ARRDC1,3.2646215,-10.786479
TPST2,7.951818,-9.5772705
RP9P,11.6869755,3.7274008
PHTF2,1.8765999,10.548937
NTN4,3.7726574,5.6803436
SNX18,1.8107336,9.947584
OXSR1,-2.9450448,-4.4395547
TMEM132A,1.7788117,-5.9273024
MFAP3L,-8.18149,-1.4046246
ADAMTS12,-2.1612074,16.08755
PCDHGB7,-2.571241,17.275599
PLEKHF1,-10.357719,8.031122
ADPRHL2,3.8362517,-2.0876353
METTL13,6.5156813,-0.9699666
STYXL1,-6.647309,11.444403
IDUA,1.904303,7.4943795
CCDC58,0.7119642,5.0891232
FYN,5.391481,-9.524239
ABCA5,-5.6395087,2.9688833
RASSF7,0.873557,-6.963897
RAPH1,-5.9445834,5.061006
ZCCHC14,9.812093,4.6409106
HOMER3,-1.7135179,-5.6281104
WSB2,1.3707786,4.4433784
PDPK1,6.2039075,7.891504
XAF1,10.217316,-3.9839885
CA8,6.8925548,-9.831361
GUCY1A2,11.367722,5.6165504
YBX1,11.429127,4.376117
LYVE1,12.247741,8.913087
ACTR1B,13.740232,11.304304
ORMDL1,8.906826,0.30169824
AKAP8L,4.365751,-1.539914
ORAI3,2.6447084,4.5149245
CAMTA2,4.2110376,-7.97213
TP53I11,-3.3002162,-1.1237888
GPR22,4.3162885,11.429972
CCDC92,-0.7156845,7.962047
FEM1A,-7.611602,0.8919386
FBXO18,-5.8777747,10.648693
IFT81,-4.0833383,-1.0498877
TMEM192,7.574857,5.2062316
ST8SIA5,-2.2465851,10.861652
B3GALT2,6.941523,-4.1430144
KCNJ5,9.328964,6.484854
BPHL,-2.3491333,9.455902
TSEN2,2.649658,-4.559668
ENDOD1,1.1002257,-9.476566
C3AR1,12.1483755,8.822118
THRB,7.0284233,5.3355064
ZNF260,6.7218738,8.257526
YPEL2,1.8895409,-4.214628
CSNK1G1,-3.3407414,-6.7594385
HIST3H2A,-5.4495234,7.3148813
SLC8B1,3.252893,-4.7058344
TMBIM4,2.6773107,8.920306
ABHD14A,-2.0335603,10.174286
CLEC7A,14.522168,5.811325
VENTX,13.079216,6.2614474
ZNF440,-0.7339902,8.053316
RCAN1,-0.43439132,5.0433974
DNAJC17,7.431648,2.5464149
CFI,5.47468,-9.562333
PPP2R2D,-7.6547437,0.8416713
RAP2C,9.626414,-6.1539745
SACS,-5.7581778,-5.8176656
TCF7L2,-3.9134905,14.604776
DIO2,-0.28626958,14.993148
P2RX7,8.056544,-9.552762
ST8SIA2,10.260206,6.6642213
PTCH1,0.25738037,6.7131853
SRRM1,-9.977163,-4.9186926
TMEM106A,14.507951,5.834577
TTC30A,-2.9855433,-1.1877116
ELMO3,3.7577293,5.6596503
ZDHHC5,-3.1560125,-5.0129614
S100A1,-6.839288,1.6910543
ZNF771,1.9034294,7.494644
ATP7A,15.785435,-0.36366853
SCARF1,3.7428253,-11.317974
CDH24,0.84576863,-9.638757
GLTP,-2.523386,-4.172232
GSTM5,1.1427742,15.415108
MRE11,-7.710699,0.7680074
TMEM205,-5.4491577,1.2905945
TSG101,0.9759527,4.868173
MFSD13A,-10.296519,-2.4223802
INTS2,-4.1884756,10.133073
ICA1,5.0955586,13.859412
PRELP,0.10098462,13.80545
TRIM63,5.121987,0.81671816
TCP11L2,7.23208,-3.5288064
SEC11A,4.240504,1.903738
SHROOM3,-12.12232,6.0582113
H2AFY2,-10.897774,-0.55112946
KCNK1,5.204369,13.785218
RAD1,3.8761973,11.830365
FAM71F2,2.6033168,13.463892
ABTB2,-0.96268874,-3.6667757
SLC25A39,2.4440608,-6.6727934
RSAD1,-10.796997,-0.44810542
KDM6A,3.73618,6.0851254
APOA1,-12.634272,4.720915
TRIM32,-1.8771691,3.4025412
SLC1A4,5.3852296,-1.9333673
RBM17,8.032606,-9.55339
SUSD5,3.2692058,16.62551
TBC1D7,4.2014713,11.573192
FAM124B,2.9653506,-11.430787
FGF7,-4.212869,5.8545747
PDLIM4,-3.5564914,-1.3403724
PTGIS,-0.19981201,13.561314
CYP27A1,0.2145363,13.683146
MAP2K5,-9.379347,-1.4945184
MLKL,-2.4493253,-2.3095949
ZNF263,-3.792926,-0.7800875
HPR,-4.2207665,12.214168
RADIL,-10.117567,7.62599
FASTKD3,13.014734,-0.1140235
ZNF865,-7.313865,2.0042126
SASH1,7.73447,-9.764322
SHPRH,-12.156593,7.5381546
TG,5.4858966,2.0677845
FBXO27,7.0224013,5.5969663
GPR161,3.10215,16.146246
NIF3L1,6.994177,5.162798
CBX6,1.5277677,0.8907491
AP4M1,7.734872,-2.954834
PMM2,-2.9038854,-3.9707465
LATS2,-9.166114,4.877809
HDAC8,1.3787119,4.3750987
FMO4,-8.097886,8.989042
PIGC,0.23249583,7.0069585
RGS2,-4.677436,8.505733
KCNE3,-3.7340674,14.364841
PTRHD1,11.358583,4.6145606
FBXL14,9.844353,9.642796
ZNF429,6.49266,-0.76635295
CACNA1C,6.319331,-3.8044991
SAMHD1,-3.1807861,-2.5167325
METTL2A,1.3694755,4.4828653
ADA,1.9366438,-5.434656
LRRC17,-2.4364252,16.01197
ECT2,3.0735185,0.43700677
SOX12,-4.2899942,16.388697
RELL1,0.81894416,-0.77840716
A4GALT,-8.369116,-4.944408
GEM,-4.7346463,8.468125
HSPA14,0.66279906,-1.7483573
PUS3,1.3976557,3.0453207
MTF1,1.2836621,9.340635
SYNDIG1,10.231351,7.185436
SLC25A23,-6.133758,-1.5657043
TTI2,0.6130322,2.4160032
VEGFC,6.213929,-9.819717
FOXRED1,-10.850325,-0.50659513
HSPA7,12.295827,8.953971
TP53I13,7.1863894,15.575773
AMFR,-5.3144073,-5.6869683
ZNF682,-5.6337037,2.9813242
NRGN,7.075218,-7.7004013
RCE1,5.7623997,5.8781877
SLC46A3,-2.1741529,3.2296803
FAS,0.90966606,-4.5692463
EMSY,1.1218553,9.19536
PTPRS,2.4727674,9.401034
DNAJC27,1.368375,-8.718604
PID1,-0.0077655553,13.843858
ARID4A,-2.595903,4.4044724
TESK1,-8.159537,8.940509
NUMBL,-3.7469084,-0.9201414
EEF2,4.1910453,1.9008483
SLC25A35,-4.1164885,5.933003
CLCC1,6.747998,3.3685625
SMURF1,-3.1433868,-1.114854
SNX9,-2.5286715,4.9848747
ZC3H10,7.9862423,-2.9600496
P3H2,3.0084815,8.576624
BCAM,11.153343,5.9041576
GTF2B,-2.384015,5.2084146
ATP11A,3.348982,3.6030376
BTBD9,-12.318122,5.8444233
BTN3A2,9.945443,-3.930204
MALL,3.038694,-11.540691
FAM114A2,-0.74380004,-0.6317239
GMPPA,-3.310014,-6.68877
TRIQK,-8.268837,-1.2675585
TUBA1A,1.1093453,-9.464286
KRBA1,-7.804202,0.6470855
ZNF546,-9.140441,-6.4469533
MARCKSL1,2.3473709,-4.9551487
DEGS1,2.7441123,4.412947
GABRA4,10.376195,6.480052
FRY,-1.6545252,-5.6431212
KCNJ4,10.26712,7.1443024
BCL2L11,5.2262807,-4.8977113
ZFYVE27,-2.052802,-5.8559732
NME6,-10.79324,-0.4418726
PSEN1,7.439192,6.70605
HACD2,8.261508,13.333767
COPZ1,2.908046,6.1542373
SPG7,-6.5558467,1.821786
PHKA1,5.8978753,5.6087494
B3GNT2,1.7051016,-12.224422
SIPA1L2,-6.0240407,10.783651
HSD11B1L,-13.072535,0.3092887
VAPB,6.3872204,5.0901914
HSPB6,10.347903,6.5264697
LDOC1,3.123436,15.904579
ALKBH6,6.6116476,8.198878
GID4,-6.2893167,11.059311
TTC1,-1.826593,7.158599
RAB6B,-4.142566,12.206516
LPP,1.7295958,9.511734
DOCK4,-2.5841343,4.417427
POGZ,-4.0759883,-1.1213347
SRA1,1.1646796,4.648934
LATS1,1.0851092,7.333382
FAM110B,3.3904805,-4.674459
DGCR2,3.580609,0.48397157
S100A10,1.884344,-5.11203
RITA1,-10.9389925,-0.5930767
FBXL12,-8.8087635,9.641569
AGO3,9.044326,0.4614244
DNMT3A,7.6862974,9.684861
ZXDA,6.1516,8.384013
ACTR8,-5.8683996,10.610958
RIOX2,6.5921273,-1.0583858
TBC1D19,8.690877,5.394986
ATP6V1B2,-0.7041258,-0.59066963
CCDC102A,11.510522,-5.9856405
ZNF175,-2.4485185,3.0019023
NID1,-3.1371458,-2.523964
MAGED1,6.677539,12.415251
BRAT1,10.250986,11.840892
FBXO9,5.204627,5.5741343
FBXL6,-1.8701905,-6.2547708
BID,-6.333682,-2.2231734
CYS1,0.9092038,15.078429
FZD1,10.603133,7.993534
CUL4B,8.915272,0.33863848
GADD45A,-0.43292132,5.043103
SNHG5,8.935338,6.1857157
NADK,3.4932292,-11.722323
ZNF316,-8.562339,9.619726
DACT3,0.43661252,15.082266
TBCB,-7.3812222,2.9636652
NAF1,6.5836396,-1.0317572
ICE2,6.6112695,8.203308
RPA3,11.432224,4.3683114
ZNF555,-8.004519,-8.435579
RABEPK,3.9922557,-6.706476
POU6F1,6.502465,3.5115232
ARMCX4,0.6527097,2.4672084
CTTN,-8.981175,9.469168
AGPAT1,11.665611,-1.1819077
SNX5,7.2393384,17.206913
CMC2,-2.093898,7.3524976
VSTM4,10.977275,5.7135377
ASPG,-7.770067,0.6750796
FAM69A,3.4551265,9.184325
IP6K2,-4.567756,5.839376
BANP,4.921784,2.683525
TSPAN6,9.622896,-6.161986
RNF112,2.8059056,16.030012
ZNF746,10.339318,1.5037881
NXPE3,6.772271,5.1065164
CENPC,-3.816725,14.573869
SIGIRR,1.3077878,-8.732509
COL6A6,0.8546833,15.136826
SLC4A4,6.058963,-3.2622979
LMLN,7.3363304,5.115875
DYNLL2,-2.1404738,7.1874833
ADAM10,-1.3632635,6.258971
GPAT2,-0.16743077,6.096892
MFHAS1,3.3553524,4.0494905
ANKS6,1.6552286,-8.668388
ZMIZ2,9.357097,1.6489186
DIABLO,1.3188658,4.52164
PGAM1,11.335699,0.10538978
CYTH2,-3.5602992,-1.6001295
TMEM64,1.6998783,10.117824
HMOX1,14.241445,5.109449
KPNA1,3.9704428,3.6730988
DLK1,8.218923,-9.323708
ZFC3H1,9.030997,0.44869375
ASB5,10.384468,6.4699364
MEF2D,3.8588643,-2.0878448
RHOF,-7.7601833,0.692414
APLNR,9.81503,-3.9199798
AZIN2,-0.34377503,14.954521
GBGT1,1.6378722,-8.662415
CPSF6,6.762696,8.28572
MIEN1,2.7928417,6.530435
AACS,11.330251,0.10575101
RASAL3,13.786501,5.9221835
RGN,-2.3009274,9.678323
DCP1B,4.251747,10.961478
NCK1,0.8681185,6.9685383
KIAA1161,1.097987,-9.429011
UBIAD1,-0.0961196,1.0908322
GRK4,2.521901,13.387646
FAM174A,7.1852484,12.173051
ANP32E,5.117952,3.706311
FLT3LG,9.793415,-3.915513
TRPC4AP,-2.8898504,-3.5161133
HOMEZ,-0.36738387,5.253427
RASSF9,-1.860893,3.3970356
ANAPC10,7.22244,12.139123
UVRAG,8.8911705,0.24319698
TEFM,-6.256055,11.017694
FGL2,6.944116,-9.852523
ZC3H3,10.378586,1.4907216
IFT80,-4.0927725,-1.1334026
ANP32A,7.3134346,1.7572441
KLF6,0.9194149,-4.562789
PMS2,-7.8783927,6.249508
IL1R2,14.410675,5.3583317
SYPL2,-10.865877,-0.5159002
EPB41L5,-0.61404276,11.424985
RORC,7.138689,-3.5096757
TMEM14C,-2.0501723,7.33881
ADRA2C,2.9445682,-11.447235
SPDL1,13.250631,-2.941811
NFIA,10.59972,7.998898
HSPA4L,-6.5149546,11.296906
SIDT2,7.4745975,-7.683833
CA13,-9.710552,0.16000849
SLC45A4,-7.766291,6.340406
RPS27L,-6.152691,-1.6122046
IER5,-4.5103006,8.7555
RABL3,7.3364253,1.7675642
WASF3,2.5741274,9.468178
ATF1,1.1035819,9.207484
CENPQ,3.5292244,5.757183
IPPK,-12.088862,9.458113
NEURL1B,3.2927036,-11.563565
TMEM237,8.647872,5.3519993
RPL41,8.981194,6.1867275
TMCC3,1.8559178,-11.537594
KDM5B,0.9046534,7.106744
PLXNA1,4.943682,14.039071
FEZ1,5.887442,6.2581105
ST3GAL5,-10.1974745,7.719162
CARD8,0.7798949,-9.282718
PLEKHA1,1.1640584,9.244582
PDCL3,6.6795177,12.499857
VPS13A,5.7769556,5.7694635
PRICKLE3,6.628959,-0.704943
KDR,5.9580865,-9.785031
C5AR1,14.304469,5.196299
ZNF385D,0.31650448,-4.5910234
KLHL18,-6.233208,-2.0740695
BORCS8,-7.3829446,3.0372138
AK9,5.856986,6.245276
CENPJ,4.4819555,-2.1635277
CTNNAL1,3.021424,3.904124
POLM,2.8665555,8.641829
SLC46A1,8.090257,-9.510223
DNAJC30,-10.916454,-0.5700474
TMCC1,-5.0266414,7.296955
ALAS1,-3.8060703,7.792925
MPV17L,-3.0016475,11.298761
LBH,9.982847,6.765514
HIC1,1.7048382,-5.972325
RCOR1,7.898476,13.462897
SLC15A2,-3.8987985,-0.87337583
KRT8,-12.103001,6.074437
KL,5.840772,-9.703831
MEOX1,-2.308615,16.563578
KLHL42,7.6216755,-3.8618965
JKAMP,6.6548033,-5.742818
ZNF473,-0.5978725,-0.504928
TIGAR,2.7369173,3.9492733
RSU1,-3.892477,14.334771
TFAM,5.2465897,12.809397
BOD1,-7.6840224,6.392258
PLTP,-0.16876231,13.588779
PAPD7,-3.0752532,-1.1160691
FAM98A,14.744748,-1.5074172
PRRG1,-5.0194507,9.87806
CCDC126,-4.914596,9.944381
NAB1,6.624142,11.3139925
SLC45A3,-3.893754,3.6414287
NDUFAF1,4.0264707,11.737191
NLRC4,5.5253806,1.85631
OR7E38P,-7.503334,4.1279316
IFFO2,3.4371889,-11.846094
ATP6V0B,7.1833377,15.5783615
QSOX1,0.8575571,-7.0360546
TCEANC,-1.2785189,3.8897111
GIPR,-6.5116467,0.7405838
SYNC,8.604067,5.310082
POLR3A,8.704668,10.283488
NLGN1,7.502411,3.5503585
HN1L,-0.72494835,-0.599881
RHOU,-1.0049516,6.7604985
TMEM135,11.612872,3.878819
ZNF366,1.7424655,-12.188434
UBE2E2,4.0917377,1.7521055
TMEM101,-12.874987,2.9855235
STK19,-2.3669734,-5.4478126
FAM104A,1.9945792,9.421451
RNF41,5.141062,13.816973
HSF2,-5.248936,3.1680057
TIMM29,-1.2713253,1.1618521
SLC25A37,-4.256572,-3.674698
RBM28,6.258997,-3.824674
ZDHHC8,7.493318,-3.1216815
SLC30A3,-6.5871673,0.9247304
RIMKLB,6.5757623,-9.725375
TBC1D9,5.974405,-9.620967
FAM110D,3.4752011,-11.710252
B3GNT8,2.5693297,13.485941
NCKAP5L,11.491131,-6.0061493
SPATA20,-5.488659,7.2932863
ODF2,-2.5014002,-4.1563835
APEX1,-6.149724,-1.4658337
HGH1,2.4350233,8.899736
VCL,-12.395167,9.70416
H2AFJ,2.642928,-4.43606
AMD1,-4.0588155,-4.911493
SIPA1L3,10.567034,6.160659
SLC16A1,3.9714086,11.781159
SMIM10L1,-1.9950325,7.303468
FAM35A,13.250751,-2.941481
CLCNKB,-3.9388945,12.336184
FAM13C,1.0565946,0.35021338
SCGN,8.578839,-9.592693
GPATCH2L,1.1207439,9.168683
BTBD10,-5.366002,-5.7130494
SH3TC2,-3.9290845,-3.416511
SERPINB9,-1.6355274,5.87847
ARHGEF26,-0.04558183,-4.438778
GSTZ1,-5.5296764,7.2796597
BCAT1,14.292232,5.1793456
ITPKA,10.905346,7.1538453
NAB2,-0.60153806,4.906352
RASL10A,1.4790938,-11.715028
PLCL2,-3.6054907,7.42152
SLC25A34,10.093247,-1.7957983
TSEN15,3.6692088,11.973413
ZC3H12C,6.6015563,8.183928
ZNF571,-11.679251,-1.7470531
TCF7,11.00144,11.931868
SYN2,1.820732,-11.619146
NMT1,-3.802718,14.567712
AP2B1,5.8218265,2.5694408
TTC38,-1.5775733,1.5036567
CXADR,6.2629657,-3.8319242
PROB1,5.5275836,1.5504217
ATP6V1C1,4.059423,3.680385
LRRC23,-5.3772707,1.2426678
DCAF4,0.6177312,0.28500536
SPACA6,0.8671789,-6.9763584
LRFN3,-3.56077,-1.5680767
SNX17,1.4858268,0.8503664
PTGES,-2.4763486,-2.342231
PLEKHM1,-9.537281,1.6482247
TONSL,-0.6437864,11.502899
YARS2,1.6488554,4.1312137
RND3,-0.7920991,5.3060336
C2CD4C,4.070809,-12.0164995
WBSCR17,-12.11479,6.0624723
RGS14,13.643715,5.699276
UNC5B,2.651307,-4.59285
PIGN,3.585744,5.723299
MRPL45,4.133492,11.76257
CENPV,4.1699553,-1.8238771
ID2,1.8059496,-11.7890415
CCDC51,-10.920281,-0.5736291
SNHG7,3.4169762,-4.709979
HSD3B7,3.1976328,-4.671949
KCTD3,8.886119,0.26943308
CES4A,10.988783,7.183684
HAGHL,5.8456984,1.1388558
MDK,-0.34901208,14.876847
MARC1,3.5970612,-6.518377
RALB,1.9676634,9.474301
FAM210B,7.1320877,4.4205794
TSTA3,-3.5498343,-1.5691836
ABCA7,-3.1811514,13.002112
NGLY1,4.320886,3.4863987
NRTN,-7.250131,1.8049716
FBXO34,4.0046263,3.653217
RFLNB,5.973045,-9.621369
AMMECR1L,-3.7594454,-0.77465373
FMNL2,-0.83971184,7.605022
GFOD2,-1.9616513,10.424961
MARCO,14.299376,5.189661
NMB,0.80303985,-5.4099855
SSTR2,-0.12384088,6.1490707
NIPSNAP3A,8.652389,5.356071
STX3,3.066207,-11.362361
STAT4,-2.0210903,11.214673
ACACA,4.271858,3.4565153
CD274,1.4810485,3.1183612
ZNF512B,1.9457798,7.528476
STK17A,0.25131378,2.0100813
ELOF1,1.3230566,0.68953687
IQCK,7.734015,9.6368685
MYADM,-5.524748,-5.9798346
METTL8,7.453092,6.676876
OLFM1,8.871165,0.22124803
TTC9C,1.6597804,-8.666474
ZNF519,-0.012661596,1.5848838
PRADC1,-12.840241,2.9504383
SGK1,3.7787602,-10.903185
AGK,3.4144635,5.819246
PPP1R13L,-7.07294,1.3894395
SMAD2,2.1094542,9.056162
GNA12,2.9067433,-5.896416
MYO18A,-2.8728325,7.9987426
GK5,8.912815,0.3423516
HNRNPLL,1.6369038,10.0897
IQCE,11.537864,-5.958882
MAEL,6.4902406,-3.403393
ATXN3,4.4836483,-2.1730683
EIF5B,1.4094671,4.126248
TAF11,4.1034584,-6.6853223
NFX1,0.65465766,2.4743006
ZNF502,-8.003475,-8.434497
DNAAF5,6.6622615,12.499979
SOS1,1.1307168,9.213449
ANXA6,-3.6055446,7.384908
SNPH,-2.2197773,10.829496
RSG1,11.51318,-5.9835787
ACIN1,-8.410462,8.60415
ZBTB7A,-9.540927,1.6495225
KMT5B,3.8376853,6.249487
TACC3,-0.5683587,-9.843509
INHBB,-0.94873583,3.91043
MSH6,6.6792173,-1.0824199
NUDCD2,11.574158,1.5912906
KIAA1147,1.7347865,-12.086428
RBM26,8.649737,-0.07225601
CDO1,0.16909643,13.725396
ACTN4,3.4023905,-6.4117513
SLC22A18,10.141325,11.897775
MTHFS,11.605321,4.1424503
RAB9A,3.5058956,3.9553127
ZW10,0.49151602,2.29152
ERN1,6.5499654,-9.728871
INAFM2,3.6511378,-2.2672515
PIH1D1,11.640012,-1.2146525
LACC1,6.485644,3.3483565
ARL4A,-1.8754655,11.403004
ADGRA3,6.2221856,-3.8842733
TMEM71,-4.5669107,12.260828
KIAA1191,7.2909217,4.227267
TMEM201,-7.137386,1.2728564
KLHL36,13.398628,2.552824
MRI1,-3.8880327,6.121167
PIAS2,6.1781754,8.319962
ZSCAN31,-3.0955677,-2.4921663
LRCH1,6.5755806,-9.726527
ZBTB20,-5.92788,5.057278
ST5,11.508967,-5.9873114
BET1L,2.639836,-4.438941
ZNF75D,10.080864,-3.8527756
SPAAR,5.8496017,-9.791445
ZNF717,10.88107,7.143923
PCDH9,1.1039456,9.205979
METTL21A,6.6755433,12.502089
TAF1,8.958649,0.39261314
HCN3,6.519354,-1.0061179
ZC3H7A,7.4090757,6.7329764
CGNL1,5.1765842,-4.8498063
WFS1,6.854071,-3.9841702
HSPB2,-12.113881,6.0640574
SPRY4,0.90344846,-4.5683923
GRM1,-2.001448,10.018538
SERAC1,6.5425224,3.277024
RAB37,1.1280932,15.445527
CCDC184,-10.178154,7.6957293
TIAL1,1.849483,9.842909
ALG9,0.44780874,-5.267689
OSTM1,-5.7946672,-5.8251615
TRPC1,-4.0994544,-1.1189282
FBXO31,5.077025,13.891509
LPAR5,-5.2997427,7.3300138
UCKL1,-7.188983,1.4905266
LZTS3,5.8642745,1.1241704
SETDB1,-7.098218,-3.2739463
DHRS11,-3.5994067,12.690507
PCK2,7.6252847,-3.8667383
SLC38A9,-3.8931658,3.631162
CLEC10A,13.167757,6.182536
ZNF71,-8.546569,9.638194
MARCH9,-7.8089356,0.6554374
OLFM2,-2.5410347,15.969027
GGA3,10.376947,1.4907863
ABLIM3,5.7222323,-12.5213175
TSPAN13,5.9890575,-9.628621
SNX7,2.3045812,2.286345
MME,0.38116384,15.062334
NAALAD2,1.1579714,15.468375
TRIB3,-3.0416777,-1.1654178
GPR137B,6.6502533,12.51622
PRKD1,-4.3259974,14.626364
ZNF562,1.1738737,-1.3751694
GJA1,4.1903925,10.790844
MTRF1L,-4.0621886,5.6471357
ERBB2,-6.541215,0.7771182
WBP1L,-2.3746536,-1.7647597
BPGM,7.219364,2.0517933
ZDHHC3,8.555012,-9.589546
GLP1R,-0.72729427,-3.4235933
CPED1,7.025349,5.593767
TMEM161B,6.7598486,8.285077
L3MBTL1,-9.127533,4.9031725
OSGIN1,-0.6926883,5.34371
FBXL20,1.8909196,-4.105901
RHOBTB2,5.065293,13.890169
HMGCS2,-3.6111841,7.3883324
SCO1,14.74517,-1.5072614
CCDC57,-3.3625278,16.409367
FAM117B,1.0869205,0.3646048
TMEM216,1.1585342,17.02448
KIF22,-3.5756803,12.698512
HTRA2,-8.084146,9.007432
GLOD4,-2.2361991,9.047115
LZTS1,1.9520245,-4.676605
LFNG,-2.5532148,16.044392
CAT,1.6319106,6.2873216
LRCH4,9.369303,1.6328557
MDN1,-3.5786293,17.191761
CPLX3,-5.3988543,7.327026
FUOM,3.4272912,-6.6094694
PHF5A,-0.0061178594,1.1399016
ANKRD28,4.236882,3.5124462
SRXN1,0.08495034,-0.0066008596
CHN1,3.3518107,9.12904
CBY1,2.2656097,13.124115
FOXO1,7.890127,-9.602834
NLRC5,1.6785876,-6.000231
CRYZL1,-2.075485,-5.8909883
TYRO3,0.6232443,-9.189664
DHRS7,-3.2038097,-6.4367776
SHQ1,0.26826885,2.0302238
COMMD9,-5.3649435,1.2326849
FADS2,-2.4332387,15.998907
TRAPPC9,-3.5727293,12.720378
ZSCAN12,13.016044,-0.112852216
ACER3,-1.0064181,6.783172
SLC25A26,-2.5858812,7.6808925
NALCN,6.196283,-3.6850846
LPIN3,-6.9910097,13.430873
LRRC4B,3.1676433,16.20016
PDCD10,5.8794055,3.3323317
TEN1,0.4218583,18.116135
TNRC6C,-0.34321785,0.6840162
WDR45B,-3.6839962,-0.81176853
HHLA3,2.6596487,16.085352
ZNF335,-8.345773,8.698323
ATXN7L2,0.42253116,18.118189
NES,1.108107,-9.431112
SEC11C,-3.183246,-6.396835
HMGN4,-5.638532,-5.814174
TLR3,10.5281925,-4.1631927
NRARP,-4.661501,8.562701
ADGRG3,15.003573,5.416503
USPL1,0.7923164,-1.5573177
CNEP1R1,0.95137984,-1.8543146
MEST,3.059527,16.189592
SMIM1,5.7381663,1.2322764
SLC24A1,10.076388,-3.886954
ACKR3,6.9825344,-9.887829
RWDD4,4.9870195,3.743729
DCTN2,1.0017297,4.8486233
FTL,-2.822127,-1.3153158
COG3,7.450069,6.6969337
RPRD1B,-9.712965,0.15860127
VSIR,1.1163609,-9.491973
TRIM9,0.2711069,-4.6176057
CRY2,-5.3190255,7.3114243
SLC25A24,-5.5524497,9.605352
SH3TC1,-0.93469214,3.884727
ATG13,-9.377751,-1.5025841
RASSF3,4.2388883,10.892287
LRRC42,-0.0101693645,1.1592084
DIP2B,4.473414,5.0308886
MATR3,-6.5086455,11.287636
MTA1,-7.3268175,2.0169523
NME7,7.295311,1.8357719
KIF9,11.399543,4.398716
IFNGR1,6.2967916,-10.133252
MARCH1,-1.3842777,-8.655962
CLEC3B,4.8715215,-12.284584
SKA2,7.4325852,5.1428075
UBXN2A,1.8790126,10.550614
CC2D1A,-12.972339,0.2571269
CYB5R1,-10.901459,-0.55601656
GNB5,1.1649716,15.448161
CLK4,3.050345,-6.651265
RHOBTB1,9.801931,4.6450834
TMEM9,-0.7779905,0.9332863
CCL11,-1.0058126,4.422038
UBB,-2.0075202,7.383357
ERCC8,14.744058,-1.5057374
LRIF1,7.0038977,4.5336795
ALAD,-5.0607157,7.2568207
ABHD16A,4.1731224,-1.6610591
PUDP,6.3061066,5.132062
CISD2,2.2096176,4.4275618
LCN12,-1.3613197,11.614708
TRO,-2.2693934,16.409527
CDK5,-4.3246465,16.416527
TRIM14,14.29909,5.1799946
ITM2C,11.112707,5.8254404
KLF7,-1.6528637,6.023984
GALNT15,1.8467401,-11.543877
PDIA5,-3.45134,16.569237
KCNN2,-4.6956863,7.3901286
CNP,0.82503223,-8.733774
CTSH,1.534887,-12.356288
TCEAL3,-6.7582483,1.7446299
SLC12A6,-1.8273271,3.400198
RNF166,1.5711126,-8.651857
MAP2K7,4.367452,-1.5365055
TCF7L1,0.8321411,-9.002365
MINCR,2.9107769,-5.900904
MAL,-3.1182654,16.561596
CBLN3,7.515693,-7.5676622
MPDU1,1.4826903,0.84643996
ZNRF1,-13.610967,0.5648749
SPAST,-0.24536927,9.824787
SOX4,13.365069,2.5773149
MOXD1,-2.6623688,16.06943
HPN,11.243034,0.11133365
ATG12,-0.27810675,9.73073
TMEM80,-4.176892,5.7813897
CCDC136,4.290063,-8.061659
TMEM167B,4.1355653,3.5991404
ARHGEF11,3.84436,7.4231925
SLC35G2,6.0339284,-9.817557
NAP1L3,8.686676,5.387787
MTSS1L,-5.8546505,10.627516
TNK2,9.342296,1.6648879
FAM222A,-7.694627,0.78002703
PROM2,-9.402533,6.738836
CASD1,-4.6700325,9.9662075
DCLRE1B,2.8933117,-5.8752112
EPB41L4B,6.963182,-3.7726355
DCLRE1C,1.9060938,-5.5346684
FBXO6,5.4645586,1.4065422
ZNF410,-0.017610224,1.6257461
FAM122C,-0.47346896,5.0602574
PNMA1,-5.483409,-6.047124
CWC25,-1.8399419,5.6810236
TPO,1.8195167,-11.620539
UCHL1,5.3958907,-1.9254742
TRMT11,0.8452365,-9.624534
GSAP,-2.1976926,-5.659215
GPR155,5.865439,5.6412964
AQR,0.31251377,-1.3027328
MTHFD2L,4.3124332,5.973147
PFKFB3,-1.9017317,5.5936446
TMEM51,6.7929416,11.142453
GCNT1,0.91549337,6.8950987
CCDC149,-0.5691414,-0.48381963
MOB2,-7.3860636,2.9599369
ADCYAP1R1,11.000873,5.6914315
TSC1,3.2163403,0.52305657
TRDN,-4.4277854,3.1198275
MUTYH,7.3554296,-3.1787324
CTNNB1,5.9743047,-9.624296
FGFR1OP,7.2578177,5.148698
ABCC5,-3.5708945,8.000609
ZNF324,-8.349988,8.691797
SYNE1,5.3706307,-1.9536855
ZNF408,-8.995544,10.140668
PTPRC,13.735806,5.715345
FAM149B1,-8.302842,8.778085
SMIM19,-2.2686684,9.708242
MCM8,-4.4587927,-2.3543363
GPR107,-2.5570688,17.255642
MEAF6,3.2739325,9.114413
FAM47E,6.373917,-3.7773979
PEX6,-3.1728184,13.003283
DNM3OS,-2.2263057,16.10713
MAST3,1.5535159,-8.677276
CDC23,-1.4065396,-7.825547
CACNA1H,-3.1451159,-2.5235252
CPNE8,6.2320867,-9.789461
FUT4,-2.5235798,17.21188
MBD4,-7.3250446,6.5447493
PTAFR,14.434757,5.7317443
RFC2,-9.619268,1.2158194
GOLGA1,-2.195109,3.206435
TRIM69,7.1643867,4.396589
CUTC,-3.5658092,7.49452
PDK1,5.9739685,5.49567
RFC5,7.743539,9.625124
BRI3BP,-2.6571465,9.239062
LMNA,3.248774,-6.761652
SPATA5,8.639299,-5.8469505
FAM46B,10.987872,7.1795707
LZTS2,1.9047022,7.4998937
ZNF708,8.8994465,0.33341888
SHISA4,6.935317,-4.0483184
DCP1A,1.1728569,9.249657
DHRS4L2,-6.729866,1.8327048
GAS1,-3.7405345,14.332882
CRTC2,-2.0758586,-2.2969966
TMEM132C,2.5704381,9.437275
PIN4,11.529658,4.2556233
TAF9,1.037198,4.8032107
SLC17A9,-3.4158618,16.451338
PANX1,-5.74183,-5.804065
SLC1A7,0.7055154,15.0516815
PPFIA1,-6.0037255,5.029308
SH3YL1,1.9446609,-5.4459386
FAAH,3.357612,9.145025
SLC7A2,9.80164,-3.9172523
ZNF845,2.9370224,0.009011828
HDDC2,-1.4495909,6.6529393
ZBTB25,3.3560982,-6.4425244
ANXA9,0.1401981,-5.010631
SYP,11.077441,5.8165746
GDI1,-3.5414703,-1.6282179
PRKAG2,-1.7981005,10.380446
TK2,-7.7725334,6.3324885
FBXL18,8.250834,2.794989
ANKZF1,3.2897656,0.6042277
RAB5B,-4.5986724,7.4402432
PIGH,-7.4603467,6.4388146
ACY1,4.311035,11.90927
ARMCX6,0.84336513,15.154081
IPO9,-7.104258,-3.2639782
LNPK,5.793195,2.5728328
ABHD4,-9.367537,-1.5126812
SDR39U1,-6.3754063,-0.9300578
PLAT,7.0138206,-9.930007
SEL1L3,5.974342,-9.623038
PLEKHF2,-6.2664537,14.694508
TCTN1,-6.1836886,-8.926474
AP5B1,-8.220356,8.864779
POLD2,-7.9581246,4.267415
SOBP,5.876042,6.2862043
TMEM5,1.9947509,4.366963
KIAA0100,-12.141424,9.5011425
CCDC84,5.878905,2.5852048
IBA57,-6.3577046,-0.9596229
MET,-5.7725134,-5.786168
ZNF70,7.6803513,9.687689
NADSYN1,4.27497,10.951113
RNF139,3.4959831,3.6548085
PIDD1,10.265827,11.823359
FBF1,-9.350947,6.694783
CABLES1,1.1254358,15.453185
MTFMT,-4.8161454,7.493936
ZNF680,-4.580198,12.308766
KIZ,1.9012971,-4.445708
SLFN12,5.4845867,-9.565879
BCL7A,-12.314021,5.845875
ZNF204P,5.037888,11.232448
TFPI2,-0.97545564,4.4740715
TMTC2,1.9225438,-12.321398
PSKH1,9.343812,1.6596484
KLHDC8B,9.071776,1.7736398
PRUNE2,3.2944646,16.677755
VGLL3,1.7857978,-1.0939767
SLC39A10,0.29677626,-4.6084733
CLDN11,9.389263,6.5098433
PIM3,-2.0499592,-2.3137045
TCN2,3.5534933,-11.557377
NGFR,0.2890798,-4.6474004
POMT2,-3.3157842,-6.7025404
MED14,8.698063,-0.006941448
APOL3,1.7331141,-12.157943
CXCR4,-4.6369047,8.576987
D2HGDH,3.1197836,0.37356633
SEPT8,7.2759624,-7.3585806
COIL,-6.058223,5.0539746
CALM1,5.796306,6.193677
ITGA2,0.82143104,13.29679
PLXNB3,1.2164518,14.765842
GMDS,2.061145,-5.1608286
CTC1,-1.9940234,5.930312
ADRB1,5.1715555,0.8556679
TMEM178A,1.0793295,0.4932653
DGCR6,-3.8937793,12.365729
MKNK2,4.886089,2.7008417
SIAH1,-0.9638769,6.8102765
PIK3C3,7.4530144,6.689383
PLEKHG4,7.3455462,-7.785793
GCLC,4.1389403,10.661021
ALS2CR12,-1.91922,10.3853245
IGSF3,0.8238903,15.14361
TRIM25,9.839891,9.64138
DOCK8,-2.1870136,16.11364
PTPN14,2.0721736,8.981815
TM2D2,1.0125026,0.4364419
GPR146,-3.50705,16.722971
ZNF646,3.4330359,-4.718318
AGFG2,-2.5080352,5.007635
CCDC113,7.3313627,5.11214
CHML,-4.3750315,10.013727
SLC2A8,-7.816538,0.6678537
BET1,-3.7184904,14.304053
PYGO1,1.835665,9.875431
ZSCAN29,1.152784,17.013506
COG2,-1.8107827,3.4099154
CD200,0.8603722,-4.566855
COL23A1,-6.5058413,0.7346276
MAGOHB,-0.19517046,1.421524
HNRNPH1,-1.6425005,11.955574
TMEM63A,1.3230562,-1.0220768
KCTD20,-1.1377091,4.016429
MAPT,4.5992913,11.424407
CA5B,-3.5885572,17.228298
SCML1,-1.9919747,5.4915886
ZNF570,5.316109,5.630063
RRAGC,1.080262,-1.6966255
MAP1B,5.367799,-1.956763
FBXO42,3.8290656,6.1901073
PDCD6IP,-5.435753,-5.753835
LAMB2,-2.865785,8.052028
RAB40C,-7.337566,3.2528572
FAM13A,5.276342,2.0740614
AMN1,6.803702,3.4233572
BCL2L12,1.9215661,7.508082
CAPRIN2,-9.501902,5.978104
EHD3,-2.3066235,9.639302
ZNF74,-1.72178,3.493322
PPT1,2.9018135,-5.8896666
CRYGS,5.7494435,3.30296
GK,9.260234,6.7032075
HEG1,-0.76308256,0.913391
TEX30,2.3213308,4.478253
ARHGEF7,-4.149591,-0.5994824
ZNF22,-0.23363306,9.803533
DNA2,-7.709103,2.1011407
SEPT6,-2.3476937,16.03892
ZNF587B,0.663527,-1.7487986
ZNF628,-8.246523,8.832568
WRB,3.5574822,5.757406
FGD1,7.701171,9.6682825
TMBIM6,-9.142991,4.892998
TESK2,4.4782376,-2.1532545
WDYHV1,5.365657,13.435839
ORC2,2.7988095,-6.8217154
DOPEY1,3.4250674,5.801634
TMEM41A,-0.099183396,1.0851237
TWIST2,-3.1932473,-2.525855
ADAMTS6,7.476698,-7.7542043
VIPR2,-7.166342,1.3009983
PRICKLE2,-0.9335558,-3.6400397
KCTD12,0.9036725,6.9158106
TECTA,-6.5106406,0.7381681
CITED4,-7.325542,1.9490958
RNF180,1.8407015,-4.3533726
FBXL8,1.9729875,7.532549
NAT14,2.608872,-4.5034604
PRDM2,1.1461535,9.226153
PGD,-7.440647,6.475575
TPRKB,3.673133,11.971067
COL4A5,0.9643461,15.267477
CDADC1,4.2954645,10.9633665
PRAG1,4.604818,-12.380238
HECTD3,0.88473046,-8.792363
FCHSD2,-5.8380084,-5.8174734
RPIA,-0.22624983,1.414453
FCMR,-7.3078265,6.5389233
BFAR,-2.4069378,-4.0871086
EED,-1.6162726,11.943556
SKIDA1,6.933994,-4.1653605
SNX21,-3.925019,6.08287
KDM2A,-1.9576997,5.9179335
SNHG20,6.045945,7.4978666
STX17,6.5995326,12.538924
ZMAT2,8.696798,10.275681
APOL6,-5.8358355,15.707901
UBE2G2,8.702767,10.283329
TES,-1.33476,-8.607499
SLC35B2,-0.5570718,-9.839614
ALG13,-2.5333521,4.9777327
PCID2,10.092626,-1.7962445
ZBTB42,1.5024576,0.87113017
RHNO1,-0.3386608,-0.31681994
ZNF287,1.7764513,6.160795
NPTN,-10.712533,3.542985
CLEC2D,-0.014984514,1.5907137
SPATA33,0.59966975,-9.156048
LTA4H,-8.2479315,-1.3013906
IL16,2.6348476,16.089369
ABCD4,3.2056367,-4.8164735
ZNF638,3.001624,-6.6638193
VPS13C,9.734078,4.704241
BAIAP2L1,3.5883467,-11.495431
TBCD,-0.9553884,3.867389
DHRSX,-6.200021,-1.3366499
HHEX,5.8547144,-9.749761
LSM6,2.017617,-5.32224
CCDC146,-2.1981812,10.948536
MAML1,3.4003105,-4.695493
SYT13,-4.1624475,12.221063
KRT18,1.9549975,-4.968062
PCNX4,-12.39545,9.704506
SH3PXD2A,2.2904267,8.969614
HEXA,-0.795178,0.93356645
TADA1,-2.4923208,-1.200885
KLHL25,4.074785,-1.2653714
ADGRB3,0.27544644,13.637742
CPSF2,2.279637,8.970971
PARVB,-3.9299843,12.332912
DEF8,4.249714,-1.1572472
GPATCH3,-8.995663,10.142664
ZNF627,8.707287,0.0012021916
CNST,-5.0016255,9.904809
TUFT1,9.848222,6.960809
ZSCAN26,-2.225998,3.1898017
CTSB,-3.0857954,-6.232778
ZNF441,3.1419413,0.4553144
SS18,-0.2881905,9.670746
CTIF,1.5220517,0.8845922
BLOC1S2,-5.871563,-5.852006
TMEM218,2.718484,16.019041
CDYL2,3.327531,-11.77904
NT5C1A,-5.338571,7.3224382
DNAL4,-2.541725,4.9612145
SGSM1,-1.6792763,11.358911
CSF2RB,-6.9916024,13.431972
PHLDA1,-0.76376396,5.311309
TPK1,9.636435,-6.164715
TSPY26P,1.2675956,-0.8926466
MSRB1,-3.876506,12.395345
ANKMY2,5.8008957,6.16319
CCDC77,7.7442985,9.62479
CDK11B,4.217484,-7.9562745
KCTD13,3.756665,5.6726637
GLA,-2.5334358,-2.3968806
RNF8,6.042284,12.218853
MRPS18A,-1.2597092,1.1597593
KLF5,1.0240903,-1.7639413
EZR,6.947137,12.317234
MOB1B,6.2303357,8.285254
SNX30,7.5806236,-7.33832
SCAP,7.200305,15.564479
ARMC5,-1.8024888,-5.623997
INTS6L,2.697478,16.054342
SHC2,4.1966934,-12.110218
TBX20,-3.020717,9.323974
LYZ,14.420431,5.703487
ARHGEF28,0.14048824,0.036389057
AMER1,-0.2979855,5.905513
UBE2T,11.448836,4.3708344
ZNF542P,2.7632947,4.413343
LETMD1,-4.014219,5.607286
GSDMB,7.566987,-2.9228005
CYB5R3,2.7140484,-7.0473866
NSUN6,-9.503644,5.9778
PCTP,-6.2857957,11.052658
SMPD3,-9.423712,6.7524633
MRPL49,-10.79319,-0.44153115
ZNF525,0.30020943,-1.3045534
FAM162B,10.965226,5.657272
ISOC2,-12.840765,2.9506822
ZNF81,5.861331,2.5870056
CLIC2,6.033303,-9.665987
TOLLIP,4.952601,14.02783
GPAT4,-8.553733,9.619628
PLA2G4F,10.127187,11.882287
COMMD5,3.6671696,-2.234862
ELK1,-2.887202,-3.5080583
CDK14,3.3402727,3.5229719
ICK,1.8913746,-4.3037767
FAM185A,-2.3090112,9.111395
CBX8,-3.8994517,3.634937
RTFDC1,11.388883,4.3950634
NFAM1,13.777144,5.922142
TMEM45A,14.437251,5.4918094
MFN1,5.6908245,5.789921
PER1,3.7922788,-10.891418
DNAJC16,5.435021,2.6891947
FCGRT,13.108979,6.2330537
SLC6A13,-7.2447853,1.7871718
CDK7,0.5223642,-5.286053
GATS,-4.5712223,5.8404517
SEC22A,-8.773644,9.940224
KLKB1,2.9321606,-0.056372773
CPT1A,7.7331753,9.63509
TMEM234,8.661463,6.3009887
ADIPOR1,0.48346272,2.2891996
SGCB,6.3471785,-3.2495708
MESDC2,-3.3030205,-6.6845613
ZFAND4,3.536145,-6.471777
ZNF697,-4.5687737,5.839026
RASL11B,-0.3814061,14.887467
AKT2,-9.410705,-1.43579
DSCR3,2.6512556,4.4508104
PPOX,-2.967635,-4.9208846
FAM222B,1.5199958,0.88826823
KIAA0040,7.9104366,-9.618643
PPP1R3C,-5.8520527,10.621933
SLC36A1,14.294105,5.176654
CENPP,-0.33255246,15.025605
ANO8,-7.7119794,2.1020005
MAP3K13,-5.8877645,-5.858155
VN1R1,-3.6362488,-1.2534112
BIRC3,-7.438327,6.480894
INSIG2,3.5524526,5.7589555
INCA1,-7.5539107,1.015205
ENTPD4,6.335668,-0.877668
KIAA0141,-5.77763,10.492047
CD14,13.402574,6.0197906
LRIG3,10.076367,-3.8736043
SSX2IP,8.271931,13.32594
INIP,2.543571,4.500687
DCPS,-0.6596121,-0.5471049
CCDC82,9.628361,-6.1387134
PABPC1L,-3.372994,-0.66174287
LOXL4,-3.0308838,-6.168986
UHRF2,7.449257,6.696
OCRL,0.62311494,-1.7450736
SOGA1,-1.7902467,3.453567
ACOT1,-2.8689764,8.004755
ATRAID,-2.0585716,7.3393273
PELO,-0.44636312,5.1169353
MTERF4,2.5818884,-4.7016673
MAST4,6.5420265,-1.0004874
PKNOX1,-4.1785893,5.75324
IKBKG,-2.909869,-4.042556
WNT5A,-1.7910247,3.4358983
CD302,0.13564633,13.817048
B9D1,11.12968,5.1412
PRMT6,-0.25489688,5.3873334
PRKAR1B,-2.2105954,10.86285
KCNK6,5.3785043,-1.9373307
TLE4,0.91416126,6.8963904
EDN1,-7.070519,13.513012
TSHZ2,-0.025088746,-4.79929
RASD1,-0.025461856,6.2523007
POT1,7.6516047,-3.8865876
PCDHB14,-7.304246,6.5597434
TMUB2,0.60631156,-9.160656
PEAR1,4.772033,-12.35327
PLCB2,13.109377,6.232634
FLYWCH1,-4.575565,5.8405986
ZNF568,-4.2909293,10.019269
CLIC5,7.23308,-3.5325441
STAG3L2,-1.6360524,11.930507
SQSTM1,-2.8674567,8.057769
RPS6KL1,-6.5165014,0.73843384
IQCB1,-4.12186,-3.5571756
PDE2A,7.7813377,-9.691133
KCND3,9.297173,6.602864
GALNS,0.86678874,-6.9692655
ZNF778,2.2854898,4.4969006
MS4A14,12.212147,8.874038
RPS6KA3,-8.444059,-0.4394363
DROSHA,6.7415376,3.3790886
ZUFSP,1.8219212,-1.0623497
LRRC28,1.7969224,6.14045
CCDC144B,7.883228,2.6110678
CCDC120,0.8457735,-9.610914
SLC25A6,8.949548,6.22007
DPY19L2,6.351341,-3.7749302
AREL1,-0.052140057,1.1730864
MXD3,3.1836934,-4.81505
CXCL12,5.1964374,13.75667
CRY1,-2.1775415,5.442339
CHMP4A,8.936666,6.1812363
DIO3OS,-2.7575977,-5.272901
MCM7,7.7063866,-2.9976485
FRG1,4.112215,1.7772608
SMPD4,3.8659337,-2.069133
SBK3,-4.546749,16.017859
LIG1,2.7283208,16.0466
CCDC7,-4.101746,-1.114519
DPH1,-7.7099442,6.3718095
CLSTN2,0.26607156,13.617643
L3HYPDH,13.250409,-2.9417267
MAFK,-8.368396,-4.944826
EDA,-3.349114,-0.9954
EYA4,9.253453,6.7001576
PKD1L1,11.147079,5.8871264
SUPV3L1,-3.7111123,7.9086266
TLR5,9.992398,-3.9535058
SMTNL2,5.1765313,0.86978644
XKR8,0.8409311,-9.572047
TEX264,-7.265684,1.6983914
HRCT1,-10.390865,8.073129
MNAT1,1.0230297,4.8268943
FBN2,-1.8750101,10.343232
CUBN,10.873383,5.5726986
STAMBPL1,-0.37217438,15.147621
ERICH5,5.4528737,1.4052879
TOPORS,2.4745986,8.91054
DDIT3,-6.690894,8.507125
TMEM161A,-7.3442893,3.1407466
RORA,-2.294403,5.2677045
SDPR,1.6984253,-12.140498
ZGRF1,-3.345308,16.39434
PHF1,-1.5848404,1.5087112
LARP4B,10.128444,11.883265
MCC,-2.4821987,-5.408142
CWC27,6.4552493,12.591403
TTC7A,-3.4068596,16.459335
LYSMD1,-5.0047936,7.280311
TM9SF4,-2.976024,-4.9856443
RTN2,-9.383297,-1.4878746
NLRC3,9.8038845,-3.9093819
FAM49A,-0.8882197,7.402727
MED19,1.3144308,-5.043685
DKK3,-2.3879025,9.6623745
MAD2L1BP,-7.143929,1.2593304
ZNF514,-9.39255,6.3939204
ZC3HC1,-10.785671,-0.43820545
BAALC,2.9046688,-11.408498
STRADA,0.42231938,18.11868
FANCL,15.120662,8.760695
MSL1,4.5394125,11.360187
TAF4,9.797389,4.6488624
FRMD4B,-3.6797783,14.490497
TMEM243,-5.0673656,7.3665686
LSM8,-4.150155,-3.5890267
NIN,1.3084627,9.834683
SPATA2,-4.059464,16.272139
CLDND1,-9.170913,4.873601
TMEM53,11.268377,0.11096087
SLC25A29,-10.324443,7.9522467
FAM172A,-5.8245335,-5.809324
SOX6,5.008183,11.231418
CD109,8.86436,0.2461237
HELB,-7.0343246,13.474171
CLSTN3,-2.2988977,-1.7074891
TRAM2,-1.9835116,10.089426
F10,11.041741,5.733333
CD151,9.0777025,1.745993
RNF111,1.5313085,9.4804325
KIAA1551,7.961343,13.650138
DXO,-1.6495003,1.5859922
KATNA1,2.6279662,4.4733024
GAREM1,5.019854,13.949795
ZNF322,-4.2823043,10.026638
KCNAB2,-4.5758862,12.261801
GAB2,-2.1360848,17.130758
TM2D1,5.08579,3.7236755
SLC48A1,0.35473052,-5.1479535
CDKN1C,2.8723829,-11.382629
MTMR4,-2.4531896,3.001416
P4HTM,-3.5687327,12.7214155
WASH2P,7.4757867,6.6389184
DGCR8,8.335547,2.850051
GAS7,-2.6265328,16.033016
FAM212B,13.361685,2.576627
SNX15,9.025131,1.8127986
SORCS1,1.1663922,14.802378
SAE1,3.037681,-6.654632
CENPO,-3.0420713,-2.4660118
RGAG4,3.0859387,15.9507065
ZNF649,3.3596928,3.5766845
PPP2R5A,5.995557,-3.2803957
EIF3C,6.0337605,12.25044
PLD2,5.902077,12.700711
ADD2,1.7606872,-5.906008
NT5C,-8.976916,9.480778
AVIL,-9.351633,6.722891
FAM122B,-0.8408028,7.534344
ERICH1,-2.221711,10.916908
ZNF154,4.1142035,-6.6538787
SFXN1,9.2628355,6.7073817
MOB3B,2.4007716,9.212625
ZNF275,6.9371347,2.5426235
RABIF,-2.1774194,-5.8018937
KREMEN1,-1.5592196,11.6107645
ZNF808,-2.8984275,-3.5654378
GATC,1.0015057,-1.768131
TMEM100,2.5641723,9.400001
ANKRD39,-10.897177,-0.5513889
ZNF326,-5.78449,-5.823102
XPO4,6.964889,5.3683333
ZNF592,8.324366,2.8384693
DAAM1,3.493413,5.775263
LRRC61,-12.716946,2.805433
STX18,1.3573209,4.473331
PGS1,-6.993951,13.434173
PTPMT1,-13.579884,0.5492812
NEXN,-5.403879,3.1770132
IL20RA,-1.8483444,9.951495
CMTM7,1.6761769,-4.9335785
CREB3L4,-10.297483,-2.4228535
AFAP1L1,0.7837068,-9.261249
NAP1L5,-4.622505,8.626165
KHDRBS3,-5.6476407,-5.87611
TMEM189,1.5108864,0.87800753
TOR1B,-2.9768918,-4.930017
KIAA1549,1.8334686,-11.52972
RBM12B,-9.445863,6.276967
DDI2,3.249724,-6.5280404
TARDBP,-1.5163276,12.116501
TSPAN9,-1.6907221,10.881849
HDAC9,-5.045122,3.5561647
UBXN2B,7.2358885,17.20663
ALS2CL,-5.95881,-5.8560276
ACOT7,-2.909826,-4.062951
RNF121,1.5169879,0.8837501
APBB3,-9.452138,6.7717443
KLHDC10,-4.4698896,-2.362059
SSH3,1.1512258,-1.5244478
IKZF4,1.7653811,-4.969511
ZCWPW1,5.07584,11.24122
MFSD11,-3.8180802,-0.7822165
CD36,-1.9362429,10.706598
ETV1,5.7913966,2.598683
TTF2,-2.5164168,-4.1799755
LRP2BP,-4.307851,5.924014
GOLGB1,10.751457,7.707557
ZNF630,-9.377516,6.468896
NFXL1,15.120465,8.760493
TNFRSF21,0.2688221,13.644081
CADM4,-7.8413763,0.61300886
UXS1,7.1577945,3.9062316
CLIC3,4.8330603,-12.285836
C4A,-7.3034396,6.509105
VIP,1.9685429,-12.388434
ZNF652,10.0819845,-3.8523128
GPNMB,-5.8541074,10.633893
HIST2H2BE,-2.8428922,7.873506
PAQR4,-10.433738,8.118027
GPC6,-2.15274,16.087069
SFT2D1,-5.557297,-5.966747
SUMO3,-7.567466,3.5708404
SLC29A3,1.44657,-8.696141
TTLL7,6.6051397,11.328272
CASC3,6.3380504,-0.8665066
SRBD1,4.2409163,-1.161186
JRK,0.25421432,6.7733088
DDHD1,-1.8009753,1.7821518
COL4A3,-0.49859166,14.520929
BMP2K,-10.29743,-2.4216523
HIST1H2AC,5.414414,12.823307
SNX12,4.17543,-6.6307917
PCDH17,5.9710464,-9.618559
DIP2A,10.962993,5.654327
CA2,13.014875,-0.11477737
OTUD7B,-2.9578757,-4.441007
CLDN15,3.1124468,-4.8274393
SAP30L,10.748278,7.745004
SERINC5,6.7813334,11.151547
TAF1C,3.6528754,-11.4088
MAPK8,-2.597419,4.402766
NSDHL,-6.1267433,-1.5028756
TSC22D1,1.5262309,-8.711089
JPH1,9.908558,6.83869
IL17RC,-7.3544383,3.224514
INO80,0.26781854,-1.33084
H2AFV,4.4408755,11.073064
B3GLCT,-2.4953525,11.361129
FIGNL1,-8.307972,-1.2052534
TBC1D23,0.5310023,-1.4059365
CTR9,-1.4063289,-7.814145
ZNF44,6.4145455,-3.761594
CROCC,7.692679,-2.9198232
TXNIP,0.0608227,6.3581595
HMGN5,5.705862,-12.508663
DTNB,-0.35263643,-0.32539374
SAR1B,6.684407,3.5762415
MED10,0.0058804853,1.1153885
PGBD4,-1.851245,5.6547527
HTT,-1.8025522,-6.360098
BICD2,-3.1535826,-5.0248356
AVL9,2.5457625,13.411752
WDR11,8.751589,-2.043716
DTX4,-0.37628627,15.147825
KDM1B,7.305765,1.8362861
SIKE1,-5.7877984,-5.8156886
LCNL1,3.085167,0.42096266
SLC39A8,0.6455625,-0.7488521
MAN2A2,-2.863804,8.048417
DHX35,-1.9071904,11.36799
SLC16A10,6.284886,-3.8448548
KAT8,-7.0763807,1.4602587
CLCN6,4.94408,14.043548
FAM43A,-4.3900027,8.850631
BLVRA,2.8879988,6.336754
KIF13A,6.3712993,-3.2161636
AKT1S1,-7.924909,4.250422
GAS2,3.086226,0.49701205
GTF3C3,-4.2901535,10.036121
NET1,-3.846306,14.599682
MED20,14.744887,-1.5072939
CIDECP,1.3332835,0.69193923
PLEKHA5,-2.989186,11.306327
SELENOH,8.628766,6.3062167
BEND5,2.926599,-0.033319786
FAM168B,4.9216633,0.59340304
MYL7,10.223992,7.060028
CEP85L,3.8650281,-6.7239757
NT5DC2,-12.692093,2.779224
SMIM10,10.757766,7.761438
PDK3,2.9697795,8.582418
TNNT3,1.8889962,-12.30249
MIS12,0.3004735,-1.2973467
BRAP,0.65465117,2.473839
TIAM1,0.3041773,-4.571931
RNF219,-10.993921,4.4502954
SLC22A15,4.2451773,10.944392
MAFB,13.175623,6.174611
KCNQ1OT1,6.184924,13.010801
ZNF35,-0.24042822,1.3861098
NAP1L1,4.005257,3.6759858
SDF2,-2.4203947,-4.0989027
FAM189A2,10.32543,7.131353
TMEM209,-4.467969,9.988375
MPZL2,-2.8908925,-2.4285989
ASB3,10.724811,7.6798935
PAK1,5.3814206,-1.9350481
MTO1,7.352588,4.9858065
MVD,-7.9321933,4.2531652
FGD4,0.72844076,8.8321295
ZNF350,-9.13597,-6.441721
MYO16,-12.106209,6.073779
ZNF16,-6.183609,-8.926359
ILDR2,-12.096862,6.083008
ZNF823,-2.4582036,2.9965994
ACE2,-10.374503,8.0453415
CDRT4,-3.4751856,16.635479
PCOLCE2,0.06252705,13.781814
TCTEX1D1,-6.9625716,13.404908
ITIH4,3.2781863,16.640127
TPGS2,5.149282,10.541936
CRCP,11.57307,1.5898238
SYNJ2,-0.33555302,0.6139506
PRKCA,-5.4897223,-6.0388513
SPPL3,1.810019,-5.7766047
TRMT6,6.629318,-1.0979322
CENPN,3.3627486,3.5223966
PTCH2,6.7455688,11.190702
RBFOX2,-2.4223409,-1.3286278
SLC22A17,3.0979733,15.9250555
ADRB2,-6.691236,8.507774
HARS2,-4.817197,7.480638
DLL4,2.9668324,-11.420193
UBE2V1,1.8515769,4.2709846
MRGBP,-4.2823524,16.386652
NBPF1,3.0838566,15.850657
ZDHHC4,6.037506,12.737868
TMEM50A,-0.22510605,9.811115
GPR180,0.49629495,-5.3645954
PIBF1,1.8071209,9.692518
R3HDM1,3.4738538,9.186777
SUMF2,3.0842404,-6.596143
RAB2B,-2.5896506,4.4169292
SCUBE3,-2.3282819,9.610679
NECTIN1,-3.8986292,3.6312084
BEX4,4.9942408,10.698748
TMEM139,10.093184,-1.7951657
COQ5,4.575642,11.19401
NBAS,1.6124184,6.298049
PPFIA3,3.719771,-11.354485
ANKH,6.7015853,12.48876
MEX3B,2.6392086,16.09525
ZBED4,-0.13437058,-0.16657203
SNX4,2.14264,8.977196
ABHD17B,-7.393695,6.522607
FRMPD4,-1.825099,11.148948
ATL2,-6.3028607,-5.8649197
KDM3A,8.855845,0.22266604
CCDC39,-0.021123594,1.5891389
HMGCS1,7.265279,12.110246
SNX24,1.7139374,4.351892
CSNK2A2,-2.3989947,-4.0775
FAH,2.3355377,13.194234
EZH2,-3.4028862,16.460382
PCDH7,-5.4151525,3.172266
AP4S1,7.307308,4.2384763
PYM1,13.739841,11.304484
SAMD10,-7.585009,0.9110745
KLHL26,7.9496465,-9.601172
LIN7A,1.3357865,4.089515
BTN2A1,0.9131904,6.88669
SYT7,-7.52858,1.0331926
INO80B,8.923286,6.163231
TBC1D16,-2.9311235,-4.072236
CRHR2,-10.1127825,7.622741
CRIM1,-5.184965,9.783609
RBM33,1.8586696,-4.049563
GLCCI1,6.58534,8.201487
IRGQ,5.517745,1.7585138
ZNRD1,-2.530224,-2.3936589
AGA,5.8618026,6.233273
RNF187,-3.5694482,12.690903
RNFT1,2.5418468,4.5029135
FBXO33,-6.4242377,-0.8684886
FBXO44,-0.74439377,11.470709
CST3,1.9046085,7.4990554
C2CD4B,-0.6057949,4.896471
RDH14,4.694162,11.233555
WDR33,-2.4461515,15.973461
LIN37,-8.527078,9.594343
PKIG,-5.4102683,1.271989
FAM167B,2.695081,-4.759957
ALKBH8,-2.1346624,3.2106724
CPEB2,1.8426659,-4.3477693
PCSK7,1.9839051,-4.6333146
ATR,0.29554245,-1.2991648
SETDB2,-2.075367,-2.316802
SERTAD2,-5.3324027,9.738273
METTL17,-0.96503216,7.00544
RPGRIP1L,-1.3431106,-8.614957
AHCYL2,10.07184,-3.8376355
PELI3,-12.614756,12.280792
CNTFR,0.0044073844,13.989918
POLA1,-5.314305,9.737399
ZDHHC6,-5.55796,9.597702
IL15,-0.7274226,8.070492
RWDD2A,-9.023216,-6.3308063
CPSF7,-8.365143,8.6612625
NR2C2,-4.011667,-1.0719229
POF1B,6.1110063,7.6007714
ENOX1,9.422164,6.5171976
GPT2,11.587691,4.1571383
ANKRD17,5.6293387,2.6123586
AVPR1A,0.7468592,15.138948
FILIP1L,-2.8195379,17.202866
SCNN1D,2.966514,0.068038866
CADM1,10.028571,6.591606
CCDC22,-12.825294,2.933033
RRN3,6.6643524,-1.0734878
RFT1,1.0146549,0.43671602
FBXO22,-8.003589,-8.434503
CAV2,1.1104773,-9.475093
MCPH1,6.027278,2.501085
CLSTN1,5.213379,13.78124
GRAMD1B,4.9618545,14.018224
ZNF100,8.7531805,-2.0443351
LMO2,1.7216547,-5.946061
MYCBP,-3.1849327,-6.4071636
CXCL14,0.023578882,13.967801
TSPYL5,7.0371213,4.4709883
TTC5,0.10057794,6.4264855
GAREM2,-4.660906,7.3941483
PAFAH1B2,-1.3843949,6.270589
AJUBA,0.24340788,6.762746
MYOC,0.8049497,15.145061
TMEM62,-9.725965,12.219674
GSTCD,7.2823524,1.8829339
CD83,-4.6794705,8.51559
UNC45A,1.146738,-6.609817
MYLK4,-9.560526,1.5892469
ATG4A,-2.3737054,5.2226696
MPI,-2.8334584,7.566065
EXOSC2,0.6108291,0.2784909
CELF1,-8.444085,-0.43974563
ILK,-1.9549421,11.306807
ZFAND1,11.573469,1.5895578
MCU,-7.4594016,6.440279
TCEAL1,6.945436,4.576846
UMPS,0.30863973,-0.76795447
FAM127C,3.0378065,-6.6326394
PAWR,3.4453902,9.181715
TCP11L1,-3.8306658,3.7402987
ZNF430,-5.35029,1.2141641
CAB39L,5.73742,6.107426
LLGL2,0.6014654,-9.16756
ZNF143,2.2484043,2.2233047
TDRD9,9.821287,-3.9102578
GOSR1,1.1919628,9.272995
DNAJC18,8.652934,-0.06881513
SPRTN,1.1401345,-1.5447713
RIPK1,6.0685096,-9.843431
NKD2,0.28771484,-4.6362195
SPTLC3,5.868098,6.2654963
PPM1H,-0.60873175,-0.51544094
GNMT,-0.38144013,15.158472
NDUFA12,-2.0664024,7.373188
SMG7,3.3404918,4.158882
B3GNTL1,-8.756816,12.76123
ACTR6,7.3740177,4.195733
CCDC66,15.11793,8.759884
COG7,5.5114217,1.9157357
FLNB,3.4309433,-11.541427
ZNF320,-11.67937,-1.7339776
PRDM1,6.16958,-9.85802
DNAJC28,-1.7070606,10.879913
VPS13D,5.1208286,13.836892
PIGV,-1.8178265,-2.5985718
DDIT4,-0.74768704,4.772143
SNAPC5,-4.9017067,7.250487
STAT2,10.170631,-3.9623778
TTC13,-1.9956381,7.3291526
MAP3K5,6.0450945,7.363849
CDH19,-2.615568,16.02382
VAT1L,-1.9078183,10.355725
TRDMT1,6.6539555,-5.736211
GAA,-3.5238562,12.7329235
KIAA0408,6.6002536,11.336545
ZNF445,4.179347,-6.6142216
CECR6,-1.6140316,3.5475376
DEDD2,-1.6608714,11.980862
SS18L2,0.043087747,0.49684024
RHPN1,9.032342,1.8083509
ZKSCAN2,-8.003739,-8.435265
BBS1,7.541869,5.1919436
PCNA,3.5053358,9.245629
KIF1B,5.6343617,2.6179597
B3GALT4,-2.9219165,1.2897395
METRN,1.9310111,7.5269237
IRF6,-2.8138688,11.329959
MAML3,-1.7000222,6.980077
MAP3K9,9.24865,6.7096605
ABHD14B,-2.7856505,1.394676
CHD2,6.5410123,-0.9998609
COLEC11,-0.36462897,14.914747
SNUPN,-6.67411,11.460757
SLC33A1,3.4553885,3.7604623
CD320,9.068427,1.7934754
ALG12,3.341027,4.158329
HMGXB3,-2.940747,-4.4382515
NAGPA,-0.57186073,-9.838631
COL5A3,-2.4848404,15.933338
IGF2,3.364669,-11.24966
NRSN2,1.3533989,0.7030798
NPIPB14P,8.951744,0.37144402
RPAIN,-1.6076297,7.127029
STK35,4.938592,14.046065
ALS2,1.6300833,6.2884674
RYR1,-4.8461723,12.069342
ATP6V0A1,-4.0194807,-0.69505185
UPF3A,-3.1850367,13.014442
PNN,-4.2304225,-3.6518855
CENPS,-6.1837354,-8.926339
CDC26,11.573449,1.5889088
CD38,7.7388687,-9.769861
ZNF526,-4.6212616,8.629336
KYAT3,-4.604037,2.7735994
FAM122A,-1.4086448,-7.800832
HMGCR,-9.123672,4.90739
MORF4L1,5.587952,2.6114502
RGL1,1.1620649,15.465342
PITHD1,4.082048,1.7335896
NFE2L3,5.99506,-9.830025
ATAT1,3.7947361,6.1400895
LAMA3,13.007182,1.4012792
NBPF19,-2.5718734,17.218744
FPGT,-0.7324201,12.917845
KIF13B,2.6442146,-4.578427
FAM45A,6.6541395,-0.6604024
ZNF48,4.0838623,-1.2921798
APBA1,11.114208,5.851265
EARS2,5.349166,12.82137
MAGI1,1.3772732,4.104313
LIMD1,-6.957763,13.397568
VAV3,0.9366151,6.884144
WDR60,4.2646,10.993754
POLR3F,7.315868,1.80784
SEMA6D,-2.499815,-2.4480999
FBXO21,7.2628965,-3.4728806
SDHAF2,-5.5329733,1.3454717
GLRX2,-12.108762,6.071289
RNF19B,-0.0029215165,0.5363927
ASB7,5.090601,2.6195319
APPL2,1.8973137,-4.1047215
NUDT16,-3.8624375,12.4134865
ZNF142,-1.8137794,3.4027638
SERPINA5,2.6778219,-4.280704
EDRF1,9.70742,4.744764
IFI27L1,-7.5092006,3.4472082
NLK,9.751693,4.6968656
SLC12A4,8.701026,10.289154
TMEM183A,-2.500167,-5.440747
KCNQ4,9.33866,6.5326858
ZNF334,-7.455847,6.4438543
KCNJ8,6.355788,-3.220408
RNF26,-1.8223636,-6.3403087
TUBD1,-6.2666,11.033904
LNX2,5.7830777,5.792756
LAMA5,6.2797,-10.140602
UIMC1,-2.3732843,-4.0545254
GRK5,0.42889866,13.355184
ISLR2,4.6701875,-12.381399
CCDC93,4.9247217,11.238829
ZNF511,-13.322821,0.38285708
NINJ1,-13.344019,0.40758175
MASTL,-1.35539,-8.628567
APIP,8.096472,4.2155004
PLBD2,-2.4030015,16.130754
ERGIC1,3.065208,8.323602
A2M,2.7540095,-11.623891
COX4I2,10.960992,5.677267
ZCCHC11,2.3507526,2.3319163
RABGGTA,11.270799,0.11074545
MAP6D1,-7.1498227,1.270985
NASP,6.349626,-0.87218046
AHI1,-4.189858,-3.6165025
KIAA1614,5.0234895,11.238767
METTL16,6.0894084,8.439846
ZNF234,-3.626708,-1.2765375
PPWD1,-2.1877952,3.2176864
CARNS1,-3.9433599,3.5740752
AHR,9.020657,-6.0486035
UBN1,-3.6149275,7.992336
MLXIPL,-3.6956656,7.9237094
ATMIN,-1.4146903,6.237316
MAX,-7.8860655,6.243014
HCN2,7.257768,-3.4079568
MED28,6.2990255,-0.8430883
HAUS1,-1.3598,-8.629258
NEK7,7.020845,5.5965734
RIOX1,-10.947074,-0.60024035
HEIH,0.82939076,-9.041193
DYNLT1,-7.548666,4.1101403
MAN2B1,3.016766,-4.8124743
ZNF280C,-1.7030667,6.028694
NFATC1,6.9359255,-9.847745
CRELD1,5.4354925,12.833878
ASTN2,1.1922213,14.786727
LRTOMT,1.0777372,0.387867
ACTR3B,5.06961,13.89543
WFDC1,3.2757285,16.635483
TRIOBP,5.3606863,17.434565
MTX1,-6.2477875,-2.0893753
RUFY3,-7.4379835,3.3972979
FTSJ3,8.3411045,2.8549309
GCC1,-2.9330814,-4.0735507
PHACTR4,-1.9209552,11.409361
MROH1,-3.5720282,12.723633
RALGDS,-8.320693,8.753897
MRPL54,-7.669456,3.9263818
BLOC1S5,8.275636,13.326534
NOX4,-7.148602,12.338115
MEIS2,-7.259333,6.73743
GALNT10,-3.5060365,16.730389
MTMR10,2.2416847,2.2148178
ZNF385A,1.9507085,-4.588627
NOM1,0.37368992,-0.5334546
PIGF,7.313407,1.7584251
CCDC102B,6.6423383,11.301177
ZNF207,1.0804385,-1.579755
USF1,-8.878706,9.53709
ARL10,-4.1326203,-1.1593843
PRCP,-2.321602,16.2885
NONO,-9.460523,1.5999402
DAG1,-2.8618424,8.051093
TBC1D20,8.939026,-6.20565
TBC1D24,1.5604504,-8.715084
PIGX,7.3286824,4.232123
HACE1,2.4186535,8.888413
HIST1H2BK,-2.9376013,-4.8977942
CDK13,7.9597273,13.649199
LZTFL1,-4.6428843,9.976901
INPP5K,9.0670185,1.7740109
FAM103A1,1.017772,4.8328443
MPZ,1.2146262,14.768206
KLHDC4,-9.36743,1.5748333
SPSB2,-8.549504,9.640635
TTLL11,0.39880902,0.36828274
DCAF15,-1.5434283,12.071655
ADCK2,9.031415,1.8101659
HYAL1,4.876056,-12.276124
PCDHB13,-7.3076534,6.5483093
RNF215,0.8458992,-9.618549
ATG10,5.178374,10.514041
FAIM,-3.7048948,14.290418
NOL9,1.1612475,17.02768
NAV1,-2.2396977,-1.9556665
MOV10,1.6987907,-5.987012
QPCTL,3.999209,-6.7015753
TMEM220,-2.1642606,-5.781568
FAM136A,5.718417,12.780511
ZDHHC14,-12.389167,9.699631
FEZ2,2.7241004,8.702344
IL2RG,13.642242,5.709781
SPTBN5,-5.589874,1.3846868
FAM86DP,5.3601546,17.434439
MFSD9,8.770911,2.8267696
DAD1,0.5179299,-5.2396307
ARHGEF4,-2.4785922,9.321861
CETN3,-8.88302,9.549697
ST6GALNAC6,-2.0653017,-2.3092368
DEAF1,3.207194,-4.813154
FBXO46,5.866083,1.1235181
SLC35D1,6.751898,8.280685
PHC1,-3.0091765,9.318214
PIP5K1A,-0.7841838,0.94106627
NUDT14,-7.3582606,2.018402
PCIF1,2.7830255,6.5430207
CCZ1B,5.631987,2.492608
FNTB,5.0478344,11.234793
KDM8,-2.5362976,4.972415
ASS1,3.5347233,-11.73231
RUNX2,-2.31227,16.441671
H2AFY,1.6208069,4.411284
GEMIN6,13.017619,-0.11462013
DYRK3,-4.9239435,7.3303394
ATOX1,-7.466751,4.157197
C2CD2,8.589158,-5.96985
EEF2K,-8.36627,-4.9444947
ANPEP,14.305223,5.1973276
KCNJ12,-7.706825,0.7589904
DYRK2,8.306402,13.290872
ABCB1,4.8624945,-12.277758
RHOT1,6.1720963,7.851228
FAM160A2,-8.787906,9.940646
PLA2R1,1.1410935,15.454235
CDC16,-2.3979406,3.0492852
JADE3,1.0317458,-1.5507263
DRAM2,-1.7690628,3.4614482
RBM22,-9.170803,4.873311
TAF15,3.9969544,-7.126785
TMEM110,7.4206557,-7.629315
SPATS2,-3.394982,16.465872
IL17RB,-3.6582623,7.9514894
CAMKK1,2.6499476,-4.5959735
ALG6,8.559618,-5.950619
STAT6,6.085697,5.3853664
RASSF8,-0.25518453,9.800851
HNRNPL,1.2484524,4.572647
BCL2L2,5.122262,13.838048
PLEKHG5,7.625413,-2.9185586
EXOSC5,-7.3770742,2.9531147
MDGA1,-2.210712,10.937164
YEATS2,6.726366,-3.788901
ZNF277,-12.135612,7.5611715
ALG11,6.186025,2.5349712
RALA,12.954857,10.337273
GJC1,2.6432981,16.087675
DUT,-2.5177946,9.296642
ZNRF3,5.081823,3.7306523
PDGFA,3.2912593,16.671455
PLXNB2,-3.6328108,-1.2236155
MALAT1,-0.30530986,5.810719
MED6,12.956112,10.338631
FBXO25,-6.1836987,-8.926632
SCFD1,2.7738554,4.9006314
FAM69C,-1.6391162,11.351475
SLC39A9,-0.76323277,11.469324
RINL,2.6830719,16.071123
HECW2,1.8989567,-12.312928
DERL3,-7.3076444,6.6660395
PDGFRL,0.5199384,14.848367
ITGB6,2.3075294,13.165349
ABCA1,0.7258647,8.835951
AMPH,-0.4999228,14.524779
PDLIM3,0.87927514,2.66015
ECD,-1.8748323,-2.5382135
DYNC1H1,5.9826283,7.6296916
SLC38A11,2.5444071,9.396572
NSMCE2,6.1827254,13.003524
EFHD1,7.728247,-9.785605
NSUN3,-2.4026585,3.0436544
SUPT7L,4.010438,11.721692
ZNF616,13.015621,-0.11313954
STK38,-4.2147164,5.8470883
TCEANC2,0.23452432,6.963969
ANO2,4.092806,-12.039739
RNF168,1.0376468,-1.5310379
DCAKD,-2.8521607,7.5701127
PPCS,-4.71828,7.39843
ALKBH2,5.1586633,-4.8224077
PALMD,-2.3766313,9.694893
ERMAP,-1.0204636,4.003912
ERC1,5.2835164,-9.455895
CBWD1,7.2385626,17.201324
VTN,5.119421,13.808895
LSR,1.6048241,-12.295184
TKFC,-1.5185118,12.109273
TBCCD1,-5.3275614,-5.687657
POLR3GL,4.7207165,11.212202
RNF157,-2.8261979,17.19637
PHYHIP,-1.3943877,3.6319697
METTL18,13.014261,-0.11217377
VEGFA,0.10019373,6.406509
ST7L,-0.3216865,1.3497543
PAQR3,2.4474015,8.896338
ZNF354A,1.1609406,17.02742
ZDHHC15,5.8785987,6.2931776
ZNF600,-2.8615134,8.04998
ATF5,-2.7280362,-5.48396
GPSM1,-7.158574,1.3089937
TESC,10.100796,11.9152975
BCO2,-4.85469,3.1250405
PTPRF,-1.4277011,3.6094322
KCTD2,9.2837925,1.6899993
MAVS,-3.8548515,12.41243
GMNN,-3.7376182,14.317904
RNF34,1.8842678,10.564579
KIAA1586,7.4246726,6.7342153
NSUN2,-0.25682262,0.8024771
EIF1B,-2.0253127,7.357308
ZNF626,0.22664586,6.990756
PEX26,-2.464182,-5.435991
KANK2,-5.891446,10.657082
AATK,-0.92576146,-3.6360624
ZSCAN18,-5.473418,7.310066
RFC4,1.7101465,4.371477
CITED2,-6.394109,11.161792
RPH3AL,3.5052311,-11.639183
SH2B3,3.3397872,3.4597495
TENM1,-0.4023143,14.58165
BBS12,6.7539167,2.5286705
DBF4B,-9.366753,6.7075257
LRRC37A17P,-2.8896482,-3.5323522
XPO1,2.8338501,-6.850016
PZP,4.8352904,-12.32157
AURKA,6.259964,-3.856534
CCDC88B,13.775538,5.927537
BRD7,2.4688106,2.4765756
CRTC1,-0.9472109,6.8073344
ANGPTL2,-7.299686,6.5690284
OSBPL1A,6.219614,7.8726964
GRAMD3,7.9067993,2.6119866
SPG21,11.568389,1.5938369
FAM168A,1.1580458,15.4719305
RBM15,-5.4663897,3.1884012
ZNF530,-5.5367556,7.275452
GLDN,1.7517366,6.1796136
ZNF597,-2.2105546,5.3512607
RAD51D,6.001061,-3.3024502
SFR1,2.7283437,4.4286785
ANGEL1,3.380999,-11.635242
CMAHP,6.2183475,-10.078643
GFOD1,-3.1496744,-5.018208
POLH,-4.0035458,14.375876
GBA2,11.306641,4.704166
PLEKHB1,2.9361203,0.0010629663
ITPA,2.685315,-6.6784477
TMEM86A,-3.3449063,-6.768507
NPNT,3.0151377,8.378012
KBTBD8,-1.7405108,10.406587
MMD,6.321923,-0.8688352
CCDC127,-2.8531432,8.05206
MGME1,1.7837862,6.1533756
MRM2,-10.792383,-0.4407352
TSHZ1,6.1684365,8.358319
MAP7D3,-3.2093408,-6.444803
PANK2,-6.7334867,1.6449944
SSFA2,1.8940289,10.577533
TRIM13,6.1063223,3.294884
EMB,12.2083435,8.868368
FAM228B,3.215241,0.5241375
NUDT13,3.0876245,0.40684754
RNF169,7.7371535,2.636703
NLGN4X,0.0033505475,13.725761
TSPAN2,5.690503,-12.50767
RELN,1.2214295,14.762189
SLC25A10,5.7627106,1.1996596
ZNF417,1.9008186,-4.0611134
PELI2,-4.2680764,14.618539
CASKIN1,-7.735308,0.7282024
DENND1A,-9.057426,2.358264
HELQ,7.3321495,4.9424458
CPVL,5.484885,12.83039
PDE7B,11.003338,5.70596
MBOAT2,-2.0484178,11.1752405
ATP5S,1.769844,6.171323
LAPTM4B,4.7032375,12.270566
IMMP2L,7.2051687,4.3477755
TRMU,-1.5795778,1.49983
TMEM108,0.78363264,15.180153
FBXO4,5.0945935,2.6172256
HOOK1,-5.351799,3.1720803
ADAM17,-6.0773306,-5.863216
PRDM5,-8.299708,-1.215827
VWA5A,-0.21344014,13.545994
PHF11,4.8922343,0.5571347
CCSER1,-5.3988175,3.1745293
ADCY1,0.9302951,15.076376
CEACAM1,6.117731,-9.905715
NAP1L2,3.4293046,5.7871532
ZMYM5,2.4925835,8.900173
MTSS1,-2.2395504,-1.7890141
SHTN1,-1.3509829,-8.622059
USE1,-7.378998,2.9884963
RAPGEFL1,-12.135113,7.561581
FER,7.936452,13.530961
PTPN2,6.46418,-0.92309433
LXN,0.80455035,13.298201
METTL26,-7.461391,3.4299188
SNHG9,-7.5098605,3.4923608
FUT11,-1.326786,6.262161
TMCO4,5.7803183,1.1754266
SLC25A14,3.0439694,8.350325
RASGEF1B,0.034608066,6.322452
IFT140,9.388048,1.6368952
CCDC85C,-10.788118,-0.43707094
PLA2G15,1.5208156,17.768051
HAUS2,1.1144747,-1.5992795
SQRDL,-2.871356,-3.4542165
CLMN,8.570112,-9.593361
KITLG,5.4370947,-9.551258
SLC4A1AP,6.2606597,12.652777
NMRAL1,2.780631,6.548766
RPL15,8.94376,6.1808634
ITGB3,2.987931,-6.0070057
NMNAT2,1.1622027,15.476589
FAM192A,1.047914,7.3006635
APOB,-3.6186352,7.9686747
WDCP,3.9401426,-10.758142
TBCE,6.1024914,12.784483
MVB12B,-4.1473365,-3.5854523
MCM9,-6.58081,0.8547885
MIEF1,6.020341,12.224437
NFIB,4.46698,-2.1749048
CNOT10,-3.20891,-6.442706
POLE4,8.658571,6.277678
PPP2R3C,3.6508098,11.986246
PEX14,-1.276639,1.176245
ITGA11,-5.19078,9.773491
HCG18,6.5133705,-0.9693149
UBA52,4.2116914,2.2177138
FAM127B,11.099628,5.2558146
ZDHHC21,9.562722,-6.156449
ABCC1,8.70265,10.28739
PAOX,9.042451,1.8064431
SORL1,15.06018,5.4111676
SLC25A16,-1.818333,-6.3479486
ZFY,-3.0194001,7.430533
RDH11,2.9137278,-5.8992124
ETNK2,5.381516,-1.9366668
CABLES2,4.9804096,13.996345
FGFRL1,11.334087,0.10543832
OPHN1,3.4728208,-6.065469
MESDC1,1.997961,-5.314919
DCAF5,4.035774,3.608009
HMGB3,-7.4636345,4.189603
SNX27,-6.2781444,11.042906
SOWAHC,1.0651995,7.3269086
TGFB3,-3.4872782,-0.77998114
EDIL3,0.10274069,14.972537
EIF5A2,-0.28846076,9.698872
SART3,-8.346975,8.684144
PDCD2L,5.2099757,12.784551
IFI30,14.46667,5.611906
APOL2,3.1159313,15.893054
NIT1,3.0369446,6.3279934
ATAD2,5.74594,5.893253
UST,0.2153708,13.723133
MGRN1,5.4302073,2.1428275
GPR173,7.18751,-7.362615
TTC28,13.005922,1.4045318
SOS2,6.523778,3.2975352
COMMD7,-1.4560406,6.691702
MARCH7,9.75431,4.6910634
CRYZ,8.66275,5.368121
PHTF1,-5.9664187,-5.8818316
MT1E,-2.2590158,-2.076417
CAPN10,-3.1802824,13.003018
STAM,6.643363,12.532146
ZNF235,-9.631459,1.209821
ZNF273,-6.2373853,-2.0791557
GPATCH2,0.7279496,8.83551
TXN,-2.7931175,-5.739345
RBSN,9.671459,4.7838287
EPB41,-5.1578465,3.1362736
PTS,1.4657173,4.1095285
NDUFAF7,9.332041,6.52499
CPNE1,5.589927,5.6887183
PLEK,14.598099,5.60687
RNF216,-0.017518206,1.1237758
SLC39A11,7.158808,-7.681723
CAMLG,-6.107976,10.678917
TDRD6,10.886891,7.147608
ZNF853,5.4645276,1.4064924
FAM76A,4.0744333,-1.2684683
SIVA1,-7.4032707,3.327847
SPATA5L1,2.3602393,4.5322804
ZNF839,-3.5180588,12.734038
DYRK4,-1.6202945,7.138104
PDF,3.7459302,-2.1533659
SLC19A1,-2.5469074,15.944363
CHCHD1,-7.354936,3.0204287
NANOS1,-12.114996,6.0633483
GPR68,0.30881548,-4.6152053
TALDO1,2.841085,6.421755
GBF1,-6.1454916,-1.4448359
CARS2,-8.755591,12.763141
APTR,-4.181282,5.756458
NIPAL2,4.131577,-1.9113561
HMGN1,4.0916643,1.7489653
NRG2,6.9348054,-4.164019
SAAL1,6.752948,3.385971
DHRS7B,1.3628887,4.4673424
CDKN2AIPNL,-2.1558685,7.2538805
FMN1,12.247759,8.914033
STAT1,10.519438,-4.1591573
ING1,-2.0744517,5.529155
MED26,6.60494,-0.74497426
GNB4,1.0392667,7.287303
CNOT11,5.5188885,1.7071604
SUV39H1,-1.5131866,12.121727
TCTA,-1.9307543,5.796014
SETX,4.289031,3.445776
KCNJ2,4.906315,11.22303
CAMK1,-3.5840805,17.212572
RPL9,4.2220936,2.2253158
TMCO3,-0.2463214,9.824046
RHBDD1,7.2950506,1.8381518
GCFC2,2.7754877,8.96236
ENOX2,-4.465183,-2.3585737
FAM160B1,-5.546341,9.610173
EDC3,2.4557068,-6.6698
UEVLD,2.203591,9.150542
FMNL1,13.770554,5.9197583
YAE1D1,7.4192495,4.17151
UBE2E3,6.111289,3.3075202
CPEB4,4.3958387,11.070083
ZNF773,1.2811073,-0.8986361
SLX4,7.7035084,9.669902
TMEM199,-8.117595,4.3454537
OSTF1,0.9671294,-4.594581
RTF1,3.6723237,5.8749013
NIPAL3,-2.6774344,11.389748
SLC2A5,-7.381916,6.559213
MTAP,5.184591,5.56009
DOK7,10.121623,6.7682204
FIBIN,-2.3032522,16.961208
ZNF230,-10.998328,4.456423
KTI12,0.37717727,-0.89907676
VARS2,-5.6067076,1.398426
PLEC,4.880258,0.5482339
AMACR,-2.9637723,-1.210743
FAM193A,-8.03865,9.062888
GRB14,6.77737,-3.8623087
TVP23C,-2.3103092,16.43734
OCEL1,3.096846,0.3812754
LPIN2,-0.7125748,-0.59640473
SDCCAG8,-4.2090735,16.33456
SLC2A1,-2.5175629,-4.228925
HYLS1,-8.003854,-8.435228
ANO6,7.9211545,13.472628
RYK,-4.9084487,9.957795
TMEM251,5.7291765,12.760954
GALC,-10.713068,3.5428643
IGSF5,10.353428,6.4688134
ABCB9,1.0839124,9.141921
MGMT,-6.397381,-0.961957
TOGARAM2,-3.932168,12.340137
TRAPPC6B,3.47121,5.7908883
PAPD5,9.440265,-6.1208897
TMEM41B,5.088008,3.7453804
AZI2,5.669191,3.2531939
KIAA0895L,1.8392005,-4.3426404
TAB3,1.3285553,9.745868
G0S2,6.925792,-4.1337943
ARHGEF10,0.91585654,6.898057
MYEF2,1.8759714,10.548137
TTC39C,-3.081333,-2.4818606
SYNJ2BP,5.8280725,6.196428
CALCOCO1,-9.377448,-1.498744
ZNF576,-13.095319,0.2706753
NBN,1.5363814,10.157933
MCAM,0.93140155,-4.564943
NSD2,-6.258663,11.017255
TCEAL7,6.627961,11.310686
CENPX,7.1970134,15.566901
SDSL,-1.6532652,7.0833964
CSE1L,2.5154247,4.4864607
HTATSF1,7.179053,4.4301543
PC,7.5748262,5.2099853
FAR2,-2.314924,16.307596
UBE2D4,-2.0778885,7.292235
MIIP,11.639336,3.838898
CTNS,-8.417945,8.604801
EGLN1,2.2663238,2.244732
TRMT61B,6.935922,5.137728
DTD2,5.106444,3.730966
GATAD1,-9.990504,-4.932748
HMCN2,0.61872953,15.132527
TBL1X,-7.4096327,6.500053
IL6R,-0.7854955,0.93912464
CCND1,-4.1618056,-3.5972974
TET2,2.7788703,6.549649
SLC1A2,-9.659227,12.161026
PTK2B,14.350866,5.259685
SGK3,1.9065952,9.091366
GSPT2,-0.27304244,5.42922
EFCAB7,10.60068,8.002512
PPP1R12C,-1.6010988,1.5287734
PDLIM2,7.429809,-7.716158
GUCA1C,-1.563633,7.1049128
RCCD1,10.874377,7.14214
GCNA,-12.283663,9.625789
BAHCC1,3.72104,-11.343951
FCF1,2.7441545,4.4156747
ZBTB33,5.2824683,-9.456187
IFIT5,0.86362904,6.975474
ZNF394,-1.8772818,-2.5251215
ZNF775,3.6190062,0.4959822
PDCD2,0.9308696,0.33089247
GABPB2,-9.3883915,6.5339355
VGLL4,5.3476844,-9.498608
AP4B1,-10.311654,-2.4397044
GGCX,3.3500595,4.153078
HEY1,1.743545,-12.057076
MYH3,-10.713018,3.5426939
LMO4,13.250186,-2.942044
MRPL58,-2.1343665,7.3110867
PTK2,-3.6400957,17.3248
TOM1L1,4.8697953,10.780885
NUDT2,-5.372142,1.2391107
ZNF438,-2.673309,11.389736
CCDC85A,1.7556063,-12.046737
TRPM7,6.216493,8.250863
ELAC2,-6.1471047,-1.4282357
C2CD2L,4.077265,-1.2747113
FAM120C,3.5272546,5.847984
ZNF552,6.392282,-3.7541184
APBB1IP,14.545054,5.6217833
YBEY,-2.764213,7.6167703
SWT1,-8.195941,8.887719
AKNA,14.412738,6.2672915
OSBPL3,-0.70423895,-0.59265935
SEC61A2,7.0905294,4.4072566
SOCS2,-1.0077705,7.0195284
FAM95C,10.320316,7.130267
ANKRD2,1.5209816,17.768412
CCDC8,-10.935789,-0.59015787
SLC25A53,5.7627964,2.600669
VSTM2L,-4.5319743,16.033371
PPT2,0.5269528,-1.387208
ROBO3,6.752471,5.110639
NINJ2,4.192001,-12.105013
CREB3L2,0.06334986,-4.837694
EXTL3,3.7926357,7.3663354
BRSK1,2.5665233,-4.54889
ACAD11,5.4476137,2.157892
MTURN,3.5379744,-6.470386
SH3RF3,6.545316,-1.007555
TBC1D31,5.0246973,11.244714
MCFD2,-3.248011,-6.48594
ICMT,6.958086,12.30948
DACT2,-2.474801,-2.3296266
MPZL3,13.250101,-2.9419048
MEPCE,4.2612185,-1.176078
HYKK,-2.9107616,11.342827
ZC3H4,-9.756143,12.244403
BIRC2,1.7847247,10.039058
ESF1,0.49415645,-1.3811986
KLRD1,14.389167,6.249866
LHPP,-5.4074907,1.2637823
DUS3L,0.6708478,0.3059686
SYTL4,-4.287748,14.622827
LSG1,-0.27556956,0.8015241
ZFHX3,7.9028687,2.6080418
THOC1,9.087937,0.48539916
PPP4R1,-5.773605,-5.8283124
TMEM50B,1.8464133,9.825487
RASAL2,-5.295504,-5.6754
MGAT5,5.004824,0.71927327
SELENOK,-1.482287,6.71596
USP6NL,7.4511404,6.6405287
RNF214,-2.845859,6.14666
TDRKH,-2.8187175,9.275025
EIF2AK2,10.523492,-4.1606026
SPG20,6.028403,3.320469
CNKSR3,2.8276398,8.667956
AGBL5,0.52996844,-1.3977084
LMX1B,-2.5659854,16.05779
MUC1,3.2171557,-4.667499
ETFBKMT,-3.9633756,-0.9498508
UNKL,7.9996977,-2.9631019
RMDN2,-2.941929,-4.4648585
ERO1B,0.9980402,-1.7894539
SLC35E4,-13.215002,0.3114243
TSPYL2,-0.017729007,1.1290743
EBPL,3.1769192,-4.673115
ZCCHC9,15.12078,8.760808
FAM110C,-4.883816,3.0929134
FAM180A,-1.6930444,10.882806
ZFHX4,3.1326187,15.870628
ZNF251,1.4919405,-12.388434
POLR2J4,-12.916323,0.24891756
FAM46C,-2.6871507,11.392858
CDAN1,3.5905156,0.48892334
PPP1R32,6.517499,3.3235867
LRRC75B,1.3523299,-1.1714653
WDR61,1.2840258,4.5510716
DECR2,-7.4107323,2.0711284
BBS9,-2.3932357,9.507963
HMBOX1,-3.4463353,-7.011108
INSR,-7.305127,6.535254
THBS4,-0.35262007,14.864044
IVNS1ABP,5.9000516,2.5734386
COPZ2,2.2896857,3.326889
ZNF788,-3.4456584,-7.0076413
NEK3,0.55448693,2.370912
SEMA3C,3.471503,9.215015
ARID3B,0.87295884,-8.779631
PHYHD1,-6.5115337,0.73872805
SNX16,-5.566228,9.595301
VAV2,-0.081273064,-4.2886953
RTKN,2.4608982,-6.681212
ABO,-10.112685,7.6237583
ID4,3.2869182,16.659891
PI4KB,-8.04162,9.055227
IGSF1,0.8450831,15.162893
CNTRL,7.4192476,-7.677925
CHGB,-3.5743372,7.992036
SRR,6.266748,5.0002236
KRI1,-2.386161,-1.4010755
MPV17,4.190593,1.8996826
TRMO,6.040991,12.246973
SETD4,-2.3088167,5.2557693
BBS5,-10.925332,-0.5802914
ZDHHC13,2.0779977,8.987951
SETD6,4.1473007,11.6888275
SMAD4,3.816578,6.174066
EIF4ENIF1,-6.0764413,10.701628
SDK2,-2.6164825,-4.3066196
TTC19,1.1719657,-1.4780047
PTGDR,-0.35028714,0.6596101
CIZ1,9.36721,1.6373609
ZSCAN21,3.26053,-10.765862
DEPTOR,1.8192507,-12.260678
PYROXD1,2.7610664,4.863744
TECPR2,0.12958726,0.012750473
PRKCE,-5.9681726,5.000243
P2RY11,5.1990447,-4.8691387
CPXM1,-2.5378413,15.97596
IRS1,5.9899306,7.570761
SLC29A1,13.249618,-2.9419959
ZFYVE16,6.9944725,5.558073
OSBPL2,-3.979659,3.517891
PRIM2,-12.292424,9.634792
IRF8,13.79772,5.940494
TEAD3,-9.076134,2.2196004
RNGTT,2.7407928,4.381625
QRSL1,4.4950814,11.318195
CYP2U1,7.0099397,5.1596017
PTPN20,4.4100037,11.413794
UNC13B,-3.2144425,13.049952
UFL1,8.126376,4.1927347
ADAM33,-1.1840482,0.95792717
AGT,11.000918,5.70214
SNAI2,7.202089,-7.3200407
ZNF250,-2.1912353,3.2143617
PLEKHA7,9.32538,6.4862294
PPHLN1,11.57122,1.5914963
KIAA0907,-4.2230515,-3.6479518
DHRS1,-3.986068,5.992485
MAP3K1,1.7548965,-12.202969
PDE1A,2.9523606,15.90262
LRR1,-0.3068825,1.3047558
TMEM187,0.35703754,-0.42399463
TUSC1,-8.232957,8.865283
ZNF764,-7.1584473,1.2232485
SFSWAP,-13.116083,0.30856702
KCNK3,4.191046,-1.6889192
DOCK6,3.6212914,-11.455183
GNG10,-0.98044664,0.97458434
NBDY,0.5060066,-5.270038
SLC9A7,6.0013647,-3.3069367
CCNG1,-6.033798,10.790003
MRPL21,-1.605932,7.1248703
ZNF436,0.10116965,6.3953238
PCDHGA12,-2.5320303,17.293287
ESCO1,-4.24038,10.081892
TMEM63B,6.210859,13.029169
ZSCAN25,8.762633,2.8281832
CNKSR2,-8.297522,-1.2181094
NT5C3B,7.178241,15.582587
FAM110A,2.5289702,-4.6794047
TTLL12,-9.077724,2.249489
ACSS1,5.5240307,1.7419771
SLC9A8,-9.748928,12.2388935
FBXW2,1.9390676,9.062617
SETD9,4.415753,11.047228
RAPSN,-1.9794594,11.258609
SIRT2,5.855164,1.1312114
ETHE1,-2.3527381,-1.4896272
CDC42BPA,-4.339802,10.004275
ZNF707,7.940128,-2.9797742
ERCC3,7.7053404,5.289585
THG1L,11.573398,1.5900677
KPNA5,9.535826,-6.139697
PPIE,11.50144,4.2680445
SORD,4.0366845,11.708985
MRPL9,0.55138624,2.3659058
TSTD1,11.586154,4.163592
MERTK,12.247901,8.913829
KLHL34,4.422107,11.483082
POLR3B,-2.2447324,9.056844
IRF1,-2.4488869,-1.2447102
MITD1,-0.20951524,9.830504
AP1AR,0.7312999,-1.5936196
HOPX,13.007088,1.4017559
IFNGR2,-0.78846306,5.284479
CLCN2,1.8513036,-1.0412298
LDOC1L,6.0148034,2.5111299
UBXN8,-2.107128,10.984023
BRE,3.725775,7.2832584
TNPO2,-8.361472,8.66844
PEX3,6.061412,7.5545473
MUM1L1,-5.016586,3.4693584
PLXNA3,-2.151422,-5.8230515
PPIG,1.5002841,9.47746
PNMA3,-2.1963298,10.931924
IRF7,1.7093228,-5.9767942
DCLK1,-3.440135,-0.67766917
KANSL1,9.805211,4.64852
INO80C,-6.423536,-0.86879265
BST1,-0.43737164,14.580158
OSBPL5,0.797028,-8.707951
ZNF17,-3.6426868,-1.2548022
EPS8L2,7.514975,-7.567844
PI16,0.51014805,14.807612
STAG3L4,-2.3469431,7.4672303
XRCC1,-1.8152359,1.8068345
GMEB1,0.3293253,-0.79577535
GPX3,9.787946,-3.9235802
ITGBL1,0.0072776955,14.022697
MTERF2,4.9540563,11.232765
ZNF662,-4.8052664,12.5311985
RASD2,6.5175295,-0.9757741
PPA1,-0.18036096,1.492006
TSC22D4,5.878693,1.1087002
HES6,0.10596058,0.018208073
NID2,-4.1094537,14.362603
PLCD4,1.5535593,3.1909733
MAP3K14,-7.2789373,6.7417216
PHF14,5.6661615,1.2434797
NEDD9,-0.18592186,6.0905466
PDE3B,-4.4679513,-2.3610446
ASXL3,-5.970776,10.728257
NOL11,-0.25015998,1.4077868
CNKSR1,1.5211668,17.76819
DLL1,4.148421,-12.0617075
INPP5D,-4.164415,-0.5870093
NIPA1,8.246099,13.341644
ALDH16A1,1.1803958,-8.763976
PCDHB4,-0.29245543,9.666377
DYNLL1,9.838822,9.641205
KLHL20,-4.659262,9.969807
ZNF518B,1.8202679,10.392603
PCDH18,-0.48445907,14.53705
TRIM27,0.116763406,0.013066923
GPX4,-6.7228456,1.8098134
HS3ST3B1,-4.251834,5.8845677
MC1R,5.9945116,7.482065
FSTL1,0.11942991,-3.5448952
TENM3,1.171926,14.802126
TTC27,3.2434418,4.0499005
FRA10AC1,4.3062377,10.98573
NDC1,0.39236695,-1.3297884
SCAI,-2.2570956,3.1559994
ISPD,5.7710676,6.177906
KIAA0753,7.185157,-7.3865457
EXOSC8,7.3574386,1.7451046
NR3C1,8.788004,-5.9193573
ATF7,7.919292,13.512079
FBXO7,1.938671,-5.451658
SSH2,7.9082294,2.6090057
ZNF689,-10.996447,4.452792
FAM117A,1.0638964,0.38129053
SKIV2L,4.2172956,-7.9909277
MPLKIP,4.0925217,1.7531685
CERS4,9.367982,1.6373147
GLUD1,7.109234,4.0704703
WDR45,-4.0675087,16.245966
SAYSD1,5.866761,12.646152
IQSEC3,2.8890188,-11.395972
BTBD6,-3.1884377,12.992632
POFUT1,-10.712929,3.5427995
CXXC5,-3.9383225,3.5815823
MAGIX,-12.831379,2.96791
MT1L,-1.8808837,7.227463
TSEN34,-1.7953876,-5.6099796
NT5C2,7.903786,2.6984205
TMX4,6.6557846,3.3680646
NAIF1,-9.823114,12.310438
L3MBTL2,-12.816827,2.9240716
GPCPD1,-4.225762,-0.5249111
TCF25,4.24613,-8.008408
RSBN1L,-6.2642107,14.695348
STC2,-4.2428603,-0.50576013
FAM65B,15.010072,5.4268923
RRNAD1,-2.9207933,1.2889014
TLDC1,11.686069,-1.1632884
WDR55,0.62733275,0.2887775
TGDS,-0.327872,1.3343174
CCHCR1,-2.9173043,1.291176
PSMD10,0.12863117,-5.1019855
IFI27L2,0.8764499,-6.9837866
KCTD15,2.4361005,-4.887705
YPEL1,-1.5526019,11.601653
SLC6A6,-3.403969,16.460606
TMEM86B,-8.808899,9.640535
MBOAT1,3.2604716,-6.671668
OLFML2A,5.181916,-4.8555827
TMEM268,5.3653893,-1.9572146
VIPR1,-10.123239,7.633519
TMEM120B,5.523567,1.8592552
LAMB3,-1.6903976,10.878486
ST6GAL1,-5.892755,10.662823
SYT11,0.910097,-9.405873
SEPT2,3.1673336,9.065455
ABCC8,1.5209588,17.769014
GNL3L,4.04758,3.5948
TMEM176B,-3.1812074,-2.4852257
FAM92A,7.1866093,4.3664126
DHODH,-6.1077337,-1.5266163
ABCG1,6.164488,-9.813687
SLC35G1,5.2355213,5.580935
FAM204A,4.0324025,3.6766727
CAMTA1,-1.62718,7.1328435
PROSER3,-2.883347,-4.513767
ZC4H2,2.7677805,16.023062
MAN2B2,1.1269252,15.426321
NAAA,-8.2901125,-1.2323287
DLC1,6.0085807,-9.742757
UAP1L1,5.0876946,11.233493
NAXD,-8.981839,9.471619
TTI1,14.744547,-1.5067918
KLHL6,-7.036026,13.473916
FIG4,-0.73221695,12.91568
WASHC2C,10.581593,-4.204232
NAALADL1,1.8704796,-5.5644026
ISY1,1.3598002,0.71350914
FAM206A,5.6582246,2.6686914
ZNF329,6.9963794,5.1567783
PRG4,-2.173114,17.103674
MT3,-7.300548,2.0171335
KCTD6,-0.3438146,-0.32597458
DTWD1,-2.2092834,3.200986
CCDC28A,1.056558,0.34506685
SPRY3,1.7386028,-12.163353
PALD1,-1.8737499,-6.3086205
MANEA,-0.24177633,9.825434
PSMD5,-1.3592646,-8.630096
DNLZ,-7.8842425,4.22595
MRPL48,4.74242,10.989301
CLK1,-9.97258,-4.9117374
CBLN1,3.2351959,16.531641
KCND1,-2.486255,15.991838
TAMM41,-8.114692,4.3454857
DCAF16,-9.977465,-4.9189086
PDGFC,4.4189453,11.507204
MTUS1,1.103355,9.185214
HSBP1L1,-6.428894,1.8579017
DDX52,-0.69868964,1.0672004
MMAA,2.7724197,4.891401
FLVCR1,-1.367764,-8.6365595
TMEM185A,-2.9054542,11.351098
AGPAT2,-13.579344,0.5484009
HERPUD1,-3.2962952,-6.6680074
CD81,2.9042754,-6.799952
LIMS1,-2.2639072,5.308467
FAM219B,-4.7886453,3.1316016
FAM20A,0.3025913,-4.626392
EFCAB2,-1.9957516,10.158448
TXNDC12,-3.2392762,-6.5362773
UBA1,6.040774,12.271991
DAGLA,10.559165,6.1646843
FEM1C,3.5996916,3.5482867
TMEM117,4.244624,10.892431
ZHX2,7.2152267,-3.5351214
CALM3,-6.340169,-1.002405
PEG3,-12.200531,7.4988213
RAPGEF4,-0.9198071,-3.625846
MAPK14,-1.6665329,11.277253
UNC119B,-2.1691842,17.100607
WDR37,-4.5490723,12.263772
FAM131C,-7.535531,1.0359474
ATP9A,-2.839904,6.1466913
NR0B2,-3.9542577,12.32604
PCLO,10.388389,6.477377
GPR89A,4.212152,2.2158818
ZNF112,-9.141508,-6.4481406
SLTM,6.9227386,2.5295405
ARFGEF3,3.009656,8.57725
ACSL3,-4.828959,9.96806
MARK1,4.493959,5.057179
EIF4E2,-3.0336158,-6.1366086
TADA2B,7.150842,-3.5714192
SORCS2,0.9404257,15.257079
CDK12,-1.7490255,6.0508447
DNAH1,7.883918,-2.9526923
TTLL5,2.4514682,2.463503
FAM98C,1.9452493,7.5236588
ELFN1,3.4592743,-11.853539
ZNF586,9.84803,6.962614
CXCL16,14.303913,5.1951494
SLC16A14,1.8401561,-12.265882
TAF9B,3.5701034,5.845736
MINK1,7.7547235,-2.9370365
RARRES2,0.01997508,13.971174
PRKAR2B,3.5116122,5.856151
KAZN,-7.1160064,13.5567045
ZNF559,2.9066153,-6.7148457
BLOC1S4,3.7122855,-6.768411
SREBF2,11.333837,0.10543914
PPDPF,-7.379219,3.2771692
IL17RA,-2.4870856,-2.1984227
GRIN2A,-1.9201046,11.199332
MFGE8,0.8773513,-6.9844356
TMEM59L,3.3172824,-11.778862
CHAF1A,-1.5111574,12.125679
ZNF213,7.6885896,9.683432
XXYLT1,0.20151836,-5.025802
CLIC6,4.534193,11.324934
MTRF1,-3.9842653,-0.77550733
ZNF140,-13.124166,0.20281745
RAB40B,-3.8821518,3.671998
NDST1,-2.8159595,-5.788244
ARAF,-1.2430378,1.146395
TRAPPC2,8.67162,-6.0377603
ADARB1,4.69124,-12.438807
NEIL1,2.7014735,4.294931
KRCC1,6.719765,12.503586
ZSCAN5A,-12.305583,5.8565187
IPO8,1.8859766,9.109602
DARS2,6.3019195,5.0313272
NSMCE1,-7.3625846,2.9446723
NOD1,-4.128884,-0.62338394
CCL21,7.0270834,-9.930085
MAP3K4,-6.645511,11.433425
SERTAD3,-0.43546447,5.1504893
ZMYND8,11.018549,7.2158036
FAM133B,1.5172278,9.522749
GTDC1,5.987693,7.47543
NVL,7.187773,-7.386684
SCLY,-9.047121,2.2246552
SPACA9,-5.432555,7.338876
BATF2,10.502396,-4.1374025
ZNF292,9.6384,-6.155189
KIFC3,4.9485,14.0352125
TSPAN33,-3.563393,12.722583
DCLK2,5.63598,1.3872304
TERF2IP,2.4623268,4.0551777
USP27X,6.15822,8.4241705
KDM1A,0.655748,2.473609
ADGRL3,3.1930835,16.411203
DTX2,-1.7553773,-5.6181927
VCAM1,-2.45537,-1.2547293
LRRC57,0.46724233,-5.3246536
PSMA4,1.015206,4.841381
FAM46A,-5.3328247,3.1884103
TPD52L1,4.3887935,11.52126
RRM1,3.598425,5.8197894
TMEM9B,8.139563,4.1856027
PHACTR2,5.469283,-9.563262
WDR20,-12.086593,9.455745
PRC1,-3.3404477,16.397322
SHMT1,2.3714752,9.119162
FCGBP,12.250844,8.917708
CDK20,-9.334438,6.6795573
BHLHE41,0.9844513,15.357053
RENBP,-6.690589,1.8373079
BRD1,0.8295688,-9.001898
SF3A1,-7.112095,-3.251396
PIGS,-6.318188,-1.0269113
STPG1,-10.31037,-2.4376252
TMEM54,-0.96124583,-3.6642091
TERF2,-0.34553152,0.86555386
ADO,6.5107493,3.3190658
NPRL3,-13.116517,0.27775186
TRRAP,8.168701,2.777301
HEXIM1,7.976787,-2.9524
RBM4B,1.3298326,-1.1480315
F8A1,4.569349,11.356683
ZFAND5,3.8329165,6.213238
ADGRG6,13.115818,6.2253737
GADD45G,9.838209,6.960866
CACHD1,4.8943624,0.5559391
AIFM2,-7.7514634,0.70821583
ADCY7,-2.386224,16.008177
NFYA,-1.6303767,11.879818
ACOX3,3.2509117,-6.796274
PAQR7,8.560508,-6.004776
GZF1,4.005181,11.751154
FANCE,9.877619,-3.951254
GGTA1P,-0.6927637,-0.5877769
SPTBN2,-2.3187535,16.689575
WDR27,-3.3863924,-0.6731236
RAB28,5.024392,10.66817
ST3GAL4,-12.680265,2.764949
GGH,1.9417474,-4.848905
BRF1,-7.7956324,4.1677127
TRIM62,0.95144266,-9.284164
SH3D21,6.674167,11.265269
ABCA3,0.8725624,-6.9777527
TOB2,6.846565,-3.9727726
CADPS,-1.9197898,10.286894
TMED4,6.587542,5.109837
CHURC1,6.8112445,3.435892
CDKN2D,-2.3662364,-1.4348916
MED29,-6.7466106,1.8018368
ZNF532,7.937514,2.6066716
B4GALT4,7.484523,6.680957
GANC,3.4396243,-6.103079
EFNA1,3.20521,-4.6723757
B4GALT6,4.2306294,10.877884
CLK3,-7.892478,6.237306
INHA,-6.3452377,-2.247904
BEST1,14.867103,5.4839435
AMPD3,14.519362,5.82407
NHS,1.0733175,7.3411756
SCARB1,0.7854313,-9.278915
GABPB1,1.2755189,-0.8960375
MOSPD2,9.587424,-6.155173
NUPR1,-1.8090409,-6.354878
SLAIN1,5.4488187,1.417335
CCNJL,-7.1382914,1.302662
OXNAD1,4.0631027,11.712876
ATG7,-2.8250384,-5.7972765
SAT2,-8.7579975,12.741111
ZNF761,2.554144,13.463173
MXD1,-0.2696189,5.9820986
XPC,-2.0837328,7.34439
CYTH3,7.0870543,-7.714559
DNASE1L1,-5.472463,7.308456
PDZD4,7.479385,-7.618888
YIPF3,-3.652309,7.338971
DAPK2,-4.679827,7.371615
MPST,-7.8063293,0.6563006
FHL5,-4.3100467,14.634977
NCDN,-7.5294504,1.0409347
SNAPC1,7.010428,4.5203557
FZD5,1.535075,3.1706731
PHLDB3,-3.6417181,-1.2223892
TRABD2B,1.923997,-4.8687625
LRRC14,-1.8197424,-6.3451157
SLCO2B1,13.069959,6.272594
CD3EAP,0.4567346,0.22226967
GAB3,-3.0164988,11.2987
OGT,-9.969907,-4.911953
TBC1D25,2.7774558,6.551893
GEMIN8,7.743922,5.301756
PHLDB2,9.386451,6.5288033
NEPRO,-4.474087,-2.3567746
ZNF611,8.806696,0.15145522
SPCS1,2.929693,6.2201505
PRDM10,1.8462906,9.832367
TSPAN31,2.4862123,2.4989731
NOMO3,2.4863563,2.4993517
NXPH4,-2.4644246,-5.427478
S100A13,-7.4866385,3.452941
DNHD1,11.471013,-6.030426
SNHG17,-2.8926091,-3.5615702
SLC30A2,-3.912917,3.6140635
ZNF398,-6.268281,14.692264
BBC3,2.5329106,-4.673524
MSS51,-0.08603236,6.1494946
ZNF583,0.4026531,-1.3435818
RAPGEF6,-2.4532266,5.078857
DMKN,-6.7739434,1.7098716
RHOBTB3,1.798061,10.31852
ALDH3B1,12.264554,8.922302
LHX6,0.90940964,-9.454444
AP3S1,-2.0998282,5.5641503
ASB1,-1.9919368,7.4000707
RRP7BP,7.364592,-2.6969192
CYB5RL,-3.9189472,-3.4280336
ZNF227,-9.051834,-6.3598466
DENND2C,-2.939663,-4.433887
PTEN,-4.302678,14.636051
ADORA2A,1.7057401,-5.97619
TAF5,8.859552,-6.0954504
ABCC4,-0.8035417,7.7219105
PCGF6,2.0301733,9.035546
NOVA1,-7.159702,12.331634
TGIF2,-2.4557192,-1.2629081
ANKFY1,7.890392,2.5995748
DNMT3B,-4.0243154,5.6442947
YOD1,-6.326612,-5.866921
NAV3,-2.1855364,16.123371
TMEM55A,7.21049,4.356443
MAPK13,3.1460526,-4.6681056
ARL16,-0.5695029,-9.844746
CBX4,-2.7053077,11.398989
EHBP1L1,-8.365607,-4.9442782
ARMC10,2.4321246,4.386732
LRRC27,-10.303592,-2.4319596
PIK3C2B,1.6561059,-6.023573
EBP,-7.0197363,1.7926781
PDCD7,8.904264,-6.1302533
ATXN7L3B,6.177329,7.6592455
APOE,-2.5280907,15.960904
TRMT112,4.252853,2.285887
NXN,-0.48472932,5.5024815
SPC24,-6.341791,-2.2396755
DDX59,3.8571897,6.2471075
ZNF684,4.959004,10.712327
CTBS,-0.23128168,9.806695
LYAR,-0.34620795,1.3230976
CAMK2N1,-0.090987094,14.398248
ZNF827,4.1349583,10.680811
IRF2BPL,-7.2695713,6.7281284
PPIL2,2.5762722,13.479541
HINFP,-9.350874,6.7178187
CADM3,1.2206202,14.762469
LGALSL,7.7365203,9.633305
EID2,-9.714263,0.1558886
ELAVL1,2.4502163,4.438003
HSPA2,7.011311,5.5540924
FLCN,5.0702195,11.233953
MGAT4A,6.384329,-9.703007
ATP8A1,-9.434489,1.5420024
ATP7B,3.6360853,-11.470916
TTC12,-2.9751604,-4.9623632
GSR,7.1436887,3.921074
GPD2,-5.296186,9.757515
RMND1,-6.206252,10.97067
ALB,-4.917514,12.027026
TMA7,-7.4206276,3.2225988
ZNF264,-6.4284763,-0.8593307
ZNF343,0.29856437,0.116202116
FOXL1,-0.06330607,-4.3218074
AADAT,-8.896758,9.516051
GNAL,-0.98739743,-3.692871
CALD1,-4.236239,14.552063
FAT4,0.5133795,14.806978
MYOCD,9.331945,6.591668
PIGG,7.363021,-2.6917636
FZD7,-2.8927124,-3.6681628
MLXIP,-4.5800023,12.312315
CPXM2,-2.1862988,17.0839
EIF5,2.7033753,4.01157
TRIM4,8.631806,-5.9515405
GLI3,0.11623155,-4.9275594
MEMO1,6.5345554,3.2891095
HAUS4,3.4384925,0.45004466
ZSWIM5,1.3227135,-1.2193879
LDLRAD2,3.3829095,-6.332504
ABCD3,3.35126,3.5916524
STK39,3.3403258,3.5387363
DDX3X,3.373614,3.7071593
HIST1H1C,-1.5288501,6.768626
ZNF354B,9.037934,0.4370478
MRPL42,8.118905,4.19407
C1GALT1C1,2.7135432,8.930996
LIN7B,-7.31865,2.016188
SNX29,-4.2987437,14.631961
UGGT2,1.7850255,-1.0985907
LRFN4,-1.8534648,-6.28109
DERL1,-4.0314493,5.632114
ZNF266,5.085222,2.6344643
KMT5C,1.8145641,9.172661
TRIM2,0.22919168,6.74612
PMM1,4.9242887,10.736916
HSCB,-1.4358972,6.6597104
TAPBPL,-3.4069526,-6.9199615
MLEC,-3.8960266,16.290144
DCTN5,1.4149425,4.1860056
SLC39A4,8.637834,6.3043027
GM2A,4.9027853,10.758437
AASDH,-0.7586469,12.897704
APEX2,4.1439996,-6.658233
PPCDC,9.755884,4.6935
INTS7,5.172475,5.55976
RBMX,-2.561214,-2.4136834
VSIG2,3.6227021,-11.454667
PTGR1,11.331425,0.10556734
NKIRAS2,-10.959075,-0.61444414
SLC30A1,0.27123296,6.9385886
GNAO1,-1.9037571,10.298284
TMEM206,7.525548,-7.36893
NKAPL,-5.405059,3.163178
OSGIN2,4.07324,3.655016
CDH13,6.6851854,12.493021
WDR53,8.768452,2.8296854
SAMD12,-2.5233202,11.373424
GTF2H4,11.663599,-1.1882696
FKRP,-7.6876197,0.8015143
ARSG,1.3973293,4.3823676
GSS,-1.5127352,6.644196
IL34,6.70617,11.232344
MYL4,5.1451406,0.8476976
KALRN,-2.5315654,-4.2194395
TRIB2,1.9336303,-5.4285007
LTK,-0.90198743,0.85181224
SLC44A2,-0.78430825,0.9411151
DTX1,-0.7289088,12.919594
MINDY4,1.5489845,-12.344914
ABT1,-8.911046,9.505608
TRANK1,-3.7314548,14.318572
GPRIN3,5.179587,-4.853046
RHOB,-0.29400447,5.833339
ZNF449,0.78312474,2.583881
THTPA,5.4284697,12.83175
EIF2AK4,1.8057885,9.954744
LDLRAD4,11.235241,0.111023955
METTL3,-9.412383,6.727668
EIF2B2,0.5105888,2.3226573
TIFA,4.8509855,10.806088
ABCC9,3.7098362,-6.7261353
SH2D4A,3.1077383,15.8862505
LIG3,-0.3503815,0.6636782
PTP4A1,-0.79858583,5.310971
FGD6,4.147111,10.693848
EOGT,0.7304421,8.83549
CCBE1,0.9863837,14.997488
MYOZ3,-1.35373,11.632149
STK32C,7.172759,15.584583
EEF1A1,-3.4067855,16.458574
ABCB6,1.6978133,-12.234329
ZNF189,-6.346142,-2.2510524
KIAA1522,-5.760071,-5.9368467
ZNF736,6.6549807,-5.7405434
SLC45A1,0.8148427,-9.283539
TMEM154,0.9175701,6.905194
ACSL1,1.6744472,6.2541237
VRK3,-3.1345055,-6.3129654
SLC2A9,-3.6452878,17.344742
MAGI2,11.69036,3.7190113
MNT,-3.7194784,-0.983987
PPIL3,4.9998655,10.689098
ZNF229,5.6204762,2.5847611
GNPDA1,-2.3479981,9.1893215
FTH1,-7.486904,4.018767
C1GALT1,-2.3551953,5.236793
MSI1,10.101835,6.761922
STOX2,-2.3338256,-1.7253685
CWF19L2,-5.9299893,5.0572643
JMJD8,-7.3794794,3.2775369
ZNF678,-2.2920794,3.1182432
EIF2D,4.9347577,10.726854
PROCR,1.9211307,-4.8578386
SVBP,7.319418,1.732388
BTBD3,-6.265872,14.695483
KCTD18,-0.27609617,5.3625145
NFATC2,0.15811658,-3.506256
CDKN2C,1.63904,6.284923
NMRK2,10.313527,7.1591253
FAM171A1,0.81413907,-9.136268
FMO3,1.0606174,0.35932863
CIT,13.3830595,2.6007392
MB21D2,0.27492702,-4.61723
EP400NL,7.5406184,-3.1022224
SCN4A,4.8605347,-12.287514
ANKMY1,-6.544985,11.324676
FDXR,-1.8177079,1.810793
ARHGEF2,0.8205931,-8.724652
ITPR2,-4.2718735,14.612326
KIAA1217,-4.133598,-3.5733948
KMT5A,11.6168995,3.7432406
PTPRD,0.14670576,-3.5146964
PPP2R2A,-0.24080363,9.826493
RBFA,4.386905,11.970291
VANGL2,-10.070155,7.5777373
SVOP,6.933556,-4.026881
TMEM129,-6.401157,1.8637925
TUB,3.3833234,-6.3371434
KBTBD11,6.0031643,-3.3039083
MAN1C1,8.1278715,-9.493195
POLR2A,-4.0885005,-0.6278371
PEX11B,6.9822164,5.1581464
FOCAD,7.4992247,-3.7750373
MCM2,6.285573,5.008982
TLR4,6.173568,-9.73204
RETSAT,5.1418986,13.793391
DDX20,0.383025,-1.3257984
LIX1L,-4.111664,14.374763
ZNF696,13.01534,-0.11348016
F3,-2.0131223,10.180729
ATP6AP1L,1.321029,-1.156476
MAEA,2.3666375,13.227767
PTCD1,-4.0989594,14.366278
IFT20,7.228266,-7.3223877
MTCL1,-3.0145087,11.294773
KCTD11,2.2331638,-5.181188
PEX10,4.3424263,11.928091
ACSF3,-3.3933504,12.831874
SS18L1,2.472398,8.876268
RFX1,-3.1823149,13.006621
PLEKHH3,-1.3442943,6.172714
ZNF608,-12.6325245,4.7198935
MOK,4.115244,-1.8757863
NEU3,10.0634365,6.7629614
NOMO1,5.1091833,13.800672
NCAPD3,-3.0086355,9.321305
AFMID,-4.60644,2.763419
ZNF223,4.809158,2.6801343
MED17,-6.5110197,11.290636
ARSD,0.88365567,15.185664
NELFCD,9.241042,6.736737
GYPC,-7.476258,3.4075608
METTL2B,2.572735,4.5080824
DDB2,-3.929724,6.080743
TTTY14,10.094621,11.915132
NAGA,14.514496,5.8465753
BACH2,-12.681121,2.7679617
B3GNT9,5.1763034,-4.849389
ZNF506,-9.977303,-4.9189596
SETMAR,4.605592,11.288637
ZNF484,0.7579403,-1.5965681
TBP,-9.715896,12.210539
OTUD7A,-1.8826109,11.169671
TFRC,2.7555387,4.860043
RGMB,-8.104421,4.339674
DHRS3,-2.4775887,5.045395
ACER2,6.9198446,-9.847556
MAU2,-6.5115795,0.737483
KIAA0922,-4.535009,12.2545595
ZBTB8A,8.786902,-5.9003024
GNE,-1.9474128,5.8725934
NFATC2IP,1.0120379,-6.776608
MTG2,-1.2766181,1.1751264
HS6ST1,-1.6442562,1.5811696
NQO2,-5.607436,1.3827565
ARL4C,-4.6410794,8.582125
BTBD19,5.5522285,12.82688
CSTF1,3.3888466,3.7028308
MAN2C1,-8.968915,9.479868
TRMT10B,5.0774627,2.6309621
TBC1D9B,0.8752739,-6.95962
MUSTN1,3.2787623,16.642912
WWOX,2.9208944,-0.045009382
ZNF596,-4.0575347,5.7043066
MRFAP1L1,7.297126,4.192003
TMEM170B,-9.494545,5.963617
PRICKLE1,7.7547936,9.614246
ZNF426,7.4657817,2.5808046
FAT1,-1.4091294,-7.8174615
EPG5,7.2841964,5.1046734
MEA1,4.2147636,2.1865306
PDK4,6.298244,-0.8543624
PGGHG,9.790657,-3.9185028
MYBL1,-12.398598,9.709219
ZBTB8OS,4.272911,2.263191
INCENP,-5.519076,7.250606
TTC32,-4.8005667,12.527326
CHST11,-3.1331565,-1.0848724
DNAH17,-4.1308312,-0.6153623
FLJ37453,7.3425527,4.3971567
WDR25,-8.746169,12.813509
ANKRD10,5.6629024,1.341783
NKAP,7.6542344,5.244109
ZNF749,0.0734369,0.010199012
ARRDC4,-2.1163192,5.5444374
TMEM144,-2.316575,-1.7355508
GPRC5C,5.781564,1.1817229
EXOSC10,11.643449,-1.2087098
RRP7A,5.3798227,2.1042986
TUT1,-8.7750025,9.673804
MYO5C,1.3707198,-11.623219
U2AF1L4,-10.375378,10.735361
FRAT2,1.7319497,-1.1089146
HSD11B1,-3.2001069,-6.4290643
MYO7A,12.281869,8.939746
SNX19,3.8587332,3.7369535
SLC25A33,3.0874262,4.0051384
SNAI3,-2.8726134,-4.1276455
ZNF763,-3.3268547,-0.9916485
COX19,7.997562,-2.9648588
MAPK12,3.2674067,-10.776733
ZNF589,-4.030088,5.6390944
SERPINI1,-4.9592366,9.91027
INTS4,-9.486208,1.6107515
NBPF3,-2.0838997,-2.3019526
FHOD1,5.3600388,17.435436
BBOF1,7.68963,5.272945
SGPL1,-4.57808,12.265277
RHBDF1,-2.5035388,17.28879
PCF11,9.037307,0.45732406
NR6A1,-12.115791,6.058141
SOCS1,-8.177822,8.951166
ZXDB,-6.2661695,14.697979
ZNF462,-4.9396544,3.4040828
CCDC40,-2.3272421,9.632612
HIP1R,3.2602007,-4.811927
DNAJC15,-2.0508804,7.3460445
ADAMTSL1,-3.6950495,14.46227
BMF,1.0670596,0.36841053
KANSL3,0.13673441,-5.029074
ADAMTS15,-6.3462167,-2.2446847
ZNF282,4.224131,-7.976767
RDH5,-7.4713387,4.1100187
KHNYN,1.9239571,-5.4819555
ENGASE,-13.105075,0.27956828
LRCH2,-4.102458,14.358574
SFXN2,3.9946363,-7.1216273
ENDOV,1.3341012,-1.2341294
FRMD4A,-0.687211,7.9586153
PDE4B,-0.78033376,5.287895
FEN1,-6.191341,-1.4738448
RNF44,1.6202768,4.288306
STUM,11.002433,5.68616
ZSCAN20,-6.068863,5.059397
NAA16,0.71658653,-1.6311368
TTC9,-2.3222747,16.92596
RMDN3,4.1514206,-1.8595113
SERINC2,0.876613,-6.9837484
SCN3B,-9.562513,1.6011485
MELTF,-2.3205507,16.54614
ZNF561,-4.2653027,10.033798
GSTM3,-2.104227,7.2689853
CHRAC1,-4.058952,-4.9106526
FAM216A,0.82772195,0.38961464
MGA,1.1353152,9.212929
PRDM8,13.381621,2.5705047
HDAC3,-5.375681,1.2395896
ITGB4,2.5917335,16.11465
MGEA5,1.8996048,-4.3981175
ZSCAN2,-0.46294323,5.5613165
LDAH,3.1196485,15.881553
EXOC6,5.98971,7.5700636
MOB3C,-0.4604635,5.093405
SLC22A23,11.650745,-1.2011845
ACAT2,0.13410683,-5.008889
CEACAM19,0.094946556,-0.0015535392
STARD13,-6.307151,-5.865974
MDC1,-6.517657,11.299798
PCGF3,7.3575497,-2.6751645
SEMA6C,3.2314146,-6.2298903
E2F6,-4.0173717,5.628713
HNRNPUL1,-8.032469,9.0594845
LIPT1,-0.61001223,11.424998
BUD13,0.31647906,-1.2849358
IST1,8.082218,-9.520444
FANCM,10.754154,7.7213693
PPL,-0.37621358,15.142686
PPP2R5B,3.5397718,-6.455338
SLC41A3,-13.156598,0.18928139
RFX5,-0.6433876,11.502993
SOCS7,-5.867872,10.6387615
SLC35D2,11.644898,-1.2067904
SUPT3H,-0.56911236,-9.841984
AKR1A1,8.616722,6.3075747
COQ8B,2.8045175,6.523996
UNG,-10.897551,-0.54865897
TMEM99,-2.902323,-3.8952436
SLC25A38,-3.871476,12.400377
NOS1AP,-2.2212057,10.822821
PPP1R3G,10.4870825,7.1895843
RBM23,1.1522281,17.012537
ZBTB22,11.510436,-5.9858565
RNF144B,1.7466779,-12.199422
ACHE,-3.6435995,-0.9510358
ZNF701,8.651342,-0.068664044
THSD7A,-3.6684725,14.464991
WASF1,-4.228694,7.7724733
COG8,-6.510301,0.7228669
PTPRK,-1.8035198,3.431538
PER2,1.3216496,-0.973904
PWAR5,7.5521073,3.5065887
PARD6B,10.891311,7.133713
ZCCHC17,10.259945,7.1180735
NUAK1,13.36162,2.576873
JARID2,1.7153875,-8.707277
SLC6A16,2.8340876,-6.8542404
GOLGA8A,7.362354,-2.676085
BAMBI,-1.7373734,12.037828
SLC37A4,0.56772906,-9.144289
SSTR5,-4.54224,12.256331
ART4,2.3706493,9.123766
TMEM18,4.2336645,2.1676886
HIPK2,3.9615436,3.6692388
PCDHB5,10.596515,7.987511
IL18BP,1.7107317,-5.962163
TM4SF18,4.6685815,-12.381598
FBXL2,-4.117528,-1.1212767
CPSF1,1.6837251,-8.656153
SUSD4,-2.1768436,10.958098
TSKU,1.9341842,-5.4914317
CNNM2,3.2756534,16.63831
EFR3B,-7.2508254,6.75683
RAB13,-2.3875456,-1.7516923
IGFLR1,3.1078365,5.8917537
ZBTB18,1.9471339,9.051485
DHFR,8.1840925,4.9478545
PASK,7.2460976,-7.436898
TMED8,7.9559994,13.629513
RAD18,-4.707123,7.3918705
PROM1,8.2648535,-9.573379
CCSAP,-4.0684924,16.283676
FDPS,3.0737133,-6.669946
ABLIM2,-3.6044564,7.3901353
TBC1D8,-5.11708,3.1422353
CWF19L1,0.3357529,-1.2732522
HEPH,5.749011,6.117264
WASH6P,-13.103233,0.27924556
PPP1R10,-1.7990395,-5.6204596
ANAPC5,-6.245523,-2.0989482
IQSEC2,4.1363807,3.7876894
B4GALNT1,-1.385408,-8.657513
CES1,0.07912222,13.772095
SNX22,-12.159127,7.538208
WDR91,0.78862876,2.5852215
MED30,-0.7425864,4.773851
QRICH1,-8.358206,8.669665
DIRAS3,-5.5963187,3.2313077
ARHGEF3,-1.3117698,6.213923
NHEJ1,-1.8177669,-6.3560133
SPECC1L,-3.4400694,-6.9943953
RAB24,1.9395677,7.5222783
ZNF814,5.297553,-9.465708
FOXK1,1.8775722,10.548934
TMEM231,3.9688094,-7.061722
RRAGB,3.4306772,5.793534
CDK8,-3.085348,-1.0898831
DVL3,10.570281,6.1626043
LPIN1,4.8897786,0.5517915
ASPH,5.746258,3.315041
GPR17,4.8765454,-12.27601
NRF1,6.2687235,-3.8303664
APOD,2.5393224,9.441276
TMEM97,0.6417524,0.25692594
CCL14,6.114322,-9.919594
MAP1A,1.3824492,4.3715787
ANKRD27,-4.021225,5.6166544
PURB,-5.5723023,-5.821856
ATXN7L1,4.4848895,-2.1694443
FER1L4,-10.189362,7.707722
APLN,9.8246565,-3.907236
CHST7,-2.3914418,9.701301
TEX261,-0.06478652,1.1250284
METTL21EP,4.385657,11.495496
KCNMB4,8.53823,-5.9936686
KIN,0.7236004,8.829986
PRDM15,11.598313,3.7303667
SLC9A5,-4.6137476,2.767487
TCFL5,-8.186766,-1.4018264
ELMO2,-1.7512208,3.4821513
ZNF880,4.0730195,3.7014327
ZNF286A,7.5812855,-7.3390636
ILKAP,13.007005,1.4019947
F5,-4.682943,7.3753757
RFFL,0.8061086,-0.7619922
NCSTN,3.6525273,5.7485743
SYNE3,-3.181584,-2.5174096
ERMARD,4.8854933,2.684049
CREB3L1,-12.287204,9.628553
PLBD1,0.78424025,15.144073
ZNF512,-7.190119,1.2911392
MRPL23,1.908009,7.5013433
SRRM3,2.469553,-6.670988
METTL23,-6.183721,-8.926377
CHN2,4.1433864,10.686963
GID8,-8.2650385,8.823434
JADE2,-1.3337607,6.18199
PTPN5,-0.935941,3.8798425
FGF11,10.223148,7.042651
GOLGA2,1.5189544,0.88307273
DOPEY2,7.1274214,5.1831303
OSBPL6,-12.119895,6.0603223
ABCB10,-0.24744952,9.823521
FUT10,10.75742,7.739406
PSEN2,-5.333548,1.2053407
FARS2,4.0970206,11.731506
CCZ1,5.615306,2.485441
MID2,0.041866522,-4.6095834
SLCO3A1,-5.8755918,10.649817
ZNF720,-7.381408,2.9551275
GAN,6.251768,-3.8648572
RNF130,-2.1341183,16.013048
NACAD,11.071457,5.3813543
FADS1,3.043292,8.3457985
SLC44A3,11.197252,0.123260275
THBD,0.9198836,-4.563462
FN3KRP,-2.7793005,1.5143481
OSER1,-12.115702,6.062357
ZNF304,-2.0473194,5.5433254
NFRKB,-1.8832659,3.3928149
KDM4C,-3.2564743,-6.6132555
CARMN,3.389765,3.5686822
AGO1,1.227388,-0.81764525
CRACR2B,4.875712,-12.277889
SIK1,-0.08578569,6.191955
FRAS1,1.6535205,-8.66654
ARID3A,-2.8608649,-1.2802771
TMCC2,0.8448391,-9.627877
ZNF677,7.625154,-3.8715155
ZMAT5,-10.942733,-0.5974317
SEMA3B,-12.86108,2.971711
DDR1,-12.343703,9.665292
CSTF3,2.5628016,9.429133
GUF1,7.2354846,17.20522
SLC12A2,-2.595524,4.4063253
TIMM10B,6.5719543,-1.0637854
OSBPL9,3.718073,6.095097
SEC22C,8.830345,0.18915409
SMN1,-0.5183589,0.72358215
S1PR3,3.3636312,3.6262276
TIGD1,-11.663095,-1.7168162
FANCC,11.683286,3.7344809
NBPF15,0.9151027,6.8886757
KIAA1328,-0.08561775,1.3590208
ANKRD42,-2.3777971,-4.0602994
NXF1,1.1496195,17.00676
ZNF346,-8.075669,9.02934
CCAR1,1.3761038,4.108709
NR1D1,-1.9535338,-5.38934
POLG2,7.5735497,-7.3362317
ZBTB5,-3.1592019,-2.5100586
SOX9,2.580126,9.452792
MYO19,-8.243705,8.858255
LANCL2,-5.329522,1.1960148
SULT1A1,-9.576375,1.674137
TYW1,-7.7855773,6.317732
AVPI1,-13.576778,0.5457589
SMIM7,-8.744972,12.815951
ZNF891,-0.73144174,12.918862
ING2,8.70024,5.4210105
WASHC2A,-2.54791,9.284073
ANKRD44,5.3505073,-9.501788
ALCAM,-5.5151024,-6.0066347
ATRIP,8.145394,4.1815352
WWC2,1.4926276,9.513785
WDFY2,-1.6469727,1.5821018
GIT2,-5.550029,3.2107599
WDR70,1.7972561,6.1369157
PRCC,4.1084533,-1.8997915
ELOVL2,0.75264263,15.147502
FAM200B,-4.6405897,12.363466
PIGU,2.9295094,6.207749
CLU,0.15606187,-3.4948573
CNTN3,5.1647625,0.8463164
NAA60,-6.238292,-3.586227
PIGZ,3.0623605,0.51813984
TMC6,-1.6065216,1.5420225
UNC50,7.2479014,12.115748
PRR5,-2.1297266,17.15062
FAM234B,-6.568984,0.83332837
IFI35,-5.8362164,15.707351
SRD5A3,3.1448762,-6.5715537
OCIAD2,8.629833,6.254059
EXOSC3,-4.1262674,-3.5685072
CPLX1,3.408286,-4.706422
EEF1AKMT1,11.454881,4.3637137
PODXL2,-0.29114413,15.080382
DDX42,12.955891,10.338068
TTC17,9.0275545,0.4433758
RTTN,3.1167526,0.41826412
ADAT1,-5.3173523,-5.680673
ZNF766,1.8705668,9.076533
LRP5L,5.220324,5.562999
WDR19,-8.298927,-1.2153429
MCM3,-0.07560218,1.1129125
ZNF503,2.642419,-4.4444304
NRDE2,3.2967021,-6.6543097
PLA1A,3.539628,-11.673159
SLC25A27,-9.502989,5.97357
RBM3,-0.7254939,8.065116
RAD51C,6.7737665,12.4188595
HSD17B7,-7.1503415,1.2518653
EDA2R,0.015526694,14.916942
GRK3,1.8700072,-4.3544226
RNF185,0.5001894,2.3110054
FRK,-2.5785284,11.379547
RFXAP,4.9212995,2.6903403
CPNE5,-6.437872,1.850561
ARNT2,-2.28769,9.682013
GPR153,-2.5671625,16.06507
LAMA2,1.1008505,9.204341
FAM43B,0.19249381,-5.036169
BRF2,-5.5407043,7.2776475
PDE6D,11.529675,4.2324443
TRIM37,-4.462758,-2.3583896
TRAF6,-2.1121938,5.533563
CYP26B1,-3.2037914,-2.5204837
ZCCHC7,5.5225863,1.536289
PODNL1,0.5887656,15.101447
TIRAP,-0.77538115,4.7420835
PPIC,-0.7495521,0.94925785
LGALS3,10.144341,11.895743
ZBTB7C,-0.4093696,14.563651
GPR135,1.2958986,-11.585281
DERA,5.8974667,3.3147633
DENND4B,-1.6475211,1.58018
ENO2,-0.02642442,-4.799345
GLTSCR2,8.981119,6.221787
UNK,3.7790308,5.70139
NUCB1,-6.2972856,-1.0513057
FST,0.42002568,15.074051
ASAH2B,-1.4549013,6.6892095
CIB2,-6.332735,-1.0080725
METTL10,7.2116084,4.344914
SNHG18,-1.3563737,11.609973
SNX8,-12.714469,2.8037293
AHNAK,5.703177,-12.510471
CD58,4.86428,-12.278342
ZNF574,-9.765464,12.252288
SNN,0.027971264,1.0863038
ATP9B,-9.35128,6.71429
PLEKHA2,5.8052564,6.155945
SLFN5,1.7262601,-12.191092
LSM2,8.629534,6.307908
VRK1,2.0980794,8.9893
GGA2,-5.542724,7.280489
ALG14,-2.913113,-4.0587277
ZSWIM7,-5.364937,1.2305119
TAF3,9.832892,4.6160774
ADRA2A,-3.6402698,17.337345
ZNF480,6.6950583,12.493783
GDF7,3.0883577,16.09015
ZNF549,8.703276,-0.005361579
SMAD9,0.9068244,6.9180827
ZNF587,-0.35186705,-0.3235631
HMGB2,4.2034254,1.8570837
PPIP5K1,1.3023828,9.984137
MUC20,0.10040457,-4.9629197
ATP6V1F,-2.616611,-4.300339
PTPRJ,14.4177885,6.16684
TCHP,-11.679191,-1.7452534
SMARCE1,3.4461303,9.191863
IDNK,-2.3071454,9.622509
CLEC2B,-7.030598,13.470214
ZNF208,-4.989674,7.2422366
TMEM57,-1.6768179,6.0419745
SLC5A3,0.7795555,2.5788693
PPP5C,-6.133343,-1.5753757
LARS2,4.1052027,11.631222
LRRC1,3.0640678,16.023247
RGS3,-1.6870844,10.888318
HYPK,-9.373816,6.728019
KIF7,-1.8050079,-5.6094065
SGTA,-8.09462,4.337439
SBK1,3.075942,0.4864459
MCOLN1,-9.374378,-1.5016977
PDRG1,9.305938,1.6747067
LTF,1.6504774,-6.0337396
KIAA0556,4.073362,-1.2713393
PRDM16,3.087475,0.47942984
EVL,-2.9173183,1.2934878
SPAG1,-0.98325944,6.7646165
ZCCHC3,2.4924195,4.072424
SREBF1,7.7370872,9.6330185
GMPR2,1.1165919,-1.6258777
POFUT2,-3.4066591,16.460205
SRRD,6.7065544,12.481481
GSE1,6.1594005,8.42436
NFYB,0.6791287,0.22835629
PHYKPL,1.2312634,-1.3179303
EFCAB13,-7.2236695,-2.5527036
ANKRD65,5.874052,-12.537316
ZXDC,-6.3449955,-2.244475
ZNF557,-1.7955648,-2.6200914
SPRN,2.4888794,-6.6723256
WTIP,-2.916966,1.2910945
YEATS4,-10.706383,3.5448558
HR,-7.8374,4.2055793
SMPDL3A,0.18090437,-5.026231
EXOC4,-12.139339,7.5591664
TAF5L,-2.9330294,-4.432987
BORCS5,-6.362454,-0.9755435
ARHGEF39,-8.364678,-4.944533
CD40,1.7049485,-5.957789
ELMSAN1,4.193688,-12.109346
WNT2B,11.411515,4.4184394
FOXN2,8.832184,-6.034166
EXOC7,3.7373,-2.1738508
SMC6,7.9415345,13.67102
SLC30A4,8.838099,-6.021757
CCDC122,6.507739,3.3483984
TBX2,-1.1746962,0.9604748
EPB41L4A,9.767548,4.682424
PLK2,8.580916,-9.596522
RSRC1,2.2597697,2.2344017
PGBD2,-8.977343,9.475413
PSENEN,5.389591,17.400644
POU5F1,6.880981,-9.82862
EPHA2,-3.38932,-0.6876619
CHRNB1,3.8343406,7.3929715
CNOT9,-1.8844352,-2.5170388
ZKSCAN5,-3.0092473,9.318295
ZNF714,-11.678294,-1.7432462
SLC35E2B,-3.1436398,-5.0128922
H1F0,-1.6553522,-5.655402
PDLIM1,-6.288725,-1.0499508
ITGA10,11.58583,4.1679444
CD1D,-4.1362386,-0.59226865
SLN,-12.635541,4.7177095
HS6ST3,-12.634968,4.720216
HIC2,3.9330142,-10.765478
TRMT12,6.1895285,13.01222
FGF9,6.3363166,-3.770991
FRG1HP,-11.677577,-1.744161
BBS4,6.2251706,7.8618655
DNALI1,-2.3220916,9.619124
PLPPR2,-3.702206,-1.0507281
ALDH3A2,6.611544,12.564312
DEPDC5,-0.7546111,12.90398
PRTG,4.6539383,-12.375639
HEATR5B,3.6154368,6.0129013
HDHD3,-1.6571033,1.5974959
TRPV3,-5.0351443,3.570794
TIAM2,9.994972,6.762108
SOX11,-4.6421633,2.912217
BRI3,-7.4805737,4.09735
ZNF200,0.34851465,-0.8914423
OSR2,8.453644,-9.634176
FOXJ2,-1.9902909,5.951328
POLE,7.9784346,-2.9565723
SF1,-1.8101668,-2.6043026
NPAT,-4.3699517,9.992561
TNFSF14,0.42029962,13.355626
ZNF547,9.0746765,0.47066766
PITRM1,5.2407994,12.796216
DDHD2,-4.4652205,-2.359722
BAG1,-1.5731162,1.4935622
NBPF26,7.5751934,-7.3337173
SNHG19,8.994869,6.1711063
WDR18,-12.731831,2.8262787
SNHG6,4.2186747,2.0857491
RARRES3,1.1971133,4.6079116
ARL4D,7.7411103,-9.765976
ZNF563,0.16143143,-5.0222845
EPN2,-10.363972,8.0360565
TTC21B,3.7909515,5.9402084
FAM131A,-13.221993,0.32817864
HOXB3,1.7908239,6.1661644
PIR,2.677793,-4.278018
SLC16A5,-4.5767064,5.8404207
CCDC18,-4.0260277,5.622249
KATNAL2,-9.395587,6.4222345
RNF165,3.0950296,0.39669174
RRM2B,1.777814,9.793658
FAM214B,-2.3398426,16.779476
C2CD3,8.70175,10.288933
CKS1B,-1.6174858,11.890461
KIAA0513,-13.214567,0.31822646
SIMC1,1.7059963,-5.9713936
OSGEP,3.992923,-7.1457877
LIPE,4.645578,-12.213093
CCNY,9.819807,-3.9091716
PAQR8,3.4028285,9.169167
ZNF500,5.907454,2.5708158
ZCCHC4,4.9810915,10.703868
AHDC1,-4.1026726,-0.60746604
PSMG4,-8.746538,12.814138
PBX2,-9.103332,2.1870506
AGER,6.2244067,7.9549146
BCL2,-5.1807804,9.787571
GMCL1,1.5199347,10.094122
DCBLD1,1.9564755,-5.4589405
CMTM4,9.268192,6.6992054
LRRC4,6.9909897,5.63279
JOSD2,8.70197,6.2352877
FAM120AOS,7.311918,1.7470516
MRM3,-6.8597307,1.8453434
ZNF516,4.3218465,5.9755654
ZNF236,-4.2897534,10.028386
NPPC,-7.378301,6.4815936
MXRA7,6.5870013,3.3594928
PRKCB,13.769355,5.9001985
RBM6,7.357343,-2.6726563
SLC16A12,-10.374348,8.04966
RASL12,7.2047954,-7.331305
NAPRT,-10.37931,10.728489
SLC37A1,-5.8353915,15.707561
BEND7,1.1353232,9.217859
PRKY,-3.0302286,7.418103
HACL1,6.5526404,5.1062446
SEPHS1,-0.70204645,7.9866505
ZDHHC2,3.929299,3.7562957
NSMAF,-0.15831082,0.59213775
MKNK1,1.6667626,-8.661728
MYOF,1.3137758,9.987362
DHX57,0.46706805,2.265731
DLG2,-6.1047378,-1.5318475
CDK6,-5.3033347,9.756389
ULK4,-0.74578154,-3.4436345
NMRK1,-2.7789638,1.5153229
ZCCHC24,7.9257855,13.522472
BCAR3,-12.635448,4.7199044
MRO,-2.187869,10.940594
MIPOL1,6.655478,-5.7392483
CDC14B,9.335721,6.5585556
MFSD7,2.4658706,-6.6670136
RNF144A,4.189678,-1.6862662
CGRRF1,4.0849013,3.6422117
GPC4,7.547609,2.6045256
H3F3A,5.900671,3.306454
ZNF582,6.615745,8.21395
GLG1,2.2774818,9.047568
CDK5R1,-3.4445941,-7.002034
GINS3,-0.48151344,5.565329
MST1,1.3198212,-1.2320942
ZNF667,-9.495171,6.043836
NCOR2,-1.7445184,1.706899
MROH6,3.887691,3.6384912
NMT2,2.543935,16.153933
NPIPB4,7.367023,-2.6901503
PLEKHH1,-14.639486,3.3968983
RTN4RL1,5.1443834,0.83272725
ZNF83,-2.800061,1.4214839
CA3,-12.635668,4.7190905
GDF11,-4.6119885,2.771973
ARMC9,-2.293178,16.924913
CCDC125,8.368865,2.881119
DIDO1,-2.4916086,-1.2042528
VPS37B,7.003466,5.548996
LSMEM1,-12.1779,6.000528
TBPL1,0.78092086,2.5794559
DONSON,9.073942,0.46781856
MICAL2,5.2113934,12.791704
ZNF395,-0.8851129,7.412692
ZNF551,4.098398,-6.6618657
EBLN3P,7.952269,13.544637
WNT5B,1.280906,-11.584288
SLC16A9,4.2106795,1.877164
NTRK1,-0.98127323,4.459618
ZNF487,-2.9492538,-4.438984
TTC21A,7.436248,-7.7257514
HLCS,-2.219709,9.031447
PDE8B,-0.9262089,-3.6297584
ZNF496,1.627947,4.2707434
METTL4,1.8450108,9.8326
FZD8,3.1846254,-4.6718087
CD47,3.4450214,3.6980925
FBXO2,-0.6628768,7.9588284
MIRLET7BHG,2.9772203,-11.431888
FAM174B,0.1536898,-3.507176
REC8,1.6495514,-6.037996
FBXW8,-5.3113694,-5.676308
TRMT44,4.1370583,-6.6687546
DIS3L2,11.641421,-1.2143123
KIF1A,-4.9902797,7.251761
TRIM16,5.3570013,13.4504175
TMTC4,0.951751,-1.8642361
CLTCL1,-9.385934,-1.4913607
SHPK,2.6152287,13.474358
SLC51A,8.038252,4.8792534
FAM104B,-2.1034224,7.248987
CRTC3,0.8095367,-0.7657931
FRG1CP,3.4248557,5.8419437
CAMKMT,1.6441879,-6.028326
TRIM39,-7.10855,-3.2571578
KANSL2,0.49063215,2.3008265
OSR1,-1.8215711,11.32053
SLC29A4,0.8353852,-5.46649
GEMIN4,-4.195861,-3.6200843
RBMX2,-1.6699386,11.345416
INPP5B,6.177491,8.346716
NSG1,-0.72770303,-3.4292815
DALRD3,11.6620655,-1.1871054
SOX8,-3.5029929,16.762552
KCNC3,8.186456,-9.34108
ZNF79,2.2775567,4.4960675
TNFRSF19,7.0111613,5.5939837
ZKSCAN1,-7.482141,4.1075935
PLCXD1,-2.918664,11.346104
ZNF718,1.7843871,-5.817817
ATP6V1E2,5.4293914,12.828654
UNC13D,3.2205825,-4.684233
KIF26B,6.341103,-3.2202573
PPARG,4.7961087,-12.32876
ZNF367,6.29821,5.015839
CCDC97,-8.049054,9.041304
CDKAL1,6.6636915,-1.0740777
PRR16,-12.158549,7.539812
RGMA,7.4654703,-7.6907854
MICA,6.1500134,8.36605
CDK11A,-3.1314244,-5.014897
HEATR3,6.506657,3.5423
HS3ST1,1.975972,-5.3908367
ELAC1,6.9589314,-4.1899166
TOX2,1.9402753,-5.470201
GXYLT2,3.463076,9.184276
DAB1,-0.74693024,-3.4444528
RPL39L,-7.4704742,4.1852083
H6PD,-3.7060776,14.446479
TRIM8,-2.276736,-1.757961
SDK1,-1.8098251,9.91974
CRACR2A,-4.5725374,12.251722
ZNF836,8.840284,0.19145833
RREB1,2.3398395,13.199179
SGF29,-12.614704,12.280758
HP,14.862312,5.486944
NCAPG2,2.713921,16.045033
ZFYVE28,-1.6945138,10.912349
TRIM68,7.4481397,6.673427
CASC10,-2.4042227,9.703027
SHC4,-3.8654046,12.409293
ADPRM,7.2392254,17.20836
SV2B,5.4514813,-9.570182
ZNF850,-2.5896482,9.26752
MEGF6,0.0066471547,-0.028535428
SIPA1L1,-4.513879,12.248547
CNN2,4.5669312,11.4144945
SPATC1L,-10.340914,8.015509
HDAC1,2.9029233,-11.4099
MGAT4C,-4.6655197,7.305081
ZNF543,0.7210832,8.836291
ITGAE,3.8773668,11.836057
PIGBOS1,3.7838287,-6.7679076
RUFY1,9.017592,1.8180094
CHTF8,-8.051299,9.043841
RARS2,14.726782,-1.5313977
SNCA,-6.550017,11.333502
TTTY15,-1.5745932,11.958179
PARD6G,1.3526247,-1.1533431
RIMS3,0.107376605,6.4029384
KDM2B,5.3382807,13.485225
RAB29,-5.321376,-5.6915164
ZNF703,-1.873373,9.936967
TNK1,1.631155,6.2867436
PEPD,1.9775531,-5.3557343
PON2,1.4940755,-11.667393
TRMT10A,-0.72073823,-0.60721934
PAQR6,-12.27848,9.615062
ZRSR2,-7.88938,6.241332
ZNF738,8.772785,-5.919303
ZSCAN9,8.856956,-6.097546
PRPF3,1.9322706,-5.464403
CBWD5,0.5502963,0.27480438
ZDHHC7,-5.8313584,10.620311
BARD1,-7.2235365,-2.5525582
TXNRD3,1.7966211,6.1361723
NAPB,-6.4228787,-0.8748232
APOL4,-7.029938,13.46936
OFD1,-0.7763151,0.9524597
TMEM133,-5.3390555,9.728025
TMEM136,7.2339573,-3.4175537
UPF3B,10.215881,11.853447
PKDCC,10.5199375,-4.159507
DZIP1L,-1.4150231,3.629103
EIF2B1,0.3586862,-1.3294654
AHNAK2,-4.5860357,12.271701
ZNF799,0.8487446,-8.951512
POLR3K,-7.314895,2.08665
PDPR,1.8940161,-4.072672
MIAT,13.655555,5.7155356
SYTL3,4.5918756,11.208821
LRRC3,-3.5654073,-1.5933063
PDCD1,3.772227,7.345874
MGAT3,0.8261691,-8.730538
ZNF222,0.99172515,4.859625
ZNF34,-1.4109125,-7.8125877
RASL11A,1.2991837,-0.9266506
EMILIN2,11.583133,4.1664906
THNSL2,-5.0064316,7.280994
NEAT1,-0.2647124,6.015229
ZFAT,10.092395,-1.7958558
CYB561,-4.884912,7.2551126
HNRNPA1L2,-0.42309225,5.138317
PLAGL2,-4.096606,-0.6240703
DPF2,-6.2384243,-3.5873952
ZNF226,-2.08062,5.5737195
CECR1,7.3023767,5.133611
SPINK5,-5.7900143,-5.820299
HAUS8,-13.1666765,0.31598222
UGT2B4,6.251055,-3.7997139
GABRB3,-3.521172,8.015284
