node,x,y
OLFML1,14.707148,8.86136
OSMR,5.7492046,9.706634
GNL3,1.1456095,7.361265
DDX21,5.1726675,8.849299
TM9SF3,18.661377,5.9244957
FAM217B,8.134044,9.39932
CASC4,15.206178,11.834666
SCRN3,-2.408414,7.2019863
TRAM1,17.510296,5.3801208
NDUFB7,11.371892,0.4496523
COX4I1,9.95613,0.7730419
EIF2S1,-2.0874562,-1.712355
RAP1B,21.728617,4.7174883
UQCRC2,10.6544075,4.749825
TOMM40,2.3582442,-6.5082436
IPO4,3.6356184,-0.4237945
LRRC59,-0.2222517,8.554502
BBS10,7.33988,5.1198416
AFF4,-4.7430778,1.3115954
UNC5C,16.708559,8.951851
SEC61A1,-0.25783542,8.703635
TIMM50,4.714497,-7.7787
ERBB3,13.250009,1.7036493
WDR1,5.064249,14.022065
LANCL1,-2.4253812,7.0030584
ZNF598,3.7226787,1.8018688
SLC52A2,0.96596307,8.999091
ATP5F1,10.5420475,4.643261
EIF3J,-2.1920028,-1.9842584
VDAC1,13.865667,2.9428413
EIF4A1,6.9166174,8.661716
UQCR11,10.841791,0.6758974
NDUFS1,10.335228,13.2448845
ABCE1,0.69095916,7.0129395
SBNO2,6.886493,3.0284078
MAPK10,15.569003,8.951094
ETF1,-2.0901964,-0.8709397
WAS,2.3460937,5.447656
RECQL5,-0.8772417,-0.695073
MYDGF,0.6350996,9.170062
TMED2,18.69721,4.641429
CARF,9.740742,10.473215
MRTO4,3.7133188,-1.0096194
MAP2K2,6.408942,-8.260093
PCYOX1,-2.9569485,7.811358
ZC3H15,0.7410732,0.226155
QPRT,1.1763859,-2.4251237
UQCRC1,9.725224,-3.45048
SAMHD1,-2.6813679,4.5908494
UBQLN1,0.56901824,1.3576013
GBAS,12.501954,5.53001
NAA50,-1.9822712,-1.4898578
ATF7IP,8.312195,8.9538555
CORO1B,1.6653825,3.1517386
DCAF6,12.551128,6.17673
SLC25A11,11.742938,-0.6405057
COX7B,9.121377,-0.91839355
ATP5B,10.860154,4.537008
ADCY5,4.7807503,-1.7762605
EHMT2,-2.1886258,-0.23942344
NDUFB3,8.79965,-1.2525747
ASH1L,20.678068,8.481852
MEN1,4.8780847,7.1813526
CCDC47,-2.336427,-1.0539207
PNO1,-2.033763,-3.7013223
ELOB,11.494628,1.1082376
SURF4,-0.24601994,8.725342
TMED9,0.13314904,9.147915
EPB41L2,15.853246,9.230318
CHRM2,7.7541685,1.2673855
C1R,8.643067,7.236982
VDAC3,9.808241,4.466078
IPO7,0.0051935627,1.4033488
MYZAP,12.5660515,5.810367
CC2D2A,15.175856,8.4522085
MAFF,-1.3398033,-7.6080317
CERCAM,-5.079441,9.157956
PPIB,-2.0823944,10.803556
CREBL2,1.8671359,-6.6938243
PACSIN3,5.4918985,12.620581
NDUFA13,11.0678625,0.5081868
C1S,8.599776,7.2702036
ZKSCAN4,6.9134197,5.523809
ZNF646,5.782078,6.552733
ABCC10,17.73739,-1.0782489
PTPN13,16.986458,8.7931595
ISLR,14.546507,9.368027
GAL3ST4,12.032159,-2.8678718
GLTSCR1L,15.269678,-4.956092
HM13,-0.31268963,8.378382
EIF2S2,-0.7316552,-3.154966
ERO1A,-3.3457255,4.131017
MYBPC3,8.717624,-4.6806316
CDH5,-5.466454,11.896512
QTRT2,-2.256276,-4.5169516
MDH1,9.992737,4.4378
FYTTD1,5.292711,1.5447316
OPA1,15.036391,2.4707127
ATAD3A,2.4285543,-6.3864555
ACAT1,12.252637,4.800174
GABPA,18.895056,0.84826535
PCNX3,4.077315,7.8050146
SPI1,2.2030208,5.6867886
PRR12,-2.354193,0.16837326
TMOD2,16.767433,8.7819805
FGL2,14.732259,10.09221
MIB1,13.525344,13.870664
COX5A,10.021276,-1.4510808
CD53,3.2126417,5.187538
ACTN2,5.141639,12.726838
PLEKHM2,2.8917038,-5.163672
COX6B1,10.049608,0.61209434
WAC,9.056737,-8.570206
STAG2,19.823576,8.060254
PTPN1,8.447501,10.300065
CTNNA3,15.357933,-1.5659685
MTDH,18.71472,5.567951
DHX37,3.4625924,0.019238902
HSPA12B,-5.157373,12.7708645
PPP1R12B,15.8343935,-0.927448
TCF12,16.562595,11.794144
S100A11,-1.8434261,13.8300495
STRAP,7.14935,-5.585108
MRPL4,4.971074,-8.522204
CELSR2,1.074568,-2.0406628
ANXA2,-1.8205343,14.053904
WNK2,12.932082,4.6550474
SYNCRIP,0.5799235,6.747941
RAB5A,0.75167644,0.29722977
KPNA4,12.597057,-2.5514474
SLC35A5,0.9448411,-6.222289
TACO1,11.095211,3.8176856
ALDOA,10.303234,-2.6555383
HNMT,1.2686055,-6.4452233
PKN2,18.515575,0.9265658
FSD2,4.4015,-2.366933
PIP5K1B,12.389469,6.3128858
NDUFS8,11.330406,-0.008642675
KIF1A,4.1457343,12.504516
XKR4,10.418017,5.9326177
L1CAM,13.29245,1.7814339
LRRC39,4.9552636,-2.450085
UBR3,15.539945,-2.4330764
TMEM182,15.76253,-1.0434711
FH,10.323562,4.5161014
CMTM6,17.246702,5.6934586
PLS3,14.262194,11.848646
ITGB2,2.6404421,6.055448
FBXO40,4.773567,-1.7925395
C1QTNF7,15.1955385,8.338883
RARG,-1.6841321,3.0650203
DBR1,6.8531485,5.3305173
TXLNB,-1.5433015,1.0285776
PSMB3,4.6893897,-7.625916
RSF1,20.080273,8.252741
SEC24D,-0.005124834,10.806357
SHARPIN,6.637559,-8.047771
ECM2,14.583669,9.954478
CLIC1,-2.0202918,13.6265955
NAMPT,5.0039597,9.799338
OSBPL8,13.493849,13.771015
PRPF40A,0.5248757,6.6403275
GOT2,10.099869,13.030852
TXN2,11.382467,-0.24529055
EIF3K,9.9584055,1.9583508
TNNT2,8.692923,-4.5444856
DCN,8.347856,17.674234
AMOT,15.957888,8.950962
KLHL38,4.425471,-2.7996716
PPP1R18,6.976312,2.7221806
PGM3,-0.039130747,10.075032
ANKRD13D,2.7785702,3.6090946
SERINC1,18.463655,1.7733573
IFI16,6.69146,9.98953
TPM1,5.2801375,12.401758
HSPA13,18.790264,4.701398
ATP5A1,11.226224,4.9180527
PIFO,0.98304087,-2.656864
KTN1,12.6045885,-2.6863348
DOCK2,2.8762677,5.6023107
AMT,-5.9017878,6.308076
BYSL,3.86568,-1.0853994
CHMP2B,18.57021,2.0512872
CROT,8.933673,10.99637
YME1L1,0.18346491,0.93035764
ANAPC11,11.258547,0.87293303
HDAC7,-3.7674854,13.036525
COX7C,9.039202,0.3791059
CDKN1A,7.214709,-9.77019
RCBTB2,15.264751,8.379703
DNAJB14,14.220592,14.062254
MRPL12,5.150883,-8.824911
RYBP,6.2859473,0.525664
MVP,6.346963,4.012994
SPHK1,7.1178203,2.5462382
ZNF787,2.7500854,-5.679637
C1QC,2.67909,8.262793
TNFRSF1A,6.55542,3.7420313
GRAMD1A,7.182415,2.4493136
OBSL1,5.6079965,-2.3790836
PJA2,18.678532,2.2763119
NR4A1,11.191521,-8.461068
WIPF1,16.148024,11.95144
SLMAP,4.6818833,11.344958
PSMA2,7.829066,-4.6137385
RELT,8.403044,9.958635
JADE1,-2.420376,4.56453
DNASE1,-5.672962,-0.43840352
GATAD2A,7.7602525,13.331672
CPNE2,1.8907562,3.1631196
PIEZO1,-3.7144027,13.016732
ATE1,15.680206,-2.4034903
MAPKAPK2,-2.9092658,-8.54917
ATP5D,11.800337,0.12303361
RAN,6.917102,-5.5402193
EPHA7,7.4317446,1.0368361
PAM,13.115129,6.5592833
PDE4DIP,5.4682174,-1.1707423
CSDE1,13.087122,-2.8884656
GNAO1,1.096668,-1.9165055
CLGN,12.371122,6.2336555
CYBRD1,8.496588,17.697977
COL1A2,-5.153716,8.591901
TMEM106B,17.430918,2.0851705
FOSL1,7.256561,-9.704617
LDHD,8.772038,-5.08519
STAT3,5.4227414,9.618438
SH2D3C,-5.1018457,12.469144
WDFY1,21.901337,4.3173337
PECAM1,-5.935765,11.638423
TNFRSF12A,4.9698997,14.053186
TRIL,13.893801,8.585926
LTV1,-2.1770895,-4.118635
LAMTOR4,11.420478,1.5281181
CREBRF,10.51829,-5.4036827
ESAM,-5.4592586,11.973819
SEPT7,15.542485,12.393671
GARS,-0.7483921,-3.2453616
TCIRG1,2.5627232,3.582339
TEPSIN,4.978646,6.961421
PRPF4B,10.80944,-6.9317055
PYGM,1.5915859,-2.6615984
COX5B,10.094773,0.9127228
MATN2,15.565676,9.629383
AIFM1,10.967358,4.0659165
HSPA9,14.369939,2.7771056
CAPRIN1,18.939676,5.659518
ERI2,9.7069235,10.4017515
THBS1,7.0947847,-9.736803
ABTB1,-0.5526332,-0.8623893
VEGFA,-3.3686454,4.103345
MS4A6A,2.8510911,8.570398
ZNF212,5.9395857,6.325049
EXOC5,19.279669,5.6400585
WDR43,1.1612374,7.2874794
SUCLA2,10.439107,13.763479
ANKRD1,5.0849695,13.020663
CFL2,5.040887,12.672488
ERLIN1,9.411512,6.637848
TMOD3,16.961243,5.4459944
GTF3C4,-7.9593725,2.445993
ANO5,11.077912,5.973257
SSR1,17.979324,4.6341343
ANTXR1,14.740079,11.502952
FAM102B,14.498013,11.638185
METTL1,3.3213718,-0.47345534
NIPBL,20.751617,8.648345
RPL32,2.6561728,9.367811
INTS11,4.6437225,2.7175043
ARHGDIA,-2.2053401,13.4293785
DAPK3,5.1732445,13.866993
RD3L,4.65148,-2.7413375
DOLK,3.5623803,3.3334012
RPL23,2.4178941,9.565429
HLTF,-2.744364,7.5330987
HECTD1,-0.55637157,16.84883
SBK2,13.198702,6.643086
ATP13A1,3.3499157,8.480307
SCN4B,13.586417,8.385004
EIF3B,3.555679,-1.2515202
MAP4K5,22.082808,4.4442596
FOSL2,-1.5074222,-7.4865093
SEC23A,18.875183,2.8762047
CTTNBP2NL,16.441078,5.4756827
ARCN1,18.60119,3.7072494
RPL19,2.7975063,9.245565
GNAQ,16.79765,5.5699286
DES,5.5289307,12.789293
ZNF862,-5.105255,-0.42855316
PLCB3,2.2290502,3.3812134
SPEF2,2.8350558,-7.4649777
MTUS2,5.15621,-2.2758386
CASQ2,10.089406,4.3542576
MRC2,-5.2773256,9.183765
ZNF518A,9.747788,10.393528
SMIM12,2.733432,-7.173718
CDK18,10.296861,-2.762731
GLT8D2,14.538721,9.692354
ITGAM,2.3521578,5.6193953
CHSY1,21.622202,4.8389072
BPTF,1.6237345,-8.843128
VDAC2,13.793126,2.9892983
C2CD5,9.758898,10.483087
METTL7A,-3.0320218,4.9908895
SEC61B,-2.111522,13.496242
EDF1,11.876502,1.4685212
LMAN1,18.918293,3.6122067
FAM111A,-3.4281075,-2.5952806
PRKAA1,14.709588,14.328612
LIPA,16.445711,12.269736
PICALM,5.266433,1.643072
ZNF740,5.995371,6.499854
BZW1,2.7734077,14.1943445
RUNX1,6.7434554,9.959599
NOL8,-2.4729278,-4.7612514
TMEM214,-0.032869566,9.091301
RAB6A,18.76403,2.4886034
VAPA,5.60644,1.0934081
NDUFB9,9.986115,-1.4051163
SCYL1,2.8142729,-5.5062647
RLIM,-4.4164395,1.3029796
ARID4B,19.568352,7.376282
UPK3B,8.73343,14.762836
LAPTM5,3.424952,5.2218385
KDELC2,14.914496,11.796525
RAB18,0.9099466,0.7474274
PTPN18,1.5129972,3.0923924
B3GALT2,7.644994,1.2684243
SUB1,11.9842825,-2.9714954
COL6A2,-5.123124,9.060171
MRPL52,5.2818365,-9.327634
UBA7,-2.5513573,-2.171252
BEX3,1.0355772,-2.5667403
PPP2CA,5.4838223,1.2849973
SH3GL1,7.211178,2.2112463
TACC2,5.0013456,-1.5383427
CISD1,13.800302,2.9492664
C1RL,1.1019726,13.765483
SMARCA2,1.7613158,-8.46339
PDHB,9.881036,13.199995
SLC35C1,3.947069,7.7655435
COPE,4.876804,-7.368882
KMT2B,3.2207105,1.4103992
ARPC4,-2.1144745,13.48506
ZBTB6,-7.945872,2.460054
SPAG8,-5.7773333,6.3805404
ECM1,-5.274184,9.195934
ZC3H13,1.5100716,-9.015878
CCT2,6.7578254,-5.5792956
ZBTB39,3.4271278,3.4463065
SF3B5,4.755767,-7.39457
SPAG9,-4.801684,1.4500515
ACTR2,18.508389,5.819759
NYNRIN,-1.7034354,3.1252553
ASB10,4.9987097,-2.8309278
TWF1,17.611828,5.8067255
LRRC20,4.961394,-2.7983959
SET,-1.8464571,-1.5312629
ATRX,18.202518,1.4906815
ARHGEF1,2.4419148,3.6652577
TRERF1,-1.7210356,3.1321034
ATP2A2,13.105159,6.550381
WDR36,-2.3079934,-4.54336
SRSF11,10.889912,-7.0216217
FBXL17,15.608311,-2.3860018
ZNF423,16.28945,9.449805
CACNA2D2,1.1382518,-1.6836501
PCDHGC3,-6.1304755,8.650388
NDUFS7,11.545345,-0.2502636
LMBRD2,17.347284,2.0974815
LMAN2,-1.7648911,10.977625
PDLIM5,5.057777,12.821628
DDX18,0.3380936,6.661995
CCDC191,2.8699462,-7.5111384
ANXA4,0.88554215,-6.518574
SMG8,6.7253733,-0.038963675
ITCH,19.539577,3.1854303
BCAR1,2.8471029,-5.081185
TMOD1,12.950637,6.38853
GMIP,2.1913939,5.3315644
TM9SF2,15.5924,12.838433
ATP5L,8.911129,0.56040967
WDFY3,20.4989,8.390184
PPP1R13B,13.224043,4.6423645
PSMD14,7.2940273,-5.4328256
TTLL3,-3.065537,-0.8122378
ACBD3,18.815973,3.4712727
SRPRB,-0.151243,8.162966
LOXL2,-0.72703063,16.397898
C1QTNF2,14.085407,8.713154
BTBD1,13.147723,-2.9815762
RPRD2,1.5774955,-8.927243
COA7,-2.378301,-10.284274
PAK6,5.6770453,-2.372576
ARPC5,-1.4447186,14.779435
PFKM,12.291988,4.7629256
SMNDC1,6.1274343,0.59183866
PDIA4,-2.923939,10.660174
COX8A,10.049912,1.7949603
ICAM1,13.148713,-8.005809
NDUFA1,9.281938,0.21111494
SSNA1,6.751474,-7.928823
ZBED8,16.41224,-7.733841
RABL6,6.222542,-8.426244
UBE4B,-1.510027,1.0873967
ACOX2,-5.6751595,6.447851
ELL2,-1.6794826,-7.3645597
SNRPD2,11.909387,1.5351063
TAB2,8.9500675,-8.624976
DAND5,4.9499593,-2.7333312
TPM4,-1.5029168,14.299497
MAD2L2,7.500279,2.783585
OTOGL,7.281126,0.88589984
PSMA5,7.45221,-5.104572
COL5A1,-5.101621,8.814608
NR3C1,15.30689,-4.99885
ZBTB21,-1.5460153,-7.2561946
MIER1,19.076393,6.96196
SLC30A7,5.715557,9.488428
CGNL1,16.282251,9.415975
DCAF13,0.27499393,7.819774
ADRM1,4.6153064,-7.772226
PKN3,-4.6547575,12.722117
CAND2,4.5733404,-1.6121576
SH3BGRL3,-1.8871691,13.784368
EPHB4,-4.760062,13.106561
RPL18A,2.9394467,9.968327
FIS1,11.502091,1.3647321
ZSWIM1,6.7689867,0.3274586
SRCAP,7.7231236,-3.875637
USP9X,-0.1779419,17.010353
KDELR2,-0.038062148,10.752114
PUS1,4.2337656,-0.4122633
NR3C2,-2.9366736,7.9208922
ATP5O,8.826596,-1.2713684
PQLC3,0.94873357,-6.414628
KRT19,8.693901,14.691348
PLAUR,7.2716494,-9.789833
NDUFC1,8.903561,-1.014802
PLCH1,17.909369,-2.580726
RNASEL,1.3510894,-6.208732
POMP,7.7610087,-4.672283
SLC25A4,5.551922,12.026157
FBXL6,4.3557653,7.478752
RPL7A,2.854762,9.397932
PSMB6,9.88933,2.0974698
PPP2R5E,19.200994,5.647141
GHITM,14.047584,2.7071607
TMF1,19.380144,3.2381995
AOX1,-2.9013638,4.5804925
ADAMTSL2,7.367681,17.597176
GAMT,1.6721476,-2.6207952
SLC2A1,-3.3969922,4.0563765
WDR46,3.3713973,-0.4372605
EHHADH,-2.0648174,7.369396
CSNK1G3,16.837206,11.694434
CSF1R,2.765654,8.431427
MYOM3,8.400806,-4.6283164
SOX13,-5.544542,13.175421
SEC24A,18.741896,3.5117967
RAD23B,0.12642539,0.8218809
CCDC130,4.524673,2.5873678
ACTR3,0.78871924,0.17044981
OLFML3,14.039526,10.043053
UQCRFS1,10.966866,4.028234
RHOA,-1.6138222,14.346957
RECK,15.158255,11.8239155
BOD1L1,1.557339,-8.9401245
ATP5G3,10.0120125,-1.4256787
NDUFB5,9.708239,4.5005884
TAGLN2,-1.6694449,14.169924
TMEM208,3.180726,-0.5791099
RPS6KA4,4.297073,7.5164695
EIF2AK3,-4.859218,1.5410187
TCF3,4.8890142,-10.2132225
PPM1A,13.940093,-3.214374
IL1R1,8.868668,6.77646
NELFB,4.9732056,3.0889738
PYGL,8.845287,6.9129467
NFIL3,-1.2543081,-7.7081246
ZDHHC9,5.3436437,9.92625
SUFU,-2.3396504,-0.046043873
ZNF225,-7.1814666,-3.6393423
CXXC4,7.748592,1.3200202
PDIA6,-2.9460235,10.650913
RELB,13.083003,-7.926705
MED13,13.150024,14.643334
ARPC1B,-1.7135214,13.809636
TBXAS1,2.4855633,6.4136133
DDX28,-7.282984,-1.4581324
RUSC1,-1.5402719,3.0225449
ACVRL1,-4.4792624,12.778682
PRDX5,11.856208,-4.1176105
ESRRA,14.140466,0.55872804
EGR1,-0.31892556,-8.676248
GNB1,-1.418206,14.523877
NDUFA6,9.807733,-1.2462847
BICDL1,8.787186,14.8522
HCK,2.2046623,5.7372675
PPP1R3A,4.1868386,-2.7669494
PPP1R16A,12.028014,-0.9285615
MTCH1,-2.890335,-8.527001
TAOK1,19.709702,3.0984714
API5,0.36508924,6.5520186
IFIT3,-3.7262664,-3.2795296
PTGES3,9.05382,-8.247236
ANGEL2,15.129316,14.569837
MYO1F,2.3648293,5.450493
MARCH6,0.0083128195,17.03733
ZBTB41,18.617844,1.1024102
GALT,-5.7638063,6.3959503
LDB3,8.240829,-4.628955
ING4,-0.6060823,-0.8406155
SETD1A,3.1543987,1.346594
MTF1,-0.8379076,16.69763
PES1,3.391503,0.19311734
FXR1,11.007364,8.944734
EPS15L1,13.181668,4.637639
WDR3,2.8489532,18.792597
CTU2,2.4280586,-6.5752497
LMO7,4.9609537,-1.7074327
MKS1,-1.0280278,-0.63593274
EFCAB14,15.533641,12.622884
ADAM15,-4.5981183,12.70471
DOT1L,8.622141,10.5241165
KCNJ3,7.266777,0.8667784
FARSA,4.616666,-7.014786
ZMYM3,-2.19222,-0.0041846563
PROSER1,3.576145,3.5765586
IARS2,10.578153,13.841173
MAP2K1,-4.0235453,3.6679904
AGPS,15.624839,12.930183
RBM20,4.8355193,-1.7196325
FAM96B,12.039786,1.3465152
DSP,12.288376,6.348906
SMAD5,13.259804,13.633163
HSPH1,8.875636,-7.774638
MSN,-1.4734436,14.308018
TYROBP,2.5387347,6.163247
NFKB2,13.104835,-7.9520974
TBCC,6.73231,0.04121934
ADGRF5,-5.6033797,11.522789
KIF22,13.064094,-4.9330378
TOMM70,15.059529,2.4767656
MPZL1,9.0614,6.7699075
ANKRD29,13.738345,8.5267315
HEMK1,-5.7399793,-0.47280732
DNAJB5,5.02901,13.846122
GPATCH4,4.1100917,-0.29645526
UBE2D3,5.92299,0.70571095
NDUFA11,11.224161,0.8025713
ABCD2,7.5263257,1.1854811
CCDC137,4.2687488,7.542327
FAM126A,22.080984,4.427863
TNS2,-2.7821486,5.312171
FITM2,4.055048,-2.7974577
TMEM14A,14.999124,8.874496
PLAA,15.03212,2.4915774
GTF2A1,18.782263,1.0243778
ZNF835,3.1459205,8.879071
TROVE2,13.73113,13.896671
FNDC5,1.6016835,-2.6864066
GIN1,9.587006,10.897363
TMEM39A,-0.029014966,10.556692
ASTE1,6.4608135,5.8437567
ATP5J2,9.935,0.4559854
FBLN2,7.7381,17.653206
POLK,19.857973,8.169901
WDCP,6.0719333,6.361785
MARCH3,-1.5557544,-3.657319
TRIM34,-3.3850625,-2.7356079
DPM2,3.143736,-0.58374465
MAP3K20,12.954438,-2.8554347
CCT8,7.189287,-5.7017293
CD44,6.7092648,9.945103
PTPRC,3.114288,4.91305
EIF3A,-0.01998474,1.4492236
IL5RA,-1.7203562,0.714762
SHMT2,-0.33877826,-3.8385224
TCF4,14.1146345,11.989818
FOXK2,-2.8900983,-8.527958
RBFOX1,12.27491,6.440405
IRAK3,-2.2140472,4.480148
BMX,3.279522,6.292977
ZNF248,-5.5371084,6.5357046
SRM,2.4702992,-6.4684215
DVL1,3.078231,-5.293496
ARF4,-0.054093238,10.7888365
ZFAND3,-4.0794563,3.6336432
CASD1,17.72129,2.0271618
PHC2,8.881596,11.146941
FAM160B2,4.6262627,2.69888
RAB1A,0.763347,0.2083066
OGN,14.92865,10.017135
MFNG,-4.9380374,12.987226
CCT5,6.765182,-5.6890993
NCOA2,1.7141099,-8.598617
FLNC,5.156854,13.513734
KIF1C,11.269546,5.455797
MTPN,18.808716,2.6202161
FAM208B,0.13119549,6.69876
CAPN15,3.578913,1.6453478
FASN,-0.86014074,14.49553
DENND6A,14.8562565,14.427739
PLIN1,-0.43381903,14.504006
TRMT1L,9.61262,10.881932
PSMA1,7.559628,-4.943837
RCN3,-4.9979944,9.181388
UBXN4,19.4617,3.2250037
MOB1A,17.76311,5.8528767
TXLNA,4.4326158,-0.23293972
ZNF253,-7.169646,-3.626335
PAPOLA,9.221666,-8.423104
NAT10,3.4307978,0.1502355
ZNF331,11.205334,-8.4617405
FREM1,15.529216,9.512515
PPP3CA,17.150486,5.4378104
CYC1,13.8832855,0.6083072
IFITM2,6.4353423,3.9040449
USMG5,8.611646,0.72699577
CAB39,12.862324,-2.7620084
OAS2,-3.6657348,-3.2171082
MAN1A1,15.219957,-6.696095
BTNL9,-5.714838,13.373208
PLSCR3,-1.6345226,13.718664
FAM13C,15.175453,7.8763885
PSMD12,-2.2662094,-0.9369243
GPAT3,0.20914128,4.9594626
FEM1B,5.15189,1.7038201
ADCK5,-0.92128694,-0.51275903
POLR2H,4.893194,-10.125088
CLUH,4.9408517,-8.513848
INTS3,-5.6845274,-0.45743164
ARHGEF18,5.0559287,7.101
TRHDE,8.750805,17.814075
TMEM165,5.170713,10.038912
CARD6,1.1025445,13.770465
NTN1,13.243404,6.693531
PHYH,12.214166,4.8862586
TRAPPC5,22.587933,-0.72988766
KMT2D,7.7323594,-3.8872514
EXT2,9.408859,6.7088776
TIMM44,4.93287,-8.456452
ARL8B,0.8148141,1.2103866
FYB,3.1158638,5.041259
TBC1D17,-0.48398924,-0.9262929
MSMO1,0.2557661,3.7749267
CSF3R,4.3489885,5.115296
RPGR,-2.10888,4.40884
NNMT,6.6119833,3.6468015
ATPAF1,9.660138,4.4932885
NPPA,4.198927,12.421782
MAPRE1,5.3791637,1.4697222
CDV3,-1.8934957,-1.3405317
STK25,4.869721,2.9747026
SRL,5.341026,-1.2473593
OSBPL7,-2.5791175,-0.9787901
KANK3,-5.0217795,12.615632
TEAD4,7.4721627,2.7705474
MOCS3,6.7634096,0.24318801
TAB1,0.9359872,-0.1179486
HINT2,13.06237,-4.9236856
THBS2,0.31018797,11.209588
TCEA1,17.2528,11.59542
SELENOF,17.363577,5.2899575
PIP4K2B,-2.010848,0.34850642
IL2RG,3.0894833,4.82617
SUMO1,11.956789,-2.9878898
GDI2,18.647406,3.9973328
SPX,15.917443,-0.9491155
MMRN2,-5.5622454,11.7744465
FGF12,15.928749,-0.8913788
CCNL2,14.503028,5.5112753
IGSF10,15.645352,9.485335
NUDT7,16.108366,-1.0566635
ARFGEF2,-0.07686255,17.03568
SIRT5,4.1466317,-2.6363611
MYH9,5.389443,1.8141358
RHOT2,4.4176655,2.4600666
DOK1,2.140504,3.3366385
CLTC,18.093239,4.0877676
RUVBL2,4.689228,-7.2992187
STX12,2.7212892,14.104969
ALKBH7,12.198913,-0.7623518
CARS,-0.51921743,-3.602678
KBTBD7,8.118055,9.3828535
MYH14,11.283502,5.4258347
GPR137,3.0086074,14.587789
SPIN1,1.7692426,-6.803867
LRPPRC,14.833071,2.5606248
CCNL1,-1.1475408,-7.8207455
CCSER2,12.319925,-2.7806997
DGKD,8.441332,10.270756
COPB1,18.000338,4.3375263
ASXL2,18.469484,0.9882469
TTN,10.640194,12.885474
CYB561D1,5.5177183,6.7667317
HCCS,13.827248,2.8695877
AGGF1,4.8911204,10.508389
PREPL,15.70434,-2.3776338
FGR,3.9276187,5.140904
ZNF510,-7.080891,-3.5408356
TCAP,8.762078,-4.4227757
ATP5H,8.850035,0.5594531
SPPL2B,9.36027,-8.508884
NPM1,-1.8430927,-2.034634
EML3,-3.7527254,13.066087
FAM107A,-2.5444577,5.2305937
TGM1,8.712047,14.732413
HSPD1,8.862147,-7.759652
NNT,10.375153,13.14919
NPPB,4.667017,14.119477
RIF1,13.149207,14.644419
ACBD4,6.6381497,-5.751315
SHANK3,-4.7102532,13.128703
ITGA5,8.298282,9.831087
GMEB2,8.559959,10.43162
JUNB,-0.32103088,-8.666959
GLI4,9.493363,-8.755602
RPL7,2.2988353,9.698797
CYHR1,2.9089453,14.437272
CNPY4,14.949519,8.897471
COL4A2,-0.8722899,16.310347
PLXND1,1.8655869,3.1970503
VPS37A,0.69894254,1.3861672
NR4A2,11.20438,-8.460218
HEATR1,-2.3483765,-4.63175
FAM173A,22.587187,-0.7288947
OAS3,-3.6784556,-3.2260141
OTUD4,0.07713956,6.710652
COLQ,-8.951475,-0.026954653
SLA,3.6821005,5.1588335
GTF2E1,6.969695,5.3352757
ZNF175,-7.349716,-3.7994566
MED1,-0.64914745,16.920527
CDH6,13.452261,8.435225
PSMC4,2.620297,-6.9253445
LILRB3,4.0498776,5.127184
SLC9A3R2,-5.301304,12.876357
SECISBP2L,19.868124,8.166509
UBL5,10.532169,0.22550932
ZNF776,-7.27832,-3.7306187
ATG4D,14.086143,0.5524381
CCT4,7.1215725,-5.911603
PAN3,14.787564,14.389685
ARL6,0.9080863,-6.1693115
ZER1,4.4271665,-1.7472174
UBE4A,20.937082,0.2206945
RFNG,4.676212,-10.580782
R3HDM4,7.083609,8.790195
VPS4B,15.13043,14.567329
PPP6R1,3.1390042,-5.3349304
ZNF385B,4.082082,12.533668
ATF2,19.114658,7.003263
PHPT1,12.288018,-0.78214103
SFXN3,7.909421,-3.5258398
ASAH1,15.297889,-1.4694213
HILPDA,-3.535445,3.956585
MARVELD1,-1.6842266,2.5650196
PCMT1,6.9708776,-12.1530905
SRF,5.3079147,13.762507
LRRN3,7.4083643,1.3067125
KXD1,7.240673,2.1668808
PBRM1,17.942532,1.3606308
DPH2,3.843066,-1.0814059
ZNF319,3.162615,8.909518
GAK,3.3715153,1.4587731
STAT6,9.815535,13.058368
HSP90B1,-2.9571333,10.692535
CCDC91,15.707661,-2.3287237
TMEM143,12.489489,4.73709
FPR1,3.9511678,5.1411405
DCAF17,7.427592,4.941453
BTBD2,2.9497178,14.501941
IMPACT,-2.4363291,7.0820546
NDUFA12,9.780901,-1.2093042
ATP11B,19.725151,3.1581204
SMCO1,4.938627,-2.6370316
ELOC,7.85441,-4.5302944
ENO1,-4.0314894,3.695863
OXR1,18.456455,1.9175864
TGS1,-2.2958097,-4.5622144
UQCR10,9.93361,0.54092765
CCM2L,-5.3430867,12.949553
HAMP,-9.544119,5.9524355
ZNF507,-8.095351,2.2970107
ADAM11,1.1713902,-2.4575777
PUS7L,7.448819,4.917783
TRABD,3.5138226,1.5689422
TPRA1,4.889453,-10.201683
DICER1,10.885343,-7.0142612
SEMA4B,4.7802243,9.611431
PYGO2,3.155186,8.908233
EEF1A2,9.455003,-3.7832208
NEXN,10.78725,12.721279
WAPL,0.5847566,6.5349007
TRIM45,-5.991243,6.229308
CDKN1B,10.482772,-5.3747973
PUM3,-1.9137886,-3.55733
ATP5J,8.840745,-1.1686687
COL5A2,-5.088142,8.637737
RLF,-4.796169,1.4859747
SUCLG1,8.71853,-1.4633855
TMEM178B,5.6966615,-2.3757453
TXNDC12,18.791471,4.194956
SNRPD1,0.2967661,7.8054123
TBRG4,4.97302,-8.481361
FAM208A,20.095694,-3.833928
ICAM2,-5.608155,11.846332
RAB23,14.539746,11.734629
STOML2,9.897393,2.0984278
PHKB,-2.2906954,6.9275823
RAB27A,6.2822814,10.085445
NDUFB6,8.74072,-1.245636
MSLN,8.734068,14.777652
MYL4,4.3589926,12.475358
ICE1,-0.5607841,16.940866
PARL,14.262931,-4.6103826
NARFL,12.874382,-6.207407
KIAA1109,1.6912962,-8.69021
ZDHHC20,17.525791,5.194527
TRIM54,9.148227,-4.0931687
TSPAN14,-5.6663327,11.199662
SLC30A6,0.21471629,6.1887784
ADAMTSL5,5.956224,12.907079
PDS5A,9.267076,-8.526255
PSMA6,7.693701,-4.7611165
KIAA1107,10.422815,-5.327108
RPL36,2.9379296,9.989817
UBE2J2,3.5497158,1.601951
ANK2,19.090187,-1.0861683
MXRA8,7.9201293,-3.43373
PAICS,-1.907532,-3.525378
NARS,14.680293,2.6684637
ABT1,17.49962,-5.2239485
PURA,18.57774,1.1412877
LRRK2,16.874065,8.637216
STK38L,0.18092823,5.001197
RMND5A,13.982627,-3.2365558
MAP3K12,1.533472,3.084637
ROMO1,11.736416,1.2792542
STAU2,12.481805,6.2126803
MED13L,20.468414,8.390171
TOM1L2,4.792765,-1.5655489
PSMD6,8.034012,-3.1339648
MYPN,5.187433,13.090552
SBF1,3.143184,-5.342267
HAUS3,7.134664,5.4138184
UCK2,-1.5678458,-3.6598325
PRORSD1P,-6.2948313,-6.4594374
VSIG4,2.4800553,6.5190153
CD200,7.569802,-10.0253525
ITGAL,-5.397481,-5.636715
ZNF395,-3.323772,4.1372027
PHF3,10.533768,-5.3909564
REXO1,3.3165548,1.475859
QKI,12.374865,-2.7720003
DHX15,1.2842778,7.229592
TUFM,9.75246,-3.4410646
COQ10A,8.602337,-4.8928275
GSPT2,6.727242,-0.016374378
SLPI,8.49023,7.5742426
MFSD10,4.837197,-10.309336
SAMD9L,-3.5617383,-3.097261
YARS,-0.77821815,-3.2135904
MED23,-7.870143,2.5379148
CBX1,15.253998,-5.039225
MAF1,10.976248,1.1223816
SEH1L,1.1054696,7.179133
CFH,8.653452,7.205206
ITFG1,-2.364096,6.801176
FMOD,8.651472,7.2101607
DHFR2,8.486386,8.786956
UBE2M,9.763996,2.381704
NDEL1,-1.4645867,-7.247893
MYOM1,10.777503,12.730521
MRPL28,11.894638,0.18120903
NCF2,4.1556163,5.127319
SULF1,14.546507,11.579628
PDCD11,3.4389594,0.09350967
PSMD7,14.294104,2.8311875
MAPKAPK3,11.6066675,-0.6223581
ADGRG6,3.1744487,6.2030907
SCARA3,14.177974,9.387458
MT2A,6.772167,8.476515
ZMYM2,0.19668287,17.027504
ADAMTS9,5.2631836,9.59591
CNOT1,20.883612,8.140141
YIPF5,17.94484,4.481196
GSTK1,13.062851,-4.914501
WIPF2,-0.8828849,16.72077
LOX,0.3439767,11.250017
RAB10,19.254007,5.6344414
IFITM3,6.3987746,3.961348
SLC11A1,3.8927236,5.152691
NDUFB2,10.547344,0.26233965
MTIF3,8.840108,-1.6068763
TBX2,-5.6026297,13.22691
RAB31,-1.5110265,15.174448
ZSWIM3,6.330625,5.953766
QSER1,13.693221,13.903566
TRAPPC8,17.94492,1.3496044
CCT7,-3.0399196,-8.699745
SDCCAG3,4.928756,-10.107982
LDHA,-4.0051084,3.704873
FBLN1,8.423701,17.65953
MYRF,8.79287,14.861549
FCHSD1,7.928891,-3.4348142
PLAG1,7.895563,1.3664831
OAS1,-3.5956106,-3.121029
IL1RAP,5.571888,9.7094
ST13,11.010746,8.949914
FAM78A,4.223826,-1.3722492
NDUFAF4,13.81898,2.8762612
TRAPPC2L,11.313185,1.6683077
EVC,14.331446,9.042077
FCER1G,3.412759,5.2224927
SORBS2,15.091946,-1.5748948
ZNF524,9.631721,-8.9337015
ZBTB3,6.824085,0.2680863
G6PD,-3.0844371,4.411181
ZNF616,7.67214,5.291678
TAF1D,7.389049,9.006947
FRMD8,7.143425,2.4428945
NAT9,-3.10689,7.945824
EIF5A,2.4638891,-6.6796155
P3H1,-0.1736707,9.229607
FBRS,3.2646718,1.4473835
ARHGEF40,-2.2441065,14.460671
S100B,13.058784,1.3632035
PLEKHO1,5.0427823,14.069895
ASB15,5.1410556,-2.3532238
LYRM9,12.975742,-5.071012
MYBPHL,4.210129,12.474318
PA2G4,-2.1992745,-1.7370406
TIMM23,8.223504,-2.6635501
PXDN,-0.73931044,16.398212
FAM163B,7.3027196,17.5835
MGAT1,-3.8149025,12.9691105
SH3GLB1,0.1326108,0.8730986
MFN2,5.247147,12.331301
FBLN5,8.545825,17.718973
TMEM175,9.572619,-8.853383
FAM216B,-1.692434,0.70981467
ZNF182,7.0695157,5.5537386
UST,8.714022,17.796455
PSMB9,15.416349,8.254473
MTRR,0.1869017,6.723657
FXR2,11.261558,5.4590306
ATAD1,12.74285,-2.0962389
MRPL51,10.532308,0.2084089
ATF7,16.130175,11.856613
MYBBP1A,3.4275537,-0.28338543
ZYG11B,15.61477,-2.4868414
ZBTB24,-8.061656,2.3168037
GFRA3,10.806017,5.6813917
CLN3,1.3894408,-6.1387734
ASB7,-8.135552,2.0772886
ZSWIM8,3.384885,8.548655
RBM3,14.254394,-4.600857
NLGN3,10.175365,6.111459
MRPL46,11.04253,3.8953452
WDR48,10.472875,-5.38359
SEC13,0.058711495,9.149674
FAM129B,3.829329,1.837532
PFN1,-2.1630406,13.450161
CS,10.334929,13.161618
TMEM14C,12.078993,4.6408844
ZNF517,0.8690716,0.02075146
PTOV1,10.969563,1.1247222
LAMTOR2,5.370866,-9.290517
CUL3,-0.45329568,17.184769
JOSD2,4.991272,3.106199
SAMD11,7.363462,17.596653
MCCC2,9.847604,13.43196
TATDN3,9.801689,13.4164505
CDH2,15.297872,-1.5415115
IDI1,0.25473708,3.7758992
ZNF793,9.768672,10.380496
ZSCAN29,3.4827013,3.4925444
IFNAR1,17.142912,5.4097633
ANAPC16,18.767748,-4.3274465
CIDEC,-0.4221901,14.503505
PPM1M,14.645932,2.6867762
RFTN2,1.8134947,-6.579062
TWNK,-2.3776767,-10.285215
RILPL1,11.307977,5.4025197
ATG4C,0.8650778,-6.14746
DMXL1,18.014055,1.4013162
ARHGEF15,-5.0766397,12.446119
CYBB,2.7482445,8.4345045
FASTKD2,15.041708,2.4835207
DAPK1,3.1273634,6.1602287
XPOT,-0.49958602,-3.650001
ANKRD2,5.9411974,12.930172
SLC27A4,3.721263,7.8826966
ZNF2,6.19936,6.2845287
CALU,18.856358,2.7995152
PTPN6,-6.627984,4.6919637
HSP90AA1,8.870228,-7.758494
CTSO,0.65035284,-6.552909
PSMD8,5.56839,12.741014
GLRX3,7.2022576,-5.4645147
PDE5A,13.942467,8.618699
DGCR6L,1.7904885,-2.578569
UNC45B,5.486199,-1.1539706
PTPN12,21.767372,4.425425
ADAMTS7,5.612695,-2.3468995
MPZ,10.703846,5.7456927
PRKACB,19.130796,-1.1198747
COL4A1,-0.8559845,16.324747
SH3BGRL,14.768073,10.250739
RPL26,2.4223335,9.541215
BTAF1,10.90379,-7.0304494
WWTR1,16.403734,5.469188
DOK4,-1.5187551,3.0074182
IL1RL1,-2.0985303,4.4132366
UBE3A,12.549409,-2.5972779
SGSM3,4.852218,2.962862
SLC2A10,-1.6648936,2.5685098
NCL,2.8489926,18.790514
RUNX1T1,8.274441,8.929273
PIGV,1.4008479,-6.1304603
NDUFA2,10.482477,0.8339114
CISD3,6.062746,-8.537274
PPP1R3F,11.1913595,5.53295
RHBDL3,0.2834617,-10.339283
NLGN2,1.0658427,13.726157
CACNA1D,1.1390052,-1.6513734
KDELC1,9.433039,6.6990943
YIF1B,0.2268898,9.327024
IREB2,-8.10623,2.2931135
HSP90AB1,8.76163,-7.6293344
PRRC2C,21.871769,4.889076
DUS1L,4.421328,2.4652421
PPP1R26,4.481451,-1.8796903
RPL35A,-4.109075,-1.2127849
DRAM1,5.995184,9.903369
ZNF30,3.1116843,8.876484
NIFK,-1.9676888,-3.7143333
TMED7,18.813421,4.686738
COL3A1,-5.1199656,8.66113
FCGRT,14.029381,10.052052
CD93,-5.969642,11.624864
PIN1,11.360798,1.6080071
NME3,9.566177,-8.855402
SPIN3,6.76148,5.657032
TGIF1,7.3427563,-9.813969
FTSJ1,-4.0520782,3.7163167
NOTCH2,-6.1353326,8.6476755
XRN1,19.57828,7.381854
CXXC1,4.8384356,7.1684713
SPSB3,-0.43259954,-0.965247
SMUG1,-4.574204,1.2630877
CKMT2,5.5699844,12.009257
TRBC2,-5.4322224,-5.671238
GTF2E2,15.085699,16.398825
B3GALNT1,7.3956585,1.340473
PSME4,12.671131,-2.2469063
ATP11C,5.7509823,9.464948
IRF3,2.780989,3.5729768
PNPLA8,5.8842187,0.71763355
N6AMT1,-5.608726,6.4848046
TARS2,10.588073,7.8859053
SLC7A6,3.2801793,3.5218954
IFI44L,-3.7132223,-3.2559252
MGST1,-3.0111504,4.4687195
NSUN5,9.96814,6.271728
ADPRHL1,8.460705,-4.551348
SLC30A9,13.243482,-3.0683687
TMEM104,3.7547522,7.8540606
KANK1,4.5315156,11.283733
CASKIN1,1.0803075,-2.0337594
BAZ2B,1.6550202,-8.74193
ZMYM1,7.306446,5.1149383
DECR1,12.142405,4.7982435
BTF3,5.522306,-11.160015
SHOC2,17.29115,11.566451
NDUFA9,10.04501,-1.4372127
RGS9,17.926548,-2.6018565
TBCK,-5.5293865,-0.38259062
ZNF233,7.90512,1.3901988
TNFRSF10B,7.3851743,-9.878043
PTMA,-0.0921311,10.967202
IKBIP,-2.303051,10.780755
RAB2A,0.9365963,1.0477605
EVI5L,6.1903863,-8.459448
SMARCD1,7.4627323,-3.7756786
ALKBH4,3.1659677,8.917737
NDUFV1,9.727808,-3.468772
PCNP,17.447052,11.660246
DNAJC19,8.903973,-0.95663196
ZNF655,10.870414,-6.995671
CCT3,6.687767,-5.659548
ZNF594,9.961456,10.258752
SMIM10L2B,1.0631464,-2.507424
NAP1L4,4.968823,-1.4676313
SPTB,11.321923,5.377963
POLR2L,11.477571,1.0291771
EHD2,1.9031831,3.13671
PPP1R14B,2.6420083,-6.314746
WDR5B,7.5947685,5.2879734
PCBD1,9.20673,0.19947352
NSD1,20.096443,-3.8330097
ZNF577,-5.098009,-0.42578366
TMX1,17.635801,5.821416
RELA,6.9971495,2.642947
RPN1,-0.28933728,8.655668
CCNG2,10.543706,-5.3603454
BRD4,7.765958,13.335164
E4F1,9.965266,15.82623
DHX33,-2.2760453,-4.394109
LYRM7,-2.1955462,6.957902
RNF207,-5.935814,6.277165
C3,8.494908,7.549789
ZGPAT,9.965769,15.825322
PSD,3.8895702,12.672052
NUDT21,17.322994,11.539903
FADS3,2.061329,-6.7538204
UBE2J1,0.043563608,10.333925
JMJD6,-7.9320507,0.55742526
KMT2C,20.576902,8.456672
LCN6,-2.5201495,5.290605
TK2,6.5169454,-5.5148396
SDHB,8.468063,-2.0399811
NADK,-3.7864015,12.978535
TIMM13,5.051965,-8.685485
SMPX,10.120451,4.344221
MED15,7.2222934,2.0809705
NFX1,8.413744,10.40153
RMDN1,9.859595,13.418902
HUWE1,-8.026967,5.4860425
WDR49,-1.7112573,0.72099364
TMED1,12.302071,-0.7869578
ENTPD2,13.163536,1.2594353
CARD10,-5.143883,12.801003
CTSK,14.1946125,9.993411
CCDC86,3.9968767,-1.1957461
XRCC3,4.69863,6.5133276
NDUFB10,10.198908,0.86701715
SUPT6H,8.277358,10.520333
WDR83OS,5.356971,-9.297897
PSMC3,9.825277,2.191719
UBL7,11.278045,-0.4227638
RYR2,10.488874,13.046265
MYH11,19.752323,5.6482897
ZNF416,6.189251,6.2901545
ATF3,-0.080323376,-8.6130905
AAR2,17.499445,-5.2236295
ZNF358,10.978081,1.1192333
GAPDH,10.326795,-2.3898005
CLMP,8.871827,6.8108897
KDM4A,-2.484174,0.21086532
POMGNT1,9.767242,-3.447503
GPT,8.775661,-5.0940533
PTAR1,13.123947,13.519558
REPIN1,14.146548,0.557358
FAM214A,20.92509,8.872927
PLXDC2,-5.480381,9.3356695
UBE3C,18.026373,4.033687
RNF141,13.269491,-3.0953383
PSME3,-2.0954869,-3.8402925
DSG2,12.170732,6.4013796
SLC39A14,4.844772,9.571163
CTSC,1.577133,5.324623
ST6GALNAC4,2.663218,-6.3002653
TTC31,-4.486696,-0.50283915
CNTFR,8.800034,17.838196
OSTC,-2.3248787,10.777904
PLIN2,-2.1032653,4.479787
PRDX3,10.251095,13.82208
MFSD14A,21.535349,4.8926945
TMEM259,4.298352,2.330247
EIF4G2,19.252071,5.627455
ABCF3,4.9314275,-8.522986
TYK2,4.8350873,7.180749
MEF2A,12.270011,-2.8044975
CHD1,-1.7942934,-7.193632
RAI1,2.8316221,-5.046139
KAT2A,-5.74296,-0.46109974
INTS6,6.544771,0.48345384
ALG1,3.6281674,3.261818
S1PR1,-5.9530406,11.656813
AR,-2.968684,7.8345804
SPCS1,14.262828,-4.611916
SLC25A12,19.075302,-1.0742562
SCML1,17.546803,-1.297032
GCC1,3.2494733,3.412847
TCERG1,1.1564715,7.2861896
P4HB,-1.6880656,11.0041895
SMIM14,-1.5279293,15.168982
SBDS,5.505689,1.25761
KCNK17,17.880766,-2.5504355
RAB21,5.4947605,1.2459236
PLOD2,-3.4538405,4.041839
NEGR1,8.727104,17.805758
ZNF662,-4.489646,-0.50205415
ATP13A3,18.706217,3.4382818
DDX58,-3.846975,-3.4090137
SNX3,9.061949,-8.263942
CLK2,5.384407,6.5985017
TEAD3,5.1189127,14.203676
DSTYK,1.5368108,-8.981448
BRPF1,3.1456196,1.3670928
SOS1,20.095808,-3.834427
CP,8.745401,7.0500073
RPF2,-0.9821241,-3.044115
SLC25A3,8.34386,-2.3500407
DDX17,-3.6601005,-2.5564518
PIK3CA,20.42766,8.372069
GNL2,-4.54491,5.868296
NDOR1,4.8023477,6.6377106
PPRC1,6.6843295,8.675384
S1PR2,-3.5905657,13.024365
CORO1A,-6.6315117,4.690399
IRF9,-3.8752787,-3.4499354
STX10,9.66626,-8.969552
GLO1,11.890276,-3.0419817
TOP2B,15.725207,-2.3843954
GOLM1,-0.9123156,16.119867
FANCM,9.999819,10.438985
ART4,3.2960923,6.307566
TRIM55,5.258852,13.661064
RABGAP1L,15.95946,-0.71582055
RAC2,3.1112342,4.90615
ANKIB1,13.702919,13.917493
B3GAT3,1.0541835,9.001457
SLC25A46,15.378822,2.5804198
SNRPB,6.9781246,8.728525
SEPT10,15.487843,12.530527
MTX3,7.602074,4.7191453
HOOK3,13.459875,13.827162
TAOK2,-4.7468157,13.109288
COQ4,9.201569,-8.636015
ATL3,-1.5149099,15.121048
ABI2,12.251286,-2.8091738
MRPL14,4.6443796,-7.291895
ZC3H7B,7.841169,-3.8536837
FKBP1A,-0.8358699,16.320837
GIGYF2,20.866358,8.163669
ACO2,11.393294,5.2044587
FOXO1,-2.7188644,5.0004334
NUS1,0.05737463,10.315554
LENG8,14.504429,5.51045
MANF,-3.0200818,10.702046
RNF181,11.926664,1.5462269
PRKDC,18.035868,4.057518
PDHX,14.141877,2.7625337
SSR4,-1.8667803,10.951661
EFS,-1.6869137,2.607752
HECTD3,17.753536,-1.0697584
TMEM47,15.500898,12.331485
FOLR2,2.7301667,8.365424
PSMA7,4.644719,-7.712001
MYO6,14.766044,14.373498
MLF1,12.2801485,6.4589434
KCMF1,0.6613174,1.4351046
IMMT,10.438274,4.5652943
HADHB,20.541725,1.5872704
MRPL13,8.712549,-1.2669653
ABCA6,16.233284,8.780025
HNRNPF,5.102209,8.972957
FBN1,-6.119157,8.654362
NAA10,-8.664838,8.583392
MRPL16,8.890109,-0.9838635
CDR2,-1.4346198,-7.106211
POLR1A,3.8231626,-1.0612214
BMI1,17.505478,5.19014
MAMDC2,-1.5564386,15.220993
LRRC45,17.558529,-1.2803589
NSMF,3.8435328,1.8589907
ACADSB,15.660079,-0.98106724
MAGT1,18.84961,4.6084437
RHEB,5.360261,1.5103842
DNAJA1,9.006485,-8.027406
UBL3,18.071331,1.8957897
FBXO28,13.137184,14.652073
CCT6A,6.7581887,-5.660798
FIBP,4.8672814,-7.388815
PTCD2,-2.1190436,7.3855047
CDC34,12.325729,-0.7911761
NDUFB8,9.995484,0.81746405
ZBTB17,2.8049085,-4.9375243
CYCS,13.923498,2.7908525
LMX1B,16.275335,9.4556055
CAMK2B,9.412549,-3.8479025
STRN3,0.9674111,0.7185271
C1QB,2.6173038,8.150895
MRPL2,10.090763,1.7445554
ABL2,4.982397,9.168933
DPYD,16.290335,12.064159
SLC4A3,9.413798,-3.849494
FAM91A1,5.8125596,9.371961
GHR,1.7487894,-8.511147
SVIL,10.748857,12.772911
RNF6,-0.6722676,16.936735
EGFLAM,7.1087604,17.511879
NOVA2,-4.685557,13.13683
PTPRS,-3.0990627,5.013178
SLF2,16.41198,-7.7336483
KPTN,3.0328617,14.623612
ZNF37BP,-4.894224,-0.42508805
CDC73,18.728304,2.3856397
ITIH5,13.719076,8.452027
UFM1,0.019374907,10.2810545
SLC8A1,15.254299,-1.5540534
ANKRD52,7.7905126,-3.9266763
IKBKB,9.868911,13.010156
COQ9,11.069455,3.8652735
ANGPTL1,-1.5566475,15.214659
CDC40,4.867051,10.55331
STARD3,4.6403503,-10.633185
PUM1,19.882982,3.2250078
ERLIN2,-2.754346,7.5227733
VANGL1,8.606963,8.682919
EMCN,16.486126,12.311634
DFFB,-5.1022105,-0.42965624
MYOM2,11.230515,4.900957
RPL31,2.5669975,9.426999
SETD2,20.711142,8.565869
SERPINA3,6.661289,3.5388756
DLD,10.0773945,13.609217
TNNC1,5.215578,12.444682
IL6,7.122606,-9.793317
COL1A1,-5.116337,8.674616
FNDC3B,18.711859,3.4524257
FAM134C,5.8225207,6.4647913
ITGB1,18.838533,2.7078323
KIF20B,10.00565,10.438761
ETNK1,19.053242,6.9257407
CMBL,12.358565,5.210589
ASB6,4.168402,7.6578674
CTCF,15.271195,-5.022333
RSAD2,-3.7369778,-3.2889605
PAN2,-5.142533,-0.42665222
CRYBG3,20.923418,0.23615213
FEZ1,17.923285,-2.5987053
GLIPR2,-2.2044067,14.434842
FBRSL1,6.250129,-8.4030285
MFSD3,11.992466,-0.9339715
SLC41A1,4.0433226,-2.832095
SPTLC1,17.74116,5.3821254
ACTN1,5.135048,14.266381
SORBS1,10.785946,12.725626
YKT6,2.5084836,-6.387731
PTP4A1,-1.1924084,-7.768613
RPL24,-4.111684,-1.21825
ZNF780B,-5.4706874,6.55834
TIPARP,11.203948,-8.452739
ZNF471,-5.3649044,-0.41309482
LY6G5B,4.9072113,-10.186821
ECSIT,11.94283,7.8316336
AASDHPPT,17.320894,2.1069598
ACTN4,5.4031205,1.8469741
ZNF785,5.2599535,7.0700793
BCL3,13.131007,-7.982399
OPLAH,8.650226,-4.5204744
DNAJC13,1.7030767,-8.700493
IL6ST,15.218926,-6.6948376
CMIP,6.3056574,10.13248
SLC35A1,0.9397109,-6.228284
KDM5B,21.923647,4.2011495
LNPEP,15.611276,-2.511836
SLC7A7,2.957993,6.027711
HCFC1R1,1.7895914,-2.5800912
PARK7,9.773094,-1.199623
MYCT1,-5.543158,11.882057
MRPL38,6.772246,-7.9075627
RNF208,12.007601,-0.93965846
CYB5R1,5.540407,12.719769
SMIM1,0.28504917,-10.335716
GNPAT,18.767965,-4.327716
ELK4,13.21855,13.598536
ITM2B,14.778169,10.290577
WASL,16.999208,11.678667
PPIL4,6.199852,0.5509579
MPND,1.498834,-2.534275
TPI1,10.336083,-2.3786516
RB1CC1,-0.049276307,17.031261
FERMT2,5.3291235,1.5566821
THUMPD1,-7.8731256,2.5458612
SLC4A2,2.8454895,-5.0431833
SLC27A3,1.7686526,3.130918
PSMA3,7.4965672,-5.073329
COL14A1,14.572893,11.541397
ARL13B,21.679253,4.818688
ARSI,-4.994006,9.211001
GFM2,10.5534525,13.80609
ACOT9,4.9977937,14.00391
FAF1,13.742799,3.0726683
COPB2,18.149475,4.030065
GLIPR1,-1.1562623,15.519598
CHIC1,17.56048,2.0554562
KCNH2,13.007376,4.648449
RNF170,9.666413,10.227096
ELK3,16.80188,5.559866
INTS5,17.498606,-5.2233114
KCNJ4,5.5603843,12.598236
ZNF345,-4.8233705,-0.43958
GNPTG,13.947986,10.09844
JRKL,7.6402407,5.2681003
ERGIC3,-1.8307014,10.988494
RHAG,13.276077,1.7438794
SLC44A1,-1.5392647,15.194425
SGCG,11.2258415,4.899778
ZNF268,15.247082,14.631304
LUC7L3,-3.6752665,-2.5503778
LIMA1,14.235312,11.827675
RIOK3,-4.2733855,1.3257701
DBT,-2.048143,7.3732862
TRAPPC11,4.8777533,10.54172
PRCP,16.48869,12.320097
EMILIN1,-4.9936776,9.209787
UGDH,-0.10622093,9.999241
IPP,-2.438642,7.117193
TNKS2,13.15568,14.625417
CLASRP,-2.514768,6.9742446
PTGES2,14.011842,0.5588825
PPP1R15B,6.9188232,-9.717289
ANO6,17.721832,5.3660064
FZD2,-2.247366,-0.1656149
TMEM45A,8.835947,6.946363
CCDC121,8.158445,9.255693
WASHC5,8.936781,11.05706
ERBB2,5.6117425,-2.3582854
MYH6,13.229759,6.6774044
KIAA0232,15.406106,-2.5458755
CLTB,9.761448,2.387907
TRMT1,4.974895,-10.118279
OXLD1,6.536546,0.48987296
UTRN,14.068392,12.031842
PACS2,2.9511483,14.512923
IPO5,0.104882225,1.2660267
UBR5,20.771004,8.654048
GNB2,7.255701,2.1260662
FAM76B,14.76195,14.372802
SNHG15,6.5618143,8.593526
BRIX1,-2.0296242,-3.8078601
SDHD,10.23319,13.821066
CLEC14A,-5.4615464,11.972204
RCAN2,12.46715,6.1850986
KLHDC9,-5.9966598,6.2301283
DGKQ,4.7795053,6.6328154
LAMA4,13.775425,8.505538
KRIT1,4.8737864,10.546959
ZNF264,-8.128028,2.0527782
MCL1,6.9059567,-9.713492
MORF4L2,0.8236105,0.105934076
PFKL,7.2414417,2.1526668
ZFAS1,2.9469311,9.585874
MRPL47,8.290636,-2.5055764
SARAF,9.016446,-8.3361435
MYL9,4.962934,12.433659
CLINT1,19.074312,3.0745237
GYS1,5.5503826,12.617995
STK40,-2.8752744,-8.5140295
GOLGA4,12.532531,-2.8670394
ACSF2,1.059626,-2.579102
TOMM5,0.29442954,7.805169
ZNRD1ASP,9.869357,10.356508
NIF3L1,6.718405,-0.021033723
TRMT13,7.4488153,4.9118505
HINFP,5.262991,7.097574
LETM1,3.8170028,-1.0653276
COL8A1,-5.466297,9.330132
HAUS6,-0.48341373,-3.6892517
SMAD6,7.3332615,17.592224
GTF2I,20.957205,0.19502637
NDUFB4,8.941149,0.48177636
ZNF382,6.9276433,0.11177184
UMPS,-2.116627,-4.621512
SLC25A20,5.720282,11.889664
GOLPH3L,7.6622543,5.280758
RBM25,10.909432,-7.0378995
MT1A,6.7645226,8.4949875
CCDC14,-3.5309494,-2.5817876
MCMBP,5.1070104,8.931506
HIBADH,12.314775,5.1092052
ARIH1,-4.589606,1.2526929
DLAT,10.370472,13.169241
MS4A4A,2.6217103,8.133198
UQCRB,8.855037,0.534933
ALG5,18.745766,4.1221137
ROBO4,-5.173434,12.318327
FBXW5,12.333023,-0.7902442
NCOA7,21.526503,4.9024305
AK2,2.5204265,-6.764668
MIEF1,-2.3782253,-10.282971
ITPKC,6.7985387,8.46673
HCG11,15.280626,-4.9474916
ZNF350,-7.443742,-3.8890393
IGF1R,8.431824,10.372361
ACAA2,20.54058,1.5870827
SLC16A3,-3.4238234,4.0598187
GPD1,-0.4109364,14.509331
MXD4,5.7828784,0.725494
HGS,3.3931293,0.20969461
FAM189B,1.4065924,8.91982
PTPRA,0.6734532,-6.575726
SLC2A4,8.743244,-5.017003
CLDND1,6.2624145,0.5352795
PLA2G4B,6.5885434,-5.7962017
SLC35B4,8.63151,8.66245
PNPLA6,3.0206501,14.606338
PPFIA4,10.30409,-2.7477713
FUNDC1,9.608047,4.4620533
KLHDC3,5.546257,-2.373739
FHL1,5.232729,13.750793
SETD3,0.6476789,1.4227971
EPB41L1,15.243329,8.317329
PSMD4,9.8272915,2.1629705
NUCKS1,15.775351,-2.3492389
PATZ1,-2.24373,0.019917525
HYOU1,-3.0014684,10.697653
NEIL1,-0.45953044,-0.94561213
GUCY1A3,15.170664,7.836093
MSANTD2,5.38188,6.5718737
TRIM2,8.464322,8.805556
POLD1,1.4079322,8.91953
DTX3L,-3.9096842,-3.4825568
MRS2,10.397189,13.16045
ZNF404,-5.497332,6.5487957
MTOR,-8.040879,5.4839935
PACS1,4.589572,14.1396885
HNRNPR,0.57109594,6.812233
SLC39A7,-0.00483234,9.143279
BRWD1,0.21933955,17.024977
SPIRE1,-0.030035902,1.4589851
MRC1,2.4916217,6.6236887
ZMAT1,2.848898,-7.4932156
CCDC124,5.224754,-9.433854
TSPAN11,13.293689,1.817264
NDUFA4,8.965538,0.4261009
ZNF12,10.767459,-6.888984
ZNF260,-7.074429,-3.5341923
ASPN,14.693689,10.073734
UBE2L6,15.462493,8.2606325
WASHC4,19.84966,8.177364
MYO18B,5.259839,12.883647
CD34,15.624407,8.835622
PKM,10.334661,-2.4043121
ASIC1,10.131342,6.1454325
PRTFDC1,15.14398,8.460246
RBM24,4.5374002,11.286498
GSN,7.7795277,17.661766
MON1B,3.468942,3.4812758
LPAR1,15.2220335,-6.69852
ULK4,0.9411871,-2.6946025
FLAD1,4.4777975,-6.666489
RNLS,12.351369,5.2144628
NDUFA7,10.481484,0.8437153
TWSG1,15.332799,12.036718
CCDC142,17.735157,-1.0874047
FBXW11,-0.104582295,17.05467
CDC37,4.2427044,2.2724812
DYNLL1,14.250401,-4.5926313
PPME1,-4.0729322,3.6325688
NR4A3,-1.5927632,-7.8076715
OSGEPL1,8.213957,9.621122
SMARCD2,-3.0469532,4.993951
EIF4E,-1.845348,-1.547986
TRUB2,11.126333,3.7659206
EIF3M,-1.8853037,-2.0016963
PDIA3,-2.4669435,10.748011
EZH1,-0.4713158,-0.9233385
MOGS,-3.1358407,7.9916945
DDX42,8.16836,10.707398
DCTN6,12.05188,-2.9424198
CREB1,18.755157,1.0152389
MPEG1,2.7759576,8.460589
CYP4X1,15.618674,8.862629
MYC,6.9922194,-9.752138
ZHX3,-3.0662963,5.001154
HRH2,4.742671,9.61031
E2F4,3.6963775,1.7444564
DGKZ,10.278978,-2.800022
MTA2,4.4631667,-0.1962343
GNG5,8.617479,0.7200378
PER3,-1.7831908,4.199832
SNHG16,-0.69071484,-3.1313276
DAB2,6.7483134,9.957573
DBNL,-1.6300828,13.72807
URB2,-2.1889348,-4.286912
GUCY1A2,-9.545896,5.9519424
CIPC,4.5538363,11.295695
ACOX3,5.2907696,13.781441
SSC5D,-5.3377733,9.240954
CPT2,10.588705,7.8857455
PFDN5,-4.113179,-1.216077
NME2,-8.665119,8.583178
IMPAD1,18.822054,4.647906
LMF2,4.6998186,6.515464
ZFP36L1,7.574387,-10.03259
RNF150,15.042005,-1.5967299
MAP3K6,-2.5378551,5.284975
CFB,8.500376,7.540347
PSMD11,-2.2037601,-0.93677056
RPL37A,11.91539,1.5463985
ZFYVE19,8.136457,10.744211
PIGK,-2.397837,6.7582417
KARS,-3.0765443,-8.737454
FERMT3,2.000337,5.3059525
COL28A1,10.522097,5.8658934
KLF15,-2.8006327,5.195936
RAB8B,21.717752,4.4820786
SIGLEC9,2.278237,5.693613
RAB14,18.94985,5.675884
SALL2,-2.152049,-0.008296318
ZNF579,2.9718657,-5.365717
TPBG,-0.9586811,16.008251
NEDD9,-1.5836724,-7.3745317
SLC50A1,-0.37728223,8.420548
HNRNPAB,-2.0749526,-3.7834573
CUL5,17.324358,2.1051056
PIP5K1C,8.226356,9.87141
TOMM22,9.940219,2.0572011
AES,11.866142,-4.1336803
UBE2N,7.1325755,-5.619678
SMC5,-4.8382564,1.4986261
SLC2A3,-1.1798562,-7.753856
CSAD,-3.0876906,-0.8132038
SLC25A40,-2.1656659,6.8973813
PCCA,10.577048,13.770628
ERI3,4.6966166,-7.6840057
ZNF341,17.7359,-1.0880278
MIOS,-2.377691,-10.313514
NTM,1.1586034,-1.5930552
ZHX1,18.71305,1.0524468
PBX3,19.114988,-1.1067244
SEC61G,-0.69119436,-3.12956
BBX,18.459639,1.2194157
PMVK,11.866757,-4.1371145
RABGGTB,-2.1838245,-1.7194941
MAOA,13.476862,4.6098514
STUB1,11.097937,0.9911972
KCNAB1,13.404762,8.503748
FN3K,12.687237,4.518854
PLEKHJ1,5.0321293,-8.650624
PPIF,-5.9957724,3.2014568
CCNI,8.994997,-8.455342
RARA,7.326712,-9.689662
BTN3A3,-3.3941753,-2.7239776
RPS3A,2.3000994,9.695082
ADAM17,21.874651,4.899493
TMSB10,-2.0979943,13.52063
TTC14,-3.6121905,-2.5455256
HNRNPA3,2.6941519,14.064399
NECTIN3,15.478676,12.297884
MEOX2,13.432423,8.455158
NEDD1,18.896574,0.844784
DBP,-1.8636986,4.2568617
TLR2,3.7210658,5.170277
ISCU,9.659018,4.4935803
MGLL,-4.574163,13.3301325
PNMAL1,12.366023,5.2530794
HMGCS1,0.25376135,3.775574
PLOD3,-1.6931124,10.996988
UBN2,7.5439024,4.735047
ETFA,10.647036,4.5818396
TNFSF13,16.596313,9.205596
CSNK1A1,5.3998094,1.4445662
CALR,-2.960068,10.664897
F2R,-5.5294814,9.366784
NEBL,5.482359,-1.1576905
TXNDC5,-2.2910926,10.780761
CRBN,10.58663,-5.514097
PTPRG,-2.5887885,4.8540764
ZSCAN25,6.335926,5.9389586
ZNF7,-7.4444284,-3.889174
TMEM94,-1.8626784,-1.3419831
RBM43,-2.8865602,-8.522933
RPUSD2,-7.2828736,-1.458525
PPP1R1A,0.88535434,-2.7993042
FOS,-0.31063205,-8.670513
CARM1,4.791382,9.595471
ZC3H10,5.9814506,6.47109
PPARGC1A,0.20948252,4.9611125
C2,8.5419235,7.4172173
RSL1D1,-1.8465383,-2.0354147
NAA15,-2.3965826,-2.0378826
VPS4A,4.60644,-7.75394
CSNK2A1,-4.1347637,3.5803816
LDHB,10.5449915,4.5640783
CRYAB,5.2922926,12.458218
VWA8,19.082766,-1.0809876
COPS7A,11.978835,-0.57308316
PSMD3,4.6015997,-7.7323465
NCLN,2.4940553,-6.3925557
DHRS12,12.985408,-5.056689
ZNF688,9.579766,-8.871201
CSNK1G2,3.9991672,2.0208416
SLC7A5,-1.4411199,-7.5760527
SNHG10,-0.7190288,16.401958
RNF10,-3.0582032,-8.719456
SYNGR1,11.869577,-4.1453977
DSCR3,8.386974,10.440323
RNF11,17.465782,11.662281
RAD54L2,8.138386,10.739784
WDFY4,2.7678301,5.6103377
YEATS2,0.3614485,11.268448
TRIM33,19.579906,7.379292
AATK,13.032605,1.3972261
AFG3L1P,5.3650775,6.585979
AGO2,1.3388897,7.193954
MPPED2,15.08853,8.204926
CRKL,-4.1365576,3.5804074
RNF4,7.753027,13.327437
PSMC5,-3.572091,-1.5029323
ARHGEF25,-1.428238,2.950144
KBTBD6,8.092189,9.367569
NOTCH4,-4.623063,13.238066
MYH10,14.3061,8.994015
CIAPIN1,2.7120242,-7.101902
VPS26A,17.237349,11.5981045
BEX4,15.966728,-0.6969448
VTA1,15.592377,2.714514
FBXO11,20.890316,8.131971
ZYX,5.4007654,1.8444146
MYL7,4.565559,12.451008
ATG9A,11.183933,5.5204897
CSF3,13.147525,-8.005124
CENPT,4.6729746,6.4869757
DENND1C,-5.1012435,4.3868713
GNG12,15.274312,11.924298
RRAGD,9.738251,4.467817
KTI12,17.497845,-5.2228026
AXIN1,3.4045959,1.4593757
SEC22B,0.049315315,10.328772
LEPROT,15.477647,12.5748
SEMA5B,-2.4121156,-1.693236
RNASE4,8.47792,17.666504
FAXDC2,10.358516,-5.2626495
DNAJC1,15.085838,16.39826
FBXL15,22.817787,-0.97602004
ATG2B,20.89472,8.834381
SKIDA1,3.193204,8.878078
ABCF2,3.4622786,-1.2648746
YPEL3,-0.4756232,-0.9126322
SF3A2,7.142265,1.9889506
ATG5,18.967213,5.674162
NPM3,0.27599677,9.138632
ADAMTS1,11.202965,-8.46092
RSRC2,6.1354594,0.5776242
ZNF202,-2.0825126,-4.606072
TPGS1,22.587217,-0.72879153
PCMTD2,-2.167171,13.460144
MLIP,4.045518,-2.8160646
WDR24,4.480013,-6.6737065
MFSD8,15.099987,14.553772
SLC25A43,9.382101,6.684511
NEO1,17.026615,8.842396
PKD2,15.234632,11.875962
ZNF691,3.0793436,8.865328
TNPO1,13.68834,13.895155
BTN3A1,-3.3914251,-2.7281864
CCAR2,1.5457462,-11.361857
GPRC5A,-1.439028,-7.2921796
TMEM30A,18.525972,5.904073
NDUFB1,9.244537,0.08342008
CNPY2,4.891316,10.511796
CCL5,-5.4360104,-5.675008
SCYL2,0.827379,0.49270055
STAU1,0.13243169,0.8629202
MAMDC4,-5.7437725,-0.4509512
FAM107B,7.6172576,-10.070051
LMAN2L,14.248978,-4.5917172
GCDH,8.790483,-5.1168303
C1QA,2.6517417,8.210459
PTPN11,-0.018994493,1.4553282
TMEM222,1.545075,-11.362249
NXT1,6.576529,8.617382
TOGARAM1,18.465221,0.8799112
FAM21EP,-1.7136028,0.7116689
SERPING1,8.582566,7.3073645
ALDH5A1,16.184498,-1.1059982
NICN1,-5.8440495,6.3550158
PRRT2,14.806115,8.339427
PCOLCE2,7.777435,17.661797
MOB4,15.575435,2.7037938
LILRA5,4.161487,5.058263
P4HA1,-3.72979,3.8332438
RNPEPL1,6.203744,-8.4465
CYR61,-0.11972878,-8.611299
FBXL4,10.452286,-5.3577228
SERPINF1,8.6340065,7.270352
GABBR1,-3.0755024,-0.80674565
TFB2M,-0.50612223,17.404457
IRAK4,1.1025662,13.769955
COX11,13.25857,-3.085
SDAD1,2.8490543,18.792196
FUK,-0.92107064,-0.507741
PDK2,11.344155,5.3344483
ACSL4,-1.9110343,-1.2894602
RAD21,13.9606285,-3.220011
CLIC4,0.7878967,0.16879103
PGBD4,6.857169,0.25529617
CD300LG,-5.712476,13.3676405
MFSD14B,17.229624,5.7366004
COMMD3,9.6886215,4.4770236
IGKC,3.0581253,4.6910853
PPOX,-2.2750797,-1.2099855
SMOC2,14.695102,10.075143
LSM7,-8.665043,8.583271
CLCN4,19.085403,-1.0829498
TRPM7,20.870947,8.801293
TRAF2,-0.25856882,-3.9421272
NDUFA8,8.778942,-1.4473902
COX14,11.838439,-4.078057
BAZ1B,-0.6397281,16.81853
ZFPL1,5.001425,3.1150053
AMIGO2,16.648869,8.915695
JUN,-0.28234184,-8.661031
ZNF546,9.86561,10.357933
EPB41L4B,13.4453745,4.611422
DHX35,3.2407746,3.5636032
PCDHGA5,0.38964495,-6.537894
NACC1,3.822612,-1.0616459
PSMD1,7.325737,-5.615922
CLDN15,8.490881,7.5981607
DDAH1,5.2727036,13.802374
MSL2,-8.128918,2.063301
SEC24C,7.718932,-3.8747268
CPQ,14.85986,10.0648775
AP1G2,2.4703515,3.6671228
ADAL,4.126967,-2.6452656
CCDC71,3.6086366,3.2873046
CEBPZ,-2.2257633,-1.3065859
UBE2K,0.5839881,6.702669
SDHAF4,16.175663,-1.0928501
COA3,11.376612,-0.067892656
PKHD1L1,3.1431952,6.178902
TOM1,10.34889,-2.700452
RPL22,2.2800653,9.720089
TYW5,-2.4597006,-4.748376
ZNF513,3.796434,1.8228256
SLC25A44,-1.7065675,0.7514699
ZNF366,-8.95259,-0.028059911
HS3ST3A1,3.0917401,8.855022
RPS4X,2.282041,9.713409
PRCD,6.4568534,-5.471768
KCNK1,13.239265,6.6832213
VWC2,4.9325237,-2.6571121
GRIK3,13.034635,1.4070789
COPG1,0.012336626,9.13732
TOX4,14.3511915,2.8129442
CD164,18.628227,5.695974
CD74,-0.7517937,16.42105
EFHC1,-3.493959,-2.5964892
NDUFA5,13.973203,2.7091675
SRSF2,1.1579514,7.32007
SLC6A8,5.3057413,-8.430705
UGCG,6.8640146,3.0833056
ITPRIP,-1.5018307,-7.7110596
PLD3,13.896445,10.134419
SAMD4B,7.7660217,13.3356695
FAM20C,6.3759675,3.9760973
CCDC171,2.8492198,-7.490912
SLC5A6,4.250812,-0.3673363
GSTM5,14.844403,8.358293
ZNF76,18.751465,4.721855
CHORDC1,9.039713,-8.079801
CD33,2.708408,8.574033
TM7SF3,0.8805275,-6.5226884
GSG1L,4.270238,12.434049
CNBP,5.5013633,1.2506534
ACLY,-0.9531694,14.490406
SLC39A6,18.863945,5.6414213
IL17D,7.7823405,17.66315
KIF13A,15.576757,-2.02048
ABCF1,3.4226062,-1.2842506
CHDH,12.3532505,-10.14238
ADAM9,0.77036566,0.20340897
ALG10B,7.637592,4.6906247
LAMTOR1,11.919264,0.19362503
SCARA5,8.405685,17.655483
ILVBL,11.942682,7.8317776
MDH2,9.945476,1.9873449
FN1,-4.9900002,8.35711
CYTIP,3.0759304,4.7711143
DDX50,18.638876,3.9931066
FLRT2,16.943533,8.839748
PRR14,4.824872,7.1361756
KANTR,9.794931,10.569448
CNN1,5.1898174,13.709286
SLC16A4,16.088608,11.870655
ARPC3,18.750582,4.139676
CAMTA1,8.943155,0.47801048
TMEM14B,12.095499,4.6576357
JTB,5.087408,-9.793493
THBS3,7.6944995,17.636034
ARMCX4,6.67729,0.47805333
TNRC6B,8.347185,8.9277115
ABCA8,16.093107,8.979224
RNF114,-7.932619,0.5577825
PSMB7,9.872357,2.1151946
SCAND1,22.818136,-0.97632635
TRIM68,17.71412,-1.1095898
POLI,9.683361,10.256221
TGDS,-2.470883,-4.7614408
COLGALT1,0.9259183,9.033793
ZNF142,5.734859,6.5392165
CHD8,6.0105195,6.5064907
SOD1,9.210603,0.19884582
PLA2G15,10.327953,-2.7201695
USO1,12.57933,-2.6374292
POLL,-0.6612969,-0.7962193
ZNF786,3.1590228,8.928622
DNAJC5,14.152463,0.55941504
MRPS18B,11.049659,3.8782966
OGDH,10.411826,4.5539637
ASL,-1.5966942,13.692417
QDPR,1.0581902,-2.5253935
LMNB2,0.9559055,9.009205
RC3H2,19.751574,3.072611
ARL1,0.9346205,1.061925
ELF4,-3.664195,13.024052
BAZ1A,4.992551,10.268102
FAM181B,7.2682004,0.86710435
GNA13,6.3990817,0.51002276
RBMS1,21.775776,4.7587376
PFDN2,7.868893,-4.560638
SYF2,10.611731,-5.5438137
LRRC77P,13.464536,8.312184
WASF3,-2.6020608,4.8208528
DNAJB1,8.875714,-7.7662306
CHI3L1,1.5306865,5.3044095
NR2F1,7.271566,0.8693805
ZNF689,3.5256922,3.3987958
KCTD20,-4.933115,1.1102245
ARPC5L,2.8134253,-7.411682
HSDL2,20.543274,1.587196
NFATC4,9.774148,13.072854
CPM,-2.4878116,4.494081
GNG2,10.121907,6.1524215
DNM1L,12.780558,-2.031324
CELSR1,15.046903,-1.5860635
GBE1,-4.047927,3.66295
WWC1,8.80158,14.870963
ZBTB16,-2.7846265,5.1741495
RANBP3L,15.0886965,8.19443
GIGYF1,5.9995136,6.496337
BRWD3,10.895192,-7.028826
NFKBIL1,7.1317863,1.952018
LOXL3,0.3458855,11.250622
VARS,3.4189808,-0.43800062
ADGRA2,14.439986,9.276704
INPPL1,4.4271684,-1.8097217
NR1D2,-1.7991079,4.213235
GUCD1,14.11419,0.555195
SARNP,7.8240137,-4.5867133
CALCOCO2,13.478361,4.610591
SPECC1,13.418437,8.486431
FBXL3,18.91431,0.8304692
ATP1A2,-1.4950234,1.1114875
CPT1B,5.622782,11.964668
RPL28,2.9394848,9.975037
GTF3C2,17.501072,-5.225473
TLR5,-3.4302287,-2.6821604
ARL5B,-1.1540852,-7.806829
NDUFB11,10.87608,0.43971902
DDX19B,14.256239,-4.6024675
ANXA5,-1.4338892,14.359471
CPTP,12.874047,-6.207157
RPL13A,2.9210293,9.912079
NDUFAF3,10.070698,0.8975091
ZNF84,7.09811,5.587476
SCAP,3.7200577,7.885363
KAT2B,-3.140443,7.9251943
PPP4R3B,0.38276708,6.559469
KCTD12,16.441341,12.271407
TIE1,-5.4575796,11.971211
LRRC8A,8.244453,9.873311
DHX29,-0.4656458,17.208586
FECH,-2.0096817,7.385776
DPYSL3,14.523155,11.593599
KDM7A,-4.2797494,1.3220422
GRWD1,3.9528477,-1.1555656
GAS1,0.9887201,-6.3290043
GOT1,10.957523,4.0951815
CHCHD3,13.757218,3.0502162
ERN1,7.4639783,-9.939635
ZMYND11,18.295143,1.608674
ABCB8,2.9883528,14.561054
GNPNAT1,-0.105903715,10.00173
PSMD2,7.360323,-5.668222
COX4I2,13.457674,8.312611
ELOVL5,2.6884787,14.052705
IKZF1,3.1144154,4.983361
TRMT2A,9.96548,15.826645
NCK1,16.766365,11.732721
ROBO1,14.909058,11.8639
DENND5B,12.182257,6.396104
PPP1R2,18.680656,2.2038069
DKK3,13.124175,6.5661745
RBM14,-1.6698706,17.34831
KAT6A,21.877707,4.901552
PDHA1,10.956607,4.093242
TBC1D14,20.95599,0.19299704
POT1,20.912575,8.856624
EIF3E,2.2686353,9.730597
CAMK2D,5.0687456,12.741703
PHB,9.939291,2.053198
NDUFAB1,8.771374,-1.2270181
ADGRG1,6.8416524,8.3312435
FLT1,-3.2795734,4.1891522
RAVER2,-2.9685912,7.8220267
GLIS2,-4.9918084,9.223798
CHFR,-2.9590502,8.013905
ZNF3,-7.4575872,-3.9016654
SDHA,11.159839,4.838877
DSE,15.2214575,-6.697484
TMX3,14.296666,14.101331
FBXW2,0.08553512,6.664384
RPL10A,2.9116576,9.503239
CALCRL,16.495064,12.328319
LIMK1,3.815154,7.8067403
DOCK9,-5.6585584,11.230679
CPAMD8,-5.7502756,13.411839
CRLF3,9.4785185,6.590152
ZNF778,-2.3786142,-10.283683
KCTD17,4.5667043,14.138259
LIF,7.123888,-9.784259
ZNF768,14.350516,0.563097
SAMD4A,0.20955524,4.96094
RNF20,9.716974,10.7476425
BCAT2,8.798647,-5.1252975
SHC1,-0.2437379,8.843911
ZNF622,5.575108,12.74566
PPTC7,12.679732,-2.2402077
TMEM126A,8.717301,-1.2643311
TSR1,2.8490634,18.791441
TRMT10C,-7.2865987,-1.4597019
ANKRD26,0.62554115,11.675496
MPHOSPH10,2.8490155,18.792416
ARHGEF12,19.705214,3.1155474
SDHC,10.494654,13.69401
FTX,-4.9000993,-0.425493
EID1,13.240721,-3.069631
BACH1,4.973222,9.167212
EFNB2,-5.9731894,11.619794
UTP14C,1.5001178,-9.028182
ZNF654,4.957791,9.1538515
DGAT2,-0.4224435,14.507448
SIX5,-2.2188447,-0.04818535
OGFOD2,-4.8732285,1.5220335
NMD3,18.689318,2.2595084
RPS27A,2.4099455,9.560585
KCNMA1,19.761496,5.6493373
ZNF581,7.130281,1.9528316
TACC1,-2.593555,4.8612056
CHMP1B,11.206214,-8.460704
DNM1,7.895386,-3.5243988
COL4A6,1.1087112,-2.1209962
COBLL1,14.07845,12.024465
INTS14,15.245134,14.630064
SNX9,-6.061524,-2.6887832
SLC39A9,0.18693273,6.124594
CAD,4.290546,7.5248203
ERAL1,11.137393,3.7556102
UROD,13.069995,-4.927421
NACA,13.69893,3.1068783
SOSTDC1,7.4000196,1.3146715
CDK13,20.096676,-3.8331883
FAM193B,2.8320615,3.5738473
TMTC3,14.526802,14.229267
GSTM2,14.803396,8.331825
VPS37C,5.1267033,14.236858
GALNT2,-0.29175022,8.791502
TIMM17B,11.163814,0.48961252
AVPR2,-5.300926,12.880662
AHSA1,8.597189,-7.364935
ECI2,12.098943,4.6727395
CACYBP,8.898058,-7.754675
METTL9,8.994785,-8.30794
MTMR11,7.9379134,-3.409472
FAM26E,2.046376,3.3468459
LMAN1L,0.2855052,-10.331325
FAM155B,12.972851,4.651249
KAT6B,8.309622,8.909
SUMF1,14.0266485,10.047491
CDK17,-4.886118,1.1503367
HMOX2,-3.5763848,-1.5062147
GPSM3,2.2575262,5.3820643
NFIA,1.7438623,-8.522398
SHB,4.586999,14.137932
ESRRG,11.118778,6.0195403
LATS2,-4.912942,1.518266
BMS1,2.8489256,18.792105
SPATS2,21.927774,4.170151
DGCR8,7.5023293,-3.796395
PRKAA2,15.302673,-1.510258
VWF,-5.664877,11.2055435
ABHD11,11.923857,-0.58445436
ZNF174,-4.883647,1.5614032
MGP,-5.07111,9.107812
PLSCR1,6.3498363,10.122123
NAA20,7.457798,-5.0926237
RPL38,11.923617,1.5605688
ZBTB14,-2.8820283,-8.518947
LAMTOR5,8.615347,0.7391794
MYD88,1.9679149,5.3008304
ADAMTS4,-1.3949386,-7.5744247
ELMOD2,7.613447,4.7094207
BHLHE40,-1.1761645,-7.7584214
SOCS4,10.775905,-6.8951254
GFPT2,6.6111474,3.7035155
LTN1,17.963238,1.3733283
AP3M1,0.19241896,6.1341424
S100A9,4.155948,5.0679173
FLI1,-5.534702,11.802082
AAMDC,0.9846154,-2.636836
SH2B1,2.9143162,14.448806
FOXC1,21.516506,4.908209
TRAPPC6A,11.321439,1.6608064
MARK3,13.486184,4.608916
SPOPL,16.830921,11.707358
SMARCAD1,7.45414,4.908879
NCOA5,-2.076833,-4.673124
DACH1,13.472808,8.370766
UQCRQ,10.1344595,0.8954017
ABCA10,16.17804,8.84498
CACNB3,7.890218,-3.4947038
TIMMDC1,9.6895895,4.482446
LIAS,4.1264715,-2.6331918
PRPF19,3.449736,0.08395765
GLIS3,0.29566845,11.19472
DDB1,7.3564744,-5.665694
TSC22D2,0.18310384,4.9980807
HSD17B10,4.6996613,-7.670663
ARHGEF19,-3.997515,12.919364
ZSWIM6,-4.952053,1.0992713
AMY2B,-2.9508183,10.640528
TMEM147,5.233206,-9.400858
PRDX4,-1.8547262,10.971735
SLC27A1,2.7905061,14.225029
CNPY3,1.4015353,-6.114899
ZCCHC3,3.214787,3.3997755
MLYCD,5.6404653,11.951269
SLC41A2,-0.9156093,16.10637
HK1,14.30593,2.8239222
SNHG11,6.532803,0.49955538
KLHL24,7.9129705,1.3700534
SLC7A1,5.088646,14.327587
TBCCD1,-0.89062655,16.691341
PHIP,19.84465,8.155561
TMED3,-0.20729424,9.260356
OLA1,6.9706035,-12.152341
EIF3I,2.4824936,-6.7188725
TSHZ3,14.523041,11.594804
SLIRP,9.516011,0.27096698
LCN10,-2.514085,5.3009152
TYSND1,0.93731904,-0.11795143
CDC42,0.79133624,0.17045246
CRISPLD1,14.547405,9.725433
NBEA,15.577655,-2.010848
TMEM2,21.598284,4.86149
IL18R1,-2.1323886,4.4517493
PCDHB10,0.5819153,-6.5681334
MRPL41,11.810372,0.11476537
DYRK1A,-0.08684219,1.4930588
TMEM160,22.587162,-0.7289425
KLHL17,2.753321,3.5628588
ERBB4,11.098342,6.0542893
MX1,-3.7627134,-3.29679
TECRL,9.668374,4.509878
MGA,1.5123365,-9.013653
UBE2O,12.7169075,4.4957023
NOSIP,11.470332,1.0416296
ZNF618,-1.6929352,3.1080284
KDM4B,5.2848597,-8.431157
ETS1,20.603033,-0.9730417
TTC26,17.317095,5.2076344
TAF2,0.36748508,6.5528045
CHTF18,-2.4296331,-1.0052933
MAPK1IP1L,-2.1153417,-0.63742065
TBCA,7.847351,-4.5503683
SRPX2,-0.87835073,16.31836
MLPH,12.970097,4.6493773
BTK,2.6437478,5.57818
TMC8,-5.101885,4.3867836
TMEM258,11.927161,1.5613178
ANKS3,4.69348,6.514825
SLC52A3,-4.5107656,12.738946
ZNF704,15.16843,7.993443
GOLIM4,15.5825615,12.803561
SCD,-0.8864292,14.497768
BST1,8.412126,17.653734
ACOT13,8.8231535,-1.5655589
ASH2L,-2.0276315,7.379615
ETV5,-8.952722,-0.02808044
MAOB,12.351575,5.1990776
PROX1,7.891195,1.3675998
SUN2,-2.7248096,4.5885363
TAZ,12.874105,-6.206788
FCGR2A,3.3914206,5.229898
NANS,0.036339458,9.1638975
CRK,17.735111,5.886935
VSTM2L,13.228569,6.674592
MICAL1,1.6322482,3.112358
ECI1,11.543986,-0.037158996
VCP,7.348524,-5.6496925
SAMD8,-4.276802,1.3217198
EIF4H,14.351352,2.7961082
GTF2A2,11.948766,-2.9881308
GJA3,15.043869,-1.586214
CAPZA1,5.7295732,9.48363
METRNL,8.321238,9.889689
ABHD17A,22.585573,-0.72710454
STX7,2.3019874,-6.596789
EIF4E3,15.710032,-2.3326802
GCC2,19.560764,7.398589
RAB35,4.453579,-0.20866923
BDH1,8.774215,-5.092514
CTDSPL2,13.370724,13.71162
FGD2,2.7045772,8.558302
MAPRE2,4.814682,11.683091
APOLD1,-1.5977056,-7.3476863
TGFB1,-0.71740925,16.377848
PANK1,7.9111853,1.3921232
MAT2B,-2.134038,6.8683724
YWHAE,7.2586164,-5.7762895
SPARCL1,-1.5391462,15.184669
ZFHX3,-2.591645,4.8488917
KDELR3,-4.8525186,9.431223
GABARAPL2,12.04088,-2.9436386
TUBA1B,-0.26934192,8.623377
MDM2,-2.1596606,4.4704413
SELENOT,0.9135534,1.0669533
KIAA0430,1.624702,-8.858978
NEDD8,10.530478,0.24042286
DDR1,13.226671,6.6760535
STK11,15.620922,12.909335
CCL19,1.5310256,5.3049903
ALG3,-0.14027801,8.110798
ATPAF2,11.612347,-0.55172867
ARL5A,13.024684,-2.8712509
NFS1,10.592065,7.882114
GART,-1.8860363,-3.4800904
ZNF623,3.1614246,8.898954
TECPR1,17.79306,-1.0293926
MAGOH,0.34874538,7.752152
SCRN2,13.076347,-4.9240313
RALGAPB,17.932467,1.3366804
RNF126,4.1359687,2.1756177
CPA3,1.8572285,-6.872631
AHCYL1,1.2817506,7.2402954
RBM42,4.8100476,-8.341524
SRSF6,-2.0856237,-4.67081
PCDHGB6,0.3821066,-6.537683
RNF167,3.0309446,14.619806
NPIPB5,8.940793,11.064194
PPP1R14C,10.105476,4.345569
TMEM59,9.01897,-8.277806
CORO2B,-3.5700185,13.02757
FAM104B,5.572779,-2.508007
HAAO,14.439416,9.278522
SIRT1,19.795866,8.080087
DENND4A,19.482447,3.2144134
ATP6V1D,13.794777,2.9566731
EFR3A,18.13485,1.4867986
PELI1,-1.153984,-7.8058734
IDH3G,10.105327,1.7422945
LYVE1,2.61512,8.139791
SREBF2,0.27500853,3.7634013
SSSCA1,4.705386,-7.651444
CFL1,-2.1741521,13.441365
EMC4,9.745983,-1.1702514
CNTRL,4.6228623,-7.2943263
ETFDH,20.527294,1.5548636
PCDHGA2,0.43849152,-6.5424166
AKAP8L,15.621467,12.913894
AP2S1,4.808675,-7.4159694
MYO15B,-3.0785568,-0.8115431
TBC1D24,-2.0314815,0.30986997
SMYD1,8.319407,-4.6242213
IRF5,2.707232,8.563384
TBC1D10B,3.404436,1.457277
CBX2,-5.0064917,12.960937
TNXB,7.746378,17.650143
PEX1,9.803122,13.414562
ZNF43,6.8410378,5.3586245
PBX1,1.7596909,-8.49183
ZKSCAN8,-8.127588,2.2722642
YAF2,12.688741,-2.2281318
NEK7,13.964225,-3.2281063
TMEM198B,1.4849061,3.0612674
SLIT2,15.733243,9.318688
DDOST,-1.7029128,10.996793
COL9A3,13.344517,1.8060449
SETD1B,6.0165396,6.507294
HRH1,6.76405,9.949028
ECH1,20.542793,1.586132
ZNF671,-7.4061055,-3.852674
PNPLA7,-0.21998842,8.346989
EIF4G1,3.3939202,-1.2879317
LEMD3,13.142269,14.642294
NCOA4,12.614434,5.8668375
AAAS,0.5691374,6.526142
ADSL,4.6283975,-7.037606
GPR3,-1.4292663,-7.6214633
DNAJC21,12.823995,-2.789961
SOCS3,6.991267,-9.754246
SCO1,-0.5017297,17.396214
RNPEP,1.595258,3.1148453
POPDC3,5.479748,-1.1640173
CDC7,6.7328525,10.006615
PPP1R9B,4.8904057,-10.211962
PLEKHA3,0.9574504,0.7273062
SYMPK,4.590504,2.655209
PANX1,18.698713,3.415174
GRAMD4,4.7429585,9.615211
ZNF281,3.3730855,3.4538288
SGCA,10.130032,-2.927203
MRPL3,-1.9077414,-3.5254521
GRSF1,8.240374,-2.4849675
CASQ1,5.9557533,12.932985
TXNDC16,1.7754148,-6.764543
KPNA1,12.533855,-2.8638601
GPI,10.331432,-2.3996985
POLR2B,-0.46249363,17.206429
SHISA5,-1.7400864,13.787166
WTAP,4.962121,9.247088
JAK3,6.7444253,3.3298206
FAM114A1,-4.854582,9.4266405
TIPRL,0.9743656,1.0126847
ALDH18A1,-0.024667114,10.787061
PSMG3,4.3374557,7.4905825
GHDC,14.67304,2.6781971
PITPNC1,5.2550745,9.605329
CREB5,-5.592806,-2.1062665
DIEXF,-2.3672936,-4.653585
TM9SF1,-2.1154177,10.751241
MECR,11.969313,-0.57244307
GDE1,12.60358,5.893589
PPP1R3G,4.220975,-1.3683436
RBMS3,8.52828,17.705833
DLG1,18.85933,2.7952456
WLS,-2.9695776,7.878698
PPP6C,0.5608157,6.685127
IMPDH2,2.9171104,9.990698
RPL22L1,-4.036399,3.6925986
ZNF783,14.499513,5.5118165
PPIA,-2.1637506,13.448175
ZNF418,-6.2972274,-6.461555
LRRC14,17.750154,-1.0731378
FUT4,2.0498981,3.3450682
RPL35,2.9380014,9.987466
TIMM17A,8.294158,-2.4869418
CPEB3,8.347181,8.92494
ADH1B,16.216269,8.808448
ZNF169,5.4299874,6.939397
CCDC85A,-5.536101,11.665645
ZNF284,5.25132,7.097494
MED18,6.7827196,0.27807832
PID1,-2.8781059,4.5452266
TMEM167A,0.06718822,10.313817
ADGRL2,0.6314252,11.698122
PYCARD,-6.631728,4.689619
SPAG7,9.873205,0.67654884
PDE12,-2.202228,-4.2347574
RASGEF1C,13.274473,1.8427019
TSPAN32,5.0120215,-2.844881
TTC8,-2.7424855,7.5017195
IMPDH1,0.9611979,9.023191
SOAT1,5.751218,9.455949
SSR2,-1.9814204,10.878306
AS3MT,8.8704,-0.9511355
C3AR1,2.486192,6.4233737
SELP,16.517332,12.352145
MAP3K11,-4.767384,13.113423
ANKRD50,15.333655,-4.982364
RGS6,12.280407,6.4647427
PIK3C2A,19.577364,7.373802
CCPG1,18.494013,1.9564538
MYL12A,5.0713468,12.78035
PRKAB1,17.499233,-5.2235155
EFTUD2,3.4333665,-1.2708684
HIF3A,-2.82132,5.2836223
CCS,9.549311,-8.829821
SARS,-0.74818057,-3.224232
ZNF766,-0.47886625,-3.7209365
SPARC,-5.1431246,8.577296
ERG,-5.9248986,11.572056
TEF,-1.7933128,4.210004
ZNF585B,-7.2011743,-3.6574154
FAP,-5.114413,8.671917
DYRK1B,-0.46935764,-0.9326816
DMTF1,-3.6329505,-2.5844188
XAB2,7.098316,1.9311343
NDRG1,7.455224,-9.932486
MYOZ2,10.086876,4.3593645
MYSM1,10.8369665,-6.960526
NQO1,-3.0999174,4.40528
CIR1,10.605407,-5.5348535
HIPK2,-0.010561005,1.4660113
PSMC6,7.7193255,-4.723019
ZNF28,-0.8669364,16.681717
SMC3,4.909209,10.573833
DNAJC6,19.09575,-1.0878515
LMOD3,11.240353,4.9094205
MYPOP,14.352761,0.56346303
ADGRL4,-5.9747376,11.655453
PTP4A2,-2.5867395,-0.8330741
CMC2,8.630296,0.694901
CNTLN,1.8182306,-6.6835284
MAD2L1BP,2.723871,-7.1125693
LRRK1,-3.6503143,13.044366
C1QBP,9.938818,2.0622597
TRIM44,0.14203641,6.6806417
LDB2,16.47934,12.307549
NUDC,-2.9465184,-8.5957575
ETV4,-8.952909,-0.028381333
SCYL3,6.7451825,5.6692452
SLC9B2,5.9993224,9.907637
POLD4,4.9988174,3.1136897
CORO6,8.667629,-4.517192
UBXN7,20.443222,8.382471
MT1M,6.797175,8.45442
MAGED2,3.5389874,3.5485795
FICD,-0.05694031,10.502798
CHD9,19.876696,8.193357
TSC2,2.9758651,14.554882
MCM5,-1.003881,-0.63237
CNOT7,13.0416155,-2.8860726
ZDHHC18,-3.153749,8.007511
UBA3,17.318558,2.1070123
WNK3,6.180184,15.387989
ARF1,-4.17551,3.538502
PCOLCE,-5.1895723,8.549309
EVA1C,6.854839,8.389761
SHD,4.1016827,12.516614
ALDH6A1,15.650903,-0.9656458
ITGAX,4.411332,5.1533484
DDX3Y,11.032555,12.412528
NMNAT2,13.165665,6.6079745
GGA3,3.2514253,8.692535
MED21,18.587229,2.074405
CCDC141,15.472167,-1.3942369
FAM229B,8.896125,-1.0233072
TRIO,-3.2379704,4.2319803
TMUB1,2.9628353,-5.328926
RUNX3,-5.447485,-5.6874433
PEAR1,-4.589453,13.316369
RASSF8,18.660357,5.6496115
CTSS,2.820387,5.9715753
TNPO3,8.568166,-7.304221
NRAS,0.056425985,10.324632
EIF3H,5.523886,-11.165203
COPG2,-2.0114245,7.39366
SNTA1,8.740835,-4.6417
MRPL35,10.364968,13.136315
PEX19,18.767504,-4.32753
CD163,2.4787438,6.536103
ECHDC3,5.7372975,11.872449
POLR2J,11.412403,1.0075091
BPNT1,-2.8865242,7.720219
ACTA1,5.959326,12.932052
VNN2,4.3655553,5.141064
CCDC9,6.967291,2.6862547
TPPP,-1.7007266,0.7465983
NRAP,5.18654,13.129226
RNF25,1.5450151,-11.362177
UBA6,19.060331,6.9361815
TCEAL4,6.179822,15.387706
PPAT,-2.3415349,-4.482866
TMEM132C,8.785447,17.83338
RHOT1,12.487052,6.213595
MYLK3,11.079318,5.846973
SPOUT1,4.840882,7.1671615
PDE4D,-2.1084404,-0.6501238
PELI3,4.3951654,-1.7966402
WEE1,0.16197667,5.015998
FLOT1,7.50868,2.7617686
EPN1,11.173533,5.5602665
COL6A1,-5.125022,8.880162
NAE1,-2.7802415,6.9187965
MRPL48,5.588438,-2.4295015
THSD1,-5.515845,13.137022
VPS33A,-4.891732,1.5808196
APC,18.486956,0.91990906
MBNL1,13.151132,14.657606
USB1,4.1065645,-0.27429736
GLI2,16.292683,9.472261
PRSS1,11.946072,-4.214411
ZNF442,6.401559,6.3878903
ATP1B3,7.2805,-9.719976
RAB5C,-1.0094464,14.494612
DGAT1,6.2411327,-8.414152
RPL11,2.4565704,9.519416
EPHB6,16.596516,9.229712
COL12A1,-5.5186896,9.360843
SIRT7,4.791422,7.1824536
VHL,-8.119735,2.0601041
EPHA4,7.666973,1.1749831
ANXA1,-1.4107684,14.798919
ETNPPL,12.353601,-10.14291
CAPN5,14.168018,9.394698
LRRC14B,4.223057,-1.372019
NRK,14.6853,10.0835705
ADNP,20.096598,-3.8330579
MEIS3,-3.7512817,13.029126
SERPINE2,-2.3023539,10.781548
SEMA3B,13.352308,1.81097
KLHDC1,9.76993,10.542656
LPCAT4,-1.8478405,-1.3413138
GOLT1B,18.806828,3.6378572
CDH11,-0.895759,16.139095
SMIM10L2A,1.0610801,-2.5052571
PTH1R,-2.8305953,5.281618
SLC16A2,16.28294,9.448952
CA14,0.85159886,-2.8243341
OSTM1,18.81851,4.6639185
SELE,13.158768,-8.018572
TRAF4,7.306326,-9.695546
CISH,4.813043,9.605595
PPP2R3A,4.918404,-1.706393
MMAB,11.910301,0.19630474
PCYT2,8.80256,-5.143131
NADSYN1,9.741401,13.104176
HMGCR,0.25478154,3.7745
MSRB3,19.554913,5.6469655
HGH1,-4.561177,1.2626705
ADSSL1,11.620682,-0.6401826
LZTR1,4.740916,6.5639825
TMEM56,13.951959,-3.2117827
MRPL33,9.004857,0.36328572
THOC7,7.7156954,-4.7192783
PDK1,-3.3663309,4.0804405
PNMAL2,-2.5628023,-2.1870162
SUCLG2,10.170819,13.709692
PSMG2,18.760344,4.1416636
MLH3,-7.089725,-3.5490618
FUS,4.908,-10.189166
ZNF300,1.1035224,13.770589
CHID1,-1.8265871,10.990378
COLEC12,14.587636,11.555004
GMPPA,0.22999251,9.309671
TSC22D3,-2.8056254,5.0797
PUM2,17.96921,1.3710726
SORT1,10.794717,12.715801
SREK1,10.824886,-6.9496036
RNF43,4.435919,-2.833411
JMJD1C,-4.7888365,1.4191009
HSPA5,-3.0317073,10.704849
MEGF8,11.256094,5.47434
NEK8,1.5600035,3.1073885
IRAK2,13.112287,-7.958932
CDC37L1,12.677272,-2.2512255
ACIN1,3.3734376,8.568838
SMYD2,5.731059,12.547724
CYLD,-0.10502187,1.5097562
HIST1H1C,9.013862,-4.297327
AFF1,20.416988,8.357656
ZNF692,-5.744121,-0.45315826
RPS4Y1,11.01307,12.435061
RNF145,21.810858,4.899752
MTERF1,-7.168451,-3.6246302
ATP8B1,16.414997,5.4714437
POF1B,1.0375882,-1.9407042
SDC3,-2.2370393,14.462411
TOMM40L,-5.9971747,3.2011325
EMC3,-3.0579236,-8.719686
LMCD1,-3.2366748,4.2346306
THNSL1,-2.153802,7.3614707
TSKU,-3.5833578,13.024718
PRSS2,11.944856,-4.2113857
FRS3,0.92005336,-0.078001305
LGR6,1.1449251,-1.6612761
RPL21,2.2905862,9.702925
KAT14,-4.89299,1.5789108
TMEM99,8.142686,10.733376
IFT52,0.70748895,-6.558171
RPGRIP1L,17.303482,5.1772103
EPN3,5.6496196,-2.3606844
ANKRD13B,9.802549,13.417663
RBM38,4.236146,-1.387087
ABTB2,-8.95322,-0.028663348
ATP13A2,4.2076454,7.5871043
ZFYVE26,-2.4823835,0.20387915
SGSH,11.006455,8.94191
TMBIM6,-1.5462515,14.474613
TICAM1,6.9156723,2.7481537
HADH,12.197489,4.874581
GEM,-0.08295778,-8.612177
SMG7,8.541804,-7.279734
WDR77,9.757032,-3.4697487
GGT7,4.5502105,2.6091354
SLC20A2,5.267652,13.805979
CA4,-5.719761,13.378579
SEC31A,-0.055044033,10.799167
DDX55,-2.4168434,-4.7047215
HSF4,6.6060886,-5.7796907
JPH2,5.428531,12.568093
LOXL1,-5.1460114,8.570512
IL2RB,-5.3942294,-5.6340117
UTP14A,2.849156,18.79184
CD63,0.048912365,9.144431
CNOT6,18.760698,1.015121
INSIG1,0.25240076,3.774335
RPL4,2.3079097,9.685266
TKT,-3.0747845,4.42108
GAS2L1,1.6298203,3.109193
INPP5J,1.602452,-2.702935
CHD7,-2.195417,-0.9544106
NDUFS6,10.045281,0.48866016
ZDHHC11B,-1.6991533,0.74868184
UQCRH,9.782336,-1.2097889
ZNHIT1,6.813709,-7.8662686
OSBP,20.877352,8.147316
POLR2G,11.940693,0.20799614
TFE3,16.184355,-1.0956278
PRDX2,9.984766,1.889341
PRRC1,17.923779,4.5188026
ZNF451,0.22683708,17.027704
DHX36,0.79916066,0.4394715
CACNA2D3,0.9386045,-2.6985698
ZNF75A,6.8082266,0.2879035
IRF1,13.15494,-8.014386
STAG1,17.729935,5.374931
SELENOP,1.8666525,-6.854445
LPAR3,13.093119,6.537696
SYTL4,-2.8401778,4.571078
POLG,3.1779256,-5.339926
CPLX3,0.2856034,-10.334655
TSSC4,3.548538,1.6065468
SEC23B,-0.05513109,10.504052
LDLRAD3,8.861618,6.79704
DFFA,8.576476,-7.319392
B4GALT2,2.6570654,-6.300369
SLIT3,15.566286,9.628837
CYYR1,-5.5302997,11.6788
MURC,10.815304,12.69492
IDH3B,10.07354,-1.4663769
SUGT1,9.041438,-8.269866
AIP,6.6504087,-8.034479
RPS6KB1,13.134764,14.655665
LRRC75B,-0.10236797,17.058268
MUL1,-7.286942,-1.4595495
ARF6,22.010733,4.3777385
GPR4,5.260272,9.60709
PPP1R9A,4.982007,-1.6802369
ZBTB37,7.570283,4.7164555
ZNF112,6.860239,0.24141172
FASTKD5,-7.310649,-1.4688438
SNHG8,2.9409995,9.582617
CUEDC2,11.1631155,0.58749384
ACD,4.6524525,-10.61565
ZNF826P,0.96555394,-6.274118
CCNJ,3.490349,3.502082
BSG,5.587849,11.994389
ZNF548,-1.6147978,-7.8153563
LAPTM4A,15.35486,12.105885
DNAJB11,-3.0211177,10.701677
MTHFD2,5.31774,9.952849
WDR75,0.74549073,7.0956182
ZBTB34,-8.128561,2.0424848
NFKBIB,2.776763,-5.614771
IL11RA,-5.8234615,6.369975
SLC35A2,0.77959365,9.056228
KCTD15,-4.748658,13.1217
RASSF5,4.7493367,9.611619
SYT13,0.88645214,-2.793635
GFER,22.817915,-0.9760245
RHOG,-1.9259704,13.72288
SLC25A5,-0.69370717,-3.1369689
TSNAX,18.679949,2.2027514
POMGNT2,-5.7514315,6.396833
UBE2D2,7.263872,-5.772179
CUL4A,15.453528,-2.4886343
CDC27,0.8027723,0.4634706
AGTRAP,6.2940993,4.06242
PMPCB,12.502311,5.500687
MSRB2,9.992422,0.54272074
GPR22,7.697894,1.2247231
MITF,11.070398,5.8741045
ADSS,5.77832,9.383751
HPRT1,-1.9611185,-1.9125737
IPMK,4.9605207,9.163783
AIG1,15.925906,-0.93689495
PIK3CB,12.555541,-2.6057088
URI1,19.00666,5.668267
CDK16,4.7794256,-8.014529
ACTG2,19.766016,5.6487374
RNF115,4.7651386,11.462136
SS18,14.663547,14.300974
EXTL1,4.987848,-2.8363557
RBM4,-1.6697285,17.34853
HRAS,6.838655,-7.8408194
RND2,1.1489999,-1.6210012
SLC25A32,0.57753444,6.762204
KCNS3,13.984856,8.647381
IL27RA,-5.663657,11.192879
KCNMB1,19.769331,5.647377
HIGD1A,8.036891,-3.126623
MAGEE1,7.7768426,9.241832
SLITRK5,16.719172,8.813482
TRMT6,2.8490152,18.790792
EDC4,8.578788,10.443386
SLC3A2,-0.52917284,-3.591682
AIF1,2.5578241,6.146839
CSNK1D,8.578872,10.446125
TTC39B,22.06759,4.455811
PGP,11.808115,0.10890227
ZNF205,4.8436985,7.1643167
SRBD1,-2.7496312,7.50919
FBXL19,4.745686,7.341781
SPNS2,-4.4661913,12.76815
HADHA,20.542389,1.5860147
KRAS,17.220858,5.741281
MYLK,19.655756,5.6460233
ZNF204P,-2.1891131,13.437132
RBAK,-0.48023126,-3.7171025
CALD1,0.1799881,5.001271
SAV1,8.926596,-8.684723
PTGR2,9.680531,4.510182
ADPGK,4.5477314,-1.6132884
XYLT2,0.94158417,-0.12780234
PRKCZ,11.277069,5.432916
DLG4,1.0663515,13.727773
TNNI3,5.333709,12.462408
CHST14,-1.6574794,2.5984225
FOXS1,-2.4285161,-1.6972623
FAM83G,4.191855,12.425192
MID2,16.175673,11.88159
EIF3G,-3.872601,5.7306724
TNKS,0.08140162,17.033695
UPF3A,6.705975,0.4569782
BHLHB9,-2.9440248,7.897837
SLC22A17,1.1477509,-1.6320589
TBC1D5,16.042494,9.114522
RBM27,17.309969,11.549327
DDX56,4.931894,-10.160041
PEX12,8.172894,9.229806
HSPB7,9.477874,-3.7575834
MICU2,10.248657,13.83176
MED16,4.9922295,3.1060991
NPDC1,4.7647986,-10.4443655
SMO,-2.0646758,-0.9686293
YWHAH,-1.50967,14.249007
PHF6,13.196286,13.581437
CACTIN,9.965345,15.825864
MKRN1,-1.5204006,1.0855654
CRY2,12.700395,4.506912
FMR1,17.758373,2.014773
ZNF439,7.0836005,5.5688467
CAMTA2,3.182505,-5.3382034
ALOX5,2.2349617,5.70647
SPINK2,0.28181598,-10.342681
RPS6KA3,0.0762125,6.7134843
SNX33,0.36249304,11.27011
COIL,-7.945587,2.4585347
UPF2,20.700733,8.556644
ICE2,20.095749,-3.834541
KIAA2026,17.959248,1.3793219
AGFG1,2.7374496,14.131973
HECA,8.955985,-8.591407
CRLF1,-0.87195104,16.325163
RAB30,8.312382,8.920689
GAB2,-6.0627675,-2.6889517
DSC1,7.206652,0.8159743
ZBTB43,5.1206794,1.7287123
TMEM25,-5.7389035,6.4068184
SPATA18,14.536426,9.7173605
ZNF627,6.407246,6.420523
ANGPT2,-0.38277543,8.412269
ADIPOQ,-0.41462418,14.505769
COQ8A,4.0419254,-2.8310921
HMGN3,8.879046,-0.98888475
OBSCN,8.788273,-4.398769
RBM15B,3.4806209,3.4803727
ABI3BP,15.190638,11.835437
ZNF148,18.488543,0.89210075
TMEM184B,8.235732,9.863371
MCRS1,22.0848,4.4391503
MYH7,5.664393,12.564761
HCFC1,7.799057,-3.9199524
LUM,14.316995,9.97563
TRUB1,17.348423,2.0989823
FAM219A,-3.4127634,4.0707846
FAM84A,-0.45866975,8.318385
TFPI2,20.601698,-0.98097926
NBR1,9.72291,10.740872
PABPC4,13.673756,3.131541
CDK19,10.575413,-5.3320613
KNTC1,-3.5643036,-2.5424764
EPHX1,16.561817,9.212107
SELENOI,0.5924094,6.751292
PNMA2,8.584095,7.2947097
AHCTF1,20.750765,8.661737
SLC38A5,-0.37400624,8.422126
SLC35A3,15.4853325,12.572161
ERBIN,19.927435,8.201733
FAU,-3.8737154,5.7341475
FMO2,16.22864,8.782933
PTPN4,0.63419086,11.698294
ZNF536,13.291106,1.7545937
FBXO45,-0.85816216,16.71144
SOX18,-5.105576,12.535557
FRMD6,14.262874,11.8104
FAM162A,10.300422,-2.3379521
OSER1,8.634946,8.660103
GCN1,3.4492285,0.039545827
TMED5,5.8660593,0.7369912
RPUSD1,4.3168087,7.5042
BROX,7.6405554,4.6883855
ESR1,15.131957,8.462748
GABARAP,-4.113304,-1.217307
TRAK1,10.424569,13.120604
PHF10,-4.584179,1.2614958
RPL27,2.6580389,9.322002
BCS1L,4.4802494,-6.683295
EPRS,14.740445,2.64271
ANAPC2,9.378169,-8.52288
SNAPC2,0.22822177,9.3346
ROR2,13.250645,6.6981177
CLIC2,17.119757,5.4174256
TXLNG,-1.7530636,-7.2469034
COTL1,1.8685246,5.3083687
ENO2,-3.3583448,4.0963655
FBXO32,7.8870826,1.3557868
GRN,13.881827,10.149872
GIPC1,6.7294416,-7.952086
MARCH5,-1.8444213,-1.5497154
NMT1,3.3104956,8.636539
SDHAF1,22.808695,-0.9661717
OCIAD1,10.236674,13.83436
CCDC80,-5.1976843,8.542347
BAG3,8.827688,-7.713145
SLC29A2,8.623703,-4.535204
APOBEC3C,12.367673,5.2401767
PPP1R13L,10.275844,-2.8007584
ME2,12.423719,6.2566566
PLEKHA6,5.310238,9.946792
LMO3,17.026957,8.820811
TNRC18,-2.427324,0.18042123
GSK3B,15.642096,-2.5030248
PABPC1,-1.8185878,-2.0532858
ZNF844,6.39814,6.3849177
CCDC115,2.8602095,-7.506249
D2HGDH,6.6592407,-5.733928
UGGT1,18.013964,4.6408243
NUDT4,-2.589357,-0.83219826
PPP1R11,3.2887363,3.5150669
CRYL1,12.9716,-5.074596
NELFE,11.927716,1.5465229
NOL12,4.840067,7.1696095
WNK1,12.981181,-2.8195634
ZNF285,3.0774164,8.872996
PTPN23,3.3687243,8.548208
DNAJC25,1.118511,7.2959576
SETD5,21.917837,4.1710377
TMED10,18.840986,4.5716295
RNF138,5.7866464,9.37608
DNAJA2,14.230564,2.6183028
HP,8.490027,7.57888
FER,17.733139,5.379144
CKM,9.603403,-3.5780096
ALYREF,2.4444187,-6.6696744
SYDE2,4.9567823,-1.7098159
NUMA1,7.1288733,-5.616587
RIOK1,0.7291371,7.076032
GPATCH11,-8.130138,2.0811672
MIGA1,18.739685,1.0461189
KMT2E,-4.78794,1.4060026
RXRA,13.222693,4.6687946
ABCA9,16.197477,8.827193
STRN4,2.7900183,-5.5864553
JOSD1,-1.5675901,-7.3593383
IFFO1,-2.129373,-0.5384652
KLHL22,5.6118054,-2.349755
PCDHB12,0.5707332,-6.5496883
MRM1,4.4809146,-6.6753902
TM4SF1,20.601692,-0.9808354
MIB2,4.8843675,2.9932764
S100A10,-1.7905531,14.107391
SNHG12,7.3360333,8.965268
VASP,5.4220996,1.8933011
SELENOM,7.2562227,2.1275403
SERPINB8,5.6852703,9.520952
RSL24D1,0.57654124,1.3937994
PPP4R1L,-3.4300141,-2.667548
TIMM21,10.948432,4.0922956
N4BP2L1,10.54379,-5.3652563
PRF1,-5.3952208,-5.6345925
MCAT,5.0332866,-8.660432
DAXX,4.898118,-10.188864
COA4,4.754111,-7.374982
PGD,-3.0940833,4.418321
S100A8,4.158554,5.0637856
PITPNM1,7.4855576,2.77296
SAP30BP,1.5450556,-11.362292
NFAM1,2.4071622,5.5530477
WDR92,8.897279,11.096531
NKIRAS2,9.780378,-3.4433975
GLCE,16.46721,12.300009
LRBA,-2.3778186,6.8480577
IL13RA1,5.7488112,9.4600525
SEMA3F,6.8436375,8.334815
KIAA0100,-8.042265,5.485266
OGG1,17.735981,-1.0882307
LHFPL2,-1.4513595,14.338146
CD68,3.4392948,5.2215548
AKIRIN1,-2.4158525,-0.80920106
DYNLT3,18.589151,5.760164
ISYNA1,-1.4211245,2.945368
NOC3L,0.7293604,7.079077
DNM2,14.144641,0.5589148
MRPL15,8.309394,-2.4378347
DBN1,-2.2194526,14.449283
PYCR1,0.41632256,9.156161
NUDT16L1,12.026527,-0.94915897
CIITA,-0.7503997,16.42307
ANKRD35,-1.6760169,2.5699995
ZNF701,-7.193378,-3.6503854
ESYT2,-4.7964506,1.425536
ICK,15.290215,-4.951308
PTX3,6.7501616,8.609518
ZEB2,15.336258,-4.969646
ACADVL,20.542759,1.5866224
SMIM25,4.1043983,5.1257215
PHYHIP,8.813175,14.881136
RASSF1,-1.574074,-7.3722515
CBR4,-2.447777,7.0841575
MSH2,-2.2035458,7.329439
ACACB,5.687674,-2.3646262
GATA4,4.2341666,-1.3879952
SERTAD1,7.2767673,-9.775773
HHATL,10.239666,-2.8150084
SLU7,10.646366,-5.577698
SLC14A1,-4.5765557,13.334888
TPT1,5.5215106,-11.1662035
YTHDC1,8.930991,-8.671519
YWHAZ,0.79728556,0.1696124
FAM50A,-8.664878,8.583313
CWC22,13.129416,14.654745
TMEM35B,8.437708,17.663095
JMY,17.77103,2.0111055
MADD,13.219391,4.6640887
UBR2,-0.32004496,17.007084
MTERF2,5.696225,-2.3660076
LMNB1,6.7017694,10.014487
TCEA2,17.951286,4.194417
PREB,5.0082717,-8.519471
WDR13,6.406812,-8.252414
RNF123,11.279819,5.456101
ZNF781,-5.520531,6.5367813
RNF135,9.87211,12.995318
INHBA,-0.32285324,-8.68726
IGHG1,3.0479782,4.6708264
AP1B1,3.7240908,7.8788433
PEX11B,6.719454,-0.019382663
HMGCLL1,15.088569,8.182791
ARMC1,17.94978,1.3446984
UBAC1,11.082056,3.8433554
SLCO4A1,6.850589,8.351007
PRMT6,6.9582996,5.3327246
SOD2,4.873112,9.5075655
STK19,7.5007887,2.779961
ALDH3B1,2.9762807,6.0166183
IFI6,-3.8136632,-3.3432395
KATNB1,-1.5532999,13.674211
LAMC1,-6.1395936,8.643899
SPG11,1.7221254,-8.683954
CLDN11,-2.9560182,4.842916
DHTKD1,-2.044501,7.3740335
MYRIP,3.1749167,6.202035
APPL1,13.661192,13.881179
EMC6,5.05784,-8.733243
STOM,5.234676,9.613254
ZNF24,13.112106,13.511039
AKR7A2,1.7921848,-2.579845
HNRNPA1,-1.8311676,-2.0406423
PCGF5,0.96829665,0.7239822
EYA3,8.569613,-7.3083754
SIGMAR1,4.893626,10.505504
HSPB8,5.291562,12.451411
ZNF106,15.350948,-1.4972992
RFWD3,-2.3099663,-4.597994
NAA30,13.960074,-3.215234
CERS2,5.98542,9.902074
DLC1,20.602398,-0.9810455
HERC3,-2.972421,7.828767
SPEN,1.3824102,7.1796575
COMMD6,2.2511976,9.743558
CSDC2,8.754886,-4.4231067
ZDHHC8,4.7155538,6.5341544
AFF3,15.235758,8.307178
FAM53B,13.187357,4.658298
CD8A,-5.4460793,-5.6864953
JAG1,14.221201,11.839082
PFAS,3.4175858,-0.47836488
FUNDC2,10.525599,0.20367308
ASXL3,7.691515,1.2167525
TEAD1,12.977178,-2.8150573
ISG15,-3.8101192,-3.3446646
ATOX1,5.370323,-9.307714
TMEM115,9.963892,15.8226595
VAV1,-6.616606,4.6945357
NENF,11.42776,1.5315106
EPS8L1,8.689575,14.69267
RERE,-2.7925215,5.1794796
CTR9,6.7418146,-0.033716697
EIF4A3,6.577185,8.6167755
E2F6,15.406155,-2.5424716
PPARA,4.0113115,-2.866914
GZF1,11.206711,-8.460554
FAN1,20.955425,0.19315223
MIER3,18.90392,0.83797055
PPP4C,3.541461,1.5972813
GDPD3,2.853376,3.6025202
ZNF567,-8.141983,2.0522914
CHCHD2,9.960837,1.9531057
ATP5C1,10.321739,4.5662813
SLC20A1,-0.10739001,9.997968
PQLC1,2.793984,-4.9152093
FAHD2CP,-5.979018,6.237412
LAYN,-0.40854335,8.391274
TICAM2,-0.8859292,16.66998
TUBA4A,5.547187,12.702078
ACTC1,5.032029,12.405442
SLC2A11,-5.9815283,6.2348003
PABPC4L,16.32149,9.409431
INO80D,13.119421,13.51808
EMILIN3,17.908667,-2.5815966
TUBA1C,-0.26829258,8.626488
NFU1,12.084632,4.6420164
KLHL15,6.9094696,-9.715057
DNAJC14,7.7193623,-3.8699336
PMPCA,9.752259,-3.4492793
TRAF7,3.4512916,-0.43084177
ALDH1A1,15.564705,9.623521
CANX,18.869005,4.5777965
PEX3,-2.6885562,6.968421
LRRCC1,1.7682605,-8.4753895
MTMR14,14.278547,11.788537
DENR,15.616658,2.734121
INPP4B,-9.545809,5.951987
TTC5,8.556422,8.726786
WDR26,19.818308,3.0195854
SCAI,16.412191,-7.733853
MAN1B1,-2.280015,-1.2008643
APBB1,11.942714,7.832617
ADAMTSL3,14.3072815,9.03243
BAD,1.7825694,-2.5807226
CCNC,0.54222095,6.6744623
EXT1,-1.4305549,-7.0904136
ZMPSTE24,19.255514,5.625466
PHB2,10.092784,1.741922
RNASE6,2.4791098,6.510488
C4B,1.4929816,5.2705264
NPC1,7.767125,13.33579
PARK2,12.492005,6.1576905
MB21D2,-1.4377549,-7.1159105
PCSK2,10.490258,5.8866587
PHLDB1,-2.241423,14.464163
TRMT5,-8.01949,2.3796477
RCN1,-0.02846465,10.777574
LDAH,0.88536966,-6.163912
F10,15.528475,9.6616535
EIF4B,2.2622154,9.732244
ART3,12.277187,6.4623194
TUSC5,-0.41762352,14.504492
PLOD1,-1.6827595,10.999996
CXCL1,7.1478343,-9.818575
ULK1,4.386409,-1.8094555
POLR2J3,7.9046264,-4.5916834
NOC2L,3.5560286,-1.406013
NUBPL,15.686003,-1.0015154
HSPA1A,8.876686,-7.764921
FYCO1,-1.5426042,1.0359454
SPHKAP,4.9399843,-2.6411219
LSM10,10.756155,0.6181946
PLRG1,-2.830085,6.9084144
NDST2,7.44102,-3.7749612
MRPL10,11.613953,-0.6567519
MAZ,1.4088976,8.919673
SRSF10,2.6891115,14.059047
TOR2A,5.417867,6.594663
TPSAB1,1.848452,-6.871262
UAP1L1,4.234887,-1.3815484
CXCL8,7.1278086,-9.792695
CACNB2,5.7615657,-2.3896732
IFIH1,-3.733581,-3.2902908
ARPIN,1.8020537,-8.50359
NRXN1,10.579689,5.8192334
TMEM183A,15.085659,16.398678
KPNB1,0.003938352,1.410943
BNC1,8.785854,14.849411
SLC26A2,0.06814447,10.319754
UBTD2,14.940055,11.810236
MLLT1,-9.54305,5.9469786
PHF19,-1.6915197,2.5972073
DIAPH1,-5.743599,6.3997245
DUBR,9.730206,10.47172
AFTPH,19.098946,6.9941416
LSAMP,15.7484865,9.32685
SLC35D1,0.91724515,-6.2264686
PCMTD1,13.960573,-3.221269
ATF4,-2.7631955,7.548014
MXI1,10.542315,-5.393035
ERGIC2,0.7650157,1.3001441
TRAPPC13,-2.4172318,7.0311847
AP5S1,21.843882,4.834772
DHRS11,11.977691,-0.57410324
FCGR3A,2.6096847,8.141885
NRXN2,-5.124591,9.159515
PRKCSH,-1.8373739,10.979923
DCAF16,10.910872,-7.0387754
EPHX2,-5.998332,6.229905
EXOSC8,-2.8108702,6.913178
ZNF587B,3.488907,3.4729958
ADCY4,-4.867202,12.604854
PLEKHA4,6.3559394,3.9995475
AASS,15.591011,-0.9726555
PLN,15.3176155,-1.4842309
MCF2L,6.8444138,8.33186
CPED1,15.503549,12.312558
MRM2,-7.2858186,-1.4594225
MRVI1,19.741255,5.6482553
STON2,15.743839,9.041561
XPO5,3.4446268,0.10294503
CAV2,4.9998994,12.699197
FAM122C,-5.5931473,-2.1055684
ADAM19,5.1303864,14.242
SNHG1,7.3996563,9.020099
FAM50B,4.4904776,-2.8931718
ARID5B,-1.6880825,-7.3544226
VCAN,-2.3036654,10.7828665
CPEB4,0.2086346,4.968935
HNRNPC,6.126014,0.59294647
NDUFV2,8.889461,-1.1332313
TMED8,4.8747964,10.543391
NKIRAS1,12.497971,6.2146325
APOL1,15.408721,8.265139
IL18BP,6.375253,3.98585
KRT5,8.712701,14.724929
RTFDC1,9.761153,-1.1892115
ZIK1,-7.3757544,-3.8238654
EPDR1,-2.8856819,7.7255063
ITK,-5.4524016,-5.692656
GNAI3,17.346066,5.3365645
RNF219,-7.9639373,2.4424515
RRP1B,-2.1384203,-4.496623
SPTLC3,7.388164,1.3219049
ZNF419,-7.456708,-3.900732
COL6A3,-5.0073485,8.377608
HIST1H2BD,9.014767,-4.3084326
TMEM79,-5.1034317,-0.42807767
CCDC88A,15.618352,12.909382
GAB1,8.288741,8.915758
MXRA5,-5.2278724,8.505656
L3MBTL4,4.09702,12.517771
LSM3,8.787116,0.62098664
AHDC1,2.8129013,-5.016622
RECQL,17.707056,5.356421
BRCA1,7.008491,8.744586
RNF152,11.202995,-8.46119
PSMB8,15.380272,8.284867
ACADL,17.01903,8.823338
ANXA7,10.524658,13.4208355
STMN3,-1.5042701,1.1046983
ILF3,8.588961,10.478067
ENG,7.36187,17.596899
FOXRED2,-2.9790063,7.840142
SLC25A39,-8.664937,8.583417
MYO9B,7.205791,2.275615
CBFB,13.455762,13.825602
IFRD2,4.635797,-7.787541
NKG7,-5.391827,-5.6322217
POLR2K,11.971075,-2.977658
SYNJ2BP,-2.3602192,7.077659
SNRK,16.402184,5.4705143
TGFBR2,15.2194,-6.6967564
POM121C,7.7481914,13.323451
ZNF644,19.774897,8.058898
CXCR4,3.0775378,4.7800164
C6,-1.7127163,0.72105986
LSM4,11.417864,1.0135685
KLHDC2,-1.5934968,0.9955896
TRIM5,9.430343,6.684225
SFPQ,1.1540302,7.322589
UPK3BL,7.8985205,-4.588801
TLR3,15.174688,7.854833
SRPRA,-0.27203593,8.706038
ZNF827,8.2751045,8.943907
SYS1,3.2964673,3.5107985
CLOCK,19.259426,5.6395206
DNAJB2,10.972449,1.1267267
MICU3,17.617796,2.0493572
PPP2R3B,8.742075,-4.6106634
ITPRIPL2,-6.141097,8.644537
SNHG20,-0.7092566,16.415047
ZNF721,-8.141401,2.0518289
UBE2B,0.9686504,0.7126062
NLRX1,10.587593,7.8867235
FBXO41,3.8805828,12.679498
TBC1D23,19.477665,3.2056944
ZNF549,9.934692,10.273087
VEZT,12.291769,-2.789593
RBM18,0.76880497,1.3011339
SARS2,13.0620575,-4.923794
NCOR1,20.714151,8.566048
MED28,12.0904255,-2.9026458
ARMT1,-2.1736453,6.89992
INTS8,15.255442,-5.033489
TMEM170A,9.505966,6.5634313
PCDHGB7,-6.137146,8.645003
PURB,10.77625,-6.8979297
SGTA,2.517435,-6.2200265
RHOJ,16.801355,5.5629377
MINOS1,9.75489,-1.2081025
LRCH1,16.409342,5.4698014
GPN2,-3.1398833,7.992664
FAM8A1,18.471985,1.2096505
EXTL2,0.8820354,-6.1464124
CCDC102A,-1.5259339,3.016304
EXOSC9,-2.7934957,6.9224405
TECR,11.840661,-4.161918
CDAN1,-5.0829816,-0.43198308
FCGR2B,2.7948987,5.962139
NCAM2,8.780165,17.777422
TMEM81,5.2644715,7.0995445
PMF1,9.87362,0.678394
RGS19,2.0499346,5.32288
COX18,10.586373,7.8876014
CNOT3,3.3709624,8.559228
ADD3,16.886858,8.651542
TXNL4A,-8.665293,8.583349
ANKRD36,2.8256953,-7.4732995
TCTN3,17.30313,5.1953793
MMADHC,6.970709,-12.153089
HYAL2,-4.6457677,12.685133
PDGFRA,8.590529,7.2786803
CTNNB1,-4.960444,1.1455288
MCHR1,-0.4506879,8.32939
SEPT5,4.7843747,-1.6178454
INSC,13.303407,1.7917727
GAS7,8.41138,17.656569
ELOVL1,3.9327457,7.7638435
ZNF219,6.2560554,-8.399849
SMC1A,18.022945,4.0333753
ENKD1,4.6275573,-10.644692
DPH6,10.5225525,13.407802
DAPK2,5.7504854,-2.3906384
LRCH2,17.516094,2.0646565
MAGI2,-0.2576838,-3.9430747
TFB1M,4.1278,-2.635163
CUL7,-5.7688856,-0.5002704
RHBDD3,9.973824,6.267297
SEL1L,18.724302,5.167718
SRD5A1,-1.6640439,2.5681703
SLC39A13,2.673873,-6.2859106
MAP2K3,-2.8971019,-8.535731
GPAM,-0.41130576,14.50732
OTULIN,-3.7639732,3.8128731
NOTCH3,13.458334,8.436211
IFT46,14.246228,-4.586011
MN1,-1.731192,3.1473799
GLB1,9.425266,6.7018595
BCL2A1,4.419857,5.157243
IL34,14.15899,9.382049
SMG5,3.08962,-5.3017755
ZC2HC1A,0.88242644,-6.143305
ATXN10,6.9710617,-12.15127
MARS2,-2.3786068,-10.283329
PRMT9,11.206851,-8.45822
SEMA4F,-5.739912,-0.47233692
TXNL1,6.970783,-12.152902
ASXL1,7.123796,2.4894993
AP2A2,2.4689229,3.6584885
RIPK1,7.4684463,-3.7793207
B3GALT4,-1.8413788,-1.5453537
BRICD5,-0.91686577,-0.5050425
LRRC29,-2.2764077,-1.1992499
KCTD18,4.88091,10.532707
ABCA2,2.969899,14.543485
MRPL55,11.514086,1.4315708
BTD,1.8493338,-6.854869
YWHAG,12.677521,-2.2481267
RRAS2,4.9900723,14.000359
PIDD1,-0.9309997,-0.5217317
ITLN1,8.767508,14.8237095
ZNF354B,5.3492713,6.564989
ATAD5,-3.5671642,-2.540052
CNTN3,5.7415943,-2.386364
MTX2,9.781248,4.4621024
MS4A7,2.7618232,8.427577
ZNF354C,-7.8359966,2.5800953
DIS3,-2.3124204,-4.5901694
CORIN,15.913985,-0.94299215
UBTF,-2.4324405,0.1697842
TRAPPC2,12.101312,-2.895375
RPS6KA1,3.0563679,5.21541
RCOR2,4.4347267,-2.8455324
ELOVL6,-0.8891341,14.494727
IL4R,6.842611,2.9616733
CCDC180,-0.31012636,8.6512575
PTPN2,6.525043,9.912205
NIPAL4,8.444663,10.16888
BTRC,11.057115,5.934916
SERF2,12.312944,-0.79164135
PRDM11,3.2846646,3.5241916
CHCHD10,9.981856,0.51639664
MRPL20,9.520429,0.26345938
ZBTB40,20.111504,-3.8125412
RBCK1,4.6567173,-10.609517
ZNF10,11.207522,-8.45724
CRIM1,16.749235,5.567294
EDEM2,6.284382,4.0758405
PAGR1,14.790339,8.336286
URM1,4.8731275,-7.357883
FHL2,5.7413716,12.545009
ADGRG3,4.407956,5.1556354
HSD17B4,20.544376,1.5868081
MAPK6,-4.826801,1.5303558
TRIM65,5.162524,7.107658
CERS6,15.294654,-1.5285183
PCDHGA6,0.37350437,-6.535695
RGL3,9.765089,13.062666
TMEM218,14.942908,8.905561
SCAPER,12.4803295,6.2152734
MAP1S,3.3143747,1.4974464
BORCS6,2.7207503,14.104166
DOCK8,2.7721906,5.5914917
CDC42SE1,-0.10365724,10.000679
ANKRD17,0.11043567,6.710825
TSR3,11.019753,1.0741409
HSD17B11,16.231672,8.775813
LMTK2,10.737871,12.788621
DNAJC4,12.02709,-0.9108733
CNTN4,14.775516,10.265631
TLN1,5.1378284,14.2530985
FAT1,-4.962246,1.0925323
UBA2,5.208388,1.6276901
SNX2,4.403604,2.4429603
PRMT1,12.057912,1.3400286
RPL30,2.5163245,9.47065
KLC2,3.1487033,-5.332899
ZNF641,7.8358197,-4.566465
PPP1CC,-2.5945973,-0.83580273
EHD3,15.049004,-1.5833952
NUDT5,1.9705049,5.303634
CLCF1,7.100339,2.5313106
SPCS2,15.086933,16.394451
EGLN3,5.0445476,14.033138
DHX30,4.485891,-6.688423
ATL1,0.98261744,-6.422369
SCN3A,13.399255,8.505276
EIF1AD,-3.1385956,7.9899626
ZSCAN26,16.412045,-7.7336116
ACAD8,10.587249,7.8867607
IGHG3,3.0564673,4.6860437
TMEM219,1.7922901,-2.5836496
OPA3,10.960086,4.0748878
CNN3,22.024658,4.4350853
CD37,-5.0943756,4.38949
RFC2,2.9203744,9.991687
KCNE4,-1.1782527,-7.754976
LDLR,0.26482418,3.8186316
TDG,1.1696496,7.292847
ARMCX3,18.678362,2.26064
BBS9,15.156029,8.741408
RAB36,17.292591,5.174933
M6PR,-0.011286188,1.4382766
ADAM8,4.4277854,5.157488
SNAPIN,11.0826435,3.8412228
ATM,-5.5439873,-0.3930524
GTF2IRD1,-2.898538,-8.535921
TBC1D8,8.402067,10.425518
PCDH12,-5.435424,12.000475
REXO2,13.803014,2.9488986
IFT27,11.27699,-0.42679527
TERF1,1.7593473,-6.8164988
ISOC1,15.922936,-0.94514585
GSTCD,-2.753762,7.5195203
ZNF580,6.659644,0.47125992
NPIPA1,9.777488,10.650073
NPIPA5,9.771545,10.632977
CRIPAK,7.819051,-3.9479249
UVSSA,7.820444,-3.8932538
ZNF208,4.209252,-1.3743178
ZNF676,4.2533627,-1.405735
GPR89B,-2.4223664,7.1182904
GPR89A,-2.4191175,7.1257873
MIRLET7BHG,9.964864,15.825878
B3GAT2,9.964924,15.826163
CCZ1B,10.858529,4.9047775
CCZ1,10.894655,4.967179
MICA,10.970015,5.656181
LRP5L,10.991746,5.67956
RASD2,15.262166,-5.0251427
ADRA2B,15.259939,-5.0199237
FAM84B,18.612421,1.1567982
ZNF792,18.584766,1.2090225
ZNF682,15.286178,8.351507
SLC9A8,15.277625,8.359406
FAS,7.6187067,-10.070882
MTRNR2L12,7.2914615,1.8844602
MTRNR2L8,7.256241,1.9040827
LRRC37A2,2.88879,3.5862305
LRRC37A4P,2.9016693,3.5873883
RPL36A,-5.0370145,9.191484
RPL37,-5.0050454,9.222534
NDUFA10,11.115114,4.802619
NPR1,1.835965,3.1505125
GRB14,1.5863395,-2.6886907
AP3B1,18.045033,4.0880437
TUG1,15.086007,14.539503
MCOLN3,0.90026647,-2.7357144
WDR7,-2.40347,7.0761533
CBX3,0.12847094,0.8759838
RBL1,0.8993005,-6.168566
MCCC1,15.663233,-0.9740694
WDR74,3.5595279,-1.248002
SYT7,-5.997275,3.2012637
DPF3,12.560026,4.6197963
ITGA8,19.762508,5.6470385
YIPF2,0.4244325,9.126846
PIM1,-1.4302093,-7.590602
FAM175B,-7.9678288,2.4388416
PARD3B,16.873644,8.643025
STC1,-3.2758987,4.196654
RIN1,6.2841477,4.031072
EBF1,17.00836,8.829897
CYP27C1,13.322542,1.8032436
B4GALT5,5.111285,8.94
TERF2IP,11.012071,8.950539
DCAF12,17.30169,5.390968
PAPD5,17.518835,5.1865506
TIGD5,3.1743097,8.924873
CCNT1,-1.8068199,-7.191371
SEC63,18.702057,5.337703
C5AR1,3.459526,5.2484136
IL33,14.926903,11.874416
ALDH1L2,-5.113515,8.714937
TMC4,13.462726,8.31503
APOL3,1.102277,13.769711
PRRC2A,3.3869526,-1.2885824
POMT1,18.743826,4.7245293
PGM5,10.08433,4.310742
PARN,-1.9928553,7.3963
PDE9A,-5.6002626,13.226628
EXD2,-1.9589208,0.42270687
POLR1C,3.9404287,-1.1286849
GPAA1,6.624018,-8.067255
CCDC43,15.058025,2.4750721
DDX3X,6.8659034,-9.709827
KDM5D,10.997257,12.44379
FOXO3,20.43174,8.369262
SAMD9,0.9364794,-6.2282195
COQ3,8.926042,-1.0438914
MSTO1,3.3752518,-0.45686093
ZSCAN12,-8.0874,2.2977686
VMAC,-4.5456796,5.8681207
IL10RA,2.731248,5.6113434
RAD17,9.611852,10.866661
NME1,-0.14345245,8.114523
MRPL39,10.33231,4.5567594
URGCP,4.9306397,-8.520575
SLC25A30,4.541047,11.287847
POLR3E,-2.4411826,-1.713942
DENND1B,-2.6640472,7.4345975
DAB2IP,2.8302293,-5.0487676
SEPSECS,15.068228,14.536658
ALKBH5,-2.8977983,-8.536273
ZNF845,-8.115397,2.1544392
TMEM245,-3.1293263,7.9204087
UBALD2,8.881301,11.161064
TGFBI,-0.73099893,16.418346
DDX60,-3.6016324,-3.1494722
SUZ12,17.31855,11.544168
DTNA,13.804469,2.917316
TTYH1,13.163268,1.2566915
HOXB2,10.023723,13.581374
GLE1,-4.8942237,1.5834204
EBF2,14.08068,8.693429
GSTA4,6.482258,-5.49223
ZNF529,17.55583,-1.2914408
IBTK,12.780137,-2.0355585
HINT1,8.972812,0.40975982
IFT74,8.958218,11.047372
CREG1,9.001702,-8.271374
DCLRE1A,9.613667,10.876908
NOL6,3.42125,-0.22300066
DTWD2,4.983575,-1.7230154
CYP46A1,1.0672979,-2.5135293
VGLL4,16.125397,11.865994
DIMT1,0.5995768,6.7923083
ZNF629,4.9087076,-8.547384
HBB,6.756632,-0.069366485
MKL2,20.934038,8.884421
CHCHD5,11.20402,0.4573983
COL4A5,1.1076728,-2.071556
TST,5.44258,-2.3212302
AARS2,-5.743199,-0.4700623
ZNF35,-2.378404,-10.284121
SERPINB6,-3.5731745,-1.5083257
TBC1D2B,9.518258,0.26782537
BCL6B,-5.437407,11.996317
DRG1,13.691205,3.118246
CPT1C,-1.510986,2.9994211
ATG14,7.918454,1.3688481
NIPAL3,4.0528874,-2.8289526
SRSF3,-1.1749703,-7.78518
PTRF,1.8973315,3.1235878
DDX52,-0.6390911,16.95603
LCA5,16.860514,11.696271
MUS81,4.8748174,2.9836168
RNF31,4.164127,7.7360983
GSPT1,7.10008,-5.599259
TMEM209,15.229631,14.621532
UBR7,5.1748567,1.6794174
BRF2,6.7803006,0.29854724
MRPL58,11.10035,3.8077657
LIMK2,6.8561745,3.065288
NPR3,3.263669,6.2729206
ACADM,12.518724,5.5937057
SASH3,-6.6311584,4.6901326
RAVER1,3.8037894,8.053419
MEST,3.110298,6.1440635
RAB11A,0.94188553,1.0700501
OMD,14.719795,10.219141
HACD3,8.631155,8.662511
INAFM1,-2.5313296,6.9721165
TBC1D30,6.315942,10.126247
CNOT8,-2.1554124,4.466998
PQLC2,9.965752,15.828804
HHAT,15.1042385,8.462921
UBE2D1,0.9701504,0.73003954
LRRC47,11.12473,3.7728958
ZNF408,2.7239454,-7.1128893
TIAM1,8.81422,17.84841
ATP5G2,10.071388,0.8830818
CHMP2A,11.820649,1.4909964
UCHL3,7.3053184,-5.3493094
FAM98C,17.906685,4.228588
FAR1,19.060806,6.9370327
ETV1,15.572119,-2.0092878
ECSCR,-5.5173373,11.852818
ANKZF1,-0.47372246,-0.91592497
ZNF33B,-2.2278893,13.401021
TBL2,-0.20805816,8.862327
STX6,21.91727,4.20055
DHX34,4.941033,-10.150013
WDR5,3.5825062,1.6385343
NES,5.9568505,12.900873
CTU1,2.926421,-5.3755817
RPL15,2.2849014,9.714096
SLC6A6,-8.952884,-0.028175963
NFKB1,13.11275,-7.960781
SLC4A7,-4.8924613,1.1034981
TBC1D15,-4.2826285,1.3214859
CHM,20.008406,8.27606
MIDN,-1.4129918,-7.5395765
RAF1,12.932278,6.377388
SEC23IP,0.61369705,6.781913
PIAS1,-2.046595,4.3721747
CLEC2B,-3.5529082,3.9387412
TBK1,-2.3086898,-4.5724053
HAX1,10.524258,0.205511
IL10RB,9.425587,6.6893835
ACAA1,9.7193575,-3.478909
EEF1B2,2.31089,9.6853895
ILF2,-4.5431066,5.868247
AFF2,6.1796136,15.387528
HERC1,-2.9713707,7.8281083
SPAST,18.661438,0.9952396
TTC37,1.6792235,-8.742131
JKAMP,1.4888576,-9.039767
OGFOD1,6.7533135,-5.6703596
BRMS1,3.397013,0.19069158
PCDHGB2,0.39683938,-6.5389028
IARS,-0.73911464,-3.2299192
TMEM33,18.537893,5.8888426
IFIT1,-3.739062,-3.2921107
COX6A2,10.151388,0.88024825
DDR2,8.405929,17.660162
NUCB1,7.5055532,2.7766094
HBA2,6.7142615,-0.08153682
MPST,10.973,1.1237739
ENDOD1,16.460766,12.2953205
STK17B,-2.9212167,4.942364
POLR1D,5.5248213,-11.170485
LCOR,7.558229,4.728791
PSMC1,14.337652,2.8122084
COMMD1,8.615807,0.7186419
LPCAT2,16.284973,12.019669
KCNK3,4.1908937,12.425555
MMS22L,0.9080538,-6.163025
PNKP,6.621111,-8.068789
SH2B2,6.802838,3.2004297
PIK3R2,4.4053802,-1.7965317
AHNAK,16.999062,8.832203
SLC24A1,4.627082,-7.2874656
TRIM52,5.435241,6.9350243
RIC1,-2.1644735,4.464324
ANKLE2,7.7534246,13.327858
PITPNA,-2.0820806,-3.8052766
CHST10,-4.887251,1.563879
FOXC2,-1.4335257,-7.0969253
HMG20A,20.956821,0.19195099
SELENOO,4.494609,2.5444286
ZBED5,15.087578,14.546454
BATF3,4.368375,-0.30599213
KIF3C,1.8551589,-6.5853605
TCEAL2,13.272119,6.7185445
ATP5E,10.125694,0.9133675
PRR3,-2.4637034,-4.7534757
MDK,14.563372,11.546735
TCF25,4.2294397,2.2581897
PPP2CB,5.5016847,1.244065
CLDN12,0.20852764,4.9613175
EIF6,3.187851,-0.5839971
PLA2G2A,6.677419,3.4927979
CCNH,3.1595502,8.897122
SCD5,16.660282,8.906135
TGOLN2,15.569464,12.768807
CREBZF,10.894497,-7.02886
PAPSS2,-1.5214319,15.15005
B3GNT5,-1.1514202,-7.806144
RPN2,-0.2981885,8.6484585
MBNL3,13.496372,4.6047335
PDSS2,10.537033,13.81559
ZC3H18,3.281058,1.449222
SESTD1,15.221761,-6.6981144
DNAJB6,11.009262,8.94612
MED27,2.7065973,-7.093481
CD9,16.409027,5.4701834
ARID5A,-1.4371501,-7.585164
CYP4F12,-2.2012467,-1.7356242
TUB,1.1536859,-1.6013753
FAM3A,6.5882125,-8.098889
PRDX6,-3.5761933,-1.5076768
EED,9.483224,6.5869584
SBK3,-1.5130427,1.0892223
FMNL3,-0.6783513,16.35169
PRDM4,-0.6459519,16.959293
TAPT1,8.9378195,-8.63235
CPVL,1.8548236,-6.870578
EVA1B,4.8897915,-10.217645
HSPA6,8.885767,-7.782742
TRIM28,2.851231,-4.9880404
RBM5,-3.6761465,-2.5525904
SEMA3G,-5.5976143,13.222472
NBPF12,-2.8924134,-8.530792
SART1,2.7813566,-5.609853
ARRB2,2.3615243,5.8344336
SMCHD1,-4.788966,1.4210379
FAF2,0.058025658,10.324097
APH1B,9.66201,10.225076
RBM12B,-1.6696664,17.348467
HCN3,-1.5551786,3.0285013
DMPK,8.761996,-4.4283304
PDE8B,4.195069,12.424506
PRG4,8.742595,14.793727
FRRS1L,1.0213509,-1.9434003
MID1,14.935339,11.866973
EGR3,-0.34146953,-8.685567
NAPEPLD,16.412262,-7.733894
THOC1,7.1091833,5.5977297
CYSTM1,5.0269036,14.051837
RTCB,7.36961,-5.6649427
SERPINH1,-2.947126,10.65726
CEP170B,3.9122837,1.9316365
TAF5,9.481169,6.5879984
NTMT1,10.339631,-2.4047663
COASY,4.507722,-6.6909223
GGT5,-4.0935473,12.890629
YBX3,-1.5301325,-3.662452
RAB15,5.078539,14.29234
SLK,-4.755298,1.4318812
NSL1,9.124329,10.972425
CEL,11.916758,-4.178288
BANP,-1.66972,17.34854
IGSF9,8.768777,14.823481
QARS,11.077297,3.8310368
FAM212B,21.540688,4.897694
PPP2R2D,-7.932679,0.5577562
SPTBN1,15.978266,9.051882
ATP5I,9.232985,0.09111482
ANKMY2,-1.4822893,1.0988271
ANOS1,14.513894,9.65805
PERM1,10.278656,-2.800653
PNP,6.610509,8.655056
SMAD4,13.716838,13.89893
LSM2,4.8828216,10.529325
CD302,8.544912,17.71536
GATA2,-5.106885,12.537816
RICTOR,5.13375,1.7187653
CSTF3,12.091133,-2.9029212
ZNF800,5.780524,9.375949
ATF6,5.1251965,8.900576
CERS5,-2.9918013,7.848955
EID2B,-6.295195,-6.459596
LDOC1L,-8.073207,5.4793825
LGI3,0.28626952,-10.337185
PNKD,11.275771,-0.45350787
VKORC1,-5.0879335,9.137445
KLHL41,12.939194,6.38022
DNAJB4,8.888516,-7.7916293
HCN1,7.2699594,0.8641734
SNRPF,0.3220099,7.780616
ZBTB11,17.522808,5.172718
AMOTL1,-0.57468253,-0.8574019
TBC1D4,11.056414,5.899725
PRKAG1,9.851202,13.307168
EPM2A,12.499995,5.537042
ZNF180,7.286448,5.189433
SNHG19,-0.71666485,16.394958
LAD1,5.940471,12.92904
NFAT5,20.92057,0.23744382
POU2F1,0.26368204,17.025295
CANT1,3.4368725,0.060876872
TRAPPC9,11.665731,-0.57440335
PSMC2,8.033166,-3.1270187
ARID3A,-3.3568106,4.0997276
TANK,19.479118,3.2168145
PPP2R1A,10.011164,-3.0356126
SLC17A9,-0.012736434,9.1005
FOSB,-0.3214218,-8.676738
COL6A6,15.498422,9.671914
PCED1A,15.599441,-2.4869146
SYVN1,-0.06341884,10.496864
MDC1,7.4246655,-3.7632897
PPP1R35,4.591259,2.6550963
APBA3,2.7700503,3.579866
PPP1R3D,8.113669,9.380805
CRIPT,11.944681,-2.9965456
EIF1,5.5205717,-11.153981
ZNF25,-2.425646,7.0902724
DHX9,18.03955,4.0482917
SLC35C2,9.257691,-8.361821
ATXN7L3,4.108486,7.7249994
CD84,2.75913,5.611438
ABRA,-1.6090708,-7.8185573
APOOL,10.548527,13.81784
TMEM123,18.418453,1.7625531
SIRT4,4.445483,-2.848365
APRT,3.1600778,-0.58003604
CHIC2,6.85946,3.0931623
RGS16,13.159336,-8.019428
MYL12B,-2.1660085,13.447354
ZFC3H1,10.759827,-6.8800354
PRKX,-3.7504046,12.9945345
PRKD1,-2.9436564,4.8046
XYLT1,5.152758,14.284305
SUPT20H,15.258867,-5.026289
NPAT,19.577974,7.385134
DCUN1D2,12.46236,4.7433124
HK3,2.2802286,5.6751513
LIPE,-0.411565,14.508679
ANKRD54,9.979914,6.261217
MAP1LC3B,0.66760385,1.4306635
EIF4A2,11.010641,8.949984
DPM3,11.562303,1.1540643
FZD7,15.326659,-5.0070114
SNHG14,11.089184,6.046203
KITLG,14.242039,11.823358
KLHL31,4.9530997,-1.691656
MRPL1,10.321755,4.547431
IL18,2.988726,6.026314
PLIN3,4.7822247,9.599875
CBX4,4.2491655,-1.3996401
FANCI,-3.569606,-2.539669
KIRREL,-6.1433372,8.643692
TRIM23,18.49301,0.89586234
RAP2A,17.536648,5.1677327
DNASE2,14.660181,2.6782608
ITPKB,-4.580118,13.328999
PRAF2,0.15631402,9.137267
CCDC183,18.015001,4.6367292
TMEM186,-7.285624,-1.4594518
MAPK9,15.750909,-2.3858018
RNGTT,19.272444,5.6157417
ADAMTS2,-5.095102,8.760256
ZNF227,7.6474314,5.288722
KRT4,11.9382925,-4.206768
ANG,8.451716,17.671669
EMC9,12.05892,1.3380566
MACROD1,10.484533,0.83791244
NFE2L1,15.8033495,-0.95945513
ZNF888,-7.198153,-3.6549606
CDS2,-1.7931811,13.873828
TSPAN9,5.558529,12.605008
SASH1,14.07536,12.02765
BUD13,3.1742713,3.3599792
SNRPE,0.31077895,7.7879744
GLRB,12.176995,6.3967257
NPY6R,5.4782653,-1.1653918
CRNKL1,7.676302,4.7220244
RAD51C,8.841068,-1.6225898
PDIK1L,6.7952986,5.3911133
COG8,3.1687071,8.919568
TPM2,5.095763,12.437963
ZNF362,7.5607495,9.111664
KIF1BP,10.575562,13.836502
BRD7,15.268722,-5.0270658
UBL4A,12.006707,-0.94773203
WDR90,4.693107,6.5083866
FADS1,0.2599513,3.7748594
ABL1,7.7668037,13.335736
ETS2,6.8706374,3.0743961
LHFP,14.480783,9.430506
ABHD14A,1.7938989,-2.580541
PRSS35,1.1420054,-1.6932042
ALDH1L1,15.623537,-0.9631295
RBM7,4.966965,9.177725
FCHO2,19.846983,8.174368
PAFAH1B2,17.217531,5.7409816
MARK4,2.8597658,-5.2957573
ICA1L,-0.25872728,-3.9431984
MCM2,13.013148,-5.0305953
ZNF621,-8.1291065,2.0428584
TSPY26P,-2.12916,0.0053602415
XRN2,5.1619234,8.884051
EIF2A,-1.8431298,-2.0389383
UBXN1,-3.873822,5.7308064
COLGALT2,16.252949,9.489895
SLC9A6,15.746416,-2.3934216
CENPB,2.4951513,-6.3844023
FAM32A,17.487354,-5.2116804
GLMP,14.655309,2.6815758
PTPN21,7.498304,2.783709
GALNT15,-2.1052482,4.4077497
WWC2,19.704554,3.1054626
ZMYM4,13.70552,13.915211
ATRN,15.583591,12.816732
NPEPL1,-0.43746093,-0.96214414
MARCKS,10.116462,6.156472
PANK4,11.942854,7.832213
ASTN2,1.0866834,-1.9832237
ADGRE2,4.129158,5.0480294
MSC,-4.98978,9.220875
FAM171B,15.189586,11.842207
MFSD5,3.6137745,3.282009
FGD5,1.8874923,3.1359408
SPRED1,22.088854,4.4462175
ASNA1,9.892807,2.1015344
SNX22,1.5765558,-2.7127583
TRIM35,6.95236,5.338731
MFGE8,-8.95312,-0.029217968
PAPSS1,0.6846566,-6.5688453
HAUS5,-2.4370282,-1.006074
PALLD,4.7678447,11.498562
FRS2,19.788261,8.067532
TMEM19,-2.9903324,7.8471417
COLEC11,7.3284383,17.591549
SEC14L1,-5.92653,11.667507
SLITRK6,15.163722,8.477794
STBD1,14.332115,2.8134563
ITGA6,-4.5866284,13.330482
SYDE1,4.4926157,7.5620637
RPL14,2.8264654,9.360332
ETAA1,6.845808,5.3574276
STK4,16.79283,11.724641
HSDL1,12.713568,4.484845
MKLN1,20.758501,8.650407
ZNF121,4.416591,-0.2502086
EDEM1,-0.49016052,-3.6687605
B4GAT1,5.6576595,-2.3809085
SLX4,17.79606,-1.0270238
UCHL5,13.225583,-3.0513074
CARD19,7.2323694,2.1674376
KLHL7,12.570017,6.087023
GAPVD1,0.56854385,6.5272803
ZNF26,5.7679152,9.435837
WHAMM,8.904783,11.182749
PARS2,6.184322,6.2892203
SNRPA1,-2.2055678,-1.7273203
CRTAP,14.091562,10.028057
FAM173B,-5.61814,6.4792385
MDFI,7.343314,17.593967
XPR1,-0.012693276,1.4622892
CC2D1A,9.666607,-8.969841
CTHRC1,-5.1116786,8.67568
NAA16,20.86638,8.797419
GANAB,-2.1054697,10.747047
ETV3,6.8909416,-9.71386
FAM20A,6.7639194,9.945818
HIP1R,13.24311,4.634038
HLCS,8.941278,11.037749
ZNF226,-6.2952766,-6.4597697
MAPK14,8.564869,-7.2943134
RPL39,2.2582495,9.736003
BAG6,4.7792435,-7.998235
CHODL,15.591061,9.588727
CHERP,3.2861364,1.451543
PCM1,15.724202,-2.3874393
HCLS1,3.487263,5.1848207
FAM200A,9.59801,10.887702
SETDB1,5.98649,6.5127573
AP2A1,2.8919835,-5.425794
SORCS1,13.280796,1.767629
BHLHE41,-1.7740507,4.1882715
ERCC3,-2.4841158,0.2151
LRRC42,-0.7413949,-3.221593
FAM43B,-4.997112,9.229538
RBM10,2.8020191,-4.919174
PINK1,11.272342,5.455452
ACBD5,13.980092,-3.234511
MZT2B,11.6817875,0.13173158
IRAK1,-0.26315436,8.792066
GIT1,3.2743688,1.459359
HS6ST1,13.2262945,4.670972
CRTC2,8.879057,11.166526
NOSTRIN,3.351233,6.3534765
WASHC2A,-1.7174633,0.69788414
ADAR,-3.8433368,-3.4127305
MACF1,-8.041769,5.484473
CCDC127,12.718226,4.4902267
INF2,4.7572217,-10.452906
RAB33B,18.903614,0.8349825
PHTF2,15.360839,2.5740154
REST,18.619522,1.1579366
AREL1,-2.3788183,-10.28702
COQ10B,0.7647048,0.21080784
FURIN,15.255651,8.3955765
ZMIZ2,4.619484,2.6822336
MBD1,8.582489,10.455511
SPATA6,16.230587,8.77689
S100A12,4.1768823,5.053955
TCAIM,9.607956,10.884225
SLC25A34,5.7530184,11.853112
KCNQ1,9.42003,-3.8074017
PCDHB14,5.5568194,12.732137
IGHM,3.057383,4.687486
NOX4,-6.062606,-2.6882615
TSSK3,-0.44642967,-0.95413136
ANKRD13A,-3.254322,4.2153134
VIPAS39,9.728056,10.583282
FASTK,6.754205,-7.9262137
SHROOM1,2.8556728,3.5874608
MAP3K10,3.0140188,14.596565
ZNF432,10.902343,-7.028519
COL15A1,-5.318897,9.166406
SIAH2,-3.774661,3.8074682
MSRB1,8.8008,-5.137387
ANKRD49,3.4826472,3.4786463
ZC3H6,8.350301,8.93327
BEX2,15.9638815,-0.7096364
TMEM201,4.938679,-8.493007
SZT2,4.802209,6.630029
CTNNAL1,5.511643,1.2465299
KIF1B,-0.09847439,1.5035486
TMEM179B,1.5566878,3.087718
FLII,2.8809211,-5.403684
FAM168B,18.012587,4.0312896
TMEM42,1.2517908,7.2269025
POLR3D,-0.088900395,9.024772
FRAT1,5.281582,1.5906866
HINT3,15.682942,-2.3470852
INMT,3.334125,6.3440313
PDPN,8.772138,14.841814
DDI2,-8.139318,2.2607372
AFG3L2,10.02963,13.589679
SCN5A,5.460939,-1.1593162
GOLGA7,17.644562,5.806951
KLF13,-3.0794334,5.0004115
TBX18,17.021149,8.837138
AMZ2,18.76779,-4.3278203
DOK3,2.2167146,5.7218165
RARRES3,15.416878,8.257144
BBS12,-5.592853,-2.1047971
MAP4K2,5.7432775,0.7430836
TRPV2,-1.7903174,13.880706
AKR1C3,-1.6802183,2.5704029
TSEN54,4.9204044,-10.154413
ZNF512B,6.2926526,0.5296633
CYTH4,2.2024138,5.737238
P2RY14,13.469052,8.36145
CHRNE,4.1904325,12.432855
RBX1,10.51414,0.20977478
BRSK1,4.195754,12.427243
SLC9A9,15.999723,9.079496
ARF5,4.8770533,-7.3764687
BFAR,18.651989,3.9749913
FSTL3,4.9366074,14.069196
MIGA2,11.944235,7.830431
APOBR,4.109604,5.125273
TUBB6,-0.30316,8.576661
TMEM119,14.0146885,8.639006
DCPS,0.22795594,9.333214
SWI5,2.250138,9.745079
HEY2,15.088751,8.198807
COL24A1,14.992894,8.438124
KIAA0895L,4.861751,2.97202
PHRF1,3.2785778,1.4521974
KAZALD1,15.620267,8.834274
RPL18,2.9370837,9.984017
PRELP,8.646936,7.2224817
ATG16L2,2.8612702,3.584458
MBTD1,10.539009,-5.4587555
MTMR2,18.785124,2.5461278
ZNF615,13.107657,13.507875
MYO1E,-6.062971,-2.6889527
USP9Y,11.012318,12.436298
AP1M1,3.8282394,7.815808
ERF,7.3114905,-9.692747
HBA1,6.7436857,-0.078462474
CPA1,11.93858,-4.2070904
SUMO2,15.369622,12.115923
HIST1H2BG,9.038657,-4.295726
PCYT1A,15.06646,2.4580662
GPM6B,13.269087,1.7238917
SMARCA4,3.4546485,-0.44583276
PIGA,-1.2273545,-7.714317
HYKK,-0.27987772,8.617961
FOXJ3,19.607807,3.158586
JUP,-1.5061595,1.0770881
LACTB2,10.304109,13.831089
XIAP,13.816836,13.914114
RABAC1,-0.22290924,9.275145
ASPA,15.568248,8.877301
CCDC112,8.281349,8.898097
FGF11,10.301251,-2.7540886
ZNF224,7.0815444,5.56901
MAF,3.0844846,6.118178
ZKSCAN7,3.0866508,8.867433
SEMA3D,14.772701,10.244669
SLC25A36,15.475487,-2.4765337
FAM222B,8.563278,-7.2965164
SDC2,14.852274,11.7754545
SRRT,3.6210017,1.6758455
FAM95C,5.7754946,-2.4220967
RFC1,10.461375,-5.365882
PTDSS2,6.618561,-8.070423
DR1,19.278528,5.633065
SLITRK2,13.332737,1.7975205
CCDC125,9.732608,10.437701
ZNF564,6.3451853,6.3351135
S100A1,10.156689,0.8756763
ST6GALNAC3,-5.9635525,11.656334
ALG8,18.00709,4.6370797
PODN,14.036556,10.046321
EIF2B3,8.714453,-1.2639313
HFE,15.304018,8.696339
CCR7,6.6649756,3.5254896
PGK1,10.335284,-2.4020348
SULT1B1,-2.5090642,4.521088
PWAR6,11.055616,6.0771837
NF1,19.695665,3.1141675
BLZF1,1.7493889,-6.8228707
SLC27A6,15.941965,-0.96354866
ILK,5.063678,12.431751
CNOT6L,16.411833,5.472162
CACNA2D4,1.4827286,3.060885
MDH1B,-6.005716,6.225033
RASA4,7.9274673,-4.586113
KIN,-2.4697187,-4.759542
PRUNE1,12.478521,6.128664
ABHD8,14.352046,0.5634463
ZBED4,4.4479585,-0.21656774
EEF2KMT,3.3965783,-0.50446534
SLC24A3,8.80654,14.878408
ZNF830,3.2218091,3.4006865
TAF7,11.006826,8.939357
CCR1,2.2944057,5.663933
DCAF11,8.789938,-5.1181064
PPP3CC,0.65861917,1.4356055
MT1X,6.7991123,8.43693
ACTR10,10.254045,13.840347
SH3BGR,5.2947116,12.45439
OAF,14.166178,9.384743
FNDC1,14.69577,10.089573
FAM109B,3.8892732,7.7865543
IVNS1ABP,-3.2545068,4.217433
LGALS9,15.407796,8.26727
CBFA2T3,-1.420915,2.9473605
DYNC1H1,-8.041796,5.4849796
TAF5L,-4.8967104,1.5297006
TTF1,9.713828,10.779707
IGHG2,3.0561936,4.68446
TCEANC2,-1.9976561,0.36141217
ACTA2,19.674671,5.646281
RPL10,2.8236606,9.359394
CMTM3,-5.208079,9.110587
DNAJA3,5.0131283,-8.476523
DDAH2,-0.10034668,17.058607
MYO19,-3.088525,7.9369035
RRS1,4.050812,-0.30562022
FAM213B,-1.8442127,-1.3693818
NISCH,6.569209,-5.814682
PRKD3,21.92291,4.295453
ZNF19,6.7591486,5.65861
TSPYL5,12.606018,5.8906655
HNRNPK,-1.846278,-1.5080057
KDM5C,3.3913736,0.21235627
UBA1,2.8758886,-5.403417
SIK2,-4.898053,1.1513629
LCAT,4.6933827,6.5069804
MSANTD3,-0.73892796,-3.215332
PICK1,8.633038,-4.5233374
WDR35,17.303616,5.1784635
PTPA,5.363792,-9.295905
CALM2,11.966402,-2.980356
ANO8,-1.8213061,-1.3421403
ISPD,-0.2629208,-3.9353194
MUM1,5.7774615,0.72632563
MTMR6,17.3258,11.5381365
UFL1,17.324583,2.1061342
DPAGT1,-2.94418,10.648416
R3HCC1L,7.670063,5.3034334
QPCT,0.34103173,11.242649
GALM,12.37143,5.2405777
SLC25A38,-4.9570045,1.0952789
CYP1B1,6.74169,9.934911
MINDY3,18.749382,1.0385396
PSMB1,7.636623,-4.8360853
LCMT1,9.880319,2.0934973
KIAA0355,16.44416,5.4852295
DOCK1,14.081989,12.022345
SPRED2,16.563046,5.515453
SLC39A1,-0.25228786,8.80341
MPHOSPH9,0.6138719,11.65792
SNF8,4.698597,-7.666549
MEX3C,17.746008,5.8713017
ORAI2,3.8524363,1.853902
SIN3B,14.50441,5.511031
COPS7B,5.873206,6.406996
S100A16,-2.1115794,13.508211
NFE2L2,8.368781,17.61812
ATP6V1H,9.619237,4.4695864
PFKFB4,-3.357939,4.098136
TMCO1,18.021086,4.653764
VIM,-1.399751,14.863935
RASA1,15.3302,-4.9617815
UNC93B1,-6.631309,4.690389
ACY1,11.98634,-0.5796503
SDF4,-1.8284194,10.962919
PAK2,0.067033015,1.357684
FHOD3,10.107866,4.4275336
ZBTB8A,0.66926265,-6.575191
ZNF638,7.102283,5.5991364
DIO2,7.0961156,17.50733
DCTN5,-2.3789322,-10.287985
SIPA1,2.3297315,3.4590423
SLC39A8,13.255447,6.704442
MEDAG,6.5924845,3.7277648
PRKAG2,0.20691606,4.959839
PPP1R1C,4.932582,-2.63602
HOMER2,11.611277,-0.657581
SOGA1,-1.6984413,3.120824
FAM175A,-2.8830636,-8.520348
PIK3R6,-2.4306774,-1.6871116
TIMM9,5.521514,-11.168368
TSSC1,-1.5790133,13.678064
RFC5,0.87622875,-6.1664834
NIPSNAP3B,9.668185,4.5071864
STX16,-5.462053,6.5608726
ZNF551,9.941829,10.27138
KIF5B,19.54636,5.6451817
MCM3AP,7.6967654,-3.883944
STAT4,5.0625014,12.935585
SKIV2L2,-0.46412063,17.22042
STT3B,18.872002,4.5842004
HIST1H2AC,9.0177965,-4.3062468
ZNF790,-7.0807467,-3.534988
ORMDL1,10.89362,-7.027029
NMNAT3,1.5548927,-2.6599944
CBX7,-0.21387848,8.353817
RAPGEF5,16.402918,5.4701505
PXDC1,6.594518,3.719959
SOX12,2.724531,14.1115055
RER1,3.1607502,-0.5766646
ATMIN,0.08827482,6.6697245
RAB7A,-4.1506042,3.5661185
ZC3H7A,19.579414,7.3844533
PTGES,-4.9954023,9.226588
PTGS2,-0.3226393,-8.681661
FZD1,15.284264,-4.9544272
ANKRD36C,2.8540232,-7.5003533
FBXW4,10.97552,1.1222564
APOO,8.756846,-1.4130375
REM1,-1.7346454,3.146355
SH3TC2,5.4033704,9.890065
SLC4A1AP,10.569418,13.833598
NEMF,-0.41933727,16.97996
RIOX1,6.716756,-0.035331286
TRIM47,0.9683749,9.019774
ATP1B2,15.257566,8.318506
ZNF791,10.769485,-6.8918796
FXYD1,11.43225,1.5179483
NELFA,7.155113,1.9940964
XK,7.6810565,1.213486
TRAPPC2B,-1.5982044,-7.808957
B3GLCT,15.416915,-2.5360708
LAMTOR3,17.388807,2.0834632
CYP39A1,-2.9359539,7.888025
ELFN1,2.8310611,-5.0386586
PHAX,1.4980322,-9.031225
GEMIN6,-4.60824,1.270404
CREM,-1.8071961,-7.2078505
SPG20,9.099594,-8.589193
SLC46A1,-2.30751,-0.16318925
HS3ST1,16.503998,12.339096
TMEM252,15.407139,-2.5467598
CCDC28B,5.0130773,-2.8461103
PGR,-3.0767,7.917953
PATJ,12.210761,4.849467
PANK3,-4.798649,1.4374536
ISM1,8.574927,7.3162284
TMEM53,22.10511,4.4486322
P4HA2,-1.6878477,10.999955
GPC1,9.770436,-3.4398935
PIM2,3.0647948,4.7211885
CYP27A1,-1.690979,2.5960243
KIAA1671,-1.7443409,3.1644676
LARS,0.106245354,1.2298888
BIN3,3.3911588,0.2146751
RNF149,5.029825,10.155515
PIK3R1,13.0886345,-7.933773
RTN4,18.693293,5.3884544
SULF2,-5.975852,11.614894
NCOA3,-5.658365,11.220069
SDF2L1,-3.012024,10.69834
SNCAIP,14.172829,9.390868
ARRDC3,21.583858,4.8715544
SMIM15,17.403812,5.30584
CAPZB,-4.1488633,3.566454
SNX18,18.899065,0.83860785
EEF1G,2.8032565,9.370311
DHX40,10.538161,-5.381907
JUND,-0.07580537,-8.621835
DCUN1D4,0.2198217,17.025364
EIF2AK4,8.942987,11.053944
FBXO21,-0.027244875,17.03535
DSTN,11.901759,-3.0362673
LSM14A,19.822563,3.1855736
OLFML2B,14.187563,9.390385
PIAS2,0.21684538,17.02683
MORN2,8.844575,-1.6166059
GPATCH3,3.1625838,8.930166
TMSB4X,-1.4311389,14.855616
YIF1A,4.864446,-7.39178
RARRES2,15.536548,9.66621
ZNF385D,7.095514,17.507214
CCDC68,3.2989337,6.3109875
CHST15,6.3152027,10.123662
MARCH8,-2.99172,7.8711762
L3MBTL3,16.268959,12.045775
ELK1,15.264073,8.433007
GMFB,14.330087,14.135266
RPL41,2.634098,9.376477
TUBB,-0.2656636,8.625473
CYBA,2.4684355,3.6229522
DERL2,-0.064828016,10.470253
MAT2A,-1.6970433,0.7589057
MAGED1,11.988122,-0.576985
CPD,15.218923,-6.6954694
FAM210A,13.805507,2.8810732
PEX2,13.292392,-3.116775
DCAF8,-2.9555874,10.646406
MAPK3,14.658407,2.677102
ZNF213,-2.233543,-0.06453017
SGCD,15.47446,-1.4165053
ZNF518B,-0.57249874,16.92665
DUOX1,15.5388975,9.657947
PTGS1,3.127131,6.1590514
SVIP,15.963685,-0.7120369
FAM167B,1.3951186,8.924499
PGBD5,13.180684,6.6148934
CCL2,13.152036,-8.010487
NDST1,7.80602,-3.9108713
ABCC9,14.066216,12.033251
GPD1L,11.129213,5.930084
RNF180,15.498536,12.322772
KLHL21,4.5302353,11.280907
ZCCHC7,21.748125,4.3956504
LRRN4CL,14.162675,9.389228
RBM39,-1.7561969,-7.251741
HERPUD2,15.291229,-4.947914
RGS10,6.735786,9.950167
MYO1D,-5.533638,9.367892
SQLE,0.25450662,3.7758322
GFRA2,10.145268,6.13572
MCM9,7.4422307,4.9210544
TMEM38B,13.964815,2.7134545
KCNA7,-5.9975257,3.2010496
UFC1,9.768189,-1.1929474
MZF1,4.6537113,-10.613755
ETFRF1,13.97163,2.7100437
TTC7A,2.2060094,3.3576756
PEX16,1.5451294,-11.362363
CD14,2.7456806,8.419327
EBP,10.070428,1.7944361
VSIG10,8.454826,9.993368
PNPLA4,1.0380849,-2.563093
TMEM140,1.3887488,-6.16983
RHOU,8.830158,6.753279
ZNF491,9.545117,10.310875
CLU,8.401874,17.64313
PYCRL,-1.592641,13.683908
SIKE1,-0.4871645,-3.694687
PRODH,8.800509,-5.1420937
ZNF256,-7.455987,-3.9000368
TRMT61A,3.6060836,1.6452891
GSTO1,-0.6934984,-3.1312623
CAPZA2,12.710679,-2.6335196
COBL,12.903217,6.35075
LRRC41,8.557836,10.438235
PCDH1,-5.153413,12.349713
WBSCR22,4.70221,-7.6756344
NAB2,21.929544,4.155267
NOL10,-1.9063662,-1.9937707
TCEA3,11.6113615,-0.65754807
SLC23A2,6.6963515,0.48449343
TBC1D13,-2.0116532,0.33256492
HNRNPU,-1.8024819,-7.1963124
HCN4,1.0869992,-1.9802812
SLC37A1,-0.7493197,16.476963
MUT,-2.0224211,7.389148
TMEM256,11.4687,1.4485676
RNF130,9.407045,6.712885
GCLM,2.849036,18.79155
HLF,0.95289975,9.025208
ZNF433,6.3977118,6.3921494
CTIF,5.124349,14.232793
ARMCX6,3.5404565,3.548541
AGL,15.611196,-2.4588335
IDNK,12.971057,-5.078553
ZNF468,-0.83187425,16.66179
NR2C1,-2.947785,10.650394
TMEM205,5.348268,-9.293297
TBC1D1,9.460652,-3.7775757
NOXA1,13.0764265,-4.924963
PLLP,16.587437,9.230022
PPP1R15A,-0.04764013,-8.600683
PVR,5.0851912,14.321394
CDCA7L,4.533568,-2.8028162
OVOS2,0.28324303,-10.340349
ZNF134,6.188046,6.2939224
COMMD2,15.623336,12.912202
RHOC,-2.0414188,13.577178
GGT1,15.541295,9.660481
KCND1,-3.0936027,4.9915457
ZNF354A,5.3612595,6.561149
PRR14L,-5.0967584,-0.4302143
PRKACA,5.229386,12.420362
CUL9,4.795775,6.6249895
CLDN1,8.696183,14.702742
IL1R2,3.831001,5.164588
ANKRD11,8.256778,10.5402355
EIF2B1,15.261754,14.638844
SGSM1,12.951396,4.6509256
KIAA1755,16.289207,9.442397
ZBTB26,9.96902,10.234319
AMIGO1,4.466649,-2.8648024
SNRPG,0.32190913,7.780681
SSH1,0.07723215,6.7193556
SRSF9,-2.4315026,13.369876
TANC1,10.742259,12.777786
SLC12A9,2.4466877,3.6366801
PPM1K,-2.0348237,7.391264
ZNF595,-8.141819,2.0531747
GAS5,2.9402745,9.580095
MDFIC,17.519678,5.2012105
DCXR,11.821889,0.10623793
GPR108,1.40196,-6.1202154
SLC25A17,4.5892,-1.5721173
ZNF550,-0.4814548,-3.721708
SRC,-3.5527213,13.009643
ELAC1,6.337551,5.935512
AP3D1,14.151111,0.559486
MZT1,17.408737,2.0927365
LRIG1,12.276048,6.4019423
OS9,9.402593,6.7184825
ATP5SL,11.944307,7.829293
ACTG1,-1.5695133,14.26928
APCDD1,-1.5546874,15.219284
ARV1,9.60421,4.4615283
PTRH2,3.9551277,-1.1508783
GRK2,1.4062848,8.920714
TRAK2,10.788228,12.723929
SFI1,-2.4265366,-1.0109859
TLK2,-4.1503887,3.5669017
MOB2,10.964214,1.1237941
KIAA1211,14.335655,9.011518
ZFYVE16,15.612628,-2.4798262
STRN,-0.021487013,1.450599
TRPC1,0.20542736,17.02392
TMEM37,8.802084,17.838928
SLC19A2,-1.680678,-7.3728466
ORAI3,5.419776,1.4299374
PCDH10,16.30946,9.398929
TSPAN31,3.3032424,3.514709
KCNE3,1.3233055,-6.2392645
PRELID1,-2.130583,13.468949
NDUFS3,9.99831,-1.4563442
EEF1E1,-1.9119666,-3.5241861
LYRM2,13.267285,-3.0930228
FAM65C,-5.7514534,13.411996
PML,-3.7240872,13.038456
STAM2,18.77696,0.99303967
CD247,-5.3959427,-5.6347523
HRC,5.564262,11.993412
NAB1,15.3347435,-4.9801664
NFATC3,20.73121,8.56762
CCDC106,11.822008,0.1475653
ITGB8,15.221892,-6.6985126
EVI2B,3.102569,5.171185
RCE1,4.8920116,-10.213946
CAMK2A,4.9269,-2.712297
NF2,3.8127255,-1.0593742
NUDCD2,18.760014,4.147556
LFNG,-2.4160562,-1.6940323
BIN2,2.362378,5.449331
KRT7,8.704781,14.7153845
F13A1,2.6051636,8.115341
NRROS,2.7777464,8.466308
DHX32,12.563756,-2.8670154
ZNF32,8.84566,-1.6469616
GTF2H5,9.601054,4.463168
ZNF526,4.2740126,7.53785
RAD52,-5.556146,-0.38798243
NEPRO,0.5445505,6.6725297
PTPRF,8.483042,7.600387
RAB6B,15.061545,-1.5827821
EBF4,-3.0648408,-0.8093798
RPL23A,2.5566244,9.4367695
DDX49,2.4267156,-6.5477495
ELMO1,16.4406,5.4861717
DPH7,-0.92055434,-0.5072257
HBEGF,-0.10359179,-8.587265
CDC123,12.055026,1.3393335
OLFM2,0.36606055,11.278377
TSNARE1,18.748596,4.7375536
ALKBH6,6.6432943,0.50086653
MTM1,-2.0517628,4.377828
CD46,14.775273,14.382188
ERCC1,4.7973166,-8.061837
SLC26A11,14.692226,2.6512506
SLC38A3,4.14181,-2.6388803
FRK,7.428633,1.2960435
SYNM,5.1284957,12.927863
KCNJ12,15.045132,-1.5871825
CHKB,18.84791,3.367622
INVS,16.127344,11.862279
RTN4RL1,4.7461004,9.61254
TOMM20,15.0636425,2.4751184
DNAJC16,0.19872117,6.1492395
ST8SIA4,16.454735,12.285103
GFPT1,-0.058607962,10.80742
ZNF761,5.360671,6.564846
PRRC2B,3.3985565,-1.2754589
GNA14,14.942042,11.8652
RAB4B,-1.5813408,13.666896
ITPK1,13.20293,4.6375227
ID1,-5.1063247,12.545211
DGUOK,3.1261168,-0.5971868
MAPK11,-4.606899,12.701893
RPSA,2.9278617,9.985144
PNISR,-3.660658,-2.558692
XPO6,3.4176652,0.15400341
SRRM2,3.3882487,8.576588
TAB3,0.008897421,17.030867
ENTPD1,0.9155175,-6.514222
ZNF230,-0.4823082,-3.7212229
JAG2,-5.3014016,12.89858
PDE8A,4.489705,-2.8809965
BGN,-5.183229,9.159977
FASTKD3,6.230786,6.2432323
ARL15,16.475998,12.303721
RNF7,4.6842,-7.34265
PTGDS,11.863773,-4.1129265
RWDD1,7.2618594,-5.7689185
PAQR6,13.018215,1.3862369
ZNF521,15.172822,7.905452
SEC24B,19.841946,3.2003114
GPD2,16.86146,8.687748
ZNF846,7.761817,13.332847
PLSCR4,15.504296,11.888794
TANGO2,5.577927,11.996905
C4A,1.5300211,5.309651
KLHL5,16.762642,5.573217
ZNF606,-1.4623746,14.325362
SPAG16,8.850401,-1.608595
TNFRSF10D,7.3876176,-9.884634
PDZD2,15.390766,-2.5671396
TMEM127,9.782922,-3.4424944
MROH1,6.4268694,-8.236903
BTG2,11.197303,-8.4658165
MRPL24,5.250639,-9.329207
FAM129A,5.0425973,12.72628
CFI,16.362715,12.1573925
KHNYN,1.1000122,13.768635
PAPD7,6.974788,2.6702564
NOLC1,1.2917581,7.2940893
DHX8,4.4849916,-0.1772182
RNF175,4.2097535,12.481702
NTHL1,-2.5580294,-2.1933973
APH1A,14.25519,-4.5971255
NMNAT1,4.115407,-2.6565232
EZH2,6.6960626,10.03137
TNFRSF4,-0.71701396,16.407
RUFY2,15.483657,12.578904
CUL1,-0.4555559,17.15006
ETFB,9.71872,-3.4749758
PREX1,-4.8329134,13.059405
GPR180,17.936796,4.48478
PCYOX1L,6.4849544,-5.498239
ARNTL,-1.7870729,4.2034683
CNPPD1,4.9989343,3.114706
AKT3,16.742151,5.569086
PPIG,18.540895,1.9826277
IP6K3,13.211082,4.6383357
BRAF,-4.2795753,1.3216606
HELZ,20.720592,8.606214
ADRA2C,-5.749725,13.410901
LMBRD1,14.768337,10.280545
COX7A2,8.923149,-1.0611947
ULK2,1.9917845,-6.7226768
NUTF2,2.4925265,-6.7206635
CCDC85B,22.585672,-0.7272231
COPA,18.367395,3.91187
PGM2L1,-6.0632315,-2.6889746
AVL9,-0.4890316,-3.6945179
MPDU1,3.1808798,-0.5849673
AAGAB,0.7257358,7.0147576
TCEAL9,-0.08866186,10.944036
COL5A3,1.8997176,3.1234748
REC114,1.086336,-1.9795182
RALY,12.010524,1.3693132
RAB7B,-1.7343413,3.1528785
FAM199X,19.742825,3.0734541
GINM1,18.503817,1.91532
MRRF,17.024014,8.840845
TCEAL8,19.124561,-1.114939
ZNF717,6.918006,0.13059576
ANO10,9.416303,6.7093124
ATP8A1,-2.8285527,7.6467023
ORC4,12.497936,6.2097554
TXNDC15,15.540171,12.639373
CLEC11A,-5.1839085,8.577127
PDCD2,-2.166175,-4.0817776
HK2,-3.4995658,3.9834702
PEX14,4.9251165,-8.490829
IPO13,12.874169,-6.2077274
COMTD1,5.081535,-8.712669
EMC8,4.607248,-7.7829986
MLKL,6.871453,3.0140464
INPP5E,17.748049,-1.0744185
NEK10,5.1012187,-2.3325632
FGFR3,16.263954,9.421518
SF3A3,-2.0767944,-3.9343684
DNAJC7,14.326361,2.8105466
MAP3K9,8.428734,10.423145
SIRPB2,2.4784005,6.5157566
GNAS,8.944207,0.47991082
PEX10,11.9866705,-0.54374903
EMID1,-5.1298213,9.155348
AATF,-2.2410586,-1.7317532
WIPI2,4.3952885,-1.7792189
TMBIM4,15.365742,12.1162195
PGLS,1.4871398,3.1134212
TAGLN,5.2247467,13.78679
NAP1L1,0.581041,1.3882321
CETN3,9.018575,10.964512
PIP4K2A,15.222004,-6.698129
KIAA1841,-2.0631325,-0.90191215
LITAF,21.611723,4.838427
FGF2,21.746828,4.787588
KRBA1,-2.8988101,-8.536962
ZNF397,-7.099756,-3.5590441
DSC2,12.14229,6.4179845
GNG7,12.509609,4.7292724
BRD3,1.5228626,-8.998274
COQ7,15.824115,-0.9475648
KMT2A,20.513065,8.413883
RFC3,10.02023,10.440339
SMYD3,3.538613,3.5455625
APBB3,-3.0870671,-0.80928296
IFNGR1,4.8491106,9.577545
MPDZ,12.9859085,-2.8223567
PGGT1B,0.03131603,6.6621056
SYNRG,1.6011279,-8.874279
SEPT9,2.0632703,-6.70259
FOXK1,8.39032,10.434311
SFMBT1,15.310384,-1.5186958
STARD4,0.26128942,3.7742062
AIDA,16.796854,11.7191
ANKRD46,17.39926,2.0650163
CCDC59,0.56270474,1.3852303
ANKFY1,0.9581259,-6.2414923
SNX15,-1.5272989,3.0175884
OAZ1,11.129753,0.8715254
SBF2,8.929428,-8.690406
LRRC37A17P,6.9864163,8.728535
ZNF444,2.9661667,-5.3379955
TMEM63B,11.171457,5.5455217
MAN2B2,14.035077,10.044346
RABIF,13.673316,3.1299498
TMEM246,10.397161,13.148907
CRYZL1,0.9511686,9.000886
PRDM1,3.0758123,4.770642
ANK3,12.991762,-2.8242164
GPC3,8.408113,17.659348
BCCIP,-1.9554131,-1.9675924
CCDC186,18.073994,1.4440585
PIGT,-1.8366221,10.983965
B4GALT1,-2.1143367,-0.6663163
AP5M1,17.325117,2.1052442
SMDT1,11.836379,-4.0637994
CACNA1H,-5.750456,13.411519
MRPL11,11.371332,-0.09121766
BACE2,0.3002209,11.199849
SCOC,15.736253,-2.3102558
ENDOV,-2.5190723,-0.9707876
NCOR2,8.231271,9.863868
RAC1,-1.5534626,14.454769
TMEM199,3.61191,3.2806623
PRKG2,7.1999297,0.8153576
RINT1,0.7357869,7.076437
RPL5,2.3216755,9.669812
HOMER1,5.0110135,12.693446
MTMR1,12.52496,-2.8647742
ZBTB38,0.96353734,0.7316637
FCN3,-2.5199122,5.300094
MPZL2,-0.8191177,16.352049
NALCN,11.087621,6.0455184
BRI3,12.302036,-0.80006206
ZNF816,7.1403623,5.3764973
STK26,7.612512,-10.064404
TIMM23B,12.78054,-2.034
RAB12,15.603713,-2.427695
WSB2,18.868017,2.8198583
HSPA8,8.881601,-7.7799864
FAM136A,-0.5081178,17.411352
LGI4,-2.8227375,5.2923636
ZFYVE27,-3.1355467,7.9808683
ASRGL1,5.2869725,9.599539
NBN,15.617605,12.9088545
SLN,0.9279249,-2.717776
GREB1L,10.623252,12.888677
NT5C2,20.892488,8.126016
AP4M1,-0.63580424,-0.8232846
COL9A1,1.1500616,-1.6585555
PYM1,3.6129143,3.282438
P2RX6,-5.8331895,6.365604
KCNT2,8.689371,7.1521387
SND1,-1.7098843,10.992792
EID2,-7.2884674,-1.4601438
ATP6V1B2,-1.5467738,-3.655793
CPEB1,17.928259,-2.6048255
FAM58A,-3.5778158,-1.5078857
ATP2C1,19.216944,5.6121254
ABCB7,13.7196665,3.081604
ODF2L,14.794739,14.398502
GMPPB,0.19768454,9.238734
CBLL1,-0.6460731,16.95177
TFPI,21.754913,4.4554677
CDO1,16.235971,8.804489
LYST,20.430328,8.390555
IFIT2,-3.7528074,-3.3056443
DHCR24,0.25498462,3.7742734
SLC2A4RG,11.308325,1.6731948
PPP2R2A,6.0941963,0.6078795
AKT2,2.9663136,14.536944
TRIM7,6.5876565,-5.7953043
CSTF2T,3.4477422,3.400817
GTF3C3,-0.35532087,16.989676
STT3A,-2.9134881,10.656429
CILP,-5.1437635,8.567605
RAP1A,17.471403,11.663245
REV1,0.23654993,9.341118
LIMS2,6.4622717,-8.204224
FBL,2.9205456,9.990119
PDIA5,-0.20247334,9.250842
METTL15,-2.176415,6.9056606
BOLA1,2.8467572,14.328494
ALPK3,5.240462,12.8935585
MPHOSPH8,1.6179518,-8.866857
MLST8,5.0402617,-8.667483
TUBB4B,5.550232,12.723252
OSBPL5,2.3644335,3.6394744
RAB32,-1.7879877,14.183668
RAD50,1.6999925,-8.705952
CCDC113,-2.0845494,7.3879185
KDM5A,20.549583,8.404532
NDRG2,8.417891,-4.7594633
UBE2H,12.325233,-2.7658107
ZPR1,6.9503446,8.702353
PDLIM4,8.367321,9.902392
NAGLU,11.006128,8.943892
SRSF8,4.8864865,10.514983
ADAMTS10,7.920888,-3.4268832
KCNB1,-5.7544355,13.412926
ZC4H2,17.928848,-2.6058865
RSBN1,4.953173,9.159573
ANGPTL4,-2.049616,4.48014
COA5,-0.2737821,8.628592
DCUN1D1,18.893887,0.84737706
NUDT6,16.169886,-1.0937902
POLR2D,-2.3783863,-10.283807
IDH2,9.731598,-3.4699864
CIB2,4.2037888,12.478544
FANCF,7.0524282,5.4130454
GAS2,-0.8618286,16.328806
SCARF1,-5.0851736,12.449502
ZW10,18.673796,4.010691
SNRPN,9.95023,0.59775853
SPNS1,-0.93107486,-0.5243392
FAM98B,-2.391923,7.0856705
PLIN5,8.722536,-5.032993
MORC4,-1.4364362,-7.102082
SLC6A4,3.2966125,6.3089843
MVD,11.910336,0.1928134
GUSB,7.757123,17.649078
PTPN9,0.6794526,-6.592071
TBP,17.50117,-5.2132626
BUB3,16.78014,11.727929
MRAS,10.111585,4.3354855
GTF3C5,12.874612,-6.2075086
PCSK1,6.6542697,3.5488088
ZNF18,6.512196,0.4929179
DGCR14,9.966699,15.827607
PTPRB,-5.5183587,11.705533
RPL7L1,-0.64413625,16.974566
DIXDC1,1.67205,-8.760869
EIF2B4,4.605342,-7.745804
CPPED1,15.166656,8.689746
NOL7,-0.6955945,-3.131151
NDUFA4L2,7.2535243,2.1291728
LRSAM1,12.874983,-6.2040887
ALDH7A1,15.959092,-0.9581031
SMARCC1,18.704796,3.4387772
NUDT13,-5.9824195,6.2338605
HES1,-1.1788741,-7.753741
FLOT2,7.5206695,2.74134
NT5DC1,15.6933565,-0.98533475
GMPR,5.579914,11.994459
NDUFS2,10.9409075,4.1528144
KIAA0368,0.66750467,1.4297101
APOB,13.124256,6.566777
RASAL3,-5.1014943,4.3866267
POLR1E,-1.837063,-2.0386484
TENM3,10.563477,5.842647
POLR3H,3.7184904,7.8868523
MORF4L1,18.595268,2.0806866
PKN1,3.0824313,-5.3111444
MYO9A,1.6135062,-8.83678
ZNF70,-2.264149,-0.13821109
TTC39C,8.842748,6.770424
ST6GALNAC1,-5.318545,12.893292
NBPF11,-2.8963947,-8.534869
NOVA1,1.1040676,13.77109
DDX41,3.185667,-0.57675284
SMAGP,-5.558394,11.78569
HAGH,8.722082,-4.4306335
WDR62,4.9341826,-2.6718667
HVCN1,-2.5988317,-0.8329764
ZC3HAV1L,-8.952947,-0.02800036
HEATR5B,8.297346,8.922843
ZNF737,16.41239,-7.733943
CAND1,17.374437,5.381571
NAP1L2,7.8222384,9.270859
SGCE,14.866502,10.085944
DERL1,17.999998,4.595293
HES4,-0.08104214,-8.62229
POSTN,8.6580715,7.200331
TTPAL,-2.1739566,-4.414428
YTHDF2,2.8491416,18.792297
ZNF527,-5.4542246,6.569809
GGA1,4.917133,3.024631
KLHL28,18.575462,1.1584682
SACM1L,13.1495905,14.661835
U2AF2,4.9371786,-10.157828
OPHN1,16.866793,8.676133
SSX2IP,-2.718624,7.486904
NAV1,0.36239606,11.268884
DENND5A,18.706041,3.439139
PDCD5,4.651552,-7.7041106
TCF15,-5.724558,13.379144
ESCO1,4.953711,9.160618
ZNF678,16.13732,11.85707
BNIP3L,21.748951,4.4808145
WDR89,-2.3141541,-4.5409904
SYNJ1,18.47953,0.9169763
PRICKLE3,2.0760088,-6.7286496
SPIDR,6.5912147,3.6803195
PRSS53,2.8036578,3.5757914
ELF1,13.126535,14.692825
NOL11,-2.1557696,-4.559373
TNFRSF14,1.5704328,3.1114492
PWWP2A,7.437276,4.9234023
FOXN3,8.942719,-8.6461115
FAM213A,-0.015806159,10.809568
RCSD1,-1.7913677,13.889694
SAP30L,20.096436,-3.833745
ATXN1L,-0.64363027,16.958578
KIT,1.8379358,-6.876591
UNC13B,2.938373,14.512231
NAP1L5,11.207191,-8.458301
MOCS2,18.76786,-4.3278646
TBC1D12,15.22716,11.8706455
SCUBE2,14.572161,11.54229
GCK,13.232714,6.679008
NMRAL2P,-3.1104736,4.404078
SYBU,-3.0315578,4.960266
TMEM132B,13.277877,1.7387242
PUS7,2.77192,14.185118
ZNF335,3.169585,1.377803
SMURF2,22.061092,4.430968
IFRD1,-4.779238,1.5268387
ASCC3,0.19334248,0.9429587
ZNF280D,9.751743,10.451045
GUF1,15.046582,2.472532
DALRD3,-2.490461,-0.99325407
FGD4,14.813132,14.4053335
CAPN10,6.6936936,-7.9906178
HFE2,11.338865,5.089969
CCDC88B,2.3773022,5.4537873
OARD1,9.579709,10.9078
LYL1,1.9348744,3.215311
DHPS,6.6484737,-8.036238
NOTCH1,4.4866943,-0.19499734
CRADD,9.68699,4.475797
ZNF318,-2.4911196,0.21551175
CD81,13.909988,10.1221895
KIAA1143,-2.4278984,7.0761147
CLPX,-8.120598,2.2795339
EVI5,19.875622,8.193549
SLC37A2,2.7803693,8.463664
LRRTM1,10.751756,5.7232356
MYL2,5.960779,12.935703
MGMT,11.32157,1.6647315
PARM1,15.801699,-0.97408164
B4GALT7,2.4747899,-6.4170704
L3MBTL2,17.749966,-1.0724031
RAI14,0.31851563,11.199747
PPM1F,-4.7644873,13.113468
DEK,17.470861,11.663438
PDCL,0.6725733,-6.577896
SLC22A18,4.7850504,-1.6004847
TEX2,18.025642,4.036607
PLCB4,-2.9480128,7.902559
PRKRA,7.695779,-4.7350283
CACNA2D1,12.398214,-2.7639556
PDLIM3,5.4239244,1.4356385
FBXL20,10.522492,-5.422669
FAM234A,11.664049,-0.51910347
SRSF4,6.9552364,2.638967
FBXO4,14.2505455,-4.595801
TOP3A,3.3948963,0.18964107
PPP1R12C,6.2543154,-8.400444
YIPF1,15.085804,16.398758
NRG1,3.307842,6.3171506
CBY1,11.253299,-0.39979112
TOMM7,9.219895,0.23019266
AZIN1,5.344122,1.5513136
ZC3H14,8.963485,-8.62188
RNASEK,11.730607,1.3924048
DCTN3,10.499239,0.8189746
SLC35E3,9.663334,10.230062
IFI30,2.541653,6.1292925
DDX60L,-3.6234105,-3.1764448
MNS1,2.85381,-7.49264
EXD3,-3.0883815,-0.8118552
KLHL12,-4.8870316,1.5958366
ALDH16A1,1.5853925,3.1149778
NFKBIE,13.093996,-7.9392266
FXYD5,-2.1128972,10.782634
SLC45A3,-2.2298212,-0.18512909
PUF60,4.6371007,-7.8062797
SNAPC4,17.795263,-1.028637
MALSU1,9.774573,-1.2035828
ENAH,0.18145777,4.997543
RNF216,5.130512,14.242306
TRAM2,15.904039,-0.9488608
ABAT,15.644753,-0.96976227
FAAH,1.0474936,-2.565465
MFSD12,0.9595536,9.009067
MYNN,6.1823378,0.5666248
CD86,2.554475,6.150828
SFT2D2,17.202875,5.734576
EFNA1,-3.5463781,3.951051
NRAV,14.2489,-4.5910645
ANTXR2,18.47354,1.206089
PCDH17,16.803226,5.5622845
OXCT1,10.100792,13.617924
GPATCH2L,5.192701,1.6382002
IPO8,15.125907,14.5668745
PIK3R5,2.3759158,5.473723
ZNF879,9.921061,10.295874
CRY1,0.9396591,-0.1235355
WDSUB1,-2.9517622,7.9602675
NCKIPSD,-2.7940922,5.1978445
NT5C1A,4.9352736,-2.660791
CCDC28A,10.373716,-5.281658
HMGA1,-2.893993,-8.532386
ABRACL,-1.4048108,14.720312
WDR4,4.114693,-0.33236212
PTTG1IP,-4.129976,3.5841627
PLEKHA8,0.36175656,11.269417
TMEM248,17.285057,5.7237787
TKFC,-2.2941515,-1.171103
DNAJC10,17.884554,4.7737117
DYNC1LI2,17.77515,5.40759
COPZ2,11.332774,1.6764538
LZTS2,7.2243247,2.1864834
ARSA,13.895849,10.138174
TMEM204,-5.06844,12.484381
SERPINE1,8.220142,9.644426
TRIB3,-0.48797792,-3.6397681
RFXANK,6.734461,-7.9497857
GYG2,-0.40174484,14.515235
FAM76A,-1.5534056,-3.6571717
CCM2,0.93731457,9.017803
FTO,18.459166,1.8948479
TBCB,11.424823,1.0276874
ARHGEF9,4.872512,11.98333
ASB16,21.638409,4.8202415
TBC1D8B,9.431749,6.6911607
GLG1,0.8676069,-6.5281353
RDH11,17.340487,5.64931
PNRC2,6.2295504,0.54425246
HOXB3,9.997176,13.582665
ST6GALNAC2,13.031918,1.3962605
HAPLN2,-2.814689,5.299444
VIPR1,-1.551071,-3.654134
PPP6R2,6.2201114,-8.431415
CPNE3,18.510603,1.988102
PLEKHG5,13.475586,8.321039
MALT1,-4.819533,1.5085348
RTEL1,3.7664263,1.8051023
ST3GAL5,16.585379,9.234604
NUDT9,8.595719,-7.3523045
CUL4B,-2.1796632,4.4721947
BRPF3,18.024376,4.032038
ZNF613,-7.1661863,-3.6230488
RGS11,-3.0981166,-0.80598783
KIAA0319L,4.9473066,-2.1194515
TBC1D22B,8.361015,9.88405
TRIM21,-3.8853054,-3.4603465
RBPMS2,13.852673,2.953388
RB1,13.699244,13.914404
LRRC40,14.661023,14.306946
ZNF287,-7.3003383,-1.465591
ZNF619,6.750114,5.6668167
CERK,-2.8969164,-8.535152
SUPT5H,8.286014,10.512378
NRBF2,-0.10609559,9.997827
TXN,-2.1340163,13.479011
CKB,11.501664,-0.16242944
UACA,9.771934,10.539742
FRMD5,-1.5021701,1.0690457
EML4,21.968431,4.5548873
IVD,12.427676,4.762533
RNMT,-3.3670204,4.0779943
FAM126B,13.110791,13.510222
DNAJC5G,5.674444,-2.3736095
PLEKHG1,-4.8831344,1.1546134
GNA15,3.378651,5.2173266
HSF2,10.632384,12.88285
STX5,7.247438,2.1457448
COL8A2,14.5201435,11.598199
MARS,-0.73681337,-3.256555
PHKA2,8.387922,-4.755609
HDAC11,11.977659,-0.9253563
KLHL30,4.687439,-1.6012334
PIGL,8.909627,-7.780636
PALM,1.839605,3.1577013
CTBS,17.684294,5.339865
ITSN1,16.835997,8.713736
USF3,18.48442,0.9125209
GPX4,11.3274765,0.7443035
CD2AP,16.822617,11.711203
WNT6,-2.823167,5.2927804
DPY19L2,4.9691286,-1.7097422
CD99L2,11.261719,5.4774494
BCL7C,1.7876955,-2.5813293
ZNF813,3.5294666,3.5361516
SIX4,20.869839,8.802655
NBEAL1,20.921354,0.23845474
LLPH,6.7523184,-5.6680183
HERC2,4.0381722,-2.837821
RNF214,15.2585945,-5.0257907
STK32A,15.522655,8.907122
SFXN1,8.395654,10.407244
SLC38A6,2.83891,-7.4690766
SRSF5,-3.68142,-2.5530922
TMEM203,11.16141,3.7241557
HOOK1,10.630467,12.883207
FAHD2B,11.30769,-0.43944234
ADAM23,15.874699,-0.9459827
TRPC4AP,7.113945,2.5017538
CDK7,18.743113,4.095186
TAF13,5.510967,1.2291062
ANKS6,4.318877,7.503925
ATG4B,4.6725564,2.7480693
SRRM3,2.8611832,-5.0756187
ATP6V0D1,9.888062,2.1101303
PPA2,12.490451,5.4595013
AK4,-3.3676314,4.0819273
FRMPD2,13.243714,6.694144
DSN1,9.990844,10.438357
ARRDC1,9.556154,-8.840134
TMEM41B,17.568909,-1.2726697
AAK1,-0.050781928,1.495027
NRM,-1.768993,13.8508415
CDK2,6.877473,3.0905514
NPLOC4,7.3517814,-5.656316
ERC2,5.061475,12.957614
CADPS,15.951564,-0.73388624
CEBPD,6.6078944,3.6485164
COX6A1,-8.665412,8.58326
ST7,12.275933,6.4632125
MTCH2,10.056837,-1.4134389
NCKAP1L,2.6373851,5.7186046
SNTB1,14.300794,11.795826
RAB3D,2.1843357,3.359799
IRF7,-3.8889558,-3.4684725
RBM4B,-2.156658,-0.4556133
PLCD1,-2.2286127,-0.21500263
MBD2,2.7786782,14.204127
RFXAP,-7.9297523,0.5595546
SIGIRR,9.663045,-8.966843
ZNF865,2.9573507,-5.3511157
POGLUT1,0.07250944,10.319087
TF,-0.8530026,14.498259
PSMA4,7.463805,-5.082107
WASF2,1.0991316,13.768416
GATC,15.085792,16.398853
KLF8,-3.4799235,-2.6136878
ZNF584,-2.3778167,-10.283069
HIGD2A,11.365134,-0.0460307
CMTM7,1.8777149,5.296134
SEC16B,-1.5671402,-3.661807
KLF16,7.067748,2.577636
MNAT1,11.886294,-3.0531003
SCRIB,4.20522,7.5909915
ATP6V0E1,10.527327,0.19340302
EYA1,4.9139233,-1.7129328
GPR34,2.7792015,8.477911
SRPK3,8.733055,-4.6242156
COMP,-0.89767104,16.30078
SLC43A3,6.0243516,9.905981
IL17RD,14.320979,11.792828
EFCC1,13.719838,8.4536495
TUT1,1.5451788,-11.362655
NUDT22,14.07061,0.5575229
EFNB1,-5.010263,12.962969
GEMIN4,4.515303,11.280017
IER2,-0.31105435,-8.672811
WIPI1,5.5845685,12.740727
PLAC9,-0.13330019,17.060923
ACSM3,-1.5546337,15.2182
GATSL3,-3.0430908,4.9967237
YJEFN3,-5.7533875,-0.45525137
DNMT3A,-2.0909302,0.2029408
TBL3,4.826267,-8.303279
CDC26,15.08591,16.398695
RPRD1A,0.9485622,0.7108877
KRT14,8.715061,14.72966
ZFR,18.78828,2.5457249
TMEM70,2.7838464,-7.3883348
MORC3,19.165525,7.0641103
SUPT16H,2.8493705,18.792622
RBPMS,5.2812448,13.794633
CCDC61,-1.0247388,-0.59625155
IL7R,-5.4527545,-5.6929317
C2CD2L,4.201988,7.5927653
RXRB,-0.6596281,-0.80872697
FAM46C,4.487172,-2.8322086
PSMB5,9.882829,2.1161053
MB,9.029553,0.5724198
SAMM50,10.045727,-1.4311048
LARP1B,-1.8890678,-1.4465941
TMEM108,15.576856,9.617592
VWA1,-1.6969835,13.77003
ADCY3,6.3789935,3.981456
SMPD3,8.619911,14.60114
ZDHHC17,19.849174,8.175063
CDC25B,1.5034549,3.0728598
SIRT6,4.60343,2.667253
ZFAND5,-1.7042474,-7.329401
FLNA,5.4091063,1.8698417
SSR3,7.148885,-5.5247426
MFSD9,6.936638,5.34736
TMEM44,1.908527,3.1583223
TDRD10,2.8844292,3.5919192
KPNA5,18.617573,1.0213307
TMEM255B,-3.7560294,13.06797
ADAM12,-0.748019,16.430155
ZNF672,14.174527,0.5595555
PLEKHB2,18.855812,2.8461654
TBX19,21.95487,4.144042
ADAM33,2.8490438,18.790712
ATP6V1E1,10.612346,4.5643253
B4GALNT3,10.295709,-2.758406
SLC5A1,8.32821,-4.668944
MLLT6,3.392372,8.570905
HAND2,7.6853194,1.2546086
APOE,0.3671032,11.279511
HDAC6,4.8437862,2.9515781
TMEM98,14.346591,9.070119
LILRB2,2.2092366,5.7362847
TESC,1.6587288,-2.6130407
G2E3,14.264154,14.083543
HS3ST3B1,3.066831,8.87964
COX15,4.1226125,-2.6394048
PNRC1,-1.1848807,-7.7778172
MFF,13.820918,2.9749455
PLAGL2,3.379441,3.4487019
PTGIS,6.014506,9.905857
CLYBL,12.218092,4.90094
EAPP,10.628088,-5.5641794
PLBD1,14.864487,10.061072
CACHD1,16.949512,8.8379135
TMEM254,9.773992,10.3795185
UHMK1,13.772044,13.907382
AGPAT5,-1.9010571,-3.512103
FANCD2,-3.5344281,-2.5207014
VWA5A,16.35123,12.128552
IP6K1,5.5308547,6.731075
TBC1D10C,-5.1020494,4.386856
ZNF711,7.257834,0.86408025
CUTA,11.752634,1.4146006
DDIT3,-3.022916,10.701552
CLEC16A,3.812783,-1.0563035
STARD10,14.098277,0.5385678
INPP5A,10.110737,4.3456836
WHRN,3.9036577,12.670312
PXK,16.178192,11.8612175
DDX6,15.716742,-2.3845959
DCAF15,9.088096,-8.221881
SLC12A6,1.635082,-8.848221
TEK,-5.612353,11.708999
KLHL20,19.877426,8.1951275
MAL,13.289924,1.7573286
RCHY1,15.055044,2.47378
KCTD9,-0.043722775,17.032722
CCND3,-2.522914,5.2905555
SEPT11,15.2523,11.896236
TBC1D16,-3.7657335,13.009374
DOCK11,9.530543,0.27284366
FAM207A,4.773489,-7.4519877
AKIRIN2,5.1551566,1.6999619
NONO,-1.8367639,-2.0344598
SIPA1L3,2.8419209,-5.066329
MTPAP,-2.2006047,-4.1890783
ACOT8,11.136513,0.51920956
SLC9A7,1.0372555,-1.9526877
CHD1L,-0.26825428,8.675077
CMYA5,5.4887834,-1.1534014
SMIM7,11.945608,0.21040721
CDR2L,8.198003,9.845833
DYNC1I1,12.489488,6.174964
VSTM4,15.169906,8.04464
ZNF143,9.098675,-8.551605
ME1,12.458141,6.22863
SH3GLB2,9.558692,-8.844352
CXCL16,8.532272,7.44368
TSPAN18,13.189241,6.6314745
STMN1,-9.545238,5.9512076
SGCB,-2.3574555,6.775917
REL,-1.1541299,-7.8046103
ASB2,5.430709,12.579667
GDI1,-8.665402,8.583246
ATP6V0C,12.03775,1.3535017
BTG3,-1.3744321,-7.4105406
SESN2,-0.50534946,-3.6244667
ARSK,18.431063,1.2393761
COG4,0.5844976,6.515579
ZRANB2,10.914288,-7.041768
VPS13C,19.862007,8.184113
CXCL2,7.1307354,-9.803188
NPEPPS,11.010727,8.949533
MBLAC2,8.125066,9.396267
FAM234B,9.277333,6.6770835
ZNF417,-8.131919,2.0365424
AASDH,8.163281,9.22493
LRRC32,-4.454557,12.744298
TCAF2,5.583348,9.689297
PPP3R1,17.281828,11.590052
ZNF197,-8.1016,2.2947047
RCC1,-0.29914862,8.395223
SUGCT,12.2268915,4.9373584
MTR,10.907532,-7.035345
VCPKMT,1.1566811,7.3228836
ZBTB7A,3.406355,1.4574484
EMD,7.8516526,-4.5351186
TSPAN17,3.7318914,7.8762755
CGREF1,13.255715,6.705334
CACNA1G,1.0782318,-2.0176995
PCDHGA11,0.38787317,-6.538017
EGLN1,0.6422858,1.4224719
RND3,7.2733374,-9.689865
IST1,8.529096,10.419297
XPO7,8.9746475,-8.623735
DNAH1,14.50658,5.5129795
ELMOD3,-5.0991607,-0.42944136
GSDMB,2.778699,3.5768654
TCEANC,8.125149,9.311702
FAT4,16.959772,8.841608
ARID4A,19.925331,8.204758
EGR2,-0.3248513,-8.670362
NUDT19,-0.51098096,17.411537
GSS,9.871216,0.68120974
LINS1,-2.1176763,-4.6036143
IRF6,-1.491692,1.0960994
AGPAT2,2.543701,-6.160599
HTATSF1,10.55238,13.823148
DMGDH,7.4938655,2.774992
C1QTNF6,-5.1176777,8.716725
CHCHD7,12.504338,5.481116
LYPLA1,18.823742,4.652402
CHUK,0.39213318,6.6196055
FRYL,18.467113,0.9045492
LTB4R,-3.7521632,13.068241
AP3S2,9.665116,4.491094
ABHD15,5.7604213,0.7326345
HHIPL1,-5.106938,8.908026
SNX11,4.25315,7.552749
PIGP,8.845287,-1.619339
FUZ,-0.46533346,-0.936807
FBXL22,4.791934,-2.03794
FAM57A,-0.24683583,8.82229
RUVBL1,9.959509,2.0412154
ANKRA2,20.925396,8.873428
HTRA1,14.589835,11.552993
HMG20B,9.66564,-8.969364
CBWD2,6.9660006,-12.17755
AIF1L,-5.3049865,12.876308
RGN,12.360552,5.221802
COMMD9,21.86759,4.8671474
RHPN1,2.4762435,3.653381
RFX7,16.8348,11.701929
MYO1B,22.119677,4.4175653
YOD1,5.116842,1.7360595
EEF2,13.677007,3.1273918
IRGQ,9.781259,-3.4441283
LAMB1,-4.992349,8.372528
ZBTB45,4.481041,-6.674496
CSNK2B,11.92635,1.551797
ZDHHC4,18.767895,-4.3278966
MEF2B,2.8328304,3.6024284
THEMIS2,2.4264588,5.5733185
MCTS1,8.71349,-1.2670655
FAM134B,11.227166,4.89526
ITGA1,14.089145,12.015752
CST3,13.911711,10.12316
FHL3,7.065443,2.5899248
CUL2,17.959415,1.3631777
EPC2,1.7727621,-6.79954
DDX39A,6.9422135,8.684067
SIGLEC1,2.714244,8.557214
MTIF2,10.361943,13.173115
CCDC22,6.630156,-8.058092
HERPUD1,-3.0342903,10.706511
PJA1,15.270942,-5.0290394
TMEM91,-0.6870252,16.331175
NID1,-2.5761836,4.8313713
ANO1,14.227786,11.829545
CCDC7,2.8264813,-7.436051
DCAF7,20.87688,8.15493
RING1,-2.5076172,6.9458675
TBXA2R,-5.034636,12.530219
ST8SIA1,15.696654,8.982517
KRT13,11.937551,-4.2014112
FRZB,14.706925,10.1872
MNDA,4.142476,5.1127257
MED8,-0.122504465,8.962672
HMGB2,6.4065247,6.3920608
SAFB2,15.626899,12.917157
HSPA1B,8.873845,-7.752772
WDTC1,11.311493,5.3994875
TMEM261,9.999059,1.864637
TAF10,4.8609166,-7.400886
MBNL2,17.463655,11.66045
HIF1A,5.029427,10.145558
TTLL4,-1.8046519,13.935472
ZRANB1,-0.056889966,17.07114
CHD6,8.312988,8.899421
FAM3C,18.817856,4.66164
SMIM13,19.261995,5.636829
TWIST1,7.592283,-10.047029
NEK4,13.728951,13.944232
PLA2G6,-0.13888858,8.247515
LY6E,-3.8123436,-3.3438213
SIDT2,-3.076682,-0.8079949
ZNF137P,-7.1955256,-3.65282
PLXNA2,8.216818,9.851122
URAHP,4.558139,2.617711
LHPP,1.0852464,-2.5213435
NPY1R,3.2881777,6.3039336
TMEM106C,4.799574,-1.6730306
RCL1,-1.9917881,-3.7712538
PYGB,8.28078,-4.6152644
ZNF222,3.4634252,3.433357
INO80E,0.5666622,6.5413747
EPOR,9.765874,13.0632715
PPP1R37,10.280037,-2.7989674
EBF3,14.116517,8.704199
SBSPON,8.851155,14.922363
TELO2,9.375794,-8.529038
SUSD1,16.265244,9.473459
PTDSS1,12.289356,6.4164853
GLRX5,8.759046,-1.1763234
STAT2,1.570358,3.1104724
DTYMK,-0.019164555,17.034967
EFHD1,13.398011,8.504359
MPPE1,-1.0166996,-0.6320064
HOMER3,-0.26269636,-3.9376082
ATP7A,19.934048,8.2125435
ADAM10,18.680855,5.6139197
EIF1AY,10.896909,12.55421
ANP32B,-1.8374217,-2.0413086
FNDC3A,18.745255,3.483894
VCL,10.787345,12.731474
IDH3A,13.9035015,2.8186958
BMPER,16.503447,12.338114
PXDNL,1.09043,-2.497495
ZZZ3,13.701514,13.916942
SPECC1L,-2.01565,0.34514743
ITPA,3.1550884,-0.57730776
CORO1C,5.3639383,1.7447797
THBD,-0.10519674,10.001353
BLOC1S3,5.543509,6.7236304
WDR47,1.7599182,-6.8212366
TMEM265,4.3740926,7.4556165
OSBPL3,4.7505574,9.610428
CUEDC1,6.1862903,-8.459866
TENM1,3.0814104,8.864653
MRPL36,9.885973,2.1128857
PMS1,7.508157,4.8467846
COG2,7.8885064,1.3657073
MMGT1,8.983364,-8.455818
RPL29,2.8030236,9.323114
CD300E,4.1619368,5.059562
TTC1,8.864908,0.52798486
NCF4,2.31263,5.727847
MAGI3,15.4705925,12.270965
SRI,15.365529,12.105783
PROSER3,-2.9634526,8.036353
SEMA6A,-5.7270393,13.381606
HEXB,17.684872,5.3252034
STX8,-4.1137586,-1.215555
PISD,3.8158405,1.8112656
MARCH7,18.683426,2.2216632
NIPA2,18.747662,3.5108755
SCAF4,1.376853,7.171136
CST7,3.0917242,4.833532
ELL,6.901242,8.453218
HAT1,7.142207,-5.6186714
CASZ1,5.392817,-1.2208416
MSRA,10.051161,-1.4513931
HSF1,10.836582,0.46748683
BET1,7.697687,5.322653
AHR,17.02637,5.4349556
HS3ST2,-2.2804646,4.463358
ATN1,7.766545,13.335646
GPANK1,4.0355,-2.836902
NIN,7.1888733,0.80619776
ZNF420,-7.039438,-3.498914
OGDHL,1.0615315,-2.5266798
EGLN2,-2.464465,7.074869
WDFY2,14.783091,14.388039
SLC39A3,4.8457594,-8.356451
ACAD10,2.7788332,14.204382
NAT8L,4.1879263,12.430278
CHD3,9.787714,13.0760975
C7,8.6465435,7.2103553
TAF9B,18.712389,2.2426803
IRS2,-1.6493163,-7.3712916
ACADS,20.543528,1.5855136
DEDD2,8.901356,-7.7767787
UHRF1BP1L,0.58661026,0.44633818
PDK4,-1.6811806,-7.364337
FAM193A,3.3771045,8.565662
TRIM8,-5.013277,9.308902
MYOF,-0.74015665,16.43241
LEMD2,4.592831,2.658679
FAHD2A,11.274588,-0.42901263
CSF1,9.403256,6.659304
ZKSCAN5,8.172462,9.216187
ORMDL2,-0.14143065,8.1261215
COPRS,5.331905,-9.330515
PCDHGA12,-6.1118355,8.659122
HAPLN3,13.09033,-7.930792
NORAD,17.701765,2.0420523
KRT18,8.804774,14.875761
ATPIF1,10.120296,0.8611633
ZBTB44,13.124473,13.521296
CTNNA1,0.19656633,1.2079091
PRRX2,-1.8290471,13.921061
MT1E,6.772222,8.469695
CUBN,16.02508,9.247295
PDE3A,9.675406,4.5126767
PPP1CA,6.796227,-7.8829427
ABI3,-4.6244287,12.694635
TRANK1,-5.7327714,-0.46934527
CHCHD4,13.820292,2.8755195
PLXNA1,0.9531345,9.005356
UCK1,10.986352,1.1195194
MANBA,2.7069087,-7.0974045
SYTL2,14.224072,11.826298
BCL2L1,-2.518835,5.2933846
TFEB,12.3313265,-0.79163516
EIF5B,12.662846,-2.289937
LIN54,18.749712,1.0356791
SYT17,16.288448,9.443163
SLC16A1,5.0847793,12.971115
ZMYM6,7.5916414,4.736231
PDGFRB,7.893386,-3.5151865
ATXN2L,3.4089713,1.4679403
KHSRP,7.7662287,13.335311
AFAP1L2,16.65953,8.90444
SHISA9,13.239031,1.7039154
APC2,13.034197,1.3827256
SMIM4,10.475115,0.8348031
NAF1,-1.8775606,-7.1207066
ADGRG2,7.7829013,17.663116
ATP10D,-5.5224447,9.362435
ZNF653,4.6463923,-10.624206
EIF3L,2.2707365,9.729884
BIRC2,18.977169,5.6739373
NR2C2AP,3.155762,-0.5784785
CHST6,-4.8619723,9.410652
ZNF131,6.1874447,0.54510593
THBS4,-9.546201,5.951784
COX7A1,10.03103,0.8432769
LIN7C,5.772367,9.388768
POPDC2,5.228019,12.39059
FOXRED1,8.781752,-5.105209
XPA,-6.2952466,-6.4596763
MYH7B,5.4508753,12.604589
CHMP4B,6.778237,-5.579823
ANGPT1,15.163718,7.9265943
YPEL4,10.540583,-5.366879
BBS2,-0.33914128,8.4497
DHX38,3.1881263,1.3849062
SAR1B,18.824966,4.653393
DNAL4,-1.9660678,-1.2091212
PLCD3,1.5764723,-2.72436
PLEKHM1,8.585296,10.453305
GOPC,17.335598,2.1012883
FAM120C,8.945726,11.044914
ADAMTS12,-9.546058,5.951805
PCDHB13,5.559028,12.732262
LILRB1,2.2099152,5.731417
SPEG,9.412247,-3.84894
TTC9C,4.2742014,7.5384555
DPY19L3,17.23011,5.7457786
ARMC9,-0.90152556,16.136028
FAM65B,4.352868,5.1411414
TTC28,16.951077,8.843154
ARMC8,0.5970331,6.751229
FRMD3,4.8316884,-1.9990433
SIK3,-2.8840942,-8.5214
LCMT2,3.537817,3.3586662
EXOC1,15.16642,14.602081
GPBP1L1,13.10641,13.506853
ABHD14B,6.671148,-5.6953487
NECAB3,11.676764,-0.5211802
PERP,10.058636,4.3350606
SCN2B,-2.4001184,7.18244
PPP1R7,9.889405,2.0783536
WRN,0.5061264,6.65344
CCDC74A,14.516244,9.613696
COMMD4,13.057197,-4.9410534
IKZF5,14.197925,14.040054
CCDC163,1.1346864,-1.7036006
SETX,13.683281,13.9089155
DPM1,7.7160583,-4.7219296
SETMAR,3.0743673,8.873042
ZEB1,15.503772,12.336873
SF3B4,3.4474387,0.10132756
KL,-5.5290017,11.694474
MRM3,11.122397,3.7717013
EIF4G3,18.048918,4.051908
TVP23B,-0.048675746,10.732913
ALDH1A3,0.299512,11.192456
ABHD13,17.282064,5.720008
CMSS1,-4.042951,3.6921837
ZNF14,-7.1067176,-3.5652187
TESK2,-2.1577547,-0.008367333
POR,6.9885273,8.721873
LSM14B,-1.631581,0.89630294
SCRG1,-5.3061857,9.219018
TMEM120A,8.784549,-5.109014
CAV3,11.227723,4.897025
MANEA,17.523483,5.185396
SALL1,8.759654,17.803188
FNDC4,5.306582,9.946407
MFSD2A,6.5932918,3.7314692
MBP,13.025185,1.3931874
PDZD8,18.657269,5.562188
GPX8,-1.6641599,2.5631657
P2RY1,15.312124,-4.918917
TOMM6,10.524884,0.21995829
P2RX7,-3.3998258,-2.7171676
RNF38,19.916218,8.192365
DPY19L1,15.468315,12.264555
VAC14,6.2076044,-8.442272
NUMBL,16.180187,-1.0927275
RPS6KA6,17.544003,2.0585485
EVC2,8.645913,7.208363
SNU13,9.931132,2.0034978
TFEC,2.4776452,6.4958134
BAG1,9.761139,2.3855402
INIP,-0.89133495,16.724781
BCL6,-2.075362,4.4574165
BECN1,14.344674,2.809593
FIP1L1,18.650785,4.0140414
TRA2B,-1.1428025,-7.8159513
QSOX2,4.278498,-0.31959704
VPS9D1,12.03093,-0.9273818
CD38,-2.564295,5.149005
ARHGEF10L,10.27932,-2.7996328
COX10,10.399534,4.542142
ZC3H12C,13.158559,14.648019
PPP1R12A,17.71277,2.0351324
SYNJ2,4.971727,14.058596
OTUD5,-3.7525518,13.05563
NKD1,17.01008,8.832135
ZADH2,7.9162674,1.3991786
NEK9,-1.5401285,1.0471336
TMEM87B,5.7474,9.445281
HMCN1,14.303679,8.970578
DSEL,15.288326,11.9212675
DGKI,-8.952959,-0.028050888
ITGA3,4.5840864,14.137878
RHOBTB1,15.17186,7.9171867
ANKHD1,20.869411,8.163594
SHE,-5.467911,11.956747
MAMLD1,20.602089,-0.98148984
PIGM,6.9401984,5.346937
MGST2,9.699107,4.476259
TMX4,-3.133739,7.9219427
SRCIN1,10.313721,6.005708
PDPK1,-0.3763015,16.990845
DYSF,5.560654,12.752125
KLF3,15.484024,12.591229
SLC7A11,7.287104,0.89308196
PHGDH,10.155077,6.1263633
IMPA2,5.7494707,11.864331
MKL1,3.840414,1.8443387
ROCK1,18.31372,1.6372076
HNRNPD,-1.8358296,-1.5193591
HEATR5A,15.610564,12.895598
CACNB1,-0.68826103,16.36783
ATP2B1,22.072649,4.4531302
ZNF33A,-2.231203,13.442676
WASF1,8.600536,7.2703543
ZNF45,6.91881,5.4447355
RNF112,-1.7361579,3.1485918
CRAT,9.717176,-3.4834313
SMARCD3,1.6125932,-2.6985066
HEXA,14.037,10.047931
CXCL3,7.116543,-9.795401
ALMS1,1.8179296,-6.6814227
DCTD,-2.2783425,10.777516
ZNF696,5.8415933,6.4644327
CES2,5.2704077,-8.433528
STAG3,-4.9031215,-0.42585632
SNRPB2,7.149139,-5.6238136
TTBK2,-1.5404036,1.0376917
SDHAF3,10.30163,13.808104
PPM1H,15.174698,7.8473105
ID2,7.5615635,-10.020179
COL21A1,15.066043,-1.5787299
RAB33A,8.432308,10.079762
GALNT16,1.6014879,-2.6835659
ZDHHC11,-1.689231,0.76232016
BSCL2,1.3981119,-6.119238
INHA,0.8818605,-2.8009791
UBE2Q2,18.793879,2.5599434
GMPS,-1.8422571,-1.5133562
BRK1,-4.113507,-1.2142531
MYBL1,5.021106,12.681878
RCOR3,8.352132,8.928666
IER3,7.1514096,-9.778793
SCNN1D,-5.7531834,6.4005127
PPM1L,11.087031,6.037435
PREP,4.6324787,-7.050863
BAZ2A,21.929186,4.169958
DMTN,12.9960785,4.646724
ATP1A3,10.92968,4.1526184
LGALS8,5.0578084,12.946373
PAPPA,5.62601,9.559725
NUMB,16.943483,5.4335284
LIX1L,14.254142,11.875983
FLJ37453,21.763222,4.7585354
TLR6,2.1913133,5.3473744
CA12,8.482612,7.5938396
PTCD3,10.471233,13.610721
DIRAS1,10.33535,-2.4056807
H1FX,6.676267,0.45686078
RNF111,19.882147,3.218829
NEK6,6.73189,9.944485
ZNF138,8.919821,11.096135
GNG11,-5.521771,11.887421
SH2B3,-3.3993726,4.08278
MPG,-0.21576588,9.278072
CSK,12.874369,-6.207957
TTL,4.101964,-0.28706667
MTFR1,18.86493,2.8188272
HMGCL,13.061593,-4.907049
UBXN10,15.810296,-0.957265
NUDT16,15.615576,-0.947951
RNF14,8.220832,-2.5134385
ALCAM,1.1554642,-1.5982419
CAST,13.105475,-2.9460108
MAPK1,18.834564,2.6792364
NEK1,1.6670468,-8.680919
FAM96A,10.366009,13.173828
FBXL2,14.451356,9.328441
YES1,-4.897579,1.1332062
ZNF525,-2.4617639,-4.753167
TPSB2,1.8540283,-6.873939
BCR,7.765093,13.334926
MAP7D1,13.045372,4.609937
NARF,10.347138,-2.7531428
RNF19A,-4.7891355,1.4322885
MC1R,-3.7710948,13.084002
SLC30A5,18.889603,2.7984114
KLHL2,17.632706,5.8328753
AKT1,2.8085613,-5.547733
WDR27,8.020619,-3.1698937
KLHL8,19.504368,3.2060926
DDX19A,3.8576121,-1.0888484
NXPE3,-3.1277583,7.9203577
PCDHGA4,0.3969153,-6.537852
KRT1,8.716034,14.728522
TNPO2,3.2002656,1.3962032
DDX1,8.240029,-2.4916136
ZNF74,17.74209,-1.0824759
PTGES3L,5.4263906,12.21526
BCAS3,-0.27076492,8.799025
PINX1,-1.9755952,-3.6598985
FBXO48,16.412476,-7.7339225
MINDY2,-2.1778655,6.902758
FAM69A,15.290683,11.9276
EFHD2,-1.9259531,13.715082
SAT1,6.6328163,8.631888
GALNT11,15.042009,8.814087
DDX24,12.91838,6.364312
PRPF18,18.603235,2.0805783
REC8,8.794944,14.860767
GPX3,13.8074255,8.533363
BVES,5.4731455,-1.1676711
EML1,-1.7337389,3.149481
RBM47,2.2992868,5.6588125
TSN,15.59874,2.718494
UBE2G1,12.686979,-2.618549
LRRC17,15.174826,8.446059
PKDCC,1.6279314,3.1068733
PPID,9.045664,-8.272091
ZNF493,-5.47036,6.560244
WDR60,5.2345767,-8.444684
PDGFD,8.525202,17.70515
RHBDF1,-2.2434602,14.460923
RASL10B,-1.561496,1.0280495
DCLK2,4.4824967,-1.826692
LAIR1,2.1857915,5.7664757
HERC6,-3.7396305,-3.2921138
CABIN1,-1.8507144,-1.3347336
PET100,9.254007,0.0946243
PPP4R2,0.0656178,6.71429
PLEKHA5,-2.9575355,7.90321
GNB3,5.9501567,12.904948
CEBPG,-0.49749345,-3.6699953
ZNF181,6.85357,0.23673432
SLC15A4,-3.4154246,4.0396523
SH3BP5L,5.5761847,6.72358
SAMSN1,3.428187,5.227457
SMIM20,8.840389,-1.6210998
MRPL44,10.530549,4.571461
SLC12A4,4.877993,14.08364
ADORA2A,-0.2563285,-3.943882
ATRAID,12.065859,4.628395
DUS4L,9.806293,13.415283
RWDD2B,-2.1493077,7.3694043
ATXN7L1,4.6068053,-7.2662015
HTT,4.7930207,6.618534
CSTF2,3.6374254,3.2533278
DTD1,11.91305,0.22235842
SSH3,6.552739,-5.8313622
CREB3L2,-1.454047,14.322519
CPSF7,-2.0957606,-4.6486363
CLTCL1,8.322562,-4.645424
CDK5,17.556395,-1.2910963
PRRG1,19.580948,7.3817825
HOOK2,7.4053946,1.3052428
CHRDL1,8.418453,17.655699
CDKN2AIP,4.881641,10.534818
DMD,15.316406,-1.5616122
TRAF5,14.236458,11.8226
RAD23A,14.232094,2.8673866
ZNF302,5.6940656,-2.3636756
FBLIM1,13.259017,4.6308823
ATP8B2,8.882247,-0.9644401
AARSD1,10.086428,1.7679913
LAMA5,4.628099,2.6933794
EXOC6B,15.218391,-1.558995
MEX3D,-5.19792,9.148976
SCN9A,10.737803,5.701534
RAPGEF2,-4.9056892,1.5411508
ARL2,11.377418,1.5746173
FAM20B,19.25113,5.6257205
KLF9,20.433088,8.371881
HSD11B1L,2.9713008,14.520221
CHCHD1,11.089159,0.8292654
EWSR1,4.9031982,-10.1908245
FOPNL,17.307636,2.1216595
RBL2,8.520874,17.703064
PCED1B,-2.626802,-2.212841
ZNF528,9.756296,10.392897
CBARP,7.3054376,-9.695037
SNX8,5.5719075,12.740081
SFSWAP,-2.506021,6.9621882
ZNF254,-8.140072,2.0555525
SNX19,18.028334,4.0320797
ELOA,2.8490057,18.823267
SPHK2,-2.4434013,0.18268807
NXPH3,15.167011,8.403258
ANKRD12,19.579874,7.383991
MTHFD1L,6.975679,8.736689
TSPAN12,13.9829235,-3.2367826
TIMM8A,8.294001,-2.4981956
PTK2,16.413895,5.470805
MAP3K1,16.456738,12.283453
KIF21B,3.1264827,4.9632783
HEPH,13.154305,6.5972023
SDCBP,5.3759465,1.4729916
AMMECR1L,17.749626,5.873289
BRF1,9.651653,-8.955887
LACC1,13.252423,-3.0789464
ATXN3,-4.8894897,-0.42616564
IDE,15.609971,-2.4895787
PPAN,3.9580824,-1.1353052
CAPN1,4.963559,3.076419
GREB1,4.9314985,-2.6446042
PDE1A,16.62415,8.94133
GRASP,-1.5773278,-7.374574
MRPL30,10.343406,4.5605445
TNFRSF11B,6.7550945,9.956305
MED4,12.062614,-2.9302816
TKTL1,0.9766775,-2.6605701
RNF144B,-8.953132,-0.028137723
CTSD,5.6577754,11.939094
UBXN6,6.607602,-8.080389
JAGN1,3.391906,0.19676274
DYNLRB1,10.516235,0.21830513
POLR2M,5.5000944,1.2440103
SMAD9,16.354738,9.370018
ZNF223,-7.3686814,-3.8170352
SEPT8,2.0521636,3.3487911
FGF14,13.923647,8.605637
HNRNPH3,6.183389,0.5687172
FAM171A1,16.296204,9.459806
RBM11,-1.6072978,-7.822206
SIRPA,5.95917,9.854525
ISG20,7.3938766,-9.89001
SCMH1,2.8947515,-5.2827196
DPT,-5.3298264,9.238297
RNF217,4.9291453,9.186084
EMG1,2.5040798,-6.7436166
LSM1,9.775042,-1.2021335
AP1S1,0.2661622,9.378569
TMEM138,1.9742676,5.3019214
PCK2,1.1038947,13.770654
SH2D4A,16.303522,9.474758
NUPR1,7.1335196,1.953694
SHROOM2,-0.45642903,8.31732
ZNF317,7.711355,13.287336
TGIF2,1.064145,13.724993
FUCA1,1.2809598,-6.5329685
ASB8,12.436487,4.750791
YPEL2,10.538936,-5.3958035
IQSEC2,14.59916,2.7301018
EXOC8,-7.973076,2.4323845
RAPGEF3,-5.5947547,13.231316
PPCS,-2.0725574,7.3995385
TCEAL7,15.125776,8.491098
IFT43,8.62089,0.71581066
TIMM22,-5.9908667,3.1999378
AOAH,3.1220837,4.940226
TRAF6,-3.7351825,3.832754
OXER1,14.459814,9.338368
SEC11A,2.3398507,9.660915
FZR1,4.9939904,3.110861
LGALS3BP,1.1044413,-2.5654764
PPA1,0.28870296,7.8028483
WIZ,3.455749,1.5629246
MRPL17,12.05252,1.3399855
KCTD21,5.6020403,6.6900477
GABRB3,7.2708254,0.8648728
MVB12A,1.527245,3.111851
SMAD3,6.8533616,3.11249
LLGL1,-1.5361819,3.0187945
DNAJC11,10.95679,4.0787153
CALCOCO1,4.380369,-1.780161
NAA40,8.572347,-4.5682583
THOC2,13.1529045,14.621118
HDDC3,2.8674335,14.360907
GNAI2,-1.598728,14.302575
YWHAQ,18.531487,5.783328
ITGA7,5.4099393,-1.2023695
KRT2,8.753032,14.768265
PCDH18,18.901861,0.8391654
PHKG2,4.5872927,2.652611
HSPA4L,9.042428,-8.277885
APPL2,1.5448887,-8.959563
DAAM2,-5.6875796,13.337537
ATP1B1,13.900011,2.8161736
GATB,8.339953,-4.6164722
NOD2,3.3846834,5.193241
LUC7L,12.604547,5.8915095
PI4K2B,17.613321,5.7968855
RPL26L1,4.730802,-7.3751597
PNMT,8.742468,-4.4288945
ZNF680,18.599543,1.025043
ASB11,11.226806,4.895848
LONRF1,-1.6716027,-7.376081
POLB,12.085965,4.6374855
TMEM134,10.4749365,0.83700895
SNPH,-5.726486,6.415135
ECHDC2,14.809253,8.334214
MYADM,0.79278517,0.17466117
DHRS4,11.450832,0.8871285
RALYL,8.882886,-0.98092276
ST3GAL1,-0.020756327,1.4725286
KRI1,3.1537826,1.3696549
SHF,1.0644032,13.725313
TRMU,15.500255,12.563648
CYP4V2,5.34294,9.926761
ESYT1,1.9056199,3.1363494
YTHDC2,10.904524,-7.0345216
S100A6,-1.7732605,14.126959
AP2M1,9.775321,2.358001
ADGRA3,7.4495697,1.3164817
BCAM,-1.421092,2.947027
CARD16,15.429052,8.278946
SAMD1,3.0038006,14.588728
HMBS,3.7257133,7.8746533
TRAC,0.8875577,-2.7978597
CMAS,0.66200507,1.4124386
PALB2,-8.027322,2.36961
SLC1A4,-5.1265807,8.688118
NUDT14,12.30302,-0.7918712
PAM16,5.0737934,-8.718284
TMEM106A,2.7813723,8.413945
ATAD2,20.929325,8.878519
FGFR4,17.92215,-2.5955796
MRPL37,9.755325,-3.4462974
UBIAD1,3.8199952,-1.0406913
P2RX4,-6.6311793,4.690803
SPR,9.219287,0.19876577
RGS7BP,7.5009117,2.774213
KAT7,9.733077,10.759948
ACVR2A,-7.8549867,2.5632265
RDX,18.41541,1.7437035
SLC25A18,5.750562,11.85682
ECE1,7.1693993,2.3676088
DDX27,6.9801993,2.6641161
IFT80,4.630847,-7.2805357
SESN1,7.909265,1.3601627
PTPN14,19.877922,8.195488
GLCCI1,8.347193,8.916757
HIST2H2BE,9.013594,-4.3073273
PDE2A,-3.2462566,4.2233806
CCDC25,15.366387,2.5772042
PABPC1L,9.782074,13.067701
NMB,-0.88047993,14.49644
SLC25A1,-0.8764265,14.49756
TXLNGY,11.040948,12.402791
GRPEL1,2.6926494,-7.075866
NSMCE3,3.1746645,3.3628063
EMC10,-8.9535675,-0.02908792
HECTD4,-2.4156446,0.16292344
FGF1,4.8384223,-2.013785
RAB5B,18.767887,-4.3277197
GPATCH1,-2.5007002,0.23355465
NEDD4,16.814585,5.510712
SOX17,-5.5323887,11.918029
CR1,2.1981525,5.7390175
PRMT5,-2.0583367,-1.7868179
HBD,6.743872,-0.06171916
SPPL2A,0.7801868,0.43222588
HS2ST1,18.553928,5.907435
B3GNT9,-1.6765782,2.5713692
PARG,17.927584,1.3362131
SOS2,15.6433115,-2.4870453
BGLAP,3.0318954,14.62181
JAM3,-1.4124055,-7.0710526
IFI44,-3.6982107,-3.2429156
SLTM,-0.51170576,16.952002
PECR,15.317919,8.6999
SESN3,14.526898,9.730532
ZNF608,7.69637,1.2015209
CIT,15.161639,8.4480715
LYSMD3,18.819624,4.687501
DIO3OS,-3.0593488,4.9943056
KCNK15,1.5270127,5.302883
PLEKHO2,-3.5981345,13.024291
PTPRK,1.7337753,-8.5423565
SFXN5,4.169405,7.7294164
ZNF329,3.1978388,8.939205
E2F3,1.1228846,7.28843
PTRH1,4.730779,-7.657101
CCNYL1,10.961325,1.133158
IL17RB,12.353416,-10.142662
METTL7B,13.244082,6.6899657
SCN1B,13.255084,6.7052126
VAV2,-2.2424743,14.465352
ACTR1A,4.6055365,-7.752154
WDR19,16.217892,8.783278
ACACA,-0.87904084,14.497097
EPHB2,16.3566,9.532392
IGHA1,3.0526018,4.6783757
ZNF200,3.4669328,3.4213142
H2AFJ,7.257132,2.1253927
MLLT10,0.62574065,11.676049
PIGW,-2.1908555,-4.0999336
PPP1R3C,4.241261,-1.3916335
ZNF770,20.888771,8.134
SATB2,14.286056,-4.633204
NOM1,-2.3020027,-4.59459
KIAA1524,10.032007,10.443746
METTL5,12.07516,4.6356397
CCDC57,14.516655,5.511703
SCAF11,17.990902,1.3832101
GMFG,2.2639813,5.3844314
PLK3,7.3105917,-9.694367
NRXN3,13.253378,1.7123921
CYP2U1,-1.9933096,0.36925802
ERCC6L2,17.94166,1.3618673
RAB3A,4.917661,-2.776861
BMF,-2.0661297,-3.7770452
MON2,19.85497,8.178465
TOPORS,18.949898,0.8245672
IL3RA,-5.98137,11.638685
MARCO,2.605596,8.130371
MICALL2,-3.7208123,13.041879
AMFR,-4.1693764,3.549009
UBN1,3.3215685,8.631634
EYA2,-2.967496,4.8216953
MYO18A,9.412052,-3.850624
TSPAN4,14.677157,2.6698217
PIGG,9.891424,12.973729
IFT57,17.261484,5.721748
AP1G1,0.055126302,10.329827
DROSHA,1.7004024,-8.707562
YTHDF3,-0.23420298,16.98454
ZNF514,-5.7429233,-0.4784339
LPCAT1,6.344075,4.0159783
DDX46,0.5158115,6.6507955
SH3RF2,12.643018,4.7117767
RARS,-0.74288553,-3.2254248
FAM134A,7.67457,5.2861342
MUC3A,13.472754,8.315635
SPATA5,16.41901,11.882486
PAQR9,11.610903,-0.65518755
RASSF3,15.653789,-2.3020535
YARS2,-0.5122712,17.420122
NAV3,16.49108,9.166759
NFIC,8.246979,10.55928
AK3,20.54346,1.5882158
ZNHIT3,9.587299,10.90431
NREP,-2.9775271,4.453264
LSM12,-2.2764707,-1.1226339
APOBEC2,11.610826,-0.6558889
HEATR6,-2.007876,0.35560745
TOLLIP,12.332957,-0.79191417
TAF6L,6.257856,0.5397454
BANF1,9.205595,0.20334472
LPIN3,-2.035899,-1.8270948
CLDN5,-5.4978423,11.929004
SRSF1,2.6941319,14.065223
COL4A4,14.966446,11.823284
DNAJA4,8.803525,-7.672383
F11R,6.373956,10.140076
VMA21,0.58834684,6.72273
SCFD1,17.962566,4.453954
GSDMD,15.565073,-2.5210474
BRAP,-0.62012243,16.994225
RNF113A,12.073755,1.3416615
ZNF83,-3.0789154,-0.8131498
COPZ1,-0.6967601,-3.126174
DENND4B,3.1996338,-5.330883
TRNT1,0.32954073,7.754822
SMARCA5,-0.28384766,16.952291
ST6GALNAC5,10.403039,5.931678
FAIM2,16.290543,9.451011
ZNF384,7.7495303,-3.8926075
METRN,22.58567,-0.7271177
CAMK1,9.8027,13.4189415
H2AFV,13.256517,-3.083424
TMEM187,0.88520586,-0.011064169
SYT12,-2.2984898,10.782069
MB21D1,17.177261,5.4085164
LARGE1,5.2370677,12.411106
RCBTB1,7.156189,2.4786665
RIDA,13.976132,2.7070963
RAB34,7.257284,2.128956
WDR91,13.838317,2.848037
PTGER4,20.602255,-0.98177373
ZNF365,15.256923,8.33002
SEMA4G,-2.163494,-0.0036773072
P3H4,0.40908322,9.156906
ASF1A,6.7250123,-0.028248468
NBPF9,-3.6647274,13.037821
RPS6KC1,15.61002,12.900147
ALS2CL,12.874498,-6.2068195
TPMT,12.493347,6.209378
NAGK,-5.742356,-0.47548696
GUK1,-0.049313013,-8.611206
GBGT1,1.4075155,8.920335
CCDC117,17.548748,5.1587305
MRO,1.0636833,-2.5523562
TVP23A,10.771932,5.7094183
TTC39A,5.4561515,-1.1826221
MSX1,-5.4698367,11.960596
MKKS,8.844384,-1.1816447
METTL26,11.431411,1.5159869
GNRH1,5.463639,6.9486732
ADD1,15.642143,8.822752
SLC35B3,0.19515832,6.143682
EEA1,-4.7749753,1.4379877
POLR2I,11.440517,1.0157877
NDUFV3,9.498447,0.29914594
RCN2,-2.3987925,6.754255
FAM135A,17.953503,1.3601048
MFAP3L,16.651834,8.90258
SUOX,-2.0278735,7.381628
LAG3,8.588256,7.300386
TRAPPC1,5.3971767,-9.267109
GOLGA3,0.39147547,9.156474
TUBA3E,8.754047,-4.4228864
ZNF574,3.1450045,8.897796
SIPA1L2,12.2023115,6.3696566
RCOR1,19.606441,3.1586254
SMG1,0.08744396,6.703399
RCC2,-3.6402812,13.049504
VRK1,10.526175,13.423113
SAMD12,7.637774,1.1744106
TRIM62,4.449995,7.565378
MRPL40,10.4742985,0.83089316
DTWD1,-7.0603046,-3.51991
HEIH,7.131003,1.9527956
ACOT2,10.412871,4.5468984
ZNF428,22.58605,-0.72380704
RBM26,-7.83265,2.5842376
TTC9,-0.88495123,16.169458
RASA3,6.7330375,9.949229
LAPTM4B,13.176724,-3.0063279
ANXA11,9.752239,-3.4319634
SPAG4,-3.4156728,4.069383
SMARCC2,1.5638556,-8.944342
DNASE1L3,7.3028355,17.584116
DHRS7B,0.021833807,9.152883
FILIP1L,15.504251,12.322038
SIAH1,19.066006,6.9399166
ZBTB25,5.4902887,1.3513004
PNPT1,-2.1114345,-3.8994787
FAM49B,-4.024375,3.6762848
PSMF1,9.763493,-1.1924747
TNNT1,5.8730454,12.841197
NSMCE1,2.2419665,9.740601
FBXO5,17.607496,5.8249936
NDUFS4,10.090417,-1.48394
VEZF1,8.943059,-8.625014
GBA2,11.943633,7.831999
SLCO2A1,6.3357215,10.129041
FGD6,7.6931124,1.1925474
KLRK1,-5.436771,-5.6762733
PI15,5.2733502,9.6080675
ZNF292,4.9516587,9.163003
KLHL23,-1.8027259,13.889787
PRRT1,-1.4229121,2.9475288
SGSM2,15.606968,12.901521
FAM219B,1.6462314,-2.7209558
C5,6.4751635,-5.4941545
DCTN1,2.873898,-5.41349
NDN,1.7942504,-2.5820823
NGRN,13.8044195,2.9530282
GATSL2,-1.4966378,1.1063082
CBL,19.085102,6.975344
SYPL1,18.431564,1.7770263
MPC2,10.260865,4.564985
FLVCR2,-2.5449648,4.5450435
NHSL2,1.9055632,3.1565611
ZDHHC15,15.263246,8.440209
TCOF1,3.4457698,0.055786856
DERA,-1.530568,15.179776
ZNF184,0.91573197,-6.1890016
ATG3,-0.70026344,-3.141563
RXRG,15.17995,8.473506
TMEM206,9.430457,6.6824584
ZC3H4,6.3528323,5.921377
LRRC4C,15.739661,9.301634
TPR,20.735819,8.326732
PPP5C,9.766271,-3.4419477
SBNO1,-4.150574,3.5684857
TMEM260,1.2961429,-6.2338614
CLPTM1L,-0.13027349,8.1003895
MELTF,-5.1215563,8.989999
TAF1B,17.632582,5.834951
MAP3K8,6.9994674,-9.759743
TRIM66,1.490604,3.0613241
NDUFA3,10.119976,0.45305225
CD209,2.627835,8.1602335
TMEM71,15.084804,-1.5743783
ZNF480,-2.3785372,-10.286471
TNFRSF1B,3.0858126,5.2191367
SYNE2,-0.11940743,9.172676
JMJD7,11.866678,-4.148119
RHBDF2,3.8831022,5.146524
TGM2,13.769284,8.497387
GPSM1,10.279705,-2.7992387
BRD1,3.1458306,1.3509411
PDCD1,5.5473113,12.605189
SLC25A37,6.872412,3.0177963
KDM3B,1.5363493,-8.976107
NRARP,15.093434,8.190872
SELENOK,8.942011,0.48207644
TLR1,2.188231,5.3365474
PPP1R14A,-5.3053184,12.878372
UBE2E3,-2.3758304,6.7763486
NDUFAF7,15.608768,8.839477
GALE,2.6364133,-6.3099008
FDX2,6.738874,-7.943959
CWC25,8.873474,11.141992
ELN,-5.0959587,8.746406
USF1,18.676315,2.2537508
PRDM6,16.960337,8.838065
RAB4A,5.0628796,12.720009
C1GALT1,5.989474,9.900244
ZNF775,14.352621,0.56216323
PDE4C,13.460946,8.313954
SLC25A23,5.477344,-1.1654261
TMEM230,5.5432153,-2.4842787
APLN,-0.7272001,16.415676
NAV2,17.915085,-2.5889256
LBH,0.28380996,-10.339682
SON,17.934086,1.3478018
ACVR2B,9.597697,10.894788
CDC42BPB,5.138161,14.253707
ALDH3A2,15.175292,7.871661
BIRC6,20.641254,8.416782
SPICE1,16.138798,11.861772
UHRF2,20.428175,8.378941
HARS2,6.7155085,-0.034579046
POGK,17.73939,5.86975
CPT1A,5.756989,11.858868
TNFAIP8L1,-4.9426193,12.985966
SPATA2L,7.309912,-9.691805
PNN,4.9085054,-10.185993
RBM45,6.36514,5.91487
TUBB2A,-0.25721192,8.635911
PFDN4,11.951717,-2.9920409
SEM1,9.24393,0.09980092
MFSD11,5.3976207,9.89552
SF3B6,7.82639,-4.5896087
GFAP,13.019077,1.385601
TYMP,6.37417,3.9870675
CENPN,4.979668,14.026435
RPL36AL,5.520348,-11.158149
BLOC1S1,18.568314,5.9290447
APOL6,-3.9063153,-3.4812841
GPKOW,7.362727,-5.639464
ZNF484,-2.4952626,-4.7917905
PPM1B,13.967238,-3.2260218
BIN1,9.780666,13.452437
EMSY,19.884806,3.2213693
ZDHHC16,5.0172715,-9.979916
JADE3,20.71329,8.553995
H2AFX,3.5580602,1.61529
ERCC6,10.523148,-5.3863325
SNX14,4.879361,10.538133
EXTL3,11.270963,5.46274
F2RL3,-1.5738789,-7.3779063
H19,-5.668423,11.176692
SORBS3,4.818796,7.2064953
ATG4A,8.292681,-2.4845498
PGAM5,3.5745654,-1.2430589
NT5C,1.5450337,-11.362495
CD320,-8.665852,8.583323
IGF1,6.317738,4.0420294
RAD51D,8.597991,8.692627
DST,-8.041609,5.48507
MPC1,5.480602,12.102001
BCL11A,4.436764,-2.8575745
NAALADL2,14.916891,11.796974
SNAPC5,8.853832,0.5425232
MDN1,7.801384,-3.905866
SPRN,17.735403,-1.0882099
NFIX,14.410812,9.214984
VANGL2,-2.1537383,-0.007834181
MARCKSL1,-3.0694304,4.430147
RASSF7,8.685793,14.687484
RPF1,7.1870914,-5.57901
FEZ2,18.676046,2.1935277
PHF14,0.9093926,-6.1872544
PDK3,4.871086,11.950553
RSG1,4.4672728,-2.8510346
TMEM135,8.535655,17.710411
SMARCA1,13.068474,-2.91137
PKD1L1,13.472215,8.316948
CCDC167,5.360486,-9.300434
ZMYND8,20.930702,8.880211
DENND6B,-2.370272,-1.0167284
ASCC2,8.374554,9.987041
TMTC2,15.773805,9.285367
ZNF37A,-7.871607,2.543076
PPM1G,4.0432305,-0.30277485
ADAMTS13,-5.919694,6.2940626
ABHD2,5.0838065,14.332043
CAMK2G,8.4220495,9.967828
LARS2,11.057828,3.8723087
TRAPPC10,20.928553,0.22927472
GNE,-0.6945576,16.847763
CREBBP,1.6135982,-8.862685
LTBR,6.4270954,3.9173896
TGFB1I1,5.4105473,1.8626217
HNRNPH1,2.677847,14.049495
DDTL,-7.4592905,-3.9031756
ZDHHC21,17.465408,2.075868
ARMC7,-4.8781586,1.1574118
SLAIN2,19.534367,5.6431227
PTPRZ1,15.221874,-6.6984634
RASA2,16.829628,11.707932
ZSWIM5,6.4863725,-5.4992385
U2SURP,17.97338,1.3897989
HNRNPUL2,7.7244763,-3.8789654
MAN1A2,19.7191,3.0484126
PRDM10,15.258792,-5.0275583
TTLL7,7.5342712,2.806192
PHC3,19.744616,3.0769331
GBA,14.658193,2.6805236
RGL2,4.7453117,-10.474333
TNS1,8.407686,10.433674
DDX51,4.251995,-0.39478785
SLC29A3,2.0693307,3.3444455
FOXO6,4.4170213,-2.8410125
CENPQ,8.989318,11.05426
IFT88,8.949034,11.047837
CCNK,-2.275267,-1.2170119
MOB3B,15.219981,-6.6959615
DOK7,5.4290543,12.764272
SEC11C,-1.7300812,10.982766
ANKRD39,8.735629,-4.628669
ZNF41,6.919733,0.12435457
TOE1,17.499825,-5.2236767
TUBG1,5.5478435,12.710801
MARC2,-3.2816586,4.1882205
SERINC2,-0.8795119,16.318453
TMEM161B,10.845884,-6.970412
CDCA4,18.766836,-4.327587
METTL13,-4.5778756,1.2578032
QTRT1,4.965267,-10.1299305
XKR8,-4.5475473,1.2718647
KLHDC8B,15.219821,-6.696091
IQSEC3,14.46979,9.355841
FCGR2C,2.802066,6.01657
HEXDC,18.837011,3.3670688
ECD,5.7678266,0.7295783
NSUN2,-2.203744,-4.2126737
METTL2A,4.637947,-7.0619574
THRA,5.615655,-2.3491957
HOMEZ,6.199529,6.2904162
IFT172,-5.663131,6.4548397
KCTD1,13.244548,6.6947336
TRIM39,-7.455888,-3.8999403
SYNDIG1,4.952885,-1.4796989
WDR53,5.914705,6.44268
SLC30A4,0.9276479,-6.1874876
AQR,-2.3353047,-4.578729
MAU2,18.752716,4.7226744
XPO4,-8.065535,2.3337755
PCGF1,2.7677438,3.5765984
LYRM1,10.522628,0.20234306
FRRS1,16.103106,11.872247
TNC,-5.006918,8.377025
SEC22C,-3.0514412,4.9966393
HACD1,5.320479,12.373953
ZFPM2,1.7461842,-8.517577
MAN2B1,2.157852,5.331563
DUS2,11.948125,0.21647827
DNAJC3,18.76753,4.801917
STK24,-0.012292986,1.4525198
CLCNKB,11.865594,-4.141695
LSMEM2,4.9944806,-2.8288012
THY1,14.683841,10.083989
PRKD2,-2.2655687,6.912703
FAM81B,-1.7136011,0.714314
BCL7B,9.761351,2.3868263
PPP2R5B,4.892044,3.0004227
LRRC2,14.020347,2.8341253
TPGS2,-1.7116121,0.7154062
AOC3,14.030786,10.049466
ARL4C,3.0744455,4.764578
EIF1AX,-1.8738959,-1.525512
MTUS1,17.779556,1.9868348
ZNF771,22.58496,-0.7264718
PDDC1,4.8353133,7.1726313
SMIM19,12.054111,4.6258736
ZDHHC5,4.108921,-0.28440198
SYK,-6.627315,4.692424
EVI2A,3.1488612,5.135801
GTF2IRD2B,-0.05557927,10.791239
NPTXR,1.092137,-1.8433145
OSR1,5.741954,12.544029
TRIM27,-0.063572094,10.510333
RPS15A,2.5214303,9.463893
TMEM150C,16.706125,8.896185
TET3,0.06445872,10.335682
TNS3,5.315012,9.95443
HMCES,9.662764,4.493795
BBS4,9.752625,10.577512
ATP6V0B,12.081887,1.3098232
SOX6,3.5772521,-1.2366813
NAIF1,6.730365,-0.022063369
DKC1,2.8489912,18.79085
CYP2J2,5.10905,12.830335
TNNI3K,4.8848987,-2.620566
CHPF,-1.8365514,10.956886
MST1R,8.693419,14.686328
RYR3,14.685018,10.085142
GYG1,13.791042,3.0215287
KCTD10,6.8559556,8.663696
AGO4,-1.5685248,0.91586345
CNIH4,18.759775,4.145478
HMOX1,3.4355972,5.2329206
TMEM59L,-0.88712007,16.280241
ZBTB4,3.356736,-0.59604263
MSH3,-2.379768,6.8433642
SLC35F5,18.794315,2.5655355
ADH5,16.055809,-1.0026267
SPRYD7,9.769253,4.466885
A1BG,3.8906052,12.670009
FXYD3,13.282045,1.7667992
TPM3,5.053483,12.813686
MROH7,-5.960871,6.254091
CASKIN2,-4.7677884,13.112955
OLFM1,-2.948853,4.519992
FAM45A,8.798341,10.791673
GEN1,-4.4910054,-0.5020967
POM121L9P,-4.1081347,12.886073
SERINC3,18.386057,1.8543127
SOX5,-2.5411503,-2.1623232
TSFM,11.137506,3.7577627
THUMPD3,15.04354,2.470413
TEFM,-7.1524024,-3.6091418
PEMT,4.867492,-7.3913183
LSM5,8.806113,0.6220364
ZNF664,18.196413,1.5327175
HELB,6.753413,10.046627
FAM98A,13.817602,2.8725617
SORD,12.353431,-10.1425295
ZNF789,-4.4885874,-0.5020837
HEG1,7.5013866,2.7760272
ARL8A,-4.179374,3.5409913
KDM6B,-1.8082198,-7.194647
SGMS1,18.68231,5.5993514
TNFRSF10A,-4.871566,1.1640394
SPOP,0.18097974,5.001261
SLC25A26,0.99072313,-2.6255615
TMEM184C,1.4945084,-9.039459
SLBP,-0.09243966,10.964336
TMEM54,4.8666763,-10.25913
GPR107,-6.145737,8.644172
PSME2,-2.1466587,13.462652
RBM19,4.9441595,-10.14325
WDR33,-7.068387,-3.52813
SHPRH,1.5896852,-8.89193
ZMAT3,14.572669,9.789057
ZNF324,3.1451359,1.3654575
YIPF4,13.96005,-3.2222762
PPIL2,-4.488575,-0.5019404
NFKBIA,13.159252,-8.018835
ZNF596,6.5145574,0.49111167
APMAP,-0.9890411,14.488531
CLSTN1,0.8652564,-6.5456624
KLF4,-0.28267944,-8.648629
H3F3B,6.9905286,-9.75683
AP2B1,14.719947,2.650574
HOXB4,9.999228,13.563048
ATG12,21.764702,4.4144125
BCLAF1,13.143336,14.649248
DIP2B,20.756138,8.649836
TMTC4,6.9499726,5.323738
PCNT,14.889411,10.071092
PSMB4,7.621404,-4.863213
PSENEN,6.815302,-7.8655224
RSPH3,9.715322,10.769889
RMDN2,15.28336,8.43724
SELENOS,-0.23674849,8.572076
GON4L,8.1386,10.7405405
ACOT11,4.9955487,-2.83781
RFT1,3.6143162,3.2783847
CMPK2,-3.7214298,-3.2819197
DOCK3,5.5016313,-1.1332996
ENOSF1,-2.9605408,10.639928
MFN1,15.036393,2.4715455
UBA52,2.6595876,9.380664
ZNHIT6,-2.3105435,-4.551974
SMTN,11.517992,-0.20639881
ABHD3,14.269477,-4.6170626
ZNF765,3.4925811,3.5003786
METAP1D,-1.0933632,-0.6380594
SURF2,11.457733,1.0457
FAM114A2,14.7218275,2.6508172
RRAD,2.8251803,-5.0637126
ZNF570,4.8876233,10.515136
CIC,7.2009864,2.3269916
HSPB1,5.3153067,12.47131
DNASE1L1,12.437935,4.755606
SEC14L5,4.9660544,-2.7607
IFT22,1.0373682,-2.5708983
PSKH1,21.8334,4.827657
EVL,17.942785,4.2023
UPRT,12.615448,5.898599
PLBD2,16.296297,9.45851
H2AFZ,6.5908623,-5.529854
PARVG,2.9883852,5.252552
CTNS,4.808011,7.299457
UVRAG,16.411737,5.474268
ZC3H12B,14.318761,9.021791
ZNF282,4.8353405,7.1724753
KREMEN1,-1.4938818,1.1085067
LRRC10,4.8325143,-2.7476342
SYT2,6.9179645,0.12135844
FN3KRP,2.8591914,-7.5050516
COMMD5,-4.5608068,1.2551246
PAFAH1B1,12.576968,-2.6500401
PTPRE,-1.5490826,-3.655523
ADAMTS5,1.1045871,13.772535
BMPR2,18.4804,5.9628124
BCHE,15.555942,9.646819
NAA38,11.29725,0.7707753
CCDC8,-2.2516413,-0.15766577
ZFX,13.718593,13.884353
TSC22D1,10.530076,-5.382698
PREX2,14.129678,11.975483
MARCH9,14.111783,0.55208397
GFM1,15.008482,2.4958155
NAXE,11.159752,0.27939495
HDHD2,-2.3824997,7.0979633
DCTN4,0.63269866,1.3125958
PAPLN,16.91392,8.769145
ZNF234,5.9780626,6.4293237
SUPT3H,-1.7059122,0.74821466
MTMR9LP,-2.526937,-0.99856627
PLEK,3.10124,4.914449
KCND3,13.216638,6.6655145
CDPF1,0.93696517,-0.113332525
SNX5,8.983099,-8.314795
TBC1D31,0.6176851,11.666043
RSBN1L,19.773157,8.059438
GFOD1,5.248264,12.354038
PPP1CB,17.470932,11.661221
RIMKLB,11.20565,-8.458902
STOML1,21.862495,4.8398952
ENTPD4,12.533463,-2.8716352
MRPL57,8.908351,-1.0575268
PLEKHM3,-2.9367304,7.8127294
DNAJC30,8.893555,-0.9734409
QSOX1,13.244859,6.6882505
ADCY7,-1.7095833,3.1263368
EFNA4,4.905138,-10.184516
ZNF853,1.0927638,-2.0822217
SEMA5A,0.6318471,11.698455
FKTN,17.298693,5.194944
RBM22,17.631916,5.8048434
BAIAP2L1,6.844156,8.330956
PNCK,10.300687,-2.7605617
DDX39B,-2.99967,7.8515215
CMPK1,18.666006,5.989177
FANCG,-2.4310567,-1.0123172
ERMAP,9.784187,10.46479
SNN,12.67752,-2.2465198
ZNF135,-1.1349766,-0.64866954
VPS13B,20.924261,0.23714325
MGAT4B,9.774109,-3.4379063
ZDHHC12,-0.93011624,-0.5214977
HDHD3,2.8737855,14.376628
DTX3,-1.896502,-3.506926
HDAC5,-2.1955829,-4.0983977
PIAS3,1.7881739,3.1525388
CCDC6,18.708672,5.392675
BCL9L,1.3830884,7.166623
MYO1G,3.115929,4.9255114
GFRA1,15.761047,9.328002
RPP25L,11.072475,3.8510947
DYNC2H1,16.874361,8.640209
PRELID3B,-1.9068698,-1.5885017
CDH19,8.403113,17.65571
WDR17,16.871124,8.745569
MCC,1.8328393,-8.396741
PDE10A,5.2515855,9.606367
ARMC2,7.3740315,1.3346162
ERMARD,2.862487,-7.521168
PI4K2A,8.573022,10.463011
LATS1,18.77016,0.9997864
METTL22,9.76168,2.3881886
PIGBOS1,3.6015542,3.2952087
CIRBP,13.001375,-5.048725
HDHD5,11.059039,3.8696468
TIMM8B,10.126789,0.9051409
NPR2,-2.1981456,-1.735628
CHD4,-8.024562,5.477371
GMCL1,16.812792,11.711077
CCDC39,-4.911991,-0.42483777
MAML2,16.728512,11.741775
ZNF440,3.5169723,3.518459
FIGN,8.321153,8.88371
FBXO36,-5.7439446,-0.4499956
SNUPN,14.943293,8.892151
LIN9,4.4686604,-2.804722
CPXM2,-5.226315,8.518435
ZBTB33,13.254085,13.6241255
TCTA,-1.0199236,-0.631004
HAS1,7.5618157,-10.085134
SETD4,5.906359,6.358607
STS,14.929848,11.7967615
CMC1,8.752528,-1.2493373
FNTA,18.982496,5.6695204
TSG101,7.6895876,-4.751017
CSTF1,6.731796,0.013679142
DHRS1,-2.29421,-0.8018763
RPL13,2.9367764,9.98649
CLK1,3.6122146,3.2827365
DFNB59,-0.29529786,8.663495
TMEM87A,17.709728,5.3201675
SPG7,11.042474,3.8373618
RETSAT,-0.40954703,14.510349
KIFC3,7.479645,2.766963
PDZD4,16.297182,9.455931
PTPRU,4.7671647,9.605633
TSPAN8,16.820269,8.573529
MAGEH1,8.626466,8.667351
HIPK3,0.029811252,1.385024
B4GALT6,-2.7152934,7.479436
ANAPC4,9.693941,10.278763
STC2,-3.3862772,4.0737457
PLA2R1,1.6830451,-6.5048084
SLC35G2,8.601287,-4.5562935
UBQLN4,-0.11192287,8.981059
ITSN2,20.689455,8.570355
ZNF235,8.448558,9.920845
WDR81,8.942757,0.47819433
CDKN2AIPNL,8.796956,-1.4698486
NRN1,-5.6054816,13.225306
CWF19L2,1.6217954,-8.860412
XAF1,-3.626083,-3.168063
ADGRL3,13.388293,8.530574
ATP1B4,-8.9536495,-0.028500019
FDFT1,12.949676,6.403879
CAPS,-4.5433683,5.867295
LST1,2.5543082,6.1546597
ZNF747,6.7181616,-0.024465159
BST2,15.429475,8.241233
CCDC107,9.760219,2.3897445
MST1,2.4618068,3.673658
ISCA2,5.5551724,12.726185
SLC40A1,8.188758,9.20821
ALDH1A2,15.57229,9.625982
DESI2,13.189762,14.565642
TBC1D19,4.9159193,-10.177709
PLVAP,6.318781,10.13957
SYNPO2L,10.786225,12.723689
SRXN1,-0.5700289,-0.8639137
PIK3R4,1.5265187,-8.994565
RBPJ,21.766075,4.4211545
ARAF,4.7798667,-8.016243
ABR,-1.4942794,1.0885887
RNH1,12.316807,-0.7922037
TMEM30B,8.6520405,7.20742
KCNJ5,1.0833356,-1.9721003
UNC119,9.6642475,-8.967799
RAB8A,-6.13897,8.646354
RAB1B,9.888994,2.109016
GNLY,-5.393013,-5.63295
RGL1,15.314255,-4.9906826
GCH1,18.696428,3.4267247
PRTG,-2.8964553,-8.534754
SRGN,21.634686,4.8368487
PLD1,7.675217,1.2304963
AVPR1A,13.467062,8.396554
LHX6,-5.281173,12.878969
TCF20,-0.8575255,16.69479
TAF1A,-0.84300387,16.70947
POLR1B,-2.2530262,-4.3526845
PCSK1N,4.1891155,12.42601
TRIM11,4.8104396,7.18547
KLF10,6.909137,-9.714542
BZW2,5.589164,11.973949
E2F5,5.427759,6.9434133
IFT81,9.770187,10.538836
ESF1,0.372208,6.577442
WDR83,10.9751005,1.1222107
ZBTB48,-0.10544932,1.506981
ZNF146,0.6345846,6.8457894
PVT1,8.757344,6.6665015
PRMT7,5.62133,-2.3551028
SEC16A,7.125654,2.4861553
TMEM100,3.2731447,6.276112
MRPL27,11.287642,-0.056365497
MAK16,0.24968146,7.8470106
NGLY1,-4.0629144,3.6406674
FRY,4.921927,-1.6780264
PPP1R3E,-0.619622,-0.833942
STK33,15.814711,-0.9607854
TNK2,5.619097,-2.348313
AGPAT4,7.907907,-3.4677615
BIRC3,13.158175,-8.017706
AP1S2,0.13175371,0.8678274
DIS3L,-2.2566712,7.2139916
TGFB2,5.2636895,13.791673
CD276,-2.8935251,-8.532235
NDUFC2,8.757779,-1.2252846
STX17,15.722727,-2.387309
PEX11A,5.7107897,-2.3597045
RAE1,17.499403,-5.223623
CALM1,12.005884,-2.9565425
WDR12,15.054048,2.4773586
IGF2R,20.87749,8.149414
POLA1,19.026287,5.647749
CNNM4,4.980485,-2.8264034
GDF10,14.067165,10.023574
ZDBF2,-4.736627,1.3185215
ZDHHC1,4.7001834,6.5137
OXA1L,8.382051,-2.2509265
ZFAND6,15.731501,-2.3379493
ORMDL3,5.978754,12.8864765
ARPC2,-1.5669501,14.177034
ATR,-2.3507771,-4.6317053
RNPC3,-0.09435641,10.936683
ARHGDIG,-3.0915806,-0.80780834
PDS5B,18.722021,1.0499558
DCAF10,9.212177,-8.437199
PWAR5,12.300466,-2.791613
DEF6,-5.1028156,4.385419
CADM3,8.58129,7.300637
SHROOM4,-5.1480503,12.354579
TMEM88,-5.223832,12.229901
DNAJC2,1.1303681,7.300391
KIAA0907,10.766883,-6.889034
CBFA2T2,7.465573,-5.0758595
YBX1,7.2595925,-5.7549715
STRADB,15.344545,-1.5036949
FPGS,10.086976,1.7580247
MTFR1L,11.039716,3.9177608
KDELR1,-1.9511268,10.897951
NGFR,7.341839,17.593748
RHOB,11.195237,-8.467809
UBR1,-4.648381,1.2629676
TC2N,8.700281,17.76736
ROM1,6.3281283,4.042247
BOLA3,9.924851,-1.3361648
AGER,-5.0762243,12.428168
METTL6,7.6743937,5.288251
ANKAR,2.8297524,-7.4741926
TMEM39B,4.9031157,-10.178053
ARRDC2,-2.7891703,5.121951
TNFSF13B,16.310719,12.088228
MBD3,3.183463,-5.361655
SLC43A2,-0.26993775,8.806661
PABPC5,15.289028,-4.949035
NPIPB14P,10.950565,-7.0759854
CDK10,-5.7498426,-0.4515685
DLL4,-5.9742465,11.613641
APEH,9.735721,-3.4658673
SCARB2,18.77005,5.5918903
NFYB,-2.902796,4.754395
AGK,10.585936,7.8876963
ACTB,-1.5755148,14.276379
CRELD2,-3.0236123,10.702607
THEM6,4.972293,-2.808545
SGK3,15.299873,-4.907282
IER5,-1.6112609,-7.8377066
CYTH1,7.372337,-9.867961
TCEAL1,6.1796336,15.387508
ZNF500,-2.2074292,-0.023182051
UBQLN2,7.8567944,9.286517
ZNF773,3.14391,1.3682626
SLC25A29,-3.0870297,-0.8147395
MAP4K3,0.007058047,17.036503
TWISTNB,0.24961962,6.665739
SCUBE3,13.163189,1.2638727
DAD1,0.040864106,9.176567
HNRNPA1L2,-7.4435368,-3.8876712
RNF103,13.999352,-3.257553
STX1B,8.665436,-4.514913
GLUL,-2.1267889,4.4228754
DRC3,2.8480875,-7.491904
LRCH3,7.083952,5.5957932
FAM122B,13.46821,13.840886
TMLHE,12.443894,6.25023
KCNC4,-1.4576735,2.956463
TSHZ1,0.63476807,11.701394
PRDX1,0.98619604,-2.6299644
ROCK2,13.149375,14.661504
RNF121,-0.006287657,9.1576805
PACSIN2,13.393026,8.504017
PPHLN1,7.894078,-3.519066
KBTBD2,17.03336,5.4261374
LMO2,16.79333,5.555494
ARHGEF2,4.890068,-10.211108
PCDHB16,0.61067355,-6.5598664
SMURF1,5.386601,1.8083556
DAP,-4.8540983,9.427251
GRHL1,-4.891156,1.1545563
NSMCE2,5.521367,-11.166152
PSMB2,7.4888988,-5.047101
FGFR1OP,-5.5676465,6.5124226
LYZ,2.7812471,5.976461
MTAP,4.877869,10.535994
RASGRF2,-5.467301,11.967715
NOB1,2.8491237,18.791887
PIGQ,4.770651,6.6222863
LIMD1,10.349422,-2.7007484
ZNF263,5.058691,9.025954
MED14,15.618539,12.909282
STK36,2.453377,3.6640453
CORO7,2.407917,3.6602545
RNF122,-1.470116,-7.5187125
NOS3,-4.6133823,12.694762
TSTD2,20.948935,0.20211539
HNRNPLL,4.182917,7.7259912
TMEM110,2.1545527,3.336878
BAK1,4.969557,-8.509634
TRADD,4.8551526,7.128951
FUT8,16.406435,12.235974
SLC35F1,10.4831295,5.8926177
ANKRD44,16.873722,8.633986
FIBIN,1.8327279,-6.6411524
ZNF251,-5.520454,13.149362
RERG,14.537159,11.614316
MRPL50,13.818429,2.875306
PGRMC1,14.903302,11.774128
PPP2R1B,-4.9045396,1.1474135
IKBKE,-6.6319394,4.6901145
PILRB,4.8670697,6.745615
GJC1,4.6383634,11.332409
SEMA3C,14.822923,11.222809
PRIMA1,13.046433,1.495851
CLEC2D,9.784497,10.5577965
SMIM3,-2.0806248,4.4694285
HSPB3,8.922197,-1.0629913
ZNF782,-4.48936,-0.5029774
KIAA0408,1.85592,-6.597656
PFDN6,4.7122188,-7.428928
SPCS3,18.85192,3.718184
ORAI1,0.9648075,9.021004
IPO9,4.521321,-0.14934912
PIGC,1.3987092,-6.1167417
PLA2G4A,15.866877,11.890622
DHX57,-1.9848595,7.402719
ATG101,6.575184,8.615886
RPS6KA2,10.788202,5.6990886
OTUD7B,20.766119,8.666058
RBM28,3.2826698,3.5250585
ANKRD37,-1.1900941,-7.744106
TFAP2A,13.289894,1.80341
NOMO2,-0.007048734,1.4430753
PTPRD,14.303927,8.981218
SPRY4,5.98981,9.902051
MRPL32,-2.230898,-0.93876487
CDK6,-9.5469055,5.951793
CYTH2,4.6428947,-10.629023
ZNF516,21.925795,4.186366
PCAT19,5.2557983,9.614225
BCKDHB,-2.0295272,7.3866906
AGO3,10.78164,-6.9060173
HSPA4,7.09969,-5.8994384
MAP2K4,15.023355,2.465427
GPR183,11.205991,-8.460787
TIMELESS,2.184713,3.3686895
MED17,7.56817,4.7171645
SLC25A24,18.7379,0.96369946
ATP5G1,9.960835,0.46865806
ALPK2,10.613475,12.90927
CASK,17.338308,5.5957637
TSC1,7.1358023,-5.6146502
KIF21A,10.632929,12.887537
SPTBN4,12.924679,4.6531897
KHDRBS1,18.598974,2.0892816
COL16A1,7.770269,17.661085
RIMKLA,9.754818,4.468323
SERPINB1,6.6864624,9.996958
COX7A2L,13.783957,2.966773
MPV17L2,4.6426487,-7.7784734
FAM204A,15.060747,2.4761631
CCDC69,11.204531,5.5251403
ZC3HAV1,-0.8581053,16.691326
RIN2,15.288284,-4.94679
GOSR2,-0.08083678,8.175448
UBXN2B,0.8149005,1.2360471
SLC35E1,-0.2866645,8.6720495
GAREM1,0.6314102,11.698756
VRK2,12.5875025,-2.6438553
EBAG9,13.032192,-2.88755
TP53RK,-2.195944,-4.1336484
AEN,7.7548404,13.327717
ATOH8,7.3460264,17.594398
UBE3B,11.04153,5.962205
ECHS1,8.740354,-1.4630518
SLX4IP,9.712716,10.430279
NTNG2,3.8851318,12.674951
ZC3HC1,11.133392,3.758447
GLYR1,-8.042876,5.4847927
WDR31,-2.0247724,7.3510375
TM7SF2,11.198361,4.9351954
UTY,11.019509,12.428792
VEGFB,11.430498,1.5149579
KATNAL1,15.566459,-2.0169084
ZNF414,9.594246,-8.891534
SLC43A1,-0.48912185,-0.91017216
WDR34,6.7882056,-7.8892384
FAM153B,8.711976,14.762738
NAA25,1.1059633,7.2717853
ZKSCAN3,6.999056,5.379316
NKD2,6.370017,3.9803317
HSPE1,8.8800955,-7.777244
RASSF4,0.12482644,0.8562153
GATAD2B,19.602427,3.1582105
ADRA2A,13.458999,8.433914
CDH22,-1.7166002,0.72303635
SLC4A4,8.76919,14.827011
AMACR,-2.7079756,7.492364
TTC30A,8.084753,9.358295
CXXC5,2.8291745,-5.0368333
SLC8B1,12.292414,-2.7921245
TRIQK,10.463207,-5.3633547
LIN7A,-2.7869277,5.1905484
OST4,10.539682,0.2700496
ANKRD36B,2.8534317,-7.5072002
CAPN7,13.962706,-3.2236779
DOC2GP,5.0174713,-2.84971
SSPO,-3.066245,-0.81155926
PDE7A,13.224428,4.6344395
AP4E1,0.19387724,6.1410623
KLHL13,-2.9654922,7.8379345
SOCS5,21.77178,4.4717393
CCDC58,8.286172,-2.5119276
FARSB,7.3255315,-5.299826
ZNRF1,8.828992,17.855852
TMEM192,-2.0387836,4.371221
L2HGDH,15.679652,-1.0015535
IDUA,7.7652855,17.660229
ACCS,6.7612443,-5.631402
HSD17B12,20.954807,0.19677533
LNX2,0.96813405,0.7202964
ACTR8,15.028928,2.4639435
TXNDC17,5.251049,-9.36559
EPSTI1,-3.7002194,-3.252558
NRTN,11.989993,-0.9357688
PRKG1,15.590357,-2.432926
CIART,-1.7953975,4.2094383
WT1,7.613051,-10.073886
BBS1,2.8467543,-7.4863195
MVK,11.904597,0.18899874
CREB3L4,-0.6328538,-0.8269325
EIF2AK2,-3.7748528,-3.3332226
SERPINB9,21.675396,4.7927723
ENOX2,16.872456,8.640683
ITPR3,-3.6866612,13.056268
GLP1R,0.8851003,-2.7911086
ELMSAN1,21.534597,4.891726
CDK12,0.18206654,6.6933217
NDUFS5,9.782251,-1.2161686
MAX,8.899704,11.177764
LPGAT1,19.780085,3.0473244
CNKSR3,0.1925085,4.9835963
TBX5,4.095094,12.518408
PLXDC1,13.751204,8.479381
TCHP,17.716604,-1.1056297
NR2F2,-2.1372182,0.12599938
ZNF391,-2.180392,-0.9574169
LRRC8B,-4.8231616,1.5140992
CRTC3,1.3841772,7.1663933
OTUB1,4.679568,-7.72382
TMEM40,5.1736836,13.411482
UQCC2,9.9770975,0.56952506
ANKRD13C,5.7727795,9.368072
TOR1B,9.280855,6.668682
FAM198B,17.3698,5.2390227
HMCN2,7.09035,17.506659
ZNF605,-5.0969744,-0.42953032
VAT1,-0.09720044,17.05776
HYAL1,-5.301064,12.878269
ALDH4A1,8.686415,-4.9260397
MZT2A,11.745757,0.1274591
MXD1,4.427205,5.162106
FAM149B1,1.847707,-6.574469
NFIB,0.92239255,-6.199596
RGS2,11.206537,-8.461105
DNAJB9,0.7589442,0.2197111
CAPNS1,4.9277606,-7.384251
KCNK5,13.005973,1.4156597
MVB12B,7.391451,9.014273
MRFAP1L1,-7.289902,-1.4608431
XRCC5,-1.9033157,-1.520942
SLC38A1,14.191442,2.8061743
EPB41L3,8.839635,6.722781
MCM7,-0.46715012,-0.92442286
SLFN12,0.9300967,-6.2100215
C1QTNF1,6.34664,4.009554
SLC35G1,-2.4288695,7.076793
UBE2W,-4.667854,1.3381557
CAV1,4.970574,12.660295
ARVCF,5.065061,12.433028
PHYHD1,8.643833,-4.5350413
TTC13,7.8522196,-4.5327053
RTTN,9.757351,10.476788
DEF8,4.8220425,2.918333
ELMOD1,4.1917686,12.427
SPTSSA,2.6672423,14.041115
ZNF277,10.602397,-5.531044
COMMD8,17.40196,2.0975244
ALG2,1.1255504,7.3014317
CX3CL1,-5.542355,11.875914
SELL,4.392104,5.1483026
NIPAL2,2.8240469,-7.4462028
RRAS,4.991839,3.105232
MALL,-5.5521235,11.788761
TAF11,-2.8427935,6.9035897
EPB41,5.499697,-1.148738
PAMR1,7.7406206,17.648125
SLC16A5,8.673197,-4.507313
KLF12,8.357203,8.90059
MAN2A1,17.721176,5.366873
COX19,0.7948032,0.1728835
ZNF469,3.838628,1.8415076
UBE2V2,5.9422455,0.68937814
PCCB,10.456499,4.5487714
SERPINI1,13.676024,8.41142
SOX9,8.405829,17.654282
TCF19,-2.5405,-2.1625013
PIR,-3.1083174,4.3980184
RECQL4,17.581894,-1.2210349
ARSB,18.013262,4.6365466
ATP6V1G1,5.494212,1.2246476
SPAAR,-5.223157,12.225105
HN1,-0.13967769,8.106357
CNOT4,8.961888,-8.62513
ATP2B4,8.410383,-4.7506437
ARGLU1,-3.6782832,-2.5538583
KHDC1,5.552044,-2.478449
WDR37,4.9288545,-8.532676
UBE2D4,8.890961,-1.0523272
VSNL1,15.5141535,-1.3507365
CHTF8,17.740723,-1.0833913
MAD2L1,12.978632,-5.068115
B3GALNT2,12.4497595,-2.7197871
CD69,-5.447211,-5.687182
CMTM8,-5.4105654,12.026952
FPR3,2.758217,8.428277
SEPHS2,-2.3784142,-10.283656
HIC2,3.389691,3.4522934
NT5M,4.9943266,-2.8387659
DENND2A,15.996152,9.124177
ADAT1,8.641279,8.654401
GMEB1,-0.8722762,16.686758
SLAIN1,-2.9389305,7.8502555
BAG5,0.36154333,6.5477133
SOX15,-6.00781,6.224537
KLHL9,7.5911508,5.256498
LIMS1,18.706976,3.4403484
R3HCC1,10.757209,0.671385
ADRB1,12.352252,-10.141683
TSPAN6,14.776759,10.284564
CLSTN3,1.0700468,13.732528
PWWP2B,2.9872484,-5.344526
PDLIM1,4.9932313,14.07494
L3MBTL1,0.79865,0.14099032
WDR55,3.4514081,-0.29140887
KIF2A,18.841566,5.6095905
HR,13.346246,1.8050131
INTS2,17.328928,2.103633
KRBA2,4.0725236,-2.8394473
CENPC,2.494076,-6.389543
ACAT2,0.25914955,3.775904
NDUFAF8,9.937632,0.4886396
FAM120B,1.5546594,-8.95181
KCNK6,2.1580179,3.3438694
NECTIN2,8.090638,8.9138
SUPV3L1,15.039403,2.482315
FXN,9.941229,2.0597835
RUBCN,5.029129,14.052138
LYPLAL1,12.518801,5.589136
FMO5,7.8583913,-4.5467753
CTSA,13.9151745,10.120195
COQ6,11.970388,4.827292
ZNF511,10.974861,1.1388166
NAPA,10.088837,1.7526759
TOB1,-1.7361661,3.1596098
RAB20,-3.3842561,4.094309
DDB2,7.114242,-5.5955358
TCEAL3,6.180003,15.387843
NDUFAF2,4.625759,-7.6747174
ALOX5AP,3.2753801,5.190136
TMPO,18.734018,1.028076
COX17,8.959185,0.46934122
ERH,0.31979463,7.782535
WASHC2C,-1.7152066,0.7094299
SURF6,3.4438229,0.09659232
PCGF3,14.494445,5.51227
PGM1,13.785747,2.9603944
SLC25A10,8.781316,-5.112276
RBM8A,-1.8912464,-1.6493454
RAB3IL1,-5.0040274,9.229405
NR1H2,4.6180196,-7.739891
PRAG1,-4.9670396,12.975202
SNTB2,-1.5290846,15.176818
TBC1D9B,2.0336304,3.2639208
ACO1,14.608125,2.6875718
FAM89B,4.661658,-10.602353
QRICH2,-5.7429686,-0.45252436
TUSC2,11.803247,0.119908065
SERTAD4,14.101411,8.728589
PROB1,8.605245,-4.555831
WNT5B,17.901989,-2.5755227
LRFN4,0.23519935,9.328713
ITGAV,0.7646756,0.24194725
GOLPH3,21.544077,4.89055
AKT1S1,11.157268,5.569119
GSTZ1,11.32517,1.6609825
RFK,17.471422,11.663829
YY1,0.042234685,6.7311416
CCDC120,8.034344,-3.1283782
OAT,15.393784,11.896423
SMOC1,8.795348,17.833487
LPAR2,2.2690737,5.387068
LEPR,15.170814,11.85715
STAT5A,4.4522696,-0.21208465
RWDD4,17.348572,11.516993
SLC10A3,-1.7606555,13.762987
OSGIN2,18.691175,2.2978482
TRIM25,-3.910535,-3.4859746
GOLGA1,-4.884178,1.572724
EDA,7.22822,0.8232305
MEOX1,1.9066775,3.129936
EMC7,7.145321,-5.5408683
HKR1,-2.9291425,10.617941
TINF2,-2.1807337,13.45163
YWHAB,18.519953,5.869559
NR2F6,12.052519,-0.90102184
STIM2,10.338947,-2.7003574
POLR3C,2.849323,18.793839
MAP3K7,0.9517527,0.7353625
CHN2,15.10498,8.186032
IFITM1,6.4560876,3.8955376
IL17RC,11.851224,0.15170453
LPAR6,16.446217,12.272246
CNOT10,18.660105,4.015706
EDEM3,17.679895,5.8401704
TINAGL1,6.2384562,-8.413824
ITM2A,8.679303,17.76708
LRIG3,1.7442404,-6.5499907
LRRC37A3,-2.2255576,-0.9559166
PPP1R8,0.37759924,6.5752544
AREG,-1.5941007,-7.4320526
DNAJC24,-2.4324226,7.0871916
ATP2A3,1.8987569,3.1619809
F2RL1,-5.527441,9.365697
PPDPF,11.308925,1.6709768
RNF187,0.9376206,-0.12320097
PLGRKT,9.867199,13.196968
FAM131C,14.115663,0.5519757
TFG,0.782575,0.14840645
RAB13,-8.665646,8.583222
TMEM223,12.874474,-6.206774
FGF9,6.911957,0.13953471
SAT2,11.802848,-4.026202
RND1,13.159075,-8.018681
PSMD9,5.3690205,-9.293251
SCGN,6.178633,15.386563
MUSTN1,10.055859,-1.448607
EXOSC4,4.649412,-7.6587334
LMOD2,4.7695203,11.270867
CNOT9,8.387495,9.946581
DENND4C,20.475355,8.349979
ITGB3,5.1270556,14.238499
CHPT1,13.043908,6.461512
SCAF8,1.5313054,-8.981471
BRMS1L,15.7340355,-2.3788745
RALGAPA1,20.687126,8.567613
FGGY,11.640734,-0.628814
SWT1,10.4589815,-5.365248
LIPG,6.789164,3.1968722
SLC37A3,17.1977,5.7679462
SPACA9,-5.846402,6.355562
TMEM189,8.232496,9.876786
ZBTB2,6.2023983,0.55186427
SRPK1,-2.3147745,-1.981506
WASHC3,12.048664,4.6224637
TOMM34,2.5132058,-6.749144
CLIC6,15.973627,-0.7078767
TSPYL4,12.891343,-2.8132422
FGD3,2.3937545,5.472967
METTL25,9.706137,10.457036
GRIN2C,4.1939483,12.468763
PLEKHH3,-2.2304924,-0.03969659
UMAD1,18.580656,2.109237
SPON2,-5.1020107,8.86406
OSTF1,-1.5522354,14.523822
ABCD4,2.8108814,3.5780532
CDC14A,15.306965,-4.9937034
NSDHL,10.074068,1.7763942
ACSL6,4.9278126,-2.6430454
ZNF599,6.7849884,5.633939
BABAM1,10.52029,0.8029908
SNX29,1.585692,-8.8869295
MYO7B,-4.7759547,12.650995
SLFN11,9.416262,6.6776514
TNFRSF6B,3.7429557,1.8223152
TFPT,5.3323197,-9.310639
PCDHGA7,0.39369395,-6.5384717
PCDHB11,0.5785789,-6.553303
ERCC4,6.9903073,5.343246
ZNF274,8.8829,11.158415
EIF5,3.2888856,3.4238389
MED9,11.069831,3.852494
NADK2,17.372248,2.092721
DNAJC8,7.273884,-5.7828135
PIH1D1,6.6417704,-8.0435505
BTF3L4,0.13882926,0.88229996
ILKAP,2.803211,-4.928234
RRM2B,13.697138,13.887263
LDLRAD2,4.696102,6.5117507
GPR157,2.7588382,-7.151652
PRPF39,10.8114395,-6.9339213
SUV39H1,-1.4321622,-7.0989647
POU6F1,8.239732,-2.485948
USH2A,12.277496,6.4328303
UXT,11.916082,1.555885
RMI1,7.6239877,4.681193
LRRC25,2.2061765,5.737338
SULT1C4,2.0318553,-6.751183
TDRD6,9.904325,10.305328
ZNF575,-2.570792,-2.1921127
VWA7,4.7588334,-1.5836383
ZNF843,-5.98209,6.2328234
TPRN,6.180584,-8.4690485
TANGO6,16.426397,11.839651
TBC1D25,10.34154,-2.7051225
CLTA,-2.0270796,13.610416
ALAS1,10.9736,4.0482707
TWIST2,8.766083,7.03222
GLOD4,3.5347414,3.5477211
ZBTB47,11.289501,5.4181013
FAM162B,-5.604271,13.22653
WFDC1,19.777378,5.6515484
ATP11A,-2.1750498,-0.90721244
TAF1,20.550049,8.423742
NAPB,13.1143875,13.511434
CDCA3,5.9484296,12.904062
SLC35B1,7.432239,-5.1356006
SEL1L3,-0.88989633,16.162457
MAST3,2.820298,3.583841
TMEM267,14.219421,14.060873
PARD6A,3.0270767,14.619205
PHF21A,9.058717,-8.589237
ROBO3,14.021725,10.057337
SIN3A,19.57771,7.382635
NPTN,13.146774,6.592572
RNF13,17.524433,5.188196
FLT4,-4.670292,13.165901
MCAM,5.424178,1.8869722
KIF16B,12.197497,-2.841627
FGF18,14.163896,9.383379
NHLRC3,-2.8899271,-8.527926
ALAD,-2.8522332,7.70666
MCEE,9.692318,4.476361
NCSTN,-2.3909006,6.8124766
SIAE,12.145928,4.868436
AZI2,0.20795465,0.8458543
EAF1,5.6305413,9.601269
RAI2,-1.5549867,15.219847
BOD1,5.518605,-11.1735735
MARK2,12.874948,-6.2071357
ZFPM1,22.586035,-0.7273819
FMNL2,21.760576,4.4158025
PTAFR,2.7074742,8.562722
BCAT1,8.849832,6.90714
PRRG4,-2.8632424,4.5622463
JADE2,13.236346,4.6713047
UBC,-0.07508137,-8.614305
LAT,12.599328,-2.7520652
ZNF823,7.0588107,5.4905033
UFD1L,4.625088,-7.708901
PIGH,18.76088,4.1504397
BTN3A2,-3.3957615,-2.7308457
ZNF334,2.8491051,-7.487193
HDAC2,-1.8134698,-1.5434781
DNER,13.194292,6.6380987
PPWD1,9.698731,10.3000345
ARNTL2,6.7501307,9.951513
CRNDE,4.116769,12.507583
ATP1A1,6.782447,-5.5799527
PDE6B,1.0640305,-2.5094235
SLC35B2,11.006881,8.944262
TRIB2,4.4636755,-2.859463
DCK,18.85693,0.882079
TMEM8B,-5.8238635,6.3686986
PSMB10,5.3706617,-9.29084
KIFC2,4.8604803,2.972211
KIF3A,-2.0632784,-0.84276474
EPHB3,-2.214797,-0.22362764
ANKRD40,19.259426,5.630167
RNF157,-0.008278422,10.829911
TADA3,5.371594,-9.289378
DCLRE1B,2.059382,3.3451202
ASNS,-0.56370014,-3.5279288
TMEM159,4.9459085,-2.5594485
CHADL,1.7601767,-2.583786
GPAT4,-8.04423,5.4847875
PSPH,14.249667,-4.591752
CEPT1,7.4474897,4.9137177
OSCAR,2.2239153,5.7188363
FIZ1,6.2461343,-8.408894
DNMT1,3.6588805,1.7138813
UNC50,18.760324,4.144403
CNOT2,-4.3147473,1.3155136
CLEC3B,15.625503,8.836908
MTHFD1,10.360201,13.192994
MED25,5.464081,-2.3380446
YLPM1,1.5288748,-8.985067
A4GALT,5.109141,14.018621
ABHD17B,-2.312196,-4.5086923
HSPB2,11.431028,1.0690905
ADIPOR1,13.688583,3.1171806
LY96,2.7910166,5.9757514
ALDOC,12.496124,4.7332835
SLC17A7,7.896478,-3.5227013
EFL1,-4.1478887,3.570526
DOPEY1,20.924007,8.871787
SMAD2,19.293352,5.6602755
ASPG,0.9038635,-2.7292542
PPP2R5A,12.702577,-2.753384
TRIM37,19.25403,5.6425686
SLC16A7,9.671454,4.5116863
ISCA1,10.250726,13.833405
NUDT3,15.725947,-2.381376
PHF12,5.9982696,6.482317
PGGHG,2.4776323,3.6487026
TPCN1,4.2177534,-2.5484653
FSTL1,-5.076682,8.7434025
P2RY2,-3.0496233,-8.709317
ANKRD6,15.146453,8.45412
TMEM63A,-5.7329073,-0.47084025
MGST3,8.939445,-1.1062222
TLDC2,-2.5116818,4.50773
SYT11,0.8787711,-6.526833
PRIMPOL,2.009149,-6.7077146
DPY19L4,18.719599,1.0597591
OTUD1,-0.092695214,-8.614345
ZNF316,3.2449565,1.4232197
SDPR,12.216158,-2.8338733
PCDHB9,0.57860327,-6.579679
NRDC,0.65906817,1.441655
SEMA6C,5.563697,-2.3816948
PTER,7.4958057,1.2675818
ZSWIM4,7.7627225,13.333532
MRPL22,9.775214,-1.2231796
RASSF2,2.7634284,5.6082363
TTLL1,2.7586937,14.1690645
SELPLG,2.5125606,6.189121
KCNA5,7.263282,0.8625798
SGTB,13.446307,13.79214
TIRAP,-2.2218513,0.021656368
BOC,14.519877,11.59759
ARID1A,1.4841491,-9.041234
COL7A1,17.386524,5.2909465
PAPOLG,19.81623,8.125532
ARMCX5,15.032392,14.520569
ZNF75D,6.8359694,5.6171846
DDX20,-8.005282,2.3964782
INTS7,13.682894,3.1157086
GGA2,10.29511,-2.7444046
GARNL3,-3.7501488,12.991291
MSTO2P,3.3692877,-0.44685256
IAH1,8.691311,0.6753137
RAB24,7.129816,1.9443629
PDF,3.4100132,-0.49045244
HNRNPH2,18.64121,2.1860752
DNHD1,14.50441,5.511528
SLC2A13,18.586437,5.7578325
PLTP,8.596052,7.284311
DOK2,2.7046843,8.560022
ZNF185,1.864326,-6.8526716
NHLRC2,7.910298,1.3685536
DOCK6,4.8918767,-10.210735
MYL6,-2.0779257,13.536887
PSMD13,4.7033563,-7.7950463
LANCL2,21.928312,4.1766067
FUT11,-3.4159951,4.070035
TRIM56,9.83695,13.016368
CABLES1,14.11664,8.723938
MGAT4C,7.3871665,1.3182433
HGF,6.742368,9.971064
ORC3,9.803116,13.418285
CROCC,-2.2404466,-1.0004197
TMEM131,-0.10821306,17.021175
APOBEC3G,-2.9224625,-2.422586
PTPRN2,0.71552444,-6.532869
ITGB5,-5.186275,9.178062
CCDC82,14.761608,14.371164
KIAA1429,-7.9782877,2.4577992
MTHFR,-2.9453864,-8.585052
NFKBIZ,7.0268917,-9.78137
NEK3,6.5388947,0.4907418
FDX1,13.966507,2.7880857
GID4,14.006933,-3.2574513
PLEKHG2,7.42947,-9.924572
ZDHHC3,-2.580665,4.5452037
MRGPRF,2.1816232,3.3539097
RAB9B,10.718805,12.805828
MRPL54,11.302466,0.4204855
ACVR1B,5.147456,9.63704
MLXIPL,-0.40936202,14.504737
APBB2,14.0836935,12.01936
TARS,-0.73751664,-3.2126188
KCNQ3,-8.953182,-0.028362097
CDKL5,-0.095517285,10.974313
LAMA2,-2.871359,4.571889
TIMM10,4.757935,-7.4262447
APOBEC3F,12.542578,-2.873481
COMMD7,11.367901,-0.109464794
HRASLS,10.148289,4.3778634
SNW1,18.647013,4.0015435
METTL17,-4.877136,1.5066857
RORC,8.758703,-5.0689073
G6PC3,2.4882808,-6.4225698
ZNF609,21.876764,4.901248
DCUN1D3,-1.4255501,-7.308313
JAK1,19.654446,3.1680245
EBLN3P,19.480192,3.1880658
ADGRL1,1.1046994,-2.0492594
MTMR10,17.928152,1.3455665
SLC35F2,8.937514,6.775692
SLC27A5,11.517297,1.4082087
ZFYVE9,20.70682,8.5438
ARSD,1.4626737,3.0425355
GOLGA5,17.988947,4.399096
XRCC4,18.846287,2.798671
ZNF639,0.07256106,6.714036
ATRIP,-0.10600672,1.5063248
RFX2,-1.7029896,0.7497622
SLC39A11,1.5643342,3.106524
CD300A,2.3710585,5.4767675
RCCD1,-5.6738453,6.446086
WDR54,-2.1638138,10.77381
AKR1C2,-1.6828176,2.569322
NSUN3,1.497079,-9.032811
SRPX,8.867982,6.808003
EI24,-2.0765448,-3.798718
KIAA1191,5.533477,1.275071
GCNA,10.525791,13.421372
EIF2D,-2.3987663,-0.8173997
GADD45B,-1.2275649,-7.72101
RAB40C,-0.94020116,-0.48469532
SIL1,-1.8628863,10.9695
MIPEP,11.287975,4.998225
ARID2,0.27328283,17.040775
ZFAND1,0.5540256,1.3797634
SLC1A7,14.033664,10.048808
SOX4,6.7367516,9.947784
CCDC71L,6.6914754,10.000727
SLC2A6,-1.7572577,13.838466
CCDC34,15.276072,-5.024461
DENND2D,3.145296,4.9960055
NXT2,17.368933,5.287323
DDX31,3.444118,0.11881352
PRR32,5.2383914,13.772054
DDIT4,-3.5334926,3.9611642
VWDE,7.253061,0.8507143
C2CD4B,13.18496,-8.044286
TMEM141,11.11872,0.399806
GTF3A,9.682974,-1.1766334
NBPF1,-1.6883262,3.1275349
YPEL1,-0.24716012,8.733155
RARRES1,6.0722175,9.8261
AVEN,10.509172,0.20251043
FLNB,5.40719,1.8630596
TEX10,1.127141,7.295316
PEX13,13.987501,-3.2410374
HHEX,-4.910817,12.980139
RPS6KA5,0.34657645,9.134675
KMT5B,7.2809024,5.1346846
EIF3F,2.7844481,9.34877
BAHD1,3.1183689,-5.342274
SEC14L2,-4.043104,3.6896124
CACFD1,4.383731,-1.8150202
SLC26A10,-1.4227216,2.9457536
COL4A3BP,19.890244,8.19155
URB1,2.8489738,18.791882
TMEM176A,15.537894,9.6608
IGSF3,14.011468,8.670852
UNKL,5.96741,6.529821
FMC1,9.895959,0.63370705
ZCWPW1,-0.48972678,-0.9322649
AGPAT1,3.0229704,14.612316
MSI1,12.056249,1.3408389
RAD9A,1.5785402,3.114593
TLE3,7.7649446,13.33474
BAX,0.9055286,9.04212
PKD1L2,12.954222,4.6507845
INHBB,-0.3967725,8.402103
HDLBP,-1.7023451,10.994552
ENTPD6,5.4447694,12.590125
GANC,9.799598,10.4674635
ADA,-3.5809689,13.024002
BUD31,-0.6944832,-3.133708
AMMECR1,0.19482902,6.1432695
ACBD6,11.929153,0.19415127
PHACTR3,1.5996362,-2.6866994
ITPR1,14.780164,10.245926
DUS3L,3.4200072,-0.21919888
MGME1,7.8138847,1.3185828
ACTR1B,6.464279,-8.199582
KCNJ11,9.416791,-3.839596
ETV6,5.343255,9.916497
FES,2.4059975,3.503088
RELL1,6.327004,10.127698
RRNAD1,-5.1171365,-0.42711863
LILRA6,4.102714,5.103797
MROH8,4.98137,-2.108127
DCHS1,-2.2412994,14.462545
IDH1,8.134892,9.393683
S100A13,11.426634,1.4550234
RRAGA,-4.0712976,3.6346998
CDHR1,0.2651853,3.771804
MAP4K4,0.078524835,6.7135587
METTL21B,4.9574223,-1.7239393
PPIP5K2,18.506039,0.9082769
OGFRL1,-2.602214,4.8748956
NDUFAF5,8.894276,-1.1367638
PEX26,4.1102667,-0.29222414
CHD2,21.878712,4.898612
THYN1,16.184107,-1.1010056
FEN1,-7.288887,-1.4607675
RAD1,12.755197,-2.7859218
ZNF229,1.5154979,-9.013901
KLC1,5.149256,13.653589
ABCA1,0.26320755,3.7746673
TATDN2,3.4458957,0.08804412
ZDHHC2,19.126408,-1.1163621
SELENON,3.9041874,7.778622
SLC6A9,-4.988008,9.277671
GPR161,-1.7208328,3.159621
SMYD4,4.752099,9.603517
RPRD1B,5.03996,12.68651
PBLD,9.817592,13.411237
MFSD1,-1.5246586,15.165086
PIAS4,4.8420715,7.166481
MTMR12,21.882238,4.923087
PIP5K1A,8.536999,10.403265
CYB561A3,7.7207303,-4.715276
PDIA2,-3.0979388,-0.8095249
RGAG4,8.031478,-3.1379507
CTTN,12.494092,6.2152023
YIPF6,18.737932,5.710811
TPCN2,11.00946,8.948214
GPR162,9.76634,13.061797
ARIH2,12.926827,6.3690557
UPF1,3.4043145,1.4591957
NCALD,11.206762,-8.460284
BCL10,17.326061,5.3515096
NLE1,3.4067569,-0.38002872
TRIM3,-1.5287013,3.0152373
TLR4,16.987123,5.605204
DIS3L2,-3.1487675,8.005246
CBX6,7.800632,-3.9029474
POLR3GL,18.76489,-4.328646
ROGDI,11.868216,-4.1387286
MAEA,4.9352794,-8.519968
GTF2H3,0.1971188,6.1473947
PAIP2B,12.218279,4.8547406
DOK5,4.5950856,14.128368
ZNF788,-5.5889897,-0.37478536
IFNAR2,8.8647785,6.7487807
LILRB4,2.4991279,6.2895713
B3GALT6,4.3208327,7.501924
RSPRY1,0.78482604,0.40605906
PLEKHH1,5.68453,-2.3665276
ADAMTS14,13.50793,4.6066976
PFKFB3,7.2632065,-9.743324
HIKESHI,8.713182,-1.2672632
ZNF189,12.670092,-2.2610044
F8,-5.6609826,11.213215
UQCC1,10.269562,13.075148
RNF34,5.201294,1.6583858
CLEC10A,2.7797282,8.471767
ATIC,7.2583594,-5.534512
RACK1,2.8804793,9.576838
ABCB4,15.314892,-1.4761901
BLOC1S6,0.5955143,6.7677536
IFT20,1.3987024,-6.120129
SLC25A45,12.971407,-5.0768833
BMT2,0.0099533135,1.422253
CAMK1D,4.1113462,12.513439
SELENOW,10.577171,0.287707
ZNF267,5.0225496,10.130903
STYXL1,14.248877,-4.591219
CETN2,12.058935,-2.9334743
TANC2,14.519081,11.595651
TNFRSF25,13.446768,8.304758
KDM6A,19.787468,8.066238
DVL3,5.262654,13.852462
AGO1,7.7134466,1.2854013
PANK2,9.846537,13.022361
RNF24,6.653835,3.0902789
MOB3A,12.498247,5.497973
VASN,-0.11465104,10.000484
TGFBR3,15.220019,-6.6964855
WRB,-2.380006,6.774879
CADM2,19.123447,-1.1135048
STAM,-0.085189596,17.028347
ZNF697,18.709463,3.436502
CASC3,16.182684,-1.0968393
ITGA4,-5.418817,-5.6575046
TMEM126B,11.94413,-3.0001113
HMGN5,1.775176,-8.470315
SPTY2D1,6.907193,-9.715121
CCDC90B,15.611544,2.723976
PCGF6,18.683783,2.2031274
ABLIM3,5.6819863,-2.3735492
FAM110B,-2.5412664,5.272245
NHSL1,7.688201,1.2088518
SCAF1,3.3093739,1.4895948
PDXDC1,18.302275,3.9378903
GATA5,5.7440453,12.558646
PCNA,8.573766,8.713115
FPGT,9.640421,10.382737
NPNT,19.765095,5.6485276
ZNF839,-1.0073881,-0.63095516
AKNA,3.1222417,4.9634776
MSR1,2.4707494,6.5602894
ZNFX1,21.867311,4.90552
RNF125,-5.515727,11.724098
NUDT15,19.253916,5.6295867
SPSB1,6.7938585,8.488143
TXNDC11,-0.2596701,8.638769
ERI1,17.928724,4.5028605
CTNNBL1,8.856741,0.53762156
SMC2,-2.1840858,6.9058156
TTC21B,-2.5085104,6.947833
DPH3,-2.5045185,-2.1293504
KIAA1644,8.855948,6.8146796
PAPD4,0.23041761,17.02485
SYTL1,-5.3832517,-5.622668
NAA60,5.4487004,-2.3380256
BCKDHA,11.183993,4.8552375
CLN6,-1.5846636,13.676199
SUSD4,12.296769,6.4666657
AFDN,-5.888372,11.693386
IQCE,-2.0771804,0.2928436
ANP32E,0.8387052,0.4867708
WFS1,10.406792,4.548155
H3F3A,15.382902,12.155404
RDH10,5.085769,8.958148
MAN1C1,14.224652,9.403387
ZNF252P,20.957554,0.1916183
NLN,-2.3590696,-4.6458516
CHRNB1,4.9965415,3.1119082
ZNF746,3.7844272,8.100023
SSTR5,12.960475,4.651498
ZNF668,4.828248,7.285358
DLST,10.909369,4.24732
CCDC3,19.76617,5.6532426
NSD2,12.372801,-2.7462068
FGF23,-3.3750706,4.1078086
PLIN4,8.763656,-5.0760427
RAP2B,3.0875535,6.123368
PCDH7,15.176174,7.8505015
ZNF841,0.019624546,10.555836
RPL8,2.942048,9.991304
TGFBR1,16.754118,5.5654635
MANSC1,-5.4541,11.976795
AHCY,-3.0555937,-8.717713
DGKH,-4.2794166,1.3221948
SLC2A12,10.366396,13.17937
MAP3K13,22.003023,4.4449477
ING5,-0.45965075,-0.9344624
HAVCR2,2.5153759,6.1842813
PDE3B,-1.5549847,15.217241
ALDH1B1,5.023346,14.036371
TMEM200B,-1.6997057,2.6055543
CHN1,16.452421,12.286018
CPNE8,17.506296,2.0650508
PLAU,13.148097,-8.005144
RSU1,14.31797,11.821574
ABCD3,12.785394,-2.0279343
MRPL45,9.721585,4.503697
SLC25A27,-3.6759286,-2.5552611
BIVM,7.93839,1.4226073
DARS2,10.572756,13.832976
NAALAD2,15.561712,9.383481
PIK3CD,2.3269067,5.4160013
ZNF330,5.1010017,12.858139
PCLO,12.183531,6.3945184
HOGA1,5.9249134,12.925224
AUH,12.502798,5.503005
EHMT1,3.8220286,8.052821
GRHPR,10.014249,1.8800642
UNC119B,5.6099463,6.685139
GNS,15.579357,12.808296
AHSA2,-0.45492274,-0.9467735
HRAT17,5.346102,12.418152
PIGZ,-5.8528886,6.350433
SLC1A5,7.0207214,8.75428
TYW3,13.058747,-2.9023426
PATL1,0.8403486,0.112331115
PCBD2,9.844992,13.368973
MOXD1,14.577954,11.561227
SLC25A25,-1.403885,-7.589052
TM9SF4,-2.0859694,10.721499
ROR1,-0.11742846,1.5202827
NME6,6.846061,0.2879122
ATG13,-2.8113146,5.3009977
ZNF69,-4.5442605,5.868522
RBM23,-2.1114907,-4.6543975
CCDC51,-4.804601,1.4574023
KIAA0586,4.8526897,10.561283
CXCL9,-0.7535062,16.425503
PGBD2,6.299952,5.9509306
CSGALNACT2,0.061020587,10.311843
ADHFE1,-0.02711345,10.789836
CHEK2,8.815359,6.960858
PPIC,-5.146908,8.59995
SHROOM3,19.654419,5.6467023
FSCN1,-5.119914,8.734259
FBXO31,2.860256,-5.092866
CDKN1C,-4.5792,13.333801
PRKCH,-5.5268803,11.811703
ZNF429,-2.8806722,-8.517509
OXSM,11.063395,3.8609252
KDM1A,3.4574907,-1.271039
SRSF7,-1.131062,-7.799109
UBE2E1,17.276432,11.597489
SH3BGRL2,14.828898,14.414806
PAFAH2,-1.0133591,-0.63155824
FAM169A,15.057614,2.4620197
GSTM4,-5.7427206,6.4064517
LIG3,3.3790991,-1.2965965
MIEF2,8.827063,-4.374877
PYCR2,11.980943,-0.58225304
SCN7A,17.90585,-2.5762718
BTG1,-3.5758963,3.9059544
IGSF1,13.27286,1.7335379
TTC7B,13.843644,2.9626412
ITGA2B,1.1448457,-1.6633353
USF2,11.864901,-4.1334996
ERLEC1,0.95607007,1.0391288
DGKG,10.791131,12.721251
HARS,-2.2272694,-1.7267064
ASB1,11.2793865,5.432303
RPUSD3,11.272004,-0.4230153
MBD6,5.9893756,6.5040426
ZNF687,5.9920692,6.493286
AGPAT3,14.145987,0.557054
LENG9,-3.7741566,13.052106
FAM149A,1.071371,-2.515264
PRNP,15.750155,-2.3881977
ACTL6A,18.00673,4.6386914
KIAA1462,-2.6036668,4.870717
WDR44,18.502876,0.96892834
LYSMD4,-5.938399,6.27412
AP1AR,17.321781,11.540835
TTC21A,-3.4434607,-2.6499465
TMEM237,2.2077186,-6.604178
ASS1,-8.665541,8.583477
TERF2,-2.3666365,-1.682096
CCDC146,3.6072698,-1.2290635
MRPL43,1.7046378,-2.5720634
RAB28,17.629478,2.0436308
ID3,-5.0851665,12.518529
EXOC4,15.9378,9.076416
FEM1C,0.0808546,1.3327534
ANAPC15,10.318968,1.1183672
MEGF10,14.352974,9.085273
LBP,6.6770077,3.5064762
DCTN2,10.339385,-2.3987408
DIABLO,7.5397153,-4.964017
PIKFYVE,13.13156,14.626014
ACSS1,5.022421,-2.8237329
GALNT4,18.90398,0.8411847
TSHZ2,16.162083,11.8761425
TRDN,8.207474,-4.5844207
GIPC3,-5.083923,12.555333
MBIP,14.193254,14.038453
LIN37,-2.378486,7.112541
LRRC3,7.9796424,-3.290475
ZNF236,8.310925,8.905924
EIF2S3,-1.8342534,-2.0403633
GPN1,7.023808,-5.9157157
PRKAR1B,1.5949591,-2.5744793
PDGFB,-5.1926694,12.303385
FBXO8,17.378958,2.0945098
PCTP,6.787457,0.21438453
TMBIM1,-2.1763644,13.443564
EIF2B5,4.572234,-7.750263
KDM2A,6.931941,2.7475982
CDK4,0.10218856,9.145122
PROCA1,-2.258546,-1.870975
ODC1,-0.68883723,-3.1280031
SRRM4,5.522899,-2.3553195
COA6,8.729783,-1.2562642
FBXO9,4.887517,10.526066
RARS2,2.8492005,18.791016
MESDC2,-2.120963,10.756169
YPEL5,11.011334,8.950499
ZNF490,6.7476635,5.6810913
TREM1,3.899793,5.1421432
IMMP1L,8.884547,-0.9874286
MARCH2,6.2584033,-8.395615
STARD3NL,0.9526584,1.0206788
OGFR,-3.753723,13.063084
SRA1,2.6986687,-7.0762906
SEPT2,18.49959,1.9128873
TMEM176B,15.553031,9.653643
AP4B1,-5.093726,-0.4276758
UBE2Q1,4.9022026,-10.180863
RPL39L,2.2496655,9.744417
TUBG2,9.564822,-8.84819
LMLN,9.737207,10.400217
SMARCAL1,15.2309065,8.439359
RNF213,7.856952,-4.572948
MTA3,-2.9705498,7.838067
SH3PXD2B,3.9005425,1.9057543
ZSCAN30,-1.549191,14.483444
ABHD10,8.214023,9.599239
GJA5,7.6996655,1.3026185
MPI,13.050659,-4.87282
CLEC7A,2.4760273,6.490764
PIGF,9.421119,6.704482
MICALL1,0.95749825,9.0009365
OMA1,-2.410886,7.1647267
ZNF467,1.8042074,3.1306233
BAG4,18.58235,1.1430519
SPATA7,10.401624,-5.3044024
PTRHD1,11.395342,-0.145042
XPC,4.626626,-7.281198
PPFIA1,-2.1569388,4.472018
PCK1,-0.41372156,14.505834
CDC23,15.214286,14.619781
EEF1A1,2.283327,9.717663
TMEM177,6.2524986,0.5389796
PEX7,9.6219,4.4711795
GRIK2,15.922814,-0.94997376
PLCL1,12.480333,6.2236633
ERCC8,-2.4206934,7.017325
TVP23C,0.030040793,10.899762
SLC35E2B,-5.127747,-0.42789304
N4BP2L2,-2.1832116,13.434058
GNA11,6.246211,-8.408751
CAB39L,17.050795,8.788496
PSME1,-2.143294,13.491695
BTN2A2,-3.3871043,-2.7188957
IRF8,3.3086092,5.249981
FAM117A,5.295177,9.949423
CD59,7.1235523,-5.4933877
CHMP1A,3.8097088,7.8228326
ABHD5,5.8769655,0.7222269
NAGPA,1.3316292,7.2122364
MTFMT,-7.28751,-1.4601524
PAK4,4.413037,-1.8135737
FAM65A,3.2455695,1.4421395
AGRN,-5.1900444,8.553895
SPAG5,6.707221,10.015151
SDE2,-1.1439245,-7.7960367
SGMS2,5.870828,0.7320694
FAM49A,16.218596,11.993437
ANKRD9,9.985181,0.5241086
RSRC1,18.574114,2.086927
CELF6,-5.731712,-0.46473944
AP5Z1,4.588866,2.653594
SMPD4,9.965831,15.827357
UBE2R2,0.6610438,1.4348013
GLUD1,18.680946,2.2549453
KCTD3,10.89531,-7.025475
ZFP36L2,0.66044647,-6.586542
RPL3,2.895181,9.469514
AAMP,4.263699,2.2862103
PPP1R21,1.6879789,-8.717731
TONSL,8.136843,10.741962
TMA7,10.528189,0.21600898
ZSCAN9,5.3698244,6.577838
CLPB,6.73136,-5.6653748
SETD7,17.766457,5.3934093
KLHL33,-4.5428686,5.8677473
PGM2,21.749708,4.7987275
EIF3D,2.3480422,9.6562805
TRO,-2.0614572,-0.9844426
MIA3,1.7882805,-2.5799406
EIF1B,5.547736,-1.0938693
CLIC5,10.073007,4.3209558
ISY1,17.496601,-5.2210383
ZNHIT2,6.553545,0.48602864
ERCC2,6.763183,-7.9191337
ACSS2,9.492108,-3.7368724
SNX25,-3.3683891,4.0785837
MAFB,2.8100624,8.496571
ELAVL1,5.4057417,1.4541411
ZMYND19,0.9611014,9.006145
SAR1A,-0.05441665,10.762178
CCL28,1.3705891,-6.248417
RAP1GAP,1.5958416,-2.6921299
DBF4B,-5.7352304,-0.46707407
TMEM57,20.87927,8.153304
MTG2,9.966132,15.828264
HIBCH,12.3325405,5.180981
UGGT2,2.7507248,14.156198
MLEC,4.038214,-2.8352597
ZUFSP,1.2950536,7.2219296
SLC2A8,22.851822,-1.010046
NUCB2,18.879206,4.587564
TMCO6,4.27459,7.540072
ATP6V0E2,11.778945,-0.5592403
GALNT7,18.859509,0.89098924
DOCK10,2.76111,5.606793
PCDHGA3,0.4285342,-6.545649
ZNF286A,-2.4636257,-4.7549996
FBXL8,22.822691,-0.98083377
PELI2,14.074802,12.028794
TATDN1,-1.8505918,-2.0432982
TM4SF18,-5.463097,11.892839
MSL1,0.36214533,11.270423
SC5D,0.25237936,3.7755287
TPRG1,1.034243,-6.3416595
JAM2,15.246877,8.311543
MED20,-2.3787434,-10.28793
ABCC4,-0.032475676,10.787637
CCDC12,11.808878,1.3339375
CLPTM1,4.5879483,-7.7643843
BRD8,20.099323,-3.8314104
P2RY11,3.5781546,1.6264219
TMEM117,0.6798113,1.4166766
RNF2,18.637703,5.7544284
IFI27,-3.8132303,-3.3449457
TIAL1,9.239335,-8.436695
UBE2V1,5.354974,1.511988
ZNF614,13.1379795,14.630508
GALNT10,9.310997,6.6852884
DSCC1,0.899723,-6.17153
ALS2,15.291826,-1.5427088
HAUS2,0.4889572,6.728396
EXOC3L2,16.503931,12.338557
ENOPH1,18.804785,4.682058
OCEL1,8.13795,10.743501
TRIOBP,2.6786287,-6.2824874
TNFAIP8L3,8.841884,6.834248
PGRMC2,17.283,11.563798
EDC3,4.2804956,7.5335627
ZMYM5,-4.285296,1.3221709
FAM161A,2.4819832,-6.3767667
SPATA24,11.8382225,-4.077856
PRCC,9.965777,15.823282
IL15RA,6.590615,3.7086053
PLEKHB1,1.0708753,-2.520004
NKTR,10.970015,-7.102755
TAF4B,5.1587114,8.889748
RC3H1,0.22307694,17.023125
TUBA3D,8.755387,-4.4231973
AMDHD2,-0.04980499,0.64133006
PRKCI,18.673248,5.6629043
BCAR3,16.667902,8.821194
MGAT5,5.318843,13.746107
CFP,2.3685408,5.54571
CSF2RA,2.5731685,6.15495
CSNK1E,6.9680166,2.6710956
PLXNB3,2.9710035,14.545097
GLTP,-0.28095996,8.649642
HERC4,19.267765,5.6323695
FAM110D,-4.4739633,12.754818
REXO4,1.4098366,8.920045
ZNF829,3.5195441,3.5291274
LRRC37B,-3.404898,-2.6434755
STX1A,2.6678972,3.5050185
PIGB,-2.7465725,7.507185
HMGB3,14.263679,-4.6121473
PRMT2,-0.08891949,17.059587
SOCS2,-1.1494806,-7.8093176
CIAO1,-0.011612451,1.4384581
PIK3C3,0.39819062,6.6070857
CHML,10.973055,1.1075803
PRPF3,3.407453,0.17231198
IKZF2,8.34536,8.917775
CBLB,14.097914,8.720189
TARID,-3.095487,-0.8132993
KIAA1147,1.5393656,-8.9691105
FYN,15.221749,-6.6983414
ZCCHC2,-1.4060348,-7.6016726
TSKS,-1.6864611,2.6040533
RHOQ,5.4764714,1.2742795
GLI1,-1.7404839,3.1534538
S100A4,14.153774,8.751692
SERPINF2,6.6543665,3.5483007
NAXD,4.4167995,2.4574716
SNX16,18.904392,0.86685526
CA11,1.1417922,-1.6444424
RIOK2,2.8491406,18.794493
EPAS1,-2.5877202,4.825969
MBD5,10.520768,-5.377886
BLOC1S5,2.280972,-6.5884933
ABCD1,6.207589,-8.439888
CLCN2,5.256195,1.6184121
BSDC1,-0.46317124,-0.9306448
SLC1A3,14.914866,10.111792
ST8SIA6,16.47755,12.30437
MDM1,7.142561,2.478493
ATP6V1G2,-6.0240903,6.262208
THADA,16.423557,11.861826
TBCEL,15.633235,-2.4986417
CNNM3,10.391038,-5.2952304
GOSR1,-2.296168,-4.5657234
NOMO1,13.010173,6.4483805
CGRRF1,0.56398916,1.3856037
NBPF19,5.1095424,-8.760753
SNHG17,7.328845,8.967928
KCNH3,5.6306906,-2.3651683
STPG1,1.1578227,7.286248
PCDH9,7.2829566,0.88397676
MRPS18A,11.181402,0.49396572
MAPRE3,9.230755,0.19869435
EGFL8,14.812412,8.336838
MAGI1,10.708428,12.817348
SLC25A35,9.136061,-8.403977
LSS,-2.8212337,5.2947264
MAPK4,14.298272,2.848612
CNTN2,13.292872,1.785031
ACSL3,15.491449,12.334189
SFXN4,10.034158,-1.433916
RILPL2,8.598862,7.2839956
ZNF576,17.748587,-1.0751493
SLC35E2,-2.2056682,-0.4709962
ZC3H12A,7.1269965,-9.80271
ZNF626,-7.180576,-3.6367598
EDRF1,6.0264564,6.5205917
TSEN15,7.471941,-5.0761847
PPP2R5D,-5.7317896,6.4108095
ODF2,5.684141,9.690299
PER1,-1.5748482,-7.379458
INO80B,-3.8755052,5.7355337
RAB37,-2.5659888,-2.1704328
CDON,-1.7340426,3.1479208
BTBD9,5.4286413,-1.1906352
NOL3,11.621531,-0.60261506
SLC25A42,22.028034,4.4312367
ABHD6,-2.3934596,0.1222277
RRM1,10.567675,13.832954
NCAM1,5.445878,-1.1965908
INSR,5.042951,14.040256
PFDN1,8.650805,0.69689155
NCAPD3,20.09786,-3.8321097
GSE1,13.216444,4.633687
STAB1,2.2560263,5.6869073
NMI,-3.8880396,-3.4641688
SELENOH,4.672522,-7.313767
INTS10,6.2919183,9.863004
ZNF326,10.902048,-7.029977
INTS1,6.2519345,-8.404075
PIGN,-2.4606807,7.1134496
ZBTB42,2.4863029,-6.387833
C2CD4C,-5.1237807,12.755227
PDGFRL,14.685462,10.0792
PCSK7,5.1368084,14.2563715
NID2,13.808023,8.535331
NOV,14.779451,10.228028
DCUN1D5,8.297354,-2.492319
GJA4,-5.5540104,11.889583
ADORA3,2.674737,8.587039
COQ5,4.125618,-2.63419
ASB3,10.466959,-5.361665
TAF9,-1.6775819,2.6482885
HMGN4,18.66897,5.6250787
S100PBP,1.3568416,-6.205029
CDK5R1,20.09779,-3.8327608
GAL3ST3,1.0605694,-2.5069351
DOCK7,17.737509,5.384313
FMNL1,2.3416872,5.7205815
SERPINA1,4.287768,5.167478
SAFB,15.623593,12.911862
CIB1,11.926136,1.5530677
GRB10,-3.2754877,4.192303
ZSCAN22,-2.0973284,-4.654551
NEIL2,6.7105274,-5.6842656
CEBPZOS,15.559311,-2.4517047
ZNF446,4.182252,7.7204704
CCDC126,18.911951,0.8432982
LMOD1,19.76172,5.650156
AP5B1,7.4515047,-3.769214
SLC35F6,3.7848995,7.8295264
MAP1LC3A,11.324406,0.8031063
ACVR1,15.471509,12.283889
ZNF473,-2.4116445,-4.698099
TAF12,15.085858,16.39873
TLK1,17.283522,11.573547
KCNMB4,13.31858,1.8036337
EHBP1L1,5.961989,12.926322
CRISPLD2,6.795581,8.486263
LYSMD1,4.0363297,-2.8343675
PASK,2.46021,3.6512291
AK6,-0.95893675,-3.0369005
FITM1,10.074087,0.88706
TMEM11,10.337332,-2.408945
DCAF1,5.134887,8.908251
INCENP,-2.493869,0.22808097
AARS,-0.74758434,-3.2232826
SUSD6,4.9476957,9.188003
TMEM101,-0.6935978,-0.7786459
KIAA1217,5.686639,-2.3772087
SLC11A2,4.791743,9.588166
CASC10,-2.1311898,4.421383
TBC1D2,2.158345,5.3520265
CCDC97,17.737865,-1.0890588
ZNF569,7.442803,4.8883877
NAAA,14.725851,10.176417
ST6GAL1,1.6309758,-8.850584
PPM1D,18.945484,0.80264246
ZNF559,-5.541461,6.5270863
TOP1MT,6.6595592,9.935164
SLC31A1,-0.8191151,-3.1897314
SOCS6,18.493683,0.8524783
CTGF,0.19272494,4.9938293
CALB2,8.800153,14.87081
PODXL2,14.464231,9.303117
BCL2L2,18.027758,4.033501
NXN,2.835005,-5.069301
ERRFI1,20.431108,8.371119
TMEM8A,0.9575501,9.005121
LONRF3,0.9368172,-0.114583395
VILL,-1.6877221,2.6154368
PDCD10,0.77586114,0.2051435
ZKSCAN1,-7.078965,-3.5386662
CELF1,18.709486,3.4377608
ZNF675,7.2377095,5.235124
SNX30,16.871576,11.681223
WBP1L,6.022882,9.91487
ODF3B,-3.8820965,-3.4570613
CENPJ,9.7799425,10.442243
SF3B1,19.58113,7.3804903
BEND5,4.0779643,-0.28911418
BCOR,-4.9572406,1.0929836
NRDE2,6.2898903,5.9784636
PRDM15,4.9264092,-10.138243
FZD3,4.8308616,10.584144
ZCCHC10,6.1625495,0.5636199
PODNL1,7.89928,-3.4967008
PLEKHG3,-2.1882458,-0.08382162
STON1,-2.2435355,4.468927
DDX10,-1.9648007,-3.6294057
POLD2,9.9425535,2.0396063
AP3M2,16.412472,-7.7340384
IGSF11,17.918911,-2.592934
UBE2L3,6.690194,-5.6677604
FZD8,-1.4796036,2.9991868
ETHE1,7.3808484,9.001033
NEK11,14.46311,9.300099
COMMD10,10.245349,13.833351
TBC1D10A,-1.9012834,13.744893
PEA15,-1.4383897,14.326592
CCAR1,19.488672,3.2121422
ULK3,8.597483,-4.5491457
ZNF583,-2.3156564,-4.5807567
SMYD5,3.361637,-0.46478388
RPL9,2.401294,9.5837965
ATAD2B,13.309432,13.676956
HIST2H2BF,8.995284,-4.3151507
PDE1C,4.85088,-1.5617453
DHRS4L2,11.38534,0.7900208
EXO5,6.390411,5.8990173
MKI67,6.707932,10.01235
MATR3,18.594528,2.078923
ZNF780A,7.3566427,5.0035405
SMG9,-2.0379632,13.540025
DNAH17,6.8672357,3.0432227
SETDB2,-1.5316072,1.0130327
TP53TG1,1.7910403,-2.5867133
TSTA3,-2.1313488,13.449676
SYNPO,10.316974,-2.7345927
POFUT1,15.580884,12.801436
SULT1A2,17.919338,-2.593169
FBXO17,14.410193,9.151717
MEAF6,15.524543,12.362591
CENPO,6.3864307,3.971376
PDRG1,9.969447,6.259425
PHF8,21.907095,4.1368265
RASSF9,7.640812,5.270437
PTCH2,-1.5943438,3.0146189
LGR4,15.221691,-6.6984086
DGCR2,0.9081694,-0.06301642
MLH1,8.310636,-4.649752
PACSIN1,11.271951,5.4419184
PDCD1LG2,15.724469,9.256513
SPRYD4,8.890939,-0.97943425
LIN52,1.7288815,-8.555317
TIGAR,-2.1326792,-3.9690356
TLCD2,6.297307,10.11506
COG1,10.580874,7.8919206
ME3,13.063701,-4.9169893
PIBF1,18.970655,5.6646442
RBM17,5.23692,1.6231008
SLC36A4,2.7765112,14.200454
TLL2,1.6477714,-2.6211205
MYO10,-5.502314,11.844592
NLGN4X,8.664122,7.1934953
TRIM22,-3.7381918,-3.3050294
MARCH1,6.742753,9.976591
RIPK2,4.9527764,9.257275
CHMP4A,-4.113869,-1.2140601
TBX15,8.640336,7.2220116
NDE1,14.8576975,11.741669
ZNF276,4.3472924,7.4813633
NAPG,0.76302,0.21282274
ZNF133,3.0761533,8.86977
HAPLN1,14.704925,10.073923
GABARAPL1,5.513915,1.2411431
RTN2,17.925013,4.684451
TPK1,0.9969671,-6.35162
SLC16A6,-3.4689596,4.022132
CCHCR1,6.5842757,-5.7992797
DHX58,-3.5176578,-2.981103
C1D,18.830599,4.651111
KANSL2,6.1839933,6.292068
LBR,5.7835584,9.372231
CYP20A1,0.9423205,-6.2750964
NFASC,13.212927,4.6320815
BLVRA,8.962677,0.37693202
LPCAT3,5.89201,9.868157
ZNF700,5.791053,9.387738
FTL,-3.1184092,4.3763423
KCNN3,0.87902564,-6.52616
MAVS,3.327205,8.622308
NOD1,6.843069,3.1201482
GLMN,-2.8268597,6.9200664
CHPF2,2.492515,-6.3965907
ARNT2,1.0534475,-1.9728712
PEX6,2.9165564,14.452493
KIAA1324L,1.789397,-6.7794085
MCU,-0.088616356,10.940398
FBXO38,-8.095602,2.304407
TRIM14,2.7567477,5.596467
PSMD5,17.430616,5.358673
ZNF502,6.840679,0.25880563
ZNF585A,13.106382,13.506692
TRAF3,7.75089,13.325586
LAMA3,-1.5562893,15.213426
ACAD9,9.723184,-3.4759357
BBS7,14.514443,11.683697
DGCR6,8.810052,-5.1459246
RNF40,7.7894177,-3.9082322
CD248,14.183658,9.373904
STARD8,-5.670567,11.1943
SCNM1,4.3822293,7.4520597
SIGLEC10,2.2448003,5.698416
CES1,8.419967,17.6563
HDDC2,8.977447,0.39873388
NUDCD1,5.171995,8.887251
MITD1,9.446094,6.6235685
ZNF483,0.93701816,9.000637
TMEM80,5.8560486,0.73802555
TMEM168,18.504725,0.90506375
TSPYL1,7.8371015,9.271684
SZRD1,15.269254,8.396299
FNTB,4.1271214,-2.640344
GCFC2,19.581202,7.379587
TMEM185A,19.08807,-1.0853604
HNRNPA0,0.6066857,6.8048315
NPL,2.5249288,5.5868144
WTIP,4.9927897,3.1068625
EOGT,15.446505,-2.513178
NSFL1C,9.854003,2.139959
RNF5,10.008453,0.8644117
MYOCD,7.8620353,1.3499986
ASCC1,13.467892,4.6313343
NCAPH2,11.445401,1.0153868
TRIB1,6.9159784,-9.726286
RASGEF1A,1.0866312,-1.9880214
LRRN2,1.103067,-1.7259134
ALKBH3,15.250541,14.633899
BLM,5.1252685,-2.3390725
SHQ1,6.743924,-5.6750035
CARS2,6.5698075,-8.117129
DDT,11.066824,0.6528665
FASTKD1,10.376552,13.164041
PROM2,6.587859,-5.7951775
TMEM263,-0.054556802,10.801095
RHOBTB3,20.72576,8.631809
COG3,0.04692092,10.303928
SERTAD2,19.87216,8.138497
KIAA0930,9.779672,13.407192
ZRANB3,-2.7474103,7.5067015
SLC25A6,2.9540417,9.947978
GAA,13.935953,10.09556
NKRF,8.95125,-7.889235
TRABD2B,13.235409,6.6819835
HBS1L,12.573673,-2.639525
POFUT2,-1.8047206,13.939685
EP400NL,5.3719077,6.5820312
ANAPC7,3.716925,7.8853927
BMPR1A,0.18070573,4.998872
PDZD11,9.874872,13.223984
BPHL,16.081741,-1.0920316
BCORL1,2.1759734,3.3535652
ESD,10.241981,13.82927
ADAMTSL1,14.165884,9.382687
SURF1,11.159435,0.5523056
MUC20,6.705259,0.46429092
RENBP,5.012836,-2.8290765
COX16,9.939504,2.0597913
ORC2,-8.121133,2.2796412
TRIM41,6.1356664,-8.508205
NEU3,17.928368,-2.6051123
PCSK5,15.972744,9.070714
CDK9,9.3728485,-8.515038
KLRG1,-5.64937,6.4615583
PPARD,7.0528045,2.641538
GNL1,9.599693,10.890007
MSI2,12.225976,-2.8198974
TCAF1,18.482632,1.1863064
OSBPL2,5.299392,-8.423573
PROSER2,8.771346,7.018381
ZBTB10,19.166908,7.0608463
ARHGDIB,-1.4243106,14.795182
CPEB2,18.612032,0.98267066
ZFAND2B,9.665017,-8.9691725
GABPB2,9.7575,10.365652
PC,8.801048,-5.140002
SLC17A5,18.766914,3.4715567
GIPR,9.43933,-3.818971
CAPN2,14.080113,12.020967
UQCRHL,9.802186,-1.2323644
HSD3B7,15.424286,-2.5279524
TOR1A,17.258444,5.7170806
KIRREL3,-5.277402,9.188026
ZNF426,6.1642737,6.3157573
MAP3K14,7.6389656,4.6888204
AADAT,0.8811092,-6.146913
SYP,10.15634,6.1293344
C2CD2,15.866439,-0.9786669
TMEM216,17.756542,-1.0643824
TRIM13,-7.972182,2.4333873
BCL2L13,14.186429,2.8758714
SCRN1,15.242958,11.887239
ARMCX1,18.6682,2.2402353
BRE,10.636423,4.5571284
LCLAT1,17.334919,2.1019928
ELMO2,3.168522,8.9022255
HYLS1,8.077104,9.369695
DYNLL2,10.340666,13.12736
AKAP17A,7.238375,2.1623805
MTMR9,19.260672,5.6355987
ADK,11.908357,-3.02977
SLCO5A1,15.629082,8.837836
MET,8.819987,14.889204
GTF2H1,0.39974073,6.5907125
HIST1H4H,9.03304,-4.295141
LAMB2,1.0714616,-2.2241182
RPTOR,10.397194,4.54322
SCARF2,4.894184,-10.2105255
DCAF4,3.4257205,-0.21946006
USPL1,-2.3124726,-4.5720005
COG5,15.921453,-0.9435231
RIMS3,6.3001347,4.060925
TAF8,7.9567537,1.4569045
VKORC1L1,18.064392,5.876714
KDSR,19.32627,3.201075
MRPL19,17.317207,2.1094103
ANGPTL7,15.146458,8.442903
CELF2,20.376814,8.340115
RAB40B,-0.33490333,8.454969
SNAI1,7.237557,-9.801401
ZNF555,-0.50443304,-3.696582
PLA2G12A,20.543694,1.5893677
ACTR3B,3.8634183,-1.1135393
HSPA12A,13.348418,1.8173586
SLC12A7,3.053283,-5.2999897
WNT10B,10.142106,6.135341
ATXN7L2,4.3742075,7.4622407
BAG2,18.589773,2.0640182
NR1H3,18.81983,4.615243
ALG13,13.393121,13.79718
DAGLB,4.6680284,7.270928
EGF,12.272521,6.415637
SLC26A6,0.9380617,-0.12023163
WDPCP,-4.766402,13.114
ZNF461,-7.186965,-3.6433103
ALDH9A1,10.577374,13.830929
GSR,12.483145,6.2383714
GEMIN5,-0.46303692,17.23229
NSMAF,0.5683152,6.640518
NDRG4,5.235566,12.422238
FMO3,16.23079,8.781155
STX18,14.304746,-4.652542
CPE,14.643002,10.032618
FAM127A,10.039099,0.85041237
CMTR2,7.426791,4.932341
GRIN2A,4.9522715,-1.7131726
HNRNPUL1,8.252383,10.552651
PEF1,3.1841297,-0.578919
TNNT3,13.457743,8.312613
OGFOD3,12.217421,-0.7376979
COG6,-2.4597178,7.0993524
HERC5,-3.6346042,-3.18338
FAM160A2,5.404037,6.5483775
TAF6,7.8021054,-3.908691
ARHGEF3,6.7681074,9.950122
ADCK1,13.064533,-4.9289036
ZXDA,8.458281,8.84064
ZNF540,5.6617823,-2.326086
KPNA2,-2.0496643,-3.7477434
HSD17B8,10.474752,0.83515537
POMT2,3.1922858,-5.353933
CCL21,7.094643,17.507082
GAS2L3,16.715666,8.825021
RABEPK,3.1688738,-0.5435865
STK11IP,4.8271976,7.1694784
NT5C3A,0.5623436,6.7024975
TMX2,8.288271,-2.508261
KDM3A,-4.2716985,1.3197117
HAGHL,5.067005,-8.697672
CRYM,9.006584,0.5908869
SNAI2,-3.040655,4.9889197
ADCY1,15.248751,8.313172
NT5DC3,-0.2672006,8.633871
MTMR3,15.100334,14.554174
ZNF383,-0.48257288,-3.720834
ATP6V1A,17.927341,4.491141
STX11,6.5795164,8.626525
POLD3,5.988762,9.892882
UBE2QL1,9.747568,4.4772415
DGKA,8.951953,6.8006706
MEMO1,18.867453,2.8198302
ZCRB1,12.095009,4.670347
A2M,1.5672616,5.281885
TMEM129,12.030698,-0.91411394
KYAT1,11.867043,-4.147306
RMND1,4.1162596,-2.633906
CDIPT,6.6478343,-8.039199
ZNF554,-1.3999896,14.353583
HCN2,5.551794,12.616572
LYRM4,5.3616357,-9.306642
TADA1,-7.9468493,2.4706206
TRAF1,-3.0927162,-0.80673486
NPC2,8.551328,7.3951674
FAM43A,-0.7276716,16.413036
ATXN2,-1.6701299,17.348967
CFLAR,-2.9491699,10.645343
MX2,-3.7956607,-3.3318243
SDR39U1,11.430699,-0.11120789
HGSNAT,7.07557,-5.832676
FAM53C,4.5275087,11.280397
PPIH,11.857275,1.484353
DYRK3,12.718862,4.4920015
DNAL1,17.215557,5.7308793
HMGXB4,-2.3099842,-4.5748014
PHTF1,0.068044856,10.323352
FBLN7,14.58874,11.542105
TAOK3,18.488548,0.92525434
DPH5,10.590341,7.8831215
ENO3,9.722683,-3.4761407
STARD7,13.847001,2.8560152
SNRPD3,9.937306,1.9898546
MBOAT1,-1.8915949,-3.4959135
FCF1,18.758211,1.0350358
EFCAB7,6.9840527,8.730963
PPARGC1B,4.61449,-1.7581505
KIAA1551,7.0977893,5.573198
CHST12,-1.8396806,-2.0435243
MAML1,5.3081822,6.9137583
DMKN,1.1494234,-1.6102163
MFSD7,6.6092143,-8.078699
RNF166,2.50386,3.639445
FHIT,12.215302,4.895953
BTN2A3P,6.9101944,5.438724
UCKL1,-5.9327326,6.285155
CHST11,5.168115,10.044316
KDM4C,-0.4926107,-3.6524196
PON3,8.449207,17.670202
PIWIL4,15.232837,11.880188
GIPC2,-5.530562,11.684912
S100A14,4.927052,-2.6791637
FAM160A1,11.318684,5.3661537
THSD4,12.225617,4.8017983
ZNF607,-7.144738,-3.601169
CEP57L1,1.8251935,-6.674457
WDR97,-5.750563,6.402603
ZNF410,13.098965,-7.9490747
NBL1,-5.0952644,9.137693
RBFA,11.400525,1.0124118
PCDHGB5,-6.1390896,8.644159
ZNF48,2.868154,-5.094133
PKIG,10.006341,1.8768759
TCF21,-2.2426083,14.447803
FXYD6,15.761756,9.142128
HCFC2,15.488523,12.5718775
CALHM2,10.542924,4.577597
PAG1,-0.8520454,16.298378
SMIM10L1,10.082406,4.401963
ARL14EP,15.066635,2.471098
VCAM1,21.537533,4.8925934
ZNF385A,-1.8989679,13.748623
ATP6V1F,4.7535677,-7.4369917
FAM13B,20.701113,8.505689
CD3EAP,3.7426393,-0.9958021
ELANE,4.1868215,5.0494394
BCAS2,12.016983,-2.9492674
GRB2,9.78129,-3.4433255
FAM83B,7.774482,1.300347
PPIL1,8.713107,-1.2674783
PDXDC2P,10.926805,-7.0500813
B4GALNT1,13.029982,1.3962141
METTL14,-7.992166,2.4151793
SSU72,9.891927,2.0986059
WDR70,-1.990742,7.39566
ZNF749,-2.2978659,-4.476353
SLC36A1,8.625817,8.667665
B4GALT3,7.298502,-9.795528
CKLF,-6.630972,4.6908197
LZIC,9.041057,-8.27393
TOB2,-3.083697,4.9983726
TMED4,12.056871,-2.937758
SLC29A1,12.706316,4.5029163
CCNA2,5.263392,7.0989814
BAHCC1,4.3080597,7.5110025
FAM228B,-0.29195228,8.670945
ZNF44,6.40118,6.3898635
MRPL42,0.54773766,6.6611
ANKS1B,14.543872,9.763186
ELF2,20.418518,8.370775
MAMSTR,-5.7630363,6.3953223
TREX1,9.310564,-8.455495
FAM198A,14.022811,10.060387
ARMC5,3.9044454,8.025227
ZNF217,1.0999651,13.767899
SPTAN1,-1.6017723,3.0542555
PLCXD3,11.035761,5.8685703
SYNPR,15.9685335,-0.7167935
PFKP,10.336424,-2.3951926
ZNF207,0.58999,6.778998
KIAA0040,1.2802992,7.285993
ZNF658,6.852894,0.24550205
ST3GAL6,12.53049,-2.85225
GHRH,0.8537526,-2.8415208
PLXNC1,2.7147894,-7.116292
RBM33,-8.133334,2.0343719
PROM1,-4.0436983,12.918293
DCLK1,15.768278,9.315618
PAQR4,0.23268585,9.340414
MLX,11.032992,3.921262
GPCPD1,21.593956,4.859529
SSPN,15.226358,8.3121605
ZNF530,21.878767,4.9083605
HTR4,-6.138818,8.645942
CNOT11,10.7896185,12.722577
RAB11B,12.059405,1.3392975
RIPK4,-1.178566,-7.75486
SHMT1,-3.0531204,4.993547
ITGB4,13.323888,1.8235117
ALG11,17.921185,1.339553
SLFN13,16.34854,9.422451
PPP2R5C,13.009827,-2.8389535
ABCC1,16.205164,-1.1006213
CYP7B1,18.910543,5.610639
UBE2Z,-0.24385092,8.742943
MORN1,6.6767197,-5.6948595
RUSC2,5.4105706,1.8896266
YDJC,6.3062725,4.050761
ALG12,-5.735247,-0.46738946
TPD52L1,7.147915,17.527674
STRADA,6.3693604,0.5132995
SLC30A3,5.678941,-2.367028
ITPR2,20.481064,8.395459
NPRL2,2.7704942,14.1884165
NME5,8.878,-0.9764014
TMEM60,6.860452,5.351566
UIMC1,0.6624178,1.438633
LMO4,16.205631,9.375448
PTEN,-1.5461587,15.204414
WDR82,19.002216,5.614315
GPRC5B,4.43701,-2.823749
TRIM9,-3.9840314,3.7521832
THSD7A,16.467703,12.281803
ITGA2,-0.8557239,16.2243
ANAPC10,17.372675,2.0946896
ZGRF1,-3.6015775,-2.509184
CARMIL1,17.05172,8.811206
MS4A14,2.7787676,8.454483
VRK3,2.765918,3.579037
COQ2,8.744555,-1.4570574
FAM216A,-1.8756346,-3.7241979
CYB5R2,-2.1182473,10.869566
GAS6,2.9196935,14.456262
CIDECP,2.4390202,-6.5209823
DET1,5.0947924,10.098528
GSKIP,0.96481186,1.0286839
TPST2,-2.5143554,5.299287
PAQR3,18.073416,1.4455994
FBXO25,-1.5262939,1.0607451
POLR2J4,3.027343,14.617512
OXNAD1,13.815646,2.8801925
CPXM1,-5.127403,9.128971
SP140L,4.559144,-1.6296173
LIMCH1,12.373334,5.232842
MECOM,-5.9772625,11.611912
RALA,19.023096,5.693902
PGAM1,10.338258,-2.3962257
MRPL9,9.761832,-1.1889737
LETMD1,1.4755818,3.0550802
LRMP,-3.405336,-2.7577074
CYS1,6.6564193,3.5502777
DYNC1I2,19.226032,5.628135
COL9A2,14.572563,9.690493
ZNF23,-7.4587207,-3.9027267
NR1D1,-1.7912896,4.203691
CHST1,-4.9438114,12.983267
NUB1,10.621429,-5.5538144
APLNR,14.930882,11.873906
KSR1,-3.674916,13.035479
UEVLD,15.369449,2.5735734
ARHGEF17,7.813184,-3.9160955
DTX2,3.3855245,1.4597588
FAM220A,12.49837,6.2137446
ACER2,16.377478,5.4627113
PDCD6IP,19.836943,8.162464
POLR3F,7.6032877,4.713606
CMKLR1,-5.536833,9.368107
KIF17,-5.4469433,11.984875
CD4,2.7313395,8.369065
GEMIN7,4.4814053,-6.670142
GLTSCR2,-4.106421,-1.222381
IRS1,17.02552,8.840195
GTDC1,0.9610008,9.02091
AKTIP,8.036974,-3.1219275
ZNF720,13.235441,13.613946
TAGAP,-5.1026964,4.386574
TRMT11,19.578566,7.3773875
APBB1IP,2.5562012,5.586887
SEC22A,0.19759052,6.152251
PLD2,13.820521,2.8676004
HSPA2,4.9000616,12.102207
CSMD2,-4.9757743,8.337554
ADGRB3,10.553756,5.8463607
SASS6,0.89929044,-6.18034
GTF2F1,2.7427752,-5.6432548
FGF7,8.578635,7.27909
CWF19L1,-2.8118253,6.91348
TRPM4,4.501525,2.5569303
LRRC6,-5.5212975,-0.38781175
TRIT1,14.919692,8.91226
SLC38A10,-1.8140384,10.938743
MLLT3,3.839339,-1.0746282
GLTSCR1,3.4868832,1.5858414
OSBPL10,-0.7381752,16.426235
MAEL,10.103464,4.339613
SLC35E4,3.753232,7.8394637
PARVB,13.938842,0.5557465
PHF1,2.883671,-5.244398
MR1,0.98561597,-6.4764905
RILP,11.80263,0.12427615
TRIM17,16.87008,8.840657
EYA4,12.673121,-2.2564282
SHOX2,10.013767,13.588397
SLC44A2,-4.5459747,5.8698583
MCM4,10.354405,13.144001
SEMA4C,-5.468206,11.96507
TLE4,15.190431,11.832829
RPA3,12.086951,4.64588
UPB1,18.031227,4.641046
MROH6,10.524121,13.408037
MAFG,-7.9326715,0.55777186
ZNF543,6.198426,6.2952504
PRKY,11.026328,12.422886
HTRA2,4.9475884,-10.1365795
LMBR1L,7.122629,2.4886065
DEDD,6.8752623,3.0639234
SUCO,19.350609,3.2667696
TMEM233,-0.10754605,10.001483
HDX,0.13364112,6.712905
OGT,10.763803,-6.8854465
DUOX2,15.548578,9.654461
TCP11L2,7.9079843,1.3669481
HNRNPDL,-1.8269575,-1.4896826
MMP23B,-5.141809,8.5625725
SKIL,16.76107,5.561475
INSIG2,18.802555,2.5829687
ZNF772,-7.3526254,-3.8017824
RNF19B,13.103227,-7.9493423
SFT2D1,17.455353,5.2654514
BTBD10,17.972322,4.425437
CYB5D2,12.972646,-5.0766287
RORA,21.744808,4.5076284
TMEM240,0.82348204,0.10764193
NME4,11.26344,1.7317234
ZNF628,3.0048697,-5.306735
TSEN34,17.936773,4.1974783
GLRX,4.900953,9.653452
NPAS2,-1.5538267,-3.6590867
PGS1,6.7701287,3.241441
KLHL42,1.972954,5.304039
ALG14,3.6191194,3.271782
RPL3L,10.476944,0.83552176
KIAA0141,11.093264,4.7830267
APOA1,5.7271557,12.550981
ARL3,9.889577,2.077371
MTF2,14.812637,14.414648
EMC1,-1.9164672,-3.5022898
TSPAN15,-4.57292,13.339886
UBB,9.210237,0.19271737
QPCTL,7.2410793,2.2151577
LTA4H,2.2698596,9.730025
LRTOMT,2.823361,-7.443318
GLIS1,14.524227,9.591888
GFOD2,3.875262,7.804785
PDSS1,3.806353,-1.0433912
ZNF250,3.1442006,8.869491
LAT2,-6.6314054,4.690953
BDKRB2,6.5937257,3.726132
POLM,18.767221,4.7126594
PARD6G,5.265809,-8.446333
ZNF799,5.341214,6.5634003
CYSLTR2,11.205781,-8.459059
CHURC1,11.904732,-3.0334678
PHLDB3,-2.3788877,-10.287267
CDC42BPA,11.9243555,1.5414116
RUNX2,-5.115015,8.671023
DEGS1,-0.567908,-0.86392903
PHYKPL,15.607532,-2.4883654
FNBP1L,16.411108,5.471409
JAK2,0.17957586,4.9990616
GCAT,8.791862,-5.120652
LILRB5,2.661902,8.234686
RBM15,5.138373,1.7168444
FOXO4,-0.1989372,8.364398
SUDS3,19.856237,3.2211742
DCLRE1C,-7.1961107,-3.652705
VPS26B,12.009589,-0.94526935
FAM105A,2.6133432,8.099268
ADCY9,4.487538,-1.5615762
RHBDL1,6.603301,-5.7840257
ZNRF2,5.6460466,9.572469
SFMBT2,-2.1908822,-0.92151654
KIF9,8.800268,0.606722
IRX3,8.8185425,17.849995
FAM131A,-2.8848686,-8.522367
BLOC1S2,0.054727044,10.353405
ZBTB18,15.627738,-2.4827635
ZNF320,9.775484,10.37228
FCHSD2,18.750677,3.5126376
SF3B2,3.3764632,0.2114688
PLXNB2,1.0506973,13.711458
PRICKLE2,17.012102,5.4223084
CREB3,11.88618,1.5588958
MON1A,-4.555651,1.2683777
NAGA,2.7737777,8.430594
PHACTR4,-2.17591,-4.4480915
TRIM32,7.633742,4.687986
SOX7,5.22314,9.644692
NELFCD,7.473475,2.7773054
RCAN3,8.301082,8.909721
ZNF117,-3.5171084,-2.586941
SNAPC3,-2.1733572,6.8965836
METTL10,3.0141392,14.6073
ACOX1,9.830336,13.429282
ELMO3,-1.7959028,13.82308
RAPH1,-6.0831723,8.6976595
PSMG1,-2.2003808,-1.7385654
PROSC,6.9706717,-12.155002
CD58,16.485577,12.323041
ALG6,0.92528176,-6.1791477
ZFAND2A,8.854085,-7.74552
TMEM150A,4.4973373,2.549334
C1GALT1C1,15.553306,12.690624
STAMBP,10.796119,12.72106
GALK2,1.6980711,-8.704193
TES,0.76385707,0.20606515
CIZ1,4.915181,3.0223157
KIAA2013,12.318948,-0.7873007
KDM1B,15.610737,12.899023
WNT5A,15.288697,-4.9480815
CACNA1C,5.2834663,12.822713
CDYL,20.678091,8.541334
STARD9,-1.9022055,-3.5133924
RABGGTA,5.039842,-8.663868
PDE1B,19.101353,-1.0961782
MED31,6.970644,-12.153552
FAM174A,12.061666,-2.9305398
IK,14.342635,2.8105433
ADAMTS3,-0.91313064,16.12775
RASGEF1B,10.536118,-5.393366
GCNT1,8.49892,7.550627
FAM120A,19.276554,5.637826
TBC1D7,10.182163,4.4667044
ZNF211,-7.3968735,-3.8438022
ZMAT5,11.154825,0.52574944
GPM6A,3.154219,6.187012
PRPF40B,6.279706,0.5252143
MYL5,-0.43815103,-0.9592665
TIMM29,5.0413637,-8.666472
ZNF324B,1.5450654,-11.362612
KPNA3,12.677315,-2.531443
TMEM200C,3.9122808,12.655422
NTN4,18.499046,1.9635966
FBXO27,4.6004,-1.6421361
MANBAL,3.1284502,-0.5676835
CD99,-1.8344285,10.979264
APCDD1L,14.001878,8.6672325
CNP,13.0419655,1.3937818
VENTX,2.5163283,6.4519963
SLC39A10,15.274506,11.911282
ZWILCH,15.471626,12.572135
MTURN,17.755772,2.0158203
BID,14.326834,9.032267
TMUB2,-1.8198198,-1.5496979
ZBTB7B,14.139897,0.5562108
TMEM234,-2.4863186,-0.9799907
ENTPD5,9.672999,10.236282
ARSJ,-1.4489273,14.333154
CBR1,17.773327,-1.0491372
GALNS,9.76294,13.052846
GNB5,13.145378,6.5883145
ACER3,19.580597,7.3814387
EDNRB,-5.961227,11.647846
SLC16A14,16.41235,-7.733965
LYSMD2,8.630558,8.663818
HPD,-2.9557645,4.820083
GEMIN2,18.76204,4.1382294
NARS2,10.527574,13.811943
FADS2,10.119395,6.153741
IL6R,8.58516,10.461747
PHF13,7.299978,-9.6804495
ASB5,12.53588,6.1426616
ZNF707,6.018203,6.4866166
MIER2,3.545272,1.6000738
TTLL12,1.4319152,8.912845
PORCN,2.9149637,-5.408659
DNAJC27,2.0035248,3.2516801
PLAT,-0.34347385,-8.696277
IGIP,16.412516,-7.734019
NINL,-5.73321,6.4111047
MAP2K5,4.4235325,-1.6653451
BCO2,12.270422,6.4743237
TRPV4,2.616655,8.153774
MEG3,-5.1336274,9.012215
SEMA4A,4.4482355,5.187975
STK16,22.084663,4.4473395
LIMD2,-5.1024313,4.3865623
CCND1,13.902529,8.589924
ATP8B4,15.748088,9.351685
FAM110C,8.69218,14.698772
SH3D19,1.6930983,-8.741222
TSR2,9.199474,0.24176641
DHDDS,0.030804787,9.17175
CCDC24,-0.032287866,1.4561098
KCTD11,-0.50704026,-3.6194274
DZIP1L,11.007421,8.942367
CHL1,16.86142,8.701927
CCDC88C,2.7739832,8.454031
ZCCHC6,16.79597,11.714719
ZNF132,6.9308043,0.11565435
SBK1,1.3882519,-2.5340703
MGRN1,3.8100276,-1.0525763
MSH5,8.592332,-7.346721
KBTBD4,6.729949,-0.035381634
ZNF22,-2.4631681,-4.753256
PTPRQ,7.2712965,0.86828864
RPE,9.333477,-8.476021
BACH2,-6.062955,-2.6887708
PLEC,9.774972,-3.437414
TCTN1,9.028536,-8.261469
PAWR,22.001303,4.391066
MTSS1,8.370506,8.96098
GADD45A,7.2383246,-9.723501
PALM2,5.3367624,1.5884733
PDXK,5.0124,-8.466053
ZNF8,-7.4558544,-3.8998635
ITGA10,-0.45775706,8.312816
CDC14B,15.566515,-1.9995499
COMT,-1.6854296,10.999681
UBA5,0.7426596,7.0705447
NFATC1,7.295843,-9.702784
KLKB1,5.3403587,9.927016
NEURL4,11.943256,7.831957
XXYLT1,-6.0929036,8.672483
FAM69B,11.385572,0.9226011
DECR2,6.6544714,0.47107074
KIAA1328,10.339249,-5.2455754
DDHD1,3.0297592,14.621861
SCFD2,18.008104,4.6271443
ZNF587,10.921127,-7.0461044
ATP6V0A2,-2.2378788,-4.2769637
LMBR1,18.755043,2.4651046
NIT2,9.833242,13.306765
GCA,2.1865041,5.756386
DLG5,8.885377,-0.98581606
NGF,9.7655,13.058878
CAT,5.757256,11.857509
EHD1,0.96048373,9.021614
PILRA,2.5045912,6.213582
DKK2,16.498638,12.330656
ENTPD7,-0.10878002,9.976478
DNAJC17,12.970266,-2.8262603
MEPCE,5.776582,6.453279
ID4,7.5815473,-10.037805
HTRA3,7.7875743,17.662643
MME,-0.88921845,14.493474
EFHC2,8.320936,-4.6414027
IMMP2L,4.029161,7.77749
LZTS1,13.455746,8.436477
KCNMB2,-2.9402153,7.919379
ADM,-3.4381704,4.027867
SYNPO2,15.504547,12.325659
ARHGEF7,-4.8284106,1.5144308
METTL18,6.309676,6.1761684
NGDN,3.550123,-1.2567153
CHSY3,14.524855,11.584457
FAM185A,7.070543,2.5587246
LRRC8D,15.62241,12.914074
TP53I13,-0.20747578,9.261896
EFNB3,8.798401,14.867712
SRRM1,17.55626,-1.2914554
ZNF566,-7.0795646,-3.5383887
RPS6KL1,22.080748,4.4458222
SIRT3,12.417147,4.7614326
GRK3,7.4084764,1.3017019
ADGRB1,15.9374695,9.176407
BTBD3,18.721333,1.0414338
ADH1C,16.21738,8.79504
DMWD,8.814009,-4.3730354
RASL11B,5.281261,9.606901
CEMIP,8.658275,7.1304746
GJD2,5.2995644,13.766821
IGSF8,9.562162,-8.850668
FBXO3,15.389956,2.5769773
SCG2,-5.0817504,8.717155
IGDCC4,-2.9652483,7.821194
DNM3,15.111096,8.204281
TCEAL5,15.591303,9.601019
RCC1L,10.058513,0.8773081
ANPEP,3.726156,5.1556563
MEIS1,4.73183,9.61514
PLEKHH2,-5.4853516,9.335889
TMEM198,3.7255716,7.878664
PROS1,8.662917,7.191685
ENSA,5.4718714,1.3038989
FBXW7,-4.956135,1.0709952
SECTM1,6.7629223,9.960155
ANKEF1,1.5076636,-9.0208845
MYO7A,2.713208,8.5357895
DDRGK1,-8.665469,8.583531
TMEM243,10.333588,13.221388
CNNM2,2.4913914,-6.7049613
INTS13,0.07375167,1.3118153
PUDP,9.790122,4.441347
SYNE1,1.6917083,-8.685711
FAM127B,11.608121,1.2172241
HACL1,14.256048,-4.602132
SLC37A4,5.3931327,1.4165707
DHRSX,10.497466,0.33935967
KAZN,21.601105,4.8573694
RDH5,18.5741,5.9109325
GALNT1,18.860579,4.591655
LIFR,20.943665,8.898833
CDK20,-5.747672,6.400973
DAAM1,1.7085022,-8.604126
RNF41,18.027737,4.0184093
SOD3,22.588156,-0.7292816
TLE2,4.843645,2.9556787
FZD5,5.1398606,12.897171
OSBPL9,-2.0393715,4.3715224
CEBPB,6.633173,3.622585
IFNGR2,6.8621535,3.0904727
POLE,-3.0877435,5.015608
HEYL,-2.243343,14.461312
HNRNPL,7.8507905,-4.5415487
CLSTN2,15.601749,9.588255
LMTK3,1.0827949,-2.0306644
CRACR2B,12.0113945,-0.9403525
PIEZO2,14.554307,9.750496
KCTD5,4.0973697,7.7515974
AACS,-0.8851948,14.496581
PYROXD2,1.0639975,7.305782
ZNF652,5.8979735,6.480516
TSPO,6.8095145,-7.869974
CHGB,13.140567,6.5819044
RGS4,14.299316,11.784692
ENPEP,20.602303,-0.9816134
ATP6V0A1,8.436383,10.322632
NPRL3,4.992471,3.1071975
LMNA,0.7938025,0.17358492
SHISA4,8.752986,-4.4371824
NAP1L3,12.366127,5.239637
NEAT1,-5.6018376,-2.124101
KIAA1549,20.096134,-3.834077
DTD2,0.08902601,6.6671634
ABCG2,15.068464,-1.5858437
KIAA1614,0.73661715,6.9479284
EXOSC1,2.9373848,9.989852
TRIM63,10.335841,-2.3861544
AGFG2,-4.962194,1.0867715
ASIC3,-5.936932,6.2771163
CACUL1,15.349647,2.5711987
GRIK5,11.869204,-4.1458993
PLCL2,13.800609,2.9121819
HMGN2,14.562179,11.548245
PLPPR2,7.2883196,2.1738808
CD151,12.326501,-0.7895831
MFSD13A,-5.095841,-0.42955914
ADRB2,4.473295,-2.846907
EXOSC5,9.970574,6.2653346
GNAI1,13.461246,8.421411
KLF5,7.604615,-10.065524
RFWD2,0.15559341,0.9137517
SERGEF,-4.115516,-1.2169394
LARP4B,8.819798,6.972003
PPP6R3,8.937971,-8.62671
CA2,-1.5705166,-7.365934
SPATA2,4.9281397,-8.520337
TLN2,5.506262,9.824422
ENDOG,11.811258,0.11029906
ZNF610,16.412582,-7.7342806
ZNF708,5.719719,9.492912
HNRNPA2B1,5.504052,1.2398561
FAM102A,4.229354,-1.3757294
AGA,14.992945,8.875806
SPTBN5,1.0910827,-2.5234706
EEFSEC,4.698639,-7.6775675
IL20RA,-3.0045116,7.8631487
ZBTB46,9.560431,-8.845742
VIP,-1.4123099,2.9648263
ABCC5,-2.6254385,-0.818401
HDAC9,15.536933,-2.0238993
GTF2F2,6.9707494,-12.1561
PLA2G4C,15.929671,-0.9366783
TNRC6A,-3.590182,3.9292607
WWOX,13.166541,1.2549152
RPL27A,2.6784356,9.362979
VPS13A,11.080416,6.02314
NECAB1,13.963921,2.710675
CLK3,-2.4447963,7.0747566
DNAAF2,-7.9723487,2.4349613
FAHD1,11.004011,4.004621
CPSF2,17.93665,1.3436525
TPST1,9.401082,6.664066
HIF1AN,11.054739,5.938764
GORAB,-8.0366,2.3482118
SLC22A4,6.6747594,10.0092325
PEG10,15.579512,9.377553
ST3GAL2,3.795315,7.825332
TIGD1,-6.295327,-6.4597554
TNFSF10,1.1017432,13.769942
GNG10,-2.0807183,-1.8883487
SLF1,7.6211514,1.1386075
PRKCD,4.191246,12.427381
SCX,12.3265295,-0.7918712
CACNA1E,5.964493,12.941746
AAED1,-2.08305,-0.6534889
PPP1R3B,4.5350657,11.286314
PAQR7,4.9448195,-1.7062703
MIF4GD,-1.8663996,-1.5324497
SLC5A12,1.1491064,-1.6057525
PBDC1,-4.5444956,5.8677244
TMEM55A,10.297234,13.811715
NCEH1,7.8663793,1.3544966
PTGIR,-1.7803781,14.02433
SLCO2B1,2.7676702,8.450846
SLC18B1,-7.9325585,0.5578609
MEA1,11.942585,1.6171818
E2F8,10.637993,12.879507
OLFML2A,15.161779,8.463136
ALKBH2,4.059107,-1.2527876
TTI2,-0.50919616,17.418354
LLGL2,3.03259,14.623028
PLXNA3,9.798573,13.407649
AUTS2,-5.567418,9.408611
ANKRD23,8.737381,-4.6313
SUMF2,8.425551,17.659016
KCNN2,12.281391,6.440366
ZNF764,-7.289017,-1.4608126
BEST1,3.7470484,5.1841455
UBE2S,9.756747,2.400347
KLF6,6.916169,-9.716827
PACRG,8.299638,-4.6391296
SUMO3,7.257492,-5.761435
DVL2,14.6974325,2.6628304
TRMT10B,1.3742456,-6.203179
FRG1BP,15.262307,14.641827
KLHL40,5.1691484,13.5368
SPTLC2,9.457804,6.6119585
WDR61,-2.1679573,13.441303
POM121,7.7438927,13.32044
IL17RA,-0.27278867,8.78586
RNASE1,2.7194262,8.343207
SLC16A9,2.8449018,-7.484229
SMC6,20.09592,-3.8346233
PDCD7,9.490455,6.585237
C5AR2,2.4527864,5.562088
TMTC1,-2.5483913,4.5360594
GLT8D1,-1.6690447,2.5648925
RGS12,18.824186,4.6401777
EDIL3,13.919457,8.610064
PPP3CB,19.128891,-1.1173553
PLEKHA1,13.716294,13.8999
MEIS2,16.642384,8.918909
RAB3IP,5.4880934,-1.1541358
KANSL1L,8.525387,17.705324
MOB3C,4.4681463,-0.19903442
CDKN2D,7.5056934,2.7696805
FAM133B,18.518147,1.9412205
TMEM170B,-2.1368825,6.8652434
ZNF275,-8.119813,2.2811306
FAM46B,8.767185,-4.651403
RIC8B,11.0198345,5.8861737
TMEM86B,9.9658165,15.827926
DOCK4,14.766446,14.374233
TLE1,3.2827747,6.297828
NOL9,3.4931068,3.4012523
HSPA1L,8.172674,9.223389
DANCR,9.199181,0.2086628
CAPG,9.444002,6.7385454
MICU1,10.457733,13.114659
HECW2,2.9677763,9.599662
FAM19A5,6.178422,15.386091
PTPN5,-4.8274827,12.626722
SLC35A4,11.924904,0.1878319
TOR3A,-1.4921107,1.0845566
ANAPC5,-1.5920157,13.699408
GATS,-4.904242,-0.42600355
PFKFB2,4.5347776,11.284893
TDRD7,15.167986,8.687059
SLC16A11,13.072074,-4.9272795
U2AF1L4,16.797377,11.735079
GPNMB,14.859854,10.068071
PLA2G16,9.779544,-1.2033025
SMS,13.169304,-3.0013912
BET1L,-3.1535912,8.004409
RABL2B,13.838101,2.969998
KMT5C,6.6205235,-5.7690754
RIN3,2.266096,5.388809
IL16,9.547768,0.26864442
PHF11,11.295357,5.419372
VGLL3,16.748598,5.5627837
UBE2E2,0.9381536,1.0550921
CYP4B1,-2.5352886,5.2679157
IFI27L2,11.718401,1.3922257
RTCA,8.234383,-2.4913428
AKR1C1,-1.678491,2.571747
STK10,3.0759482,5.1953206
ZFHX4,-1.6629206,2.5484214
DDX5,2.7284398,14.114708
ADAMTS8,7.502322,2.773256
ATXN7L3B,12.606433,5.9004827
HACD2,16.842585,8.704705
SH3RF3,13.162658,1.2569025
PCGF2,7.2288733,2.1868653
KCTD7,-2.1434438,-0.5268983
TMEM109,15.642853,8.838594
VTI1A,-1.8389868,-1.3980811
GRK6,-1.932997,13.717267
NCKAP5L,3.4144294,1.4687904
GNA12,7.7674932,13.33617
GMPR2,9.582576,10.903423
SLC25A33,12.642314,-2.2702622
TMEFF2,15.108263,8.200941
SNRPA,2.9376147,9.981135
EEF2K,7.857895,9.283489
BTBD6,-0.009804442,17.034878
ARHGEF28,10.569868,-5.338868
ARFGEF1,20.835585,8.759042
RRP7A,2.4607525,-6.4993377
OFD1,7.085241,5.5924635
GPR137C,15.126508,8.4800415
ADAM28,3.4006293,5.21641
SLC19A1,7.2033176,2.2825346
FCGBP,2.6142995,8.151333
GATA6,13.089586,-7.934561
TIGD6,6.9361877,5.3405952
TESK1,3.252134,1.45095
NRCAM,-2.5761602,4.831136
SLC26A7,14.954022,8.42139
PODXL,-5.6624327,11.682618
ANGPTL2,0.31275797,11.213348
MYH3,-2.8868556,8.017656
SORL1,3.12115,4.9599147
SLC10A7,16.945477,5.432964
CMAHP,14.789437,14.395023
UNC45A,2.4937973,3.6533504
CRLS1,13.802242,2.929243
RAP2C,10.8450985,-6.9725747
GJC2,16.281992,9.444214
SEPT4,-0.3484649,8.4287195
CNST,17.466513,11.662717
DPF2,14.238167,11.821693
ARPC1A,11.083271,3.8538685
MARC1,-0.40865925,14.509132
MAP7D3,16.766283,5.5555573
SMOX,7.3720436,-9.855762
MYO5A,13.702844,13.917935
CTNND1,-4.908845,1.5462339
ARHGEF10,2.0608425,3.3624415
KCNMB3,3.0874448,8.871168
SLITRK4,16.225079,8.773561
KLHL18,5.455213,1.3888211
MINDY1,5.1916285,-2.3174388
VARS2,4.4810843,-6.676089
CSF2RB,2.2030127,5.739075
KRBOX4,1.3757845,-6.173102
STK35,2.8627372,-5.0835853
MYOC,15.105102,9.884673
EXOG,4.9175496,-1.7002288
PAF1,5.7570405,9.4511
PDCD6,3.1597464,-0.5774884
ZNF136,19.577885,7.3820124
MED19,3.9097497,-1.0865853
NTRK3,17.010014,8.832581
METTL21A,-2.8978102,8.046883
FAM177A1,18.694593,3.4325964
LDLRAD4,-1.614949,-7.812215
CPSF4,3.5342784,1.5889972
CYTH3,14.241677,11.822912
ZNF883,8.90492,-1.6888568
TMEM107,6.4726024,-5.4808564
ZNF441,6.842504,5.3482122
DNAJB12,4.607989,-7.749205
TRIM24,12.579308,-2.6261334
NSUN7,15.842224,-0.9215183
PRKCE,5.8357153,0.71794236
PHC1,-2.437607,0.18174474
TNFRSF8,8.69694,14.699232
LSM6,17.622517,5.8183155
ARHGEF39,-8.131418,2.0482094
LPL,4.9943275,13.948728
CALM3,9.971706,0.64893794
CUTC,5.5819325,11.995261
SDC4,0.20789441,4.961504
SDR42E1,7.2638717,0.861744
PDZRN3,4.2239637,-2.6626887
SYNGR2,9.458107,-3.7824311
EXOC7,11.269077,5.474027
CCDC152,2.8529027,-7.5009212
MYOZ3,-1.5240349,3.0141542
ANGPTL5,8.367078,17.644873
MIPOL1,1.7264339,-6.850213
ATP6V1C2,-3.0294847,10.704545
NXF1,-2.0902758,-4.65997
PPP1R16B,-5.6829944,11.187046
HSCB,2.9179437,9.99343
COL19A1,13.203632,6.6446347
WNT11,8.586791,7.2912836
UNG,-2.1369479,7.3681855
ECE2,3.8573422,12.693692
KCTD6,5.3711615,6.555873
TMEM38A,1.6135398,-2.6800258
CSNK1G1,-0.5252596,-3.6454477
MCM3,6.7146635,-0.02853893
UBE2G2,4.120885,-0.29947594
EDA2R,14.542339,9.7443495
TMEFF1,0.12649599,0.8720868
ORC6,4.5022297,-1.9700532
TBL1XR1,13.629652,13.882142
LDB1,0.29167837,7.8023696
FGF13,15.1754875,7.847038
PSAT1,-5.1155634,8.725064
PLB1,2.96896,5.9840355
SLC9A3R1,-0.3542881,8.488877
ZNRF3,20.6839,8.484444
NHS,22.084017,4.444585
PHF5A,0.35626143,7.744804
ANKS1A,-4.029016,3.694014
FAM168A,8.279039,8.957534
ADCK2,14.3513975,0.56273824
SH3TC1,3.8766732,5.1496325
CAMKK1,-1.793313,4.1952696
SLC9A1,4.592768,14.139887
SVBP,14.98853,8.86359
IQCK,2.8832495,-5.106277
GLRX2,5.289414,12.458865
SLC38A9,20.095655,-3.8348622
CPSF6,10.925656,-7.0555463
ZNF16,-7.4561377,-3.9002602
EPOP,2.826907,-5.5435452
RBM48,-7.169457,-3.625381
ZNF343,6.460387,3.931647
CPSF1,17.79563,-1.028055
FAM222A,3.1284115,-5.3231287
ZBTB5,10.7683935,-6.8901067
FBXO6,5.3738155,-9.290045
ZNF140,13.133688,14.652582
CHMP1B2P,3.3304493,6.33531
WDR11,8.940435,0.47899988
PIK3R3,-5.9480314,11.659661
SNX13,19.708477,3.111016
BRAT1,-0.93136406,-0.49905804
BRI3BP,-1.8966069,0.513372
YRDC,-2.19274,-4.2903204
CRHBP,16.442497,12.269797
FAM174B,5.285044,7.089693
TMEM255A,10.189497,6.096282
CENPH,12.97541,-5.072946
SLC1A2,13.024999,1.3989706
FERMT1,14.045915,8.66779
TRDMT1,0.8827825,-6.1477647
DFNA5,17.664944,5.31628
LGALS1,12.31417,-0.79681563
TTC17,13.145194,14.64025
SAMD5,15.343408,-4.993217
HDAC4,7.7982697,-3.9173036
PLCB1,14.790788,10.303003
EFR3B,15.039045,-1.5907832
ZNF630,-5.5309525,-0.3863115
MIS12,-0.065856874,10.486306
SPRTN,-8.07083,2.3219142
ZC3H3,3.3907554,0.21953641
LRRC27,5.210193,1.6545625
ABCB6,-3.0945377,4.4087114
B4GALT4,0.032790914,10.327398
GPATCH8,3.2879364,3.525106
BACE1,10.016316,0.83665633
UNC5CL,17.484304,-5.2102494
DACT2,16.305109,9.468339
TSC22D4,12.331574,-0.792056
INO80C,11.345731,-0.028173879
FBXO34,0.95750785,0.78065586
CLMN,-5.665657,11.205774
NAT6,13.065901,-4.934005
JAZF1,19.127716,-1.1174443
ST7L,0.731859,7.078068
ADPRM,7.6466,5.288741
MBD4,-4.900088,1.1493907
ARHGEF37,6.843369,8.613301
ASB13,-1.2364955,-7.7233887
IL1RN,7.177764,-9.812082
FAM172A,18.83918,2.7074695
CDYL2,19.87853,8.194141
AHCYL2,15.485966,12.589244
TTC33,18.369041,1.8554094
IFIT5,11.853531,0.20534028
OR7E38P,4.8731747,-7.3860373
CRTC1,3.020528,14.610478
MBOAT7,-2.9277074,10.635456
AURKA,-5.995557,3.200938
KIAA0556,8.59468,10.465403
RAB22A,-1.4850199,14.935587
OSBPL11,17.940441,1.3316153
TMEM50B,-5.150939,-0.42809525
FBXL12,1.5446876,-11.362581
PLAGL1,-5.112606,8.871681
MERTK,2.4791217,6.541124
RNF168,-1.8408163,-1.5495434
UBAC2,-0.15170226,9.233387
SUV39H2,0.32687292,7.7554355
HTR2B,15.735638,11.890063
FBXL14,8.9044695,-7.776714
LAGE3,22.601988,-0.7445955
TXNRD3,10.002555,10.438824
KATNA1,17.640818,5.7921634
ZCWPW2,3.6238613,1.6826767
MCUB,6.6734176,3.515489
AKR1B1,16.326979,9.381513
DESI1,8.750968,-1.2310799
NSA2,2.2643113,9.735041
METTL16,-0.53438085,16.940416
TWF2,5.0241365,-2.8591316
CABLES2,-5.9957113,3.200515
LURAP1L,18.900238,0.83929735
FAM110A,4.7569966,11.433781
PTP4A3,11.794765,0.115787886
MIEN1,5.182741,-9.544546
NRF1,-2.963034,10.63737
DDX54,3.571557,-1.1343184
SDCCAG8,10.547048,-5.3721833
EPC1,1.7688183,-6.8070436
GCLC,15.601513,-2.4675884
SEMA4D,1.2815591,-2.4819262
FBXO10,3.6087205,3.2907329
BCL9,6.737234,-0.017721971
MIIP,-3.1280522,7.914305
STAC2,2.8581457,-5.075285
KIF7,-3.5818412,13.024202
OTUD3,6.018177,6.3863883
KLC4,11.22705,4.8930764
TRIM38,9.858344,4.405267
TMEM229B,5.6774716,-2.3620026
PNPO,10.603002,13.832911
HSPA7,2.7983809,5.966857
STK39,18.856365,2.7903047
MOCS1,7.250224,2.13674
TMEM69,9.607337,4.4633327
CCDC92,6.1924276,-8.457303
FAM35A,-0.48109397,-0.91162145
PEPD,1.5983273,3.1213937
FCN1,4.1247907,5.122761
LRIF1,7.6561327,5.276014
POLR2C,7.3503127,-5.6561904
MICAL3,9.412453,-3.849838
PALD1,-4.7943897,13.075493
LRIG2,10.885695,-7.012583
PKNOX1,-3.0152326,10.70085
SERAC1,15.255781,-5.0350204
VAPB,10.477921,13.630749
PIGX,15.550493,12.554136
NCAPD2,-1.999702,0.36145255
SEC62,19.02017,6.846341
HMGCS2,20.54308,1.5839255
MTMR4,7.6594505,5.2805796
SETD9,12.530646,5.584333
HPSE,2.9008827,5.9812675
SIVA1,11.425565,1.5270948
MTHFD2L,18.824173,4.648182
PKD1,3.1773105,-5.348546
ATF6B,-0.99500835,-0.6358182
CLNS1A,15.059146,2.4746804
STAMBPL1,15.545867,8.93159
CCDC102B,15.123024,8.472455
GAB3,4.8238654,-1.8707589
FAM127C,-1.5877079,13.67927
EGFR,15.221571,-6.694435
CERS1,-4.9905543,9.23525
CCDC159,-5.9318786,6.288248
DRAM2,2.2663898,9.732982
MAN2C1,4.375933,2.416065
LIPT1,7.0471125,5.6357117
MICAL2,4.19546,12.42355
SPATA20,13.06751,-4.932299
SMAD7,7.3429813,17.593895
POLR3K,11.132721,3.76125
FZD4,-3.0478094,4.9862304
CCDC151,8.447842,17.66961
CDC16,-5.569684,6.510911
FAM103A1,-0.65683365,16.966446
COL11A2,13.348206,1.8094498
EEPD1,-5.6104174,13.233107
ZBED6CL,-3.7223067,3.8419862
ADAMTS6,7.8799105,-3.5555203
ACKR2,8.664435,7.2009416
MORC2,3.4462917,0.054692898
B9D1,11.290199,0.44576222
CLIC3,16.295784,9.456849
FDXR,9.115425,-8.588684
PHKG1,0.9689192,-2.6662369
NAPRT,9.593204,-8.894224
DDHD2,17.700579,2.0310178
GPX1,2.9394708,9.979813
ZNF589,5.414126,1.3358425
PHLDA3,-5.0193524,9.150469
FRMD4B,2.802973,-4.9317346
PRADC1,5.319473,-8.934141
ZNF557,5.92528,6.445941
KRT8,9.762892,2.3867736
KCNAB2,15.620677,-0.9620037
PRKAR1A,12.712567,-2.1701078
NDNF,14.113465,11.992692
DBF4,4.979324,10.293977
TDRD3,-0.2593909,8.821744
ZCCHC24,8.404833,17.653225
SMARCE1,18.353518,1.719258
SNX21,0.1257435,0.85574657
PLXNA4,16.586792,9.225674
RTKN,-2.2405775,14.46083
TUBD1,16.412695,-7.7345104
CNEP1R1,-0.8831198,16.712112
HMGN1,14.553916,11.558771
ZDHHC7,-2.37885,-10.284066
TBCD,6.84476,8.332094
CYP19A1,-1.5014995,1.0219517
ORC5,7.646158,5.2922287
TMEM120B,4.5724936,2.636049
NOCT,18.70016,3.423593
VTN,1.1524428,-1.6023326
FCGR3B,4.435053,5.1672273
PCDHB5,14.5463295,9.629149
TACR2,15.542135,-1.934949
KBTBD8,4.967105,-1.7067842
ANKRD28,11.869884,-4.14511
NOC4L,2.3859344,-6.592082
LRRC1,8.778062,14.837184
SLC2A5,4.171105,5.0501943
RNF8,-3.0548787,-8.715971
NTRK2,15.560636,9.638405
COX6C,9.241054,-0.0077260127
TRIM16L,-3.051614,-8.712454
GDF6,-6.135651,8.650632
ARL4D,8.810945,17.845272
RRAGB,10.615164,-5.5475597
SLC44A3,-2.9684587,7.854119
KIAA1456,12.283997,6.4502544
PTPRM,-2.5917237,4.8778734
TCP11L1,8.629077,7.237632
RASD1,11.197173,-8.4651785
ABCC3,3.429168,5.2245054
USE1,5.2536955,-9.389235
NECTIN1,-4.2797775,1.3213652
ST3GAL3,11.37844,1.5911865
RAP1GDS1,-2.3411167,10.770674
JPH1,5.0114865,12.718241
LONRF2,11.08359,6.036408
KDR,-5.974561,11.615691
ABI1,21.807947,4.391593
NRSN2,0.03299068,9.168778
SLC45A1,-2.5179954,5.2993
POLR2A,3.448914,0.11382633
NUDT2,11.23991,-0.47146282
DOC2B,6.8458176,8.336276
SUSD5,13.38551,8.507387
RORB,7.6274233,1.2331383
STRBP,1.0399193,-1.9542885
PRDM2,-7.8722463,2.543324
TPD52L2,4.803346,-7.450248
GCSH,9.942043,2.060064
LRRC7,7.2039375,0.81246793
TMEM268,16.099977,11.823736
PSMG4,4.838611,7.1688027
SNX1,-0.45640373,17.136515
MT1L,11.864185,-4.147116
RHBDD1,14.687287,2.6692953
VEGFC,-5.9766445,11.612149
SMCR8,3.223714,3.397899
ZXDB,18.604124,1.1412463
ADPRHL2,4.972082,-8.479997
SUPT7L,12.873427,-6.2049575
SLAMF8,2.4816782,6.4934487
DENND2C,10.909696,-7.0375924
RBMX,1.156287,7.3234997
DAG1,2.9442952,9.584755
NRGN,13.455483,8.311744
GPR27,-2.1096034,7.4203315
ACOT7,0.22707814,9.30553
BTN2A1,-3.398719,-2.731295
EXOC3L1,-5.0272045,12.929956
DNLZ,4.8266435,-7.3884163
PPT1,16.46774,12.295804
DYRK4,11.912087,1.5272408
MAP1B,18.920897,3.1196685
NUAK1,10.786074,12.729428
SAMD10,14.122789,0.55396605
ASPSCR1,11.368076,1.603996
EDNRA,10.725059,12.800025
SLC25A19,-2.957594,10.645891
TMCO4,10.783444,-6.905454
MCPH1,20.729626,8.560803
LYPLA2,2.4599128,-6.315181
SGF29,7.129574,1.9511701
ZNF79,6.2055283,6.2900653
NEU1,4.9951496,14.064412
RNF165,-2.7820518,4.578554
TYRO3,-1.5042312,2.9982169
RBM41,8.330062,8.908909
WASH2P,-1.8949634,-1.3460665
PAAF1,8.732688,-4.614183
IFT140,7.097685,-5.568338
POLR2E,5.0550337,-8.69111
FGFRL1,-2.8982887,-8.536495
SNCA,10.558443,5.843313
ZFYVE21,-2.8823118,7.734849
IKBKAP,6.9891295,8.731614
SLC46A3,9.790787,10.513885
KLHL3,-1.499237,1.1048228
DBNDD2,10.36712,-2.4314198
GOLGA7B,13.235534,6.679399
ZNF266,15.096697,14.551536
FSD1L,19.065681,6.946958
CHCHD6,12.2736225,-0.7916362
SNX17,3.6936924,7.9068117
ABHD17C,7.021222,5.396887
FLJ20021,15.428508,-2.5482318
KLHDC4,4.264791,-0.38845858
UBAP2L,8.377896,10.045663
ACSF3,18.817877,3.386862
MTSS1L,5.5913496,11.98199
MUM1L1,13.47609,4.609564
PABPN1,14.4880295,5.5159025
CCDC50,16.752111,5.564598
CYP2R1,5.5839577,6.707145
ASNSD1,0.82886726,1.2189858
JRK,9.949303,10.257487
PLA2G12B,0.99415505,-1.9192823
FBXO42,10.542313,-5.3911605
ACSL1,3.818604,5.1826644
TUBB2B,13.3451185,1.80879
FOXL1,7.047696,2.6140225
TTTY14,11.81552,0.12347283
RNF139,-0.26354307,16.955559
TSPYL2,-1.7053654,-7.338841
IGF2,-5.656731,11.175671
EPN2,11.283991,5.4613457
DOPEY2,15.175189,7.881998
AK9,0.15601496,9.131226
NCS1,3.8926167,1.9024717
CDC5L,12.514519,-2.6691232
SUSD2,14.445406,9.297413
ZCCHC11,15.730612,-2.3881328
TTC38,4.9782476,-8.5127
EIF3C,-0.022214739,1.4401109
POLH,8.865683,0.52332133
CDH24,2.8456616,3.5971577
ZNF280C,-2.2813091,-4.563003
DPYSL2,8.544672,7.331998
CCNG1,13.98688,-3.2386994
BOK,13.272531,-3.0949159
ANXA3,-5.3063483,12.876442
GEMIN8,-1.0205,-0.6299858
PHF20L1,-0.012367481,1.45754
NME7,18.999226,5.66224
FAIM,10.330671,-2.7190905
HEATR3,6.9321275,5.3460417
ATAD3B,4.094445,-0.6831473
RTF1,-1.6869807,11.000029
PACRGL,18.747578,1.0353156
FAM227B,-3.6521578,13.048367
SDK2,-1.6686146,11.006758
KLHL6,6.866126,3.0485916
FHOD1,2.6780202,-6.288422
B4GALNT4,10.779469,5.666734
ITGB6,12.271969,6.463897
PHKA1,19.08018,-1.0783557
CENPV,5.2523823,-9.326233
EMB,-2.3767912,4.505306
SLC25A22,3.386716,0.1718525
SYN2,-2.5311334,5.28718
PI16,7.780414,17.66297
UBE2F,7.7969575,-4.5871925
SERPINA5,14.016534,10.051042
PTGFR,8.399082,17.645222
ZNF71,3.4378688,1.4499031
ARC,7.2809234,-9.7779875
RAB2B,19.09167,6.973188
SLC16A12,1.7362558,-8.53947
METTL3,4.80476,7.178643
SMG6,-6.137353,8.647038
ZNF568,4.9486623,9.164999
VLDLR,9.757374,4.4680676
PNPLA2,20.543163,1.585689
MT1F,6.7776523,8.480802
TRPM3,16.54371,9.215933
BICC1,14.199052,10.0022745
ARHGEF26,5.762375,9.478728
ZSCAN5A,10.544604,-5.3642807
MAP3K7CL,5.2840586,13.802743
ISOC2,4.9991703,-8.591446
GALK1,1.3626544,8.933824
GDF11,5.4969535,-1.1402836
ZBTB7C,14.50227,11.607477
CPLX1,-3.029966,7.9060903
ATG10,-2.002201,7.3931623
RNF185,7.682632,5.285859
ZNF552,-0.7142915,16.397295
POGZ,-5.4349346,6.5786457
NUDCD3,11.134743,3.7584052
INTU,-6.0401587,6.1976843
CXCL12,14.310506,8.952906
MAGIX,11.525631,-0.24729179
GTF3C1,7.3502283,-5.655667
FAM184A,0.9268474,-2.7308407
KHDRBS3,0.13414502,0.8459003
NKAPL,4.0399127,-2.8386567
RAD18,16.113192,11.866288
ZNF519,9.774044,10.556227
SRGAP2B,16.26678,12.053394
H2AFY2,11.066263,3.8605454
DNPEP,10.118718,1.7366115
BORCS8,11.349283,1.6253954
NBPF8,-3.639865,13.068713
ABLIM1,15.359096,-1.5018697
METTL4,0.939662,-6.203311
SULT1A1,-5.8151345,6.372935
ATP6V1C1,19.520422,3.1936643
PDGFC,15.651805,-2.378068
BLCAP,10.368317,4.515743
CNR1,1.5802203,3.1045568
PI4KA,2.8386104,-5.0325317
IRF2BPL,4.238719,-1.3904953
SOWAHC,15.004316,11.818328
SQSTM1,11.010179,8.94896
KLHDC10,17.956675,1.35174
WDR45,-3.874088,5.73376
WARS,13.064682,-7.907907
CBR3,-1.6987116,3.1132522
ZNF91,-5.461671,6.5632086
TMEM154,2.2193093,5.340846
GON7,13.972573,2.7065797
HPN,13.254484,6.704735
RFTN1,5.240664,9.582299
EXOSC2,3.9364872,-1.1127734
HYPK,10.519677,13.4151535
CUX1,0.25395307,1.1655728
R3HDM2,12.17264,6.4002824
SLC1A1,1.1399409,-1.6949695
XPO1,-5.5326123,-0.39103484
ZCCHC9,-2.4713871,-4.762006
TBC1D22A,7.2552295,2.135058
ZNF195,-2.363113,-10.301741
ISLR2,-5.2548213,12.850221
ANXA6,11.677288,-0.5880528
NT5C3B,2.9390004,9.986285
TIMM10B,0.25628155,3.7749937
TALDO1,4.6964984,-7.6639814
TOX2,-2.1124923,4.4152126
STARD13,-4.9345984,1.5868117
DNMT3B,9.598689,10.3820095
TMEM121,-2.2159674,-0.018537527
CXCL14,8.387098,17.626953
OLMALINC,0.61491996,6.7527413
ALS2CR12,11.228794,4.89304
GK,-4.051274,3.6606212
SAMD14,7.4935875,2.77628
ZNF649,5.987398,0.66051537
SNX7,18.75319,-4.325518
CHI3L2,1.5254561,5.3015356
FBXW8,0.0140815405,9.143711
CSTA,3.4601667,5.2179465
TENM2,15.274097,-1.5390028
BRCC3,15.371847,2.5776148
FUT10,1.3640532,-6.198801
PPM1E,-1.4845885,1.1178039
DHODH,-3.5763762,-1.5093492
ZBTB20,20.89038,0.26920342
LSM8,-4.042322,3.6939847
NEURL1B,-5.129542,12.37911
CCNJL,-6.0641046,-2.6890612
FGFR2,7.409348,1.3380045
B3GNT2,6.907855,-9.714814
CSGALNACT1,-2.8770094,7.729496
SHC2,-3.0290859,-0.7556618
LGALSL,15.619002,12.9089155
BORCS5,9.751607,10.556186
CKS2,8.876597,-7.767468
PTS,7.251943,-5.4492474
TBC1D20,-0.8715457,16.686647
KYAT3,10.95831,1.1312655
DHX16,5.9957848,6.5021057
ZNF160,-3.2454393,4.2253323
RPL34,2.40114,9.486464
SYN1,10.335368,-2.399572
RFX1,-0.469432,-0.9301901
GGTA1P,0.012000887,9.105899
SMPD2,4.928015,-10.147814
ZNF674,9.695145,10.282722
FAM210B,5.128793,14.238632
NMRAL1,8.662127,-4.5141068
ZNF592,2.8479462,-5.03319
SLC45A4,-2.895759,-8.533774
TXNDC9,15.6083145,2.7199094
DCBLD2,12.368904,-2.764253
RADIL,-1.5472276,3.031725
CCDC168,10.280451,-2.7982624
SPON1,14.957187,11.819581
GGCT,-2.1734073,-1.7569289
TCF7L1,7.862695,-3.5427728
PCNX1,19.731804,3.0535045
FBXO7,-2.1892385,6.93436
MLF2,11.971476,1.3425603
SLC33A1,18.814053,4.6842403
ZNF436,6.181221,6.3011527
FZD6,0.6308673,-6.619362
UBASH3B,1.5554607,5.365417
NATD1,-1.5612849,14.443211
RIC8A,3.7264295,7.87785
MXRA7,5.038485,12.702249
ZMAT2,2.5289366,9.453029
MCUR1,8.623514,0.71621174
MGEA5,10.530048,-5.386737
PSD3,10.438068,13.108359
LZTS3,5.523022,-2.426358
NSMCE4A,-2.9689271,10.677534
AHNAK2,8.905128,0.5184623
STAG3L5P,4.888332,6.7494993
TAMM41,9.755438,10.545706
RDH14,12.467982,4.733057
NHEJ1,1.3916832,-6.1177616
DACT3,17.928812,-2.605604
CDK14,18.68175,5.5960975
VAV3,16.63015,8.948099
ABCC8,8.740562,-4.9997883
ZNRD1,6.6014547,8.598133
PARD3,-4.1338677,3.5841913
RBKS,-1.8121643,-7.192051
SIRT2,11.944282,7.830238
CLCN5,11.278235,-0.42414787
SPOCK1,18.800858,2.5735068
MARK1,12.895836,-2.8063326
CHST3,-3.7429676,-3.293
TMEM5,15.620136,2.7329774
PITRM1,7.1605325,-5.609896
CLCN7,3.1898944,-5.383111
ABHD16A,0.22884542,9.33034
PIGS,8.7898655,-5.120802
PSEN2,21.86992,4.8415527
MRPL21,9.441927,0.23644601
FAM124A,-1.8311937,-1.33947
GPR155,15.753337,-2.383917
PEAK1,5.000874,14.050776
TRMT112,2.9361973,9.986752
MEX3B,-1.736068,3.164244
TCN2,-3.0367436,5.014396
GABPB1,0.55023736,6.6947584
FANCE,8.137049,10.743985
CCDC136,10.318017,-2.7311575
CHRD,4.8123484,-10.385295
PSTK,1.5367854,-2.6525261
TAPBP,7.501448,2.7659569
TFRC,0.7673312,0.19851825
HECTD2,13.460115,13.829793
CYP26B1,8.843611,6.748094
MAP3K5,5.7584596,9.456124
PLCE1,5.0396724,12.936325
MOSPD3,1.5514861,3.1116116
MRNIP,7.216249,-5.5686727
AMBRA1,3.269824,1.4546584
SLC12A2,22.091011,4.4453907
FLT3LG,15.414937,8.255975
HEXIM1,-7.8762794,2.534827
STUM,15.17805,7.850319
PLCG1,-4.581259,13.321002
ACKR1,4.3336773,-0.33337325
DTX4,0.31047854,11.201178
UNC13D,8.725819,17.808466
NIPA1,20.45037,8.385729
ZNF431,-8.140206,2.0524256
TMEM164,5.483376,-1.15931
TSPAN33,17.923683,-2.598553
NAA35,-0.4630635,17.235027
TSEN2,0.33880454,11.244098
PI4KB,7.7668104,13.335708
GALC,17.800419,2.0028822
AGT,1.7861586,-2.582914
CLK4,-1.467136,14.309057
ZNF714,10.032352,10.454408
SOCS7,-0.35008284,16.968506
UBE2T,5.5194683,-1.1236221
PRPF38A,2.650969,14.022397
SLC13A3,11.2682705,5.465084
LRRC8C,16.772362,5.5652733
DIP2C,12.534814,-2.8656807
RNF146,19.949184,8.214148
ALKBH8,13.675168,13.886437
ERO1B,19.484634,3.2110815
ZNF347,20.09609,-3.8344338
HES6,0.88239527,-2.8040402
ALPK1,6.348102,4.01302
INPP4A,20.497204,8.398213
PLEKHF2,6.2507176,0.5523896
UBR4,3.3924012,0.20772474
MCOLN1,12.805877,-2.0045106
FAM86C1,3.3920894,-0.48593318
CSTB,2.2493563,9.745166
TNRC6C,-0.70089245,-3.1408753
CECR2,7.9158163,1.3671126
SPSB2,4.404757,7.5956163
POU2F2,-6.6290684,4.6907115
CYB5A,15.44032,8.776077
RBMX2,7.1381016,1.9326372
ZNF430,17.546162,5.165078
USP6NL,18.813046,2.6168041
PAOX,9.665618,-8.968779
SKI,-5.2270055,9.141827
EPB41L4A,1.9211888,-6.599747
CYB561,-1.8457061,-1.3448019
TOR4A,12.018555,-0.95242155
ITGA9,-5.560971,9.386194
PIM3,2.8381383,-5.1727667
FBXW9,-4.5632634,1.2644253
MPV17L,-2.040698,7.383087
NT5E,14.7700815,10.676272
FAM78B,14.879513,10.103917
MED7,6.7234545,-0.028030198
STN1,9.751407,-3.4499946
TMEM64,17.41414,2.0920408
PCNX2,8.41287,-2.2035608
AMN1,12.491606,6.1685305
SPACA6,18.022392,4.1089907
LIG1,-2.4273918,-1.0167191
LDOC1,15.027514,8.9134865
KATNAL2,6.9815297,8.732679
KCNQ4,4.9897323,-8.496724
MICB,17.177053,5.402771
ST8SIA5,5.4839315,-1.1628289
OSGEP,9.279254,-8.435632
PCID2,-7.9331746,0.5585808
HSPB6,5.9691315,12.940746
TAF1C,17.829302,-0.9928082
STK17A,6.644757,-5.5655236
PAQR8,16.706919,8.797505
RGS14,-6.6318283,4.6901746
CCBE1,15.706139,9.397434
DAGLA,-2.2566714,-0.15581757
LSMEM1,-4.7927356,1.48612
PTPN20,19.084633,-1.0812995
BCKDK,5.0154414,-8.490794
RIOX2,-2.3526528,-4.6347833
BMP8B,15.222104,-6.6985836
UBXN2A,12.164731,6.402096
SUN1,-2.1201653,10.756778
TRMT44,5.2970643,13.7823925
BRSK2,13.152244,1.253276
CMTR1,-0.10243855,10.970872
SNRPC,9.947608,0.51544756
MYO16,14.310253,2.821285
SF1,6.6010942,8.6436405
HNRNPM,2.4604723,-6.690829
ABCA3,-1.8778524,-1.3257822
MEGF6,3.1404078,6.1727204
CXADR,8.746209,14.805582
TEX264,14.080605,0.5503347
DEPDC5,-2.4880373,0.22054026
SSB,-2.0809684,-1.66872
TEAD2,4.731378,-7.643885
GNPTAB,-2.379597,7.0856295
ABHD12,4.8990455,-7.328891
EDN1,-5.984795,11.622573
SOBP,15.173521,8.008314
PRDM8,16.953556,8.840166
HELZ2,-3.8830574,-3.4581811
AHI1,1.1592417,7.3206306
CLPP,11.536793,1.2634478
AMOTL2,4.815367,9.596358
KDM8,17.76813,-1.0547543
EEF1AKMT1,8.140091,10.738514
SLC7A8,-2.517857,4.5296493
B3GNT7,-5.0020123,9.228775
COQ8B,9.966238,15.82978
DEPTOR,4.6259985,-7.2551103
CDA,-1.6408644,14.295237
RNF169,19.876392,3.2165782
SKA2,-2.3705177,6.917314
HIST1H2BK,-2.1264827,10.759295
RFFL,13.0655775,-4.928429
CA5B,14.975039,11.71842
STX2,1.3055251,7.2160797
MRPL49,9.688684,4.5051885
TMCC1,12.495074,6.184711
ASMTL,9.955961,-3.1288548
ARID1B,18.305647,1.3686793
RRP7BP,14.505457,5.5105734
ZNF738,12.273364,6.4697895
RAPGEF1,2.8564122,-5.442985
CNIH1,-1.8741032,-1.538128
MMRN1,8.699645,7.150188
GK5,8.906405,-7.7755113
GID8,-0.648698,16.964401
ACHE,3.8528774,12.700854
ZZEF1,4.03701,-2.8406992
EMILIN2,2.349471,5.6219697
NR2C2,18.499308,0.9266808
CENPS,8.838524,10.877958
EEF1D,-3.8743067,5.733496
THUMPD2,0.7003637,7.045166
SNHG7,7.3945365,9.016038
SRD5A3,4.8909464,10.502585
TTC19,12.78308,-2.0311275
PMM2,3.6372836,-0.3253902
MKRN2,13.14037,-2.9770467
FAM117B,1.8677255,-6.587301
HHLA3,-5.7353253,-0.4690022
DDX59,15.308208,-4.9601493
STAG3L2,-3.7549467,3.8215039
POLRMT,4.3528886,2.3896446
IBA57,10.427274,4.531711
KIAA0922,15.171862,7.904885
ABHD1,12.434774,4.746265
PDCD4,10.652367,-5.5845404
NMT2,2.0441177,3.3379061
ATAD3C,-1.7135583,13.764633
PRR26,5.304426,13.770134
NUDT8,11.334604,0.037614472
CENPX,3.3939183,0.19858262
TMCC3,16.456087,5.5120797
LY75,10.0870695,0.4607443
CTAGE5,20.90364,8.845238
GTF3C6,8.933026,-1.0740347
PKIA,15.318215,-1.4926659
NDC1,-2.3033576,-4.558763
BCL2L11,-2.0801175,-3.8028479
TMEM178A,-0.296949,8.6557865
LSG1,4.091154,-0.29654768
WDR18,4.785059,-8.291783
ARF3,-1.1146591,14.47658
ZSCAN2,3.1721694,8.9167185
KIAA1958,9.063343,-8.582533
PUSL1,6.6314454,-8.054374
WDR25,3.1521833,-0.56720096
OXSR1,5.2202,1.6306067
MTRF1L,6.551394,-5.5209293
LYAR,-0.87234265,-3.1287246
TNK1,4.7671256,9.616762
IL18RAP,4.430762,5.174455
PCSK6,-5.317533,9.223015
CD36,20.5445,1.5877467
CDK11B,2.779774,-5.592226
MMD,17.631027,5.8251576
DIAPH2,21.76405,4.4316072
SIMC1,5.547456,12.658121
MAP3K4,7.6687922,1.2204332
MYL6B,11.846007,-4.1001105
TTYH2,4.9830647,-2.831452
RYK,18.004774,1.3712374
WNT9A,7.7795715,17.663082
MYEF2,15.275349,-1.54412
LENG1,11.4411,1.0225834
FLRT1,10.764168,5.685343
BCL7A,9.410733,-3.8428514
SPSB4,4.9649873,-2.8260422
LPAR5,2.7811165,8.391199
GSAP,-0.8556839,16.32957
TMEM55B,11.00449,1.1658686
GTF2IRD2,-0.048319113,10.781191
PRPF31,11.378976,1.5717617
INCA1,8.777194,-4.3867555
SNCG,-5.3083096,12.877025
LINGO1,11.98813,-0.5830169
MED26,3.1438227,1.3656752
ZNF611,20.096594,-3.8339121
NFATC2,-4.7855854,1.4056088
CLCN3,12.9718275,-2.8180976
CENPL,-2.191975,-4.1167526
ZDHHC24,3.6996777,3.21734
ANKRD10,19.058668,6.9346867
ETFBKMT,8.253863,9.740395
MED12,1.5616393,-8.951319
KLF2,-0.31048265,-8.670856
IFT122,14.647906,10.046445
DPYSL4,5.558068,12.593933
CD83,-1.1360717,-7.821818
BRD2,5.0418873,9.057979
NLGN4Y,16.18268,11.862836
ATG16L1,-4.576148,1.2645097
ATF1,17.523008,5.252235
TTC12,-0.29406977,8.666738
ELOVL2,4.402623,-1.7750375
RPA1,12.28456,6.3701606
RPS27L,10.532393,0.19686276
SHTN1,-4.844318,9.439734
DOHH,2.6041043,-6.0671268
CCDC84,4.413233,2.465955
GBF1,4.784502,-8.0130625
ADAT2,11.0091505,8.946476
MUC1,6.317756,4.041142
IFNLR1,11.314356,5.3910527
TCTEX1D1,-5.9684525,11.640694
YAE1D1,-7.113798,-3.571015
H6PD,8.927749,0.4884784
PTPDC1,4.9484468,14.054575
PLEKHF1,-1.4686899,14.289073
TUFT1,4.696304,11.357982
TMEM132A,2.472805,3.5522225
VIT,-2.536592,5.2720814
NFYA,6.2023935,0.5604658
GM2A,12.366285,5.2184277
GRK4,11.701683,-0.5578471
DSCAML1,-0.14852238,8.14677
IQCG,-0.22700779,8.371237
ZDHHC6,1.1029238,13.770576
TPRG1L,5.649587,-2.3797276
MAPK12,4.5861835,2.6536078
TP53I3,-0.10574776,17.054766
IPO11,12.57591,-2.6277516
CAMKK2,2.1843598,3.3561063
GLB1L,14.6614,2.6780758
INAFM2,8.853035,0.53955287
PLCD4,-3.0601737,-8.721703
CYTOR,5.269787,13.821446
WDR41,0.95723295,1.0317254
CCSER1,15.33906,-1.5616349
CD109,12.262085,-2.806644
KANSL3,18.755327,4.728285
CBLN3,14.668279,2.6542587
CREB3L1,7.101181,17.509684
NAGS,10.303209,-2.7452307
UBXN8,-2.2211185,10.753153
VSIR,1.9466978,3.167606
MOSPD1,0.9637831,0.7289439
SGPL1,2.067633,3.3433175
DMXL2,1.3634012,-6.198943
RASA4CP,4.4573884,-2.8556125
KLF11,6.9050083,-9.714361
GPHN,0.11572542,1.2509973
PRPF38B,10.772214,-6.8972726
ZDHHC13,0.8102691,0.43379408
RAPGEF4,8.901306,-8.710549
BLOC1S4,17.499063,-5.223221
UBXN11,2.2871535,5.6639037
CBLN1,-5.6133876,13.2349615
DDA1,5.038522,-8.650463
CCDC174,7.6778293,13.262146
RARB,-2.9459443,7.924609
FDPS,11.910927,0.18932839
SCARB1,-3.3149514,4.1397533
SH2D2A,-0.10569837,10.000495
HDGF,-2.4307482,-1.7116537
ADO,6.976484,5.337933
TEX261,3.7396064,7.8820944
RHBDD2,6.9851003,8.72259
ORAOV1,7.4514384,-3.7719626
ADI1,1.0233954,-2.5778341
PLD6,4.470439,-2.8572695
PRSS23,-2.306342,10.782255
ZNF283,-2.3784642,-10.287168
TMEM167B,0.5866093,1.3697841
ABCA7,2.365678,5.444331
TUBA1A,-0.26767847,8.627313
B2M,15.419745,8.260036
ZNF565,15.08589,16.399199
MAP3K2,13.455314,13.821391
SLC35D2,10.403687,-5.3086576
AKR1E2,6.4889274,-5.4989557
ZNF582,3.0738204,8.874571
PRKCDBP,11.430724,1.037955
VN1R1,-1.4604282,14.328363
SMIM8,8.852106,-1.6412318
SPIRE2,0.69414276,0.3018206
TAL1,-4.710528,13.002566
NSD3,21.920034,4.3108473
CTC1,7.284283,-5.5758777
MPHOSPH6,0.3237133,7.7743435
TMEM43,-1.4983366,15.027688
ZNF709,-7.083691,-3.543393
TMEM185B,-2.3661096,-4.6520987
CCND2,11.230289,4.9025426
STX4,-0.06551012,-8.623258
TDRD9,13.777249,8.508549
SLC22A3,13.420194,8.500177
MXD3,14.506207,5.511384
TRMT12,-2.3772893,-10.286773
KAT5,9.771615,-1.1906408
LIG4,0.62890583,11.684646
DIP2A,4.5266333,11.279327
MAFK,5.258555,13.824684
PLCB2,8.837899,17.874521
MGAT4A,13.353068,1.8161821
IPPK,-4.1443763,3.5757444
FST,-1.1670021,-7.792626
ZNF271P,8.814463,-1.2173574
ARNT,16.957312,5.4353867
LRRC4,4.7619114,11.490998
ZKSCAN2,6.797642,0.287925
TRIM16,-3.0578282,-8.718839
TNFSF12,0.70755726,7.023017
RGCC,-1.6128479,-7.4095483
IQSEC1,5.306881,9.950356
AKR1A1,-5.753454,-0.47639635
NTAN1,9.409223,6.71615
KPNA6,15.027704,2.4895878
TRRAP,3.4088583,-1.2879695
TRAPPC12,5.524153,-2.378081
ZNF141,10.897808,-7.02412
ZBED1,10.584891,7.888292
UBFD1,20.877277,8.812469
LZTFL1,4.8845296,10.5163765
PRKCA,15.767325,9.293194
NET1,10.372325,-2.3711493
TARSL2,15.359538,-1.4919211
ZNF503,3.4091477,1.4572878
NFXL1,17.93312,4.516649
PELO,-3.0308688,10.7052965
SEC31B,-5.9795656,6.236255
ZNF562,-2.2322097,-4.519968
ZNF784,17.157887,5.6690955
MUSK,16.87358,8.634243
SLC15A2,7.105114,2.5255966
MED24,14.147081,0.5583579
ZNF501,6.5947104,5.7147255
SIPA1L1,-1.5282242,15.181807
ACE2,5.568163,12.7332
ABCA5,15.462932,-2.4927793
RALGAPA2,-0.2680535,8.791335
CCNE1,4.402974,-1.7935305
XRCC1,0.93826294,-0.12089919
BSN,-1.0181009,-0.62586087
WDHD1,10.972933,1.1341785
PTCD1,21.606342,4.8526273
DLG3,7.7374005,1.269641
CNN2,-5.59408,-2.107748
TSPEAR,1.7802489,-2.5819266
SAC3D1,-4.793049,1.468701
FAM200B,3.4625986,-0.44091278
TMEM116,12.206252,4.849048
IL17RE,-1.6755362,2.5654848
SPN,-5.3942266,-5.634011
PAK1,1.1359046,-1.6037971
ALPL,6.3981495,3.9582858
AGBL5,-1.8820367,-1.5471387
KIF13B,1.1003152,13.768333
FAM161B,-2.2141726,7.3254614
DDX12P,-2.5147655,-2.1384487
GRINA,8.3442745,8.906757
TIA1,9.756649,10.488028
MEGF9,15.4633465,12.274258
SRR,10.574747,13.8360195
KLHL26,7.155765,2.4060752
NFE2L3,-5.6609974,11.219858
PEG3,1.7759298,-8.46859
KIF3B,12.462204,4.7602625
TNFSF4,7.3989387,1.311681
FUOM,4.74368,-7.688709
NFRKB,-2.50166,0.23078759
STYX,14.655564,14.303328
PFN2,19.128714,-1.115321
DAB1,10.40249,5.9356894
PPARG,-5.715083,13.372737
VPS13D,20.883917,8.150797
TUBE1,15.488248,-2.4729922
TUBB3,-2.1694942,10.773058
SPPL3,2.8593411,-7.5145593
ZSCAN18,9.633964,4.4960856
ZNF449,15.1630535,14.587076
MTHFSD,-1.9575552,-1.1609526
PINLYP,14.949692,8.896605
KIZ,-1.4856503,1.1143593
HPCAL4,1.0719032,-2.533887
AVPI1,11.2023325,-8.460855
OIT3,-0.44725132,8.33217
NTPCR,8.840646,-1.6089189
RTN3,11.076511,3.8267221
MPRIP,7.762276,13.333072
AMER1,3.159604,8.907224
VASH1,5.0875278,14.313147
PHLDA1,7.093401,-9.7514715
TSPAN5,6.3188205,10.129001
SNHG9,11.559339,1.1460786
BDH2,6.4858174,-5.4968576
FBXL5,-2.3865952,6.8239665
NDRG3,5.4479766,9.81272
PIP4K2C,8.425053,9.992639
NSUN6,-5.4587054,6.5646286
ANKRD42,9.871857,0.6809104
HACD4,1.7386898,-6.4881325
MSL3,1.071314,-2.5239546
DARS,-4.2449594,1.3215333
KCNC3,11.158792,5.556331
LRRC58,18.634193,1.1014912
PTK7,-5.014428,9.152608
ZC2HC1C,4.0588226,-2.8272355
MMACHC,13.018287,4.6541796
P2RX1,-2.3056977,10.781812
TBRG1,2.7830284,14.185844
ARL4A,8.597463,-4.5626817
SPG21,0.14183746,0.8603438
CPNE4,12.443723,4.7609677
KIAA0895,11.08205,6.0216703
RWDD2A,3.1428497,1.3800446
ZNF547,6.835253,0.27436855
PHACTR2,16.7702,5.568644
PUS10,8.28655,8.944686
PYGO1,18.763481,1.0016901
VDR,6.7297053,9.959908
NUDT12,8.125396,9.418259
FTSJ3,6.7203817,-0.0056370725
NFKBID,11.207399,-8.4580145
RUBCNL,3.1232162,4.9495416
MOB1B,0.9008066,0.68094367
ADCYAP1R1,13.163902,1.2561756
RNF144A,15.602916,8.967019
WSB1,17.557484,-1.2882736
SLCO3A1,5.228507,12.365258
APAF1,9.539513,0.27618572
NSF,-2.0177336,-3.6558678
PMEPA1,-4.825536,9.440086
TBC1D32,-3.5763977,-1.5085603
HRASLS5,-1.7106022,0.733724
ARHGEF11,7.7693067,-3.903239
NR0B2,8.76203,-5.0717463
CDH23,-0.7526179,-3.2183259
TAF3,9.097333,-8.581338
ZC3H8,6.9234204,0.11695039
ADIPOR2,-2.1047783,4.407473
KLHL25,6.683246,-5.6614246
P4HTM,17.948475,4.189186
MTG1,17.77641,-1.0452176
NACC2,15.0833845,2.4700437
FER1L4,-3.4147816,4.0708804
DYRK2,4.5419493,11.28899
DHRS7,18.759476,4.152626
MKNK1,19.023565,3.445951
HSPA14,-2.206869,-4.243729
TTLL11,-0.059673164,9.0610485
DNAJC9,-5.1048336,-0.42855796
FMN1,2.4808848,6.5345964
EGFL7,-5.390443,12.057256
HENMT1,-7.9327297,0.55786103
FJX1,-2.1735206,13.39717
CHRDL2,6.3083224,4.057516
DXO,-2.5914278,7.057297
MIR133A1HG,-0.26484168,-3.9343452
GATA3,-5.568587,11.85736
CDKN2C,12.365727,5.23778
BHMT2,7.5008287,2.7780118
GATAD1,4.6383686,-7.8226676
DYNLT1,8.61607,0.72418004
CD47,1.7748559,-6.7957954
SNX6,17.526863,5.2205324
CSPG4,5.0889263,14.278624
JMJD8,9.877914,2.134768
WDR78,-2.080517,-0.8798375
RAPGEF6,-4.6970286,1.2157849
HPF1,8.833703,0.6046977
LEPROTL1,18.4326,1.7844933
METTL2B,-1.9032688,-3.5089583
SSFA2,19.640224,3.1408644
ARMC6,4.8698287,-8.3989
RBMS2,16.39366,5.4768567
ZNF814,4.9409328,-10.138004
PPP4R3A,13.142076,14.644603
CALML4,9.868255,12.994562
PRKAR2B,-2.3738408,6.866802
VPS33B,3.1537712,-0.5809008
TDRKH,-2.264788,7.264712
CLN8,6.759849,5.6588902
PHF20,18.646357,2.2033324
NPTX2,-2.1025317,4.4064236
MTRF1,8.218448,9.579574
KLF7,-1.4019815,14.37161
TMEM67,7.7395587,1.2723235
DCAKD,10.587823,7.88639
FBF1,-2.2442966,-0.93380386
APOL4,6.7191296,10.001566
ANXA9,-2.1922877,13.439815
CBWD5,-4.5410123,5.869855
TMEM65,-3.0152688,7.8597517
ALDH2,1.0204307,-2.6118202
RRAGC,0.13395111,0.86095077
ZNF586,5.772099,0.7270434
ELAC2,11.137455,3.7557755
CDKN3,13.800327,2.9487238
FGFR1,-1.3695598,-7.5552306
ABCG4,-5.9953685,3.201443
GNAL,17.928299,-2.6048367
SLC26A9,12.803077,4.684348
KCNA2,-1.5489666,-3.6550517
FAM83F,5.7575727,11.856832
CDKAL1,18.473297,1.9242966
GAR1,0.28068116,7.811812
KIF5C,13.23952,1.7080883
NACAD,4.9014163,3.0116048
ADPRH,8.422689,10.082747
GIT2,0.19268218,6.1368103
PITPNB,1.3102269,7.2349315
SEPT6,-1.4666113,14.3391695
XG,14.127979,10.019541
HID1,-0.5551233,-0.8684918
SAYSD1,-1.5256636,3.0148904
KATNBL1,19.06394,6.944549
MAPK7,12.525483,5.555795
DRG2,2.4647691,-6.4787273
TCTN2,2.809997,-7.3879995
EZR,5.8927493,6.371773
AP3S1,18.651636,5.976597
CTSL,1.384933,7.312427
LXN,6.0414243,9.815949
NR6A1,15.449773,12.432633
CYB5RL,3.5272565,-1.3039371
SERTAD3,-0.2852115,-8.66331
STIM1,1.8666633,3.1449811
DYNC1LI1,15.478422,-2.1191945
ING3,-7.8800936,2.535346
FBXO2,7.3476195,17.594769
PSEN1,0.28340766,6.304318
VAT1L,15.245346,-1.5521901
PRDM16,-5.5994196,13.222042
KBTBD3,7.7601147,13.331566
MFHAS1,0.05794233,6.7120333
PTCH1,5.9967628,6.5001464
CRELD1,9.212638,0.1878274
ACSS3,-2.789425,5.183179
SLC38A2,13.148116,14.662681
KLHL36,-2.7924368,5.207615
ATP5S,9.789596,13.426131
SLC25A51,0.7621745,1.3052639
ENY2,7.468052,-5.072991
SLC19A3,-0.43054026,14.504826
RNF26,3.6029692,3.2906497
DIRC2,13.039226,6.498852
CEP85L,14.075677,12.026706
CTSZ,-1.8548183,10.96474
SLC9A5,21.538235,4.8995085
FIGNL1,-2.3059099,-0.09985795
ARMC10,18.75217,4.2000318
FBXO33,10.079699,1.7697613
TMEM68,7.401149,4.978521
NEDD4L,13.804726,2.9287682
TMEM241,-4.8408685,9.434235
SLC22A5,-2.887233,-8.524808
THOC6,2.4410338,-6.5341544
CCDC40,-1.7026403,0.7485593
CAMK2N1,-1.4546276,-7.131557
PENK,-5.328783,9.234921
CENPBD1,6.8398266,0.25765616
S1PR3,0.42931715,6.659385
CCDC66,-3.6703746,-2.5556993
IL32,6.576254,8.614366
ST5,10.14232,4.3036075
INPP5F,12.462389,4.759208
EXOC3,10.3401985,-2.6850226
GPT2,-0.39149317,14.5261
SYPL2,10.371163,4.5243053
CSNK2A2,-1.5349247,-3.6561158
KDM2B,-2.4812632,0.19074811
POLA2,-0.9857553,-0.6237637
LGMN,6.7250514,9.944495
ZNF398,4.276628,7.5367546
COL18A1,-5.0027795,8.364925
SMARCB1,4.625054,-7.0330553
TMEM161A,6.714925,-7.9686303
ISG20L2,6.970892,2.6793058
PKNOX2,-2.8347902,5.2811704
ABCC6,1.0800732,-2.5479112
PIGU,-1.5575581,13.666011
ST3GAL4,0.22070117,9.337936
MYBPC1,0.9170108,-2.719902
WDR59,5.541937,-2.3929126
TTC3,16.412569,-7.734187
PXN,-3.4164603,4.0666385
RALB,18.581614,3.8508544
DTX1,-5.193962,9.152283
OSBPL1A,13.865711,-3.187205
LNPK,2.2465796,-6.6263647
LRFN3,4.21358,7.5845323
BLVRB,11.1391945,0.44457927
CHAF1A,-1.0089827,-0.6320129
MYO1C,4.9645786,14.061332
MAN2A2,3.3897362,8.576396
AXL,-1.3784817,-7.5605073
FBXL7,15.151028,8.40414
TBX20,17.912361,-2.5788417
TFAM,0.25717455,6.6744156
FAR2,15.608365,12.916057
GPR176,4.8914785,-10.2113285
PARVA,-0.049634047,1.4617473
PTN,14.4556,9.971249
KIDINS220,19.847378,8.123554
SCLY,9.939692,2.0597374
SH3PXD2A,7.7670965,13.335503
VSIG2,8.669898,14.640041
LEO1,13.684747,3.11388
FAM189A2,4.4519067,-2.8530636
SUPT4H1,8.856152,0.5382418
HELQ,13.035789,-2.889093
NINJ2,-1.8029027,14.091551
IP6K2,-0.4917468,-0.90924287
CINP,4.8605795,-8.256259
IFFO2,6.9664927,2.696629
SMU1,-2.1800163,-1.4663348
ABLIM2,15.539072,9.685271
BPGM,-2.374141,6.7662325
CCNY,-8.953145,-0.028284889
ARRB1,14.408216,9.215095
PLXNB1,10.119747,6.1543946
TNIK,15.27948,-1.5429875
NUTM2D,8.751731,7.0493803
APBA1,-2.6286566,4.5820017
SEC61A2,15.964349,-0.71217936
ZMIZ1,20.92594,0.23386677
MBLAC1,12.005456,-0.8923793
NVL,14.943574,8.891774
CD163L1,2.6190999,8.14178
TTLL5,18.984106,5.668964
ZCCHC14,20.522057,8.413774
SNX12,-0.6910799,-3.1281765
TXNRD1,2.849043,18.79215
PRMT3,13.193639,-3.0193934
EPHA3,14.587675,9.813052
HIRA,3.5394974,-1.2591308
FCMR,3.1241436,4.929809
STAT1,-3.8229127,-3.3884978
NCOA6,1.5115653,-9.013843
RIT1,16.416933,5.478858
RPAIN,11.61877,-0.6523311
ZNF821,-2.1561096,-0.026001297
ZNF17,-5.4629326,6.563
WASH6P,9.977692,15.867257
MRPS18C,7.7004447,-4.750157
RWDD3,9.170305,10.047071
NLRC3,5.3267694,9.562279
ECT2,-2.3352342,10.770276
MAD1L1,9.87094,0.684997
KIAA1522,8.700035,14.708211
AMPD2,-0.36282244,8.417855
IKBKG,-0.27344465,8.783967
SREBF1,-3.5830786,13.0238
FIG4,8.970593,10.981739
IZUMO4,14.800305,8.325422
PER2,-1.7896487,4.204899
GUCY1B3,15.184355,7.8247848
TCF7L2,15.21356,11.844754
LRR1,-2.171846,-4.0717673
KIAA1586,13.966498,13.975122
METTL23,9.680513,4.475525
BICD1,1.5886748,-2.700806
ADRA1B,17.90808,-2.5801065
CWC15,8.605265,0.706858
ITGBL1,-5.199978,8.539278
AVIL,-5.1041408,-0.42692232
TTF2,-2.3479912,-4.6316133
MED11,21.876217,4.886971
MFSD14C,8.002218,-3.1997926
PRICKLE1,-1.6688151,2.5487003
KIAA1468,9.770472,10.458476
PRKCB,3.0583398,5.181834
RAB9A,6.1439605,0.58344567
TMA16,-1.9867318,-3.7230535
OTUD6B,14.270576,14.086311
LIN7B,12.093862,-0.60916305
ADGRD1,13.234435,6.6820016
HAND1,11.613585,-0.6551323
KCTD2,3.2000432,8.937535
DISC1,16.97022,8.840658
PMM1,0.1582196,6.699273
GPR137B,12.8967285,6.351709
RHOD,14.125552,0.55247235
CCDC94,-4.5017457,1.2864493
INTS12,7.1089945,-5.912372
WDR45B,-4.8068166,1.486544
MRGBP,2.7302377,-7.1185703
AIM1,3.1126842,4.9724874
CARNS1,5.000089,-2.8359985
ZNF445,4.711657,-7.3795276
ITFG2,-2.2120135,-0.19631301
CDH13,13.155494,-2.9872692
ZSWIM7,8.849112,-1.640818
NBDY,-4.1121006,-1.2141798
MYOT,7.3244357,17.590689
MEF2D,0.20954657,4.9591084
TMEM51,-1.4346657,14.735891
TTYH3,3.4104674,5.2362576
SERINC5,14.928987,11.872182
PRRX1,14.249648,11.817478
SPIN2B,0.56983703,6.528567
POC5,6.6934977,5.6990585
GPRC5C,2.6903949,14.080054
CCNT2,19.065392,6.9463677
IRF2,16.75437,11.736258
BTBD19,8.85215,-1.62808
AIFM2,2.0303626,-6.730832
SV2A,10.962786,4.083133
GOLGA2,0.06783446,9.199572
CH25H,-0.40114948,-8.598731
TRMT2B,15.780705,-0.9800414
ARL10,7.572791,4.7152243
RPUSD4,2.707087,-7.096765
FAM122A,5.475162,1.2319412
CITED4,1.6302861,-2.625968
ADAMTS15,1.6360956,3.110398
TEN1,6.8443494,-7.835672
LRRC49,4.72805,11.395198
FANCL,9.711208,10.46999
SLC5A3,12.963574,-5.087785
ZNF92,-7.8906302,2.5234296
TAF4,-0.79139227,16.727728
DDO,11.685264,4.9597335
TXNIP,-2.1046317,4.4067345
AXIN2,21.531425,4.9149456
SAAL1,-0.4929124,17.423628
FBXL18,7.73713,-3.8900552
PRR5L,14.533838,11.58455
VGLL2,15.964685,-0.7105598
SS18L2,15.086186,16.397394
PCDHB4,15.002364,11.812715
SLC6A1,13.902853,8.598252
POC1B,18.96874,6.7535505
GCNT2,7.6938205,1.2089903
CNTROB,-0.18351358,9.242014
MAP2K7,4.827499,7.178863
FAM214B,5.120965,14.232259
ZNF304,1.3899668,-6.1173444
NMRK2,5.3850746,12.540941
UROS,10.414808,0.82873946
ATL2,13.145559,14.656956
RUNDC1,-4.1431656,3.5741727
TSPAN2,-1.8015131,13.881666
AK1,10.102683,0.8462987
PRIM2,15.110619,8.820298
PCNX4,15.618934,-2.4859667
ARHGEF4,8.810988,17.846357
ERGIC1,9.409799,6.714823
RBMXL1,-2.3056858,-4.5648417
MORN4,10.579807,7.890979
JAML,2.5565536,6.152965
RPS6KB2,11.443089,1.0533108
EFCAB2,9.744085,4.4603953
ABCG1,0.28785,3.7738347
ZCCHC17,5.290022,12.365001
MSANTD4,-2.378764,-10.283486
GJA1,12.239639,-2.815662
ZBED3,7.4561863,2.8047903
FAM13A,5.512268,1.318803
GPC4,16.295433,9.459623
LTF,4.1809397,5.0486703
SMPD1,11.94369,7.8303304
OTUD7A,9.688297,4.4844646
UBTD1,14.107948,0.55091107
ZNF763,9.754693,10.549867
PRUNE2,5.0692945,12.927256
KIAA0513,4.407534,-1.8042318
HAS2,18.680794,3.401092
PPP4R1,12.533055,-2.874134
TBL1X,19.495207,3.213907
CWC27,13.824931,2.9436433
LIME1,2.8703275,3.5981503
ADGRE5,-1.931962,13.716756
ZNF808,7.564552,4.71894
GOLGA8A,14.506436,5.510585
TET2,4.6134534,-7.7473855
ADAM22,-2.756039,7.535173
EPG5,19.088055,-1.0852882
PIGO,3.6262643,3.2735198
GNB1L,5.032774,-9.95596
SNX4,18.531435,5.8728633
NCOA1,20.516235,8.380618
EPHA2,8.475576,10.305485
SMN1,-2.0094764,-3.7690046
ZNF486,10.053773,0.8627204
SMCO4,10.770807,0.6421063
ANK1,4.7927575,-1.777992
TOM1L1,10.100389,4.3419256
MAPKAPK5,-2.1736388,-1.7304666
BMP2K,5.2894754,7.095544
PNMA3,5.002282,-2.7563384
LYN,3.2449684,5.1868763
SNHG6,2.6729748,9.349994
EBPL,6.6863723,9.939731
PDE4A,8.033798,-3.1337376
RMDN3,3.4469032,0.09809027
POLG2,5.3052855,7.102437
WNT3,8.888739,11.182821
ZNF415,4.1015906,-2.6127195
ING1,6.314886,0.5417078
ACTR5,1.9577836,5.288478
NT5DC2,6.1655617,-8.47401
FAM118B,7.4581194,-5.0880294
LRRC61,17.558054,-1.2868835
CA8,-0.056479663,9.132521
SART3,20.87478,8.155869
KMT5A,8.223129,9.8670845
SYNC,15.418546,-2.5392044
ENGASE,3.3778818,8.582743
GATM,3.7958465,5.1670914
RAB17,-0.36984298,8.437185
ZNF558,9.816034,13.05241
CRCP,-2.068758,-1.7943681
ACKR3,-1.4899318,-7.2381163
LAMC3,0.3665821,11.280442
DERL3,12.065533,1.3409053
APTR,7.8544283,-4.519206
PTMS,-1.8313351,13.943824
ZNF767P,-4.405912,-0.5210669
DYM,13.6335,3.1760595
CDK8,5.269493,13.80189
GSK3A,2.438148,-6.622106
HMGB1,18.664373,6.0157113
SAA1,-0.7292128,14.489036
MED10,2.4547007,-6.668198
MRE11,7.6342216,4.688641
HN1L,18.862558,2.8126922
SLC22A23,-3.7148435,13.041868
KLRA1P,8.661436,-7.465134
CC2D1B,1.7328765,3.1397152
GRIA1,13.258157,1.7257216
CTSB,0.046999283,9.174311
NDUFAF6,9.813934,4.52062
HEY1,-5.52162,11.88808
TRAPPC6B,-2.475713,6.957496
IER5L,-1.1928945,-7.7424536
RMND5B,11.323292,-0.015910983
ZNF333,5.7594104,9.439204
PRR13,-2.0932982,4.474164
ZFAND4,7.3666553,1.4002544
TSLP,10.376416,13.167031
TRAPPC3,10.781636,0.6282112
PCYT1B,4.1823425,12.439199
RPIA,-2.1594863,-4.5449553
LRWD1,3.5570478,-1.283717
DYNC2LI1,6.6767473,-5.6621637
KRT10,10.126433,0.89305156
IWS1,7.1616488,-5.6487207
ZNF155,3.4668052,3.4176457
INO80,3.4386487,0.06045532
P3H3,-5.225454,9.165314
ICMT,4.1022882,-0.27669618
GSTM3,8.883909,-1.0333642
ESRRB,4.9441657,-1.7240077
CCDC85C,10.917279,4.188896
CHST2,-2.203151,13.424838
DPH1,3.4079406,-0.28071722
ABCB10,14.230865,14.069177
PMS2CL,-3.3672829,4.0875063
RUFY1,12.150642,4.7158666
ACKR4,14.1588125,8.75382
MBOAT2,1.7743407,-8.466826
ADAMTSL4,-3.7969472,13.04329
TNFSF14,6.705564,9.923085
HUS1,7.2580066,-6.0618963
ITM2C,1.102086,-2.070619
ZNF57,2.7280397,-7.1169143
TNFRSF11A,2.749882,8.414661
GAN,0.36177614,11.270636
RANGRF,6.6921153,-7.992886
GTF2H4,-1.6628218,13.764866
DBI,8.788059,-1.2951624
GOLGB1,-0.45458803,16.958809
RGS3,-2.6456296,4.8193827
TSPAN3,18.511448,5.83814
UBE2I,2.453013,-6.670081
IFI27L1,11.339803,1.6386054
ARSG,3.2751582,3.5550435
TMEM251,13.770661,2.9868486
SPRY1,21.931183,4.1826367
SMPDL3A,14.781396,10.296054
CDKL3,-0.99986315,14.483411
IRF4,3.1147158,4.804998
DHFR,15.251436,8.455146
PIK3C2B,-4.7743664,13.117614
GLA,6.58627,8.618876
WDYHV1,4.713264,-7.421588
ZNF512,9.937582,10.27164
KCTD13,-3.7931368,13.087083
TSPAN13,-0.83175176,16.337883
RBM12,-2.1069665,-0.65786767
CYGB,-1.6881202,2.6043713
ZNF777,4.4808407,-6.6746507
TADA2B,11.088953,3.8264728
DPCD,10.521353,0.23521362
CD55,-0.11633828,9.991439
FRG1HP,15.293172,-4.950868
CRTAC1,0.28208202,-10.338535
ZNF470,7.0856047,5.584029
PHACTR1,0.8855663,-2.7923634
GPER1,-2.0010607,-3.5682755
PIN4,9.252478,0.12924944
FAM60A,5.1019406,10.098274
ATP9B,-3.1518393,8.002512
ZFYVE1,10.538904,-5.4358425
CCDC122,13.277011,-3.1020734
FOXN2,18.882778,0.86529297
TPD52,12.171368,6.399638
FUT1,-5.4637814,11.968166
SOCS1,17.498434,-5.2219586
EXOSC7,11.848802,1.462704
ZDHHC14,4.886827,-1.5046052
AMD1,0.3203629,6.7716436
GNPDA2,17.328016,11.537028
PRMT8,5.608785,-2.3413985
SYNE3,-3.762208,12.999102
HES5,15.087077,8.177721
RNF220,4.202175,7.591122
TMCC2,1.1216636,-2.255503
SLC30A1,11.8224125,-4.152182
MTCL1,5.9571176,12.908948
TNNI1,1.0759667,-2.0229993
SPDL1,6.9550395,5.333815
HSD11B1,1.5457537,5.3073115
COG7,7.451422,-5.0998416
GRAMD3,-1.5550503,15.214882
SLC38A7,-1.3822621,-7.4181795
SMIM5,4.257773,-1.4001032
PDLIM2,7.908759,-3.473593
CYB5R3,4.9967675,3.1124575
ZFHX2,-5.710862,-0.45041677
DNMBP,-1.6545235,14.29651
FARS2,8.827694,-1.6657146
OCRL,12.663306,-2.240168
PON2,-2.3450577,6.7854447
BBS5,-6.2954745,-6.459847
NDUFAF1,10.177947,4.5149217
CNKSR1,4.2412443,-0.41618693
ZNF367,-9.546059,5.951471
COA1,10.027043,-1.426787
IGFLR1,6.3023777,4.0558543
SOX8,-5.2955546,9.202806
SH3RF1,21.435467,4.9512186
H2AFY,7.6809464,-4.7719784
METTL8,14.690809,14.325993
SQRDL,18.717436,4.079703
RINL,1.4069204,8.919368
INPP5D,2.279081,5.408958
FTH1,22.58738,-0.72828436
CLCN6,12.708595,4.4935455
DNAJC15,7.7443604,-4.6968923
CERS4,4.662329,-10.601309
ELOF1,11.458074,1.015201
FOCAD,9.766549,-3.4517677
CRYZ,15.054684,-1.5828688
SAE1,13.787481,3.028224
ZNF600,9.862384,13.007023
WWC3,-4.9540854,1.1070406
RALGDS,13.092607,-7.937623
CPSF3,-0.74373984,-3.222706
ZNF597,17.266018,5.7510986
TM2D2,0.37704787,6.5796437
PSRC1,-2.153488,-0.5858822
GLS,18.710806,2.3312132
PDE4B,-1.4080349,-7.5652995
KRR1,17.33616,11.535418
PPFIA3,4.6632957,-10.599307
JMJD4,4.8076105,-8.280117
VSIG10L,7.9376745,-3.3822043
APOPT1,8.605123,0.7384733
NIT1,4.997056,3.1112714
TRIM26,3.4490552,0.10969975
MMS19,10.279407,-2.7998102
THRB,16.87219,8.635322
LEFTY2,14.672113,10.062743
R3HDM1,15.626368,-2.4730036
RABL2A,13.852191,2.948072
GOLGA8N,9.774979,10.540209
PSMD10,18.757975,5.5946627
ZNF77,15.249414,14.634102
SDHAF2,10.97459,0.71213895
RAB29,1.6317593,-8.848573
NIPSNAP3A,17.400833,2.0984757
MRI1,-2.1969967,-0.27961332
ZNF101,3.5545545,3.5580733
PPIE,11.347174,1.65874
CITED2,4.427728,-0.23690963
RNF215,-2.1517932,10.779661
ZNF322,7.613644,5.2449384
LUC7L2,19.578108,7.375535
PLA2G5,-2.545448,5.2195597
CSE1L,-1.8421005,-1.5412402
APOC1,0.36621422,11.278608
CLDN18,5.7524734,12.543839
POLE4,11.928045,1.5610754
MDGA1,13.166802,1.2575018
NTF3,17.909689,-2.5748801
COL4A3,14.946988,11.773961
CHD5,7.304551,17.58541
RRN3,1.0372663,7.2481713
DONSON,2.7781246,3.5809522
BORCS7,18.552412,1.9896353
ZNF571,9.77317,10.541906
CMTM4,8.418098,10.437095
NANOS1,5.0811205,12.79117
MINK1,5.476455,1.2980818
SHC3,2.7489147,5.615603
CCDC93,13.212685,4.6569037
DLL1,-1.5434885,-3.6507668
ANO2,-4.6361094,13.21321
KLHL29,8.215714,9.892358
TMEM102,4.482004,-6.675243
IGSF5,8.724158,-1.4573942
NSUN4,6.4898944,8.647158
SEMA7A,3.8340237,1.839694
ACOT1,10.052562,13.138813
CISD2,15.087616,16.393797
C2CD3,3.3883212,8.575691
EPB41L5,-2.94758,10.647581
CNKSR2,1.7666532,-8.454876
CD1D,3.8585749,5.1504264
DNAJC18,-1.7000283,10.990632
ZNF107,6.8452373,5.353167
FAM47E,11.067784,5.876648
SRPK2,19.43179,3.2217007
MYLIP,4.8870807,10.51899
ADORA1,4.2439976,-1.4016986
MILR1,2.7728157,8.431957
DHCR7,10.079693,1.7625308
FAM104A,18.698885,3.5639482
HOPX,-3.576162,-1.5078202
LPXN,-3.389319,-2.7308764
MSH6,13.115871,14.650771
SMIM10,15.228485,8.340442
REV3L,-2.0283158,4.507355
PPM1J,4.631185,-7.265331
FAM120AOS,18.593437,2.0689447
KRCC1,7.6745715,5.2911487
SGK1,10.963574,1.1295413
TEX30,0.98041505,0.7304841
GRPEL2,-5.2190824,12.853526
CARD8,12.910933,6.3570514
LACTB,-7.2893286,-1.4606351
CARNMT1,18.522305,5.8621006
CBX5,0.1062329,6.6617246
TMEM144,15.231573,8.463269
ARL16,22.819958,-0.97797364
CBWD1,14.256625,-4.6028557
APLF,1.9278103,-6.7184143
RP9P,-0.26160848,-3.9395587
DHRS7C,1.1046169,-2.1086638
MTHFS,9.24543,0.17180328
TMEM220,15.086025,16.399225
TSPAN7,0.94655055,-2.704933
RASL12,5.336868,13.735042
NEB,13.080847,6.5240073
GPC6,14.893124,10.050263
MUTYH,-0.27323613,16.985876
IKZF4,3.1484745,1.3706883
ATAT1,8.9511385,-8.633381
PCF11,-8.096211,2.3063385
TMCO3,0.38964096,9.15895
NCDN,6.2103324,-8.438849
RNFT1,7.43484,4.9146547
TACC3,2.1849635,3.3575153
VTI1B,13.810779,3.005544
RIC3,10.637565,12.88379
MNT,-3.351504,4.1030807
FAM109A,14.350537,0.56256497
MAPK13,2.9562345,5.27187
ATG2A,5.281618,-8.425291
GDPD5,8.483916,7.601552
EXOSC3,17.764454,-1.0584692
LPIN2,19.389977,3.2374706
CBX8,-5.0213304,12.921113
ZSCAN20,3.1801069,8.893867
KAT8,10.878435,0.4921731
FLVCR1,5.735042,9.467587
TRIM6,8.389187,8.884256
OPTN,5.1915207,12.532393
INTS9,-2.0111213,0.34024534
EXOC6,9.465952,10.929147
KNSTRN,-4.7930965,1.441673
SS18L1,10.769621,-6.890135
ASPRV1,13.807168,2.958814
DDX23,3.4015632,0.1250949
TRPV1,0.789577,0.16249451
HFM1,4.9576726,-1.702882
HACE1,17.213543,11.62142
EIF5A2,17.273243,5.7489944
HDAC1,1.4005284,8.9171915
FBXO46,3.1391733,8.893202
MIS18A,10.01619,10.439483
SPATA5L1,-2.3964913,-4.6882696
ZCCHC8,10.809904,-6.930108
GMNN,16.758236,11.752157
ERICH1,4.4395795,-2.7986846
SLFN5,10.047536,0.8621553
PGPEP1L,9.559714,-3.6538928
NCK2,0.6315796,11.698614
RBSN,1.6160828,-8.856541
GINS3,8.82274,6.943208
MAST2,2.4365005,-6.335366
GXYLT1,14.252452,14.079054
PHLDB2,20.602037,-0.98167187
FHDC1,-4.7532873,13.112259
DLG2,1.1633456,-2.2196324
SACS,-0.5133926,-0.9067021
ANKH,7.7619414,13.3337145
STAT5B,9.860737,13.182282
P2RX5,5.5429063,12.733533
GLIPR1L2,-2.9747608,8.038644
PMS2,-1.9948121,7.394209
ATF5,-0.097749986,10.973839
DNM3OS,-4.77476,13.099451
HSD17B7,-5.56463,-0.3946903
OAZ2,1.1134703,-2.0828633
EHD4,4.74286,9.613344
MAST4,0.18870522,4.987602
SLC16A10,3.4229412,5.2407002
FRMD4A,20.605885,-0.98119533
HIST1H3E,4.363287,-2.802646
ZBTB8OS,14.272508,-4.6181917
GPATCH2,14.227442,14.065893
LPP,5.150092,1.7063289
TM2D3,3.2083077,3.3930383
LGI2,8.808791,14.880162
ZNF34,13.878648,2.8317647
RUNDC3A,8.667067,-4.512787
PPIP5K1,0.5695787,6.528979
CTH,-1.7923727,-7.1885066
MINDY4,3.3228567,6.3307877
ZBTB22,7.4448686,9.042479
APEX1,10.048625,-1.436967
SEPT1,-5.394255,-5.63368
SCN4A,-2.4762616,4.499934
WDR20,-5.593995,-2.1079092
STK38,5.3500547,1.7481711
FLYWCH2,4.7742715,-8.29757
RGS1,3.4232144,5.229743
AFAP1L1,-1.5907228,0.94793546
DEAF1,15.065027,2.4718246
GTF2B,-2.2996526,-4.569632
POLR3A,6.015713,6.5020647
SLC48A1,0.81519574,0.13951558
ENC1,-2.2456238,14.465026
MEF2C,2.3775918,-6.6036887
DOCK5,14.789535,14.393756
CDK3,-1.7662625,13.832688
PGF,-0.24557959,-3.9546146
NBAS,18.766672,-4.327993
SKIV2L,6.3474526,4.006427
CLCC1,-0.036846153,1.4642382
GPBAR1,1.4827852,3.0587854
TECPR2,4.770246,9.605568
HPR,13.478772,4.610731
ILDR2,5.1210957,13.377139
GREM1,8.667445,7.1757402
IL15,4.770732,14.103948
TRAPPC4,3.853648,-1.0874202
ZNF506,16.807055,11.723622
POLE3,-2.003936,-3.786128
SNX27,8.960045,-8.680102
CD79B,2.7728,8.454966
CHRAC1,14.695327,14.328928
KIAA1161,-1.7112314,3.1331413
ANKMY1,7.1591616,-5.6330385
DENND3,-3.7589264,12.991439
SLC41A3,17.558271,-1.2905959
DNAH11,0.28356555,-10.340076
RTN4R,5.0196824,12.425109
CTF1,10.130752,0.8856176
SEMA6D,17.889706,-2.5584013
IFI35,-3.5687032,-3.0723565
TBX3,-1.4215084,2.9480321
GGH,8.390026,17.654867
ZNF273,4.6467214,-7.0733676
GGCX,-0.44121054,-0.9586828
SRGAP2C,15.356334,11.8875065
PM20D2,0.07936458,6.7109423
CKS1B,14.837454,10.0764675
RABL3,17.841377,4.849888
FBXO44,11.964778,-0.95184165
CD40,6.4532166,10.088756
MLLT11,5.164276,13.573349
MAPK8,19.576788,7.3764024
DACT1,-3.5780091,-1.5098876
BICD2,19.147882,7.038545
SLC4A5,8.902602,-7.764004
CFD,13.919915,10.1150465
ZNF667,5.266201,7.108077
ZNF774,5.175937,13.374716
TMEM242,10.345548,4.551908
SLC15A3,12.6386595,6.1831694
RHPN2,7.6110334,-10.070796
RCAN1,-1.4601666,-7.5365148
RGMA,14.169422,9.38771
SMAD1,20.885744,8.134654
UNC5B,-1.5115694,3.0025537
LCORL,13.140488,14.651482
SPTBN2,-2.2392397,14.45833
ABCB9,0.9424006,-0.12622708
PLEKHG4,12.935156,6.3743553
IQCB1,5.1527805,8.889457
PNMA1,15.266201,-5.031209
CYB5R4,19.843933,8.170609
PRPF8,-2.056978,-0.9799323
SEMA6B,3.723048,-0.38973385
SH3D21,-3.3602467,4.096745
LSM11,13.212724,13.594747
DGKE,-2.8905914,-8.528213
LRRC57,7.408847,4.9696436
GLDN,-5.7485604,-0.45238376
HCG18,1.1563278,7.3220305
LRP2BP,0.20728362,4.9592657
RIPK3,2.441596,3.694517
NAT14,-2.1449077,-1.3703454
BBOF1,0.2472554,17.027678
STK3,21.500658,4.932687
NFATC2IP,9.032562,-8.279533
INTS4,18.663658,4.0028744
CADM4,13.308606,1.7949762
ZSCAN31,-1.626251,-7.824061
LRRC28,8.31813,-4.652665
MYLK4,5.7013493,-2.3792248
SPRY2,6.9129357,-9.71527
RFLNB,3.8301835,1.8382683
MCM8,20.9876,0.16164708
ANKRD34A,13.235323,6.6781883
SYTL3,0.09967227,10.303845
FUCA2,-1.6354586,14.315219
DHRS3,-0.49274486,-0.8972735
THOC5,11.080238,5.633705
CA13,7.9148707,-3.4392128
SF3A1,6.0027046,9.912115
ANKRD27,20.736954,8.61312
RDH13,10.390751,4.5374537
ATG7,-1.7112097,10.992702
KIAA0753,-8.132912,2.0725267
TMEM50A,17.36287,5.2921677
PPP1R1B,8.850387,17.888971
EARS2,8.217205,-2.458135
KIF26A,4.629256,2.6951747
AFMID,6.647746,-8.035979
TEC,2.784238,5.9754415
ZFYVE28,2.4296074,3.6635852
PRELID2,-2.2624702,10.773553
UNK,12.903995,-2.7915912
MIAT,-5.450432,-5.690419
MMAA,17.315062,2.1083965
HSPB11,14.270112,-4.6174297
TTC23,5.1320596,12.882101
FOXJ2,19.869524,3.2127721
PRKAB2,12.542596,6.142972
RSAD1,4.972566,-8.490741
PRDM5,1.827766,-6.669921
ABHD4,10.330557,-2.7131455
HSPG2,1.3813435,7.171311
PCDH20,5.22774,1.6544093
KIAA1211L,-5.10787,12.496591
MASTL,14.735821,14.350244
CDADC1,-0.71174794,16.420313
MAGOHB,-1.8996273,-3.5011563
CHEK1,-2.2785802,-1.2105248
SHISA3,7.7826023,17.663149
GMDS,-0.25529963,9.314896
PHF23,-0.7501689,-3.197762
TMEM231,13.482583,4.6105027
DCP1B,9.945343,12.992248
EIF2B2,15.501617,12.610177
NANP,-2.2046187,-4.2024984
SDSL,11.281253,1.6762774
PPP2R3C,9.010378,-8.415746
LACE1,8.897097,-1.0270687
CDK11A,3.2831872,1.443476
MOSPD2,16.829292,11.708861
SLC6A16,-2.9480445,10.642102
CTSF,1.1970682,-2.2858028
ZBTB49,3.105215,1.4063095
APOD,13.155902,6.596631
GPN3,6.9708667,-12.154521
SPOCK2,-5.748724,13.408276
SLC6A13,4.95941,-1.7104372
SSTR2,6.3849998,3.9781456
STK32C,-4.617971,12.696965
PPP2R2B,1.1379794,-1.676905
SARM1,5.5228467,1.2282237
GABRE,11.983699,-0.57876843
SPRYD3,4.8700604,-7.389253
CDC42SE2,17.555962,5.1481023
ITGA11,7.871488,-3.5578887
SNED1,1.1000308,13.766517
MGAT3,6.669258,-5.6621737
CEACAM19,5.084493,14.315641
RAB43,3.8292437,1.8368627
SALL3,21.535719,4.893256
NSG1,13.760429,8.490137
ZSCAN21,6.9227057,5.534083
SPATS2L,15.341334,-1.4733862
TIFA,13.159916,-8.01967
MLXIP,12.0691595,4.6299915
ST6GALNAC6,15.668176,-2.337204
DHRS9,7.249401,0.8438469
NBPF15,9.467234,6.6250033
PCDHB15,5.559635,12.729179
BCAS4,12.334887,5.253253
FANCC,13.269491,-3.093281
FAM160B1,13.754958,13.9051
TADA2A,7.4429855,4.920456
SNAPC1,-4.301301,1.3127514
APTX,3.312458,8.646652
DNPH1,10.058314,0.8764361
TRMT61B,10.60758,13.842144
PDCL3,8.235526,-4.633977
MRPL18,8.880264,-7.769001
TMEM62,-2.2002015,13.429838
KIAA0391,4.652034,-7.058323
CCSAP,5.1555943,1.698818
WNT2B,8.287906,-2.5109658
FAM92A,9.034563,-8.281416
CLEC1A,-3.5440733,3.9478674
MRPL23,11.920746,0.19883353
MED30,4.5791764,-1.564876
SDF2,17.496185,-5.220579
RFX5,15.248318,8.314023
TMEM9,-1.8371576,10.97571
PSAP,-1.8373454,10.980425
MAP3K3,1.0675709,13.728841
ADCY6,5.4513264,-1.1801682
YIPF3,2.6649904,-6.3006344
RHOBTB2,10.280386,-2.7972898
PHF2,3.1721537,1.377239
MCM6,-0.8541915,16.243475
FAM89A,3.9643571,-1.1634151
FRG1CP,15.269748,14.644468
ZNF337,1.1008437,13.769058
PITPNM3,4.1901164,12.42608
ZNF703,13.242093,4.681906
SEMA3A,4.967838,14.080808
CLHC1,-1.9964278,0.3659652
PRC1,11.207776,-8.458677
AMPD3,3.8775756,12.680915
OSBPL6,15.257714,8.317436
ANAPC13,11.900739,-3.037206
SHC4,13.090537,-7.9334087
PALMD,7.257172,2.1269596
ICA1,9.714296,4.496164
CLN5,14.761219,14.371956
PITHD1,7.289184,-5.8014765
HAUS4,1.2186472,7.22968
ANAPC1,20.646473,8.458537
MT3,11.082509,0.47408423
FRAT2,5.2816925,1.5829759
THG1L,3.3970034,0.18655644
NCAPG2,-2.5835524,-2.2042198
TOGARAM2,12.353239,-10.142663
NBPF20,9.839279,13.029271
DOK6,-2.5684364,-2.1912806
PPCDC,1.274674,7.221448
GNPDA1,4.403354,2.4449441
MTERF3,8.713353,-1.2663093
VEGFD,0.3376176,11.243
EME2,4.3193583,7.502303
P2RY8,6.8448367,8.333352
MAATS1,14.83248,8.343912
EFNA5,12.15476,6.4116187
TECTA,0.9430033,9.025363
TRAFD1,-1.5531428,-3.6560726
NQO2,11.804044,0.118816
RPA2,1.8808614,-6.8459973
PTPRH,-2.1002126,13.532584
CES4A,-0.45677343,-0.9719806
ZNF706,3.1623027,8.904191
EMX2OS,16.16104,9.148001
EMC2,12.06615,-2.9283247
ANGEL1,7.2927485,0.908708
AGAP12P,5.745665,-2.3868477
ARHGEF16,4.464203,-2.8542578
TXNL4B,4.2715864,7.54085
GNL3L,18.030785,4.665004
ZNF100,6.840965,5.36826
EIF4ENIF1,-7.0717063,-3.5310502
NASP,14.117159,8.738875
DUT,5.595428,-2.4635289
PDGFA,-1.4311213,-7.096069
PTK2B,3.574388,5.135032
STAG3L4,9.871209,0.6744705
TBPL1,20.877094,8.81208
VASH2,13.281161,1.766543
LSR,16.586796,9.228081
TMEM136,0.20459679,4.9654584
ECHDC1,18.595703,2.0748847
ZNF684,11.082311,3.8319974
CHTOP,11.943326,7.8340263
ARFGEF3,18.854805,2.800626
MED22,4.211331,7.596315
VPS37B,8.638779,10.479225
TP53I11,3.4492397,-0.4324042
ZCCHC4,15.791716,-0.9871454
GNB4,15.272067,11.920313
ESM1,0.34140164,11.247352
PDE7B,-5.5286703,11.881904
HRAT92,11.8394985,-4.084279
NLK,19.279823,5.643774
FGD1,-1.7574493,-7.250009
PLCG2,3.8553236,-1.0986068
GRAMD1B,4.1932425,12.431839
BCL2,16.743893,5.565079
DNA2,14.355042,0.56192046
NPIPB4,8.944147,11.065633
KCNQ1OT1,8.817443,0.5785464
PTPMT1,1.5972795,3.1265662
CRACR2A,7.4138665,1.2965277
TET1,8.871266,11.165869
ALKBH1,10.379305,13.16435
SCN3B,5.4018307,1.8590704
GLI3,8.89364,-1.032303
TSTD1,11.049958,0.577117
NCR3LG1,10.906586,-7.035612
IFITM10,-5.7296963,-0.44856927
SMC4,18.514702,0.90412265
RTN1,2.8561676,8.582772
TRMO,3.1723795,8.92787
QRSL1,8.891445,-0.98340267
POMC,11.821769,0.1286578
ZHX2,10.543907,-5.394914
GOLGA8B,12.972576,-5.0773892
SLC39A4,4.993775,3.1061726
MSS51,-1.3705117,-7.3706923
PTGFRN,8.366896,-4.7435822
UBE2A,6.9706645,-12.153943
SARDH,7.348851,17.594631
ARMCX2,19.11811,-1.1090696
PSPC1,15.061761,2.4753945
MYL3,5.966613,12.937829
ZNF407,-0.2616811,-3.9390047
ATP10A,11.6115055,-0.657137
TAF15,7.724495,-3.8790276
CDC42BPG,-2.1635609,-1.7387495
MTX1,3.1688788,-0.5791904
IDS,1.7564476,-6.809357
FLG,17.038528,8.852731
GPAT2,-4.4897504,12.749253
RUFY3,19.026453,6.9056993
SSTR1,14.053506,12.046856
INTS6L,-1.5299693,1.0570651
MINCR,17.960741,4.230188
EPS8L2,1.1029884,13.76396
SLC25A28,7.1363335,2.708425
SHPK,4.836763,7.2759404
PRPF6,21.666023,4.7852263
TRIM4,10.0702915,0.88840955
LRRC4B,13.446104,8.460624
FAH,11.08073,3.837257
POLR3B,8.906076,11.114754
PTPRJ,-4.8045797,13.066957
GAS8,4.5663896,2.6272407
SPINK5,3.3316188,6.342889
TLL1,16.485428,12.290226
GPSM2,18.697802,5.375847
CAMLG,2.9546485,9.59092
APEX2,8.97615,-8.617745
PITPNM2,7.431787,2.7488253
RPL17,2.8885374,9.290946
PRELID3A,-2.0606785,-0.9960468
FAM189A1,1.1034914,-2.0835462
RAPGEFL1,3.8423955,1.8748494
PLEKHA7,4.796558,-1.6387694
MYCBP,-2.0849152,-3.8011875
FAM83H,3.8780792,12.680915
NOS1AP,7.822005,1.2790524
CYB5B,6.9702024,-12.156272
OXCT2,5.2978954,13.774326
TTI1,14.804957,10.382669
NINJ1,10.856352,0.52041614
LNX1,-5.5763745,11.582401
CACNA1A,-5.608784,13.233616
ZNF736,-4.4927483,-0.5030092
CCL14,5.225894,12.334618
GYPC,11.98363,1.4039559
ZDHHC23,15.960441,-0.962708
ABO,0.6621692,1.4376721
STX3,-5.6655498,11.194648
BEND6,12.365067,5.2395964
FBXO18,5.5941443,11.983213
ACSM5,17.021492,8.822302
SF3B3,-2.0797453,-1.7620158
ZNF532,11.18068,0.8646553
ACTR6,0.9508841,0.90270925
ERC1,10.562633,13.854479
TMEM9B,0.080333345,6.6760535
FAM221A,14.831391,14.428528
SNHG5,2.9459617,9.585719
GXYLT2,5.3653483,6.584042
TRPV3,3.1538827,8.884152
OSGIN1,-0.5157915,-0.9112074
GNAZ,5.743637,0.742758
WIPF3,-0.042926855,1.4940127
TMEM18,11.949382,0.20845148
GPR85,15.963429,-0.7113177
CPOX,0.9032451,-6.1821365
ARHGEF6,3.1519396,-0.5635168
ANKRD16,6.6118135,-5.8175335
RYR1,-3.3998394,-2.7124305
SLC7A2,14.196559,8.857861
L3HYPDH,-3.061882,4.43609
H1F0,6.655783,0.48258483
TCFL5,15.545154,12.578907
TMEM128,14.2553005,-4.601592
SCAND2P,2.7290916,-7.1171722
HPCAL1,-1.5978085,14.292556
XRCC6,7.8044033,-4.6364284
BEX5,13.254792,6.7021112
BARD1,19.706394,7.9874086
NFYC,12.452894,4.7471
ATXN7,-4.766353,1.3035991
ADGRB2,9.429085,-3.828359
MPV17,11.964602,1.5974915
LMF1,-3.0890374,-0.8081749
ZNF542P,7.1314087,-5.612725
FAM192A,10.391154,13.162414
NBR2,-0.6723433,-0.8260487
CENPP,13.787274,8.513051
MESDC1,-3.59201,13.024787
DNAAF5,10.578322,13.836811
PPT2,1.1522584,7.2886267
SPRY3,-0.7286474,-3.2036428
LRRC23,8.884763,-1.0402535
PCDHGC5,7.899624,1.3674526
PPP2R2C,9.75466,4.4681454
BLMH,8.565458,-7.290603
ATXN1,3.8375468,-1.084749
YTHDF1,3.923838,-1.1312357
ZNF438,6.93999,8.672398
MTERF4,5.427862,6.9436917
CAPRIN2,13.672216,8.419597
MPZL3,-0.7718945,16.392494
ITIH4,10.057433,-1.453332
SNHG18,-8.952837,-0.027947025
POU5F1,7.3891993,-9.884747
THTPA,4.4612255,-2.8676708
ANKRD18A,5.7295723,-2.3899279
THEM4,6.8429804,0.24195705
SATB1,-2.2005506,13.42903
BRD9,9.060018,-8.589638
LGALS3,-2.1474774,13.463357
PSD4,-6.632336,4.6903186
RELN,10.839537,5.6733775
USP27X,12.419418,6.1969466
KBTBD12,10.111381,4.382939
ANKDD1A,-1.5706186,14.444771
ZNF394,-7.9328804,0.5578172
KALRN,5.3329563,1.5549206
ASAH2B,9.592319,4.4678526
MAML3,15.297019,-4.96332
SLC25A16,1.155253,7.3215833
TXNRD2,6.744191,-7.937948
NKAP,8.95245,11.0561695
DNAJC12,0.29166076,7.7977924
TM6SF1,-8.952876,-0.027776364
HAUS7,7.774212,17.662333
MOV10,-3.9061773,-3.480549
MTO1,7.5637655,4.728942
CDRT4,-0.0137030855,10.843519
CADM1,15.679859,-2.3098123
SH3YL1,9.759684,10.371405
SRRD,10.96237,4.0634212
DNALI1,-1.7156931,0.7243507
SV2B,-5.7221985,13.379443
PRR4,3.0408027,8.9354
PPL,2.9927866,6.043284
TARDBP,2.6899908,14.060521
P3H2,16.428177,5.468534
SLC22A15,12.498816,6.210516
RREB1,2.8280187,-5.0239186
SLC51A,4.933891,-8.525346
SPIN4,0.8857505,-6.147703
FAM86DP,2.6676235,-6.2938876
ARRDC4,0.059355058,10.320089
TCF7,15.573644,9.634736
TCTEX1D2,11.278539,-0.44214404
ZNF891,0.8913659,-6.118926
GPR135,6.9762993,8.719512
PTGER3,14.0316,10.04816
CEACAM1,13.086137,-7.931588
ALG9,6.8863745,8.674523
ZBTB1,17.524422,5.179299
GLYCTK,-1.5866079,13.68609
MDM4,4.437567,-0.23334445
PRR16,11.057205,5.8584013
SCCPDH,6.9709496,-12.154233
MYO15A,-0.7208934,16.401863
TRPT1,11.775855,0.09706055
ZNF154,9.942688,10.260541
MRPL34,10.772813,0.6400827
GADD45G,5.171344,13.516585
FRA10AC1,0.946886,9.004983
IMPA1,17.322922,11.542403
RBFOX2,9.780342,10.540295
FAM69C,4.8277955,-1.7456738
MAPT,-2.4485166,7.1808853
FLYWCH1,18.892954,5.622194
TMEM173,-5.000318,9.236653
TUSC1,3.5698144,1.6191593
WSCD1,12.353313,-10.142525
FMO4,2.8495512,-7.4966288
COL27A1,2.0551813,-6.6992927
HMGXB3,3.6395767,-0.44398773
MFSD6,17.73956,2.017314
PRKAR2A,-0.4728053,17.033276
NBEAL2,2.4261985,3.6706204
FLCN,4.233894,-1.3834618
FAM206A,1.7573119,-6.8278284
MOG,8.645172,-1.55182
CECR1,16.171436,-1.0916458
MAGEF1,15.001957,-1.6317016
CTSH,16.587963,9.226007
PTHLH,-0.32331404,-8.681189
ZNF460,5.436368,6.943882
PROCR,1.5346516,5.3083754
LCNL1,-5.9338837,6.2812657
ARHGEF5,8.452013,7.632363
NUDT1,2.9372838,9.989544
NTRK1,1.9376476,3.1367068
ITGAE,8.831808,-1.1883972
PDE6D,9.421137,6.710166
HAUS8,3.1800616,3.3651028
PLA1A,6.340716,10.128456
KLHL11,-0.08496964,10.938731
PRPF4,-4.5446053,5.867015
UBALD1,22.84251,-1.0023005
HIST3H2A,0.9369799,-0.12002328
SPATA33,17.748953,-1.0758271
TTC4,-5.9531593,6.2631702
ZNF544,9.590871,10.907479
RBM6,12.608831,5.901952
CCDC77,0.9401987,-6.212376
ASPH,18.442232,1.7858822
FBXO30,19.267082,5.643901
APOL2,3.984755,-1.1801009
ZNF660,-4.4930367,-0.50189006
NOL4L,-3.645538,13.026356
KCNK13,14.325949,2.8182173
HRCT1,-4.785379,12.6579075
CCDC149,18.034426,4.021744
PUS3,-2.376925,-10.286949
BEX1,13.264078,6.7079563
ACAD11,14.504207,5.5096703
TIAF1,4.257834,-1.404368
CTDSPL,-3.088082,7.871498
AZIN2,-5.1441216,8.5748005
B3GNTL1,-1.579084,13.680447
ZNF677,8.33099,8.902419
MCFD2,2.7837274,14.209688
NPIPB3,8.918197,11.090219
LCN12,-5.9575377,6.262048
NPIPB13,8.939688,11.068943
AMPH,0.63103753,11.697184
DPY30,11.011116,8.950304
TRA2A,-1.7238184,-7.291076
TBC1D9,16.954666,5.444428
ZNF496,4.6963167,6.514923
NLRC4,3.610296,5.1738296
SSH2,8.141401,10.73652
GDF7,15.361205,-4.943787
HIPK1,19.26899,5.637688
PBX2,-2.5046585,6.957857
ACSL5,-3.6951845,13.0319605
ZNF850,13.281893,13.65195
EML2,5.9877043,12.916206
TUSC3,-2.984018,7.9045463
PCIF1,9.1008625,-8.255286
ACE,-2.572866,-2.1989028
HLX,-5.1464324,12.855628
AJUBA,5.017806,3.1341116
ICAM5,7.33623,17.59305
ZNF563,16.412453,-7.7340717
POLR3G,18.513968,0.9216331
NUAK2,2.8285012,-5.0365043
SLC7A6OS,15.261508,-5.0283155
C1QTNF3,1.096644,-2.0585296
ZNF81,-8.132563,2.038728
UPF3B,3.4062784,0.1786541
WDR6,4.789689,6.6206326
CHST7,-1.6989057,-7.3402267
LRCH4,4.1181006,7.768207
EBLN2,20.930588,0.22740862
TPRKB,7.828568,-4.636261
BTBD7,1.5078164,-9.018318
RNF44,-5.1118345,-0.42826033
KANK2,-1.56748,1.003303
NAALADL1,-2.0769064,-0.82407033
INPP5K,1.6416651,3.1110086
SLC29A4,2.5399652,-6.160457
LAS1L,9.426814,-8.438944
NOMO3,-0.009770825,1.4440186
YEATS4,-2.3671913,6.7968135
SEZ6L2,2.4652467,3.675754
RASL11A,-8.952921,-0.028008576
KANSL1,1.6155072,-8.865839
TLDC1,-2.1833653,-0.19705293
CPNE1,4.8958764,-10.2066555
DDIT4L,-1.1794692,-7.754474
TFF3,-5.4425,11.979961
FAM71F2,-0.9001009,-0.48031938
TNFRSF21,8.801927,14.874167
FAM180A,2.7259538,-7.153338
TRMT10A,1.3524814,-6.2155466
ATP9A,1.9839906,-6.734064
HS6ST3,0.28377244,-10.340521
RITA1,12.046419,-0.9520451
KCNJ8,14.066583,12.034625
HAUS1,-1.5416265,15.188811
ALB,11.943093,-4.2088223
BCL2L12,6.6661534,-8.020913
DCAF5,-4.084262,3.6253834
PGBD1,16.412434,-7.734211
TMEM163,13.246326,6.697455
MTA1,11.348407,0.3988827
ANKRD65,-4.1482654,3.5705037
ZNF718,-5.5282154,6.543462
BSPRY,2.9128795,14.42227
ANKRD33B,15.602497,-0.96264493
COL13A1,-9.54636,5.951745
LPIN1,-1.4485759,14.691485
ZNF346,4.674603,6.5072045
ARID3B,-3.344793,4.1089926
TBCE,10.438155,4.5486035
GPR17,6.4348087,-8.231691
JARID2,-2.1822698,-0.9476634
MAP1A,11.280061,5.430815
KBTBD11,15.044153,-1.5894033
GALNT8,4.985641,-2.490741
FANCA,-3.564956,-2.5403242
VIPR2,2.9705446,14.543068
PRX,2.9667726,14.540589
NUDT17,16.191122,-1.1028348
NEK5,3.338414,6.344716
DCBLD1,-5.159225,12.824673
TTC27,-2.7334073,7.488774
PRRT3,-1.0163536,-0.62001437
PCDHB7,14.894389,11.808277
HSBP1L1,5.5215597,-11.168575
ST14,3.1950605,5.1887345
AGTR1,0.28349316,-10.340253
CCDC144B,20.927483,0.23228113
FRG1,7.841893,-4.6237054
TAPBPL,15.397269,8.273099
PPP1R32,7.126575,2.481357
EXOC2,15.268443,-5.0290194
CAPN3,-0.12761238,8.217199
BEGAIN,4.191526,12.425627
GPRIN3,7.049846,0.7173942
EXOSC10,9.876314,12.998864
TMEM97,0.2615075,3.7744014
STOX2,11.206327,-8.461103
TGFB3,5.2791405,13.789795
SSUH2,-5.303299,12.877056
CCDC18,5.887415,0.7197742
UQCC3,12.874474,-6.2073565
UBOX5,11.401277,1.5418333
MKNK2,12.966112,4.648553
MPLKIP,18.75964,4.133993
NBPF3,8.525493,8.751765
ADARB1,-4.9158216,13.007621
FLJ27354,10.004847,1.8414563
RFX3,14.247564,14.078558
RERGL,-2.5725722,-2.1939092
GRIA3,7.5024724,2.7793775
FAM153A,8.76527,14.8202505
SETD6,3.5144799,3.5172775
FBXO22,6.357038,5.9200945
CAMKMT,3.4133344,-1.2788631
MYOZ1,13.142545,6.5810275
CDKN2B,8.801889,-5.14021
DCP1A,0.56583893,6.5245767
GALNT18,-3.401197,4.04991
UXS1,15.595163,2.7151363
ZNF561,-0.82337785,16.59637
BBC3,13.136272,6.573949
SCLT1,11.239657,-8.426796
MOK,13.990941,-3.2435699
GPR68,-5.1099806,8.675261
SLC25A14,7.8271017,-4.4942393
GPR35,6.794167,-7.8901196
NOTCH2NL,20.09656,-3.834597
SLC25A13,18.756296,4.1385794
FRAS1,19.699957,3.1098812
WASH3P,4.693553,6.5130587
PHF21B,13.253738,4.634983
FKRP,4.392263,2.4342713
INPP5B,-3.6793768,-2.5521703
SPAG1,-4.813736,1.4397411
PCDHB2,14.9092,11.789597
KIF27,18.011518,1.3999614
AP4S1,12.500356,5.48914
B3GNT8,5.779225,9.354896
WDR73,2.8493335,18.794739
LOXL4,-5.1526465,8.568026
ABHD18,0.2563275,17.022533
CA3,8.55194,7.3395357
MFSD4B,9.321181,6.673555
PLEKHA2,5.5559883,12.6061125
CHAC1,6.5944,3.725066
PPP1R10,17.71912,5.8676863
DBNDD1,11.141373,5.569575
QRICH1,3.2111745,1.4054388
ZNF462,10.937848,-7.0714445
ESYT3,-2.0727143,-0.95905656
MYO5B,4.583704,14.132239
BEND7,13.1050005,13.503011
TMEM181,13.454671,13.827667
TDRP,10.042963,-1.4323242
HDAC3,18.9229,5.657947
TRIM69,9.221097,0.18626183
RGMB,16.689632,8.868352
NOA1,6.7466884,0.30929673
ZRSR2,2.970569,-5.3341846
CARMN,4.720789,-2.0998049
GAREM2,17.307703,5.162903
NLRC5,-3.6369402,-3.1856775
KCNJ2,-3.2720284,4.1982284
MIATNB,-2.3867364,-0.7943466
TIAM2,12.98352,-2.8258455
LAMC2,15.328178,-2.567567
NBPF10,-6.137625,8.650521
ZXDC,-4.8979754,-0.42519993
NPIPB11,-5.0816684,12.442111
PLK2,13.158267,-8.01684
SFR1,-2.8772862,-8.513786
EFCAB13,-3.704797,-2.5388522
HDAC8,12.5985985,-2.610513
FAM46A,14.91111,11.816361
PEX5,3.9660845,-1.1793576
TSSC2,10.795975,5.7027607
MED6,-2.4906695,0.22166893
DIRAS3,2.5103986,-6.352277
CASC15,15.212713,11.864479
COL23A1,11.12836,5.5867286
F3,2.8387272,-5.051726
HSD17B14,-8.045211,5.4845824
BNC2,8.758029,14.81028
GPR173,-1.6191746,13.7159815
MED29,-5.9963818,6.2374377
ZNF487,14.798969,8.323516
GPX7,0.3608829,9.162986
NBPF14,5.127437,-8.800801
PDLIM7,0.11693699,9.160994
LTK,13.08503,-7.9273677
SMTNL2,4.7401147,9.604088
OSR2,16.993942,8.821657
CTNND2,10.082046,13.623955
MYO5C,9.478449,-3.7573113
RHNO1,-1.5020186,1.1019411
TUBB4A,12.5016165,6.206164
KLRD1,13.099381,13.502615
NUPL2,12.511211,6.1596117
PRR5,-1.6881188,2.6079311
CNTNAP3B,-1.7164861,0.7260475
SPATC1L,9.52722,-8.801224
ZFY,13.701652,13.89334
GLB1L2,15.502939,-1.3725487
F8A1,7.578772,9.121773
DTNB,-0.24210064,8.854557
ZFAT,7.798167,-3.9099898
SLC47A1,-0.32394427,-8.681152
G0S2,7.62572,1.2642734
NMRK1,15.990878,9.099551
NGEF,13.999044,2.8470488
SIK1,11.245557,-8.418897
VWCE,6.320132,10.12666
HYDIN2,-2.890591,-8.527852
FBN2,15.907668,-0.9226601
TTTY15,5.329775,1.5561374
SORCS2,2.3059685,9.690399
WARS2,3.431401,3.440879
SLC44A5,3.8133464,-1.0399944
RN7SL2,5.2323217,-9.41821
TNFRSF19,7.405911,1.3141893
THOC3,9.479019,6.629478
PRR33,13.7590885,8.495661
THNSL2,-1.8583188,-1.5502656
ATP6V1E2,-2.355016,7.2361765
RGPD8,8.932798,-8.676374
ADAMTS17,8.796922,-5.1259813
EIF4E2,3.4453626,0.07103077
CECR7,4.9343495,-2.6797729
TMEM133,22.034683,4.452881
ESPNL,7.3846292,9.010915
GRK5,7.489258,-9.961215
FAM227A,-2.9503539,10.644362
PDPR,7.0831447,-5.5686088
TM2D1,0.9549448,0.7503393
BAMBI,3.8402455,1.8472208
YBEY,9.130419,6.738414
PTGR1,20.54936,1.5956625
PDCD2L,10.041989,-1.4410189
PPIL3,6.9585233,8.661283
