node,x,y
SEMA4B,3.9497638,1.8045729
SFN,3.1137915,0.94105536
MSRA,4.1979003,-2.4445271
PEPD,5.9323664,-1.0578753
FAM129B,1.6430699,5.4264297
PPP1R18,2.1612291,4.6490507
YME1L1,8.14964,7.8064666
DDX21,10.569488,5.763622
SBNO2,3.7719138,1.8038044
OSMR,12.185833,3.9659133
EIF4A1,3.67851,0.2766295
KHK,6.8383455,0.05066584
SDHD,9.019604,1.9555318
S100A16,4.0016985,0.43482026
UBTD1,4.9392166,7.32338
TM9SF3,3.9255538,12.070437
ACY1,6.387804,-0.364707
RELA,4.5196033,0.45628124
VPS37A,7.798577,13.066802
CPED1,10.820771,11.704472
COQ9,-3.579968,7.609371
ACOT13,3.5432014,-3.403715
HADH,3.067317,-3.5637248
S100A11,-3.7285218,1.9566535
FASTK,-1.5350248,0.34726453
IFNAR2,12.626207,3.6608953
GRHL2,6.8047504,-5.1845064
ANKRD46,10.233337,1.4128728
PPAN,15.832634,6.448111
CLIC5,0.94316125,2.8959956
AGMAT,4.7524624,-2.6527126
SLC17A1,5.3129888,3.0175993
CPTP,-1.6494681,-0.30058324
COX8A,0.81857276,14.223372
UBQLN1,8.281979,12.754449
RPN1,5.451542,13.560954
HSD11B2,11.4233885,-3.2761676
NDUFA5,10.52446,1.1372159
PES1,13.240425,10.459606
TMC8,12.847548,14.6324005
PLCE1,0.7563035,2.8504539
FSTL1,-2.9231286,9.846497
LZTS3,-4.094925,-2.9562745
ANPEP,8.240253,3.9087737
LRRC59,-0.22509418,7.9880977
RBM25,-0.53956413,2.4175744
AKR1A1,4.2210884,-5.8782907
NDUFC1,7.5293374,5.826051
AGXT2,4.2574735,3.8544571
VASP,1.9432185,5.3173614
PHC2,4.6733613,2.0981624
TNFRSF1A,3.2700806,2.1859539
ADGRE5,1.3345274,5.920351
COL6A2,-2.9843767,10.444229
HK1,0.7535518,0.0841901
CBR4,1.9153473,0.56087804
ZYX,1.7898589,5.040076
NAT8L,3.0826826,-6.5427246
DPH2,2.3573756,15.458685
BZW1,9.242177,5.7044573
TMEM72,3.4503472,-6.730233
MMADHC,6.3030863,10.516381
SLC25A11,-4.3747888,-1.5733106
KIF26A,9.54293,3.451084
ACSF2,7.14203,0.4647552
PRDX3,8.985986,1.69397
POMP,5.635812,10.511401
TPMT,8.369796,-7.7346506
DPYS,4.367752,3.623542
EMILIN1,-3.1077895,11.03918
KLHL3,6.9778814,4.556898
ITPKC,4.7112,1.6917443
SNX4,5.7596045,6.4696703
EIF2S2,5.1660547,10.67512
ACOX2,6.3944187,-0.806716
MYH11,-2.1758869,11.114406
BPHL,3.7932994,-3.344528
ANKLE2,2.2327945,5.266653
MEGF11,12.84339,3.4093068
ANTXR2,-7.30823,14.200994
NYNRIN,9.456666,3.4141355
HMGCL,4.4537015,-1.4897971
PTPRO,1.1288304,3.115919
FBLIM1,-2.574551,9.508506
NDUFB7,1.2463595,14.862223
SETD1A,7.866598,-2.0612192
RPL23,6.333793,2.0635657
WDR34,-1.7252477,0.26866704
LAMTOR3,-7.436251,1.864064
ALAD,3.243381,-3.992084
RFFL,12.021714,7.2261286
ETFA,2.935332,-7.794192
C1QBP,2.2323227,-9.465048
MAPK6,-4.2725763,8.506692
GARS,0.7962668,8.2315855
NDUFS8,1.13879,14.873199
PANK1,2.8337786,-3.4417198
FMNL1,0.46490946,10.518563
SUMO1,13.182994,12.046238
GIPC2,4.2080016,3.7228348
SLC39A13,5.37944,7.224229
TBC1D10C,12.999867,14.411472
FGF1,0.9571338,2.9268055
MRTO4,13.248794,10.32568
COX7C,-3.342605,6.708973
EFTUD2,13.36811,10.480871
SLC30A9,5.8752956,6.264491
SDHC,1.459551,-3.57041
ARF1,-2.5720854,3.9657843
MARVELD1,-2.849983,11.165663
TCEA1,9.751096,17.341116
PSMD8,-2.2366498,3.0292072
R3HDM4,4.214441,0.79376197
TNFRSF10B,3.2470317,2.7113123
XRCC5,0.49044606,7.315038
CLDN19,10.800271,15.518025
RIDA,4.17752,-3.0031204
SLC28A1,7.6462245,-5.3768606
FURIN,0.9999013,0.5794807
TMPRSS2,11.777491,-3.2588344
RAB10,6.619231,10.3529215
NCKAP1L,0.082528576,10.665429
STOML2,13.53909,-0.5949929
CLIC1,3.585404,0.40084788
EIF4G1,-0.41727418,7.9778123
PDSS2,1.3763206,-3.633924
HDAC11,-4.111071,-3.3858218
PDE1C,11.459375,-1.6233978
SIRT5,-1.5457363,-3.7644846
VTA1,-7.658927,1.4165591
DEGS2,9.048544,3.9096155
PODXL,0.864861,3.302255
SYNGR2,4.6556096,-4.2681227
ATP5J,8.850727,2.032051
SLC35B2,3.9125586,16.263783
ANKRD13D,0.42112854,-1.2627131
ATP6V1G1,-0.68542945,12.357109
HOXB5,10.026409,3.4935544
PROM2,10.57534,15.333093
SLC39A5,7.6502404,-5.189571
RHBG,10.51562,9.784227
CCT5,-5.1895576,7.265247
BICDL1,-4.1858273,-2.9268024
CALHM2,9.622956,13.296148
PNMA2,11.702382,-7.9095592
MFSD5,4.4385085,16.043304
TYROBP,1.955213,14.053601
SYNGR1,9.771191,4.088608
TM9SF1,4.0646496,13.389214
PLA2R1,0.8809238,3.0361063
RAB25,-2.8258202,5.3376493
EXOC5,8.697863,11.867223
NNMT,12.1529255,3.7383869
AFF4,7.53746,13.105487
ILDR2,5.6289897,4.0364227
ZDHHC8,5.891346,7.9851723
KMT2B,8.10012,-2.4071965
GNG12,5.718949,6.203917
COX5B,0.615011,13.893518
PARD6A,-1.7516422,-0.09323039
DHX15,11.772492,5.57083
CYBRD1,-2.607383,12.312467
FAHD1,8.407975,-7.708133
CYC1,-3.0555792,0.88080233
CCDC130,16.967829,4.3608685
TOMM40,6.503814,-11.070135
WAS,0.27380404,10.362933
IFI16,3.2472537,6.035393
TMEM213,12.012828,-2.777041
DAO,5.1062994,-2.6323605
TUBB6,1.6200967,5.760932
DOCK2,0.21194719,10.555534
GHITM,8.724903,1.3151598
FUT6,9.2750635,6.8819094
ATP6V1G3,11.764955,-2.0593047
SPINT1,2.743988,14.918196
MFSD4A,10.469736,15.442711
SLC39A14,14.747465,1.0051551
MSRB3,10.967388,12.041725
ACTN1,1.3469768,6.058672
PTPN1,14.7483425,1.0112964
INTS5,4.547378,16.114717
C2,12.934796,3.077286
OMA1,-1.4957715,-3.7978196
MTFR1,2.8578677,-7.9366946
ATP5A1,7.74231,2.7282667
LRG1,12.867977,3.7001567
NOL7,-1.019167,12.338774
KLC4,-4.1604867,-1.3113499
RNF43,10.403772,13.933598
CAPZA2,8.663558,11.876514
AQR,1.2651497,2.4912684
MKL1,-4.145032,-0.2825851
RAN,0.4073202,8.070178
CSDE1,-2.402926,15.511499
PGK1,5.614196,9.842831
SARS,1.4680172,9.216529
GLYAT,4.2156916,3.8584275
LMAN2,4.4039536,13.975517
ASPDH,5.0333323,-2.6303616
MAFF,9.06394,-3.579943
IPO4,-0.31057447,8.196063
ANAPC11,16.836004,0.17413339
SLC43A3,2.1466062,19.053356
ACSM2B,7.7999444,-4.069284
RAD23B,8.24645,12.713539
E2F4,7.7845726,-1.6293927
DIAPH1,2.1936777,-6.060188
ZNF616,13.993521,2.065771
PCNP,9.292793,17.521475
MAP4K5,-0.41867143,2.1755495
PA2G4,0.50405043,8.198091
EGF,4.5134044,-7.3645816
SEC61A1,3.6297717,14.559281
GATB,15.345049,10.950274
API5,-7.866648,1.1553437
MED15,17.242838,4.655354
RBM3,10.039786,4.6635494
MRPL57,7.5468874,5.9366436
STAT3,3.860804,1.6411781
SLC12A1,10.784133,15.556642
PSMA6,0.7534447,7.676008
TXNDC17,2.469599,-9.47115
TACO1,4.340317,-1.535005
BTF3,3.790713,9.091971
CDKN1A,2.9857607,-0.4389673
NDUFA1,0.51747537,13.730328
RPL32,6.377537,2.0411983
SLC17A3,5.427305,2.8077798
ATP5F1,7.8456855,2.672638
SLC39A1,3.7677317,14.290529
GNAI3,7.801324,8.16771
COMMD10,-7.2606707,2.0832322
DGCR8,-3.0976734,15.675734
EHHADH,6.247304,-0.94385254
CCM2L,-9.194345,-0.07006401
ISCA2,7.6604314,6.0599284
LAMC2,2.1958153,1.4662021
EGFL8,10.293772,4.1978936
CREB3,10.160578,-4.7802367
TXNL1,-0.98930407,12.357477
HSPB8,11.29676,-7.725113
CFI,12.945458,2.6785111
TMEM8A,2.675011,14.929655
SHISA5,-3.5419674,2.3641076
SLC25A10,6.4516397,-0.3345244
PPARA,-3.975596,-1.1014278
UQCRC1,7.526947,2.3508317
DSG2,7.0945096,3.2644465
SYNPO,-3.5995247,-0.61428106
PSME4,10.039918,-2.6635993
MYL9,-2.4466186,11.156432
IGFLR1,-1.1483457,14.072065
EIF3B,16.093052,6.6135945
PARK7,-2.4328263,6.636116
TGFB1I1,1.0652226,6.146282
RNF25,6.118291,12.131819
NTNG1,6.1079125,3.9734144
SPHK2,-4.132631,-1.8989979
DGCR6L,1.0145234,15.300014
PSMB7,1.9543138,-9.470461
CREBL2,15.290069,-2.0150332
CDV3,9.334955,5.5934243
ALDH5A1,2.9352877,-3.4122088
MACROD1,5.263444,-3.5890052
PDIA3,5.525631,13.925342
USH1C,4.926293,3.404472
SMNDC1,7.6246996,13.101141
CCT2,-5.1950607,7.1474457
CDH5,11.331958,-0.8493695
SERINC3,14.8507,3.5859966
NR3C2,-5.51014,2.510982
SPHK1,2.5359275,1.3705509
STAG2,7.041512,18.44411
TMEM129,-1.7723951,-0.39407873
DDC,4.2295427,3.6940742
PDLIM1,3.1622162,5.983161
CFB,12.929095,3.0406191
TMED9,4.0391407,14.235365
XRCC6,0.6121118,7.4222646
CCNL1,8.8895235,-3.4529684
MYADM,1.0344591,6.1672935
PECAM1,3.8077838,6.7381887
TIMM13,1.1689979,15.023821
CNN3,10.72311,8.517818
COL16A1,-3.1314533,10.881959
ABLIM3,12.141398,7.29155
ZNF688,-1.5568122,0.37551406
STRN4,5.87345,7.4090624
ALOX5,0.48189342,4.861088
CXCL16,0.9796871,4.8321075
CCNG1,5.692076,6.068545
ARPC3,5.986324,10.393511
ITCH,7.3834558,13.050482
ZC3H15,-6.4139557,11.290682
SRSF11,-0.6283309,2.6158192
PCYT2,-4.0238905,-1.6767385
RAP1GAP,2.6316404,-6.351777
XRN2,0.5303331,7.36911
FOSL1,3.0460985,-0.37032923
SCOC,10.62277,1.0502725
TMEM2,3.3181834,2.5727172
SAT2,5.1786804,-3.611703
YBX3,11.127928,7.6608577
SDHB,8.666672,1.8900902
TMED2,5.047164,13.506503
EIF4A2,-2.7958958,15.641103
VAV1,0.22114529,10.424195
SLC52A2,3.3570848,14.7781725
CHPF2,-4.158945,-0.27496517
TMEM79,10.712193,2.794031
TRBC2,13.323821,14.161513
INPP5J,11.6170435,-3.4503765
C1S,-3.3123562,9.588469
MAPRE1,9.937069,2.1318262
CORO1A,-0.19113836,10.099225
SF3B5,17.267506,0.16815934
AKNA,0.71239895,10.743045
MRPL37,2.2214818,-9.341767
RNF11,8.721632,11.764442
COL1A2,-4.0109844,11.863311
FADS3,13.478856,-4.0658503
NOLC1,10.839515,5.7270827
TMEM63B,2.4167457,15.143976
CUEDC1,5.3656187,7.292088
CRAT,6.6823835,-6.126477
LAMTOR2,7.4967895,6.334451
ATPAF1,10.158677,1.432045
HEPH,2.1882904,8.933221
RBM7,10.837077,8.967188
SMIM5,11.2787075,-3.4302478
SNRPC,-4.0564446,6.348521
ATP6V0D2,11.646499,-1.8072785
GNL2,11.411275,5.701723
CALU,1.5834645,6.2642045
PCNX3,7.898759,-2.1800895
HCK,1.7590549,13.737248
TTC38,13.5296955,6.492
PSMB4,-2.2519495,3.1220713
PPA2,2.3893414,-9.049563
TPI1,5.6161475,9.850085
SOD2,14.810945,1.2087963
SPI1,1.8809952,14.226826
PTPN11,-1.8437215,15.6715975
UQCR10,-3.3198698,6.8587866
SERPINA3,12.878719,3.6545644
HS6ST2,4.6035213,-7.4153504
CTTN,13.457593,-4.0945306
ZNF598,17.091019,4.5714107
GLTSCR1,5.8580413,7.5483036
CD37,0.50512284,10.509764
ZKSCAN8,-0.6651522,2.6649566
UBE2D3,8.136858,13.505144
DGKA,0.75838184,10.789382
SOGA1,9.236729,3.4965415
LTV1,4.568534,19.288292
SLC22A8,7.7777658,-4.3259172
CLEC2B,2.5086417,-0.922338
TMEM218,-8.475329,4.6511073
TBC1D15,10.662498,9.185605
CPE,-3.5823987,10.773439
DENND2A,9.0146885,3.9466653
SDSL,15.445424,11.079027
CENPS,3.6857395,-3.1543753
LSR,2.9155774,14.84194
NTN1,11.410088,-1.7124028
RARG,9.649848,3.3415918
IL1R1,3.3165703,6.1287494
CSNK1G2,16.86459,4.836699
PRODH2,7.771403,-4.4739604
PSAT1,6.0682344,-1.5080317
ARL5B,-1.5960916,4.055216
PDZD3,9.188326,6.7955737
FBN1,-4.704962,11.509827
FIS1,16.807493,0.18549961
COASY,-4.1960087,-3.5878794
TARS,-1.0261316,8.398893
PSMC3,0.64265233,7.4274073
NCSTN,5.719181,13.429947
TUBA1C,-0.56335974,7.73803
ALDH8A1,6.0710764,-1.4724969
NDUFA2,7.478472,5.895036
DDX18,8.879452,5.9676013
SIM2,10.987079,15.772274
DNPH1,4.41359,-5.7026734
RPL18A,15.929235,8.948032
CCDC47,4.128305,12.627754
TGM2,2.394554,12.876741
PPP2R5E,7.464338,12.988692
ESRRB,2.5592356,-6.304892
COQ4,13.69706,-5.5639586
PPIB,4.927487,13.78995
PSMA2,6.036175,10.442766
ECHS1,3.6387212,-6.721111
AMACR,-0.84324986,13.712528
THPO,-0.98919934,13.893434
UNC5CL,-0.77233195,13.792138
FNDC4,2.2291696,1.1489922
GALM,4.2431707,-2.2611012
AGGF1,-7.6499867,1.4186249
KCNJ10,3.9698703,-7.031348
SLC5A12,7.8079185,-3.997768
ADD3,4.5838675,-4.0521574
POU6F1,10.4094095,4.1560326
YARS,0.9730717,8.495861
PNPLA4,3.820247,-3.229987
SCAF1,5.9195,7.403629
TYMP,-3.4862115,2.4401977
LAMTOR4,16.807344,0.121301696
MEIS3,-4.7072206,11.519148
ATP2C1,-8.214072,-2.9975553
RAP1B,10.788681,8.482635
CD44,2.0788534,1.6187309
DNASE1,2.945113,-6.4182653
NR4A1,15.858768,7.665227
TMEM252,12.902395,2.6651866
DNMBP,0.7811124,-0.37391153
DCXR,5.200884,-3.6265323
SLC2A11,-3.944713,-0.9940059
MTHFD2,3.2738097,6.091567
NDUFA8,-3.4303377,7.4112787
RPL18,15.9450865,8.961496
ATP5B,7.5674605,2.4937801
TUBB3,-2.0832286,-5.719607
HM13,4.731153,13.904964
VCP,-0.6490948,7.6897216
XRN1,-0.84867656,2.091938
FXYD1,-2.6805046,12.409325
MAP3K20,10.935283,12.25111
SYNJ2,0.779344,-0.26501328
MELTF,11.751602,-8.004999
MFSD14A,3.8696823,12.181555
HGS,16.745995,5.1081185
TMSB4X,10.283954,10.272384
SUCLG1,4.702174,-1.4922837
ARMC1,-7.5874,1.5035875
CD93,3.9799168,6.5097027
HYOU1,5.840328,14.015624
NPTN,-8.292778,-3.064649
DDAH1,1.1986651,-3.6868885
C1QA,2.042199,13.80218
FEM1C,7.5985765,8.445276
RPL11,6.2791085,2.0324848
DICER1,15.012626,4.7673683
CLUH,10.137281,9.910526
ACAA1,3.9337277,-6.2242727
SMC3,1.2113987,2.555353
HMGA1,10.046518,-2.6950078
CAV1,-3.6718602,10.754493
ACSM2A,7.8257833,-3.7725933
GAS2L1,3.8709238,5.1610637
CTSA,-4.6816726,-8.499479
CD96,13.402656,14.093
GPC1,1.3034213,0.888561
FBLN5,-3.9424481,12.18273
ROGDI,-4.4160204,-1.5503153
MYO1F,0.31586596,10.394775
CC2D1A,16.994446,4.1116123
ABAT,4.4575167,-2.9455814
NDUFB6,8.943725,2.0899138
MS4A6A,2.1056688,13.443405
CISD1,9.014858,2.0208967
MUL1,3.8933604,16.529701
GPT,-4.0193267,-1.8825437
FHL3,1.5586247,5.6656933
MAMDC4,9.962187,4.6035433
CUBN,-4.663075,-8.965388
MVK,-4.1995335,-3.5614002
CCDC120,8.311132,-2.2848883
ATAD3A,2.3020425,15.512206
NDUFB3,-3.3432853,7.310006
PPP4C,-2.0198073,1.8076454
C2CD5,8.551846,-2.1407957
LIF,2.803197,-0.5983756
NOL9,-3.1144798,15.676992
SIPA1,0.52864164,-1.1526921
RPL24,3.790158,9.091456
DBT,10.236416,1.4046949
CHMP4B,5.131874,10.682818
OXER1,6.342237,-0.36006597
SMIM6,11.710813,-2.492946
VRK3,12.042073,7.2421007
FLII,16.574703,5.3766656
TCAIM,13.638193,1.879119
RELB,3.3955038,2.2192085
BRAT1,-1.4220284,0.49281982
UPB1,6.6757617,-0.33219525
EBF1,10.644781,11.160807
ATP13A1,4.5833483,-4.108072
RHBDF2,0.43439797,4.8968225
MRPL43,16.931824,0.17742239
TINAG,5.275329,3.2020495
EIF3I,-2.5409262,3.8736756
PPP1R3E,-4.035922,1.6698067
GPSM3,-0.33362108,9.930477
RHOT2,17.013725,4.155854
NEK7,6.7243514,18.228277
CMTM7,0.8690883,4.7649074
LRRK1,9.602363,13.276955
MCCC2,1.2606057,-3.6972504
ENTPD4,-1.4571066,-3.839553
SUSD4,10.628082,15.482485
OSGIN2,6.3520293,11.030903
FERMT3,-0.29288554,9.986338
C4B,12.937842,2.6356816
MYSM1,-0.7428579,2.4149928
ERO1A,10.72489,8.40926
CUEDC2,17.214,0.2378264
ASPHD2,5.286706,7.23857
KANK2,-4.891107,11.435253
MED9,9.222849,-2.8978236
GDA,5.4845905,2.863542
ACBD5,9.0786495,1.4938754
TMED10,13.200422,-5.1876936
FRMD6,-3.7372298,10.767896
NID1,-2.7549176,9.35417
SLC6A19,7.729226,-4.915065
PCNA,5.73259,15.459327
SLC9A3R1,4.731184,3.4918118
SMC5,-0.39242354,2.070724
NUDT16L1,-4.541397,-1.4051564
TRIM71,5.5722313,3.8684113
ATXN7L3,7.86374,-2.0481982
L2HGDH,1.2752877,-3.6684215
SLC36A2,7.837444,-4.2285686
ZSWIM3,-1.6251452,4.085033
OAS2,16.039408,11.699705
MAP7D1,1.8707478,5.353586
C1QC,2.038013,13.839576
TMEM30A,3.9242935,11.901523
HTRA1,0.5684312,2.852112
HSPH1,-6.6409006,9.278695
HOXA2,9.843175,3.3679614
TRMT61A,8.727495,9.780442
CDC14A,-3.2453759,-0.3483536
PLCB3,-4.1395407,-0.10165953
RECQL5,-1.7748597,0.833364
PTCD2,4.562152,0.46886507
FARSA,6.504218,-11.071569
RPL27A,6.3172784,1.5319923
TEK,11.245612,-0.7355155
PDE4A,-4.4358034,8.636077
ALDH6A1,4.3935046,-3.0385413
PSMA5,1.7536812,-9.168584
GDI2,6.4046593,10.292345
STRAP,-6.492357,11.386327
IL15RA,2.1821675,19.005493
ACTR3,7.865624,8.203659
ATF3,15.8969345,7.637278
WDR43,11.49565,5.6189604
EHD3,8.969271,-10.403991
RAB18,8.727942,11.776159
CROT,19.730274,6.9064784
ATP6V1C1,5.645303,6.678636
LDHA,11.244421,7.5171323
DKK3,2.2181358,8.908901
SRCAP,7.9478498,-2.2213845
ESAM,11.432009,-1.1088308
MCM2,5.7293305,15.459292
GLYATL1,4.2992606,4.019703
TIMMDC1,7.761426,6.0365353
AKR7A2,4.449278,-5.671964
SLC12A3,6.9566784,4.4879274
HAVCR2,8.20523,4.07864
TRUB2,15.260057,10.846913
NCOA5,-3.115579,15.670392
WFDC2,11.841555,3.6703823
MAP4K4,1.9876666,1.7030877
RCBTB2,-8.524246,4.698247
KRT8,-0.69278914,7.6246123
MYO9B,-5.7383513,0.51692206
HERC6,16.34101,11.804906
NOL6,16.18889,6.580949
ADAM15,0.5554254,-1.1693777
CELF2,-0.48573145,10.839716
TTC39A,13.020313,3.7229195
GANAB,5.9808297,13.254023
COL8A1,-3.4872532,9.449995
PRDM16,10.010763,15.694375
RBMS3,10.674027,11.26467
SLC2A2,8.6632595,3.9225013
SLC25A42,6.682545,-0.37105414
F11R,2.1571174,-6.0341673
IKZF1,-0.9798905,-1.5257778
EIF3E,5.456031,5.4767914
ZNF280D,8.5900955,-2.1076896
SLC13A3,7.9124746,-4.263503
AGO2,3.4082375,-2.348161
ZDHHC6,0.12378444,-4.2258043
TMEM127,3.86194,16.573418
DHX37,16.160242,6.578051
HDHD2,15.234608,-2.0415494
SDHA,7.554552,2.3441725
FAM104B,3.7213995,-3.1526985
MRPL4,1.2267992,15.048131
ZNF248,1.3611284,9.11033
SAC3D1,16.264668,0.10228968
PPRC1,11.417197,5.753268
NOX4,-1.4764202,4.678309
ITFG1,-8.08913,-2.8974814
PFN1,10.012292,-4.601877
KMT2C,12.478817,5.7169266
SUPT6H,15.814484,6.2662463
SULF1,0.45082563,2.8858426
EDC4,16.560116,5.397133
PTPRB,11.223194,-0.7000867
SLC35D2,11.95594,7.1728406
SLC35A2,3.9231381,16.093029
LHFP,10.420263,10.639631
MRVI1,10.955377,11.897138
ATP5O,0.37112722,13.576569
ASNA1,13.576669,-0.5584607
ZDHHC17,13.016084,9.0687275
LMBRD1,-8.215464,-2.9943914
CLASRP,16.967363,4.454635
SLC35A1,8.990805,0.6896655
GYPC,2.185397,19.030535
LPGAT1,14.773126,1.0606632
DNAJB11,5.864339,14.059792
UGT8,6.9188566,-4.9976215
LMX1B,5.889661,3.976837
RALY,10.164041,-4.7862916
COX11,18.849258,2.3611815
NIT1,2.9705985,-9.9395275
CCT6A,-5.35257,6.830854
IRX2,11.103133,15.92384
IGKC,13.151498,15.394206
EPN1,4.759062,7.4932694
SUMO2,-5.7213626,5.5822287
ABLIM2,11.258046,-7.7113543
ATP6V0A4,11.964109,-2.9348881
MED21,-7.29011,2.0995855
ELOVL1,3.9219406,15.910145
TEAD4,14.860119,-3.2077744
ALDH4A1,7.214368,0.5434155
CCDC3,-3.5352466,10.75507
ANXA2,-2.1189547,-5.768225
CRELD1,9.973062,4.646871
WIZ,5.7294683,7.064684
PTGDS,13.635884,-1.5086267
TLR2,0.34799504,4.96138
SRPX2,-4.7473693,11.578382
TIMM44,-2.4694183,0.4302772
MYOCD,-2.1347036,11.107177
DEF6,12.846806,14.530732
SNRPG,8.363858,13.945865
B2M,12.294053,6.7440615
NES,-3.6272504,-0.5998818
PEX19,-2.66433,6.498663
RASA3,-1.611415,-3.7114365
CFTR,11.758442,-8.127449
KLK7,13.628826,-1.4572804
RPL31,6.3903713,2.0695872
MPC2,0.9805575,-3.6018255
IGLC2,13.150753,15.395082
PRRT1,9.871014,4.1679583
GNS,-4.6725445,-8.349483
MAP1LC3B,5.0929995,10.718604
SEMA6B,3.9260628,6.4812994
TMEM59,-8.145331,-2.9385467
ARHGEF25,-7.178775,13.971095
CMTM6,4.8877172,13.284813
SNRPD3,-2.399498,6.6514955
SUCLG2,8.811686,1.5744619
IL17RB,8.168115,4.0957537
IFNGR1,0.10541966,5.092229
GAL3ST3,11.799909,-7.9380994
CSNK1A1,11.010651,9.064433
DLD,7.9474216,2.7239885
BRWD3,-0.71960217,2.9023633
ARL5A,-7.2912173,2.6720593
ZNF449,10.16889,4.760416
MYO7B,7.6741443,-5.395608
AP3D1,-0.36794448,8.102702
ZNF133,12.269869,6.6578717
MORF4L2,5.1478114,10.7289295
UTRN,6.2499633,19.74878
CARD19,4.4058595,2.1229112
ATP6V1B1,10.744216,9.891239
RBM18,-6.975527,2.0279574
ATP5C1,8.610891,1.9434507
GOPC,13.112239,8.95887
SFXN1,8.492135,-7.474156
MRPL35,-3.344925,7.37692
CDH6,13.016695,3.1134837
SCAF11,15.133989,4.6522794
SBDS,-3.8843243,14.090055
RPN2,5.667873,13.491622
TRMT1L,13.779551,1.9530783
PITPNM1,14.975443,-3.318974
ATAD1,3.8565931,12.229776
SUB1,-0.77943164,12.095716
OGN,-4.383629,17.964994
TXN,2.094012,-9.1349
TMEM177,7.1178136,-5.8386497
CCDC191,-2.8565109,4.0370307
NDST2,-4.171307,-0.19941075
PSEN1,4.0654516,13.291495
NR1H2,6.644175,-9.140039
ARPC2,1.016136,8.037636
RASSF6,-0.82870895,13.69407
TIE1,11.368107,-0.89827955
RMND1,8.40763,-7.876695
RAB6A,0.38864323,17.631914
ERI3,4.3565974,-1.653866
CLCNKA,2.599889,-6.328755
EMCN,8.951876,-10.420116
POU3F3,-1.8594266,1.1882906
KIT,11.37846,-1.7156163
MRPL3,1.931202,-9.68135
NDUFA4,0.5816542,13.834259
CISD3,4.8024535,-1.2106123
CLDN8,11.305492,-3.3957713
ADRM1,-2.0678153,1.9951394
DENND3,14.778784,12.687714
H2AFY,-4.0247684,1.6321691
NUDT6,3.6001987,-2.8249831
MCRS1,10.250588,19.399078
ADGRA2,-7.208553,14.003507
SCYL1,12.96383,10.550056
DGCR14,6.076646,12.166179
SLAIN2,9.349216,17.588064
PSME3,-5.130691,7.1914334
EHBP1L1,-5.770185,0.49302733
HGH1,16.265629,0.09224856
SEC24B,7.664892,8.361307
LATS1,13.054881,9.029175
PSMC6,8.124306,13.494878
SCRN1,2.303065,-1.8623736
CENPB,7.850228,-1.8251685
SAMD8,13.632955,-5.4959826
CAPN1,4.663408,-4.2226715
MFGE8,-4.4649363,18.042534
RAB5C,2.2068572,-9.359586
MVP,3.5940835,0.22724923
RHEB,-3.895119,14.09524
FPGS,17.394152,4.754931
CCPG1,3.541113,12.026275
BHMT2,4.2057176,-2.216847
ORAI1,2.8140743,14.839381
SOCS3,2.6504047,-0.75182223
OGDHL,10.876324,9.924547
GRK2,0.53186065,-1.1514815
ADAMTS2,-2.6852033,9.495199
MIER1,11.401816,9.2839155
NDUFB8,0.5654944,13.854335
NUDT21,7.0675707,18.441837
MTURN,10.656621,15.337506
FN3K,5.04934,-3.5840056
LIPH,-2.7983797,5.354668
MUC15,10.6837845,15.3775835
RHOG,1.7228508,4.8273025
JAM3,10.957826,12.241646
ETNK2,6.8249393,-0.4137912
USMG5,-2.4024756,8.140105
MBOAT7,2.8946114,14.809268
TMEM184B,-4.017174,-0.10000434
POLR2M,-5.7402925,5.559624
TMEM104,3.8545692,5.1524706
NPM1,3.7580233,9.056286
COX4I1,0.9016183,14.241612
MPZL1,1.7504299,6.50416
ATF2,9.440685,17.526403
FH,7.885183,2.6867867
SUGCT,4.354844,-2.4938614
PDLIM4,1.7138091,5.196941
ESRRA,-3.076839,0.8940843
KIRREL2,6.31555,3.932156
DGCR2,4.5556006,-4.145144
EIF1AX,-0.69534373,12.213802
EIF3M,-0.48844355,12.237654
PDCD10,5.8096385,10.641189
DDX27,11.194621,5.651532
TMF1,11.279008,9.229115
OSBPL8,5.923575,6.5414305
KLK6,13.632973,-1.4831764
TMA7,-5.3334694,-6.1556497
THRB,0.60519075,4.813914
FAM76B,-1.0452876,2.2450714
SULF2,11.280786,-7.7167993
TST,-3.953474,3.9553616
RABL6,-1.1947756,0.05357033
LAPTM5,0.40267253,4.9604197
FAH,4.249334,-5.8391595
TRPV5,11.80995,-8.20596
TNFRSF1B,-6.561524,-5.0918336
SERINC1,3.5652182,12.032693
EID1,-7.287519,2.8650405
LIMS1,10.73951,8.527782
RNF208,-3.8938947,-3.199839
ACADSB,4.402226,-3.1404672
IRAK3,14.72619,12.736132
LYRM7,2.0585852,0.42702928
MYLK,10.886866,11.742618
TRPV2,-0.51462805,9.754266
COX7B,0.545462,13.776675
TMEM259,16.978254,4.453775
CCT3,-5.207494,7.2704644
FLI1,10.361072,10.690645
HINT2,3.9746575,-3.4924288
REXO1,7.9810047,-2.4094603
MZB1,13.12007,15.2936535
OTUB1,8.653602,9.695717
HIGD1A,0.32330918,17.688974
VEPH1,12.20465,3.801344
NGEF,-5.611788,-1.737778
DNASE1L2,10.524531,2.9650593
TAGLN2,3.4002264,0.58301276
FAM173A,1.846753,9.830531
FNDC3B,7.7303195,8.28997
AK2,2.893473,-9.867923
KIAA1522,2.3088734,14.993056
TFG,5.1602554,10.69079
DEK,9.580673,17.495682
OSBPL6,6.061754,-1.5669065
MFSD6,0.45865613,2.8174267
PTPRK,4.025385,13.364548
WDR46,6.238412,12.04445
PRR14,0.37012362,-1.3124772
LGALS9,0.35239533,4.6905494
ADGRL1,-4.4041758,8.6058
OAS3,16.194931,11.761302
DDOST,5.5899878,13.497907
ANTXR1,-2.4900699,12.588549
PLEC,-5.730754,0.523164
ABCE1,8.941852,5.9149213
SEC61G,5.617304,10.608792
WDR3,1.5338929,2.1680894
MRPL51,8.398297,14.175406
TM9SF2,5.781057,13.403524
TXNRD1,4.4090466,10.842433
GPR137,-1.8031509,-0.44308144
HEATR1,1.5916697,2.1078224
HYAL2,9.052591,-6.0705113
TOX3,11.569377,-2.6883051
SMIM20,7.680841,5.968574
CDH11,2.3219283,8.826759
DECR1,8.172496,2.3850968
CHFR,17.094046,4.5406246
PTRF,1.0518277,6.154603
FAM160B2,4.4399962,2.553185
UMAD1,-7.3074956,2.2323656
NMNAT1,-1.6418738,-3.6866066
MTPN,8.544285,12.106685
ARL6,2.0105097,0.4701302
CHST15,-2.6247256,9.474878
MCM5,5.6913815,15.471944
SPAG5,7.272053,0.6651792
TMEM143,1.9660174,1.7240161
OSGIN1,4.406456,10.842599
C1R,-3.3513281,9.567342
DHX38,15.810168,6.258264
TRAPPC6A,3.9904063,-3.5247357
AHSA1,-6.643984,9.273362
ABCA8,18.716105,4.6921244
TIMM50,6.503922,-11.071195
TRIO,2.2711396,5.245445
KAT2B,3.107379,3.0423884
MOXD1,-6.832892,14.591395
PERP,2.2830615,-1.8551723
S100A10,-3.9704278,1.7378919
GDF11,-4.4392605,8.639722
EMC3,-0.9139539,6.050499
TSHZ2,-7.3987594,14.291264
P4HB,5.0228553,13.884194
ISCU,-2.8348708,6.4133224
ADAMTS4,9.137267,-3.395106
EMC2,6.3175554,11.000571
PALLD,-2.910633,9.903786
CARMIL2,13.020822,14.908165
FAM60A,-1.5936463,6.4283404
DHX30,7.646963,-1.5060214
DERA,5.70624,6.324295
YKT6,-0.99370855,7.364049
COX16,-5.3312545,-6.153623
MFSD2A,12.844422,3.0493307
CNBP,-2.5078087,15.532001
RASA2,-0.33025008,2.077517
SEPT6,10.32828,14.989843
HK3,1.6012763,13.671708
CES3,6.943147,0.17038651
TRBC1,13.356938,14.134045
MED13L,13.7331,-5.602201
AXL,1.2998289,6.0368633
PATZ1,10.380818,13.895977
ALG1,4.0377336,15.966288
KIAA1429,1.1615839,2.4635031
SNTB1,6.9712615,3.4038968
PAGR1,-1.1461265,0.5014158
TMEM207,4.612232,-7.337335
SQRDL,3.599656,0.32030937
FBXO11,-1.816394,15.714616
PODN,-4.4352345,18.014044
COL14A1,-3.501097,10.781938
COL4A6,4.7812667,-7.561528
NCMAP,0.86884093,4.758765
FAM126B,2.510867,-3.9333477
SLC9A3R2,-9.196105,-0.06801832
FOSL2,9.101374,-3.3943422
SH2D3C,-6.6550107,-5.0015364
PSMA7,-2.3321743,3.2852826
SNRPB,-2.0931687,2.122846
BAD,0.9340146,15.431715
HAO2,4.98963,-2.6405284
TCN2,-4.682989,-8.539587
HSF1,6.6444545,-9.14137
MDFIC,8.809172,-1.9640179
TAF1D,10.8405075,8.404348
GDF15,18.593187,8.063882
SIM1,6.7069783,-5.182293
RSF1,14.8202305,3.6092968
SLC25A36,5.069915,5.457567
NFS1,15.310934,10.905283
ATP5L,-3.1985831,7.184957
SRSF4,3.1917381,2.8386827
QTRT2,4.484937,19.210766
PLXND1,9.670478,13.345895
YES1,7.4334636,13.026973
SARNP,5.7018824,10.642883
ZBTB7B,2.3448699,15.23634
PLEKHM2,1.7924935,4.747914
NCKAP5L,5.7002497,7.539973
ZNF510,14.092499,2.1361713
LIMS2,-9.205337,-0.05918903
EIF3D,12.561083,19.139608
LYPLA2,-1.8498248,0.9810154
ARPC1B,2.3551204,12.930376
CD47,-3.1281774,0.9315303
POMGNT2,6.983329,-5.3722305
SRPRB,6.0929627,14.18845
LAIR1,1.9674175,13.637464
OCEL1,4.8111687,-1.202304
TBC1D13,2.7103515,-3.3912241
CRB2,6.3614206,3.9330978
SLC23A1,7.0128965,0.27398002
RECK,14.829621,3.6039855
NDUFB10,17.831078,-2.5195298
ADAMTSL2,-3.977401,12.153406
CFL1,10.00924,-4.6076317
ATP6V1E1,2.903697,-9.878213
RAD21,7.003281,18.410757
SNRPD2,6.5378757,2.1705718
SAMM50,15.268816,10.85373
QDPR,4.3051558,-1.8746461
PDK1,10.548001,8.296178
REPIN1,-4.0248823,-3.348274
UCHL5,-7.862397,1.1464634
TRIM22,15.768002,11.54225
SEC24C,-0.5104942,8.160457
IRF9,16.74093,12.054483
SMARCAL1,-8.488938,4.735539
RUNX1T1,9.63099,3.2723026
FUNDC1,10.622253,1.0677994
ST13,7.9067864,-5.5329347
MPZL2,12.178828,4.0060763
CLPP,1.8419244,9.81813
MKS1,5.1042857,0.40253395
PTPRC,-0.9811836,-1.5386016
MLXIP,4.544137,2.1302543
COX7A2L,-2.8376424,6.411348
WAC,-2.4468956,14.921696
RTCA,2.8799512,-7.8856115
ABCF2,9.03781,10.240854
AKT3,14.782561,3.6481862
CWH43,11.520727,-2.797372
LDOC1L,15.982749,-5.203891
PEAR1,9.672972,13.347572
ZBTB14,3.129229,-0.48507515
TMEM52B,6.946336,4.516283
HAGH,4.68593,-1.3646704
LAT2,2.1692462,13.247473
PPA1,-1.0754385,-9.144667
SF3A2,15.935611,8.958029
TAF5L,4.468903,19.194096
HSPA13,3.8296626,12.053075
UBXN6,2.0689669,9.769498
GAPDH,5.664295,9.943589
ESYT1,3.1095772,14.839356
PLS1,6.453569,10.239259
CFH,-3.5204382,9.424674
CD55,7.1305447,-5.886111
BHLHE40,18.592762,8.064179
ZFAND5,8.833469,-3.4112089
STAU1,7.88941,-5.5245843
RPL13A,15.933263,8.950053
IL4R,14.779515,12.675205
KIFC3,4.7147946,7.540531
FAM171A1,6.97817,-5.3608685
BYSL,9.014246,10.244187
AGR2,11.683565,3.5953817
DDX54,13.00758,10.515252
SH2B3,-6.5650625,-5.08787
RHBDF1,1.5267205,5.564628
SPON1,-2.450451,9.451997
LUC7L3,-5.416364,7.4784293
LGALS2,4.45941,3.5942736
EFS,-7.163326,13.947677
IPO7,-1.899952,15.648327
CHSY1,3.0998132,2.0536938
ANXA5,-4.018079,1.6619493
FANCG,8.104319,15.868255
MOCS2,9.994859,1.4728328
CLDN7,2.855986,14.947347
TNFRSF10A,2.9741886,14.826099
PC,7.205501,0.53434676
VRK1,-4.1721926,6.2772818
ASTE1,16.594055,10.22946
ANAPC7,16.397184,6.5361724
NUTF2,10.000368,-4.5974174
RFTN2,6.2178717,19.718166
CDC42SE1,3.4773314,-2.4924724
ICE2,13.983012,2.0605342
MME,5.7597327,3.9806519
TENM2,5.977882,3.963469
LAMTOR5,8.40726,-7.6117983
PEX5,13.71766,6.5101857
PDZD11,0.18126528,17.8241
ALKBH7,16.815966,0.08446876
SH3BGRL3,10.004844,-4.5933514
HOXD9,10.37467,13.897085
UBE2D4,1.6331127,0.35190213
RHOA,1.1037287,8.019914
E2F3,12.179632,7.3093605
EPB41L4B,10.46224,15.1546
NFKB2,3.184024,2.0824478
SLIT2,11.548666,-1.4685977
SELENOO,12.492769,6.685423
GABPA,6.715035,18.226027
PSMB6,13.5687275,-0.5841537
VPS26A,8.20473,8.187726
DLST,4.189975,-1.3725661
ANP32B,12.561259,19.139898
SEC24A,8.108083,7.548996
SLC4A1,10.303774,9.822994
NUDCD2,18.844786,2.3551016
ARF4,8.065407,7.6697516
PSMD6,6.155333,10.556029
STX3,11.520223,7.184031
ALDH2,3.19714,-7.354948
SLC27A2,5.263131,3.1264637
SEC16A,15.821594,6.2730627
APOE,3.743241,20.818369
KCMF1,4.992772,10.74464
FPGT,8.487993,-2.191631
PRKCB,12.44551,14.562681
SLC34A2,12.928529,3.6567237
ZNF517,10.002703,1.7687137
SERPING1,-3.362042,9.559591
CHMP2B,9.747761,17.333834
IRF6,7.3328853,3.0466967
IFITM2,11.97338,3.7497702
TEAD2,0.73808706,0.0994242
ERBB4,-2.3223202,0.31645742
AAAS,-0.76870763,1.9380658
PNPLA6,3.8596268,5.157023
GGA1,-1.148117,0.03201481
WNK1,6.898117,3.7447872
ABRACL,8.560707,-7.3771667
FAM91A1,0.05664985,15.305846
SERPINB8,19.089674,6.321176
ERCC1,0.78323734,-0.41738915
IL32,12.133347,7.1957283
CANT1,3.843936,16.610674
TBC1D10B,7.9404116,-1.7426413
ZNF2,-1.6343895,4.097096
MICU1,3.1005394,-3.867171
UBR5,12.421941,5.710837
DTX1,5.2669387,7.3448405
CDC37,17.399422,4.76058
IL4I1,16.771633,8.161785
CRACR2B,9.924218,3.660834
PIKFYVE,0.044937722,15.314506
TSEN54,-1.725888,0.19266717
PSMD14,-5.3597307,6.826497
DTX3,9.902913,4.1216288
MSH3,3.0817468,-3.810718
ARMC6,8.79119,9.814692
ABCC9,-6.8419046,14.580422
ALDH9A1,1.242074,-3.6945417
MARCH9,12.40872,6.7294917
ADH5,3.0653303,-3.7893932
EPB41L2,-2.390976,12.710798
BIRC6,12.652375,5.7611012
UBL5,-3.7608452,6.511169
TMEM147,4.5064464,14.384335
SNHG11,20.242037,1.816495
MRC1,-6.9636726,4.7592144
TRIQK,15.301011,-2.0037453
RASSF3,11.505205,7.150846
ZNF271P,-7.090723,2.0211608
KIAA0100,13.724776,6.5125303
SRRM3,-4.7238255,11.611917
TBC1D4,7.0125923,-5.328297
TWF1,8.622976,11.966824
ELMO3,-4.184655,-3.5139017
CHST14,-4.3602,8.566865
PPIA,8.44592,14.022729
PRKCQ,10.909078,15.664196
PCDH18,-7.19433,13.996642
NPHS1,13.608643,-1.4117626
RAB21,8.189761,13.462865
SSPN,-2.635277,12.338423
PGM2,7.815343,8.184905
SYMPK,4.4203134,2.5818791
COA3,-3.4832072,7.507327
HERC2,18.261343,1.194149
SMIM15,9.752065,17.332527
RPL5,5.5653315,5.2154045
DDX58,16.624622,11.970196
MAFG,3.4649122,1.457731
ETFB,4.413803,-1.5216275
PLAUR,5.022029,0.40759408
ARHGDIB,12.941847,0.82514054
DNAJB14,11.410355,9.282049
MED14,11.801417,5.506242
PPP2CA,-6.5017786,11.396295
UBN2,-3.0956604,4.0489545
RAB7A,6.3396654,10.4947405
CTAGE5,11.331816,7.362042
ISG20,3.0717294,5.904356
LRRC37A2,16.765152,0.13973661
ZNF442,2.3204215,-6.1839204
SCIN,-5.563413,2.4742677
ST3GAL1,10.196737,3.2227418
TMBIM1,2.1566923,-6.0285144
TFAP2B,10.875775,15.665553
ZNF518A,-2.8931186,4.065342
CARS,0.86255556,8.377575
ZFAND6,8.658309,11.866709
CLDN2,5.177783,2.6617289
TMEM230,13.224757,12.055517
PLS3,-8.4840555,-3.2049332
SLC34A3,5.177106,-2.6352468
TSSC4,-3.9959888,1.639968
SMG8,4.6544137,16.132265
SMTNL2,7.1369715,-5.832976
EHMT2,-1.3936019,0.482237
MFN1,11.837393,5.459786
GFRA1,-9.555025,8.033234
FUNDC2,-0.77481073,-4.705717
MX2,15.925042,11.64477
PPM1A,5.8453326,6.553762
RLIM,10.820888,9.06369
YWHAG,5.142529,10.67589
SH2D5,13.437369,-4.1156864
CDC40,-7.7474003,1.2928143
SPRYD4,2.5231605,-8.741739
PSPN,10.005688,4.666575
FHOD3,12.420589,4.509515
TXN2,0.7726026,14.581606
SH3GL2,6.0532517,-1.5704066
WT1,0.8815025,3.239919
TUFM,7.515771,2.2683666
DDX49,8.66133,9.7065115
RPL7A,6.3208547,1.5064161
SLC5A10,7.7092714,-5.3591876
PRR35,11.401729,-3.3611865
ABHD16A,3.8341072,16.629644
EPS8L2,-4.2402797,-2.8682365
DTYMK,16.257017,0.09917511
EGR1,15.901411,7.6270223
EIF2D,-5.2698946,-6.2201962
SRSF5,-5.412237,7.472333
DCTN6,-3.8762543,14.083826
ZNF202,-3.1219008,15.665879
RHCG,10.239021,9.832539
CARD8,8.933883,0.8995371
TMEM214,3.7940698,14.3783
TMEM82,7.649658,-5.201676
ARHGEF18,5.2130394,7.4475756
MCMBP,12.127254,5.7072587
COL5A1,-4.138263,11.792705
ZNF879,9.226867,4.696222
ADGRL4,3.8495045,6.691256
DBI,11.990799,7.20461
IL18,11.823854,-8.212099
BCL6,12.299336,4.3956027
GMFB,8.647278,11.958714
ZPR1,10.827539,5.72376
TIMM23,1.8808622,-9.731239
CCDC106,6.977611,-5.8757215
FAM134B,11.312971,-7.7433805
MFNG,0.5806071,-1.168119
MORN2,7.5089393,5.8919473
VSIG4,-6.9482145,4.7735143
TMEM50A,13.143054,-5.147873
ABCF1,-0.3788396,8.052119
LAPTM4A,-4.693964,-8.266647
CCDC25,5.5452166,5.741796
CANX,5.627894,14.404609
CMPK1,5.5248613,5.6777616
CLSTN3,-0.7088367,13.790932
STUB1,1.8560694,9.787099
RSL1D1,3.7620323,9.060586
ZNF687,7.9407477,-2.7322545
TYRO3,6.340708,3.934699
PPM1G,13.43279,10.548097
LDLR,9.174091,-3.0189276
RPL22,5.4982643,5.3890934
CD34,-9.197377,-0.067035556
TMEM43,1.7681822,6.526533
PRDX1,1.8233845,-9.1640005
NSMAF,5.4010086,-3.6276937
HMOX1,12.153176,7.2943325
SYF2,-2.4296975,15.491217
MARS2,-3.9005516,10.653922
RAB5A,-1.5939354,6.4288025
DERL1,1.7663014,6.5229273
DTWD2,1.9055438,0.56404454
CHRD,-1.0848037,14.019811
SFSWAP,10.4402485,4.140369
IGSF3,2.228988,-6.1130624
STRADB,2.8140025,-7.9559402
GATAD2A,4.655835,1.5188149
DEPTOR,15.160641,-0.29274973
SLC19A2,18.59862,8.067601
ECE1,0.6807223,-0.28608677
COX6A1,0.6501753,13.96924
ZNF219,5.880239,7.7302036
PKN2,15.190355,4.59632
CLEC18B,6.937112,0.16180818
FLNA,0.99499243,6.1925254
FXYD5,0.7658576,10.793476
ACOX1,13.69386,6.4996023
C6,12.638825,3.5636582
PTPRD,5.6126184,3.9453545
DOK4,8.170274,4.0965023
PSMC2,6.126758,10.507507
MAP2K2,17.024897,3.9967072
KIF5B,11.390042,9.301217
ACADM,3.516362,-3.3204057
PARL,0.8177707,7.5482125
TWSG1,-8.457525,-3.1913812
LAMC1,1.7562631,6.5089417
MSI2,6.898021,3.7515645
PYCRL,8.803943,9.825324
GMIP,-0.27693763,10.003225
RPL19,6.1903057,2.1883717
GALE,-0.28460583,8.246144
SGK2,-3.7039456,7.699791
TMBIM6,5.662814,14.548508
CCL5,13.408027,14.095295
ADCK5,-1.5856242,0.5087154
DNAJB1,-6.639215,9.292355
HCLS1,-0.48011607,10.835544
SMG5,14.998782,-3.3392286
SELENOS,6.008163,14.156827
PLEKHA1,4.5483246,10.80138
TBK1,11.060374,9.014354
PARVG,12.816041,14.558448
ANO1,10.929624,11.800989
MRPL13,2.4603426,-9.393923
RIPK1,2.9822385,7.8252363
SLC35A4,-2.476122,0.446892
PLEKHN1,-2.0597045,-5.693931
TMEM260,9.00293,0.6665114
MMRN2,11.365459,-0.9369373
ITGA3,-2.1881595,-5.868619
AXIN2,12.433946,14.56704
MIB1,6.746272,18.23482
PRSS1,11.642893,-3.6202953
ZNF606,2.1958628,13.00206
TPT1,5.4975233,5.588085
MBD3,-1.2296789,0.07495302
THOC6,7.7913795,-1.6272051
TRAF4,2.550143,15.081213
EFCAB7,8.595426,-2.0972574
RICTOR,-0.9571272,2.1811934
HILPDA,10.605016,8.326205
DENND5A,4.6805806,0.3838641
IFI44L,16.131243,11.737239
IFI35,16.715422,12.036613
MRC2,-8.843813,3.4440587
TCEANC2,-0.25433296,-6.834582
ELL,4.767899,2.098353
CEP170B,16.669481,5.210912
NR1H4,-0.8353619,13.6934185
MTA2,-4.2716265,-0.19398442
UQCRC2,7.5676374,2.8437843
NLRX1,8.599004,11.452266
SCAI,14.684423,0.9290066
NBR1,-4.528473,3.2520978
TRMT2A,20.780787,6.0753846
ATP11B,13.565226,-5.4341207
COPG1,-0.7148259,7.605742
SLCO4A1,4.510158,2.2936814
ARIH1,7.3288803,13.086715
ROCK1,10.960151,12.376156
ERFE,-2.1831045,-5.800284
ALDOA,-2.4738004,4.04985
CCDC102A,9.553098,3.371198
KHDRBS1,8.853855,6.0049624
FBXL4,8.512226,-2.1986184
NR4A2,15.890469,7.63896
SGMS1,2.1088624,-1.7606435
PIGL,10.198823,4.7948546
KCNJ8,-6.839207,14.58314
CD84,0.09666508,10.698131
GALC,-7.83074,-2.7044413
RPE,-7.272695,2.1011462
ANKRD52,7.8744926,-2.1517327
HSP90B1,5.797108,14.03883
EIF2AK3,4.1557264,12.675558
TNC,-3.701537,10.820555
DHX57,4.439422,19.169113
ZDHHC13,2.3088675,-1.8659306
RBM33,-1.3285127,-3.9885697
NR2F6,-4.119167,-3.4191144
MRPL12,1.206011,15.01178
TFE3,4.5527363,2.188746
CES2,-4.6805716,-8.5426655
PRKCH,10.342115,10.718452
CLNK,11.728336,-1.9762635
PIK3C2G,11.33574,-3.352456
ETFRF1,10.6346,1.0488043
SYNPO2,10.705198,11.350225
ZNF862,-0.22151332,12.14596
SAMD9L,15.921245,11.656053
UFL1,15.160843,4.6241636
GPI,-2.4729173,4.0526624
CCDC88B,12.613287,14.539316
CLTA,8.473789,14.058289
CLEC14A,9.057974,-6.0746746
MFF,13.085902,11.941726
FCHSD2,11.504571,7.1488743
YIPF2,4.7193427,-4.34795
OPA3,-3.6934214,7.6999564
TRERF1,-3.9589074,12.222813
DPY19L4,12.995866,9.086617
RAB35,-4.271785,-0.20036708
EAF1,6.3772078,11.07055
SEM1,8.360374,13.912498
FXR1,-2.7667406,15.618339
EEF2KMT,8.796773,9.813354
HMGCR,9.147276,-3.0004723
ARL2,16.80436,0.19062144
NOCT,3.4537647,1.4475641
EVA1C,2.1232536,19.027498
NPLOC4,10.119721,9.879281
KANK3,9.066414,-6.0815597
GNB2,6.6420684,-9.135261
GBA2,-3.1180038,0.92393255
SMOX,2.5793438,1.374861
MTCH2,8.3579855,-7.699897
TOMM6,-5.3339453,-6.155461
IMPACT,5.5629764,5.7622304
AS3MT,2.7849898,-3.4170303
SLC12A4,3.3295603,-12.071956
STT3A,4.187598,12.752829
DHRS12,3.9758816,-3.4818273
MTOR,18.256226,1.192878
MRPL11,8.401894,14.198635
MPRIP,0.77802694,-0.31179902
WNK4,10.554643,15.418651
RPS6KB2,17.02264,4.0052705
SASH3,-0.2083621,10.1147995
CDK17,7.626484,8.415489
BTN3A1,-4.0594068,1.4296372
YWHAE,-0.013587641,-5.7262673
SLC6A13,9.277471,6.882881
SEPT4,-9.573005,8.015399
SLC4A4,7.0419707,0.30486682
HINT3,10.717792,0.9782435
INSIG2,7.5925975,8.444527
ECI2,4.3583875,-3.3861406
AATF,0.56239516,7.374113
MRPL24,15.341153,10.941899
QRICH2,10.600891,2.9145195
HOXC5,-1.1379789,0.5120084
DGKD,-1.4935149,-3.7976189
PNISR,-5.434915,7.4927993
B3GAT3,-6.7865405,5.504715
RAI1,0.85654885,0.2532716
OGG1,2.5466843,-1.9285274
SRGAP2C,-3.57754,-0.48090455
IDH2,-5.490067,8.436891
AFMID,-4.1453342,-2.7691844
TNKS2,-0.6988971,1.9783257
TMED5,5.6462135,14.517552
SMURF1,2.129473,5.3088384
RCSD1,9.677222,3.156846
PSMD1,-0.7370003,7.581572
MUC1,2.8422263,15.01809
ELF5,4.8719435,-7.6367445
MINDY2,10.84388,0.87856084
IGKJ1,13.118514,15.291795
UQCRQ,-3.313767,6.8289475
EMB,-0.98233193,-1.5331161
MPPED2,10.500902,9.742548
NDUFV2,8.647665,1.9493825
MED13,7.26887,13.104883
NPFF,12.221729,6.581426
EIF2AK2,16.381578,11.833242
GATA2,4.8685355,-7.632808
PPP1R14A,-2.499972,11.156791
CD163,-6.949032,4.7731366
EIF3J,-6.4781547,11.361247
WDR83OS,17.209772,0.23906635
STX12,5.134723,10.743381
PHLDA2,9.112183,-3.5556462
TSHZ3,10.404988,10.656529
NDUFS1,7.8747387,2.7176962
DVL1,5.0014467,7.2438316
PRR5,6.4285107,-0.25868574
PAN3,-0.34318677,2.02021
PRKAA1,11.848037,5.4518485
METAP1D,-8.543428,4.666708
DNAJC3,5.806545,14.064607
TSPAN1,3.5879176,0.20684692
CA12,7.2360387,3.104636
ACTR2,8.180755,8.170702
PDXK,4.724201,7.527146
MAP3K7,10.447236,5.8735366
SLC7A7,-1.471064,4.6736236
RBM27,7.266927,12.860175
LDLRAD4,-4.921665,11.454689
TRPM6,6.996015,4.5729775
MEGF9,20.780884,6.075307
FBLN1,-4.458819,18.035719
CSNK1G3,7.4487033,12.942761
RCN2,-8.268931,-3.0401194
LTN1,1.2403038,2.5436568
CDK13,15.971118,9.839519
CACYBP,-6.6385527,9.269181
PIGC,5.4229283,-3.6909528
HEPACAM2,11.769234,-2.012974
RPL36,6.3255734,1.43425
CELSR2,9.09081,3.774472
RPL35,6.3306475,1.4552488
SLC26A7,10.468337,9.746473
HSPA9,8.890486,1.0280656
RPL26,6.2150364,2.2317345
TMEM256,-2.866177,6.3807893
POLR2G,-4.1334395,6.3067474
ATXN2L,4.4586544,2.4655094
PPP6C,-0.60934454,12.2367525
CMTM3,-0.5116758,9.754422
TMEM222,6.0981297,12.147332
N6AMT1,1.3638185,9.109019
SEC63,13.4852,-5.3685365
EPHB2,-1.8234056,4.4095936
SLC10A2,5.5411468,3.8480372
QKI,6.840849,18.298075
BTBD2,-1.5526295,0.047069427
HELZ2,-3.536771,2.421233
BCL7C,11.93169,-7.7584424
DKC1,13.212948,10.117363
MYH9,0.97805965,6.204763
VCAM1,11.401514,-7.799399
DDR1,2.836314,15.002013
COMMD6,-5.2840137,-6.2060504
SETD5,3.3744984,-2.2993987
MAP4K1,13.015787,14.81835
ABI1,-0.33952197,12.164144
ELFN1,2.824271,-6.4482822
ATP5G2,16.8031,0.13383816
MRPL38,1.2218066,15.028993
NT5E,2.721958,-6.3892336
CDS1,6.907024,-4.984517
DYNC1H1,13.570445,1.7588637
PSMD12,9.239478,5.6948037
LCAT,12.23965,6.6213784
NCOR2,3.3439403,-12.0955305
CRYBG3,12.416738,5.7123218
TMEM45B,-2.7869594,5.3734694
BCL2L13,2.905905,-9.878261
NDUFS6,17.831709,-2.5201702
RARRES3,-0.7970822,13.651071
ZNF212,-7.537672,2.308477
ACSL1,13.759056,6.5435653
MEA1,-3.877209,6.4589205
ARID5A,4.693607,0.4260993
APOLD1,2.7506444,-0.19474453
RBM42,8.637852,9.678099
ZNF703,-4.724117,11.626564
AVPR1A,11.404583,-1.6762639
HOXB6,10.012035,3.522034
IMMT,7.5581493,2.3748817
HOOK2,-3.1419494,0.94296473
COG6,12.226775,0.23452322
FDFT1,-4.967355,4.13329
TMED7,3.8372598,12.18452
AXIN1,-9.46169,5.923014
SGK3,3.9881704,3.7001135
RAB31,3.3007166,6.122165
LIMK1,1.8230013,5.381024
NOV,-3.7917712,10.7337265
RANBP3L,10.709368,15.378535
HSPA8,-6.6196103,9.24967
PSMD2,-0.93423384,7.417145
PTPRE,-6.5566535,-5.095102
GRWD1,8.753124,9.820842
MSANTD2,10.298644,3.1516824
AK4,4.254332,-2.7733483
UBA52,6.4835434,2.131127
SUPT16H,13.490727,10.604929
UBE2M,1.8491324,9.864976
OGDH,-3.6859548,7.693448
NXT2,-7.284373,2.8496556
KCNH6,7.619982,-5.229438
EMC7,-0.9137539,6.046116
ELAC2,6.3723903,11.911986
SLC22A11,7.706539,-5.1489587
TROVE2,0.04242125,15.311858
FOXI1,11.495569,-1.7364509
HOXA5,9.939487,3.4062645
PRIMPOL,10.075728,9.787199
RNF40,15.980303,-5.1999354
NPNT,0.875561,2.894899
SETD1B,7.783071,-2.0018759
SBF2,6.985037,18.399487
BTF3L4,9.600774,17.484306
GGH,-4.681017,-8.649722
UBA7,15.77504,11.56365
PSMB8,-3.4797893,2.4378204
PAQR8,9.033476,3.8280551
RAP1GDS1,6.7598825,10.359377
STK24,9.386991,5.6248493
ATF6,3.9316685,12.370402
TMCO1,-0.91881615,6.0506444
ECHDC1,8.410647,-7.8851566
COL6A3,-4.0464406,11.842414
RIC8A,6.3507056,11.930458
SIRT6,4.6054273,-4.139711
SLC6A8,-2.4781432,4.1594687
PIGR,11.611158,-7.928944
COX7A2,-2.399485,8.141743
MAGT1,5.63592,14.385469
ST14,2.8860228,14.89273
METTL1,7.519941,3.2255275
SPRED3,2.8236663,1.0515307
VDAC2,-0.011544669,-5.7328553
MAN2A2,8.026301,-2.2982938
ERMARD,20.243713,1.8158344
ZBTB45,4.4994974,16.072266
FOPNL,-6.906662,1.994913
SPARC,11.047795,12.035689
UBL4A,-1.5347661,-0.09391237
NHLRC4,11.361359,-3.3476229
HLTF,12.233214,0.22860302
PPP1R1B,11.7482815,3.6263354
SYVN1,3.526319,14.713546
RNF144A,6.229703,19.729948
HNF1A,9.368592,6.971671
SKIV2L2,8.264499,7.690693
SLC14A1,3.6033492,0.31251785
OLA1,11.509473,-9.759224
TSPAN13,3.769863,6.7984753
TRIM16,4.3893948,10.833826
DDX60L,16.034313,11.712199
RASA1,8.898043,-1.9071802
ZEB1,10.979535,12.38796
NEURL4,3.8164833,-8.24136
NOVA2,11.374286,-0.87359446
MYBBP1A,16.161064,6.5955567
POLD1,1.7487166,0.43196267
CETN2,-2.4168375,6.640804
GCN1,16.543957,5.4500003
GNL3,11.163675,5.749496
GALNT2,14.758983,1.024566
MLF2,1.8396908,9.830881
PRSS22,1.123412,0.7874158
ANXA9,2.8055263,-3.3782947
TFEB,10.295698,14.974511
DPAGT1,5.069794,5.45698
CRISPLD2,-2.779196,9.261238
TOMM40L,-3.0357707,0.8611287
CELA3A,11.636342,-3.6543953
EIF3H,5.4728985,5.382788
GLRX2,-1.0755404,-9.1446495
RASSF7,-1.8769552,1.2299696
VANGL1,-1.6690781,4.1504016
SYT7,2.3436465,-6.1947756
MANEA,-7.7858963,-2.6745977
MARK2,7.9771113,-1.7457194
GMFG,-0.49162883,9.774485
CORO7,13.766054,1.9414163
SNU13,-0.7746066,-4.7064962
SLC7A8,7.917693,15.185305
FCER1G,1.8928936,14.146583
TSPAN8,11.182975,16.031242
CYP4F3,7.589885,-5.248558
GLRX3,-5.3387423,6.851559
KIAA0430,2.4785552,15.09522
RNF38,7.0698447,18.463932
TBCA,-2.370444,8.173323
PLG,-4.667469,-8.969219
SLIT3,2.204245,8.926932
SLC9A7,-1.810392,4.4476266
ERN1,0.19779944,5.0384912
IL16,12.88174,14.604214
FAM57A,3.002841,0.9914915
EFCAB14,-5.519917,2.4996393
PTCD1,6.089604,12.155085
FUZ,19.090794,6.3203773
ELOC,8.247418,13.705955
TRIM45,-5.36743,9.790915
EPHB4,0.59971386,-1.1897441
ZNF341,10.765535,2.745691
CD63,4.873765,13.829674
AIFM1,4.73655,3.491515
DBR1,16.581705,10.238905
CCNH,10.722331,2.7869866
FAM219A,3.1916056,2.8426192
PLOD3,4.332362,13.972587
NIPBL,14.767978,3.6623902
GNG2,10.128744,9.896804
GLI4,-1.6538333,0.6160156
UBL3,10.808637,0.90698826
UCHL3,-5.3646655,6.819762
USP9X,-1.1622376,8.4680605
IL17RE,11.931018,-7.767616
SUPT4H1,6.060495,13.178852
GALNT15,3.7663891,6.8012614
ANKS4B,7.8216166,-3.8521624
MFSD3,-4.4057283,-1.6011176
MAK16,4.621163,19.339252
ITGAL,13.141764,14.295991
RARB,6.241082,19.741001
EIF4G2,-7.6508093,1.4188039
FOSB,15.9255085,7.605004
RBL1,3.1116543,-0.3804351
NDUFAF6,1.6440059,0.35778373
EEF1A1,5.4344754,5.541325
PPT1,-7.7746544,-2.6565537
EIF2S1,0.51729584,8.218382
ZMYND11,3.0996585,3.0669017
SF3B6,-3.868187,14.078137
SERPINB1,10.453304,5.8243246
GSK3A,1.845185,9.841424
CD302,-2.5572839,12.391863
GAMT,3.8429315,-6.3750186
ADAM9,5.304429,13.801788
FA2H,9.218019,-2.900872
GCLM,4.457957,10.827835
SLC6A12,-4.250141,-2.867812
PACS2,5.898683,7.996951
GIN1,13.856383,1.984914
FOLR2,2.000706,13.978469
AFDN,14.953259,4.8281903
MAL,10.435294,15.124514
FTSJ1,-4.021199,1.6364478
IGF2R,5.987976,13.25256
DDX17,-5.425132,7.48303
HEXDC,-3.5773213,-3.2150865
PRPF38B,-0.5530009,2.5135245
ZEB2,-7.3831477,14.269829
MAPT,4.0008726,3.7027776
SLC35E1,0.7904347,0.39304456
ACVR1B,2.205118,-6.0915213
DNAJC12,8.519069,-7.4308724
IFI44,16.29947,11.791215
WTAP,10.795266,8.43189
ABHD8,-1.5335882,-0.10112287
PSMB1,0.77526087,7.5211563
HADHB,7.3947577,2.9871547
CHMP2A,1.9766363,-9.573445
ZSWIM6,2.7712731,-0.6011451
NFKBIZ,2.8527005,-0.53640956
IMPAD1,3.9218965,11.877486
DFNB59,-4.0780272,1.6516494
COPB2,0.48819903,7.3037953
SNRPF,8.394429,13.955711
NOS1,-2.3604698,0.3283017
FMO3,-3.5533497,9.398723
KDM3A,10.511037,8.279307
RPS6KA4,4.6074166,-4.1353507
ERCC4,-1.6749513,4.152231
ZNF24,-1.3116698,0.6001219
SNRPD1,10.829628,5.719085
S1PR1,3.8264234,6.7207084
CEBPZ,-1.1548154,8.46468
RNF141,18.854187,2.3658996
JAK3,-5.786605,0.47933245
BCS1L,16.24398,0.08069679
SLC29A4,10.0078745,15.698712
RASSF4,7.628321,-5.384506
ARHGEF17,-5.0053782,11.232517
SYDE1,-4.716371,11.64057
AHCYL1,13.739578,6.5233507
PFKM,-4.33486,-1.8384109
FLAD1,2.31098,15.512261
PSMA3,1.7271789,-9.168464
PSMB2,1.7081662,-9.166416
NPC1,3.2680886,2.6609972
DPYD,-7.782016,-2.6642218
LMOD1,-2.551552,11.160611
IKBKB,8.616912,1.221155
DDX28,-3.943245,10.699027
GGT6,-4.0202637,-1.8133727
PIGK,-8.003917,-2.832806
TPM3,9.938877,2.2320414
RPL38,6.372155,2.0099807
ECSIT,0.7093434,14.59945
FAM35A,1.7242838,0.41285977
DFFA,7.7801504,6.018775
TMEM119,-3.9564302,12.213582
NDUFA7,-3.3291528,6.8165565
PDE9A,-1.8204719,1.1119083
PPP1R16A,6.745531,-6.0655365
DNM1L,11.809108,5.502636
OBSL1,-1.7763312,0.8632871
ATP5J2,-3.3211913,6.8199263
NCF2,1.6361045,13.712826
ENTPD5,-4.6817446,-8.657236
GCHFR,4.723019,-1.3952361
SLC25A4,-5.4814286,8.409799
PDZK1,6.083708,-1.3482137
RPL15,5.556422,5.2339845
SLPI,-2.2186217,-5.8299146
DCAF15,16.794903,4.345423
NKAIN4,8.182866,4.0914745
IFIT3,16.289722,11.759134
ZSCAN25,-7.6000366,2.3561559
UBE2R2,6.352218,11.034796
OSBPL2,4.9639783,7.2511497
SDC4,2.0610669,-5.946451
GRIK5,-2.7959843,5.363131
NIFK,8.912044,5.941842
PHIP,-1.0736172,-0.011502581
HDAC2,8.240881,7.6912265
PHLDB1,3.3443453,-12.096042
GPX8,-7.4127793,14.301229
ACOT8,-4.5487285,-1.4126328
TSPAN33,-4.1499934,-2.841267
TOLLIP,6.742859,-6.069141
HIST1H2AC,17.673946,9.468869
L3MBTL4,6.064224,-1.5222285
PCMTD1,2.5007346,-3.9428182
SLC35C1,3.5414243,14.716719
PTGIR,-5.8102303,0.46033928
CD52,13.095819,14.31986
NPHS2,13.667733,-1.3951441
PPP2R1A,10.179017,-4.815
SH2B1,-0.24581394,12.151825
MX1,16.308447,11.770963
TUBD1,10.037401,9.717831
HSD17B8,3.8813925,-3.3421931
NEIL1,10.004474,1.7553765
SPOPL,-7.2820687,2.58114
BTN3A3,-4.0600023,1.4264517
ALDH3A2,3.2055266,-4.0131974
HIST1H2BD,17.677225,9.470515
ASS1,4.0274744,3.7084117
ATP13A2,3.8932543,5.1835523
ASB13,2.6927388,-3.3888545
TIPRL,8.644658,11.962482
PPP1R11,0.18407975,17.822279
ARHGDIA,10.1010475,-4.70804
CCNI,-2.479861,15.5177555
ATP6V0B,4.5073915,14.388012
ABCC6,9.271215,6.8769774
CD33,2.135525,13.299097
CHD2,-1.449254,-3.8530889
MAP1S,-4.055797,-0.3897952
COPB1,0.48196706,7.303638
RASGRF1,-0.9493268,13.8622
FANCM,20.242718,1.8152869
AREG,0.054578815,5.1172667
SLC26A4,11.865304,-2.0155587
DTD2,5.584466,5.7985377
DDX1,6.1709266,10.573906
PRR14L,14.960234,13.628184
ART4,-3.5667152,9.386738
LCN2,16.77177,8.161906
AAGAB,-5.122435,7.2075624
AP2M1,10.0006895,-4.5961757
SLC5A2,7.9075823,-4.2602234
FGG,12.943717,3.7109346
MATN2,2.2168596,8.922104
ARGLU1,-5.458161,7.5253882
RAB17,-3.118869,0.9257263
SNAI1,9.114983,-3.5506835
TIMM17B,17.245584,0.25276086
DBN1,16.69745,-4.5106764
TOE1,6.1241255,12.125864
BGN,-8.843976,3.442818
TGFBR2,-2.3777983,0.35202184
ZNF629,7.9316306,-2.7995367
PEX11G,3.9921563,-3.5241582
BAZ1A,-2.0227802,-5.6584554
IL13RA2,8.967203,-10.406906
GPT2,7.211832,0.5417481
CYTH3,-4.979017,11.27846
ITPRIP,2.7610874,-0.21016586
DNAJB4,-6.638777,9.291142
DYNLT3,-0.64198875,12.236448
NPL,-1.723648,4.494825
SORL1,10.401558,15.076354
SLC29A2,7.03526,-5.368641
HOXB9,6.9157453,-4.968334
TSN,6.178494,10.579009
RAB34,1.726851,5.286052
IGSF11,-1.442396,4.7044435
TIMM21,-3.3308423,7.352948
TRIM14,5.5425644,2.8947475
INTS11,5.0525165,7.2102437
EAF2,4.146178,3.7427945
ARCN1,8.171185,7.6387587
NANS,-0.366492,7.9105988
SRPRA,11.419505,5.754843
SPEF2,0.80444765,0.13356327
AHNAK2,-2.0894024,-5.733574
SPRY1,2.6069932,-0.8185087
ZSWIM4,2.2891314,5.2363586
ASL,2.9803662,-9.947193
YTHDF2,3.4558663,1.4502487
VPS13D,12.537595,5.731893
LACTB2,5.7122188,6.3650165
GINS3,3.1216776,-0.37268135
PPP1R8,8.845521,5.9931226
C1QB,-6.939006,4.783225
ANKRD42,-6.3534675,11.230495
RECQL4,16.25538,0.098141104
CLEC11A,-2.7010028,12.434256
C3,12.714834,3.5203495
NF1,-1.828286,15.685246
SAV1,-2.4467869,14.912385
FAM96B,8.588326,1.9363579
BRCA1,8.104428,15.871754
BMI1,6.6647983,18.20058
ENPEP,8.51261,3.9551034
RAB29,8.371334,-7.6601076
TMEM14B,-5.334653,-6.1532745
PROM1,14.106469,-7.2774425
IDH1,3.257194,-4.0996246
ARPC5L,10.0775585,-2.7294426
WASHC5,-1.2948995,4.8418145
WDR72,4.324555,4.252422
GOLGA7,5.544434,5.737411
CAMK2B,2.7237372,-3.308357
SYTL1,13.017163,14.872453
RPL4,5.5323434,5.3004284
ANKIB1,8.401507,-7.9564466
ARHGEF5,2.6537297,14.930234
ARHGEF6,12.948772,0.8309969
ZNF672,9.215735,-2.9001667
RHPN1,-4.1941776,-3.5943604
SPINK1,11.824353,-8.212625
GLTSCR1L,-8.523695,4.7053804
TPM2,-2.4717643,11.163351
WDR55,-0.98609155,7.3705144
SHMT1,6.069296,-1.2570121
TONSL,8.103064,15.851848
SUN2,13.620766,1.8217785
RPL23A,6.397055,2.0595555
NREP,12.0025625,3.8163888
PSMB5,-2.2203617,3.0765479
ZC3H13,12.777449,5.8047385
SEL1L,5.6421304,14.282951
DNAJC14,15.981463,-5.200615
TKT,13.084227,3.7618628
YWHAZ,9.935369,2.2344582
CUL3,-1.1530647,8.464749
RPA1,1.1520612,2.422951
BTAF1,-0.68459797,2.8111207
NACA,5.4758463,5.3800015
IFI6,16.29785,11.76979
RNF145,3.8735185,0.8486684
ERBB2,3.7189622,-7.051164
HIRA,6.805225,-6.0295877
MON1A,-4.621207,-1.3810546
SALL2,6.947849,-5.363959
C1QTNF7,13.024689,3.7124631
SAP30BP,17.412277,4.770409
HIPK3,0.042602114,15.312202
CD276,1.8348035,5.3744574
KPTN,-0.6807636,2.914992
NTMT1,5.638941,9.883161
ZFAS1,6.43745,2.0453303
SLCO4C1,2.4932036,-3.3678412
SUSD3,6.843207,-0.42317128
LIME1,6.3508077,-0.36637032
ETF1,8.097171,7.5386276
PAX2,-3.8858573,-2.8328273
MADD,-1.75717,0.8346328
MRPL30,15.256662,-2.0364046
CCDC8,2.88505,-6.4643264
BHMT,6.3767257,-0.8091983
CALB1,6.9553685,4.4987
FES,-6.5852294,-5.0693045
ABI3BP,-4.3588805,17.94031
FBLN2,-3.58492,10.738487
TBL2,-4.0208483,-0.42357153
DYNC1I2,6.7415957,10.354416
RWDD2B,5.5414324,5.7401185
MMS19,5.079912,7.1680045
AHCY,4.169491,-5.930675
AGT,-4.6828747,-8.538971
ZC2HC1A,8.793283,-1.9787135
HACD3,-0.95818716,6.087244
RNF167,-1.8272913,-0.5008046
HOXD10,10.403405,13.926236
SLCO3A1,12.290898,-6.479401
COL26A1,11.797817,-7.949106
TLN2,2.700609,-3.3943734
RPS15A,6.313224,1.918767
SAFB2,12.460726,6.7067842
DHDDS,-3.865,10.687913
AP1AR,5.935079,6.5620008
POLR2J4,10.180499,4.771306
CSNK1D,-4.2517395,-0.20125996
DNAJC8,-0.7797308,-4.708505
UXS1,10.415025,15.470855
SLC47A2,7.906126,-4.2603207
NR4A3,15.878877,7.6509027
DNA2,8.08922,4.176099
CXXC1,5.8987107,8.005207
EXOG,4.440738,19.170546
CNP,1.2550305,3.1200004
DNAJA3,4.183046,-1.3691111
CRYL1,4.421526,-1.5974525
IFITM3,11.89793,3.6942365
PKN3,0.4231314,-1.2594221
GPBP1L1,9.344121,17.605207
SLC12A7,-0.71454793,13.795815
TPRA1,-6.7866364,5.5034003
ZNF225,2.19362,12.998406
FBXO25,-2.3622937,0.3851349
SPACA9,5.021648,2.3575618
ZMYM1,1.8379275,9.797973
TLR3,10.161369,9.837172
RUNX1,2.146899,1.5913179
IFIH1,16.523754,11.916678
PLEKHA3,-5.73828,5.5601254
EHD2,0.99869823,6.210869
ZNF408,-7.430406,2.220672
JMJD1C,-0.23558344,-6.8278036
SDC3,-0.505521,9.7621765
ELK3,11.463033,7.1385636
RARS,0.79873145,7.966487
SPOCK1,0.5009803,2.8154504
KDR,11.195414,-0.67542034
POGZ,1.8922474,14.3116865
FBRS,5.9144697,7.398548
POLR1C,9.000303,10.169953
HMGCS1,-4.96952,4.131996
RPL8,6.3304434,1.4533877
PRKG1,10.988237,12.008566
DNM2,16.998236,4.072696
CSF1R,1.9975547,14.010382
FAM110C,11.196781,7.560274
FBXO7,7.8808136,-5.517431
SLC47A1,7.8652477,-3.4730241
NCEH1,13.452714,-4.097888
PGM1,5.5956287,9.811766
CCDC148,1.907666,14.302688
PAK4,-2.861985,5.303128
RAB1B,10.202892,-4.8359923
TNFSF12,-7.166164,13.953105
ANGPTL2,-3.7644324,10.832178
PIPOX,4.96723,-2.6613002
SSSCA1,-2.1313348,2.3997238
AKR7L,-3.9838161,-1.8205702
VDAC1,7.7305775,2.6523452
TBCK,-1.5336494,-3.7824397
CHCHD2,-2.4182637,6.656124
SIN3B,1.4358829,5.5228453
TRIM15,-5.6176777,-1.7407615
PANX1,4.280506,0.42358574
GNAI1,11.057782,15.854901
MIER2,0.57473105,-1.1729801
HVCN1,9.658704,3.2071464
GSN,-4.997718,11.44019
DDA1,-9.462693,5.923007
BCAR1,4.6560845,1.5153109
ZNF230,-3.9690142,-0.6704295
HEXB,-4.688388,-8.283636
MSL3,-3.659439,7.6729035
ACIN1,18.866123,2.380471
AGPS,-1.2968346,4.84371
PHPT1,0.70860964,14.608354
SKI,-4.9686384,11.436559
GALK2,2.883529,-7.882487
ZC3H4,-3.0934582,15.675165
AGFG1,10.461745,5.8468437
NAA50,9.749876,17.317453
MORF4L1,-2.5981631,15.607258
SCARB2,13.157179,-5.159589
KDM6B,-8.389354,4.5670123
FBXO44,-3.8763394,-3.1942458
ZNF282,-7.5387225,2.3216376
ESYT2,14.816544,3.6204596
LSM5,6.084798,13.157072
UBE2J2,14.689079,0.94852316
PCDH12,9.068717,-6.084763
PPFIA4,0.8509984,3.3275278
FEZ1,10.571767,11.005301
CACNB4,11.564545,-2.6890256
ACBD4,5.2185087,-3.6310534
ALYREF,-4.0836587,1.5483751
AIDA,0.34756792,17.66124
SNX9,8.120122,7.5896673
CDK14,3.1783974,-7.3736596
ABHD10,2.7883253,-3.673567
STK40,4.658972,1.509066
HHIPL1,-4.7119007,11.620571
ZNF594,14.739093,-5.4931617
PLEKHA5,8.41339,-7.9462914
ATP6V1A,7.352443,3.0276778
ADM2,-5.616759,-1.7406993
HIF1A,3.8779182,1.693001
LILRB3,1.5912796,13.650402
MAPRE2,-8.531574,-3.2406783
PADI2,2.4257047,-6.24283
COBLL1,-5.573811,2.4656343
PRKAR1A,8.2131405,13.449551
SH3GL1,16.780725,5.024086
RET,-9.563544,8.0245495
FASTKD1,-1.5427364,-3.7750227
NCDN,-0.7052057,3.0098064
ABHD6,9.450099,7.045454
IER3,9.132133,-3.3996897
DNAJC22,11.341565,7.3624763
VTI1B,9.46001,1.7181628
ATG4C,1.9724265,0.72980267
NAV2,10.306964,14.983852
CCL23,-7.0080585,4.721191
BAZ2A,3.3768966,-2.3007324
SREBF2,9.1658535,-2.969869
THEM6,7.134646,9.378366
CHIC1,-7.316652,2.5703
MCL1,2.6272461,-0.78508836
COG8,7.0527086,-5.9495487
RNF128,-4.673529,-8.376371
AP3B1,6.743733,10.28446
GOLT1B,11.06239,9.014564
DOCK5,11.256097,-7.7114077
SHARPIN,0.85697454,15.5571
RAD18,20.242687,1.8149475
ZNF641,5.593767,9.811978
REXO2,8.42271,-7.5901265
RNMT,7.6016355,8.434685
WDR74,13.03847,10.502564
MTHFD1L,2.9435034,1.000272
C7,-9.550475,8.037872
ZNF26,-0.5228867,2.3012888
AMIGO2,-3.1566095,-0.36831355
CCDC90B,0.16412926,17.84148
SETD2,-1.8022294,15.736829
DDB1,-0.70503676,7.605723
COG4,16.247648,0.08093633
NSUN5,6.077283,12.166939
SMIM24,3.7432542,20.818316
TMEM176B,12.723104,2.687783
GPN1,13.213345,10.109686
RAB1A,8.424304,-7.5870166
TRAC,-1.9056271,4.349923
VAV3,13.575535,-3.977433
ANKRD33B,8.854358,3.8929615
MGAT4B,13.400446,-4.15363
ZFHX2,10.727714,2.7814543
MUS81,4.421058,2.5806305
ADCY5,5.2126303,7.4473586
AKR1B1,5.332307,7.198242
NDUFA13,0.95448446,14.286304
GIPC1,5.940332,7.425788
MPHOSPH10,4.5784726,19.298304
DBP,12.414012,4.1440372
TRPV1,-3.8824484,-1.1776192
PRDM2,15.563967,11.2694
MTF1,15.983638,-5.2045445
NDRG3,3.1080897,3.0251877
RIOK3,6.3687687,11.059678
PLN,-2.180063,11.113923
TOR2A,3.8790154,5.171128
BCAS4,10.298295,14.974736
ZNF585B,9.218038,4.7141438
PDZD4,-9.584376,8.004244
SNF8,13.574966,-0.5710628
RUVBL1,13.574935,-0.56191516
SRRT,7.7014966,-1.5569444
ELF1,0.04114348,5.1125054
BRIX1,8.916682,5.9379888
CLTC,12.274108,6.690954
SCAP,-1.8243216,-0.49275646
RTN3,-7.7615514,-2.6459606
S100PBP,-2.7929544,3.9637027
PFKFB2,13.751717,6.51922
SERTAD1,9.138797,-3.3949723
PSMC4,1.7431837,-9.17701
RPL35A,6.334876,2.0156744
PHYH,2.9897895,-7.718634
FAM131A,8.631805,-2.070465
SERPINF1,-3.4192264,9.5122175
HIGD2A,17.227396,0.14830543
SSB,9.982004,1.8811018
PPP1R2,7.8599253,13.361296
KIF21B,0.68955207,10.724236
ETFBKMT,1.682843,0.38723552
DIRC2,4.009185,13.325211
FLOT2,3.7406096,14.283958
CD3E,13.367079,14.126149
PDIA6,5.6690216,13.929296
KPNB1,10.707279,5.7715473
COL4A5,4.8626504,-7.627794
SOST,8.970366,-10.400936
PPP1R1A,-1.8922246,1.2568997
DOK6,2.8176327,-7.953758
CRNDE,11.474401,-1.2420801
HSPD1,8.846637,1.1408734
METTL13,-3.9040897,10.6494
ZFX,15.974173,9.83738
NTHL1,-1.2269462,0.49245426
DNAJC19,10.607112,1.0815507
POLI,-2.871432,4.024565
LEMD3,3.9188085,11.810526
SPRN,3.8183491,-8.245899
PJA2,7.0115056,18.423477
PUS1,16.414156,6.5360427
HPCAL4,11.73248,3.6333187
SCRN3,5.572744,5.7816467
ELMSAN1,-8.362959,4.5565104
DIS3,11.101528,8.991369
ABCC10,10.778365,2.734556
ARNTL2,-2.0564997,-5.693835
ADSL,1.6940067,-9.169038
HSP90AB1,-6.664444,9.296435
TRMU,12.454525,6.709817
GLIPR2,-2.3890176,9.415742
SLC4A9,11.833117,-2.040513
IL18R1,14.776482,12.692191
A4GALT,3.745939,14.280573
FREM2,2.726036,-3.4464996
NKD1,-3.457908,-0.7498529
GPR160,3.9839044,3.7005699
ASH2L,15.258374,10.836368
ACOT11,-4.31899,-1.8194914
FAM83G,10.032414,-2.6747713
FBXL7,6.252675,19.751524
ZBTB41,13.134911,8.934024
PKM,2.683407,14.920364
TMEM167A,-7.6532807,1.429528
HECW1,4.257065,3.8479457
RGS19,2.191406,13.188626
CNR1,-6.9996614,4.7285795
NFATC4,-4.7111278,11.609431
CXCL1,2.4813304,-0.95554465
RMDN1,3.5000622,-2.5617995
SUGT1,0.16094165,17.844545
KDM5C,2.3000486,5.226614
WNT10A,9.099222,4.02114
NEK6,5.5493536,2.895818
XPO7,-4.5297847,3.2523415
BIRC3,12.361712,3.675783
INPPL1,-3.8606024,-1.2012682
LRRC40,-7.8889127,1.1081785
AGPAT4,5.5506306,2.8968825
APEH,7.5243263,2.2646453
TBX6,-3.8058047,-3.2085254
ATP5E,-3.6033187,6.5913014
OLFML3,-3.9771144,12.189182
RAC1,1.1598437,8.05616
TRMT112,-3.9304204,6.4109845
TCERG1,2.2732115,5.2571483
GAK,16.78863,5.0073395
IL2RB,13.381967,14.112914
SARS2,10.250523,19.399094
SMIM19,7.498768,5.7635455
SLC7A9,-1.4363711,4.7137127
TSPAN17,3.911647,5.22705
LAMC3,-3.9937725,11.937346
ELMO1,12.942733,0.8264117
ELOB,16.803896,0.19230284
AMN,3.7432988,20.81815
DPY30,13.202385,12.059411
TLE1,2.095223,18.995996
MYO3B,12.990216,3.1468728
EPOP,4.5248194,2.1214404
SPTLC1,4.2691073,12.778445
TKFC,5.176767,-3.626505
ATM,8.956359,0.8270059
MEN1,-1.6650549,0.7021756
G6PC3,3.8927598,16.179356
DOT1L,-8.4686,4.641791
TMX2,6.1630535,14.241456
SMARCD1,2.9837594,7.824818
UBE2E1,9.240637,17.45791
KIAA0930,13.444449,-4.110112
KDM5A,0.040818192,5.1101766
SPEG,-2.135982,11.111977
SLC45A1,-3.7195494,-0.55618304
TMEM30B,-2.7863386,5.3695407
MGAT1,0.5460831,-1.0277392
RMND5A,10.317331,1.417123
AP1G2,0.35307476,-1.3320206
CYHR1,10.572346,2.9359467
MTDH,13.457882,-5.345117
RTN4,7.1285586,3.1921597
ZNRD1ASP,14.77081,-5.5023227
ACSL3,3.9255328,12.320935
CYSTM1,0.3637785,13.573055
ZFPM2,-2.4335105,12.673636
JUNB,9.119002,-3.5557566
MPND,4.4779854,-5.6480856
RASAL1,1.1654307,0.8356525
RPL27,6.1987176,1.9954314
MID1,3.655339,1.8732071
SLC20A1,18.600044,8.0681505
PCOLCE2,1.2775826,3.1146984
ZNHIT3,6.0425596,13.193357
PLEKHH2,10.413657,4.154578
GIGYF2,12.602724,5.733616
JRK,10.705712,2.8078375
ZNF471,-2.069908,2.013001
YTHDC2,15.086956,4.6963344
TRIB1,2.7825468,-0.5734642
CAMK4,12.442244,14.564698
EPHA4,3.5875309,0.32775837
HSD17B14,4.382086,-5.728074
GPATCH2L,-1.3497857,-3.9680295
BAG6,12.954771,10.538485
ADGRF3,3.0380046,-6.501792
SOX6,2.741426,-3.414701
RABGGTB,-0.5021026,12.244391
FAM111A,-2.8682656,4.05073
ZBTB24,16.594067,10.229818
ACAT1,4.389634,-3.0908384
PRLR,7.9171524,15.182582
FAM227A,5.118678,0.39958084
PCCB,1.2496827,-3.6964693
UBE2K,8.675349,11.841934
FOS,15.9124155,7.616487
TMBIM4,-8.244108,-3.0191545
GGACT,3.2131557,-3.2449331
MRPL47,1.8902515,-9.73499
KIAA1161,9.08942,6.742357
UBE2A,1.178745,8.069979
HSD11B1L,-4.0143337,-3.3329988
OPA1,-7.8490796,1.1627883
PAPPA2,11.660079,3.572908
ZNF512B,-3.9558115,-1.7986683
CASR,10.75796,15.547995
ZNF767P,12.226334,6.572963
SLC9A1,16.697674,-4.511189
CD9,2.36267,-1.8799558
SLC22A6,7.793771,-4.0946107
COMT,4.7132545,-4.350399
CPNE3,9.083709,1.492935
GATS,-7.0201178,4.71061
TCF7L1,10.95162,12.212412
CYP2U1,9.002383,0.66926134
QSOX1,-4.11157,-0.38702607
BCL3,3.135308,2.0665684
CCNJL,2.6681468,-6.3734117
IDI1,-4.9736805,4.1350946
RIOX1,-3.9067416,10.656989
POMT1,10.034842,1.7177821
NDUFS7,0.73260885,14.604172
PABPC1,3.758806,9.055596
SALL1,-4.1426053,-3.1193306
ARFGEF3,10.936904,15.694576
MED16,17.046349,3.9376366
KAT2A,9.953571,4.459297
GRAMD1A,3.9269967,1.8902013
OMD,-4.433223,18.011967
ETS1,4.2529416,6.550946
ACO1,13.705607,6.5028853
TAF5,3.1344466,-0.36240196
TAOK3,3.0992687,3.0718608
P4HA1,10.6155815,8.354042
UTP14C,-1.6546206,4.1530166
GABARAPL1,15.795668,11.604355
NDUFB2,-3.3103456,6.8247156
GFM1,6.2067833,10.608179
TATDN1,11.509435,-9.759326
GATM,4.575684,-2.801702
KLHL18,16.375523,6.5432386
ZNF644,13.071907,9.008702
EPHX2,4.43616,-3.0073636
TSPAN6,10.411645,15.474127
ALG10B,12.995806,9.08709
NOTCH2,13.677695,-5.5435843
SHROOM3,7.056703,3.3171642
ZNF395,7.567727,8.46413
RPRD1A,-7.281816,2.5696638
PBLD,4.236464,-2.883409
ZNF791,-1.3761734,-3.9384224
TTC27,1.5659342,2.096158
MAP3K15,3.722615,-7.0569997
ZMAT1,-2.8919635,4.071444
SOX13,9.260786,3.4844377
PLCD4,10.885209,9.931958
PLCG2,11.528733,-1.495472
ZRANB2,-5.4494314,7.5216923
CDKN1B,2.3115532,15.501409
HMGN1,-6.908273,1.9944811
ITGB6,2.4179022,1.1683482
WDSUB1,10.282133,1.420105
RRS1,-0.3473846,7.9853415
SVIP,10.783145,0.92100847
PLEKHO2,-6.5658464,-5.0888376
SARDH,6.375598,-0.34031782
ERICH5,8.552522,-7.3870153
FAM151A,5.1683884,-2.6299605
FOXM1,8.082965,15.846584
PALM3,-4.100933,-2.9126449
ARMC7,1.1685216,0.89842445
HECTD3,6.377108,11.907632
CRYGS,12.226597,6.577881
RFXANK,17.265518,0.25740448
CNOT1,-1.1550622,8.466055
RNF126,16.797222,4.992534
MCUR1,3.6881988,-3.1922903
TACSTD2,-1.8342501,4.399621
ITK,13.468363,14.033561
RPL37A,6.3720274,2.0011
EIF1,-3.8955572,14.096904
TTC36,6.7419662,-0.37126008
ETV4,11.66228,3.5878205
FAM120A,6.7337747,10.282889
MTCH1,10.195364,-4.813647
TPSAB1,0.5151662,10.530346
ECSCR,3.8516235,6.682513
ATP1A1,3.967479,13.280133
BTRC,9.211665,4.7223225
CENPT,0.35826796,-1.3251523
RNF103,4.019837,13.370853
ARMT1,8.401308,-7.915927
CHAF1A,5.6918244,15.472774
ZNRF3,20.780848,6.0753684
UVRAG,6.4627647,2.1046379
TMSB10,-2.1976295,-5.813114
ZMPSTE24,-0.95647746,6.087728
TRMO,9.952059,4.6339197
ORMDL2,-0.9120234,6.0530105
BRD7,-1.0797056,12.295264
ZNF502,5.502329,-3.7466748
BCL2L2,16.756603,4.344316
APPL1,-1.8088951,15.695174
KPNA4,-6.4672995,11.349837
SURF2,10.25179,19.4026
FBXL6,4.580766,-4.1103144
CCDC61,-0.75805396,1.9273973
CREB1,13.072687,9.012117
TMEM35B,-7.76132,-2.6454365
FGF9,12.074789,-2.7748325
KMT2D,7.9818187,-2.273075
USPL1,-0.5581048,2.6553116
TMEM61,11.755019,-3.4008353
NECTIN2,3.0585854,-0.3825246
ARRDC1,0.39214832,-1.2917644
XPO6,17.427551,4.7751293
MIOX,5.0800605,-2.5979714
MAF,-1.8203353,4.404225
ERLEC1,13.113722,-5.128557
RNF213,13.412542,-4.1398396
PGAM5,-2.4592705,0.43509418
CIAPIN1,6.506996,-11.074495
ACBD3,10.824891,8.956835
RGS14,-0.8184428,13.748652
FREM1,3.0791268,-6.523639
IL2RG,12.515007,14.544052
ZDBF2,-0.7468407,2.980536
TMEM42,-0.792178,1.9255394
SGTA,17.02366,4.00317
RBM17,2.335148,5.2395687
ZNF628,5.9539523,7.6675096
SNRPN,0.36635277,13.57747
HSDL2,2.8943233,-7.8617887
TSFM,2.5267785,-8.731423
MDK,15.949026,8.969908
EIF2S3,5.522597,5.6660814
TSPAN2,-3.1870902,-0.354101
TBC1D9,11.412322,-1.660181
RAB27A,12.170567,3.9998634
BNIP3L,-2.77831,15.667344
SHOC2,7.3650756,12.957253
RPS6KC1,-2.915817,5.262117
TSNAX,18.847956,2.3595057
EMX2OS,2.063358,19.165743
GABARAPL2,-5.5532613,-5.959662
RRM2B,-5.7657013,5.534551
ERG,11.419078,-1.0763397
SCLY,4.337217,-1.6031585
DLG3,-1.8575977,1.187144
SF3B4,6.3263903,11.962648
CDPF1,-1.5736822,0.36881492
CORO1C,13.564926,-3.98898
ISG15,16.287094,11.758933
SOX7,3.2841263,2.3067834
CCDC24,-4.1417212,-3.430669
GCLC,4.4493055,10.833432
IGHA1,13.151239,15.390999
SEMA4C,-6.572829,-5.0819335
GORAB,5.392813,-3.5747068
CLDN12,-1.2992964,0.5995339
SORD,6.0783877,-0.9948599
SLC27A3,9.063018,-6.0812674
ZNFX1,-3.5133104,2.5085917
ZNF382,14.961515,13.630188
HIF1AN,13.724866,6.5092945
ECM2,-4.3783092,17.959805
CLIC4,7.892428,-5.5364733
ADAMTS9,3.6287751,1.6176393
ANAPC2,16.332632,-1.4153233
NRK,4.6472387,-7.323436
RNF139,-4.696719,-8.245617
CNPPD1,-3.8779109,10.678003
PLAA,0.48416632,7.2961836
CLK2,18.870354,2.3825011
RAB13,14.84857,-3.1966228
TMEM106A,6.3702564,-0.8525804
DAB2IP,0.88926286,0.37148163
TRIM50,6.9992003,4.5760183
KAT14,3.1384263,-0.5175867
JAK1,1.8041023,6.5742636
KBTBD2,3.0733771,2.041124
GPHN,4.3242755,4.2665257
COL1A1,-4.0597873,11.831813
FZD5,3.5782492,0.19765332
MSMO1,-4.940835,4.100303
CTSL3P,7.6838155,-5.400842
TRUB1,9.074555,1.4998838
ATP2A2,4.153868,12.671799
EXTL2,4.3857775,2.1211364
NEK4,-7.6581125,1.4076567
UGT1A1,5.211894,2.6545339
APLNR,8.962722,-10.409853
ADAMTS13,-2.2042992,-5.848644
TRIL,-3.9533103,12.223766
IDH3G,-2.3026078,3.1588218
TRIM2,6.7044296,-5.1830735
BTG3,7.13136,-5.892327
ZNF148,6.6778545,18.21164
POLD4,12.0778,7.2747755
CREBRF,13.755117,-5.6249194
FMOD,-4.46549,18.042273
ANXA7,6.188685,10.520234
PDHX,-0.011653347,-5.7332444
RTKN,6.665457,-6.164217
SLC37A4,6.8593335,-0.42736125
IL1RL1,11.245826,-7.7047777
TMEM150A,12.63645,6.628334
MED11,7.50909,6.333803
ETS2,3.283164,2.2892432
MDN1,18.256672,1.1920954
EFHC1,-2.8585286,4.0225863
MAP2K3,10.0999365,-2.753062
BCKDHA,-2.9177217,5.2624354
PIK3R5,-0.46488622,10.821037
NECTIN4,2.0656104,-5.953675
UNC93B1,0.36561778,4.6867785
SPOCK2,0.8843982,3.273142
HSD11B1,-3.727457,10.815555
PLVAP,9.059195,-6.0757847
MCAT,4.357064,-1.6177195
SELENOF,13.129184,-5.146226
PKLR,4.984825,-2.655511
TMEM33,-0.9366643,6.0713363
FAF2,-4.0538063,-0.3913935
GSTA1,5.1673727,-2.5702057
MRPL39,8.630844,1.245711
SCFD2,1.5425992,2.1185207
ZNF417,15.974772,8.973884
MAGI1,11.9494705,-2.9830854
LUM,-9.551092,8.037241
HSPA4,-5.203342,7.2701955
HHIP,18.71791,4.692394
GJB2,8.42678,3.8889494
ABHD15,9.098103,6.737732
ZNF204P,-2.086588,-5.72991
SMC1A,15.975451,-5.202275
HARS,-0.94482565,7.410028
KIF1B,14.94928,4.8344245
MZT2B,6.3331923,1.4578375
HSPA12B,-9.17637,-0.08460121
ACTA2,-2.4676936,11.153779
GPATCH2,-0.5206713,2.289847
FAM204A,15.685858,11.484632
ZNF14,14.094839,2.139921
BMP2K,10.605089,2.9034092
EVI2B,0.49535426,10.520689
DMGDH,4.177346,-2.2345564
MAGIX,-4.1627555,-3.4905574
ZNF771,1.8451576,9.83666
GTF3C4,-7.6229753,2.3774478
EXO5,2.9840899,7.8275166
HNRNPD,12.5613,19.13998
LILRB2,1.6095587,13.671157
VEGFA,0.8464998,3.3348136
WSCD1,9.354997,2.7190971
JAM2,6.2560773,19.754862
RPL22L1,12.561206,19.139923
ZFAND2B,2.1019287,9.766613
E4F1,5.7320075,7.556696
DHX8,13.483605,10.595992
EMX1,11.538845,-2.7311716
ZDHHC5,3.9127357,1.5654699
TAB2,-2.446015,14.912947
SPOP,-5.723136,5.5798097
NME2,6.5456734,2.1738923
SLC50A1,14.84186,-3.1899009
SORBS3,-7.1580253,13.94339
LOX,0.44713473,2.873836
HSP90AA1,-6.6422887,9.269883
KIAA1958,-2.3899415,9.417511
TGIF1,2.8030457,-0.56522477
ZNF252P,2.0735977,0.41476068
NCAM1,-3.5352376,10.7800455
COMMD9,7.5004206,6.3449407
ZNF626,-0.2544657,-6.8347
SRSF1,10.852872,0.87023795
C2CD2,9.597101,13.267564
PDE2A,3.7493534,6.822288
COQ10B,-6.5002036,11.393694
PSMG2,5.7144012,10.624202
SARAF,5.6505938,14.472575
RNF20,9.003783,0.66541576
TM6SF2,7.9414597,-4.2944756
PLEKHA8,-2.3312805,9.390622
CDHR5,7.6895466,-5.1825256
FRZB,10.910516,11.783949
NDUFV1,0.8089341,14.580883
CD2AP,8.674891,11.891329
LEF1,11.345117,-1.7523929
FBXW2,-1.2883916,4.845643
GADD45A,2.8959153,-9.869915
ZDHHC7,0.8105375,0.44035888
ECH1,4.435448,-1.5271097
BDH2,4.1677504,3.7524135
FAM20A,-1.1567899,14.0829735
ECM1,11.065205,12.035171
ZNF131,5.4147296,-3.5400429
MCTS1,-2.3874958,8.157968
ZNF622,0.8113949,8.002297
NEBL,0.11596411,-4.2519813
ROBO3,9.965634,4.1974583
ENTPD2,5.2110295,2.8526905
CDH1,7.1254725,3.197314
TMEM14C,-5.359191,-6.1298547
GMPR2,-2.8608866,6.3765173
FARSB,-5.3706384,6.808027
PHYKPL,-1.0682926,13.981084
TOMM20,5.0750656,5.4426913
TAB1,8.596492,11.438676
CSNK1E,1.449731,5.5467386
RNASEL,0.78414744,-0.41963303
ZNF181,9.215764,4.7103853
AGL,12.23204,0.22976281
AFM,7.7480702,-4.7492228
PID1,-2.6055303,12.26865
FRMD1,5.6946054,3.9872317
ELF4,3.8540173,0.8404344
ZFYVE26,4.43425,19.165497
IGKJ2,13.145481,15.386706
IKZF3,0.44902176,10.420188
PSMD7,0.49930164,8.2108135
FAM84A,3.5776834,1.9403155
TNNT2,0.94405186,2.9868934
AIG1,7.0415893,0.30234218
B4GALT5,3.3092697,2.430011
ABCA6,18.717333,4.692632
GRSF1,-0.019725384,-5.718167
NELFB,7.986026,-1.7480692
MRPL20,-4.0708947,6.3381486
KCNMB1,-2.288984,11.1322155
PIAS4,13.241466,-7.027069
COL4A2,1.5383669,6.2356377
SEH1L,9.252934,5.685861
UBE2F,13.185323,12.053083
ATP6V1H,7.381915,3.0074422
FAS,0.8573356,4.7633886
FSCN1,-6.67872,-4.978098
FLT1,3.2849565,2.314139
SLC26A2,4.5015216,19.226778
RBM6,-4.1632924,6.283267
AP2A1,16.781736,5.02078
ORC3,15.299629,-2.001718
PCIF1,17.57719,6.4301043
OLIG1,12.069427,-2.7870169
ANP32E,7.0549483,18.461655
CCDC66,14.080897,2.124315
STX7,15.294964,-2.0104556
OLFM4,14.765918,1.2811868
TMX1,3.917705,11.828579
ISOC2,6.6979747,-6.062543
FAM177A1,7.9224267,12.943643
KBTBD6,4.5599766,0.4673425
ESD,8.629445,11.983882
MED23,15.191888,4.601296
ZNF175,2.1937604,12.994513
HECTD1,11.809293,5.5025544
LANCL1,2.0552714,0.45104295
VPS33A,-3.904814,10.647936
PHYHIPL,2.5174525,-3.3770344
ENO2,1.6572744,5.1348124
ANKRD13C,7.8401866,13.352681
SMYD5,8.80455,9.82107
AREL1,3.8486218,16.612028
MPC1,10.61608,1.0722722
MLXIPL,7.690354,-5.389249
SOD1,8.7839,1.3415484
NDUFS2,-2.476839,4.135678
VPS26B,8.843279,-3.433011
EPHA7,2.4691136,-3.3605254
CCDC58,2.5778599,-8.611749
SLC4A2,5.6461535,6.9716063
TMPRSS4,11.661134,3.5778027
EHMT1,-4.159371,-0.09834998
RNF24,0.76725096,0.24084155
IGHG1,13.184224,15.428666
CC2D2A,3.2026932,-4.0308743
MED1,5.3771524,7.1336303
DSP,7.2087703,3.1711228
FBXL15,0.8541843,15.560479
SAMD1,3.840462,5.1741047
ASB6,7.929042,-1.7367265
CSNK2A2,4.6659327,10.786501
DCN,-2.6047606,12.274692
ARL1,-0.012440748,-5.7342525
DNAJA1,-6.6432962,9.277692
YWHAQ,1.1787713,8.0707445
SPAG9,14.946068,4.835523
SMPD3,9.9552555,4.4093814
CHI3L2,16.77173,8.162064
ITM2B,-8.139526,-2.933749
COA5,3.713574,-3.1814985
UBR4,-0.47019202,8.1283
SPAG4,4.3905516,2.0988498
CIB1,8.587142,1.9371017
KNG1,4.4152203,-7.3023195
PSMG1,6.1319013,10.539761
CDC27,11.0923395,8.999676
PPP1R15A,-6.654766,9.324229
NFYC,10.846963,8.401562
RIF1,-0.48031545,2.313674
KMO,6.3614182,-0.85327
XXYLT1,9.233013,3.500085
MICALL2,-5.736808,0.51953274
NELFA,17.575285,6.4302497
RHOC,-1.8513362,0.9863654
AZIN1,8.287094,12.724719
LNPEP,-2.8674784,6.3722124
ABHD13,3.9175854,11.791064
BATF3,-5.802825,0.46871915
PEX2,13.061158,11.91765
ZBTB21,8.210799,13.451837
IGIP,1.4536979,9.20551
EPCAM,7.130449,3.2029855
KRT13,11.63014,-3.6537347
DYNLL2,3.4550822,-3.5809689
DAAM2,-5.006653,11.239066
VAPB,3.476672,-3.5873466
TCF12,9.349826,17.601627
PRDX2,0.8298788,14.572307
GNAI2,2.201748,19.020077
STOML1,4.034393,15.961269
BSND,11.745873,-3.4133816
PLAU,9.35897,2.7159364
ERAL1,1.225671,15.042996
GALNT3,2.1342049,-1.7734008
PPP1R15B,4.161038,12.677467
PFDN5,3.7869055,9.088511
SHE,11.22015,-0.70178276
FAM65A,-3.6348166,-0.594224
UBE2D1,7.4271975,12.92979
ZCCHC6,13.65678,-5.5202923
CDH16,-5.5120845,8.392037
CR1,0.9298326,2.9815989
SMIM14,15.315744,-2.0124924
SEPT1,-1.8924894,4.372316
TMEM189,-3.9912467,-0.24049048
TLCD1,7.8723984,-5.5111356
SLC38A1,2.267006,-1.85072
HK2,5.1112423,0.405355
SUSD6,2.0804055,-5.9611373
ARHGEF12,8.720952,11.802825
P3H4,-4.3072634,8.51421
TRPM2,1.8623288,14.144378
RELL1,12.363694,5.7103643
CEBPB,14.771374,12.692393
RMDN3,6.1263995,14.22033
PRRC2B,-0.5289586,8.151241
ELAC1,3.387615,-2.3124132
CDYL,3.8596568,0.86031425
EIF1B,-3.8715785,14.079539
FGL2,2.041739,-1.7212014
ATP13A3,9.239433,5.6947365
FMR1,6.3000917,10.978345
HPCAL1,12.427057,6.7168264
ACSM5,3.9729362,-6.0988507
BOLA1,4.8317,-1.1863633
COPE,-2.2130997,3.0685163
TMEM116,3.2671773,-6.640094
MECOM,10.911782,15.7068405
CAPZA1,0.8416443,8.152438
ST3GAL4,5.2237263,7.4487143
DCAF7,6.7463393,10.281999
MPHOSPH9,13.7340975,1.922376
MSRB1,-3.958648,3.9539046
DPY19L1,1.9684919,1.7176422
MAT2B,-4.529523,3.253706
CCDC117,9.341682,17.61272
SEMA5A,-3.1483202,-0.2942792
MUT,7.9674916,2.7416468
CCS,4.823143,-1.1913967
POLR3C,0.797661,7.9669113
WDR26,-0.7414136,2.9774396
SNX13,-7.820465,-2.7093177
COL11A2,8.953768,-10.41816
GSS,4.2485433,-5.840628
MBLAC2,4.8393836,2.1414044
GLG1,-4.642533,-8.294282
WAPL,7.3222437,13.098937
SRSF6,9.218581,4.7103696
ACSL4,11.726739,3.619226
GTF2A2,-5.5615396,-5.9520807
MGAT5,0.8752364,3.3007884
ZCRB1,13.203525,12.060917
LDLRAD3,3.3753693,6.094247
TRIM52,-0.14333566,7.980867
ADI1,3.196326,-7.352883
GRPEL1,8.620531,1.93619
ATP9A,2.5037458,-1.9167898
ATP5I,0.51469207,13.727885
SLC1A1,-4.6635065,-8.97359
ZNF513,10.06862,9.779813
HOXD8,11.280713,-3.4218562
CYB561A3,8.602778,11.46244
PHF21B,4.610813,-7.33259
LRRC58,8.391191,-7.980211
UGCG,3.5658987,1.5785193
RUVBL2,13.317413,10.466034
PVR,6.049563,14.175505
LMLN,5.1087437,0.4081783
ZBTB2,4.7021613,0.23529047
ATP2B4,13.690632,-5.556783
KPNA5,13.029757,9.053982
MS4A1,13.097309,14.316493
KYAT1,19.090893,6.3200746
APOBEC3C,-7.438328,14.331661
URGCP,-3.136566,0.9391924
MCM3,4.2519636,-2.772569
SYNE2,-1.112626,14.02973
PLEKHB2,8.6441965,1.3052965
MOCS1,2.9820664,-9.948902
MOB3A,2.2050807,13.1594715
SLC43A1,2.9090297,-6.474925
RSRC2,4.709524,0.22876264
ARID4A,-1.0084555,2.178572
TBC1D16,13.680797,-1.3818814
MKLN1,-1.8133578,15.725432
SUCLA2,7.8690825,2.6582615
ZDHHC18,3.53036,14.711753
HOXD3,11.2699995,-3.4289675
RNF149,2.965026,14.822372
GPX2,12.755567,2.8804004
EPC2,12.45941,6.7085857
ANKS6,4.7108026,7.532278
AP3S1,0.35560867,17.654194
OSBPL7,0.4124696,-1.2690414
AFG3L1P,18.870846,2.38298
TMEM139,-3.9322128,-1.1387448
SLC16A4,7.026318,0.27810606
KCNJ3,3.0951748,5.91368
LYAR,4.6043444,19.322897
PHYHIP,6.3447404,3.9318712
P3H1,1.7678609,0.43602824
GJB1,9.437431,7.034891
CALD1,10.7563715,11.461483
FASTKD5,-3.8812263,10.684729
ADAMTS10,-2.8285894,11.185458
GCDH,5.1703787,-3.625323
GPC6,0.4429684,2.8731701
PTP4A1,7.6588836,13.0783
TMEM201,6.980905,-5.3719125
TMEM174,4.969747,-2.672053
PPTC7,8.20642,13.463311
TRRAP,13.558067,1.748789
PTAFR,0.8671603,4.756403
ZNF518B,15.566941,11.279631
TPRN,-4.2857428,-2.8602283
DIEXF,1.5711805,2.1281283
ESPN,7.2109423,0.53924876
ABHD17C,6.725602,-5.165541
FGFR1OP,0.80447334,0.13763477
NLGN2,12.412774,4.47112
TLK1,7.070197,18.464838
RSL24D1,3.7792778,9.082494
MIEF2,3.8898323,16.496645
DNAJC28,7.136042,-5.8350573
RPL29,6.190829,2.181433
DNPEP,-2.311285,3.1702435
PRPF4B,10.437402,5.8802
VCL,0.9841596,6.1999607
GPR155,11.3760395,7.376669
SALL3,6.9027643,4.4918995
LCNL1,13.634053,-1.5007457
RNF144B,14.106749,-7.2776966
DNAJC24,-1.287809,4.8486457
UBL7,0.97504467,15.362983
WIPF2,3.468466,-3.597002
ABCB6,4.390939,10.835552
NHSL2,-9.203632,-0.06087315
FAM234A,-6.7907143,5.5050535
FMN2,1.065824,3.1248899
DDO,3.9889143,-6.087938
MRPL27,17.301186,0.16417134
GBA,5.609358,13.483155
ARF5,10.184794,-4.8252215
TOMM22,-4.006406,6.3782215
RALGAPB,3.8431914,16.623676
TNS2,-5.005504,11.451702
ACAA2,4.457095,-1.5449715
PDLIM3,1.2421974,6.052424
LRRC32,-6.5842686,-5.0708885
PRRX1,2.3228412,8.827968
STAT1,16.73469,12.051579
SPIN3,14.744878,-5.4850698
RSAD2,16.11854,11.7380905
MPDU1,4.5087037,14.384353
PARD6G,0.8158574,3.4241064
MICU2,9.077096,1.4993379
M6PR,4.2719846,12.782021
TMEM219,16.749119,0.1270749
RDH11,5.6642337,14.553836
GNB1,1.180552,8.086699
LSM3,3.7389143,-3.1632006
ARHGEF1,0.7654875,10.794251
TTC30B,9.030753,-3.5843728
PIN1,0.9613516,15.383947
KLC1,2.529496,-8.727966
HPRT1,-8.18565,-2.9591722
TOMM70,5.951635,6.48231
ABTB1,6.2146735,10.61206
PRCP,-4.6390676,-8.288663
DDX39A,7.789309,-1.6078513
LMNA,3.0756521,-0.3183224
SLC35B4,1.6621038,5.1382227
POSTN,13.6358795,-1.4867345
NLN,6.4603066,10.232821
SEMA3B,-8.530611,4.70353
NAP1L1,6.4590607,2.1024592
VARS,13.363425,10.460398
DCAF4,16.403614,6.535518
ITFG2,-8.527453,4.7107677
CD79B,12.942951,0.825872
UQCRFS1,0.5440961,13.77678
PPL,-1.8312789,4.4007044
PLEKHG3,0.81119347,-0.4487258
RALB,-1.0756279,-9.1447935
SERPINE1,2.796276,-0.2224002
TNFSF10,13.044188,3.1003654
MARCH6,14.966504,4.808162
ZNF425,10.880575,8.365386
MRPL55,16.810852,0.2142152
GIT1,5.7491455,7.483032
TMEM27,-4.6639977,-8.970051
NEGR1,-9.553253,8.035024
BSG,4.5003347,14.351864
INSRR,11.844893,-2.0417917
SLC7A1,0.8094271,0.15353352
LRRC2,0.11867344,-4.249052
PROS1,12.946153,2.673618
HOXC6,-1.1401953,0.5063746
EXOSC5,8.402277,14.202922
FAM208B,10.028093,-2.64536
CLCNKB,11.609687,-3.3528
YIPF1,14.801267,1.092553
PECR,3.3427825,-3.6831186
MTTP,-4.665074,-8.981849
CCNA2,8.1045,15.870564
GLB1L,7.8902135,-3.2963526
SACM1L,12.23394,0.22828878
RBM8A,-0.98357767,12.344874
IFT57,7.947221,12.904642
TACC1,-5.0037494,11.453045
UBE2N,9.969945,1.9090213
RAB14,-0.013165254,-5.734754
GNA13,7.6474185,13.083746
KLHL42,0.5017625,2.8358061
TNPO1,7.256208,12.844698
SGSM2,4.4157114,2.586286
FITM2,9.457965,7.0541315
MRPL58,2.4575443,-9.434799
NPTX2,2.0734413,18.977179
SRXN1,4.3935294,10.838494
PEA15,-2.2017112,-5.883584
SLC22A7,7.6329236,-5.2116857
SMIM7,8.402414,14.19941
FMO1,4.247126,3.8261266
ECHDC2,5.2132416,-3.642956
ATOX1,4.4005685,-5.714428
HSD17B10,15.281653,10.866207
WDR82,15.955517,-5.195376
MAP3K6,14.776702,12.694557
EIF4E,9.753199,17.332413
MT1X,8.292169,17.378738
BBX,8.749529,11.8260765
SLC1A3,-6.9516306,4.770218
NDUFAB1,8.928864,2.1265826
NR2F2,-7.2309203,14.038466
ADAMTS19,13.683201,-1.3818955
MOSPD3,-1.5735133,0.3163886
NEB,4.7131863,7.5388074
ASPHD1,11.286954,-7.719357
DHCR7,9.1773205,-2.9641151
ZZEF1,15.8094,6.255655
FAM89B,0.36951512,-1.3113835
FBXO4,9.997936,4.6652265
ALKBH8,5.5853148,5.8021116
HNRNPK,8.193376,7.65067
OSBPL3,0.78382134,-0.16234861
ZNF763,5.1048236,0.40414265
EMILIN2,-0.28775713,9.9887295
ZBTB1,8.9409895,0.88318944
SPG7,16.332897,-1.415749
CCND3,2.0902936,18.991587
OLFM1,-6.8305793,14.594214
ATP10A,-3.4882045,-0.722048
PRKDC,13.559789,1.7563136
TTC5,3.3795338,-2.2938347
WDR1,-0.6785646,7.632091
PROSER2,2.1206312,19.030952
NKG7,13.384434,14.111014
FGFR4,8.15189,4.1174507
MZT1,-7.286498,2.845909
SECTM1,-3.6750798,2.0919018
HSPE1,8.810679,1.2373208
ORAOV1,-3.1323357,15.673966
ATP5G1,-3.3293457,7.2732706
CSNK2B,-2.3148568,3.179256
ALG3,4.012956,15.953811
CNIH1,8.186761,8.173921
ZFPM1,5.956868,7.658455
C1D,-0.77782786,12.098064
CSK,2.2087953,13.153824
CAPNS1,9.981801,-4.6061373
ADPRM,6.457493,2.1011536
PHF19,1.09856,6.128617
FAM200B,-4.0679255,-0.37561345
WASL,-7.308911,2.1266327
ATP1B1,-4.335364,-1.8392912
UMPS,-3.9053152,10.653553
POLR3B,8.818296,9.811522
TTC1,-1.0237437,12.367153
PRDM11,6.389324,11.081439
GNL1,10.031753,-2.6704524
PUM3,14.8184595,1.1753843
ZNF835,-1.5988853,4.0557623
TMEM200A,-1.7878519,0.7086235
MAN2A1,5.6206493,14.426251
NDC1,4.256896,-2.7657492
LIX1,9.097541,4.026459
SCTR,10.721448,15.397428
BBS10,13.118676,8.928484
RRP1B,5.4050226,7.120856
FGF11,9.390898,2.6828318
ZBTB43,-8.466368,4.641885
PNO1,10.831456,5.71649
TNRC6C,2.996215,-9.962477
PARD3B,-3.2073252,-0.34498313
CREBZF,-1.0426536,2.2469685
IVD,3.111783,-3.478782
WNT9A,-4.1881766,-2.7923422
CLEC4E,-6.9790683,4.7466836
SCYL2,8.731043,11.7588005
ITPR1,10.310657,14.988053
FUT11,10.495539,8.272097
RPL26L1,2.443685,-9.461792
HSD17B3,7.6670732,-5.408904
PCGF5,15.64255,11.457804
MCM4,4.254152,-2.7698705
GSTO1,5.791775,10.178634
HOGA1,3.2368693,-4.0811195
ZNF493,3.1334605,-6.5449276
ZNF302,2.1940315,13.003209
CACNA1H,2.3371418,-6.1817555
NOC2L,13.361116,10.46343
ENY2,18.84175,2.3546379
AP5S1,8.817522,9.821249
NTPCR,3.555717,-2.7489047
PPIP5K1,3.8138516,16.667086
TINF2,3.145552,0.8714381
ZSCAN12,16.599455,10.225612
APC,12.765513,5.8039002
CDH3,11.722282,3.6176958
ABCB8,16.255127,0.09918573
SNX27,1.4826229,-3.5457182
HOXD11,-4.4449263,8.645174
ZNF48,4.585786,16.121264
GBA3,4.18285,3.7794843
EPB41L5,20.78066,6.07549
HSPA2,2.8689692,-6.4580555
KCNJ1,3.7573617,-7.040505
TMEM168,4.7494206,-1.3875245
NARS2,7.7028155,5.988887
TEFM,0.15083526,17.854116
CDR2L,-4.0075793,-0.09866059
KIF13A,-8.540742,-3.2475843
ZNF138,15.299474,-2.0033803
EIF4H,-2.5221658,3.8787022
DZANK1,5.113384,0.4011416
HBA1,-10.171836,0.14260657
EGR3,15.927436,7.5999403
COX6C,-2.4077113,8.131695
HCN3,4.343042,-1.657732
MAP3K13,-4.361499,8.573951
BRI3BP,-3.688898,7.6952786
LIPA,13.140006,-5.15397
CD81,-4.112462,-0.41958597
TMX3,-0.3367495,2.0163698
ANXA4,6.457817,10.249673
SLC35A5,9.002592,0.6680374
KDF1,-2.8418546,5.3141713
KCNQ1,11.752205,-3.406536
CKMT2,10.230575,9.837342
PRDX5,0.59702253,13.897238
GK,4.2767878,-2.2737489
EDNRB,-2.7783341,9.265968
GTF3C6,1.8900677,-9.737741
UBAC1,-1.7561768,-0.36670852
NBN,6.7633715,10.353035
UACA,-0.27006248,8.235004
GAPVD1,9.237602,5.6950784
SLIRP,-2.3938773,8.149059
ALPK1,12.3109,4.4245667
PNLIP,11.636121,-3.6085665
VEGFB,-3.870501,-3.1903663
AGBL5,-5.2708244,-6.2197094
VPS9D1,-1.6868962,0.6478109
KCNK6,9.65706,13.3319025
SUN1,2.532558,-8.720232
ZNF8,3.0703993,-3.855112
VEZT,7.607941,8.436512
STOM,3.278447,2.2963374
KIAA0391,2.521425,-9.464035
SH3GLB1,4.9894648,10.763339
CNOT7,-6.9051065,1.982359
SETD3,5.6567802,6.679909
IFT46,7.505219,5.782177
PSMB9,-3.4654884,2.4478178
NEMF,12.419637,5.7104993
TBC1D24,3.8375695,-6.940816
MFSD7,4.687788,-4.2755265
PTTG1IP,1.7898022,6.552555
NCOA1,3.0986218,3.0751438
BRD4,4.752024,2.087041
MYL6B,16.823833,0.105989985
DCAF11,-4.060349,-1.1981044
FAU,6.3260984,1.426503
ANKS3,-1.5277166,0.41722682
TAOK1,-0.7430124,2.977384
ATP2A3,9.669628,3.1711407
CAPN10,4.4212046,2.575603
ARRB2,0.50635296,10.50218
SLC16A5,1.1910099,0.8942996
PAIP2B,2.815671,-7.9550695
ISOC1,0.97323895,-3.599597
ZWINT,5.7201233,15.461633
SLC52A3,3.6583557,1.879875
YTHDF3,0.026409678,15.321462
PAX8,-4.224972,-3.6449533
CDC123,13.407277,10.516256
ZBTB7A,-4.0120745,-0.09843188
WDCP,-1.6896228,4.167325
FBXW5,17.041424,3.9485188
GNPDA1,8.395716,-7.6315956
RITA1,4.807597,-1.205337
SLC22A18AS,6.050692,-1.015559
TMEM165,3.8487303,0.824792
CHDH,6.0792394,-1.2025043
EPSTI1,16.68808,12.013554
ERLIN2,-0.9640677,6.091147
POLR2H,-4.2000804,-3.608125
UQCRH,-3.5659986,6.5950027
PSMA1,5.864619,10.313819
PRADC1,3.809896,-8.230837
WDR90,7.2774134,-3.3352656
CCT7,0.51321954,7.3400345
HBB,-10.171936,0.14259587
IRX1,11.015826,15.80237
MYOM3,9.341899,6.945328
KDM2A,-4.1591277,-0.11296516
TUBB4B,-0.57363933,7.7657623
SEPT9,1.8019228,4.8779078
COX6B1,0.80644375,14.130502
SATB2,11.422969,-1.6743298
FBXL21,2.482462,-3.3654966
CBFB,3.0240383,2.0434403
BEND7,11.505707,7.1793275
HOXB3,10.008698,3.5222893
TSR2,-2.3615077,6.615083
ECHDC3,4.2516823,-1.4238456
PLA2G4F,10.772938,9.898075
HACL1,2.0826976,-9.083628
IFITM1,11.940113,3.7299712
WDR13,0.82113904,15.612837
ATP5G3,8.67088,1.9131978
ZNF662,5.5866194,9.802564
NBDY,-2.4793913,6.5912514
SDCBP,12.198696,4.019833
KLHDC9,-3.4846106,7.510819
QPRT,4.2542777,-2.0851884
RGN,6.71452,-0.34655854
GCGR,12.074506,-2.7821279
TMEM237,14.762221,1.003853
WDR76,5.6898036,15.473798
MET,3.0230417,14.838998
KDM7A,-1.6236808,-3.7027566
SDPR,2.7479255,-0.19182232
B3GNT4,7.031348,0.2978978
SCNN1B,11.510828,-2.831393
STK32B,7.5962844,-5.373538
FZD6,4.7342772,-1.393375
PRIM2,5.726965,15.461462
GTF2H5,10.503619,1.5000671
GPRC5C,3.9934509,13.308769
PLA2G4B,9.956173,4.3664594
SSR1,4.974007,13.655569
PEX26,13.721404,6.5091896
RSBN1L,15.974456,9.835609
STAM2,2.4779015,-3.9616306
FBXL5,3.0735896,-3.8081832
BTBD1,8.289197,12.716086
GLIS1,9.339451,6.942808
SH3RF3,14.802348,12.644514
SRPK1,7.4994783,3.2010615
PNPLA1,5.1010485,-2.5951934
KLHDC1,14.681069,0.9185891
ACADS,4.445497,-1.520675
SURF4,3.755056,14.474972
CBX2,9.237918,3.4936948
RNF14,2.904627,-9.878611
ZNF680,2.4952252,-3.94704
NXN,2.1609612,19.036543
PHF20,14.845498,3.5953186
ITGB1,1.7739693,6.526892
CNOT4,13.985573,2.0581279
LPP,-0.42045197,12.245182
ADH6,4.291805,3.9761727
STARD3NL,-3.8956852,14.097952
ALDH7A1,3.1604075,-3.5047436
PLA2G12A,5.70309,6.3042207
NDNF,0.87405664,3.245057
RTCB,7.484425,3.1884425
MRPS18B,4.184744,-1.3685687
REM1,-7.173961,13.964663
METRNL,9.13767,-3.393195
KCNC4,7.1985927,3.142465
STK36,-3.5800116,-3.216273
ABHD14B,4.3772516,-1.511927
EPHA1,16.697786,-4.510558
HSPA4L,12.434894,14.566986
LGALS3,-4.212507,-2.9132822
GTF2E2,-1.0755371,-9.144844
MSL2,15.974496,9.8365555
CHRM3,8.927096,-10.445228
MARK1,4.3207617,-1.6213778
KLF12,3.659789,0.35528207
BLOC1S6,8.741612,11.752147
ZNF182,-2.863069,4.0233817
CACNB3,11.31175,7.399568
SLU7,-2.4301033,15.479235
LAMA4,2.323039,8.827975
DNAJA2,-6.4989247,11.392624
DCP1B,16.597645,10.226245
SMO,9.90737,2.2624533
ZNF30,7.5901184,8.445385
NAT14,-4.3144827,8.527809
HEMK1,-3.5851953,7.6531124
MIGA2,-1.7588212,-0.37719864
TNKS,14.994833,4.783655
ZC3H12A,18.581274,8.055647
TBRG4,-1.8343045,0.98748016
HSPA6,-6.624319,9.299883
UHMK1,5.8854074,6.1572566
TOPORS,-1.3088403,0.61242294
EXOSC4,6.507857,-11.075963
NRROS,9.63272,3.282458
LIAS,2.2321892,5.257005
TMEM209,15.201477,4.583444
GRAMD1C,17.09844,4.557046
PPP4R3B,-2.7657301,15.659733
TMEM53,10.891496,9.93289
PPP1R12A,-1.0697112,-0.013012591
SAMD5,11.953172,7.1839433
SLC38A7,6.379432,11.906376
PER3,12.453199,4.1473117
FBRSL1,5.9267335,7.731241
MT2A,8.293935,17.37769
STK25,0.82698846,15.608956
DPYSL3,0.4349586,2.8830307
HCFC1,7.981861,-1.733388
GDE1,-1.0756499,-9.144901
NDN,-7.2333508,14.047799
PPIH,-4.1447463,6.297724
TRIM16L,4.3869367,10.834517
NNT,-4.330545,-1.8575361
UCK1,6.8830166,-5.988677
FGGY,4.445954,-5.673164
CLRN3,7.8182163,-3.795813
HERC5,16.315252,11.767609
ISCA1,9.503442,1.6987072
STARD3,2.026723,0.45870104
GABPB2,10.58742,2.9401643
MTIF3,3.6936393,-3.1903198
ADPRHL2,-0.26884592,8.248535
LMNB1,-1.9831537,-5.6213384
LRRC73,-5.5030885,8.4160795
DET1,14.768175,-5.5012045
NECAB2,5.1022453,-2.5945258
ZNF865,5.9439425,7.680477
COA4,7.5106773,5.8984623
RNF215,3.8819935,5.1705627
SPAG16,-7.286095,2.8547137
MYO5B,4.5119176,10.805982
XYLB,4.1693096,-5.9279447
PSMD4,8.480622,14.045296
NFKBIB,1.8421905,9.842831
DTX3L,16.74164,12.055714
PAH,4.2868204,3.6511917
SEPT10,11.235971,9.21711
RRAS2,-4.2643695,8.525799
PML,0.3696221,4.7062445
IPO9,5.388421,7.134209
RRAS,-2.505193,11.158827
NSUN4,3.44426,1.4470035
PURA,10.317466,1.4132823
PNPLA8,-1.583837,6.4151535
ANAPC16,-5.5596128,-5.9537997
ANKRD44,12.950371,0.83123857
ZNF623,14.962458,13.630235
SLCO2A1,11.24836,-7.704308
UROD,13.575019,-0.5559241
ZNF335,7.813088,-2.0075781
HN1L,0.8072333,0.442862
MTA1,16.795816,4.353954
PFDN1,1.9545941,-9.676687
PIP4K2B,8.829807,-3.4243429
OST4,8.38737,14.16442
IFT81,-2.8983932,4.0702333
PMS1,5.6167917,9.843483
GADD45B,18.566248,8.040283
CHUK,-7.8388343,1.1721436
MT1E,8.294181,17.37887
TPSB2,0.5154904,10.5293665
NFASC,0.4746408,2.8634353
FAM168B,16.754892,4.3440027
ARPC4,-1.8569404,0.99308336
AP5M1,2.1967504,19.024754
CCND1,12.621046,3.5731459
BSCL2,-1.841004,-0.52677554
BDH1,-4.340677,-1.795341
TSC22D4,5.209203,7.4518313
ZNF33B,8.599706,-2.0991545
TSPAN14,8.408381,-7.9590316
TEF,12.454855,4.1379185
PTPRQ,6.103489,4.0017476
TTBK2,-5.4271355,7.4860725
SDF4,4.3026667,13.968467
HDHD3,6.670264,-6.15185
COX17,-2.4322903,8.108557
HNRNPUL1,-5.0141377,11.419113
WDR12,8.324311,-7.696326
FAN1,2.567039,1.3718895
TUB,5.206558,-3.6361585
FAM89A,-3.4736254,-0.7328067
MST1R,2.077554,1.6241838
FOXI2,-2.3978179,4.092666
UBE3C,-5.297745,7.3583617
ABHD12,4.7138863,-4.353878
CLDN3,-3.5108497,2.4081752
ANKMY2,8.488122,-2.2039223
TAF6,-5.4203625,7.4744706
TRIM44,11.518431,7.1814537
PGBD2,9.214028,4.7151904
TRAM1L1,-5.367768,9.792588
TSC22D3,-1.8177807,0.9727256
POLE4,8.391215,14.161864
PPP1R35,4.442532,2.154828
NOL3,13.130889,3.793225
PRPF40A,9.127164,5.7882223
RPGR,3.779141,6.7803965
SLC30A2,5.4320407,2.848925
SEC24D,1.5577282,6.2315674
SLC35D1,9.465919,7.059233
HNRNPF,5.157125,10.661292
SNRPE,8.408368,13.975773
ARSD,10.872866,15.666879
CAMK1G,-8.843821,3.44308
GLS,8.504489,-7.4433904
MRPL49,4.184586,-1.3695818
CCDC9,4.5367947,1.4177483
SPTB,0.81909966,3.4156284
CD164,5.658507,14.523301
OPHN1,3.8974106,-6.9761925
NUDT15,0.20396954,17.803354
ZBTB3,-1.619978,4.0886655
OXA1L,2.0889108,-9.0791235
EXT1,-4.037756,1.642988
CDK16,2.276983,14.984586
CARM1,5.9080524,7.400005
TCEA3,12.110188,3.824998
LRRC45,8.129412,7.5704727
FAM175A,2.4841375,15.106719
SLC44A4,12.7543,2.755152
YTHDF1,-9.462771,5.9223394
MAP3K9,2.6342793,14.987398
MIER3,13.104253,8.972581
MTO1,-1.6620282,-3.668363
ESRRG,10.241623,1.3801674
NPAT,3.5028198,12.016269
LRRC25,1.8719481,14.126292
HGD,4.321054,4.241619
STC2,3.5629687,1.5585871
HCCS,-6.478333,11.368348
SLC2A4RG,6.3357506,-0.3665227
CTXN1,-3.5119963,2.4053211
DEGS1,1.6420947,4.9167633
BAG5,11.229646,7.5265675
AIFM2,4.388828,10.827265
PKD2,12.772128,5.803707
TRIM38,-0.7275144,13.792729
MYO1E,-3.1514685,-0.37103808
GNPAT,-7.0836926,2.021738
DHRS4,4.2808414,-2.291688
UGGT2,-0.49266618,2.3481889
BDKRB1,-2.7872243,5.375322
PDLIM5,-0.40439653,12.222896
SELENOM,1.7100061,5.2893023
TSPAN7,-5.516958,2.5040758
NAMPT,10.749889,8.457477
DESI1,14.996245,-3.336662
EPHA2,1.6778679,5.623117
ZNF781,10.594348,2.933845
SSNA1,7.5001364,6.339024
NPIPB5,-3.918848,-0.5255549
TLN1,13.575996,1.7721225
RSPH14,3.995062,-3.535647
KRT4,11.62958,-3.6452212
ARHGEF19,7.9293466,12.94437
MPLKIP,0.95915246,-3.5917559
PDE5A,-3.8176284,10.720063
LENG9,2.3515232,12.930356
HIST2H2BE,17.675901,9.470246
DGUOK,15.932329,8.955707
KLHL6,0.5063851,10.503175
PDE8B,5.459567,2.8480523
SPRYD7,5.658478,6.661648
ATP6V0A1,12.722664,2.6897361
IL7R,13.466887,14.03395
PIK3R4,1.215758,2.542597
KIDINS220,-8.269046,-3.0440695
ITPA,16.747707,12.056112
GPX1,10.002067,-4.596577
LRP2BP,-2.0802126,-5.723761
ZSCAN9,13.731547,-5.59996
SEPT7,10.956441,12.355094
PIP5K1C,5.6595206,6.946248
ATXN7L2,-3.8538775,-1.2028401
DPY19L3,-0.5199804,2.3353302
WDFY4,-1.8874005,4.3271575
ZNF132,-1.6723326,-3.6595323
PI4K2A,-0.9988654,7.360628
MAPK1IP1L,-1.0756837,-9.14491
CD58,5.3080106,13.801577
KDM3B,1.1577854,2.4496658
GABBR1,7.5455613,2.3463905
TSPAN3,-0.9180432,6.048536
STARD9,-5.010452,11.227329
GPN2,-0.9942903,7.364338
ARG2,15.79372,11.599826
SHB,10.093988,-2.7438054
PDS5A,-1.8354274,15.676731
MYLK3,6.0873156,3.966623
GIT2,8.624292,1.2296178
SLC25A13,7.4906387,3.208156
IGHM,13.114714,15.278525
AP5B1,2.3518543,15.291206
S100A9,1.5871007,13.647761
TTC21A,-2.8591883,4.031005
CACNA2D3,10.920054,15.686535
RPL10A,6.3102083,1.7165024
CLDN5,12.291836,-6.47896
HDAC6,5.1889486,-3.6243382
MIEN1,17.259192,0.17288011
ZNHIT2,1.2434059,15.063077
SLC3A1,5.251057,3.1294081
PRKX,7.9178634,15.1856365
KBTBD3,15.299947,-2.005806
TM9SF4,6.0181327,13.231562
KIF13B,2.178079,-6.0615706
IL1RL2,0.7741089,-0.37862507
ARFGEF2,-1.1585835,8.467184
PIGA,-1.592443,6.4256306
ATP8B2,-2.9299407,10.133279
MED29,18.8488,2.3592136
MT1M,8.3103,17.380499
IL1RAP,2.4811368,-0.95686084
ZSWIM5,1.6664586,5.133785
ELMOD3,-0.22543041,12.146196
SOAT1,4.0409822,13.325257
OLFML1,2.2165296,8.919875
PAICS,-1.0078957,12.351285
LYN,-0.28409156,9.994102
SLC26A1,6.4145093,-0.25607783
CALML3,5.201134,-2.660644
CASC10,3.2421262,-4.117167
PDE7A,5.4649196,3.5448563
TMEM109,4.5394588,-4.1508865
RNGTT,6.7346926,10.352457
RAVER2,3.085223,-6.5252147
SVIL,1.9086572,1.7892863
POLR3H,8.807271,9.8262205
ANKRD22,6.982126,3.392222
CSF3R,1.5909021,13.650135
PTGER4,11.077055,12.03941
DNAJC4,-3.8815784,-3.1985934
URB1,1.5518638,2.1510231
RIOK1,4.595622,19.315184
PUDP,7.793662,6.036162
TPST2,10.306111,14.982801
TRAPPC5,8.488942,14.05579
ITPK1,-3.065345,0.8852506
SETD4,-3.177705,15.642502
WDR5,7.859901,-2.1339128
F2RL3,2.756962,-0.20701243
TNNI1,8.973167,-10.401557
NUDT12,1.9044526,0.58426434
MARK4,4.5518265,0.46840084
GAD1,4.59697,-7.328312
PPME1,-2.4637516,4.0554852
MAP3K8,2.4898994,-0.94360095
ADGRG1,6.2117577,19.71153
SLC17A4,5.4811125,3.6054676
SAMD9,16.034399,11.712903
EIF4E2,12.000936,7.216673
ARHGEF10,9.67002,13.343625
EDIL3,-3.596908,10.733485
RPS6KB1,-2.4481242,14.917048
TRAPPC8,-1.8330779,15.6820965
CARD6,9.59693,13.265427
TMEM126A,-1.0146625,12.366
SOCS4,-1.5307397,-0.08008632
FUT1,8.947882,-10.423941
SMAD2,9.214508,17.43377
FBXL3,8.87373,-1.921885
CD40,-3.9492178,-0.95940393
GPN3,-2.6365142,6.5078206
POLR2K,13.199542,12.055789
DIS3L,2.0803719,0.4069312
LOXL1,-3.0183904,11.048506
MXRA8,-2.6386874,12.337166
ADAL,10.55106,1.5167164
ZNF836,-3.9572914,-0.61523265
ZNF253,-0.2544648,-6.834972
ITGB3,-2.1798155,-5.863626
NHS,2.7704282,-0.5817579
KLK1,7.0044,4.5870576
CLK3,9.385429,2.6762676
VPS4B,0.01425641,15.326246
CCL28,6.026103,13.223341
ATP6V0D1,7.5270934,2.2671366
AMZ2,7.5041165,5.77377
DAPK1,4.245538,-5.840751
DDX52,3.8754628,1.6057217
ID3,9.544056,3.3714275
HSPA14,10.039356,4.570997
SYPL1,3.8334603,12.219032
CSTF2T,15.98301,-5.2040553
EMID1,-9.574477,8.014263
IRF8,0.42691034,4.932521
SACS,-1.9558179,-5.5949583
TMEM176A,12.726518,2.6899889
TSR3,1.8819647,9.783809
ZNF574,4.5833693,16.11701
CLINT1,7.8655486,12.967369
RPL13,15.9275,8.943611
SMIM10,10.34587,10.479969
PDCD11,16.15843,6.5509686
RAPGEF4,8.952073,-10.419908
TXLNA,-4.259103,-0.20796579
PQLC3,-7.7622995,-2.6469278
MAD2L2,3.6238432,0.3471098
UBE2E3,13.0853,11.941747
GRK6,-5.736141,0.5198294
POMT2,3.8627515,5.160789
HMCN1,10.789271,15.542419
ATP1B3,0.7831761,-0.09428563
HNF4A,7.816764,-3.884984
TEPSIN,0.35460526,-1.329963
RIBC1,-1.4802076,-3.8242033
GGT3P,-1.155542,14.078573
CSNK1G1,-1.31006,0.60729444
PPP2R2A,9.244984,3.4995346
OXGR1,11.290831,-3.4116547
TEX264,7.1363516,9.38215
PELI1,7.5654817,8.47821
CCNJ,2.9834585,7.8254724
DMXL1,5.941268,6.4975505
NICN1,0.8377736,8.180582
CHM,7.221427,12.816687
NDUFA11,0.9387294,14.289153
PTP4A2,10.78207,8.463754
ZNF331,15.848128,7.6835628
YDJC,1.8434674,9.836324
SLC39A3,3.8969078,16.286959
ACTL6A,1.2058663,2.5606518
DENND4C,3.509241,12.019857
PLK1,8.105367,15.872423
NR0B2,18.592655,8.06327
ABCA9,18.717428,4.6920557
SLC8B1,3.1836011,-7.3681417
FAT4,9.2346945,3.4856079
TOGARAM1,13.783796,1.9532615
HTT,2.3812537,15.194509
RAB11B,6.6439104,-9.13988
TMEM140,12.948563,2.7687223
TMEM204,9.246872,3.489386
FOXJ3,8.133471,7.561679
BRSK1,9.623617,13.294934
WDR35,1.2936072,3.1149545
SIK2,4.1720967,12.68901
PLCB1,11.045514,15.840815
MAP1B,-2.914583,9.91364
MST1,-1.0355994,13.944769
NEURL1,11.446541,-1.6912359
SSR2,15.670035,11.456292
MTMR2,0.33670378,17.672508
LMTK3,9.252989,3.98615
EWSR1,-2.0608246,1.9699923
PHF3,-2.4450684,14.910919
PACRGL,2.3467333,15.315862
TMEM115,3.9006402,16.447033
HUWE1,13.566257,1.7577008
CNTRL,9.669728,3.1605046
HOMEZ,2.061738,19.168543
GATA6,-2.9418037,9.886204
ZNF532,2.5746114,-1.9321244
TBC1D1,15.79393,11.603469
TADA3,-1.7898455,0.037119776
ZNF416,5.391482,-3.665779
FBXL20,-3.1264691,4.0560536
TBCC,4.616402,16.130472
ABI3,-6.6496925,-5.006652
RAB3A,-4.317906,-1.829856
RNF224,6.340662,-0.35886115
IDUA,15.988067,9.005858
CKMT1A,3.8099356,16.679285
MAST3,9.112483,6.750708
DYNLL1,17.389534,4.7467523
SLC25A48,-4.0875635,-2.084587
SMAD4,6.8958774,18.333218
ARHGEF3,0.1248763,-4.2163167
SERF2,17.255033,0.170977
TRPC4AP,2.0748086,0.41099462
CAB39,-2.660499,6.490643
PMM2,-0.27613527,7.9959617
CDK4,3.7635133,9.061947
UHRF1BP1L,-1.8527502,15.661036
NPAS3,-3.3326337,-0.38117254
ZBTB37,10.166598,-4.801823
IFT80,1.3623062,9.108168
RASA4CP,9.857186,4.1574297
ZNF224,7.374714,3.0279768
STX11,2.489271,-0.9494016
CLPB,7.73488,2.651528
EFCAB6,13.552026,-4.000303
SRSF9,-2.4215877,6.6563387
PDE4DIP,-0.5255353,2.2970643
NRAV,7.789126,6.026966
WDR31,-3.9434783,-0.9132644
CLPTM1L,12.719504,2.6815522
EEF2K,-2.315879,9.3812
AMER1,10.74222,9.106227
TMEM123,13.139096,-5.150955
NOTCH4,11.22652,-0.7031644
IPO13,-4.024384,-0.78123325
TMUB2,4.5671215,-4.0772357
PKHD1,-3.8656044,-2.8277426
TPCN2,-3.8255916,-1.2135649
NCL,10.7346325,5.764661
IFRD1,9.010279,-3.60052
SYK,-5.566321,2.472487
OTUD1,12.366073,4.1110644
UBE3B,-1.6725627,-3.6596966
KAT6B,-1.8529915,0.99855655
CMIP,10.201589,3.2201207
B3GNT7,-0.51092124,9.757522
ANXA1,3.2750924,6.0980525
MKI67,-2.0026395,-5.642181
PXDN,-2.6767302,9.561083
RDH5,6.403783,-0.4125812
NINL,-3.9495833,-1.0007532
PFDN2,8.228306,13.694552
ZNF398,-3.1425896,15.637768
NTRK3,-2.114934,11.112967
KIF20B,20.242693,1.8149196
KIAA1107,10.071576,-2.7259657
ODF3B,-3.4533024,2.463801
GEMIN5,1.5539609,2.1365807
CCDC159,19.090935,6.3204865
SGSH,1.9494967,0.7073278
KALRN,0.046426296,5.111935
SETD7,11.509759,7.151378
BLOC1S2,-0.9709262,12.351224
RECQL,19.09075,6.3200536
SQLE,9.157681,-2.9758806
CPD,5.302284,13.785908
RLF,10.516171,8.270907
PRDM8,-6.8312864,14.593235
COG3,4.5799656,19.300459
FLNB,-1.8458989,4.382442
HOXB8,10.036968,3.538566
ZNF444,-4.016823,-3.3442225
SEL1L3,0.4659007,4.8983717
WBSCR17,11.401976,-1.6915992
PFDN4,0.36813197,17.64187
TRMT10A,13.515335,1.8048816
PWWP2B,9.216795,3.967121
MAPK15,5.6154532,2.8852282
EPAS1,14.829632,3.60687
KMT2E,12.456504,5.7139606
SSH3,0.39667162,-1.2864506
HBS1L,7.2004657,12.79801
BRMS1,8.640519,9.681177
ATP6V0E2,-4.4212403,-1.5468047
CUL5,1.9159842,0.58047986
TIA1,14.67356,0.9123046
TCTN3,6.1758876,14.24694
RFLNB,3.913004,6.4930406
ADA,-5.7700787,0.49373305
GMCL1,-5.756638,5.542799
BRI3,16.811066,0.21415651
PAPOLA,9.349376,17.602186
FERMT2,-3.146756,-0.35756058
BMPR2,4.2368393,6.551661
IP6K1,7.863469,-2.1407082
KIAA0368,10.366882,5.804399
HNMT,-4.5291486,3.2529156
NBEAL2,0.77983755,-0.34503227
TTC14,-2.0692368,1.9772319
CDK5,1.0485288,15.23744
INO80D,-0.33449715,2.0109673
SPR,-3.3566775,6.853481
ATPIF1,1.0240333,-3.6213562
DOK1,2.1971066,13.17376
ACACA,18.253445,1.1906407
KBTBD11,-4.2317142,-3.505702
PLA2G15,9.089919,6.735929
STX16,8.938243,0.8977009
ALKBH3,0.8267139,7.5418277
TYSND1,-0.2338433,-6.826541
NDUFA9,7.556277,2.3727987
PDK4,-7.012307,4.7177477
PHRF1,16.567068,5.381665
ANKRD36C,13.24156,-7.027431
CCL21,-3.5217485,9.424665
FAM217B,3.1128464,-0.5158939
PIP4K2A,-3.5695002,9.385438
IRAK1,9.99649,-4.5745735
FAM222A,-1.7929007,-0.39449173
MTSS1L,3.3813505,-2.3005455
SPON2,13.585527,1.7994456
BAG4,2.4829333,-3.957723
PXN,1.4380294,5.5250306
MT1F,8.2909355,17.37901
HAPLN3,3.1867552,6.0016527
BCKDK,5.612783,9.844257
IQSEC1,-5.0100145,11.227458
PPP1CA,6.511927,-11.080256
CNNM2,3.9278383,-6.9592333
EARS2,15.40308,11.022525
PLEKHG4,-2.3189108,9.384459
AP1M1,6.4125075,-0.24522683
TCAF2,15.258969,10.8375845
DCP1A,3.2235317,2.7826297
APOBEC3D,15.73663,11.522131
DVL3,10.449104,4.137114
MAGI2,0.119915515,-4.233501
EGLN1,7.896831,12.9314575
PSMB10,-3.5029602,2.4085534
CCDC71,4.5561953,16.12971
SLC4A3,5.8919086,8.025432
DHX36,0.48853296,7.3001504
ANP32A,16.76098,4.343419
SLC5A6,16.398827,6.5347104
ILF3,16.161818,6.595726
CPB1,11.670438,-3.666719
TUBA1B,-0.6532816,7.6520905
DSEL,-1.3127096,4.8264728
CCDC142,16.234325,0.09134725
LARGE1,-3.473356,-0.7610212
ZNF655,10.444193,5.872762
PROSC,9.057008,1.9278916
CYBA,0.96717,4.7923098
FCRL5,13.103234,15.231069
PIGW,-5.3735943,6.8017483
DAB2,5.714016,6.34406
URM1,8.674492,9.72031
WNK3,6.9034605,3.7332728
EBF4,-4.4512916,8.648259
MAPKAPK2,2.1101835,-5.9930143
MTHFS,2.8213115,-7.957473
WWTR1,7.4362917,13.026177
SOWAHA,11.731124,-3.3871534
FASTKD3,1.653787,0.36456013
FANCC,2.6777973,-3.3784335
PPP2R5C,-2.4542928,15.495424
ZNF684,5.079239,0.4073443
WHAMM,14.694181,0.9551191
FAM127B,6.6441207,-9.141261
TRIM47,12.189433,7.3174663
SFXN2,6.359935,-0.8109305
EEF1B2,6.195138,2.0207357
CACFD1,-1.8176308,-0.46916717
GALNS,15.69213,11.497024
PPWD1,7.356878,3.0409124
TM4SF1,11.474986,7.135001
CDC42SE2,10.775145,8.4755945
S100A14,2.0961428,1.5992249
B4GALT4,5.474276,3.5873392
KMT2A,12.459113,5.7140336
CLPX,4.548461,10.788113
CCSER1,-5.5179734,2.5027194
PRKCSH,-4.698816,-8.211953
CHRDL1,13.639251,-1.5055288
WRN,-0.49472702,2.3473408
CCT4,-6.6381054,9.270329
FHIT,4.440003,-1.6713445
DCAF17,4.3678474,0.6222149
LYRM9,-5.3678174,9.791047
MAGOH,-0.99061865,12.348981
LSM8,15.931588,8.950491
HBD,-10.171911,0.14256631
ZNF700,-0.563545,2.6398864
HYKK,2.9001129,-3.4501128
ZNF845,15.546641,11.252073
NELL1,4.5125985,-7.3684106
RAB24,12.454405,6.7114425
MRPL33,-0.77291596,-4.7093115
DCDC2,11.760276,-8.136012
MYDGF,4.0505013,14.246301
CLU,0.9408968,4.7935185
HNRNPAB,-0.25871032,8.019586
BCAT2,15.692738,11.4902
IRX3,11.428689,-1.0995985
PLEK,1.6841953,13.63801
PPP3R1,7.4401016,12.979455
GM2A,-7.40276,14.293241
KIAA1549,9.456291,7.0501337
HAVCR1,13.057538,3.085535
PHACTR2,6.254022,19.753439
TBC1D5,3.102525,3.0394156
ZNF227,-3.8733604,10.677565
FBF1,-0.77963424,1.9219381
TNRC6B,-3.085512,4.052208
SAMD4A,3.2016175,2.824172
OXCT1,4.524595,-7.3918056
MXI1,-2.7725291,15.663748
IL18RAP,0.09347845,5.0946355
CTNNA1,8.175424,7.6501565
TSPAN31,-8.130215,-2.9210875
NSD3,14.779699,3.651024
RIOX2,6.9902325,3.3603396
PRPF40B,4.971902,7.2556014
ZNF777,7.642917,-1.499042
ZNF251,20.242538,1.8163744
KITLG,11.761659,-8.148238
POLR1E,12.561318,19.140015
LRRC42,0.5397209,7.3525605
NMD3,8.190144,8.173519
FAM129A,11.497277,7.15051
GAB3,12.824718,14.55689
SPIRE1,7.126013,3.1958652
ADH1B,-6.8472342,14.574718
CCT8,-6.6255636,9.268348
SLC16A3,3.8298688,1.8377697
GNAQ,6.9926395,18.407034
ZFYVE9,-7.640517,1.4307159
TFAP2A,11.234317,-3.4655004
TRPT1,0.928606,14.281465
NME1,8.4016075,13.969459
PILRB,3.8177092,-8.243841
NADK,3.540712,14.716116
GXYLT1,-1.5336931,-0.08463822
LRRC28,2.8970249,-3.4161825
MEIS1,10.694147,11.3218155
ANKRD28,11.843622,5.4544787
DACT3,-4.469342,18.04701
RASD1,9.167564,-3.0447738
NECAB3,-3.029404,0.8576419
AFAP1L1,3.8450937,6.6890955
ZBED3,2.0595908,19.172062
MAGEE1,6.950146,-5.3660192
TCAF1,3.5231771,12.016026
FGF2,0.77690977,-0.32910433
SPECC1L,-1.7569412,0.8427425
CDK2,3.8754058,1.707926
WARS2,11.509531,-9.758991
KIF12,7.592079,-5.3745484
ADAR,16.395624,11.841431
NAA30,5.9233403,6.5663357
FAM189B,-1.7827544,-0.38584492
A2M,-2.5375664,12.434506
UFC1,0.18617055,17.820738
NIPAL3,-4.4410663,8.642385
PGAM1,-2.4875286,4.0331907
FOXK2,-4.0078945,-0.08364192
ATRX,-8.472645,-3.197271
SGSM3,4.423778,2.5795476
MID2,-1.8376505,15.703935
ASXL3,10.415861,13.939889
PARG,3.2187984,-4.035131
ZNF10,5.5891786,9.801808
KLHL21,9.354751,2.7176485
TMEM101,11.496146,-1.7520592
ZNF551,10.291636,9.864279
ZBED5,7.36988,3.0296934
SH3BP5L,7.058555,18.466099
ZBTB5,2.2763193,-6.1500483
FAM149B1,15.237402,-2.0303407
TWNK,8.971222,10.226759
SLC30A1,13.0757675,3.0776768
BEST1,0.33807844,4.965393
CALM2,-3.8954644,14.097483
HRC,-2.6966176,12.428053
NCAPD2,8.104166,15.869168
KIF9,-2.414637,6.641421
DNAJC21,8.2818,12.716027
CACNB1,-3.638513,7.6577287
ZYG11A,6.069083,-1.5560938
ZNF438,13.001842,9.080692
APOL3,13.0017605,9.080204
RASSF9,-3.9552698,12.224973
ZBED8,-3.9682744,12.262969
RFXAP,15.913799,8.932016
ZNF519,15.924976,8.944438
NUDT7,7.6910906,-5.0741386
PLCL1,7.6924233,-5.0700307
MAPK8,11.553243,7.1599636
ARID3B,11.533875,7.1812005
PROCA1,2.3276186,15.431737
TBC1D17,2.3235016,15.432174
ZNF383,-3.8555245,10.691802
TARSL2,-3.8307886,10.701169
DNAH1,2.2359376,13.084607
NPIPB3,2.2593317,13.110723
MAP2K6,-2.4066691,4.087486
ENOX1,-2.4174228,4.0868387
MBTD1,11.385318,7.383953
ICK,11.381713,7.40196
NPIPA1,4.231926,0.44357827
NPIPA5,4.1713657,0.47474486
HEATR5A,5.1097054,0.4016779
NEK1,5.103548,0.4183449
PYGO2,0.9672815,2.8473701
SLC35E2B,0.9971148,2.8274353
DDX3Y,-4.057888,1.4108433
USP9Y,-4.0479207,1.4677424
BBS4,12.919238,3.6693058
TMEM231,12.917002,3.6444325
CIRBP,5.656587,6.701323
LAS1L,5.641326,6.786478
PALB2,7.292277,-5.5496054
HMBOX1,7.260773,-5.5306935
MTRNR2L8,6.8799276,3.5123637
MTRNR2L12,6.9462843,3.3962336
PLA2G6,7.7273593,-5.4118214
MDH1B,7.769588,-5.4463353
ALCAM,10.01797,9.716883
NECTIN3,9.968583,9.666922
ALMS1,-4.6666474,-8.966998
ZNF407,-4.666818,-8.967006
SIAH2,7.9314423,-3.1114366
TIPARP,7.91604,-3.1409793
TCHP,6.340238,11.004856
LYSMD4,6.3379397,11.00527
NUDT13,11.963757,7.157861
ATP6AP1L,11.970574,7.1490116
IBA57,15.34108,10.944064
RASA4,10.118083,9.868783
RASA4B,10.117819,9.846602
ACKR1,3.1897733,6.002981
TRIM8,-1.8443806,4.2992496
DNAJB2,-1.8991107,4.2932935
MOB1B,6.898496,3.7393901
ANO8,3.8468938,5.162617
CYB561D1,10.725846,2.7712321
PRRG2,-1.7961084,-0.43475035
ZNF706,3.7735806,9.076973
ZNF577,13.572226,-3.9822624
CLEC18C,6.966479,0.20524655
FAM120AOS,-1.054519,12.307863
ACAD11,7.219748,0.5489158
PDGFRB,10.417028,10.667052
GLB1L2,7.887794,-3.2968285
FUT4,13.07336,3.0760398
WDR91,2.2542284,-6.1350408
RPSA,15.691202,11.473107
GTF2F1,12.966821,10.522165
LYRM1,3.7516942,-3.1585991
TMED8,15.311709,-2.012645
A1CF,4.258318,3.9572976
TOMM5,2.4439073,-9.464866
SEMA6D,10.497128,15.461728
CAMLG,-2.4459527,15.4903145
SNHG12,2.5828834,1.3722451
MEPCE,-3.1132677,15.672509
CPEB3,10.424718,13.988744
RCC1,10.005031,-4.596043
PRRC2A,12.937209,10.554686
SLC23A3,6.2549024,-1.0066524
MAN2B1,-0.4888277,10.842578
LRTOMT,-3.4963994,7.522682
SEPT5,-2.4822752,11.162924
LZIC,-7.081359,2.0209913
NEK3,13.736531,-5.605557
FAHD2B,0.8132786,8.184823
REV3L,6.495786,2.1324542
P2RY8,-6.5693884,-5.085977
RUNX3,0.49970096,10.523319
TNFRSF19,14.774878,12.689642
TGFBR1,4.497627,19.223352
CCDC43,-7.8435097,1.1831179
SPSB3,10.014219,1.7450469
LIMD2,12.865412,14.559609
SUPT20H,13.078388,9.008171
EXOSC10,-0.49266142,2.3477626
DOCK1,-5.6184273,-1.7419598
RTTN,3.2238421,-3.2656696
GNB4,-1.0706168,-0.010719907
YOD1,-1.63556,4.1027956
LRMP,8.566297,-7.3691854
MAP3K2,0.03655776,15.316889
FGB,12.933863,3.6822162
RAI2,6.060201,-1.5809581
ARNT,14.848991,3.5928605
CHMP4A,8.387653,14.164413
FIBIN,-2.3056262,0.30160254
CUL4A,9.252723,5.680424
ABCA5,6.898653,3.7320764
NDRG2,-0.8047124,13.663722
P4HTM,-6.790698,5.505474
AOC3,2.1927056,8.932349
LPIN3,14.737529,1.0126785
U2SURP,-0.4852799,2.3200212
RBM5,2.519391,-9.466053
LGI4,6.044786,13.203909
RNLS,3.199662,-7.3490205
P2RX6,-9.58672,8.0021515
ZKSCAN7,14.769292,-5.5014524
DEFB1,6.9519887,4.521791
HS3ST1,3.787654,14.263455
ORC4,-7.295398,2.1050403
CMBL,6.0419745,-1.0338689
HIBADH,9.924959,1.569452
CASC15,3.5847795,0.20268063
WASF2,14.850706,3.5922544
PSMD9,13.573777,-0.5728632
EXPH5,0.1192728,-4.2518806
LYG1,-0.8419185,13.706593
CNPY3,5.725452,6.1275644
CHPF,-6.7898154,5.505481
PAK6,10.30583,14.982743
CCDC178,-5.5236573,2.5000358
TIGD5,-1.5502123,-0.099740714
MYL12B,5.715842,10.637989
CCDC137,3.9339979,5.232464
CUL2,8.902517,5.949204
KIAA1328,-0.30073106,8.223241
LDHD,4.4132004,-3.0086806
FANCD2,5.692964,15.47353
SCML1,10.763309,2.744511
MYO1D,-0.5130834,9.753729
NDUFS3,17.834274,-2.5239246
SBF1,-3.8507237,-1.2044995
DDX23,-9.46286,5.9228926
NARS,-5.3365116,6.8466887
GLO1,-2.6373112,6.5074863
YPEL2,6.9955554,-5.432886
STARD10,10.004928,15.69973
KCNAB3,10.421775,4.1489754
INTS6L,7.961196,2.7318096
ARHGEF26,11.246092,-7.706665
NME3,16.774204,0.13964964
FBN3,11.755887,-2.0169904
HNRNPU,8.252236,7.696729
SDHAF3,10.6195345,1.0657729
BTBD10,5.440618,-3.51378
CAND1,8.284065,12.712004
ING4,-1.5759945,0.36770406
SLC25A5,7.5691724,2.492487
THADA,1.5515265,2.1104732
ZNF223,13.72968,-5.599423
MS4A4A,2.0354753,13.814347
BTG2,11.355439,-3.3266613
SLC15A1,14.76625,1.0324347
ADAMTS15,13.638939,-1.5098863
RALGDS,-1.6266901,-3.6984885
SPCS2,3.839445,12.199053
PLCB2,0.28131214,10.348941
TRAPPC2L,16.826147,0.112847716
GTF2IRD1,1.1013668,0.7500416
QPCTL,1.9974279,0.49270472
ASAH1,-4.678814,-8.350267
HMGN4,6.150685,10.360749
ABHD11,13.392782,-4.1608977
SPTLC3,5.121077,0.40123218
NPR3,4.592927,-2.7793138
IL13RA1,12.177905,3.9998755
ITGA8,10.970607,11.97835
SEC13,-2.2275229,3.0809758
RAB11A,1.1809347,8.065164
GNPTAB,-3.132175,0.9357539
CD200,7.6310854,8.412693
ANKRD9,9.216409,-2.8987288
DHRS13,14.845233,-3.192741
GOT1,7.5572505,2.376943
EIF4B,5.1818633,5.485112
SYNE4,-2.849798,5.3171186
RHOV,12.75942,2.8910475
ACSS1,3.471802,-6.737931
COA6,7.696449,5.990016
SEMA6C,6.316821,-0.96452016
NXT1,9.117023,-3.5495398
TRAPPC10,-0.50657636,8.14998
UBE2Q1,-0.77513736,-4.7058463
EIF3F,6.3217216,1.550787
EEF1G,5.558436,5.2297196
GTF3C3,1.2499601,2.5375175
ICMT,13.755508,6.537044
CPPED1,2.2095623,-9.367845
SAMHD1,-0.4815912,10.832031
CTSB,-4.681332,-8.489837
ELL2,5.141396,10.737072
ITGB2,0.15700074,10.3174715
APOL6,16.742884,12.056914
CCDC94,6.0740614,12.166677
PLD2,0.522212,4.878614
NUBPL,3.426176,-3.3699343
UEVLD,-7.861789,1.149919
EXT2,1.7806481,6.5348563
ZNF200,5.3698735,-3.592782
SETDB1,15.810715,6.259802
CTR9,3.8451228,16.61962
B3GALT6,4.475934,16.06804
DMTN,-3.6803033,7.6866016
NCLN,3.894382,5.192669
IRX5,11.437428,-1.1217834
ADAMTSL3,18.717756,4.69226
DLAT,-3.3281443,7.341708
KLC2,2.6519442,14.922251
TRDMT1,5.5870147,5.8009677
RNF157,4.7052026,3.4976869
WSB2,15.00049,-3.3405576
MMAA,-3.729489,10.78455
CHTF18,5.691447,15.472128
ACE2,-4.666963,-8.973125
PTH1R,7.2206182,0.5507146
CHI3L1,6.360453,3.9277365
PRRG1,11.072455,15.870968
RETSAT,5.9734125,13.261874
JAML,0.2787001,10.349375
OS9,5.8005786,13.377036
IDH3B,17.83234,-2.5207644
TRIM33,5.068811,5.45638
TOX4,5.159229,10.662036
MDM4,3.190614,-7.357104
CCNC,8.679167,11.841816
NF2,13.241423,-7.027912
FAM65C,-3.9538066,12.22631
ENTPD7,1.5732366,2.124355
BEX2,-2.3807943,6.6494193
ZBTB34,14.961721,13.629816
AGBL2,-0.22738308,12.144763
ZBTB16,2.0756423,18.979315
HNF4G,6.068477,-1.4738759
UBE2D2,5.2263536,10.646453
CTDSPL2,11.381261,9.286709
CKB,3.9671352,13.2805195
ARL3,7.6583767,5.932878
LMCD1,2.2820315,5.2664948
CRLF1,-2.7336876,9.389776
PTPN12,10.974001,12.3998
CDKL1,12.198472,3.8176014
PRPF19,0.5858727,7.386828
MACF1,3.939923,12.064329
UBE2L6,-3.4554048,2.4593642
BAZ2B,-1.0051535,2.1907048
CLN3,4.4775987,16.068417
ERBIN,0.01768347,15.326523
GRIN2A,-9.552747,8.035664
ZNF704,13.470736,-4.0801473
YWHAH,3.0274053,0.8527638
MCAM,-2.196167,11.115708
BCL7A,9.968175,2.1908214
ZNF770,8.719849,11.8306055
EFCAB11,1.9420654,0.6052629
MICU3,12.995058,9.085674
PSME2,16.740952,12.053947
NUDT14,1.1581595,15.010245
DUT,-5.2739267,-6.216762
ZNF137P,16.799591,0.19088335
STIL,0.8147357,8.172356
C4A,12.904222,2.6406798
GON4L,15.810616,6.260411
WDR45,13.469772,-4.0816827
UGGT1,5.970189,13.26653
FAM162B,10.6187,11.115707
DIRAS1,10.236102,9.840058
AUH,8.8525715,1.6206391
FAM102B,-2.4353416,12.669072
PANK2,5.3246493,7.22345
FAM175B,-7.5983315,2.3537936
GGT1,5.256183,3.1394508
TTC19,-8.23925,-3.0142713
SLC29A1,10.275478,14.952824
STK11IP,5.095015,7.170764
ZNHIT1,7.5009522,6.0907054
FRY,0.116939485,-4.249442
RBM11,-8.15046,-2.9266384
SLC38A9,4.4336925,19.163683
TPRG1L,4.712421,-1.3310858
SAMD4B,2.30256,5.222724
CAMTA2,5.9082584,7.3976398
ZNF808,-4.135362,6.303851
PEX16,-2.3129919,3.168891
YIPF6,8.192428,8.170517
IHH,-3.8584373,-1.1745324
RXRA,-4.08092,-1.1792555
SNX24,5.7011905,6.307239
RAB33B,11.412391,9.28433
MAP4K2,9.458584,3.4280376
ZNF570,14.095179,2.1360323
PITPNM2,14.904091,-3.2551043
CERCAM,9.256231,3.9753191
CISH,11.8333435,-8.219222
RAB3B,11.550007,-1.5658493
BAG1,0.35086104,13.564002
TMEM141,0.74797934,14.582921
ADAM10,3.9094567,12.140838
SNHG6,6.386906,2.0466936
NCK1,6.1216707,10.363559
SYT17,12.01155,-2.8609262
COL8A2,2.3230736,8.826773
JUND,9.125424,-3.5459068
FLOT1,14.819827,-3.1661236
PCCA,1.2484396,-3.7015936
KLHL28,-0.33945248,2.0141098
MAPK10,3.771416,14.288236
STMN3,0.51250935,4.8205256
RHOQ,5.152274,10.716572
GMPPB,-0.4057707,7.8653736
CCNL2,-3.8705857,-0.55451393
PKHD1L1,2.0723026,18.975006
SPCS1,-8.238887,-3.0140867
AP3M1,6.4593663,10.232352
DES,-2.1339176,11.103986
JOSD2,-1.8254082,0.020121315
OPTN,-4.2664657,8.5251
PART1,11.571068,-2.6860886
LAMA2,-2.9993014,9.740367
TMEM88,11.332924,-0.86151505
OCIAD2,8.410634,-7.875045
BRAP,8.836961,5.9970946
RPL10,6.3085184,1.6787653
CMAHP,6.9605684,-5.363927
SLC16A10,7.9170394,15.185262
MOB1A,5.833574,6.1749554
ATG4B,0.8288946,15.603434
KANTR,-0.14191131,7.99484
ESR1,13.041655,3.7230384
LRRC4,-3.7850833,10.749988
LILRA6,1.5928274,13.661531
ZNF37A,14.776142,-5.5034566
DDX51,7.6825128,-1.573044
ILKAP,17.418468,4.7751164
MDM1,4.940193,2.2627432
RDX,4.5478034,-3.9402108
NBEAL1,-7.527195,2.3017516
LEO1,-5.190952,7.2559166
PSKH1,-4.0526133,-3.3576174
ELN,-3.9669712,12.213542
RERGL,-2.133037,11.109033
FTX,-2.7540357,3.9959211
TM4SF18,11.196225,-0.6736444
DHTKD1,4.420861,-3.0425189
NXPE3,10.347679,10.713159
RPS27A,6.1974225,1.9937726
JMY,13.742092,-5.6127176
SLC39A6,2.2831964,-1.8561807
CARF,4.652067,1.5018818
ECD,0.48762685,7.293586
MAP3K3,0.73203593,0.077272035
WDR7,19.731216,6.90643
MSL1,12.426099,4.508723
EIF3A,10.708579,5.7775354
CD22,-1.8950738,4.317148
ERCC2,-4.389105,-1.5614942
ZMYND15,0.5073028,4.8654914
PPIP5K2,4.9185805,2.2476325
RTEL1,17.09872,4.547797
FAM174A,-8.161594,-2.9398208
GNAS,2.3042994,-1.8641386
ERGIC3,15.694005,11.476324
MPG,15.94956,8.964801
OSTF1,0.41644165,17.604208
GPAT4,-0.71697325,13.793322
UBXN1,6.3291917,1.3966631
NMB,10.161418,-4.7828116
PER1,-1.8138098,0.9620764
CEPT1,4.020938,13.35844
DOHH,-2.4655302,0.4371156
NRXN2,8.189285,4.0906157
SF3B2,-2.542252,3.8850694
ZNF610,13.975879,2.0470078
ZNRF1,1.8486542,9.856672
MAVS,16.298145,0.0890123
CCDC112,-2.4938543,4.147289
MLPH,5.5992823,4.020094
ATP6V1D,9.012905,2.012702
DHX32,10.013393,-2.6220424
GNG7,2.9762292,-6.4740486
PIH1D2,3.387557,-2.3223538
CUTA,16.790947,0.11007394
PWWP2A,14.655949,0.8841125
STK39,3.1043565,-0.18315656
PLIN5,-2.4923918,4.152864
RPL12,6.3164964,1.6910868
S1PR2,1.6244209,6.3298984
TCL6,6.3891654,-0.826918
HMGXB3,15.810509,6.315016
BRD8,16.232565,0.06919042
DOCK10,-1.8994113,4.318088
TRIM21,-3.5200813,2.4963684
MBD2,5.026842,10.7365465
FAM83B,-2.7778785,5.3830724
ABCD1,8.649797,11.563907
NPIPB4,-3.9321935,-0.5466166
ICE1,18.25665,1.1914989
PLK3,3.0434895,-0.33413857
SEC31B,-4.00536,1.6850975
VIPR1,-1.7942507,0.93380946
EPC1,-8.529695,4.702986
AGPAT3,6.4035487,-0.25480616
LRRC8C,9.672404,3.1604366
KCNA5,-2.1439884,11.11021
FAM65B,-0.98245305,-1.5384037
HIPK1,3.9142292,11.862863
TOR1B,4.422902,-1.6407502
CLCN3,3.521889,12.021806
PRSS2,11.63102,-3.6938264
ENOPH1,-0.9424179,12.339775
OSBPL5,-2.5547469,9.472127
EML1,-9.2034855,-0.061075076
KCTD15,9.567985,3.3788364
PBX3,6.0465393,13.240276
SLC35F5,7.859675,8.210894
PTGER3,11.950899,-2.9915907
EML2,2.5092652,-3.3753557
EGFL7,9.068381,-6.08429
GUCD1,12.045273,7.2562804
NDUFB4,-2.406005,8.137289
LPAR1,-2.468383,9.463786
PIDD1,10.010137,1.7504534
TMEM159,12.561428,19.140074
PCYT1A,-0.98701817,7.371296
IDH3A,-6.5003867,11.392985
TREH,9.277423,6.8821125
ZNF277,5.6231985,5.898708
MYO18A,-0.4608218,8.126233
PLEKHG5,-5.122405,7.208564
CHD1,11.100589,8.994317
ZNF12,11.10478,8.992091
ZDHHC11B,10.884419,9.932492
COLGALT2,-3.168554,-0.36081687
MTG2,10.250514,19.39877
TMEM248,13.131579,-5.150537
CLK4,14.6748495,0.91092116
TMEM199,7.4985185,6.3429766
IMPA2,4.457784,-5.6630073
FDX1,9.08069,1.7563264
OTULIN,-1.7773614,0.85190904
PEX12,3.1536984,2.918616
AFTPH,1.2665621,-3.6918712
FECH,12.177471,3.838809
GNG5,5.7114954,10.630882
ATE1,5.908279,6.558585
CCAR2,6.1062,12.140054
FAM58A,10.251807,19.402903
ELK4,10.419699,5.87506
CLDN10,7.5772934,-5.392027
ROBO2,0.93086493,2.8886445
WDR53,5.449026,-3.711563
GSPT1,8.109659,7.5325747
GNG11,10.122185,9.889679
CALM1,3.465348,-3.5663664
CCNT1,7.3401146,13.120046
TRIB3,2.9698002,0.98543173
STX10,8.135266,7.5630083
ITGA11,-8.84465,3.4425914
TMEM47,14.827443,3.6075482
KIF5C,12.622206,3.576
BCR,-2.4677408,4.1572094
SLC22A2,-4.6658163,-8.9908695
TEX2,12.629781,5.753072
SERPINB9,2.4797819,-0.95973873
ZNF543,-2.3601782,0.32980436
NR1D2,12.451547,4.1477675
TFPT,8.634336,9.675679
SLC25A20,4.447617,-1.5165666
CHCHD3,8.932528,2.0764325
RAD52,-1.5430808,-3.7684233
ANKRD49,7.3372874,3.0548105
TRNT1,11.8022175,5.507929
GRK5,2.162413,19.035616
SPTBN2,11.9547615,-2.9705904
CDC25B,14.80314,1.1749612
PMPCA,6.5046535,-11.071688
PSENEN,9.996919,-4.597467
PTMA,12.561318,19.139973
CORO2B,-2.1929338,-5.8798437
PCGF6,11.84579,5.45168
FSD2,13.748198,-5.618216
SPATS2L,8.576151,-7.3539214
CD59,1.8038672,6.56565
SLC16A7,4.585835,-7.408752
PHF10,11.336357,9.285479
GLB1,5.8155293,13.362551
EIF1AD,-9.46295,5.9229593
TAGLN,-2.457151,11.15363
MPV17L2,6.504137,-11.071506
PRDX6,-2.5045948,6.584191
DAGLA,4.6587086,7.5899887
DLG1,9.066097,1.4784209
DOK2,-0.17678046,10.136312
CYLD,-1.6199003,-3.7060921
MC1R,10.187594,4.7715964
F2R,11.083232,12.045936
BRAF,-5.449601,7.520031
CDC42BPG,16.697763,-4.5111547
FBXO3,2.4865613,-3.9549477
CACNA1C,-3.1055002,10.655724
KBTBD7,4.5588794,0.47261852
NPDC1,-2.5014033,11.157532
RASL12,-2.1365774,11.108137
CSNK2A1,6.3581004,11.013533
ATXN7,-1.6966612,-0.11432177
HELLS,20.242903,1.8149412
SLITRK4,10.796388,15.55568
SLC23A2,12.008586,7.2297015
DHRS4L2,4.282114,-2.282417
CD24,15.161604,-0.2944947
DNAJC1,5.5570016,13.509757
EMX2,2.0696824,19.15471
RBM10,4.4225802,2.5795672
FSTL3,1.4316987,6.166837
LAYN,12.288089,-6.478013
THUMPD1,-0.2543539,-6.834848
GTF3C2,7.9466577,-2.6414618
PRRC1,-7.83143,1.1920197
ARHGEF15,-9.19493,-0.06915583
SLC48A1,13.402377,-4.1519556
IQSEC2,7.2216434,0.5495683
FBXO5,-2.9162717,5.2623487
AKAP8L,16.988934,4.15139
IKZF5,7.859811,13.371646
MLST8,1.2287556,15.064923
GALK1,4.4699917,-5.6540165
SEMA4F,11.532458,7.1892004
SLC12A9,-1.5907979,6.4254246
EFHD2,17.414326,4.7712374
MRPL44,2.455369,-9.300104
CYB561,6.167938,14.244468
CHST7,2.0870314,18.989302
CNOT10,-8.529591,4.71514
B3GALNT1,4.539537,2.1203825
BIN2,0.29539177,10.387696
HECA,13.628624,-5.488541
GJA1,2.62009,-0.7830487
TACR1,-2.359934,0.32785106
PRR7,-3.5188904,2.4007955
IRF2BPL,-4.0063176,-0.067836955
PTPRG,3.526484,12.021696
MIGA1,-7.8861036,1.1116714
ZNF44,9.9840975,3.5644479
MAPK4,-2.3666084,0.3224831
ADGRA3,1.2619191,3.1210113
GRB7,4.963789,7.26187
DPH3,-6.4492865,11.32734
TTLL1,-8.524258,4.714215
PRKAA2,13.018865,14.883767
NDUFB1,0.53342646,13.752189
TMOD1,3.3067045,6.1299734
GAS2,4.5340996,2.250144
TUSC2,1.1479238,15.078566
JMJD6,9.156317,-3.3953114
FAXDC2,4.654478,1.5280279
ZNF766,-3.9745095,-0.6431445
FBXO2,5.2222366,7.4447184
STAT6,3.5325713,-3.3754964
ANKRD36,13.242763,-7.026633
TMEM167B,-2.496236,15.541591
CPT2,-3.9585974,3.9537613
MSH5,-4.083805,1.6499038
CRK,-1.8407346,15.674922
PTPN2,10.790029,8.4496565
CCDC12,17.575413,6.4300766
SYNM,-2.145524,11.109162
UBA2,8.083117,7.5906353
KIRREL,-2.188975,-5.8749857
PIGT,5.6051803,13.489994
PITPNB,4.281737,0.42325076
TMEM68,8.502886,-2.195602
INAFM2,10.954267,12.228066
ZNF839,-3.9726934,-0.9132674
RCCD1,-3.627023,7.6900654
POM121L9P,-2.479084,9.482521
DNMT3A,6.322733,11.001885
PEX14,10.185307,-4.826049
CCDC150,6.3923774,-0.8314161
PPOX,-1.5575023,0.39370042
HBA2,-10.172135,0.14272615
RUFY2,13.042107,9.04152
LDAH,1.4834365,5.539777
TTC23,10.063231,9.741653
SAAL1,-4.163818,6.283527
S100A8,1.5829477,13.647464
NBL1,1.2342607,6.0014424
S100A6,7.283485,0.6795683
CCDC57,7.2739806,-3.3372438
KIAA1614,9.304997,5.628502
PIGM,4.10211,15.975166
THRA,-1.1793753,0.5016247
CGREF1,6.702205,-5.18351
FAM200A,13.971243,2.0547621
PROX1,4.656593,-7.3329444
DYNC2LI1,8.491613,-2.2047684
SLC25A37,10.853328,8.390581
ZNF581,15.897308,8.917236
HECTD4,18.256876,1.1918328
NOL8,-2.9296267,5.2503047
TRAPPC13,6.1043406,10.5055485
SCYL3,16.599773,10.226586
EIF3K,0.86873657,14.224751
ARHGEF38,2.8457696,15.020613
ACTR1B,17.00093,4.059147
ANKRD54,-4.6242924,-1.3857739
CARD10,12.185934,7.3153877
SDK2,7.5814657,-5.3841133
EOGT,15.323746,10.9119
THOC7,-2.388352,8.152681
GAS5,6.4319925,2.0723426
RHOJ,12.291776,-6.479615
SLC13A1,-1.4378126,4.712972
CKS2,8.570859,-7.361912
PCMTD2,12.999074,10.517484
PDHB,7.9363856,2.720056
SLC11A2,3.6455956,1.8802334
ATG101,11.107523,5.6666317
TCF4,-6.562667,-5.0898
PPP1R7,17.24479,0.19029158
RBPMS,11.181302,7.5677657
HELZ,-0.7466846,2.9945872
LRRC8D,0.73629487,0.105480574
EFCAB12,-1.5114694,-3.7837803
SLC22A4,-4.6827087,-8.52766
TLE3,4.7626452,2.113552
TFB2M,1.2514046,-3.6914058
CDH9,7.695496,-5.2597146
ATIC,1.6910121,-9.165873
SGPL1,13.488054,10.600531
SLC41A2,2.9912899,14.826985
FBXO18,-0.5041929,8.14369
ITGA1,-2.904035,9.894939
SIRT7,7.09001,18.497278
HPGD,3.3768687,-3.4054556
RFC3,-4.1644406,6.2836413
EPN2,2.073892,-9.046958
TCEAL2,0.8474744,3.3300266
HINFP,2.895307,14.811604
NAA15,0.514015,8.220304
AMT,12.0426035,3.7394698
RBM48,9.214167,4.7175107
ZNF608,11.933422,-7.769433
ARSA,4.339332,13.96748
LSM6,-0.8310225,12.1676855
SLC5A3,2.5961175,-6.327204
PMPCB,3.9633498,3.688674
S1PR3,-2.7524111,9.295677
CARD11,12.977004,14.820611
TMEM173,0.7600197,10.788684
LYSMD1,-0.2523667,-6.834414
LYPLA1,10.636081,1.04457
ASAH2B,-1.2967619,4.840142
OXLD1,-1.2818657,0.105962776
OGFOD2,13.73887,-5.6090198
AP1G1,14.950082,4.83359
TOM1,10.195654,-4.8165855
GPRIN3,11.406366,-1.6566367
GSTM3,4.5349593,-7.4361196
TAF12,-1.0773993,12.297531
SMPDL3A,4.2441,-2.7956755
RPL37,6.3803773,2.0189707
HDGF,2.2016852,-9.363569
NGFR,-3.5853586,9.372452
PPP4R1,19.090733,6.320024
LY6G5B,-7.273087,2.1004286
PYCARD,-0.27121145,10.007727
DYNC1LI2,10.702591,5.776579
DNAJC16,4.2898626,-2.269117
TRIM11,3.526787,14.71812
ST6GALNAC3,0.878598,3.2660122
SERTAD4,2.9012556,-9.87248
ENO1,-2.469278,4.0593414
SMARCC1,6.449007,10.246152
TACC3,1.7540231,0.43245822
TSSK3,-1.0206615,12.360927
SERINC5,-3.5627089,-0.51766074
ZNF780A,9.134932,-3.3919942
ZNF321P,4.2614546,-5.827574
CRYZL1,9.240593,17.459171
NME5,15.456584,11.075726
RABL3,-7.650951,1.4304743
ADCY7,-0.9821243,-1.5391711
LNX1,10.426672,15.143028
TMEM17,4.5363398,2.119431
INHBB,2.6297657,-0.77124476
SS18L1,12.465303,6.709553
FAM220A,-5.722195,5.5810776
BEX4,-2.3783252,6.6542096
HDAC1,7.6016426,-5.352661
ILVBL,7.13768,9.380431
VAV2,16.157696,6.587936
MAMLD1,-2.7692711,9.269968
TERF2IP,11.364477,9.282859
UBE4A,4.256134,12.764081
TTC39B,6.3312373,11.0075865
VPS13C,2.9948246,-9.961943
MEF2A,-1.0375353,2.171289
CDH2,7.8909802,-3.28874
ZNF267,10.833773,8.409857
KIF3B,7.9831357,2.7482061
MTG1,3.8236282,-8.251251
SEC23IP,11.400124,5.61567
FAM86EP,13.575434,-0.56266004
ALG9,11.792718,5.51832
ZNF639,15.6691475,11.470748
GFPT2,12.027518,3.8085177
SLC7A5,0.8153285,0.439543
PIM2,13.11717,15.288156
NEU1,5.567686,13.506988
EZR,3.5893922,0.20117503
UMOD,4.651703,-7.3243127
LCN10,11.939907,7.177015
CHAC1,2.4113123,-6.235003
SLC31A1,5.6645966,14.55335
DOLK,4.0937757,15.978039
CGNL1,12.836052,14.52825
ULK1,-1.3074309,4.832651
RIT1,7.8981533,12.9300995
ZNF540,-5.3899655,7.4553246
PSD,9.859711,4.154063
ALAS1,-6.4964094,11.389919
GCH1,13.693054,6.492853
METTL8,-1.2984159,4.8347116
TTC13,8.399922,-7.613212
EVA1A,7.501813,3.2249875
SSUH2,-2.2059793,-5.8207927
KRT10,-5.72646,5.5768347
KCTD9,-1.5933901,6.430091
ATF4,5.1730356,10.659772
NELFE,5.1348224,10.672743
KPNA1,10.029411,-2.6514091
BBOF1,13.574666,-3.9795818
EIF3G,6.324327,1.4321749
STIM2,12.62392,3.5722969
PTGFRN,1.7799538,6.54311
CPA1,11.634065,-3.6164272
RDH12,6.39116,-0.83294404
FRMD4B,2.2685108,-6.1451917
ABCB1,12.473295,4.550537
MMGT1,7.8322115,8.21063
ATN1,0.7393862,0.1270855
DENND4B,-4.033108,-0.09018331
PCM1,14.783071,3.6425948
FAM227B,13.528221,-4.0224175
EMC1,5.822049,13.380811
MPST,-3.9584403,3.953504
TBXAS1,-6.9500914,4.7704816
HACD2,6.9020953,-4.989508
APP,3.9200873,12.117134
SYPL2,7.133684,9.382557
PSMA4,1.7585076,-9.172992
WDR4,9.037679,10.240045
FDXACB1,16.596502,10.22748
KLF7,10.975383,12.353457
MS4A7,2.073512,13.616639
GNA11,2.2638197,14.939631
ULK3,-3.9859462,-1.8122048
ZNF615,-0.997039,2.1881554
IRS2,13.738525,-5.609643
INTU,1.8859293,14.315812
POLRMT,-1.0913404,-0.0060387915
CKM,4.7053256,7.5443616
DNAJC11,13.636103,-1.5074974
SEC14L1,2.747115,-0.19593294
MANF,5.8428836,14.039764
EEA1,6.740278,18.240152
TIMM10,17.273378,0.16995186
PFKFB3,0.78174263,-0.15731128
FLVCR2,10.851399,0.87352556
SNX3,-6.4099736,11.289856
INTS3,-1.5043244,-3.7983322
PHKG2,-4.1959176,-3.6044078
DAD1,-0.9154715,6.0473495
FRMD4A,6.960124,-5.3730597
TBCEL,9.945072,4.642427
LARS2,-3.6868806,7.691886
MFSD14B,-2.8759987,6.35959
FANCI,5.6922293,15.477363
LSM1,13.240358,12.108684
ABCA10,18.715458,4.689098
CLK1,14.678776,0.9148441
KARS,3.8398757,9.141522
ITGB7,11.153965,7.600887
TMPRSS3,11.182438,16.032043
JPH2,-2.216653,11.116925
POFUT2,8.010731,-2.3252559
CEL,11.635574,-3.5854526
LAMB3,10.028137,-2.683035
GSTA4,3.785589,14.263252
MARS,3.5147672,14.679326
CNPY4,9.540904,3.3582003
DCAF6,-1.1026956,12.271862
SLC25A3,7.608634,2.4735937
RASAL3,12.737907,14.563935
FOLH1B,4.569498,-2.7876747
PBX4,5.5850744,2.8875
AEN,3.1248302,0.9017054
TMEM55A,-5.7242417,5.5786967
ADGRG6,2.7191947,-6.4119334
PEF1,10.184166,-4.813489
UBTF,10.738625,9.107244
HERC4,-2.4484155,14.918671
CITED4,2.5949185,1.3736176
SLC30A5,-8.241149,-3.0195827
ADAMTS12,-4.041305,11.812908
DDX42,-1.4664464,-3.832457
RMND5B,-2.8416417,5.3212185
SLC7A2,-3.3704011,9.555702
HYDIN,11.420555,-1.6663389
ZSCAN2,6.0740323,-1.4908427
DCHS1,3.9605274,6.5223136
FIGNL2,-4.0710187,-3.1875732
MT1H,8.293291,17.379286
QRICH1,-1.5072296,-3.7971644
ACVR2B,-3.1156194,4.0527506
TMEM134,0.9543538,14.287805
CCDC74A,5.5635433,2.9181056
NRSN2,3.7503536,14.28306
NUCB1,14.788989,1.0411493
VAC14,1.2324008,15.045593
MMACHC,-4.533444,-1.4302723
PRDM15,17.097498,4.5532026
NAA20,1.9792387,-9.59561
SLC22A12,7.6908684,-5.1838794
TRAF5,-3.6439621,7.6584506
STK32C,4.604932,-4.144319
PAK3,-4.3836813,17.965008
TGFB3,-5.85546,0.41737443
COMMD8,1.4194025,-3.6069765
MRPL28,1.231735,15.041368
ELF2,1.1576273,15.077271
RFC4,5.7358913,15.458752
IRF3,4.4031415,2.60622
HMBS,1.2573891,15.069822
RPL14,6.1886373,2.1978528
SLC17A5,-4.69628,-8.421221
TAF4,-4.2732196,-2.8673859
CNN2,1.0008978,6.1877856
ZNF793,3.0865731,-6.5303884
MDC1,7.767381,-1.9839385
MYL12A,1.1522937,8.04455
SDF2L1,5.841369,14.034333
FAM207A,8.485913,14.05217
BLOC1S1,4.3922977,-5.721737
NTM,9.099603,4.0155845
DECR2,6.6673403,-6.159156
ASB8,3.464272,-2.4742258
SAP30L,2.0794952,0.40024945
SMLR1,6.388485,-0.83028436
ATP6V1C2,11.77986,-2.0276282
SCNN1D,-4.080619,1.6441567
EPS8L1,11.020101,15.803134
SURF6,-1.0005032,7.358935
PRR5L,2.8952801,-9.87107
KLHL26,11.519485,7.183773
SHTN1,6.428716,10.199031
PDSS1,8.367103,-7.691337
AGXT,5.1925673,-3.6287346
TSPYL5,2.8421776,-6.447366
PDCD7,0.78306055,-0.42080805
TAF2,15.077331,4.7034106
YPEL3,6.223357,10.593774
IFT140,-1.515162,-3.7840235
ADCY6,2.088217,-9.076142
MYZAP,5.233937,2.8622994
PPP1R3F,-1.7579389,0.8375482
UCKL1,16.988459,4.2261753
TOR3A,4.038296,15.960693
IQCE,3.817609,-8.243876
ZNF260,13.98716,2.0587275
ABT1,6.104882,12.142429
RPL30,6.3115907,2.0148113
TCEAL9,8.118477,13.476485
VIM,3.2726727,6.0953155
NPTXR,9.611078,13.281986
CBX4,4.3241243,4.265352
APOBEC3G,15.756542,11.544024
RALA,9.606008,17.479975
BRK1,3.8240569,9.125148
MYH10,-3.953071,12.229682
RENBP,4.201416,-5.898524
KLHL24,13.740267,-5.6132255
AFAP1L2,4.8688498,-7.632864
ETAA1,2.1943228,13.00242
MYO1C,0.97379977,6.2039514
RRM1,1.1511759,2.4237332
SPTLC2,3.836893,16.62024
CCT6B,7.496376,5.737268
SCARF1,-6.7005415,-4.956045
NAT1,1.6553831,0.37030432
LMBR1L,3.1912756,2.842928
GLIPR1,1.1247771,6.10317
ZNF135,13.601709,-3.954237
TWISTNB,4.5790524,19.29755
RPUSD1,1.2463493,15.063968
RPF2,0.51241547,8.2198515
PAF1,11.135951,5.66582
TMEM106B,-7.889953,1.107244
FGA,12.938882,3.6878014
SORT1,14.863551,3.5752494
COA1,3.5582185,-2.739337
RTN2,9.598538,13.270249
PYGL,3.324881,6.1427155
AKR7A3,4.986308,-2.6545897
IMPDH2,12.561388,19.14006
AMPH,11.799836,-7.9483814
FAM26E,-3.628714,-0.5804489
SET,8.982417,5.9132223
G6PD,13.369614,10.465401
LACE1,-3.3615143,7.3974395
ZNF292,10.480617,8.264041
PTPN3,12.9592285,0.8399278
ACVRL1,0.61048365,-1.2005273
TAB3,7.9169035,12.951582
MSANTD3,4.26462,0.42098877
PABPN1,1.2045118,2.5608447
OCIAD1,-8.242531,-3.0173156
WDFY1,8.181325,8.162233
SF3A3,13.420636,10.5400095
ZFYVE27,3.256066,2.7000484
TRAK2,-1.7835858,15.755356
RGMA,-2.6136649,12.28763
DEPDC1B,6.959645,4.5360565
ZNF691,-1.6701953,0.6455142
RACK1,6.2107716,2.2097945
CIT,15.161327,-0.2946119
COX10,-2.4364634,0.41433716
ARHGEF16,16.998209,4.073198
LYL1,9.652909,3.3012426
HAUS2,9.261301,5.66663
SLC34A1,7.751965,-4.719176
EXTL3,4.1736565,3.7491834
TTLL6,4.3233027,4.265448
LAMTOR1,1.1680628,15.058177
UBIAD1,7.6425614,-1.496635
DNAJC5,14.999069,-3.3387356
MT1A,8.300712,17.37323
DARS,7.8783803,12.970041
HS3ST3B1,0.8700966,3.2883246
UGT1A6,5.256426,2.7246392
ARRDC4,0.48691532,2.8208284
TRAF6,-1.3350054,0.5684598
RINT1,11.81776,5.500549
RPL7,5.5788445,5.1807337
DAP,16.826008,0.10632768
WNT5A,12.410303,14.576029
CIR1,-2.43611,15.481175
TRPC4,3.3166769,6.136454
NARF,19.73132,6.906492
NAA25,11.563527,5.6329746
TMEM170B,-4.005877,1.6349373
ACAD8,6.7058687,-6.092612
MRPL18,-6.643798,9.268064
LMAN2L,5.076864,5.457378
WARS,-3.51503,2.5096843
FGFR1,4.6382637,0.40992817
RNF7,3.817304,9.120353
MVB12B,6.3849473,11.0761
FNDC5,2.7558224,-3.2880015
KPNA2,9.037016,10.238012
LRRC29,13.681868,-5.5481014
NAT8,7.8193836,-3.7840784
NFE2L2,6.9692726,3.4061842
MARCH3,3.2779114,6.0939436
HIST1H2BG,17.675806,9.470452
BTN3A2,-4.0604854,1.4149909
OGFR,4.3903403,2.146635
RPS27L,2.8648195,-7.913614
TCEAL3,3.3384957,6.160982
GPR27,-2.3604467,0.32560396
DPH5,7.7825065,5.9766784
CSGALNACT2,3.3039634,6.10897
PIAS2,5.069048,5.4557533
FARS2,15.410219,11.024729
ILDR1,6.9050546,-4.974994
RAD51C,10.069457,9.780083
MSN,0.101550706,8.036157
CRYM,4.316701,4.1265984
SMARCA4,7.63756,-1.4900777
GLE1,15.257239,10.835324
SEPSECS,11.325365,7.385241
LARGE2,-4.16983,-2.859107
NDUFA3,0.5201165,13.738558
CD53,0.44085684,4.9583087
FIGN,6.6442475,-9.139206
PCSK4,-3.8856246,-2.8409798
SLC25A25,18.598501,8.06724
CASQ2,-2.131421,11.106548
HIKESHI,10.167532,9.912934
ARL4C,0.8639266,4.7589464
SLC8A1,6.9565725,4.4466014
SKIV2L,16.563951,5.395936
SP140L,3.1983345,6.0090404
CHST1,6.253621,19.752384
RHOBTB3,10.31832,14.993429
FBXW11,-1.8371598,15.673774
SPPL2B,10.00645,1.748494
ICAM1,3.2862797,2.286322
PLEKHG2,1.4054686,5.8471327
CENPQ,10.074229,9.7872925
FAM104A,9.357609,5.6430106
EXOSC7,6.966389,3.4106557
SKIDA1,4.29987,0.5756109
BROX,-1.8253355,15.681748
AIF1L,3.3244276,-6.6706204
SPARCL1,-3.3613849,9.56269
CYYR1,11.194747,-0.6743715
RAP2A,15.300749,-2.0069404
SNUPN,8.4021845,14.200375
CNTFR,-2.6841192,12.413351
SYT11,1.0405314,6.1705146
SEMA7A,-3.150658,-0.37334487
DHX33,4.514827,19.237946
CDHR3,9.204675,6.817327
VWA5A,-3.676457,2.1135516
MSRB2,3.7639375,-6.506687
TNK1,4.47832,16.071243
TMEM181,1.769464,6.5299273
ISLR,-3.0959606,10.912075
KCTD10,1.5806085,6.250834
HNRNPLL,7.02348,18.432898
CNKSR3,-0.84576315,13.709388
CCNYL1,7.4922204,3.2091482
DENND5B,3.9850159,3.6986594
RPS3A,5.564122,5.202973
MALSU1,-2.4218714,6.658381
EPB41,4.511552,10.802805
REG3G,12.980547,3.084007
MED18,4.5716286,16.113039
UXT,3.7872267,9.087461
PSMD13,0.6485406,7.4764786
BTD,-4.640666,-8.291137
CDHR2,7.689696,-5.1752324
PCNX4,4.4076505,2.13194
CSPG4,1.2773684,6.0230494
PTPN13,-5.5629835,2.474444
TMEM135,5.87655,6.54347
IGHG3,13.1561,15.403795
SEPHS2,4.4274306,-1.6003215
URB2,9.028162,10.234656
ENAH,11.510375,7.145048
VILL,-4.0618577,1.4253083
DDX50,8.829433,6.0217295
CHST10,-2.7781184,15.6665325
NDUFAF2,8.38671,14.187155
BAIAP2L2,7.690039,-5.4072657
KLHL7,8.389354,-7.992597
NMT1,7.8623257,-2.1418867
TMEM205,4.5096555,14.387926
DMRT2,11.504876,-1.7522666
NAA60,6.8719053,-5.9844465
GSTM4,-4.3263626,-1.3415544
XYLT2,4.562203,-4.162215
ACACB,2.970341,-6.475152
MORN4,5.0131693,2.3482437
RUSC1,3.904429,5.2021027
ZNF579,14.68894,0.9474806
BORCS7,10.141417,1.4207432
SESN2,6.6639714,-6.1695375
SESTD1,10.445689,5.867486
SHANK3,11.371839,-0.86635035
CD6,13.375407,14.119347
FRMD7,10.2775,9.863222
MALT1,-0.69440246,13.788071
LETM1,-2.467958,0.42945868
PTN,-2.6897812,12.417491
LRRC37A17P,2.543177,1.3510485
ME1,4.3805003,10.819924
AFG3L2,7.56296,2.3698921
ZZZ3,-7.7305284,1.3122352
HSPA5,5.827164,14.0263605
SNAPC4,16.974623,4.354952
NOD1,3.342914,6.158357
CAPN7,7.069332,18.464512
ZNF285,13.574259,-3.9815176
TNFRSF6B,13.474081,-4.0737023
COL3A1,-4.063219,11.848249
GALNT7,12.941665,2.688335
FZD7,11.345394,-1.7523553
FAM109B,-4.7163024,11.629026
WIPI1,5.717534,10.05611
NBPF11,-0.013801148,-5.73052
ANGPTL4,0.87405777,8.362938
FAM117B,14.69159,0.94449466
EVPL,-4.2039,-3.5954995
CARNMT1,2.693981,-3.7918005
GYS1,15.007999,-3.3477154
ZNF217,12.379767,3.697626
MR1,11.349099,-1.7470014
RER1,4.0042768,13.325947
SOD3,-3.5132194,2.4040987
NDRG1,7.552817,8.479781
ATP6V0C,4.505618,14.380947
ADRA2B,10.570493,2.938369
ZNF664,-7.605767,1.4708776
AP4S1,4.3723893,2.1269155
GOLIM4,0.8746052,3.3000772
YIPF4,2.4778657,-3.955036
BLOC1S5,13.763639,1.9445226
EXOC8,3.4141896,1.3987386
DCTN3,16.820927,0.11388254
CCM2,3.5346973,14.716441
ARV1,19.731466,6.9063897
H2AFV,15.345621,-1.993617
HNRNPA1,3.7573733,9.055729
KLHDC10,3.4865396,-3.5914755
KCNJ15,-1.3505388,4.792683
CLNS1A,6.1922946,2.017063
ZNF784,7.940207,-2.6456587
ENSA,-0.012412213,-5.730595
PPP2R3A,15.783716,11.589955
POLR1A,16.17055,6.567284
MTRR,-6.3584642,11.23542
FAM131C,-1.8733505,1.2357903
ACAD9,13.575936,-0.5588936
TSSC1,15.459033,11.085981
P2RY2,0.77949375,-0.36903796
ARMC8,11.847176,5.452534
UROS,1.1383485,15.073366
PPARD,11.44845,5.7734623
CALCA,2.6080759,-6.3287196
TAF10,1.844978,9.861097
BPTF,6.2519307,19.75131
FAM221A,-2.3706114,0.37658337
MED4,9.240148,17.458412
CALR,5.6436486,13.929793
INAFM1,1.8114431,4.730392
SDCCAG3,2.302756,15.513023
CAT,2.8795407,-7.8817887
POLA2,-3.4431999,-0.7743692
PCYOX1,-4.6474857,-8.301703
DEF8,-1.087678,-0.0019842593
KLF3,-0.40673518,2.1269982
KCNMB3,5.5533733,2.9054456
DNAAF5,1.2243452,3.1038263
BRICD5,0.4564726,7.272619
BIN3,10.430745,5.816732
TXNDC9,1.7414608,-9.162694
INO80E,-3.5994442,7.664552
KATNB1,8.634569,9.673768
HAX1,-0.775656,-4.708445
HOXC8,-1.1149621,0.48689052
INPP4B,10.975648,12.140221
B3GALNT2,10.720606,5.7746606
SLC27A5,1.1916432,14.948919
AP4B1,5.445484,-3.6992092
MYO6,2.7744393,-0.578831
RPL28,15.9275,8.945821
TNRC18,9.236174,3.5066729
NAT9,2.340484,15.461256
TSEN15,5.584899,5.7895284
PLXNC1,17.010195,4.0432014
DCUN1D5,5.182262,10.656318
CRTC2,16.98717,4.5023303
DNHD1,8.048691,-2.3700216
GGT5,-3.7261307,11.773818
PTPRN2,10.136396,9.907702
ZDHHC23,8.107314,4.164601
CCDC160,10.819092,15.559098
EPM2A,3.5708172,-3.3591974
TMEM69,11.509628,-9.758993
CCDC151,10.610802,2.8922677
RAB9A,5.105293,10.711308
MYCT1,3.8472104,6.6877003
HDAC8,2.8997674,-7.8525667
DSN1,3.1333244,-0.37762898
TMEM57,4.018526,13.368015
C8G,-1.048255,13.955158
KCNE4,-4.728122,11.585048
GSR,7.7295623,2.65647
FRG1,0.7955831,7.524408
MRPL40,15.309004,10.900751
SMPD4,5.448711,7.256212
TSTD1,7.505341,5.8385777
HAUS6,1.1907191,2.5569036
TMEM126B,5.546765,5.7576213
FAM199X,-6.358039,11.2349
GATA3,11.345522,-3.357169
PFKFB4,10.459349,8.256042
CYP21A2,-0.7445859,13.785899
ZNF678,10.191351,-4.8145146
ALG12,3.8288543,5.1365256
DGKQ,4.391818,2.5390494
CNKSR1,-2.8044553,5.3562374
NT5DC1,4.4134474,3.615486
CLN8,9.214866,-2.9000366
CWC25,-8.517752,4.703849
SLC25A44,6.661687,-6.1721845
RABL2B,5.1296997,0.39056093
SPIN2B,10.032936,9.727436
SPNS1,4.609865,-4.127807
SEZ6L2,11.287207,-7.719918
LSM2,6.553764,2.1780055
RHBDD3,-7.525942,2.3026872
CYP4X1,-4.379474,17.960983
SLC35F6,3.58891,0.20754334
TNFRSF10D,3.2660208,2.6727097
CXCR4,13.4706745,14.030573
TPR,19.091145,6.320476
SMIM8,1.9385283,0.7003475
CDC73,9.74556,17.335793
FBXO48,11.423913,5.756351
DCPS,5.213654,7.4489617
XPO5,13.366537,10.464314
AOAH,0.07703493,10.6853895
SPEN,13.531731,1.7221447
CPA3,0.51242965,10.529187
PLRG1,0.8001251,7.979073
C1QTNF3,14.107091,-7.2783546
STRADA,-2.6424687,15.6039
RBM47,1.3467968,-3.7633648
CHST9,9.099903,4.0045943
MIA2,5.2594485,3.1273983
YWHAB,1.177406,8.067979
UQCC2,-3.362598,7.333286
FGFR3,3.1132202,-0.15536135
PAQR3,8.218062,8.168038
MMAB,-3.4721773,7.487349
MCEE,3.687089,-3.1520555
DBNDD2,1.3219447,6.0013294
DPH7,16.968452,4.3366
NFATC2,10.343155,10.717155
B4GALT7,2.3063622,15.505893
TANC1,11.473704,7.136798
SELENOW,-6.7900295,5.5065856
MSC,-5.7856793,0.48113883
GEM,15.874823,7.6548653
CNOT6,-7.282609,2.586624
TTC39C,-0.49856892,10.849771
ZNF500,6.325105,3.9393518
KCTD18,3.145767,-0.52637583
OAT,1.2483017,-3.6979377
ZSWIM1,16.274715,0.08850226
FBLN7,-3.6369462,10.706563
BUD31,-3.8555636,14.071969
BCL2L12,15.994179,9.010862
POLD2,17.259665,0.21271764
KIAA0355,11.379928,-0.86386746
GSTK1,4.446556,-5.6745176
SPATA25,16.266273,0.08627295
NSL1,1.9340194,0.69535536
GPX3,7.8974695,-4.254098
FNTA,9.604268,17.4819
ZMAT2,8.356481,13.912645
LZTS2,4.536276,0.4551996
GAS7,9.604368,13.277473
KDELR1,-4.691928,-8.261855
URI1,-7.2811103,2.8573508
BAX,13.428734,-4.1264944
COLCA2,-3.887446,-2.838062
TMCC3,0.92068994,2.9877255
SMAD5,6.7294593,18.222136
ZNF780B,1.3646042,9.108076
RNF138,7.4556365,12.958848
AAED1,3.0441415,0.8260797
RIPK2,10.452167,5.8490067
CPSF2,15.9815,-5.2039638
SNX5,1.3618025,-3.667259
GPC4,0.47651932,4.8880076
LIMK2,3.8209267,1.8523892
TMEM232,15.445757,11.065003
ZNF638,-5.4313054,7.4891787
RAB8A,-0.14606658,7.9809957
ZMIZ2,16.991476,4.1458654
KTN1,3.933294,12.055622
TOP2A,-1.9798205,-5.61206
ZNF853,-4.431211,8.628176
ADAT2,-0.52616054,2.3204691
SOS1,-3.0742297,4.049764
IFIT5,16.29043,11.758606
ZNF786,-3.1220837,15.655293
VWA5B1,11.741207,-2.0013428
GALNT11,7.091613,0.35460386
VSIG10,9.259131,3.4623535
PRICKLE3,2.6590636,14.913929
ZFC3H1,10.444935,5.8761806
PIGU,6.16841,14.242233
SPTBN4,14.1066885,-7.2776737
NAB2,8.61197,-2.07733
HSPA1A,-6.6393495,9.2937
SAMD15,-1.5045543,-3.8000925
CEMIP,-0.49177596,10.847572
MKRN1,-2.4204035,15.477171
PYGB,1.7961743,5.428753
HOXC9,-1.1321324,0.5078924
KLHL14,10.373703,13.892341
RAP1A,-2.4449897,14.921125
TAPBP,2.3514886,12.931298
EDRF1,0.6066911,13.9056425
RCAN2,-5.5193534,2.50513
SEC22B,8.11738,13.391244
UNC119,3.844958,16.621819
H3F3B,1.0901624,8.04568
FXN,1.9457049,-9.684929
ANAPC13,13.199678,12.059106
ZNHIT6,4.6095133,19.329659
CDKN2D,12.309727,4.424393
STK16,2.0338197,9.779716
PTGES3,-6.40667,11.284632
RNF26,4.4619164,16.077074
GSTA2,5.164025,-2.6230352
ZNF423,10.593808,11.056456
ACO2,1.2534014,-3.6998088
PACRG,11.803428,-2.3182144
METTL14,-1.8261973,15.680793
RAD23A,-2.4253323,6.6506433
AIF1,0.9256782,2.9760458
FAM78B,3.2820451,2.2921622
SHROOM1,-1.8940082,1.2533386
TIMM9,-0.5028534,12.279189
PRF1,13.388047,14.107378
AGMO,3.7433035,20.818293
AKIRIN1,9.21665,-2.9067812
GMEB2,-9.462849,5.922992
YIPF5,13.4851465,-5.3676105
UBE2Q2,6.1113663,10.377823
NT5C,6.07446,12.170563
HCN2,10.198247,9.798776
KRBA1,5.6116447,7.4421983
ZNF354A,0.35302308,-1.3311384
ANGPTL1,-2.6102073,12.289541
INO80B,16.81014,0.21189466
NAB1,10.884391,11.728585
FMC1,7.4654074,5.8389473
MAFB,0.9449216,3.0047417
LHX6,-9.18654,-0.07425777
RNF170,4.550646,0.47391513
KL,5.192137,-2.6515012
HNRNPC,-6.4153543,11.294274
UBAP1L,12.224506,6.5755935
ANKRD24,-2.2291868,-5.877538
CD14,2.0425057,13.816684
NACC1,-0.40471438,8.065974
ARHGEF40,3.3432252,-12.094442
MARCH7,7.613014,8.42899
ASPA,6.3667865,-0.84879255
TCIRG1,0.7843897,10.814771
CHCHD10,0.5270833,13.744732
NT5C3B,0.35149392,13.565823
ZDHHC9,6.2239985,19.724762
C1QTNF1,3.6780794,-3.1496363
COPS7A,15.381202,10.9975195
PNMAL1,10.412422,13.937096
GALNT10,7.1904035,3.1400309
RNH1,-2.1947026,3.1262355
AP1S3,0.8070976,0.43746534
TBL1XR1,-1.8303896,15.6781435
CAPZB,1.1000471,8.046942
ZKSCAN2,-7.5934906,2.350725
SNW1,0.83462834,7.955846
ZNF226,-0.7075966,3.0241103
GFOD2,1.1939542,0.9131668
KCTD1,6.908901,-4.986374
SCAF4,3.215842,2.7930217
CASC2,1.8808457,0.582318
ATR,10.026395,-2.6480837
ATXN3,5.5887995,9.806956
STX4,-1.8544073,0.9892946
SLC22A13,5.17487,-2.6329958
SLC6A20,12.9085,3.63855
SCD5,12.970544,3.157929
EFNA4,4.560831,-4.16025
TRIM23,15.288116,-2.0344617
MLLT3,-0.24515446,8.291558
NT5C2,10.325699,5.77315
HES2,4.1749663,-1.3669167
MARVELD2,10.410701,13.929676
VNN2,1.5892192,13.646875
KBTBD4,1.1528673,2.4281862
GPD1,6.7715993,-0.026121734
PPP1R16B,6.8449936,-0.43609023
PATJ,-4.4401655,8.642141
PIK3R2,-1.54219,-0.0802927
HIST1H4H,17.675962,9.470454
CYP46A1,-3.939683,-1.0161988
TBC1D2B,-2.942394,10.157449
WDR19,12.30785,4.42941
POU2F1,0.6917617,14.615666
PPT2,5.8924656,8.019033
FKTN,15.202248,4.582394
ARF3,5.619388,9.854291
SYTL3,3.449908,1.5238564
SAA2,16.77188,8.161908
PTPDC1,8.102017,4.1643753
TOR4A,3.1855867,-7.3660254
BAHD1,2.3367832,15.103775
ARNT2,6.733451,-5.1713343
TMEM25,-4.018034,-1.8398817
DDX60,16.413479,11.842328
DGAT1,5.887315,8.026544
BCAR3,0.7817717,-0.4118243
CBLL1,15.078676,4.704456
AVIL,16.225786,0.068458825
RIN1,-5.735128,0.5201232
PALD1,-6.6717486,-4.9853044
KIAA1191,2.8186185,-7.954304
BABAM1,-4.072967,6.338445
GPANK1,2.1186082,9.751395
ELOVL7,-0.93582195,6.0674844
BECN1,-1.07598,-9.144946
NLGN1,13.063056,3.1323888
SLC9A4,10.531844,9.713858
NPIPB14P,10.190606,4.7805934
ACBD6,1.6318686,0.34706303
UBE2E2,5.689634,6.081951
FAM83F,10.89626,9.934051
SCRN2,3.8848078,-6.303626
GTDC1,2.5794218,15.048149
GGT2,-1.1564232,14.080334
DENND6A,-0.33179823,2.0107782
PYGM,-2.4637887,11.165049
ATAD3B,-4.5295057,3.2530735
TM7SF2,-4.4071813,-1.5677862
EIF1AY,1.9594091,-9.5920725
ZWILCH,14.76277,0.99905366
TGFA,13.212198,10.105875
ZNF362,3.2772248,2.6317832
MRPL32,0.46794304,8.234636
CIC,8.027015,-2.3504474
ZNF304,0.03398469,5.1122313
WDFY3,11.386713,7.371788
NAT10,13.34511,10.459932
TOP2B,2.286539,-1.8562642
MCFD2,9.353758,5.666619
VEZF1,4.6996593,0.2316374
TCF25,12.927952,10.539877
MFSD10,5.8630557,7.4233494
NTRK1,11.84571,-2.0406346
SMC2,5.7320156,15.462717
MRPL41,1.8514279,9.82967
CDAN1,10.0056715,1.7502177
ABCA4,-1.7500237,0.80607665
RNF166,12.551922,14.532894
TINAGL1,-2.6561503,9.58383
RNF187,17.216492,0.24143307
PTPN23,16.110819,6.6102643
MUSTN1,-2.1305878,11.111477
SLC35C2,10.313304,1.4297146
CENPX,-4.036933,6.3769403
TGFB2,-3.7328765,10.760482
CCDC92,10.251824,19.402689
SERINC2,2.6622183,14.943944
CYP1B1,-7.369003,14.248578
TMCO3,14.832904,3.605625
HHLA3,-3.4865007,7.5117393
SFR1,2.5132575,15.08041
PKIG,15.975341,8.966414
ALKBH1,-3.972483,1.7225455
DDR2,-3.707982,10.840425
ME3,4.417597,-7.3033485
FOXJ1,4.328348,4.280324
MYO1G,0.38527626,10.435725
NONO,3.756249,9.054605
TMEM128,-5.722141,5.5817523
OSGEPL1,4.6485467,1.8504474
ACAT2,-4.968189,4.13102
COG1,1.479827,9.234559
JMJD4,1.2425874,15.064787
FAM208A,9.217506,4.7124805
PPP2R5A,15.791219,11.599728
D2HGDH,6.343203,-0.35504445
COG5,1.5520014,2.107947
XKR8,3.8854315,5.166552
NFIX,-3.5927637,10.739099
SASH1,6.3389306,-0.33884087
HNF1B,8.5978,11.447958
METTL23,6.06368,13.173226
CRHBP,8.952426,-10.419944
SMARCA5,7.832282,8.220059
NR1I3,6.7240787,-0.3584993
ALG6,9.001132,0.66765505
RNF115,-1.2869492,4.848323
OVOL1,20.242884,1.8149223
NPAS2,6.9941506,4.5760393
ADORA2A,9.061073,-6.0772448
P2RX7,-4.061389,1.4254411
DPT,-3.5637662,10.775322
CCDC30,2.1589575,5.301003
NLRC3,13.086439,14.325527
HIP1R,-3.8913248,-3.1902468
CBLB,0.43589947,2.877499
NPM2,4.3488636,-1.6051921
IRGQ,9.219831,-2.9057882
GLUD1,3.0345511,-7.6464424
NDUFB11,0.97398627,14.3365755
KDSR,4.808702,13.8821745
LBR,4.014774,13.375507
VAPA,8.108819,13.466619
RNF6,-1.8430094,15.667274
FAM120B,13.717543,6.5085254
SEMA3G,0.8152278,3.4231336
PCYOX1L,-1.6875974,4.150179
RASSF2,-6.5496206,-5.1023755
ARL15,6.8995895,3.7212086
TANK,15.929293,8.948021
PRKCE,4.4044137,-3.1197543
SOWAHC,7.6500225,13.086593
BNC2,6.0806637,-1.4741501
CISD2,-2.3865876,8.159551
CORO1B,6.3822308,11.902808
PCSK1N,1.8497802,9.830971
RPL3,6.321068,1.5262351
GOLGA2,10.0372925,-2.6681342
CXADR,2.0354867,-1.7281289
TXNRD3,19.73155,6.9063854
CSTF1,4.662828,16.166895
NEFL,9.120015,3.9917462
UFD1L,-2.1502721,3.2212923
DHRS11,-4.4012504,-1.5691963
MAP3K21,1.3442854,-3.7661247
FAM133B,0.12140784,17.883759
SLC25A39,-3.669104,7.6777663
LAMB1,7.220508,0.54755914
UQCR11,0.71538764,14.068928
FUOM,3.83431,-6.3868237
MANSC1,14.106834,-7.277793
MGP,-2.5430174,12.420867
NEDD8,-3.6618264,6.569008
ZDHHC14,5.2779684,7.3237214
WSCD2,18.718357,4.69243
CACNB2,4.6075826,-7.332003
TRAPPC3,2.201755,-9.363293
SLC15A3,0.35755876,4.6674438
ALDOB,4.221996,3.8558142
ZMAT5,0.9617666,15.382384
PPP1R21,8.356901,-7.6789527
NDUFB9,0.5822341,13.87284
APCDD1,-6.831434,14.593355
PTPRU,-3.368972,7.4111476
VPS37B,-3.9909317,1.6441767
PRDX4,4.882828,13.823134
IQSEC3,6.963245,0.18976231
TMEM179B,3.889981,16.221888
LRRC17,4.516673,10.804647
DPM1,8.146326,13.525618
ZNF419,-3.9788964,-0.63748676
DPH6,18.834703,2.3465176
PPCDC,8.403383,14.202797
PFKL,-2.9207156,5.258366
ITGA4,12.85382,14.571187
PTK2,11.803143,5.505734
PDS5B,14.827876,3.6020432
ZNF451,-1.0320461,2.254127
RNASEK,1.8447686,9.862637
GTF2IRD2B,12.2441225,6.654762
CTSL,14.785843,1.0529976
LIPG,1.1034892,0.762373
WDR97,-4.229315,-2.8723917
MGA,5.384276,7.0930686
ZNF146,8.284812,12.721247
COX5A,0.7637313,14.085565
SIAE,-4.639257,-8.289413
PDXDC2P,10.194454,4.7853556
ADCY3,-4.718665,11.507475
IL10RA,-0.20995282,10.101643
FBXO8,6.2451787,10.916113
KIAA1468,1.24577,2.5474818
KRT17,2.4819288,-0.9531878
PRMT5,-1.0117826,12.350735
GLI1,-3.110742,10.920284
MBNL3,15.316821,-2.0109897
DSCR3,2.903597,-9.877322
IL17RA,1.0451379,-3.629612
PLIN2,12.109977,7.284338
NAGPA,8.598083,11.447116
BDKRB2,-2.735535,5.4267573
SPRY2,1.6778173,5.6342196
RYBP,7.391419,13.0440855
NXF1,16.229631,0.06707713
ZNF3,6.11189,12.13724
PCK2,5.982697,-1.0341094
KIAA0895L,0.81250834,7.5413623
MATR3,-5.559057,-5.9544983
SEC23B,-5.132281,7.2083526
KCTD6,5.9457855,7.6483316
ABCB10,13.11554,8.955452
UIMC1,4.747443,0.36418518
LRRC37A3,6.376712,-0.8310956
TNPO3,10.315911,5.8020134
NPC2,-4.6967335,-8.245061
FTL,1.9597756,-9.161014
PITRM1,1.0892287,0.74792564
CHD8,7.92395,-2.2191668
DCLRE1C,5.421973,-3.5281897
TIMELESS,5.072908,5.4559407
NUDT5,7.707475,5.9924297
NAALADL2,-5.5195255,2.5027719
SLC25A27,-4.0371118,1.6610222
SLC2A6,0.5122057,-1.1752701
WIPF3,0.97398025,2.8794062
IST1,4.5678368,0.4480897
PRPF39,-0.33288744,2.0476189
IMPDH1,0.54043645,-1.0586451
NFE2L1,9.088887,6.734356
MPEG1,-0.21011706,10.103887
ARSK,-4.442902,8.642471
ACMSD,4.300032,4.0002065
ZYG11B,1.9066447,0.58782184
ZBTB25,7.6509633,-1.5078183
ZDHHC16,-1.7938414,-0.40590444
ZBTB17,-3.9958985,1.6397711
FBXL19,7.8548937,-2.0034997
MYH14,2.0806324,-5.967455
DAXX,-9.462935,5.9228096
KRT5,11.631532,-3.6499243
PRKAR2B,-4.4444485,8.646193
RWDD1,3.8303711,9.132236
SNAPC1,3.8811274,1.7032732
RUNDC3B,4.4319944,-2.9998732
MYOM1,10.904714,11.771227
ITPR3,-5.7340546,0.5192212
ASCC3,5.069071,13.470219
KYNU,6.3795857,-0.8319735
BANF1,8.4047785,14.210142
JAK2,-1.0650058,-0.0124991825
PAFAH2,15.3189125,10.915968
ACOT4,4.248905,-5.842947
MARCH10,10.493525,9.738649
ACVR2A,4.7418885,-1.3911936
CHCHD1,7.6455016,6.0001526
NMNAT3,2.7018976,-3.3941925
AP1S2,11.422327,9.287575
IRF1,-3.5207686,2.5181222
CSE1L,5.7324586,15.460748
CST7,13.381506,14.114629
IRF7,-3.5469878,2.3859434
BACH1,7.7332935,8.299677
SMARCAD1,1.2733388,3.1179311
STAG3L5P,3.8185756,-8.245655
NFIA,13.059379,3.7395668
HHEX,10.323271,10.696459
PSMD3,-2.0763898,2.0185428
HFE,2.4731455,-3.361778
STK10,0.7581126,10.785051
TTC7A,1.8451627,5.4104857
DDX24,1.4727877,9.236745
GSTM2,-3.7135816,2.012266
SELPLG,0.21050256,10.351051
RNPEPL1,13.403004,-4.152759
SPATA6,-2.9093661,4.0729265
PPP1R37,-1.8451124,0.99619627
TMEM70,8.168573,13.573342
ARNTL,12.469753,4.150521
GOLM1,10.408676,15.468974
MINOS1,0.6214753,13.906565
WASF1,12.080586,7.260687
NARFL,-1.1365485,0.030036656
EDNRA,10.920023,12.25004
U2AF2,2.6142848,14.938877
ZNF160,10.49304,8.271646
SOCS5,10.963516,12.351074
TNK2,-2.82326,11.195028
HUNK,1.1930004,0.91148883
DHRS7,-8.185492,-2.9709358
CRTC1,10.376286,13.893404
RPS4Y1,1.9700735,-9.583769
UBE2V1,5.3687663,10.634467
HOOK1,-6.3540864,11.229629
NRDC,12.956408,3.6532617
BBS1,-4.0578375,-1.181983
CYP8B1,7.927498,-4.282594
PIAS3,6.0554085,-1.5683885
KCNK15,16.770662,8.161107
KDM1A,-0.7086826,7.595827
GPC5,4.6365743,-7.4482093
APEX1,3.7586002,9.055286
LTF,12.920249,3.6516182
BEX1,-2.3271067,6.7040067
FOLH1,-4.662192,-8.975354
GOLPH3,0.41390032,17.608774
IL7,-0.83183134,13.692174
PALM,0.8098498,4.804719
BRD9,17.42669,4.782999
BLACAT1,2.9473934,1.0598401
SRSF10,11.408466,9.287967
FAM136A,1.6316814,0.35271737
MPV17,7.5059886,6.3006387
GART,-4.9676785,7.3333697
ZSWIM8,8.074862,-2.3884456
CYP4A11,7.7870607,-4.0349503
GCC1,4.530632,16.15088
PPM1M,-2.8425653,11.186398
AARS2,16.247643,0.0796247
COLCA1,10.430622,14.010249
ATP5H,8.618351,1.9438832
B4GALNT3,11.652088,-3.3734372
SLC37A3,-4.050268,-0.39748737
TRMT1,2.89669,14.797849
C9,2.2375026,-6.1211367
JPH1,1.088735,3.0959342
MARVELD3,-4.2703295,-2.8577876
JADE3,0.6974895,14.614343
THBS2,-5.798569,0.47066978
CD151,3.1815045,14.875103
AP2B1,7.849858,8.206352
RBM15B,7.840295,-1.9444087
ZNF174,9.011057,-3.5722682
NSMF,-5.616574,-1.7410332
SERPINA5,10.740232,9.889177
THYN1,-8.435979,4.6107755
ZNF773,-0.60680616,2.5216908
PRKACB,8.150416,-2.3717268
PLXNA1,-4.0269423,-0.06930819
ZC3H10,16.593725,10.229467
KHNYN,0.96804464,-3.5971868
TSPAN18,5.5934787,3.9002893
PCDHGA6,-1.0003297,7.357973
RPRD1B,16.75329,4.3434854
HSD17B11,12.948082,2.6677728
FIG4,10.1840105,9.832584
MESDC2,4.3218527,13.949718
TTC37,7.008933,18.416985
TMEM44,8.61242,1.2098161
PDIA4,5.8090663,14.014306
NCOA4,3.081612,-3.8268447
LIN52,4.0978446,-3.0017102
SLC38A10,9.089567,6.7353215
SLC15A4,1.7999555,6.5643997
TOM1L2,4.6112804,-7.3359394
PSPC1,8.849459,5.9910097
KATNBL1,-7.2807083,2.586496
FAM98A,7.795626,6.037322
ZNF358,-1.5348049,-0.08648135
SMAD6,8.944457,-10.427265
HMX2,11.848338,-2.0508423
NUP62CL,7.330952,3.0427082
RBAK,-0.5247281,2.6842582
GPAM,11.405229,-1.0456177
HAUS8,1.7417791,0.4262044
VIL1,4.1979184,3.7866738
RPUSD3,7.498958,6.3267593
NPEPPS,10.026056,-2.6431653
BRPF1,7.9383864,-2.2278352
HIBCH,4.264355,-2.0416715
NOTCH3,-8.844548,3.4422789
CCDC51,15.265222,10.84692
ZNF768,-4.1244664,-3.1385295
COX15,1.2955691,-3.6815653
STK35,3.0628319,-3.8453498
TUBB2A,-0.5426095,7.8178654
TRIM54,6.092233,4.0036683
ZNRF2,1.4686213,-3.5607405
OVCH2,11.328472,-3.3753774
GIGYF1,7.7920375,-1.999772
CREB3L4,10.37825,13.8923645
PLA2G12B,4.281685,3.8650002
ATG5,-1.1225802,12.259679
CCDC6,-4.2676897,8.528512
SMOC2,2.2100265,8.925283
ZNF254,-0.703141,3.022587
METTL10,-7.287126,2.8517
CDC37L1,8.196278,13.508989
KIAA1109,6.27074,19.769888
STAG3,-7.006613,4.7228584
C1RL,12.414093,3.6898186
COMTD1,-1.6562682,-0.19742239
ACTG1,15.906309,7.613458
STK17B,10.614636,11.101215
TGFB1,1.886491,5.2538543
USB1,10.004892,-4.595996
GAS2L3,12.9567175,2.6619322
POLR2J,-5.3346763,-6.1542716
SLC39A7,3.751554,14.482445
PNRC1,10.655785,8.38003
SLC12A2,-0.9552434,6.0808372
LCK,13.080997,14.414933
HAS3,16.414684,6.535572
GGT7,2.36973,15.070438
KNTC1,5.6855845,15.477982
HOXA3,10.028226,3.3178682
STK11,5.209269,7.441539
SMS,9.754134,17.333616
TFPI,12.669818,3.6526926
EFCC1,9.4875345,3.3980932
ABI2,4.614301,-4.14218
UBE2W,8.674453,11.90175
ARMCX3,8.212667,13.448313
ZMYM2,-0.6621958,2.690301
DGKE,8.951103,-10.420356
PRKACA,12.95264,10.539493
AP5Z1,6.1983852,12.073131
PUSL1,17.057478,3.9492755
LETMD1,-5.269625,-6.22153
DYRK1B,-1.5711539,0.36948577
BZW2,11.242953,7.525994
HPN,7.283165,0.6778983
ITGA7,-2.4677713,11.165456
ELOVL6,2.822569,14.936976
OGFRL1,11.469078,7.131485
IL10RB,3.8472214,-3.3520474
KDELC1,9.002201,0.6701596
DLG4,-4.7222786,11.593095
UGT1A9,7.786974,-4.072416
DOC2A,9.963058,4.5895905
ODF2L,-0.33631098,2.0695705
UBE3A,7.2350936,12.825024
ABHD2,3.9098728,12.284159
PTDSS2,0.821348,15.614945
SF1,-2.0596123,1.9664974
UPF3A,3.593822,0.3236985
FGD2,2.1277912,13.375252
CCBE1,-3.1980171,-0.35019204
ZDHHC24,3.901255,16.173851
GRB10,5.718222,3.9875643
KAT8,17.576618,6.430396
MCM6,11.236796,-7.705425
FUCA1,-8.044701,-2.8642035
RUNDC3A,11.811707,-8.194898
RSRC1,-7.631,1.4397576
DARS2,7.9673815,2.7472863
DOCK9,3.76596,6.8021817
MFSD1,5.611359,13.474417
DDRGK1,3.774839,14.285363
MKL2,12.767206,5.8033905
UBE2H,-3.8951647,14.096048
CCND2,2.3062901,8.841461
AAMP,12.981161,10.519565
TMEM183A,13.176584,12.046818
KMT5A,5.888709,8.028437
FAM50B,4.814965,-1.1978775
PTPN14,12.785313,5.8106685
RNF217,-0.3043447,2.086472
TMEM203,1.037759,15.283843
CBX7,-5.3699923,6.8100843
FCHSD1,0.7658267,10.794042
INMT,-0.48589104,10.838535
NPY5R,-3.9569578,12.225709
INPP5F,-0.713278,13.794731
BAK1,16.13304,6.593821
TFPI2,2.0535357,1.6341913
WSB1,10.79444,2.714954
HSPB2,2.3695486,12.902019
ZNF891,10.176537,-4.8036785
PPP1R10,2.4839082,-0.953219
GNA15,1.9254262,14.103642
TUBA1A,-0.68847084,7.6278644
BCL7B,-2.0643427,1.961793
DMD,10.716195,11.375197
SSR4,4.8948894,13.820008
GAL3ST1,7.1463428,-5.771522
ATAD5,5.6783314,15.489847
CTU2,-4.018753,1.6186099
MZF1,-0.75426203,1.9337821
UQCRB,7.497318,5.8559613
H2AFX,7.869115,-1.7368473
KANSL1L,5.9578257,7.6642456
AMN1,6.3771873,11.907729
DSTN,0.39949304,17.622473
EIF4E3,5.6980157,6.1103883
CRKL,9.342054,17.611046
FPR1,1.6207765,13.683016
ADCK2,-1.8306503,-0.5069199
ZNF205,-1.500681,0.3501728
SEMA4A,6.0536995,-1.5288124
UBE2B,-0.7708605,12.120106
MRM1,16.259516,0.09434574
ADGRL2,11.408108,-1.6659893
SPINT2,4.7263837,-4.3571715
CEP85L,10.65117,11.199447
HDC,0.5173454,10.530036
FTH1,12.099251,7.276502
ALPL,7.2070007,0.535933
COPA,11.7823715,5.5224056
HS2ST1,-1.8246174,15.684341
EIF3L,5.5000997,5.348241
ZNF384,-0.5398313,8.171515
UPK1B,2.7045486,-6.398649
IL11,1.7687942,5.4959455
ZNF787,16.792473,5.0010076
NUDT8,4.388905,-1.6142217
FXR2,8.621505,-2.079236
EXOC3L4,9.33818,6.942434
SLC25A32,9.311084,5.624673
XYLT1,-2.634368,9.611522
CHAD,6.953474,0.18217532
ATRAID,-5.339293,-6.1499286
ACOT9,2.0242627,5.3387127
FUK,-4.1573815,-3.4577446
HMG20B,0.8686591,15.541784
RASSF1,4.6703076,0.42785403
CNOT2,11.229745,9.217349
PLEKHD1,2.7291296,-3.306525
CD72,0.51010036,10.5018
ATG2A,16.774965,5.032526
TM2D2,14.750162,0.97835445
CCDC13,-2.0848615,-5.726702
MSS51,12.2234745,6.594871
PDXDC1,8.634709,1.2767024
APOO,0.54851896,13.785371
RRNAD1,-1.7589055,-0.37685677
MICALL1,7.815686,-1.6882919
SYNJ2BP,10.300347,1.3297813
DNMT1,-4.147602,-0.11555861
SUCO,3.7943861,12.057832
BLVRB,2.1932158,-9.355472
WDR27,1.4759759,9.2268505
RNF10,0.18344633,17.822985
CKS1B,6.56834,2.18624
KDELC2,-8.54578,-3.2519796
DYM,5.468971,5.3902364
SLC39A9,-0.9605462,6.0890865
GMNN,10.548457,9.707747
COMMD3,8.020227,-2.3511083
ANKRD36B,-0.9537805,2.1601658
RABIF,-0.8429121,13.686195
PIM3,18.579927,8.054413
NTAN1,10.840688,9.917855
SERPINF2,7.9358664,-4.285843
ARL8A,-2.5232348,3.8222241
ARF6,9.934946,2.1925185
RASL10B,-4.694779,11.594795
AVPI1,15.852552,7.6766863
C1QL1,6.304179,3.9690752
RMI1,1.8378401,9.771512
PHTF2,-5.4226437,7.546725
LRBA,-4.335127,-1.841757
KCTD21,7.078918,18.47821
DRG1,6.138355,10.507066
PTPN6,-0.212248,10.104814
RNF31,6.09307,12.1547985
TMEM254,2.260684,5.2531238
PDE7B,4.528879,10.798663
TMEM130,-2.6418936,12.339132
ANKRD18EP,9.9503,4.6188793
PDLIM7,1.4590673,5.7925634
SLC35A3,-7.889867,1.106922
NRM,4.343589,-3.065234
TMEM265,-6.7769575,5.4941864
FASTKD2,0.49093562,7.3028026
PQLC2,6.3731127,11.911569
ZNF264,-3.1181242,4.050363
ARHGEF11,3.8718436,5.155116
WDR45B,-3.890143,14.094268
NMT2,2.4093776,-6.238821
BCL10,10.915148,9.033614
PCGF1,6.5398893,2.1714935
TBC1D19,-7.2722354,2.1014006
CELF1,3.4501913,1.445547
CYCS,0.56307775,13.814583
CST3,-4.0936294,-0.38931498
CCDC174,3.067105,-3.8528934
MCCD1,6.0520363,-1.0144577
CAD,0.84163284,3.345027
ETV6,19.09034,6.320784
ZNF717,2.1281025,5.2858424
DERL2,6.0299416,14.180895
CTTNBP2NL,5.294824,13.803564
GGT4P,7.6459703,-5.3947897
CYP27A1,6.8560534,-0.4261283
EBP,-3.0506163,0.86893
FAM214B,8.547614,-2.138968
MAPK7,1.6299504,5.5864124
ZNF142,7.942839,-2.3266964
CYB5D2,4.9812517,0.41497195
PKDCC,-3.9995313,11.877549
IL17RD,20.780924,6.075348
EVI5L,-3.0617535,0.87876296
SPG21,5.667991,6.6617594
MAP2K7,5.9229527,7.387146
NPEPL1,10.186947,4.7791724
ZNF713,10.168627,4.753796
HAT1,0.6186872,7.4494195
PQLC1,14.7398615,0.9911578
SLC35E4,-4.152746,-0.09927074
TAZ,5.8969007,7.9960685
MB21D1,-2.4274821,12.687862
ITSN2,-1.8208318,15.719588
MAP3K12,12.435749,4.5151124
DACT1,2.3263497,8.824005
LLPH,10.827637,5.716608
PGR,-2.4350832,12.674371
TXNDC5,1.7687491,6.528525
NR1H3,4.8180003,-1.1940423
OSTC,4.9674478,13.723894
RBM45,7.5886126,8.445936
CYB5RL,3.1695082,0.9138984
CASC3,4.67779,0.37891486
RPS6KA6,6.7011704,-5.183328
PPP1R12C,5.728195,7.5817213
IARS2,6.7507505,10.2787075
TCEA2,3.999963,-3.542006
RFX1,3.8847716,5.137594
PIK3C2B,11.4251795,-1.0822897
PPP3CB,6.663383,18.200129
SLC11A1,0.3998292,4.92757
AGTR1,10.623206,11.126393
HAGLR,-2.387804,4.096473
MIIP,0.4042781,-1.2778726
PHF6,12.225436,0.23535979
TMEM182,15.229258,-2.0530336
DRG2,6.5044146,-11.072064
CPNE8,11.416794,9.2860155
B4GALNT2,10.72222,15.386675
CHKA,4.645253,7.6039143
CCDC154,-0.2264442,12.147702
APOBR,0.29114074,10.3768215
SSC5D,-4.7231517,11.52231
HCG27,7.9805646,2.7281742
DNM3,3.583426,0.30892545
CERS5,1.9613113,5.326025
SLC9B2,9.941271,2.2243378
ERH,-5.724059,5.5791173
KLHL33,5.618126,9.844715
NOMO2,5.6099257,14.420115
TIMM8B,8.401644,14.205157
WNK2,10.9066305,11.758986
KLHL17,5.73374,7.468712
EML3,3.8506374,6.4352264
FRMD8,1.5663685,0.98395973
TDRD3,-4.074203,-0.36186913
GID4,9.340526,17.615652
COG2,8.812706,9.8182955
ZNF37BP,14.098324,2.1417518
NHEJ1,6.276399,-0.97921294
ANKRD39,-4.0757146,6.3383856
UAP1L1,4.224146,-1.4060832
GBF1,16.999483,4.0706306
ASB7,9.136171,-3.392479
TMED1,4.719222,-4.3536735
HOXB7,10.021046,3.514414
ATAD2B,15.14563,4.636445
DESI2,4.6927404,0.23460412
SLC27A4,3.846448,5.148177
TEX41,7.0036154,4.5906935
AGPAT1,-1.8370255,-0.5228515
ARMCX1,8.852941,-1.9296148
NEK8,7.8557453,-5.5040956
POLG,2.4264462,15.165341
KANK1,2.7654376,-3.4114318
CIAO1,2.2066786,-9.3598385
RNF112,-2.5714822,9.480936
PSMD11,9.242105,5.6968765
GLCCI1,-0.41483662,8.080424
CALM3,0.18970014,17.818098
PHB,7.866049,2.6782968
PDK2,2.8729196,-3.4780984
ZNF195,16.398542,6.536413
ANG,12.945987,2.7460587
MFAP3L,7.1593733,-5.766179
CHERP,12.978315,10.526525
NIPAL1,3.844934,16.622099
SHROOM2,-4.448329,8.649228
ENDOD1,12.646067,3.6733859
HNRNPH3,11.361715,9.277241
PURB,6.993462,18.407318
SZT2,15.808723,6.258041
LCMT1,1.9996121,-9.546114
DENND1A,5.212646,-2.6702497
RPA3,9.071798,1.7654896
TGFBR3,0.4742278,2.81632
TMEM233,2.7892473,-0.5796457
CES4A,12.085894,7.277593
F2RL1,4.028643,13.343771
KRAS,7.4442058,12.95215
TICAM1,4.780089,2.0304627
EMD,-3.893955,14.095726
BPNT1,1.4834623,-3.5454688
DUBR,8.59991,-2.0991619
ZNF516,-1.737673,0.24597125
IFT22,7.487081,5.8686557
SMCHD1,-1.6230994,-3.7035756
IFRD2,6.502964,-11.068447
RNF150,10.647504,15.331199
LDHB,8.615304,1.9702901
RBM28,16.16331,6.5991497
ZNF345,-2.7010136,4.04802
IPMK,10.799649,9.031268
BGLAP,9.992016,4.660271
SLC6A17,11.558218,-1.593023
MFSD4B,11.373596,7.3713164
CRB3,8.925645,0.9629497
KCTD12,-8.530463,-3.2404807
CLDN15,5.903763,7.989089
LSG1,8.964506,10.206577
ZDHHC3,11.992967,-2.8143046
EEF2,5.5702643,5.2090077
TPM4,1.0747511,6.154135
MIB2,4.4129715,2.6152139
TRAF7,13.086874,3.7621915
B3GNT9,-7.238519,14.0496025
RSPO3,-4.363836,17.9452
TLR5,9.05998,3.8428044
METTL9,1.4232177,-3.685156
AKR1B10,4.4079313,10.8419285
FAM49A,9.604778,13.279188
SMCR8,-0.51840496,8.162605
PTK7,5.241672,3.236239
PLBD2,-2.478549,9.457532
ZDHHC20,14.824126,3.608407
CHD6,-0.35941255,7.9838624
IER2,15.906792,7.6483407
KLHDC7B,11.7108555,-8.050329
FHOD1,0.4889175,-1.2035199
PRR12,-1.5723325,0.43290842
CPVL,10.417372,15.468669
AP2S1,-2.2212281,3.064294
SLC37A2,1.9884765,14.048966
SCARA3,-7.3878336,14.275508
AMOTL1,3.8646824,0.85372084
NDUFAF3,0.5974541,13.900427
RXRB,8.285752,12.72639
LRRC41,13.367517,10.462249
QPCT,0.47875637,4.878284
PDE1A,10.667116,15.358024
CNOT9,2.1644757,5.2996845
ZHX1,-7.636781,1.4349465
SLC16A1,12.947747,2.692748
HOOK3,-5.451108,7.506854
PPIL2,4.7029295,7.5430617
NCOA2,8.517064,-2.1861036
TAF9,9.355677,5.567169
MRPL16,8.924745,2.1272354
GTF2B,0.78611255,7.9202437
MRGPRF,-3.6237502,-0.60973656
B4GAT1,17.370642,4.7398357
FCHO2,11.41323,9.284539
LLGL2,-5.5023394,8.417512
SMCO3,0.92241216,3.0027163
SHC2,-4.429643,8.627772
SNX30,6.0748587,-1.237728
ARRDC3,7.45126,13.0326
MTPAP,4.5655103,19.285427
DUS1L,-2.310756,3.167817
EFNB2,11.160668,-0.6384154
MEIS2,9.656942,3.2321858
CAMK2G,3.2475615,-4.085734
MINDY1,6.900623,3.7274308
FAAH2,14.761657,1.2934394
GTF2H1,-2.7872384,15.650098
NAP1L5,6.662565,18.199272
FSTL4,2.7410579,-3.3186095
MFSD8,-0.33562773,2.0108843
KIAA0556,4.480826,16.072119
APBB1IP,-0.9823416,-1.5356137
RIOK2,4.578916,19.299606
MINCR,-5.272854,-6.2178073
IL6ST,4.2125573,6.551698
HCAR2,-2.3762946,4.099494
CYBB,1.8664773,14.087952
POU2AF1,13.097275,15.219954
ZNF888,4.2432666,-5.844861
PHB2,6.329534,1.4860622
LSM4,-3.316493,6.822361
ZNF507,0.6012319,13.900022
JKAMP,13.075432,3.075828
NFKB1,12.162754,5.7093678
PLEKHA6,7.1359673,9.3811655
POLR2E,4.7895803,-1.228108
NUCKS1,-7.286579,2.8364081
SLC25A17,-8.523693,4.7322807
TUBG1,1.8417284,9.82601
SSH1,4.7526903,2.1028392
TXNL4A,-3.5983593,6.595189
ITGB4,4.329663,-3.0699735
PRKCZ,4.18605,-1.3746303
JPH4,-9.196498,-0.068092346
PAG1,-2.9002252,9.887958
KCNQ1OT1,1.717877,5.331213
POLK,-7.7885075,-2.6756232
ATXN1L,2.859917,-7.928195
XPR1,5.6665764,14.557971
PMVK,0.78849643,14.587898
ELOA,3.865634,1.6172082
SMIM10L2A,8.172733,4.097302
NFAM1,0.10071242,10.702238
CADM1,10.370183,15.512477
RGS11,-9.582573,8.00656
PSPH,3.415586,-3.6289966
TBX3,-8.842519,3.4434512
GPRC5B,11.931329,-3.0141747
DYNLRB1,17.83112,-2.5192733
BMT2,9.373427,17.58828
FAM86C2P,13.629377,-5.4889855
LYPD6B,6.925134,-5.095918
PDE3A,10.936286,12.227648
TALDO1,9.978422,-4.5719814
GPM6B,11.05716,15.853267
DSC2,-4.6976047,-8.247212
ALAS2,-10.172283,0.14249961
KCNK13,2.8806195,-6.4664445
CERS6,0.48599508,2.827458
DDX3X,-6.503071,11.397969
SLC16A9,7.8109355,-3.9171755
SCUBE2,12.878148,14.634856
CRYZ,4.167016,3.7441816
MPPE1,-5.36993,9.791269
FAM122A,2.4823895,-3.9561148
ZHX2,12.187344,5.7104664
PHACTR1,10.916014,15.67818
FIBP,13.576124,-0.5592158
ZKSCAN1,-1.306907,0.61212337
SETD6,2.9811625,7.8271437
SNX12,2.212805,-9.356299
DHX35,5.593244,9.809797
NMRAL2P,5.31097,3.2102118
C3AR1,2.0603101,13.7686
FBXL17,10.70103,0.99573225
ZNF736,15.200577,4.5852585
KLF2,2.2066529,-6.0911245
CCL14,-7.0132174,4.717472
RBM15,3.4556637,1.41089
ZKSCAN3,1.8318193,9.797046
GRAMD1B,6.57629,-0.34061143
B3GNT8,10.297395,14.964957
TNFRSF25,-5.119943,7.2083507
STARD13,5.3520665,7.208405
ABCF3,6.503482,-11.070544
FAM102A,1.3628635,9.108024
MAOA,13.745116,6.526112
SLC2A9,8.391628,3.8835366
ZBTB6,-7.603886,2.358005
NOS3,-6.6218567,-5.032674
CAPN2,3.902679,12.290381
SLC25A46,5.89751,6.566561
MRO,3.2225506,-3.2706761
PVT1,3.1247253,5.954349
BAALC,15.793497,11.603818
SLC41A1,10.1903,3.2266893
AKT2,-1.7552111,-0.37290904
STX5,6.6442013,-9.142102
FYTTD1,5.1522727,10.743291
VMA21,9.752914,17.334297
SMARCE1,8.845541,5.9934044
SNX14,13.071955,3.0772429
UGT3A1,-4.6647754,-8.9813795
HNRNPL,-2.5408854,3.8873699
LMTK2,-4.0424128,-0.40524635
ZNF154,11.418666,-1.6507796
SPAST,13.118304,8.956922
ZNF789,14.84568,-3.1973155
UBR3,0.060312703,15.306106
ITM2C,-3.5146754,2.406226
TFCP2L1,10.89509,9.934648
SCFD1,8.836333,6.0176964
DYNC1LI1,-5.358753,6.8240523
GTF2F2,10.831771,5.717752
GPR183,0.09808872,10.691857
SFXN5,7.21662,0.5418012
ALG5,4.9001293,13.812118
TMEM158,-2.774943,9.258432
DCLK2,3.602149,0.2953097
AKTIP,10.619132,1.0696303
RHPN2,4.521479,10.806309
PSMF1,17.289604,0.26741427
TMEM169,7.137157,-5.885973
SCNN1A,11.782309,-3.3671203
RAE1,13.36647,10.486326
ZKSCAN4,-1.6446595,4.1049266
UBE2L3,1.9401786,-9.68954
ZNF580,-1.7509068,0.31224337
AMOTL2,3.4495587,1.4436619
TRANK1,-4.0604258,1.4163717
FBXL16,9.103739,4.0304823
SLC10A7,2.1055548,9.79985
SH2D3A,1.1706012,0.836434
CABLES2,10.440085,4.148514
KIAA1551,7.5535073,2.3616524
SNX29,15.335387,10.935637
PNMA6A,6.6796,-0.18738116
PPP1R13B,18.870632,2.382314
CCDC115,3.5506213,-2.7446337
PTP4A3,3.238109,-4.079942
FAM3C,3.874128,12.238643
TAF1C,5.9032702,8.027181
RFC1,-5.769264,5.5306516
TLE2,-4.7410398,11.58175
RTFDC1,-2.4569159,6.6028185
BRF1,-1.5370295,-0.107315764
ZNF799,-0.563185,2.639198
NME4,11.960878,-7.739724
PDE4B,0.022794044,5.1294756
SMU1,0.5371185,7.3498855
MYO7A,9.277986,6.877928
PRKAR2A,3.455876,-3.6452074
RERE,12.618147,3.5838869
GTF2I,-7.6519923,1.424928
POC1A,3.904276,5.2056026
SEC23A,6.373084,11.064191
NSMCE2,11.509642,-9.759131
REXO4,-4.615401,-1.3760623
POLR1B,-1.662798,4.1471944
ADO,-1.667612,4.1538315
C2CD2L,-4.211848,-3.6215243
PLIN4,-2.4905427,4.1522293
IFI27L1,15.966877,8.971799
SPEF1,-1.5090102,-3.7811613
TUBB,1.452588,9.199771
ZBTB44,2.9619741,0.99362916
EEPD1,1.0926434,6.12773
CALML4,3.9867046,-6.0884414
MAN1B1,1.7351327,0.40968964
ACSS3,3.1173706,-3.769751
DLL4,3.282336,2.3135707
FAM86C1,13.575892,-0.56167513
CXCL2,2.4853091,-0.9500757
CCDC7,4.6638966,1.5069796
DAG1,-3.614059,-0.6050521
FHL2,1.5627853,6.229884
ARVCF,6.9647217,3.4089248
PLEKHH3,-5.0028853,11.236838
SPRTN,2.9825697,7.827892
SUSD2,5.1837254,-2.6475246
KAT6A,13.714209,-5.5841584
LRPPRC,8.869563,1.0917256
CENPN,1.6811869,-9.151958
ZNF529,3.1866386,-7.368294
SLC9A9,-0.98216546,-1.5401893
FOXF1,8.944686,-10.427279
DNAAF2,8.393446,-7.974352
TM2D3,4.4960394,-5.6299815
HOXA10,11.248243,-7.7074747
RSPH3,-7.276874,2.105783
APTX,2.4601066,-9.429044
CLMP,-3.717243,10.815799
S100A4,-3.7416677,10.804107
TTLL3,7.545788,2.3480766
MTERF1,0.15083896,17.854548
CEBPD,14.773142,12.682444
SLFN12,5.595559,9.814353
PLA2G16,8.503757,-7.45267
TRPM7,3.9128866,-6.977849
TBC1D14,7.3423066,3.0310984
WWC2,-5.7717013,5.5279775
LDB3,-2.1910875,11.115195
MARK3,3.1924374,2.8461576
CDC42BPA,3.1026347,3.063466
GCNT4,-5.565921,2.47237
SOCS7,2.7973409,-3.434393
CRIPAK,16.333403,-1.4153144
PKNOX2,-3.966781,12.206291
PVALB,11.639177,-3.5357301
RCOR1,7.308002,13.092623
PLXNA2,0.7790402,-0.39761272
VSIR,9.669127,3.1689148
UPF3B,-2.0678403,-5.709553
FLRT3,2.4670384,-3.346343
BRCC3,6.1768537,10.569485
KIAA0319L,5.6647086,14.554327
MYCBP,0.17531557,17.831097
MAOB,4.2677917,-2.252456
TRPC1,-1.0647037,2.2437944
PDLIM2,6.0944853,4.003297
UNK,6.34435,3.9266791
AIP,-1.5258088,-0.11694907
F3,1.2817372,3.1075068
PYGO1,10.907871,11.780145
TMTC1,10.696901,11.33089
TMCC2,6.2567177,19.756063
BACE2,10.003524,15.696545
PPP3CA,8.183937,8.173995
CDH23,-4.41841,17.998034
YEATS2,1.6534821,5.1198015
ZNF720,3.9115057,16.285099
NPRL3,8.604463,11.460916
MCCC1,7.8506317,2.6903298
SMIM3,0.7388884,0.07200546
TEAD3,1.803224,4.7513433
SOX18,-9.200246,-0.06409921
VWF,-2.2135706,-5.8264136
LIN54,18.846647,2.357357
TMED3,4.7138743,-4.334837
PAPLN,11.287931,-7.7202687
FAM162A,0.39224216,13.60574
SIGIRR,6.7321153,-6.07315
FAR2,5.6035814,9.821635
B3GLCT,2.8613343,-6.452146
IPO5,-2.0318582,15.611042
ALDOC,9.37725,2.6838357
PTPN7,13.636891,-1.502546
HIST1H2BK,10.382763,10.552809
OAZ1,1.8448857,9.813593
PLEKHG6,7.938054,-2.742683
MRPL9,1.8656515,-9.758222
PLEKHO1,-0.49820843,9.773052
RPF1,3.8307817,9.134055
EPHB6,6.059104,-1.5732007
LCN12,-4.134389,-3.434537
SELENON,3.2202587,-3.2194314
TSC2,5.89565,8.035752
RCC1L,0.7426005,14.589087
KYAT3,10.730436,2.7768865
RNASE6,2.1035616,13.50204
MAPK14,14.787688,1.0961117
RAPGEF2,14.950807,4.832673
CRIM1,0.8741378,3.3016949
HS6ST3,10.008092,15.70073
CCDC113,7.8491607,-5.501328
ATG12,-3.713188,7.688463
RPL21,6.215654,1.9987797
GLDC,10.301063,4.1669583
ABCB9,-1.7404159,-0.3600223
NFKBIL1,6.644471,-9.14124
CCDC59,6.3736897,2.0395043
NFATC3,-4.5277348,3.2538383
APH1A,-0.7036871,7.609742
MYD88,16.740353,12.055203
TATDN3,10.672703,1.0172641
OTUD6B,-7.8902655,1.1069359
ATXN10,-3.1198437,4.0517807
PLEKHJ1,-2.450476,0.42103714
KIF23,8.194741,-2.33369
CASC1,4.662762,1.5218608
EDF1,-4.067431,6.3428545
NUDC,10.173499,-4.7921596
ABCA2,9.714023,3.9985633
TPPP,7.2538896,3.1051087
ERMAP,20.24364,1.8164132
NDUFA12,0.61237264,13.882435
BMPR1A,15.976289,9.8350315
ACOT2,3.130586,-3.4652271
ZNF692,8.139637,7.5609136
FAM127A,6.6443677,-9.141501
SLC5A11,6.260532,-0.99845666
SERPINE2,13.435684,-4.117638
ASPH,13.466915,-5.344291
TTC30A,9.017454,-3.5833392
MAPK3,-7.162558,13.948175
ESCO1,5.002717,10.74361
DST,3.9425735,12.061539
MBD1,4.4443045,2.5428078
CAV2,6.471837,2.1132047
FAM120C,10.114476,9.836762
VLDLR,14.842452,-3.1919622
LIPE,11.409105,-1.0478121
DNAL4,0.68492097,14.611451
SNX17,17.241056,0.21702647
RB1,5.028063,13.448234
VSIG8,6.120877,3.9506457
NSA2,5.475753,5.534784
DHX16,7.275231,-3.336099
PABPC4,1.8004148,4.9926114
STAT2,0.35361144,4.6876473
HSF4,-4.0681577,1.6571723
AASS,14.955395,4.8260126
ENOX2,2.3527863,-6.1992254
THY1,11.845834,3.6791272
NUPR2,11.58298,-3.298243
GSAP,20.24268,1.8163586
ZNF792,8.621875,1.220267
FPR3,1.9866288,14.039697
RBM23,10.864496,8.378598
MLLT10,-7.692569,1.3564286
SYBU,2.0875032,18.988714
MTFR1L,1.9516169,1.7360002
KIF1C,5.657527,6.988338
SOX17,11.447609,-1.1852185
UBXN7,6.9950013,18.408504
PRKD2,16.936327,4.3787265
MRPL17,8.395878,14.155563
RHOBTB1,7.81758,-3.770585
DIS3L2,1.5520786,2.1091888
TMED4,5.6636176,14.548029
FILIP1L,-2.9088335,9.898194
INPP4A,11.418365,-1.6675732
FAM198B,10.954974,12.241437
RERG,0.36024436,17.649817
DAPK3,1.9545356,5.3275766
EPOR,12.078405,-2.7693644
MTA3,15.975056,8.97502
CENPBD1,10.867855,8.372973
TLR4,14.773843,12.69493
ATXN7L3B,10.283241,1.4456595
FAHD2CP,0.83802396,8.175749
HIF3A,-5.0057783,11.452781
HMGCS2,11.510692,-2.8521593
SLC19A1,-3.852764,-1.2098593
ITPKB,10.316912,14.993402
B4GALT3,9.140286,-3.4038236
KLHL15,-8.494758,-3.2143712
EDEM2,4.341705,13.957341
MTX2,9.007143,2.0298407
AP1B1,6.540807,-11.111565
SBK1,9.070675,3.8022826
DYNLT1,8.588304,1.9452033
LBH,-3.0674021,10.652825
SUMO3,-3.9480953,6.395361
PRELID3A,-9.591774,7.9972863
NPRL2,8.132392,7.5644946
ZSCAN18,10.293835,14.970387
ACTR1A,3.757428,14.511331
TMEM131,8.402209,-7.6242228
SLC25A6,-1.5361077,-0.0986118
HNRNPH2,-1.075829,-9.145003
FNBP1L,5.8812394,6.1714973
H19,3.7643015,6.8050427
AES,-4.06111,-0.40865353
PCGF3,2.5168803,-9.463727
MLF1,-0.7977125,12.077779
MFSD12,12.697834,2.659885
CCDC126,-8.27632,-3.0417912
FAM105A,11.817197,-7.9173884
CAPN8,2.0824993,1.6076652
ROMO1,8.468573,14.033155
RFC2,5.1456795,10.6776285
SRD5A1,1.8252884,0.485158
LETM2,3.236735,-4.051263
CWC27,9.97658,1.8748983
RNF207,-1.6658208,0.6353809
VGLL3,1.6614367,5.140815
VENTX,1.9951985,14.037569
SRGN,14.741323,12.7262745
TBC1D25,-3.9981558,1.6372166
KIF1A,13.635122,-1.5052751
KRBOX4,7.937108,-2.741004
BBS12,5.704588,6.3508563
CCDC84,10.443484,4.143609
SLC38A6,0.8860732,0.38855857
RYR3,0.124418214,-4.224359
ST18,8.592305,3.9280674
ZFAND2A,5.1720643,10.661272
RP9P,10.372005,4.1619983
AACS,18.25561,1.1908065
SCRIB,3.8991318,5.19744
XPA,11.319349,-7.74375
ZFYVE19,-4.391127,-1.5639158
EHD4,11.32743,-0.85778636
RHBDD2,16.957314,4.532958
UBE2QL1,10.429024,9.772414
HSPG2,9.6722555,13.346389
SAPCD1,-4.099517,1.6344643
PTPN4,10.622007,1.068135
SYS1,-2.477653,4.045983
RAF1,-0.77526313,-4.704598
MT1G,8.291179,17.378242
ALPK3,0.7934252,0.11803431
SLC16A11,10.005824,15.695483
HRAS,4.5994124,-4.142101
CACNA2D2,11.819046,-8.205605
TMA16,-5.72732,5.576639
MCUB,-2.132446,-5.777101
CADM4,-0.7150252,13.794954
PACSIN1,-0.9393795,13.832726
PRODH,13.639021,-1.5117371
ATP6V1B2,4.0673323,-6.0449977
TOX2,14.773765,12.696463
MTHFD1,8.322454,-7.7265406
NUAK1,9.641744,13.310758
FGD3,-5.5627537,2.4756134
KLF8,12.941826,2.652119
LPCAT2,4.8702235,-7.63378
FOXC2,-8.843326,3.4447887
ZNF524,-1.5622574,0.27497363
SPATA7,5.694197,6.0902386
PCSK7,13.580896,1.779024
WBSCR22,-4.0420547,1.5746307
SIRPB2,1.8461403,14.108621
SLC6A9,16.697964,-4.511578
ENDOV,13.6778755,-5.5447345
SH3RF1,13.684136,-1.3815719
SLC25A30,-7.3305097,2.054212
ABHD14A,1.1303664,15.077696
SOWAHB,-3.740084,10.805379
KIAA1143,-6.8782372,1.9864471
PRR13,0.528419,13.75805
BCL9L,3.3805115,-2.2905467
TRIM68,10.914526,15.7097225
EFHD1,13.002049,3.1388834
MIDN,9.127928,-3.389011
FAM210B,-6.902693,1.993072
PRDM1,2.4765067,-0.9626766
GRB14,12.069016,-2.7715516
PCDHB5,-8.262618,-3.0369928
PLAG1,16.40477,6.535872
LILRB5,2.0007336,13.9985695
PLPPR1,10.25172,1.3766123
RPL7L1,-7.6668806,1.4090239
ARHGEF9,3.387011,-3.3740134
DENR,-6.9146395,1.9946198
TMEM14A,3.2152228,-4.0115952
MARC2,6.37937,-0.77310157
BICD2,18.848667,2.359311
GTF3C5,5.375904,7.2695394
CMYA5,7.9173045,15.184981
FRAS1,10.441365,15.110661
PHF21A,10.979834,12.386227
STAG1,10.7049055,5.7762957
RFT1,4.038164,15.951975
KIF16B,-3.026691,11.084827
AOX1,4.6921053,3.507388
GPATCH4,9.034436,10.23627
PRAME,11.535055,-7.895061
UBXN11,7.2754025,-3.3392127
LRRC37A4P,16.760143,0.13826297
ETHE1,8.581968,1.9412041
ECE2,6.510718,-11.07904
MBNL1,6.665762,18.20176
TRABD,2.0404184,0.43771392
ZMIZ1,3.9375467,12.336059
CLDN23,1.4003507,4.865734
FAM174B,7.1353073,-5.895233
PSMG3,-0.74524283,2.9820416
CDO1,-2.690081,12.418418
NCOA7,10.762381,8.622223
ZSCAN26,1.3632212,9.109895
LRSAM1,7.9677205,-1.7268467
RNF216,3.3444161,-12.09636
SERPINH1,-6.636628,9.301438
ASXL1,3.6645145,1.8623692
BCAS2,-1.0099736,12.356137
COMMD4,13.554957,-0.54892355
CBY1,0.69114566,14.617394
CHEK2,3.8502803,5.158963
LNX2,6.332689,11.009641
ADGRD1,-3.7027473,10.823798
POMC,11.630379,-3.647641
PTPMT1,7.5089254,2.2811937
SLC4A8,11.785493,-7.9531937
FAM69A,10.807895,15.484553
PIGG,4.3786077,-1.5112749
PRR16,3.306066,6.1279664
AAR2,4.565365,16.125875
PPP1R14C,-8.595793,-3.298919
RBMS2,3.804773,6.74383
SUFU,5.1218596,10.732271
DDX19A,-5.160582,7.210213
PIGX,10.623675,1.0667312
ACTR10,6.704479,10.326611
SUZ12,7.8487587,13.357616
SLC9A5,9.697142,13.375293
GIPC3,9.297467,3.5139282
FHL1,10.436606,10.677766
GDPD3,3.7110527,-3.2751524
MAP3K7CL,-3.8235645,10.72652
KCNJ11,11.748762,-3.4065235
ZER1,4.8243585,-1.189427
TGOLN2,-4.658889,-8.32267
MCM3AP,15.809595,6.26022
RAB22A,-6.4606028,11.3426695
LTB4R2,13.080521,11.932722
ATF7IP,10.067852,-2.721562
SF3B3,1.4551936,9.201163
SNAPC3,-7.265246,2.0982773
KCTD3,7.4441633,13.006273
EFCAB13,-2.1769304,-5.859797
L1CAM,7.1230707,3.1956298
ZNF563,2.2942233,-6.160672
PLXNB3,-9.204935,-0.061231107
TSHZ1,16.162298,6.594866
VGLL4,0.4903274,2.8354125
ATF1,-0.7822694,12.094756
TSC22D2,10.316637,14.999745
LGALS8,-1.5497198,6.402473
ZNF490,-1.6282781,4.093772
NFKBIA,7.600612,8.43948
SNX21,11.927498,-7.782153
HDDC2,13.085563,11.94186
TCEAL4,-2.9978175,9.772217
PPP4R2,8.213077,13.451722
ZNF394,2.1871753,5.3103075
AK9,2.5603356,1.3691776
CCDC97,10.850965,0.87263405
TNFAIP8L3,-2.504639,12.454123
FYN,-3.5135705,-0.6730236
BCL9,15.981165,-5.2013016
PDCD5,5.6649837,10.650815
PLXDC1,2.217352,8.920577
WASF3,12.216084,7.344269
ZNF497,9.274859,5.6582036
NOM1,16.405014,6.5360565
NAPEPLD,3.0299568,5.877394
KATNAL2,-2.1204011,-5.766875
WBP1L,1.8018348,4.73495
GGA3,4.4369445,2.5247161
WDYHV1,5.712037,10.635972
DCST2,7.5352135,2.358601
STON1,-2.5680528,12.361551
TENM3,13.679513,-5.5458713
SGMS2,11.550388,5.6063685
ZNF467,2.7471194,-6.418579
PRKAG1,13.576183,-0.5680526
ERC1,3.8408642,16.62492
IL22RA1,8.413733,3.8886826
MYRF,2.6127942,1.3694023
POPDC2,-9.614115,7.9750876
SNX10,14.794791,1.185496
MBOAT2,3.9140646,12.300404
NOTCH1,3.9316337,6.513875
LONRF3,-1.6134889,0.3216167
STAC2,12.7614765,2.901703
ZNF136,-0.47612572,2.2865207
EPHA3,-4.4687014,18.046608
DGKH,5.301869,13.811407
ITGAX,0.3635345,10.449614
AGPAT5,13.757792,6.5384946
NECTIN1,6.0984945,10.386807
RBKS,2.9868472,-7.7239356
PPP1R3B,10.780401,9.013006
HSPA7,13.374951,14.118965
P4HA2,4.240554,-5.8484316
TMEM67,13.025858,9.058634
F8,3.7594318,6.8099966
ZNF783,9.081586,1.490501
GCNT1,16.769554,8.161461
ORAI3,3.8449984,16.623657
ZNF440,3.2382762,2.7568219
FAM24B,11.572844,-2.6585276
UBXN10,11.740623,3.6333914
RPL36A,6.372593,1.9777712
FGFR2,-1.1263582,14.044392
SYT1,11.282936,-7.7238207
HERC3,10.02502,-2.6394303
MON1B,12.392894,4.152266
FAM20B,10.845103,0.8789253
PARD6B,13.016271,14.878251
GLOD4,1.2464896,-3.6959498
GARNL3,14.777469,1.2590871
LONRF1,7.1346793,-5.8955064
DIO1,7.705674,-5.016606
FRAT1,8.420491,-7.5927873
SYT6,9.263576,6.8687744
ANKRA2,8.90324,-1.9074943
RAPGEFL1,1.4418796,5.5211153
AURKA,3.9672854,5.2661505
SAMD11,11.951567,7.2057095
COPG2,5.7318993,15.459597
ING5,-0.2247953,12.144774
NT5DC3,-2.1103373,-5.754996
GSDMD,-1.810739,0.0019803615
RPL34,6.2124767,2.1519668
STBD1,3.3222132,2.5682023
SNRK,11.415764,-1.0658996
SC5D,20.781,6.075403
MED20,-1.444472,-3.824883
RAB12,-5.740985,5.557501
ZNF823,-3.1383336,15.671581
CYR61,10.69895,11.332611
URAHP,4.3408837,-1.6546835
SNAI2,9.68519,13.362687
XPO4,8.267836,7.70348
CCL20,2.703384,-0.6848641
TNFAIP8L1,2.6617246,-3.4137168
PTPRJ,13.489691,10.6032505
PLSCR3,2.1953561,19.022118
MDM2,5.3042855,13.799156
TMEM184A,6.7395945,-6.0752034
ADM,10.607861,8.342584
TMEM255A,11.373726,-1.7314608
CD69,13.375994,14.118513
S100A2,2.0666919,-5.9480386
HNRNPDL,12.561408,19.140095
CTSD,11.882406,3.6732607
SLC6A16,10.417686,4.159947
RPS6KA3,9.157588,5.7521925
LGALS1,0.9982651,6.191449
MTR,10.756708,2.748722
RPUSD2,6.0828013,12.165466
FAXC,10.463791,15.446056
SLC16A12,-4.2389407,-3.5155728
CMTR2,16.404215,6.534291
RNF114,8.360254,13.928086
MRPL50,-2.382143,8.162499
SAT1,9.383479,5.645298
ORAI2,4.160657,3.7569253
ANKRD13A,3.2181227,-4.026586
KLHL36,3.12333,-0.35715732
TPK1,2.3791866,15.065989
CNOT6L,2.3211765,15.49055
LIX1L,10.3767,10.530768
GLUD2,4.1869693,-2.2318885
CRLS1,6.0713453,13.168568
SHANK2,1.37076,-3.7923195
CNEP1R1,3.9197347,11.794609
BICD1,-4.0312786,-3.3676636
PPID,7.7134852,5.968299
TLDC2,11.845205,-2.040172
PTEN,-2.5456028,12.361369
FGF7,-3.4971354,9.445469
ZNF268,-7.7122498,1.3368561
PPIE,16.75183,0.13679923
SLF2,-2.721602,4.006479
CFD,-3.5263813,10.7771845
WFDC1,10.969619,11.986391
THSD4,-3.5403075,10.775965
CTCF,-5.722618,5.581345
EFNA5,2.1162944,-1.7652192
MSR1,2.0711503,13.777118
WDR75,10.020807,-2.6419485
HSPA1B,-6.640019,9.283055
CLPTM1,5.955537,13.277066
SPATA5L1,1.5583916,2.1440532
GATA5,8.978535,-10.410542
POLA1,1.1488537,2.4176333
ZNF675,14.092633,2.1375446
MIPEP,7.155013,-5.845858
SUV39H1,8.070973,13.45281
U2AF1L4,-3.1349,0.93847585
FBXO36,3.8727083,-3.3315125
TES,2.9916503,0.9086931
LRCH2,10.668386,11.247548
FAM167A,10.74367,15.537148
SNHG17,-4.006248,1.6270536
ZSCAN29,-3.114906,15.675075
PRELID1,7.4829316,3.192798
TRIM65,-4.04235,-1.159985
ACTR3C,9.679733,3.1552272
DNAL1,-7.063642,2.0022862
GLTP,2.6423674,-6.366587
PYROXD1,-7.862446,1.1441716
BAIAP2L1,0.79982084,0.1245097
LTBR,14.767396,1.0324227
TNFRSF11B,2.7245297,-3.2909718
DCAF8,1.6629894,5.1402874
SH3RF2,-1.9035109,1.2910177
LCMT2,4.586672,16.148834
DGCR5,4.741887,3.4916894
CYP4F2,7.7193375,-4.9843364
EFL1,-5.1642685,7.2117734
YIF1B,5.722085,6.1052847
CLTB,-2.133222,2.4187727
STRN3,10.79746,8.81484
LRRC49,14.762514,1.003236
BTBD11,12.429302,4.526061
DDX19B,10.7309,2.7857513
SZRD1,2.3027143,5.2258587
PCNT,18.253525,1.1897088
SLC25A33,13.001741,3.140665
KIAA0895,1.3490905,-3.7719123
GATSL3,5.1321144,-3.707081
KDM2B,6.3246546,11.005631
MB21D2,-5.616804,-1.7407922
TOMM34,8.902677,0.9974245
CLEC2D,13.000706,14.411733
BCL2A1,1.593714,13.636685
RPGRIP1L,-1.4824086,-3.8085515
THUMPD2,-0.4670502,2.2853947
PAPD4,7.8514934,13.364425
WDHD1,4.240436,-2.7690542
DRAIC,4.2775207,-2.7591724
CAST,12.169562,4.00969
TMEM200C,0.9365259,2.9872713
HAGHL,0.9102882,2.9939835
TTPAL,16.401436,6.535239
MEF2D,0.98756796,6.1987786
ZCWPW1,5.3515134,13.754445
CCDC125,4.543267,0.4673383
RNF5,4.406304,-1.5575695
CCDC69,9.647737,13.319035
SIX5,9.96584,3.4120436
CDCA4,1.1242586,6.101979
SLC9A6,3.950547,12.115643
MTMR1,-4.9906774,11.438281
SREBF1,10.005195,15.697175
UBQLN4,15.000583,-3.3385017
CDK12,4.2574134,12.769762
CYP4V2,-3.947226,-0.97418654
RND1,9.252877,3.4830964
GJA3,6.0344014,3.9643507
ACAN,-2.138333,11.095753
CHST12,9.542879,3.366284
SEC11A,3.8027713,9.103776
STAC3,0.77964246,-0.38028544
SLC44A2,4.5541425,-4.17135
OSBPL9,10.626151,1.0638074
MSH2,4.3766937,2.128441
SLC41A3,4.5358453,-4.198119
ZNF576,-4.5486135,-1.410926
HOXA6,10.018454,3.4437857
ATP5D,1.1512328,14.894985
GRIA3,-1.4482592,4.702785
NCALD,4.4042335,2.1420522
CYSRT1,6.347124,-0.3582523
CHURC1,5.549276,5.7446604
ZNF480,18.257847,1.1926078
FASN,3.344823,-12.096903
MAD2L1BP,3.4487638,1.4422247
JOSD1,3.449501,-2.4358945
GPR89B,9.278823,6.885537
SETMAR,14.766079,1.0084099
GALNT4,5.7612395,13.414984
RASSF5,-0.9823141,-1.5382136
LCORL,8.388453,-8.001202
COLEC11,5.1088448,-2.5867832
TGFBI,3.4634573,-3.3663032
GEMIN8,13.110004,3.775783
SPAAR,11.225284,-0.7072122
RBPMS2,4.1710515,-1.3603159
TRMT6,4.5208235,19.24269
HMGN3,4.3917913,-5.7259007
LGI2,-3.5829847,10.725175
FOXO1,0.040455043,5.1124077
CIZ1,-5.0094333,11.415792
PPP6R2,-3.9856427,-1.8155134
PROC,9.278767,6.884344
PTRHD1,17.833023,-2.52108
DYSF,11.256978,-0.74423695
SFMBT2,14.771686,12.69108
NHLRC3,10.0384445,-2.6764803
NUDT22,0.93054175,14.274114
IARS,0.84167415,8.392907
GPER1,11.743328,3.6346958
BSPRY,12.951476,0.83016753
MGLL,0.8045474,0.4277336
YPEL5,-0.6499731,12.232895
SERGEF,0.35905597,13.568672
PM20D2,8.68389,11.887452
CBARP,9.102826,-3.5747023
KLHDC4,-3.1376565,15.673043
PTCH1,12.434135,14.567282
BTK,0.045794163,10.70167
TRAPPC4,13.574188,-0.5623597
LYRM2,9.525356,1.6886356
ASB1,11.413607,-1.6752577
MYO10,-2.8336217,5.3315077
KLRK1,13.45022,14.048229
MAPKAPK5,-5.336358,-6.1525235
AZI2,-2.4978812,15.53216
TMEM50B,2.09061,-9.074069
NGRN,-3.8698833,14.077542
GSTZ1,3.9917748,-3.5334864
HNRNPA3,5.1573615,10.732282
ZNF81,6.644397,-9.140696
PROZ,7.71346,-5.00269
NPY6R,5.745449,3.973151
SPCS3,5.8331823,14.050908
PRELID3B,10.613302,1.0662233
COPZ1,-2.505906,6.5906825
SLC45A4,3.7084742,-7.0723515
FAM172A,15.3198395,-2.0074923
SMPDL3B,5.5766273,13.496656
SCNN1G,11.5113325,-2.8843946
TXNIP,-7.016137,4.71432
LIN37,4.587354,-4.0866747
GPSM1,-3.6232617,-0.6015748
RAB43,4.662073,1.5093116
UBXN4,3.9566674,12.055471
MROH7,12.11588,3.8103495
LDLRAD2,9.685396,13.360024
AMD1,9.327698,5.6633687
JAG2,9.544071,3.4092042
CCDC86,15.872496,6.5386004
TXNL4B,7.5167103,6.30202
CDK18,12.454977,6.7079234
TIGD1,12.247547,6.6243
IPPK,-5.2162833,7.2842765
ZNF28,13.96834,2.059639
TBX19,7.98708,2.7359152
C2CD4C,2.7494805,-0.19383961
TP53I3,-1.7071215,0.23941727
GALNT6,8.517245,-7.4328523
WASHC2C,4.4085374,19.138794
ZNF121,3.4467704,-2.42026
TUSC3,13.128978,-5.1417685
IL3RA,3.8798313,6.652676
TAPT1,2.477081,-3.9734745
FZR1,10.223822,-4.8695135
SCNM1,15.968021,8.986753
G2E3,11.411466,9.285429
PJA1,11.1436205,5.6579514
CLDN4,2.849558,14.921833
BHLHB9,0.36851722,4.9474325
TMEM263,9.320373,17.560005
TUG1,7.521119,2.2757988
CLN6,7.1395645,9.372415
FANCL,1.3554102,9.105233
ZNF652,15.97812,9.831021
FAAH,9.437094,7.0331573
PHF8,8.416265,-7.960122
CD8A,13.373597,14.121921
PPP6R3,3.917621,11.793484
HKDC1,3.265602,2.6525574
PYCR2,9.99788,-4.597499
ATG2B,14.995071,4.7823668
ASXL2,8.7276535,11.82298
TIMD4,11.815522,-8.20276
RCC2,1.79021,5.410269
LZTR1,10.767403,2.7419517
SPG11,6.4551883,10.226983
PIP5K1A,8.1028,7.5370407
PLOD2,4.5675654,0.45889962
RHBDD1,-0.9140499,6.046482
CYB5B,0.32555136,17.685581
PDZD7,6.9384627,0.16450489
IFIT2,16.298006,11.762035
KIF26B,9.233187,3.502807
ICA1L,7.770221,-1.9894153
DDN,13.5815525,-1.3964416
EZH2,1.953823,1.7360203
MROH1,16.57512,5.3742714
ADIPOR2,9.212292,-2.9205594
JCHAIN,13.142283,15.378494
FBXO38,1.1955571,2.524248
HEXIM2,4.1378846,12.643326
CCDC74B,5.5938935,2.892844
FAHD2A,1.9260714,1.7687783
ATRN,-8.057395,-2.87328
ZNF75A,5.448028,-3.7111487
DCUN1D4,7.9159384,12.950641
NAV3,-0.9821951,-1.5391592
AURKC,2.1093643,9.775986
DCAF13,7.4950843,3.2108958
CTSS,0.42583123,4.9545593
ZNF213,3.0051544,-9.97233
DEDD,2.27731,5.2646523
TXNDC15,-7.761797,-2.6464126
FAM69B,12.35035,3.6882963
IKZF4,-0.49095517,8.14718
ZNF558,7.5823503,2.3096676
AMDHD2,4.169679,-5.93028
RFWD3,5.376901,-3.584895
RABGGTA,20.780975,6.075398
RGS12,11.741013,-8.131649
CTRL,16.767372,4.3463607
FOXN3,2.5120459,15.084552
TUBE1,-5.5590277,-5.954705
RAB23,10.96559,12.3569
RRAD,9.1300745,-3.3918724
AMFR,9.199323,-2.93885
HAUS1,2.5119238,15.082167
TTC22,8.160373,4.1021266
MTHFR,12.174213,7.300391
ZNF91,7.7450027,-1.5741779
SMPD1,-4.6829867,-8.514857
WDR37,3.0697734,-3.848138
POLR2I,16.812157,0.20114839
RAB4B,1.1832148,0.9060114
DNALI1,-2.4153357,6.6426735
PTDSS1,4.260433,12.784174
PRX,0.80967003,3.4459982
AMMECR1L,-4.2652287,-0.20054607
BARX2,11.556111,-2.713045
INTS9,13.716459,6.509945
CTGF,11.082755,12.048393
SERPINA4,10.862736,9.924532
ST3GAL5,-1.0759788,-9.145189
CBX8,7.917842,15.188257
PGS1,3.2930708,2.1402497
CYP2R1,8.402203,-7.6136036
SLFN5,3.2030692,6.013954
STAT4,12.916277,14.468901
C1GALT1C1,5.724516,13.446111
SCO1,8.379188,-7.672471
ZNF738,8.827059,-1.9556744
GUSB,12.302404,6.770911
HIST2H2BF,17.675797,9.470358
MEAF6,9.594662,17.489962
SAMD3,13.097454,14.321955
ZNF18,0.7604714,-0.36936724
GPR65,12.459441,14.560484
GGA2,4.1918287,-1.3769436
KSR2,3.7211802,-7.059119
ARRB1,-4.444702,8.6483555
HEIH,-3.8700998,-3.2090025
DNAH7,-5.618959,-1.7419391
DHX34,8.734722,9.785438
PFN2,10.183304,1.3897468
MARCH5,-2.5437946,15.560242
FBXO15,-1.4721029,-3.821723
LACC1,12.942928,2.678211
KRCC1,13.98222,2.059701
GNA12,16.805967,4.992731
ZNF443,2.2754867,-6.1505494
FBXO42,-1.4519887,4.70465
XPO1,8.1060095,15.872569
CDK11A,17.0954,4.5530834
PCAT19,3.2833319,2.3147683
GABRE,3.9143038,6.469789
PIK3CA,-0.39691493,12.221123
ACTA1,4.6994534,7.5472083
COPS7B,0.41538936,-1.2679664
ZNF420,10.063939,9.752958
CDRT4,16.970572,4.3638883
MRM2,10.25183,19.402765
NOL11,-3.8923783,10.660541
CTSW,13.25021,14.219181
MRM3,6.5048504,-11.072129
MYO5C,-2.8345363,5.328261
RNF123,-3.8768675,10.703905
GJA5,15.926126,8.943793
SMDT1,0.85840034,14.206875
PPIC,4.340129,13.968833
ANKHD1,15.808183,6.2598333
RNF4,0.59451854,8.206475
NSMCE1,-2.4299548,6.6332083
QTRT1,3.9108615,11.922764
EIF4G3,6.3445706,-0.35338348
ETFDH,2.888258,-7.874014
DDTL,-4.294476,-2.8804796
RBPJ,10.685616,9.103141
PNRC2,-0.6409951,12.23246
WDR59,13.679945,-5.5460844
SAMD14,-2.2150922,-5.9058332
NRGN,10.977381,11.990533
BANP,4.776554,7.480655
ARHGEF39,2.0835643,0.40552917
TNFSF13,-4.1557884,-3.4362009
TARDBP,10.444572,5.87497
MXD4,9.214565,3.958095
SDK1,13.598628,1.8051509
FAM66C,12.411675,14.567584
NEK11,-1.5054537,-3.7992644
FLJ37453,10.3855915,13.909353
WDR5B,9.135962,-3.3990626
DSTYK,6.9509664,-5.364776
CCDC71L,2.133196,19.03723
ARL14EP,13.077072,9.009774
GCAT,0.85278857,14.602026
UVSSA,16.333155,-1.4157536
LCA5,-7.7843423,-2.6730838
SPNS2,4.7151723,7.5330076
AMBP,4.3862276,10.834263
KRT18,-0.6229034,7.6666846
ITPR2,-4.335811,-1.8414934
CCL4,13.3918495,14.104526
MZT2A,6.3353405,1.4534976
RAD17,3.0475752,-0.38589707
PRRG4,4.9733176,7.2509274
FAM193B,16.973751,4.448668
TTC8,-5.808796,0.4646341
COL9A2,-5.560612,2.4769218
DENND1C,13.116077,15.285447
MYPOP,-3.9121072,-3.2085383
MAN2C1,9.215479,4.7113643
FCGR2A,1.8867947,14.164436
FAM107B,1.0102683,6.196429
MINDY3,8.71387,-2.0157945
RIC1,4.1841726,-1.3685613
FAM212B,6.3942523,-0.27697027
LIMCH1,-5.5187664,2.5048862
MRPL21,17.26507,0.1828183
OXNAD1,2.210953,19.037514
RCOR3,4.945765,2.290473
XRCC1,15.952279,8.969642
WDR44,4.016822,13.376669
OGFOD3,-6.7884116,5.510963
NOL12,2.906324,14.798865
DMTF1,7.7234573,2.6494563
NINJ1,2.1192095,9.764136
ZNF414,3.884545,16.293495
DOCK4,4.2435374,6.5459833
UCK2,0.470892,8.134517
ECI1,1.1512015,14.8906975
PRRT2,-1.1262517,0.5054871
WDR92,3.1358297,-0.52755904
AHCTF1,-0.23473969,-6.825336
UST,-4.4478655,8.646892
SRA1,-2.1431746,2.469654
MPZL3,2.431907,1.2065499
CAPS,10.376913,13.892724
PAM16,0.36542448,-1.313186
PPIL3,-2.390984,0.38094395
EIF5A,-2.263114,3.128813
TEAD1,7.4405613,13.014219
SPATA17,3.2117367,-3.994225
ATMIN,-1.2815793,4.858764
WDR6,-3.1420696,0.94435894
CD2,0.46223196,10.400429
SLC17A9,-5.746853,0.5102798
WASH2P,-6.502122,11.396295
PPP1CB,3.3183334,6.1381164
YARS2,-5.175013,7.2817225
TMEM184C,-1.8353806,15.680839
SNAPC2,6.0762925,12.168151
PACSIN3,11.775803,-8.162046
CHRNA4,7.705004,-5.040765
IKBKE,-0.27640614,10.013814
DIMT1,8.916717,5.936981
BRMS1L,-7.8587594,1.1547235
RELL2,3.819928,-8.245813
BRF2,7.6408205,-1.4970986
ANKRD13B,1.1067578,6.1219497
HDAC9,-1.057606,-0.009362624
GPD2,-8.180848,-2.966997
TTC17,-1.3227206,-3.9974346
CCSAP,-2.6255715,12.319354
CAPN15,2.3054776,15.538707
MAN2B2,-3.3401508,9.581713
LRRC27,3.4409058,-2.4036212
GAB1,12.2211895,0.2399442
GFER,6.914541,-5.9551735
OTUD5,13.429494,-4.1240506
DCLRE1A,1.8035612,0.48069754
SPAG17,10.418801,3.0536952
UNC13D,12.943091,14.453479
IDNK,3.7326283,-3.2947621
PPFIA1,9.2658205,5.6730456
IL6R,5.1611733,10.764591
MTMR9,8.268576,7.703457
LINGO1,-3.6221027,-0.63106143
LSM11,8.016267,2.7473664
PLA2G4A,9.60212,13.273553
GNAZ,9.236003,3.5062692
RCBTB1,9.089224,1.4760147
NKTR,-0.6416333,2.4917445
MRPL34,-4.549192,-1.4112455
SYTL4,-4.8086224,11.502944
HTR2B,-7.215177,14.023718
FLT4,3.8564088,6.69362
DCTN5,-1.0244769,12.368028
CDH13,-3.5540376,10.776173
INSIG1,-4.9687886,4.1304173
PRMT3,-5.370154,6.8124614
DHFR2,4.551097,0.47701252
COQ2,15.327825,10.926274
SLC44A1,13.13954,-5.151606
ATRNL1,-6.843385,14.579493
MRPL45,-2.865977,6.376337
FZD2,-7.2476344,14.065933
ZHX3,2.9246688,-6.456311
FAM214A,2.2963376,15.523724
C1QTNF6,8.210096,13.430596
DDX46,-1.8347476,15.684548
P2RX1,-2.1436558,11.109207
FMNL2,2.9879982,14.825044
QSOX2,7.488924,5.754408
FAM114A1,-2.90926,9.8961735
PI16,-2.247755,-5.860854
GOLPH3L,13.989836,2.0565014
RBM38,10.200364,3.2258587
SHC3,12.290889,6.7385836
PPHLN1,15.074195,4.709336
C2CD4A,3.7924562,1.742702
COQ3,-3.3423183,7.375608
LY6E,11.916449,3.6953378
TTC32,5.0732794,5.4580426
CPT1C,12.291517,-6.4794188
TSPAN9,8.614103,-2.080776
CCDC134,3.8144794,16.664923
ATP9B,13.720089,6.511859
IGHGP,13.15502,15.39809
RPL36AL,3.794476,9.09141
SURF1,1.1728381,14.922234
TMCO6,4.628428,-4.108873
SMIM12,-0.2826375,8.099616
DGAT2,11.390188,-1.032022
IMMP1L,3.6999474,-3.1759505
CALCR,-2.3305602,0.2963926
POU5F1,10.492152,8.272666
PLXNB1,-1.8939979,1.2636074
ASCC2,-3.113217,4.0520205
CAPRIN1,8.283686,12.7357235
TIAM1,14.768676,12.700112
RFK,8.678996,11.839707
ZNF69,-4.186872,-2.8874705
FNDC10,4.5399084,10.802659
CDC23,5.945398,6.4901414
TGS1,4.7367773,-1.3948776
ZNF488,10.859152,9.9175
HSCB,-2.7808769,6.4280453
RFC5,5.7331634,15.45972
BMPR1B,4.866994,-7.632221
CLDN1,12.315557,3.7156157
MFSD9,1.7939472,-9.166449
XRCC3,0.35796258,-1.324085
HES4,9.118049,-3.55771
CMPK2,16.13345,11.76788
APCDD1L,11.529305,-2.7875953
FUT3,9.223378,6.82235
PLIN3,3.5313168,0.4971217
IGLC3,13.141656,15.373423
PAPSS2,11.656323,3.5674279
GPR161,-4.463445,8.66707
TSPYL4,3.699971,0.36174333
ZCCHC9,5.9473553,6.5993786
SCAND1,8.6398325,9.679694
TAF8,5.003094,2.3299022
TOM1L1,8.903912,1.5919502
EXOC3L1,-9.217781,-0.054067176
DHRS7B,3.907103,16.14058
SLC46A1,-4.018008,-1.8187681
E2F5,3.3449712,-12.097288
ZNF548,-4.180197,-3.536486
GPR107,4.193502,12.7222595
ICAM2,11.378657,-0.9604305
SAMD12,15.160817,-0.2939362
ISYNA1,9.6449375,4.0523562
ANGEL2,0.014722045,15.327415
ITPRIPL2,7.5028133,5.8943386
NFX1,11.521897,5.6492815
OSR1,6.9053736,-4.994082
SDR42E1,-7.164168,13.950201
TNS1,5.1232615,0.39687732
TSR1,11.117494,5.6608343
ZCCHC10,7.4476523,12.948286
VTI1A,0.120078124,-4.227987
ATAD2,1.117769,6.1292076
ZMYND12,3.6757967,-3.299902
R3HCC1,20.781004,6.0753703
CETN3,1.9602634,0.73865837
FOLR3,12.07021,-2.7785132
ZNF844,13.796553,1.9606098
CAPN6,14.106482,-7.2775016
ZFR,-1.1553507,8.465839
PAOX,6.3600674,-0.23690061
NFATC1,-0.49535,10.850163
DRC3,15.448902,11.073482
TMCO4,10.943553,15.739476
PISD,11.417249,5.7507286
SCARF2,-2.9993095,10.577684
AP4M1,-7.5372987,2.307853
TTC21B,5.9386363,6.536583
FAM210A,5.611998,9.840326
EIF2B2,8.590399,1.9373827
ITGA9,6.231344,19.731953
SEPHS1,2.8708868,-3.4421675
TOX,12.618877,3.5689585
HSPB1,-6.6438193,9.276774
SMIM10L2B,14.817792,1.1463124
YTHDC1,12.467692,5.716616
CLEC18A,6.9693766,0.20488085
TSTA3,-2.244754,3.0783427
COMMD2,5.5852036,5.8027906
TMOD2,-3.3043618,-0.36325592
PLXNB2,3.8236103,5.131715
FAM3A,-2.9881399,0.8163932
ZNF439,16.722311,12.040715
MLX,13.188932,12.056743
GPX4,4.378749,-5.7335286
FCMR,0.4724323,10.445784
PNPO,4.499484,-1.4648606
TNFRSF12A,3.1352093,-0.2790874
KAT7,-3.4643679,-0.74526346
SELENOK,5.2781806,10.635037
TTC33,6.7158203,18.226276
PPP2CB,8.307304,12.713417
GPM6A,3.8053324,6.7521496
COL4A3,1.8441049,9.83198
TRIM56,7.8492823,2.6725087
LLGL1,-1.3960401,0.473203
SOX5,-4.441129,8.643664
REG1A,12.968236,3.0851407
ABCD4,3.2491302,2.7120912
SV2A,2.1299868,19.040102
FBXL2,-2.3685975,0.33042508
LARP1B,5.703093,10.029655
CD7,0.11592804,5.0839252
FBXO6,16.713493,12.035033
WLS,7.176464,3.1919138
PRIMA1,-3.5383575,10.782182
ZNF333,-3.5601125,7.5940275
UBE2G1,5.758399,6.1806054
RAVER1,17.037746,3.9699633
PAN2,-0.22691248,12.141011
HOXB4,10.0173855,3.5076058
PRR15,10.90109,9.932515
FOXO3,13.620411,-5.484417
DOCK6,1.4385893,5.528459
TTYH2,12.949162,0.83232814
CCL15,4.2660446,3.7156994
ARPIN,2.2494912,5.2365236
SIPA1L2,7.6501946,8.391843
RPH3AL,1.1899219,0.9118641
ZDHHC11,10.88223,9.932029
TTLL5,-5.6200705,-1.7415674
MT1L,8.295168,17.378326
PARK2,4.0008802,-3.5305138
SLC12A6,7.8409324,-3.6556635
MEGF6,-4.3813305,17.962776
R3HCC1L,2.2930193,-6.1606383
PLD3,-4.1024933,-0.39946967
PUF60,-0.28438058,8.240107
CYTH1,-6.5571885,-5.097319
NDST1,13.714399,-1.380851
AXDND1,1.0884415,3.091486
INPP5K,6.3858867,11.077483
PUM2,10.310925,1.4169244
CTSH,-0.9890183,13.890736
GLOD5,5.000217,-2.6541517
NME7,6.690652,10.380406
EMC10,4.4886518,14.285663
ZMYND10,5.6273084,2.8706222
HYAL1,-4.20349,-3.576643
APOL2,-3.5506625,2.3630118
TPD52,-7.3064547,2.0399067
CXCL6,2.4843924,-0.9503835
TSKU,9.089889,6.732236
DDX20,4.4535537,19.182337
NLE1,13.223286,10.122641
HSPB7,2.3695676,-6.2108965
NOSIP,-1.4501245,0.43112773
PRDM5,13.756056,6.539209
CACTIN,7.7101197,-1.632716
IGLC1,13.15382,15.398133
CNNM3,-1.6141123,4.070789
KCNB1,-5.005994,11.2384205
NFATC2IP,0.35091567,-1.3325083
AHSA2,-4.0348206,1.6587294
EDN2,18.597872,8.066693
EXOC7,8.807425,9.826487
CAMKK1,-6.671193,-4.9859533
PLTP,-1.1563824,14.0803175
LMNTD2,-3.8966885,-2.8650663
UNC5C,-2.3094656,3.1679282
GSKIP,8.642912,11.943332
ASB9,2.9063263,-3.4481227
AVL9,4.4935236,10.814464
BCDIN3D,-1.6077013,4.061467
ADM5,9.0655985,-6.081955
ALG14,1.8962777,-9.711972
TMEM171,7.9191556,15.188139
TTC4,8.800351,9.81815
PODXL2,10.758715,9.8953285
COL5A2,-4.0750365,11.799089
CILP,-3.4990253,10.765228
ATP8B3,1.7447463,0.42440075
MFHAS1,-3.697487,2.0582614
RBM43,8.90294,-1.9203118
MAP2K5,-0.809489,1.9050505
ZNF169,2.1955795,13.002228
CHCHD4,3.7326615,-3.1650696
SCUBE1,11.753368,-8.112462
TM2D1,-8.234656,-3.011974
HOXA11,-6.8308287,14.594546
FBXO30,3.8052742,12.067169
NDUFB5,8.9840975,2.0456784
SNCA,0.87323886,3.283247
DNAJC2,10.879361,5.7687516
MAU2,6.7463636,10.348957
LBHD1,10.768563,2.7406123
DYRK1A,-5.6186395,-1.7414774
INSR,-1.2026527,0.4471773
SLA,-0.4801891,10.835967
H2AFY2,-1.852673,4.3856616
TMEM19,16.993755,4.4878745
FLJ16779,8.204161,4.0757937
EPN3,3.4746883,-6.750686
ZNF547,-3.1177347,15.68254
ITGA2B,9.859961,4.1536508
SOX9,12.853609,3.3706775
GSTO2,10.395968,13.911184
SRBD1,15.256537,10.834166
EMG1,0.678068,7.5140615
RNFT2,-2.747001,15.663397
DHDH,4.436579,-2.2218306
PHF1,4.587451,0.43390197
SAFB,4.532522,2.1193151
SH3YL1,2.876373,-7.8884716
POLD3,3.1327097,-3.9189177
KTI12,4.6487894,16.143625
EZH1,8.941642,0.88776964
CDK6,6.6445622,-9.143095
NFIL3,10.703248,8.437774
SLC30A7,19.090816,6.3204436
RBMS1,4.295107,0.41490903
TP53TG1,1.1240253,15.08383
EME2,-1.6728193,0.57015103
PHLDB3,16.99216,4.111665
SMIM22,-2.7879887,5.375358
SNHG8,3.7867093,9.09274
ZNF620,-1.677163,-3.6547797
NUDT9,6.5169244,10.269316
MNT,3.116215,-0.51922053
HP,12.931642,3.6809556
AMBRA1,13.43192,10.542201
SASS6,8.908338,-1.9011577
SLC2A12,0.08936312,-4.2807508
FOXJ2,4.3491855,-1.605015
ZNF134,0.02657286,5.1107793
GLYCTK,4.383777,-5.72955
MKKS,15.218415,-2.01692
RGL2,9.953229,3.5960422
JTB,-0.7758792,-4.707935
AHRR,9.065261,-6.0831347
EPHB3,10.553734,15.431565
MISP,12.182202,7.3068147
TDRD6,13.212634,10.105775
AP3S2,2.888523,-7.866999
LAMA3,7.316359,0.711627
AP4E1,1.1855187,2.564133
EIF2AK4,-1.8003649,15.738582
AKR1C3,1.8892195,-9.164853
CLDND1,14.837546,3.5992877
CARS2,16.260529,0.093980536
IFNLR1,13.639463,-1.5075085
ARSB,-4.6679344,-8.970884
FHL5,-2.9096653,9.892624
TAF6L,-2.857251,15.645082
RIC3,-3.9578502,12.215335
CMC2,8.976144,2.1226814
SIGLEC10,-6.952576,4.7700896
SMIM10L1,-7.066259,2.0165207
RHOF,17.425753,4.786548
NFKBIE,3.2657437,2.1467009
HNRNPR,8.879477,6.002586
NPY1R,-3.9499166,12.221038
TSPAN12,5.7047157,6.297264
QARS,16.33326,-1.4154261
RNF111,-7.788008,-2.6766603
NOS1AP,-8.186353,-2.961045
CYTOR,3.1586845,0.8389103
CMTM4,0.74761415,10.777853
ANKRD40,-1.836247,15.6733675
RABEPK,8.401998,14.200141
GPATCH3,4.5588365,16.11326
CTC1,3.6704555,-3.0362659
SNHG16,-0.47551817,12.235976
CCL2,9.11504,-3.5555685
KCNAB2,7.160321,0.48466843
TBCB,9.99971,-4.5978703
RNASE1,-6.6617413,-4.9960413
TRAPPC2B,-3.8953254,14.09649
ZNF211,-3.9770796,-0.6493069
BLVRA,1.7027876,-9.175622
CD300A,0.036895286,10.663368
AK1,4.7167206,-4.352203
NT5M,3.0131688,-6.503673
BLZF1,9.784518,17.304169
CYP2E1,0.8289938,7.538875
AMPD2,5.0610204,7.2546062
LRRC14,-1.2606524,0.10109277
BOLA3,-3.3143642,7.2430882
TRAFD1,-3.4532242,2.4670138
FKRP,3.8720536,16.577047
ALDH1L1,6.920725,0.14335413
SLC37A1,2.8507013,-3.5447514
NIT2,4.277751,-5.814404
SNAPIN,17.236328,0.14125356
SERPINI1,-4.682193,-8.621487
AP3B2,12.94334,3.2138383
IFI27,16.103237,11.733712
TEX30,2.867268,-7.9092436
SRSF12,3.2847435,2.5986168
CAPN12,8.15868,4.0790653
EFNA1,11.134991,7.6256194
POLR2B,0.52015007,7.335917
CMC1,7.664882,6.0921593
CLDN14,9.373878,2.700645
SRI,9.588627,17.494001
AKT1S1,-0.976114,2.1843486
ANKDD1A,-3.6243668,7.6496544
ISG20L2,-0.32360026,7.989813
ASB15,5.096171,-2.5865977
TRIM17,12.770128,2.907335
RUNX2,10.718756,11.336823
HPSE,7.0541906,3.3232017
ZNF391,14.718209,0.9748171
F10,-4.4566174,18.034544
FCAMR,7.757678,-4.070466
MRGBP,10.499006,8.275458
PGBD1,3.95556,13.271046
CDCA3,8.1049385,15.87102
PRKCDBP,3.8828747,16.293825
ZNF236,3.605788,0.3310632
GMPR,8.415227,-7.9537473
SMAGP,5.330387,7.3021817
NIPAL2,10.1961975,-4.81702
CHD4,-4.260961,-0.20307516
ZNF71,-3.1228533,15.664814
DTWD1,10.169867,9.957026
CYP4F35P,13.56373,-3.9911325
PSMB3,-2.2161658,3.0746517
LAGE3,1.0006176,15.321399
SRM,8.76474,9.816777
PAK2,5.012865,10.739783
TAL1,11.372191,-0.8665544
MRPL52,-3.3264945,6.8267417
COBL,-3.5777996,9.381375
CLMN,10.469076,15.20078
UBA6,3.6764119,1.6870488
ATP6V1F,-3.3210428,6.8126755
CHORDC1,-6.641793,9.286153
CA8,2.616457,-6.3384156
PAFAH1B3,8.634231,9.676846
PCDHB14,-1.0002038,7.35924
UBASH3B,-2.0060847,-5.644233
PCBD1,1.4131161,-3.6054437
TIMM10B,0.21621603,17.793575
IYD,4.2542725,3.848914
LYPD3,-1.8525559,4.3785405
TFB1M,15.301726,-2.0013156
ATP12A,11.436671,-3.3104494
FIP1L1,-4.0311913,1.6448685
MYNN,1.2360393,2.5300949
DNAJC7,9.209494,5.7206187
EEFSEC,4.4658647,-5.6580567
GCNA,14.962256,13.629654
CHST13,7.69006,-5.179639
HINT1,2.2341418,-9.168969
RAB28,10.424741,13.981472
ST6GALNAC4,3.5369964,14.717649
SMIM1,5.251142,-3.599283
RABGAP1L,5.930258,6.5396633
RASEF,6.4899163,10.250296
ITGA2,10.035997,-2.6792288
UBE2Z,3.7615836,14.280746
TMEM37,-4.1914563,-2.8781009
CASC4,7.0403485,18.442154
PRICKLE1,-5.517881,8.432993
IL11RA,4.0192213,-3.5614874
POMGNT1,4.50586,14.388972
ZNF597,11.115997,8.983403
SLC25A43,7.7911153,6.0359592
PARVA,0.3997646,17.620813
SLBP,8.246493,12.772062
PARS2,2.516309,-0.9153161
DNAJB9,5.6347084,14.431368
APAF1,3.4630408,11.986383
ASRGL1,-4.2395973,-3.5189
CMSS1,8.411358,13.983034
MRPL19,1.2996656,-3.6720912
GLMP,7.888694,-3.2984104
SLC25A35,3.6318338,-6.7911677
PTCH2,-2.8167727,11.203962
SH3BGRL,7.8448577,-2.1191409
NVL,4.6052513,19.325022
PPP6R1,5.9216223,7.417831
UBXN2B,-7.154969,2.0488057
MVB12A,17.279125,0.2585598
PDE10A,-4.4074855,8.607627
LY75,15.339281,10.941658
ALB,7.750385,-4.746625
PDHA1,7.5567102,2.3619065
IL34,-9.5523,8.036319
APBA2,13.470635,14.031004
LHPP,3.216695,-7.3197308
SLMAP,9.714142,17.367277
MRPL46,2.2925522,-9.387233
KCP,-3.5722713,-3.218798
LRIG3,1.2617874,3.1181219
MVD,9.18271,-2.9624374
ELOVL5,10.982701,5.769353
RUFY3,11.960112,7.1772046
HNRNPH1,-0.5805738,2.5253267
PHLDA3,-2.8901067,11.163462
CMTR1,0.35111272,4.6903534
DZIP1L,3.3435633,-12.095024
B3GNT5,3.2720935,2.6401834
LRCH4,-4.332117,8.554858
BCKDHB,1.3242947,-3.6636279
MBD6,-1.7937922,0.86058366
CSAD,-4.05025,1.6621798
ZC3H6,-6.64063,9.266069
SPPL2A,3.9420679,12.340745
RAB2A,8.677199,11.841577
DHX9,-5.022341,7.30476
C5,11.269033,7.49523
GDPD5,12.944089,0.82502306
KRT7,7.2863503,0.6808962
SNHG14,0.5420635,4.8122087
H6PD,1.9173638,0.5674645
RMDN2,-8.526999,4.7060633
TRAM1,5.0066547,13.623564
UFM1,8.742356,11.754166
PHF11,16.054813,11.719663
MOB4,8.183536,8.1678
APBB2,-0.24562445,8.231451
GNPTG,4.506636,14.391668
CARMN,-2.590913,11.16501
INCA1,-1.761547,0.84315866
COX14,-3.3109956,6.8022265
TMEM59L,-2.6976655,9.454645
NCF4,0.27844355,10.356168
GLTSCR2,15.94301,8.959399
TNXB,-2.6324387,12.153208
TSPYL1,3.067387,-3.482703
TMEM81,9.992016,4.6630774
SLC38A4,4.4446173,-1.5097213
POLR3GL,6.2177863,19.718002
GRAMD2,-4.1519456,-3.4596808
TSG101,5.800882,10.596808
CRADD,4.4497547,-5.671209
THOC1,-0.33761644,2.05081
AKT1,2.7150364,14.894366
TBC1D8,-1.480579,-3.8116634
ATG4D,-3.0891504,0.9042118
MYCBPAP,0.82694185,8.176633
CORT,2.694074,-3.389757
SDC2,2.2994916,-1.8616612
LRWD1,8.782516,9.806428
NDUFAF5,0.5536155,13.792487
ZNF286A,6.857747,-0.4118912
TMEM91,6.2157097,10.640421
JAGN1,3.9089546,16.145943
AVPR2,4.8751945,-7.6385155
GABRA2,4.5101867,-7.378683
TMEM63A,11.301728,-7.745577
LILRB4,1.8715316,14.227981
LRRC56,10.121019,3.3036454
CHIC2,3.3148308,6.130335
PRELP,2.209739,8.920742
RPA2,1.143979,2.4348183
SLC22A5,-4.6838427,-8.503981
CNIH4,-0.9176449,6.052435
KCNN4,12.974393,14.826202
ZNF350,-4.0056796,-3.2221384
PRR3,7.985794,2.7487612
AASDHPPT,2.816361,-7.9555736
HES6,10.073277,-2.7396464
MAPK1,8.176369,7.651732
JUN,15.862611,7.6718707
MYCN,-3.9958246,-1.8267645
CNTN3,5.648433,4.0026026
ANKRD26,-2.0564258,1.9357293
UBE2G2,12.455921,6.7114563
PIGQ,11.40742,-3.3247838
TPCN1,6.956805,0.18804759
TMEM5,1.6344309,0.3533312
NUS1,8.718232,11.77562
LMBRD2,12.234249,0.22942084
GPAA1,-1.8177421,-0.47108954
BEND5,2.341039,12.944575
MDH2,0.5936118,13.890547
CYP2B6,4.2445087,3.7141762
POLR2C,2.1956627,-9.361769
TPBG,2.8381367,-3.4112256
SLC25A22,16.811317,4.986971
SLC9A3,2.5272574,-6.301381
PSMC1,0.5297224,8.218412
ARFGEF1,8.668125,11.893483
SSH2,11.643087,-3.5340238
INTS7,4.408627,-1.649043
BICDL2,11.020053,15.806091
IPP,16.97543,4.4538946
CP,-3.3327045,9.587673
HNRNPUL2,13.729114,6.5115876
PDPK1,1.4806358,-3.5455403
UTP14A,10.849476,5.719484
ST6GAL1,12.624078,3.5705662
PRPF8,15.812954,6.257352
SPRED1,7.597525,8.439213
AARSD1,3.7274032,9.024672
IFT20,13.202768,12.059804
FLT3LG,10.011655,4.199347
HOMER3,14.8043375,1.1731324
DFFB,4.5712457,0.44872382
LMF2,0.50466335,4.8615856
ANKRD11,15.808917,6.257131
RAD51B,-5.5146713,2.5021884
STUM,3.4705377,-6.737448
KIAA0040,12.440366,5.715639
PNKD,2.1179488,9.76843
UBE2V2,10.615839,1.0485657
YBX1,0.38566524,17.623001
RAPH1,13.241568,-7.0292435
GLRX,5.7099543,6.3374596
RAB40C,-1.7493321,-0.36313727
DENND6B,5.9000735,8.008607
P2RX5,0.43124866,10.405463
ITGAM,1.8792906,14.225341
PRPF18,-7.6348515,1.4595666
CMAS,8.722677,11.802078
DCAF5,-1.1098324,14.02933
SH3BGRL2,0.123484224,-4.2254667
MROH2A,7.695577,-5.410071
SWI5,7.5709896,5.8993487
DDX11,16.758413,0.13785581
PICALM,7.3660088,13.071756
WDR86,-6.830736,14.5946245
NR3C1,9.2079735,-2.9353547
ZNF607,9.204921,4.727077
CAMTA1,7.483623,5.8116446
S100A13,-3.9101539,1.7765508
L3MBTL2,6.968733,-5.390784
EXOC3,10.455708,4.133467
SLC9A8,2.2801652,5.2446675
CLYBL,8.676937,1.8372627
CPM,5.133009,13.492925
BATF2,16.725306,12.044253
TRMT12,15.981652,-5.201783
CTXN3,4.958089,-2.6807468
SCN4B,-3.9907162,12.174962
CORO2A,11.274689,-7.7115417
FTCD,7.7773466,-4.331651
TRIM10,4.2925544,3.8694453
GRIK2,0.89735097,2.8611307
GLI3,3.9732761,13.288207
SMUG1,-4.5496106,-1.4133162
TMEM132E,5.1719413,-2.6305797
NEPRO,8.848598,5.998119
TSPY26P,3.2659793,-6.6558075
ZNF592,12.514212,5.711907
KCTD17,0.48860767,-1.1940532
SOX12,-1.7177548,0.23983361
ENTPD8,5.147138,-3.615338
RNF181,-2.392837,8.15396
FBXO9,1.9820864,0.5426291
ARL8B,8.0369005,7.7927995
CCNI2,11.285479,-3.414543
GIPR,4.5792313,-2.775866
EFR3A,8.722212,11.777225
SNX15,1.034138,15.2674885
UBTD2,-7.62795,1.4477098
PFKP,3.1072392,1.2328854
EXOSC9,0.79720336,7.961638
ANXA11,2.8392851,14.994251
SNCG,-3.5823982,10.732921
SELENOT,6.519894,10.4107895
COL21A1,-3.5402017,10.7787485
EPB41L3,-1.505158,4.621619
RARA,-8.368685,4.548122
SELP,-9.186999,-0.07344755
FOXK1,-8.479335,4.6541963
PATL1,7.6118045,8.424843
DEPDC7,7.0128193,0.27431297
ZNF239,-3.1275349,15.671121
SPNS3,3.2388763,-4.073788
LSM14A,7.066496,18.460468
FIGNL1,16.598417,10.226263
MTSS1,1.272942,3.1182947
TPGS1,8.486569,14.057134
PLSCR4,3.9069934,16.468355
TRAPPC1,7.4937644,6.356804
TRIM6,2.8594885,-7.9038806
ESYT3,11.18357,16.032541
GPKOW,8.612226,9.650908
PAQR5,12.827991,14.547428
NQO2,5.9838057,-1.0377927
GPX7,-2.3153923,9.381043
ATF7,-0.40294254,12.226448
IL17RC,-4.036457,-3.3526442
HN1,12.944074,3.6756742
THSD7B,10.503844,9.734306
GYG2,11.396272,-1.0309234
MAPK11,9.066652,-6.0803814
ICA1,-4.019894,-3.1790845
DPF3,6.3651805,-0.8015964
SEMA3F,14.876781,-3.2361214
ADAMTSL4,-3.332926,9.531953
LPIN2,5.327278,7.2153196
CAND2,-3.6170278,-0.6066439
TMEM160,8.487345,14.060278
NAV1,2.0979047,19.069656
ZNF25,16.254646,0.095945396
PGP,-1.7485567,-0.3637497
TMEM102,4.482206,16.074158
ZBED4,5.6599493,5.989591
PNPLA3,6.7439995,-0.06642945
IFT27,-1.4805398,-3.816322
EGLN3,11.240454,7.522524
ZNF35,-3.130972,15.651208
CBX1,-5.520093,2.4996104
FMNL3,1.3811318,5.8686996
PTAR1,6.6757646,18.20926
ACTB,15.9126,7.6152844
THUMPD3,6.151595,10.542488
NFYB,2.503399,15.089128
TBL3,13.364317,10.471584
CDC42,9.941395,2.218812
CD274,12.308916,6.7013865
F11,4.3939247,-7.2870283
BORCS6,-1.2927631,0.098973505
TMEM208,13.335341,10.469794
PI4KA,13.539811,1.73014
CDCA7L,-0.8518842,13.773373
ATG16L1,13.373445,10.46144
SREK1,-0.5882088,2.5336518
TMEM110,6.4986835,-0.31739718
SCN8A,7.686441,-5.4090037
KLHL9,8.046157,-2.3671973
TAF9B,-0.6369223,12.20501
ZNF324,7.9338617,-2.722098
P2RY11,17.099203,4.5249834
DLL1,9.0672865,-6.0833917
SLC25A34,5.1878242,-3.6709642
KIF1BP,16.588778,10.2318125
C5AR2,4.5790496,10.798899
SHF,-7.1775756,13.96799
SMYD2,8.57471,-7.3565035
POR,3.9334323,16.065218
TRAF3,0.86025316,4.753624
TTC34,-5.368482,9.791574
USF2,-7.1638885,13.949906
LRRC23,7.504704,5.7971854
MRPL14,-2.2222798,3.078153
MEI4,4.2192254,-2.967755
ROBO1,-2.4243448,12.677393
PPP1CC,9.671546,17.417252
RNASE4,12.961839,2.790427
CTSZ,0.9514413,4.792408
KNL1,6.431212,-0.8535741
HES1,3.5545998,-3.35758
MFSD13A,0.5832085,-1.1855959
KDELR2,5.12892,13.488337
ZFPL1,6.078844,12.16556
MYBL1,13.365613,14.13155
MCM7,5.690546,15.473213
CCNG2,16.351664,6.5438023
FAM153A,13.417299,-4.135913
LEMD2,3.5353968,14.711638
FRK,1.2505584,-3.7014625
TUBA4A,-0.53648186,7.77605
KLHL2,3.8472044,1.7149379
ETV5,2.9726045,-6.4699497
MANBAL,8.66532,9.7073
OSTM1,-4.702217,-8.23463
ANKRD10,3.1915205,2.8452897
INPP5A,10.941884,11.875122
MRPL48,-3.339105,7.3764033
ANAPC5,0.9979707,15.325905
COLGALT1,8.916019,2.0336218
CYP24A1,8.210191,4.0789022
COL4A3BP,5.7273135,7.543874
CKMT1B,3.8108006,16.682545
AFF3,-3.1018765,10.8871975
ZNF697,6.6586976,-6.175854
LRRN4,2.3392627,12.949449
PEX3,9.090403,1.4817938
PCDH17,2.650709,-0.75551915
COQ6,4.3772793,-1.5167896
DCAF10,6.264429,10.949242
FUS,-2.0635738,1.9677116
P2RY6,14.9588,-3.3041642
LPCAT1,4.0504923,-3.319347
TOMM7,3.7886863,9.095177
PTPRA,2.3221939,-1.8862735
MFN2,6.5056305,-11.073531
PXK,-5.51972,2.5009885
ALKBH5,1.8448904,9.858356
FGD4,3.964561,13.281414
PTCD3,-1.5686877,-3.7528791
DNAJC13,6.448642,10.244625
RAB6B,4.748378,-4.402173
DOCK7,-8.185033,-2.9705658
OAS1,16.332912,11.80824
HLCS,10.377821,13.893724
NIPA2,9.33053,5.662311
GCNT2,-4.197549,-3.56188
NAP1L3,10.095821,9.802198
DNAJC30,15.259052,10.837624
SLC25A29,1.19187,0.909436
FXYD3,2.842996,15.009441
NKRF,7.8681383,8.20344
HADHA,4.4344535,-1.5275455
TYW3,-7.779772,1.2528253
GTF2IRD2,12.29206,6.7031384
ZDHHC2,9.336859,17.593218
SLC25A23,-5.2706213,-6.2196255
SLC15A2,3.2180305,0.7330309
GYG1,-4.0378056,-1.9819762
ASNSD1,13.20138,12.05774
DDX6,16.755117,4.3434076
PNN,3.1906629,-7.356966
WDR70,12.48602,6.7247267
MYL6,3.4313385,0.5806349
THOC2,10.44469,5.8771267
POU2F2,-0.19533353,10.078662
PCSK5,10.441103,13.965796
IFIT1,16.295612,11.762086
ZRANB3,0.9408056,0.48001516
RSG1,-1.6384214,-3.6858923
ELOVL4,0.90213,2.9339252
CYP4A22,7.7792935,-3.998929
APOPT1,11.994952,7.217281
DIABLO,6.3375764,10.554985
RWDD4,9.445827,1.7150947
WDPCP,4.2462006,-5.8435407
KIAA1586,8.630157,11.975502
ZC2HC1C,-3.3638475,7.401609
ZSWIM7,1.6262373,0.34379485
ADGRE2,10.248742,1.4099264
SUOX,-4.14817,-1.5433565
SYDE2,-3.9535348,-0.9743971
PPP2R1B,4.155408,12.674454
ITGAV,2.7930796,-0.58251333
POT1,15.299626,-2.003531
DCTN4,8.188826,8.174062
CAMK2A,6.9934506,4.570379
ZNF841,-1.5543336,0.3622415
RAB4A,5.506947,5.6186666
MAPRE3,11.756557,-2.257959
DNAJB6,-6.642946,9.273224
PRPF6,1.1574663,2.410172
SGCD,-3.964436,12.2153425
TMEM87A,3.6515713,-3.231103
MLLT1,5.288834,7.3636208
UBE2S,8.409958,13.980928
CLCN4,9.459153,7.056177
ENOSF1,6.059503,-1.5734696
DOK7,-0.8244396,13.682405
PRTG,-1.6810544,4.1515875
CKLF,-2.171999,-5.792828
GPR157,-1.7818556,-0.39307255
ELMOD2,4.4321685,19.163036
MICAL2,1.3353683,6.0320807
PBX1,3.821307,1.8351164
METRN,-4.4120984,-1.5607597
LYVE1,0.35917276,5.0424657
WDR60,9.390098,2.6823814
ZNF512,4.3817625,-1.5768304
JMJD8,4.481493,16.069986
PPCS,1.3899544,-3.6258616
RIMKLA,12.1192,7.28045
DDX55,4.6049776,19.3257
C2CD4B,2.5393617,-0.8859629
COMMD7,17.225458,0.22928861
PTPA,-2.453749,0.41869244
ELOF1,17.229519,0.24485612
CRTAP,6.321498,1.4982529
SPATA24,4.487483,-3.4274714
ARID4B,13.671673,-5.5380054
AHCYL2,1.4724548,-3.5569224
RHBDL1,3.9077785,-6.2855787
RNF212B,5.086151,-2.606816
MTMR11,8.177313,4.0803065
EMC8,-2.105764,2.2216191
FAM109A,8.551598,-2.1352458
ZBTB7C,-2.4311635,12.681063
HIST1H1C,17.67597,9.470525
ZNF222,-0.3365141,2.086509
ILF2,-0.23915996,8.005605
CARMIL3,-0.79206944,1.9195008
EIF6,1.7752749,-9.206592
PPP3CC,2.1283448,19.035183
COG7,3.7198992,-7.058264
CPN2,7.9749913,-4.3271165
PLXNA4,-7.381503,14.266264
GNG10,8.73981,11.753079
EIF5A2,2.827111,-7.9509945
TRIOBP,1.2223399,0.9659806
FTSJ3,9.043634,10.235251
SHC1,2.2853923,1.1485264
MUM1L1,5.61775,3.9441571
SDR39U1,10.252048,19.402851
AGPAT2,-6.7809057,5.5001664
SNRPB2,2.4241045,-9.440879
NORAD,20.78116,6.0755024
CH25H,-6.830939,14.594245
ACOT7,4.2083793,-5.879551
ERI1,0.86946183,4.7550173
POLR2L,-3.3257043,6.823832
UBC,-6.60949,9.333996
COQ8B,-1.1470819,14.069065
PHF14,-8.480875,4.655377
HAAO,5.992344,-1.0328488
IRAK4,2.8439403,15.021157
SLC51B,6.942977,0.22408521
NIF3L1,5.7349095,15.4590845
PHC3,0.057694606,15.298853
TMEM258,6.535866,2.1680472
PIGB,4.9568706,2.2884436
ACSS2,4.256785,-5.831708
PPP5C,6.505044,-11.072927
SLC16A2,-4.6809506,-8.419303
CCDC88A,11.511075,7.1522775
AP1M2,15.47347,11.108706
GOLGA4,-1.8386085,15.66416
ANO6,-0.23284167,-6.8256855
MIA3,12.777017,5.807974
EIF4A3,0.49591038,7.3260236
GMPPA,6.7482085,18.234987
NAPA,-2.278189,3.1379838
EIF2AK1,5.5356765,5.728645
GBE1,7.8712425,12.963848
GCSH,8.409112,-7.862679
LAPTM4B,3.9573662,12.370853
PGM3,-0.34486267,7.9219813
NEXN,-2.4995482,11.155976
DTD1,6.0015645,10.404026
PROSER3,15.310859,-2.0147388
ZCCHC24,10.391611,10.60539
AK7,15.160864,-0.29396713
CCNF,4.4156075,-1.656877
CHMP1A,2.2987342,15.516259
LMO3,10.625517,11.133477
ALOX5AP,1.8827395,14.13978
LILRB1,1.7192692,13.685923
KIAA1549L,10.942606,15.712795
SEC61B,-2.3745077,8.169756
MAP7D2,4.729903,3.4977298
MUC20,6.9875674,3.3808894
KBTBD12,12.044259,-2.7956166
TRPM5,11.704794,-3.4102962
TUBAL3,7.8037047,-3.9697475
DCAF12,1.1844964,8.066024
ZNF611,11.813969,5.5022645
ZNF23,-4.0815043,1.6489946
ABO,-1.4893279,-3.8134956
EDEM1,2.9828446,14.830201
ZNF624,3.1576157,-0.549343
IPO8,8.2691345,7.697863
PDGFA,0.7743458,-0.14732191
ABCC2,7.690567,-5.179264
TMEM154,0.35934642,10.469972
PPP1R14B,10.105927,-4.7039285
PLSCR1,11.932328,3.7489698
DDX10,8.420518,-7.8538556
TMUB1,14.680387,0.9370981
EDEM3,-1.3224254,0.6236352
PAK1,5.68144,4.0434628
RHOD,5.277445,7.217111
NDOR1,-1.6671256,0.5989152
SEC11C,-0.9152332,6.0503244
ZNF385C,3.5037584,-6.7910204
BOD1L1,19.090996,6.3201995
KLHL29,10.394422,13.907055
FBXO45,-2.9166698,5.258489
TOP1MT,4.758325,-1.3843275
PEG3,2.961463,-6.480907
CASZ1,6.6953387,-5.211731
POLR2J3,16.986443,4.215239
NIPSNAP3B,-0.25908634,8.243342
RPS6KA1,-0.29090124,8.25577
SEC22C,-1.2529169,4.882654
PRAM1,12.529614,14.531549
ANO5,3.9191072,-6.9951625
UBR7,-1.1316718,8.4775715
GOSR2,7.8725324,-5.515445
LCOR,7.0062327,18.41829
DPCD,7.4973917,6.330294
ZNF74,8.832212,-3.4257095
SAA1,16.771996,8.161993
FST,-3.214357,9.674689
E2F6,4.584489,19.302942
MRPL2,17.832962,-2.5207646
ABHD3,1.7730665,6.523947
RBCK1,-3.5289817,2.4069173
DPM2,10.182938,-4.810183
CCDC85C,-8.52762,4.700954
AHDC1,5.450877,2.8458807
MCU,6.738509,10.357239
PSMG4,6.993765,4.576826
BEX3,0.36161518,13.574726
SLC5A9,7.597112,-5.2089996
GUCY1A3,-7.3815465,14.267864
LRRC43,4.473549,-5.6430545
NACC2,13.729842,6.5135584
VPS33B,13.370253,10.4824705
ST6GALNAC6,0.57538515,-1.0646712
DCLRE1B,-2.3319714,9.389795
DPYSL2,10.586414,11.036554
SYTL2,-1.8530082,4.389884
UPF1,-0.70483184,3.0139806
SMARCA2,-5.5872617,2.4501462
ESF1,1.2516067,2.5852807
ZNF746,7.96017,-2.3761916
TRPM3,4.459425,-2.8938632
RNF180,9.072655,1.5039989
B4GALT1,2.094438,-5.9735084
ZKSCAN5,-1.6234485,4.09023
UBFD1,-6.652482,9.252796
MARCH2,9.063891,-6.08096
COTL1,3.0771842,-3.811562
CHCHD6,16.806814,0.12085415
SRSF3,-5.5590386,-5.954838
TMEM268,5.602,13.489792
DDHD1,4.1935015,-1.3771459
FRMPD1,4.735673,0.34758896
PBRM1,1.2016478,2.5616868
DLEU1,3.7465656,-3.1416874
NTNG2,2.0697675,18.973001
GPRIN1,12.663865,3.586561
PNPLA2,16.973515,4.495229
EPHX3,-2.8025181,5.3558807
CYP27B1,7.619258,-5.223511
H1F0,5.206025,7.4411445
FAM126A,10.961948,12.401227
ZNF785,0.4674717,7.278281
SLC10A3,15.214777,-2.0624545
NEURL3,0.78075796,-0.40730575
KIAA1841,8.6137085,1.1945599
GRHPR,3.945477,-6.185186
LZTS1,-2.3250477,9.369169
MYH7,4.7030296,7.5443377
NOB1,12.561343,19.140154
ADAMTS6,-3.719592,10.76212
NEDD4L,11.967714,-2.9534972
SGSM1,6.955613,4.5215883
TRPV6,3.6589339,1.8674929
IFT122,10.117175,3.3063765
SSPO,19.09114,6.320287
TSPAN4,-7.399532,14.289405
MTHFD2L,-5.7236767,5.5803814
HPF1,15.298958,-2.0044873
RAC2,-0.9789106,-1.5170666
TRAF1,13.019718,14.878515
NOL10,8.917463,5.938987
GCNT3,12.72221,3.7055912
ACOT12,2.8469892,-3.4123056
KIF22,5.6935053,15.471544
DCAF16,-5.446245,7.51686
RAB3IP,1.0078003,-3.6178484
F5,0.93589383,2.9415755
PMEL,7.4984474,5.7490687
MON2,13.034924,9.0481415
TAF1,0.95601517,15.394732
KCNK10,4.9414473,-2.6823618
CCDC146,-8.517757,4.6981854
NAT8B,6.379637,-0.8274932
LRFN3,7.9807315,-1.7448112
SPPL3,3.8626602,16.552252
HOXD1,-2.3504925,4.115053
NUDCD1,4.2832713,0.42356727
CYP39A1,17.41953,4.776136
BBOX1,4.291797,3.996471
FCGR3A,2.0294642,13.63128
TRMT13,-2.8846915,4.081673
MED27,3.83659,14.326604
NUGGC,6.0629125,-1.2647165
VPS13A,-4.6642256,-8.976485
WDR61,6.0841484,10.468372
MBOAT1,12.3267145,6.744571
CAMK1D,10.347104,10.707283
PKIA,-8.191392,-2.9658203
VMAC,5.6080832,9.834577
PLEKHM3,11.361044,5.745398
SLC4A1AP,-5.1645017,7.2589464
DOK5,0.76356643,-0.35346696
INPP5D,0.77653325,10.809908
ALDH16A1,10.247738,19.388844
TCTA,-3.5326254,7.55857
DDX39B,4.438894,1.4388994
RHOT1,-0.0130008925,-5.73394
DDIT3,18.58746,8.059229
ZNF7,2.2569938,5.2608633
ABLIM1,5.706033,6.3036857
TMTC2,-5.520293,2.5017765
GUCY1A2,10.703931,11.344453
FOXA3,3.899526,1.6362873
FANCF,9.026753,-3.5756392
TNS4,4.4165926,-7.2972307
RSBN1,-1.0051019,13.911326
ZBTB22,-3.1056757,15.677478
PDGFD,10.641411,11.1775255
PRMT1,11.431387,5.755404
INVS,7.5149484,5.8989506
ZC3HC1,4.5772142,16.11316
ZNF76,1.0895395,8.0408945
MYEF2,11.84833,5.4528394
PTRH1,-5.006326,11.234483
COL4A1,1.5777764,6.2743587
LSM14B,6.067347,-1.4966176
PGLS,6.0765753,12.170785
CA13,7.426737,13.021864
ZBTB11,0.039582234,15.316915
ACY3,4.3291717,3.9940233
RNPC3,2.3592386,12.91938
NKAP,9.241064,17.45988
ADSS,-4.009281,1.6759719
ANKFY1,1.2168862,2.5459595
LINS1,10.327848,1.4464463
KCTD2,9.223787,-2.885575
PPIG,-1.555016,0.4034787
RNF122,4.16198,12.680754
SPIN1,10.149282,1.4365299
TMEM62,0.3510573,4.6918526
SNX2,8.638923,11.971374
CDKN1C,0.12459544,-4.2137833
SHISA4,11.969929,-7.7423615
ZADH2,1.4564337,9.199715
SLC6A1,-7.1780133,13.969717
FAM76A,5.594064,9.811398
RGL4,7.5947566,-5.1188293
IMMP2L,-3.477549,7.500526
RPL6,5.554132,5.234811
TRIM13,9.238374,5.6975527
CNOT3,2.6077344,14.90263
SYNCRIP,-6.463763,11.346096
SLAMF1,0.6430307,10.684961
GPNMB,11.957397,7.1918726
METTL26,16.782505,0.14646699
SRRM1,2.5310583,-8.723807
PCMT1,-3.895369,14.098232
GNLY,13.3832855,14.112622
PCF11,2.516518,-9.463296
SQSTM1,4.386923,10.846273
FAM43A,-5.605284,-1.7347941
CSDC2,6.922045,0.14857194
CLIC2,-2.3457124,0.30984464
ZNF813,7.498829,5.906641
PHF2,3.7460697,-3.1612575
ATL3,12.173777,3.9999728
ZNF487,13.541489,-4.008627
KLHL12,16.93886,4.50774
CTNNAL1,7.0828724,3.2381988
NUMA1,9.458096,3.4236424
PMF1,8.64968,9.675815
F12,7.9228835,-4.2760057
NDUFA6,8.63231,1.9484714
PLEKHA4,1.8161135,5.0240993
LMAN1,3.8362627,12.185225
PTPN9,1.1506436,8.046314
LTA4H,6.1911826,2.0313137
GTF3C1,7.9333735,-1.7118676
HDAC4,12.017328,3.8000104
MYOM2,4.973236,-3.5718424
CHID1,4.4980345,14.387419
NIPSNAP3A,2.4702902,-3.962709
ZGPAT,6.3888044,-0.32257503
SLC35B1,-0.42046553,7.854121
FKBPL,4.5846367,16.108217
RHOU,-6.5706186,-5.085229
INE1,18.59946,8.068235
PNPLA7,-4.045125,1.6651218
ARHGEF2,1.1233177,6.0969286
MSTO1,6.2353272,12.047863
PTPRS,2.4583683,-9.428342
RNF212,3.5890148,0.2090519
SIL1,4.888112,13.870609
CBX3,8.611922,11.915754
SLC2A1,-2.4707515,4.0438776
PPP1R12B,10.957098,12.001827
PAPSS1,-7.7513003,-2.634795
CELSR1,-3.945554,-0.9891764
TMEM185B,13.3577,10.465227
PLEKHF1,12.176901,3.9716544
BLOC1S4,-2.0962124,1.9600242
ERBB3,5.185653,2.6537623
FAM78A,12.824612,14.574756
PCOLCE,-3.9969661,11.835919
TNIK,12.1760645,7.3018575
GPC3,-3.5060654,10.789138
PCDH1,4.5078382,14.3941345
ZNF681,3.152608,-0.55384475
PKN1,-4.7119026,11.63339
PHF5A,10.831652,5.717915
PDIK1L,4.655793,0.4282948
CD99,1.1155584,6.1235495
PIR,13.113395,3.7767425
UBAP2L,0.51406264,7.3313003
HDLBP,-2.4108708,6.659253
ANGPT2,0.7754969,-0.3176554
TRIB2,0.73636746,0.099924855
FRMD3,4.5310297,-3.8819618
MAF1,-1.788447,0.017104043
BET1,13.198324,12.057006
ZNF140,-3.8523245,10.699884
VKORC1,2.0704858,-5.938736
APRT,7.516363,6.1512504
ALKBH4,-1.5345086,-0.1009513
SLC1A5,3.7792552,14.324038
LST1,2.1448824,13.301327
STAU2,-4.1647544,-0.2220117
MIEF1,13.713205,6.506184
PLB1,1.8332237,14.099086
NCOA6,-1.8010259,15.73934
AKR1C1,4.387297,10.827022
PIBF1,2.3346334,15.334123
RC3H2,7.4136434,12.925992
CLEC10A,0.28161585,10.342805
DDX5,1.1411153,15.059526
PLD1,8.36074,-7.686907
BISPR,15.85134,11.609876
SNRPA1,-2.5291288,3.892335
IWS1,10.710567,5.772085
FAM92A,3.6747077,-3.2164063
FEM1B,-0.7424416,2.9880955
TEC,3.5959253,0.31784925
DYRK2,11.393355,-3.4185658
STAMBP,15.246099,-2.038188
FJX1,1.8835046,5.196683
FBXO32,-4.4066777,-1.5440646
RAB26,11.228927,7.5302954
EID2B,-6.4962764,11.389722
FMO5,6.7128525,-0.36393824
OPLAH,-3.0836453,0.90245724
FXYD2,1.6182455,14.405425
VCAN,3.3721929,6.162171
BST2,-3.4618444,2.4496205
XIAP,8.731055,11.781145
MTX1,13.604026,-0.53750396
SMC4,5.5985975,14.394399
CDADC1,1.2523662,-3.6948123
MRPL15,1.8908398,-9.73107
GHR,-2.0569036,-5.689654
LYZ,0.20871505,10.339582
NFU1,8.9690275,2.1110964
STT3B,5.644169,14.295329
GMPS,12.00061,5.713124
TMEM150B,9.272211,6.8681426
ELF3,2.7942955,-0.566097
C1QTNF12,6.422675,-0.39217713
TLE4,-7.395254,14.286745
RABL2A,7.742287,8.271644
EFR3B,12.947036,2.6753583
CYP2C9,5.315875,2.81762
FOXN2,10.647082,11.191734
EGR2,15.9121895,7.6189103
AK3,10.609359,1.0720677
TPM1,0.99521625,6.214537
XAF1,16.135689,11.745404
WDR48,13.742654,-5.6130686
ITGA5,0.73956305,-0.015767526
CTNND1,2.7706163,-0.57446826
ADIPOR1,-2.6349368,6.5097275
CDKL2,-4.129935,-3.0216053
DNAJC6,5.650573,6.7043576
RAD54L2,15.3004675,-2.0059202
TMEM98,13.635333,-1.5056018
HAGLROS,-2.3314152,6.6966267
ZDHHC12,4.029164,15.958737
SMG6,13.56425,1.7546673
LHFPL2,1.7714462,6.540146
MCPH1,8.843056,5.995722
PTER,6.064101,-1.4784101
HBEGF,15.91241,7.615924
UBR1,13.5348835,-5.408095
PSEN2,6.968691,3.4061754
TBPL1,10.124701,9.890573
ABCC3,12.889659,3.6203792
PPM1B,0.050473846,15.309218
SPN,0.29512885,10.371626
ATP2B1,3.9187942,11.795109
FAM114A2,8.6705885,11.851619
MAP7D3,12.402623,3.7409556
METTL21B,12.044041,7.25543
SH3D19,15.295713,-2.0118806
RND3,-2.7886732,9.248256
NME6,-0.84709996,13.717232
RNF113A,6.325065,1.4314424
ACRBP,-1.1414868,0.50479615
CELF6,-2.2343342,-5.8815174
VSIG10L,13.110789,3.7747688
KCNK1,2.152318,-6.0362124
ZNF462,10.599931,2.9073095
EXOC3L2,11.236617,-0.7179694
ATG10,3.5091288,-2.567043
HEXIM1,-8.182738,-2.9576507
TCF7L2,7.2868867,0.6989484
VDR,3.9960966,3.6997232
DLEC1,11.283975,-7.7189946
PLOD1,14.771698,1.0273414
PFAS,16.168465,6.5786767
ZUFSP,11.037061,9.015441
ZNF559,1.9262879,14.320418
PTPRF,2.073503,-5.957974
GHDC,-0.6372082,12.24514
STYXL1,-3.606661,7.6782007
RNF186,7.81372,-3.8824072
ZC3H7A,-3.8776474,14.0828495
FAM213A,11.730045,-8.057665
PRKCI,11.399362,9.287569
FAIM,-2.486311,4.1471395
CXCL8,10.515464,5.8041415
ANKRD17,12.642138,5.752925
PIM1,18.57828,8.054795
RGMB,2.8778834,-7.8970227
CARMIL1,-1.8671376,4.3847938
FOXD2,0.50799936,2.811395
MYOF,2.2304108,1.2610816
FAM8A1,7.1023674,18.498999
NXF3,0.9194462,3.0018616
ZBTB4,-1.1443301,0.49486798
PRKRA,-6.497245,11.390798
TMC6,-0.2936682,9.986732
CYTH4,1.7321737,13.91037
CENPV,-4.136223,-2.8219829
CROCC,10.006253,1.7499088
LZTFL1,-7.6270857,1.4557279
MORC3,-8.431855,-3.164966
PPP1R9B,-5.720081,0.526393
METTL15,-5.7357836,0.5220743
ADCY9,9.457059,7.05312
SSC4D,2.7690465,-3.2956421
ATPAF2,1.4031352,-3.6157768
DDIT4L,10.716105,15.387611
NUDT19,4.354857,-1.6337302
TMEM246,9.001545,0.6635961
SH2B2,12.8473215,3.22608
REST,13.11676,8.958218
ZFHX3,14.837581,3.590673
DTX2,2.2084756,13.159365
GJC1,-7.2152796,14.020965
FZD4,3.7744048,9.073681
EVA1B,0.5426046,-1.1732516
TMEM41A,2.5007734,15.091472
CDK7,5.859362,10.404562
ADAT3,5.834793,7.511988
BRE,8.384225,14.169681
SLC22A23,6.8991284,3.7051642
CCNK,5.141784,10.677172
PMS2,13.765518,1.9427881
NTN4,9.0054035,0.6584132
PPP2R5D,5.682234,4.005418
RAB2B,11.8569145,5.450548
BORCS8,10.251483,19.401226
PGRMC2,5.642472,14.541005
SMARCA1,-6.4971027,11.395371
CCDC28A,9.078851,1.7930729
TERF1,-7.735197,1.3170019
IGFN1,-2.0936563,-5.738031
ACVR1,0.48148593,7.296613
TOP3A,15.782488,6.3112254
ARMC5,-1.2769127,0.10704632
TPD52L2,9.999642,-4.5892043
TUBB2B,10.270817,14.945075
RAB8B,7.671647,13.087258
SLC7A6,-0.8417122,13.710368
HTRA2,10.0006,-4.596403
DOK3,1.878729,14.122625
PANK4,-4.0343,-0.11003834
PIK3R3,-6.5876174,-5.0681334
OGFOD1,3.9249003,15.954942
LAMA5,14.946809,-3.2938488
CDK3,-0.013337362,-5.733975
NOXA1,20.242985,1.8164463
HAUS3,-2.843216,4.009301
MINK1,2.2800026,5.2364316
CEACAM1,11.204188,-0.6832996
ANKS1B,3.1863203,-7.3624477
MED12,8.400582,-7.623428
CIART,12.451503,4.1607203
EXOSC2,13.11437,10.465518
DHX40,-2.4460847,14.915152
FAM81A,11.333214,-3.37178
CWF19L2,0.15081708,17.854298
RAC3,1.1789663,14.967935
MXD1,7.660907,13.085074
BAZ1B,5.6439905,5.958769
B9D1,1.2454273,15.032025
CCZ1B,3.0480669,-0.37579036
ANKRD37,10.5849085,8.33007
INF2,-3.8793259,-2.8441582
PDCD2L,17.289541,0.21744454
MRPS18C,1.9711143,-9.588646
CHCHD5,-3.3228211,6.824027
OTUD4,3.67787,1.6788479
ATG7,0.4864809,7.2979198
RFX3,13.005987,9.072364
CPQ,-8.157491,-2.9479017
CD1D,-2.6716545,9.448309
AMMECR1,1.2472498,3.110528
NTRK2,10.82633,15.58218
HDAC7,3.855021,6.427127
PAFAH1B1,7.3397183,13.08436
TMEM38A,3.1336725,-6.57616
G0S2,3.1408226,-0.52154505
CALCRL,11.193977,-0.675445
RBM4B,3.09438,-6.529869
PDPN,11.246596,-7.7083015
ZNF446,20.242765,1.8164043
EXD2,9.009255,0.65116864
MRPS18A,0.5931865,13.889511
SDF2,4.218445,13.995401
SMARCB1,6.505697,-11.073506
IBTK,-5.3553653,6.827781
FRS3,9.999163,1.774087
METTL7B,7.8182406,-3.787952
ALDH1B1,4.7031193,3.5016603
AKAP17A,1.4378645,5.525625
LMO7,7.08839,-5.307005
PTGR2,9.943511,2.2249093
SCLT1,13.741089,6.524384
TAF4B,-7.716196,1.3278381
KCTD20,5.1308355,10.683257
SHBG,9.2454,6.844578
ZFAND1,3.7477016,9.051477
GOLGB1,15.800101,6.252314
LSM12,9.756589,17.324688
COL28A1,-1.7491928,0.85740095
TRMT61B,3.221484,-4.0370364
ZNF677,1.2329189,15.046684
MGMT,5.168618,-3.620334
PEX10,8.801198,9.823848
CD209,2.0395052,13.817889
COQ5,1.3059489,-3.6828847
ZNF32,11.934658,-7.764166
WNT3,0.91538787,3.2388477
DHX29,-7.851537,1.1628631
TMEM251,-5.3039074,-6.1850157
LACTB,6.3794913,11.063965
MBD5,7.7539654,-1.6028379
CIPC,6.7034607,-5.183726
GLT8D2,-2.6027422,12.30634
SLC25A15,-3.3343892,7.367831
NFYA,12.277443,6.6938705
GABRB3,-2.8840396,11.167517
CSF1,1.2254262,6.0145397
SNX7,5.6868906,6.0764227
THG1L,3.7547626,9.0530615
SNCAIP,5.6412487,4.052809
GLI2,2.3118923,8.836927
ZFYVE16,12.232909,0.22828455
ADAMTS16,11.3499975,-3.3508172
PACS1,4.4882646,2.100525
AP2A2,-0.7042893,2.9950762
SFXN3,10.4092245,13.926779
ZRANB1,11.360896,9.282074
NACAD,1.6594628,0.36751646
RNF2,7.4455814,12.95144
MRPL1,8.914852,2.0737085
SPA17,7.51214,5.89587
ZNF185,0.4936886,2.8247173
NDUFAF4,0.57052046,13.784347
SFPQ,-3.1146858,15.670036
GAS8,4.346964,-1.6514702
LRR1,1.7043875,0.42775562
SIK3,-8.43783,4.613745
KCNC3,-3.8243961,10.714503
CUL9,7.275119,-3.3379328
HSF2,11.846868,5.4527197
WDR24,-1.2828065,0.061370637
PIGS,6.0176945,13.228428
SH2D2A,0.5508709,10.573976
RFX2,-1.6168772,-3.7092354
SPG20,8.277325,12.73433
TRIM62,7.8038588,-2.0212147
GOLGA3,-4.0171404,-0.07149764
ZNF826P,13.727918,1.9196004
FCGR2C,13.377607,14.118187
ATP1B2,-3.7358642,2.0056884
SDE2,9.896718,2.1964486
PPP1R26,-3.1456652,0.95109403
ENTPD6,2.7657998,14.885685
RBM12B,-2.897434,4.070256
EYA3,11.511287,-1.5199802
SYN2,7.026028,0.2948823
SCN9A,8.461124,3.9020493
COA7,8.364498,-7.724357
APOBEC3F,15.731678,11.5220785
PERM1,10.0226555,-2.691989
PACSIN2,-3.0670438,0.8848142
NKIRAS1,5.854376,6.444235
ALG8,6.1750183,14.245207
ATP11A,1.3659911,4.8562226
NCAPG2,5.7257967,15.465587
CTNS,6.3751225,11.910051
NAXD,-4.198041,-3.6017082
IRF5,-4.1973915,-3.586674
MAGEH1,10.3903675,15.4633255
FAM206A,-6.8949633,1.9818633
HNRNPM,-5.291907,6.912465
VWA8,7.853086,2.7090988
NGF,2.142692,19.04631
MRPL22,8.667476,1.9533914
PIGN,3.5183918,12.02086
MAP3K11,5.93343,7.3958974
HSPB6,-2.4515033,9.455922
TMEM267,13.002543,9.081031
SLC2A13,11.065857,15.861302
PRRC2C,-8.52247,4.699626
ZNF554,17.420681,4.770258
MLEC,5.663855,14.550015
ZNF837,-1.4932098,0.30861205
CTF1,2.905087,-6.4775934
DTX4,6.8613267,-5.1679864
VIPAS39,15.300299,-2.0027366
KCTD7,10.556706,2.9684796
CS,7.5776734,2.42036
FNDC1,18.718014,4.691963
ATP6V0E1,-8.167432,-2.955805
TANGO2,2.2885208,14.986777
CCDC149,7.622219,-5.1981096
RAB5B,-2.6369414,6.5055113
ERGIC2,7.8401365,8.208079
GOT2,7.7739716,2.7145274
FNDC3A,7.4911094,13.0623255
WIPF1,-1.8964055,4.3718038
COL24A1,2.6961186,-6.378165
DHFR,3.406412,-3.676939
MATN3,11.091487,12.031674
RSAD1,6.38042,-0.8328753
N4BP2L2,-2.4476795,14.917536
TARS2,-0.23546219,-6.8301854
STRA6,3.7436244,20.819128
CLDN16,10.761732,15.547521
CINP,2.2414236,-9.361461
SLC35E3,10.440731,5.823875
BTNL9,11.222236,-0.6986116
VARS2,-1.5906665,0.51235497
INTS1,-1.148032,0.028898459
NDUFA10,7.8854485,2.6496115
KIZ,9.034602,10.2375345
FAM161A,8.5958605,-2.0974998
MIATNB,-4.0611744,1.4225161
FAM110B,-7.759377,-2.6442807
CCDC122,8.5826025,-2.0975354
LMO4,5.638918,4.0442314
NFIC,0.90531915,0.3926512
GAB2,13.5931015,1.7980006
MRPL54,1.9823997,-9.552275
CRY2,6.963684,4.531792
FGR,0.2902637,10.381086
EEF1E1,1.8901455,-9.753699
TMEM99,-5.3180966,-6.172082
SF3B1,-0.599812,2.52399
SLC38A11,12.177938,7.089015
ZMYM5,9.603059,17.483204
MAML3,9.696912,3.1293135
WDTC1,3.4653897,-6.740703
ZNF385B,2.7550056,-3.401515
POLR2A,4.5454273,16.086866
SHPK,4.231106,-5.858122
GALNT18,-1.8512732,1.1893353
PMEPA1,-3.150688,-0.36921448
MDH1,4.7298155,3.4939094
PEX11A,2.0631013,19.167414
SDHAF4,1.1144105,15.102208
DHODH,15.286108,10.872815
CHKB,0.3561006,-1.3257425
PDCD4,6.490746,2.1108866
RGL3,12.068791,-2.783963
SLC39A11,3.5809298,0.20472042
SYNGR3,2.5207255,-3.401411
NPR1,9.067542,-6.0827513
JAG1,7.6755376,-5.382918
LANCL2,1.8843915,-9.713245
CCNB1,-2.001721,-5.640698
INTS2,15.207217,4.5789227
TBL1X,0.85590243,4.7646246
TMEM220,9.9384365,4.6364303
TMEM87B,4.451563,-5.6715884
DCUN1D3,-1.6417992,4.109522
STARD8,2.9349084,-6.508409
CTU1,5.0653415,5.4513946
RIPK3,1.4262177,-3.5942006
ZNF117,-0.99543786,7.3632927
SRPX,3.678878,-3.1252487
CDC5L,8.257491,7.6989975
TRADD,8.164878,4.106276
PCK1,6.796832,-0.40301314
TVP23C,2.120477,19.08806
NDUFAF1,1.4142115,-3.608226
TSPAN15,12.455763,6.7222733
DCTN2,9.971031,-4.6288757
CCDC14,-2.8498473,4.039449
NMI,16.73713,12.052972
POLR1D,5.4860997,5.369863
SLC38A5,1.3482373,5.9061565
TMEM106C,-3.6660166,7.678178
MSTO2P,6.2309823,12.048383
PREPL,17.09461,4.5515084
GPRC5A,2.7824163,-0.59059787
ZNF354C,1.8481069,9.81764
ZNF404,1.3560055,9.106769
RBM14,-1.7724147,0.1553572
MGST3,7.496743,6.335922
CD300E,1.5923187,13.665927
GALNT1,1.7851944,6.5446496
SLC30A6,-2.8691862,6.3788085
CTIF,9.804626,4.0893974
CRNKL1,6.455607,10.228481
PSRC1,8.104973,15.872453
PCGF2,-3.1301804,0.9319533
UBB,7.5094757,5.894185
GATAD1,16.697935,-4.5113673
KCNAB1,-2.1092951,11.128559
SMPD2,2.9815276,14.822105
COMMD1,8.95045,2.0788445
PCED1A,4.412484,2.6000214
BTC,8.486791,-2.2054305
IFFO2,8.186859,4.0870013
DCTN1,13.57203,1.7659491
S100A3,2.8166335,1.0345831
B4GALT2,5.4002175,7.251618
SIAH1,-0.9252436,2.2303207
CBWD1,4.1695113,3.7516701
CRBN,-7.2714357,2.5570378
TYW1,4.4338355,19.16421
FAM95C,18.869955,2.3822107
ADAM19,0.6493912,10.686049
ALKBH2,6.0719757,12.163256
ABHD17A,5.1899753,7.451667
SATB1,6.504469,-11.071672
CLCC1,1.78096,6.5339518
ZNF318,9.285726,3.4768384
ARID1B,-8.264586,-3.038389
RWDD3,-1.6776456,4.1506023
IGSF8,4.6705284,-4.3005934
MYL3,7.229904,0.5575665
GLT8D1,9.003242,0.66069704
LOXL4,-2.4693391,9.455876
ACADVL,0.86514807,8.336071
STX1A,5.7769904,7.4954276
STAB1,1.6045221,13.702437
TP53I13,4.3681083,13.95168
ETV1,10.369175,10.504191
PSMC5,-4.066024,6.3407035
PTGES2,0.9481592,14.301998
MEF2C,-6.5658703,-5.0878477
SUDS3,9.753667,17.335337
B3GNTL1,-2.3407335,9.393397
XAB2,16.966455,4.5235963
CRELD2,5.8755355,14.0490885
UGDH,-6.463148,11.347826
HS6ST1,11.808726,-3.372337
TXNRD2,15.315357,10.910629
GEMIN6,7.780344,6.0067043
ASPRV1,1.7839872,6.5603323
RBFA,2.4344833,-9.472505
MYH7B,1.8703177,14.341197
ABHD17B,5.6627407,6.611632
STX8,-5.557165,-5.956752
FAM212A,9.635768,3.3104684
CDA,11.429379,-1.6640364
ROBO4,-6.672268,-4.984989
CLCN7,5.148359,7.1785603
RASD2,-0.5074938,9.755155
SPAG8,3.7944436,1.8226262
VPS37C,10.181326,-4.80875
FHDC1,-2.778967,5.3826656
ZNF782,5.6107297,9.830507
KLF13,-4.078847,-1.1795248
BTG1,1.6771754,5.151164
ATP5SL,1.185898,14.982601
LRRC8A,3.781256,14.49468
PTH2R,9.20548,6.8179255
GINM1,-4.6720386,-8.353694
ADGRV1,10.795228,15.544673
PRPF38A,-1.6631502,0.6179879
DYRK3,10.849351,9.0616455
EEF1D,6.498834,2.1443577
SPSB1,14.77138,12.637214
ATP6V1E2,12.181318,3.815671
AARS,-5.138798,7.224201
CREM,8.228067,13.436328
ZNF322,9.355645,17.595982
ABCC1,0.76287436,10.789622
FKBP1A,9.939076,2.214642
ATL2,7.9175706,15.182809
SLC3A2,3.7437053,20.816925
ZNF585A,15.310654,-1.9945261
GSTM5,2.244492,8.888384
BARD1,-0.33934966,2.0715337
ASH1L,-1.8086283,15.733762
BET1L,10.587214,2.9349627
AMIGO1,2.8672378,-6.4573894
MNDA,1.6866153,13.681377
POLR3D,4.6527886,1.5217081
RPP25L,0.726226,14.56537
MN1,11.363605,-0.8508363
UBALD2,4.8114114,1.9391438
FN3KRP,15.257862,10.835633
SSFA2,11.059022,15.855911
DENND4A,10.771314,8.390557
MARCH1,-0.28268158,10.00432
KLC3,-1.8168341,4.3895493
ZFAT,6.5451775,-0.33416316
KLF4,2.2482133,-6.1307826
KIAA0232,15.981638,-5.2007213
SON,12.442759,5.712488
SNX16,11.438769,9.260169
FNTB,-1.715634,-3.6203206
RELT,4.998529,0.41133237
ZNF709,3.1040683,-6.5376787
TFAM,8.815877,1.6017486
FADS2,-2.5909038,9.498753
MED22,-1.5355583,-0.112385124
ENKD1,-4.194563,-3.5679798
AIFM3,7.250668,0.5807174
TCF19,11.530222,7.189522
TRABD2B,5.4170337,2.8510628
SNHG1,2.5746915,1.3718919
TMEM9B,13.134648,-5.1511164
PIK3C2A,-0.74090105,2.967929
SGCB,8.661827,3.9278126
SIGLEC1,2.120502,13.373315
CBLN3,12.428069,4.511007
KRT80,2.07253,5.3160524
SORCS2,-4.201467,-3.5965981
DIP2C,3.0710237,-3.8193505
STX1B,2.3065135,-1.8664907
EIF2B4,-4.194418,-0.21634088
CCDC50,10.978313,12.379298
ZNF334,1.9387423,5.3495965
NAGA,5.7885566,13.380579
CAPG,7.124165,3.1960628
NKIRAS2,10.000378,-4.5969796
PAQR6,14.779694,1.0465262
MORN3,15.95702,8.973331
PABPC1L,-4.1688933,-3.463817
PRR22,10.009244,1.7492263
FAM46A,-2.6808112,12.407712
TPRKB,13.198632,12.056715
HUS1,9.97157,1.9143122
HOPX,-2.4542432,9.456236
LRRC57,0.1652556,17.840878
SNTB2,12.093913,7.20562
MILR1,-0.3266122,9.950513
TGM1,8.642594,11.965782
KAT5,0.6185473,7.4195895
ADTRP,12.011495,-2.8028085
ABCB7,6.35042,11.030845
SCN2B,17.383799,4.7463717
GLUL,-3.3752124,9.548724
PKNOX1,17.387245,4.745262
DEAF1,4.7732215,7.4592443
FERMT1,8.409944,-7.877885
TMEM178B,2.6588933,-6.370414
DYNC2H1,-1.8478839,0.9870022
TPST1,3.990872,-6.0553007
PDGFB,11.3251295,-0.847293
DHPS,6.6497836,-9.179205
UBR2,14.983541,4.7914195
COLEC12,-3.7226865,10.815704
HECTD2,12.088153,7.2706566
RTN4RL1,12.291975,-6.479873
ANXA6,12.268344,6.6585546
NDUFS5,-2.4157898,8.125461
SERTAD2,7.5910063,8.448078
CNIH3,12.098521,3.8094084
WDR17,4.5266986,2.1125355
TSGA10,-3.5856152,-3.2173448
FOXRED2,2.6921425,-3.3936827
NSFL1C,10.826875,5.719468
ZNF800,-2.2509475,-5.8938894
ZNF619,-1.6767367,-3.6557596
ESPL1,4.1602397,-5.9364266
LOXL3,1.0066563,6.2025476
TFEC,4.2680225,3.9469054
SNX1,3.4742923,-3.5917404
RND2,11.841504,-7.952952
WWC1,14.999606,-3.3397775
ATG14,-0.6409559,2.599978
MGRN1,0.82616884,0.4263504
KIAA1217,-1.075803,-9.145211
FOLR1,3.7428138,20.819529
SLC40A1,4.761991,2.0303254
YIF1A,9.996897,-4.5977883
TOB2,2.769322,-3.4073863
HMGN2,5.462021,5.418932
PSD4,7.799947,-2.041944
GAL3ST4,9.474291,3.4425812
IL1R2,0.89630824,0.35411182
ZNF572,16.599232,10.22707
CPSF3,13.372184,10.485807
LUC7L,2.5135586,-9.457257
PRCD,-6.861523,14.560024
PTMS,1.8474151,9.858684
CHN2,11.260566,-7.7105865
PDE4D,13.68802,-1.3799783
WWOX,7.5263433,2.8392112
CPSF6,-5.44572,7.517213
TMEM107,13.127324,3.7888715
SEPT2,-0.5537925,12.220514
STC1,8.839227,-3.4300056
SH3PXD2B,-2.7407877,9.669182
AR,13.066709,3.7421465
MAP4K3,0.07706385,15.304501
PBDC1,-0.6965016,7.6316943
ZNF711,4.868594,-7.632995
PTGR1,8.754728,1.3581933
CXCL12,-9.555357,8.033328
ACTN4,-3.1429086,-0.3693858
RBFOX2,-8.545434,-3.2519696
LEPROT,5.012516,13.604546
GREB1,7.157147,0.5203061
RNF152,4.2316747,3.863869
TEX9,-7.285422,2.8556333
SPDL1,-5.37368,6.8067236
UBE2J1,11.522243,7.172913
CEBPG,10.909384,5.7720075
UPRT,9.058383,1.5126404
ADORA1,13.627451,-1.4678266
CHMP1B,7.4807734,13.039484
ARMCX5,9.988902,4.655221
TMEM45A,-2.9479938,9.840352
WASHC4,4.4256973,2.5883946
TDG,3.2279942,2.7543528
UBE2I,3.1001186,0.91043764
ARL4D,3.1958387,-6.603303
DPF2,4.399913,-3.1232684
CYB5R1,3.8971484,16.206831
FOXS1,-8.843952,3.4430575
SLC5A8,-4.6642065,-8.970598
ACTG2,-2.16105,11.076944
INPP5E,3.866365,5.161037
SNPH,16.446352,0.10158015
PNPT1,16.373877,11.827538
MORN1,5.2406206,-3.6232963
TMEM164,10.310992,14.9861765
GPR34,2.0096295,13.960347
KCNJ5,1.2548653,3.1159697
FRS2,0.02058272,15.338237
RILP,-3.046786,0.8772448
CD82,5.228082,3.2305114
GDI1,1.9647118,5.3244944
KCTD5,6.3117948,11.972447
KCNE3,8.404976,-7.918137
PAPOLG,4.486059,-5.6414
MGAT5B,8.973657,-10.400684
ALDH1A1,3.0452206,-3.7637303
FN1,1.5637584,6.256187
TLK2,-1.5949014,6.427807
RAPGEF6,0.038540393,5.1118073
RNF135,4.377718,-5.7348905
ZNF330,8.189714,13.475395
TMEM39B,7.6169953,-5.3883038
SDHAF1,0.891294,15.524999
IFNAR1,13.333398,-5.278279
SNX6,5.7941494,10.575603
GOLT1A,8.582245,1.9350848
CCDC91,5.8766227,6.188905
DYRK4,6.313288,1.6877576
BLCAP,11.369905,7.11757
ALDH3B1,3.9880486,-6.089085
ZNF860,16.27261,0.0888442
CAPN3,5.191875,-3.6209471
FAM46B,18.599531,8.067682
CHN1,3.8407066,6.691249
FBXL12,-8.513033,4.7008643
SNHG19,16.810265,0.11763735
CTNNB1,4.1269574,12.635467
MCOLN1,4.471197,16.068045
PI4KB,10.186603,-4.8295727
UBE2O,4.6114545,-4.1298113
PRSS8,2.6591983,14.938124
COL7A1,1.8283232,5.4747996
ZNF256,-0.60578775,2.5128222
ARTN,11.166901,7.5898213
TCEAL7,11.020667,12.014191
MGST1,7.928992,-4.2873583
NADK2,-5.8008156,5.4996386
ZC3H12C,5.570674,3.851744
CXCL14,12.762175,6.603065
PPM1J,0.74912506,0.13556097
EHF,6.0641093,-1.5181007
FBXO28,-4.27461,8.527752
HEYL,-2.7832143,9.280859
PMM1,-3.9639459,3.953641
ADGRF1,11.952943,-2.978889
NEDD4,12.061675,7.237558
OTUD7B,-0.7524794,1.9273434
MTRF1L,-6.44867,11.328682
ZNF564,-4.1236577,-3.24268
ZNF506,2.4808238,-3.9645183
SGCE,0.051727116,5.1096954
FBXO46,18.835989,2.351597
BIRC2,11.564092,7.2023487
ZBTB10,1.2873,15.014208
UBA5,9.609644,13.278395
KIAA1211,0.44181916,2.8696537
MARCH8,2.865166,-9.836906
GNB5,7.900994,-5.5494304
DDAH2,-1.1471659,0.4972555
FAM234B,11.915107,-3.0431547
MGEA5,4.873557,7.385924
SLC22A18,5.2712874,3.1485765
EEF1AKMT1,7.7323956,5.9906898
AGO4,0.8181966,14.525873
MAML2,0.39540723,-1.2884303
SLC2A5,7.788918,-4.4032516
SNHG15,3.013195,-0.34822977
FCF1,6.6958857,10.271527
SIGMAR1,4.8268313,13.871568
ERI2,14.773602,-5.501861
ZNF596,14.770826,-5.503024
SGCA,-2.1294484,11.111712
LRRC1,6.4564614,10.234639
NEIL2,12.002769,7.2180443
RTN4R,5.208731,7.498736
TMEM261,7.5053453,5.882275
TMEM125,-1.7385068,0.23598723
SETDB2,-0.45676684,7.9419756
TWF2,-0.26934934,10.012886
NRL,14.825042,3.609999
CUL1,3.8540637,0.85124934
SLC25A26,3.7965019,9.103002
NMRK1,7.728422,5.985487
FDPS,-4.969367,4.130581
TMEM120A,-4.139073,-1.7493943
RBM22,5.410537,-3.5391297
DCBLD1,8.658132,1.2789116
TFRC,-4.9683857,4.130354
MLH1,-1.3213097,-3.9978487
PREX1,1.8712188,14.137265
MMD,2.2765281,5.252754
CENPJ,-1.6327893,4.0957985
ANKEF1,-3.9247727,10.652469
BACH2,-1.7144458,0.2417103
NUMBL,1.8225018,5.0225997
MAGOHB,1.1822294,8.073997
FAM20C,7.90473,-4.254117
DDHD2,4.9495654,2.2648208
ARID3A,2.305188,15.037441
DCK,-0.30346835,8.287999
PIP4K2C,-5.130898,7.219385
ZNF19,5.1252003,0.3988062
MAP3K14,3.1729343,2.085659
RAPGEF5,14.78066,12.675816
CNOT8,-4.0006967,-1.8122925
HNRNPA1L2,10.447277,4.1428075
DIDO1,3.738872,-3.1631112
PWAR6,-3.3721368,9.552237
SLTM,4.5869985,19.305285
SLC4A11,11.786013,-7.965098
SND1,-0.6704002,7.6419597
ALS2,-2.448055,14.922144
RFNG,-1.2185034,0.038563646
SKA2,2.0714154,0.41101876
MAN1A1,-8.272412,-3.0409331
ASPN,2.1922512,8.946676
METTL25,4.5075507,2.1138115
GNE,4.252165,3.8463075
PTGS1,11.959706,7.16687
WWC3,9.663477,13.337606
DNM1,9.318801,6.922909
ZNF618,3.4372978,-6.7141953
TECPR2,-1.6668292,4.1511593
RPS6KA5,5.3862205,-3.5815165
MYC,3.1173637,5.9619927
CYP2J2,5.2602334,3.1414201
P2RX4,11.281028,-7.722972
RYK,14.841722,3.5945036
TESC,5.1498814,-2.5856187
ZNF702P,5.242542,2.8191502
NR2F1,-4.4641194,18.041391
PIK3CB,1.281423,-3.6907067
ADHFE1,8.894873,5.951859
MUC3A,-2.213807,-5.8264227
TNPO2,-1.0022233,7.358584
CDKN2C,-0.39382386,12.215182
CYP21A1P,12.939487,2.6550777
ATP11C,4.2416043,6.549188
TIMM29,-1.7920032,-0.4198942
ATP6V0A2,-4.1454353,-0.26607528
KDM6A,7.6127934,8.421977
ADAMTSL1,11.410359,-1.6669964
MAP1LC3A,7.144029,-5.8967614
NSMCE3,4.655037,16.141966
ERF,8.610203,-2.0807984
C2CD3,10.456552,3.0175085
PUS7L,13.125574,8.937173
SAPCD2,10.763827,9.897216
GLCE,1.0989621,8.056527
SESN3,11.251144,-7.7077103
LRFN4,11.342253,7.3091884
BIK,11.809944,-8.203767
PDCD2,-5.3534045,6.8359933
DCUN1D1,2.0577455,0.42608586
CCDC186,5.9415407,6.5841475
SCN7A,0.8854782,2.9007225
SRSF2,-0.578577,2.517022
DRAM1,2.9882574,14.826069
STK38,8.109318,4.1592255
SLC16A13,6.368574,-0.20505238
SRR,5.6034837,9.819418
LIG1,8.103938,15.870011
TMEM8B,10.405966,15.088222
TSPAN5,11.383493,-1.7139659
SPIN4,8.819977,-1.9582194
PLGRKT,10.6250725,1.0634873
PPM1L,10.6705265,15.352642
THOC5,6.715428,-5.1858306
BST1,0.81652254,2.8885627
PCDH9,12.97235,3.1490748
ASF1A,12.221668,0.23296498
SFXN4,4.451181,-5.6711063
SORBS1,1.5709937,6.232628
MOGS,4.5050464,2.3165228
SAR1B,13.689163,6.492121
ATG16L2,6.185785,10.627287
ALG11,13.492554,10.606601
ANAPC15,17.83293,-2.5206175
SGTB,3.0133383,-6.496872
BEND3,6.178847,14.244207
ZNF92,15.580612,11.307464
ADARB2,12.626816,3.573803
ZNF84,-5.4278145,7.4831104
CA2,9.008676,1.7098509
MDGA1,-3.9615047,12.236144
BAHCC1,9.1610155,3.5433898
RAB20,3.602999,1.5981846
TBRG1,10.86067,8.388128
SPATA2,7.856309,-2.134072
ZNF234,16.802076,0.189141
RBM12,10.861555,5.7166257
HRH1,3.2189224,6.020801
GPSM2,4.4797134,19.204676
TRIM27,3.5334399,14.718766
AZIN2,6.3470855,-0.35258302
ACPP,11.664601,3.5835702
MEG3,-1.8180729,1.133516
MECR,-3.3563337,6.78753
ANGPT1,-3.9528427,12.230591
ITGA10,-4.7789316,11.559736
SIKE1,-7.653375,1.4193646
SEMA4D,0.36666536,-1.3162403
SLC28A2,4.066949,3.7228289
ADGRG5,-5.61509,-1.7400104
RAG1,7.138484,-5.8678737
PEX11B,-3.8890665,10.664691
CDC42BPB,16.156942,6.5895734
ZNF827,2.7383778,-3.415348
PDF,4.7403235,3.496331
SUCNR1,-4.672733,11.657784
ANAPC1,-1.1297168,8.457352
SORBS2,4.7105765,1.8810616
EP400NL,12.206082,6.560716
ACTR8,12.132676,7.2853765
MBD4,-6.344208,11.217979
CLEC7A,1.9956156,13.998001
PHKB,10.235654,1.409629
TRIM28,-4.018766,1.6174914
PNKP,16.10155,6.5828805
ZNF674,12.976859,10.527865
BFAR,10.757714,8.472977
PDE4C,10.914192,11.787254
SNTA1,4.0233097,3.7110584
FOXRED1,3.8592715,0.8492775
KPNA6,-2.822986,4.0184317
DLG5,11.22789,7.530387
ZXDB,13.494783,10.6099415
TCTE3,-0.1073706,7.978373
PROSER1,2.9830427,7.8273115
MORC4,0.54505813,7.357636
ZNF207,7.333537,13.088308
CTH,8.7651615,1.4835083
HECW2,11.186082,-0.66608
SLC26A11,16.662899,5.2288265
FAM134C,4.5434575,-4.085263
ZNF445,8.480162,14.060244
NRTN,3.0997608,-0.18166268
PDCL3,7.4993515,6.342182
ANK2,4.1905227,-2.2381797
THSD7A,6.9034996,3.7354448
FRYL,14.80281,3.6287642
ACTR3B,11.92422,-7.776558
MAP2K4,8.723827,11.766908
EMC4,6.0968466,10.500385
PDCD6,-2.4220932,0.40269503
PET117,8.676889,11.8362875
RNF182,9.621594,13.294842
FXYD6,11.5293865,7.1455626
SMG1,18.258186,1.192626
DOCK11,6.9925194,4.5744805
RGS1,0.08490898,10.6895075
MLKL,3.1633737,5.9934874
ADRA2A,-4.03868,11.836303
MOK,-4.252144,-2.8589036
ECT2,-3.927844,1.7703491
ZNF568,13.0946245,11.951151
DNAAF1,11.427859,-1.6712687
MGAM,-4.662696,-8.976175
POLG2,7.938601,-2.7265034
BTBD9,2.2344034,-6.1241007
PIGO,4.004852,15.994177
ABCC5,-1.5732428,-3.7446756
PCDHGC3,1.7061907,6.4456186
PHF12,4.279261,-2.0625155
CBFA2T2,-1.3025317,4.835533
COX7A1,4.705036,-4.340187
EFNB3,9.107994,4.0102277
STK17A,2.1173558,1.5892568
RCL1,-2.5431356,3.8783398
EYA4,8.184425,4.0876484
CHST11,14.770528,12.6975765
TRA2B,-0.9627525,12.3162365
ZNF329,11.798193,5.5173097
METTL5,6.054537,10.385294
CTSK,-4.7328787,11.521146
SOCS1,3.8421292,1.8301696
TRIM32,5.4129252,-3.6845074
CD46,3.910744,12.09758
PLAC9,2.202673,8.928194
FZD8,3.8303285,16.640255
ANO10,4.500543,14.396764
WDR78,1.3636758,9.110346
PRPF3,14.710435,0.94257176
RNF19B,9.463281,3.4251487
SMARCD2,-7.3413987,1.969378
KLHDC2,8.346679,-7.6730313
POLR3A,15.817714,6.3044
PEX13,-6.354309,11.230593
TGDS,5.7352195,10.636664
COL15A1,-4.069296,11.83665
ABCG1,4.5659466,2.2581892
PLCD3,4.3755546,-3.0532522
GRHL1,11.8384285,-8.223212
RADIL,9.673311,13.343205
KDM5B,-1.6243967,-3.7022233
RPS6KA2,3.74841,6.822313
MTM1,5.6287093,6.6764555
TYK2,17.131018,4.5830226
THNSL1,14.778191,12.677204
REN,6.3864985,3.8944993
COL27A1,-3.8485885,-1.2021203
DDIT4,2.751776,-0.19430697
SH3GLB2,9.787091,3.936918
OVOL2,10.010499,3.5271769
TRIM29,2.080203,1.6142007
HIC1,0.7366088,0.07964372
ISPD,1.658352,0.3628681
CWF19L1,0.81482667,7.5469465
MPV17L,6.3705406,-0.8242227
PGM2L1,1.9764631,1.7136828
SCART1,10.192422,4.7833757
TBC1D22B,4.6618495,1.5040548
ANKRD50,-3.880339,-3.1999674
LATS2,0.9037682,3.2673943
APTR,10.83999,15.581365
TMEM11,10.175144,-4.8011413
RDH14,4.0284104,13.340977
GLRX5,9.021726,1.7298384
ZBED1,2.6746168,-3.3798988
HAUS4,-5.254776,-6.234586
FLJ12825,10.018752,3.548542
ASNS,2.9431252,1.0212861
XPOT,-3.6362848,7.6497374
NRDE2,-7.5889883,2.3481643
BIVM,11.762527,5.532342
NUB1,-3.5176563,2.513534
FRAT2,5.798418,6.2351165
POLR3E,10.028914,-2.66764
HID1,2.5268345,-8.731655
ZBTB8OS,2.4775953,-9.464347
MAN1C1,11.476364,7.1382213
CHPT1,12.25096,6.649158
LNPK,13.140332,-5.1515107
CCDC77,-8.529811,4.7023273
ERRFI1,5.1532354,10.733187
KIAA0586,8.022307,-2.3435967
HOXD4,11.259684,-3.436397
LENG1,17.42091,4.776879
COQ8A,6.065969,-1.5376588
ARRDC2,14.769702,12.693101
PITHD1,8.36536,13.93235
GRN,5.6202254,13.482386
NTF3,2.1899269,8.932501
ACADL,4.174787,-2.216431
TK1,-4.144325,-2.888243
KHSRP,-0.4979179,8.156291
CNPY2,6.1672177,14.2461195
ADPGK,7.6148543,5.9327946
SLC51A,6.0002265,-1.0492609
KIF7,10.414797,10.663019
ZNF562,3.0604885,2.052779
MAT2A,10.172986,3.2359498
FAM213B,5.624462,4.06747
PPP2R3B,5.875531,7.980047
PPM1K,16.772282,8.16141
COMMD5,6.067435,12.177621
SPRYD3,10.212043,-4.848707
CNTN1,10.974095,12.088234
GGTA1P,-0.2098418,10.106957
PUS10,1.522034,5.5303645
RALGAPA2,12.945839,3.672867
EML4,9.242445,3.44911
CCL11,6.9036846,3.7869172
CHD1L,-2.8983128,4.0631385
BCOR,12.460967,5.715567
ESR2,-1.1263484,14.0457945
KLF16,-4.2603917,-0.19802916
STK4,-0.9828175,-1.5385406
CDC20,-2.0043147,-5.6442127
RUBCN,3.3112445,-3.5974813
DNASE2,4.5610037,-4.1709538
ROM1,2.3613114,12.9158325
UNC13A,-4.456062,18.033897
PPM1F,3.9265234,6.511793
HRCT1,2.3663943,12.904954
ZBTB42,2.202659,-6.0803375
ZNF587B,9.956351,4.61347
PRKAB1,15.161057,-0.29460528
METTL3,14.686145,0.9234577
SRL,-2.1809087,11.111811
LRRC4B,10.970036,12.181681
ITIH5,10.505121,9.7248335
KCTD14,-0.26773295,8.239948
INIP,2.189537,19.028547
APBA3,17.040424,3.9637418
TNRC6A,-7.262949,2.0923333
VASN,-8.383203,4.562913
TMEM41B,2.1691592,5.299647
ARID1A,-3.1152306,15.675497
NRN1,6.256133,19.75542
RNF169,-2.6385362,6.505645
MEX3B,-7.2379107,14.050199
TMTC4,2.0650775,19.163687
PEX7,3.8979359,-3.3676612
MAGI3,-5.523805,2.496894
CYP17A1,4.4032216,-3.0064058
CD248,-3.0488434,10.554516
CERS4,5.572828,3.8868961
PCLO,1.3047023,5.968537
PPIL4,7.7693524,8.191854
STX2,8.94344,0.87681895
ZFAND3,6.362811,10.502225
LIN7C,13.018297,14.872693
WDR66,9.611374,3.4107962
FAM107A,3.7665017,6.8021193
SLC35G1,-3.1605134,0.97175145
LARP4B,-0.53236055,2.0555913
GAREM1,9.236997,3.495454
COL5A3,-4.660139,11.573093
RNF34,5.4213934,-3.6947112
DNASE1L3,2.7467184,-0.19776125
SUPT5H,15.831976,6.2535086
SH3D21,2.0672367,-5.954396
SNHG5,6.193953,2.183208
SEMA4G,7.2166133,0.5456106
RGS16,4.4790826,16.071203
ST3GAL3,-0.7939282,1.9041528
ZBTB49,5.611065,9.838733
TMEM38B,4.598433,-7.4115562
SAMD10,10.855748,11.676996
NRBF2,6.371515,11.052646
TXNDC11,5.6211014,7.018626
NCS1,5.658227,6.972916
FGF17,9.943976,4.587144
MGAT3,-4.07062,-1.1480501
B3GALT4,2.927018,-9.899807
SPECC1,1.0297506,6.1582913
ZNF589,5.618584,9.848081
TMEM170A,-2.0831249,-5.7277994
CYP2D7,16.96218,4.2487154
ZRSR2,3.1948388,2.844194
FTCDNL1,4.3134956,4.0498757
NUPL2,10.763438,2.7510152
ANKDD1B,7.140863,-5.8653517
MAML1,0.9414868,-3.5858595
NDEL1,2.5435138,-8.687605
OTOGL,6.3864746,-0.8534619
PDCD6IP,6.7599764,10.3576
BRD3,6.940634,-5.3686185
RAI14,9.302656,5.6303525
PPM1H,-0.5043368,9.764584
PIGP,2.2616084,5.247791
LAT,12.225848,6.5785947
RHOBTB2,8.96864,3.8628733
ADGRB2,-2.6640272,12.323068
NHSL1,10.812731,8.432395
SLC35F2,3.5831945,0.20745537
RARRES1,-3.3601766,9.567628
CMTM8,0.8747269,3.2786043
ZCCHC17,5.699631,10.637851
GNPNAT1,9.970953,1.9661274
H1FX,2.1936069,19.027264
IPO11,9.003514,0.6642697
TUSC1,5.956441,7.394224
GLIS3,-1.5900106,6.4243655
CERKL,8.404328,-7.8928623
RDH13,3.9229655,13.237126
ZNF788,16.164806,6.601377
LITAF,10.743366,8.48696
MARCKSL1,12.845557,14.542458
FICD,3.7543178,14.471771
ST8SIA4,0.2915734,10.412926
BLMH,5.4494157,2.8475068
SLC36A4,9.1374,6.7788377
ZNF180,2.883489,-9.857861
CCNO,5.137913,-2.596289
ANKAR,-0.3821987,8.086517
TOR1A,4.900983,13.81637
PRRT3,-5.3690815,9.791554
GMNC,8.911412,3.939064
DCAF1,11.731368,5.5425954
ZNF765,15.5225525,11.209792
BTBD7,15.878533,7.6518936
SHROOM4,8.954684,-10.418723
ZNF385A,1.6093531,5.608878
DNAJC18,12.024737,7.2405334
FAM19A5,3.8443952,-6.3824263
IK,-2.1903458,3.175652
SLC24A1,9.005141,0.6594198
LGR6,-2.1461565,11.109037
LSAMP,10.748762,15.386681
PROCR,3.3155694,6.1295547
MAPK13,3.5962958,0.3444927
SRSF8,-3.855102,14.059917
SLC22A15,10.321981,14.999032
EMC9,-4.1962366,-3.6045122
KLHL5,7.431993,12.994239
COL23A1,-2.6443355,12.338161
GPR176,1.5085504,5.7397075
CD83,12.360468,4.429283
SSX2IP,3.6041832,-3.2057688
FANCE,7.6050253,-5.258836
FBXO31,6.1884785,12.084645
LAMA1,0.9402414,2.9212456
DNAJA4,5.82681,14.030961
KIAA0513,1.8207502,4.74237
TTTY14,5.1024203,-3.5830119
AGFG2,4.006022,3.7078297
CYP3A5,6.3469067,3.9358585
PRKAG2,9.987769,15.70055
TNFRSF4,0.7870387,10.818258
ZNF274,11.104023,8.9932165
FDX2,0.6881853,14.015255
TNFSF13B,12.396969,3.6719618
WTIP,2.9964442,-9.962973
CA4,-2.3738568,0.32193515
TTC3,9.940112,4.3982706
VPS37D,-1.855771,1.1892018
MYLK4,9.277933,6.8842225
KIAA0141,3.13042,-0.37043738
NRAS,8.64094,11.966704
VWA7,-5.5029116,8.413729
MSLN,-4.17631,-2.8733149
ZNF816,4.2448983,-5.8463545
COIL,-7.621661,2.3781633
LYPLAL1,3.5145202,-2.617702
HCG11,5.3727145,10.622049
DIO2,3.9144495,-6.990076
TCOF1,-4.1462173,-0.09751574
ZNF429,1.95369,5.2963524
SLC20A2,-1.795874,4.430792
HACD4,12.95298,3.6920877
NAA35,0.5153931,8.221129
BHLHE41,-1.6430906,-3.6815956
CWC22,11.278303,9.244239
SHMT2,-2.2377508,3.0899591
FEN1,4.5386267,16.115818
UBOX5,7.9391346,-2.6685157
DNAJC27,10.853666,0.870646
NFXL1,3.1270928,-0.3731991
RAB38,8.117066,-2.4447331
TMOD3,10.803195,8.997926
ZNF546,-2.5422697,3.89459
GALNT16,0.8220393,7.546305
NFAT5,16.740187,0.095266655
KIN,5.4087067,-3.539369
BMP8B,11.74906,3.6280217
RNF41,4.8862815,10.752902
ZNF41,16.806456,0.18019287
EI24,-5.104258,7.1614013
TANGO6,1.6886868,-9.162012
GRINA,7.136539,9.381039
SLAMF8,-6.9524198,4.7700872
GRAMD3,-2.7618687,9.2997
ELK1,16.772076,5.0324535
PLAT,3.8079062,6.7523313
MAP3K5,12.561399,19.140245
GSTCD,-7.852724,1.1602154
PRSS16,9.102185,3.9960713
PLEKHB1,11.537933,-3.3061523
CCDC85B,1.7133301,5.269827
DGKZ,12.599002,6.6629605
SFI1,5.0703964,7.187593
CD247,13.464621,14.03445
FAM53C,7.496265,5.7632318
TTI2,-5.4171453,7.4748025
MARCKS,-0.29211298,9.98366
PYROXD2,4.83285,13.851716
KLHL22,10.772516,8.6664505
KLHL25,4.6003375,1.4589243
GPR173,7.5598283,2.3689377
TTI1,10.699514,11.330088
RANGRF,17.242023,0.25135478
EFHC2,11.179028,16.026245
TAF1B,9.213455,3.5236604
UBQLN2,1.7750185,6.532258
ITIH3,-2.3340023,11.142801
FAM173B,-1.481413,-3.8018541
PRKAR1B,-4.3904443,-1.5900042
EGOT,3.230787,-3.4830947
TMEM178A,6.988307,4.5690417
NRARP,8.947302,-10.424666
ALDH1L2,-4.0562587,11.796092
SLC38A3,6.0271335,-0.98247653
SMC6,-2.9185383,5.259413
KCNK3,-2.6491315,9.527452
MAATS1,-5.454756,7.5082874
SNED1,9.6772995,13.352193
TMEM150C,0.8714285,3.2980764
SEC31A,8.156531,7.6668806
IL27RA,9.606048,13.275652
ACCS,-2.9025724,4.0536437
UBA1,7.6476264,-1.5064846
AMOT,4.427111,-3.0838237
KRIT1,5.971474,7.6851788
H3F3A,-5.7139826,5.590328
TMEM136,1.3805417,-3.6510015
CA10,17.082205,4.533143
CRTC3,12.179004,5.7080274
PGF,1.6576315,5.134807
HIST3H2A,18.718277,4.692225
GPR162,-4.7339244,11.587494
SLC2A10,9.658533,3.2202091
SIVA1,16.815716,0.07939041
ZNF284,5.5901437,9.80119
TAS2R14,-0.31808636,1.9832438
KDM4B,-4.147981,-0.08597827
MLH3,2.4502988,-3.3675592
ZNF549,0.036440782,5.1111364
CENPO,-4.695419,11.648826
SRF,0.98331106,6.20268
APMAP,5.6297407,13.464253
XKR4,-4.3722878,-1.8599231
SOCS6,3.415698,1.411094
HSBP1L1,-3.2986617,6.7878523
PPIL6,2.080854,0.403558
NDUFV3,13.667157,-5.533952
PPFIA3,2.7688217,-6.4382405
IREB2,7.4271746,13.020472
GPR182,9.0667925,-6.0838814
CCDC107,1.7861782,6.5505013
SYT9,4.433402,3.5823092
HHAT,10.413436,15.091193
PIP5K1B,6.6667747,18.20053
TANC2,3.985425,-6.074918
USF3,1.7324619,4.9646997
TMPO,12.2259,0.2384126
ZMYM4,9.751423,17.33811
SNX25,8.29694,12.706932
HYLS1,7.067146,18.474024
NAF1,8.09479,7.569542
ATP8B1,10.956481,12.251796
HNRNPA0,3.140062,-0.22486432
GNAL,0.77976304,-0.1526435
DDT,8.688507,1.9730546
HSD17B12,-8.163325,-2.9526885
KLHL8,5.870845,6.183891
LUC7L2,15.688968,11.485774
MCF2L,3.7628033,6.8073792
THTPA,0.77522075,14.542092
DNAJC25,8.209425,13.457657
LRRC3,1.8310784,5.047545
TERF2,0.5047037,7.3205647
KIF21A,7.026283,0.2787798
LFNG,12.021608,7.189103
ZNF605,1.4762187,9.229162
ASCC1,6.5041466,2.1404984
KIF24,5.128954,0.39869505
MOGAT3,7.6479883,-5.246055
ZNF737,7.798091,-1.6374002
CCDC39,5.6083264,9.851631
ZNF432,2.29906,5.2635922
ZXDC,-2.1907516,-5.877756
SFT2D1,13.129898,-5.1464767
TRMT10C,1.6795449,-9.1594925
KCNMA1,-2.1418774,11.111968
TIFA,12.17049,3.9927118
MAN1A2,-7.80293,-2.6918616
NEURL1B,-2.6266277,9.458569
CARD9,2.186117,13.216946
SNX33,14.84731,3.5941198
APOC3,5.1223907,-2.5800261
TRIM41,-1.6767199,0.66926366
HOXB2,11.222384,16.072645
LEPR,-1.0033094,2.1852567
TCFL5,3.107529,3.0290427
CYTIP,-0.98224944,-1.5354507
MAZ,5.876562,7.898478
ETV3,7.326168,13.08413
GTF2H3,6.1836486,10.569587
MED31,-3.8216121,14.042097
FCGBP,9.232737,3.517107
DUS2,6.392317,11.8918495
CLSTN1,4.553524,-4.174336
PANX2,4.418452,10.831053
MTHFSD,-2.564544,15.5723095
ARL4A,1.7651244,5.3128915
HDHD5,7.515113,6.309241
FAM32A,13.574462,-0.5671192
HCFC2,10.883031,11.741897
DNMT3B,0.1842008,17.823442
BID,4.396987,10.831947
AAMDC,15.2985,10.885243
PARD3,-2.187076,-5.869828
ITM2A,10.972373,12.138855
FAM149A,4.813063,-1.1991818
SLC25A19,5.615176,6.986776
TECR,16.770386,0.082033336
DNM3OS,9.631854,13.303951
DACH2,0.116411656,-4.2510977
CHRAC1,-1.0137647,12.370301
SLC39A8,9.370614,2.7060754
NOA1,5.560232,5.2181826
CECR7,10.425487,4.1563544
ZNF347,13.576093,-0.5587461
ABCA3,6.420331,-0.8599124
SSU72,6.5103264,-11.078903
PDE1B,1.7120252,5.3048806
ANGPTL3,-4.6635294,-8.96684
SPIDR,14.771265,12.692803
LIG4,-1.3051447,0.5869963
PTX3,1.5802093,6.1828523
NOMO1,6.0031805,13.241678
MST1L,10.696993,15.486727
GMDS,0.80606776,0.4364207
LDB1,-1.0757935,-9.145432
ATP7A,11.361435,-1.7194581
C5AR1,1.584112,13.659116
ERLIN1,5.0703626,5.457614
NSUN2,1.1274116,0.80123466
ELAVL1,-0.7758727,-4.7087264
TSNARE1,5.8950047,8.04774
ZNF646,-0.7802319,12.091216
DPM3,17.257095,0.25346306
ZNF676,3.592763,0.21977152
MYO9A,6.0972724,4.0024915
FAM216A,2.3216648,8.826787
CTSC,11.54467,-7.8924866
CYP4F12,6.9354343,0.15780395
RNF219,15.06464,4.7189803
GRB2,2.2564194,-9.309553
PI4K2B,8.681746,11.834942
KLHL13,-2.3357708,0.32774892
IQUB,12.34711,4.1448026
DNAH17,5.5901456,3.896769
ASB3,1.8401095,9.832739
MXRA5,11.944861,-2.9967823
B3GAT1,4.352018,-1.609344
AFF1,7.2390842,12.829138
TADA2B,-3.688932,7.693554
VKORC1L1,11.501372,7.148955
FGF12,12.739743,3.6352425
SCN1B,0.43775627,4.954933
MPHOSPH8,-2.0728211,2.0156665
KCNK5,8.407177,3.8908741
ECEL1,11.692113,3.5979228
EVI5,13.072576,9.013062
DBF4,11.095706,8.998716
TAMM41,5.734854,15.459411
QSER1,9.352769,17.601315
FAM103A1,-2.301156,3.1661627
TMLHE,7.72872,2.6678047
EDN1,3.76565,6.80045
NSUN7,3.151368,14.889191
RCAN3,7.291877,0.6880218
PLCH2,5.201727,-3.6238573
FAM168A,3.1060433,3.04137
TCF21,2.9810035,14.823599
B9D2,3.8056157,16.677153
CUL7,-4.03845,-3.356765
NAALADL1,-0.5027251,9.765127
DIP2B,0.7854277,8.191246
PINLYP,11.262017,-3.4313583
NFIB,7.817426,-3.78496
MYO1B,0.4892761,2.8263495
ZBTB20,-7.4885306,2.2620287
ADRB1,11.914973,-3.0331695
RRP7A,10.067131,-2.707003
PCDH10,-3.5539932,9.400279
TMEM26,2.2940357,-1.8638971
RPRD2,13.728062,6.5108385
MAP1A,1.2697734,6.0239353
G6PC,7.812943,-3.9511473
DAGLB,0.35379565,4.6917276
CDK11B,-4.2671247,-0.18033858
LMNB2,7.8146944,-1.6604382
ID2,15.904243,7.632063
ARMC9,-5.1861086,7.2129235
DMRTA1,2.808941,-8.0542
TIGD2,5.699624,6.396894
INTS13,-5.355928,6.828804
ZC3H14,-7.6528893,1.4146981
CNOT11,14.753775,1.0171796
DUS4L,10.69055,1.0012382
GPRIN2,8.569579,-7.3585367
ZNF410,8.102772,7.5173807
JADE1,11.471115,-1.7376177
DAPK2,9.9240265,4.3311386
SRRD,-1.3359606,-3.9827924
KCNT2,-3.5264876,9.421023
THBS1,9.133478,-3.502368
SLC25A40,3.1051726,3.0596538
TET2,-1.071153,-0.0013468399
PHAX,-7.6381264,1.4451723
GLRB,6.9394665,-5.371891
KIAA0922,1.1323448,6.100114
HEATR5B,15.189067,4.5989947
TMC4,-2.842154,5.321396
PCDHGB5,5.7906594,13.373218
MRFAP1L1,10.282586,1.4336605
LSM10,-4.066338,6.3427477
FGD1,6.9436603,-5.391205
LURAP1L,2.0950298,1.5944413
EXOC4,-7.8119235,-2.6867836
LYSMD2,-3.460132,2.4428558
TTF1,2.3028986,-1.86617
ZNF584,16.999832,4.0739436
CXCL10,16.287308,11.757401
LPCAT4,4.521384,-4.128061
PHYHD1,4.8186946,-1.1945183
MTIF2,0.74497205,10.776124
DMKN,-2.8351574,5.3297825
GLYR1,4.1844573,-1.370196
FAM50A,14.8514385,-3.197315
FOXO4,-5.37129,6.8060393
CBL,4.0291915,-3.5460863
MAP3K10,-4.0253634,-3.3451915
METTL4,13.005127,10.497247
IFT74,2.0785549,0.40113172
SF3A1,8.850659,6.0014815
RAB15,12.769491,2.8833861
LAMB2,-2.4796653,11.157353
TESK1,16.575333,5.373223
CDIPT,7.9784036,-1.7279431
SMARCC2,7.9962497,-2.2937834
TVP23B,5.1164904,10.707545
EPB41L4A,9.105025,1.4916676
MAB21L3,11.724356,3.6197572
RORA,-2.772163,15.666288
GSPT2,9.032425,-3.60021
IVNS1ABP,18.593952,8.064284
FAM122B,-7.2825212,2.584182
ODF2,-4.299629,-0.22661641
ZNF280C,10.126986,4.712136
SOS2,10.262959,1.4626164
PGGT1B,15.002564,-3.3413022
CDK8,11.9564085,7.1938105
CES1,-4.4697313,18.047113
ING2,1.0208571,6.187573
GPATCH8,4.264009,12.766465
TMEM55B,18.599789,8.067896
RBMXL1,4.164392,12.683151
ST7,4.30174,-2.2986887
PITPNA,1.4841825,9.239866
RGS4,10.935905,12.232586
INTS6,8.280425,12.745582
ZNF215,4.4392543,19.169123
ZNF649,3.860579,0.8426517
RPL39,6.2684827,1.9603887
PRMT2,18.599672,8.06798
ZNF45,16.60041,10.226743
MSANTD4,10.328381,5.80026
CYP26B1,2.7367527,-0.18820503
WASHC3,7.618982,5.934252
SPX,5.538656,5.7447357
ARIH2,-9.463047,5.9229736
KIAA1147,-0.6675263,7.640632
ZNF501,5.4863563,-3.7428062
ABL2,4.3052945,0.42105183
CNTN4,6.2419987,19.741272
ZCCHC7,-2.4455702,14.912374
AASDH,-0.2540453,-6.83585
CDKL3,-4.0871286,-0.3445241
SLFN11,-2.7153492,9.580424
APEX2,-2.446687,12.7372465
PLEKHA7,6.789989,-6.032781
SERPINA1,14.843005,-3.193935
ATP1A2,-2.4567413,11.159212
NRG1,4.3664637,10.854299
GNL3L,-5.2511744,7.3250794
MYOZ1,4.601339,-7.30932
NGDN,1.4721953,9.226292
SEC16B,5.205657,-3.6331596
ANAPC10,-0.8150188,12.0726795
COPRS,-3.6116161,6.598432
CLN5,7.8474674,8.209375
TSPAN10,17.448326,4.788288
SNHG18,7.5032988,6.0220003
MORC2,16.567532,5.392198
OXSR1,-3.9347622,12.254888
CHML,0.8170644,15.628331
SARM1,4.54699,0.4792396
TNFRSF10C,-3.5176318,2.4016259
TMEM245,3.5275784,12.02191
FAM228B,0.48603123,7.300233
MAST2,-1.8409768,0.9886924
DIAPH2,3.268713,6.0962334
BPGM,-0.013184729,-5.7302275
VASH1,9.509006,3.4235587
WASHC2A,4.4335585,19.163351
CATSPER2,18.871313,2.382181
TNS3,12.815654,5.8427114
PHTF1,5.198448,-3.6267755
ADAMTS7,-5.120923,7.205036
ATRIP,6.3765774,11.067639
PRNP,5.9587717,13.28012
CCNY,0.35113508,4.691462
EPHX1,12.722674,2.6826313
ZNF511,1.8582253,9.808543
ACSM3,4.440889,3.600582
ANXA2R,0.7566598,10.786774
GPR180,3.9504013,11.78097
CAPN5,13.688748,6.493123
SNRPA,6.550504,2.176505
EIF2B3,1.5503979,2.1092787
ATF6B,1.7345828,0.4116124
PSME1,-3.9909015,6.387208
ARMC2,2.6011686,14.982156
CGRRF1,4.5752106,19.295982
PKIB,0.97221255,2.9082909
GCC2,13.139821,-5.158031
H2AFZ,-0.7801153,-4.7099357
ENDOG,-1.6646676,-0.23487262
CPXM1,12.85708,14.61613
TAF7,-6.41452,11.2928
XPC,-4.529899,3.252466
PRMT7,10.754125,8.49745
OSBPL11,-1.8515735,15.661435
UQCC1,4.185315,-1.3730648
LRIG1,13.680678,-5.5464296
ABCD3,-3.9577706,3.955854
KCNH2,13.638776,-1.508756
MKRN2,-7.779772,1.2545409
HOXC4,8.835134,-3.4236815
SLC1A4,3.5459082,14.6794815
RGL1,6.079826,-1.2114704
CCDC80,-2.4388993,12.665747
TSTD2,10.026702,-2.6435363
NT5C3A,-0.96935576,12.350335
FAM124A,7.211874,0.5408315
ZCCHC3,2.278452,15.009081
SUPT3H,8.0341,-2.3492904
PREX2,10.9697895,11.981492
CCDC34,10.526535,9.726911
CYB5R3,3.750524,14.275185
ZNF525,-1.5921233,6.425143
GPAT3,5.0978055,-2.5946252
PIGV,3.0782056,3.0439923
PELO,1.2964824,5.9827228
CHCHD7,-5.336163,-6.1523385
ISM1,4.9606934,7.2485228
GFM2,1.815504,4.727883
YEATS4,-0.7750526,12.085715
ERGIC1,5.256014,13.763508
SIDT1,3.0218375,-9.988236
POLR3K,17.832884,-2.5208545
ZNF287,14.760821,1.0041445
GFRA2,12.034431,7.232969
PLCXD3,4.956913,7.2692146
FAM13B,4.3857746,2.1190267
SH3BGR,11.615394,-2.703748
MED25,6.6440663,-9.139686
ZNF107,8.420779,-7.59226
BOC,10.32302,10.693404
EIF5,8.867014,1.1666423
LPAR2,0.36465266,10.524862
RORC,5.59839,9.815254
TG,-1.0735173,13.983816
ATG13,13.471784,-4.0783052
MTUS1,12.571213,5.72499
NAAA,-2.6123867,12.266008
WEE1,7.6051826,8.443654
PHACTR3,11.674857,3.589043
PDK3,8.419003,-7.5955386
PDZD2,2.7911212,14.665084
SH2D4A,6.8920383,-4.9928946
TXLNG,3.2883708,2.6212747
RASSF8,7.232146,12.823702
S100A12,1.5787463,13.649976
INHBA,1.499888,6.2279305
SEMA3C,11.4254675,-1.6887268
FCN1,0.047386203,10.654488
CHEK1,6.0864882,13.1514225
FCN2,6.340573,3.9382036
MRPL10,6.326872,1.457989
CAMK2D,10.74478,9.102854
GLA,14.763141,1.0243366
DNAJC10,13.501383,-5.3828163
ADAT1,13.575363,-0.5619546
RPL17,6.163829,2.0192251
ZBTB47,1.5679394,5.6044173
UNG,-3.3396485,6.815213
POLL,-1.5657529,0.37532386
ZNF775,8.13979,7.606521
CCDC22,10.214087,-4.859233
SEMA6A,-0.7758907,-4.706046
LAMB4,10.765066,9.896723
PPP1R13L,2.128865,19.03608
ZNF567,-1.0510101,2.2471993
UBXN8,-0.9095088,6.0574064
CACNA2D4,3.283995,2.3161633
CCL19,-3.4827294,9.460294
RNF130,-7.7621803,-2.6461184
KIAA1462,10.339227,10.714324
KIF3C,-0.49002686,9.77786
AHNAK,0.9617219,6.2164187
TMEM117,11.353901,-1.7351371
JADE2,16.596846,10.226879
MCC,-3.9933624,-1.810869
FAM27E3,10.012705,3.5364811
GLTPD2,7.669682,-5.192479
TAOK2,-2.8174858,15.648192
FER1L4,4.392412,2.1245854
BTN2A3P,8.606782,1.2058581
CARNS1,0.33688533,2.9594843
MPHOSPH6,3.0975244,-0.18095295
CPEB4,4.5376,-3.9860363
BANK1,13.089985,14.300595
STX17,-7.3509717,2.1625788
CREB5,2.5873554,1.3768934
PDE8A,6.345889,11.015271
DUOX2,4.5749846,2.198115
ING1,20.242786,1.8163834
CLCN2,0.43374547,2.8906088
SOX4,16.697964,-4.5123014
SPTSSA,7.8378253,13.3498125
CD163L1,1.9504164,14.112195
ACTRT3,-6.638878,9.292882
RALGAPA1,14.779063,3.651901
COPZ2,3.7736242,14.283624
MTRF1,3.5916886,0.3217474
HR,-2.6957092,12.425315
GCFC2,-7.286246,2.8537424
CLIC6,1.7689234,6.5292253
TBC1D2,1.7781793,4.953961
CDC7,3.222709,-3.2862005
RNFT1,5.3743806,7.1086698
TMSB4Y,13.086675,11.94318
NSMCE4A,0.859895,3.3232727
KCNN3,10.071185,15.665221
CYB5R4,8.637105,11.933925
ZNF571,-1.0080051,2.1915083
EED,13.116273,8.965888
SOBP,7.930634,-4.301172
MIAT,13.358559,14.133715
RASGEF1B,14.830575,3.6054697
ST3GAL2,3.9858866,3.699168
LMO2,-9.200695,-0.06569259
GPR4,2.1317534,19.044321
SHPRH,14.678405,0.9382539
FAM222B,-5.428905,7.483523
KREMEN1,7.3456,3.0318005
AMPD3,11.943672,-3.0014246
PRMT6,4.367924,2.1198316
PTS,13.191968,12.059137
UBN1,-1.7520941,0.81052583
FBXW9,1.8549652,9.8081875
FCGR2B,0.3944166,10.463201
MTMR9LP,8.614832,1.2081134
NEU4,2.4678454,-6.25902
OLFML2A,8.954678,-10.418962
TSEN2,7.5977345,8.4362
EXD3,7.546815,2.3621025
IPCEF1,-2.3541954,0.31951126
FLRT2,17.002617,4.069151
HGF,-9.551274,8.037267
OTUD7A,3.0744357,-3.8404906
RNF13,3.557477,12.020691
TTYH3,9.342157,6.9467816
PLXDC2,-3.569797,9.384798
INTS12,10.777435,8.473284
IDS,3.7777483,9.081073
TMEM9,-0.69804996,7.6134777
ADAM28,0.50864065,10.503743
SNHG10,7.7876105,-4.0394735
ACE,-4.6682363,-8.893502
ZCCHC11,14.8061285,3.6269886
GUF1,5.5631237,5.7604156
CNTLN,0.9035273,0.4116788
FBXO21,4.3221636,4.264517
GAS1,-2.432963,12.68418
ZIK1,5.4163365,-3.707832
NGLY1,5.118521,10.704226
RWDD2A,7.6880326,-5.408645
FYB,-1.9137193,4.3807654
POLB,10.622424,1.0676795
MTAP,-7.828412,1.1963423
TUBA4B,4.497137,3.5697608
EDA,-3.9455893,-0.98970497
TUT1,9.234445,5.7025914
LCLAT1,13.078162,3.0725138
HRASLS2,4.188274,3.7850184
RRAGD,0.3573598,13.561023
OSBPL1A,-7.284651,2.826908
IQCH,1.9062366,0.5676919
EIF4ENIF1,-4.52963,3.2528882
PAQR4,4.3686047,13.972506
SPATA5,14.733517,0.9787643
FAM160B1,4.0197835,13.370671
ZNF772,-0.25414443,-6.8356667
PINK1,4.749678,-1.2882267
APOC1,11.557583,-1.5379922
FAM98B,10.096531,1.4397734
ZC3H8,5.583238,5.7924876
COL4A4,6.039806,-1.5908455
PCDHGA2,-7.385172,14.272508
DGKI,11.843815,-2.0396235
NMRAL1,2.9683614,-9.936731
RNF121,7.505473,2.2547233
CYS1,13.560713,-3.9904122
SCAF8,8.857144,5.9758043
TMEM60,8.497777,-2.199618
ARHGEF7,11.141205,7.6169825
PTOV1,0.7161476,14.602798
CALCOCO2,13.143525,-5.1538234
SPIRE2,3.444425,-6.7175474
KXD1,4.546903,2.1478899
TTLL7,10.004011,15.700707
CHTOP,7.779487,-4.16985
CCDC167,5.5544066,2.8899238
SULT1C2,10.877977,9.925273
ZBED6CL,2.6516266,14.922036
GPR143,0.47755387,4.873342
PRAG1,10.846222,0.87481654
TDRD10,-9.20556,-0.0600042
ERCC8,6.0563617,13.181928
FAM83D,6.0626216,-1.5791293
BBS2,-5.791106,0.47700575
RNPEP,-1.8414085,0.9575709
RAB32,-2.2199545,3.075721
PRDM4,3.982012,3.693411
UNKL,4.41794,-3.1285753
GAN,-5.413638,7.473099
FUT8,10.079258,-2.734165
FER1L6,8.63871,1.313493
TMEM97,5.7321205,15.461735
SORCS1,-1.4404895,4.7081366
ARL16,-0.4926323,10.850868
UBE3D,-5.793489,0.47980085
PLXNA3,-5.765929,0.49720266
SUPV3L1,6.5064344,-11.074251
NAPRT,6.725237,-6.0822635
LCA5L,1.736309,5.1448193
ZNF22,15.928849,8.947191
ARHGEF4,12.054819,3.8192055
LHX1,11.543921,-2.7559392
CEP57L1,5.702638,6.1490583
IQCD,7.5078983,5.7978344
CREG1,-4.6986933,-8.248242
FRG1HP,15.316855,-2.012228
PPDPF,6.1939187,2.186383
DUOX1,9.928758,4.171368
TDGF1,11.186595,16.035503
GJA4,11.425857,-1.1021553
PSTK,-4.0096545,-0.082160905
BSDC1,4.747691,-1.3858484
PLBD1,5.654474,13.481646
FBXO33,-8.480743,-3.2035284
KRT19,11.799974,5.511069
LGMN,-4.683695,-8.506736
CTNNBL1,1.512459,9.2830305
HOXA7,10.00955,3.433343
TMEM54,14.7077,0.95984924
ZNF300,13.046181,9.038862
RRAGA,13.378498,10.46411
PYM1,2.3313468,15.475693
DIO3OS,1.2349586,-3.6864786
PTGER2,3.2172742,6.0242405
AKIRIN2,13.477579,-4.0736175
DNAAF3,-1.5034362,-3.775998
TTC9C,7.489136,6.356321
UNC5D,2.854786,-3.4239907
FAM117A,14.7757435,1.3077453
ADD1,2.215399,13.147325
ASPG,7.8196554,-3.806274
WDR36,1.3026971,2.437213
MLYCD,-3.9637876,3.9536464
TLR1,5.605359,13.487265
DSE,4.382968,3.620355
FOXC1,12.292006,-6.4796157
CNTROB,4.420922,2.617953
ILK,0.95895195,6.225815
LAD1,7.5213614,2.2618916
NECAB1,-3.4764197,-0.45903566
LSM7,0.39396212,-1.290903
RPUSD4,-0.34861678,7.987905
OLR1,6.3956156,3.896844
ADK,-0.9682978,12.380912
KLHDC7A,3.312172,6.1313734
ZNF112,5.461756,-3.7188716
ZNF776,1.4648825,9.218598
COL18A1,15.939309,8.962861
NSD2,4.5301814,2.1179006
SLC6A6,-2.0334537,-5.671576
NIN,7.517709,2.2844186
FER,-2.9064217,6.331031
WDFY2,9.99995,15.698869
TTC7B,0.35174695,13.561924
FBXO22,8.455209,-7.4924235
DDX25,5.036685,0.40745452
ZNF354B,-0.5582266,2.6358914
HDX,2.9088373,-3.507329
RRAGC,2.2034628,-9.36333
KRBA2,5.175267,10.658344
GPR135,16.826036,0.095442705
BCAS3,-4.0714555,-1.1788293
THBS3,-4.0997043,1.6986488
STAT5A,3.0428274,5.876343
FAT1,6.0246177,13.223445
FAM180A,-5.001589,11.449226
ANGEL1,-7.274441,2.895166
PSMD10,-2.4071574,6.646203
STS,3.293572,6.114269
HRG,4.412058,-7.299104
LTB,0.48276326,10.509493
ZBTB33,4.0469255,13.379528
RTF1,5.912168,6.5730925
MEST,-9.5644045,8.024419
PEX6,-2.205136,-5.854948
SLC25A45,4.7011714,3.5094302
DHCR24,16.121014,6.5609903
STX6,7.386149,13.041601
NEFH,11.186238,16.034182
BAMBI,11.099715,12.072852
KNDC1,7.2260118,3.118379
NPIPB12,15.80969,6.2596893
USP6NL,8.18291,8.126638
POC5,14.77389,-5.500908
GABPB1,-3.5748525,7.610797
SIRT1,8.885067,-1.9173725
NT5DC2,4.1776047,3.744692
KPNA3,8.641963,11.967058
SERPINA6,4.2272973,-2.1359415
PREB,17.040943,3.9663413
VDAC3,8.6395235,1.9409323
TMEM161B,-8.247455,-3.021088
CSF2RB,-0.28136408,9.99892
SNX19,3.840412,16.621655
MYO19,7.877286,-5.54676
B4GALT6,6.7044177,-5.1827264
MROH6,8.137162,7.568631
CCDC163,14.9513,4.832621
SLCO2B1,2.1483858,13.33879
PNMA1,11.140902,5.6608763
DLG2,6.968135,4.5303016
NAE1,3.83296,9.136301
SOSTDC1,10.85888,8.401128
MERTK,1.4137071,-3.614233
KMT5B,11.768486,-8.151832
STK19,-1.0875121,14.002606
ARHGEF10L,-3.081447,0.8936477
ZNF660,0.5441543,13.770045
PAFAH1B2,3.8992457,1.5813679
PDRG1,-3.85011,6.4671702
GNAO1,-2.8923965,9.863278
RASSF10,-5.3688655,9.791674
MYO15B,9.171823,6.790133
IAH1,8.391419,14.17509
OFD1,12.963618,3.6792989
NBPF8,-5.8017936,0.4654613
LPXN,12.428697,14.568908
ACTC1,-2.1355479,11.104392
RNF44,-7.665251,1.41197
SLK,2.8061168,-0.6409623
PET100,0.52168894,13.739828
TENM1,5.252651,2.976323
SMG9,-1.8245115,-0.47820812
ZMYM3,6.013303,14.138759
LRRC47,4.5191736,16.094385
ITGB8,11.615329,-7.943861
SUMF2,5.770187,13.388482
SPRY4,1.7033974,5.6086116
VHL,0.030517679,15.313965
SIRT2,-0.5213738,2.3661995
SCN3B,-4.69231,11.633592
PIWIL4,3.1273916,5.9424334
FUCA2,5.6317167,13.4896965
TBC1D31,7.6555185,13.088672
CDK9,6.708633,10.296422
ALKAL2,8.827661,3.9038348
MAST4,2.49433,-3.3741024
ARC,15.9026375,7.6240864
FAM167B,11.190722,-0.6692402
EXOSC3,-6.903453,1.9863784
SLC13A2,7.6290665,-5.1827774
CEBPA,4.9434505,7.252065
EPHB1,5.682234,6.2855787
ZSCAN22,10.731785,2.7767956
MAGED2,7.4507136,2.954166
UNC13B,-0.34023204,9.931323
FMN1,10.505911,15.425721
PCTP,2.878586,-7.8848214
HIPK2,-2.72292,12.438566
ENC1,-7.596476,2.357814
SEC62,8.217752,8.161078
TMEM94,5.179538,10.660809
PPM1D,4.303085,-5.7982364
NSD1,10.744004,9.103862
CA11,5.197944,7.441831
ZNF418,11.387372,-1.6001424
ZMYM6,14.058527,2.1074324
PIFO,3.3959498,-2.3302794
HCG18,3.845944,16.620718
MEF2B,16.754223,0.12815332
POC1B,8.590492,12.017982
IKBIP,12.6268635,3.6584854
SPATA18,6.0970006,3.9601834
RASL11A,11.329732,-1.7404093
ACHE,1.5782601,5.613068
MPI,4.340153,-1.4691788
ITIH4,6.540212,-0.33624765
TRAPPC11,3.490989,12.007419
RUBCNL,0.5218954,10.531686
CFHR1,-5.791812,0.4763525
TBC1D23,9.759773,17.352049
ATP8A2,2.4202888,-6.2405715
MS4A14,2.089488,13.548253
SH3PXD2A,-2.6178014,12.264939
NAPG,8.645984,11.9324875
GTF2A1,6.6850486,18.21237
IL15,16.065695,11.728563
SHISA6,12.203996,7.32092
SCARB1,13.544698,-4.005048
HRH2,3.345273,6.161247
CCDC68,9.35593,2.7163732
CITED2,13.754036,-5.642534
UGT3A2,-4.6822352,-8.628429
PGD,-5.231544,7.2755184
FAM98C,17.268091,0.25388485
MIF4GD,15.96176,8.972384
ZNF630,-1.5541997,-3.7505643
UNC50,-0.9189845,6.050968
LBP,-0.9996084,13.902146
TCP11L1,14.796269,1.193439
FAM127C,-5.3892593,7.445526
RBX1,8.463937,14.024031
TNFRSF21,7.03578,0.29597017
ADRA1B,3.9183264,1.7219137
ARHGEF28,-3.0774703,11.011824
CD109,4.637953,-4.178581
MOSPD1,9.748696,17.33406
FAM229B,10.499243,1.4858497
FCGR3B,1.5705845,13.644826
COQ7,9.503873,1.700067
WIPI2,4.3803945,10.831515
ACOT1,3.1504993,-3.5164084
ZNF155,6.108599,12.142329
DOPEY1,15.145484,4.642833
SPAG1,3.881564,1.5937002
FAM13A,10.644856,1.0443591
DANCR,2.7736416,-0.5772504
TUBG2,16.810673,0.21288453
FAM134A,4.686557,-4.32272
TRAPPC12,13.711979,-5.5792265
HOMER1,0.7957044,-0.18451777
GTF2H4,-0.94082093,7.4130964
CLTCL1,10.671025,1.0189209
CXCL3,2.4819357,-0.9534795
ZBTB26,4.357406,-1.5488172
ZNF528,16.783062,5.020404
ATXN2,9.964243,4.63021
POM121C,4.806021,2.126916
EMSY,7.3126945,13.096632
TTC28,1.1302543,0.7896965
ARPC5,1.1753991,8.034482
HMG20A,7.2525573,12.841701
OAF,-4.267932,-2.8752246
YJEFN3,10.59679,2.9221842
FAM135A,3.8724644,1.6852826
EBAG9,7.4999666,5.7644615
TMEM266,0.86988217,3.3016775
BEGAIN,0.7494589,10.780442
EIF2A,-1.9401242,15.641443
FLNC,2.2729754,5.263545
NAA16,-2.874012,6.3679614
YY1,3.0911505,3.093782
CCDC121,4.3798656,2.1244354
LY96,3.2110515,6.0282464
CHD3,10.381989,10.650617
EPS15L1,4.2038045,-1.3818321
RALYL,4.571887,-7.3149166
TYW5,-0.8278019,13.687396
PNCK,2.897191,-9.870693
ACSL5,-3.9466558,-0.9153853
ARSG,10.42444,4.184974
ADCK1,3.32064,6.121825
MAX,4.709465,7.5382843
ZFP36L1,15.873313,7.6572385
NEDD9,7.610206,8.429435
TMEM64,4.426001,2.5848503
ERO1B,3.8286471,12.209371
PCNX2,12.839955,14.5609865
PLEK2,10.038287,-2.682972
SART3,11.414709,5.75622
EPRS,1.4009631,2.3230686
CECR2,-2.9600859,11.135344
MUC13,5.420732,2.810774
STK26,5.2459264,2.8650334
CCDC40,-0.45437476,12.227203
TFF3,10.337482,10.717235
AGBL4,2.3461316,12.933624
SGK494,8.114938,4.151685
PCDHB13,-1.001515,7.360044
EML6,5.5517464,2.9013476
DNAH5,-2.2117891,-5.825691
FEM1A,9.641528,3.3869004
ZBTB40,-2.3621159,8.184548
MAP2K1,4.5463457,0.4424078
PIK3C3,9.875461,4.179228
FOCAD,6.9370046,-4.959825
ATXN7L1,9.195579,6.813287
CDKN2AIPNL,3.5863411,-2.8680358
TMEM86A,-4.004363,-1.774718
ZNF821,5.816546,14.027822
NAALAD2,12.951394,0.8316295
NCOR1,3.0936582,3.092793
ZFP36L2,12.046271,3.8394136
BAG2,10.962245,12.3596115
PDCL,3.495593,12.013716
FANCA,1.961522,1.7388835
MYL5,16.335081,-1.4154844
CCDC157,16.736614,12.05111
NUDT2,-5.3469276,-6.1430097
GUK1,-3.8944535,14.095894
NSDHL,7.674177,-1.5288842
IL18BP,3.7474449,14.276959
ZNF426,4.785272,-1.21993
TYMS,4.2657638,-5.8243127
PIEZO1,13.093133,11.948508
PELI2,7.848353,13.357954
SPICE1,7.841814,-1.9340636
TIGAR,9.033885,10.237701
CAPRIN2,14.103298,2.1426537
HENMT1,-0.21006376,10.100776
GSE1,3.9215329,12.313516
IFI30,5.576875,13.4951725
TRIM59,16.775215,8.158743
NR2C2,-1.7987363,0.03561201
PGBD4,10.761436,2.7577326
ULK2,-3.5184336,2.5265598
EXOSC1,6.330945,1.4479853
SCAPER,4.6085095,-4.129132
NFKBID,-6.5650587,-5.090097
ORMDL1,-3.3484356,6.801245
CDKL5,3.6139812,0.34608313
RBL2,8.72492,11.827997
SHISA9,4.6741285,7.56913
KCNJ16,10.952205,15.741873
ME2,6.796618,10.327364
PSORS1C3,10.496486,8.2735815
FAM160A2,-4.005001,-0.08382416
ADGRF5,11.5076275,-1.5229292
HRASLS5,3.9839337,-3.0312912
SLC2A3,9.0748625,-3.5824854
SGF29,5.610222,4.0606823
MXD3,8.529149,-2.2351801
TSSC2,-4.469546,18.047272
TACC2,11.271633,-7.7183843
ZC3H12B,5.8698907,14.031175
MAEA,4.7265286,7.5410852
FRG1BP,-0.97042006,6.094612
SNHG20,7.839583,2.6735492
PARN,-4.160581,6.2860956
CHTF8,4.3478737,-1.631707
FLJ22763,4.9375486,-2.6618636
ZNF143,8.097416,7.5703106
R3HDM2,-4.531945,3.2523665
FAM110A,-0.50797695,9.759612
ITGB5,0.9269303,6.2475834
CDH4,-3.8429005,-1.198304
FAM47E,4.6672864,1.5418432
ZFYVE28,16.991068,4.089129
NET1,5.940621,6.5579214
HDAC3,16.991758,4.0733743
PGM5,-3.6790621,10.682467
STAG3L3,-0.4904314,2.342009
SLC46A3,3.8770201,16.17385
TIMM22,-2.4211566,0.4028057
TSC22D1,-0.7770037,12.094625
TMEM80,10.357745,13.904946
BLNK,14.770942,1.2820362
ZNF696,7.5930824,8.445805
BRD2,5.932573,7.407038
CERK,9.087675,6.7152033
TMEM51,7.0334945,3.3302805
NENF,6.332672,1.458999
ORC5,13.575912,-0.5631096
TMEM223,6.0775666,12.162017
ERICH4,4.983605,-2.656123
MACROD2,2.3000126,15.523513
USF1,-1.5024735,-3.7983732
RHBDL3,0.4923976,2.8269455
WDR83,8.843135,-3.4299572
MBLAC1,6.910222,-5.957658
DHRS1,4.3747683,-5.7380447
PRSS23,-4.0011783,11.924483
BUD13,-4.010113,1.6257641
FBXL8,3.7408,14.284776
PLD6,1.5227879,0.9662857
TOB1,10.421416,13.963965
CBWD2,-2.425922,6.631121
DHRS3,-4.9995904,11.449758
PPARG,-3.8863394,14.090262
MEX3D,0.5165225,10.529971
SPATA6L,12.17538,4.036062
ATXN1,8.693104,9.737981
KLHL20,0.006214317,15.328526
PCDHGB7,4.019361,13.359486
DAAM1,-4.4680557,18.045864
KCND3,0.42774448,2.8855758
DENND2C,15.336283,10.937643
ADARB1,-2.969467,10.307491
TBC1D32,13.01939,9.06614
ZNF77,4.583846,19.303156
NOL4L,-1.3314787,-3.9875047
ETNK1,3.8433056,12.202125
ZNF85,0.77247953,-0.3777042
MFSD11,9.605206,13.27583
SMAD3,4.5657783,0.46460184
TIGD7,14.017294,2.0777953
NUDT10,13.656508,-1.5216389
CBR1,0.82911664,14.572545
LEPROTL1,13.13913,-5.152564
TAF13,10.618446,1.0595529
TSEN34,13.577964,-0.5360525
KLF9,-5.009139,11.452432
METTL2B,-3.6871614,7.6947036
CFL2,9.738408,17.316875
GPR132,9.056594,3.8612735
SLC30A4,4.2769613,-2.2522652
FAM45A,5.551477,5.7465034
ZNF761,15.552983,11.262798
ZSCAN30,1.3882087,9.133536
FDXR,-4.373601,-1.5705969
PLK2,0.87905854,4.7581205
DMWD,5.7370534,7.5646715
AHR,-3.9389865,-0.9766963
NEK5,10.796807,15.561809
EYA2,-3.9797094,-1.2462208
NEDD1,5.028572,13.445757
PRMT9,1.7586663,4.7598004
ACAD10,7.319778,0.71333873
FBXO34,5.7374763,7.5571427
PDZD8,-1.1600573,8.470164
FAM49B,7.780892,8.2210045
CLCN6,8.004421,-2.3799877
KIAA2026,2.2154615,-9.355413
PTGIS,-3.6374927,10.802239
SLC45A3,6.951501,3.4276676
LGALS3BP,16.318558,11.77938
TM4SF5,7.7518477,-4.752033
P2RY1,18.71937,4.6922483
RAET1E,0.8635794,3.2171526
NEO1,-4.643434,-8.296949
RPL41,6.3811064,2.007808
PTGFR,-5.5205736,2.5022151
PGBD5,-3.2032578,-0.3277211
ABL1,10.03745,-2.6875556
TCTN1,7.036757,0.2944563
PHKA1,-4.335924,-1.8373635
NAGLU,7.8906436,-3.2908707
ZNF319,10.737953,2.7713501
GALNT12,1.8188188,5.395659
PLCG1,-1.0142784,12.364676
NSUN3,2.476267,15.11522
LRRC61,10.010258,-4.602432
NEK9,0.8086433,7.542962
SECISBP2L,7.879897,12.959761
EFNB1,14.752391,12.679182
GPAT2,0.7344161,0.096897505
NBPF9,-4.333535,-1.8059151
ANKRD12,-3.3808727,7.30564
SYNE3,-2.9511998,10.104746
FRG1CP,10.631806,15.482446
ZDHHC1,17.575853,6.430293
PEAK1,-2.8973167,9.873434
SPOUT1,2.3007994,15.513669
NPR2,0.49858803,-1.185103
NAA10,8.482214,14.053931
ARMCX4,8.479002,14.061701
CCSER2,-2.445955,14.914598
IKBKG,15.79805,6.2551146
GABRP,11.681913,3.5898347
CCAR1,-8.525919,4.703077
SCAND2P,18.870901,2.3826554
DDX56,6.6708326,-6.1610484
LRRC20,0.7841091,-0.15164903
TTC31,6.3495736,3.93497
CWC15,-3.873687,14.080381
VWA1,3.2456129,-3.2641056
PIGBOS1,-2.4256887,15.477651
EPPK1,-0.718586,13.795128
AATK,15.257747,10.834973
S100A1,12.105598,7.1992464
RPS4X,5.571593,5.1982727
PRUNE2,7.888374,-3.3037114
GGCX,6.900134,-4.9888616
TMEM163,-2.1370115,-5.770616
VPS4A,13.728309,6.5126443
KLHL23,-4.377401,17.958946
METTL7A,-4.223367,-3.4882205
ARAF,8.64441,9.685111
WRB,-2.406037,8.136009
ZNF689,10.6297245,8.362362
PDGFRA,-3.508658,11.510038
DLC1,4.2585053,6.541194
IGHG2,13.154908,15.401847
RFTN1,-2.4410825,11.152149
NOC4L,5.914596,7.4117017
RGS2,15.87448,7.656754
TBC1D10A,16.829905,4.946147
NUDT1,5.6894374,15.474065
TEX10,1.7014097,5.5753093
TRIM35,3.5008476,14.724152
WDR11,4.1138725,15.962118
HAUS5,7.9174275,12.948566
CRYAB,12.093972,7.203967
RELN,9.113923,4.0116067
DDX41,-2.119699,2.301469
FSD1L,0.4926048,2.826078
SLX4IP,4.471627,0.5306458
LPCAT3,3.8723454,1.5746418
IFNGR2,12.711203,3.4396904
RRAGB,9.242974,17.461031
MIS18A,5.5518537,5.7529597
HSH2D,12.901066,14.69742
TMEM65,10.711677,0.9883836
APBB3,3.9097428,11.891165
LMBR1,-1.8166727,15.695555
ABCA1,7.628191,8.414856
FAR1,7.6239085,8.418977
MAMDC2,-3.6809342,10.795682
CX3CL1,-7.0872827,2.0193381
LIMD1,2.9818559,-7.7303977
FGFRL1,1.3633617,9.110001
HELB,13.00656,3.1439178
PIAS1,-0.48740336,10.839845
TTC26,-1.4768,-3.8078053
TAF3,10.893192,0.83113164
ZDHHC4,6.0998025,13.138082
BCAT1,2.0408893,13.826112
SIPA1L1,7.437334,3.1464922
C1GALT1,9.37207,4.040442
UQCRHL,0.5181971,13.733902
CNN1,-2.4642496,11.155865
SLC14A2,11.800507,-7.9380507
AOC2,-2.4136665,6.640644
CD68,0.9154103,4.7805905
DRAM2,-2.4285758,15.477424
ZNF526,7.622034,-1.475614
OSGEP,-2.4948485,4.151654
NETO2,3.8492048,6.6817427
SMAD7,13.024584,3.1109085
BMS1,11.419018,5.7549167
NAPSB,3.743344,14.282118
WDR89,13.077599,9.007663
ZNF229,-7.1693153,13.95726
DGCR6,13.637258,-1.5116565
NDUFS4,-3.0136669,6.4631324
CREB3L1,-4.376115,17.957561
MYRFL,3.7751148,9.077917
PCNX1,-0.44209677,2.2353442
NUDT4,2.5571058,-6.3088894
GSK3B,7.323933,12.871296
B3GNT3,6.9464498,4.524208
MAPKAPK3,13.002369,10.515241
APOOL,8.991354,1.8845913
EHD1,6.666128,-6.168577
SEC22A,4.0353746,15.96877
CEACAM19,17.0986,4.553576
DGKG,-6.9967937,4.73071
ALG13,-3.6825483,7.671938
ARL10,-8.240194,-3.0148687
TDRD7,16.719456,12.0409355
FGD6,3.4756742,-6.7370434
IER5L,9.119481,-3.5531118
SSTR2,5.3360286,7.207873
RRN3,11.567119,5.596775
P3H2,6.340458,-0.3642503
NOC3L,11.489571,5.6217756
METTL17,4.6105556,-4.127056
SYN1,3.3175352,6.1310725
RAB37,4.8269563,-1.1861517
BOK,2.2196019,13.143857
AMDHD1,6.33079,-0.87937135
CD99L2,9.753397,17.331274
TRHDE,4.6460857,-2.7607398
SLC33A1,5.8309484,14.036614
WNT4,8.41289,-7.865987
PLCB4,0.9723927,6.209566
RASGEF1A,10.26352,9.852613
MTMR4,-4.276144,-1.7894655
CHRNB1,-4.1872563,-3.547009
GGCT,-2.819099,6.424463
PER2,7.793034,6.031584
FOXL1,-3.5743113,10.7332535
PYCR1,-4.0381246,11.878819
MED28,0.47852278,2.8371184
TDRKH,-0.6630292,7.6479106
EXOC1,9.997308,-2.618582
COL25A1,5.426901,2.8423693
CDS2,4.1507754,12.662249
POLH,-1.6316478,4.097707
ZNF654,11.350111,9.263914
PRKAB2,3.8132834,5.1239986
SCN4A,-9.232592,-0.032649532
AVEN,1.6588726,-9.119204
TRPV4,2.6797917,-3.384602
RYR1,9.239003,3.4765556
PPP2R3C,-6.641529,9.290419
PRKD1,6.92889,0.14927058
TNFSF14,12.75426,3.4699585
MRAS,0.94571203,4.7952466
MED7,1.7121657,-9.161348
CCDC78,0.91351104,2.9996197
TMEM56,11.412195,9.286088
NAP1L4,-2.4242837,0.40621507
CACNA2D1,-4.6842546,-8.447556
OARD1,3.7161071,-3.167746
KDELR3,0.99806833,6.1955543
PIGH,10.440583,15.146183
ZNF263,-2.7782197,9.2587805
ZCCHC4,5.374507,7.1387615
ATP5S,3.4650028,-2.4758508
CAMKMT,-5.622478,-1.7437292
ABTB2,0.8021125,0.12051007
THBD,2.7596002,-0.62761426
NDUFAF7,-2.381613,8.159743
NAIF1,8.596796,11.446
ABCC8,-2.130579,11.112158
CHGB,4.8348475,-7.6053576
ZNF20,15.883528,7.649601
ZNF653,-1.8728992,1.2411295
PRR36,-2.83346,5.332119
TADA2A,10.322111,1.4318455
HPD,5.001831,-2.656037
GTF2E1,0.814041,8.160242
IFT172,0.917324,8.118912
SEC14L2,-2.4756465,4.0520277
SNX18,-1.0059419,13.910157
LSMEM1,2.272134,-6.1490145
CENPL,1.1857011,2.5749862
YAF2,3.3143208,6.1347637
NUAK2,3.4506793,1.4448266
EIF5B,5.1664405,10.7694645
NLGN4Y,1.8302708,5.4044094
NADSYN1,4.4312057,2.5363946
ID1,9.587979,3.3624694
RHOB,3.0190947,0.8754814
RCHY1,-7.286011,2.6032124
RNF214,-7.624978,1.4539831
CLCN5,4.633224,-7.3333054
NBPF14,13.70007,-5.566408
ZNF275,-4.988414,11.434709
ZDHHC21,-7.892456,1.1062307
DNASE1L1,-3.0752895,0.8926675
DFNA5,12.426983,4.51171
VTCN1,5.163728,10.705154
ZNF16,9.385376,2.6858468
DDI2,5.46014,3.5388923
TCEAL8,-0.6458745,12.235494
CBFA2T3,12.941483,0.8249214
CASKIN2,-2.8170779,15.641747
ZNF496,7.146816,-5.8322124
BCAM,-6.788791,5.505681
GPR108,4.5202613,14.41592
DHRSX,7.5226154,2.2796052
MDFI,1.9967659,1.6961309
SEC61A2,5.5557756,2.9013057
SPTY2D1,-2.644169,6.5064144
APOL4,3.6879787,1.8520437
ZFYVE1,4.74859,3.4934049
CACNA1E,7.2556424,0.6320212
RAP2B,3.3134594,2.5018754
NPIPB13,-7.758754,-2.6436837
PTGES,0.7659092,10.79389
ATOH8,9.201476,3.9769442
MEI1,12.833522,14.548387
CYP20A1,6.7650065,10.353166
SLC2A4,1.2833904,6.0173655
BCL2,2.9750075,0.96930844
POLE3,-3.9141936,6.4294753
SYNDIG1,7.1377068,-5.8814244
GLMN,-0.51156336,2.2740924
PRDM10,-4.106368,6.319492
NCKIPSD,0.39885518,4.9396186
COL12A1,10.72429,11.393537
ZBTB39,-3.119141,15.674452
DALRD3,8.632805,9.672303
DPY19L2,11.726603,-1.9801246
NDUFAF8,1.2084465,15.005054
CTBS,12.170463,4.0212584
CCDC181,-2.7852793,15.653462
CYTH2,3.2013712,-3.2662292
SLC26A10,-7.174106,13.96375
MUTYH,-1.6890872,0.20384866
CSF2RA,-0.48237544,10.838113
SULT1C4,5.265598,2.7538958
FAM229A,-1.02675,12.348557
TIMM23B,11.49315,5.643978
PON2,-2.2112646,-5.8246355
GALNT14,-4.212668,-2.8044627
MIOS,6.1253333,14.21509
NPC1L1,5.313465,3.190316
PTPN18,13.4033375,-4.151978
EVI2A,0.15311442,10.605007
PIGF,-1.4989095,-3.7957857
ZC3H12D,12.900015,14.580178
ZNF587,15.973154,8.973173
MAP3K1,-2.3177907,9.382864
CEBPZOS,-7.2837276,2.7808144
NRXN3,11.572029,-2.6827435
NDE1,4.0304475,-3.5560942
TMEM216,7.864174,-4.1921196
SELENOI,6.1264486,14.219335
TBP,-0.3951413,2.2458289
MACC1,2.3990808,1.2327653
NSG1,6.05527,-1.0096385
KDM4C,1.2124729,2.5527036
MOV10,16.565844,5.39236
IDE,5.736638,13.423709
STYX,6.7485323,18.236946
SYT16,0.86140114,4.7608423
FLRT1,10.464401,15.381832
LIN9,10.077509,9.783437
ERCC6L2,12.41986,6.7107463
KLKB1,6.377029,-0.834431
LPIN1,8.547346,-7.3973603
SMTN,5.1270604,0.38821545
NQO1,13.121459,3.7768064
ADGRB1,12.430452,14.568441
VSIG2,3.6046617,0.2777419
ATG9A,3.7696183,14.290353
SIPA1L3,-3.564085,9.386983
CRTAC1,2.978126,7.813671
TTLL12,3.5369337,14.718508
TMEM161A,4.3401856,13.984297
DCBLD2,1.2051758,2.5630732
KRI1,17.082045,4.5235724
IZUMO4,19.091648,6.3219914
CCDC65,-1.4996165,-3.805334
ADAMTS1,3.7725282,1.7927461
OAZ2,10.210449,1.3759731
SCD,3.3453064,-12.097821
GFPT1,10.519573,5.819296
PSAP,-8.128096,-2.9247198
GEMIN7,10.743946,2.7684488
IGHA2,13.150809,15.393208
APPL2,9.948481,4.628007
NBAS,6.7692804,10.276241
SCN2A,11.732696,-1.9868734
GAA,1.082444,3.1013093
IKBKAP,-1.5400926,-3.7748487
ZNF883,6.2467284,19.747122
PDE11A,-0.8964076,13.78852
HDDC3,17.179182,0.19199026
SUV39H2,-1.0261236,12.365398
ZNF552,2.5149171,-0.9148819
BMF,9.071449,3.7956326
JAZF1,10.420619,10.642907
ATAT1,2.3231049,15.485322
DTNB,-2.8388116,5.32877
PTGER1,-4.31135,8.533784
GNG4,14.803673,1.1735013
CHST3,1.8438494,5.394998
SCN3A,-5.5207357,2.500246
INO80,1.553641,2.1659844
TLE6,-4.7435784,11.578863
CALCOCO1,6.218258,10.629947
MEDAG,2.324636,8.825732
GTF3A,2.3723269,-9.088166
RIN3,0.5138061,10.504371
SIN3A,15.829217,6.2598743
NBPF3,3.9142697,6.4637814
UNC5B,11.347513,7.360701
TBCE,7.6882296,5.9967217
SLC12A8,8.514993,-7.4363666
EIF2B5,10.087562,-2.741773
KANSL3,4.2138133,-5.8737655
CUL4B,7.0618105,18.457031
ALS2CL,0.122245625,-4.221487
PRKD3,16.256145,0.09646931
ZNF281,-0.30406326,8.214391
NCAPD3,5.733173,15.459927
ESM1,3.8495157,6.6833444
KIAA2013,3.8991868,16.399212
LRRCC1,10.179792,4.7687097
PKD1,-4.4343057,8.636545
LONRF2,10.007268,15.700729
ITGA6,5.4269643,13.75206
PGC,11.632494,-3.6373327
JRKL,0.7845332,-0.422566
DNAJC15,1.7370524,-9.171079
SERTAD3,9.140855,-3.396168
ZFHX4,-3.0278955,11.01639
GBGT1,9.639501,13.309503
ADPRHL1,7.9256754,-1.736385
GRK3,12.95458,0.834008
MFSD14C,5.2366624,2.7121224
OCLN,-2.772192,5.384705
NAGK,8.60833,11.465406
UNC119B,0.7542307,10.783782
SYNE1,-0.531742,2.305866
RNF125,12.845402,14.668964
AGA,-4.70274,-8.319483
RUSC2,15.158172,-0.29503837
VTN,5.1874733,-2.6443114
ACKR3,4.673717,0.44140905
CYB5A,4.177726,-2.8722212
DNAH9,0.97916067,2.8989112
MYLIP,8.886799,-1.9154267
EMC6,1.2336917,15.042284
BCL2L1,-2.1323922,2.4506752
PDIA5,11.287147,-0.7778905
ZC3H7B,16.745438,4.3383293
BCO1,5.7146006,6.351413
DNAH6,0.84203047,8.170175
MED8,-0.20311487,8.005422
RTN1,-1.8976324,4.3302593
CRIPT,-7.586314,1.5255464
PIK3R1,4.6112876,-4.135302
YAE1D1,-7.271984,2.8937469
STAM,9.174653,5.749624
PPAT,8.926967,5.9280806
APBA1,-3.6440475,-0.59207386
ING3,-1.8258109,15.669222
IGKJ4,13.155321,15.399751
HMCES,6.1066666,12.139985
KCNJ12,-4.014278,-3.338264
FAM71F2,-4.197294,-2.8830304
NAXE,7.4732823,2.22665
PAMR1,-3.7061632,10.816932
ZNF671,14.962397,13.630269
ZFYVE21,-0.78415334,1.9242238
VEGFC,2.1652546,19.03763
CHD5,12.904069,2.6469455
BRD1,2.7535057,-9.738311
HEY1,2.5772824,-6.308306
DIXDC1,2.9508202,-6.4666576
TNNC1,7.006705,4.5995364
FAF1,1.9084839,-9.721065
ZNF503,19.732533,6.905501
PELI3,20.781128,6.075319
FLVCR1,-4.6135793,-1.3809521
CNNM4,16.697992,-4.5115166
DERL3,13.101404,15.26424
ZNF829,1.1827273,14.97733
ARIH2OS,-1.3079817,-4.0126586
EPG5,18.256414,1.190549
THEMIS2,0.42989442,4.9445415
TRAM2,-3.6138165,-0.60912716
SLC25A51,-7.115782,2.0322487
TBC1D20,8.953837,-10.419828
KSR1,11.0474415,15.832909
TTC9,7.0409207,3.335057
RSU1,-3.3606935,9.562721
SHISA2,1.0548646,3.1329746
ATP7B,6.9462843,0.17442495
DCAF12L1,2.7288344,-3.304458
GMEB1,4.5201216,19.23976
PSD3,0.880924,14.631239
TP53I11,1.3549949,5.8982267
STRBP,9.019625,2.0282664
FLYWCH2,17.295628,0.30532783
PROB1,6.405096,-0.24475074
ATP8B4,5.462634,3.559697
TTTY15,1.9569068,-9.665899
LIN7A,11.736123,-3.4186478
CCDC171,3.1333637,0.87376106
RAD51D,4.5796604,0.4526615
ADSSL1,5.1968327,-3.6287348
LRRC8B,11.5434065,5.607022
FIZ1,-1.7888137,0.11111723
ENTPD1,6.9725847,3.403648
TRAPPC6B,6.305371,10.9936285
SLITRK2,0.12528966,-4.2231393
ZNF101,4.480522,-2.7122183
OR2I1P,12.308785,3.6818326
POLR2D,10.291801,5.803409
DONSON,12.308099,4.416175
SLC9A2,11.747907,-1.9869689
MRE11,4.413418,-3.1329746
PITPNC1,4.2375727,0.41369277
CD300LG,9.443946,3.4199388
NCK2,11.506361,7.149408
TMEM200B,-3.3810778,9.539481
RAB3D,6.385227,-0.8389156
ACSF3,1.2167599,15.028943
LXN,3.3297997,6.121394
PAQR7,10.871129,9.915162
ADH1C,10.406615,13.928562
EVC2,4.380766,-1.5077026
ZNF165,9.063878,-3.5817776
CHMP1B2P,3.6472745,1.8809158
UGT2A3,8.345616,4.00112
GPR137B,2.8738906,-7.893305
PRTFDC1,-1.1888106,14.096718
KLF5,0.8611929,4.7581654
DMXL2,7.8542004,-3.5515916
HMGB3,1.7847801,-9.1667595
PILRA,3.8189325,-8.246968
OTUD3,12.722452,2.6839256
BRPF3,2.838662,-7.9290223
SVBP,5.4391775,2.8617387
RUFY1,-0.70506805,3.021469
LYSMD3,6.7301884,18.226757
CIB2,3.6554291,0.3794121
ATG4A,2.4615002,-9.369071
MOB3C,11.356975,7.3634214
ZNF550,9.210282,4.726834
KDM1B,6.4813623,10.22267
MED6,-3.585814,7.647845
PHF23,-3.8630412,10.687506
SLC25A1,3.8133335,-6.4497194
AMY2B,2.3576407,12.921802
MTMR14,1.2521623,15.067476
MITD1,7.454411,12.956252
AUTS2,2.894323,-6.435304
DXO,5.0149183,7.228044
SPAG7,1.5271443,14.523065
KCND1,2.1984246,13.178555
NCR3LG1,9.880809,4.165083
ZNF385D,-0.9807797,-1.5284038
MPDZ,3.810272,16.671055
SS18,10.782142,8.455405
ALDH1A2,4.1891103,-5.9106326
ARMCX2,6.9182653,-5.058433
DR1,-7.288062,2.1596162
MAD1L1,7.915311,12.950452
SSR3,4.960017,13.754164
TBC1D7,1.2344403,-3.6721303
PCDHB4,10.143308,9.917821
FAM161B,8.508451,-2.1963358
CSTF2,17.268642,0.24989416
IRAK2,3.284619,2.2272048
CATIP,5.397174,-3.588121
PAWR,5.07144,5.456089
ENO3,-4.497574,-1.4586953
STARD7,-4.030295,-1.1470804
GON7,13.199004,12.05558
ZNF75D,-0.7159611,13.794071
APOH,7.750349,-4.7677135
HMGXB4,11.099779,8.9940405
KAZALD1,-7.1728654,13.96181
DIP2A,17.263735,0.18358758
SLFN13,12.440831,14.565518
TRPM4,-6.789601,5.5071797
FXYD4,4.851224,-7.626191
ZNF846,14.772418,-5.5010467
COL9A3,0.5002779,2.8387592
BIN1,6.869888,-0.42695966
KIF2A,12.12061,5.7093215
AP3M2,17.391582,4.7502446
MGME1,-5.368744,9.792442
OLFML2B,-7.3858685,14.269565
METTL6,0.15163179,17.853521
RAB40B,10.674724,1.0120617
PLCL2,3.2406988,-4.0625486
DDX31,8.758531,9.820745
NLRC5,15.79061,11.552054
ZNF70,9.373218,5.622458
LRCH3,2.4759173,-8.855359
CUTC,11.846588,5.450339
PDZRN3,-4.468303,8.682834
CORO6,2.2032847,19.01294
SMAD1,3.510376,12.015655
ADAM12,-2.414634,12.719759
MED26,4.367083,-5.7477436
LRRC36,4.2868166,3.6516037
WDR77,2.3202322,15.484318
CDH24,-9.197796,-0.06700185
WDR47,4.020342,13.372407
TELO2,5.9735174,7.3421073
HSPA12A,4.5758615,-2.7787266
GOLGA5,9.190113,5.7417707
USE1,8.401525,14.195
GDF7,-0.21381412,12.1448145
GNB3,17.00038,4.3525767
ODC1,-1.0131698,12.351396
HHLA2,5.347883,3.2153265
GRASP,-6.593442,-5.062627
TLL1,1.9657124,1.7250652
FAIM2,-3.3817954,10.816087
DBNDD1,8.581203,-7.3497086
PTRH2,15.9344015,6.5220833
ALDH18A1,3.7641456,14.286213
TCF7,0.73848337,10.767589
KIAA0907,-0.3421624,2.0508068
ZNF880,3.826058,-8.283845
WDR20,-8.525771,4.7149405
USO1,0.43910134,17.589506
WDR18,8.935261,2.1501312
CLCF1,3.2295198,2.6946037
TMEM138,16.1661,6.591456
PEG10,7.7388153,5.9652176
PM20D1,3.96479,-6.129905
RMST,7.757817,-4.6722164
GLIS2,10.199203,-4.821955
OGT,2.7956133,-0.60389376
SCCPDH,2.5835874,-6.312227
FUT10,2.5626514,1.372778
ZNF433,-1.8847306,4.3847923
EDC3,6.955389,18.36976
CLEC16A,5.1129518,-2.5834029
TM7SF3,-1.4329463,4.7241335
AGER,9.065734,-6.0831084
PRICKLE2,-1.8903264,1.2581614
DNAI1,-2.8553624,4.024864
RBM26,8.895972,-1.9115201
SLC25A28,-3.51568,2.4008765
DBNL,13.774261,1.9480904
SRSF7,4.688542,0.25156334
STN1,9.171628,4.7650666
VSTM4,-4.0158725,-1.8110294
SIMC1,4.0428414,-6.068369
CREBBP,12.484398,5.7160664
CDC34,10.5015135,8.277186
ZNF708,0.90851134,14.266163
RAD50,4.0989056,15.970847
IGHG4,13.1512575,15.398424
LMF1,-6.406078,11.273504
POFUT1,-8.0551,-2.8717093
NCOA3,11.515477,7.153174
PALMD,-3.6746886,10.762173
IFT43,12.135081,7.234445
DTNA,13.600571,1.8073229
AIM1,12.431439,4.514556
CNTD1,-2.8690434,15.624549
PHGDH,4.2739744,-2.260002
PINX1,13.215475,10.114196
SYTL5,4.4588304,19.18433
SERPINB6,14.68869,0.9469656
ZNF367,3.482073,-3.517949
TMEM229B,15.732067,11.528335
CDON,-4.3818135,17.963272
PPIL1,7.4961476,6.353371
PCED1B,12.94152,0.8228515
TLCD2,1.8905482,0.53053176
CSMD1,6.2671666,-0.999891
ZNF57,0.5490097,13.771007
FRA10AC1,8.656922,-2.060411
SMYD3,0.84729916,14.199407
TTLL4,3.7090719,1.8966008
ALDH1A3,-2.7811198,9.253518
CHL1,2.446776,-3.3589568
MRPL42,10.622368,1.0483955
LIG3,11.142204,5.6561227
TBC1D8B,1.4775052,-3.5514104
TMEM39A,-0.57544446,2.5212667
EXOC2,6.757519,10.355838
MOB2,4.56923,-4.066579
CCDC127,-1.6561571,4.141846
CYGB,2.220641,8.906094
POLM,5.605328,4.145215
MAPK9,5.555098,5.748421
SLC24A3,-2.8994453,10.184445
COL6A1,-3.919506,12.211564
KNSTRN,13.573707,-0.56300557
PIEZO2,8.96835,-10.405968
ZNF436,15.98321,-5.2041597
SLC43A2,6.9427066,3.7690551
CBX5,10.66665,15.328935
ZNF233,6.9379587,4.50887
CHD9,15.1756115,4.6114435
FBXO41,0.50471896,4.855457
PCBD2,-3.3529704,7.4011793
KDM4A,4.5533075,0.4780668
GPR153,12.425621,4.4383063
EGLN2,0.3691088,-1.3121058
NUDT18,-3.0783317,0.891826
SIRT3,3.9645395,-3.5173373
PLCH1,0.7951551,-0.46131018
PARM1,-6.8588862,14.566278
PSMD5,6.4183626,10.437748
ATP10D,16.81087,0.21227609
SMIM4,3.9668021,-3.491408
IQCK,13.530379,-4.020672
RPL9,5.5863194,5.136428
UBA3,-7.8780165,1.1370729
RNF19A,12.948947,2.6630816
BBS7,1.2472922,2.5159657
NAA40,-2.903617,15.600699
NDUFA4L2,-8.845486,3.4394
MOCOS,2.8403974,14.999578
L3HYPDH,11.561098,7.152329
ATG3,0.30097523,17.71026
REV1,15.688268,11.486541
NUDT3,-1.1056455,12.3227005
TRMT5,4.5690536,19.289564
ZNF669,-4.6987076,-8.247807
RGS9,5.9415255,6.593642
PRPF4,10.119099,9.881483
FAM169A,11.727133,-2.0518925
LPL,10.759849,15.485746
MYBPH,0.83639723,3.3287678
VWCE,9.670604,3.1591487
ANKH,-3.5657547,10.767785
SCMH1,19.73173,6.9064918
TXK,13.095643,14.317303
TRIM25,-3.5272005,2.4607346
YBEY,16.810658,0.21257691
CYP4F11,2.9359515,1.0625044
THOC3,13.574471,-0.55941075
ACER3,19.094097,6.3209343
MTERF3,-1.4678329,-3.782374
COLQ,-6.4871306,11.380188
ST8SIA5,12.003596,-2.8313231
SPSB2,8.171755,4.0903864
CLOCK,-7.6616173,1.4005055
YLPM1,1.1869711,2.5756378
GOLGA8N,16.743296,12.056672
CD226,13.015801,14.395221
COX18,2.842727,-3.4060984
UCHL1,2.270411,1.197351
ANO9,13.020319,14.8776655
OCRL,10.428633,5.8014846
PLEKHG1,-1.9837036,-5.6126237
BEX5,0.8444327,3.3370628
ESPNP,5.1860003,-3.624891
RILPL2,4.011639,13.329292
FADS1,1.6941199,6.4307833
CCDC88C,8.105747,13.492448
KLF11,14.737385,0.9950741
TMTC3,3.9028845,11.99072
NBPF1,2.0930128,1.0417104
ZNF721,-3.8635783,10.684787
DEPDC5,8.815944,9.817966
HS3ST3A1,0.864305,3.304152
ADCY4,11.372719,-0.8681892
LARS,8.267291,7.7040973
TBC1D22A,6.0765147,12.167416
SERAC1,-1.8896315,4.3222156
SESN1,-7.015318,4.7153077
FAM189A2,7.204466,3.1162245
FAM160A1,8.901567,1.0037713
DENND2D,-1.1671268,14.088674
PPIF,-3.0421073,0.86947125
MCOLN3,2.8461504,15.011111
CPNE7,0.5200898,4.8479223
ZNF621,3.191761,-7.361197
FAM83H,2.8994067,14.866742
TIRAP,9.065381,-3.5789263
SFTPB,7.001641,3.3587892
CERS2,11.957674,7.2062097
TEN1,-1.8419328,0.96652913
KIAA0408,-4.0548706,1.3508482
PXDC1,0.8780328,8.39758
RILPL1,3.343324,-12.094757
RSPRY1,8.280915,12.756721
HERC1,14.79532,3.637053
CCDC17,-0.0138686225,-5.729959
FAM96A,9.010792,2.0258589
CD4,-0.48702824,10.840302
BCL6B,-6.588384,-5.0663333
ASPSCR1,4.464187,-5.6595907
MASTL,-2.6989057,12.431611
VEGFD,4.643131,-7.3330884
LYST,14.790359,3.6413002
NOVA1,-0.84274495,13.707528
CYP7B1,5.7521305,14.02316
GALT,3.9028113,-6.272265
TARID,0.8620997,3.3106565
UBAC2,-1.8307087,-0.50907075
CCDC18,0.3569434,13.568699
CTSO,2.9883087,-9.956
VAT1L,4.64781,-7.3310947
MITF,12.233445,0.2305839
LRRC66,6.3769865,2.0427117
SEPT8,6.4517827,10.242956
BOD1,3.823555,9.122529
FBXL14,15.983264,-5.204293
INO80C,15.281238,10.8663645
TP53RK,-0.20372796,7.997936
TIMM17A,-5.3379054,6.8697553
PRC1,1.0999305,6.1302896
SLC25A38,6.066069,13.175354
PRAF2,4.777073,13.881068
ZMAT3,10.123825,9.883935
SH3TC1,-0.24904719,8.281351
ARSJ,3.8273578,16.66845
RABAC1,4.7738595,13.881611
ZBTB48,5.902373,8.005699
TRA2A,5.5749674,9.791931
POLR3F,-5.3744345,6.800706
SYCE1L,8.04129,2.8142035
HEY2,11.825783,-8.210519
MNAT1,5.948885,6.1295958
H2AFJ,15.9294815,8.944931
NCF1,0.42059633,10.45623
ADPRH,1.8469737,14.111685
CMKLR1,12.868278,14.567576
PAPD7,4.6529655,0.38367113
ZNF544,7.186019,3.1308901
ZNF790,1.4774225,9.230299
THEM4,3.3853095,6.0805097
FCGRT,5.1180644,-2.5935266
ADAM22,10.40546,13.928462
STAT5B,-8.483147,4.6571856
PRSS45,-1.4476117,4.703124
ZNRD1,11.910195,3.7095797
SART1,-4.009537,1.6824601
CACHD1,14.773754,12.690349
NSUN6,0.8144977,8.172998
PUM1,8.284866,12.73643
LOXL2,-2.570586,9.494037
APH1B,4.984103,-2.6567485
HLF,-2.8994598,9.875917
SNAPC5,13.181848,12.042585
NAP1L2,12.233719,0.2288786
CYB5R2,11.400559,7.354611
RNF168,2.5372915,-1.9252532
NUMB,1.4562584,-3.5701833
ALKBH6,-7.676265,1.3921189
ZNF324B,0.94458973,-3.5718203
NRG2,6.984286,4.5593486
PIN4,3.7647786,-3.1524463
NOTCH2NL,10.7089815,2.8146434
CSTB,6.542186,2.1742654
AAK1,14.95248,4.832503
DMPK,12.229049,6.603608
ZNF397,0.9501901,15.397432
TMEM186,2.526534,-8.732099
N4BP2L1,10.251871,19.402754
SAMSN1,0.42184526,4.927282
CCDC28B,12.258417,4.2452526
PLEKHH1,-2.7791548,15.634285
TMEM198,6.7468348,18.234575
FBXW7,-0.3370623,2.015625
ZNF595,1.0701936,15.02314
ABHD18,2.0687447,0.42034805
RBSN,1.5498515,2.1095877
SLF1,6.6703033,18.205141
ENG,11.353422,-0.84416264
SLC16A14,3.2141814,-4.0241113
B3GNT2,9.184277,-2.9675443
MGAT4A,-4.174293,-2.8712063
TMEM198B,3.9936807,-3.575461
BUB3,20.242935,1.8149347
CPOX,8.972314,0.76548415
DOC2B,6.3752985,-0.37942362
STX18,-4.620401,-1.3781195
RIN2,7.665925,-1.5365119
ARL13B,9.562545,17.495111
NUDT16,6.8483577,-0.42300674
DUS3L,8.023268,-2.4038906
CCDC183,-3.7201905,2.0220225
MBNL2,-7.287396,2.5997343
SELL,0.27541217,10.395521
ZNF747,-1.3230413,0.58329904
MANBA,-7.4014983,14.291322
ZNF668,8.673652,11.626174
ADAM8,12.575774,14.53137
ANKMY1,10.435805,4.1487617
ZNF184,0.8101017,0.17668666
MTMR12,11.224302,7.5399265
CPEB2,10.802275,8.88419
NUPR1,5.7511024,3.9772103
DACH1,0.81482416,3.4159532
PPARGC1A,11.372687,-3.322342
ST5,1.474692,0.96284974
OXSM,-0.9821394,-1.5387626
NKD2,-4.014192,11.883813
SLC4A7,2.1392245,19.0414
ZCCHC8,3.2005777,-7.3339005
PPP1R3D,14.96057,13.628388
NMUR1,10.322946,5.8139453
EXOC6B,-4.091893,1.648279
ZCCHC2,-3.5488496,2.3439116
PLPPR2,-3.0002484,10.513367
SCUBE3,6.9527965,4.512612
ZC4H2,3.0763779,2.0511642
MTF2,-1.0567317,2.236343
CCDC102B,16.112757,6.5982394
CAB39L,10.626742,15.32998
MAFK,-1.4458945,-3.856023
MGST2,3.688819,-6.621216
PCAT6,12.040815,7.251563
ACLY,5.652384,9.885012
SPTAN1,18.848783,2.3585122
FCN3,11.23394,-7.6916623
ARHGEF37,0.1214589,-4.2287016
RARS2,4.7319026,-7.517309
HOMER2,13.213564,10.109982
FMO4,1.3690993,0.9394654
MSH6,13.486078,10.599773
ASTN2,3.3883228,-2.28896
KATNAL1,15.300808,-2.0062811
KDM8,3.926658,1.7515953
MTCL1,16.39562,6.536222
ATP2A1,0.81801444,7.5271087
SAE1,0.60781306,7.4140077
ZNF431,13.000648,9.0825815
ADAMTSL5,-2.5953288,12.291421
ROR2,1.2749668,5.9735546
SLX4,6.9721737,-5.3852305
ZNF441,-6.644146,9.273317
PDE12,11.289884,5.628415
PRPF31,8.665625,9.708605
INTS14,13.213988,10.117829
KATNA1,0.80373305,7.9866166
MCM9,-1.6702917,4.1460395
SIGLEC9,-6.9529696,4.769649
AK6,8.923325,2.1232364
ZNF830,4.568724,16.14346
KIAA1211L,-6.6599097,-4.997829
SS18L2,2.3730533,-9.038079
CDKN2AIP,-1.0003277,12.364097
PRR26,7.699086,13.098923
SETD9,3.4892118,-2.531948
DYX1C1,1.912637,0.65991926
VNN1,7.924632,-4.2806563
TMCC1,7.9042773,12.949696
CA3,12.252628,6.6436043
NAGS,5.225819,-2.6581235
TMEM175,9.241434,5.7022943
IER5,1.3235801,5.9369407
TXNDC12,5.285802,13.844247
ZNF778,2.4877732,-0.9508592
NCAPH2,-4.061224,-0.39995167
FAM153B,11.741935,-1.9899478
PPP2R2D,4.357986,-1.610659
GAREM2,13.583871,1.7952985
BAG3,-0.31522387,7.9465346
ZBTB38,-1.1136975,8.44306
LTB4R,13.065975,11.910769
PCDHB15,2.9769511,-6.46955
UBE4B,8.105058,15.872217
DPH1,-3.4083307,-0.41503614
SPATA20,6.3352203,1.45414
HGSNAT,7.525997,5.9053793
SPINK5,10.388464,13.902533
KCTD13,0.58378005,4.86767
CENPC,13.000324,9.082537
APLF,0.77785754,-0.3927852
VRK2,2.828586,15.031009
YIPF3,4.3158817,14.002553
SELENOH,-3.683829,6.568032
ANKRD2,11.824189,-7.8994417
CC2D1B,3.7396538,14.318062
DISC1,15.735365,11.521856
TOGARAM2,-9.587715,8.001565
SMIM13,9.345738,17.608814
PHF20L1,15.143267,4.642541
LIN7B,16.764582,0.1321059
SWT1,-2.0537572,1.9155712
TMEM192,4.215815,-2.995615
MESDC1,3.7878282,1.8465261
GRIA4,8.345006,3.998355
ABR,-3.625547,-0.5990515
MED17,15.983229,-5.204286
WNT9B,11.809777,-7.93409
ZNF189,-0.8466648,13.716632
RBM4,-1.7653975,-0.064936295
CPSF4,-2.34447,3.2038276
PCDH7,10.918021,11.793141
TCTN2,12.783856,5.811248
FBXL18,15.98151,-5.201024
LRRIQ1,-8.487308,4.666063
ZNF774,10.743941,15.4871025
WHRN,1.6483773,0.36445713
DCLK1,2.3613842,8.78631
ZMYND19,5.8975763,7.3874083
PLIN1,9.696805,13.373989
CCR1,1.8674451,14.215791
RGS3,11.849804,-8.259307
MED24,6.3850617,11.900399
CDK19,7.064767,18.460997
SLC26A9,5.005486,-2.640983
RBMX,-3.9552865,3.9541347
BTN2A1,16.029247,11.706865
TRMT11,0.8011076,7.9669833
ZMYND8,6.0570135,-1.5716724
MXRA7,-4.9699473,11.440489
TRIM7,15.795665,11.603324
MNS1,0.8617966,8.390139
ERICH1,4.716341,7.5357075
MRS2,1.3740984,-3.638267
RAB3IL1,8.398692,-7.594371
CXXC5,-5.495716,8.41155
TRIM69,17.391304,4.7469506
HTATSF1,2.9731314,-6.490601
HEATR6,16.811115,0.21375278
OBSCN,4.421114,2.6058714
MOB3B,-4.2872434,8.531845
BTBD6,6.386479,11.075885
DNAJB12,3.9028754,16.154322
GRAMD4,-4.058736,-0.41596395
SNHG7,-1.536854,-0.08124631
NAPSA,8.189656,4.085157
TMEM255B,3.9651217,6.4937835
HSPA1L,0.7805575,-0.39953956
AGO1,3.046664,-0.39033204
RAB30,9.214384,-2.913338
UBALD1,5.3819237,-3.551741
ZNF428,1.8596777,9.808606
STAMBPL1,12.96798,14.446091
PANK3,5.847412,6.1521335
PLEKHM1,1.3349998,-3.6571689
IRF2,-3.9931273,-1.8162861
SLC27A1,9.224318,5.7165
CCNT2,3.0863676,2.0505958
UGT2A1,5.019192,-2.650634
SLC25A12,2.66683,-6.3724833
CDK1,5.730544,15.4618435
TET3,-2.4351609,15.492918
LRRC6,4.34918,-1.6542417
BCO2,11.507824,-1.7751186
TRIM5,9.951316,4.624075
MSX1,-6.591047,-5.0656548
TICAM2,-4.466388,8.66541
ZNF486,5.250321,7.3255963
TBXA2R,9.259949,3.4781506
ACSL6,3.4298127,-6.732983
YRDC,10.168578,-4.7903204
OXR1,3.097541,3.0769718
XRCC4,8.674406,11.849393
NHLRC2,3.7810073,9.0811405
CAPN13,-7.3964415,14.285206
ZNF343,4.684293,0.38699263
LRRC75B,7.689834,-5.3335967
ADAMTS5,13.457556,-4.094387
CABIN1,-1.1667824,0.014463622
FAM135B,12.622244,3.530172
ADGRG3,1.5849608,13.652888
IL33,1.9742392,1.714468
DENND1B,11.242273,-7.6791263
QRSL1,7.9552064,2.748681
OR7E14P,3.55741,-2.7328718
FAM198A,18.719934,4.6923723
ANKRD6,10.434759,4.150434
SAR1A,10.696973,5.778231
LRRK2,11.421121,-1.6717079
PHLDB2,-2.8077648,11.1905575
PAPD5,1.9158019,0.56858724
TK2,2.5470204,-1.9360511
FAM185A,15.234287,-2.0429046
SPRY3,-2.551201,3.9176452
PHF7,10.190056,4.781161
WDR73,-5.1219163,7.203754
CHODL,16.573708,5.3751698
CYP4B1,2.0536847,18.957678
DCUN1D2,11.372785,-0.8707324
PPP2R5B,15.199991,4.585948
GEN1,10.850859,0.8729063
ATP8A1,14.694812,0.95478415
ZNF235,-2.4623842,4.0974298
CAMKK2,9.091739,6.736767
CDK20,17.266695,0.1761396
TEX261,8.816397,9.817434
ZNF530,5.591878,9.809712
CASD1,12.235433,0.22919087
GABARAP,-2.3844101,8.160042
PRUNE1,16.97162,4.456987
HMGN5,0.9923036,-3.6086798
NISCH,-4.439537,8.634039
NR2C2AP,5.1442595,10.677974
IP6K3,6.844073,-0.42493656
ZNF575,10.040952,-2.6700182
ROCK2,-4.769876,11.511167
HCAR1,11.821572,-8.211683
HMCN2,10.902144,11.762819
CLEC3B,10.2918415,9.861603
KIAA1683,-1.075969,-9.145312
EGFLAM,-3.511193,9.436086
MTMR6,7.708008,13.091222
CPT1A,4.449812,-1.5045441
GOLGA6L5P,1.0293015,15.278769
TECPR1,5.909452,7.977453
FOXQ1,3.2344348,-4.0544696
SBSPON,-3.2926023,-0.3636414
ADNP,-1.6639682,4.151115
CAMK1,7.4972715,6.307872
HOXA9,11.4177,5.756645
ICAM5,9.392653,2.6695018
ZC3H18,16.563406,5.398879
PIK3CD,-5.738056,0.5189261
ADAMTS17,12.159538,3.837512
TCP11L2,5.614619,14.41352
ZNF557,15.982026,-5.203667
EIF2B1,6.177772,2.0293398
NDUFC2,-1.8533964,-0.54155004
HOXA4,9.834569,3.3852136
FBXO27,-0.28444052,9.997831
SUSD1,11.564376,-2.7024083
DCAKD,10.3789625,13.887899
PAAF1,6.0595775,-1.5904876
ANXA3,4.2630606,-2.7604485
CBLC,-0.28453675,8.244921
MALAT1,10.004311,4.2295694
STK38L,14.830565,3.605552
MED30,6.0586,-1.5759758
CNST,7.363423,13.037485
ENAM,1.3337677,5.9071054
KCTD11,-5.7378173,0.51889634
RCAN1,10.009587,1.74985
RB1CC1,8.718617,11.888526
WNT5B,-2.862496,11.186597
RUNDC1,4.553945,16.124826
CHADL,1.0612222,15.199072
SUMF1,-1.4877536,-3.8126307
RAPGEF3,13.404758,-4.1498976
ABCA7,12.593375,14.538014
BBS9,1.130148,0.74927217
KIAA1671,-1.3057275,0.6109142
BCLAF1,-0.49179527,10.845709
TRAK1,11.568497,-2.6817193
ADORA3,-6.951082,4.771916
TC2N,-3.5559998,7.5936146
PTPN21,9.999227,-4.5932293
CPLX1,-2.4978726,11.156928
ZNF583,14.781688,-5.5030394
TRIM4,0.35616475,17.654305
FAM189A1,5.4338684,2.83687
CDR2,17.445457,4.793892
EEF1A2,2.2212522,1.1418568
BLOC1S3,4.4987583,16.081764
VAT1,14.8042145,1.1793826
ZNF521,-3.2808578,-0.35191694
RBMX2,2.476195,-0.9647479
UNC45A,7.972175,-1.7367308
RINL,-5.256302,-6.2347918
NBPF19,7.3073773,0.7088247
METTL22,17.10367,4.5519447
PREP,3.9059193,16.142647
ZBTB18,10.542283,5.796396
TMEM132A,1.9328399,5.306342
SORD2P,1.2466952,-3.6960385
ERCC6,-2.8912015,4.075061
TIMM8A,7.851386,2.6709633
SLC19A3,7.8990974,12.945904
PLEKHF2,6.0532985,-1.5784279
TAF15,13.727925,6.50994
IP6K2,0.82059264,7.556067
EID2,10.283445,14.951064
HRAT92,-0.76923406,1.944332
RASAL2,9.672932,3.176538
METTL18,3.4538906,1.4456533
TDRP,2.5514412,-6.3101735
SMARCD3,11.996202,3.7813947
RNF183,7.79559,-4.3584113
WDR81,4.6697416,0.237632
ADRA2C,3.4224188,-3.3924665
HMGB2,15.156895,-0.2897503
ZNF346,10.582819,2.9216077
ZNF283,10.29131,9.863828
BACE1,-5.006903,11.235255
ARMC10,11.509961,-9.759117
BCCIP,8.944304,2.0687678
STARD4,0.7782431,-0.20694391
KRR1,9.195804,5.735741
TREX1,0.35378945,4.6893263
TRIM34,2.2997057,5.227702
TRIM39,2.2626855,5.25725
TSPYL2,1.4735416,-3.5546918
TMX4,13.132893,-5.1504374
ADCY1,1.5658866,2.1342943
RPAIN,-0.7060389,3.0198848
METTL2A,-5.1231565,7.2092037
B3GALT2,8.109175,-2.383297
ZNF430,2.9873192,-9.954936
POLE,6.0285316,-1.6139611
ACD,0.4352638,-1.2497104
SPATA33,-4.63833,-1.3617424
DACT2,3.3058589,0.67801183
SRGAP2B,0.12423462,-4.2261724
TPGS2,10.879608,9.917129
MTX3,8.389005,-7.993678
MINDY4,2.091554,18.99341
PTK2B,11.631101,-3.551836
HSD17B7,15.002653,-3.3430142
HSD17B4,6.7524033,10.285198
CGN,13.115107,14.305734
ZFAND4,-2.7873373,15.652597
HMOX2,-0.39414287,7.926255
CCDC180,4.359863,0.43880203
PRKCD,6.8418417,-0.42197192
NXNL2,4.745209,3.4784424
LIFR,13.135075,3.803331
PEX1,1.7042487,6.444508
SFMBT1,-4.3556,8.568567
CBX6,13.730243,6.513721
SLC35G2,3.1482825,0.85169506
SIDT2,0.97266084,-3.5994308
RBFADN,-1.7326475,0.22012132
HERPUD1,9.065266,-3.576322
STK3,10.749562,8.470816
KIAA2022,-2.8319612,5.3318343
SCX,2.8866568,14.812875
SEMA5B,12.606639,3.584309
FAM201A,-8.388855,4.5664916
ISY1,8.847656,5.9961486
NLK,10.389521,1.2521932
ACTR5,2.9813294,7.8306503
OSER1,8.588426,1.9366238
STAG3L4,15.0153475,-3.3557546
ANKRD16,10.490628,8.274587
PNP,1.2305664,-3.6826973
MRPL36,0.90031815,14.284666
ZNF710,12.926214,10.545687
ZNF197,5.034855,10.741602
NFE2L3,1.1625098,15.055319
ZNF586,-1.469171,0.25040317
RIMKLB,4.9056077,7.3551974
ZNF208,3.5980422,0.23069623
FAM86DP,2.3065867,15.532075
TCEAL1,-2.9048772,9.890693
STON2,7.6918,-5.4052606
TMEM206,6.911282,0.12917271
PAM,5.4755497,13.539086
IFFO1,13.045171,14.355652
APLN,6.02345,3.966887
LYRM4,6.3527584,2.055519
ST7L,4.4711537,-5.6529703
BNIPL,0.86106145,4.756084
ZNF79,16.390131,6.5343285
CETP,8.958955,-10.414495
TAC1,4.867837,-7.6330066
SELENOP,5.3291497,7.3290634
HNRNPA2B1,12.281663,6.6965284
SLC35B3,-8.501877,4.681585
DNAH10OS,-3.9038496,-3.1608102
TRIM24,9.235759,3.4994981
PARVB,10.105837,3.2890613
ZSCAN31,8.441114,-7.918551
FGF13,-3.8231673,10.718084
KLRA1P,7.747781,2.679277
HACD1,1.9490227,5.333939
ANO3,-3.61255,-0.6061438
ZNF337,12.230273,6.5775146
SELE,8.908518,5.9387746
AADAT,3.945646,-6.201039
PRKCA,9.116673,1.492724
MTERF4,9.740588,3.3594108
GATAD2B,-1.7153662,0.23814882
IFT88,13.737817,6.5208883
ZNF473,10.026749,-2.6196506
FBXO10,-2.434902,12.681928
RGCC,14.805913,1.1591227
COQ10A,2.159975,1.6743993
KLRD1,-5.3242784,-6.165346
LHX4,1.7313461,5.367953
SLC22A3,11.532293,-2.782469
HOTAIRM1,10.122968,9.885642
WDR25,2.3258493,15.477349
ZNF326,7.7571893,-2.0158286
CUX1,7.904005,-5.5432878
TTC25,0.7924878,0.088358164
GPATCH11,-6.9009714,1.9927095
RGS6,10.208906,9.834433
APOD,6.254727,19.754288
ZNF527,8.505731,-2.2063088
MRI1,-1.5509306,0.44155216
ACOX3,8.019888,-1.7679975
ITSN1,2.322301,8.828648
JARID2,-4.161081,-0.14566232
RBM39,15.544994,11.245652
HEATR3,16.265715,0.09370934
AOC1,-4.682849,-8.607111
NAT6,-1.863981,4.404595
DBH,6.3800244,-0.3499434
SULT1A2,11.229369,7.5307198
TRIM3,-8.221322,-3.0013838
NRF1,6.3158073,11.000354
VPS13B,10.69384,5.7795033
NR1D1,18.592686,8.063465
ZNF415,7.923659,-4.2779093
ZNF566,5.0652637,5.4502883
CDK5R1,10.914338,15.682176
WFS1,10.97319,12.199024
NELFCD,5.5499034,5.7484255
FGD5,3.2845287,2.317074
MIPOL1,15.891501,7.641431
GBAS,10.611907,1.0735728
IKZF2,12.999937,9.084473
FBXW4,6.643703,-9.142146
PI15,3.240644,-4.092655
RIMS3,-3.6488864,7.6591854
IFI27L2,5.8560762,7.4124084
ZNF276,17.099005,4.547864
OSBPL10,12.932535,2.684208
DCTD,6.3409195,2.0064092
BCORL1,-4.9968824,11.248733
SFT2D2,-0.9934102,7.365217
GADD45G,-7.385855,14.273731
REL,-0.74730664,2.9814956
LGR4,3.846045,12.208499
KMT5C,-7.7923017,1.2481754
SLC25A18,12.608974,3.557693
RNF8,-1.8377372,1.1139934
PPARGC1B,5.716501,10.636109
ZNF250,9.974802,4.649594
ABHD4,2.1601112,-6.039077
SRPK2,7.3236775,13.086938
SLC44A3,15.462257,11.085431
ANK3,5.8808374,7.472186
AP1S1,9.996215,-4.594707
PRR4,-2.4908354,4.024892
ZNF100,15.190931,4.6024117
INTS4,13.213634,10.10887
LENG8,1.4272571,5.5282807
CHST2,2.24403,5.2751784
MYH3,14.773942,-5.5024557
RAD9A,12.464075,6.69643
FCRLB,6.718328,-0.37787458
RIC8B,3.726555,9.025165
ATAD3C,11.261253,-3.432422
NEAT1,7.0354366,0.29665917
SPRED2,-1.5939463,6.4286184
ZNF600,-0.47521412,2.3542316
KLHDC8B,-1.5332255,-0.105566144
ATL1,-4.1968923,-3.5985792
NUCB2,5.6196866,13.753882
SEMA3D,6.825163,4.4496484
PLAGL2,9.241151,-2.8882318
YBX2,-4.013855,-1.8474997
SIRPA,0.9243513,3.3346045
AGTRAP,-0.2667127,8.234608
TLDC1,2.7842538,14.934904
SLC29A3,-2.4704645,3.9151025
CCDC82,-1.0515954,2.2429702
RPTOR,6.42614,11.859474
SMYD4,3.129188,-0.37544
LRCH1,10.308487,14.978353
CD320,5.732233,6.109043
LGALSL,-3.4663496,2.4503534
KIAA0753,7.5625925,2.236643
RNF146,-2.8205702,3.992882
TESK2,-0.53983545,7.8206916
KCNMB2,10.675978,15.358282
DHX58,16.313879,11.782694
DCDC1,0.8062461,0.16324733
CCZ1,3.0662127,-0.39734498
GPCPD1,14.834371,3.6021686
SRCIN1,5.1622853,-2.5816247
ZNF555,15.554692,11.263394
NRCAM,-3.5086873,-0.70364296
ALPK2,-5.617357,-1.7408233
PPP1R9A,-0.95561516,6.078195
FEZ2,-3.117722,4.051228
ACTR6,6.405789,10.467929
ZC3H3,7.661507,-5.3880534
IGF1R,-4.0501866,-0.39589447
GFOD1,0.6476798,-1.2114756
ZNF141,0.6002471,7.4010777
ZDHHC15,4.3998456,2.1294334
MUC4,6.9549904,0.1879488
LRRN2,6.3338585,2.0122328
SULT1A1,-4.0173507,-1.8185365
PPP4R1L,0.81995517,14.569809
SLC25A53,-3.1398094,15.672687
TNFRSF14,7.681405,-5.4081187
TRAF2,-0.27541992,10.004602
NAPB,1.8845116,-9.698448
APOC2,4.9525495,-2.6595714
MED10,-2.0826256,2.0444205
TRMT44,8.94824,10.2002945
BBS5,7.939339,-2.6454248
SHQ1,7.8667617,8.191219
PRR15L,-4.0903106,-3.4513078
TBCCD1,2.3601522,-6.2042766
ZNF582,11.021249,15.817518
SLC25A24,8.223777,7.686549
SLC39A4,6.7003884,-6.0998087
FZD3,13.740897,-5.61102
TMEM121,-4.474277,8.676424
THBS4,9.96517,4.639166
KCNS3,14.835721,3.5996628
RCN3,-3.0847037,10.648525
UTY,1.9435256,-9.592911
GOLGA1,-0.23469298,12.1479645
PCDHB16,12.464768,6.678763
TCEANC,4.34601,0.7431719
HTRA3,12.300887,4.389192
HERPUD2,4.290057,-5.81616
LRRC75A,1.3425964,-3.7671049
MAT1A,10.9774685,12.377933
CRY1,3.1518095,2.0460272
FAM192A,-9.196051,-0.06904317
CHMP4C,5.7151747,10.638998
CPNE1,-7.1642647,13.950004
RGAG4,10.90495,11.757268
FAM118B,-0.23481739,8.000386
SMOC1,5.632757,4.04473
LSS,18.258379,1.1929964
HLX,12.396328,4.145174
COL13A1,2.12849,19.048595
GPR35,-1.5209389,0.4690597
ZNF667,7.7304525,2.657518
FAM46C,3.24143,-4.0886116
PLA2G4C,5.23668,2.8790607
MICAL3,8.38766,-8.040876
CNTNAP3B,13.042648,3.1035318
ZNF273,7.5396338,2.351867
ZNF320,10.742961,15.431567
OR7E38P,-4.2419047,8.515229
EBPL,5.6977773,10.642457
REC8,2.3902128,15.181478
MRRF,-7.181591,13.988836
NDRG4,9.253514,3.480188
PLCD1,11.86697,3.6814446
NEU3,2.3317327,-1.8752344
CFLAR,11.376281,-3.3275082
LIMA1,2.5760198,-1.9369142
GAS6,0.8624022,4.7600365
R3HDM1,-0.8648799,13.731718
ERCC3,0.60339993,13.900327
CTDSPL,2.9971669,14.832413
CACUL1,8.737254,11.756189
LRIF1,-3.9761603,-0.6422452
GEMIN4,8.704632,1.9606317
MAGEF1,3.1679916,2.8963585
STOX2,11.567849,-2.6969602
POM121,2.6078568,15.009554
ZNF740,7.5845947,8.451194
TENM4,7.918285,15.188125
ZNF569,10.615869,1.0477245
PPP1R32,4.418836,-1.6253821
RAD1,10.904312,8.327185
SDCCAG8,7.895318,-2.1969037
ARID2,-0.35675514,7.9932766
MTMR10,7.1799703,-5.770352
METTL12,6.9525843,4.4772115
AGO3,2.2345283,13.042358
SMG7,3.471822,-3.606506
EGFR,4.29671,3.9908972
SMURF2,-3.669634,7.681503
EAPP,6.3760657,2.0612864
POGK,6.129822,10.370511
NATD1,14.847237,3.5948217
ZNF764,18.848837,2.358864
MEX3C,-1.5882452,6.4298387
GPR68,4.0013714,3.7063973
CDH19,7.606303,8.438423
CDKAL1,9.971831,4.6461473
CPEB1,8.40934,-7.956635
ZNF814,1.4389262,9.191753
DNER,11.568886,-1.6207806
ZNF665,2.193676,13.001401
DIRAS3,-4.721649,11.631896
CD38,-0.2845287,9.996112
CPT1B,8.614586,1.2081189
TUBB4A,5.8951406,3.976776
ASIC1,-1.8465776,15.669614
ZNF266,3.7191749,-3.1611712
DYNC1I1,0.5504936,2.8907173
IQCA1,6.280503,3.935174
SPATA2L,4.6617303,1.511757
CDC26,5.485325,5.544377
ZNF609,4.010193,-3.560365
ANK1,-0.50900084,9.757817
GUCY1B3,-3.4954355,9.446813
TMEM18,3.7576153,9.056522
P3H3,-2.70768,12.440753
NSF,6.744673,10.282391
MYO5A,7.144683,-5.891965
TMEM243,8.59659,1.9403946
PSMC3IP,5.903418,8.025809
FAM171B,6.728592,-6.0900035
BTBD3,11.168701,-0.6568301
KIF17,0.6184703,-1.1584967
IMPA1,2.4613569,-3.9697955
IGDCC4,3.1393812,14.859219
KLF15,4.241136,3.8729796
DSCAML1,-1.7594546,-0.3834426
INPP5B,13.051093,11.9065695
SNX8,4.3877673,10.825804
RFWD2,6.1290975,10.556516
SYNRG,6.755787,10.274319
FBL,15.922885,8.950389
UBXN2A,9.363003,5.6180696
ZNF468,6.728502,-5.1830635
VIP,12.561445,19.140139
ZSCAN5A,10.250115,19.397865
BTBD19,7.916841,-2.2951128
CIITA,0.571285,7.391974
THSD1,5.611976,9.827544
TRPC6,-1.5908177,6.4253464
RMI2,-0.4876745,8.147452
ATP6V1G2,7.5117583,5.8248324
NUTM2D,-1.5042318,-0.1698333
LPAR6,12.943122,2.6544664
FAM13C,4.669774,1.5325917
TAGLN3,2.9915016,-9.958479
BSN,3.8547773,0.8474395
TDRD5,10.620395,15.273494
MARC1,-0.25070238,8.295742
CD36,-4.7230124,11.645954
CLDN11,-7.263714,14.085723
GNA14,-6.5644565,-5.0889134
PRORSD1P,10.425658,4.1536927
EPB41L1,18.870157,2.3801703
SLC39A10,7.887919,-5.5401874
NIPA1,5.6574717,14.555646
SPATC1L,4.1548233,12.6730385
ADAM33,10.393465,10.632739
BBC3,-3.3736472,7.4231725
SGK1,13.099376,11.955354
SNX22,-5.51995,2.4996107
APOM,-4.690376,-8.943903
TNNI3K,3.7751405,14.24866
PTPRM,5.997917,13.249102
TCF20,-5.550473,2.4731874
SPTBN1,4.021664,6.5449367
HACE1,13.179893,12.039566
STK32A,3.4423435,-3.3756633
SIX4,2.1112916,-1.7625592
ZNF701,-3.1193316,15.6727295
ZNF106,3.954088,12.056885
SLC44A5,4.7144966,-4.351186
UGT2B7,3.7433915,20.818438
PLAGL1,14.839813,-3.1891773
EXOSC8,6.3916283,-0.82133126
CECR1,2.9917479,-9.958376
CHD7,3.9218197,12.060636
GOSR1,5.9281816,6.509734
YPEL1,9.032042,10.23866
ATF5,3.61137,0.30580074
ELMOD1,2.8084931,-7.9625463
TTN,6.551962,2.1757681
RBM20,4.5969534,-7.3096685
PAPPA,8.6354065,3.9244862
ANKRD18A,12.930873,3.242313
MLLT6,8.643181,11.964286
ZBTB46,11.244244,7.520669
SEPT11,2.0318377,0.44886643
CACNA1D,8.108893,4.1636744
TRAPPC9,6.512276,-11.081954
FAM84B,2.5040019,-3.3746276
RAPGEF1,13.682639,-1.3819119
CRLF3,1.2496996,-3.7001636
FLJ20021,5.5612364,5.2273993
OLMALINC,-4.108562,6.32683
RNF185,2.436469,-9.303798
MAP3K4,7.2410407,0.5726018
GPATCH1,11.321174,-7.756039
GCA,10.781726,8.470127
PRCC,5.933086,7.4097958
MICB,-2.6788023,9.558286
METTL21A,4.5335627,2.0731843
SHH,10.199607,9.839638
WDR54,6.3165293,1.6996497
CDC14B,2.8228016,-7.944908
DOCK8,-1.8762444,1.2362598
ZNF124,-3.3629904,9.552999
PLCXD2,0.9823868,-3.5913074
PTGS2,10.695384,11.328501
PGRMC1,-4.670473,-8.347723
SLC18B1,4.7394805,-1.391541
PPP4R3A,2.4787786,-3.9619734
GNB1L,-5.7394013,0.5193187
PDE6D,-3.3339412,7.3395553
FAM193A,7.225728,0.55027145
PUS7,13.187514,10.109793
FAM86JP,3.3876865,-2.290056
FAM155B,-3.330893,6.8249
SHISA3,11.26723,-3.4289877
ZNF470,8.726475,11.840866
MPZ,0.32526398,-1.3574735
RBM41,1.3413464,5.918801
HSD3B7,14.743744,1.003573
HCFC1R1,20.781115,6.075385
SPATS2,13.635989,-5.4963927
TDRD9,5.683854,9.98508
POGLUT1,8.839078,1.6121216
TRO,9.235353,5.71322
NBEA,-9.463011,5.9230676
ZSCAN20,-1.7979317,15.742352
CCDC124,-3.919943,6.4299974
CLEC1A,-0.50439847,9.765427
CABLES1,2.5490937,-1.9283521
SBNO1,-4.335196,-2.9035792
EXOC6,-1.4410434,-3.8445811
FAM184A,-2.0866015,-5.7307696
PTPN20,1.9696941,0.5269814
SLC22A17,-5.619243,-1.7401497
ANGPTL7,-4.3789167,17.960838
PLA1A,4.572024,19.292013
PFDN6,2.5269248,-8.732477
WBSCR27,10.965542,12.209934
AGRN,2.8166118,-7.9586124
ZNF707,0.58026904,13.832667
SNN,8.57209,-7.3469644
CPSF1,-1.4466865,0.49383843
TMEM185A,7.511831,5.897497
DDB2,8.020787,2.7869031
LIPC,4.9222555,2.226912
SYP,9.99642,15.692534
TBC1D30,-2.7774177,5.384389
SOCS2,2.1300197,19.045633
PDGFC,12.561537,19.140158
GSDMB,4.253573,-2.7682056
ZNF461,5.4084,-3.540576
ZXDA,9.13682,-3.3913758
ROR1,-2.204466,11.07936
SVOPL,7.7705183,-1.9819486
TRMT10B,-0.111512914,7.9585586
ZNF396,8.410542,13.981826
KIFC2,9.1682415,6.789114
MTFMT,7.559443,2.3919237
MTMR3,-0.08534163,8.005484
PCID2,-6.7902303,5.5057554
HYPK,-1.3296702,-3.991108
STOX1,10.252492,1.3638221
UPK3BL,17.001133,4.214553
ARID5B,3.6018875,1.5931553
PGGHG,0.47084278,10.542845
NBPF12,-0.01373227,-5.731639
ZNF542P,14.014819,2.074984
IQCB1,2.2784185,5.2531514
MOCS3,-3.8999624,10.664683
ABHD5,12.014952,7.213753
PUS3,3.4581149,1.4559948
ANKZF1,16.945045,4.426265
SYNJ1,11.844148,5.4509172
CBWD7,2.119984,9.786745
TMEM238,5.955304,7.672609
MBP,5.1473436,10.675435
TRAPPC2,5.930001,6.564056
SRD5A3,4.966729,13.698043
CREB3L2,2.8211958,-7.9511003
LRRC37B,0.76088804,10.789242
NBR2,-0.25122505,-6.8339906
SYT13,9.210811,-2.8970165
WASHC1,-1.0070689,2.1870108
TMEM105,9.274828,6.8789663
MCM8,-3.5774553,-3.2215362
GRIN3B,15.69103,11.490663
ORC2,0.6099234,13.911356
PITPNM3,11.56889,-2.6892388
STIM1,3.5687244,-3.3319123
KLHDC3,3.4693363,-6.752733
SLC36A1,7.8163934,-4.0894866
WDR62,1.759708,0.43602803
GPR89A,9.304497,6.913393
CTSF,-2.6912875,12.419798
SAYSD1,-1.7750007,0.8427182
FADD,6.407084,-0.23879467
RCE1,9.206518,3.9610806
RASGRF2,3.9817016,3.6992748
ANKRD27,-1.1171999,12.310568
NOSTRIN,16.04133,11.716503
CSGALNACT1,2.8417675,15.01742
FLCN,4.188684,-1.372876
PORCN,17.575438,6.4307594
ZW10,0.8020787,7.9680266
CPSF7,-4.001543,-0.06877923
TSPO,15.917891,8.937483
GZF1,9.100342,-3.5661535
HEXA,5.2579627,3.1294456
TMEM234,8.731999,9.785237
ZNF627,8.105204,15.872397
TRIT1,-0.46371365,2.2781749
ST3GAL6,9.009753,-10.36447
PHC1,12.964361,3.6811306
NPIPB15,10.227318,4.814152
GUCY1B2,6.522878,-11.111127
TGIF2,-3.9876502,-1.7216685
THRSP,5.1848454,-2.639875
NID2,-8.240553,-3.014941
DDX59,15.0048275,-3.3445075
PIH1D1,-1.5117984,0.4365818
GTF2H2,2.395271,-6.2270517
UQCC3,-4.563042,-1.418918
ZNF33A,10.4460535,5.868959
CRCP,-3.8845565,14.089839
BRWD1,-6.643917,9.275782
ASMTL,14.090741,2.1373854
TRIM37,-7.63317,1.4441724
L3MBTL1,11.281402,-7.7163115
TRMT2B,3.5338275,-2.7146895
TCTEX1D2,10.506227,1.4996011
TCAP,6.773658,10.352138
FYCO1,-0.5337689,8.167431
CXCL9,16.27614,11.750061
SYCP2L,6.4497023,3.8489366
PLCXD1,5.3937325,7.1011186
GRPEL2,11.372608,-0.86770225
GNPDA2,11.410791,9.285113
TAF1A,5.423115,-3.527075
RING1,16.207466,0.05502714
SPACA6,-3.5777147,-3.2185402
IRS1,-5.044718,11.430974
KAZN,14.963387,13.629402
GNRH1,0.36352897,-1.319587
TIPIN,-4.150031,6.2879453
PEMT,0.34875658,-1.334482
ZNF658,9.061289,-3.591421
TEKT2,4.306085,4.2943397
KRT1,-5.724113,5.5795765
GEMIN2,10.153371,9.9018135
SLC35E2,14.095627,2.138274
CLSTN2,11.270657,7.496282
SLAIN1,2.4758904,-3.9635925
HMGB1,9.274048,17.497385
NASP,4.405664,3.6062844
MICAL1,13.393674,-4.1620994
TCF3,4.2503996,-2.784606
CAMK2N1,8.945407,2.028935
TATDN2,8.80791,9.823297
PDDC1,13.241792,-7.027879
ORMDL3,-3.607342,-0.58885324
ENGASE,0.015060431,15.324788
PRSS53,2.1299083,-6.004843
RFX7,8.269698,7.704693
RNF220,12.315266,4.419511
CELSR3,13.359857,14.131394
DNAH14,-3.5999126,10.725546
ID4,11.713462,-1.9371749
COMP,-2.4020834,11.136892
ANAPC4,3.2330348,-4.065054
PHF13,10.000069,15.6969185
DNAJC17,-2.250221,3.0801024
TMEM187,-2.6301317,6.510431
SDC1,11.2673235,-7.7136555
APOL1,-3.4653687,2.4536538
TSPAN11,9.066602,-6.083413
FKBP1B,6.417498,-0.8218246
WDR41,9.240666,17.459066
NPM3,16.73854,12.052341
PHACTR4,-7.325617,2.5378554
RCN1,1.744644,5.003105
LIPT1,16.079233,11.736618
LDOC1,-3.905747,6.4337497
NBPF10,-2.4164877,0.40083265
PLLP,11.482071,-3.2014215
SIRT4,0.20184621,5.025652
TUFT1,-9.194431,-0.06967017
GSTT2B,-4.294075,-2.8617935
RGS10,12.9911785,14.41832
NLGN3,-2.317554,3.1706736
ZNF366,-9.198143,-0.06726143
KLF6,9.063291,-3.588308
UNC79,7.621526,-5.3900385
TBC1D12,15.974508,9.834274
SETX,11.423985,5.754179
GPD1L,15.233875,-2.0419476
HSPB11,8.643928,11.959377
SSTR1,11.359388,7.409194
PDE6B,4.3144903,3.6367834
MIRLET7BHG,5.037257,13.45568
LDB2,11.414448,9.282783
ZNF460,-6.5019073,11.396204
TAF11,8.848692,5.9980397
APIP,10.483456,1.4934113
MAPK12,-2.7781355,5.380497
GID8,7.6858153,-5.1450467
RPS6KL1,1.8429402,9.863057
CPXM2,6.938861,4.5165815
FTO,9.011124,0.65171486
ABCC4,-1.1212426,0.48491105
CACNA1A,-9.586041,8.0031395
SLC2A8,6.6866784,18.213177
RASL11B,10.987639,12.010363
ZNF614,-5.44506,7.517811
HIC2,9.216331,-2.8828576
ZNF682,2.3466241,15.314875
RHNO1,3.343412,-12.094897
JUP,10.905736,15.661014
FAM3B,-2.8282323,5.3388543
RIPK4,7.9875975,2.7433767
ZNF613,-4.005664,-3.175709
RAB36,6.2091727,14.256852
ZNF514,-2.8430214,4.0105586
TPD52L1,0.33125064,17.679815
PBX2,7.8555536,-1.9700991
MKNK2,-6.7902627,5.5062366
PIP5KL1,6.214893,10.617832
CYP2C8,14.829824,-3.1777318
STAC,12.060477,-2.7138593
CPNE5,-0.49269533,10.847787
AJUBA,-3.9299912,-1.1546586
GH1,11.631883,-3.6440878
ADAMTS3,-0.9811308,-1.5395193
ZGRF1,1.9363408,-9.6911335
DVL2,8.284846,12.731865
MROH8,3.6372051,-3.3337138
FANK1,5.705693,6.2759795
SDHAF2,17.254585,0.18599059
MEMO1,-0.9655416,12.346627
CYP4F29P,16.743107,12.053473
DDX12P,-3.7388537,10.757415
SMCO4,6.644553,-9.141522
EPDR1,9.476228,7.0728874
CPAMD8,2.0853007,14.683316
DEDD2,0.78279895,-0.42264998
MRPL23,6.32929,1.4582525
DROSHA,-0.91675293,6.0474496
CSTF3,7.861698,8.20604
ZNF561,14.059051,2.1219828
TESMIN,0.3115436,4.9953427
CASK,-4.1473413,6.294837
TMEM144,2.3315053,15.069055
GRK4,2.3147018,15.488884
AHI1,-0.5886218,2.4942982
PICK1,16.929789,4.349535
ZSCAN16,8.416693,-7.5985513
RAP2C,-5.5045185,8.419995
ZFY,15.969714,9.834473
GANC,7.515348,5.899113
GAR1,13.24675,10.368632
NAA38,1.2323227,14.78739
HFM1,2.8438804,15.014107
SLC38A2,1.6573397,5.140585
TMEM86B,16.986124,4.3678956
RC3H1,3.8048866,12.05592
PDE3B,8.1959505,8.167518
MEX3A,5.2165217,7.443263
UPF2,2.4917097,15.097843
FBXO17,6.0889344,-1.1557151
GATC,-2.8472116,6.417732
ZNF17,12.418916,6.7203417
NR2C1,-0.50787574,2.381897
ZNF317,-3.980326,1.7267398
VANGL2,-1.8202469,-0.43505976
SUPT7L,-5.369405,9.791792
SMAD9,-1.1233908,14.042405
MBIP,0.4791703,8.261481
INTS10,9.747111,17.349558
CNGA1,10.136113,-2.7936666
ST6GALNAC2,4.3645544,-1.567559
ZC3HAV1,5.735947,13.437288
CATSPERG,11.789967,-8.1767845
GALNT9,-3.1425986,0.9427102
FLYWCH1,-3.3565578,7.400828
STPG1,11.493647,7.1913004
TIGD6,1.1284288,2.6163933
USP27X,-0.50762004,8.166948
JMJD7,12.925276,10.548115
GPR17,-9.204889,-0.061426967
ACER2,3.4391282,-2.4065895
HSD17B1,14.003368,2.0693119
TYW1B,4.6033325,19.323242
METTL16,0.4517682,7.2926702
FMO2,6.218289,19.718765
PSCA,12.292625,-6.478155
KLF10,-1.6249782,4.0860734
DDX11L2,-6.5032477,11.397289
ANXA13,0.7785303,-0.37684014
SRRM2,12.459102,6.70643
TMEM241,-3.8429425,-2.8357148
TTF2,12.936732,2.6799922
PPP1R3C,9.390273,2.680526
KANSL2,-1.0039064,7.3605843
CARD16,15.74598,11.531948
ZCCHC14,3.190724,2.8503137
MIS12,2.1008487,-9.064869
IGF2,11.761345,-8.125329
CIDECP,5.860076,7.402637
PDPR,1.8746339,5.3262324
SKIL,3.9224982,11.786521
WNT2B,-4.17532,-2.8641353
WDR33,18.257332,1.1919558
MYO15A,-5.162138,7.2355437
TMEM242,17.260386,0.17447518
PCDHA10,-8.2545805,-3.0309486
FAM122C,-2.4906304,11.157427
DNLZ,-4.0515203,1.5565548
COX19,11.464686,-1.6200888
ZNF749,9.993126,1.7607075
ZNF599,3.0461233,-0.37614605
PIGZ,5.4655304,3.5679004
CENPP,9.893832,4.2952986
PRDM6,2.0818148,-9.077857
KIF27,10.029866,-2.684538
MOSPD2,7.0667543,18.462893
MREG,-5.7466493,5.552773
TXNDC16,3.2491546,2.7254019
LRIG2,-6.6450353,9.272086
KIF5A,7.9354625,-2.7230008
SIK1,15.446162,11.07777
ZNF565,10.468641,4.1460834
ITGAE,2.0902934,-5.9605665
ZNF93,12.338409,5.7083993
PWRN1,4.8724194,-7.6356244
SMN1,9.602221,17.484818
MED19,10.252248,19.403381
DOCK3,3.9123414,12.260471
KCNMB4,-7.016009,4.7137456
SLC25A14,10.635993,2.8810565
STMN1,1.6273295,0.34351516
EVL,13.028178,14.882838
CPNE6,7.1086326,0.41647097
PNMA3,6.6633615,-0.16081883
CBWD5,2.86248,-7.955042
SNX11,17.249464,0.22664332
RPL39L,6.3236823,1.5156366
WFIKKN1,-4.176246,-2.855974
EIF3C,12.95809,10.530606
FAM53B,3.709407,-7.043346
EBLN3P,5.7341805,7.5653486
TMEM74B,3.6512454,-3.2775555
SDAD1,15.868315,6.551859
HKR1,10.008992,3.518315
FAM86B3P,-1.7538973,0.83764887
WASH7P,2.2718136,-6.148949
STRN,2.3618383,-1.8996001
TNFSF15,2.3052468,15.5052805
IQCG,-4.61102,-1.3835148
ZNF714,-1.1531817,8.467879
RRP7BP,11.068635,15.868756
MTERF2,9.384552,5.53473
ATP2C2,13.496193,10.6143875
ULK4,-4.2862816,8.532892
MBL1P,5.019031,10.736464
ARMCX6,6.6443257,-9.141718
LTK,10.253872,9.873145
HARS2,2.3467119,15.457247
EVC,6.092769,4.0075154
TMED6,3.7432616,20.818624
TECTA,10.180994,4.770985
DNAJC9,3.855138,5.1581516
AKR1C2,4.0351706,3.7177036
ANKRD65,-7.7007756,1.3488663
AGK,3.8755996,1.572069
SLC4A5,17.262386,0.18044128
TRIM55,0.93973505,-3.5616577
TAPBPL,8.211111,13.449462
FAM118A,13.41331,-4.141605
VN1R1,6.54304,2.1735382
SLC7A6OS,-0.3571595,7.9918113
FAM219B,2.2040265,-9.362462
ZNF484,5.2960196,13.819052
KANSL1,2.2156613,13.141111
UHRF2,11.550279,5.5849686
HEG1,0.64668447,-1.1248676
ARHGEF34P,2.5471714,14.993583
KIAA1755,1.2907625,3.1057787
RARRES2,-3.8487892,-3.1926363
TXLNGY,1.9534094,-9.621781
KCNJ2,7.446072,13.027445
FBXW8,2.9825084,7.8277845
OPN3,-9.201998,-0.06353135
NBPF20,1.1011893,6.1277018
TMEM120B,-5.5391,8.383298
PLEKHA2,5.0779595,0.40956607
APBB1,13.744622,6.5228324
INTS8,13.977082,2.0593417
IFT52,6.346032,2.023412
INCENP,3.909555,5.2093287
PMS2CL,10.000659,-4.5998583
SMN2,6.9022655,-4.9969764
FAM71E1,11.543845,-2.7565732
TBCD,4.8346224,-1.1857716
ST20,-5.736042,0.5198852
MLLT11,3.0543249,-3.7830958
MYRIP,16.824747,0.105304666
ZBTB8A,7.5000277,5.9154105
TSC1,6.255608,19.754864
CYP2D6,9.983029,1.8772658
RBM19,-3.9602714,12.220897
TMIE,0.52805954,2.806239
CDHR1,4.02038,13.376526
NANP,-1.3334042,4.8104577
BICC1,14.106394,-7.2775197
NPIPB2,7.623985,-5.3898873
TIAL1,-3.9586463,-0.58203757
WASH6P,0.813294,7.9437366
HDAC5,-0.551544,2.317228
KCNH3,0.5550447,2.824489
NR6A1,-2.8088021,15.639033
MKNK1,8.721223,11.771782
VCPKMT,-3.5467873,7.5774546
FAM86B1,0.69126767,14.616102
GOLGA8A,-5.216557,7.228711
DRD2,11.952185,7.1835227
NOS2,14.956001,4.8266783
ANKS1A,0.8005897,0.4270126
A1BG,-2.9630864,10.432837
MATK,12.9899,14.41462
NOMO3,5.616467,14.407419
CCDC93,-0.7161017,13.795119
BCL2L11,13.124973,15.31243
ALG2,3.865131,1.6274148
GSTM1,7.9173193,15.189004
DOPEY2,0.48005468,7.2884326
ARPC1A,2.2979279,5.2288194
NBPF15,-7.3308563,2.1044414
CR2,5.6223125,3.9319632
MICA,-6.9544253,4.7681465
TBX2,-1.9842293,-5.6185336
STAG3L2,5.4852395,5.492014
KHDRBS3,-6.643574,9.283496
TRIM9,-5.7868276,0.48210406
NFRKB,-0.2577995,12.133586
KIAA1324L,1.2063107,15.036614
L3MBTL3,8.231603,8.13045
HOXC10,3.1073933,14.8500395
SPTBN5,10.692619,2.816834
CDYL2,-3.9632435,12.223081
TTLL9,14.105418,-7.276704
MAGED1,-2.072971,2.0037582
TADA1,8.867476,1.5891144
KDM5D,12.308191,4.4089937
TTL,6.3853326,-0.82587206
FZD1,3.239114,2.7291229
F13A1,5.547494,2.8793151
ARHGEF35,3.696339,0.36727494
EFHB,12.937621,3.6828847
CCHCR1,9.038151,-6.0612316
CAHM,-5.18931,7.317927
GTF2H2C,13.63915,-1.5062706
CA5B,4.2461586,3.8771756
