node,x,y
PKN1,3.8171277,8.448935
FERMT2,-0.1642482,-0.9043145
EPB41L2,1.1515851,-2.3220932
JUP,9.43737,-1.8420227
PCNP,6.828999,10.323991
PRRX1,1.0433855,-1.7728566
LAD1,10.077277,0.2852757
RAPGEFL1,3.893172,-4.3338256
GNAI1,-5.951059,-8.265218
RAB25,8.93966,-0.54731137
GSK3A,12.314998,0.42526424
SBF1,-7.6867104,5.6498094
DMKN,5.138478,1.070765
CAPZA2,6.716051,9.4007225
ANXA6,3.536567,9.001903
SPTBN2,4.2583265,-5.7654624
GNB2,12.084515,7.030716
VPS26A,0.41452843,7.772782
EVPL,4.2146583,-4.999358
DDX21,-3.7274687,4.2082124
PEAR1,3.4085555,5.666095
PDCD10,2.240739,7.849554
ZNF780B,-4.4412136,-3.7727132
RIOK3,-0.6788294,10.940867
MSRB3,-0.69518656,-1.0535034
ESAM,3.8107314,5.0000925
EXOC5,5.1799316,11.290049
SBSN,7.3228273,1.0532289
FAM200A,-3.0038385,-4.48164
TNS2,-4.8325653,9.842867
CDH5,3.8505223,4.9925127
AKT3,-4.330137,9.906861
KIAA1324,-0.43055716,-9.780247
RBMS3,0.24121219,-0.9898256
PCNX3,-8.016146,8.209965
TCEA1,5.6398044,11.232485
GLT8D2,0.119476534,-3.1923184
NDUFA13,3.7303019,16.64771
CCDC90B,7.2778244,6.16218
OSBPL2,-2.9065163,-0.2920326
PA2G4,12.523521,3.2784526
MOB4,2.0913966,8.230892
CELF2,-3.459602,9.648019
CEP170B,-7.4982495,7.551216
ARHGEF17,3.291135,5.821554
RHOT2,-7.8486824,3.010958
PPP2CA,0.77027905,7.4035425
SART1,11.908965,6.292328
TRIM29,9.727713,-2.2003384
IL4R,8.310363,8.124891
FLI1,3.6565564,5.349132
EMILIN2,2.7090788,10.071228
FBLN2,-2.8580847,6.4472675
RHPN2,-0.9885217,-9.266844
FYTTD1,0.59760165,8.293875
COX7B,2.67525,15.401549
KMT2D,-7.818344,7.0196004
GAL3ST4,4.1865277,2.4145927
SCOC,6.511674,9.94885
TACC1,-4.1376576,9.780034
TRIM2,1.9384217,-8.177484
ALOXE3,6.370161,2.4128265
RBM15B,-7.4588385,9.028078
TOP2A,14.082687,-3.9291568
LY6G5B,1.906497,10.2957945
POF1B,4.3995066,-1.8317409
PDZRN3,-6.8394356,-1.638283
UBE2V2,6.1809554,10.090791
MAPKAPK2,-8.990476,3.5053473
NOLC1,-1.0511688,6.8220725
PECAM1,4.312802,4.4797587
MEF2C,1.0647742,-1.4378701
PRRC2B,-6.872149,8.411376
FSTL1,-2.8759441,6.7572436
ARL8B,0.8027468,6.400762
ATP5F1,2.1303236,15.113998
TBC1D9,-0.7820778,-1.3825507
HSF4,-7.8119035,-4.3540297
TM9SF3,4.7206764,14.034081
PLEKHG5,4.095437,-4.3751497
ZNF616,-2.8114245,-4.333714
TMEM47,-0.6326176,-1.3658293
LUC7L3,-7.5370264,1.7059147
SH3RF2,3.9451551,-4.8205624
APEX2,-0.92531025,-6.489228
RSL24D1,7.4921513,10.77441
ADGRF4,-5.4055963,-5.64056
NOL6,9.998132,14.637422
NID1,-3.0895832,9.733337
CHRM3,-0.90764844,-9.157047
SLIT3,-2.6867208,5.920887
FADS1,-2.8585217,2.0415726
DOCK2,-8.996668,11.8296
CHST2,-7.1318445,-1.5563198
DVL1,-7.6339164,5.184268
NIPBL,1.3371096,4.6251187
ALG3,16.421926,0.33259726
FAR2,-2.7720137,1.9698193
TMEM167B,0.8365427,5.791043
ARF5,8.805018,-0.15462188
C1S,-2.9189997,7.328665
PLCB4,-0.7278988,-2.0135188
ZNF471,-11.408243,-1.0777088
TMEM259,-7.731004,3.0691545
CNFN,5.160241,-1.9181776
ATG2A,-6.716019,5.596124
GATA3,-5.171896,0.40930527
PDGFRB,2.5170963,9.63225
APMAP,-3.1831584,1.9219285
FADS2,-2.7182226,2.4476469
MRAS,0.94636047,-7.9658723
TTC28,0.43541515,-1.3845611
ITGA1,0.7708867,-0.46664685
NELFA,14.075195,7.099353
ITPR1,-0.71289456,-1.9517242
DKC1,-4.0038047,4.0530815
KLF13,-6.993964,10.559729
OMA1,2.5249772,-11.719755
ACER1,5.1986737,1.3779373
EIF3B,10.25467,14.312156
PERP,5.671315,-8.643514
TNFRSF25,-7.2640166,-4.332938
SCEL,-5.2914147,-5.915548
IFITM3,-2.2179594,7.949112
ZDHHC20,-1.0773447,11.894163
IL6ST,-0.69791746,-6.051657
NUMA1,14.328381,6.3702016
UBTD1,6.478463,-3.0478587
CBLC,9.589631,-0.20299123
KIAA0100,-7.0773535,8.715388
CCT2,-1.7534362,0.51755875
FBRS,-7.236751,5.5639815
ISLR,-4.2495804,6.55226
AFTPH,-5.070938,-8.387495
PLCB2,-1.212816,8.71548
BNIPL,-5.659191,-5.487588
WAC,1.2161852,4.9978485
PECR,-2.991807,1.760777
SH3GL1,6.796483,-3.6253324
KMT2B,-7.498755,5.972826
EIF3J,-0.10823387,2.957399
PLXND1,4.466888,8.132974
THOC7,7.3196487,11.194943
GIN1,7.50922,5.717193
ZNF692,7.860673,-7.1740804
WDR43,-3.8376,4.392709
FGD5,4.828688,7.6899076
SLC25A46,-0.3923983,5.3772016
TET3,10.231602,-3.3713772
SNRPD1,-1.7919182,0.40092897
ZNF691,-2.0456033,-3.4873476
MARC2,1.3512199,-8.1483555
IPO4,10.862519,13.751484
SDR9C7,4.5371346,-1.7867259
ARMT1,7.058144,6.1539836
PPP2R1A,14.066453,8.270998
KARS,12.225323,3.7343094
PMVK,-3.925636,2.130552
PKIA,-6.9146147,-7.7669196
TRMT13,-1.5973909,15.25805
BAG4,-9.938447,-6.5322037
KRT10,5.011601,0.6785282
SF3B3,-0.9453509,-6.5360184
JRKL,-3.2830374,-4.2259455
FBLN5,-3.2143557,9.547323
PLEKHN1,3.7492707,-4.6721234
TCIRG1,2.7835352,6.156641
MOB1A,-0.7250902,11.650745
DUS1L,-8.170887,2.8381574
PARD3,-3.8963692,-0.03164379
LAMTOR3,5.8922677,10.728789
GNAQ,-0.6535069,-5.917945
HLTF,6.9153223,-3.837415
MARK2,8.896978,-1.6328562
SHANK2,0.11553657,-9.652576
PRPF40A,-1.2315582,9.798447
TRRAP,2.8726437,-6.4476414
PPFIA3,17.275171,4.752784
ASH1L,1.5323054,4.3648944
PADI2,-0.16818507,-8.999389
ZNF563,-2.4246068,-4.3191633
HELQ,-3.112882,-5.609057
FARSA,16.408064,0.2276536
DCHS1,4.9713626,7.8653727
FAM91A1,1.1613183,9.36095
PRPF19,11.797773,3.3770044
RAB10,-5.134898,-9.545409
CRACR2A,0.7635869,-8.0994215
RAB7A,12.026166,4.10464
ADGRF5,4.274132,4.3681006
RICTOR,-0.24491023,10.731625
RAB14,0.755073,5.886336
ATP8B2,5.3039184,7.727308
ZEB2,1.2023652,-1.7916005
GLTP,7.684106,0.79174924
CASC4,-0.523191,0.44220805
TRIM35,-8.067902,1.511491
VPS13D,2.7375371,-6.516836
SLC12A2,-1.132381,-9.21498
LY6G6C,5.4197164,1.5528958
PRR15L,-11.713964,-5.5727043
HGH1,16.267023,-0.1896783
IL1RN,9.640734,-1.8120971
INTS11,-7.7124906,3.9176087
PSME3,13.047692,3.4886026
RABL6,-8.10805,8.143421
ZDHHC3,-3.52047,-0.140039
PAPD4,4.55575,11.867537
OTUB1,8.795307,0.0483732
TMEM173,-2.5698185,7.9781966
TOLLIP,8.921793,-1.5695927
TMEM154,4.30704,0.9079742
NNMT,7.4203258,7.65191
CD37,-8.740537,11.943675
PTK2B,-8.100928,1.5089643
TTC14,-11.220746,-1.5010986
ZNF2,-2.2429469,-3.8581016
MBTD1,-6.1522174,0.82901365
PTPN13,-6.258142,-7.574641
ABCF2,13.328475,3.7442007
ASPRV1,-11.243659,4.806778
CCT3,13.559633,3.4927843
FBXO8,-4.6556606,-8.370016
PDE9A,0.8384725,-8.045913
RBM42,14.320768,7.6378937
TMPRSS2,-11.330583,-5.9389334
ATP5G3,0.53346074,18.008858
WFDC5,5.1000175,1.0244977
FCHO1,6.868281,2.869198
MRPL4,8.2684145,17.063185
PPIP5K2,-0.6363461,4.997863
COL1A2,-2.4180455,5.2735887
SCAF4,15.581471,6.7182946
ABCE1,-0.19822167,2.8547966
FGFR1,3.8263204,8.88546
PSMD8,12.741947,1.0620688
STK25,-7.834385,3.661909
DAB2,2.8924918,10.087853
EXPH5,-5.570268,0.46718174
OSBP,15.770152,6.5531344
KPRP,7.4934244,2.9551947
DCAF13,-0.7453477,-3.8607168
MYL9,2.1986027,0.0035445455
SNU13,12.048872,3.577983
FAM49A,-1.5556358,-0.94690007
ATP5A1,0.5119695,17.90097
PHC2,7.4506664,7.643296
ZNF420,-2.9333823,-4.736012
ATP5J2,3.6764116,15.440304
PPP1CA,8.788757,0.09234645
TRAM1,6.8187027,8.990713
COMMD8,6.8058357,10.396322
PEX13,-10.624537,-6.2286987
CAPN1,8.775934,-0.31727922
SULT2B1,8.156103,0.8440811
MFSD5,8.262569,0.8537153
SRCAP,-8.071677,7.3022404
LAMC1,-3.173388,9.618962
ACTR6,7.2856565,6.354283
ATP11B,-0.23120472,12.095783
RPL32,11.102421,8.368647
WDR46,11.741831,12.665578
LCE1B,7.8768935,3.173912
SHANK3,3.1617963,5.460374
INTS7,-2.5000453,-2.9332721
SEC16A,-7.305547,7.7263527
CTSK,1.7963254,11.793551
BLOC1S6,1.5440879,8.628654
NDUFS6,3.794091,16.658348
TXNDC9,7.1820946,11.869723
GPC4,1.9881545,-8.286007
GIGYF2,15.7002125,6.6242476
TTC22,4.508588,2.1075768
KDF1,8.963442,-1.6767126
CCNC,2.12373,7.726791
COX6A1,3.467315,16.201237
RPS6KB2,17.191425,4.8104644
SELENOO,-7.566501,3.5730426
YES1,4.5828743,14.74527
CRCT1,-11.090282,4.7382627
TRIL,-7.9895363,-1.1755855
FGF2,-0.46830386,-1.3996177
WAPL,-0.39261782,11.900729
DSC3,-6.0902643,-7.6989956
WNT4,4.8809357,0.25255445
ZKSCAN4,-2.2295947,-4.201897
KRT6B,-7.8231235,-0.9876574
CXCL12,1.0780162,-2.7166882
MRPL12,4.1768217,16.800947
SMG5,-7.7942452,5.376622
DGCR2,4.507544,-6.0632277
MRPL13,7.2092414,11.446732
EIF1AX,1.9207436,8.465701
NIPAL4,7.3745413,1.1345087
LRRC59,2.5317667,12.140462
PIGL,-8.190458,2.5927415
PKN2,4.664977,11.769843
UBE2M,12.547128,0.9847088
HDGF,12.750096,2.2611337
CD63,7.9957476,13.508506
EIF6,11.570109,2.9485831
CTSZ,8.074094,13.711281
ELMOD1,7.54014,2.8706
MFSD8,-7.3259954,1.5585091
ZNF184,-2.9430468,-5.3022532
TAGLN,2.2653675,0.034871105
GNL2,-3.8220463,4.1938596
ZMYM5,-3.0764668,-5.6920214
SOX13,-4.8992233,9.8068695
OSBPL7,3.1256692,6.0148864
MYH11,-3.9001515,-1.8940252
KLF9,-2.825676,11.496597
EID1,-0.53683007,0.41335568
RWDD1,7.473275,10.974466
EIF3G,11.843773,6.844683
PRICKLE1,2.6142354,-8.219945
CCT6A,-4.0971465,3.8828084
OLFML3,-3.6176639,6.5467916
SPG7,-8.12226,2.6159904
NSFL1C,11.638258,3.2035992
ERG,3.7820547,5.167023
GPC6,1.9084952,-8.210886
RPRD2,-13.0996275,2.3047862
RELA,11.638784,6.420018
DENND5A,-9.836852,6.093382
S1PR1,4.4635744,4.284265
UQCR11,3.561604,15.923545
BAG5,-4.23801,12.101261
EPN1,6.7311163,-2.4795876
C1QA,-10.605983,11.027305
TOM1,6.7613535,-3.5978272
XRN1,-0.3567781,10.474636
MEDAG,6.160951,7.610359
CCT7,13.785985,3.4227843
BRIX1,-0.26177955,2.8695593
ZFAND1,7.023232,10.52786
CREBRF,-0.17517534,10.890287
LMAN2L,-1.9946753,-3.2306607
HEPH,-1.0311357,-3.2722905
PLIN1,2.2472847,-1.012338
EIF4G1,11.908849,0.17855905
ATP5B,15.490966,4.019328
MTDH,4.781166,15.038881
SEPT5,17.252754,4.760433
DENND2C,10.049876,-3.0433452
ICE2,7.362691,5.7993164
OLFML1,-4.4039106,6.644597
GNAI3,5.942704,-8.96995
TOM1L2,4.6526656,-6.3400917
PSMA2,2.0158691,15.113071
DDX49,11.576543,3.1796527
PGK1,9.8889065,13.037915
SORBS2,-0.7372086,-1.6572685
PHF6,-1.5038482,15.229403
RHOT1,-6.1466985,-8.803742
SRSF11,0.86795086,10.433173
ADGRA2,-4.397153,6.6209583
ARPC5L,11.032266,2.6851153
PRICKLE3,-0.89449567,-6.6521807
WASF2,-6.9455347,10.715911
KLF15,-4.9638753,9.458807
MAU2,2.410729,-6.5031347
YTHDC1,0.9578064,5.4910626
CHD8,9.574875,-7.762293
RAI2,-3.5988414,9.639107
LDHA,9.844428,12.99494
TICAM1,11.393755,6.2617774
SCAF1,14.455198,7.6169567
RLIM,0.7192676,8.496879
ACTR2,5.220758,13.752267
ARF1,11.740676,6.3622746
CDK1,13.650622,-4.1508083
COX8A,3.455078,16.41924
CERS3,7.58499,0.7658079
SELENOF,7.016897,8.865535
ACTA2,-3.7595897,-1.8030199
ZNRD1ASP,-9.162719,-2.9307053
PLCB1,1.3793321,-8.153736
NCALD,0.2611312,-8.523259
MTX2,7.220991,6.4980745
TNS1,4.3014836,7.5617743
EMILIN1,-2.7735696,7.646804
BRD4,15.462212,6.907399
ARPC1B,-2.5579107,8.092165
CDK12,15.664548,6.7649508
NME1,0.15331325,18.473131
ABCA4,-7.619814,-1.284098
RNF222,-10.953816,4.669632
PPP1R15A,10.265995,5.242048
TINCR,-4.913056,0.33389258
ZSCAN30,-11.355367,-1.1374894
BCL11A,4.1776752,0.9964461
KLF5,-6.079064,-7.962952
SUSD4,-7.8394456,-1.0828081
NMNAT1,-2.0009563,-3.1563683
PODN,-3.424602,6.573558
ACADM,-2.9594347,1.6468326
GNA15,5.9298425,-0.06989675
DNASE1,-9.78051,-2.7454672
ZNF180,-3.192665,-5.4401
TFPI,-3.8835056,10.129324
RPE,7.4293175,6.1614
PUF60,11.59733,3.0843208
FGFR3,4.263569,-4.074667
ZNF250,-9.601129,-7.2635484
CPNE3,4.8131456,10.948046
SHE,3.5170908,5.737239
ACVR1B,3.1970901,-3.48793
KRT8,-0.5554097,-10.055883
TRAPPC5,5.8027463,-2.9874
ATP5L,2.9503467,15.538318
ZNF879,2.9928384,-10.87053
ETF1,-4.195383,12.054142
NKTR,0.8682158,10.492956
KIF18B,14.958369,-3.3639662
MPDZ,0.47509813,-1.5089649
CETN3,7.4334836,5.984715
MCAM,0.40792376,-0.4369877
ETS1,-9.898939,6.150834
ARHGEF25,3.0844817,6.037954
CDNF,6.4434876,-6.18011
RAN,-1.7854497,0.46979842
SSPN,0.38481966,-3.2681315
KRTDAP,5.2287426,1.092081
VPS26B,4.688995,-6.261243
NSDHL,-4.138233,2.0515924
KIFC2,-7.234999,-4.30196
CENPF,14.359058,-3.7855487
OXR1,-1.0728071,11.9148445
ZHX1,-1.0857565,11.935185
RDX,-0.48314816,0.48483056
TMED7,5.1884823,13.627545
AFF4,0.9302613,8.534914
ZBTB16,-3.015356,11.471716
TBC1D15,0.13341591,11.0119915
TCF7L1,3.8653173,8.85311
ZNF248,-9.172104,-2.8892157
IFFO1,4.2410545,8.27642
PLEKHG3,8.879994,8.689695
MED13,1.2823384,4.846593
ECM2,0.32768917,-3.3166811
AHNAK2,2.9510798,-6.370828
TONSL,15.82759,-0.91007435
MGST1,-2.019869,1.7359114
RASL12,2.2379646,0.039053082
WAS,-9.269604,11.778437
KDELR1,14.679188,7.791479
ENO1,9.995505,13.130322
AP1G1,10.191676,-3.334599
TMEM106B,5.330121,11.203163
MAOA,-3.2486851,11.520081
CSNK2A1,15.851469,6.49038
ZKSCAN3,-2.1937742,-4.1676283
SLC46A2,7.2438993,2.9573913
KRT18,-0.5681049,-10.1311655
EXOC6B,-5.170949,0.42841527
SNAPC3,-3.8012702,-4.0431767
APPL1,5.06261,11.150377
KCNK7,9.125273,-0.4294578
CYP27A1,-4.749052,13.917311
RAB11A,5.859963,-8.8855505
ZNF302,-11.173396,-1.6260463
GALNT7,1.1881437,-8.100334
RB1CC1,-0.253487,11.038845
BYSL,11.712647,12.707738
KRT79,-2.5991483,2.6255798
UBN2,-5.993545,0.73256356
MKI67,14.890085,-3.420906
CYP3A5,-8.54479,1.0442016
HSF1,11.844635,6.7503567
RECQL4,15.794996,-0.94429845
MZT1,6.70803,10.069556
TIMELESS,15.849867,-0.8907484
LYRM7,-1.4283739,15.39915
ZNF140,-3.2166185,-5.4816113
MFSD14A,0.5716693,8.421481
RBPMS,2.6700037,0.11874352
PTPRZ1,-6.7934084,-7.7470098
SPARCL1,4.3898435,4.3010993
TRABD,-8.353788,3.0963886
DCN,-3.1614258,6.6920815
NAT10,10.086391,13.790756
DEGS1,4.2695665,0.8008153
MINK1,5.8314357,-0.28806153
MANEA,-1.362255,15.151473
PPARG,-1.819053,1.5798303
THEM5,4.9520607,1.7317979
RAB3IL1,2.8651721,10.191551
ZNF526,-2.2958598,-3.8584948
NR2F2,0.9566265,-0.35551232
LMBRD2,4.6149755,11.817692
DSG1,-6.032534,-7.531999
XAB2,14.036332,7.082213
CAMK2N1,0.81355083,-7.9277635
DNAJB14,0.9383989,10.004966
NEIL1,-8.386156,-4.1039553
RXRA,4.6853547,-6.322153
ICE1,11.686774,-5.541226
SLC25A11,-4.0972686,2.1274276
ATF2,-0.43115434,0.5272895
WDR12,-0.7042153,-3.9402573
NCL,-4.1249704,3.8521464
ZNF664,-1.5717545,-0.9245874
SEC24B,0.9398886,5.5475154
RAB40C,-4.8554425,0.31653592
FAM83H,10.653277,-0.041242883
KLHL18,6.5677543,3.7388194
EXOSC7,3.22315,-3.5200434
NDUFB3,2.3997347,15.042808
HECTD4,2.8347,-6.4047456
SOCS7,10.313774,14.966082
CARF,-0.72461087,4.541966
RPN1,2.6481762,12.314228
PPP3R1,0.7314568,5.9206643
COL15A1,1.764902,-2.1740818
PJA2,5.6382375,13.397071
IRAK3,-2.799235,10.693893
ARMC6,16.1137,-0.44577408
PSMD6,1.0655624,7.5052977
CTIF,-7.235383,-7.809284
UBQLN4,13.388471,3.9475167
PSMD2,12.75797,1.52677
PSMC4,12.858724,1.494047
NDST1,-7.21992,8.594194
FLG2,7.4785876,2.9515474
MELTF,-0.2994114,-8.881859
STAG2,3.839259,19.67477
POU2F3,4.4210615,0.9174833
CRACR2B,-11.245969,-5.9630284
TRAPPC6B,4.2507,12.204572
RALY,11.988893,6.6624413
R3HDM4,5.9461107,-0.049103238
TMPRSS13,6.555048,3.7842712
BRI3BP,-3.575528,2.0578518
RNF111,-9.727294,-7.0913553
NELFB,6.6306643,-2.6250303
PGAM5,13.169549,3.5518923
ATG2B,2.528004,-6.548624
STK24,6.983598,1.3225094
FH,0.37609544,18.033392
CYSRT1,6.4979415,-3.137226
EIF5A,11.658319,2.9333284
ANAPC11,3.6966834,16.812088
C1QC,-10.626332,11.136139
TMEM97,-3.225234,1.9755228
TMEM115,6.7118735,-3.515101
HOPX,-5.1420693,-6.0582776
APOBR,-9.715056,11.523701
MTR,-2.118428,-10.098304
DAB2IP,-7.2595525,-7.80996
ZNF598,-8.844912,3.394271
MYBL2,15.391469,-2.7842436
ADAMTS12,-1.1051372,-3.305755
TSC22D3,-2.9445279,11.158396
MLANA,17.402803,4.194482
TRUB1,-1.3264805,15.222897
ADIPOR1,7.1689177,1.2449573
CD164,6.688136,9.370567
HTT,-7.6294894,7.054851
RAD21,3.832108,19.681477
WIZ,7.0152593,-1.9940629
ARIH1,10.0526705,-2.9983873
KLF8,-5.888557,-5.509748
WDR90,-8.715256,8.453142
RHBDF2,5.8423643,-0.17244668
DACH1,-7.825979,-1.2536807
PPM1A,-0.38531148,11.146463
MKKS,7.2547464,12.10957
KAT2A,-7.7266593,-4.370249
EPS15L1,12.2000885,-0.09383034
IKZF1,-9.095089,12.0949745
ZNF607,-4.5829916,-3.7030637
ZNF234,-4.5739765,-3.7083912
ARID4B,-3.5067098,-6.6086903
PLA2G4F,4.2815557,-4.1286683
DHX15,-1.1353341,9.72248
LYSMD1,-2.3221438,-4.0906625
PIGV,-2.3518705,-3.0188394
CCT5,13.765514,3.433063
NAPEPLD,-1.5769634,15.266459
TMEM132A,-6.692285,-1.6029272
PRDX2,-4.100485,2.1127295
GTF3C1,-4.583215,0.21486777
PTGES3,12.023783,4.0628376
TBC1D17,14.354556,6.3439865
TYR,17.438728,4.1336174
PHGDH,9.7027855,7.455275
HYOU1,2.632895,12.306281
SETD2,1.3110877,4.5421257
KRCC1,7.3131046,5.8859982
COL1A1,-2.4214563,5.282281
CTTNBP2NL,-9.714852,-7.1129084
ACAT2,-7.8858685,-2.6262012
PPP6R1,6.8808727,-2.221585
LRRC14,15.72431,-1.0188278
ADORA1,-0.30488408,-8.856976
PRCC,12.116974,0.1955346
TMEM260,2.940328,-10.967514
NPEPL1,-8.046174,2.705783
IFI44L,-2.2418861,8.5036
PIP5K1B,-0.44138777,-2.251557
LOXL1,-8.400655,-1.1209618
ZNF654,-9.84014,-6.8956294
CNN3,-0.52177244,-1.2484456
FBN1,-2.8182232,6.6006274
GLDC,-2.7004561,2.4124837
NUPR1,3.6035528,2.9730988
YME1L1,4.9264393,15.178879
GALNT16,-4.321719,6.5533776
SOD2,7.8867426,7.8830767
ZNF594,-4.545646,-3.7396352
NDUFA9,0.3728222,18.182772
GUCY1B3,1.14373,-1.3829544
LHFP,-2.7356243,6.0763245
UBXN6,14.027657,7.07373
COX7A2,3.3019192,15.919083
TYROBP,-9.393126,11.721501
TMEM147,12.492457,0.9448491
MRTO4,11.6559725,12.78734
CDK14,1.4793024,-8.217996
C1R,-2.870149,7.502279
SMPD1,0.4339455,1.7959114
IDE,4.4330573,-1.8400198
FAM135A,-0.24530435,12.076321
FOSL1,-1.0393767,6.40656
PLA2G16,0.47038266,-0.3888843
PEX12,-2.9226725,-4.2932544
MTMR9LP,2.9062612,6.1017866
ASF1B,15.118724,-3.178862
POLR1A,10.951018,13.76386
DSC1,-6.0606337,-7.5103455
SLAIN2,-5.157268,-9.332309
CDH3,8.964373,8.770297
RPL7A,11.385698,8.123731
CSNK2B,0.4053979,1.8235476
CCAR2,-7.2047844,7.194708
LYRM2,7.179302,11.932741
PGLS,-1.0310632,-12.512451
SETD1A,-8.256281,7.1745234
PAM,-2.736189,6.08953
EPHX3,8.0700035,0.6911448
SF3B6,-11.27426,8.382317
SRGAP2C,-5.56475,-5.297084
RB1,7.921728,5.342656
SHISA2,-6.876034,-1.6462852
MROH1,-7.882217,5.542302
HNRNPUL1,14.112148,8.7211485
SBNO2,8.74125,8.559912
STUB1,6.4497867,-2.8926926
HM13,2.7400012,12.433246
GPI,10.0520115,13.089173
TEAD2,1.3162857,0.49309522
CCDC80,-2.6186905,5.72315
RBM27,4.7312465,15.01948
ITGAL,-1.2033088,8.707191
ATP6V1B1,-11.632065,-5.667164
GRB10,-4.577211,9.975059
ATG13,-6.7243276,5.465336
FOXO3,-2.8204865,11.645769
TLN2,-5.1181707,9.881282
FAM57A,9.617373,-1.922682
CCDC124,12.393611,1.0300555
ATXN1L,-6.9345098,10.698834
TECR,8.69998,-0.26268098
RNF126,7.1052413,-4.026829
S100A16,8.811586,0.14796367
TOMM40,8.282031,17.066683
RPL26,10.228353,9.28103
BCL3,8.36652,8.118838
METTL3,-7.526978,1.7297556
AP3D1,-7.597682,8.310851
TRMT112,12.042324,1.2478981
GRK2,-7.5782228,5.4512315
RAB1B,14.055897,8.298296
LIPM,-4.82519,-5.2471833
APOL1,-2.2044115,8.239621
GINS2,15.369063,-2.4271944
ELMO3,9.634484,-0.22182772
HSPA12B,4.273179,8.239605
BBS10,-3.3481824,-4.262611
PLD1,-6.705152,-7.722765
CAB39,0.57417953,7.794738
CWC25,12.125197,-7.6326585
ZNF524,11.822805,8.819058
NCLN,8.485627,17.47334
SLC16A13,-2.3603187,-2.9946961
ATP5G1,0.25351354,18.359812
TSC1,2.3882751,-6.517234
ELOB,3.6737878,16.901522
CSNK2A2,6.6414046,3.6715624
MICU2,2.1673946,7.686261
ACAD9,4.5462027,2.153643
E2F4,13.677147,10.996993
SPI1,-9.643406,11.566868
SYTL1,3.1343327,-4.7333055
NHLRC3,-0.7285955,4.531325
SACM1L,-1.3716062,15.138874
AKAP17A,-7.6128407,3.192705
SPSB3,-8.590814,0.99679726
CAPNS1,-2.0553877,7.87773
PIGA,5.8212266,15.683698
CUL5,-0.57447684,5.0784473
BCCIP,-0.037496798,3.090166
SLC39A14,6.547335,7.6261897
USMG5,2.3892217,15.017646
MTPN,5.227046,13.673816
TRIM52,-11.168364,-1.6373516
CDCA5,15.078327,-3.2257688
TLN1,4.4862185,7.4163785
PRDX3,4.1469064,-5.6090817
TNKS2,-0.39184272,10.33895
CAPN12,-2.8303857,-1.2692108
RSF1,-4.4556684,-8.097224
RPL18A,11.703063,7.4028354
VPS37A,-10.876102,-6.121567
TMEM79,17.29941,4.6870484
NAA15,-0.26885605,2.7684867
PNO1,-3.646643,4.166624
CCDC57,6.0978384,-9.136531
FAM76B,0.88169724,10.295519
MAP2K2,6.679993,-2.56003
UQCRC1,15.506389,4.005523
ABHD17A,6.047966,-2.958413
EHHADH,-8.918129,3.207459
XKRX,6.5614123,3.7957618
OSMR,8.092743,7.9996223
CAPN5,1.181895,-2.755832
GSKIP,6.8361263,14.511726
TCHP,-5.8414254,-5.5060773
KIF7,3.4501808,5.909504
CAPN2,3.8016822,8.910583
YBX3,5.575284,-8.550517
GPX3,-3.012671,9.649563
CLMP,-1.8358526,1.6100692
EEF1E1,0.02557868,3.2891943
QKI,5.6417727,13.383514
ADCY4,3.1665084,5.433616
SELENOM,3.6055048,8.85555
PTPRG,-2.7332268,10.336268
PSMD13,13.065647,1.2166047
FCER1G,-9.341219,11.76176
DNAJC5,-7.438807,8.289576
UBE2D3,15.605705,12.567691
MAT2B,-9.940383,-6.4977384
ACOX2,7.575429,-9.23905
SLIT2,1.5249887,-2.2308958
MCM2,15.325744,-2.1238883
ACVR2A,-5.89206,0.6648701
CBX7,-5.5564446,10.296096
FBXL3,-1.7820379,10.309655
PLCL2,0.29573753,-1.1324469
OBSL1,6.0798497,-9.116805
ANTXR2,0.26012644,-1.0384986
RPL5,8.141292,10.541395
SCRN3,-1.3952109,15.45766
METTL1,11.698865,12.734846
ZNF335,-8.46106,8.326136
UQCRC2,0.424378,17.865734
MARCH3,-11.121946,4.755587
DR1,-5.2010937,-8.372009
DPH2,10.920359,13.772924
SERINC1,5.750667,13.332703
TRMT2A,-7.8774934,3.4095643
ETS2,11.073227,5.989147
ATF3,10.228671,5.2103953
ATAD3A,8.276051,17.081251
PPP2R2C,4.267147,-4.305051
KRT6A,-7.8039446,-0.7548336
MNT,-9.043141,3.5358179
IRF3,-7.779536,-4.3902855
YKT6,-7.502834,8.435082
UQCRQ,3.5390205,15.7855215
PLA2G4E,5.5256586,0.46656606
CUL4A,9.29288,-4.923463
PTPRC,-9.155618,12.250931
CALHM2,2.2915528,9.482492
HDAC2,0.13428308,8.367576
FBLN1,-3.5289748,6.5492353
MYO1F,-8.874186,11.789718
PUM3,-0.7285697,-3.909219
CAPRIN1,5.2586403,13.771374
RAB5B,9.617837,-2.123719
VTA1,-5.125302,-9.907973
KCNK5,-11.631261,-5.6600404
PRPF39,-10.306441,4.5550537
SNW1,12.081769,-7.6765027
PRRC2C,15.661735,6.8046803
ATG5,7.1844983,11.969201
SOAT1,-2.0163703,1.7444143
BPTF,1.3027481,4.12687
IL20RB,4.27462,2.3393812
FAM149B1,2.937014,-11.790607
RNF43,4.039294,1.0347519
EIF3E,8.061674,10.581384
TAZ,-7.786956,-4.386201
IVD,-4.7439656,13.9240055
RENBP,1.6636056,11.975674
NCOA6,-13.048582,2.3533664
CKM,-13.437398,-6.34691
SLC30A9,7.2881136,10.26312
UBL5,3.8408217,15.188615
FOXN3,-3.9297264,-0.05028196
FLRT2,-1.9027644,-3.0309618
CD93,4.211167,4.657789
CCDC8,2.527347,-8.146983
MRPL3,-10.683179,6.775223
AWAT2,-2.6474276,2.5275424
HIP1R,-6.656537,5.785415
GCN1,10.133898,14.6795845
TPRN,4.5945783,-6.154056
ERCC8,7.2642837,12.123736
SEPT11,-1.7366166,1.5048621
LOR,7.4124026,2.982348
MX1,-2.2258675,8.631838
DENND4C,1.293041,4.0895076
FOLR2,-10.59322,10.976263
TCERG1,-10.255216,4.5849
RBM12B,-3.6282287,-4.109269
PPP1R9A,-0.59129435,-2.1430495
PSMD3,12.745506,1.4419405
ELF1,-4.435501,-8.088702
CXXC1,-7.99035,4.009332
PXN,-4.573418,10.163989
HPF1,7.1802363,11.92755
EDNRA,1.89146,-2.1322668
WIPI2,-6.7730594,5.5203424
TOMM5,-1.7253044,0.5600868
ALG10B,-0.68594193,4.7040067
SMCR8,-6.945727,10.680689
ZNF148,4.9414496,11.521379
N6AMT1,-4.0244083,-3.9598527
MICALL1,-11.112088,-3.1384397
ANAPC2,-8.085311,2.626136
DGKA,-5.6202583,-5.4912024
DYNC1H1,3.0212896,-6.6263165
YTHDF2,-3.8509338,-12.026013
OPA3,11.116648,13.677475
RAB5A,0.63520396,7.5346937
SMNDC1,15.569907,12.531107
BET1,7.556213,5.7406178
RNF167,8.437719,-0.4711623
FASTK,15.697685,-1.0454228
TSPAN4,1.663882,12.000709
PPP4R3B,-0.42983103,5.3438396
LY6D,5.4389973,0.56389004
LMOD1,2.6510942,0.11575788
ACO1,-1.9420774,1.7852108
POLD1,15.947683,-0.7344622
SF3A1,14.116523,8.718275
CERS6,-4.0120087,0.030484945
COL11A1,-7.143954,-1.5637908
ITGA5,-4.559584,9.990756
BRD3,-8.475735,6.758547
STAT3,8.110026,8.00926
JUNB,10.199983,5.183719
BIRC6,1.7267375,4.268655
EZR,10.328172,-2.4542468
ARHGEF12,1.4183196,4.6104608
KDM6A,-3.9773772,-0.025555786
KRR1,-1.6695696,10.1295395
RAB2A,5.173575,13.511725
MARCH7,-10.753628,-6.1532025
AGPAT3,-3.4752219,2.0261765
ATP10D,-6.3066835,-7.5200934
SYPL1,5.214722,13.596298
GLUL,-2.8378468,10.897977
MRC1,-10.70618,11.105026
SPOPL,-10.862383,-6.1212707
FAM13A,-3.2253659,11.484684
KDM4A,4.001289,1.0408975
CD53,-9.250864,11.852179
CDC73,7.935514,5.32785
ARHGEF5,7.456551,1.0936899
ZNF225,-2.3838358,-3.9968588
CCDC71L,6.218497,7.6017118
HNRNPC,12.049411,4.0208473
YPEL5,5.7923875,15.679442
TBC1D2,9.650162,-0.2270441
BZW1,9.603412,2.2227623
MON1A,16.230267,-0.2614217
MS4A6A,-10.581759,10.874402
PDZD2,-5.408825,-5.196932
TMEM203,8.365187,1.0635606
CAPN15,-7.8084464,7.962179
GYPC,2.887394,10.166948
GNE,0.7403784,-7.8333616
KRT31,-2.7576075,-1.2552431
SNRPA1,-1.1609128,9.747159
KCTD15,4.282118,-4.0256605
STT3A,1.8548516,10.0585575
KAT6A,15.706605,6.6112275
LGI3,17.364,4.2859507
SMPD3,-11.341242,4.873456
TYSND1,4.0787106,2.511295
CDC45,15.42193,-2.5755816
DOCK11,-3.877531,9.9505825
ADGRL3,-7.8207526,-1.2805891
AGO4,-6.069179,0.7835282
CNBP,15.680306,12.643852
CERCAM,-6.1197968,15.992893
ATMIN,-4.279194,12.151384
SLK,-1.4227159,9.973158
CNN1,-3.8148594,-1.8259321
NHSL2,1.3855923,-1.9338764
UBXN4,-1.6444421,10.11745
FREM1,-4.6506066,6.8151503
CALU,7.9202104,13.409739
SERPING1,-2.9237797,7.488261
PTRF,2.1544747,9.517219
APC,11.683331,-5.5384827
ATP5D,-1.0207527,-12.507709
MDH2,15.574202,3.9417732
RNF10,12.158214,0.0303976
RACK1,11.55854,8.372159
RIC8B,-11.563396,-0.9303456
SREK1,0.79134846,10.373212
SLC4A3,-6.770006,-1.6441813
ASH2L,-2.406271,-2.9850929
BMI1,6.7154183,9.1114435
CSAD,-8.434597,-4.1108007
GSDMA,-11.283074,4.835739
ZNF845,-3.1998649,-5.5097885
ZMYM6,-5.7180557,12.252248
NUS1,9.59839,2.2063942
RFXANK,-1.0140232,-12.510782
EIF2S1,-0.25128612,2.7901003
C1QBP,0.22920588,18.335802
PNPLA1,4.613364,2.0736475
LGALS1,8.037933,13.513254
PSME4,1.8616811,9.893079
LANCL1,4.795692,10.916941
DLC1,-9.902011,6.1753745
LRSAM1,4.326624,-4.982489
ARID4A,-0.6984525,10.7559185
ACVRL1,5.3891845,7.698344
CASQ2,-3.945312,-1.9213191
SUMO1,7.324501,8.994633
PES1,10.264917,14.194474
PGRMC1,9.597552,2.2019892
RNH1,8.6705475,-5.7348886
PIDD1,-7.5064692,3.4584486
RPL31,10.400468,9.129957
SPEF2,12.728648,2.3784852
RARG,4.790412,-6.2445297
ABI1,0.6340632,7.44386
KANK2,4.2534566,7.5524817
BSPRY,6.2862697,2.2642145
FARSB,10.010291,13.6729765
MAPK1,-5.936839,-7.464928
STRN,-0.25134233,12.067883
PAFAH1B3,0.040908806,18.612019
ELMOD2,-0.6157832,5.002522
RPL35A,10.50539,9.022995
SELENOT,7.2817893,8.990673
TBCK,2.3362684,-11.791004
SNX21,17.273052,4.745743
TYRO3,6.285482,2.259175
KRT1,4.966402,0.60357654
TXNIP,-3.0521607,11.305055
EHD2,2.1032116,9.476223
LAMA3,-8.1152525,1.5161002
TPRKB,7.506651,10.908498
JAM2,0.69011295,-1.7392392
COL6A2,-2.4575202,5.358057
EVI5L,6.990793,-2.037688
ARF6,5.892003,-8.910302
RNF40,14.11424,8.767099
TWF1,2.6691775,7.7109747
ZRANB2,-7.5047727,1.7053459
LAMA4,1.112563,-2.6352708
GJB3,7.628837,0.98544264
MAP3K7,-1.0990295,9.659096
RORA,10.042743,-3.0839972
MED13L,1.4345965,4.432829
FAM193B,-7.641247,3.144607
PRKCSH,14.59214,7.736723
CFD,-3.5459697,6.5326176
CREBBP,-8.462371,6.768376
TPCN1,-5.507499,10.26015
ARMC1,6.0770636,9.808214
LAMB4,-8.275352,1.3097966
GLIPR2,2.2824879,9.718717
TFCP2L1,-0.34927192,-2.261899
TINAGL1,3.255206,5.7949667
NBR1,-13.215777,7.564399
SLC25A25,-1.0382079,6.35192
ITPRIP,10.95816,5.8787746
RUVBL1,13.8146,3.4206977
WDR47,-5.9721045,-8.214833
COX5A,0.6937977,17.834997
ABCA6,-4.092462,9.84909
PPP2R3A,-6.5719833,-7.7198057
PER1,-2.9086375,12.160306
ZNF33A,1.9081193,20.203665
WDR3,-4.536067,4.0278163
ECSCR,3.7961633,5.129687
PSMB6,12.934927,1.4538765
TMEM54,10.02476,0.3661711
ZFYVE16,7.7746964,5.503336
MST1,-7.3754435,-4.299975
CENPT,-6.57936,5.8886957
NOC2L,10.3125925,14.133022
TNFRSF10B,-4.5923853,10.340233
PPAN,11.892915,12.451737
SYTL4,-4.900202,9.66495
AOC3,0.42759848,-0.42188355
DBP,3.7652287,1.1017579
KMT2C,1.4642739,4.4959307
EPS8L1,6.871654,2.843982
TNFRSF1B,-9.793293,6.0513415
MPZL3,4.465934,-1.8391716
TAB1,-5.393613,15.060164
AXIN1,-7.4903226,5.531441
DSC2,-3.7243116,-9.147053
ALOX12B,6.190406,2.4509528
ITK,-9.192236,12.3171015
TACSTD2,7.2648726,1.1882198
ZNF577,-5.8840694,-5.511537
YWHAE,12.055295,4.007692
DPAGT1,-13.982378,5.068632
MAP7D1,6.539608,-3.324127
FAM65A,8.208844,-10.454057
ANKRD13D,-7.8309894,3.916661
GGA1,-7.7597904,3.9183962
NDUFAB1,2.621573,15.406911
SEMA4F,-9.78229,-2.715171
STK11,5.816037,-2.9805672
GPR4,4.6359177,4.1920934
SSC5D,-2.658041,5.797274
PLSCR4,0.24155593,-0.73604184
VIM,-4.085622,18.016365
HCLS1,-10.87887,11.326199
SGPL1,6.686195,3.9490795
GRWD1,13.368257,3.8818328
FAM83B,5.63792,-8.606197
CWC15,7.438942,11.068688
NDUFB1,2.4527829,14.920813
SLC12A8,-7.8418927,-0.8914181
WNT7B,4.900376,0.31854147
MAD1L1,12.238865,-0.27270794
METTL4,7.057406,5.991335
PARM1,-6.8122163,-1.6280434
RAD23B,0.7966582,7.203786
BNC2,-7.131659,-1.5720568
PRKG1,-0.63303936,-1.0743998
SESN3,2.683278,-8.276863
RPS4X,11.413104,8.245349
DCUN1D1,-0.43979543,5.35345
BCS1L,-9.806831,1.0073006
IFITM2,-2.1548018,7.9315796
TPT1,8.018138,10.589314
SPINT2,8.663725,-0.44197583
TMEM86A,-11.331242,4.855695
TK1,15.266394,-2.9958186
SAMD1,8.653523,-5.7552476
BANF1,13.85465,3.4007251
PPL,4.1567626,-5.609051
GSPT1,1.9144503,9.839403
EIF4E,1.2796197,8.397634
PPP6R2,-8.470928,8.335024
ORAI1,4.8987336,1.6636264
TTI2,-2.2462862,-3.8049982
DAGLA,4.8881893,7.9220185
NVL,2.2974155,-11.798735
LSM4,0.111549705,18.53156
ATG3,-11.281678,8.392574
ACBD5,-1.205471,12.085247
TM4SF1,1.9641356,-8.381457
SESTD1,-4.0524282,9.859045
CLIC4,-0.66208667,-0.8215797
ABT1,-4.436028,12.420919
PSMB3,13.038464,1.5794755
TSSK3,1.8513708,10.083344
FAM110A,5.0753946,-1.8553777
HINT2,3.6414406,17.251186
CTNNA1,11.901389,4.2882547
SCFD2,-1.2370209,-6.5022793
IPO13,16.20811,-0.29981533
OSBPL8,-1.048471,12.04064
PDLIM2,6.462799,-3.0275633
A2M,0.97464454,-0.30788785
PTPN23,13.178307,0.23150289
SHPRH,1.8103318,4.1759067
PIK3CB,-6.0849276,-8.761745
VAPA,0.5866858,8.446933
TMEM50A,15.652268,12.615425
MCM3,15.334289,-2.0993807
GIGYF1,-7.960236,7.2777047
NRXN1,-3.0842075,15.819208
HIF3A,-4.9273796,9.556858
ALKBH1,-9.568689,-7.3028736
PSMF1,14.10725,8.648456
ADAT3,5.907705,-2.9683938
CNOT2,0.6929204,5.9517198
BTBD7,10.418625,15.096779
GNA12,4.8242865,7.986252
TRAPPC6A,-1.2941549,-12.68816
SURF4,2.5426428,12.122494
PDCD11,10.913185,13.781306
GJB5,9.666597,-1.8500333
CCT8,12.0554495,4.031138
ZNF230,-2.8454742,-5.2917123
CYTH4,-8.693094,11.686184
MRC2,-8.547481,-1.0545673
MEGF10,0.13778025,-9.66131
ZDHHC5,11.607115,0.11393089
ARGLU1,-7.5274286,1.7243646
NAMPT,7.973721,7.9327397
ATG4B,-2.8461854,-1.2741115
ERCC6,-6.3104115,-7.5222163
DHX8,9.592093,-7.7755394
AADACL3,-2.5908341,2.5977135
EXOSC3,-3.7579427,-4.049798
ALDOA,10.049575,13.088206
INTS3,-9.800787,-2.749505
STAU1,11.946039,4.3536234
NMD3,15.579805,12.541048
ZBTB1,2.892521,-11.773984
RECK,-2.6976423,6.0266285
MVK,-7.8752003,-2.6460664
KLHL21,-6.952132,10.696328
UBR5,1.2046071,8.510434
GALNT15,-2.9623797,9.689871
TTLL3,-8.459739,-4.1154547
ZNF345,-7.34327,1.5679501
HSPA13,6.9311857,8.887921
LETM1,10.1243,14.705875
ARHGEF2,1.3350532,0.5566423
TPI1,10.031151,13.084845
ZER1,14.2989855,6.412393
ADGRL4,3.9410188,4.60545
TPH1,6.469519,-6.207177
SHARPIN,-1.0218822,-12.508366
FLOT1,1.3278776,0.54937965
PDIA4,2.6973152,12.383363
LPAR1,-3.4493828,9.485784
FRMD4A,1.3118619,8.459105
BUB1B,13.990674,-3.9663517
KIF13B,-6.5937114,5.3797474
RELB,8.4609585,8.126322
CHD1,0.9598395,8.556522
UFL1,4.6090307,11.815954
BOD1L1,1.8220106,4.174659
ZNF512B,-7.9530983,7.29758
EFTUD2,10.286634,14.1492195
CDKN1A,11.310056,6.2016253
FBXW4,14.2147045,6.63003
CCDC120,-6.7937255,5.513582
GPR12,-11.687503,-5.597214
ATP6V0A4,-0.5901931,-9.978032
AAAS,7.8518786,-7.1654387
HELLS,15.331542,-2.219969
PSMB8,18.699583,2.7288597
COG6,5.7109513,9.612166
UNC45A,8.663178,-5.745143
PSMB9,18.69971,2.7284234
ARL5A,6.8533754,14.517144
SPAST,5.329668,11.239589
EIF3I,12.13955,3.8213496
SAMD9L,-2.0885491,8.750488
PDIA3,2.6953504,12.381468
ZBED8,-4.5446267,-3.7273612
RPL29,11.514455,7.8074045
MYC,10.9007225,5.817623
LRRC45,15.715511,-1.0276762
NCK1,-9.946436,-6.4659348
CNOT3,11.87936,8.899049
TBC1D8,-2.1151695,-10.092221
CDK4,2.774344,12.467279
LAMTOR4,3.372274,-3.706191
AP2A1,0.4290358,1.7989281
CFTR,-11.715128,-5.560052
EEFSEC,12.253907,-0.3131883
CTCF,11.552027,0.047836594
LRBA,-5.926463,-7.4286222
TTK,13.647075,-4.149969
RMND5A,-1.2966666,12.172215
TMEM30A,4.8572354,13.724046
ANP32E,5.5140038,13.452487
SERINC3,-13.21616,7.5645638
MRPL50,0.014042843,3.2640805
TMEM167A,2.1039307,7.5301948
MT1M,7.4205008,7.633926
NUDT16,-5.121832,9.877023
ABHD12B,7.521231,2.8999119
LDB2,0.61566997,-1.6438411
PPIL1,0.0846532,18.558502
RNPEPL1,-7.208674,5.583626
G6PD,-4.1986485,2.01851
MEGF9,-1.2313173,12.104087
SYNCRIP,-3.430425,4.2041287
HOMEZ,-1.6911737,-3.4285364
SPN,-9.734205,11.521015
THOC1,-10.252892,4.5502677
DDX51,9.687969,14.789132
BAG6,13.145355,0.2539361
PYCR1,0.0642981,18.58275
ZNF767P,7.99621,-7.3051147
NOSTRIN,-0.72565216,-1.896492
ZNF385A,9.83304,-2.3403974
ZNF277,5.931947,10.792191
KDM3B,-8.478603,6.752808
IFIT1,-2.1025286,8.742094
RBBP8NL,1.7896848,9.809992
EBP,-7.910925,-2.6483104
NAA30,-0.5403717,11.406221
FAM160B2,-8.069873,4.7846713
ZNF615,-2.846554,-5.3094816
IFT80,11.66002,6.286704
SMC3,-4.4096513,-8.061519
SPTY2D1,-4.1708193,12.022137
TIA1,7.652466,5.634222
POLQ,13.997082,-3.9601529
TSHZ3,-0.02297947,-1.0322121
SGK2,-3.0503333,1.7938625
IDH1,-2.9818635,1.696251
AAR2,9.6305895,-7.81613
SMIM3,-2.8237917,10.839374
SHC1,-4.597863,10.307468
WDR5,10.195959,14.796554
SPPL3,9.578684,-2.131126
MEF2D,-2.9093382,12.171541
GABRP,-11.689781,-5.594321
GRAMD1A,1.3421896,0.55343
CFL1,13.07502,1.6045688
CEACAM1,-0.5938922,-9.993171
TESPA1,-2.664448,19.667328
RAD52,2.4366999,-11.678347
PPRC1,-1.0174876,6.6410637
PIGT,8.2381,13.928129
ALS2CL,4.675578,-4.2039013
UCHL5,5.7302213,11.08715
S100A6,8.021255,13.504138
MAP4K1,-8.521977,11.95005
GNL3,7.720918,-7.04663
GID4,-9.645109,-7.2067056
GAN,6.692396,3.9531374
SLC20A1,-1.0358605,6.4087524
TMEM8A,1.3607899,0.58349675
POLR3B,-2.5983188,-2.8850648
PKMYT1,15.301873,-2.9498487
RAC1,5.600973,-8.573749
MAPKAPK3,6.2498503,2.2236419
ACTN2,-13.438335,-6.347486
PIK3R2,4.8662157,-6.2282047
CNOT1,2.9687524,-6.6514006
DIAPH1,9.900507,-2.4829426
N4BP2L1,-0.9661187,10.944389
WASL,3.8760865,19.637981
DZIP1L,-5.9612293,0.8274696
VAV3,-6.0907884,0.79214656
SCYL1,6.77496,-2.402796
PLCH2,5.037115,-3.9187136
NEGR1,0.22700891,-0.956521
PLEK2,9.773111,-1.6777945
ELOVL4,-5.2982984,-5.9564676
PSAP,8.2315445,13.923774
C1QTNF2,-4.442923,6.647059
CCDC92,3.4662335,5.888178
FAM69B,6.0951786,-9.134281
BRMS1,11.526367,3.183765
KIAA0907,-7.403301,1.6125462
KLK11,5.2130833,0.9388587
LCE2B,7.754912,3.1114209
UBXN7,-6.681797,8.525407
MSL3,0.20299907,-4.9229054
ATP13A3,1.8149092,9.77185
COL3A1,-2.407268,5.257672
LCK,-1.2052538,8.706484
SBDS,5.6285844,15.582113
PPCS,7.2770977,6.577312
HRAS,10.99674,2.6768563
BRPF1,-8.30334,7.1857457
MAFG,-9.080126,3.5582378
GLTSCR1L,-13.102768,2.3014934
FDPS,-7.8758063,-2.6134672
KANTR,-6.825385,1.245626
EXOC4,0.6898773,5.952595
FLT4,3.9864047,7.2242494
HUWE1,3.0543113,-6.6882524
CMTM7,1.9921994,-8.400427
CHUK,-3.460154,4.1871696
TMTC3,-9.405925,-6.215856
SERPINB5,10.344266,-2.4456189
KLF4,10.800545,5.6808157
COL7A1,-7.283415,-4.2957273
ERO1A,9.744046,12.9085
FBXL20,-5.458659,-5.172325
ZNF622,12.053812,-7.7041826
CIDEC,2.2112153,-0.9983772
KHSRP,15.499794,6.911648
ZMYND19,11.013413,2.6774263
ATG16L2,5.029179,-3.9168825
PTPN3,3.944902,-4.9224234
MAMDC4,7.9289246,-7.2361655
FCGRT,1.6674892,11.995788
TBC1D16,-5.1938004,9.928943
KIAA1524,15.74362,-2.674538
MS4A4A,-10.730612,11.156066
IFIT3,-2.1000218,8.7546625
FAM53B,-6.924357,10.751651
NFKB2,8.463126,8.128285
KRT71,-2.2653213,-1.2002399
SLC10A3,6.5157585,-2.8653975
ZBTB39,-7.338712,9.633264
SFN,11.211375,2.714705
RHBG,6.8589053,2.838538
RINT1,9.290739,-4.922069
PARVG,-8.630185,11.942238
HIST1H2BD,-6.656667,13.166003
RHEB,-11.240626,8.350193
MTFR1,1.2797897,8.393196
MBD1,-8.403066,3.698071
STARD3NL,4.1279597,-5.6442356
RGMB,-5.567951,0.44702142
SDC2,-1.0691079,-0.9301232
SLC12A9,4.410629,-3.7053478
F2RL1,5.6166077,-8.589007
ATAD2B,-9.765749,-7.0330744
CCDC97,10.699429,-4.753292
FAF2,10.208984,-3.350531
ARHGDIA,11.752445,6.297181
TMED5,9.603471,2.2206879
RECQL5,2.9963737,-4.812401
TACC2,-3.7645407,-0.039807647
MTPAP,-3.7998881,4.459148
GIPC1,10.009586,0.39141095
UBQLN1,0.8874615,7.27417
PRKAR1A,5.6249776,13.408625
HSD17B11,-4.0592175,9.809581
NDUFB11,3.2102904,16.559212
KANK3,3.9997938,7.236881
ZNF891,-9.151569,-2.910358
AP1G2,-7.36723,-4.32976
EVA1C,10.979425,5.9185295
ZNF527,3.099625,-10.753373
LYPD3,10.331162,-2.4378407
POLD2,16.41281,0.31878474
STRN4,6.77284,-2.408381
CPA3,-2.664683,19.667562
NDN,0.5827289,-3.126427
SLC27A4,-11.1154175,-3.1393087
AMT,-8.447715,-4.1148796
DGCR6L,-1.2532786,-12.660541
IRS2,-2.8979657,12.067865
BACH1,-5.1645026,-8.394944
HNRNPAB,13.078527,3.4919806
ANXA5,7.92762,13.416621
CD163,-10.865354,11.314629
TRADD,-3.7018082,-7.396891
SEC61A1,2.6091588,12.262347
ERI2,2.9075553,-11.761943
CCDC14,-11.173431,-1.6380596
DCAF8,2.3805532,-6.5060563
RABAC1,12.217306,1.141526
DNAJA2,0.6940708,7.452149
WIPF1,2.3381546,9.417786
PSMD7,0.9832367,7.393986
CELSR2,10.681311,-0.07997445
MORC3,-10.696399,-6.167464
GFPT2,5.898416,7.6315985
CCSAP,-5.1928844,-5.9821844
WDR82,15.687361,6.8205323
KRT86,-2.2255635,-1.1548522
ZC3H7B,-7.1135488,8.712407
TXNDC17,2.590234,15.385451
TIPRL,-13.648851,3.355657
UBL7,0.4180592,1.809212
REM2,1.9012213,10.336693
NACC1,6.9976006,-2.026228
COL5A1,-2.407479,5.253273
BZW2,-4.442539,4.011915
PSMA3,2.1914153,15.127545
GRIK3,5.5533156,4.807724
AHSA1,-13.974492,5.0678706
UBE4B,6.697079,3.9741783
PANX1,-0.9890241,6.8896747
GALK2,2.3653882,-11.769581
CCNL1,5.7355986,15.622994
KPNA6,12.130138,0.11288149
PSMD14,1.3773987,7.885676
RAB6A,0.22866423,8.283905
EPCAM,-1.0864036,-9.239258
ZNF862,-7.789107,-4.369405
COA7,-1.0741826,6.85218
UBA2,5.0919647,15.303518
EPHA2,11.370882,6.249304
HECTD1,10.105016,-3.078705
AGGF1,5.795844,9.667837
SIRT1,-1.7635584,10.288338
ATP2A3,-0.31405976,-8.859272
NDOR1,-8.372243,8.280056
DCST2,-7.403852,-4.2717385
SGCB,-0.5303298,0.4412409
FXR1,-10.690744,-6.1700754
KIF20A,14.309139,-3.8363218
SIKE1,-0.4485905,5.342291
DPM1,-11.276917,8.384889
RPL19,11.067702,8.388907
MEGF8,0.8086793,6.3397593
TNFRSF1A,-1.3280731,-3.33023
ZNF84,-1.6414406,15.277702
PAICS,-4.4930263,4.018078
MALT1,-0.2195427,12.1000805
SPDEF,-0.34458044,-9.568783
TSR1,-4.002886,4.0786276
FLT1,4.5650783,4.2257576
COL4A2,0.7060476,-0.41173247
IPO7,-0.18132026,2.885909
EPHB6,4.0285015,-5.2228193
SCAF11,4.223103,14.805063
COPE,3.6391137,16.94977
NDUFB6,2.247493,15.139901
SNRPG,2.365928,15.029012
RNF138,1.7164226,8.632478
DCUN1D5,-10.668392,6.724871
FBXO28,-5.264433,-9.310773
ZNF423,-4.461188,6.658348
DNM2,6.5451007,-3.2146447
AKR1A1,-4.0595937,2.1414561
DLG2,4.2135267,2.387069
PUS7L,-1.5661865,15.26148
ATP5G2,3.1959298,16.562098
TOMM6,3.7154298,15.290234
MAGED1,-8.520387,-1.0661335
QRICH1,10.202184,-3.3721707
ATF7,-13.205453,2.2008789
SPATA2L,-9.040463,3.5279202
PPP1R14B,10.029305,0.3962493
KLHDC10,10.40817,15.082728
ATG4C,7.0211234,5.9630656
UBA52,11.764657,7.259446
RGS16,5.003024,4.0720143
PAIP2B,-5.694572,0.6221135
MKRN1,-13.215796,7.5644245
LGALSL,-5.177266,-6.031479
ARHGEF4,3.1232414,-4.744401
LHX2,-7.735147,-1.399886
ZNF777,15.439824,6.842694
RPL4,11.386657,8.211573
KDM3A,0.9946772,5.3760195
GPR107,-6.9473734,10.69283
ADAMTS2,-2.8368037,6.7356033
HIF1AN,10.307899,14.9664755
CASD1,-0.47342005,0.49465504
OGG1,-9.806895,-2.7326374
SSNA1,8.673159,-0.06982842
RHBDL2,4.278382,0.92849314
TYK2,-8.657244,8.40414
SIPA1,4.674683,10.784426
LMAN2,16.46678,0.13817248
TNFSF12,4.2813816,8.230317
NCAPG,13.994706,-3.9621317
ZNF521,1.3834014,-1.9224646
GPC2,-7.278476,-4.3195868
MIER1,2.3522558,8.203641
AIP,4.622487,10.731389
SLC39A1,9.73497,-0.32702324
ROMO1,3.6933982,16.7899
TTC37,-0.7136669,10.738656
GJB2,-3.700638,-9.151082
IRF2,-13.261236,2.1452527
AP1M2,8.3999605,-0.4832609
FNBP1L,-0.42841783,-10.455057
COQ10B,5.2779856,15.423243
WDTC1,14.30783,6.3885365
ZC3H15,0.69166976,7.31724
RNF6,2.6719573,7.7053037
KLC3,4.8647385,1.6827592
AGPAT1,-1.9252937,1.8066632
PRELID3B,2.0524857,8.286775
CLDN1,-4.045324,0.05891151
ALG8,1.8581356,10.043892
FAM26E,-4.7480125,13.918009
RERE,4.3633657,4.747685
SUZ12,2.375609,8.193484
PPIL4,4.1607294,14.78227
CLN8,-6.676573,5.804287
ITGA3,8.94327,8.748365
EEF1G,11.5385275,8.355886
TEAD3,7.4602838,1.104555
YIF1B,0.05939954,18.587818
TIMM17A,-1.7104291,0.5439906
NDUFB7,3.7537222,16.702646
NF2,-7.5670114,8.780688
SERF2,11.991294,1.270101
TGFB1I1,3.6547122,8.769223
SLC2A3,4.97501,4.082462
SAFB,12.858954,6.14847
MBD3,-8.139691,8.196325
KLK8,5.416045,0.59119105
MARC1,2.2473054,-1.0100938
ZNF829,-3.2327173,-5.5249743
OAS2,-2.2507813,8.698486
SYDE1,3.680556,8.723177
GUCY1A3,1.14935,-1.3610617
MAGT1,4.7304873,14.171089
ASPM,14.343715,-3.8037448
COL6A1,-2.4478822,5.306652
NXT1,-1.0250379,6.635166
ORC5,-2.8749607,-4.289048
S100A9,5.751773,2.765974
SPTLC3,-4.9582896,-5.305717
LCE1C,7.942364,3.204127
COX6B1,3.2920976,16.498823
ZNF253,-2.4317997,-4.031365
EXD2,-1.8999882,-3.0199606
IRF6,9.684901,-1.9923872
INSR,-3.225743,11.479873
SETD4,7.9706306,-7.279318
RNF146,0.16101372,11.011457
FBXL7,2.2672586,9.488156
EMCN,0.7175152,-1.752172
DTYMK,15.861739,-0.87314224
NGDN,12.092996,-7.6652446
C1QB,-10.720106,11.19752
ZFAND5,-2.852233,10.950622
ARL2,12.213721,1.1462444
TRIM33,-0.3667845,10.327164
IFRD2,13.676241,11.002303
NMU,4.882281,0.2585146
RSBN1,0.9254438,5.5855627
PSKH1,-7.592998,8.805548
IQSEC1,-5.2454667,9.950502
SKIV2L2,5.298755,13.779245
SMARCAL1,-2.3015409,-3.0599837
CNOT7,2.6723325,7.7028155
SHISA5,-2.6889982,8.2278385
FGF22,-11.041738,4.7142563
ZW10,-5.302677,-9.292214
PAK6,4.275077,-4.330452
SCN7A,-3.0852559,15.82055
ELOVL3,-2.6075962,2.6144414
FBXW7,-5.62043,0.4105182
SET,-4.0899477,3.8853848
ICA1L,-13.982249,5.069302
RGL2,7.890668,-7.197937
FBXO34,-4.6524887,-8.313889
CSF1R,-9.7006035,11.530577
FLG,7.3691835,2.9932678
MCUR1,-6.0322123,-7.5712013
GFRA3,1.915631,-2.1316748
CDK10,-9.814765,1.0067943
REXO4,-0.91509676,-6.635294
ARHGEF11,-8.2192335,7.586973
NAPA,12.626717,0.70541215
PEF1,9.15355,-1.2759403
TNN,-7.77592,-1.324771
MVP,-2.7103844,8.246637
SORBS3,3.6090052,8.7421665
PTGES2,4.212557,16.827538
ORAI2,4.858644,7.9508004
MSMO1,-7.9761214,-2.7160792
DSP,5.6595063,-8.624669
LCE1A,7.881317,3.18596
TMEM63B,8.8218155,-1.6828475
BEST2,-8.050194,1.5272348
ZNF317,10.214952,-3.3734603
PCM1,3.844711,19.6704
GDPD2,4.945003,0.42879608
HS3ST6,4.8693767,1.6587139
NEO1,-3.9506285,-0.03810218
S100A8,5.752275,2.7699716
LSM14A,1.2052462,5.113724
GATAD2A,11.879535,0.18619734
CCDC50,-0.866868,-6.39881
ATG12,6.9668703,10.524225
HIST1H2BG,-6.655931,13.16538
AHSA2,-11.172145,-1.6438546
SDCBP,-3.875113,10.147334
KMT5B,-4.297775,-8.674351
RUNX3,-11.959883,-5.33538
AFAP1L1,-3.8377874,10.1153145
LIAS,-1.7500677,15.201969
SEMA3D,0.36479825,-3.2978816
CPSF2,-5.122122,-9.806579
ACTR3,-5.1287484,-9.578277
RASSF7,4.3177643,-4.963632
CA14,17.412807,4.182524
OSBPL11,-1.0997759,11.934081
SH2B3,5.0416503,7.8149285
NECTIN4,7.2363844,1.2106841
POLR3H,11.065109,13.692284
RAB21,0.8212547,5.826757
ELOC,-11.255515,8.363143
BROX,-0.6557782,10.8547
SAMHD1,-2.020807,10.170374
MUS81,7.8458357,-7.160414
PUS1,11.887641,12.444602
FERMT3,-8.675381,11.688085
TNFRSF18,4.232657,-4.084118
UBN1,-6.8776526,8.203045
SH3BGRL2,-0.42124757,-2.2503288
DNAJC19,7.480411,10.995405
DNMBP,-5.240708,0.45427194
PLEKHM1,-6.6119113,5.4035573
SOX6,4.8913503,0.24771708
DGCR14,11.5513315,3.1771047
PTK6,9.611811,-0.22003101
CSNK1G2,-8.474402,3.142938
MYSM1,0.88535017,10.180022
GTF2H1,-4.39928,16.83759
COX6C,2.3867068,15.023621
ADRB2,10.888342,5.798442
ANKLE2,12.124881,-7.6333914
ENOPH1,6.1183095,10.217093
VSIG8,-2.7562032,-1.2773755
PYCARD,9.039032,-0.5262471
PIK3C2A,1.51188,8.602737
KRT32,-2.1951697,-1.149215
RAB18,5.6680703,11.770893
UBE2K,0.3994113,7.837516
KLHL41,-13.439444,-6.3483377
ACAD10,2.9752185,-4.820628
ACTN1,1.9873377,-8.432716
ZBTB41,4.884603,11.571228
CSNK1G3,7.8598547,5.40559
SART3,12.876323,6.1493125
DSG2,-0.43950823,-10.416554
HIPK1,-3.8497343,-0.1579898
HAUS3,-5.7160344,12.250315
EIF1,5.7414474,15.622451
HOXC13,-2.7322054,-1.2556853
CCDC12,7.116363,-4.0487976
ERBB2,6.2475004,2.2233624
AASDH,-4.298217,-8.670303
PSMB7,13.071923,1.2044122
SLC22A15,2.3113978,-11.792741
PPIB,2.753654,12.44377
LENG8,-7.759254,2.9803207
LCE1F,7.890285,3.1804335
HSD17B2,-7.812376,-0.8057235
EDC4,-7.377608,7.260612
KLHL9,-3.2373106,-4.3522
CALD1,-0.66025597,-0.84139806
RIOK1,-3.8694808,4.199389
EIF4A1,5.981982,-0.052438222
PARG,-5.3046412,-9.290365
COX11,7.258966,10.29377
STARD8,3.990839,7.2276964
ESRRG,-11.462689,-5.942115
COL8A2,-8.57546,-1.0266472
SNX12,15.614037,3.9035873
RBM25,0.861761,10.463785
CHMP2B,5.2089076,15.366543
HLF,3.7102265,1.1054286
HGS,13.162084,0.23901151
LYSMD3,6.70642,10.002456
TMX1,6.8011246,10.153696
CRISPLD2,7.4107203,7.6112766
PITPNC1,4.5876265,4.215954
EAPP,-0.33854204,11.241623
PERM1,3.7997737,-4.638392
MYH9,11.750776,4.4841385
TSNAX,5.7558727,10.951222
MRPL51,4.032565,14.985395
GPX8,0.670636,-3.139968
APBB3,-9.468938,3.9267874
USB1,2.57105,12.207185
EIF3K,3.1916177,16.561176
IKZF2,-5.8933825,0.6922384
HIST2H2BF,-6.6576934,13.153105
CMPK1,6.703395,9.453616
ZNF787,12.092552,6.6233735
ZMAT1,12.736563,2.343542
APPL2,-8.5319,1.0565168
TWISTNB,6.363528,18.783262
PCED1A,2.746104,6.184284
CCNL2,-7.7782736,2.9572887
CDS1,-1.3039856,12.1766815
EIF3M,8.126732,10.561056
SEMA6A,-1.0592115,-1.3108916
S100A7,5.7568793,2.746224
PPP1CB,6.6970997,9.388192
THUMPD2,-10.26283,4.5855985
ATG101,12.253025,0.37406406
CERS2,-9.994232,6.1988244
PABPC1L,7.9484887,-7.255599
CLPX,0.8831363,7.251159
PDPK1,10.318136,14.975403
ANK2,2.3041146,9.749357
PLAC9,-4.308021,6.5403476
UBE4A,2.8003235,-6.5473967
ARPC4,14.04197,8.291689
TIAL1,-10.296155,4.5452733
ATG9A,-7.423951,5.5996733
MVB12A,8.670753,-5.734633
SUPT6H,-7.1890826,7.176647
BIRC5,14.979427,-3.3253906
PPP1R14A,2.2042308,-0.003981718
NT5DC1,5.7267237,9.622722
NBEAL2,-7.7376056,5.4169683
LST1,-9.732427,11.524075
SEMA3F,4.85895,-6.227996
ARMCX3,1.1063927,-1.428531
QTRT2,4.344704,14.392721
NDUFA1,3.2994256,15.592108
INTS9,-1.0645814,-6.516585
GTF3C4,9.577445,-7.7578254
LRRC32,-9.771662,6.0289946
PPP1R15B,5.819169,15.689391
PRMT1,12.127634,3.5763662
RLF,0.9770859,5.4104834
CHMP2A,13.095139,1.1917696
DNAH1,6.1050076,-9.146181
OTUB2,-10.929367,4.633837
ZNF142,-8.21467,7.575921
ELOVL7,4.431384,-1.8410343
FZD7,1.9865162,-8.156559
PARVA,0.46159303,-1.4898345
ESPN,4.2423277,-4.0841637
DDX28,-4.458241,12.459903
ZNF185,10.484471,0.28840315
TMEM109,14.661012,7.782144
SRPRA,2.5378315,12.114378
VEGFA,9.731759,12.900737
PHB2,11.612381,8.395571
EPB41L1,2.5282655,-8.13106
CCNYL1,3.6877592,2.88804
NHLRC2,-6.703982,1.1718495
KPNA2,2.4828615,12.128916
CASZ1,6.488659,3.7557514
ACSS2,-7.8814635,-2.63367
JADE2,-5.58626,10.31723
TKFC,-1.2950451,-12.689301
TLCD1,-7.871348,-2.6528733
ALDH6A1,-4.9460754,9.37324
PDIA6,2.6821184,12.370899
TCOF1,13.377056,3.9369903
FANCI,9.511516,6.264578
NDUFS8,3.8760533,16.640253
MBOAT7,8.657823,-5.7518373
BTF3L4,0.36117268,7.823845
ARCN1,11.953915,4.330746
TSPO,8.813249,0.12376553
PPWD1,-5.7247834,12.259573
PUS7,-0.70012075,-3.9466283
TPRG1,4.389388,-1.7946544
CD151,8.041529,13.512404
NRSN2,-2.045588,7.869149
NSG1,4.2709336,-4.2972364
TRIB1,10.222918,5.2012086
SF3B2,11.782179,6.309291
GJB6,-3.728532,-9.141345
RPL38,10.97734,8.494132
NAA50,0.51310086,8.390067
EOGT,3.834233,2.7455614
NDUFA5,7.2683735,10.308644
RRM2,15.321655,-2.9311438
MPST,11.7704525,8.742783
GMEB2,-7.3144407,7.7667117
PQLC3,0.6764988,-3.1471345
OAF,1.1768882,-2.7692711
HSPE1,2.5915825,15.4286375
CCDC59,5.3131046,15.436695
RPL11,10.550074,8.975103
CUEDC2,12.215532,1.1382406
TIMM8B,3.5765831,15.346797
ZSWIM3,-1.6314933,-3.4661763
LYPLAL1,4.140685,12.330048
FZD5,1.9792521,-8.45297
PLLP,3.8116028,-4.2056675
EI24,0.28227097,18.21775
TRPV2,8.057461,13.715098
ATP6V0A2,1.854979,10.16893
PDE2A,4.2458825,4.682435
MRVI1,2.2420971,0.036896016
PRSS8,5.1148467,-1.8574389
STK39,-1.0818126,-9.229785
ZDHHC16,-9.803586,-2.7434506
RBM4B,-9.179239,-2.8874326
NAT9,-8.016853,3.075141
LDOC1L,4.838922,7.979067
SYNM,-3.838273,-1.8483585
MTF1,-7.403543,8.976415
ZZEF1,-7.6844625,7.073846
XRCC6,12.221989,3.638569
TERF2IP,0.8998685,5.5699997
MTERF3,6.118658,10.149547
GGT6,5.3161235,1.5449828
SEPT6,-4.743769,13.924076
MAP2K3,6.5454607,-3.3351443
IGSF9,1.6903577,9.760086
EIF3H,8.090196,10.570824
ABCF3,11.584995,3.1828547
FASTKD2,-0.3114923,2.72612
API5,-5.1249437,-9.898856
DENND2D,-1.9985297,-3.1827834
CYP2R1,-7.026992,1.367725
CCDC191,-0.7268056,4.5328803
PPP1R16A,13.538061,11.852153
SRPK1,4.4266715,-1.8375419
CLDN10,-0.4763645,-8.770436
DGKZ,0.80735046,6.3423157
UBXN11,-8.789023,8.48996
MAP1A,2.3719494,9.48678
ZNF204P,4.2389765,12.210946
STK32A,0.29800197,-8.488922
ROCK2,-0.6714617,-5.9926047
RBL1,15.322809,-2.4959333
GRHL2,4.138838,0.7454103
FASTKD1,7.2656384,12.139891
NEXN,2.6702023,0.11898084
GSTZ1,3.6465216,17.262506
NIFK,-0.20519787,2.8700597
RAB35,9.857481,-2.4604115
MIB2,-3.751656,-7.3591957
CAMTA2,-7.516025,5.485823
ZNF202,3.0187204,-10.836831
ARID1B,-5.222353,0.4595292
RSL1D1,8.173423,10.57267
RAB7B,9.708269,7.469159
TGFBR3,-3.5320134,9.405143
PPP2R1B,-2.0138233,-1.0099167
VEZT,-10.932736,-6.0981016
DHRS12,6.464187,-6.2007995
KDM2A,9.57879,-7.7595534
CNOT10,-2.5223718,-2.9214635
ZNF397,-1.6372621,15.275931
FMNL3,3.4403515,5.9741077
ATP6V0C,12.576341,0.6165224
ROBO4,3.687389,5.2920327
VWF,4.1705327,4.721412
PPIG,4.1899185,14.810465
MYH7,-13.437798,-6.3468537
SAMD8,0.13636658,3.0259204
JAK2,-0.7095349,10.737922
PSMA1,1.2669742,7.742212
POLE,-8.627916,8.412833
KLHL24,0.06622184,11.014122
DOHH,8.261117,17.067623
SGMS1,-5.135469,-9.539294
CLIC3,17.238388,4.816248
FAM168B,-7.3681364,9.526433
IFI16,8.134287,8.021907
MIA3,11.686523,-5.541992
DENND3,-2.827968,10.851932
DLD,1.8153007,14.852753
ATF6,15.8383255,6.505958
LGR5,-6.9237833,-1.6348498
WDR27,-11.435343,-1.0489599
CSK,-11.11096,-3.137906
PPARGC1A,-11.466837,-5.9455314
JMJD1C,0.9804598,8.540378
SERPINF1,-2.915075,7.490737
DUOX1,3.8820088,-4.7355294
TSEN54,-3.7562237,-7.3565817
IL6,4.995575,4.0769157
SPAG9,1.0634849,8.567551
MDH1,0.60976696,17.87963
ALOX12,8.190845,0.853248
POLR2H,7.7788835,-7.0978065
COQ3,7.3027234,12.187117
CBLB,-3.0363696,9.656175
PDZK1,-2.7848794,2.0402267
HSD17B8,-1.3143418,-12.702153
GCC1,-4.457891,12.460083
ALX4,2.0362787,-8.129401
EPSTI1,-2.2210798,8.462721
TUFT1,-4.986396,0.36263934
SLFN11,0.5354742,-1.554791
RARRES3,-2.21712,8.3209505
ZNF137P,-4.590758,-3.6971896
MAK16,-3.5387168,4.1555862
FANCA,15.358815,-2.300269
TBX2,3.2571058,5.791747
P4HA1,9.756058,12.926247
PSME1,18.699673,2.7288713
CLTC,5.255728,13.784315
KDM5C,-7.8210855,5.353732
PSORS1C2,-10.943916,4.6086044
WDR75,-10.288043,4.595786
HKR1,8.019971,-7.3264704
ANKRD52,-7.9458275,7.242189
LOX,-3.0316489,6.809526
SPOCK2,-9.188142,12.302814
KDM4C,-5.952098,-8.284373
IL37,7.6324267,3.041975
MXRA8,2.5608969,9.5603075
EIF1AD,-4.384936,12.329485
MARCKSL1,-6.6147394,-1.5759096
ANKRD17,-13.02478,2.3757353
ROBO3,2.928475,6.1052747
MRS2,-7.0364146,1.3737873
CCDC126,5.3696685,11.206584
PSMA6,1.9974346,15.107115
GNS,-9.982072,6.185409
CDHR1,4.9757404,0.69644594
EIF2S2,-0.021418646,3.0174134
QTRT1,-8.053106,3.033243
SLC25A35,7.576277,-9.239534
GINS1,15.352821,-2.4875844
HCK,-9.636418,11.573992
ZNF518A,-11.516687,-0.97565264
SESN1,-3.0246098,11.247103
DHX38,-7.2008815,7.173755
ADGRD1,5.7319756,7.6543574
SOX9,-0.61596584,-9.967975
PCDHGC3,14.08855,8.863821
KLRA1P,-0.7252382,4.533658
ATP10B,5.218524,1.1008085
MYL12B,1.9574884,15.106311
DCLK1,-3.072793,9.610959
DTX3L,-8.962696,-8.530226
KIF4A,14.71585,-3.5358145
KLHL7,-1.1266581,11.857356
EIF2B3,0.045036864,18.601065
CRTC2,14.025724,7.0836
SC5D,9.572893,2.175092
CCDC28A,0.10894001,11.010778
ULK1,-6.733402,5.617984
ALDH3A2,4.1609354,0.7614427
SPRR2A,5.7831388,2.7393157
GDPD5,3.345729,5.85929
TBC1D22B,8.925909,-1.6552833
HSPA4,-4.138664,3.8348584
APEH,16.37286,0.2643852
BCAN,17.361681,4.292853
RPL13A,11.298193,8.153093
CCDC22,8.670457,-5.736975
ABL1,7.369735,7.661211
BCAR1,1.3073851,0.57522416
ZDHHC17,-0.42153394,0.54033166
UBE2L6,18.699553,2.7288904
FBXL15,12.108315,6.6153483
EEF2K,-6.0208144,0.78772706
CAPN10,-7.8901353,3.7388768
PLIN4,2.2424335,-1.0113168
VAV1,-8.803723,11.7527
PFN2,-1.2531519,-0.9357864
EIF4B,8.199802,10.573699
SOGA1,-8.231014,7.5901423
STK10,7.942207,3.2013197
PRPF31,2.3374524,-11.784863
MRPL37,15.610909,3.9076478
TXLNA,11.162487,13.646983
SDR16C5,4.5611167,-1.7200311
ZWILCH,15.747992,-2.6752174
PCMTD1,6.891263,6.2348075
CRISPLD1,0.18176587,-9.692696
DCD,-0.50173146,-8.733789
RSRC2,4.148036,14.7728615
NXPH4,10.101822,13.056517
ATM,2.9338295,-11.799517
MTERF1,3.0748906,-10.776441
CPSF6,-7.5083256,1.7098849
TMEM160,5.7890296,-2.99732
MED15,14.102558,7.155666
AADACL2,-5.30079,-5.9306703
GOT1,-0.9599979,-10.285934
PRTFDC1,0.4443717,-3.1807537
TNS4,10.981492,5.92155
LZTS2,-7.5825334,2.7963252
ZC3H13,-13.047269,2.3528154
OSGEPL1,-9.150084,-2.9430661
STX11,11.375413,6.243042
FERMT1,4.1326566,0.74597925
KHNYN,-7.3302913,9.673293
DNER,-0.5455896,-10.081707
TESC,0.83482593,-7.958607
ATP6V1F,12.244781,7.0863004
PID1,-3.4376712,9.491037
STX10,-7.8174357,3.9048936
STT3B,4.56609,14.74482
ZNF224,-5.720247,12.257566
RCAN2,-0.80178314,-2.0144072
TMPRSS11E,-7.783617,-1.1210507
GAREM1,-4.0738707,0.07629129
COQ8A,14.293342,6.4210367
HADH,-2.9611762,1.6258655
TBX18,1.5234545,-2.2298753
KRT85,-2.2323647,-1.1694423
CLPTM1,12.626243,0.60087013
GNG2,1.1857227,-1.7585475
ERMARD,0.2035815,-4.9226027
MAP1LC3B,5.7931404,15.675807
SLC35A3,-0.595571,5.04558
HSD17B10,8.798008,0.15017648
OCIAD1,7.302412,10.268125
LRRC37A2,2.0626707,9.653849
SPCS1,-1.4477146,-3.4098501
ZNF587B,4.342367,4.332796
KIAA0232,-7.6471567,1.7987834
PPP4R3A,-10.235849,4.545756
GAS1RR,1.8710706,10.049321
PRDM5,-2.8357341,-0.34729716
ROPN1B,0.2920002,-8.489564
CDC42BPB,-8.045517,7.058865
PSMB4,13.100326,1.1874249
LCE6A,7.894356,3.1859305
KIAA2026,-6.3052425,-7.5362687
RNF170,4.1556444,12.316847
ZBTB45,12.198493,-0.20078303
CLASRP,-7.6123977,3.2263548
TSPAN7,4.2906976,4.373313
PPP1R11,15.616137,3.902667
AP2M1,14.657364,7.777957
LYPD5,-11.358397,4.8761287
NOL11,4.3441586,14.413726
COA3,13.89045,3.3841438
ARHGEF28,1.2800033,4.049178
GBA2,-8.386964,-4.080576
CDC34,5.1267323,-1.8587967
TTC39C,-2.898708,-0.28359511
TNFRSF19,-5.606667,0.41085407
ZNF613,3.0193818,-10.837495
CHDH,-1.150703,-9.217074
MYEF2,-0.67987525,-2.0943258
UPF1,12.863079,6.149621
HIGD1A,2.1673973,7.8812227
SOCS5,6.70789,9.0471115
NSD1,-6.8239236,8.49668
SHOC2,3.798075,19.716728
ZNF512,-3.8910317,-0.121788144
SLC39A10,-2.056695,-0.9926306
OLFML2A,-4.482108,6.66269
WWC2,-0.67779297,-6.013469
NECTIN2,12.265317,0.37525013
DLX3,-10.911808,4.6322246
MXI1,1.0203654,5.34351
PYM1,9.06192,-0.5135305
TRIM69,-2.0007606,-3.1696136
MRPL17,12.101827,3.5626063
FAM175B,-5.1784596,-8.419642
VKORC1,2.7858813,12.474026
PSMA4,2.050863,15.116541
KLF6,10.856775,5.7760844
PPP1R13L,4.878102,1.6650176
SMG1,10.353736,-3.5162828
LMNB2,15.87483,-0.8631565
SPRY4,0.75442994,-7.8469872
PRRC2A,7.075028,-1.9316437
CIR1,-0.33039346,11.228193
IL17D,-2.6782181,5.85074
SELPLG,-9.471522,11.661318
KRT28,-2.2607107,-1.1881295
SNRPF,-1.8017275,0.39861077
ELOVL1,5.3564262,1.5801343
SMARCA5,7.8882627,5.3779106
ANKIB1,-0.70922554,10.72688
CD300LG,0.48069096,-0.38366497
FGF1,1.9883726,-8.156845
SPAG1,7.56987,2.827073
VDAC2,12.055471,4.0593414
POLK,-0.40679193,0.5233144
DNASE1L2,-10.918432,4.629385
VARS,10.478086,14.064785
ZNF398,11.549042,0.046219803
NAB1,-6.834967,-7.760775
CAPZA1,0.33220014,7.7967243
RPL37A,11.018969,8.449186
TRAPPC10,-6.872349,8.523235
CFLAR,9.709979,7.4655666
CTSL,2.9150717,10.1588125
YPEL3,14.33661,6.356516
TRAPPC1,8.890289,0.25092033
ABCB8,15.706867,-1.0389266
SIGLEC1,-10.590045,10.945495
ATP5J,3.1895115,15.793483
SPECC1,-1.5771575,-0.91940016
SELENOK,-11.23179,8.341479
LIPE,2.2965152,-1.0570989
TMEM42,3.557604,3.0108304
PQLC1,-9.148602,3.6015162
PPP1R3E,8.025552,-7.333703
RRAS,2.1134725,9.419577
PBK,13.596272,-4.195603
MVD,-7.892728,-2.6287682
PHKB,6.967571,-3.8930502
ZBED4,-7.3805356,8.953571
HN1,8.83318,0.18569991
SYNPO2,2.6491597,0.11634546
ZNF793,-1.6536561,15.240011
MTCH2,0.36349052,18.146496
DSTYK,-6.771947,8.495613
CYC1,8.282278,17.065722
WDR89,-3.1363149,-4.286263
HEIH,3.6050222,2.9722364
SIN3A,15.686322,6.6195216
RPS3A,10.346864,9.184158
GAK,13.18919,0.22395168
RYBP,0.835935,8.553545
SAV1,-0.67101085,-5.9919515
GTF2F2,6.850664,14.5154915
AP1B1,-11.115293,-3.1393776
KDM4B,-6.8236194,5.705838
PSMC2,1.084416,7.521962
ADGRL2,2.8334594,-8.365988
ZMYM2,4.5571785,11.865323
EHD1,6.5413675,-3.3227184
RPL27,10.935336,8.538638
PRPF4B,-1.1109622,9.666673
PTN,-4.7596054,13.896036
UHRF1,15.35481,-2.9088864
SOSTDC1,2.6731508,-8.267351
LDLRAD4,-0.77804023,-2.015156
SNX4,7.281637,10.293553
MAPK13,4.586053,2.0863545
KATNBL1,7.2065163,6.4967937
FOXO4,14.336979,6.357869
UQCRH,2.9232607,15.527026
ZNF766,-2.8307319,-5.293596
KIRREL,4.9234104,7.878186
GRN,-3.9632049,-1.1855145
NFIX,14.409125,7.591593
TEPSIN,-8.44756,8.304028
RPL34,10.220961,9.290329
LTB4R,5.830601,-0.29379413
COX7C,2.9878032,15.533045
UGGT1,11.155469,13.651053
MYADM,-4.085639,18.016344
FOXO1,-2.8124125,11.65169
JCHAIN,-8.70396,12.608012
AOX1,-3.1068726,9.609625
SPG20,5.7659283,13.32532
WDFY3,1.4456465,4.4181266
RCOR3,4.573832,11.84529
SUPV3L1,9.287404,-4.91963
SEPT8,17.217556,4.776594
SRSF3,15.580594,12.541597
MORF4L1,6.9308715,8.882554
ZZZ3,-3.1947787,-5.4353776
VAC14,10.70195,-4.742825
MAN1A2,2.1044633,7.5311193
TUBD1,-4.399162,16.836918
LEF1,-2.03979,-1.0640931
UBR3,-0.38421533,10.337165
EXTL3,-7.1046305,8.66999
CAMLG,7.974593,10.623448
KLK6,-7.8288436,-0.95436966
KNTC1,9.510586,6.266867
PAWR,5.675884,11.787709
CDH11,-1.0644244,-0.9370117
CD81,8.2414255,13.934974
PFAS,10.906107,13.786219
LMNTD2,-7.269244,-4.3087087
KDM5A,-3.9706616,-0.022515614
HIST1H2AE,-6.6563287,13.165378
IRX3,-8.052631,1.488687
SLC14A1,0.3043193,-8.483631
EXOC7,-7.1053224,8.688305
IFI6,-2.2329059,8.668836
SOCS6,-10.916281,4.6452484
DGAT2L6,-2.5594423,2.5857472
RPS4Y1,16.985395,2.0235522
AGFG1,1.9129041,9.786636
AK2,10.015352,13.565051
CSE1L,-4.502435,4.0220428
MPZ,5.5593815,4.817519
ZNF271P,7.24681,12.108807
TMA7,2.4751298,14.905289
NEURL4,-8.411185,8.272504
UQCR10,3.586407,15.759952
CD99,8.224152,13.913374
HSPD1,2.5554585,15.574954
PSMB10,-2.1940782,8.216113
CLDND1,-0.9740004,10.945586
KRT80,5.0561767,-1.8567017
UBAC1,-3.155947,-0.22057892
ARL6,7.036189,5.961591
KRT75,-7.576485,-1.405419
BAMBI,0.2085288,-9.711696
DDX3Y,16.985285,2.0228932
KMT2A,1.4571788,4.4174805
CCNB2,14.284878,-3.8189797
MAP3K2,-0.3585397,10.315599
CBX3,7.522573,10.873274
PITPNM3,4.2751904,-4.039107
TGM1,5.194657,-1.929856
GRB14,-1.0954714,-9.216568
TMEM134,9.084521,-0.4794792
CENPJ,-11.57937,-0.91634566
FAM65B,-0.37607926,-2.2643735
DUS3L,9.6878395,14.7862835
ATP1B1,-1.0682962,-9.251578
TMX3,6.681816,9.034567
KRT6C,-7.8062205,-0.7239546
RNF11,6.6989455,9.447874
ZSCAN26,-4.5725465,-3.713933
ITGAV,5.233906,11.23599
EIF1B,0.16805844,11.031871
GGT5,-4.7011013,9.892128
EEF2KMT,11.69771,12.740349
ADAMTS9,4.6812916,4.1692076
PHYHIP,3.5477521,-3.9596345
FAM83C,10.480677,0.17151074
ST6GALNAC6,8.208907,-10.454117
CRB3,7.2957377,1.1727877
UNC5B,-7.5626316,-1.3236489
LYPLA1,6.843515,14.514428
CRYBG3,1.8069987,4.176543
COPS7B,-7.5454216,1.7946748
RAP1A,6.9866586,8.896454
HSP90AA1,2.5499501,15.604293
TMUB1,5.7887836,-2.9723063
STRAP,-4.125023,3.8512816
IGKC,-8.717557,12.581274
TMEM127,-7.3850746,5.716312
COX5B,3.5051854,16.310099
BHLHE40,11.262483,6.1654744
ZNF655,-8.533741,1.0549151
MOSPD1,6.207055,15.171582
ATXN2,-13.267048,2.1410544
ARL15,2.7943034,-8.339297
RPF1,0.6826143,7.308092
CCT6B,6.432746,-6.172933
KIAA1522,-7.624431,7.056802
TBC1D10B,12.194549,0.30541876
ZNF354C,12.492989,7.4025736
PTPRM,-4.3473473,9.814128
SLU7,-0.34040922,11.184077
EXOSC2,1.3904365,7.949117
SEC63,4.701251,13.904352
DBN1,3.8717055,8.839473
TRA2B,15.588918,12.550022
CFB,-2.198525,8.221787
N4BP2L2,4.244746,12.207088
S100A3,-2.0931313,-1.0969437
RAB1A,-11.230566,8.339864
RUSC1,8.651187,-5.758559
FAF1,12.083107,-7.675194
FARS2,-1.2483413,-6.506791
VPS4B,4.7890925,10.92528
GPATCH4,11.696469,12.739926
ATP6V1D,0.1261027,8.374607
SF3A2,14.470071,7.6427464
SNX3,12.010811,4.076503
VTCN1,0.12677181,-9.6589575
MAD2L1,13.560702,-4.225814
LYPLA2,8.766251,0.114035025
SLC25A44,10.089256,14.624352
PDK1,0.98968035,5.3723936
TMEM40,7.620031,0.7806794
GPN3,6.985191,8.907371
RPL7,11.38914,8.206256
COQ4,9.106277,-0.50055665
DCTN3,8.690607,-0.07071786
TMEM59,15.681784,12.645241
NBEA,-0.7285453,-1.9972973
EMSY,-13.267558,2.1406412
ETV3,-5.685409,0.6133969
SCN4B,1.8844239,-2.1465964
ESYT3,7.5372853,2.882966
DCAF17,-1.5485423,15.280353
EFHD1,-4.9777174,9.833224
PEX11A,-2.9584992,1.6566018
TBC1D14,-6.9060597,8.557926
ITGB3,2.933128,10.126723
GNAI2,8.088327,13.617535
SEC31B,-7.5267277,1.7285397
HSPH1,2.552365,15.6061735
UQCRB,2.4895535,14.892092
NIPAL1,-5.2549753,-5.904507
GPANK1,3.6384904,2.938822
JAML,-8.597802,11.957951
IP6K1,-6.8745136,10.848044
TXLNGY,16.985083,2.0227225
CCDC61,-3.700602,-7.3971043
GNA13,0.79343414,8.55625
SIRT7,10.9839,2.6523738
RUNX1,-0.5476883,-1.2589506
TYMP,-2.673298,8.185399
S1PR5,-0.8544547,-6.671879
DDX50,6.125867,10.152368
ZNF70,12.095541,-7.6630096
ZNF311,-9.187338,3.6241078
SLC1A5,-0.6970984,-10.284
ACSL5,-1.8156582,1.5803556
NUDCD2,2.094742,8.283523
AAMP,11.922426,3.5660632
SETDB2,-3.4900215,-4.3132463
IL17RA,-6.8287344,8.189234
CLTB,0.39643934,1.8261201
NARS2,7.4125695,6.1740317
SUPT5H,13.136242,0.26015583
MRM1,-2.0730839,-3.4552848
SMAD5,-6.584254,1.1024275
GHR,-3.2519493,11.510373
KLHDC2,-0.99001753,10.945408
CAPN7,-4.400946,-8.0428
TRIM22,-2.280181,8.367528
TMSB10,8.031485,13.500537
NAXE,3.961917,16.713255
EDAR,-11.745413,-5.519846
VSIG4,-10.8037,11.26015
UBIAD1,-3.4532907,2.021392
PACS2,-5.2700624,9.960799
XKR4,5.560123,4.815051
FTX,-7.424207,1.6337047
SPRR4,-2.5266755,2.7119708
LMNA,10.315632,-2.4783564
PIK3R1,-2.8099153,11.65162
ZNF430,-1.1510099,11.868646
PUM2,-1.092748,11.923266
PRR22,-8.781799,8.489308
PNMT,-4.9528165,9.478992
MATN2,-4.689713,6.8489566
RPL21,10.553201,8.969846
GPR143,17.403498,4.169879
INPPL1,-11.10084,-5.6116533
CHST7,-4.960247,9.487822
SLC2A9,-7.842602,-0.9366942
POLR2J,12.452167,1.0238259
BRAP,-5.152512,-8.403607
GALNT1,-6.0925,-8.766917
ATP6V1G1,-11.269197,8.376875
SNRPB,11.671711,2.884476
ITGA11,-8.549462,-1.0525323
ATP6V1E1,12.264203,7.090206
RPL23,10.460935,9.065716
NFATC3,-13.058829,2.343891
MAN1A1,-3.5035055,9.46695
DMXL1,4.651367,11.77553
ARMCX2,1.1358286,-1.3956444
CD1A,-9.757296,11.503798
SPNS2,-10.986637,4.6801643
PEX19,0.42681256,17.833609
RBM3,6.4288697,-6.1708593
DAAM1,-6.164045,-8.830342
HMGCS1,-7.978233,-2.719149
YIF1A,8.485494,17.473282
ZNF280D,6.9574766,-3.871898
WDR92,-2.1266155,-3.1259968
ZNF138,-6.486077,1.0449132
DCT,17.425686,4.15795
TTC31,2.9805791,-4.819995
LYPD6B,-5.5777574,-5.5362062
PRSS53,-2.8389974,-1.266481
TLE2,-0.3179941,-8.854507
IRAK4,4.239984,12.209833
RNF187,14.051521,8.299806
PPP1R1B,-0.29083693,-8.899645
ANGPTL1,-2.909787,6.568638
ARL1,7.1445365,8.753037
ANO7L1,4.0803733,2.5076668
RPL37,10.7724285,8.722731
NISCH,-7.821568,-4.321856
KLF16,-9.014598,3.5126235
CENPB,6.9990253,-2.0212846
RAP2A,6.684948,9.041435
SND1,12.214975,3.6421387
NAPB,-2.3116314,-4.2106867
TXNL1,7.3245964,8.990871
XYLT2,-5.3936033,15.058753
APOL6,-2.209866,8.326434
NKIRAS2,12.633992,0.7422863
RNF128,7.2033863,8.556693
KIF5B,4.778973,15.043448
FBXO48,-2.268835,-4.1554003
CREB3L2,3.8549893,8.888929
DHFR2,-8.849426,3.2358246
MPND,-4.155652,2.1428075
WDHD1,15.316926,-2.1548922
KBTBD7,-3.2298198,-4.2770495
LAMA2,-3.031549,9.7022085
CST6,-2.510644,2.7231548
PHF5A,-1.7097337,0.5880276
STOM,7.8907986,7.8954964
WASHC4,-0.39687306,0.5286439
MCEE,7.2329955,6.5356174
PRR14,-7.9299026,4.1267242
CYHR1,8.648559,-5.761616
PPARD,6.5182657,-3.337448
CLPP,12.510757,0.9688343
CCBE1,1.8087363,11.78066
OXSR1,1.0865283,5.226034
LIG4,7.7561135,5.5237007
EGR1,10.138649,5.124918
CPLX1,3.1522293,5.4331994
PLA2G6,-7.810351,-4.3522277
ULK3,3.8046484,-4.6266565
CAPN6,-1.0045874,-3.2840695
WNT10A,1.669864,9.758336
SCGB2A2,-0.51885116,-8.713854
PFN1,13.090163,1.6208733
KDSR,5.5427885,-8.520164
EGFLAM,1.6579455,-2.169162
SECTM1,-1.3753538,-3.356659
PTCD2,-9.140094,-2.9573135
TATDN1,7.521931,10.769004
SBNO1,10.42597,15.104529
TMEM219,-1.059711,-12.532056
PHAX,2.6846879,7.695037
ELF5,0.12464324,-9.654026
ZEB1,2.3359442,9.430078
ATP5C1,0.40386963,17.857206
ANKHD1,2.7748482,-6.535814
FAM234B,-5.1840334,0.45408037
STARD13,4.394927,4.2377725
SPIRE1,-7.2639275,-7.806775
BTK,-9.058116,11.737491
TMEM101,-0.8783389,-6.41786
PIAS4,11.885897,8.906829
IER5,10.213814,5.193621
MESDC1,8.208908,-10.454124
SUCLG1,0.5963902,17.892017
A4GALT,3.575749,8.858711
MPEG1,-10.59294,10.870999
KRIT1,-3.0675962,-5.8739114
CD4,8.0668125,13.724633
KANSL1L,2.9200165,-11.793659
TMEM150C,0.27539963,-0.9874076
ITGA8,-3.957003,-1.928367
NR4A1,-1.0345658,6.351559
TSSC4,12.233292,0.35102326
DCTN1,10.702168,-4.738947
MFSD3,15.682634,-1.0607555
MEOX2,0.6885017,-1.7430242
KLHL28,5.2648726,11.227728
ERBIN,-1.0676585,12.031344
MECR,-4.002435,2.118204
ZBTB21,0.8979071,8.552169
WDFY2,2.4692533,-6.568744
TMEM11,8.357445,1.0700402
HFE,6.9231806,-3.8599665
NOD2,5.600559,0.3593399
ZNF134,-3.9998465,-0.0008950605
NAGPA,4.4142675,-3.6993096
AGO2,-9.070422,3.550902
CSNK1A1,-5.122483,-9.581297
KLK5,7.356567,2.9924672
TCEANC2,-9.14126,-2.9558759
SLC25A40,-9.969753,-6.421154
FBXW5,6.660581,-2.5864685
MARS,11.697634,12.73953
DDHD2,-13.981294,5.068459
CHRD,4.265619,8.2668495
MANF,12.033062,1.2459993
YARS,11.698919,12.726817
MXD4,-6.8784523,10.842001
PDZD11,13.867781,3.3972244
SMARCD2,-8.045973,1.4985994
SIGIRR,2.7624254,6.1657896
MED17,-9.579528,-7.290653
IKBIP,4.1793995,-5.5164375
FMR1,2.3663766,8.191339
PPP4R2,5.8296266,11.201195
SLA,-10.91563,11.362792
RALGDS,10.327871,-2.4726048
SCYL3,-2.209121,-4.238764
FAM92A,9.68021,-2.1964123
FAM117A,3.8648043,1.077861
RBM48,-2.829118,-5.2971
ASIC1,2.55294,-8.112033
FAM199X,0.94343126,9.981565
PHC3,-6.669685,8.524449
ADAMTS10,4.256592,8.272866
SMAD4,-1.7859558,10.314376
SSR2,14.710625,7.8123474
CYB561,-11.115427,-3.1395786
NRM,-3.9684377,-1.1828272
RAB38,4.5549965,2.185221
LCE2C,7.856204,3.1663332
FBXL18,-6.862555,8.266651
PGBD2,-4.2973175,-8.67389
GAS2L1,4.5036373,-6.0512404
RHOD,10.037207,0.36221945
COX15,-1.7686611,15.193521
HIPK3,1.5236895,8.603817
EPN2,-5.4006367,-5.2205205
CNTROB,-0.90096176,-6.662443
HIST1H1C,-6.6557837,13.166472
VRK3,11.887126,8.909041
CNNM3,14.337156,6.3574896
SNHG12,7.741206,-7.0640306
NID2,1.1302861,-2.6564608
ANO10,8.355792,-0.48940098
ZNF268,-3.2497704,-5.488695
ZNF546,-11.395145,-1.0895654
THY1,-2.4624903,5.330803
CSTB,0.82868755,18.010267
ZNF227,-2.900882,-4.584164
CDK3,-8.521613,-4.112052
TERF1,7.940272,5.3217306
CTSA,0.43058246,1.7975268
PLK4,13.986466,-3.9431267
PSMC3,13.038581,1.234755
RUNX1T1,1.3900062,-1.9528549
ADCY6,-11.102225,-5.614997
NAA10,11.879926,12.430625
ATAD5,9.509659,6.2681284
LYVE1,-3.836518,10.161461
ABCC10,15.722063,-1.0226985
TUSC3,-2.6008863,-0.44495773
SS18L1,-10.317469,4.5507617
PTPN7,-1.2022555,8.707876
RHOJ,1.1436462,-2.3239884
APBA3,-3.7077613,-7.3924127
LTV1,-3.8115096,4.469422
RRAGC,0.59566337,8.464554
MDM1,12.126382,7.0313926
PRKCDBP,-4.3078356,6.544029
TGFBI,14.318014,6.3832088
MYL2,-13.43827,-6.347291
SH3PXD2B,7.4091744,7.6158743
ZNF740,10.319312,14.974851
DDX17,-11.170964,-1.6464777
CTU2,13.675985,11.002628
TMEM141,-4.1434107,2.1352212
CYP4F12,4.952316,0.67307574
PIK3R5,-10.912608,11.359695
TYMS,15.523128,-2.6612265
SNX14,2.1191661,7.5678406
MECOM,3.847098,4.790985
FAM189B,13.40571,3.9782193
NKD2,-4.992847,9.420503
PCDHGB6,14.075941,8.899259
MUL1,9.606045,-7.791919
CDV3,-4.1752186,12.03398
TM7SF2,5.329889,1.5622435
SPRR2E,5.9221373,2.6337354
IFT81,-11.173968,-1.6291689
ALKBH2,1.4172071,7.9821005
PCCB,0.49810305,18.003658
DNHD1,6.123634,-9.163864
LPL,2.3034074,-1.0642748
MRPL24,0.22776848,18.390045
MYO1G,-9.683243,11.551146
P3H2,-8.239429,1.3438152
NOM1,-4.033066,4.0630603
SYNJ2BP,7.0275517,-3.8246758
RAB37,-2.6644418,19.667355
TTC33,6.736389,9.994467
MDFI,8.82577,8.638714
EEF2,11.580048,8.381312
CYYR1,3.9696736,4.5355635
AEN,-1.0268351,6.5663896
E4F1,-7.596445,3.64253
WTAP,0.61656696,8.47206
MRPL19,-10.650094,6.7417974
FOXJ2,3.201914,-3.4977815
CA9,10.107928,13.052517
EBF1,0.45150217,-1.3150926
ATG14,-0.333075,11.234781
ERBB3,6.689669,3.9549131
TMCO3,9.17597,-1.2540486
SEC61B,-10.217744,4.540659
TMEM63A,-11.108826,-5.629245
MEIS3,5.575442,7.669225
CUTA,3.1859646,16.56927
ASB1,-7.2995176,9.704766
HEATR1,10.910612,13.787638
FDXR,-0.7793206,-6.221996
SEC14L6,-2.5787735,2.6091835
MS4A2,-2.6644547,19.667578
NDC80,13.605081,-4.1917267
ZNF28,-3.2323344,-5.484788
PIBF1,6.2939973,10.007927
MCMBP,5.0438585,15.270346
METTL7A,-4.942983,9.374385
UTP14C,-1.3475026,15.127753
TESK2,-4.9781337,0.35293043
TM9SF2,4.9576974,14.02044
CD34,4.293068,8.225119
ARID1A,-13.092,2.3120358
TSN,2.6702743,7.7059946
KRT7,-0.55197203,-10.010123
SLC6A9,4.890316,0.25487745
CARD8,-11.469567,-1.0223767
MKLN1,1.19568,8.513985
TPGS1,5.7799,-3.0040045
SLC25A6,11.615482,8.395738
HAO2,-2.6859984,2.4686537
UCHL3,1.3976179,7.9246297
GXYLT2,0.3892269,-3.1842415
PPP1R13B,6.505692,3.770883
PSMB2,12.668952,3.3644779
RNF139,6.3634267,18.783045
ZNF169,4.397057,-7.561708
MOGAT2,-2.6857984,2.3932607
CFI,3.752906,5.201154
LUC7L,7.794627,-7.112179
TSPAN18,-1.0142038,-3.2726426
AP5B1,-7.784269,8.534695
PTPA,-7.591289,8.805137
MTA2,13.039004,3.4711037
MFSD10,2.741527,6.1807947
ZNF571,-2.9022713,-4.5400867
MARK4,12.648183,0.77216613
MUC15,-6.0870066,-8.762494
HMMR,13.679733,-4.18372
RABGGTB,7.728457,-7.052474
MRPS18A,15.620339,3.8970268
IL20RA,-5.5780096,-5.3472376
BLZF1,7.3670278,5.8116245
EVA1A,0.1516721,-9.671883
DIMT1,9.603312,2.2254317
DPY19L3,3.8279781,2.7463157
IGHA1,-8.704941,12.608482
KCNMB1,-3.8267756,-1.8393278
GNPNAT1,9.60357,2.2229042
KIAA1468,-6.16122,-8.823518
CENPK,15.627311,-2.6575868
NOC3L,-0.6716088,-3.9787288
IL7R,-9.195041,12.322066
CRAT,7.5744896,-9.23851
PXDN,0.75095826,-0.4182044
GSK3B,-5.844498,-7.380472
TMEM161A,16.416746,0.122456774
SSSCA1,5.975133,-0.052556437
CLEC3B,-2.6483376,5.779171
ZNF623,-2.361266,-3.923937
PGM5,2.237011,0.03808138
SLC15A3,3.5172484,9.198685
FAM49B,-10.681878,6.7750173
DPH7,-7.7827034,-4.3866773
ATP6V0D1,12.671249,1.1020367
TNNC2,-13.439568,-6.3484564
AP2S1,3.6570983,16.951683
PPM1J,4.6683793,-4.212259
CYP39A1,-6.084721,-8.761531
SLCO4A1,10.982434,5.9207573
KRT27,-2.2865515,-1.2136533
IL32,-2.1972938,8.222072
MAP4K5,-0.20797965,12.107892
OMD,-3.056831,6.8133793
FGL2,0.3602323,-3.3029945
SARNP,0.65872884,7.281613
LATS2,-4.034035,9.747054
SNTB1,7.5672855,2.8255353
ATXN2L,-7.792835,5.3155546
KPNA3,0.5042977,8.392578
BTG1,0.9251472,5.592075
UNC5CL,-2.1274757,-10.104475
MIGA2,-6.59263,5.883036
TBCA,2.4816542,14.895043
PLIN3,9.708867,-0.2965949
KBTBD3,7.030098,-1.9804629
MRPL52,16.413631,0.33425608
MOSPD3,6.4161186,-2.9447799
MAST2,2.755079,6.1697
MIGA1,4.890976,11.575995
HIGD2A,-1.0278834,-12.509618
FMOD,-2.9375725,7.233441
IGLC2,-8.728214,12.580104
MMRN1,-3.8257246,10.18234
KDM5D,16.978209,2.0157516
ZDHHC11B,-6.009089,0.80585814
LCOR,10.431771,15.111376
PPP1R12A,-3.5219767,-6.6394296
RCE1,-3.7462761,-7.3654895
NPIPB14P,0.87284267,10.5479
FASN,-3.466331,2.021694
NPRL2,-7.7786975,-4.3911257
UBE2J2,-7.8172245,7.953627
PLD2,5.828155,-0.2984443
GTF2H3,-5.124793,-9.91421
KRT23,-11.343455,4.861914
YLPM1,-13.002225,2.3969176
SEC14L2,-7.8308964,-0.96302617
CDC42BPG,4.054596,-5.236053
KLHL17,-7.841241,3.900894
SGCE,-0.50826174,-1.3144401
GTF3C2,-7.196513,7.1690397
IFITM1,-2.1926024,8.136877
PTGIR,-2.4987326,7.9037013
PPT2,-6.5892096,5.88898
ANKFY1,2.8304508,-6.4224677
BLMH,8.217137,0.8898065
NIN,11.6825285,-5.5376997
LINGO1,0.24868612,-9.744562
NDUFS1,0.42487532,17.835463
SLC25A5,0.7597643,17.771715
HMBS,4.226059,16.831202
CDS2,4.292067,4.7079
SERTAD1,10.220371,5.199218
CGN,-5.141316,-6.059598
EPS8L2,-7.207113,-4.290033
ACSM6,-2.715153,2.3721273
PTPRB,4.2672625,4.377878
CPA1,0.9383513,0.89717686
SPEN,-8.016745,7.0574884
CHCHD1,3.5680494,15.353264
COL4A1,0.76304156,-0.41769782
PNN,-7.512202,1.7111073
TRO,-1.1104577,-3.3316407
SLC39A8,-0.5432216,-1.2434108
CSTA,-5.29841,-5.959147
KIZ,0.09222608,18.551565
BPIFC,-4.812187,-5.2384133
COL14A1,-2.6367357,5.773859
VEZF1,5.7860613,13.308363
NREP,-2.4033604,5.2460933
CRBN,6.975438,10.532609
ATP13A1,10.114034,14.630431
DOK4,4.8264265,-6.2358236
ANKRD29,0.7044038,-1.7436612
FAM104B,4.5429635,2.2086077
LCE2D,7.7500863,3.101594
SMC2,15.776849,-2.6721041
BRPF3,-8.22899,7.596787
CAPG,8.807546,-0.3360131
PDS5A,-1.1023772,11.934743
EFNA3,9.898539,-2.4376705
SLC13A2,-0.4449934,-8.774466
SAR1B,-4.2765446,12.147361
ZFC3H1,-7.421719,1.6190118
PRPF8,9.642056,-7.826981
ENTPD4,0.8794804,10.549219
ATF1,6.765446,9.988665
MOV10,-5.6335964,-5.4838943
FSCN1,8.824,8.637949
TXNDC5,7.9034314,13.388163
NUF2,13.9864645,-3.9459388
NT5C2,-0.4219051,-10.470359
IL22RA1,5.2156053,1.0709634
EIF2B4,-2.8447511,-1.2791613
SLC35F2,-2.8998773,-0.28096798
AKT1S1,6.6405253,-2.6247778
UBE2C,14.314902,-3.7988563
IPO9,11.119253,13.665749
CCNT1,-6.8987284,10.752129
BTBD2,-7.219778,5.590492
CYB5A,-3.0315254,1.7721807
DOT1L,-7.7143216,7.892945
MYCL,-5.5498204,0.5715008
HES1,11.255406,6.1543994
RPL3,11.38438,8.181569
MYBBP1A,9.713106,14.773607
SCAND1,12.101351,6.6177526
SEC61G,-10.211456,4.548689
SELENOS,-11.219948,8.329312
SDPR,-3.806733,9.657168
ZNF37A,12.483301,7.400855
UBASH3B,7.5341763,2.8803046
PPA1,0.01209781,3.277641
FBXO4,6.4293737,-6.1674714
PCOLCE,-2.5057793,5.439791
NAF1,-3.8425143,4.459964
METTL15,6.9296727,6.2262897
ZBTB7A,8.867972,-1.6387353
PATL1,11.949285,4.3379745
MIB1,4.8876815,11.568948
DNAJC10,11.792848,8.770907
TNFRSF6B,-4.596086,10.325096
PCDHGA9,14.074609,8.866062
NCOR2,-6.7877874,8.453442
NAALADL2,0.2062514,-9.70765
HK1,9.804969,-2.282723
SRSF7,15.585034,12.546146
UFM1,2.0791597,8.313259
PGD,-4.229732,1.994776
DDX18,4.3813586,14.428685
RCC2,10.4931755,0.14557816
SKI,-6.786057,8.454162
PSPH,-2.3901896,-2.9814177
TBC1D2B,-5.5579715,10.296045
PIP4K2B,-8.236933,7.596869
TEAD4,5.2381296,-1.9661313
MGME1,-6.0197096,0.7395593
HRH2,-2.5661917,8.125751
SMIM15,6.0808883,10.289122
RAB12,0.3545802,7.8137684
FOXN1,10.486654,0.27385247
OCLN,-5.107286,-6.1061006
SPRR2D,5.873108,2.6594372
ZFAND6,6.2083383,15.171189
TTC30B,-8.912037,3.2174275
TMEM68,-9.839085,-6.90224
SH3GLB1,4.5392156,14.686426
EPHB2,-8.3495865,-1.1110369
AIF1L,-7.289587,-7.812463
ZNF275,4.921055,7.897968
CHKA,0.7992533,-8.083883
CC2D1A,4.335601,-4.9743857
VPS37B,-9.144935,3.5993977
TTYH3,-6.6071606,-1.5766745
RALGAPB,-5.8965626,-7.434617
IARS,9.996896,13.600628
DTWD2,-1.3036207,15.276839
COL6A3,-2.8320074,6.722589
RBM17,-1.1501596,9.738683
CDC37L1,15.577506,12.538623
RCBTB2,9.8163805,-2.2970052
NDEL1,10.320121,-2.4665704
RHOA,11.760296,4.468966
TAPBP,18.699745,2.728823
ZNF680,7.7054973,5.574071
AHCTF1,1.0346067,8.573118
TRIM23,6.747557,9.973309
RPL24,10.517194,9.01147
GBAS,7.277853,10.2951
SOD3,-3.5482414,6.50161
SDCCAG3,-3.7482042,-7.3655143
RMDN1,6.436499,-6.1748238
SSR4,3.6544478,16.951332
SRM,8.469039,17.44255
CLDN7,-0.55107754,-10.132481
MPZL2,8.931054,8.737974
METTL13,-0.9482735,-6.5802665
PHF1,-2.6317582,-2.8496292
DUOXA1,3.881832,-4.7353973
RAB20,-9.83835,6.093788
KPNA5,-0.6317492,4.9496064
ANO9,3.7658184,-4.638407
DENND2A,2.4533792,9.554435
GAB2,-6.594108,5.371608
ZFPM1,14.404353,7.593597
STX4,5.819269,-0.3140087
ELL,15.421044,6.95519
TMEM213,-0.50002986,-8.734908
FCER1A,-9.759861,11.503919
CGNL1,-0.7818574,-2.0078266
ZNF550,-2.8268712,-5.283239
NEDD1,5.3969803,11.338003
OST4,11.988223,1.2724311
SMC1A,11.16044,13.651071
PHLDB3,7.4533477,1.1065738
MFSD4A,-11.459385,-5.9374
H6PD,4.680013,-6.335233
ERI3,12.2457905,-0.32114705
ZNF76,-9.472143,3.9297166
TUSC5,2.1943238,-0.99879724
MERTK,-4.9534626,9.47429
NR2C2AP,-0.9079567,-6.656192
ZNF141,4.397083,-7.565852
CCNA2,13.629672,-4.1709437
DENND6B,15.847706,6.4956584
FZD1,-1.1560845,-9.217636
GAPDH,10.062445,13.093664
RCN3,-6.1191854,15.993192
NEK1,6.9702907,-3.8998954
GLG1,4.3996377,4.734857
LMAN1,17.28004,4.743964
TSR3,6.6358857,-2.6200666
FUCA2,-2.8375275,6.7529063
TSPAN12,3.96899,4.541168
PLAA,-0.308072,2.7260048
PEA15,5.2180343,-1.9463688
COL5A2,-2.4145324,5.2696714
KREMEN2,-4.980036,9.439546
CCDC25,-0.35130033,5.420629
IMPDH1,13.675766,11.003646
SPRR2B,5.914347,2.6292508
NCDN,16.237041,-0.2469053
DTL,15.346605,-2.9285212
GPX1,-2.1334362,7.9324427
TAF7,6.363488,18.78347
CDC37,-8.3482485,3.0307438
DENR,1.2670327,8.386118
TPR,1.7827272,4.2235646
WDR5B,-3.3036726,-4.201419
PRSS2,0.9364664,0.89533263
AXL,-3.2291265,9.518975
RIN1,4.2778664,-4.311165
FDFT1,-7.9778028,-2.7182157
CLCN3,-6.0778656,-7.6435485
LZTS1,-8.441274,-1.090228
NEDD4L,-0.340329,-2.2550416
PCDHGB7,14.076506,8.897516
PPP1R2,0.14117515,3.0312178
BTN3A3,18.699608,2.7288132
KLHL15,6.3633237,18.783821
SDAD1,-4.516214,4.022163
CAMK1,3.5408573,9.025424
RBMS2,4.27555,4.717286
TMTC1,4.3774414,4.2647724
BRD8,-11.606841,-0.8904407
DCLRE1A,-1.4312602,15.454696
TEX264,5.131308,-1.8269768
ZNF865,14.420586,7.6105347
PPP2R5E,-0.43743086,11.832225
BCAT2,-1.927993,1.8071678
LTBR,5.929127,-0.073749326
MKS1,2.9748876,-4.8214903
DARS2,1.8548187,10.346742
CD302,0.2386331,-0.9630851
UBE2G1,5.6537027,-8.623799
MYOCD,-3.9610918,-1.9334542
CCM2L,-5.222849,-1.440151
HSPA1B,10.19885,5.1772647
CHCHD5,3.7075343,16.807793
SCGB1D2,-0.5018122,-8.729711
BMPR2,7.9526544,5.3104577
SSR1,5.231607,13.680458
IL18,-5.5449886,-5.571349
TBX15,0.15551819,-0.90240335
ABHD12,-6.726708,5.587745
GPM6B,-3.085366,15.820697
ZNF358,3.588354,8.725007
LARGE2,1.6637589,9.75639
CYTIP,-9.177813,12.274255
ABHD13,6.7003684,9.440249
RAB4A,5.897392,10.745602
PLXNA2,-5.4372597,-5.1838946
TAF5L,11.686184,-5.54052
PAN2,-7.733216,-4.3418756
ACAA2,-2.0032098,1.7189769
CDIPT,6.7209253,-3.5251985
PPP1R1A,0.5194194,-0.38685593
SSX2IP,13.544433,-4.23978
LZTR1,-7.8595114,3.5945523
ITFG1,4.9643083,14.013396
OSTC,7.1898036,11.699594
ARHGEF37,4.6876493,-6.314147
MT2A,7.4148517,7.615538
LUM,-2.6286843,5.7539086
AATF,12.079426,-7.6780243
ZNF135,-11.361004,-1.0865098
PRKAA2,-0.7239748,-1.9822471
SLC29A2,-11.260088,-5.9674187
SPG11,1.2853688,4.064188
ADORA2B,9.766128,-1.6931974
NDUFB2,4.0518227,14.974444
UHRF1BP1L,0.16623726,3.0404012
MYLK,-0.7811121,-1.0349251
RFX2,9.902818,-2.5113485
MPI,16.487806,0.13810724
WIPF2,10.241891,-3.3962743
TALDO1,-4.10906,2.1349342
SERPINH1,7.922305,13.408908
FGF7,-0.5071738,-1.258836
TTC9C,-2.3222835,-4.205059
PLA2R1,0.3012721,-8.486648
FMO4,-9.196165,3.628852
GMNN,-3.0138357,11.244043
XPOT,-0.17700559,2.889672
TRIM7,5.203081,1.0071005
NAA25,-1.1367878,9.722057
ATXN7L1,-13.147718,2.2574198
SGSM3,-6.5816565,5.8958845
PNPO,1.8588494,10.0495
ENSA,8.714526,-0.4496657
GATM,-5.988905,-7.7644987
LZIC,-5.1181626,-9.822174
ZDHHC6,-5.724445,12.259466
TACC3,14.936746,-3.3848577
SERPINB4,5.7621436,2.7621315
KCNAB1,-0.7141424,-1.5902737
CEACAM6,-11.712607,-5.563324
FOSL2,-2.9092937,12.154058
NDUFA4L2,10.104646,13.037849
HIPK2,1.9936161,-8.439857
HACD3,7.212289,8.542034
XAF1,-2.0729969,8.75879
TCF20,15.683287,6.826262
ROGDI,0.037625857,18.615953
LIMS2,4.120926,7.4047785
PIP,-0.4984704,-8.721505
HEMK1,-11.43316,-1.0512981
NHSL1,8.81427,-1.701263
FBXO11,1.1890982,8.517672
IFT46,2.4428835,-11.660725
DNAJB1,10.205044,5.182392
CFH,-2.7424815,6.087472
GPAA1,-8.145832,8.207696
TBC1D13,-6.8774853,10.844087
HMGXB4,-6.8896985,10.760745
NR2C1,0.8757805,10.537289
TTC6,-0.37513354,-9.584859
ANKRD11,-7.675226,6.711745
CLCN7,-7.8575106,5.498035
GUCD1,-6.6763816,5.4295025
DEK,3.8240302,19.689348
GRPEL1,-4.2206993,12.08076
EXOC3,-3.0928729,-0.23643433
TUBA1B,2.484545,12.130429
TIGD5,4.574033,-6.154917
PRNP,4.8089933,15.076106
AURKB,14.905464,-3.4203215
MPIG6B,6.8279862,2.8328373
KIDINS220,3.8476722,19.666441
RNF123,15.717669,-1.0274637
PIKFYVE,0.9447405,9.978842
SLC25A24,-0.3781996,0.5553268
POLE3,-4.412074,12.372644
COMMD10,7.4016757,6.1479425
TRMT1,11.876575,12.429467
ABHD6,-5.1635137,0.4444078
ZNF16,-9.638586,-7.210852
SACS,14.245066,7.39196
MCU,10.045334,-2.9916835
RPL17,10.286494,9.22901
RAD51,15.127868,-3.172711
STK17A,-2.059445,-0.99423987
PLSCR1,6.226732,7.5989804
DES,-3.9758427,-1.9449813
PRAF2,8.095634,13.620483
PPP3CC,0.17269684,11.027105
CACYBP,2.5494177,15.593656
FBXL16,3.8147664,-4.229
FOXC1,-0.6404913,-9.972991
TFB1M,-1.7556227,15.199912
PRKCZ,8.974986,-1.7160839
SPIN3,-3.887363,-0.12472787
DKK2,1.5094045,-2.2331727
TUBA4A,10.659683,-0.056019194
WDR1,11.74801,4.491192
SLC25A14,0.20140277,-4.919746
SON,1.7593973,4.2475896
FBXO42,-4.961316,0.3487391
SCRIB,-7.882802,5.5400405
DUOX2,-8.56253,1.0261315
ANO8,17.23972,4.7842827
RPL18,11.550125,7.7330017
CES4A,7.5449615,2.9005582
ZNF592,-6.874596,8.2886715
SEC24A,5.246015,13.749233
SAMSN1,-9.148826,12.2298765
FMNL2,-0.527751,-1.2986152
PLOD1,1.859354,10.1605215
ANAPC7,4.225076,16.831541
WDR76,15.319142,-2.474522
PCIF1,14.06848,7.0595036
YJEFN3,-9.796697,-2.7535038
SLC11A1,-10.880627,11.32818
PMF1,11.671034,2.8771288
SMIM13,6.8530817,14.51778
ZNF181,-1.6505783,15.279663
RASSF4,-5.1233635,9.878377
YWHAB,-4.118768,3.822062
BTBD1,7.5425625,10.835621
SERPINA12,5.0827823,0.96941626
NDRG1,9.734347,12.900558
MYCT1,3.8582819,4.782785
ARMC5,-7.775582,8.517016
PCDHGA10,14.080419,8.882548
INTS4,-1.0152172,-6.523916
TAB3,-0.22632742,12.105727
SMG8,12.880321,6.152318
ZNF133,8.021406,-7.3281493
VMA21,2.0638804,8.313006
PFDN6,3.6933908,15.335659
HSPA14,-1.694719,0.5535264
KDM1B,-5.14477,-9.483987
OPA1,-1.4057884,9.951643
NAA40,5.5980897,-8.572483
PDE3A,0.95401883,-0.4442161
RNF130,0.24514315,-1.098185
KIF15,13.999748,-3.933492
THRSP,-2.715739,2.4108462
SMG9,-13.98266,5.0686088
HAT1,-13.649903,3.3552036
PTS,7.430314,11.093573
ADH1B,-2.9086535,9.728516
CLDN5,3.9934514,7.2319164
LTB4R2,5.8290615,-0.29884627
SLIRP,2.3771076,15.033743
DBT,5.726599,9.622073
CTU1,5.793959,-2.982151
MACC1,-4.9570117,-5.305321
KCTD18,-0.35133442,5.420408
CCDC129,-11.496694,-5.7825494
L3MBTL2,16.268663,-0.18886544
ABCA12,7.588428,0.77929753
OTULIN,9.666813,-1.9633516
HOXB7,3.6733885,5.3525386
CMTM3,2.5599456,9.559896
AFDN,-11.1823015,4.7913365
ZC3H7A,0.14923823,11.010525
FEM1B,-5.1843476,-8.382286
TRMT1L,-3.440399,-4.3010745
TMEM44,3.2884998,5.890687
VCP,12.800008,1.487979
CNOT8,1.4822149,8.594586
ISG15,-2.241181,8.690698
PLEKHG4B,2.0384467,-8.128799
YDJC,5.8004665,-2.9838905
ADAMTS1,4.2436514,4.6679397
PBRM1,-1.0999115,11.93452
RNF150,1.4532657,-8.188834
TMEM98,0.49480823,-3.1527998
UBALD1,12.257052,0.37259716
EIF4H,7.0071325,1.3171505
ERLIN1,2.3724349,-11.764117
TMED9,13.065502,1.5995278
GRSF1,1.8134277,14.854912
GNG7,-0.31982404,-8.856261
CCDC183,-8.139648,2.6781304
MAP4K3,-1.0581697,12.035617
MED30,0.89796144,5.5671406
DHCR7,-7.873652,-2.6564872
PTDSS2,-7.6715207,3.9746916
BTN3A1,18.699781,2.7289503
LRRCC1,-0.63310385,5.0386605
TST,-7.841206,-2.6848812
RHOG,14.031247,8.267067
ITSN2,-0.22595361,12.103023
ELOVL5,-3.1479273,1.9348446
ZNF213,14.411324,7.595197
TMEM267,6.5343027,9.842877
RAB17,-11.25025,-5.9603505
RPF2,-0.17336278,2.9000995
NOL10,-0.28543305,2.7544112
UCK1,-6.8718014,10.852694
SEC16B,12.723201,2.4100792
USF3,10.4353895,15.115428
SYT8,4.2196345,-4.135455
TCF12,-0.42922392,-10.451573
GTF2A1,-9.9655485,-6.4290586
ZNF45,3.0502617,-10.804401
MRPL30,-4.3993387,16.837576
MELK,15.050202,-3.2551265
VDAC1,0.7156713,17.817017
RPS6KA4,-7.8141813,7.9623537
RBM7,3.8190267,19.694912
ALDH1B1,2.2373362,0.037695315
PRKAR2B,-0.61201507,-5.7406726
SLC35B3,2.9193907,-10.965978
PARL,7.3082604,10.262023
BCL2L1,6.8954086,1.3903737
TROAP,14.912946,-3.4149091
URB2,5.9903035,15.650824
CORO1B,2.0949752,9.465382
PRDX5,3.669245,16.928669
PLIN5,-2.1774044,1.7931329
KIAA0391,-5.307065,-9.289943
WDR72,-11.727424,-5.546793
BRK1,11.986681,1.275083
ARF4,6.93422,8.87789
LACTB,15.689247,12.652392
RAB43,8.208971,-10.454186
TRMT10B,-4.5927806,-3.6941955
ZWINT,13.985224,-3.9693906
PYGO2,-0.86079353,-6.6437473
LPCAT1,1.9042845,13.154564
ELK4,-0.59555006,10.880649
TLK2,-4.012329,-0.057141162
NFATC4,4.259564,8.272659
COQ5,2.475532,-11.62619
KAT5,14.1172,8.750072
NEDD4,-10.698346,-6.1665034
PIGU,-1.2347944,-6.503221
PTAR1,-1.4937906,10.03042
IGF2R,2.7999725,-6.5161867
KCNN4,-0.28752807,-8.903415
AQR,-12.977945,2.4216483
NOSIP,6.659852,-2.5835772
AVPR2,-5.220248,-1.4388982
HARS,0.39642733,1.826722
CCDC85B,12.136075,6.609231
DDX39A,-1.0223281,6.6359673
LSM10,12.030865,1.246871
KDM7A,1.0618519,8.591197
NR4A2,-1.0339391,6.3486066
FMNL1,-8.917839,11.857097
PDHA1,-2.964096,1.6345736
CLK2,-9.810252,1.0075527
FZD4,-1.825446,1.5872593
ASAH1,-5.200922,-5.989991
STAB1,-10.587129,10.949941
PPP2CB,0.39744827,8.254623
WFDC21P,-5.145078,-6.0570545
OTUD6B,5.7507935,11.066557
ZNF573,-9.12384,-2.941607
WDR77,11.697747,12.7415
SSH3,-7.759435,3.9342167
B2M,18.699778,2.728847
XG,-4.808088,-5.233919
RBM4,-13.954383,5.062359
RPS27L,7.485479,10.896001
ZNF627,-3.2283523,-4.3603287
DYNLRB1,0.41175008,1.8153609
NCOA2,-5.502898,-5.200735
PROX1,3.9838848,7.219233
SERPINB8,10.046097,-3.0622735
PI3,5.837513,2.6966207
KLK9,7.3692327,2.9969492
ZNF354B,6.1221995,10.132733
ALG5,7.310527,10.257182
CDK13,-6.3110256,-7.507616
ANGPT1,-0.7103164,-1.589291
RSBN1L,-3.4772735,-6.549512
CSTF1,12.87869,6.150495
STAU2,-5.975833,-8.482034
DCK,5.187888,11.326705
PI4K2B,5.7492,11.068284
CDC6,15.34301,-2.9379957
NLGN2,1.9051979,13.1537
JAK3,-2.488793,7.9033523
PRKAR2A,-7.375118,9.010755
MED26,15.469532,6.8595653
TTYH1,-0.29121795,-8.902819
TMED2,4.4612384,14.454964
SETX,11.680508,-5.536446
PCYT1A,3.9514208,-4.942634
ASB6,7.008676,-2.0054777
COMMD3,7.2540593,6.5511475
TRMT10A,2.9236948,-11.781783
AASDHPPT,-1.3479173,15.121535
WDR61,2.0472984,15.1392145
DAG1,-7.4471974,5.720282
ABHD18,-0.7250839,4.5393023
GLIS2,1.2039403,-2.7640376
UBE2O,8.895099,-1.6382014
COIL,-5.198048,-8.367135
PACSIN3,9.666318,-0.24132025
FAM127A,12.220857,1.1383405
DCAF11,11.1391735,13.673842
CHD6,1.2736146,4.0553126
ZNF316,-7.8729525,5.5328574
H2AFY,11.007908,2.6747992
DTX3,3.0908444,6.050198
LEPROTL1,0.07602552,8.3927765
CD200,-0.62241524,-9.973801
ARPC3,1.9199021,15.116871
UBR4,2.8004396,-6.5056424
CHEK1,15.322985,-2.1633282
SLC35C2,3.0145018,-4.803181
HSPG2,4.4437447,7.4714036
URM1,12.236409,-0.32792002
SUN2,-7.231412,-7.8083277
MOK,-8.783848,8.49061
DHX36,-1.3862679,9.945006
UBA7,-2.061162,8.765241
CALB2,-6.7682323,-1.6444566
SARS,0.368577,1.8549904
ZNF14,-3.2153563,-5.4286394
ZC3H18,13.314498,3.771846
ZNF675,-1.1384772,11.845401
TTC4,10.054236,13.743841
DDX5,-1.0822855,11.927286
STARD3,-7.9480367,4.11195
KIF5C,-1.6275673,-0.93622494
TKT,-4.2363467,1.9717934
CRKL,10.235534,-3.392015
MBLAC2,-1.2778788,15.284135
DAPK3,12.263427,0.37758043
CHMP1A,6.7137403,-2.499918
TAF6,15.717203,-1.0283505
ZCCHC10,6.6235394,10.020824
PILRB,7.773271,-7.0891576
ETNK2,-3.0037274,11.246361
UHMK1,-1.5061737,10.045946
ST3GAL4,3.874511,8.884381
SPRR2G,5.891158,2.6587508
AKR7A3,-8.145067,2.6147616
BOLA3,3.14938,15.765987
BRCC3,5.7327924,9.622289
PRSS1,0.9402647,0.89575756
ANKRA2,6.9617195,10.53392
PRKCD,7.629266,0.8070095
TUBB6,2.4835403,12.130184
MLH1,1.8654311,10.037796
ZBTB17,13.6762705,11.002538
KRT19,-11.413952,-5.987446
GPD1,2.2509184,-1.0047117
ADCK5,13.537852,11.853082
BRAT1,-8.574387,1.0133291
PDPN,7.835242,7.8519297
MRPL32,-1.6693195,0.57091093
TPSAB1,-2.6645482,19.667475
HK2,9.778747,12.93777
SORL1,0.12741594,-9.650871
PLXNC1,17.43256,4.144686
CCDC115,-1.308649,-12.698652
LIFR,-3.8445764,9.673549
ETFB,3.6556787,17.111612
IST1,15.420084,6.961102
MARVELD3,-3.7246845,-9.147568
MSH2,-8.924513,3.1993592
PIGW,-1.1915174,6.928194
FAM173A,5.7801676,-3.0044293
SLC31A1,4.4263706,-1.8400078
RPL10A,11.176007,8.279853
HDC,-2.6645148,19.667557
IDUA,-8.473848,-4.096361
ADGRF2,-5.2851806,-5.8083706
KIF14,14.345446,-3.8035088
ARHGEF40,1.200056,-2.760098
MICALCL,9.575273,-7.751407
GOPC,4.9525714,11.504961
HINT3,5.7422543,11.060124
LYPD2,6.1606417,2.4395244
CYBRD1,-4.060133,9.860991
ZNF564,-2.2932727,-4.311478
IFNGR2,8.17479,8.038818
PDE5A,1.2681551,-8.139917
ALDH3A1,4.8848186,0.24325728
MFSD2A,10.803684,5.684209
ZNF710,10.669032,-0.0686993
TRAPPC13,2.1651697,7.6940084
BCL6,-3.250586,11.521259
PCP4L1,0.84067446,18.00504
ACTR1A,12.4602,0.88952446
LRRC15,-7.132088,-1.5712743
CRK,4.602461,14.775718
SYF2,7.946315,10.625613
BCORL1,-13.271436,2.1368372
SOCS3,5.0020084,4.0725713
ALOX5,-10.932034,11.377901
EIF3A,15.691839,6.8155
PISD,12.119415,-7.6391983
SRGN,-3.8699644,10.172247
DNAJC24,1.9081327,20.20385
GABARAP,12.184071,7.049612
APOO,-0.96689284,-10.291093
PEX11B,9.0888815,-0.52359015
NAP1L3,0.6602586,-3.153643
INTS13,-10.68177,6.749114
ACAA1,-3.035008,1.7727677
NDUFA8,3.587113,15.769465
YWHAG,15.690985,6.824829
SNHG10,-7.6373305,1.771749
TMEM159,-2.899069,-0.27986485
HSD17B14,1.7249838,11.897357
ARHGEF1,-7.6151075,2.8538787
STYX,5.118667,11.217284
PYCRL,1.0214813,5.346453
NOL3,4.6740966,-4.2137356
KRT25,-2.2731733,-1.2007209
ZNF626,-2.4264529,-4.021673
ZNF507,11.686248,-5.5419264
UBE3B,2.942867,-6.3505273
TVP23B,6.1015725,10.220332
DHPS,11.826897,8.825791
ATP2C1,-6.0456314,-7.6129856
EN1,-11.95424,-5.340644
SEPSECS,4.560333,11.858631
RUVBL2,16.417303,0.3140299
CTSO,0.36565965,-3.300517
FGF13,1.4197029,-8.178269
MYO9B,-5.2841268,9.976266
NXT2,-5.1252246,-9.914959
PPM1G,13.261894,3.6311662
MTMR12,-10.911905,4.6429214
GFRA1,0.28483102,-0.99910223
CCDC47,4.3821588,14.451442
FAM120A,-0.17877571,2.8878434
TMEM218,-2.1246853,-10.1019
IL17RE,4.1810737,-5.4024982
FBXL4,-9.967862,-6.42538
RSPH3,-1.9130551,-3.033901
TPD52,-6.0046535,-7.7380943
ACTG2,-3.8430002,-1.850537
APOM,6.431192,-6.175431
CDH1,10.482682,0.28931367
CTNND1,11.580796,0.08250843
NR4A3,-1.035144,6.355551
FGFR1OP,11.660477,6.2979274
CKMT1A,0.35987723,18.250788
MGEA5,-0.65541077,10.834579
FIBP,8.891368,0.25807214
PLEKHA5,-5.5157623,-5.226055
CHKB,-8.500457,-4.115804
NFAT5,1.8156052,4.1710973
UBE2H,6.860637,1.4270853
SAMM50,-4.0135636,2.136549
RALGAPA1,1.3292687,4.5281506
NADK,1.4002573,0.6349098
FIS1,12.430434,1.0551221
BTG3,0.67739296,7.3040476
SLC23A3,7.930948,-7.2363343
PREPL,-3.9534369,-3.986574
DOK2,-9.371089,11.727458
OSR2,-3.9545245,6.5505247
AP1AR,5.7495275,11.071722
HBEGF,-1.0423297,6.3527737
RAF1,6.568778,3.7442763
IKZF5,-0.48382446,10.967001
PDK4,-4.965399,9.467604
LAPTM5,-9.318243,11.774431
LYAR,-0.7300514,-3.9057426
RHBDD3,-13.216244,7.564371
HADHB,0.42421195,17.833551
BCAM,3.4631832,5.9400463
IMPAD1,4.707604,13.903776
SMU1,12.09923,-7.658729
NOL8,4.3392086,14.4103775
DNAJC6,-1.9236406,-1.0164285
ST3GAL1,2.6811275,0.12173805
FAM127B,3.1842923,16.575216
RNMT,-6.9024425,10.748314
TRMT10C,-3.8509061,-12.026339
GTSE1,14.910057,-3.4152324
CPQ,0.30804187,-3.3360722
LPIN1,-4.9584007,9.424362
OGFR,13.99901,7.065071
DHCR24,5.334849,1.5385253
EMC9,3.5702157,3.0043511
B4GALT7,8.485388,17.47377
CDC123,-4.4549665,4.0064354
NAIF1,-4.459684,12.462377
PROM1,-0.5405477,-10.003106
BAG3,11.503182,6.313116
KDM8,15.335937,-2.0720437
MCRS1,5.644386,13.39937
SIAH2,7.5783377,0.74519813
GPAT4,-6.8239894,8.18484
MT1A,7.434348,7.6484766
SLC25A39,10.031073,0.38703784
EXT1,-5.581726,10.311043
CARD14,9.6210985,-0.21944867
DDX19A,-4.5374665,4.027734
PKM,10.063539,13.073095
SEMA7A,-11.340232,4.857933
TMEM129,-7.6012387,8.808191
P3H3,-6.1193347,15.993546
QRICH2,-9.803022,-2.753662
ARL14EP,2.6775308,7.69918
DNAJC3,4.70207,13.904805
LMO2,1.1439742,-2.2622046
RNF141,-6.1690607,-8.834981
HOXC12,-11.676395,-5.601198
RIC8A,-11.115287,-3.141777
DCP1A,-6.6669726,8.525713
MED8,4.567243,-1.7152059
SMPD4,-8.2529955,7.1763816
SMARCC1,15.843203,6.4996185
ELK3,-9.914064,6.1690574
CRY2,-2.9077365,12.173388
BTC,7.5644374,2.8307607
TMEM35B,3.5177724,9.072815
NECTIN1,-7.4234786,8.407723
EIF2A,8.137282,10.568226
KIFC1,14.918095,-3.4078019
MICU3,0.24519305,-0.7372967
COA5,1.908115,20.20405
SNHG11,-7.492641,3.47632
OXGR1,0.128689,-9.654029
C1QTNF12,-2.6039224,2.6289034
HNRNPA0,11.944706,4.3569884
PUM1,15.730956,6.5966315
AGTR1,-3.6925633,9.636339
NUDCD1,6.1361685,10.125124
HIBADH,4.153572,-5.630508
PSEN1,9.647077,-2.1345105
SMUG1,-0.8592417,-6.379695
CSDC2,-1.6286292,-0.9446477
PPP1R18,8.418383,8.120546
ZNF37BP,12.477041,7.3842225
RAB5C,11.764943,6.295861
AARS2,-2.3907478,-2.9756086
ZDHHC8,-7.78606,3.9295762
FNDC3B,-9.917682,6.1659946
FAM208A,-3.0622752,-5.915603
PEX2,2.1515331,7.76434
TROVE2,-1.589815,10.103392
CSDE1,4.7942934,15.054954
RRM2B,-13.649986,3.3551807
ZCCHC11,1.396708,4.460342
IFI44,-2.259832,8.503336
EMC2,5.7982874,10.916838
GART,10.019236,13.634688
DDX56,8.269007,17.067509
CYB561A3,17.314772,4.481013
ABCA5,-8.442596,1.1449326
ZNF442,-3.2472277,-4.3653474
MITD1,6.9504437,10.536158
SLC25A28,-8.355501,3.0171778
DNMT1,15.8283825,-0.9605311
WBP1L,-6.5966463,5.374455
HDAC6,-8.398228,-4.0759087
PRKAG2,-5.15211,9.901905
NOTCH3,4.639762,-6.3240447
DNM1,-4.297339,6.531879
NUDC,11.924956,3.567406
BUB1,14.287123,-3.8163128
HSPA1A,10.200956,5.181589
PRELP,-3.3403554,9.599342
KAT2B,-1.20699,12.080128
DLK2,3.5255606,-3.9358563
CLEC10A,-8.593295,11.967238
PM20D1,-2.6246371,2.557562
KCTD1,-2.3900096,-2.981742
ALPL,-0.6822084,-10.284293
PIK3CA,-0.19857214,10.910148
PARK7,3.1365013,15.769148
WDR19,0.0866185,18.558027
ATRAID,15.496462,4.0143147
GGH,1.3996536,7.9220715
NDUFV1,2.336712,-11.786227
TENM2,-3.726595,-9.148547
AK6,6.4312487,9.787398
CBARP,17.239248,4.810609
RTF1,-5.1578984,-8.400753
IL1RAP,-0.43185169,11.83232
FBLIM1,-6.61091,-1.5788753
PLEKHO2,-9.794445,6.051789
CDH19,-3.0851011,15.821036
CYLD,0.9186651,8.556166
RND1,4.979688,4.102525
SZRD1,-7.385336,9.494527
LNX2,-9.934891,-6.649354
CAPRIN2,-5.884954,-5.5159864
RPS6KB1,0.5046123,8.400781
BIRC2,5.8762374,11.208131
LRRC47,8.358547,1.0500067
SNRK,-3.8455346,4.449022
DHX37,10.911462,13.783609
RARB,1.2814546,-8.122686
ATP6V1H,0.774217,5.8906355
RWDD3,7.56668,5.710666
CDK5,-4.035879,2.1415865
SERTAD2,0.7851064,5.8562436
OGFOD2,-7.5396,1.7829478
ELOA,-3.8508575,-12.026347
DDX41,8.769692,0.11833863
RUFY3,-5.8808737,-5.513851
FCHO2,2.368352,8.197477
TRAPPC9,12.267297,-0.32448688
SMPDL3A,-6.0925326,-8.731614
DNAJC2,-10.249377,4.5679803
LLGL1,10.671107,-0.0736147
VCL,11.741484,4.501908
SEC62,6.896965,8.926685
ADGRG1,8.389982,-0.48278284
PNKP,16.0758,-0.5090678
UNKL,-11.262535,-5.96141
KIAA0895L,7.9219904,-7.231456
VSIG10L,-11.383282,4.893547
DMTF1,-11.170564,-1.6476471
WDR55,-8.094183,2.61387
TGFBR2,4.3831778,4.2636747
KIF11,13.64557,-4.1499963
MYO1E,6.9380975,1.3623614
POU3F1,4.874755,-6.2251267
CD46,0.8886828,10.39281
ZNF33B,-9.17289,-2.893407
ANKRD46,-1.5705088,15.267274
ESCO1,-10.985175,-6.0796933
TAF1D,7.7409105,-7.064087
CYB5R3,8.239594,13.931831
BARD1,10.044704,-3.0508704
RNF135,-2.8959231,-0.28362873
TARDBP,-7.503762,1.708004
EGR2,-2.5312638,2.706171
DPM2,16.356592,0.3728524
RABL2B,-7.5222464,1.7941433
WNT2B,-6.0350204,0.75124896
HSP90AB1,13.761741,3.4341643
BICD2,5.639836,-8.604539
ZNF362,14.40782,7.592349
DNAJC16,-4.2950115,-8.684523
NSL1,7.0287075,5.9810023
DENND6A,1.5205724,8.599201
DLX4,-2.7645137,-1.2804224
SMOX,6.5171146,-3.3515592
LCE2A,7.8846183,3.1787555
SORT1,2.824433,-8.359371
AKR1B1,3.552868,9.021677
NCAM1,-3.0867867,15.821355
PROM2,-0.6542577,-5.9628115
CALR,2.6954663,12.382636
RPL28,11.744253,7.2934966
TMEM132B,-6.0098443,0.7815087
GABPA,5.3721857,11.188155
GNPTAB,-10.914531,4.644258
SIGMAR1,16.407381,0.34144196
LAMTOR2,16.387846,0.3554746
GSTK1,3.6446674,17.296253
SRBD1,15.317979,-2.497739
LHFPL2,-0.04243571,-1.0021747
PAOX,-3.7015338,-7.3971305
DNAAF2,0.016091416,3.2743218
RBM6,7.754576,-7.073447
PPA2,2.0333126,15.13389
SUPT16H,-4.1184435,3.8565564
CLEC14A,3.8507724,4.93656
ZNF619,-2.3520203,-3.9300954
CTNND2,-7.7184024,-1.4152807
MTMR3,1.9035639,10.345487
ACTN4,11.759363,4.480452
NDUFAF6,-7.0361557,1.3767656
TMEM69,-3.7584512,-4.048054
PHF20L1,-0.488369,5.2274175
MYO1C,2.064573,9.468814
OLFML2B,-2.7117128,6.0056076
PAK3,-0.33098364,-2.2901456
KPNB1,-4.1252084,3.8489773
SLC17A9,-6.119325,15.993459
NFKBIE,8.464994,8.124572
MTF2,-9.843371,-6.893041
ST14,11.195464,2.69261
ALG13,4.2401204,12.212301
DQX1,-5.6189284,-5.482968
RAB34,3.620319,8.788058
STOML2,11.928984,3.5072129
POLR2M,5.377364,11.190496
MT1X,7.416628,7.6177535
CREB1,5.3039956,11.255979
TMEM161B,-1.5324249,15.228306
ATF4,-1.0225935,6.6199293
PMS2,-5.993338,0.80240756
NR1D1,3.6998947,1.1059775
APOL3,-2.0225866,10.167175
ZNF750,5.7204876,-8.699764
PEX14,14.265379,7.426186
PIK3R6,-9.0581,11.737228
EZH1,-11.2373495,-5.9736705
CMTM6,5.869138,-8.895549
SLC25A36,0.8856134,10.380734
RCCD1,7.8711314,-7.1858635
PRKACA,14.6707535,7.7905025
HAS3,-1.0045059,6.861634
KRT72,-2.7573414,-1.2849568
TMEM184B,1.3678563,0.59669524
ZC2HC1A,-6.826724,-7.7542577
ATXN7L3,-7.454489,5.567484
FAM180B,-2.6752348,5.8309345
MBOAT2,-4.961136,-5.3070903
UBE3A,-0.4937806,11.813547
ZUFSP,-1.1344649,9.720103
ANKRD36,-13.982077,5.0684533
RRM1,0.69724417,5.9374256
GADD45A,-4.590306,10.356408
SUFU,3.9794338,1.0490712
BRD9,9.69337,14.787798
MROH6,4.3311143,-4.9833307
MLLT6,-8.067729,4.785141
CIRBP,6.4545846,-6.191419
ZNF347,-11.434313,-1.0594442
RAI1,-7.5756783,2.7925804
F10,-2.4511778,5.336601
ZNF671,-11.324012,-1.1184583
ACTB,11.756365,4.482317
MRPL35,7.2801657,12.156386
SEZ6L,-7.72416,-1.4357499
DCTN6,-11.271524,8.379364
BICD1,-0.52894044,-1.1972275
FAM136A,0.20207575,-4.9106226
LCMT2,3.0283473,-10.827884
SH3BGRL,-0.5345404,0.436501
CHRM1,0.27958113,-8.5038395
HDAC11,4.8357964,-6.2365837
SLC30A5,5.335141,11.240086
TNC,1.9903647,-8.427867
BRI3,12.197827,7.048448
NFE2L2,5.629365,-8.59933
LRIT2,4.9816055,0.69111866
CHRDL1,-3.1777685,6.6693316
ARFGEF1,-0.22817196,12.074394
GMFB,6.775561,9.020126
PCBD2,4.140722,12.334747
STX16,-7.743907,-4.3749185
CCDC85C,-6.928065,10.721548
SLC16A11,4.222109,14.80119
INHA,4.211581,14.809944
COL16A1,1.50529,8.355674
ADGRB2,1.4778743,8.375414
ZNF662,7.974296,-7.283397
ZNF700,7.977069,-7.2857842
NPIPA5,-1.7632762,10.142968
NPIPA1,-1.7277101,10.14484
LYRM9,6.4552526,-6.1921597
CLEC1A,5.881609,15.675446
HLX,5.875939,15.677269
CTSG,-2.664526,19.667603
SLC1A2,-2.5740652,8.146966
PAMR1,-2.5445213,8.162278
TTC8,5.2185597,-1.946322
UBE2W,-10.88131,-6.1169066
CRLF1,9.933532,-2.561263
COMP,9.945534,-2.578911
ZDHHC12,8.796824,-0.024546867
DTNA,-0.72243524,-1.9844483
LONRF1,10.042207,-3.0469692
WHAMM,-6.8918543,10.759908
NIPAL2,-5.836698,-5.499466
IDNK,6.479142,-6.2154846
ILF2,-1.7739961,0.49544594
FAM173B,-2.108673,-10.089721
SPOCK1,-3.0282698,9.678741
L3MBTL1,-7.538524,1.7394478
BFAR,0.17252713,11.023086
MAT2A,-1.081064,11.93409
RARRES2,3.50777,9.233851
FAXDC2,-4.747635,13.918853
KIAA1462,-4.297464,9.851761
ABHD4,11.674424,-5.535225
FAP,1.801467,11.794436
HMOX1,-11.030948,4.706376
GATA6,-4.7521043,13.910516
ZNF217,0.7681099,5.871215
ICAM1,-9.795418,6.0521407
ADCY3,-4.617639,10.295731
SPTBN1,4.486771,7.4265428
INTS6L,-5.8816338,-5.5135894
FCGR2B,-10.621243,10.918476
TRMT61A,9.671767,14.784985
CAPS,5.245569,13.712823
TMPRSS11F,7.51882,2.899206
MCM3AP,-7.686796,7.061617
ZNF785,8.008064,-7.318207
CSF1,-2.8171635,7.56641
ZFAND3,12.153854,0.030164117
CCNB1,14.302369,-3.841439
DMWD,4.479425,7.4218845
PPP2R3B,5.034605,-3.9142618
CAPZB,14.05461,8.312405
MDN1,-7.6490974,7.0583534
ADK,0.7170128,5.9201336
PLD6,3.6959887,1.1062318
SMIM20,7.4925566,10.993824
CTDSPL,6.6642537,3.9385343
MRPL48,13.882717,3.3893812
FAM221A,-5.9798145,0.8031339
CCDC122,4.1433887,12.332523
COBL,-3.8357358,-0.047589067
ZNF22,-0.6632263,-5.9739714
ELMOD3,-7.5333624,1.7897363
SLC2A4RG,4.2402945,-4.0734186
EGFL7,3.1292799,5.444763
CALM3,-2.1447892,-10.104569
TRAFD1,3.22398,-3.5207396
ZNF789,1.136316,5.130414
LEMD2,5.8063474,-2.98188
PFDN4,7.464533,11.014223
FRYL,1.3961872,4.4609995
VCPKMT,12.128624,-7.629718
ATP5I,3.5322292,15.593305
CALCOCO1,14.33276,6.362957
CSNK1E,-9.154574,3.601472
NTN4,-0.6196561,-1.3497959
PROSC,1.8579848,10.341178
SLC35A5,6.9613705,-3.8345747
ARHGAP11A,14.352341,-3.8004284
SH3TC1,-4.5869174,10.076922
SCN4A,0.50967854,-0.36288428
RUNDC1,11.549703,0.04197652
OSTM1,6.732101,9.382849
NEDD8,3.725862,15.287938
APH1B,-3.6036124,9.632916
TPM3,-0.98148817,6.9091344
KALRN,-1.0618266,-1.3109155
TIE1,3.8368773,4.9137044
H3F3B,5.8308654,15.696427
CCDC9,11.923858,6.854194
APBB1IP,2.8950522,10.057189
DNAJB2,17.268324,4.7531495
DBI,3.5689535,15.349058
CASKIN2,4.4594707,7.4559994
KDM5B,15.860389,6.48528
MGP,3.8870509,8.844686
ERBB4,0.27738118,-8.504953
PCSK2,17.3692,4.2658153
GLE1,4.1299057,0.7414433
PEX3,1.8302646,14.872549
NFE2L1,14.158111,8.794499
PRKCI,5.6760855,11.78403
GNG11,1.0840368,-1.4647661
SH2D3C,3.6503696,5.3318257
DENND5B,0.21606791,-0.7604668
RNF113A,8.378581,1.1084911
LRRC26,-0.3472833,-9.571131
YTHDF1,-3.8525572,4.4298067
SDHAF3,6.565931,9.853368
SLC16A2,1.4666197,-2.0149403
CLIC5,1.153376,-1.2980268
ABCC9,1.1573061,-1.7070178
EDIL3,7.9644837,5.2976613
ARHGEF15,3.8059788,5.0886517
NR3C2,0.20785442,-9.709657
SOS1,-3.063345,-5.9106174
FUT11,9.724385,12.89598
KRT16,-7.8019247,-0.76007223
SEM1,3.7066233,15.311887
CNPY3,4.6435823,10.753589
PRKDC,10.916505,13.782678
ATP2B4,10.333867,-3.4980798
WDR33,0.6717531,5.996049
SIPA1L3,8.984234,-1.7208676
FBXO46,-0.91164047,-6.601062
TP53RK,-3.8510203,-12.026324
ZNF276,9.693429,14.787292
SGTA,6.804995,-2.368443
WDR48,-0.9697198,10.944726
BORCS7,7.270628,10.3957815
B3GNT5,5.8365426,15.693409
SEC24C,-6.8814425,8.518319
BBX,-3.520485,-6.6371994
C2,-2.896488,7.478544
RUBCNL,-4.583494,9.999817
STX7,-3.4612176,-4.3066826
MPHOSPH10,-0.2178943,2.8575654
PPP1R12C,-5.2789555,9.96831
RAB24,-7.867452,3.9499273
PLEKHG1,2.8319676,-8.364489
PSMG3,7.117996,-4.04964
IFIT2,-2.0937612,8.743222
NOVA1,0.440724,-1.3522578
UBE2R2,12.134119,0.035799067
PPFIA4,10.106273,13.0528555
TSPAN11,-4.4869337,6.670169
HCFC1,-8.04403,7.860451
CROCC,-7.2597866,-4.3190784
TSTA3,9.593701,-0.22493108
B3GALNT1,-0.5125197,0.45860338
BOLA1,4.107144,2.4828467
LURAP1L,2.684692,-8.271165
CTSC,3.8134973,-4.2336354
SEC23A,-0.45000878,0.5059183
PIN1,12.080734,6.629713
KDM2B,8.260285,0.83917177
POLR2E,3.6690483,16.870525
PHIP,4.912047,11.548849
SFMBT2,-0.7295344,-1.9984653
CLK3,3.655069,2.9271078
ETAA1,-5.716933,12.250282
FAM20B,4.6005716,14.7776785
CCDC88A,1.1891575,-1.7710829
TEK,4.289609,4.3645597
ATP11C,-0.68147355,-6.021332
SAP30BP,12.127056,-7.6311417
PC,7.57585,-9.239614
GIPC2,-6.8493876,-7.767584
CHORDC1,-10.910788,-6.1075873
EIF3D,11.570168,8.380869
CDT1,15.126972,-3.174251
ADAM19,-2.671918,7.78245
ZPR1,-3.8083987,4.2065735
HPSE,7.59543,0.77077997
SNAPC1,-9.844688,-6.9056916
TM9SF1,15.61581,3.9028852
SDC1,10.484528,0.28133243
MAP2K7,14.029137,7.0835905
CDYL,5.8802543,-8.904614
ZNF112,3.0805497,-10.771267
KLC4,-7.815754,-4.3295875
SFXN5,15.72058,-1.02107
CST7,-9.171335,12.250885
SLC35E1,9.86847,-2.4686992
ATP2A1,-13.439925,-6.348753
TEF,3.7017577,1.1025358
PREP,8.386958,-0.4896181
LILRB5,-10.586495,10.957867
MTHFR,-7.3034735,7.7422247
SEH1L,-4.0492287,3.9647782
ZRANB1,6.9555745,1.3531089
BEX4,1.9196938,-8.197776
SH3GLB2,3.1667054,-4.730427
PSMD1,12.8046465,1.4986831
HN1L,11.124092,13.691253
PKD1,-7.96324,7.301289
TMPO,7.326633,6.227479
COPG1,12.21175,3.638319
C2CD2L,7.445329,1.1118282
TMEM246,7.583047,0.76635617
DHX40,3.8401847,19.674255
TRPM1,17.42004,4.1568933
GTF3C5,-7.574629,3.6204028
HSPB1,17.243261,4.8058205
CCDC137,9.174533,-1.2660217
DLX5,-5.1645713,0.40827426
ACSF3,12.242921,-0.29634622
NAA16,-1.08562,9.64633
NRBF2,6.206424,15.170117
CERS4,-4.0235085,2.1436758
ELK1,15.48974,6.915771
CD14,2.8691673,10.078106
ACSS1,-11.238428,-5.973864
BRF1,-7.5679374,3.5811477
HPRT1,-10.682044,6.7718687
POGK,10.353372,-3.517721
DGCR8,-8.457182,8.329581
KLHL6,-8.968848,12.070082
PHF8,-7.8387628,5.2805967
CWC22,4.1547275,14.778607
AMY2B,-5.7276382,12.262425
YRDC,-4.2168136,12.077266
FAM117B,-5.9758673,-8.195941
ITPR3,-7.716879,5.424001
CHTF8,10.700907,-4.754176
COG5,5.2916975,13.776729
PIGS,9.644748,-2.148443
TBC1D31,15.3205595,-2.474428
ENY2,1.6122571,8.591857
NSUN5,11.53517,3.172391
TMX2,4.1804214,16.813683
BAZ2B,3.847427,19.66748
ZNF761,-1.6510787,15.279211
TDG,0.7114897,7.3634553
PITPNB,-3.8343496,4.300134
PIGF,2.3913434,-11.753839
ST5,1.312526,0.56924444
APOBEC3G,0.9180369,-2.8787456
CHM,-0.40256694,0.52658904
PDE4A,2.6809351,10.03412
RPTOR,4.6228647,-6.304321
UBE2F,-1.7129545,0.58699393
GSDMC,5.493153,0.52991074
NTRK2,1.9042757,-2.1415112
TLR4,-3.4411163,9.481816
ARNT,1.4499668,4.423988
KIAA1107,10.133816,14.532055
PHB,-0.97475094,-10.297501
TPPP,10.320118,-2.4588926
KRT34,-2.6913059,-1.2479458
YWHAQ,-3.7233112,-9.147979
RIPK1,10.201878,-3.3742692
ROCK1,-0.6719213,-5.97824
CD3E,-1.2048193,8.705893
RAB8B,-3.8846018,10.150101
MAP3K12,5.1051054,7.8058386
TPX2,14.41245,-3.7432976
RNF31,-8.203029,8.219057
MB,-13.436579,-6.346339
STAT1,-8.962529,-8.530727
EFCAB14,10.091446,-3.1051774
FBXL19,8.650048,-5.7609835
DEDD2,7.205871,1.2284825
GSE1,6.5034633,3.7707825
EHMT1,13.191348,0.2224495
PLCB3,8.649425,-5.7613697
POLA1,-1.2465829,-6.5026064
ANXA9,-11.380399,4.901042
GSN,-2.9090881,6.561746
TMEM254,5.318817,1.5462574
ADI1,-4.9424224,9.365425
TMED3,8.71943,-0.2775273
ZSWIM8,-7.8303638,5.47274
RNASEK,12.173481,7.0455885
CEBPG,-4.222759,12.084759
CORO2B,-4.414354,6.6291814
PUSL1,9.848155,0.11137195
KNL1,14.283233,-3.8353221
BTN3A2,18.699701,2.7288084
YBX1,-1.801811,0.4059757
CEACAM5,-11.721137,-5.551063
RHBDF1,-7.656328,2.9174757
SUN1,-8.508903,1.0799291
BDKRB1,9.767795,-1.6763499
UBE2D1,-2.0574393,-0.9914662
PALM,3.6290052,8.735209
DCAF15,10.991708,2.6719365
MRPS18B,-0.89178133,-6.4574776
PLVAP,3.9982133,4.8308973
TMCO6,-2.0728886,-3.459358
ADAMTS13,-9.478595,3.9333293
SIN3B,-7.759075,2.9743876
GUK1,7.1076026,-4.036894
FAM204A,1.5521008,8.56724
FAM229A,1.8681865,10.080002
NACA,11.386485,8.202395
RPS15A,10.5227995,9.00589
TMF1,3.8275914,19.685894
CHTF18,-8.7664795,8.479108
IGFLR1,-9.685915,11.550305
USP6NL,-11.157461,4.7713842
LIMS1,4.58132,14.744985
HEATR5B,1.2898136,4.0718956
EMILIN3,7.575578,-9.238141
GPRC5B,0.47126502,-1.5054277
RBM18,6.731785,9.973786
TARS,0.0531434,18.592854
ZNF585A,-3.085161,-5.671383
WNK1,7.010009,1.3101778
PAK2,4.7050896,13.891107
C3AR1,-10.720652,11.139683
LANCL2,-1.1968572,6.9301176
HAUS4,3.5526717,3.0179148
EIF3F,11.602785,8.434806
CD44,9.777357,-1.6670108
ZC3H8,-0.6917044,-3.962117
MCL1,10.918856,5.832997
CHI3L2,5.7491984,2.7720356
LSM5,7.2014003,11.31836
XYLT1,-6.9621687,10.658783
ENOSF1,6.4445386,-6.182071
CEBPD,10.977494,5.9174576
TOMM22,11.660658,2.9375288
SMURF1,10.2024145,-3.372855
EBF2,0.9178984,-0.38239512
ANPEP,5.3589997,7.717911
HOXB3,3.6809506,5.334403
SNX25,-4.2155814,2.1412137
CIC,-6.7875304,8.453497
CALML3,-7.5822845,-1.3012018
USP9X,1.4016774,4.658089
SYT7,-6.7634225,-1.6472285
COL9A2,-6.749608,-1.6523074
TRBC2,-1.2038792,8.7069645
AP3B1,5.3050313,13.78776
COTL1,-2.7901077,7.6151147
APEX1,2.3381248,-11.784437
SEMA3B,-2.6733272,5.8403125
TIMM23B,-3.8222358,4.4476004
FAM168A,4.824872,7.9917264
NPC1,6.9008374,1.3887062
TNFRSF12A,2.4831498,12.128968
WNT3A,4.2170286,-4.102449
CD1E,-9.7616,11.500767
DHX29,-0.30670708,2.7272754
NPDC1,3.1312232,5.4209976
PTCH2,2.0364714,-8.096839
SMG6,3.037728,-6.6811366
PGR,0.324136,-0.7015801
CLDN3,-0.35877475,-9.601903
COLGALT1,13.366786,3.9252594
INPP5J,9.70981,7.4658484
FAM50A,-7.6718035,3.9735038
PKDCC,5.1415415,7.792055
FOSB,10.196638,5.1840696
FAM213B,13.675755,11.004108
VPS9D1,15.683237,-1.0605334
EHMT2,15.750865,-0.98927635
FN1,-2.8270636,6.7025943
FHL5,4.4468904,4.257003
PELI1,5.818993,15.685074
PTPN2,7.435232,11.090648
LSM14B,-4.8837876,0.31453365
PRR14L,3.022437,-6.674776
SNHG1,7.738321,-7.064135
LPAR5,-0.8506243,-6.649427
PLN,-3.9432008,-1.9179087
CD99L2,4.307505,7.595616
ALYREF,11.664341,2.9418924
UGCG,4.4722843,-1.8334376
NALCN,0.12707506,-9.650683
POM121C,15.491636,6.915745
AP1S2,4.1897964,-5.584634
VCAN,-2.83217,6.7058754
DDX10,-0.3315847,2.7011945
IMPA1,-0.42205894,0.5402088
HCAR2,9.619992,-0.23806287
C2CD5,-0.63646704,5.022736
SPRED2,-10.02798,6.2270136
TNFAIP8L3,8.24766,0.85916317
AMD1,-0.2559276,2.785792
NPLOC4,-7.371166,7.8949504
NOVA2,3.1299882,5.4564705
PHLDB1,4.302211,7.5398135
RNF4,9.870564,-2.470856
FPGS,-2.0834024,7.9006805
MMS22L,-8.92211,3.1972778
ISOC2,4.1219068,16.785345
PHF14,2.3619616,-11.771866
FUNDC1,7.242811,6.535767
GID8,-6.765201,5.49198
MAB21L3,4.2611356,0.93521374
ZNF395,0.9886781,5.3692107
RAB8A,11.623994,0.11618151
LCORL,-9.398094,-6.207659
FAM98A,13.10805,3.507213
ATOH8,-4.9623857,9.479869
ZYG11B,4.878414,11.016586
NME3,-7.7808447,-4.3919897
KIAA0430,1.4399557,4.4315047
FLNC,-3.9620492,-1.9350063
PLEC,-7.300755,7.699808
BTAF1,-8.1962385,2.5972335
SASH3,-8.68465,11.681147
LPCAT3,1.988745,-8.442067
COL13A1,-4.9963984,9.417343
PHF23,-0.8953685,-6.6367416
INSIG2,5.888967,10.776882
HSPB11,4.1616416,12.300307
ZC3H4,10.700918,-4.7546954
S100A11,8.827305,0.16992176
ZNF585B,-4.5906224,-3.6979804
POLR1E,8.200243,10.574243
NSMCE1,16.480692,0.13893057
NR1H2,6.7785954,-2.399605
BTBD10,-4.3992395,16.83772
XPO5,13.257874,3.6527617
MGAT4B,-7.8766127,5.5353894
EPHA4,9.702794,7.466308
PYGB,-0.32945007,-2.2732637
RAD50,4.618475,11.808366
PLCD1,-2.7526228,-1.2678734
RPS6KA2,-3.038107,9.711707
VPS37C,8.95204,-1.5571864
BEND3,10.944124,13.761791
RPL36,11.722336,7.377178
TNXB,-2.8126042,6.4331627
KIF22,-4.882574,0.31372416
TPM2,2.1826117,-0.008670716
WDFY4,-8.922486,11.839457
PTGFR,-2.719256,6.0546727
HDAC5,8.812566,-1.6979537
RGL3,3.2106166,5.8091784
PRUNE1,-13.202228,2.2043626
UCK2,12.073758,3.5157094
UBL3,-0.28634986,11.09967
LRRC39,-8.226288,2.5608244
HCFC1R1,-3.9686058,-1.1837983
MINDY4,-8.532314,1.056716
MIDN,-1.0376624,6.3541546
PROSER1,9.585975,-7.769849
PSMA5,1.3210386,7.795356
PCMT1,0.15670286,8.346365
NRAV,2.2972388,-11.805082
ZNF354A,6.0929613,10.163107
BBS9,-7.443866,7.4650273
TTC17,-2.1299648,-10.106922
GTF3C3,4.8136396,10.942218
ZNF687,-6.673323,5.4794765
PRR7,12.124693,6.614483
KLHL11,-6.942959,10.6876545
TWSG1,5.7809997,13.311023
OLFM2,4.883916,-6.220506
MFSD13A,6.279704,2.2422283
NDUFV2,2.0081384,15.107035
FANCG,15.746706,-0.9965201
SDHA,15.496941,4.013814
CD209,-10.559617,10.939379
FOXA1,-0.37070936,-9.584701
EBLN3P,0.868957,10.466999
ZCCHC6,-0.21960011,12.103229
ZSCAN22,-9.624374,-7.2326403
PTGFRN,8.941604,8.746261
TSSC1,0.14528567,18.486822
CUL3,10.142668,-3.0594223
ZSCAN16,3.1048737,-10.74254
CYB561D1,-6.7297,5.8137836
LSM2,2.7857742,12.481659
HNRNPUL2,11.703192,3.297004
SMARCA4,11.886132,0.19117677
SPOUT1,4.3982573,-3.7265964
RDH13,6.8259273,2.8018079
SRSF1,7.4334188,6.1712713
STOX2,5.563213,-8.5386
LOXL2,1.6674671,-2.2065768
ATXN7L3B,9.579488,-7.7589374
MCM5,15.330403,-2.1003633
PALLD,-1.0569019,-3.2660203
COL21A1,-4.683961,6.8432603
NAGK,-3.6997643,-7.39508
ANKRD13C,-10.197369,4.5129447
PSMB5,12.978335,1.5230722
TMEM5,7.18539,11.902249
HID1,1.0424702,-8.078811
ZNF485,3.0220711,-10.835061
TSPAN31,1.850362,10.348413
TFAM,4.573572,14.755429
LRCH1,10.054925,-2.99755
LEPROT,1.4731481,8.577997
ARSJ,1.9743015,-8.380766
CALCOCO2,-13.21527,7.564525
POLR1D,3.2277584,-3.524502
EXTL2,6.886889,-3.7882981
POT1,-0.42012307,0.5437587
TRPV6,4.0282755,-5.21914
COX19,2.394368,-6.5080857
MTRF1,11.689114,6.3022103
TBL3,10.395877,14.110466
GINM1,1.4448401,8.5434675
SRRT,-8.454007,8.310737
SLC2A12,1.2814721,4.0528555
HOOK1,-1.3547443,12.237636
SLC25A32,9.603214,2.2265527
SDC4,11.000064,5.929854
DHX30,13.375338,3.9229493
DCXR,-3.043354,1.7748303
TLK1,-1.0688524,11.985089
MFGE8,5.3613386,7.7081423
TGIF1,5.7619853,15.638233
HSD3B1,-2.579753,2.6058552
NUPL2,6.1339746,10.108433
TTLL12,8.663021,-5.7454395
IMPACT,-0.35848173,5.4120903
RCSD1,-3.5469308,9.618671
NPC2,14.708455,7.8140326
PHF12,-8.475809,6.7555413
ID1,-1.0822772,11.9332695
NRROS,4.26496,8.2602825
TRUB2,0.2662861,18.24739
SNUPN,2.443247,-11.654995
MEG3,-6.1192536,15.993269
FTSJ1,11.658121,12.771817
RALA,-13.64985,3.355243
KIAA2013,14.058475,8.295467
EMID1,-4.75932,13.903433
MRRF,9.290503,-4.921959
IER2,10.186517,5.1715918
MSRB1,-7.870741,-2.653196
MSR1,-10.720477,11.137757
IRF9,-8.96251,-8.530462
PRDM16,3.2221518,5.821909
FOXK2,11.875857,0.19373527
HSPB6,0.44944105,-0.39970386
PSMD9,8.674555,-0.07604213
RXRG,5.5586567,4.8182316
SRPK2,0.76652634,5.901126
HIRA,-7.8339233,7.9672203
SYN2,-1.8237903,1.5866244
PCDH1,-6.5938163,5.3705816
ATP5SL,11.614706,8.398144
PCYOX1,4.9795995,14.001804
MED18,12.884158,6.1494617
TSPAN5,-4.812651,-5.24038
DOCK6,-7.6547747,5.4064603
EFL1,0.12352088,8.377127
E2F5,-2.3300242,-4.224972
PML,-2.7175848,8.251689
MARS2,-1.0639534,6.8470945
BAZ2A,-7.8066864,5.308455
IRF1,8.46561,8.126689
FOS,10.1930895,5.1821017
GRK5,3.5867906,5.5836124
TNRC6A,2.4395666,-6.552964
PMEL,17.458406,4.1160803
MTBP,15.764978,-2.6753604
P2RY11,-7.393007,7.335566
BRCA2,9.510181,6.2667723
CARNMT1,5.756053,11.063304
PDSS2,6.8928986,6.2513857
HAAO,0.92528415,-2.8900447
EFNA1,8.382275,1.1034254
FAM111A,4.239207,12.211509
STIL,15.867388,-0.869676
TUBA1C,13.100707,3.5030158
P4HTM,-4.145199,3.8228092
TXNDC16,-1.8234581,10.349203
ISG20L2,13.334772,3.7947593
ADAMTS4,4.908574,4.1043205
MINOS1,2.6076233,15.372354
ALDH3B1,-3.9528787,6.546794
CD248,-4.049654,6.5696797
PAPOLG,-2.8338706,-5.2933497
TSC2,-7.8860626,5.544051
CD84,-8.954307,11.914175
RABGEF1,7.00662,1.3171618
SYNE3,5.3346577,7.7088156
HNRNPA2B1,7.4220767,6.1736197
CDSN,7.218636,2.913011
FANCD2,9.510316,6.2675166
ZNF639,1.6845485,8.6096945
AUH,0.13484158,11.008275
PEX26,11.188568,13.632014
KRT17,-7.802201,-0.76038617
PPIA,11.664177,2.930874
S100A10,2.817321,12.51179
UPRT,7.9441905,5.31837
PFKP,9.863758,13.014077
FBXO45,6.8587427,14.515112
AREL1,10.088174,14.6541605
SASH1,-3.985896,9.737621
RBM39,4.13544,14.770103
ZNF264,10.436141,15.117601
MED14,9.292172,-4.922327
MCTS1,4.029568,14.986491
DDX39B,-8.340025,3.0240178
SPNS1,6.639436,-2.6095326
CAMKK2,-7.0978637,8.718456
PPP1R10,-1.6299086,-3.4645464
CDC27,5.636852,13.391741
TOP3A,10.0505295,13.741482
BMPR1A,6.8807054,6.246268
KRT78,5.1206913,1.0786529
ANKRD13A,3.1857517,-3.4793875
EFHD2,6.9880915,-2.0405304
RNF181,13.107916,1.1917099
ZNF273,4.16441,-4.2969246
LDLR,5.9575176,-0.05716157
RNF38,5.7903576,13.304486
PDRG1,-9.567005,-7.3057256
SEMA4G,6.84755,2.8346539
TUBB2A,10.676715,-0.08441586
TOR1A,-3.8511617,-12.026514
RTFDC1,14.072793,8.385466
CCDC6,-4.0860586,0.09734543
GDI2,-4.0958524,3.876655
SAA1,-0.69914776,-10.284718
MPC2,9.593653,2.2002332
SPRED1,-0.5191306,0.44719708
ADGRB1,-7.5966067,-1.2942593
CDC5L,-4.4089546,-8.062138
GYG2,2.2967584,-1.055479
KIAA1614,1.381191,-1.8777173
EML2,4.847845,1.6425118
MYD88,-1.0021777,6.8790646
DDX54,10.219185,14.358754
APLNR,1.8812953,-2.1518464
MPHOSPH6,-10.680733,6.749379
DDB1,11.676875,3.2615817
ADIPOQ,2.2133691,-0.9980392
ZNF446,2.412633,-6.4977465
TMPRSS4,8.942727,8.748072
PACRGL,7.222164,11.89329
SORBS1,2.6805503,0.12200655
RRNAD1,11.876064,8.8945265
DHFR,14.02441,7.0778503
CXXC5,-10.991691,4.6862874
COA4,12.097571,3.5611508
ZBTB33,-5.738727,-8.212466
ZC3HAV1,-7.3695955,9.616537
MTX3,-0.6256741,4.986929
MAF,-5.599668,0.4086709
ZNF649,-2.880746,-4.5237074
SCUBE3,2.0354187,-8.126924
TIMMDC1,7.40375,6.1617537
PTPRE,-2.0005825,-3.2467668
SMPD2,10.017767,0.33334598
FGR,-2.7430089,10.499592
MID2,7.5786753,0.7557075
PITPNM1,1.3866857,0.61822337
CEBPZ,-0.20844275,2.8646379
ACSL3,-0.42950422,-10.452693
ADAM17,-3.826545,4.369155
CTTN,-7.429896,7.394617
MYO18B,-2.5679991,2.6674514
SMCHD1,1.5119417,8.604362
RABGGTA,8.281158,17.069225
TLDC2,-2.0374196,10.134384
PLA2G4A,0.116841905,8.384563
MAX,12.8689785,6.148532
CHPF2,-7.810023,8.51659
DDIT4,-6.9320545,-1.6327093
ADH5,-4.0699797,9.876076
TMEM265,3.281143,-3.6013262
HACL1,-3.0351582,1.7857682
DCUN1D2,1.8599149,10.185978
UBE2N,11.00702,2.6797903
CKS2,13.575663,-4.2288
RBM33,2.4108791,-6.5084643
ATF7IP,-13.098029,2.3062308
FAM19A5,3.5355036,8.962986
R3HCC1L,-9.579198,-7.29088
FAM217B,-1.3556423,-3.3542464
PLXNB2,-7.612601,5.4416575
SNRPN,4.640107,10.750412
NECTIN3,0.2638467,-1.0881522
SLC9A8,0.11811197,8.381096
ARMC7,3.9773035,1.0496478
FEN1,15.313111,-2.1466243
ACACB,-1.824951,1.5867965
ZGPAT,11.510519,3.2094252
ZNF667,-11.355336,-1.0882677
OLA1,-4.104499,3.8655624
NOXA1,-8.785852,8.491546
CST3,-3.530806,6.5224156
HOXA9,-5.603785,0.40550652
PDSS1,2.5940127,15.398704
GPR183,-9.182658,12.27182
G6PC3,-2.0405548,7.863997
SLC9A3R2,-5.2251697,-1.4383533
B4GALNT3,-7.7164035,5.424378
ANXA11,2.1044831,9.471143
PRKD1,-2.7597811,10.288506
MLST8,8.669936,-0.08282628
LRRC17,0.3777191,-3.265357
CHCHD2,-10.218632,4.538913
HAX1,13.892909,3.3833396
CPEB1,1.7784122,11.81512
RAB3A,11.259333,6.162794
PKIG,3.631437,8.820107
SFT2D1,7.1883526,11.68569
ADTRP,-3.6805053,2.087392
NSMCE4A,-7.541449,1.7269747
SH2B2,5.21974,-1.9477093
HSD11B2,-0.33815995,-2.2593706
PPIL2,5.6446095,13.398385
IFFO2,4.625839,-6.377586
VSNL1,0.0419296,18.609251
ZXDB,10.256826,-3.4124672
EEF1B2,10.326488,9.200579
CDC40,-4.4049783,-8.055052
PSMA7,2.339273,15.00806
PELO,8.389719,1.1301491
CHST14,2.113714,9.461645
FAM65C,-2.978591,9.678073
EFHC1,-11.1700735,-1.6480217
ECI2,-4.7431483,13.925467
IFT88,12.197154,-0.06692243
IL1RL2,4.2161927,2.387542
LDB1,4.105732,-4.4531407
E2F1,15.795546,-0.9437238
FAM200B,7.6179204,5.672167
FHOD3,0.2509624,-9.745679
POMP,1.9461547,15.094354
FBXO41,-7.964603,7.2849083
CEL,0.931366,0.8641113
MYO5C,-0.7132116,-1.9389571
ZSWIM1,12.881798,6.1519957
FAM3C,9.59372,2.1992157
PTPRF,10.67117,-0.06855638
ZNF431,-1.1448423,11.857588
APCDD1,4.886887,0.24056984
ZNF839,2.9436042,-4.857697
CXCR4,-9.193492,12.323707
SLC35A1,5.9046702,10.762897
IFT172,-11.431883,-1.0517192
ZNF174,-2.281588,-3.865141
EPC1,-3.2150178,-5.4252577
ZBTB43,10.07313,-2.9683008
PYGL,8.976114,8.779736
FBLN7,-2.4454858,5.3241634
NCAPH2,-8.11285,8.167119
DPH3,9.602093,2.2203465
PPP2R5C,-0.3591889,10.313974
TAL1,3.1296806,5.456462
GSDMD,1.3175421,0.56016654
ACSL4,7.8988423,7.887242
FAT4,5.0302267,7.806545
PLA2G3,5.505865,0.49160042
TEX9,6.951129,-3.881384
MAP3K8,5.703848,15.594319
CD2AP,5.737972,11.078605
CDK16,5.9870305,-0.068531536
GGCT,1.3961121,7.940209
KCNK6,10.032446,0.36379865
PACS1,-2.049828,7.8727937
ADPRM,-9.940082,-6.49772
EVA1B,2.8795984,6.1238103
EVL,8.252269,8.08809
GNG5,12.037929,1.2397205
FAN1,2.8230875,-6.4312057
UNC119B,-7.030655,8.739529
SPEG,2.1935635,-0.0032946286
TRIQK,-0.5259703,0.44188148
CORO7,-7.603305,2.823321
EPHB1,-3.8325496,-0.045655277
SKA2,13.57222,-4.212955
PSD4,10.673698,-0.071951136
FOXK1,-6.925072,10.735115
UBA3,-1.122332,11.889634
MOB2,6.7210217,-3.5282657
MYH14,9.572626,-2.0688453
SH3BGRL3,13.089593,1.620293
SLC3A2,11.794614,6.322475
BHLHE22,-1.0316768,-3.2703917
TMEM55B,7.118696,-4.052095
ABCD1,3.5298502,5.948706
NDUFS3,0.35662684,18.259422
RNFT1,2.1339693,7.555155
HMGA1,8.329056,0.77951854
RAE1,11.654262,3.2350545
MICU1,0.41240445,1.8142879
RNF208,6.384776,-2.9469776
GLOD4,3.2185879,-3.5155852
LUC7L2,-0.33753356,11.244776
SLC40A1,-1.586733,-0.93309534
ZNF771,5.747227,-3.037816
PGGHG,2.837486,6.139653
SLC27A6,-7.1291203,-1.5698699
ARPC2,4.3935356,4.2201242
POLR2I,12.421276,1.0524257
CBWD7,-10.247128,4.58821
TANC1,3.9529917,-4.943726
ECE2,16.418718,0.32070893
HIST1H2AC,-6.6564264,13.166677
TBC1D30,0.8241569,-7.9309044
REV1,-6.924994,10.742793
POMT2,-8.389956,-4.080488
LAMC2,9.900596,-2.513166
PPP4C,11.651181,2.955492
KIAA0513,-6.715931,5.790105
GRIA2,-1.0175076,-9.180519
PSPN,13.408863,3.9951463
THSD7A,3.7776585,5.1744795
SIRT5,-11.380955,-1.0863718
TNPO3,11.54792,0.04252752
KIF12,0.11962818,-9.64166
IFRD1,5.8286643,15.689413
AHNAK,2.944878,-6.39435
IL1F10,-10.960617,4.668367
EXOSC10,-7.196719,7.162656
CDKN1B,-9.938429,-6.4979978
SLC12A7,-0.32797292,-8.858711
NMRAL2P,-5.2869215,-5.9500623
TBC1D1,2.6739588,0.124269955
ZNF501,-3.2053435,-4.3025327
STX19,7.2004867,6.5122433
L2HGDH,-6.1612797,-8.815453
AFF1,1.3034617,4.119812
TGOLN2,4.4889297,7.40964
SF3B1,0.864069,10.462371
TINF2,5.95109,-0.051378015
AADAT,-1.1402842,-3.3349264
NUDT22,4.2472486,16.842682
PCGF6,6.9026,10.4474745
CTDSPL2,-9.880188,-6.801665
HERC6,-2.243591,8.678155
INPP5E,-8.072852,4.7744823
HEY1,3.8373418,4.8535695
RPL36A,10.934334,8.534717
CISD1,7.4424524,6.1474953
PPM1K,-1.92326,1.6608645
ZNF780A,-4.560249,-3.714653
VAT1,0.43013677,1.7984077
SPPL2B,-8.001286,2.516002
CACFD1,0.80926955,6.33584
ZNF404,-11.400668,-1.0863583
TMEM45A,-5.310779,-5.967368
NSMCE2,7.957396,10.626876
RAB13,-2.1401443,7.9248695
LCAT,-7.680018,2.9359663
BMT2,5.0666304,11.421283
FEZ1,2.3117282,9.745692
MRGPRF,2.2381423,0.0400768
RNF149,0.35295847,7.797863
MRM3,8.931813,-1.6542612
JUND,10.249415,5.2279124
ATAD2,13.987242,-3.9434006
SOCS4,2.1075346,7.5435596
SHROOM3,-1.1395932,-9.215253
TAB2,1.2557915,4.8951597
CCND3,-3.256292,11.523764
MRPL38,-1.0225507,-12.509006
ZNF774,-4.5776157,-3.7105587
UBALD2,15.418332,6.9595227
YBX2,0.27077705,-8.509858
MAP1S,4.4815483,7.431711
TADA3,-4.1524367,2.1444843
GEMIN6,-3.7201328,-4.0228133
ST6GALNAC4,-1.8931135,1.8226087
XPC,14.311886,6.3905993
POLE2,15.319788,-2.1482902
ZNF681,-6.499585,1.0520003
HAUS2,4.82719,15.095368
CPE,0.7965036,-0.46653086
IBA57,10.250728,14.887216
SPINK5,4.566749,-1.7175876
SAMD4A,6.0930223,7.6110244
NINL,3.055834,6.069962
FAM198B,-0.60864806,-1.2120894
TMEM176B,3.4843597,9.252051
DNAJC13,2.9465017,-11.8026495
DCST1,-7.389792,-4.274226
FADS3,5.2343907,7.752348
MED20,-2.0080647,-3.1731915
ASCL2,4.0902395,2.4991262
GOLT1B,2.369453,8.195575
FAM161B,-11.515651,-0.9774982
OSBPL1A,-0.5365583,0.43954983
TPM4,11.753119,4.4831266
SELENON,-2.038507,7.8629107
ADCK2,9.606447,-2.0932152
RSPO4,-7.8123817,-1.2918311
PRKAB2,-0.66025984,10.8301325
PPP1R9B,7.0033374,-2.0151837
MAP3K9,6.5584335,3.8023024
ECHS1,-4.097974,2.1325424
PLSCR3,13.090334,1.6209754
PNPLA7,0.10457595,18.534418
FYCO1,3.042786,-6.686948
APH1A,9.630847,-2.1334333
SLC6A17,17.436682,4.138185
KIF20B,13.987951,-3.9419286
HSD17B4,-5.305967,-9.289335
ATP6V1C2,7.504809,2.9154418
NPR1,-4.438878,9.810066
SLC9A2,1.9044597,-8.220957
MAPK12,2.8355722,6.1381435
DNAL1,0.7297889,-7.8232617
SLC25A3,11.614054,8.3968935
INHBB,0.7457509,-7.8379984
P3H1,-6.1192746,15.993487
POLR3F,-1.6693493,0.5667012
SRD5A1,-3.4665232,2.0298033
KLHL13,1.4225389,-8.18056
RBM26,4.6033354,11.822064
ACSM3,-3.160577,1.9321575
HMCN1,-0.41317752,-3.204196
KMT2E,15.722315,6.6012034
FBXL6,15.684377,-1.0563262
HOOK2,4.9907193,-3.9470403
NECAB3,-11.258959,-5.9773493
HOMER1,1.2753855,8.395432
SURF6,11.892471,12.450692
MED7,7.517635,5.78043
TMEM256,11.970655,1.2879016
TBC1D10A,12.637386,0.78336555
ZNF25,8.355522,0.7938951
MARCH8,-5.5913763,10.321967
ZFHX3,-2.8137019,11.65221
SYNE2,2.7847135,-6.5343113
ATP1A1,-0.6863313,-10.284823
PEX11G,3.6467311,17.268557
EIF2B5,-2.8475978,-1.279597
SCYL2,4.5883102,14.732742
RYR1,3.5336115,-3.9465623
WDR26,6.522322,3.7662468
SNX6,6.719897,9.488901
GOLPH3,3.8475103,19.666428
ZDHHC13,-6.1624975,-8.820828
PAFAH1B1,10.104386,-3.1032746
NAV2,-5.023236,9.845463
CKMT1B,0.3773405,18.216993
ZNF341,1.7723011,9.796315
KRT74,-2.2867975,-1.2118092
LRIG2,0.6583581,6.0102115
SCNN1G,-2.835914,11.636277
GABPB2,-2.074356,-3.1271634
PTPRK,7.966654,5.2948103
SLC38A4,1.8643485,10.012202
WDR83OS,11.916762,7.1777825
TAF4B,-3.8445263,4.4344177
RIMKLB,0.24858142,-0.73660773
CENPE,14.366431,-3.8042097
MGAT5,4.8315964,7.987552
GPR137,6.665769,-2.5823987
FLJ20021,3.6104815,2.968229
KLHL8,-1.3558726,15.128831
SLC2A4,0.8844667,-7.999972
GSTM5,-4.4353085,6.6468186
TBCCD1,-5.1225867,-9.758626
TCF7,-7.5840006,-1.2993466
GOLGA8A,-7.520467,1.7224934
ACTR5,-8.465821,8.313044
SLC4A1AP,-2.4851227,-2.9337537
GFM2,-1.4301205,15.447214
TMEM192,5.7880507,13.30801
PAQR7,17.282244,4.652779
PRKCH,10.042097,-2.9644222
LSS,4.6435313,-6.362943
ADAM15,-7.719163,5.4276247
ACLY,-4.23509,1.9890565
ZBTB11,-1.1398436,11.937889
MARK1,3.542944,-3.9621441
PNRC2,3.8187954,19.695185
MCOLN3,-2.4606133,5.3523517
TOMM20,8.172725,10.573204
SOX5,-5.224374,0.4629798
MMRN2,4.0150933,4.8460865
ACSS3,-1.7513062,1.5198078
HNRNPH2,11.951463,4.319986
ZC3H3,14.398044,7.5938997
CIART,-2.9082232,12.1730795
NFIC,4.6588464,-6.3602443
FOXRED2,10.703109,-4.7521815
RBCK1,8.621292,-5.7895527
BAX,12.222257,1.1399732
PCNA,15.350688,-2.9507442
EIF2AK1,-5.1442304,-8.400016
COQ9,3.5916739,15.786414
PDK2,14.335921,6.3577394
SERPINB12,5.1926856,1.113998
COL4A5,-7.2561426,-4.3253565
SFT2D2,-6.9452157,10.698837
BARX2,-7.824053,-0.9119937
PSMD11,12.747362,1.7570148
TMEM237,2.7501578,12.441047
RNF219,6.763288,9.965641
BCR,-8.938919,3.4596276
FAM98C,4.873744,1.67228
PURB,-3.4390635,4.193891
SRL,-3.9620574,-1.943775
SYK,4.2066026,2.3966932
GALNT14,8.950511,8.753446
PPM1H,0.2486139,-9.738875
CASKIN1,-7.577587,2.788192
CBR4,4.136978,12.339185
BCL7B,-3.8071463,4.1934056
THADA,8.996358,-1.7313963
NLN,-0.697158,-3.9536738
CYR61,4.2538853,4.6628294
QARS,11.615678,8.398479
FANCM,-0.6369482,5.025725
RAB22A,-3.4456906,4.202535
FKTN,4.140498,12.338243
TTC39B,-5.3016334,-5.9582944
RAB27B,6.853507,14.518698
SLITRK4,-3.0605233,6.8106637
UCN2,-7.257663,-4.3184414
KLC2,13.381828,3.9206655
EDF1,11.746847,7.2584724
VWA1,1.3081412,0.57649654
KCMF1,5.0361605,15.260567
ZNF469,4.877788,7.9257627
CMIP,15.565183,6.8114576
ANP32A,3.970893,-5.0304418
FRMPD1,-10.919185,4.628832
TMEM164,-3.4688127,2.0237386
RDH12,11.08648,0.15825927
MST1R,5.2027946,0.99424165
KRT73,-2.7582698,-1.2818614
MED22,13.676071,11.003869
PLOD3,1.659067,12.0055275
FURIN,-9.190709,3.626708
PSAT1,-2.580155,-2.8932407
LSR,12.262942,0.48333263
CCDC167,-2.1237795,-10.102047
HIST2H2BE,-6.6567307,13.164772
ARHGEF3,-5.98304,-8.4778185
POMT1,-11.102609,-5.586422
HSPA6,10.203936,5.181872
ACTL6A,-4.5067234,4.0230308
EWSR1,11.675107,2.8585122
ERO1B,8.891557,0.26816526
APOBEC3F,0.9353981,-2.8759964
SRPX,-2.9360638,7.244819
GPR89B,-7.021022,1.3639208
ZBTB47,2.5442677,9.565499
CCT4,13.770689,3.4243867
ASIC3,-11.07273,-5.5779314
EDNRB,0.7460041,-0.4160432
IL10RA,-8.918508,11.876095
HNRNPR,-4.059456,3.8726048
FAM83F,2.9742835,-6.3558855
XIAP,5.2323875,11.243798
SYT12,-8.437842,-1.0927078
AMPD3,4.259765,2.349309
EHD3,-7.852297,-0.9338711
RPL15,11.387069,8.2027025
NDC1,-0.6987983,-3.9455194
ZBTB26,-11.171389,-1.6317965
COPS7A,8.891878,0.25983784
PDGFRL,-2.7549105,6.132657
TMEM241,5.7502904,2.7783406
NBAS,-5.922418,-7.4488254
ARV1,7.2523346,6.5539856
ATP6V0E2,0.2117515,-9.71171
EMC8,11.712578,12.708237
MAML3,9.569817,-7.759601
CANX,5.223608,13.693925
KAT7,14.119514,8.743947
RPL27A,11.129098,8.343204
CAPN8,-7.3883514,-1.4423169
TBC1D23,5.6758876,11.719561
LRRC40,-0.6326039,5.0015297
STRN3,-10.897452,-6.1120934
RPL14,11.094497,8.364812
FAM220A,-5.954209,-8.268059
ACKR1,-9.78427,6.04163
RIOK2,4.313237,14.375654
ADAM28,-10.910162,11.357217
ADAM9,6.916627,8.897248
TMEM144,6.914501,-3.850806
REXO1,7.087751,-4.0125394
URI1,-1.082516,11.893004
SERPINB3,5.746689,2.7748833
TMEM56,7.5758066,-9.239089
GDI1,-7.6742473,3.9733078
NCOA4,5.879871,-8.907245
ABCF1,12.137517,0.3555748
SMYD5,8.485559,17.47349
HMGN3,0.43047035,1.7979801
EIF4A2,7.2886753,6.2354198
STAM2,5.327215,11.229914
PLEKHA4,-2.5682518,8.108226
MADD,4.6841197,-6.2854943
DUS2,-0.89388627,-6.461361
STAT6,5.0395393,-3.9117568
ESF1,4.1698093,14.786741
RAB9A,0.8926326,5.5754766
ABHD17C,4.5618386,-1.7228774
ZDHHC2,1.4521497,-8.152053
PTP4A1,5.8435235,15.696693
SLC25A29,-8.054773,1.4974996
ZNF79,-2.2313366,-3.8132296
ABCA9,-4.075547,9.876116
GNA11,-6.7813535,8.45596
HOXC6,-4.2817082,12.15753
HSPB2,-4.0856752,18.016468
MTMR14,14.288015,6.4307237
TAMM41,-2.8636231,-4.285171
DNAL4,-5.3936067,15.058976
CDC42,0.7977495,7.2426243
SLC47A1,4.2445064,0.829471
ASXL1,-6.823006,8.185457
ZNF574,15.494211,6.7895203
SMARCAD1,-1.4310222,15.449521
RAET1E,4.284981,0.9192907
SPCS2,12.0173435,4.06977
WDR6,-11.09432,-5.6069684
AKR7L,-8.149354,2.6191685
RNF225,-11.379998,4.882551
HNRNPDL,-1.1422492,9.729302
SEC24D,7.9241843,13.412503
EIF3L,11.565142,8.376114
GPAM,2.2458625,-1.0096005
TSPYL1,10.228859,-3.379706
EXOSC5,16.400312,0.3245423
DTX2,4.06572,1.0237851
SELENOI,5.799658,-8.806493
GTF2B,0.83766687,5.5657506
RRS1,13.3013115,3.6431906
TADA1,-1.6887928,10.134037
SLC4A11,-11.605029,-5.6981516
ZNF226,-4.6204033,-3.6667144
PHF3,0.95054024,5.5036917
ZNF519,-8.950932,3.4710362
HRH1,9.778165,-1.6725794
MED24,10.130239,14.654626
NTNG1,-3.2731638,11.533426
TANK,6.9597225,10.511947
CYGB,2.861988,10.182004
TRAF2,4.0564265,1.0298946
KRI1,9.649111,-0.23776932
KCTD3,7.2575116,10.316631
TMEM176A,3.498494,9.242661
GOLGA7B,-2.847452,-1.2840972
SCFD1,2.1586282,7.6843705
CLCA4,-6.8420267,-7.7634344
PEX1,4.5904965,11.832544
SBSPON,1.9034681,-8.197969
MT1E,7.41953,7.62203
RCN2,6.71153,9.438397
OTUD4,-5.1735287,-9.482628
COQ7,-0.62930346,5.0247655
ZNF121,-3.8032422,4.47387
ZSCAN29,12.472851,7.3885903
ERH,-10.216406,4.541067
IPPK,5.6480308,-8.614408
CNEP1R1,-10.520382,4.5830846
RBX1,3.7169006,15.297694
ID3,-7.035259,1.3729683
RPS6KA1,8.956789,8.761091
UQCC2,-4.151321,2.1354883
BBS7,7.075263,5.9519696
PEAK1,5.024211,7.824131
MLLT10,-3.9772356,-0.031540252
MRPL40,15.497134,4.0134096
DIP2C,-9.83705,6.092598
ARID2,15.731385,6.5906477
FAM104A,-5.2926817,-9.285739
ITIH5,-2.7068222,5.9796634
BCHE,-6.825287,-7.7488847
LGALS8,0.98849964,5.3698626
PNPT1,-0.7407204,-3.8659406
ZNF75D,11.660274,6.293648
PCDH18,-0.48899102,-1.2812879
PRELID1,8.271011,17.06995
SUCLG2,7.2115946,8.556455
PDE1A,1.0888132,-1.5081416
LMCD1,0.7705799,-0.4213978
ALKBH7,-1.0281813,-12.509892
ZNF24,-1.7606891,10.269626
SMO,4.2729497,-4.037138
LCE1E,7.8811636,3.1733081
WEE1,10.805553,5.683613
SDE2,0.8892938,8.553289
MLH3,-4.563163,-3.712652
FAM126B,0.35550973,7.8240914
STYXL1,4.533121,2.2195795
CD52,-9.726708,11.526674
AIFM1,0.59278005,17.952654
VPS4A,11.919273,3.5349998
CTSF,1.6635165,12.004167
CLCA2,-5.5574284,10.29354
NUDCD3,4.7319884,-6.2346573
XRN2,-3.9995286,3.9784582
FBXO44,-7.7852077,-4.3868966
HDAC7,-8.069632,4.786764
APOPT1,5.9156146,10.740838
EMC6,7.1236615,-4.057999
KRT14,8.690434,-0.34136134
TRIM8,12.191765,7.051941
PTPDC1,-11.368499,-1.1327528
TCHH,-2.2928753,-1.2142322
DNAJA1,2.5080101,15.580691
SLC34A2,-0.53250325,-9.952354
MACF1,1.5353898,4.428079
UBA6,-10.697336,-6.1677084
BRWD1,-0.37776423,10.354054
AAMDC,14.321852,6.3738384
PAK4,8.381581,-0.48663598
SDHD,1.9664448,15.02181
SEMA5A,1.9975089,-8.153011
NKD1,-3.0252452,9.72418
IGLC1,-8.704819,12.609464
FBRSL1,-7.6892705,7.7850876
ST7L,-5.955921,-8.288086
ANXA1,-4.085767,18.0165
FAM107B,4.7766657,15.042405
CYCS,-1.7904533,0.45472747
HOXD8,3.6478105,5.3914733
ZNF493,-4.573881,-3.7125432
PHKG2,-7.693404,3.779284
CREB3L1,-2.4364135,5.308016
ZBTB7B,4.3845606,-5.7823167
PGGT1B,5.117254,11.207849
PLCXD1,6.58954,3.8327444
LLPH,2.6801724,7.6957884
RAD23A,11.954409,3.563769
ENO2,9.724283,12.895464
CCPG1,-0.52942026,0.43375966
MANBAL,12.242488,-0.32585067
TMCO4,0.8424049,-8.005313
IREB2,-0.272842,10.677534
ZFAS1,10.512994,9.016057
UBE2A,7.3187885,8.993038
SLC25A37,1.904626,13.155609
ABHD17B,-5.195321,-8.36968
GMDS,-0.9597141,-10.285427
FLAD1,8.271762,17.06814
SERPINB7,5.0733767,0.96461403
GHDC,4.2791886,8.230855
SLC17A7,4.317042,8.19177
BICC1,-2.9395607,6.8894086
TIAM2,-7.1250834,-1.574254
KBTBD11,-3.8378406,10.187962
SCUBE2,-4.658449,6.8249435
OXLD1,-7.5052586,3.469394
ZNF609,-13.250665,2.1568692
CKMT2,-11.630311,-5.6575007
HELZ,3.8468802,19.667395
TNFRSF10A,-4.0287623,4.0243073
FAM20A,1.1110555,-2.675601
SKIV2L,-7.860361,3.5828989
RIOX2,-0.16224185,2.9005725
METTL17,-7.775363,-4.3725123
ENDOV,9.079624,-0.524223
WASF3,-2.283692,10.233599
ERRFI1,-2.8862007,11.0571785
BACE2,2.8700838,10.190122
GPBP1L1,-9.724929,-7.093932
BICDL1,6.2877674,2.230682
HOXD4,3.664624,5.3449845
PDE8A,1.7326835,9.796362
ANO6,-0.6750269,-5.996971
CD68,1.834197,11.717877
AZIN1,5.215209,13.655765
MARCH5,-10.845132,-6.116619
ZNF581,11.833405,6.8255024
FBL,11.472121,7.9215665
ADH6,-3.0221107,11.249584
BTRC,-6.312655,-7.5134344
HOXD9,3.6644032,5.3658442
AARS,2.7864451,12.482999
RAB3D,4.5728645,2.1056643
SLFN5,2.3298512,9.434244
ECSIT,-1.0283568,-12.510111
GEN1,-1.201175,6.9204946
HIC1,4.6945186,7.9983845
DNAJA3,3.5944695,15.763252
TPK1,2.3409362,9.398985
CISD3,4.022358,16.74053
CREB3L4,1.1727728,-8.109441
EPN3,5.106679,-1.8469527
PMPCA,10.126401,14.530971
PKN3,3.217127,5.6668935
MPZL1,7.923469,13.412064
ARL8A,11.878723,6.821247
FOXQ1,-5.511457,0.55793744
CS,0.28237066,18.218431
SYNGR2,5.9567494,-0.058299072
IDH3B,8.281418,17.067045
DCTN4,-0.51808053,11.782928
ZNF43,-2.9671268,1.6807598
CDC20,14.313017,-3.8373582
ARID5A,1.2932081,0.5903212
ADRM1,11.532489,3.1638227
RPGR,-2.8206508,10.831899
ANLN,13.64254,-4.152755
RMND1,-1.7654676,15.195239
CCNT2,-1.111443,9.671415
SERTAD3,10.241155,5.2199235
ADAMTS7,4.159237,8.344843
RPL10,11.512636,8.297849
FAM3A,-1.0219336,-12.508256
SSR3,7.12293,8.858812
DTX4,7.5763073,-9.2394905
TMEM119,1.1881863,-2.7706351
GNG12,-0.4395155,11.828449
GSTA4,-5.810132,-5.502171
PPP1R21,-4.3034396,-8.659786
RNF169,-6.667128,8.525787
CA12,4.2745233,-4.2987027
FASTKD3,3.0798366,-10.772768
EMC3,12.262302,7.0872593
ZNF608,1.1352853,-1.3952956
PDE1C,-0.74718016,-1.6219479
DST,-8.112764,1.5198354
VPS33B,9.627683,-0.21567598
GMPPB,4.216054,16.830034
FAM129B,-7.666652,8.387037
BEND7,-0.7243611,-1.8972456
ADCY8,-0.47420582,-8.752988
FHOD1,1.3820938,0.6143647
ILDR1,0.28066492,-8.500058
NEK6,-0.55940235,-1.2473757
SNHG20,4.3454084,4.3278227
SYMPK,-7.7944193,3.9769638
LRRC41,13.990315,8.250684
PAQR6,1.9040985,10.329317
FBXO21,-8.475197,6.763286
IGIP,-7.205965,7.209201
SPATA6,10.040182,0.38158175
AFG3L2,-5.1509056,-8.400357
TIFA,-9.924534,-6.5261126
CLDN4,5.0682964,-1.85846
GPD1L,-4.952383,9.359775
NCOA1,-8.461382,6.7743726
PRIMPOL,7.0334206,5.979142
FUK,-8.572148,1.0156171
AK3,5.7474384,11.054844
DIDO1,-7.520197,1.7075882
BIN1,3.6557014,8.978985
CDK19,-6.310418,-7.5308347
INTS8,2.3965602,-11.749339
FBXL17,4.7842584,10.928851
GTF2A2,7.323029,8.993251
ABHD14A,1.1762391,-2.7642968
BRWD3,-0.38406867,10.3401785
UBE2Q2,6.770846,9.059593
BCL7C,6.4559803,-2.9635699
CMAS,2.1290774,8.080968
KIF2C,14.287259,-3.8152025
FSTL3,5.955489,7.6255364
SLC2A10,0.29614276,-1.186604
FHL3,-2.7243152,8.258948
PHF21A,3.1956785,-3.4858732
GOLPH3L,2.3582175,-11.764368
MAP3K11,-8.111003,8.159238
RNF185,12.181639,-0.064747244
CBL,10.428789,15.1081505
COMMD7,9.069228,-0.5083259
MMACHC,1.8498039,10.038981
SPARC,-2.4154956,5.2705107
PLBD2,8.242221,13.935933
CARS,-11.113988,4.7508073
DYNLL1,10.035534,0.37829614
TMOD3,5.2357025,13.789404
DRAM1,-3.9088755,10.123095
TRIM16,5.9306717,-0.041216236
PRMT2,-5.885188,-5.5111446
PTPN21,-5.2593274,-5.88901
PSME2,18.699678,2.7288842
CLMN,-4.307611,9.8072605
ZNF800,-0.22142604,12.110298
GHITM,1.9470152,15.003703
S100A2,-7.7916203,-0.7294437
MEST,-1.5222677,-0.9318558
BVES,-0.18714076,-0.7918334
INHBA,1.4732786,-8.189166
ZFP36L1,11.240952,6.162641
TAF2,-0.44844136,5.296834
HSP90B1,2.694605,12.381154
LIPK,4.2758946,0.9270036
LIMA1,4.182392,-5.3897176
SMOC1,-1.0273644,-1.3062344
MRPL1,7.2506804,6.4244485
MCM6,15.328844,-2.1033678
F5,-0.22944848,-8.923455
MR1,1.2793139,4.056053
FTL,1.8160167,11.742364
TGFBR1,7.935814,13.424486
PTGER4,9.120027,-0.55113083
FIZ1,16.266893,-0.2110956
FAM95C,4.951556,0.66371024
YIPF4,-9.969984,-6.4985795
PRKAG1,-4.453309,4.0085096
ALDH1A1,0.5991959,-3.1150258
MMAA,-3.1372457,-4.287388
PYCR2,-2.069754,-3.452287
SLC26A7,1.9459417,-8.181604
LDHD,-3.0681162,1.8760242
ACSL1,-3.1720412,1.9609803
HOTAIR,-11.67874,-5.599675
PPOX,-5.9826703,0.8047586
PLEKHJ1,13.542129,11.82541
CCDC142,-0.3371626,11.250259
RCC1,13.761498,3.436363
MOGS,-8.220407,2.9377825
ACSF2,-5.5751133,-5.358146
AMIGO2,-0.70707124,-1.4206189
CTHRC1,-2.8474114,6.7499356
MACROD1,-1.3142053,-12.702305
ATP13A5,-11.96199,-5.332658
CIAPIN1,11.936064,3.504142
CNOT9,9.1899,-1.2885144
FAT2,4.548357,2.1223977
CRTAP,-4.085837,18.016651
SPCS3,1.6252775,8.701046
GSTO1,-2.1266072,7.9220743
ADCY9,-5.2232914,9.940495
ROM1,-7.669352,3.9751034
ANGEL2,4.562321,11.860439
ASCC2,8.769142,0.11628456
RBSN,10.251696,-3.412178
PNPLA5,-2.5726259,2.6141975
DEPDC1,13.645321,-4.1570835
COX18,-7.0247574,1.3678356
LCN6,-4.974426,9.418886
LYPD6,-7.0490084,-1.5984828
TMEM128,2.1505313,7.7358375
GPRIN2,3.860152,-4.6449876
REV3L,-0.6789058,-6.0179033
CHN2,-1.6174568,-0.94143504
KRBOX4,-7.212563,7.2207074
METRNL,6.6495647,-3.4330213
AARD,-0.5892279,-9.993077
EVI5,5.2825394,11.249736
MKL1,14.402024,7.5609727
FOPNL,-1.0793488,11.926757
HAUS1,7.4878054,10.996158
SLC12A6,6.7190404,4.0028834
ZNF219,5.9308643,-2.9667633
MYNN,2.3050218,8.196972
PDXDC2P,0.8936057,10.574537
HERC2,-6.9639835,8.615442
CNNM2,-5.4414935,-5.168299
POLR1B,-4.5263376,4.023916
P2RX4,1.6647891,12.001371
FCF1,-5.1256104,-9.918086
PPP4R1,0.9007312,8.547916
DAPK1,2.3380294,9.430361
GUCY1A2,1.1132833,-1.476732
TRNT1,0.020842854,3.2843406
DNAJC18,3.1791549,5.4299426
ZNF383,-3.1399896,-5.5567007
TFAP2E,4.872281,-6.2243023
NOL9,-7.570946,8.819377
GRAMD1C,-6.1238146,0.8114567
TIMM22,16.420883,0.31640938
PGBD5,-7.579526,-1.3053255
GALK1,16.498165,0.12344621
IVL,5.1814404,-1.9179466
TXN2,3.185411,16.581516
TBC1D25,6.734634,-3.5508864
PRKACB,-0.7585549,-1.0317869
GOLGA7,0.68171453,7.4719067
SLC25A38,-4.940612,9.361241
ANKMY1,4.078859,2.5091596
FAM102B,9.798085,-2.2594168
BAG1,9.663067,-1.9777676
GLB1L3,-11.374532,4.8882904
POLR2L,3.763521,16.679798
RADIL,-4.085815,18.016638
CRTC1,-5.247986,9.940366
PLEKHA1,-6.1728234,-8.837218
DLAT,-10.681931,6.7727613
SUPT4H1,8.31587,1.1468756
ZNF451,2.367245,8.195532
CYP4F22,8.265109,0.85691214
TTLL7,-0.7598337,-1.0243155
PLXNA3,1.6683602,9.743932
ACD,4.645982,10.754662
PRRG1,-9.909993,6.16779
CCNK,15.688249,6.7582684
DGKQ,4.648317,-6.3418207
SPON1,-2.936695,7.2633586
DMPK,2.7536802,6.1706533
GFM1,-10.682104,6.773958
YWHAZ,10.3349495,-2.4441166
SOX15,5.426508,0.580349
AATBC,-3.7250166,2.1005921
CCDC121,-3.3702538,-4.2656627
FRG2HP,4.357953,0.91609865
NMRAL1,-1.312668,-12.701025
LAMTOR1,12.239601,-0.3262267
NSA2,7.505413,10.760804
STAR,-6.755167,-7.7404757
RPL22,11.390935,8.206166
TECPR1,0.8078193,6.349657
CCL19,-2.1938543,8.215554
FRZB,0.16756035,-9.679612
FZD3,-6.84798,-1.6377169
NOCT,-1.006291,6.8706794
SHB,8.825805,8.63879
FAM96A,6.499583,9.909409
PRKAA1,-3.5158374,9.403312
PRIM1,-8.922943,3.1966765
HSPA8,2.550978,15.602113
RIPK4,3.1920285,-3.4813154
SMIM5,6.4063206,-2.9925003
ZSCAN5A,-1.1975069,6.934608
DTD1,-1.3918262,-3.3735497
HCN2,-11.961553,-5.333577
DHODH,11.686026,12.751683
PDE4DIP,-6.0480676,0.7618795
PSMD12,-1.0906998,9.679446
DIP2A,-7.776946,-4.3596
CAB39L,8.948298,8.752168
REL,15.6682825,6.7963367
FAM171A1,1.3984655,-1.9231002
SNRPD3,-1.8022286,0.40432194
INAFM2,2.820494,-8.358634
CLN6,8.4857645,17.47398
ETV1,0.73840255,-8.13269
FOXF2,2.694637,10.055018
C1QTNF7,1.5499296,-2.2046072
MAN1C1,1.8348397,9.834022
GRM2,1.9050205,10.35294
SETD3,5.0314393,15.25728
AURKA,14.2923975,-3.8525493
PCID2,-3.7351618,-7.3775935
AP2B1,4.485424,7.4145055
ITPKC,11.091589,6.003228
PTPN14,-3.9595745,-0.02308507
ANKRD12,-0.28800124,10.632096
SUV39H2,1.3110259,8.367087
SLC52A2,8.269602,17.066275
EXOG,-2.9272258,-0.31571883
ZHX3,-6.968675,10.640698
CCDC69,-2.9368684,9.71512
DCAF10,1.2543286,4.9146185
ZNF561,2.3659298,-11.767791
LCN2,5.7560716,2.7689064
ARRDC2,-2.8085537,10.762071
BCAS2,5.290097,15.429052
TSEN15,0.025546798,3.2979949
ZC3H6,-6.098063,0.802435
PLEKHG2,4.2411,4.669619
DAAM2,4.416832,7.554458
TYW5,-1.1084807,9.666104
PTPN4,4.6161,11.81001
SOBP,-0.9305689,-1.271739
RNASE4,-4.0802083,9.853019
PTX3,7.846845,7.8605456
KIF16B,1.4506606,4.546313
NUDT13,-9.176265,-2.8861544
SERPINA5,-2.91258,6.5772834
RFTN1,0.35813555,-1.2445779
CPTP,12.20334,0.28589907
FAM86EP,11.696536,12.738535
PPP3CB,7.8707013,5.39852
RAD51D,15.336093,-2.08184
CFL2,-0.5258371,-1.1983482
TNNI2,4.2278214,-4.125823
FAM177A1,2.0190437,8.354843
LSM1,-1.6869192,0.6069359
PRKD2,11.884302,6.8615723
IWS1,0.11805342,8.382027
DCPS,16.457485,0.15496853
WNT3,-6.7571673,-7.7393804
FAM89B,6.66802,-2.5782042
MRPL15,1.334566,7.82312
CPAMD8,0.8147723,-8.05778
CHCHD6,16.41148,0.33404228
LMTK3,8.391992,-0.48252016
OGN,-2.6080089,5.693166
PHRF1,-7.506176,5.4601817
TNKS,-0.26730353,10.683772
ITCH,-0.40281335,10.374876
EPHA1,17.242203,4.7667065
CD72,-2.1360018,-10.11292
DSCR3,1.0659215,8.588014
ALDH1A3,-0.55201465,-10.127584
PTP4A2,9.603475,2.2262414
TUBB4B,10.665054,-0.07250008
EPDR1,1.4285822,-8.182373
TRMU,-7.524193,3.4521868
PRRT2,2.957639,6.0942307
OLFM1,4.219318,4.6878166
COX4I1,3.1960962,16.561096
CCDC43,1.2488949,8.3944845
REST,5.264332,11.228094
TCF3,-8.123735,8.1817
GPR68,8.4549055,8.125465
ECI1,-3.0379446,1.7760829
ATP11A,-7.6876206,7.078363
PTRH1,17.24054,4.8114176
ZNF182,4.240543,12.211756
NOTCH2,3.0122614,-6.6626463
TPRA1,5.097564,-1.850484
FOXRED1,3.6460268,17.27545
MAFK,-2.9059818,12.16982
TUBE1,-1.6618338,15.27075
ATPIF1,3.5632133,3.0065298
CD33,-9.058619,11.735577
CLK1,4.1205707,14.775144
ECE1,-3.2056441,9.572694
GIT2,-8.237648,7.6232443
PIM1,7.256295,1.1942736
PTPN1,9.872127,-2.4712496
PRMT3,7.72318,-7.047857
MDK,-2.4637873,-0.497831
PLEKHH2,-4.079235,9.860681
ST6GALNAC3,4.405083,4.3256006
EPB41,6.696406,3.967495
SYT11,3.4717274,9.084173
DDX55,4.333778,14.40447
SRPX2,-3.1479504,9.582352
CYP2W1,4.886166,0.25753734
CRIPAK,-7.961505,7.2984247
PCOLCE2,-3.5471232,6.543127
BCKDK,0.38538587,1.8431326
AKR1C1,0.8567303,-7.943981
TEX261,11.128455,13.6792755
PIGK,-0.53094625,0.43511528
ZNF350,-2.8155317,-5.2732854
PIAS1,1.3967918,4.492287
DECR1,0.61491114,17.873041
MRPL20,0.19890231,18.41249
TMBIM1,9.734833,-0.32750496
SLC2A13,-3.5141654,9.402743
RHCG,-1.0640533,-9.256086
PCDHGA6,-11.432202,-1.0607356
NCOR1,-13.035715,2.3659978
TRIM47,-2.574393,8.123377
FANCE,-4.970047,0.34892204
SUCO,5.6701484,11.774313
SEMA3C,0.20591542,-9.710487
BCLAF1,1.7236329,8.607484
SETD5,-7.8243895,5.2586484
IFNAR2,-2.5616527,8.144964
VASP,-1.3597485,-3.353762
PPIF,-11.302298,4.841396
IGSF3,10.486267,0.28897986
CORO1C,9.85871,-2.4566748
BTN2A1,-3.0997348,-5.6582317
CLSTN1,8.836607,-0.36863548
CCDC186,-5.184814,-8.377472
MREG,1.396548,7.939436
UBE2G2,13.676579,11.002948
SHROOM1,3.1058974,6.009585
CLDN11,-4.303503,6.5517354
DICER1,0.8646125,10.464944
RBM5,7.8019757,-7.119487
ANKDD1A,-1.7210631,1.4904207
STX1A,7.8509426,-7.167305
NDUFS7,3.578655,16.386652
ANKS3,-7.8959384,3.2464685
LMBR1L,-7.6230574,3.1799119
TMEM245,4.9821362,14.000242
PLCL1,-0.70866483,-1.588341
ZNF326,0.8931957,10.411298
UNG,8.401311,-0.48264048
TRAPPC12,4.4283895,-5.964983
PARS2,-2.1901135,-4.190723
RAPGEF4,7.55455,2.8791518
GSDMB,-7.786067,-4.3906555
SLC38A6,-3.892713,-0.12382149
TMEM126B,7.1870847,11.968053
FAM160B1,-0.23205175,10.744593
RPL30,11.054358,8.402025
SLC18A2,-9.052444,11.732139
EDRF1,3.081753,-10.770536
ANKAR,12.742061,2.2839313
ANKRD27,-9.616802,-7.2431917
TTC30A,-8.910264,3.2205071
NCF4,-8.744254,11.713675
ITGB8,6.8831954,6.240413
CXCL14,-8.547494,-1.0558432
MYH6,-13.438882,-6.347758
ATP2A2,2.4886189,12.060606
PDHX,-10.772312,-6.1649265
AMOTL1,-6.9421735,10.709343
KCNJ15,-7.8046308,-0.779519
NEPRO,-1.3174651,9.883374
CAD,10.921552,13.779971
CHERP,-8.293245,7.1714025
KIAA1551,-10.690702,-6.168861
ZFYVE19,15.736391,-1.0043603
FRAT2,-5.1792207,0.42739314
AIDA,-0.53760666,0.43227908
LMBRD1,15.657079,12.620186
ACBD3,0.5262466,7.9352713
GNG10,-0.50459874,0.4542032
ZNF20,-2.3114738,-4.2920594
TCAIM,7.046827,6.0409265
PIGQ,-8.131825,8.201981
AKT2,-7.574594,5.420176
PCTP,-2.0253656,1.7399886
MEN1,11.876554,8.896643
PWWP2A,-1.5834166,15.26473
CHST11,-2.7821996,7.6276526
MED4,-11.278523,8.387677
GIT1,13.178201,0.23090379
TAGLN2,14.0387745,8.307841
OSTF1,5.7509933,-8.742673
KDR,0.92855614,-0.312029
STK40,6.5383186,-3.3302479
INPP5K,6.7307177,-3.5400302
PRSS36,4.4152484,-3.6978648
ABHD10,-9.952028,-6.4963794
LGR6,-4.710288,6.861604
PNPLA6,-7.8812556,5.5417547
COCH,-7.8328032,-1.328388
MCAT,16.421537,0.31846696
ALKBH8,5.732928,9.624454
INO80E,7.83575,-7.1547747
AACS,5.3081994,1.5458823
NAP1L1,7.513235,10.754148
ARL5B,0.699803,8.4897375
MANSC1,-7.4308786,5.718019
ZNF443,2.9633894,-10.919208
TPMT,7.1768837,11.914307
LCLAT1,-7.269246,-7.811853
ZNF146,-1.3380942,15.11174
VIPAS39,-0.94743323,-6.5680857
DEF8,-7.889175,5.5797524
XPO7,15.845652,6.498828
HPGDS,-9.064629,11.730008
LNPK,-9.399589,-6.207459
FAM129A,3.8465896,8.890402
ENHO,-3.542104,6.516803
CSGALNACT2,-0.6824442,-6.0235586
ADSL,-0.7249467,-3.9127665
TRIB3,6.280438,2.2473419
IFT74,6.337618,9.952305
GPC1,4.244939,-4.075762
ZNF557,3.0209534,-10.836301
GPLD1,5.222616,1.1129875
LPCAT4,-6.586082,5.8919578
RAB32,2.8746557,10.19212
GLB1L2,-10.914587,4.6229825
TMEM19,4.254694,0.9385188
RPL7L1,-1.0707694,6.8513727
CPOX,-2.2244725,-4.1509585
SARM1,0.12216806,8.374158
LRRC37B,-5.005233,0.36080822
ARMC10,-4.399294,16.83792
FAM153B,7.70683,3.0926778
MYO6,-11.157963,4.7713027
APLF,-6.155532,0.8320301
TSG101,15.857499,6.484254
G2E3,0.9398917,9.977285
PLA2G5,0.8951018,-7.959295
EDEM3,-1.4149752,15.168542
PXDC1,-9.833015,6.0873046
CCDC174,-9.573731,-7.297251
ETNK1,0.93235195,9.999953
COPZ2,-2.6630547,5.802003
HMCES,11.593532,3.0687106
RALB,-8.572159,1.0154523
SMAD7,-7.0181327,1.3619746
CDC14B,-9.901415,6.1811647
ANGPTL7,-6.804498,-1.6516722
YPEL2,-0.19785173,10.91061
ODF2L,3.9433396,2.6379566
ANKRD36C,-13.981861,5.068342
HNRNPLL,5.63815,13.396158
PRKRA,0.36307448,7.8324113
PABPC1,8.197967,10.572051
BCL11B,4.275115,0.9412874
TRAF5,2.2670498,9.713501
MPLKIP,12.043444,4.045032
IPO11,7.409244,6.1738153
PREB,-13.9827175,5.068598
GRK6,8.936315,8.742802
NDUFA2,3.593173,15.725726
FEM1C,5.8255777,15.685396
IFT27,15.34104,-2.0669537
TMEM168,-6.575302,1.1062847
TBC1D8B,6.9737487,-3.8975801
PDHB,0.5088551,17.980192
MT1G,7.419944,7.618507
PRR13,14.716092,7.8135953
NRG2,1.9248979,-8.199344
CSF2RB,-2.6175978,7.858341
RNF39,7.2084312,1.2252132
ADD3,16.421036,0.31839398
ICK,-3.0635517,-5.9136233
GOLGA4,-0.26924387,12.043067
STARD5,-5.5657287,-5.528196
NDE1,9.658024,-1.962302
CADM3,-3.562664,6.549615
KLF11,5.779702,15.650789
JMJD7,3.1362348,-4.735725
PPP6C,0.7840982,7.141299
SDF2L1,2.6813724,12.369802
EDARADD,4.0434213,1.0279334
SLC43A3,2.8705971,10.194393
TRPM7,4.2377515,14.81171
HOXD3,3.6599934,5.3502903
NPM1,7.520178,10.754368
HIST3H2BB,-6.656343,13.165063
NDUFA11,3.74118,16.722908
ARHGEF18,-7.214831,5.5827746
KMT5C,-7.1966705,-4.269245
ZMYM1,-1.5811679,15.253581
HAGLR,3.6636941,5.347678
ACOT8,4.319528,-4.9663167
RERG,-0.5834721,-1.1028776
PAM16,11.87713,12.43051
NCSTN,14.121822,8.722401
NUDT4,4.153733,-5.612562
CUL4B,3.844777,19.66991
CSF3R,-10.882072,11.330057
RPN2,2.6936338,12.379312
DCAF12,-5.120745,-9.80316
GOSR1,-6.8513584,8.322644
WARS,1.2983329,0.5682465
IK,11.780176,6.2953086
APOC1,-2.7294874,2.3717132
DFFB,-11.477156,-1.0139202
KIAA1143,-1.6719812,10.130092
RAPGEF2,-7.714685,1.8763078
HEXB,-3.1065829,6.732099
TNMD,-7.125203,-1.5701543
ZNRF2,5.6638913,11.78514
RGS22,1.8044181,11.788855
NME6,-2.368616,-2.9911182
MFN2,9.848819,-2.373702
PLAGL2,-6.9279065,10.718883
IL1R1,7.794579,7.824553
STARD9,4.082511,7.3444457
SPTSSA,6.69956,9.386502
APOL2,-2.0321624,10.166779
TMEM63C,-3.000928,11.2566185
SNHG6,10.2264,9.288335
NTF4,4.6442623,-4.2399497
SUMO3,-5.8583317,-5.504148
LMF1,2.548316,15.596606
NEK9,2.3987067,-11.733357
EME2,-8.710315,8.449253
GPATCH3,11.5360985,3.1818404
EPAS1,4.4838786,4.2673354
LCE3D,5.8846645,2.659821
TEAD1,6.98989,1.3298341
WTIP,3.333662,5.779692
LRRC37A,2.0489826,9.638271
SH2D3A,5.8500433,-0.22750565
WDR91,1.9213041,10.356639
RRAGD,15.6360035,-1.1098397
DIS3L2,8.975789,-1.7173047
TET1,2.5695639,-8.163015
CCL27,5.4065614,0.5694101
CREBL2,-13.218164,7.564016
SEC11A,4.4978867,-6.0439463
PRDM6,-4.328708,6.587182
TXLNG,9.602211,2.2269723
CDC42SE2,4.8300343,10.957801
SPRYD3,10.701298,-4.752394
CPB1,0.93796647,0.89568317
BORCS8,16.083874,-0.4959926
PRMT7,2.975303,-4.8214197
EFR3A,-0.4619326,11.82638
B3GNT2,-0.72014743,-1.9937499
INSIG1,-8.009275,-2.7513194
EMB,4.423256,-1.8249922
IRAK1,-7.491057,8.332772
THNSL1,-3.323115,-4.206342
HGF,1.1132334,-1.9871395
ASIP,-3.1065223,9.578357
TMEM33,0.48832384,7.9260206
TWIST2,2.692448,10.051091
IRX1,3.8959408,8.874989
CEP57L1,9.606497,-7.7925844
SLC4A5,-8.252969,2.5836325
COQ8B,12.240753,-0.29222068
NACAD,3.649223,8.715449
SRSF6,15.582797,12.543816
COL8A1,-0.57862276,-1.3275486
CYS1,1.1870141,-2.7750394
SUPT20H,-3.0896676,-5.6822433
PRR12,4.436076,-5.9787965
GGA3,-7.603541,5.4582033
FBXW2,-4.2824903,12.153899
TBX6,-0.9027345,-6.6644273
WDR20,8.925918,-1.6549551
LSM7,3.6987414,15.336408
ANAPC10,6.299514,10.001934
ZNF260,-3.090382,-5.6901846
ZCCHC8,4.146207,14.773645
MAPK1IP1L,11.3834505,6.247563
RELL1,14.103974,8.809583
PAF1,12.2705555,0.40814203
RNF103,-0.32541195,11.066075
MRGBP,-1.0213361,6.6355047
EPB41L5,-5.126198,9.8743
SLC28A3,-5.1458654,-6.0554757
COPZ1,12.199176,3.625015
COX7A1,3.5956292,8.885248
TMEM184A,3.7496076,-4.6590166
SRSF9,12.489983,0.96722263
CBLL1,0.9173171,5.6080728
EMC10,3.6686537,16.881058
ZCCHC24,5.0535135,7.8163013
FAM210B,7.974624,5.2870035
DDX24,-3.8436935,4.457351
DLST,10.9789095,5.917942
NPAS1,6.8613997,2.840185
GPR157,-3.9209192,-0.045657028
TMEM87A,4.8166018,10.939556
DENND4B,-8.068715,4.78717
NR2F6,5.9303436,-2.9664314
GLRB,-2.7276902,6.0679603
HERPUD2,1.3251609,4.481724
LAIR1,-8.664336,11.672983
DNAJC8,-1.7137662,0.57681715
PANK1,-5.148121,0.43722007
FXR2,12.848114,6.149743
ZNF197,-3.1621807,-5.5309114
PTER,5.7264333,9.6222725
DHRS4L2,8.703071,-0.23703201
PPDPF,14.083135,8.243468
TBK1,2.0658276,8.288291
ARL17A,2.0690064,9.632402
ZFAND2B,3.1742918,-4.7364583
HPGD,-5.209861,-5.9736614
UBE2T,13.636886,-4.1673136
PDE4B,-0.5465284,-1.2563905
SRSF8,-1.669837,10.133304
NEDD9,4.4190655,4.2633123
FAM134C,-0.65076965,-0.81667256
ACIN1,11.905622,8.927775
YWHAH,11.751369,4.486381
BLNK,9.708876,7.4664946
MTMR2,7.9312367,5.3334007
EARS2,13.826601,3.4182482
GLO1,5.8872876,-8.915783
DTWD1,10.49558,0.20342544
CREB5,-6.887698,-1.6430082
MMS19,9.641212,-0.2180948
KCNQ4,-3.8413773,-1.851079
THEMIS2,-10.887261,11.330582
TRIM4,-9.620557,-7.2381754
TLR5,-9.803048,-2.7337103
LHX4,-9.157032,-2.9090652
FAM84A,-3.7237797,-9.149239
INTS10,2.0795991,8.3029175
FGFR2,-5.5684085,0.43335715
SLC25A19,16.206009,-0.30254248
RHOC,14.607912,7.7427526
RDH11,-7.9074526,-2.6138856
PRR5L,2.67374,-8.2653265
GATAD2B,3.1941187,-3.4843192
WDR25,-7.7030916,1.7697111
MDFIC,6.8715243,6.2254577
PAPSS2,-2.7811737,10.37471
GLI1,2.0468209,-8.127424
ZNF790,-2.4182606,-4.0225005
PIK3R4,-12.997426,2.4018369
SEC22C,9.893356,0.16483593
MRPL27,4.039143,14.981031
AKR1B10,5.7547693,2.7715504
PCGF5,-0.30786023,11.070713
ZNF331,-1.0345196,6.3478875
PFDN2,-11.264766,8.37103
RNF216,-7.549815,8.396023
PHACTR4,10.230309,-3.3822062
DCLK2,3.8400044,8.849848
PSENEN,13.054823,1.6123497
TPST2,13.408618,3.9776037
CC2D2A,0.4669945,-3.3231347
SPTBN4,-11.229537,-5.944926
CYP4V2,1.2357047,-8.125596
RASGRF2,3.9704807,4.55547
LOXL4,-4.3166814,6.555242
BOD1,0.6805179,7.302575
SPON2,-4.31565,6.5371037
CPED1,-0.6564869,-1.1191322
SLC22A23,8.842007,-1.6681542
DNAH11,-8.115035,1.5167713
COL28A1,-0.6911244,-2.0850506
KIFC3,6.864968,2.8381658
MYO18A,2.8993342,-6.408399
TMEM125,5.3314815,1.5604408
BACH2,-3.238867,11.495939
HJURP,14.905947,-3.4202104
CHRM4,7.3026786,3.0148659
MXRA7,3.7144089,8.977015
ZC3H12A,11.336055,6.2207108
ELF4,-9.062993,3.5474887
B3GAT3,13.538869,11.850889
BHMT2,-2.6986396,6.027568
RBPMS2,2.2390325,0.037701458
PAN3,-0.58559835,10.874814
KDELR3,-2.4288683,5.2970757
CEP85L,-0.4766754,-1.1043298
CTSH,7.9416256,3.2012718
ZDHHC1,-3.5489175,6.5038753
ADAMTSL4,3.651745,8.995283
F12,10.048162,13.092023
NFU1,7.482873,11.004474
MLF1,-4.0857434,18.016592
GCNT2,1.9224912,-8.197015
PNPLA8,5.289121,15.428076
SUDS3,5.6335516,-8.606136
FAM35A,1.9079746,20.204008
ZNF207,-7.511425,1.6865991
TEX41,17.43825,4.1285934
SLC43A2,-4.7457952,13.922783
SH3RF1,1.4401795,-8.187417
PLAUR,2.9100733,10.153381
DPYSL3,1.3833398,-1.9345579
SEMA4A,10.02066,0.34266868
UNK,4.080295,2.5096982
ARL13B,6.691536,10.011126
FBXL5,3.8344572,19.680573
TGFB3,1.6764536,-2.2056334
GLT8D1,8.816629,-1.6883999
KIAA1147,0.08766986,18.556774
ZNF324,-8.312167,7.184955
POGZ,-1.9023039,-3.0063415
IKBKB,-3.7451432,-7.366242
PDE1B,0.4563078,-0.40474615
SEC14L1,4.447721,4.30782
ZBTB37,-0.7154385,4.576894
TWNK,5.9585347,15.6605425
TBX3,-1.1588675,-9.2205
AP5Z1,4.308896,-4.976821
NUTF2,11.652615,2.9304628
PSMD4,13.102271,1.1949307
BRSK1,3.0403345,6.0823407
SPTBN5,7.576743,-9.239829
NDUFB8,3.4167635,16.067106
MMAB,-7.8984323,-2.6323965
ZNF629,-7.1782227,7.1866617
LIPH,-5.142116,-6.0705943
NUCB2,-0.49825236,0.45703664
RRP1B,5.984339,15.668509
JADE1,-3.5224237,9.410432
EPOR,3.2747746,5.782592
GLCE,-8.919958,3.189809
RBM45,1.1505396,5.0994368
DEDD,6.726662,-3.5370936
MCOLN1,14.3365135,6.357807
MTUS1,0.13488781,11.01833
SCMH1,1.3386248,0.5657766
ZNF568,-3.0879126,-5.66256
ATP13A2,-7.725522,8.344671
EIF4G2,-4.173741,12.026173
SNX5,-10.68377,6.7774057
EGLN3,9.724943,12.891538
ITM2A,0.35451123,-3.3087006
RNASEL,2.4092433,-11.723733
S100A4,-4.259885,6.5867066
SLC35B4,3.2643132,-3.5630708
PM20D2,5.085191,11.217193
ING4,2.4819753,12.130076
DGAT2,5.3201156,1.5415294
RWDD4,7.0136156,8.947392
GANAB,12.207319,3.6362317
KIAA1109,1.7615741,4.2440424
ENTPD7,8.926407,8.732187
CLSTN3,-3.128362,1.92743
BBS2,-0.7105367,10.73428
RIF1,-1.3437365,9.903963
PLXNB3,5.578757,-8.553407
SMG7,11.706638,0.13921398
SPTSSB,6.854004,14.517374
NPIPB5,13.198222,0.21954583
RRAGA,15.61589,3.9029238
C1GALT1C1,4.1598816,-5.6164775
FN3K,-0.3309915,-8.845729
FYN,-3.2965293,9.599764
MFSD6,-5.9991245,-7.5297112
PIGC,7.600124,0.74278617
TFR2,17.244537,4.77644
GEMIN2,7.221879,6.484872
ZNF117,-3.0068421,1.7400604
GYS1,16.48805,0.14306581
SNX2,-4.403497,-8.060487
MAPK7,7.459067,1.1042879
TRERF1,4.8819585,0.24387665
ST13,-10.666336,-6.177801
WNK2,-11.258475,-5.9576287
DHX16,11.883913,8.905122
PIAS2,4.5553484,11.866526
ROR1,-2.8128517,11.647856
PRDM11,-8.265775,7.6228304
PKD2,-4.056512,9.889194
FREM2,-7.7299805,-1.4084179
CECR2,-7.758066,-1.1158413
TMEM268,-4.7435856,13.926008
FAM133B,-10.92847,-6.1001554
NBEAL1,1.815191,4.173867
ZNHIT1,12.44652,1.0439695
NT5E,1.0835383,-2.661375
SZT2,-7.7538404,6.8717165
SNX7,9.02345,-1.686291
METTL5,7.2734914,11.26763
ZNF786,-2.1961198,-4.2194552
PICALM,5.633737,13.3963585
ZNF17,-2.916479,-4.5622215
TSTD2,11.688238,-5.5425816
FUT4,4.934558,7.8910213
POLG,-8.194139,7.5769663
TSPAN6,-1.8995057,1.6429564
ALDH4A1,16.23578,-0.25105238
TET2,-5.303832,-9.29538
TMEM266,4.863793,0.21974291
BSG,3.5136213,16.358252
ZNF8,-7.3196597,9.687492
MARK3,12.128883,-7.629741
PIP5K1C,4.4814615,7.4288425
ZNF518B,2.1064565,7.521317
MRPL33,2.409851,14.976478
SAPCD1,7.5424905,2.874061
PLXNB1,-8.523396,8.364319
SRSF5,-7.359557,-4.256287
NDUFA3,3.7715664,16.666378
TMCC2,0.044992868,18.605959
PABPC4,8.196393,10.57319
ZNF582,3.0521088,-10.803263
ZNF12,-1.113647,9.671297
SCARF1,3.1299038,5.4342537
HDAC3,0.39651757,1.8265522
KRAS,-0.77895206,11.663547
SNHG15,5.974813,-0.064720765
TRIM45,12.695664,2.482058
DYNC2H1,-13.980861,5.068337
SLC7A7,-2.9294903,7.5243254
SLC16A1,9.708095,12.885958
NEK7,-3.5138443,-6.626764
WDR35,12.119663,7.016275
ARNTL2,4.4301567,-1.8404278
SUOX,-4.709791,13.958565
ZNF628,-8.313002,7.1818814
ITGB6,-3.7256942,-9.14909
ABHD2,1.9890126,-8.443306
AGTRAP,-2.0621116,7.886879
ITFG2,1.817812,9.817929
LIN7A,4.3707957,4.311941
STC1,4.648241,4.18817
NME4,8.034237,13.499634
CMTR1,2.3790662,-6.5090985
GTF2IRD1,7.4558725,1.1075608
TMEM243,6.971869,10.533159
ZBTB14,-5.7028437,12.236452
ZNF576,-2.1679518,-3.6954288
RSPO3,-3.8622506,10.161145
RNF20,-6.307886,-7.5132565
SLC35B1,-1.7729341,0.48438796
POLRMT,-7.689246,5.3293977
TOR2A,4.4145713,-3.6977336
TSHZ1,-8.4767685,6.757768
ISYNA1,3.4466448,5.940376
IFIH1,-8.962827,-8.530504
GRAMD4,4.343197,-3.9174101
UBXN2A,6.69936,9.44705
TMEM132C,0.2817642,-0.9864217
DIO3OS,-5.111625,9.904007
GPR87,4.544873,2.204921
SLC38A1,10.383295,-3.540868
KIAA1671,14.356246,6.3406525
HACE1,-0.41065928,0.5275194
HERC4,6.210188,15.170583
SMIM10,1.0562783,-1.4300151
TYW3,6.685142,9.032649
ZNF200,-2.2876682,-3.935064
GON7,7.190243,11.706816
GPATCH11,-0.44989094,5.340702
JRK,-7.486422,1.6707247
USP9Y,16.986412,2.0242233
NAA60,-8.113406,8.160916
CDON,4.8804045,0.2370549
OGFRL1,0.8647891,10.212865
CDK17,0.89859515,5.6298957
CHD1L,4.212651,16.824062
MGST2,4.1632066,2.4301841
ERN1,5.5733337,-8.549638
ADAM11,-8.104972,2.5770411
LMO1,4.8836484,0.24625014
STAC,2.411488,9.531887
ALCAM,9.593387,2.1990504
ITGA7,3.2653928,5.8279514
REM1,3.2562127,5.7909927
RMND5B,4.5569334,2.1417184
EMC7,15.660209,12.623668
MRPL28,3.752093,16.696835
CALML5,6.493032,-2.9914682
SDF4,12.0504465,6.6457114
AKIRIN1,5.288207,15.426223
RASSF5,7.398448,1.1198412
GAMT,-1.2705718,-12.67248
HENMT1,-9.809064,-2.7317555
KIF1C,-7.2152433,5.5735183
NDUFB5,1.9891192,15.022566
HS3ST3B1,-8.114926,1.519669
BBS5,-8.773446,8.488226
USE1,-1.0244216,-12.510219
ERGIC3,11.749921,7.269218
AKNA,5.348603,7.7128773
ZBTB24,9.581745,-7.760911
ALMS1,-13.090685,2.3133261
AJUBA,4.140621,0.74750036
ADAMTS5,0.26989895,-1.0006057
CYP2C18,5.148159,1.5673032
CLEC16A,6.256527,2.225467
LAPTM4A,12.025847,4.0424
GMCL1,-2.0601401,-0.9914672
ATP6V0A1,6.3121896,2.2960277
LRRC37A11P,1.2970332,8.487526
RAVER1,7.058508,-1.9474701
TSPEAR,-4.993968,9.425968
ECT2,13.655859,-4.156556
CHST10,-1.0146332,-3.2745214
ETFBKMT,-9.146287,-2.949414
POLD4,-1.0409096,-12.518954
PPP1R32,-7.6153316,3.210587
PDGFD,0.2087351,-0.90956795
CEACAM7,-11.720616,-5.55119
DFFA,13.765032,3.4320397
TMEM198B,-8.146018,2.618377
ENDOG,5.7847667,-3.0081742
NDUFAF5,-10.236733,4.598119
IRF5,3.1456594,-4.72432
ZNF189,-3.1548138,-4.274622
PCDHGA12,14.076392,8.894657
TRIT1,3.2203074,-3.5153534
ATP7A,4.4286113,-1.8290693
ACOT1,-2.8156865,1.9630744
ZSWIM7,7.998076,-7.305501
CIDEA,-2.608498,2.5985317
FLT3LG,-4.2970357,6.5324836
FAM171A2,9.709319,7.4652905
ULK2,2.934324,-11.799525
AARSD1,0.23034127,18.379105
SMAD1,-5.9819326,-8.4698715
ADGRG6,-5.1403575,-9.523477
CHD2,10.201775,-3.3727753
MAGED2,1.1888082,-2.7616107
IFI27L2,-3.9681349,-1.1834362
ZNF486,-2.4456992,-4.025089
BDH1,-7.8689365,-2.6560967
ZNF416,-9.652341,-7.200623
CREB3,8.090315,13.631971
WDR83,17.233809,4.8197765
FAM20C,8.163252,8.035175
TMEM230,4.1580453,-5.6155925
INTS1,-7.9992805,8.060401
U2AF2,13.345678,3.88514
POLR1C,1.3888673,7.953156
HOXB4,3.6776109,5.3472056
TLE4,-5.5065784,-5.2072825
FAM60A,0.5108602,8.403276
JARID2,9.535166,-2.0200176
STK36,-11.435104,-1.0461712
CRNKL1,-4.399332,-8.057833
ZNF502,-3.2382329,-5.4840145
DRG1,12.081491,-7.676452
CHIC2,4.469892,-1.8504542
SLC38A5,16.41085,0.30733502
CABLES1,-3.7574592,-0.07307856
PCDHB13,1.8285712,4.1594467
PNISR,6.9552917,10.548409
ZFYVE9,-5.9084187,-7.4403276
ZNF599,-0.72569466,4.537587
ECH1,0.42693594,17.832518
PDE7A,4.167676,-5.637865
CA13,-4.954449,-5.295524
SPIN1,4.6063924,14.788409
SAA2,-0.70724326,-10.299612
SLC26A2,-1.0921957,-9.237138
ATP5S,1.9078059,20.204021
TSPAN14,14.351332,6.3500233
SNHG21,-7.6206317,1.7599866
SGO2,15.762105,-2.6749413
BCL9,-13.094608,2.3096209
ZNF770,-0.2288012,12.106188
FADD,5.8246408,-2.9864495
IGSF8,4.274629,-4.31014
JOSD2,12.074479,6.668269
PDDC1,13.676288,11.003574
DNAJB9,3.8180504,19.69805
TBL2,10.046899,13.733842
CPM,7.1497836,2.9113228
KRT2,5.091545,1.0031046
FAM89A,7.226944,1.2153397
LATS1,7.9466653,5.315414
PRR3,-9.579243,-7.2908344
KDM6B,11.41643,6.276877
PDE7B,1.1693108,-1.7345201
DDB2,4.317004,0.93414253
DMD,6.882707,6.2403035
IPMK,-9.387736,-6.206957
APAF1,-3.4639504,-4.3051653
GPN1,-1.2771926,-3.3582327
TFAP2A,9.618778,-2.0784175
SEC23IP,-2.8953493,-4.2940335
SLC24A1,-9.200038,3.6290903
CNN2,8.828999,8.641355
PLA2G4B,3.1414127,-4.733314
NDUFB10,3.7525046,16.690622
CH25H,5.000282,4.0758777
MAP2K1,9.838732,12.9894
KIF27,-5.983613,0.8049047
STK11IP,-7.885367,5.542218
BAD,8.671043,-5.7334175
NIT1,-0.9021569,-6.6695275
NDUFAF3,8.054085,13.526577
POLR2A,14.112689,8.769359
FBXO10,-5.9288526,-8.209167
TRIM27,-13.982745,5.068681
GTF2IRD2B,12.027055,1.247486
WDCP,-1.7843434,-3.5331762
ZNF75A,-3.306402,-5.4164667
SLC4A7,4.090976,2.4985936
GPX2,5.756389,2.7786245
SLCO2B1,-10.58477,10.939499
SFPQ,-3.8125794,4.4811697
EXOC1,-5.722149,12.257338
MANEAL,-3.720992,2.1089077
DOK1,4.26468,8.2615595
TIMM29,8.959026,-1.5970066
DOPEY1,2.5242412,-6.545582
CLIC6,2.6716728,0.118541874
GPRC5A,-0.5680837,-10.141264
SMIM12,2.565213,12.18116
GPRIN3,-9.187832,12.314785
PIK3C2G,8.208952,-10.454199
BAALC,-1.0580518,-1.3164941
AVL9,-0.27111995,10.6775255
SERHL2,-0.388104,-9.624771
SPDL1,15.767013,-2.678965
CYP2D7,-7.7403326,2.988003
ZBTB3,12.881849,6.151902
KLF7,-4.2853417,9.866629
IL1RL1,6.40697,7.6043305
ATXN7,-9.694476,-7.1261816
MTG2,-2.2819202,-3.8514652
TDRD10,3.5511389,5.7301908
CLN3,11.8077345,8.79539
MAVS,4.6836233,-6.3862314
MBD2,-0.39116526,10.3378315
ATP2B1,-3.8433585,4.436827
RAB23,-0.43048558,-10.456437
CDRT4,-0.7263976,4.5296874
EEF1D,11.810572,6.9909573
EPC2,-3.2117448,-5.4293156
EPHX2,4.1588798,2.4330122
DPY19L2,0.74653226,-1.7660798
TCEAL8,6.598329,10.024387
AGER,12.158372,-0.0024952616
HHEX,3.6617727,5.3325977
FLNA,2.2303467,0.030753266
PCNX4,7.3718314,5.7879024
JUN,10.238824,5.2165723
POLR2D,-1.0752891,6.851721
ZFYVE27,-8.026328,3.0523088
VENTX,-8.673534,11.676107
F11R,12.052691,4.0579515
CHFR,-7.5457973,5.5115614
MLLT3,9.716229,14.772542
PAPD7,12.1249695,-7.6335583
MRPL47,2.1170194,15.129336
PRSS16,4.1488676,2.4414217
PI16,-2.6479487,5.777142
CADPS,-2.6724381,5.823618
PIEZO1,-6.6815515,5.7347345
GOLGB1,1.782431,4.2178555
IGHG2,-8.710934,12.59822
MSH5,9.508896,6.2682366
DNAJC7,-0.013446663,2.9813845
MAP2K4,-0.20572999,12.114788
KLHL22,-1.1787807,9.764431
GNRH1,-7.5317955,1.7208323
TIGD2,-0.43370786,-10.43578
NXPH3,2.2399912,0.033497743
MIEF1,-7.405954,8.979969
PRG2,6.430564,-6.172118
SFI1,-7.213019,-4.2914553
DDX31,10.052453,13.73676
ZGRF1,9.508979,6.2694297
POMGNT2,-8.313707,7.1833887
EDEM1,7.212051,1.2306381
TMA16,-3.152426,-4.3004875
BLOC1S5,-4.6457567,-8.357438
MCM9,-2.1982014,-4.2382736
GRASP,3.9935284,7.230977
GIPC3,2.2367418,0.0376055
INO80D,-0.35325804,10.3057785
GOLM1,3.9794948,2.6038747
IARS2,0.42683786,17.837313
PLEKHH1,-11.256688,-5.9615903
FAM193A,13.292712,3.7451172
PPP2R3C,4.1747293,-5.604602
TTC23,2.2974548,-11.814426
AP5M1,7.2726407,12.147966
RNF5,15.616374,3.902274
CLDN16,-5.5994883,-5.3726063
POU6F1,-10.683234,6.773979
ZKSCAN1,-6.638236,1.1320033
MAPK4,-0.55684626,-10.128816
GFOD2,6.518746,-3.3379407
TBC1D19,-7.4617224,7.4599614
PABPN1,-8.026602,2.9902675
ALOX5AP,-9.305709,11.79741
SLC5A3,-8.122552,1.5169599
MAP3K3,4.388161,4.7498217
MTA1,-7.6690993,2.9142392
PPM1B,6.6915956,9.4113
KIAA1324L,-2.7250192,6.0475836
NBL1,13.964508,7.069503
ZSCAN12,-2.2708263,-4.323334
KAZN,5.832287,-0.26969242
MAP1LC3A,-6.7335305,5.5790534
CDH6,-0.6576375,-1.0703024
RFTN2,0.3378741,-3.2993271
ALDH1L1,-11.226317,-5.9337525
SLC44A1,-1.2184656,12.085616
KCNK15,-2.5807462,8.1500025
FBXO33,6.3635106,18.783382
VMAC,5.252084,13.726147
FBXO38,-9.803577,-6.9633937
F13A1,-10.585352,10.979476
BPNT1,7.0801325,6.033077
BBOX1,-2.4034715,-2.9932368
HBA2,-10.877903,11.326783
AMBRA1,12.201593,-0.09218562
PFDN5,10.521316,9.007857
BTN2A3P,18.699854,2.7289746
ZNF30,-2.188609,-4.2518096
SLC39A13,-7.67213,2.9242587
KLHL31,-0.726327,4.5350227
RPAIN,2.3552175,-6.503573
SARS2,8.682193,-0.03496248
PEX16,-4.0013804,2.1384714
PHYH,0.66588885,-3.157144
APRT,11.574694,3.15166
XPO1,-2.8926067,-4.2843704
PRUNE2,2.6707175,0.120466754
VPS13B,1.740175,4.2549953
WBSCR17,-3.8363507,-1.844158
EXOSC8,7.389009,11.134094
POU2F2,1.9020197,10.344104
SLF2,-11.557148,-0.9378061
MXRA5,-2.4076445,5.2531343
FAM126A,-1.681443,1.4501436
PPP2R5B,5.090149,-1.852106
CYP7B1,-5.970995,-8.466564
ESYT1,4.4896746,7.411441
COL6A6,-2.4093056,5.2627454
CHPT1,-0.43463928,-2.2491627
SIK3,9.903997,-2.5142937
ZNF205,6.6647835,-2.5843194
PTCD3,-11.170677,-1.6467748
P2RX1,2.2423265,0.03917942
SNTG2,-4.6021743,9.953712
GK5,-2.7772133,2.044356
PYDC1,9.033191,-0.5181236
DDX19B,-7.196793,7.1700706
LGI4,-4.881895,9.789619
AIF1,-9.417888,11.715787
ILF3,9.685466,14.784931
IMMT,0.41066387,17.911392
SLC8B1,-7.9415264,4.142348
KRBA1,-7.670591,3.9720573
MRPL44,-3.851167,-12.026513
TPRXL,0.03964341,18.611921
ECHDC2,-8.445571,-4.1095796
TSEN2,-0.69326633,-3.9531968
GSTCD,-1.3076789,15.282401
CAND2,1.1516429,-1.3815029
ITGB5,1.6572843,12.008899
LARS2,-1.2339193,-6.5025125
GMPR2,1.8687046,10.212345
MARCH9,5.826946,-0.29526824
ANKRD50,-1.3025485,15.276313
KL,3.9439692,4.5659103
AP4E1,-0.24601221,12.065314
CARM1,7.04405,-1.9614967
HNRNPH1,-10.283099,4.546705
WLS,0.70788944,5.928648
ZNF706,10.05048,-3.0555937
NUDT8,10.024181,0.39293915
CDK2,8.834546,8.64603
AAED1,6.1770453,7.6008916
ZBTB42,-7.5704203,8.779771
CENPH,15.311235,-2.147111
IGDCC4,-2.666276,5.809214
B3GALT5,-11.679764,-5.608842
GCLM,-7.9794264,-1.2011224
IKZF3,-9.206367,12.329232
TCEAL2,1.8627596,-8.207587
ADAMTSL2,1.2229046,-2.7577915
MCFD2,6.9106126,8.901905
MRPL18,2.5674248,15.4991
HBB,-10.885422,11.32676
SAMD4B,15.466732,6.956041
FAM103A1,0.6819246,7.4566894
MYRIP,-0.7231173,-1.9423435
BLVRB,10.051987,13.091283
E2F7,13.973562,-3.9755254
MYO7A,-10.586897,10.951847
RNF7,0.67612785,7.316419
METRN,-9.959897,-6.4287224
PLIN2,-2.9490533,9.700749
FES,0.5791692,-1.5992267
ZBTB25,-6.6053185,1.1157995
ALDH1A2,2.6633382,0.11986868
QPRT,-4.5807176,6.7718415
GAPVD1,6.5306797,3.7627933
VANGL2,3.14181,-4.732683
MARVELD2,-5.150589,0.44015643
KBTBD2,0.8086344,8.552927
MARCH1,4.3960476,-7.56108
NEU3,4.3349037,4.333729
UTP14A,-0.72592235,-3.91198
RARS,0.33553177,7.82118
MAML1,-8.481789,6.750617
ZNF417,10.434507,15.1150465
PMPCB,-0.9333077,10.908442
SAT2,4.653946,10.764171
PLK3,-1.0420237,6.354555
DBF4,12.129731,-7.6290793
CGB7,1.9046395,10.315892
OVOL1,6.5466714,3.7967093
AP5S1,-9.807261,-2.733741
CDK18,1.3294755,0.50302184
FAU,11.711094,7.402265
SPATA5,15.319882,-2.4955547
ADAM33,4.2631927,8.261099
INO80,-2.5796587,-2.894565
ZNF827,6.92446,-3.8605506
EFCAB11,6.923194,-3.8515797
CCL28,-11.473685,-5.933594
PPP2R2D,1.1112741,5.1774125
MCCC2,0.49400932,17.988491
FRMD6,-0.19013225,12.135139
METTL12,-13.982543,5.068515
ZNF618,0.28124952,-9.776515
FIBIN,-3.114205,9.589803
ZNF418,-2.2052667,-4.2136693
CLEC2A,4.964842,0.5706318
RAVER2,6.8929706,-3.8654506
WDR53,6.859852,14.513976
KPNA4,0.49844745,8.350096
TGFB2,1.8997861,-2.1395416
CLOCK,-1.0991678,11.933305
TNRC6B,-5.451732,-5.168899
TRAPPC8,-1.0696896,12.032207
ABCA2,0.807875,6.3356166
ERI1,-2.0531175,-0.9917512
SAPCD2,-0.619591,-9.97404
ZNF600,-5.8830547,-5.513405
CNTRL,-3.4804046,-4.326413
ALG12,15.712174,-1.033989
UBE2J1,1.6878008,8.614122
RAB27A,8.156164,8.032181
HIST1H2BK,-6.6557612,13.166983
IL17RC,4.1870623,-5.38232
OPLAH,15.681545,-1.0621932
ZNF549,-3.2187715,-5.483242
RIC1,2.5110278,-6.5483675
PBLD,-13.982193,5.068615
MEF2B,-7.572217,3.592913
MALL,7.3342433,1.1428059
KCTD20,-5.9146724,-7.4376526
FOXE1,-7.1388817,-1.5670695
CCDC154,-9.797011,-2.7528203
ZFPL1,6.710287,-3.5117779
SULT1E1,-8.065613,1.5013992
IKBKAP,-7.751006,-4.3692665
MAPKAPK5,-0.6900296,-3.9663699
HCFC2,-3.465041,-6.5226474
EIF2AK2,-2.1210592,8.7175255
PIK3CD,-5.5364766,10.28303
CHCHD10,7.5763793,-9.240712
SDHB,0.4200851,17.870672
TMEM150A,1.3868546,0.6194125
CDKN2B,-3.725239,-9.148423
ROBO2,1.5393071,-2.232769
ARMCX1,1.1251231,-1.3699765
YY1,-6.7270813,8.519789
ACTR3B,-1.0528036,-9.262464
DIXDC1,4.382636,4.2388663
ZNF813,-3.239627,-5.5176907
SLC37A3,4.0175643,2.5647855
SCARA5,3.5411346,8.978798
ARRDC3,-3.2459688,-4.372845
ACADS,-1.8308461,1.5918134
KCTD9,3.8262825,19.687223
PHYKPL,2.7613566,6.174926
ARID5B,-4.0314503,9.729259
RCHY1,6.705519,9.22584
SERPINE1,-4.605832,10.368734
TMEM206,-1.6936167,0.6068063
TFB2M,4.333582,14.4082365
SNED1,-2.928147,7.3838773
AVPI1,15.472156,6.869171
PHC1,3.247948,5.934715
PFKFB2,-9.154786,3.6050844
PGM1,15.493696,4.013179
RBM47,-2.9640288,1.6126469
NMI,7.1832466,11.943047
METTL21A,2.4171782,-6.4957237
NBPF14,-6.610948,5.858042
S100A14,8.801347,0.120275855
ZNF252P,7.38817,5.7757115
COX16,2.4765053,14.869664
SNX24,2.3151324,-11.798052
CLCN5,3.9371045,-4.885906
COL12A1,5.3609505,7.713875
NFIL3,10.980606,5.9206214
SH3RF3,-2.8324125,6.7215157
FAM86C2P,11.695621,12.74216
ZNF500,-2.18465,-4.21755
ARHGEF7,2.4728417,-6.565899
INAFM1,5.8011045,-2.9841206
C1D,6.7623644,10.119975
SLC25A42,6.073755,-9.110872
NBPF1,-1.8971554,-3.0124946
RAB3B,7.5649467,2.8281558
YARS2,0.5708548,17.93432
KATNAL1,0.67090493,-3.1544704
WDR11,1.9079621,20.204006
EIF4ENIF1,-5.2510414,0.4594876
ARFGEF2,1.1980233,8.496576
POLL,-4.2701454,12.138635
FAM83A,-7.800339,-0.7331477
ASTE1,-2.3178215,-3.981864
GADD45B,5.0055923,4.069762
NAALAD2,0.169617,-3.1341088
MSANTD4,4.1592073,-5.6185865
UNC13D,2.7561042,6.1688414
LNPEP,-6.155267,0.82840914
UBE2S,2.4857574,12.130605
SLC33A1,6.543035,9.836877
ING1,0.90309256,5.569449
SAC3D1,5.9562354,-2.9463465
OARD1,-9.943891,-6.496461
CYTH1,-6.70714,5.6614704
TOX2,-4.545591,9.942862
CANT1,2.580605,12.228991
ENGASE,-2.8684304,-1.2644733
ZNF709,-2.395039,-4.0041747
OXCT1,8.209002,-10.454272
NFX1,15.795166,6.5261693
CDKN2D,8.829734,8.641706
TAPT1,-1.7910248,10.317413
RFWD2,-6.134842,-8.792587
IGSF10,0.40708113,-3.1828647
CDPF1,-2.0729315,-3.461081
GDPD1,-1.1821129,12.042458
KTI12,-4.4916296,12.499801
HELZ2,-7.335299,7.698884
PGAM1,10.034672,13.082469
KLHDC1,-0.7267619,4.53648
RUSC2,4.2406855,7.62022
FDX2,-2.1288009,-10.106727
CRLF3,-4.3987656,16.838243
ZBTB38,-1.366844,15.137736
BCAS3,0.41246477,1.8136187
SNRPC,-10.2193,4.539634
WWC3,-5.4079814,-5.194685
HADHA,0.42604196,17.836615
FBXO30,-6.850921,-1.6395158
SORCS1,-3.4804394,9.476533
TPSB2,-2.664709,19.667664
CCDC130,-7.830918,3.0313482
UHRF2,-0.9685465,10.943816
LBR,0.14264202,3.0305018
AATK,5.5582457,4.818784
ABL2,6.153573,7.6060424
TDRKH,-9.803678,-2.7373571
CLEC11A,-2.4250672,5.289233
FAM172A,-1.4366186,15.4305
FOXO6,9.71004,7.465294
DDX23,8.899721,-1.6276727
PBX1,1.3807458,-1.9258567
BSCL2,0.05138877,18.596941
BTBD3,5.2758107,11.220866
MAN1B1,-7.216319,5.5883923
ASNA1,12.718956,1.1087434
PNRC1,0.57837534,8.448384
MON1B,10.306656,14.958919
DUBR,-4.2407775,12.102493
LRWD1,16.223085,-0.2748365
MRPL22,2.0034878,15.107688
DCTN5,-4.416542,12.391861
ZNF292,0.9877264,5.372511
MRPL36,12.028182,1.2435819
PCED1B,0.46996856,-0.39464948
RNF2,6.0948,10.245058
CLCF1,6.08449,7.6139793
MTMR6,4.824245,13.818406
COMMD1,13.083133,1.2115588
LDAH,2.3163347,-11.793409
PCSK6,-11.337435,4.856415
CDKN2C,3.6913633,1.1087584
PPIP5K1,0.39002687,18.204775
EXOSC1,3.9874117,15.025692
CNKSR2,0.44116414,-1.3548563
PDLIM7,2.1952078,-0.006229997
ZBTB6,6.7475386,9.967065
LIPA,0.43485132,-1.4663552
BUD13,-4.296393,-8.673203
ING5,-7.4208307,-4.275605
ATRIP,16.271515,-0.18686123
RARS2,1.5308036,8.533139
FRK,2.6767325,-8.26639
NOL7,-11.268675,8.375585
AGA,-6.8161607,-7.750739
BMS1,-4.104399,4.04997
CD207,-9.753088,11.50295
POLR3A,10.288395,14.132306
SFXN2,1.0432827,5.3019648
NAXD,9.639523,-0.22366825
MAP1LC3C,-2.8429172,9.757718
POM121,-7.987743,7.115107
ZNF823,-3.0906749,-5.4556565
CRYGS,12.152559,0.036919206
BCKDHB,-2.9653988,1.5718905
RMDN2,11.885422,6.8366704
SHOX2,2.3219478,9.442427
RMI1,-9.970893,-6.4197435
NAPSA,2.4266472,-11.701852
HECTD2,6.682881,9.029662
PRDM15,-8.079552,2.615196
FAM46B,9.83267,-2.3396745
BBOF1,12.244585,-0.10690008
SGK3,-6.1742415,-8.827773
NOS3,4.0069056,4.8256907
ELAC1,-8.916125,3.2097497
RBM22,12.083053,-7.6755843
ZNF256,-3.9802792,-0.015737677
ABCB1,0.6995914,-1.7411071
GPR161,-1.0196298,-3.27287
ISPD,2.6824355,-8.269589
GMFG,3.5237672,9.0678
VANGL1,10.518084,0.32279006
POFUT1,11.083826,13.690802
TMEM25,12.129639,-7.6293526
EFHC2,-6.283505,-7.5733886
ALG2,-0.27631572,2.7682168
ABCD4,2.841949,6.135209
STX17,-0.22564027,12.101843
HRASLS,9.709275,7.464729
USO1,-1.0838455,11.925701
L3MBTL4,-6.1594,-8.830841
LYL1,-5.2202473,-1.4358778
FUNDC2,3.145901,15.762365
NYNRIN,4.2681785,-4.017881
UBAC2,9.175836,-1.2603506
MIER3,-0.4509487,5.338879
OCA2,17.430363,4.144306
RPUSD3,-0.8531862,-6.3711467
NCOA5,3.0184784,-10.837529
BORCS6,6.4442606,-2.9649394
ITGB4,10.981203,5.920409
CEBPB,12.263655,0.37854508
CLTA,12.031435,1.2484994
MAST1,4.887198,1.6634618
ASPSCR1,13.538662,11.850205
UPF2,-3.9846313,-0.029628024
SPRN,-9.810665,1.0078914
ZNF701,-4.6259966,-3.6684039
CEPT1,-2.8920515,-4.281841
TMEM123,6.687349,9.439873
HNRNPF,5.023328,15.253508
SPAG16,7.2415066,6.534489
HECA,1.2383344,4.9533615
PLCXD3,2.666941,0.12226514
TRIM59,5.2733107,11.223977
P4HB,12.619223,0.6801391
PLK2,10.2163515,5.1958876
C2CD3,13.286315,3.7517815
LHX6,3.1284387,5.4470625
ZNF704,0.35990092,-3.3005862
UTY,16.986149,2.0234385
DDX46,1.3611304,4.520871
ID2,-7.0399466,1.3758727
GRIN2A,-6.8134995,-7.7457137
LIN9,-1.1097827,11.889608
NUDT21,4.777498,13.836289
RGS3,1.0968217,-2.609918
HCAR3,9.626905,-0.21668102
PRPF38A,-0.21343726,2.8734937
ZNF41,-1.357383,15.135057
IDS,6.9973764,1.3229198
CXCR2,4.557849,2.1909256
AMPD2,-7.8154907,7.9559555
IL10RB,9.714936,-0.30716988
RPUSD4,0.3979782,-3.2647214
JMJD8,-11.116789,-3.13983
BOK,-11.115619,-3.140127
PPM1L,5.7914395,13.304695
LRCH4,-6.5822077,5.893516
TPM1,-0.88491845,-0.92251295
PRPF40B,-11.099805,-5.611786
FAM110B,2.872024,10.189584
TAF1,9.291974,-4.9228134
NIPA1,10.36047,-3.5242019
GNPDA2,-0.33590984,5.432577
IQCB1,7.19861,6.4996047
PTH1R,4.2636714,8.266317
OGFOD1,15.69536,6.83949
UBXN1,11.836071,6.8044686
MYH10,0.49183175,-1.7162592
GCA,-0.35626772,0.60813636
METTL14,-5.163192,-8.398481
HR,10.676968,-0.08759237
ANP32B,7.955101,10.626899
ZNF542P,3.057528,-10.796329
NTM,-4.683997,6.8442397
WIPI1,-5.01653,9.846641
SLC43A1,-2.7170274,8.24766
ZNF57,10.804849,5.687371
TMEM9,-8.524281,-1.0642371
SLC6A8,9.874913,13.0171175
TMEM199,8.352844,1.0300479
GPATCH2L,-7.334414,9.6731415
LAMA1,0.9814503,-8.01399
AGO1,4.744469,-6.280309
CHD7,-3.8376582,4.37884
ZNF425,-1.5245962,-3.4237134
EFCAB7,4.154829,12.313598
KREMEN1,-7.194639,8.656033
GOLGA3,-7.2295995,5.5837693
NAT14,-6.3129063,-7.508021
UGT8,-11.463842,-5.942716
TOMM70,1.8110682,14.854619
MYO19,5.8282204,-0.29769203
HSF2,-0.33629662,11.240145
JAG2,-7.243006,-4.318829
SLC5A9,-7.5876484,-1.2992581
FPR3,-10.593729,10.870902
SMS,-11.235936,8.344887
TTC27,-0.3219604,2.712179
NUCB1,8.241296,13.933371
CCAR1,-10.266216,4.5671735
ZNF470,7.3562098,5.7477846
PXK,-3.8775861,10.146989
ABCB7,7.910919,10.664632
MSRB2,2.1032817,9.467878
DIS3L,4.9974875,13.9850855
LCE5A,7.8320704,3.1603627
NGRN,12.050076,4.0070024
P4HA2,1.85141,10.136768
ACACA,-4.2468867,1.9809538
RPL13,11.524693,7.785116
TRIM28,10.223683,14.357319
GTF2E1,-2.927496,-4.560982
KIF1BP,-1.3559383,15.133435
ZNF444,5.778863,-3.0058587
LRFN4,-4.307854,6.538982
NME2,11.67174,2.9390903
ZNF324B,10.047367,13.737242
LMX1B,-0.100128464,-9.549478
FIP1L1,12.077684,-7.6808476
MLYCD,-5.580689,10.310767
OAS1,-2.2810698,8.648619
ARFGEF3,-0.4839986,-2.216066
TCEANC,-2.953425,-4.4462357
DDX52,-3.442025,4.1941996
NDRG4,-8.0654335,1.519524
EIF1AY,16.986513,2.023232
TCF4,1.1576118,-1.7179377
GMIP,-11.115626,-3.1396585
RBM23,10.7008505,-4.754646
GEMIN4,2.977103,-6.3713436
KCNB1,-5.14918,9.893695
SCAI,-1.4302269,15.448656
PTPN9,0.48722002,-1.5106767
CYP2J2,5.108385,0.98775077
NHEJ1,13.405752,3.9794495
GALNT11,7.186041,11.93615
SGF29,14.337538,6.3544245
ECHDC1,9.589863,2.1831868
SOX17,4.495344,4.256668
GTF2I,1.8079095,4.1761365
TMEM223,16.351076,0.018345822
GSPT2,10.995835,2.6738772
NPR2,4.2380657,7.6004424
ZBTB10,-0.6641599,-5.9807587
PGBD4,-4.5980277,-3.6914954
TCTN1,0.64974105,-3.1520908
METTL8,3.251568,5.7765346
ORC2,4.2393823,12.21016
SREBF2,-7.622953,7.0568194
PRR9,-2.3217103,-1.2481505
SLC9A5,6.1054225,-9.145627
SNRPD2,11.728585,7.3758683
ABHD14B,15.496918,4.0136027
TRMT5,-3.8510149,-12.026846
ACTC1,-3.9859881,-1.9571283
DLG3,-4.946528,-5.297922
PLS3,5.8417144,-8.859075
KCNAB2,17.371077,4.2615275
TNFRSF13C,3.8392859,-4.597387
FAM189A2,0.3095188,-8.478494
MAD2L1BP,-4.4642305,12.468628
TFF3,3.9837778,7.2184157
LRG1,0.8156673,18.017258
CSPG4,3.4746022,5.9406567
MTMR4,2.3919885,-6.515147
INTS6,-9.581359,-7.2896967
TAS2R4,-9.149979,-2.919482
ANTXR1,1.8021857,11.793294
ATG9B,-11.021713,4.702923
ARF3,12.798029,1.4952046
DBF4B,-9.269371,-2.8316574
ARHGAP11B,14.35212,-3.80241
NCKAP1L,-8.888229,11.884993
GPT,-3.833553,2.118083
CHD9,4.6263094,11.801287
CCDC91,2.1637988,7.687484
RNF13,5.6785717,11.105277
FZR1,15.461647,6.8759413
ARSK,-3.0273075,11.258487
CDK7,6.84751,14.513514
KIAA0922,1.2508255,8.443832
ATP9B,-5.3937173,15.0588665
ITPKB,-6.567511,5.383066
CMAHP,2.2442014,-11.8546295
SIPA1L2,1.9742997,-8.385968
UBQLN2,10.225902,-3.3768156
CSNK1G1,3.0176952,-6.670758
TMEM65,-6.479942,1.0406315
BSDC1,14.359913,6.3308563
SQSTM1,12.193036,7.070569
PLEKHB1,-1.0698633,-9.212791
ALG9,2.4462378,-6.569095
SPRR1B,5.7532444,2.7709541
PAQR3,5.3992386,11.188006
IFNGR1,7.9237757,7.902057
CD6,-1.1999856,8.708644
WASHC5,11.666815,-5.531069
PTPN11,1.5228213,8.6123495
RAD51B,-1.2781692,-6.505074
PRIMA1,4.393043,4.236381
ARMC2,12.735794,2.307852
ANAPC15,7.3113003,12.209944
LAYN,0.81361455,-0.4485919
STMN1,15.308178,-2.9489295
CTXN1,-2.763313,-1.270045
MINDY2,2.3740284,8.196729
ZNF517,6.9293303,8.8818245
QSOX1,-7.2603755,-7.812024
FAM109A,6.7347455,2.7558374
TIMM23,12.63944,3.3556807
TAF4,11.540805,0.04818764
MAP3K1,-9.421155,-6.2278905
NFS1,8.002141,-7.3100233
VWA8,-0.623431,-9.9558115
SLC46A1,0.8962759,-7.958164
TUBG1,11.167624,2.7065947
TIPARP,10.787879,5.6688113
GATAD1,8.803538,0.13491167
GLTSCR2,11.532491,7.7741957
EPPK1,-7.7774,8.536245
TIMM50,8.485389,17.473076
RBMXL1,6.3637056,18.783583
ZNF605,-11.172639,-1.6233531
PTGS1,5.0947666,1.1044705
COL4A3BP,-1.0574358,12.006409
NRDC,4.4222884,-1.8575752
SUPT7L,2.7444746,6.1949162
ABCA11P,1.1518327,5.1000304
EGFR,1.4908303,4.42109
ABCG1,6.94756,1.3510709
LIMK1,1.3696449,0.5959109
SSH1,-9.093001,3.5663538
YTHDF3,5.863379,11.191626
KLHL36,2.8024457,-6.5086703
LRRC1,-0.9519476,10.938722
FBXL8,-3.7564151,-7.3543725
DYRK1B,3.9747097,1.0519801
CISD2,-5.125493,-9.913181
MAPK11,5.1746306,7.770212
RNF213,-7.327621,9.675442
CPNE2,4.268756,8.238399
MAD2L2,1.9068764,13.15206
FRMD8,-7.377246,5.5479965
ZNF7,-2.8328846,-5.291014
RGMA,2.0082388,-8.372212
TWF2,12.210814,1.1341387
BRCA1,15.341499,-2.4944656
TNFSF13,0.72121054,-7.812314
C5,-2.0919204,-3.1322985
ADAM8,-9.6862545,11.549562
PLEKHA3,1.5207582,8.613651
TOGARAM1,-3.4973776,-6.5928316
SGCA,-3.645371,6.5410824
TBCB,12.222012,1.1391188
THOC2,1.362022,4.5009685
ANO1,4.8695197,0.22433484
SMAD3,6.970227,1.3387336
MPRIP,-6.963529,8.605041
SARAF,6.712471,9.467221
CLCNKA,0.75846666,-8.101649
SLC1A7,-3.535914,6.5215626
RFC2,-4.4588156,4.0111446
MSX1,3.4898276,5.8834844
ITM2B,5.645515,11.775152
EPHB3,-5.040376,0.3788592
ERLIN2,-5.279723,9.9695215
LFNG,3.5203032,-3.9303825
TMEM120A,2.0815947,9.481235
MARCH2,6.7466774,9.978757
MAGI3,1.4827571,-8.196849
RNF8,-1.3219047,12.201036
SRSF10,1.7250872,8.657538
DDA1,-6.9176464,5.506787
NDUFA12,2.8965955,15.515951
PQLC2L,-2.890177,9.729927
DLEC1,6.074269,-9.110607
IGHA2,-8.681888,12.649839
S1PR2,7.409651,7.616467
PCK1,2.24968,-1.0073527
DENND1A,4.4878535,7.4170575
CERK,-7.219256,-7.8085103
ARIH2OS,3.588005,2.9819438
CKLF,14.312742,6.3874726
MFN1,-8.535185,1.054024
PEPD,0.43183655,1.7980947
SATB1,6.7004895,3.981256
SH3BP5L,6.2331266,2.210401
FAM45A,7.1519446,11.882247
ARHGEF9,-0.72760767,4.5335684
TEC,-0.19550249,12.131839
ATPAF2,8.594596,-0.4347155
SLC25A23,-7.4295406,5.718047
DARS,5.762537,10.958212
TNFSF10,7.1825023,11.961543
EGF,0.2937564,-8.494003
WDR81,-6.823282,8.187123
ASNSD1,7.0335684,10.46242
CCDC28B,-13.218473,7.564078
OSGIN2,0.15770185,3.0372748
DFNA5,2.3848245,9.71458
PKHD1L1,-3.8370693,10.165458
STIM2,7.430865,7.631633
NDUFS4,2.9781268,15.527548
SLC25A17,1.8254791,14.868108
ACPP,4.4275317,-1.839058
MSX2,-2.0224168,-1.0150192
ZNF682,1.1373612,5.13166
SDK2,1.9901121,-8.156133
TNNT2,4.104281,-4.3734727
ENO3,-13.43984,-6.348645
IL34,4.9001303,0.9620288
CAND1,0.7084121,5.932026
RBMS1,4.546241,14.710831
TCN2,-3.1120253,6.590928
MYBPC1,-13.436549,-6.346367
SERPINE2,1.9907241,-8.439086
ADCY5,-3.8193283,-1.833998
ZSCAN2,1.2304481,0.38468805
KRT5,8.664884,-0.36643055
PRDX1,0.6765069,17.795494
LPCAT2,2.7998009,-8.343966
OSBPL3,-8.5352545,1.0540175
PRR5,2.7438447,6.17809
DZANK1,12.132478,7.0351944
C3,-2.9079027,7.427649
ZNF318,2.8198102,-6.445428
KCNJ14,-7.403996,7.3574653
SLC5A1,5.2124243,-1.9462147
SLC35B2,-2.0421026,7.870982
BCL2L12,2.4921725,12.1355295
KLK1,5.3464684,1.5374064
BDKRB2,9.776145,-1.6757416
ADAMTSL5,-6.1193247,15.993672
CYB5B,1.8653171,10.042562
CTNNB1,-1.5879825,-0.9343666
IL36RN,6.285945,2.4034526
NDUFAF2,7.4897847,11.006011
CBWD3,-10.243876,4.592666
ZNF410,7.580009,0.75368863
ALOX15B,-2.7485921,2.2104561
PTK2,5.7914996,13.302054
ZNF283,-4.630818,-3.6580398
KLHL5,-0.5972154,-0.8326645
EML3,-8.074894,4.759581
PAG1,1.1000289,8.612892
SNX13,-10.840925,-6.1273437
XRCC5,12.2229,3.648665
EMX2,-3.9171693,6.547738
COMMD6,10.228443,9.28421
GLUD1,15.666912,12.630425
PASK,-8.663446,8.427155
TMEM107,-1.9037211,-3.6963527
MTFR1L,-9.472138,3.9215431
LEO1,-5.103804,-9.626166
RSG1,4.1167192,2.4755957
EFCAB1,1.88423,9.967246
TIMM17B,12.336625,7.057333
UCKL1,-7.619217,3.2031128
FGD4,-2.7760668,11.696035
NPTN,5.1743903,13.637899
RREB1,11.847961,0.21592546
TMED10,4.606254,14.253444
PTGIS,-2.767825,7.6611853
PLS1,7.213247,8.542754
CKAP2L,13.648723,-4.1561327
PPP2R2A,0.87591267,5.841395
GAL,-2.6212587,2.5853016
TBRG1,0.8582119,10.461533
IL17RD,1.5447567,-2.2239058
TICRR,14.927958,-3.399522
DGUOK,13.104279,1.191048
ANKRD22,5.862596,-8.887216
SLC26A6,7.8198624,-7.133192
LIN7C,2.379157,8.196051
KXD1,-7.656433,3.980076
MEX3C,3.848666,19.665398
RGS12,8.961708,-1.4101069
FTH1,2.8774388,10.188541
STAT4,0.44044927,-3.1855462
ARHGEF19,4.025066,-5.212843
ELAVL1,12.044194,4.0307045
OSBPL5,-7.2156777,5.5887647
NARF,5.827166,-0.29982117
SSU72,10.206323,14.406929
RASSF10,11.217593,6.1256185
NBDY,11.9830675,1.276676
TRIM66,-7.530633,1.7575296
PER3,3.6790175,1.1063759
SPHK2,3.4825015,5.9044323
CTSS,-10.636713,10.912988
SEMA4B,9.777071,-1.6762832
DSG3,1.8575256,9.862565
DNAH3,4.2232056,2.380316
DHRS11,-4.036156,2.1385524
CTH,-4.939749,9.462803
PCYT2,-3.4735377,2.0258193
CDH22,1.6717421,9.762448
ZNF544,-2.4029388,-2.978192
KIF1A,17.372734,4.2571754
EMC4,15.659058,12.622417
SLC10A7,15.32231,-2.4939947
HDLBP,7.0772457,-1.9266605
RHBDD2,11.669995,2.8719838
RNF19A,0.8927938,8.554748
SEC13,12.691787,1.0917926
MOB1B,0.9377928,9.99488
PET100,3.5396821,15.616818
RBM41,-1.5264548,15.224709
NGFR,0.85351884,-7.9941754
SAMD5,-6.928569,-1.6303785
RASSF8,0.082487434,-0.83421975
PRSS3,8.148656,0.6693661
CADM2,-3.0852804,15.820027
GBE1,9.836966,12.98578
PLPPR4,17.440687,4.1275344
TBC1D20,6.5570645,3.7533014
EXD3,-8.455263,-4.113825
ANXA3,1.9173397,-8.202351
ZYX,-4.5912566,10.092511
TEX30,7.4911246,10.901766
C2CD4B,4.998612,4.076647
DDR2,-3.7819877,9.822999
ZMIZ2,-8.439685,8.288368
ZFYVE26,2.4976716,-6.4750166
GLS,1.24023,-8.126384
ZNF132,-2.080049,-3.1763685
RGAG4,2.5313082,9.557089
KANSL1,-5.235224,0.4583668
COL4A6,-7.263338,-4.3226547
ZC3H12D,-9.682871,11.551261
HNRNPD,-1.1430775,9.731669
NTN5,-8.456691,-4.111913
PARD6G,-6.176361,-7.5872717
UTRN,-8.467389,6.762606
KIF13A,-8.479002,6.750636
IGLC3,-8.705308,12.609257
VRK1,13.5735,-4.211869
ASB13,-5.1345196,9.884483
ATAD1,4.8882356,13.557844
MLF2,8.766229,0.12655611
FMO5,-1.1197878,-9.213194
VSTM4,1.5270388,-2.230745
CCDC94,14.120456,8.74306
BMX,4.0700135,4.793233
MEPCE,11.565348,3.1818058
SLC27A1,1.0231234,7.4439983
RAB11B,14.421448,7.617401
ZNF699,1.7671365,4.232949
LGALS3BP,-2.1836874,8.238039
CYSTM1,0.7496008,-7.84198
NANS,3.1535602,15.7660675
PURA,-9.956041,-6.4369135
TAF13,7.31349,8.98074
ITGB3BP,4.1408978,12.325509
MIPOL1,6.3439236,9.981034
SSB,6.1482816,10.101863
STAG3L5P,7.802498,-7.1196375
UBC,10.904759,5.818138
MYO5B,4.9711084,-1.852656
SCAPER,-5.9568496,-8.267718
NTAN1,-4.7486777,13.91934
VKORC1L1,-3.0249012,11.257199
WDR74,10.105643,14.561497
MGAT3,-0.31806773,-8.851146
TAF10,3.6550636,16.959272
AFF2,-3.0759623,9.606806
NHLRC1,-6.7801423,-7.7446275
EIF5,15.593327,12.553525
LIPG,-7.801005,-0.7488675
SLC39A6,-6.065844,-7.6456895
NFE2L3,4.426317,-1.8377645
PPP1R37,-0.5174491,0.45195925
HBA1,-10.880377,11.327898
TWIST1,2.8503008,10.177542
LRRC49,8.910721,-1.6033056
RMI2,-4.8131666,-5.238867
PDCD2L,10.916396,13.7789135
ELAC2,13.241861,3.6836033
GFRA2,8.077482,13.728549
CLUH,-7.935925,7.4225426
IRAK2,8.464786,8.125933
OTUD5,-3.0494974,-0.24770334
PLA2G4D,5.2703443,1.1418773
MAF1,6.725095,-3.5355206
GXYLT1,-7.513249,1.7044234
PDCD4,-3.2331972,11.511834
GATS,9.868456,13.013317
NRN1,3.6608086,5.36821
MYZAP,-7.28968,-7.8131766
SLC30A1,6.208551,15.1714735
PLEKHO1,2.4466276,9.845864
MOXD1,0.826158,18.014893
EPHB4,10.151606,14.711982
DDX60,-8.96254,-8.530895
CDC42BPA,0.53784704,-1.5597507
RRAD,-4.899595,9.619421
CHTOP,-0.9966724,-6.5313225
ZNF300,11.6659,6.2932878
NRCAM,0.7647994,-0.42067868
FPGT,-1.516567,15.299213
RNGTT,7.43566,6.1451817
HTRA2,-3.7027445,-7.395113
ESYT2,1.1496942,8.538262
TMEM177,11.698529,12.7396345
DPY30,5.836987,10.845701
ATL2,-4.660326,-8.360159
GBF1,12.200573,-0.08270246
ZNF808,-9.155922,-2.9090843
HOOK3,1.3709667,4.7155557
ADAMTSL1,-3.8221045,6.5480127
MARCH6,0.8663685,10.4672985
CDH24,7.924397,-7.232023
CYP4F8,-2.6852808,2.4595869
ASPH,7.2795696,10.286383
SLC16A14,2.282694,-11.819436
ARMCX5,4.6092057,11.816107
SNRPE,-11.275318,8.383221
MBNL3,-5.957263,0.72313035
HIST1H2BC,-6.6565022,13.164726
TOX4,11.994107,0.24174426
COG4,-2.0635195,-3.2286806
YTHDC2,0.8615815,10.453684
SERPINA3,-6.9373693,-1.6314887
CNST,4.77855,15.043943
SCARB2,-0.5288752,0.47305593
TTC5,-2.3868484,-2.994306
ERCC4,-2.419662,-3.9668198
HERC1,-7.633157,7.0488358
SLC16A12,-4.9029865,9.757853
C2CD2,6.5513415,3.7777836
PCF11,10.033631,-3.0198166
IGSF22,-11.356481,4.8683558
FGFR4,-11.248779,-5.961706
AREG,-1.0571008,6.329838
MSN,8.115501,8.011181
MMADHC,0.8718758,7.2284155
ERMAP,-1.1903173,6.9245267
ZDHHC21,7.752421,5.5292654
TBC1D24,-7.2415366,-7.792492
DONSON,-10.252009,4.5397067
ZNF440,10.043032,-3.0499957
GRHL1,5.867809,-8.894757
FAM98B,5.2563677,13.782589
TMEM88,-5.9537582,-8.294303
SCARF2,2.5955768,9.581915
OBP2B,-0.38273636,-9.500808
TESK1,6.7802954,-2.3946555
CUBN,12.732988,2.3808706
MYL5,-7.500932,3.4646418
MTHFD1,1.8620037,10.017467
COX10,-2.6317756,-2.859564
SNX30,-6.7519965,8.501719
IGHG1,-8.72249,12.575165
KRT35,-2.2285147,-1.1709496
MBIP,-0.53540486,11.210909
UXT,11.093494,8.375124
MPHOSPH8,2.9328885,-11.8109255
SUSD6,5.5719643,-8.548502
ERAL1,-0.9171912,-6.4722123
GJC1,3.3466604,5.8391633
LETMD1,-1.7671615,15.19419
LRRC58,4.6617546,14.875066
CACNB3,1.6725054,9.765559
PANK3,4.5825667,14.719959
ASB2,-3.8485022,-1.8559873
PODXL,3.250944,5.766959
SHMT2,10.113286,13.149591
TM9SF4,12.074781,0.1825952
TM2D3,15.647895,12.610759
STAMBPL1,-7.1802244,-7.8026977
BAK1,6.5192413,-3.335682
WDR4,11.906125,12.425353
S100A13,2.3214097,9.454216
PSMC6,6.085474,10.387027
SECISBP2L,1.5761188,8.659955
SIAE,-7.2632313,-7.8109922
XYLB,-1.9162995,1.8057998
EIF4A3,12.138129,3.8861494
FAM43A,-10.917313,4.6381335
ZNF490,-2.3220832,-3.8922722
LRRK1,2.461354,-6.4561067
PLEKHF2,-5.557403,-8.29599
PSMD10,7.317856,8.999233
TMEM9B,11.004338,2.6785834
PRRG4,-5.19085,-9.377846
MTMR11,4.5331097,2.1193123
TMPPE,-6.9451466,10.679915
FA2H,-2.6892982,2.415746
ANKRD36B,-13.981702,5.068181
NCAPH,14.014897,-3.9693134
MICA,-7.774601,8.543826
RASSF6,-6.483588,1.0437741
DYNLT3,-0.6569575,-0.81160396
SLC26A10,3.224136,5.948373
TNRC18,-6.801154,8.447496
APBA2,8.057069,13.714866
SLC22A5,-8.22996,1.3526195
SLX4,15.664482,12.62789
ACOT9,-4.6404486,10.0993805
LTN1,4.2601466,14.782303
SLC39A3,8.23688,17.044756
RFK,6.6952844,9.435886
LPIN2,-9.869299,6.135862
SNTA1,4.170402,7.533789
CAMK1D,3.9503,-4.914102
FBXO22,-1.6048723,15.264509
MSC,8.056269,13.714198
GUF1,4.614275,11.809954
PSEN2,-7.670591,3.9739935
RARA,8.090379,13.616269
BTF3,11.425047,8.2375765
ANKRD10,9.562953,-7.759651
SUV39H1,-7.6047444,8.786269
PREX2,4.0770383,4.861661
GPATCH8,-7.8454432,7.061769
TRAIP,13.977813,-3.9737105
WNT11,2.4733696,-8.197527
BRAF,1.2512047,4.9190483
KIF2A,0.05296585,18.592855
UACA,16.422071,0.33765775
FAM216A,9.606636,-2.0992355
TSPYL5,-1.5370101,-0.9288524
DNAJB11,-3.6206636,4.16973
ITGB7,-8.098681,2.5831249
STX5,12.470506,0.821779
ZNF382,1.3956732,-8.151381
ABCA7,5.034728,-3.9150958
MLLT11,-7.84687,-0.9370222
ZC3HC1,15.340459,-2.0782099
KPNA1,1.8626813,9.843663
UBAP2L,15.655567,6.659439
ATAD3B,-8.078588,3.0324066
TENM3,-0.8580804,-0.95826656
MYO9A,1.3556646,4.3514533
RPL12,11.080223,8.382094
ITPA,3.7006884,16.822529
CROT,4.263708,0.93548924
RBM43,13.677446,11.000252
BTBD6,5.645122,13.401394
NOTUM,-11.723271,-5.5494256
FLOT2,8.255284,8.088516
CCDC112,-0.6341505,5.0240083
WNT9A,2.2504604,9.501019
RAB31,2.845643,10.09817
IPO5,-0.19293936,2.872569
SS18L2,-11.229921,8.339084
SLC37A2,6.9606705,2.8796332
EPG5,-5.4294114,-5.1801243
SYT17,4.203851,2.3954146
CD74,8.075377,13.730311
GJB4,6.267363,2.2885134
ARRDC1,-7.722625,3.862287
CNTN4,-1.125887,-0.94066936
ARG1,7.3063774,3.0282
RTN4RL2,-1.3558558,-3.3526423
AFG3L1P,-8.452524,8.307239
FAM174A,-5.2031345,-8.368435
ZBTB7C,-7.4323654,5.720993
DNAH9,4.175302,2.4224083
VAPB,10.338645,14.999295
RYR3,-1.0631294,-1.3133024
TRIM21,-8.962973,-8.530621
TMC8,-1.2001024,8.708572
STK3,7.891544,5.3758607
ANKRD49,-1.1056615,9.659178
SCNN1D,6.0599465,-9.09449
RPRD1B,10.213252,-3.369324
CBFB,6.7030315,9.404877
HERC3,1.0150577,5.3526287
MLKL,-2.5061333,7.9234395
STMN3,-4.1163588,0.118385956
WFDC12,7.3809814,2.9783385
TARSL2,8.812702,0.16703409
ATL3,-1.7848151,10.314585
TUBB,2.482334,12.130034
RIT1,0.8173619,8.549555
ANKRD33B,2.9445531,-6.3883376
NNT,4.150916,-5.635311
TRPM4,-7.204486,-4.2872767
SAAL1,7.286629,12.166582
SNCAIP,-1.6122863,-0.94367
RAD51C,7.0259104,5.969217
PPP6R3,10.097338,-3.0834258
SLC39A7,1.2393677,0.50070584
TEN1,17.226305,4.818296
NEK2,14.244697,-3.829085
BECN1,1.8087678,4.192105
MSTO1,10.925565,13.780809
ELMO2,-0.83909297,-6.6507254
ZSCAN25,9.58255,-7.7661533
ZNF575,15.340935,-2.0668151
ANKZF1,-7.771674,-4.366904
MZT2B,11.7452965,7.257959
EZH2,4.2600627,7.5625305
ALG10,4.770018,10.886835
PHLDA2,-1.0398469,6.330914
MRPL55,10.98388,2.6646402
EFR3B,0.8735973,-7.9523263
TMEM70,6.4656935,9.714659
B3GNT8,12.643863,0.7626822
ZBTB2,3.8473055,19.667057
CCNG1,6.9828897,8.918552
DCAF1,15.67253,6.6814656
NAP1L4,15.870072,-0.860973
TCEA2,3.6159768,8.7468605
EGFL8,-8.522331,-4.112032
TGM5,-5.109298,-6.0922318
XPO4,-3.4385073,4.1965985
FXN,-0.9682055,-10.292706
ARHGEF34P,7.4419785,1.1083219
DDX1,2.6777701,7.6972046
LIN7B,4.3140006,-4.964099
LIMK2,8.973135,-1.6954163
ING3,-1.7904894,10.3190975
CAMKMT,-1.2437596,-6.503622
COG3,-1.1433386,9.703253
NFE2,7.895723,3.1689813
BPHL,-1.3127967,-12.701819
LYSMD4,4.280785,-4.0317216
ITIH4,-8.138022,2.6217277
FDX1,2.0470505,8.329411
SMC5,0.9909337,9.809223
NPM2,1.3199551,8.445299
RDH16,5.25078,1.115007
HDHD2,7.2326765,12.065155
DOCK4,3.743307,5.229107
FAM25A,-11.008801,4.689189
TTI1,-0.9545566,-6.559805
STX1B,0.19334787,11.019011
TMEM91,-3.036656,1.7829323
LRRC61,-0.8613332,-6.6456547
WNT5B,2.5477355,-8.123075
THUMPD3,-0.21896668,2.850797
NOC4L,10.429537,14.141258
PDF,10.23742,14.314932
TMEM50B,4.23994,12.214064
ARPC1A,8.208567,0.8507047
DTNB,-0.69555014,-10.283231
ICAM2,3.8308592,4.937871
ZBED5,-1.6597129,15.2786
TMUB2,-7.79484,-4.3498144
ETFRF1,5.412156,11.17599
UQCC3,3.7156496,16.823404
NORAD,4.7868285,13.817454
TMEM175,-8.002666,2.6395497
TG,-0.3245308,-2.2568834
MED6,0.7120371,5.962822
SAMD10,9.620436,-0.21584174
IFT57,6.1794496,10.07814
MBNL1,5.2352266,11.236952
TMEM183A,-4.2283373,12.090432
CRELD1,7.9230022,-7.2303205
PYROXD1,2.1681528,7.675657
GAB1,-1.8994316,-3.018525
XCR1,5.2087097,1.1407601
B4GALT4,-5.2916822,-5.7849207
ZNF320,-4.5554957,-3.7144005
NRDE2,4.0010695,1.0377219
ELOF1,11.912176,6.7277684
GPR89A,-7.0215898,1.3638002
CD276,1.6602474,12.002531
BTBD9,4.6340194,-6.3007
CDAN1,-8.449788,8.306282
MLLT1,6.8180304,-2.3603961
LSG1,-4.005701,4.0785456
ABLIM3,3.7368028,5.2361603
MEGF6,-7.2604156,-4.305475
CDH23,-6.1191874,15.9936905
SEPT10,4.837141,10.953529
FBXO9,0.20159674,-4.9228373
DACT1,-0.038226116,-1.0148529
POLR3G,14.336755,6.357698
ELF3,-1.0646448,-9.254946
FYB,-9.063004,12.060909
SPATA20,6.0546136,-9.090247
GRIA4,-0.77660877,-2.0224004
PRRG2,5.302156,1.5441962
TMCC1,11.547163,0.042794693
CTSD,12.620408,0.69050354
PPAT,-3.453863,4.194779
SF3B4,11.904124,0.18196864
RASA1,-0.4099424,0.5269683
MEOX1,3.694922,5.2568564
RPL6,10.20529,9.297231
GMPS,12.0776,4.009233
TELO2,-7.879879,3.4400346
PDE6A,-2.6960087,2.4380336
ATPAF1,7.0025034,-3.885676
EFS,4.8436794,-6.2321444
FAM122B,-5.88456,-5.5132685
DYNC1LI1,-4.031683,0.049334493
FAM107A,-2.1278222,10.179234
KMT5A,-3.2446947,-0.20322908
EIF2AK4,11.683858,-5.5406537
PPID,2.4053319,-11.7400055
ZNF570,-3.2198179,-5.5020947
DNPH1,0.19070457,18.434727
NFYC,-5.3928914,15.05776
IL36B,7.508906,2.9280019
ZXDC,-5.3903713,-5.195641
CYP2U1,-0.51296854,-1.3293816
SMIM10L1,3.220883,-3.5166132
CNOT6L,0.90032333,5.6389728
CDC14A,-3.5150185,-6.626175
MZF1,-7.8456798,3.6691215
TSC22D2,5.827469,15.68998
DNPEP,10.26106,14.238338
PLB1,-2.8255765,-1.2632056
PLOD2,-0.52693325,-1.2503816
CMA1,-2.6645849,19.667667
FAM32A,8.338134,1.0327591
ADAM10,3.8393617,19.6757
SLC39A2,8.131719,0.4851573
RPL35,11.112583,8.357252
SCGB1B2P,-0.49986166,-8.728473
CPXM1,1.7965431,11.797789
RAD18,-7.447936,1.6412605
SETD6,9.6962185,14.786055
FBXW11,11.947068,4.347258
STAC2,-0.26270822,-8.877523
HNRNPK,11.953261,4.326822
MGST3,8.080195,13.556095
CDKN3,13.635264,-4.172023
PLEKHS1,-0.54222876,-9.968601
FAM185A,-2.864853,-4.285265
A1BG,2.8003335,6.149948
BCAS1,0.11704332,-9.648758
FOXJ3,1.0560945,5.3355303
PINX1,16.45771,0.35533166
RNF215,15.847806,6.49619
ELF2,-0.70943624,10.739971
PADI3,-2.2588325,-1.187987
MPV17,0.26897484,18.341915
ERGIC2,6.2546153,9.969039
NMT2,5.7302036,9.6220255
TNIK,-1.6044341,-0.94134766
SPRTN,-1.1406134,11.91211
RFLNA,-4.5228195,6.703108
ASCC3,-0.29881743,2.736536
HS2ST1,4.5027256,14.753669
ADAMTS15,-4.7499957,13.915526
MCCC1,-3.1546662,1.9288107
ZBED2,0.82956994,18.016775
ACE,-2.7066803,5.9896607
PTGES,-1.354373,-3.3517425
NARS,-4.101338,3.8786733
SLC45A1,-4.779655,9.857119
CHST1,3.277587,5.9228106
TIMM9,15.576599,12.536515
UEVLD,-1.088652,11.903449
PSMC1,1.0196134,7.437885
BAZ1B,-5.1211963,-9.80172
COPB1,5.030698,15.259107
ZBTB49,3.0202327,-10.837127
KIAA0556,-7.725337,6.8654456
ZNF684,0.43035436,1.7972207
KRBA2,-1.9431263,-3.0880463
RITA1,16.240057,-0.2455045
CD1C,-9.792069,11.472969
EMG1,11.650347,12.780211
GSTM4,3.6457334,17.275263
KIF21A,-1.3228431,12.199751
FCGR2C,-10.593479,10.909927
GAB3,-1.1645977,8.708066
ITGB1,-0.6778956,-6.0044584
TCEAL4,-3.0005035,11.229491
ME3,-0.7563748,-1.1147927
ZNF805,-6.670108,8.525915
HOXD10,3.6391046,5.3851886
RBL2,3.845425,19.669476
ABCA8,1.4629116,-2.1767013
GAR1,12.616487,3.3197331
TBP,4.208882,12.200996
SLC5A6,2.5587976,12.200133
TRIM5,-3.9654226,-3.9826193
ZNHIT6,4.3489,14.412196
GPSM3,-9.114183,11.793985
PITPNA,4.285337,-4.342055
LIX1L,1.3052576,-1.8799454
PSMB1,13.111699,1.2012666
ZNF853,4.280233,7.5535645
KITLG,9.810538,-2.2921612
ANXA8L1,-5.6219096,-5.4831443
AKTIP,6.2105985,15.169422
RNASE1,-10.615388,11.025811
TIMM13,8.279205,17.066713
EHD4,-8.944819,3.468143
IGFN1,-8.54984,-1.0555817
SLC19A3,2.2457287,-1.0128307
EXOC8,-0.5512293,11.639938
KCTD17,3.473575,-3.8038626
HMGB1,6.870355,10.355814
GREB1L,-3.5164487,9.657566
AP2A2,6.719906,-3.526129
LMO7,-5.1407924,-6.0708814
TTPAL,6.5540967,3.7622976
TOB1,10.231295,5.211728
USF2,-7.888098,4.058147
TAF3,1.3298721,4.5279713
ZNF19,-2.3110108,-4.315482
BICDL2,-7.182034,-4.2605486
ITGBL1,-2.7622154,6.155245
ACOX1,7.586585,0.78048164
SPTLC1,1.403648,4.641834
DET1,-11.499477,-0.99307007
MBNL2,-0.65116036,-0.8064431
RUBCN,-7.4395022,5.5529976
PHF11,-10.2520075,4.539865
RASL11A,-4.346983,9.792122
TTC9,4.522298,-1.8339077
CDC23,15.773504,6.496811
ZNF48,4.602233,-6.1711936
GON4L,9.607151,-7.7915564
NIPA2,-1.7924592,0.45402387
ANAPC5,0.20461904,-4.9235735
PGRMC2,-5.187692,-8.374541
SCN1B,4.0213428,7.262618
AGPAT5,9.60325,2.2240896
LARP4B,-2.9006066,-0.283441
CRNDE,0.43007132,1.7986765
ZNF644,7.933922,5.328328
ICMT,13.105952,3.5170696
FBXO6,18.699755,2.7288697
MTO1,3.0030136,-10.876255
NTMT1,11.935164,3.5972521
ZNF525,-1.6400163,15.277674
WFS1,6.721468,-3.5280366
ZHX2,0.34911916,-3.3040032
MFSD11,-6.0906205,-8.7402
NDUFA7,3.4469788,16.368166
AP3S1,5.7155867,11.233874
CBX1,7.3040457,6.275264
ZBTB40,-7.699562,7.0588894
RSPO1,-11.9616785,-5.3341146
AKAP8L,-7.591931,3.2401068
DEGS2,5.3038793,1.4743901
RYK,5.7209005,11.22661
GPX4,3.6097288,8.834206
KIF1B,2.7681034,-6.5294037
SIDT2,-7.4662795,5.6067104
SFSWAP,-7.6103573,3.2183826
RTCB,11.616162,3.1128397
PER2,-2.9058738,12.171757
SEMA3G,-0.745474,-1.5278318
LACE1,6.896405,6.2569113
HS3ST2,7.4147267,7.6222343
FAM212A,9.315477,-0.32144147
TMCO1,7.047584,8.807873
NRAS,-0.7696005,11.660028
WWTR1,-0.6607303,-5.965794
EEF1A1,11.390106,8.205511
TMEM38B,6.655631,9.4377165
NEBL,4.8037806,10.927395
ZNF107,-6.4569736,1.0255638
YEATS4,6.7283254,9.927772
HMGCR,-7.9818883,-2.7250285
TMOD1,2.6595836,0.11908639
BAHCC1,-7.107968,8.708336
B4GALT2,10.596134,13.992437
TSC22D4,12.205065,0.28000984
PEX6,-9.803506,-2.7476141
TBPL1,-1.102249,11.947948
SPATS2,-6.0983496,-8.736295
RASGEF1A,1.4447016,-8.178133
FLCN,3.6245978,2.950682
DKK1,-3.0114555,9.66632
GCSAM,6.302069,2.3999898
BBS4,6.410391,-6.148246
PSMG4,1.3945563,7.9565682
TAS2R5,-9.146025,-2.9449413
SCAF8,1.2576858,4.6628346
AP4B1,-9.809286,1.0083086
ZMPSTE24,1.2811958,8.381416
ARMC8,4.552747,11.869119
CACNA1C,3.501669,5.7092066
AK7,-2.910909,-0.27939695
NFATC1,12.271924,0.3883969
MRPL11,3.189397,16.567284
SETD1B,-7.90675,7.1728377
TPST1,-2.8438995,6.693085
CHN1,0.71474546,-1.7250675
ASB3,0.1669506,11.011186
UNC50,1.9078532,20.204218
MYPOP,11.881262,8.901803
FITM2,-3.5587199,2.058266
FRG1,-11.279429,8.38843
ELFN1,-6.616948,-1.5810343
ARSB,7.9190416,13.408589
PYGM,-3.9460714,-1.9262145
TMEM200B,3.8476532,8.783954
EBF3,3.3845096,5.832391
DSTN,7.2484417,9.034136
NPM3,4.199129,16.807402
OFD1,-11.424195,-1.0609766
ZNF26,-10.243086,4.582736
DNM1L,-0.74337083,-3.8686378
TRANK1,-2.0838695,8.75012
DCAF5,1.3295664,4.548437
TMEM99,4.990196,1.6834106
MSL1,-10.318795,4.5535474
COL23A1,-4.9962215,9.417055
RPL26L1,2.3874745,15.059217
MS4A7,-10.722753,11.143513
ZNF720,4.249118,12.208961
LARP1B,-1.0762124,9.659331
RAD17,-0.44659713,5.340812
UCHL1,2.351728,9.792971
JMY,-0.32372424,11.1012335
TMEM181,7.5188575,10.845788
FKBPL,8.217747,0.8798728
TRAF7,-7.5655518,5.368481
MSH6,5.2860527,13.772748
CPSF4,-8.290566,2.969085
ISCU,-2.6056468,-2.8764892
GLB1,8.243982,13.939742
ATP6AP1L,-4.597081,-3.6912284
HECW2,-0.77343756,-2.0054383
MAN2C1,-7.7610207,2.9980466
VTI1A,10.058037,-3.033631
PRODH,3.8150392,-4.2314787
CDCA2,14.389526,-3.754503
SEMA3E,-0.7216409,-1.363635
CORO1A,-9.644482,11.5878725
ADRA2A,1.1161815,-1.9636189
BCL9L,-7.9320636,7.0684257
FTO,0.3533079,-3.29744
FBXL2,-2.7131574,-0.39844555
CCL5,-1.2042947,8.705531
FNTA,0.64137393,7.3622303
COL9A3,-6.771361,-1.6478777
KIF18A,13.644882,-4.1600018
BAG2,-0.33432752,-0.86786616
KIN,-1.5795833,15.257354
DCTN2,0.40900615,1.8189125
STAG1,-4.4571037,-8.104537
ZNF74,16.256203,-0.21578662
RAD54L,15.314025,-2.9265175
ZNF579,14.41193,7.604932
SIRT6,8.754824,0.106537655
SLC25A20,-1.991073,1.7109548
MFF,7.3521852,8.995004
ADPRHL2,9.042486,-1.2694575
CRTC3,7.41659,7.6222787
EXTL1,-0.27657402,-8.90398
FAM208B,-1.0564488,6.8506837
KIAA0895,-6.162546,-8.825064
ODC1,-1.0325503,6.4399505
TMEM255B,3.1553633,5.4282045
GABARAPL1,-2.837545,10.917484
SNHG16,4.9798584,15.225582
ACER3,3.8157206,-4.2057376
DNASE1L1,6.096075,-9.135961
WDR62,10.033242,0.36902755
HUS1,-0.20039809,2.8750632
DUOXA2,-8.56884,1.019636
IPP,-8.919618,3.1888168
ZNF559,-11.422602,-1.0585212
TRIM62,6.5197935,-3.2112875
UFC1,8.239292,0.855637
MXD3,-7.5378985,3.4643586
ADNP,-13.054763,2.3471925
ELN,-2.8394291,6.73623
IGF1R,-3.2355788,11.492961
RAP2C,2.0405035,8.33821
ZNF584,13.063985,3.4873214
VIT,-3.3808706,9.591769
ARHGDIB,-2.5695112,8.105678
ZCRB1,7.459495,11.010693
OS9,14.653139,7.776334
DLEU1,-6.817659,-7.7496357
NAA38,3.753537,16.711222
IGF2,3.8491673,4.922342
CES1,-3.2824733,6.624372
SAE1,15.615548,3.903083
RNF144A,-9.841849,6.098599
ZNF543,11.552161,0.048262026
PMM2,-4.5374513,4.0275035
COX7A2L,12.020221,4.066905
NSUN3,-9.96435,-6.4279227
MTMR10,6.7408137,9.97389
HDAC9,1.1516272,-1.6911845
E2F3,14.319185,6.3796616
FBF1,5.0275483,-3.9201646
PCDH20,-3.084163,15.82007
DDOST,2.6990824,12.381792
RASA4CP,6.5616336,3.8017747
DNAAF5,10.9087515,13.790281
HHLA3,0.8768405,10.545335
HUNK,-2.8335037,10.888022
SUCLA2,7.3621182,6.2191916
LRRC8A,-9.056215,3.5586343
MB21D2,-5.9574394,-8.24682
CACTIN,-7.4766207,5.5900965
CKS1B,1.9672691,15.100001
NPAT,0.908192,5.616473
INPP5F,-6.155216,-8.813712
ATIC,13.827294,3.4182367
HEG1,3.4233418,5.832395
ZBTB34,-0.65081894,10.830664
EREG,7.541651,2.8698847
SEC23B,13.779315,3.4219847
CACNA2D3,-4.303716,6.546375
LAMB2,3.6240108,8.744459
EPHA3,0.9310206,-0.57121927
HDAC4,-6.9390426,10.728292
PLEKHD1,-0.27619237,-8.913713
MOCS2,9.754721,-2.3356373
CIZ1,13.185828,0.22950535
GRAMD3,-1.0676844,12.030126
ATP5O,3.1818373,15.784656
ETV7,5.294752,1.1210624
HMBOX1,2.8073723,-6.4942393
IFI27,-2.2501006,8.671967
ATP6V1C1,1.5162777,8.599443
NT5C3A,2.0682049,8.267211
PIEZO2,-4.3345695,6.5863824
SNHG17,11.883109,12.462708
ABRACL,2.5522692,15.340488
ZFYVE1,14.313057,6.3943615
SAP30L,10.431369,15.113902
CPNE8,-0.6777993,-6.0106773
PRR11,14.339407,-3.8049045
RELL2,-7.836095,3.9290128
CLYBL,3.6459496,17.273907
ATXN10,1.8672743,10.032111
MRPL10,14.728214,7.8352604
TTC38,-1.9175031,1.8046848
PCMTD2,6.699844,3.9832282
ZMAT2,12.072356,3.989058
LHPP,12.25032,-0.31796637
TAF8,-8.086964,1.4700004
PGS1,1.9080707,13.15196
EXOSC9,-11.279188,8.388392
RAC2,-8.886927,11.801488
CARS2,-9.81084,1.0074587
NDUFA4,3.2041643,15.807032
ABCB10,-0.55413115,5.113868
FOXN2,6.79248,8.986424
SDF2,12.018616,1.2619429
DDIT3,11.219259,6.124307
ATP1B2,0.7124665,-1.7373899
PWAR5,1.8128991,4.18876
MAGOHB,-3.1512804,-4.2980876
THSD4,2.5371237,-8.126204
DVL3,-7.579556,3.1880624
ADPRH,1.0436428,-0.8575022
PPP1R7,8.6980505,-0.1599231
TAF9B,17.268763,4.777677
KCTD5,8.949651,-1.5981715
ANKRD35,4.9449697,1.6428593
PLAT,1.9346241,-8.308997
MMGT1,4.7905703,15.059834
ISOC1,-10.716802,-6.1833897
SMIM8,7.298979,5.9924893
ARPC5,12.020534,4.068578
SEC31A,14.114094,8.704671
ZNF606,-0.72548175,4.533694
ANGPTL5,-2.6778119,5.841493
TXNDC11,-1.0241588,6.6802707
PPTC7,0.72955894,8.495159
MAGOH,-1.7804133,0.45945007
ENAH,5.214202,13.717873
STK32B,3.9882953,7.222724
TSPYL2,-2.9776988,11.217716
KLK7,7.3488545,2.9957638
PIK3C2B,8.8944435,-1.6124725
KBTBD4,9.612937,-7.7541256
ETV2,9.0819845,-0.47846544
TNNT1,4.8704095,0.9501206
LMLN,0.20313112,-4.923252
OSER1,5.744271,15.649847
ZNF852,-9.15141,-2.9154875
TXN,-1.8003908,0.4056411
CCSER2,0.6647037,7.564752
RASA4,3.6031399,5.402737
PDCD1LG2,-3.0386963,6.719719
FSD1L,-2.7280095,-0.39153162
FAM201A,4.9475985,0.6560001
ANKRD6,3.849805,8.882607
GCAT,-3.0355484,1.7647566
GRB7,15.434169,6.9545336
GRB2,-7.4141207,9.388247
AHRR,-4.998011,9.416005
KCNJ8,1.1335312,-1.5892757
UVSSA,-7.9609566,7.297457
BNIP3L,5.2186804,15.379906
SDC3,4.8358607,7.979799
ARHGEF6,0.3320417,-1.2183295
PPP1R35,-7.7493167,-4.417261
ACBD4,-4.1230283,3.8475478
ZKSCAN8,0.8653793,10.467804
SLC15A1,-2.523301,2.712888
CDCA8,14.448478,-3.7205207
MTURN,-5.5182056,10.27183
TMEM143,-7.7906876,-4.348739
ARL4D,9.758743,-1.7029717
VEGFB,12.212989,1.1375403
NES,0.46106252,-0.47363287
MBD4,-11.171526,-1.6345029
RNF207,-11.267939,-5.968251
MEAF6,0.36787346,8.118054
CYB5R1,4.3074603,0.9028585
NUAK2,4.321762,-4.9722185
MYO15B,3.15049,5.4304695
STK35,-7.631639,7.028287
SYNPO,-0.030598497,-1.0238522
ZNF461,-3.1367378,-5.594223
LPIN3,-7.507726,-4.3454776
CEACAM19,9.054034,-0.5058728
IL7,4.2484837,0.9458971
NR2F1,1.1466244,-2.2809381
SPRYD7,2.1282353,8.137306
YAE1D1,7.270752,6.2891817
CDR2L,3.8824964,8.788502
INPP5B,-13.216286,7.564524
NPNT,-0.62868685,-1.0574375
COMMD2,7.268711,10.297338
RTN3,15.8498745,6.4892516
TGIF2,8.390671,8.118985
DLG4,-2.5691442,8.137643
MRGPRX2,-2.6644917,19.667889
APOLD1,4.4163756,4.292564
LAMA5,-7.964827,7.3072567
AVEN,8.997364,-1.736057
NAT8L,2.2961879,-1.0555681
SNF8,3.707721,16.81907
GARS,12.857244,1.5115355
PAPD5,5.3176455,11.246731
BBS12,-3.0535548,-4.376356
RHOQ,-4.145301,9.888931
LRRC2,-3.4541419,9.476741
PDE3B,2.2993104,-1.0564178
MAP3K10,-7.768895,3.8922572
ZNF846,-0.7248876,4.536486
COL17A1,4.2700315,-4.322079
GPC3,-1.0242844,-0.9394655
ZNF468,-3.2220252,-5.5045333
ASRGL1,1.2784206,0.42916894
TP53I11,-4.6032677,10.296118
BBS1,11.005986,2.6795318
MEIS2,1.1593871,-1.394755
MTRR,4.332355,14.415625
PCBD1,1.151387,-1.367101
BAZ1A,-0.24289243,2.7946646
MTIF3,7.493474,5.7292857
LCA5,-0.6725246,-1.3831272
RELN,-0.4588013,-1.2483147
KY,-3.8126237,-0.04200209
COLEC12,-2.7042997,6.0076733
VN1R1,-7.385624,1.5995221
AMN1,7.2769494,6.2683916
IQCE,-7.589964,8.798713
ODF3B,-2.6963065,8.238878
SLC26A11,14.362063,6.3335934
NIT2,-8.173663,2.5943606
ABCA1,6.969764,1.340417
LYN,-2.5747275,8.136763
DNAJC21,2.374156,8.201294
ZDHHC23,-8.387832,-4.079346
ZNF514,-11.393557,-1.0981381
TRIM26,-8.313355,7.180134
ZNF529,0.8667989,10.462986
DHRS4,8.693216,-0.23110092
KAT6B,-8.457523,6.774092
KLHL25,17.26297,4.7606196
SOX18,3.6557665,5.3795934
JOSD1,11.399514,6.2642746
DIP2B,1.4465005,4.5547733
FAM228B,10.463754,0.16689649
DLG1,-0.26629043,12.047171
NT5DC2,-8.139071,8.208712
SHF,-2.48682,2.7488782
TDRD6,-7.49385,1.6787783
ZBTB4,1.4556464,4.4225144
BRICD5,-8.383457,-4.082851
CDK11B,13.157388,0.2519429
PRDM8,0.26855436,-1.0828015
TMEM258,3.6848197,16.839653
TLE3,9.8584385,-2.45232
TRIM13,-6.0826955,0.779187
CELSR1,4.5550456,2.1163647
TBC1D32,6.4428205,-6.1806893
EXOC2,15.719507,6.601914
L1CAM,8.059187,13.715599
PI4K2A,-6.7795744,5.5161934
PTOV1,-0.98987144,-12.494592
ELL2,-10.218999,4.5268955
D2HGDH,-7.304997,-4.3124337
ZNF449,-0.72619814,4.5362687
PIGP,1.853693,10.346416
CLK4,4.142088,14.76963
SLC2A1,9.734345,12.901384
NKRF,-5.13548,-9.543904
HMGN1,7.4281197,11.091619
CD55,4.475066,-1.8440229
SRRM1,-7.810833,5.308137
ENG,3.8707294,4.929389
POLR3D,-4.0352154,4.0220313
PHF2,14.337776,6.3574977
KANK1,-4.0234537,0.043595158
LCN10,-4.9803343,9.4537
SERINC5,5.646693,-8.620467
RGS6,-0.69811714,-1.9650893
LMTK2,-6.6791615,5.7481575
MAPK6,0.71940804,7.3556943
TNPO1,6.787645,10.129949
TGFB1,-2.707291,8.243646
MUSTN1,3.250285,5.798894
BST2,3.508761,9.22756
ZKSCAN5,-2.4023657,-3.9968615
ZNF415,6.600626,-2.6819108
LRRC8C,-5.585217,10.315007
MIF4GD,9.689197,-2.190874
PIGX,6.53054,9.856552
ANAPC4,11.667941,6.29176
CMSS1,10.01561,13.632497
ANKRD18B,5.0970807,0.9121743
RSPRY1,-9.8757305,-6.8128967
MTIF2,7.190508,11.923369
PIK3R3,4.4251103,4.306194
CPD,5.232175,13.684958
DEF6,-5.649416,-5.476527
CEBPA,7.778557,0.94806623
CBFA2T3,4.280028,8.226891
GLRX3,-1.7727107,0.4931316
NELFE,13.100618,1.1606394
DCAF6,5.723633,9.619594
RASGEF1B,0.77409697,5.88426
MON2,4.8229995,11.631016
MOCS1,-1.8340386,1.5938027
RTCA,2.140765,7.749624
CASC15,1.8924917,-2.1420379
KIAA1841,11.674809,6.303296
TMEM38A,-0.72565913,-1.9856379
TRIM11,-7.5932436,5.4266276
RTKN2,-1.9792997,-1.0617712
MRPL14,11.617735,2.9420567
HIBCH,-2.0115795,-3.1759934
PPM1F,-4.60064,10.326646
IFNLR1,4.274295,-4.32373
C1QTNF1,3.597892,8.874927
MRPL45,8.198351,10.573045
DOC2B,-9.791851,6.0490503
PLGRKT,2.1688826,15.129239
TMEM238,5.8891487,-2.9758072
TNK1,9.668557,-0.24732247
ATOX1,13.050077,1.2512875
RAPGEF1,-6.791715,8.447868
TMC4,0.1452222,-9.668782
PLCE1,-0.5157809,-1.1746843
EPHX1,0.584735,-3.124797
TBX1,3.8649895,8.867305
SLC22A31,-2.5766416,2.6060352
HSD11B1L,6.423559,-2.967845
LIN54,-0.92867255,11.790125
PGM2L1,-0.58441484,-1.3641324
ATP12A,5.751068,2.767149
MNDA,-10.628364,10.86517
LBH,1.3524489,-1.9240643
SUMO2,5.3551197,13.500394
DNAJC4,-1.0283271,-12.510117
SOWAHC,-4.2043395,12.062631
CPEB4,-11.168998,4.7786684
FNDC4,-1.6607919,1.4281098
FER1L4,7.576755,-9.24044
UBR2,-0.6902244,10.728752
TRPC1,13.092257,3.5115705
TFPT,11.550606,3.1825655
SDR42E1,3.9617772,-4.807955
LIG3,-0.894698,-6.643272
VAV2,-7.109508,8.705284
GDF11,-8.5298605,1.0592275
RABL2A,-7.533109,1.7906895
ZNF791,-0.6787043,10.862031
CLU,3.568208,8.77734
MAPK3,0.4278444,1.8038174
ADCYAP1R1,1.4919819,-2.2398124
ZNF668,7.005505,-2.0071313
MUCL1,-0.50649965,-8.726219
SLC35D1,6.698875,3.9757383
RBAK,-0.45207304,5.292515
MANBA,8.280438,17.067066
THBS1,0.7470936,-0.42312804
ATR,-0.7339089,-3.877431
SUB1,1.9863975,15.090239
SHISA4,-4.3072867,6.5554137
SPICE1,-1.5598453,15.214061
OVOL2,14.298879,6.4275746
SLC13A3,6.450942,-6.188202
TDRD3,2.3663042,-11.767206
PREX1,5.179635,7.7631183
ANXA2,14.032406,8.317303
FOXM1,14.878404,-3.428508
UQCRFS1,1.1709465,7.6163
PLEKHM2,-6.671342,5.4762006
FAM78A,4.2298574,8.261302
B4GAT1,-3.8044689,4.252914
BRMS1L,6.700274,9.451766
PPP1R16B,5.2856965,7.6998467
PTTG1,14.298655,-3.8108404
PSMG1,-0.7644469,-3.781514
ANKRD18A,4.95027,0.6580924
RFXAP,12.164715,0.06194134
TARS2,-1.0064924,-6.5165358
GTF3A,10.324361,9.20614
PDE10A,4.6206465,4.1996384
LENG9,8.249205,8.084732
PPP1R3B,-3.7447658,-4.056043
HSPA5,2.6935928,12.381542
KLK14,-11.722729,-5.549104
FAM207A,12.499083,0.9502911
AIM1,-4.0321817,0.02746985
F8,0.45510367,-0.40371382
AKIRIN2,6.8946085,1.3900028
LIME1,13.538417,11.851724
FRS2,4.907694,11.556021
LIPT1,2.6798217,7.6973677
CTNNBL1,9.609101,-7.7948766
NCAM2,-3.0846121,15.819723
TBC1D10C,-1.205012,8.7043
SMARCA1,0.18571886,-0.76649797
NANOS1,-1.7494243,1.5220696
FAM229B,-2.8909194,-0.2873721
LAT2,-8.878296,11.80679
B4GALT6,-0.67762834,4.970613
DIRC2,-1.3549715,12.231646
BMF,-5.5407214,10.285862
WNT16,4.2765822,0.9215982
MGRN1,-7.727631,8.3445015
ZFP36L2,11.371699,6.245919
CBY1,2.440732,-11.657883
TNFRSF14,2.823591,6.142371
DPH1,13.185361,0.22842395
HRASLS5,0.5218111,-0.3434619
GPR176,-2.936517,7.2655463
DIRAS1,-6.759417,-1.641478
HEXA,-2.9077554,7.4802613
ATG4D,4.3044643,-4.953919
ACSBG1,-2.606944,2.6072721
SPINT1,7.2624154,1.1917112
CP,-2.9065497,7.4979024
ACTG1,11.721251,4.5171556
METTL2A,-4.437133,4.0110555
TFG,0.95597744,7.4347367
SGMS2,-3.4584818,4.1871552
YIPF5,5.276684,11.218545
CHIC1,-6.7291555,1.1879532
DPYD,-0.65471,-5.965362
ATP5E,2.9482276,15.5289135
SHQ1,-0.6926275,-3.9583147
B4GALT5,6.204923,7.5994844
CA6,-0.5889557,-9.949853
PANK4,-13.292913,2.1154072
PCAT19,3.8093991,5.075184
TRAK1,-5.292409,0.4521031
SNN,-7.260253,-7.8115745
XPO6,-7.662273,7.0367036
POGLUT1,-4.5337834,4.019775
PFKL,-7.757586,3.9411035
SPATA5L1,12.877024,6.150054
TCAP,-13.438932,-6.347797
MAPK14,15.866935,6.474235
ZNF621,12.461124,7.3776045
CDCA7L,2.7821982,-6.5319605
FAR1,4.279825,-4.9856563
NAA20,2.0904386,15.096496
ZNF672,11.949318,6.8384886
STK26,-0.76830184,11.627059
HNRNPA1,-1.8007807,0.4266672
ANGPTL2,3.7886846,8.927043
ANAPC1,10.912934,13.785423
ZNF408,9.610882,-7.7969713
FAHD1,0.11414829,8.384159
PTPRJ,-0.70592034,-2.0620291
ACY1,-4.0307217,2.138913
SCML1,0.87871444,10.431216
UMAD1,-9.946736,-6.5012903
SLBP,0.37273303,7.830853
NSF,-2.5829465,-2.8916783
PRSS27,-8.425044,-1.1203061
SEMA3A,2.8599138,10.108999
RGL1,2.87819,10.178521
SDCCAG8,7.4243717,6.047839
FMC1,-4.9417176,9.364863
DOCK9,1.4499252,4.4160023
GTF2E2,-0.037908398,2.9954205
PTPRT,0.13298446,-9.644927
NLE1,8.485827,17.473597
LVRN,-4.0490637,9.858107
DHRS13,8.948728,8.754549
FMO2,-0.72224593,-1.9417431
UBE2E1,0.3696114,7.8168645
POFUT2,-7.73379,2.9769716
KNSTRN,-2.9982073,1.6580056
KRT4,-2.605206,2.614163
RIN3,4.480595,8.124127
TMEM67,12.201745,-0.07366037
FXYD5,1.6572917,12.009601
AMN,5.8339534,-3.0166883
SCART1,6.1123705,-9.153025
SNX15,17.278212,4.7470536
SBF2,15.8443,-0.89083815
GALNT3,5.671046,11.764393
NPY1R,-1.1737324,-9.228622
CLDN8,6.875296,6.2301607
P2RY14,-10.61058,10.892889
PLEKHG4,-9.473479,3.9283504
RBM19,11.87849,12.430826
TNPO2,-7.6869917,6.9751186
PRRC1,4.8047175,10.9352
ITGA9,0.72148925,-1.6208133
CLPB,13.83191,3.4088883
TSPAN15,0.4223594,-0.4189288
MEGF11,-6.044613,0.7295143
BRF2,-2.309086,-3.8817983
SYNJ2,-0.50555485,-1.3018047
RGN,0.4894065,-3.202886
HCN3,-5.8622007,-5.5088067
HOXA7,-13.091482,2.3127983
SPC24,14.981359,-3.3284762
KIAA1429,1.3799438,4.474721
CLDN12,-0.43772402,0.5212853
CRIM1,4.390871,4.2648435
ZNF737,-2.431023,-4.027204
SIL1,15.611632,3.9072053
HPCAL1,2.7410285,6.182322
KLHL29,-8.018629,1.5309528
RAB36,2.5319276,-8.131649
NR5A2,3.8823378,4.7112055
KCTD10,7.4197316,7.628853
UBA5,7.194731,6.483818
SLC35C1,4.8040175,8.0114565
BCAT1,-10.714839,11.136396
ZFR,7.9312468,5.332951
CMBL,0.7320142,-3.054546
ZBTB8A,-3.8783062,9.683472
CD58,2.1703134,7.6897435
ASGR2,5.1081963,0.99537104
GRHPR,16.40908,0.3270193
FBXO5,-10.95065,-6.0888467
ABTB1,14.338298,6.355334
NDUFB4,3.5105295,16.190533
EYA2,-11.472392,-5.9398804
HOXC10,-11.683786,-5.5943003
FAM84B,-0.8805479,-6.652443
AVPR1A,4.3773155,4.273942
MAGI2,0.40924704,-0.671543
PLA2G12A,-1.4253886,15.485625
GPKOW,6.7315784,-3.5425985
AP1S1,8.778546,-0.3196332
HSPB8,-11.344777,4.8676844
NCKAP5L,3.8534036,8.885572
ALDH18A1,13.82943,3.4191532
RAB44,-2.6645708,19.667795
PCDHGA11,14.074542,8.900795
SLC35F6,4.8974977,1.6679143
ZNF652,8.818139,8.634938
TRAK2,-4.07016,9.866378
CD7,-4.5979323,10.338774
GNL3L,11.159336,13.649325
CMTR2,-1.5880986,15.259801
HIF1A,-0.52913946,-1.2538154
PLK1,14.907753,-3.4186723
TLR2,7.7959967,7.8247156
LAS1L,10.297938,14.150031
HEXDC,-8.3844385,-4.089506
ACO2,12.24533,3.65329
UBR1,-0.6691372,-5.975884
MSI2,-1.4965454,10.035922
KCNH8,-7.7403345,-1.3842055
INO80C,3.8771899,-4.7220635
RBM8A,-4.0427155,3.956417
LSM12,-4.1398363,3.8350594
HEY2,-0.7912457,-1.6037736
UBOX5,-6.680232,5.453539
FCGR2A,-9.277989,11.822236
STX12,0.61217505,7.6416225
LRRC42,12.046322,4.061313
NDUFA6,2.298286,15.205207
NFKBIB,6.568115,-3.348889
LZTS3,0.85104775,-7.9884863
AHCY,13.746532,3.4426708
NCOA7,6.208947,7.5992675
KCTD11,6.298814,-2.9599073
HAUS5,-5.884598,-5.5142636
RNF14,-7.193914,7.201977
OSBPL6,4.169623,-4.36001
ACAD8,-7.870208,-2.6537776
GNA14,1.1198453,-1.9366784
SLC25A45,5.580498,-8.5562315
TMEM87B,-1.5429013,15.255624
SLC16A5,4.159487,-5.6256857
GLYR1,11.701593,0.13242133
ELANE,-3.5625377,6.529028
HDAC1,13.876195,3.393073
FNDC3A,-0.66660035,-5.9723988
NAV1,8.209025,-10.454226
RSRC1,7.947959,5.3153863
CPSF7,-3.678578,-0.097480856
OSBPL9,-4.3232718,9.856437
SF3A3,-4.1028504,3.8695772
NELFCD,-2.846608,-1.2783613
PRRX2,-2.5045426,7.905327
PLEKHA8,-2.316635,-4.2144055
PHF13,15.638846,6.665182
CA4,0.48616624,-0.36441016
HEATR3,4.214881,16.828815
DHX34,-0.8974793,-6.665167
NR1D2,-2.9079914,12.1746855
RGS11,2.9934802,6.079123
TMEM110,-7.93917,7.293411
TPD52L1,-1.145411,-9.282915
ADGRE4P,-9.055882,11.715067
METTL6,-3.8020618,-4.041002
TMEM64,6.7002153,9.036826
ORMDL2,12.964446,1.508688
EED,-2.3269684,-4.22441
BCKDHA,15.560412,3.9548147
PLA2G7,-2.575737,2.6110892
GPRC5C,-11.958585,-5.336906
RELT,-9.173096,3.6171255
METTL10,7.2556677,10.315466
CARMN,2.1953094,-0.0042149113
ZNF799,-2.8871658,-5.3458567
CDKN1C,-4.9703207,9.457786
GRHL3,7.85307,0.85456365
LILRB2,-8.658925,11.671684
FRG1HP,-9.176058,-2.8833482
FAM114A1,-0.7687879,-2.0180495
SALL2,2.474399,-8.161019
CBWD2,-0.039112747,3.02921
OAZ1,3.683554,16.856283
IRF8,-8.924554,11.854743
TAF6L,17.266157,4.7478104
GPATCH2,-5.56857,10.301879
IQCK,-2.8989923,-0.2830212
ABCA10,12.95078,3.4402006
PRPF38B,-1.4467913,10.07688
NAPG,1.7726188,8.715706
DYRK1A,-4.9951515,-8.478745
TDRP,3.975375,-4.9786987
NEURL1B,-7.0823584,8.705408
LRIF1,-1.5782608,15.252275
CCDC66,6.122441,10.180398
AOC1,-11.724572,-5.551329
CENPC,-4.4126825,-8.062794
PARD3B,2.3220522,9.431637
SERPINA1,-6.884084,-1.6396608
RPL22L1,7.432774,11.088628
MXD1,7.201234,1.2316594
WASH2P,-7.502247,3.4650605
RNF115,-3.8567934,9.675267
NARFL,-7.5220575,3.5441673
UBA1,14.067272,8.274341
LDHB,-1.5549042,-0.92744136
MAMDC2,-3.5401733,9.590976
SLC16A7,5.0885496,11.201419
SLC16A8,12.749358,2.2844932
CNPPD1,6.645791,-2.593969
EPOP,-8.946429,3.4676898
FCGR3A,-10.708852,11.145814
CECR1,8.072313,13.720058
MPV17L2,11.732624,12.680633
SLC10A6,7.59331,0.75102997
FAM47E,1.2516478,-8.130684
KCNT2,-2.734,6.071274
IKBKE,-0.8432034,-6.350615
HGSNAT,6.4504027,-6.188353
HAPLN3,-4.6332636,10.388034
LRRC56,15.659958,-1.0869802
FAM131A,6.6083646,-3.3765876
ZNF195,6.133657,10.1204405
CCNH,5.800609,10.867903
SWI5,13.903199,3.3727486
RBMX,-10.989785,4.6854877
RNF25,-11.108137,4.7477317
FCHSD1,-11.260288,4.824478
TGDS,7.546767,5.748693
NDUFS2,-0.89338624,-6.4578886
SGCD,-4.402438,6.6336236
SAFB2,12.868074,6.1515627
DMTN,17.272915,4.739999
M6PR,-4.1213546,3.8294346
OGDH,12.418662,0.7539299
CASC10,-6.7590003,-7.7420454
CCNG2,0.05425035,11.004829
KLK13,5.237168,0.86502886
YEATS2,9.72712,12.897957
DLL4,3.8010242,5.0833645
LMO4,2.6736524,-8.271202
SNX27,-2.8975487,-0.2831441
RNF168,5.924625,-8.951914
AGL,-0.48680836,0.48292997
MRPL49,12.166373,-0.03297355
DYNC2LI1,10.030955,0.37657815
ANKRD16,4.0387087,1.0274472
IMMP1L,7.2284575,6.522536
TMBIM4,6.8367796,9.058324
NBPF11,-6.1834607,0.84741706
TMEM14C,7.4658923,10.968157
ABHD16A,6.6656075,-2.5830417
RPS6KA3,0.52975136,7.9218893
PDCD6IP,15.799833,6.5186863
RIPK2,0.6652512,7.509607
SIRPB2,-10.818354,11.267925
PTGER2,-2.7181206,6.0312243
ZNF775,-4.2835116,12.154563
GOLGA8N,-0.726347,4.5382614
HYAL1,4.2564325,-4.2632737
FADS6,-4.1170254,2.0756643
ITGB2,2.8604593,10.080187
GPN2,-3.109235,-0.2336898
ZBED6CL,-7.3962164,8.416605
EBAG9,6.3813925,9.956092
OPTN,-0.94933516,10.944089
NR1H3,-1.8230374,1.5845532
CHMP4A,8.732948,-0.45125476
DAD1,3.7807863,16.627853
HIKESHI,7.4169283,6.143098
JAZF1,-2.7130866,6.0527897
CORO6,-5.07506,9.965963
LMBR1,0.19341715,8.314418
TRA2A,-10.333641,4.5176888
PCNT,2.8516853,-6.4186926
PCSK7,-7.9394355,7.154627
PLBD1,4.44926,-1.8130083
NOD1,8.152617,8.030987
ITM2C,1.1362704,-2.5906384
HINFP,-2.309905,-4.176473
SEMA6C,14.341462,6.3527946
CFP,-10.87544,11.322341
FNDC1,-2.4015715,5.254783
MAST3,4.689692,-6.2805047
QSER1,-1.0902209,11.940117
ITPR2,4.8776093,0.23602164
NOL4L,3.3795242,5.860102
TCF25,6.766973,-2.410114
MRPL42,2.0352552,8.33457
ADGRL1,-7.5260077,8.220564
ZNF394,9.670275,-1.9874634
ASPA,-4.6873436,6.8445935
UGDH,2.9098954,10.152402
LRFN3,7.042216,-1.9653563
NUDT1,8.806254,-0.022546414
RNASE6,-10.86896,11.318366
B4GALT3,7.4449177,1.1090213
FXYD6,1.9927318,-8.359108
TTLL11,16.249235,-0.22940287
KIAA0753,-4.5734,-3.7172546
FAM174B,0.8599996,-8.011253
ZNF836,-2.9042506,-4.5304427
CDCA3,14.917,-3.4106915
NPTX2,-2.9094572,11.063312
SCN9A,1.196288,-1.7775782
NF1,1.2050456,8.544024
RPUSD1,11.520497,3.1718044
SEMA4D,4.075623,-5.249146
B4GALT1,-0.6949144,-10.287292
SLC25A4,-0.72661644,-1.9957285
STRADA,2.106537,7.535234
MEF2A,-5.954,-8.268164
KLHL23,-0.76553243,-1.0267662
ADCY1,4.3532324,7.653776
CXCL2,5.0001097,4.078788
TLR1,0.73179924,-7.8225436
ARAF,14.041687,7.089962
TSEN34,8.669627,-5.7368174
SEC22A,4.8289957,7.9891543
MCM4,3.2234237,5.748113
STBD1,0.45973507,-0.39385924
NXPE3,-0.3658229,-1.0721604
SNHG8,10.511466,9.017499
ARRB2,-8.70864,11.688655
MORF4L2,0.50112593,8.376719
RFESD,-3.161267,-4.290241
PTEN,5.5563293,13.432602
PIGO,-2.3709342,-2.9855547
ZNF778,-7.777184,8.51925
ABAT,-5.151689,9.874234
ZFHX4,1.385962,-1.9511209
UGGT2,8.863248,-1.6943951
PLEKHF1,3.6287243,8.816325
ANKRD28,-2.8245902,10.849549
CHCHD3,7.325435,8.992915
UBE2V1,0.39664787,1.8284796
MVB12B,-6.873631,10.850208
MAPRE3,7.4328117,1.1420754
FBXO32,-0.35585424,-2.262981
CDADC1,6.5011063,9.924078
IDI1,-7.984021,-2.7273195
ALKBH5,14.669771,7.786311
SEL1L,-3.902089,-0.100516275
BCL2L10,-5.837532,0.668279
NFKBIA,10.398521,5.360473
EXOC3L1,-2.039638,8.794378
ZNF707,-8.435788,8.288701
KIAA2022,7.2131553,8.542351
NKPD1,4.444351,-5.9826775
CLIC2,0.6323562,-1.6413618
GLDN,2.29936,9.754212
SLC22A18,-1.3318107,-12.7141905
FZD6,5.322609,11.275218
CXCL16,5.9535403,-0.0566536
PTGS2,10.224344,5.201586
KLHL12,2.9197407,-11.782825
CNPY2,4.0479493,14.968157
DCAKD,-5.3935666,15.058933
NEU1,10.223882,5.2025356
PLTP,8.2553,13.942736
TOP2B,-0.5391107,5.1462164
NHS,-0.6452525,-5.879486
NFIB,1.9288961,-8.212751
SYVN1,11.635701,6.378682
NPEPPS,-0.40461174,10.324916
ZNF567,-11.015427,-6.066479
WSB2,-7.384242,8.97327
NCF2,14.316138,6.3872285
FER,-6.310338,-7.533167
PCNX2,6.094585,-9.134326
KIAA0408,-4.092736,9.859066
TCF7L2,0.17805398,-0.8925001
CNTD1,1.9010888,10.31467
INVS,2.3545377,-11.776097
DACT2,4.3190193,0.9392875
FLII,-7.770455,3.9231417
CLNS1A,7.188366,11.625649
STK17B,-0.18622689,10.949716
NFATC2IP,-8.479152,8.338916
NPPA,-13.440122,-6.348412
URGCP,2.994054,-6.335935
CLCC1,-4.5697083,-3.710462
MGAT4A,-0.85914814,-6.3842015
GSTA3,-5.7765527,-5.5106993
MAST4,15.67583,6.7751794
CASC3,-2.9055762,12.163982
CDH13,-8.109905,1.5255646
ALKAL2,-2.7762635,10.452617
FXYD3,8.91619,-0.5163427
CHAF1A,4.884401,0.2457861
LAMTOR5,1.9786197,15.111949
VCAM1,1.6477772,-2.2263339
TRPM6,-6.768858,-1.6210563
AMZ2,3.5585294,3.0122485
IFT20,7.455411,11.026944
FAM219A,5.0894046,-1.854724
TAF12,-0.91393757,-6.638932
SLC25A1,-4.1558723,2.066161
PPCDC,-2.0772772,-3.476887
MPDU1,12.990706,1.5274614
SLC35F5,-5.1199927,-9.668621
POM121L9P,3.2412727,5.8929496
CIB1,-5.252972,-5.875658
CBFA2T2,-4.989481,0.35768932
SEMA5B,-4.7461457,13.9183235
TNNI3K,-8.211655,2.5824895
BTNL9,0.5256919,-0.33556762
DSEL,0.2599976,-1.0020237
SLC25A22,16.41457,0.33641043
DOCK1,2.9229813,-6.372773
EEPD1,17.317804,4.7064257
SLC6A11,17.301094,4.7141337
IRX6,-4.748059,13.919762
ZNF10,12.144009,7.0415764
RTKN,5.9235997,-0.08450407
CRCP,-10.053344,-6.5529447
PKLR,-2.6383836,2.551019
CMC2,-1.7933414,0.45034906
MYDGF,-10.217466,4.5402684
RPP25L,16.485973,0.14284042
SDHAF4,7.2385583,6.5472074
CNOT11,12.758392,1.7045275
HTRA3,5.6736455,7.6639633
KIF26A,4.851646,7.9478803
EDA2R,-3.8927977,-0.119531184
TSNARE1,-4.864982,0.3238759
POR,12.680494,1.117364
PDIA5,3.7790864,5.141173
NSUN6,2.8746068,-11.749803
TRIM6,6.921515,-3.8606255
TTF1,-3.1757042,-5.530947
SLC15A4,11.949637,4.343533
ZNHIT3,6.846177,14.513647
ZBTB44,10.464218,15.144456
SMARCD1,10.058313,14.657727
RAP1GDS1,-5.124807,-9.893635
SLC9A1,8.816985,8.62961
TMEM214,14.033137,8.266871
TGFA,10.034684,-2.9191117
TRPC4AP,-7.855358,5.4664254
TOPORS,-4.501654,-8.14963
DIS3,-0.2449416,2.7983475
DEAF1,6.9938593,-2.0319343
BGN,-2.412831,5.2656794
KIAA1549L,-6.7970734,-7.7463636
ACTA1,-13.439267,-6.348068
CRYL1,3.8589587,8.882515
CRIPT,7.1276445,6.0709577
PTTG1IP,7.4456077,7.6343236
MAOB,1.1475842,-2.3709252
UROS,-13.217627,7.564025
PRPF6,4.6996455,-6.2743554
SDK1,3.8499196,8.85296
MED1,15.679746,6.812304
SLC18B1,5.2282343,-1.9473723
MLXIP,-6.8794293,8.19564
DDX60L,-2.102513,8.722842
ZBTB22,9.029875,-1.709643
ZNF784,9.693211,14.787549
ZNF765,-1.6542668,15.279661
ZNF160,-9.836216,-6.919436
U2SURP,2.0836627,8.285839
GFPT1,-0.509295,0.45600227
PRDM2,6.9987526,1.3211751
ELOVL6,-4.947849,-5.3027353
RPA2,-2.361601,-3.0141416
HDAC8,-2.1249397,-10.101192
MTMR1,3.9414396,-4.8986335
RBPJ,-0.2436623,10.713157
PHF24,-2.6044877,2.6352062
TMEM208,3.751571,16.651806
SIAH1,5.8326054,15.6856365
CENPX,3.6873112,16.858498
ZNF703,-5.434108,0.5402619
NELL2,-6.952954,-1.6196527
SLC30A6,-4.399354,16.837843
CDC42SE1,13.402856,3.9756668
PIP5K1A,15.421309,6.956668
MFSD7,-11.365901,4.8815627
ID4,10.768,5.648936
CHMP1B,0.9268854,8.546684
UQCC1,3.5958705,15.749828
LCE3E,5.8711367,2.67514
OAS3,-2.2552533,8.680185
ST6GAL2,-4.6828165,6.842649
LCE1D,7.876543,3.1618905
DDX3X,5.8292794,15.691829
INMT,-4.434713,6.6407323
LSM6,2.4882495,14.8892
UIMC1,0.6817578,7.297766
PIM3,11.321987,6.2108965
MRPL2,15.527821,3.9873695
TBC1D9B,-7.9960284,7.117389
CALCRL,-0.4260142,0.53573084
DACT3,2.2339752,0.03364916
MED21,6.058461,10.299001
PRAG1,10.623658,-0.097657636
APBB1,3.6835072,8.729216
TF,-3.0691128,1.8239154
GSTM3,3.6456578,17.271627
RABGAP1L,-5.9377728,-8.176868
CCNY,-0.9016308,-6.6586595
CD36,0.46672982,-0.38963908
ARNTL,-4.1162977,0.11752198
CALM2,2.0267558,15.05315
DHX9,13.765216,3.4321227
TMEM263,-0.53550845,0.43555462
FAM58A,10.982425,2.6710994
CENPQ,7.125702,5.986065
BTN2A2,-3.090302,-5.6700096
PLCG2,1.1571591,-1.3483374
OLMALINC,9.659235,-2.145359
FECH,-9.808211,-2.7342122
CAPNS2,4.9484615,7.8834376
MUC1,-2.032991,1.74185
PRDX6,12.268433,7.0884066
ASCC1,-2.7991722,11.67261
SRI,6.943084,8.878557
MLX,-9.609589,-7.2535787
SRCIN1,6.8755803,2.839317
TBC1D12,-1.0648504,12.032807
TRAPPC3,3.2777128,-3.608156
TMEM8B,-0.3199285,-8.854891
SMARCB1,11.56103,3.1327515
ZMAT5,12.211006,-0.16304316
GPR108,14.633365,7.7597804
HLCS,-2.8136618,1.9631174
MLXIPL,2.2357993,-1.007723
PLEK,-8.674545,11.674799
SGCG,-2.4021528,5.252725
TMEM30B,4.816314,15.077496
MORN3,4.191119,-4.730128
SLC19A2,5.696131,15.606844
IDH2,15.512261,4.0019317
ZNF304,-6.912755,10.738674
PNPLA2,-2.9613929,9.7024355
ATG4A,0.024706893,3.2931027
ASPHD2,-5.1108994,-6.098546
PRPF18,2.6643136,7.711225
RTN4R,9.02355,-0.43767938
PI4KA,15.718965,-1.0268619
CWH43,-6.047031,-7.622915
MCOLN2,-10.885382,11.335597
UBTD2,6.69145,9.049032
ZNF711,-5.247059,-5.94611
GJA1,13.574341,-4.2101336
PHACTR2,1.1895491,-2.1887949
PSMG2,0.78225976,5.9184904
ZNF282,14.03742,7.0880284
TTN,-13.440128,-6.348803
CLSTN2,2.7274468,0.17896838
SLFN12,9.803266,-2.2823184
FANCL,6.905602,-3.8142824
PSMC5,0.35616177,1.8670136
EBPL,10.344013,9.184871
UNC13B,4.1288843,-4.3794894
PAGR1,7.838419,-7.1550593
NLRC5,4.200595,-4.175919
PI4KB,-7.534601,6.8541574
SGTB,3.8347962,19.679985
DNAJC30,4.5784507,11.845978
ORC1,15.164749,-3.1266024
DUS4L,7.2592187,6.560267
MNAT1,7.1621976,11.480188
SLC29A1,1.8025869,11.788311
ALPK3,0.3888805,-0.46960735
DOCK8,-1.5972587,-0.9407089
ZNF319,-7.0936494,8.695182
PTDSS1,12.557773,0.565425
SLC7A8,-5.009157,9.841488
CATSPER2,0.370792,18.226313
MET,9.79849,-1.642836
DYSF,3.8617196,4.86468
UBE2Q1,8.939355,-1.6847687
RAB28,7.143402,11.897712
TXNL4A,11.978413,3.5383992
ERC1,3.0349498,-6.6769347
B3GALT4,6.4820457,-2.9365332
POLR2J4,8.639956,-5.7713366
SLC16A3,-2.0876381,7.9279795
PBX3,4.8832674,0.2400919
ADAM22,0.35044187,-3.3109958
U2AF1L4,-7.7667527,3.0725386
DYNC1I1,0.13357243,-9.656375
CYTL1,3.7335508,5.227248
WDR18,8.773273,0.014525009
COMT,15.502624,4.0101066
PALB2,-5.159232,-8.401545
TRIM41,8.649688,-5.76048
USH1G,4.8704314,-6.209334
TNRC6C,-0.66379946,-1.612555
TEFM,2.8580296,-11.092831
RERGL,-0.73826134,-1.6016474
CCS,-7.7800546,-4.392356
SFXN3,-6.717313,5.6008534
PPP1R3C,-1.0815593,-9.223555
PPP5C,4.09122,16.771448
ANOS1,-7.7452374,-1.3974583
ZFPM2,0.28125823,-1.1034665
ZNF548,-2.8259585,-5.2891226
ZBTB46,4.715132,7.7161217
TMEM135,-0.49256927,0.47348624
LAMB1,-2.8100407,11.653538
JMJD6,11.289403,6.2013326
PLCD3,7.9386644,3.1988883
RNF180,-1.1041784,11.925452
TREX1,6.446875,-2.9776986
MUC5B,-11.63272,-5.661848
ZBTB12,13.879764,3.388308
CNPY4,2.6714654,-8.260777
H2AFY2,-0.8829894,-6.3894305
SERPINB1,7.9752183,7.933018
MCC,-5.2127485,0.50153905
NSMF,-8.447418,3.1309083
CD247,-9.195469,12.324545
CPXM2,1.6891259,-2.173665
GSTO2,4.1273746,0.7419868
NFKBIL1,11.804178,8.789432
CCDC30,6.95133,-3.884144
ETHE1,-2.0680888,7.889981
FJX1,8.929434,8.734485
NLRC3,-1.202171,8.70724
ITGAM,-9.345378,11.746591
IL15,-2.6513674,7.8221917
BORA,-1.4320453,15.449549
CUL7,-11.432164,-1.0517265
KCNK1,7.5916467,0.7657625
EXT2,15.624394,3.8954222
ASPG,3.778569,-4.658362
EIF2B2,0.041578215,18.60492
FRMD3,3.9863598,4.532234
EID2,2.6784813,7.6951566
TREX2,6.887365,2.8451185
CREM,-3.9127815,10.139523
GNL1,-7.1956735,7.1840615
TMEM45B,4.580016,-1.7299693
LRRC28,-5.511993,0.5097188
VGLL3,-3.2004108,9.618353
KIAA0040,-9.975738,6.1885276
WDR45B,5.0455246,15.269704
HOXC11,-11.682774,-5.59352
SLC7A11,1.3924692,7.9338627
CHSY1,8.321142,8.101173
SNX17,14.067872,8.318384
NPRL3,-1.0285378,-12.512464
TFE3,5.932686,-0.07155646
SYBU,-2.7159903,6.038734
FAM118B,-1.7024177,0.59705305
SLCO3A1,8.774932,-1.7195909
STIM1,4.6634083,-6.362864
HAGH,-2.8611662,-1.2919008
TSR2,12.286774,7.115536
CCNI,-10.666991,-6.1759586
ABHD8,5.1092315,-1.8487177
PNP,5.9675236,-0.06313247
NBN,-0.29161325,5.479495
NENF,14.734195,7.8350935
KCNQ1,-8.861239,11.898919
LIG1,-5.647363,-5.480176
SEPT9,11.757812,6.2947717
PCGF3,-7.854644,2.953747
RRAS2,-11.232234,8.341626
SYTL2,-8.5476675,-1.0555079
YIPF2,0.064651735,18.581877
RIN2,8.188102,8.044735
ZNF721,-3.1964252,-5.4273553
WDR7,15.32001,-2.4964302
PPM1D,-2.8177032,-5.282482
POLR2G,2.7888782,12.483382
MATR3,5.6441727,13.39209
NR2C2,0.089657076,18.554573
SCAND2P,7.993161,-7.3027472
ZNF697,-0.9237488,-1.2936925
TMEM14B,7.524321,10.909432
ABCB6,15.883377,-0.8408166
PRR4,-0.3301656,-9.534627
PEMT,3.6596951,16.975449
TOMM34,12.104736,3.5740066
P2RY2,11.203598,2.7102015
ST7,12.279827,-0.28878352
FAM149A,4.283533,8.235633
TMEM102,12.303728,0.44756967
GYG1,-0.45559484,-1.1813692
ZNF329,-3.1794906,-5.4504414
ITGAX,-8.611837,11.960189
POLD3,5.290899,13.77318
UNC93A,6.206218,2.419396
ZNF772,-3.1809056,-4.3376055
COG1,-8.479046,6.7552924
VPS13C,4.896265,11.567446
LRRN1,2.6574016,-8.262434
CDKAL1,0.7084235,5.9263062
CHADL,-1.2969341,-12.6904
UAP1L1,-4.7480907,13.919716
COG7,-5.391136,15.05558
TUFM,8.279888,17.067305
THRA,3.693167,1.1073503
CDK8,-10.948097,-6.08861
ZNF665,-11.385548,-1.1201214
ZMYND11,6.6918483,9.219331
TPD52L2,-6.961561,10.75547
CCDC68,4.29676,4.363527
B3GNT7,2.2796905,9.734394
SDR39U1,-7.970115,3.0538244
SEMA6B,4.6605697,4.1846848
IL18R1,-2.7715955,10.595373
GJA4,3.255673,5.795833
AP1M1,14.676474,7.7927136
RNF26,-7.4298286,5.7211475
ATP8B4,-0.46172568,-1.2160819
ANK3,-5.912071,-7.441986
CYBB,-10.607089,10.89345
FKBP1A,13.076495,1.6089346
PART1,-1.095844,-9.257836
COQ2,0.05965267,-1.1210945
SLC9B2,6.1745176,7.6019564
NEK8,2.978109,-4.819836
NRN1L,-7.377776,-4.256836
VASH1,-6.774479,-1.6399784
SYDE2,-1.7835176,10.312225
NAALADL1,4.246833,8.266556
NTN1,-3.2947268,9.513169
MARCO,-10.620123,11.20158
SLC17A5,7.2117705,8.546041
SLC15A2,0.2981014,-8.487189
ZNF488,4.1340575,0.7442663
TMEM41B,4.5460134,11.876103
C7,-2.7479458,6.106679
RAP1B,15.590982,12.55243
ANKEF1,-8.916654,3.2061303
PDCD6,3.7080648,15.300711
ATP8B1,-5.176614,-8.386911
HECTD3,4.012996,-5.225387
THBD,10.971145,5.88924
BANP,-3.7031598,-7.396344
ZNF93,-2.46526,-4.0622096
TSFM,0.26946,18.259146
PROCR,0.75772786,-0.4142463
KYAT3,2.0241995,15.125637
PTPRN2,1.1455861,-1.7095829
CNIH1,7.189664,11.719651
KLHL20,-3.2127147,-5.4377923
HNRNPA3,7.4239035,6.163584
EXOSC4,8.272658,17.066452
GJA5,3.2631497,5.8105493
MIEF2,-5.0315223,0.38982555
PRRG3,0.42482695,-3.166155
OCEL1,4.644042,10.754689
AKT1,11.758689,6.291327
IFT52,8.810415,-1.6818426
TM2D1,0.88125443,10.1856365
DRAM2,6.966005,10.506829
MAT1A,4.242308,2.3654952
SLC37A4,-2.0277562,-3.4516096
HERC5,0.2231092,-0.7490544
PMS1,7.4116416,5.7807317
TMEM74B,-8.450622,-4.1156015
GOT2,0.41778734,17.933111
ADAM23,-1.1649309,-3.3326285
JAK1,15.794253,6.55847
ROBO1,15.85082,6.492066
PLA2G15,0.43329817,1.795983
NFAM1,-9.335406,11.730507
B4GALNT2,-7.825533,-0.87274677
HSPA4L,-5.2110376,-8.350249
PRKG2,1.7918853,11.798783
TMBIM6,0.4401565,17.831398
CCND1,4.874474,-6.2261634
MUTYH,-7.921378,3.2623155
PIWIL4,-4.5331516,9.968325
TEX2,11.946491,4.3485765
AGFG2,-4.7066436,0.2614582
FAM192A,2.3638217,-6.5110826
DNAJB6,0.69712645,7.398697
FAM234A,6.7765484,-2.4042673
CYP26B1,-6.594992,5.3721795
LRRC75B,-4.049939,4.065265
RCL1,-8.232566,1.3444523
ELL3,5.456112,0.558697
ZXDA,0.9548157,5.495412
FAM110C,9.78666,-1.6454803
HACD1,-0.5030771,-1.2429047
NDUFAF7,7.603848,5.6942763
BLOC1S1,12.418544,1.0899768
CBX4,5.755771,-8.7428255
TATDN2,-6.8630466,8.280839
FGF11,9.581719,-0.26129302
RFX1,9.900317,-2.5082686
FRRS1,-9.704115,-7.1208262
PRMT9,-2.6836379,-4.578691
PDZRN4,3.8960118,8.841224
CPT1B,-8.524711,-4.111764
ANKRD9,-7.6812057,7.805291
CCDC34,6.4965076,9.927793
GGT7,2.7129922,6.215551
DGKE,-0.6233823,-5.789265
FAM110D,3.1348274,5.4476256
SOS2,11.682223,-5.5380177
ISCA1,0.15055762,3.0332186
TMSB4X,8.000139,13.510205
TAF1C,-8.66098,8.424394
FRMD4B,-5.5481467,-5.2514353
TMED8,0.93830097,10.00566
SLC7A2,4.3609757,4.3105717
UBTF,4.87951,0.24188846
ERCC1,9.70931,14.7796955
MGA,-5.119212,-9.813239
MARCKS,0.75285244,5.902595
KLF3,10.1313715,-3.2100146
YOD1,-0.2063306,12.129937
ZNF222,-3.1831586,-5.554825
TNFRSF10D,6.177955,7.6006722
SLC1A4,17.41757,4.1724606
ANAPC16,8.048492,10.5879965
ACTR3C,-2.3962417,-2.9780562
MAP3K6,5.8214507,-0.27544937
PITHD1,12.50217,0.94811374
ZNF429,-2.9557574,-4.411235
F3,7.566738,2.829297
ZDHHC15,0.36416522,-3.2970493
UVRAG,0.16598952,11.012796
GPNMB,0.7092654,5.93152
HS3ST1,0.7823804,-7.8761587
TTC13,-11.171159,-1.6458384
SEPT4,3.190036,5.973514
HDDC3,16.451702,0.14572929
SLMAP,3.8391314,19.675636
HDDC2,0.021639833,3.2868717
NOMO2,14.101559,8.816755
PNLDC1,-2.6934621,2.4151742
MSTO2P,10.866529,13.818711
PHLDB2,1.9405582,9.748036
PPME1,14.055297,8.303605
IFI35,-2.2462578,8.682784
ATP13A4,-4.822633,-5.2433786
PLRG1,-11.276992,8.385482
PFKM,8.043544,13.518703
CHEK2,13.63218,-4.1717725
RIOX1,-7.41658,8.9356575
B3GALT6,11.0757475,13.690094
PSMD5,4.822719,10.950606
MORC4,-6.7284665,-7.717741
NUCKS1,5.6158924,13.396827
SLC25A27,-7.702641,-4.3169627
PCDHGB4,14.055052,8.935339
PTMA,5.453192,0.5540466
ZNF540,-11.178924,-1.6164936
OSR1,-4.3326197,6.5531955
RDH10,-1.6863818,0.5606749
GALT,-3.6986134,-7.3997226
SHTN1,-6.2877007,-7.569733
SLC12A4,-7.6910415,2.9424691
RASA2,-0.37615556,10.349554
ZNF595,-3.2021391,-5.450375
GOLIM4,1.1527632,-1.3589786
BCL6B,3.8225245,5.058631
HSD17B13,-3.2171707,11.45648
KLF10,5.764628,15.643254
EVI2B,-9.279741,11.806081
FAAH2,5.240094,1.107387
DTD2,6.7785854,10.136435
ZNF419,-2.831153,-5.2910376
TAF1A,-3.7451427,-4.060097
UBL4A,6.237421,2.213167
SCNN1A,7.7431827,0.8502388
HAUS6,6.9927573,10.533985
BPGM,7.232157,12.076474
CENPM,9.025748,-0.5118398
PDCD5,7.4692655,11.043914
NFKBIZ,5.7410836,15.625904
SP140L,-2.212931,8.275179
F2R,-5.984851,-7.752685
GLYCTK,-4.038583,0.049306158
MKNK1,-6.0963206,-7.686213
UBE2L3,-13.973846,5.0673943
ZNF18,-5.975332,0.7128301
DDR1,8.807909,-0.30564684
TMEM55A,5.423543,11.13326
TCEAL1,7.512538,10.868156
NAPRT,4.314962,-4.968237
ZDHHC18,-7.4855547,5.582458
CYB5R4,-0.3919207,5.3753567
KDELC1,0.7335262,-7.8280296
C2CD4D,-7.249019,-4.319768
CACNB1,-8.172588,2.6015337
SELE,5.000198,4.0760107
PAAF1,-0.97799075,-6.584847
HCCS,0.7891678,7.2268314
MX2,-2.929109,7.3312125
SPATA2,-8.313416,7.1850142
METTL18,3.0655751,-10.781772
WRB,6.650488,10.007828
ZNF565,-0.18810673,2.890888
ISM1,0.26304057,-0.99073046
STK38,-13.270367,2.138475
FAM160A2,4.667677,-4.2127504
RNF157,-2.804252,10.249019
ZNF658,-3.1762607,-5.4319124
KLRK1,-8.608616,11.95602
TECPR2,15.695565,-1.0503575
COX17,2.4142358,14.979981
ADGRG3,-3.839597,10.159809
DERA,7.30273,10.267335
ADSS,-0.63386136,10.858595
CASK,-7.81486,-1.056882
UBE2B,5.8992195,10.765899
SEPT1,0.03600599,3.3161864
MGAT1,8.209189,-10.454395
THBS4,-0.87818414,-3.2749593
RAB30,0.92354155,5.592298
TIMM10,3.5118198,16.029528
TRPV3,10.343964,-2.4387243
ZNF92,-1.7339678,10.253286
HYAL2,4.0850453,4.733746
TAOK2,-8.204152,7.5404525
WDSUB1,11.657544,2.9077103
CNTN3,-0.50243926,-3.2417068
KDELC2,-0.5343325,0.43567616
PLEKHA6,-1.1201638,-9.216271
TMEM86B,1.8924263,10.305969
CLIC1,12.190422,7.066489
HMG20B,-7.799327,3.8831577
IL6R,9.904641,-2.5144558
LDLRAD2,3.3618891,5.881008
ZNF333,8.391546,-0.48216397
CHI3L1,-3.3790395,1.9991087
BCL2L13,-6.239059,-7.561767
DAXX,12.234582,0.3541589
CCL2,5.013143,4.0694056
CCNF,-7.8714876,-2.653441
SMIM14,-0.34446305,11.095592
GNPDA1,14.713214,7.809092
DEPTOR,4.152742,-5.628866
CCHCR1,-2.8478734,-1.2816283
WDR45,-6.649984,5.746325
GPR155,-6.2748013,-7.5903716
ZNF480,-3.2556798,-5.4744143
ATF6B,-0.7033552,-6.0628977
PARPBP,15.751087,-2.6832259
WASHC2A,14.294385,6.4204507
MCUB,4.4421844,-5.9778934
TMEM126A,2.3674114,15.011589
ZNF175,-2.389992,-3.999867
GBGT1,3.507683,9.077426
PARVB,5.3904667,7.695742
DISC1,2.3447416,9.42426
DCAF16,-7.478799,1.6733466
ZNRD1,12.104396,3.5632257
DHX32,-0.24483493,12.085097
MUM1,7.306647,10.269834
IP6K2,6.6784043,3.9306884
UPF3A,-5.723833,12.258196
IGSF11,-0.6581414,-2.1398468
CCDC85A,3.9639618,4.535431
PTPN18,0.81180924,7.1418266
ROR2,2.7061145,10.078427
DHX58,-2.0523243,8.785294
SLC7A1,15.498309,6.918798
ZNF23,6.6852026,9.027328
KIF3B,0.4725129,-1.5049831
NDUFB9,3.3783247,16.0027
SPRY3,3.272653,-3.585166
COMMD5,11.517829,3.191136
SNAPC2,8.670678,-5.73463
BCL2L2,-6.7174563,5.8057704
KCNJ18,6.21658,2.4153235
ACVR1,4.2615914,-4.076211
CCDC114,4.648766,-4.212552
GOLGA2,6.484826,-3.070322
OXA1L,11.617333,8.399723
RFWD3,-6.234634,-7.650059
ZNF223,-2.2987814,-3.9476106
KCNK3,4.2337346,4.7056255
SLC9A9,-5.2236543,0.4606246
SRRM2,-7.868249,5.4917626
THYN1,7.015092,-2.0008981
WDFY1,6.905011,8.897115
TSPAN1,-0.54419774,-10.190799
ZNF287,2.9721427,-4.828425
SSFA2,6.817969,14.491828
KIF3C,2.820453,-8.357551
MC1R,6.107477,-9.148081
ZNF414,6.659653,-2.5823116
CILP,-3.5771747,6.550889
SLC35E4,6.5312247,-3.3396025
WFDC1,2.1955268,-0.0037270444
BIRC3,5.903438,11.165172
LAPTM4B,2.6938195,12.37823
RPS6KL1,-3.8423762,-1.8504632
CREG1,5.832785,-8.859291
CETN2,0.44337812,18.105412
MICALL2,5.7850795,13.309309
LGALS7B,9.058385,-0.4721352
CUTC,1.5070864,8.607538
OPHN1,-0.431446,-10.460654
SOX21,-5.580837,0.38953897
PTPRA,6.9974236,1.3221012
NDNF,-0.73665214,-1.5586236
GTF2H4,7.894155,-7.206627
IDH3G,11.957028,6.699482
NPFF,12.150241,0.024618639
MAPK10,2.2827783,-0.9815684
C1GALT1,-13.649831,3.3552048
PUS10,-10.704266,-6.170858
APTX,4.288198,7.5517464
NADK2,7.2707815,10.349001
ZBTB8OS,7.4929266,10.966424
ATL1,-5.521079,-5.2308736
TC2N,6.6884375,9.367091
FMO1,4.887272,0.24801645
TRIB2,-9.852031,6.1025367
CRELD2,2.680841,12.369882
STOML1,4.0799932,1.023323
ANKRD54,-7.5740213,3.5840027
MAATS1,-0.7078764,-2.0602953
CNR1,4.2348113,4.6885653
SERPINB13,-10.915056,4.628324
SERGEF,3.1823575,16.572874
MSL2,11.548062,0.04370856
NUDT5,-0.1473698,2.9140148
ZNF844,-2.828709,-5.294145
SCNM1,11.862676,6.8167987
SCN3B,3.9883356,7.2236433
FANCF,-3.2015827,-4.2779307
HSD3B7,2.806118,12.499488
AGPAT4,1.1581919,-2.7527456
POLI,-1.6492743,15.280933
NOL12,8.269979,17.066517
PPP4R1L,13.090808,3.502491
ZNF136,-3.2394865,-5.4062643
ASGR1,17.232681,4.783601
DGKD,8.209126,-10.454419
SERPINF2,7.425511,7.6414876
RPL8,11.643362,7.527119
PCDH19,4.3109617,4.3498626
ZNF749,-4.0270414,4.074128
DPH5,2.3106284,15.059246
UNC93B1,14.421467,7.611144
PIGR,-0.5805001,-9.955611
DHRS7B,0.31283668,18.183956
CCDC106,6.0073423,-9.042233
MAP3K5,1.2376828,4.9451027
GLCCI1,-1.2002968,12.075247
RFX5,12.080235,-7.6784663
TSSK6,-5.3933954,15.058695
RPGRIP1L,6.902239,-3.8162832
EID3,3.7928925,19.721283
SHROOM4,4.1213818,4.7963834
CDK9,12.126492,-7.6323547
TBRG4,11.894089,12.450842
HNMT,1.0648524,-1.4026601
ACOT7,8.794124,0.1380551
RNF144B,0.58429587,8.45714
HAVCR2,-9.35432,11.743925
WDYHV1,-10.679678,6.7536736
CCDC93,-7.3326893,9.676122
POLE4,3.1429331,15.75957
RXRB,-7.6309657,3.175088
CPEB2,-0.3634045,10.31696
TRAC,-1.2043482,8.706303
MTMR9,5.3258758,11.237481
MAB21L1,-2.9072282,6.57925
CCDC150,9.509758,6.2672143
ADGRV1,0.28515154,-8.4997425
RASA3,-2.8256707,10.845653
NPAS2,-4.1349025,0.13911262
KIAA0355,-3.9856424,9.741467
CLEC2B,5.898154,10.768328
WDR24,6.652927,-2.5956562
SRSF4,14.027844,7.0789833
DAGLB,4.317661,-4.964724
CSNK1D,-7.8801646,5.54757
DHRS7,2.9148276,10.155703
RPA1,11.706136,3.3008206
EYA3,-5.165522,0.44520858
TAF1B,-0.20691724,2.8376002
SEPHS2,9.602698,2.2196786
TUB,0.74917006,7.3325934
COX14,3.6153104,15.693143
RHBDD1,-5.311787,-9.293182
CLHC1,2.9498215,-10.933338
CSF2RA,-9.175634,12.263596
NOTCH1,-7.587646,5.46773
TCEAL9,6.570529,9.974883
CBR1,-4.5702643,9.9849825
SS18,-0.23535389,12.089581
TMEM14A,-6.6029477,5.391334
MAP4K4,-9.90987,6.172015
TMEM261,3.5282571,15.569116
KDM1A,10.280124,14.19434
ISY1,12.080963,-7.678747
EGR3,6.5502586,3.8001084
ALKBH4,8.938186,-1.6371075
MIPEP,-4.8534827,0.29345787
FBXW9,8.485776,17.473906
TFEB,-11.950475,-5.344657
VSIR,2.1013854,9.473832
BLOC1S2,7.428595,11.09364
FRG1CP,16.417639,0.36001927
TUBG2,1.3171277,0.56154925
COL18A1,-2.4763653,5.355235
KIF19,0.9075257,-0.38803935
UROD,-9.700857,-7.1396117
GRAMD1B,0.32465047,-3.1408527
HOXB2,3.6863298,5.3314676
NFXL1,-1.4629842,15.173812
PADI1,-10.920693,4.63232
KAT8,11.810869,6.6117864
MICAL1,2.7640772,6.165776
ALAS1,0.4752289,18.057608
PIWIL2,-2.1316094,-10.107837
XRCC1,11.851674,8.872087
METTL16,-6.8599753,8.324438
GTDC1,8.717896,-0.44229
TXNL4B,-9.569437,-7.304817
CMKLR1,3.8438792,8.907021
ARPIN,-1.0206764,6.6253967
FAM86C1,11.696056,12.742112
FEM1A,6.500791,3.7621686
PLA2G2F,-6.5982466,5.8757014
HIC2,-9.050229,3.5391228
VIPR1,4.028262,-5.222503
AKR7A2,8.895433,0.25441995
TSPAN2,-0.6749649,-1.0610076
MTOR,-7.0350676,8.700286
MRI1,-7.3040566,-4.3287
NTRK3,-4.9548078,9.8326845
CTGF,0.832413,-8.0576725
CYB5RL,-8.234008,7.5966554
EIF5A2,6.9126873,8.8991785
TRAF3,10.889003,13.795905
IRS1,-2.8252063,11.657091
DBNL,-7.8008075,7.9597564
LYZ,-8.59999,11.963954
CD109,-3.724348,-9.14907
MAEA,-7.892771,3.9198668
DNMT3A,0.24192418,-9.738589
GPD2,0.8191157,5.8223453
SLC31A2,7.586494,0.7493233
AMMECR1L,15.667457,6.6393538
CHRAC1,-4.229091,12.092079
H1FX,5.827206,15.696809
AZI2,15.580886,12.541888
NFRKB,-7.724309,5.4157047
RHPN1,2.74899,6.174362
DGKG,-0.7280957,-2.0186152
SNPH,0.8099559,6.3171988
HOXA1,-5.6007414,0.40669408
MFSD4B,-2.0831285,-3.1473777
FAIM,11.882088,6.8230705
PRDX4,9.938711,13.089467
LYRM1,6.849267,14.516742
PDCL3,10.053446,0.3481975
NGLY1,7.266233,12.138908
COX4I2,1.6588671,-2.194557
HOMER2,-11.369553,4.8851247
TGM2,4.5278463,4.247629
PCGF1,-2.8288808,-5.302215
TCTN2,-6.134213,0.81959003
CYP4X1,-0.72354907,-1.9580171
BABAM1,8.651191,-0.10194049
TK2,1.408046,-1.9420437
SLC2A11,10.991548,2.6742477
TBCC,4.666158,-6.3802886
MED16,8.671269,-5.7335815
WDR66,-7.778913,-1.1140133
CENPS,14.025355,7.08042
CRYZL1,-3.442556,-4.3277154
STAC3,-13.439939,-6.3486753
CDK6,4.810155,10.945599
CMC1,7.263768,11.275441
CD79B,-3.429485,9.485328
MORC2,8.865947,-1.6547579
KCNS1,4.650754,2.0246623
RWDD2B,-7.306433,7.7378054
NPTXR,4.276987,7.5585704
MPC1,9.593429,2.1964777
SOX4,-1.5961031,-0.9337817
EHBP1L1,-8.071317,4.7779365
ECD,-0.3284809,2.7034185
ABCC1,1.2680585,0.52705663
SLC6A14,-3.7248282,-9.1496105
ZNF641,9.829689,-2.3329303
KATNB1,6.410176,-2.9009469
ME1,-7.8868837,-2.6230328
XPR1,-0.52844435,-1.2561985
PCSK5,-3.1112053,9.626733
PPP1R12B,2.6191142,0.11254221
CITED2,10.189222,5.180079
CEMIP,6.516448,-3.3420284
PAFAH1B2,5.2290163,13.681587
SCN8A,7.5787334,-9.240019
OGT,-7.49825,1.6775558
IL2RG,-9.687854,11.549735
MRPL16,2.279416,15.1482315
RPRD1A,6.521891,9.888799
PTPN12,7.517808,10.766839
RFT1,10.886253,13.801624
RAB33B,5.7080755,11.322078
LMNB1,15.088864,-3.218165
SH3D21,-7.8228984,-0.9967784
SNX9,-3.147812,6.7069106
GLI4,3.0130668,-4.792994
ZBED3,-4.7462387,13.9224
UBXN2B,7.3744993,5.7712708
PGM3,0.0196249,3.2837582
TTC21B,1.2818402,4.0828037
TMTC4,-0.69264346,-3.9665983
DNAJC14,-6.861929,8.506692
CD320,3.821699,4.9596405
STX2,0.5270838,-1.5545937
PRADC1,8.270739,17.065832
STPG1,-1.978913,-3.2708106
ABCD3,-9.403885,-6.214951
TP53I3,-2.8429625,-0.34896943
ABHD5,4.424017,-1.8362566
PLD3,3.4726996,5.9264765
CCDC18,15.762654,-2.6769013
ABR,-7.189701,5.567335
FHL2,1.3052897,0.57862467
TRIM65,10.183677,14.749676
HCG18,11.697574,12.741529
SNX33,9.740175,-0.33220422
GNB1L,8.6488495,-5.761606
TRIM37,7.181142,11.965939
NKAIN1,9.849088,-2.3779163
ALDH3B2,-7.8712277,-2.6541505
PGF,9.697922,12.88419
NDRG2,-1.0904104,-9.233461
CUEDC1,1.2126083,-2.76423
ST3GAL3,-0.2228957,12.104737
GLI2,-8.53928,-1.0593123
LAT,-9.7959585,-2.7509239
ABI3BP,-3.0571225,6.8380604
LRRC4B,2.2370553,0.039864562
FAM213A,-3.0234559,1.7690041
SMARCA2,-13.118695,2.286153
JMJD4,0.9943327,5.378113
MESDC2,2.6294103,12.3289795
DCUN1D4,7.6339593,5.6603894
IFIT5,5.789121,13.30661
HILPDA,9.762496,12.924299
PPIH,0.2893348,18.327433
DVL2,6.698989,-3.4987037
SH2D4A,1.8067502,9.81187
ACTR1B,-7.867688,5.502985
LRTOMT,-1.1290648,9.716946
IFNAR1,-1.3481787,15.129419
CREBZF,6.9679627,10.536503
ZNF530,6.4979243,-6.2355614
SMARCC2,-6.860993,8.50892
RFLNB,-3.9000778,10.051466
MAGEH1,1.1380082,-2.022264
GPHN,12.0815935,-7.6774178
IKBKG,13.193658,0.21895503
CHD3,-8.254547,7.62729
ALDH9A1,0.5947552,17.895058
DDRGK1,11.81626,8.809
ETV4,-7.8272815,-0.99485934
CHID1,3.5548267,16.450037
MIOS,-0.1411041,12.18842
TAF9,8.127925,10.570574
RFC5,15.318444,-2.1320982
LY6E,-4.7464566,13.92229
RGCC,-0.83573973,-6.6185226
FGD6,0.8983559,8.54512
CCDC88B,-8.705369,11.885836
PAK1,0.004127881,18.647638
KAT14,-9.836374,6.0903125
TDRD7,-11.580744,-0.9151544
AHCYL1,0.87989813,7.231116
SPIRE2,-6.7805476,-1.6588527
SNHG4,-7.6374464,1.7702006
POU2F1,-0.2675478,10.67843
ZNF551,-3.9734242,-0.030076144
BUB3,2.116834,8.146112
KIF17,3.7624485,5.183452
MZT2A,11.744685,7.241852
DSE,15.580841,12.541805
ZNF678,7.7257404,5.556752
CHML,1.7500497,8.587064
HSDL2,-5.3046136,-5.9602647
TAF11,9.290815,-4.922791
PROSER3,11.896915,12.442419
CHMP4B,12.789407,1.3794843
CYP24A1,8.912506,8.720763
ZFAND4,-6.167434,-7.7685437
CRYAB,6.8949504,1.3902599
CCDC102A,-1.1479137,9.731819
MORN2,2.4861457,14.8943615
SNX8,2.5613718,9.547005
AGPS,7.187697,12.019113
YIPF1,12.154108,3.693681
ZMYM3,-3.5844462,4.167553
PELI3,-6.8460565,10.877552
ARIH2,1.388765,0.620516
CNTFR,0.2799393,-0.9746329
PCAT6,8.906581,-0.43988416
RUFY1,-5.3012056,-9.301854
SIMC1,-5.214454,0.45097986
ZNF428,-3.5363011,6.513816
ZNF330,0.6268673,8.460907
SPG21,15.608895,3.9089994
PNPLA4,-4.5460167,9.971064
GOSR2,10.941855,13.77138
NSD3,-0.20590143,10.850257
FAM13B,-0.4120495,0.52572054
CYP2S1,-3.9637,-1.1829152
ESRRA,-7.597758,8.8047905
ABCA3,0.80767524,6.3324475
NUBPL,4.746265,10.864279
CWF19L2,-4.4082875,-8.061304
DENND1B,4.655089,11.774257
SMAGP,-11.115388,-3.1414297
BRD1,10.143612,-3.2234335
S100P,-1.0665476,-9.254183
CDYL2,-1.6463093,1.4122219
RILPL2,-3.4513743,9.482688
NQO1,-4.746752,13.922396
SLC4A2,-0.34912214,11.230971
ERCC2,-7.7964244,3.932271
TRAPPC2B,0.89557886,5.5620527
ARSA,2.7440708,6.185226
PLXDC1,-2.4391022,5.324808
EMX2OS,-3.9495656,6.546124
RASL11B,-7.1210365,-1.5711595
RCOR1,5.9561763,-0.04398911
DEPDC5,12.250538,-0.3070409
ETFA,2.0370214,15.124921
F2RL3,3.9924266,7.229316
WDR41,7.2166853,6.505249
CTR9,-4.184425,12.040683
MORN1,-9.198963,3.631543
AHI1,0.8805853,10.5326605
KLHDC3,-6.768458,5.4610643
GET4,-6.751958,5.705397
ABCB4,0.33606032,-3.2443678
ZNHIT2,12.243669,0.3638891
HIST1H3E,7.906381,-7.2125835
OAZ2,-8.543639,-1.0618118
EDA,3.7110784,1.1017054
STAM,0.58360523,8.444889
RNF34,-2.17507,-3.7517915
CPNE1,12.872664,6.145229
NCAPG2,13.979847,-3.9727178
SLC47A2,4.881666,0.23699097
MAP1B,-3.6546092,9.762633
CCDC88C,4.697998,-6.271472
CLEC2D,9.592316,-2.0641365
THUMPD1,-0.71230155,10.733659
CHMP1B2P,-11.171962,-1.6403371
PSD3,-3.7257154,-9.149912
KLF2,3.993148,7.229352
RHOBTB2,4.9621363,7.833968
RPUSD2,-4.460259,12.461614
CARD19,-8.399255,3.0975828
FBXO18,8.841489,-1.6715542
TBXAS1,-10.681725,11.097392
NDUFAF1,4.023286,14.985277
ZNF3,-9.575588,-7.296178
CHST12,7.5371313,10.848264
RABIF,16.221762,-0.27938497
GMPPA,-0.57141674,11.407667
HNRNPU,12.034698,4.047398
SRSF2,7.7260737,-7.051197
F2RL2,-2.409595,5.258864
CD163L1,-10.588187,10.957402
SPECC1L,0.8997151,-7.9623914
MAL,-11.68181,-5.6078835
EGLN2,1.3210627,0.52261287
NIF3L1,4.126242,0.7463417
TSPAN13,4.1886053,-5.6159587
PARD6B,7.221692,1.2204094
MACROD2,-1.7950118,10.321393
AAGAB,2.003631,15.1043215
ZNF81,2.8216264,-6.4321175
ZNF510,-3.0629518,-5.9147487
CCDC24,0.7737433,5.867207
SLC51A,3.948147,-4.9290137
AIM1L,10.006324,0.35790634
OTX1,0.27264684,-8.509896
MTM1,-1.4689894,10.0014
BAIAP2L1,-2.8539586,6.74984
PLXDC2,-3.921034,-0.03510576
SGSM2,-8.684178,8.437415
ADAMTS6,-1.0226425,-3.2760057
MTCH1,-7.633134,5.2944927
SMCO4,-3.725295,-9.148715
MYL12A,1.9499775,15.099389
GTF2H5,7.307593,10.266036
TMEM52,4.213735,-4.113183
NDUFS5,3.4145749,15.996754
GBA,-11.325698,4.8519225
CARD9,-9.733459,11.523268
PCDHGB5,-13.034288,2.3674285
GABARAPL2,0.6785507,7.473068
PIGM,-3.3118558,-4.2194347
PSD,-7.2392945,-4.2999973
NEK3,0.86906904,10.512185
LDLRAD3,5.6761694,-8.646141
SLC25A10,8.7847395,-0.064720996
MOB3A,14.044941,8.259284
KIF3A,7.0225744,5.947777
PIK3C3,4.2241592,14.803825
ZNF653,11.876574,8.896463
MRM2,8.33933,1.0251727
DPY19L1,4.1794386,-5.5763626
CENPBD1,-1.5658915,-3.4484646
ZNF433,-3.2268856,-4.3719883
ACKR2,-2.8197649,7.4793434
ASB8,-0.33723694,11.2398405
RGS1,-9.18164,12.270929
TCTN3,2.769252,12.463739
PLA2G2A,6.2350187,7.604945
FBXL12,-9.0478945,3.5361018
ZC2HC1C,1.9976237,-8.422818
IPO8,-1.3584588,15.134479
SEC11C,2.1219788,15.15192
CYP4F3,4.2960954,0.9137989
OCRL,-0.722337,10.711173
TSPAN17,-8.098372,8.159747
ADHFE1,8.81416,0.1649411
ALDH2,-4.8747883,0.30916315
NFASC,8.216424,0.885104
SGSH,14.075688,7.0813627
ANKH,6.674779,3.95014
TAF15,11.687764,3.2787375
RNF220,11.512189,3.1879566
MAML2,0.20753121,-9.709891
IL15RA,7.9823136,7.9403343
DYNC1I2,5.303187,13.779161
PKIB,-6.004108,-7.724698
KIAA0586,4.6071653,11.819746
ENTPD6,-7.7514477,2.9828644
FAM210A,15.569639,12.530461
ZNF816,-2.382254,-4.2608943
TMOD2,10.15328,14.496309
POPDC2,2.2553475,0.054899033
CAV1,-3.8374226,9.66643
HMGXB3,4.2473464,16.835243
TIAM1,10.330918,-2.4344435
NUDT16L1,-1.0522714,-12.528023
UBE2D4,0.17882286,11.019276
ARHGEF16,-11.275036,-5.964842
SMAD6,3.8351102,4.85596
EXOC3L2,1.8746699,-2.1514988
SERINC2,-2.8338878,-1.2647535
GABRE,-7.7564206,-4.3646593
HDHD3,8.4132395,-0.47568977
RASSF2,5.0211716,7.8271465
PNMAL1,2.5284998,-8.152693
MYL6,3.6576102,16.634892
GMEB1,12.0478115,0.14675502
AMACR,-3.0050592,1.7210493
OGFOD3,11.66554,2.8772576
FAM183A,-5.869134,-5.503035
RBFA,2.3421733,-11.784351
CHSY3,0.9291642,-0.37245446
MALSU1,1.1756582,7.616424
SCIN,-2.119398,7.915306
GALNT6,-7.8019805,-0.7489877
NLK,7.748961,5.532808
FRAT1,-5.1856365,0.43507174
ASF1A,2.1713328,7.679579
MSANTD3,14.31242,6.398584
FAM83E,-11.4661875,-5.9396796
DAPK2,-3.14921,1.9378498
RBM12,-7.343807,9.621215
CCDC17,-8.123304,2.625174
CD8A,-9.165125,12.283142
OTUD7A,-7.5018945,1.6929802
TNS3,1.3786265,-1.9229158
POLR2J3,3.6036043,5.4140687
TOR4A,-7.300412,7.737031
VEPH1,17.430145,4.146728
HSD11B1,7.516777,2.9000356
TMEM170B,8.754028,-0.42053914
KCNJ2,-2.1701903,-4.1581287
APOBEC3C,0.9114539,-2.8965569
COG2,-12.98781,2.410918
ZMYND8,-4.464829,6.662795
CYTH2,-8.584098,1.0037576
GGT1,5.8754997,-8.902359
TRABD2B,-3.0338748,9.720564
B3GNTL1,17.245787,4.7804475
RAB4B,-3.6750233,-7.4213266
MAMSTR,0.0012814368,18.653605
KIAA0930,6.518635,-3.3384047
FIG4,14.05979,7.132722
ZNF597,2.676786,7.700294
SERTAD4,0.20837423,-9.712493
GNAS,8.090572,13.617889
NIPSNAP3B,0.25212392,-0.73550934
KBTBD6,-3.2415514,-4.3075633
HPSE2,2.2379417,0.037686106
ZNF837,14.405736,7.598835
ACOT2,-1.9197035,1.7984983
TMEM2,1.0344672,8.559406
SLC36A4,7.5228176,10.873058
CYB5R2,3.879826,-4.7364426
NAB2,12.859873,6.148539
FAM206A,-0.24438415,12.079721
AASS,-2.7463484,10.517059
RPS6KC1,6.9537067,-3.8857837
PPM1M,4.2821946,8.237456
KIF21B,5.3491855,7.70749
CELSR3,-7.7195096,5.4224944
GGTA1P,13.344143,3.6376252
CACNA2D1,5.3510513,11.189737
SFR1,7.1775703,11.947252
IL17RB,-1.152802,-9.2163105
ERCC5,2.834769,-6.549681
EP400NL,3.1891098,-3.4794872
INTU,-2.0908747,-3.127542
QPCTL,16.38896,0.053772356
SLC29A3,3.436581,5.930408
DDX20,-3.8406215,4.4435897
POC1A,14.957547,-3.3626173
CCL13,-10.585916,10.965309
RBM15,-4.206134,12.065339
CGREF1,0.063291155,18.581888
E2F8,15.386428,-2.5166368
GOLGA5,4.592073,14.731509
LIN37,-7.9586077,4.1282744
PLEKHA7,-8.387467,-4.0804615
RP1L1,7.9450016,3.216186
MTHFS,4.1561613,-5.6212196
RPS6KA6,-2.052458,7.8755207
CACUL1,0.35392255,7.812005
DALRD3,-7.8820972,5.5350122
ZNF764,-2.2757983,-3.8552055
RFX7,-0.45599228,11.815221
SWT1,13.086455,1.6197202
ZNF562,-7.372701,8.94679
LDB3,2.6739058,0.12082766
SLC7A5,2.572455,12.194264
CPNE5,-4.755862,13.905698
PPP1R3D,0.91647524,5.603241
HES6,1.2829838,4.0585837
NOA1,11.56341,8.375322
FUOM,8.039834,13.523996
DDIAS,15.855375,-0.8812996
EIF2S3,-4.106669,3.86036
ERCC3,-8.091461,2.6207075
CORO2A,7.5399494,0.8174879
LACTB2,2.1965756,7.715994
MYO10,15.683941,6.815707
TCAF2,9.8461,12.994358
LSM3,2.4867737,14.891073
NATD1,-6.939544,10.71658
NDST2,-7.9697266,7.9859886
SUSD5,-3.0599983,6.8304324
TPO,-4.5909553,9.969843
ZDHHC14,7.913696,13.394169
TLE1,-2.8073153,11.657757
SLC46A3,-2.7913806,2.0400136
PTGR2,2.926719,-11.788892
MAZ,-11.115661,-3.1401803
SV2A,3.085146,6.0485845
GALM,-2.0850565,8.74986
ORMDL1,0.19927055,-4.9140387
ARHGEF26,-5.9332666,0.71739763
FAM69C,17.373009,4.2645035
ZNF101,-2.9122658,-4.5895176
SLC6A16,2.6746697,0.11807198
MDM2,2.3652105,8.204827
NRGN,1.835064,-2.1204271
BMP2K,-3.2582788,11.529856
RHBDL1,-7.980792,2.7597287
FAIM2,0.12928985,-9.651648
SLC41A1,1.8770487,9.984022
TMEM205,10.055629,13.090493
DIEXF,-4.5492167,4.0410566
RHOB,10.891307,5.80012
GPR137B,7.584409,0.7549723
TMEM60,-9.941318,-6.498623
CAPN3,-7.794191,-4.350242
BHLHE41,0.36742362,-3.300487
CTC1,-8.064631,4.7856894
AFF3,0.55795306,-1.5891426
SIRT2,-4.74896,0.27755436
TMC7,-6.7806334,-1.6223533
ZBTB5,9.660529,-1.9807899
ESD,17.240076,4.7808547
SRRM3,17.243877,4.8057733
ZCCHC7,15.562373,12.523149
LONRF2,-0.4544375,-2.2404265
ISG20,7.4251394,7.6337113
CD86,-9.365209,11.7223625
VPS37D,3.6935503,1.1100185
DDAH2,3.6163852,8.781911
CCNE1,-11.294558,4.839366
TANGO2,-7.5261254,8.360847
CLINT1,6.511831,3.7670352
TBX19,3.6241856,2.9529045
CCDC127,1.4204506,4.4523315
FAM153C,7.6686,3.0645068
DNASE2,0.41602597,1.8108317
POLM,11.881704,8.903531
MAP3K13,-10.683402,6.782379
PFKFB4,10.093306,13.06821
PROB1,-6.6064267,-1.5759249
XPA,7.2543554,6.555026
RPL39L,13.894018,3.3825417
ZNF624,-2.8663018,-5.228161
ENTPD5,0.20315261,-4.920247
TRIM25,5.2170424,-1.9458201
TAF5,-6.309953,-7.5087585
IQSEC2,4.8489842,-6.2359657
IRGQ,-9.047777,3.535027
PAQR4,8.650854,-5.761478
SMC4,14.351645,-3.802924
FAM162A,4.536944,2.2156625
HARBI1,11.547868,0.043517444
CACNA2D4,-3.5564513,9.617628
ANXA7,12.220027,3.7111871
ZNF85,-3.305931,-5.5481353
HYLS1,14.2701,-3.8760636
POC5,5.7273674,9.619989
FANCC,15.896866,-0.81614196
KLHL3,0.7335231,-1.7781388
ITGAE,2.45792,14.902539
SULF2,-1.0715114,-1.3173196
KSR1,5.827321,-0.29941595
ATP6V1A,5.285906,13.782379
ALG14,7.311426,12.208514
ZNF445,4.3979,-7.562364
IAH1,4.4591045,-5.987553
VLDLR,10.104876,13.0535755
TMEM100,0.9761274,-0.29484436
RNF145,0.604842,8.45287
ZADH2,2.903218,-11.7823105
RCBTB1,-0.35098636,5.416569
WRN,10.193805,-3.3502061
ZNF251,11.661322,6.2923236
GALE,10.011827,13.19776
ATP5H,11.663114,2.9353487
CDKL5,2.9336352,-11.798777
ITPK1,4.484988,7.423483
STRBP,7.1834993,11.933289
ASL,5.6315584,-8.600978
RABL3,-5.1254325,-9.91481
HSDL1,-5.7209754,12.257318
SLC25A13,3.90681,-4.779608
ZSCAN31,15.31124,-2.5292175
ZNF91,-1.1452891,11.886556
PDGFC,-0.5315815,0.4292214
KLHL26,-2.8752813,12.153524
PDE8B,2.303111,-1.059492
IFI27L1,-3.9681485,-1.1835626
MIER2,-0.60516393,0.3649956
UBAP1L,1.8764307,10.051547
NCAPD3,-6.2926555,-7.5368342
PTGDS,-4.7757754,13.8604145
PTPN6,-9.757599,11.499848
CBWD5,-10.245461,4.5864162
FAM184A,-0.72558206,-1.9834363
GOLGA1,2.9354753,-6.3640804
FTSJ3,11.563184,3.1742258
BEGAIN,3.4977877,5.962067
MUC3A,1.8853105,-2.1466928
ECM1,7.937648,3.2008505
HIST1H1E,-6.656838,13.166908
FAM161A,12.148787,7.0487857
DCUN1D3,1.0922291,5.225694
FOXJ1,4.2532916,-4.31767
SYTL3,-3.8751085,10.182359
TMEM248,2.5764866,12.18297
TMEM57,-0.32631382,11.248127
SH3TC2,-2.689021,2.4115658
DESI1,-11.115803,-3.139651
RAI14,-6.10029,-8.790007
ZNF100,-0.6387057,4.977881
PRKCA,-6.9568496,10.667036
ATG7,15.599654,3.9176612
SYNGR1,6.270518,2.238081
RBM14,-13.932223,5.0440626
BRD2,15.46281,6.7447257
OSGEP,-9.792387,1.0097312
BRE,15.497695,4.013203
ZC3H12B,1.411738,-8.180278
FAM219B,-6.6034846,5.8779664
VWCE,3.995472,7.229852
PNPLA3,5.3220863,1.5422722
NOMO1,10.134466,14.637669
IL16,-3.6103063,6.55387
RDH5,12.048334,4.0390396
FAM120AOS,4.5442095,2.2122452
RHOH,-8.965367,12.053308
GSTM2,-7.419895,-4.244306
HACD2,5.7284694,9.623056
JPH2,-3.7948723,-1.8191695
PLEKHB2,2.5385942,12.12222
PGM2,0.80524915,6.410998
GPR173,-6.119235,15.993556
CPEB3,1.2809093,4.053138
ZNF235,3.0562375,-10.798071
ADAM12,-1.081556,-3.3207195
MITF,-9.948343,6.2246375
POSTN,-4.698313,6.849117
KIF24,15.059224,-3.245646
JAM3,2.3379722,9.424719
MTCL1,3.4730818,5.927419
TMEM242,-2.8336124,-4.3090696
HEATR5A,14.034017,7.08319
ZSCAN18,-11.354641,-1.0898206
PRKD3,4.588771,14.75355
RASAL1,6.856717,2.8370109
CERS5,-1.3517519,-3.350789
PIP4K2A,2.3299735,9.419185
SSTR2,4.5732946,4.223611
SRPK3,5.5796885,-8.555331
SNRPB2,-0.21631372,2.8633723
SLC30A4,-10.938595,4.6501565
H2AFZ,1.9697095,15.104258
NLRX1,8.9484005,8.752861
FLRT3,-9.57592,-7.2948174
KYAT1,15.741165,-0.9994457
ST6GALNAC2,-3.9824026,2.151636
MOCS3,-9.651327,-7.1979613
STX6,-5.1145167,-9.626882
PRSS12,1.538349,-2.2328484
ZCCHC14,2.8301296,-6.421541
PTGER3,4.43442,-1.8345557
HMGB2,6.9957943,8.890845
IRF4,10.298647,-2.4848402
WDR36,-4.072406,4.0100527
TENM1,-3.0767827,6.8068137
SDHC,0.58821785,17.900822
TTBK2,-3.5268674,-6.6490545
SRA1,13.67659,11.002737
RPL9,10.357869,9.175052
MATK,2.5334013,-8.143815
RFC1,0.42516464,17.843285
DCAF7,12.129368,-7.629724
GK,1.8309984,14.87272
AADAC,-5.2979236,-5.957862
TADA2A,-5.9158063,0.6695791
RAPH1,-6.907865,8.5559
WNT5A,-7.13478,-1.5685929
TIPIN,7.3420906,12.234211
FAM96B,-11.257189,8.36367
KCNAB3,-8.764014,8.479707
INIP,-2.9670599,-4.591422
LRR1,-10.681568,6.7555766
DUT,7.229181,6.4717197
RNF24,-6.9294887,10.722758
TNFRSF21,0.45912266,-3.1341524
DNAH17,-0.6224052,-9.971756
TAGAP,-8.943899,11.839631
SLC16A4,1.1286137,-1.4177444
TESMIN,5.5966015,-8.570255
POLR2F,-0.282353,-8.925436
CMYA5,10.074278,13.132109
ZNF738,-4.622996,-3.692024
RPS6KA5,-5.9828835,0.80731094
ZNF296,8.7237015,-0.17852518
CHAF1B,15.331663,-2.105394
TNNI3,5.4224796,0.55297256
ZNF473,3.0196342,-10.837067
ENTPD1,1.3887491,-1.9517764
ZC3H10,-2.246429,-3.832916
FIGNL1,15.764655,-2.6750965
SLC25A34,-9.727743,-7.092851
MOCOS,0.27249303,18.238188
CCDC136,2.245769,0.039120648
TGS1,-3.8291004,4.445797
HOXC8,4.737807,7.978835
KCNN3,1.2157245,-1.8072238
DCLRE1B,-4.1413813,3.8283064
BDH2,10.508495,0.21909748
LXN,6.923267,-3.8527548
ADAMTS3,-2.8083978,6.7111626
POLR3E,6.2863445,2.2443285
CCDC58,7.3815274,11.114953
TSPY26P,4.266515,7.565629
ZBTB18,0.35149992,7.811498
ST6GAL1,0.73551804,-7.828554
RASEF,-7.8372,-0.93238336
DNAJC1,6.1571217,10.115285
TOB2,-6.9497824,10.669115
SF3B5,11.772752,7.258941
ME2,-13.649596,3.3551111
FBXO36,1.0322242,7.444615
EDN3,-2.906983,6.5647626
FRA10AC1,7.5432286,5.7804666
ACTL10,5.9209685,-2.9668474
RCAN3,-6.0229344,-7.5594964
SHPK,-6.671871,5.4822497
GSS,8.671903,-0.06487721
RSPH1,-5.574245,-5.5360384
STAT5B,15.414978,-2.5717845
MUC7,-0.49672925,-8.724134
PIGG,-8.558523,1.0304729
CD274,0.6093733,-1.5929781
RETSAT,4.680752,-6.2619333
ARMCX4,-8.139738,2.6272602
ZBTB48,16.259937,-0.20562375
TTLL5,-1.2398518,-6.5038414
RNF19B,11.403979,6.2705927
ZNF708,12.49011,7.402873
RBM10,8.66976,-5.73685
CENPO,-8.039305,3.048688
CD69,-9.194318,12.324924
LEPR,1.8000983,11.795064
SPTAN1,9.610444,-2.10704
RAP1GAP,-0.27432194,-8.911382
PRKCB,4.3576136,2.2707925
KIAA1958,-0.2707539,12.033899
GPX7,0.47913107,-3.1595318
CNIH2,15.321509,-2.9335058
LRRC27,1.8466631,9.824209
NUDT19,11.640896,3.2506385
SLC36A1,3.222295,-3.516789
CIAO1,13.676587,11.00299
ZNF236,4.149534,0.6995074
ASXL2,2.9993808,-6.6580186
MEX3B,0.32913056,-3.2782695
TSC22D1,-2.870214,11.004441
RP9P,-7.769558,8.572639
KRT81,-2.208869,-1.153944
RSAD1,-3.7469964,-7.365946
GLMN,-0.33320582,5.4330482
FBXO31,14.01498,7.0712748
ANKK1,5.4901342,0.51856464
FCGBP,-9.762006,11.500014
MIS18A,15.316523,-2.1554747
SNHG14,8.896611,-0.5143345
MFNG,3.1117482,5.4407134
BOC,-4.464692,6.66038
SHROOM2,-1.911009,-3.0311248
ADAL,6.710121,-3.51571
ZNF503,3.8003185,8.738559
IER5L,1.3031701,0.56486905
METTL23,12.056095,4.0307565
MYOC,-3.9604433,-1.9311543
SEPT3,-8.444659,-1.100093
TXNRD1,-2.0527287,-0.99753034
B3GAT1,0.13754594,-9.662795
TOGARAM2,-5.9603004,0.8021121
SLC25A48,-8.548409,-1.0541394
SLC27A2,-3.396336,2.0012476
GP1BA,-7.1951184,7.1815953
BATF,-9.223328,11.915985
KIF9,-13.270452,2.1382687
SPRY2,-3.514422,9.40357
FGD1,12.631513,0.7264759
TMEM140,0.47700855,-1.506704
SYNRG,-6.3088336,-7.5058584
CHCHD4,-0.71386373,-3.9295628
ZNF263,10.222076,-3.3750174
TOM1L1,-0.22001182,12.110787
MRPL57,10.026251,0.39211577
TRAF1,-7.7406163,-4.3690143
E2F6,-3.5258677,4.1614075
MN1,2.286336,9.500633
MARVELD1,-4.3102746,6.546697
ZNF746,-8.292929,7.2047544
SLC26A9,7.5023956,2.9097624
RTN2,4.7061214,13.907503
PAPPA,-2.9312696,6.97938
SOX7,0.8158034,18.007414
BST1,-4.0857735,18.016623
ZNF322,-3.5902152,-4.1249185
CLCN2,0.9650895,5.593018
FHDC1,6.5106235,3.7679594
HSPB7,2.2420974,0.03708901
ILVBL,8.697038,-0.035858545
TYW1,-0.3316399,2.7027504
SLC1A6,-2.7584958,-1.2690257
HOXC9,4.2652845,8.241678
S1PR3,-6.8678603,-1.6376053
OXSM,7.240775,6.4993277
SEPHS1,-6.714095,5.6235166
AKR1C2,0.8798544,-7.951866
INTS2,-5.3081822,-9.285408
TP53I13,-4.3069053,6.540017
PPP1R3G,1.8319037,11.755245
BCDIN3D,-2.3913314,-3.9516642
PTRH2,-3.6345296,4.136975
ACOT11,15.32816,-2.1413388
RFFL,-0.4314454,-10.450521
LGALS9,-9.420393,11.734137
DTX1,0.53750545,-0.34131023
SCLT1,6.270438,9.999365
TIMM44,11.892337,12.442845
TMPRSS5,-11.308848,-5.9386125
APBB2,0.45122927,-1.3569332
HTRA1,2.5670743,9.56532
BUD31,1.9768994,15.103191
ADGRE5,-2.7614052,7.66626
GRIN1,0.22907001,-8.551529
GALNS,-8.11976,1.5109583
FAM109B,4.8978496,7.9258184
DDX27,-3.892594,4.156771
PTPN20,-6.8399115,-7.7565756
SEC22B,4.878755,1.6672226
PNMAL2,14.406202,7.589012
IFT122,1.2529591,8.366452
MYCBP,1.3606069,7.864073
STAT5A,-3.2206442,9.579415
PLEKHM3,-5.5845795,10.317633
GALNT4,9.602183,2.2187092
APLN,9.725164,12.895968
DLL1,1.0137436,5.336117
SLC44A3,-2.9710333,1.6198071
ANGEL1,3.4324512,5.930972
NEK4,7.8628883,5.4048877
TMEM139,-11.247863,-5.959924
ARSI,8.821416,0.1609827
SAT1,-4.5922737,10.380108
SUPT3H,-7.5446534,7.2727876
ZNF513,-7.862529,3.5556443
NRG4,4.884965,0.23633252
TADA2B,-4.460712,12.4633465
MRPL46,1.3512547,7.832341
TMEM184C,-2.0561795,-0.99277437
INO80B,5.8249326,-0.3036275
ADCK1,-7.9045677,-2.6412783
MINDY1,9.603301,2.226901
GALNT2,-5.158622,9.899494
GPR17,4.110226,7.3523316
FAM25BP,4.1202617,-4.37887
LIPN,7.4891605,2.967371
TANGO6,8.983907,-1.7215852
TUT1,10.044246,13.755429
LTA4H,4.1603904,2.434593
NRTN,6.9380674,-2.0802448
DPT,-2.6811314,5.8768907
SNX11,11.143523,13.682989
TBX5,3.5684636,8.958606
SPHK1,2.8031993,6.147964
H1F0,5.838229,15.697378
ITPRIPL2,-8.248194,7.602487
SLC39A9,-7.397975,8.971535
IGFL2,4.9212127,0.6261401
CELF1,11.872941,0.20388955
SNAPIN,-0.86272156,-6.3843555
ATP1B3,-3.029404,9.717837
RAPGEF6,-0.46043488,11.833091
CIB2,-8.204572,-1.1378609
UBE3D,7.42272,6.171728
RNPC3,-0.7208703,4.558769
FCHSD2,-9.907396,6.157781
CHPF,12.063904,6.6490154
RNF122,10.981102,5.9211473
ZNF321P,4.3972273,-7.564023
ANGPTL4,-2.9211946,9.720728
ACVR2B,-4.3523936,9.88556
DCP1B,-2.294725,-3.8773508
ANGPT4,-4.8719807,9.662896
DPM3,13.104897,1.185856
PAPSS1,-2.3949063,-3.003602
DOCK3,6.839614,2.828048
DYNLT1,2.3814619,15.05055
LITAF,12.263708,0.37425756
VEGFC,2.3265588,9.43901
LAMB3,8.985564,8.790895
SURF2,11.85717,12.493273
SSPO,-6.773175,-1.6485596
GAS8,6.0636177,-9.09921
NDUFA10,3.1854656,16.56924
NSD2,15.866506,-0.8785482
LACC1,7.371764,5.7978845
ZNF674,-4.300321,-8.677548
CENPU,13.988873,-3.9424188
THRB,-1.224893,12.099227
HSPA7,-10.61546,10.909701
SH3BGR,-11.649968,-5.6341534
WWC1,-11.440927,4.931012
BEAN1,-7.8197975,-1.0111269
DOCK10,-9.719813,11.528616
SH3D19,13.831922,3.411363
TBC1D7,0.06446208,18.581423
CCDC96,8.983151,-1.7145575
UPF3B,7.388199,6.1868944
DOLK,-11.115892,-3.1404262
CNP,2.0975397,9.475813
SYNE1,-5.412692,-5.1896205
LRRC37A3,12.740237,2.3141048
SGK1,-0.34546247,-2.2635863
ARRB1,-7.112551,8.688249
FNDC10,10.018259,0.39359224
ZNF384,-7.8810124,7.0798073
OSCAR,-9.679599,11.553334
INTS14,9.290448,-4.922779
SIRPA,2.6352394,12.309399
MAN2A2,-8.062,4.797853
GABBR1,-8.303346,-4.14151
CAT,-5.206359,-5.977893
GTF3C6,2.1519191,15.122995
BIVM,-11.180152,-1.6157101
PSRC1,14.901544,-3.4269247
NCKIPSD,5.1108365,-1.8484977
DPCD,3.547425,15.870378
PQLC2,10.46809,0.28053048
DGAT1,11.87107,12.420642
COQ10A,15.871339,6.4724383
TLCD2,-1.9261122,1.7392551
H2AFJ,-6.7157984,5.549085
PIN4,2.5193474,14.858392
GPR146,4.3799896,4.755404
PEX7,2.0200577,15.129151
ATE1,4.575948,14.742913
GREB1,-3.095423,9.62262
CARD6,-2.0201936,10.165487
MYBL1,15.692705,-2.6701744
ZNF90,-2.1818044,-4.203342
ACER2,2.8512762,-6.537472
EEF1AKMT1,2.445952,-11.653556
GLRX5,15.313153,-2.1547742
TBC1D22A,4.8914223,1.6432886
ABHD3,-7.1948986,7.1673913
RHOBTB3,8.794791,0.13465329
MAP3K21,-0.7374999,10.731667
SLC25A33,5.2632723,15.413398
DDI2,-9.849871,-6.904518
AP3M1,5.2955847,13.779538
HSD17B1,5.3274765,1.5728549
PRKAR1B,-4.2710876,12.140048
ZMYM4,-3.0676954,-5.8847475
PTMS,13.08502,1.618007
SEPT7,15.654246,12.617545
FAM124B,-5.222298,-1.4387387
INTS12,6.3637147,18.783642
CUL2,2.6423948,7.7449646
EEF1A2,6.3406105,2.329615
PAX3,17.472208,4.094923
GRAMD2,5.198907,1.0018299
ADARB1,5.332258,7.72206
TNNC1,-11.2680025,4.820217
COL11A2,6.0954447,-9.134985
SLFN13,0.73813766,-8.120659
CCDC117,-0.5206227,11.256451
CYP27C1,3.8828683,-4.7393894
ADCY2,4.1802397,16.805237
BCAR3,-4.623518,-8.310528
FAM53A,4.440686,-3.6746902
WFDC2,-3.2694862,11.529869
CCDC3,14.405301,7.5888295
MID1,1.9718808,-8.387641
KCNMA1,2.6636267,0.11825602
LRCH3,3.572675,15.346691
TRMT11,7.168581,11.893636
TM2D2,12.023749,4.0817685
ZNF71,-8.175281,7.52813
SRF,11.343456,6.2251
ZSCAN20,12.093019,-7.665827
SRRD,9.22624,-1.2854242
AFAP1L2,-8.026633,1.4607178
EXOSC6,-3.8415215,4.4472833
ASNS,-7.7659497,-4.386293
FAM83G,4.6720796,-6.318607
PWWP2B,6.5484424,-3.2931356
AP4M1,-9.801238,-2.7448812
ACOX3,3.1665027,-4.706102
GARNL3,2.5329435,-8.138069
FMN1,0.24402153,-9.7404375
ARVCF,-7.581297,2.7993162
MICB,2.8092897,10.151262
RASD2,1.1226271,-8.060951
DOC2GP,-7.774749,-4.3589206
SLC23A1,5.3147264,1.5469419
MSS51,-7.2720637,1.5245261
CUX1,15.527046,6.9498587
BTBD19,5.067749,7.8162994
STAMBP,15.789894,6.524164
NXN,11.7470875,4.49138
GGCX,1.9001573,10.322938
NPL,-3.0015404,1.7267739
ZNF367,15.346317,-2.9580798
ZFAND2A,-11.200773,8.310237
SUMF1,-4.0876865,2.133129
MTAP,-6.583925,5.3550916
RTTN,9.900317,0.18706635
BLCAP,0.39447123,1.8296059
THEM6,-11.116134,-3.1402218
NETO2,2.5830197,15.403883
BID,3.01428,-6.3122764
CAPN14,-7.8780155,-0.8889854
DDT,3.5392616,16.313887
ALG1,-0.96387786,10.938622
R3HDM1,-12.974098,2.4255824
GCH1,-5.104266,-9.604494
SNTB2,4.8173943,10.952334
POLR2B,1.3472571,4.510882
HIST1H4H,-6.656112,13.166759
TTC26,12.155681,7.0499773
GAS7,6.5782294,3.756164
SYS1,12.272748,0.41593346
PPP1R14C,5.65788,-8.618796
SLITRK6,-1.2859064,15.25929
CYTH3,-6.5931087,5.3750386
CDHR3,0.45089197,-3.1767988
KCTD6,0.17943528,2.9915752
HYKK,-4.7421904,13.928324
EIF2B1,-3.8172562,4.4649873
BORCS5,-4.135272,2.098043
ALS2,6.2089686,15.171156
CPT2,0.45257288,17.801811
MBD6,5.624322,13.420574
FAHD2A,8.013225,-7.32054
AZIN2,1.6700207,-2.2057087
APTR,7.006604,-2.0161033
ZNF670,6.702375,10.0206375
TTC12,-1.3150907,-12.703033
EGLN1,5.761589,10.91255
MSANTD2,7.635619,5.6539736
SLC25A15,11.697207,12.741739
STMN2,-2.6383157,5.7838907
MFAP3L,6.855469,14.5180645
GOLGA8B,-7.526593,1.7248349
TMEM204,-4.6252213,9.945311
CSTF2,10.362209,14.175631
CENPP,4.3641086,2.269232
ADO,6.082588,10.264986
LRRC57,-1.2935283,12.16958
MAPRE1,15.692887,6.8245163
ETFDH,-0.96091914,10.941011
ZNF888,-3.223094,-5.5024614
ACAD11,-8.45106,-4.115712
FAM69A,5.645812,13.391046
CCDC134,3.0330129,-6.6809607
ADAR,9.6068945,-7.7924013
GPR153,-8.113942,8.16392
DERL2,-1.6833774,0.5617141
ACHE,-0.30831522,-8.867116
POLR2C,14.075295,8.422704
KDELR2,6.9314966,8.882558
SPOP,-4.626997,-8.358014
GEMIN7,9.082866,-0.5155193
LRIG3,-9.440773,-6.2362704
CRY1,1.0265212,8.578174
SLC25A30,-9.831833,-6.9395165
MSH3,6.8753314,6.267799
SRD5A3,-3.6742854,2.0962856
NAA35,-1.377119,9.933494
CD101,10.077526,14.645759
ZNF773,-4.0069885,-0.00068605575
NDRG3,-7.4348516,7.4537106
MYOM1,-3.97074,-1.952261
H2AFX,15.132117,-3.1719358
CES3,-7.902555,-1.2189288
IFT22,0.68290144,-3.1503558
PDGFB,0.72639334,-1.7791456
MYOM3,13.831407,3.4150386
GATSL3,12.640938,0.75957114
MLEC,-7.032711,8.729039
FGFRL1,9.067294,-0.52674866
TMEM51,13.116177,3.514978
RAB3IP,1.2807153,8.397979
ADAT1,11.154758,13.652875
HARS2,9.135866,-1.2489506
GTF2IRD2,12.0305395,1.2472991
EPRS,12.835522,1.5372652
PDLIM1,11.782551,6.2651105
COL24A1,-7.8292437,-1.3058176
TMEM198,-6.0946927,-8.758687
EIF2AK3,0.89236915,8.543438
ZNF274,-7.4166417,-4.2768764
APBA1,4.2729473,-4.0024433
SURF1,3.658904,17.136337
NDUFC1,2.9669209,15.533144
CWF19L1,9.291115,-4.9225607
ZNF44,-3.0974731,-5.493966
ABCC2,-6.824683,8.18205
ACADVL,-2.8462214,-1.2698634
ORC3,-0.41830888,0.5430553
EVC,3.0603688,-6.7159576
PHF19,4.2554035,8.26762
RNPEP,14.050549,8.30362
ZNF718,-3.9118245,-4.000894
DROSHA,-11.589502,-0.9077286
IRX5,-8.046428,1.4943434
PCDHB16,0.32946604,-3.3245654
ABCC3,3.7557998,-4.672953
INE1,-9.061847,3.5458643
HMOX2,3.7452757,16.68992
ANKRD13B,-7.8645277,3.5780761
HNRNPH3,15.620053,12.581598
RTN4,0.79140043,7.1938944
PTK7,-6.579834,-1.5528574
NT5C3B,-5.916445,-7.4380803
MAP3K4,1.3928711,4.450387
RER1,4.566645,-1.7154609
DRG2,10.131184,14.643889
TOMM40L,-7.4916897,8.345377
SLC35A2,0.28271446,18.222881
PLPPR2,-7.629053,5.434319
TMEM37,-2.9507968,7.5760903
TMEM189,12.606947,0.6407556
ZNF254,-2.960751,1.6592262
APCDD1L,0.17374617,-9.690146
MIEN1,12.029484,1.2452961
ZNF77,-4.399365,16.83781
NUMBL,-4.5981746,10.086003
RBM20,-0.99404174,6.907812
PRKY,16.986351,2.0237346
STX3,1.0883864,8.582287
DHTKD1,-4.9438176,9.36925
NUB1,15.743624,6.5684605
PLAGL1,3.9349189,-4.899004
ZC3H12C,4.2530484,14.823188
SPAG7,7.118664,-4.050064
MCM8,-11.594705,-0.9016673
VGLL4,-0.41343877,-10.481549
SLC11A2,-5.301595,-5.957975
IBTK,4.5722203,14.743025
IFI30,0.43115777,1.7975702
SCO1,-3.5391383,4.156686
DCAF4,10.202425,-3.375301
PLA2G4C,-2.1979387,8.239489
MOB3B,0.0054384065,10.992939
BEST1,4.229769,4.6875143
MMD,-3.882255,10.150093
PAPOLA,2.6759777,7.695124
TSGA10,-1.455437,15.398237
GAREM2,1.0905542,-2.7046776
YPEL4,4.278144,8.250455
ZNF646,8.875971,-1.6423746
SBK1,-0.08476592,-9.611274
PIR,-4.092974,2.1400783
KLK10,3.649046,16.949585
ZNF35,11.699028,12.736953
MRPL9,-4.426445,12.401972
GPSM1,4.2153664,7.6870894
TRMT6,-3.5805957,4.1161575
TMEM41A,15.861291,6.483294
BCL2L11,-3.517428,9.669238
MLPH,0.9785981,-8.071341
PSAPL1,7.430264,2.9734616
SCRN1,4.277338,4.71948
PWAR6,8.858697,-0.51513433
UBR7,-8.487519,6.7505255
PRR16,-3.6013143,9.629046
MSRA,-8.483532,-1.0808834
ACKR3,-9.788866,6.0463905
COPG2,-5.9226866,-7.4550633
RND3,10.242992,5.221288
COBLL1,4.4219418,-1.8308382
ZSCAN21,-2.788231,-4.5308833
ZNF497,15.643892,-1.1005539
ATRN,1.7657628,4.2402525
ZKSCAN2,4.9286737,7.906902
ATN1,1.3472481,0.5658336
TOP1MT,11.827372,6.8948784
WDR59,9.632739,-0.22193316
EFCAB2,-2.7965662,10.2723255
FUCA1,0.36852324,-3.2957165
THOC5,-6.8712378,10.852987
ZKSCAN7,-4.567134,-3.7156408
SREBF1,-4.256479,1.9828556
TRDMT1,11.662642,6.302638
CCL21,3.9737244,7.2184186
FAM102A,10.322575,-2.4916115
BCOR,15.730365,6.5814896
SLC25A43,-5.1332746,-9.566433
KIAA1683,-3.7429755,-4.052807
PRDM1,-11.234865,4.818988
SORCS2,-7.127214,-1.575865
CACNA1I,-9.195367,12.323463
UBE2E3,10.979731,5.917855
HEPHL1,-2.1322775,-1.1182872
SOCS1,-4.5921206,10.368378
WSB1,0.25910848,-0.7338669
SNAI2,-7.589132,8.800217
AES,12.217716,1.1393635
NKIRAS1,-4.660065,-8.360124
UBE3C,-1.0775545,6.851973
ALG6,-4.298002,-8.673308
PPP2R5A,6.7003794,9.450767
ATP1A2,-3.0852869,15.820471
COX6B2,8.780092,8.59767
NEIL2,10.055686,13.734584
TFAP2B,5.576602,-8.551893
PAQR8,-1.151617,9.737485
HAUS7,4.2224684,-4.135239
CNKSR1,9.635424,-0.22373335
KCNE4,-9.808116,6.0642667
NUDT9,2.3649237,-11.770537
FAM127C,3.1845944,16.570642
MCPH1,-5.1841826,-8.389137
ADIPOR2,1.2343559,8.504684
SPIDR,7.2610874,6.245325
KCTD21,-1.6083037,-3.5232325
RWDD2A,8.365021,0.78199303
PRSS22,-7.805222,-0.7530012
ANG,-4.0590196,9.860931
SLTM,3.575481,8.917709
ACSM5,-2.855977,9.763961
XRCC4,2.1662164,7.6559863
GCC2,3.8250022,19.689054
TTC7A,4.5370774,-6.100578
TLR3,-2.088876,8.746631
SH3YL1,5.931882,10.720104
STAG3L2,4.3980274,-7.563785
BET1L,9.616014,-7.801706
TIRAP,10.701133,-4.754141
SSH2,4.3818383,4.7558084
AGR2,-2.6862695,2.4253469
MFSD12,17.351221,4.323259
GPT2,0.24926433,-1.0739783
GPATCH1,-5.007035,0.36077067
R3HCC1,-8.145994,8.146369
ZCCHC9,5.900767,10.765789
DPY19L4,-3.5155,-6.6285596
SNAI1,8.209758,-10.454809
CYB5D2,3.6435103,17.276297
HAL,7.443993,2.9690568
FKRP,0.7260515,5.91826
OSBPL10,11.214532,6.1449676
MYB,-13.216351,7.5644994
SULF1,0.82242274,-0.4403997
SNAPC4,-8.41099,8.2883415
DIRAS3,-2.9555616,1.9918236
MIAT,-9.687348,11.549606
STX18,3.2360249,-3.5361876
METTL25,2.9123638,-11.784942
LRRC3,4.6627197,-6.3674645
DECR2,10.635241,13.963045
UBE2QL1,-3.071975,1.8206218
SERPINB9,0.37982383,-1.2732192
NTF3,-3.82131,-1.8357267
NLGN3,-4.4982862,6.67452
DIO3,-5.1163034,9.875011
SCLY,-2.130488,-10.10747
AIFM2,-4.51067,9.796297
ARSD,-7.9855103,4.054581
BTD,-1.9305582,1.8251157
ENC1,2.0442028,-8.111699
ZNF484,-0.42293575,0.52612895
IKZF4,0.81395125,6.288794
NDUFAF4,-0.7313406,-3.9000897
ATXN7L2,-9.813044,1.0057718
FAM13C,5.970087,-0.062246375
TNNI1,-13.439824,-6.3485227
PTP4A3,-4.603077,10.333069
FGD2,-9.433343,11.700644
ABI2,-1.5856962,-0.93130386
FETUB,-7.6151853,-1.2725703
DOCK7,-8.462091,6.7716227
FBXO3,0.62507164,7.447639
ZNF346,-2.288015,-3.8622413
BLOC1S3,12.210726,-0.14470372
CMTM4,-7.3306966,9.676294
PARN,-2.4854138,-2.925531
PHLDA1,-0.7254204,-1.9961793
ZNF441,8.393684,0.7655955
RNF112,4.2834997,8.235544
IPCEF1,-9.192021,12.320034
DGCR11,10.493099,0.26519257
GLIPR1,3.5091834,9.086706
NICN1,-8.455178,-4.11374
CAMTA1,2.4228716,-6.4716926
KIAA1549,-0.7617952,-2.0123882
CD300A,-9.678883,11.552009
PHF10,-1.1071674,9.670838
CCND2,2.4843812,12.131205
ENTPD3,0.24656698,-9.742865
TOR1B,13.396173,3.9975367
E2F2,15.764073,-0.9799138
AHCYL2,-5.608869,0.40996456
ESR1,1.5404363,-2.223509
CTSV,-2.4913332,2.7458434
SLC24A3,-6.7548056,-7.739534
TRAPPC4,16.345078,-0.015140492
TCEA3,4.2060866,2.3966682
CHURC1,7.5924225,10.673798
RNF125,-1.6848046,10.144448
ZRANB3,-1.2863303,15.279485
DNAJB4,5.485378,11.154507
PPP2R5D,3.9842844,1.0423417
SPAG5,13.991539,-3.962064
HNRNPM,11.590841,3.0527253
PDLIM3,-3.7907853,-1.8006575
NSUN4,-4.5359983,4.027868
SLC9A6,-6.152671,0.8260152
ZNF736,4.1399765,12.336301
DDX6,-6.67767,8.524789
CDC7,0.10334372,18.536583
FIGN,-1.0856755,-1.3132554
GNB1,14.117444,8.746132
DBR1,2.6919446,7.6967964
CPSF3,0.3348919,7.8010173
AIG1,-7.2147655,-7.806795
KRT9,-4.006857,2.1124077
CLEC5A,-9.706517,11.538116
SRGAP2B,-5.591451,-5.3371964
AK4,-5.9575677,-8.271228
TUSC2,-3.815601,4.208135
TTLL4,-3.4008622,2.005551
NAP1L5,1.4177301,-8.179517
TM4SF18,1.1579448,-1.3445443
TMCC3,11.549859,0.045678113
GPSM2,-4.0427365,0.054538105
ATP8A1,11.465274,7.9356465
NKAP,4.1506233,14.776943
BGLAP,8.642829,-5.7678685
PHF20,4.703282,13.903226
DSCC1,-1.4345993,15.444685
MEX3A,-6.541963,-1.5280665
CDCA4,3.861796,-4.2803698
ADGRA3,-1.5851276,-0.9291444
CBX2,-0.9672148,10.942982
SFMBT1,5.645566,-8.613039
FRS3,10.263977,-3.4155004
WDPCP,-7.8154373,7.977022
IMMP2L,-9.939719,-6.500007
RPL41,11.087451,8.371725
SNX29,4.3763824,4.75233
CLDN23,6.7814274,2.781013
CAMK2B,-2.6883721,2.391491
ZNF266,-5.7121086,12.249043
PFDN1,0.6757287,7.471828
MED9,-0.9681944,-10.29395
TBCEL,1.2161249,-1.7516389
TCTA,-6.8884244,10.768167
ZNF280C,6.6874495,9.022323
ZCCHC4,-4.2961526,-8.675039
HEYL,0.95782816,-0.37672305
CA5B,0.37463102,-3.2747502
KHK,8.65593,-5.7544036
STARD4,9.594723,2.200335
TAOK3,1.3287884,4.5272503
FBXO25,2.754389,12.44767
SKIL,4.782941,15.046948
MEMO1,5.7519264,11.064426
HHIPL1,1.6589254,12.009157
POLR2K,2.1854694,7.837956
LENG1,-2.1546865,-3.6876147
SLC16A6,-4.98673,-5.3664055
ARHGEF10L,6.8635798,2.8334894
ZG16B,-0.060696397,-8.831823
SMYD3,-8.288299,8.283405
CCDC149,4.289515,8.236293
RPS27A,10.523112,9.000264
PTRHD1,11.746364,7.266968
NCAPD2,14.3545475,-3.8019817
TNFSF13B,-2.5871809,5.699263
PPP1CC,5.6929264,11.259711
TAPBPL,-2.194614,8.230336
DLG5,2.9528875,-6.3646235
PCSK9,15.288441,-2.9657643
SAMD9,-2.105359,8.72948
SMYD4,-4.6450605,-3.6434386
TCTEX1D2,7.23859,11.337699
PPP1R3F,5.77516,-3.0026808
STS,-3.2717645,9.595711
PDGFRA,-2.9347749,7.4212766
TMEM229B,1.1200964,5.170671
NRARP,10.21255,5.198629
ADCY7,7.3640227,2.9948635
MAN2A1,1.7637919,4.208301
CORIN,-3.0775235,9.598802
RCN1,2.9086392,10.15302
SNHG5,10.22541,9.287897
FUT8,-13.216897,7.5645356
DIO2,-1.0312108,-3.2755966
CSPG5,5.090399,0.99204445
TTC1,-2.4941297,-2.931293
MAGEF1,7.583258,2.8133273
PIGBOS1,7.483764,10.856917
PKNOX1,13.76633,3.432205
MOSPD2,-4.301316,-8.666128
B9D1,16.040565,-0.55026
G0S2,2.2881055,-1.0451188
RFC3,15.786792,-2.6876175
ALG11,11.689419,-5.5461397
TRIOBP,-6.1254807,-8.77423
NFKBID,8.468998,8.12796
METTL22,-8.332737,3.0149703
DXO,-7.820778,3.0453515
ADRA2C,-3.9695976,-1.9409941
SLC8A1,-6.821814,-7.7472982
PATZ1,0.40454665,-1.3129891
ZNF611,-4.592421,-3.6969998
CUL9,3.7907543,-4.6459885
TTC39A,9.805347,0.06790595
SVIP,6.6625204,10.06371
TRABD2A,4.261533,8.267467
SIX5,-0.2119851,12.114109
SLC25A16,3.7489765,2.8284833
KATNA1,15.653231,12.616055
TNF,10.186706,5.171214
LRRC23,3.5588703,3.0117207
MTA3,6.085456,7.6119843
SCML2,5.7537684,11.063706
COASY,8.920877,-1.5902107
CGRRF1,8.777389,-0.36269987
IRX4,7.108033,-4.0360255
TOE1,3.0185833,-10.83555
EFNA4,9.793415,-2.2888563
AGRN,0.041759495,18.609201
DDX58,-2.0102632,-3.1733809
CD200R1,2.820779,-6.497252
DNAJC11,13.226392,3.6356547
FDXACB1,-6.796453,-7.7441916
LGMN,8.155794,13.830342
B3GAT2,-2.1955442,-4.2464323
KIAA0368,10.11338,-3.1272094
AP3S2,11.684916,-5.539756
TRAM1L1,11.600501,6.450794
RFC4,15.344819,-2.9360995
FUS,11.664897,2.881591
LRRN4CL,2.660261,10.077451
SULT1A1,1.267412,-8.119741
AKR1E2,0.18662912,-1.0693383
MED10,7.9658575,10.629335
ORAOV1,2.398179,-6.5086207
STARD10,10.017601,0.37922698
KRT77,-5.261341,-5.8646607
TRIM56,-7.4430604,1.6385814
B3GNT9,-8.537862,-1.0589375
MED27,14.121689,8.119064
FOXI1,-0.3989922,-8.799297
MTG1,-9.814937,1.0076596
TIMM21,7.2027364,11.307858
CHCHD7,7.1895947,11.852986
NBPF10,4.6181006,-6.3931346
A2ML1,5.2291517,1.097193
UST,0.35818186,-3.306795
GAS6,-7.204979,5.6006355
ULK4,-2.9721482,1.6149327
PDIK1L,-1.1181182,11.890521
RAPGEF3,3.2745948,5.4331756
DCTD,2.7563367,12.449456
ENDOU,8.796584,0.12552999
SLC39A11,0.50634235,17.98516
SCRN2,-8.820031,8.526736
MAN2B1,6.713628,-2.4952888
COMMD9,13.027642,1.1832273
YIPF6,5.2243958,11.254481
CDC16,-5.725747,12.269278
PACSIN2,4.43808,4.3013687
ARRDC4,-0.35728544,10.315883
ZNF267,-10.702776,-6.1787844
CD24,1.2806938,8.393744
TIGD6,-3.135474,-4.2906237
LCMT1,4.566179,-1.716841
PVR,12.103892,3.5652246
SUGT1,-5.125432,-9.911435
CD47,-2.2336197,8.371727
ZNF580,5.7885685,-2.9898374
EIF4E2,-7.7739763,8.566458
UFD1L,12.695864,1.0495244
EDC3,10.319072,14.971566
CCR7,-2.4884565,7.9036393
PDLIM4,-0.34284744,-2.260811
PILRA,7.783343,-7.098218
CYP2E1,-5.2502236,-5.903215
NFKB1,5.626101,-8.593195
JKAMP,5.665342,11.2145195
ZNF511,13.676941,11.002571
ANKRD37,9.727103,12.898275
NAGS,9.746442,-0.33388388
BEST4,-2.61315,2.6570556
HNRNPL,11.743524,2.9322999
TMC6,-5.209684,-5.973742
DNM3,-7.4482865,7.4787807
FAH,7.5766273,-9.240514
CDK5R1,-6.715897,5.811949
DDX42,2.3687954,-6.5102725
BNC1,-1.0607563,6.834882
IL36G,6.2572107,2.413943
ZBTB20,4.488131,7.412099
LAMC3,-3.5458136,6.5209236
MRPL43,11.998043,7.121412
ZCCHC17,2.36143,15.078817
MKL2,1.2923316,4.074288
SELENOP,-0.5257872,0.4388093
CADM1,-10.898133,11.346498
SPACA9,4.8507757,-6.230069
NUAK1,4.671962,-6.3577714
PPP2R2B,-5.1353297,-6.065631
TTLL1,-1.1463914,9.731065
CARMIL3,4.6260343,-4.218141
MED23,9.292046,-4.9222574
SMURF2,-9.395533,-6.2150383
ZNF768,6.657562,-2.5907753
FAAH,9.631102,-0.22335736
DEPDC1B,13.601222,-4.1884317
PRX,5.5598226,4.8174977
OTUD1,10.777555,5.653407
GFER,3.615678,8.752586
TMEM117,-6.208263,-8.869724
ZNF669,4.8629136,15.120917
ZNF143,0.111055166,8.389354
TMEM222,6.751051,9.978817
RPIA,-11.2302065,8.339292
LANCL3,-2.5244684,-2.9025424
URB1,10.101988,14.642505
CNKSR3,-7.8057895,-0.76322407
PPIC,-2.4650402,5.3296824
R3HDM2,-3.9120533,-0.0070328624
TRAF6,-13.213606,7.5652447
IL13RA1,-0.65437126,-0.7974531
RRN3,-3.8307738,4.4078903
PIGN,-6.037907,-7.6941295
OVCH2,-5.3806486,-5.673465
FAM214A,-3.5012007,9.389676
TRIM34,4.2390347,12.212933
RRAGB,4.549315,11.874328
KIAA1217,-0.70777696,-10.296044
TRIM14,5.1893907,0.9805945
ST3GAL5,-1.768402,1.539663
PRDM10,-2.0331016,7.873301
CNOT4,-9.733614,-7.0989013
VDR,11.215837,2.7147903
FAM105A,-10.611704,10.889933
TMEM62,5.071866,-3.8779595
BLOC1S4,-4.453331,12.450985
LTF,-0.72800076,-10.315637
HPX,-8.4547415,-4.117767
PAFAH2,-2.3410912,-3.0239956
FAM122C,13.158788,3.5204318
PRCD,3.1578941,5.430237
MAP3K14,7.051183,-1.9702013
OXER1,0.91174656,-2.898063
PINLYP,-7.6008444,-1.2885176
ST3GAL2,4.2997537,8.225511
ALG1L,4.246901,2.3620563
TRIM68,-2.040043,-3.265006
ELMO1,3.6232657,5.4801965
ADAT2,9.508724,6.266636
CCL20,5.8783026,11.169896
ZNF630,2.426397,-11.71315
VTI1B,10.098249,-3.0658176
PDE12,0.50772214,8.386804
PPHLN1,-5.125325,-9.918845
RNF223,-11.0545635,4.7251844
HBS1L,4.843327,15.125887
PHPT1,7.9283,-7.23619
TMEM131,5.660412,-8.621987
LNX1,-7.2745852,-7.811332
ZNF286A,-0.447614,5.3398495
MAPK9,6.9600306,10.500625
KCTD13,10.993335,2.6747103
TGM3,10.060431,0.3560215
LRPPRC,1.8270657,14.870049
NUDT11,7.312892,6.2795167
TSKU,-3.9085023,2.067128
NUMB,15.724308,6.599716
NCK2,-7.838931,-0.9412701
SPRED3,5.8301535,-0.29525378
COMMD4,3.7053614,16.80748
CTNNAL1,4.176806,-5.414758
QRSL1,0.59526277,17.898182
LGR4,5.3609805,11.279961
ZNF462,-5.2816596,9.969263
LMO3,-3.7957203,9.656098
CRNN,-10.902328,4.6290164
STON1,4.3826146,4.2661552
TXNDC12,-4.095357,3.8750422
TMEM17,-0.6322472,5.0286613
GGACT,8.874847,0.23445578
TMTC2,-6.079636,-7.652911
AK1,-1.9215897,1.8092662
RUNDC3A,6.817197,3.1381803
MPG,12.21708,1.1509802
ARL4A,-4.6794343,-8.352703
FAT1,-6.9189715,8.571648
REPIN1,15.884569,-0.84864795
YAF2,1.4369198,8.866702
HIST3H2A,-6.6571426,13.16727
CYTOR,7.940046,13.449862
NOTCH4,3.156987,5.509541
MFSD14B,5.8278055,-8.843679
TOR3A,8.6769,-0.08827756
CENPA,13.619048,-4.165266
MAP7D3,-3.8700964,10.092924
NNAT,2.2380228,-1.0163333
CD59,-0.014946622,-0.9705152
TSSC2,3.6117966,8.821225
TXNDC15,-6.97915,5.5504208
TOMM7,10.628249,8.886919
EMD,11.707419,6.2753577
ZFAT,13.291863,3.7529714
STX8,13.089982,1.1991776
SLC35D2,-4.0749674,9.848908
MAP3K20,-0.51877195,0.44954267
LINS1,-0.4388968,11.814798
HSPA9,4.348752,14.508868
COLQ,7.267589,1.1792978
KCTD7,-3.892004,-0.12340366
CRLS1,7.4202785,10.708827
HRCT1,-4.8756466,9.856061
TENM4,10.6781,-0.08133186
SDHAF1,5.797971,-2.982884
DCBLD2,-0.6373134,5.0238795
C1QTNF6,-2.4091673,5.25863
EMC1,11.400589,13.10919
SORD,7.5543914,0.7833838
ELMSAN1,3.81204,-4.24343
SH2B1,-8.458873,8.310647
NDUFC2,15.316859,-2.1446004
SLC48A1,6.7215204,-3.5293424
PKD1L2,-3.0851688,9.607573
MRFAP1L1,6.125859,10.146541
SLC2A6,-2.675489,7.8869567
MPV17L,-0.4566159,-2.2361226
ALDH1L2,-2.84657,6.7490993
INPP5A,-5.5373774,-5.249529
TYW1B,-2.8704772,-4.296415
VWA5A,-2.7062464,8.245732
ZNF131,-1.0663186,11.952839
STK32C,2.742123,6.1792784
GPR1,4.463586,-1.8674392
SLAIN1,-1.092228,-9.246553
TMEM191A,15.766436,-0.99763733
CX3CL1,1.3533735,-8.146263
HSBP1L1,5.902743,10.760838
ZNF552,6.9839144,-3.8655312
GALNT12,-0.799514,-2.053464
TRPV4,-0.35701695,-9.580931
TPRG1L,9.605531,-2.099235
SHC4,-0.4654737,-2.299262
DIABLO,-1.1228814,6.787169
TFAP2C,-6.0605936,-7.825993
RALGAPA2,-11.343961,4.8606305
TTC32,4.4376636,12.0012455
XK,-2.539841,-2.9100642
EIF5B,-4.029475,3.9875798
SRXN1,11.008384,2.6787236
FMO3,-4.4959335,9.949322
NFYB,7.4858537,10.684174
CYP2C9,5.103257,1.5753579
RHOV,9.433095,-0.2895829
JPH1,7.282435,12.160696
BTBD11,9.606287,-2.1272984
HSPA12A,1.2112473,-2.7649958
UBE2D2,0.9763276,7.432471
STAG3,9.881694,13.02924
DCBLD1,-3.0176013,-0.29523325
NMNAT3,-5.27369,-5.8923264
CIT,14.908829,-3.4168491
CD5,-1.1987022,8.708007
ABCB9,0.80897516,6.354323
ZNF212,10.223616,-3.409136
CBWD1,-11.275617,8.386129
PRSS23,0.80661505,-0.45075113
MTSS1,-0.3391719,10.286249
TSTD1,0.61675113,17.893984
ZNF281,14.250177,7.4105654
SLX4IP,-2.3022182,-3.0565598
NPIPB4,13.193376,0.21953472
TRIM9,-1.0603105,-1.3211582
SMOC2,-2.934545,7.2947474
KLHL42,-0.44716787,5.338813
ALKBH6,-7.6562366,3.143323
RPA3,0.595847,17.89699
TMEM255A,7.5567465,2.8407638
STARD7,-5.9217367,-7.448171
RYR2,2.2001424,0.033490118
GNB4,-6.165634,-8.82999
NBPF9,14.25012,7.4302225
RMDN3,-3.480235,2.0318656
MGMT,3.1873233,16.568466
SHISA6,-5.0831614,9.848794
AVIL,12.441527,7.356146
BTBD16,6.3307853,2.3458605
ASPN,-2.408387,5.2575564
TRAF4,-5.952491,-8.319587
WARS2,-7.7612314,6.891442
IRF7,-8.962622,-8.5307255
LRIG1,-1.1613003,-9.216072
ANO2,3.1141267,5.4609003
STN1,0.38255587,17.872047
ABCC5,2.3532183,-11.777072
RGS14,10.055638,13.114524
ENKD1,4.646877,10.756711
EDN1,4.252476,4.65578
IGFL3,5.2217026,1.1344142
MIS12,2.107201,7.5298457
GMPR,3.86989,8.8914585
GTF2F1,14.50468,7.670543
FSTL4,9.608453,-2.0841434
ENTPD2,-7.8027215,-0.74935055
SATB2,3.670316,5.341869
PHTF2,4.60036,11.827243
ASS1,1.674705,9.756335
CCNJ,2.065224,7.4825068
PELI2,-4.096438,9.708917
CAV2,4.844914,13.685011
SNAPC5,0.018739965,3.2698762
LOXL3,-2.4375284,5.3058143
KIAA1328,-3.9733808,-0.038262647
HINT1,10.446487,9.081409
S100A1,6.0945354,-9.134078
DGKH,7.920262,7.8975067
NACC2,5.0368395,7.8272805
RING1,13.417335,3.9788961
KLHDC8B,3.5854452,-4.011061
PITX1,11.017496,2.6813307
TMEM39B,-1.05059,-6.5120173
FAM8A1,-0.91502905,11.74051
DNLZ,8.273564,17.079004
TTC19,-10.24753,4.586071
ORC4,-9.844219,-6.9278927
ABLIM1,10.33831,-2.447504
VDAC3,2.6037111,15.394778
ACTR10,7.3283596,8.991236
NBPF12,-7.943584,7.2764683
AS3MT,-8.894296,3.4287665
ACBD6,7.303914,12.19273
COA1,-7.0087957,1.3569883
SYNJ1,0.9387762,10.009402
PDZD7,-6.75266,5.566864
ZNF638,-3.460857,-4.310581
SLITRK5,1.2839377,-8.133911
PGBD1,13.381397,3.93394
BIN2,-1.1923964,8.707132
KRT15,3.5010734,-3.9128683
HES5,-10.917321,4.6352005
OBSCN,3.0412078,6.0787864
RHOU,-0.6080302,-5.7546377
GNAZ,-3.8004456,-1.8269392
PPARA,-3.48783,2.0337267
DNAJC25,6.4595737,9.751212
SLC35G2,-3.8938732,10.1368685
NCOA3,-3.944067,-0.03188088
AMER1,-7.078222,8.723398
ADA,2.8204777,6.143147
NGEF,10.030116,0.37242645
AGBL5,-1.2999932,-12.693008
HAS1,-1.037365,6.357165
PBX2,3.144684,-4.7304225
PCDH7,10.479688,0.2924049
TMED4,10.202353,-3.3755789
WIF1,-3.557439,6.519705
SERPINI1,1.1805927,-1.3067776
ZNF496,-9.8393955,6.0935497
FASTKD5,-4.2621064,12.128374
MASTL,13.988709,-3.9422884
SF1,-1.006541,6.711139
ZNF763,-4.595033,-3.6942158
ZNF385D,3.7726443,5.1733685
RPL23A,11.065527,8.396707
BAHD1,-7.047467,8.701591
SLC38A2,-1.0963901,11.943529
SEL1L3,-2.7750282,7.639738
ITGA10,-4.9055786,9.724348
CARD18,-2.5801136,2.600936
CYSLTR1,7.0247226,5.9676456
RASAL3,-1.2048291,8.705902
EFNB1,11.2535305,2.73803
RRP7BP,-0.36857316,-9.588087
CPA4,-10.921151,4.6292453
MRPL21,3.2822473,15.89457
PDK3,-1.124995,-9.22082
CACNB2,-8.273962,1.3104291
SOCS2,-0.54160404,-0.84561086
HES2,10.671702,-0.082714476
HSPA1L,10.180126,5.158709
RTEL1,16.066818,-0.52349126
FAM227B,-9.005352,3.5294127
MIA,-0.50583947,-10.141794
TMEM106A,3.5590274,9.008253
LLGL2,-7.2088404,-4.288141
CDO1,0.30962816,-0.66925865
WDR60,4.5606184,2.131712
PRMT5,12.379843,3.494765
CSGALNACT1,-0.73243636,-1.0610101
PLXNA1,-7.2540545,8.86245
GALC,4.929224,11.535927
GANC,-9.842847,-2.7875333
ANGPT2,-3.8930123,10.133481
PDCL,6.797814,10.1412
LY6K,4.883945,1.6696999
SLF1,-0.6349125,5.030667
GSAP,6.4504194,-6.1865606
GDF7,6.33949,2.3985462
SLC45A3,2.607912,-8.216189
RIC3,4.1177716,-4.3643312
KPTN,7.895496,-7.206963
NEB,-5.6103363,-5.5000067
MAMLD1,3.8240385,8.901991
KIAA0319L,-5.39302,15.058742
TAOK1,1.2814785,4.812111
ESPL1,-0.65639377,-5.943409
DNA2,7.0160294,5.9976425
SERPINB2,-6.1386223,-7.9337964
NOB1,11.833412,6.8584366
VPS33A,-2.57864,-2.8924208
GAS5,10.464816,9.066724
ZNF343,-6.9005876,10.754058
ACCS,0.7005803,17.820726
CCDC113,3.8705575,-4.5655475
NR3C1,5.1104116,11.393872
HOXA3,-1.04564,6.8300743
PCNX1,-0.67247623,-6.004929
THTPA,-9.806284,-2.7488883
EPB41L3,2.7026896,10.10298
SLAMF8,-9.586156,11.601761
SPRR1A,5.7541113,2.773354
EIF3C,15.68431,6.8393035
TRAM2,-2.8024855,6.480024
ING2,-0.33764967,11.242105
CYP1B1,-0.7236357,-0.9172424
LEMD3,1.0438026,9.637868
APOOL,15.792277,6.523645
P3H4,16.241636,-0.24258818
ANKRD40,4.7072377,13.897755
TMEM200A,3.0373242,9.809015
NFIA,1.3706361,-1.9112765
ENPEP,0.35561308,-0.48839352
NBPF19,-6.610131,5.866556
PCDHB15,8.192319,0.8749141
C1RL,-2.830483,7.5388227
OSGIN1,3.605188,8.861778
FZD8,2.001991,-8.146431
IL27RA,-2.5615153,8.109917
KCTD2,4.658332,-6.233158
CCDC7,-9.135185,-2.840802
LARGE1,-5.04281,9.860157
SUSD1,-2.8041637,7.543158
PRKCE,-9.89468,6.138642
FAM180A,-2.812976,6.500399
RNF217,4.597729,11.827187
MAPK15,-8.458147,-4.1160984
NET1,2.5939581,-8.312844
PCK2,-1.9282075,1.8057941
TMEM94,-7.546915,5.677641
AP3M2,-4.093161,-3.930342
FAM50B,-2.3005073,-3.8755713
S100PBP,-7.1985207,7.2033153
ZNF850,11.685418,-5.542765
PHKG1,-2.8293293,6.429759
ADD1,10.701277,-4.754286
SRPRB,0.19748324,18.403494
DHRS9,-2.5968125,2.628268
TRMT2B,-5.8831277,-5.509976
UQCRHL,2.9524045,15.532369
RNF152,-0.50545007,-10.310708
ILKAP,-7.5964303,3.3410501
IGF1,-2.9886148,9.691425
NRXN2,-2.7582316,7.662805
KAZALD1,-2.5817761,5.635671
TRIM63,17.398863,4.229043
TSPAN10,15.345703,-2.0995467
ASB14,9.290864,-4.9233637
DHDDS,-3.920282,2.1289172
SCAP,-7.62173,7.0575175
NAGA,-2.1300247,-10.104033
TUBB4A,17.388117,4.2200675
C5AR2,6.0839405,7.6172757
SETD7,-6.665073,8.528089
DMXL2,9.661514,-1.977662
UBFD1,-2.0374215,-1.0075177
RAB6B,-1.0037718,-3.2800756
NDUFAF8,0.1812609,18.437023
SPPL2A,-1.594096,10.20902
HOXC5,-4.273707,12.145135
PNMA1,-0.77669173,-1.0253935
SIDT1,-0.72708607,-2.0268826
GZF1,0.79616815,8.5526085
COG8,4.5708346,-6.1392894
PKNOX2,7.9768033,3.2285964
SMYD2,7.2914305,12.17529
SLC1A3,10.019343,13.620712
GJC2,-4.2465725,6.571538
GDF10,-2.91007,6.5488257
MYLK4,2.3818142,-6.508712
ZNRF3,9.570407,-7.756765
ZNF407,12.197289,-0.110836096
LSM8,7.501432,10.862816
PSORS1C1,7.161656,2.9264545
CCDC146,-6.533449,1.0666697
TBCD,-1.0057101,11.855573
DLX6,-5.549599,-5.5683117
RASSF3,1.1111443,-1.4806119
MT4,-2.755213,-1.2792728
PANX2,-8.562658,1.0253191
FAM114A2,7.3726335,5.7870317
CNOT6,-0.40467462,11.854114
GRINA,-3.8453538,4.454506
WNT6,-4.9134607,9.811764
POLH,-1.7751298,15.186069
RUNDC3B,0.70300967,-1.754222
ABCA13,-2.5437272,2.6985683
ZNF385B,1.5284743,-2.230023
PHF7,6.445517,-6.18337
NOTCH2NL,9.790678,-2.262272
DERL1,1.8520347,9.871427
TEX10,0.7125302,5.939751
LIMCH1,-7.717026,5.4335804
TMEM138,3.5871508,15.773019
TMX4,-0.5740557,0.19156465
GDF15,2.8721151,10.194537
HRC,-4.906976,9.84977
NSMAF,-6.1657887,-8.81642
SCNN1B,-2.8392253,11.637161
POC1B,4.5817313,14.7518015
CCDC125,2.9295537,-11.782339
CEBPZOS,6.879293,10.378757
SNX1,-9.156956,-2.9186223
RBM28,-8.103804,2.618906
STAT2,-2.9237034,7.364538
KIT,-0.69906986,-2.0688381
ANKFN1,7.3660345,3.010017
CD3EAP,11.706469,12.723049
APOD,0.27887562,-1.0414187
RHNO1,-5.991868,-8.148386
RARRES1,-2.1405115,1.7727233
CENPV,-8.1975975,2.5695827
ZNF558,-11.419017,-1.0686678
CA11,6.4244976,-2.9758
RSU1,-8.529233,1.0605565
KIF26B,2.0202954,-8.130596
OCIAD2,2.5662425,15.355583
MME,-0.5751086,-0.8342665
LPP,4.363386,4.273363
MTHFD2,6.2629433,7.6014724
FAM134B,-3.5024521,9.3907585
HOXA5,-1.0380703,6.8175173
CCDC180,12.720549,2.432733
LYRM4,4.204407,16.820011
TMEM108,-3.5430446,6.517985
AK9,-11.171096,-1.6464164
SMAD2,1.2503701,4.9419727
SLC52A3,-0.96612865,-10.291077
PEG10,-0.604968,-2.1733823
ERGIC1,14.660469,7.7812996
GATA2,-2.6646562,19.66767
LARS,-0.6991069,-3.950172
CARMIL2,-1.2064439,8.708403
PCDHGA7,-11.39729,-1.0917486
RNASE7,7.8930745,3.1828861
DDX12P,-5.887446,-5.5093794
ADAMTS8,-2.6642146,5.806285
TNK2,-7.6734548,3.1356366
DHX57,2.975091,-4.8261952
SDHAF2,10.21341,14.389408
PHTF1,-0.31929436,-1.0759823
HERPUD1,-1.0459013,6.349037
DYRK3,-9.901803,6.188879
ARID3B,-7.2453375,-7.8107243
DNAJB5,0.59490496,-0.41804785
DDAH1,-1.9369247,1.6723748
CARD16,-2.015562,-3.178604
TSPAN8,-0.7288986,-2.001003
CMTM8,2.8391628,-8.373411
RAD9A,-7.7415433,3.1116157
PRC1,13.6417265,-4.1534257
NMT1,-7.0415554,8.70499
YIPF3,12.630099,0.714147
MTHFSD,2.9770632,-4.8201056
MUT,-6.11641,-8.795809
SPSB2,6.4454103,-2.9541502
PDS5B,5.6518703,13.389109
RGS10,18.699833,2.7288468
MYO7B,7.9499803,3.2089665
PLAU,-1.0037163,6.8756204
WDR34,15.853129,-0.89291877
ZNF439,-7.126809,1.4374597
ITPRIPL1,1.3779174,-8.165204
KLHL2,6.896807,10.472495
GLRX2,5.8761954,10.783494
ATP10A,0.08904401,-0.8941019
KCTD12,1.1635274,-1.861169
INPP4A,8.683443,-0.44063744
SLC22A17,-2.5990324,-2.8811088
NSUN7,0.3001524,-8.487868
ITGA4,-1.0481328,-3.3165374
AKR1C3,0.89466316,-7.9482965
PRDM4,-3.4446518,4.194089
PHACTR1,-1.0145886,-3.2792654
KHDRBS1,-13.6501045,3.3554974
STK19,17.238815,4.8091555
HEATR6,-9.139331,-2.958347
P2RX7,-5.640448,-5.4844704
MINDY3,5.063741,11.372838
RFNG,-7.748473,4.019303
PSPC1,15.579516,12.540231
DENND1C,7.2969804,1.1763188
LAGE3,-1.0184691,-12.506814
THBS3,-8.800131,8.503775
ATAD3C,-11.234355,-5.9434857
SLC23A2,-4.6487303,-8.356606
SLC44A4,-0.53698355,-9.970017
CYP4B1,-3.266152,11.531243
SLC1A1,4.018668,4.520791
ORC6,15.478841,-2.643739
USPL1,-10.27129,4.555748
OR7E38P,-13.217111,7.5644436
COMTD1,-1.0206606,-12.508039
APOE,-2.7370212,2.380705
NCS1,-7.2941413,8.518568
KIAA1755,1.1947579,-2.7614248
TIMM8A,-0.7237867,-3.9110854
NAT6,-7.2024283,7.1983647
ACKR4,1.8222628,9.808328
GM2A,7.5845547,0.7583293
TRIM3,-6.5887866,5.9040465
DNALI1,-0.737266,-2.0086057
NOV,-11.963368,-5.332228
ARMC9,1.1164473,-2.6385365
ZNF569,-3.083601,-5.7864137
RAET1L,8.822681,0.16151291
PINK1,-7.4381056,5.7043376
SMC6,-0.71422887,10.726874
RUFY2,4.603779,11.8253
NMRK1,-6.144265,0.8237115
MED19,11.182805,2.7160084
L3HYPDH,-7.5123487,1.7262934
CIPC,-5.117967,9.866868
HMGN4,12.03601,4.038406
SEMA6D,-3.2523355,11.503117
PRPF3,-10.256494,4.5402613
SELP,3.70503,5.267487
MRPL58,8.340944,1.0650921
SLC19A1,10.91511,13.786077
ZNF586,-1.0022949,-6.528815
PPP3CA,4.8027453,10.941168
MRPL54,12.447651,1.0416993
PATJ,5.740115,-8.729706
POLA2,15.335212,-2.0997722
CD9,5.228251,13.649296
CCDC51,0.24656816,18.362593
PRELID2,-7.399265,7.373138
GPRIN1,6.9960747,-2.030239
VHL,5.224085,11.242249
SLC50A1,-7.9586353,-2.6997566
TMEM158,-3.9682276,-1.1861285
MYRF,-7.273592,-7.8116293
KCNJ11,-10.925994,4.6378884
HAND2,-3.29733,6.624735
MRE11,4.5339537,11.887625
BRD7,-0.28535867,12.026382
MED25,-3.064973,-0.24299787
APIP,0.4288035,1.8001022
INPP4B,0.7572383,-0.4169921
BIN3,15.440525,6.9278708
FAM153A,7.643735,3.0504131
LIMD2,-8.656964,11.677977
SLC38A9,11.900149,6.90872
P2RY1,-6.1862783,-7.880845
PMEPA1,0.7584184,-7.856403
SLC6A6,-8.122626,1.5372978
OPN3,-4.1040087,0.10897854
TCAF1,-8.863137,3.3513155
ASTN2,-0.9998159,-3.264336
H2AFV,1.5205959,8.619725
TUBA1A,-2.8338234,-5.2890935
SLC16A10,-5.5734463,0.42786098
GPR180,6.8512635,-3.7366617
ZNF506,-1.6648856,15.292623
SNCA,-11.463342,-5.9481587
SCD,2.249872,-1.0197879
HMCN2,-2.812944,6.484666
UMPS,-0.6968794,-3.9511251
DNAJC17,-13.983008,5.068883
ZNF717,4.2716103,2.3341184
CHD4,13.067995,3.4901898
STON2,-2.4100869,5.2583137
UBE2I,11.81135,6.7820115
CLDN15,3.1394129,5.4409046
HSCB,10.233269,9.2791
GREM2,-2.486815,7.8689804
PPP1R8,0.36039802,7.788953
GCLC,13.580641,-4.2057405
FAM212B,10.307989,14.960496
CD82,15.501838,4.0082264
GCFC2,5.9403024,9.749011
ORAI3,-7.218189,5.59346
DYRK4,-1.7987757,0.4114254
ZSWIM4,0.47236097,1.7631502
KANSL2,-10.242517,4.5613756
SNHG18,-3.5508308,4.163858
ZNF467,5.9396477,-2.9649456
LIN52,-3.4897895,-6.5753846
PUDP,-3.7541296,-4.0456085
AR,-2.9484718,1.6394036
TMEM209,4.8934875,11.578757
TMEM116,-6.7530293,-7.7439833
CCDC77,1.3094993,0.5682232
TPSD1,-2.6647308,19.667788
GPAT3,-10.902967,11.3502035
CCDC39,8.488431,-0.46403527
MYEOV,-11.691558,-5.593291
CYP3A4,-6.040759,-8.725723
MRNIP,-7.7647567,2.9841022
RAD54L2,-7.47098,7.515321
ADM5,1.8847896,10.184104
ZNF566,-3.134332,-5.5868897
ENOX2,6.993397,-3.8678565
SLC45A4,-7.8126082,7.9594154
C5AR1,-3.8682084,10.226805
PIAS3,17.270735,4.7423153
RC3H2,-3.8942635,-0.11749117
FEZ2,3.824791,-4.2601895
CENPL,13.572839,-4.2123837
ADD2,-1.3053321,-0.9344325
GATB,-0.90921426,-6.4675293
RAB29,-0.5192145,-1.2951924
CCDC138,5.760898,9.641682
SEC61A2,-7.3526206,1.574156
SLC35E3,-3.5686808,9.632833
REXO2,0.029702244,3.3000448
GAS1,1.534257,-2.231759
TMEM185A,-4.761686,0.27904105
B3GNT4,-4.8951287,0.32304433
THG1L,8.200286,10.5737295
CAMK2G,12.7055235,2.5095348
ZNRF1,9.624008,-0.19279194
RGS20,4.435835,-1.8402889
ACOT13,2.2825208,15.100289
TATDN3,12.20494,0.30982357
IL3RA,3.825018,4.942076
SMIM19,7.515656,10.903764
CELF6,3.589407,5.6765924
SASS6,-1.3936983,15.477704
NANP,5.8681927,11.193023
ATRX,-0.28942788,10.652606
ZNF782,-1.7254847,15.21053
ZNF596,-0.6342044,5.0266604
ARNT2,8.0594425,13.716487
FAM160A1,9.647023,-1.9375322
DIAPH3,14.007078,-3.9724183
INCENP,-13.077441,2.3262827
GEMIN5,8.199787,10.575186
ZCCHC2,-0.43897408,-2.2518427
MIIP,-7.860282,3.546494
LPGAT1,7.9274616,13.416588
MAP2K5,11.861223,8.878546
KCNS3,-7.8080416,-0.8065403
KIAA0141,-9.481021,3.937486
PPM1N,4.545252,2.1499197
FBXO27,4.7070236,1.9703027
CWC27,0.71052223,7.2884097
JAG1,8.383413,1.1159091
LRRC38,-2.8740115,11.623387
ZNF385C,11.022531,2.6832397
SLC44A2,6.5088854,3.7761338
CAST,1.2816536,4.8201003
KCNK2,3.557138,9.042079
EFCC1,1.1498148,-2.3276083
SUSD2,5.1746554,1.0335114
RBM24,-3.804744,9.641413
SLC35A4,8.770212,0.1139696
SV2B,1.4466732,-2.349147
DESI2,0.49237245,8.339059
NEMF,1.2221577,8.508833
WHRN,-7.5939317,3.2051842
VRK2,-1.1376925,11.880116
CINP,4.197298,16.823412
SFXN4,2.5941603,15.400435
PRICKLE2,-1.7018008,1.4649798
STRADB,-3.5575104,9.629799
ZSCAN9,-4.574567,-3.713122
SHC3,-2.9075737,6.564978
FOLH1,2.5362988,-8.127518
RORC,3.8115659,-4.2115254
KCNC3,1.0041903,5.3767266
SYNC,-0.74509007,-1.7752037
ATP6V0B,12.556202,0.941406
CPT1C,-4.1287074,2.1729937
RNF114,0.17324504,11.022988
COQ6,-2.9652336,1.6157125
CADM4,13.400486,3.9753659
TCEAL3,-2.993006,11.220441
CHMP4C,6.8610287,14.5124
PCSK4,3.0540953,6.0690002
SERPINB6,-2.1966443,8.108175
MAGIX,17.274536,4.7467628
ANAPC13,0.77603394,5.8796663
PIP4K2C,12.957202,3.4396036
ZNF821,3.1912,-3.4854329
SLC25A12,1.1740497,-8.109846
NCR3LG1,-7.2999964,7.7505245
QDPR,0.83732224,-7.988244
THBS2,-2.7721808,7.6486387
ZNF792,3.6813042,5.322727
CACNB4,-6.840054,-7.761196
SPSB1,12.19125,7.0515237
SNRPA,16.415672,0.30221376
CENPN,2.4761567,12.122783
GALNT18,1.990482,-8.441411
MFSD1,5.3277206,11.242124
TSPAN3,-5.867384,-5.507428
PNCK,-3.8443563,-1.85205
FAHD2CP,0.29158163,-8.49508
ALAD,10.506643,0.28663868
IVNS1ABP,1.0952859,5.218548
DSN1,6.426048,-6.1632876
KIAA1586,6.6024914,9.977614
RHEBL1,-5.817397,-5.4925447
ARHGEF39,14.949562,-3.3774974
PCDHGA2,14.058816,8.935602
ZNF32,10.332706,9.198055
NUDT12,-0.6591069,4.8374596
TCF19,15.118545,-3.1830685
DENND4A,-3.9099019,4.0699434
AK8,3.643294,17.29646
STK38L,6.497517,9.995337
NADSYN1,7.883442,-7.190519
PCDH12,3.782336,5.0617676
METTL9,8.069621,10.583074
TSPAN33,-11.263076,-5.9532146
EFNB2,-7.814632,-1.2817559
PRR33,4.184152,-4.169565
COL5A3,0.17088357,11.0200205
NBPF8,14.248244,7.40275
USP27X,15.631675,6.676983
SLC25A18,-2.0604465,1.7442472
FLRT1,2.3518028,-11.777733
GPR162,-2.5661402,8.136708
PTCD1,-8.234244,7.236569
MDM4,-7.527442,8.901602
NOS1AP,3.1663942,-3.4588692
SIK2,-0.40737766,-2.2706478
ANKRD39,3.1470702,-4.7356524
HOXC4,12.432658,3.4782104
ADAMTSL3,-6.0178785,0.79528743
FAM198A,-2.8580425,6.7563033
PMM1,-1.0418259,-12.520007
SIVA1,10.989128,2.6688747
MBP,-6.80163,8.43581
DNMT3B,-9.983855,6.1903944
SMN1,15.586134,12.547356
SLC29A4,-2.6057851,2.6042957
PLEKHA2,6.5534205,3.7869303
MIRLET7BHG,-7.305449,7.7338758
CXADR,5.6104937,-8.5783615
PPARGC1B,10.166133,14.770606
KIAA1191,5.2265377,13.681468
ITSN1,-3.2578166,11.494269
TMEM251,7.3126116,8.992105
FAM124A,3.7003698,5.2610126
HS6ST1,-7.2037287,8.616501
FLNB,-7.564978,2.7893224
CTSB,-0.010535124,-1.0182586
ZNF587,10.43362,15.120598
CNTLN,0.23425014,-0.7416328
KCND3,5.493296,0.5284974
WASHC3,7.479176,11.00093
GORAB,12.160706,0.18923052
PIM2,-9.176611,12.26509
PFKFB3,-1.1372459,-9.215455
RNF44,4.274639,-4.3187175
OTUD7B,3.8465145,19.667994
KLHDC4,-8.129162,2.6659582
AMMECR1,5.8741794,-8.904015
TMEM136,10.567744,0.049017854
MAPT,1.8718606,9.868468
CHST3,7.9218407,13.409556
DDX59,6.942174,10.503161
USF1,3.1963723,-4.7313957
SMAD9,4.304387,4.3492417
ADPRHL1,7.428588,7.6319594
ABI3,3.8141475,5.0824428
MTSS1L,-5.2310853,9.941043
STOX1,2.250703,-1.0112331
MAFB,-7.0466185,1.3790822
HES4,12.139186,6.5920024
POMGNT1,16.163872,-0.37481478
ZCCHC3,-4.4677505,12.475051
PCDHB14,1.8223063,4.1704273
PRIM2,-1.9113139,-3.0301185
MATN4,-2.6318586,5.7462735
TMEM186,10.046352,13.732387
PRAM1,9.088367,-0.5219247
CSTF3,4.3975053,-7.562227
DHRS3,11.832592,6.8613443
FAM76A,9.578301,-7.7570815
NME7,-7.67149,7.0038996
ALDH16A1,-8.150321,8.221413
CALN1,3.8888266,-4.5181026
NLGN4X,-9.84736,6.0992684
SLC7A4,-7.8680243,-2.6584404
RTN1,-8.910081,11.855885
MAP4K2,-5.2521553,9.945095
MEX3D,-8.46675,6.7649727
MTERF4,-9.174942,-2.8883061
IRF2BPL,-1.6495234,15.248152
GSR,7.2126546,8.549535
SPATA18,-6.1395197,0.8201296
RCC1L,-7.5923786,8.803203
RNF165,0.9565314,-2.8607888
NRXN3,5.559802,4.817889
GLMP,14.706719,7.8116913
THEM4,5.0656943,-1.8575231
COA6,7.191209,11.428885
CCDC107,4.653688,10.768186
ATP6V0E1,3.7760057,16.620003
SLC6A15,17.431427,4.1442876
LPAR6,-6.952604,10.67919
WDR31,-9.144126,-2.9527755
WDR13,11.617907,8.4
JAGN1,15.903228,6.4410286
ATG16L1,10.39556,0.14974289
TMEM185B,-1.0344716,6.8454695
KLC1,11.74718,6.6011024
AHR,1.7676376,8.621928
LYSMD2,-1.0856507,11.927711
PLCD4,-3.257297,11.527002
MROH7,-2.6631522,5.807306
HOXA4,-1.768139,15.19393
TXNRD2,2.547009,15.598209
DNM3OS,8.992135,-1.7147348
DNAJC27,-3.1734004,-5.5469866
GLB1L,-2.8949294,-0.28944013
ZNF391,7.0144963,-3.9285226
ARL10,11.134184,13.678957
GALNT10,4.7967024,7.995481
ZC3H14,1.3147758,4.5416884
ZDHHC4,8.043211,13.516467
SVBP,7.483255,11.004342
HCG11,12.18613,7.0556793
ANKRD18EP,1.9921752,-8.451947
PDE4D,-1.0342616,6.3295007
MED28,-1.6201764,15.247534
GREM1,2.9006224,10.133355
SEPT2,17.27172,4.754008
LZTFL1,7.3725243,5.7973757
ITGA2,-10.69161,-6.170926
RNF166,-8.615254,11.979944
PRELID3A,9.658904,-2.1426086
MRPS18C,2.936945,15.531972
TTC21A,12.891532,3.421663
WDR44,-10.693629,-6.1682606
GCNA,-7.4601955,1.6433876
ZNF337,-11.444299,-1.0488068
MKNK2,6.8081026,-3.6808665
ZFY,5.8938675,9.722865
DOCK5,-3.5230367,9.631325
PDLIM5,5.627859,13.410272
FAM78B,6.912329,-3.8339255
ZFYVE21,3.7839918,-4.162863
KANSL3,-10.694872,6.7994213
AXIN2,4.87946,0.2175361
PPIL3,4.23931,12.20881
ZNF830,-3.8511693,-12.026803
RABEPK,9.591895,-0.17438734
RAB26,-8.547284,-1.0553043
CC2D1B,16.291603,-0.15945378
APP,-9.987622,6.193284
CCSER1,-0.43024704,-10.454894
SPATA7,2.4938762,12.052475
GRIK5,2.2368565,0.039116338
MBLAC1,6.6157565,-2.6309063
METTL2B,-4.4304256,4.0107203
DFNB59,11.992248,4.2862473
NT5M,10.062358,-2.9793704
PEX5,13.311517,3.690726
ZNF229,6.591661,-2.7033222
PMS2CL,0.6731874,5.99381
UNC119,7.117288,-4.0484548
CYP27B1,-2.8389738,-1.2690424
FAM53C,-6.9379787,10.722181
FUZ,2.094009,9.472291
ERF,-2.904477,12.175052
AMPH,2.6527972,0.09703944
SETDB1,9.606454,-7.7919993
SLC9A3R1,8.771659,0.10858826
LRP2BP,-4.1637077,2.1511962
CHAD,-5.5776978,-5.3626404
GDPD3,-11.277224,4.835776
FAS,18.699852,2.7288284
SLC26A1,6.102367,-9.142628
GLI3,-8.451556,6.784472
MYO1B,-0.059260923,-0.973022
WIPF3,-3.8065572,-1.8255142
RIDA,6.7008057,9.459845
CDK20,-2.0734742,-3.4843168
CCDC152,6.3208175,2.3102717
ATP6V1B2,-6.78294,5.506319
SLC30A7,0.4986197,8.381056
AGT,1.7860087,11.799461
POLG2,-1.6371528,15.2831745
ANKRD26,2.9305794,-11.799761
KLF12,11.839925,3.4281008
TMEM201,10.525544,14.054808
BBC3,15.65461,6.6684704
POLR3K,4.0616636,14.953651
HMG20A,1.8177701,4.171168
CUL1,2.067028,8.279961
ZNF688,17.270235,4.7493777
IL33,7.3394604,5.8732095
SLC35E2B,-9.806461,-2.749616
ZNF726,-1.1614857,11.883005
RDH14,6.2133427,10.022138
PSCA,-5.375701,-5.3456745
WNT7A,-6.713791,-7.7418795
BACE1,-9.9795685,6.186838
ZDBF2,-1.5019114,10.042266
KCNC4,-9.153121,-2.9193125
CTAGE5,6.348258,9.889212
AAK1,5.0288215,7.8210506
FHL1,-4.2096477,9.779714
NUDT3,4.6021442,14.778533
SQLE,-7.971454,-2.7136598
SMTN,-0.018681439,-1.0356635
PEX10,-8.157886,8.218704
PCYOX1L,-2.1131232,-4.0807104
MCM7,-3.102396,-0.23400843
DIAPH2,5.7226624,13.349528
MTX1,8.794822,0.1391886
GRPEL2,-1.3014108,9.878666
TES,4.7068725,13.911044
WFDC3,-11.68609,-5.6032567
CYP51A1,11.944395,4.358313
CNNM4,10.3127365,14.967875
CCL22,-9.690447,11.551279
CDA,-7.8684,-2.657068
STC2,-3.2266545,9.549371
NIPSNAP3A,6.79787,10.105215
CHRNB1,-2.0114367,-3.1851513
CDC26,12.036807,1.2481903
IFT140,14.337399,6.3533454
IL18BP,6.1056213,-9.146664
GFOD1,-6.995139,10.599075
PHACTR3,-8.235996,1.3453765
NUDT18,-0.18549676,2.87793
LSMEM1,5.8499355,15.678145
ORMDL3,12.197268,0.30400866
AHDC1,-4.7990108,0.32270136
RUNX2,4.3356466,4.322976
SLC35E2,5.265598,13.725642
RBMX2,3.221682,-3.517906
ST8SIA4,1.0826876,-1.8858119
GNPAT,-10.767382,-6.1667643
TLL1,4.39364,4.242509
TFRC,4.7037425,13.89938
ZDHHC11,-5.9952254,0.7990272
ASB7,4.878562,11.578449
MTHFD1L,8.049097,7.9792295
OR2A7,7.4354277,1.1129768
PRRT3,17.241737,4.8091364
TMEM104,16.228497,-0.26718923
OAT,-0.5374113,0.43662176
ADSSL1,0.9889384,5.3698015
FAM66C,1.3278917,-8.139039
NAGLU,-2.9692361,6.577111
RASAL2,-6.3376966,-7.4628983
DNAJB12,7.0974517,-4.024269
SUMF2,-0.89207256,-6.4574714
HMGCS2,-1.9915448,1.7164468
PRCP,1.7950916,11.796276
BCL2,0.20636079,-9.708068
MED11,8.723771,-0.43927252
SLC41A3,4.4747915,7.4447064
TRAPPC2L,14.127716,6.933572
PCDHB4,-0.07979612,-0.88282067
ZNF788,-2.3303518,-4.3451123
FRG1BP,16.430145,0.35437092
MRPL41,12.138705,6.600478
UBXN8,-0.75780123,-3.879033
CNIH3,-2.5440676,-0.4714972
CALM1,10.336143,-2.442481
COL27A1,15.8231,-0.9138164
IL11RA,-2.067017,8.762254
PROS1,-0.71510255,-6.0578513
SCUBE1,-3.5477834,9.619505
LPXN,9.485484,-1.9581577
NEK11,-4.725795,6.8521953
ASAH2B,-1.5608299,15.256526
ZNF487,4.778998,15.043772
CAMK2D,0.19803134,8.313397
PIGZ,-3.998988,4.0565925
B3GALNT2,9.580441,-7.7570734
LRRC29,0.7347195,7.410766
LSAMP,-2.6687093,5.812397
CCDC171,8.209174,-10.454501
AMFR,-7.415579,9.369729
PLAG1,-1.498458,10.037663
UGT3A2,7.645135,3.0383067
ARID3A,10.105894,13.053553
PON3,-3.1109462,1.916517
CAPN11,12.729294,2.391249
PRLR,-6.194436,-7.7023735
KTN1,2.364256,8.195892
PON2,8.242881,13.936722
TACO1,8.796103,0.15028675
IER3,11.273684,6.1770263
ASMTL,14.641584,7.7687206
MEA1,8.389608,-0.47642732
MKRN2,1.4032038,4.6608686
HMGB3,11.625371,8.413101
MPHOSPH9,6.858618,-3.752509
ZNF211,-3.9859893,-0.01975638
RASSF9,-8.926919,3.1920547
ICA1,0.8863432,10.369382
TUG1,-8.201086,2.5837789
GPER1,-5.2224936,-1.4386674
EML4,9.5739355,-2.0553408
PTPRD,1.9635018,-8.185873
TRIM44,10.911441,13.788761
DYM,15.745719,6.5777407
HMGN5,6.5503755,9.893925
FAM122A,-13.071469,2.332918
NUDT14,12.089282,6.625831
ZNF365,-2.0588388,-1.0846984
APOB,6.9873056,1.3329479
CDCA7,7.4187975,7.622175
LSM11,-0.6158197,10.821467
DPH6,4.836275,10.954374
ACTR8,-5.303794,-9.293408
MROH8,-0.21753381,2.8492556
COPA,15.69897,6.621579
GATC,12.884778,6.1474795
PPFIA1,-11.170613,4.778754
AGK,-11.172746,-1.6424705
SMIM10L2A,-3.6281023,4.139376
PORCN,11.925965,3.5497887
PITRM1,9.699536,14.784953
CDR2,-5.587865,10.317803
SNHG7,10.513687,9.015817
TP53TG1,4.2722163,0.92760944
CNGA1,7.907837,13.378655
TSHZ2,-8.688193,8.4442625
TMEM81,-9.60878,-7.2546463
SIM2,-1.7374263,1.518036
TTC3,2.0991378,7.527144
VARS2,4.402578,-3.7261844
B4GALNT4,2.7435362,6.1821113
SETMAR,-4.5662303,-3.7188723
CENPW,13.642261,-4.1625338
GDE1,0.95422184,7.448259
COL6A5,-2.1947527,8.217869
RAC3,-3.0429413,1.777039
PPT1,0.45582366,-1.4920883
SPATA33,-0.24405181,10.726961
ARL4C,11.789822,6.3054214
CISH,-7.703099,7.07067
BCL7A,9.668286,-1.9663508
VWA7,15.846801,6.500057
SFXN1,-10.685622,6.7759566
WDR86,0.7549833,-7.850787
POLB,-1.7853698,0.4686038
TANC2,-6.927723,10.722542
PRKAB1,-4.9092937,9.860453
XKR6,5.8010406,-2.9913466
FICD,-5.5986605,0.4035817
TMEM43,-8.261526,1.3213634
PAPLN,0.2416401,18.3249
HAS2,-2.5636744,7.9324813
SLC7A6,7.8429337,7.853842
FNTB,4.8893766,1.6639819
ZNF841,-2.311516,-4.200924
DUX4L50,15.7022,-1.0448359
TRIM32,12.089133,-7.669879
PRG4,-2.831376,6.716283
TRMT61B,5.7378764,9.63271
SCARB1,-1.8331352,1.5923948
CRYM,-2.4474983,5.3274155
SCX,-11.110984,-5.611341
CPNE7,4.197282,16.815645
MAPRE2,-5.1476517,-6.0653815
DPF3,-2.8485136,10.904064
DHRS1,9.629813,-0.1938936
LRRK2,12.09859,3.581586
DDTL,-2.3156934,-4.207817
MAN2B2,-8.245903,7.5767894
SNCG,-7.2737722,-7.81031
CTNS,5.594925,13.414531
LRFN1,8.232692,17.056416
NRG1,9.924373,-2.547473
FOCAD,-5.9183764,-7.447596
THSD1,9.808344,-1.6514796
TMEM165,8.02987,7.9632726
SGSM1,4.349472,2.2793002
PLCG1,5.1058354,-1.8515965
NRF1,8.349838,1.0588021
IGSF9B,5.2453194,1.1009736
TRPT1,4.2337747,16.83933
STK16,12.2212,-0.34661898
SEMA4C,-7.5764947,2.8036447
VSIG10,12.053204,4.014095
STYK1,-10.68201,6.75465
PHKA2,7.5791726,-9.240594
ARSF,4.5421576,2.211827
LMF2,1.213748,5.030576
SPIN2B,-11.1885605,-1.6001946
ZNF528,-4.2245307,12.084897
RIPK3,-9.799279,-2.7388024
NTHL1,11.992441,1.2713087
PTPMT1,-1.7737776,0.4892429
ZNF696,5.8457537,-2.980942
PTGR1,-4.074085,2.134204
PCLO,2.6718166,-8.265166
BCAS4,0.78850615,-8.098367
EAF1,0.9850368,7.346255
EIF4E3,7.2023067,10.266162
ABHD15,4.4859567,7.415603
SHMT1,-3.626841,2.0992393
PVT1,10.020875,13.188029
PRRT4,16.237894,-0.24926706
UPK3BL,3.6296504,5.377724
SPACA6,14.11798,8.736608
LRRC37A17P,-1.174713,9.756056
CPSF1,10.138523,14.659281
HACD4,0.6692432,-3.157652
ADPGK,-8.3144045,2.9837763
SPTLC2,13.777055,3.4270825
WNK3,4.1717367,-5.6515384
MYH7B,-11.433495,-1.0472891
MFSD9,2.0969536,9.46881
ZNF776,-0.72494215,4.535148
PCSK1N,1.6513178,12.011868
NINJ2,2.4299011,-11.731283
SLC39A4,16.417772,0.34363547
ZNF83,8.776367,0.12938078
EDEM2,12.204033,1.1527216
FAHD2B,-4.009223,2.1420648
GPR37,13.770169,3.429014
TTL,5.828881,-0.29793397
TVP23C,-0.72794205,4.5315
SPRY1,4.516635,4.2551556
METTL21B,-6.6172915,5.844984
RGS19,4.4156003,-3.6979928
CDC25B,2.8703215,10.194602
PDCD2,2.0421817,8.336523
DRC3,12.025153,4.05536
FLYWCH1,-8.107894,2.5864713
PPP1R26,0.010197329,-1.0615245
ENDOD1,-11.322623,4.8483624
TMEM216,-3.750449,-4.046839
TMEM39A,-10.912998,-6.106461
GCNT1,-0.93608665,-1.3140846
PPP4R4,5.227475,11.246
PIGB,-7.938833,4.12639
TRIM39,-7.47408,7.5215983
LPAR2,-11.115817,-3.1396308
TBL1X,-3.6742182,-0.09978578
MDC1,-5.1257467,-9.575632
RBFOX2,4.8658414,7.9536734
ZNF436,0.7304354,5.9365063
RNF121,16.410059,0.22618978
NIPAL3,11.124262,13.683386
VPS13A,10.047688,-3.0615404
ERCC6L2,-0.58013827,5.073913
MTRF1L,6.83612,14.510244
DHRSX,4.276872,-4.0356665
MAP6D1,8.362674,1.055806
PGC,0.93643117,0.88700235
AMDHD2,0.5328346,8.411223
CITED4,5.7926316,-2.9978964
HOGA1,8.424508,8.127717
AMOT,-1.1200264,-9.215235
PRR36,-7.578823,2.7930892
SLCO2A1,-2.9463418,11.135674
RPL36AL,11.026318,8.437936
TBC1D5,-3.9449687,-0.036446728
GCNT4,-3.6388643,2.08685
PHYHD1,-5.614311,-5.5059314
DOK3,-8.655713,11.6745825
RET,-2.4086473,5.25576
PCGF2,2.7440355,12.439024
CLCN6,-6.822552,8.161913
SMARCD3,5.1490116,7.7967863
FST,1.1045666,-1.4116741
ANKRD44,-8.91992,11.886553
FAM131C,7.2670784,12.143745
HHAT,-7.5970626,-1.2964642
WDR54,-4.749537,13.918688
CHODL,-5.2165623,0.45655188
LYST,-1.5203358,15.212484
CDK11A,-7.6543984,3.1385453
KLRG2,0.275664,-8.507122
VWC2,-3.2680037,11.514854
EFCAB6,-9.180241,3.622772
ABCC4,-5.566967,0.3732347
CYSLTR2,17.420383,4.1661
ILK,3.5674798,8.984386
LRRC8B,0.9092098,8.558104
COPRS,2.87602,10.197012
MINCR,8.000955,-7.3097396
TTYH2,3.5733492,15.3504
C1QTNF3,2.6244378,12.298866
ZNF334,12.740784,2.2850811
GOLGA6L5P,-13.980304,5.0682797
PSTK,-0.40497348,11.100425
TLR6,0.74043584,-7.834379
MYOM2,7.428899,7.6319327
PANK2,-0.91027933,-6.6012197
GPAT2,3.4967902,8.9352865
ISCA2,3.5911772,15.760003
ZNF460,-7.624666,1.763554
GEMIN8,7.864949,-7.1847453
DAPL1,-1.330489,12.205931
VWA2,-4.011303,2.1438482
DCLRE1C,7.004354,6.0225644
GLRX,-11.227776,8.336939
GCDH,-3.4660234,2.0218444
INPP5D,3.6072524,5.4185896
IQCG,-3.662228,2.0892696
MYO5A,5.221767,13.788827
EFCAB13,3.5143595,9.072998
NT5DC3,1.2488593,4.0273046
ZDHHC7,1.7967813,11.793855
MAGI1,4.877836,0.2336207
RIMS3,-7.5874963,-1.3008679
CNTN2,5.5571585,4.8191156
PTPRU,2.1147184,9.473451
RBM38,4.4855366,7.4390483
ZSWIM6,0.90667105,5.592545
CD40,18.69982,2.7288752
XXYLT1,9.591162,-2.1130474
MFHAS1,-7.4279013,8.980654
FAM83D,-4.8085794,-5.237808
CAMKK1,7.000145,-2.0256941
TMEM106C,3.5725453,15.347027
GEM,3.845544,4.870202
MYL6B,-6.604121,-1.5687187
ZRSR2,-7.8463635,-4.437579
RASD1,5.007749,4.065736
PDCD7,-2.6740038,-4.2000246
ZNF714,-1.164384,11.866431
FLVCR1,6.684834,9.018843
SPIN4,-0.51686954,0.44917035
CRTAC1,-9.983434,6.1879706
FBXO17,8.265647,13.963368
ALDH5A1,5.2232842,1.119678
SLC52A1,4.9540296,0.6618559
UBXN10,-1.5511694,-0.92562777
TRAPPC11,3.8333962,19.681534
RAB2B,-0.62051517,10.862119
SKOR1,1.90116,10.34343
ALDOC,12.488573,0.5757424
XRCC3,-7.8791046,5.54277
PALD1,-2.8572083,6.778154
SLC25A51,11.151079,13.656139
ZNF677,-4.4084826,-8.060229
TIGD1,-3.2749295,-4.3583155
COPB2,-11.278619,8.387011
ANKS6,-0.31885645,-8.859062
ST3GAL6,2.674939,12.360734
CTF1,15.497333,4.012912
GSTM1,3.6466599,17.261858
EDN2,-6.9253955,-1.633786
IRX2,0.6813458,7.3015394
CSTF2T,-0.24364471,2.8018477
CLEC7A,-9.115187,11.792809
LRRC8D,5.824613,-0.30658978
TNFRSF11A,9.709559,7.4692693
NAV3,12.076119,4.0269313
GNPTG,-7.8207827,3.8448534
GRK3,-0.62609357,-5.823307
INF2,-7.607796,5.439684
KIAA1456,7.3716083,5.78486
EIF4G3,17.240534,4.7815366
DEFB1,8.869043,-0.48512208
HMGN2,6.945971,8.913515
ATP2C2,10.101785,13.053275
CLEC4A,-8.592543,11.976155
TMEM170A,-3.0945106,-5.6991024
CDKN2AIP,5.6679716,11.286527
TRPV1,0.7567518,17.811506
IFT43,3.6864665,15.349279
RGS2,-9.182034,12.273322
CD83,10.28784,5.2648664
RAP2B,10.325205,-2.442128
EML1,-4.803917,-5.235962
PRKX,-3.803235,4.4744525
ALPK1,5.196434,0.94339436
TCFL5,4.273484,-4.0566845
PTPRS,4.293664,7.5530124
CCDC86,8.281245,17.06886
SOWAHB,-5.1384773,-6.072774
ITGA6,-0.5356016,-1.2639391
TLDC1,12.140008,-7.619193
QPCT,6.9271107,8.886722
TMEM53,-4.2305202,1.9925468
CCDC84,2.3713658,-6.5087366
CHST15,6.9772654,1.3360821
SELENOW,9.251687,-0.3811526
CCDC15,-6.5524087,1.0829427
RILPL1,6.7875195,-2.3820496
MPPE1,2.4654675,-6.5705595
KIAA1161,-1.1525491,-9.224175
SERAC1,-1.1502054,-9.2151
EPB41L4B,1.2058846,8.509596
PSMC3IP,15.872985,-0.8650531
WWOX,0.71097165,5.904002
SMIM4,3.2882957,15.899505
SLC7A6OS,-3.663017,-4.094579
TPCN2,0.81361896,7.268391
HAGHL,-9.965,-6.434333
KCNJ12,6.2317634,2.4018023
CCDC74A,0.1160052,18.520653
MST1L,-7.2898383,-4.3538537
CA2,-5.1247754,-9.583313
SETD9,7.429277,11.051989
BEX3,15.327346,-2.9304156
ZNF432,1.8987203,10.298445
CRYZ,7.152324,6.201604
NMNAT2,1.893474,-2.1413815
SLC9A7,-1.1557877,-9.218834
TERF2,-3.8409684,4.465309
NCEH1,0.7002131,-8.13138
OXNAD1,6.997801,8.891876
TMEM179B,12.264132,7.092477
FILIP1L,-2.9519596,-4.339793
IL1R2,7.582883,0.7635953
SLC38A10,-4.155621,2.1442478
DBNDD2,5.1086073,-1.8482428
TPBG,-10.70113,-6.1696897
GLTSCR1,12.233896,-0.24390288
SEC14L5,6.868665,2.8418865
HOTAIRM1,1.7653227,4.2414865
RND2,8.211718,0.8940626
WNT10B,9.71049,7.4648185
CCDC144B,1.8057908,4.1884046
ZMAT3,-13.652637,3.3589978
SCCPDH,2.3155057,-11.799638
BEND5,2.3334496,9.426436
PYROXD2,1.1973798,-2.7137964
PITPNM2,-7.9548497,7.2873054
ARL3,3.9496655,-4.943721
ESRG,-4.282725,6.551237
WDR73,16.079105,-0.5034358
PDGFA,0.7362816,-1.7886875
IQCC,13.9795065,-3.9719684
CYBA,8.06433,13.718616
ATXN3,-8.439736,1.1475307
NFATC2,12.303223,0.42314643
BTG2,10.207982,5.1902704
ZNF232,-9.570392,-7.3011146
CTBS,5.3006196,11.286659
SESN2,-7.4267793,8.178819
ZDHHC24,2.24605,8.204058
ANKRD20A19P,-11.673676,-5.6134834
SPR,1.1573489,-1.3707207
MOB3C,3.1937735,-3.4846847
TICAM2,2.4664154,-6.568247
SQRDL,9.740988,-0.33375424
FRY,-6.5927267,5.375028
ATXN1,-3.726448,-9.149555
TRIO,4.374318,4.7514896
SYCE1L,3.745165,16.722599
ATAT1,-7.53477,1.7407672
LBHD1,-2.6398096,2.5509446
PHKA1,1.8828055,-2.1477504
BHLHB9,2.9113452,-11.776052
FGD3,-1.1987295,8.707258
ANKRD24,12.755294,2.2786915
BDNF,7.5159025,5.811577
EBLN2,2.7965872,-6.5398
ADGRE2,-0.76747763,-1.9708352
NINJ1,4.889576,1.67242
DPF2,11.68611,-5.5395017
TMEM120B,-8.73323,8.461387
DYNLL2,12.802946,1.4945049
SLC2A5,8.251023,8.084648
GLA,5.974441,-0.064850934
TBCE,7.355504,5.8665133
TSPAN9,8.936493,-1.5685943
RBKS,3.814219,4.9459887
ZNF555,4.151046,-5.6235914
GLIS1,4.939298,1.5805361
AUTS2,-5.222647,0.45928517
CLCN4,2.4075549,9.543788
RECQL,-1.7991706,10.31477
HSD17B7,-7.8898625,-2.6285162
MAP2K6,10.972919,5.9103327
SNX16,-4.642432,-8.356575
CHL1,3.6200182,8.788871
EVC2,0.28198195,-1.0355878
RNF214,-11.61459,-0.87968254
HOMER3,13.120876,1.6367898
SAR1A,-3.8783197,4.4016986
MRPL34,10.023932,0.3891199
ATF5,11.672809,2.8842013
NAE1,-0.20918626,2.8654003
UPK1A,8.217392,0.88362586
ZNF826P,-2.2495098,-4.274904
ZNF783,-8.577967,8.399725
CBX8,13.537394,11.8571
TRIM16L,-2.6985369,5.979536
C1QTNF4,-3.5732248,6.499835
ETV6,-3.871245,-1.8797724
CBLN3,-8.643756,11.962816
THOC6,8.4859915,17.47431
PEG3,-11.355397,-1.090286
PALMD,9.735625,-0.32800242
UBB,11.934815,4.3850336
HNRNPA1L2,0.8721986,10.561853
RINL,-2.9706125,1.6694756
IFITM10,1.9023207,10.3356905
GADD45G,-6.943013,-1.6306454
CACHD1,-9.803408,-2.7346773
GINS3,-8.066982,1.4982984
S100B,1.2195818,-1.79132
APOL4,-1.9942142,10.161596
PLXNA4,7.253854,2.9460547
QSOX2,-1.0255282,6.596099
REC8,-2.2481568,8.682097
SIPA1L1,-5.4199786,-5.1857653
TRIM24,11.684543,-5.540581
PAQR5,1.6190271,12.044954
EBF4,1.9085456,13.152334
PDZD8,1.7229007,8.627471
UPK3B,1.8860321,10.210504
NQO2,-4.145915,2.1053762
FZD10,15.4727125,6.8710794
ZNF614,2.3374443,8.197851
FAM175A,-0.6466001,5.0104995
EIF2D,4.17705,2.4347618
VILL,7.5416536,2.8628058
TMEM18,-10.934868,4.654154
ARMCX6,9.710146,7.46507
SOX8,-11.43112,-5.9101954
WBSCR22,10.271002,14.209903
CCM2,8.237924,8.083714
TTF2,0.45522222,-1.3814925
STK4,10.36239,-3.5353942
GNAO1,-9.942331,-6.4993634
KIF23,14.384989,-3.7790375
EFNA5,9.710985,7.4658375
SHC2,-7.737546,3.126599
MED12,-9.809511,-2.7503037
CARNS1,0.33182904,8.245629
ZNF106,-7.0283437,8.744983
MYH3,-3.975813,-1.9466519
SLC38A7,6.659872,9.295848
NHLH2,5.0961323,1.0466888
ODF2,13.337777,3.6528506
FAM134A,-7.449129,5.6241403
KIAA1644,4.946464,7.886478
TXK,-0.21699055,12.10688
FXYD1,3.920108,8.409395
ZNF426,1.7778244,4.2239046
TCP11L2,-13.217016,7.564654
ZSWIM5,4.9799576,14.003749
DOPEY2,-2.9912415,1.748981
WDR37,2.3866017,-6.512539
TMLHE,0.3181658,-3.334777
SMIM7,-4.942779,9.365397
EEA1,-1.0651691,12.025037
TMEM234,7.841185,-7.1572766
RTN4RL1,8.9609,-1.731857
METTL26,9.983511,0.35366675
GCSH,-5.460343,-5.185159
PIFO,13.676708,11.003559
AGO3,-6.309201,-7.499092
PTCH1,-7.130443,-1.5721014
EXO5,-4.5998025,-3.737905
DAP,14.385031,7.569646
DNAJA4,10.057137,-3.0489085
SLC35G1,5.220164,-1.9463592
IL2RB,18.699902,2.728832
FBXL14,11.9441395,4.373357
DPYSL2,2.7123027,10.098845
HYPK,10.0211935,-2.952551
TMEM133,1.1422111,-1.6622752
FUT10,4.185239,0.9802067
KHDRBS3,-0.21587318,-0.8764436
CLPTM1L,13.082992,3.5032883
NTPCR,3.5651543,3.0063367
NPIPB15,0.8782821,10.547257
SIM1,2.3174493,9.442859
PRPF4,-4.5301194,4.0294433
CCDC159,-7.791837,-4.342548
ECHDC3,-3.1502576,1.9277261
ATG10,-4.603233,-3.6914163
ZFX,6.737908,9.981365
RPSA,11.394848,8.132166
RPTN,-11.723123,-5.549173
MAFF,-1.0380692,6.354677
POMC,9.710947,7.4664598
WDR97,-7.5433893,1.7986443
ZC3HAV1L,-0.72243637,4.5529413
GLIS3,-0.2396693,-0.93108517
RPL39,10.921213,8.554768
WASF1,-8.078513,2.584578
MBD5,4.9336414,14.031509
HORMAD1,2.3659606,-11.768887
IMPDH2,11.470514,7.912853
FHIT,-5.5789385,-5.352024
CNTNAP3B,-5.981753,0.8034177
ARC,4.3209867,-4.98179
TXNRD3,1.8543117,10.338975
PRRT1,-4.1486087,3.8195138
NSUN2,-1.0406,6.82402
EHF,1.8587753,9.8530655
IDH3A,-3.7023108,4.210204
DHX33,-1.0404812,6.819858
ERLEC1,6.774214,9.354425
PGP,15.899291,-0.82768327
IMPA2,5.230871,1.0951959
ZNF554,0.6766861,5.984734
SLC20A2,2.0314515,-8.501117
UBE2Z,-2.896957,-0.27586517
CACNA1D,-11.964477,-5.331223
MTERF2,-7.353211,1.5705903
FUT3,-8.468637,-1.0872592
SIRT3,2.9769223,-4.8231945
KATNAL2,-11.172908,-1.6450958
VASN,2.5066583,9.592106
PI15,-0.5506822,-1.2191157
FGGY,-9.196651,3.6298342
NUDT2,13.08849,1.1970395
H3F3A,5.456706,0.5498223
TRMO,10.205625,-3.3786528
SELENOH,3.609348,15.322498
LPAR3,0.8038103,6.404883
PDPR,4.3806453,4.770508
INTS5,9.609376,-2.1019526
ZBED1,-9.184004,3.6221695
TRPM2,-3.023859,11.254349
ALDH7A1,0.7122452,5.907817
TBC1D4,-5.9548287,-8.442071
TACR1,3.6249228,5.3783436
MAGEE1,2.4493172,-8.1447935
TMEM178A,-5.7236876,12.258787
CBX6,-6.9343653,10.746075
CCDC71,4.5773373,11.843285
NT5C,3.7434437,16.734169
RASSF1,2.1027057,7.5318675
XKR8,13.413966,3.9831388
PDZD4,-5.3210483,-5.9915752
PIGH,-1.1465834,9.729278
RAB40B,4.8059,10.934189
HTATSF1,-1.7145345,10.174249
SLC41A2,-2.8818989,6.758954
TIGAR,-1.7816588,0.46960586
ACADL,6.9998393,-2.0224648
TMEM220,8.978085,-1.3288165
PIH1D1,11.938219,7.172428
ERICH1,-8.567831,1.0207407
ZNFX1,-7.2994113,7.715449
TUBB3,10.674877,-0.08249387
CARMIL1,-5.124243,-8.399576
RC3H1,9.687797,-2.1746292
MICAL2,9.551999,-7.7313757
PBDC1,-1.7889229,0.4619158
FBXW8,4.0883856,2.5019321
FUT1,6.5433297,3.7963552
ARL16,-8.549101,-4.117768
FAM167A,-7.1725483,8.644259
ZNF516,11.895866,6.8238206
AGPAT2,-2.9909153,9.728965
PIP5KL1,8.386272,-0.48512602
ATP9A,1.9641355,-8.185108
CA3,-4.9500556,-5.3028946
BAIAP2L2,12.77875,2.2692463
B9D2,14.11991,8.747173
WDR70,7.4080153,6.0927405
MRPL39,-11.328231,8.44256
CES2,-0.85693145,-6.6467776
SFTPD,-0.6606412,-0.81604636
MICAL3,-7.574411,5.4747744
ABLIM2,16.515572,0.092236206
SLC27A3,-2.0619597,8.7709255
HDHD5,16.403034,0.33365348
PICK1,4.19043,-5.3430476
DRD4,2.5508604,15.594236
ZNF154,-11.356094,-1.0910295
SLPI,11.986167,1.2797132
ANXA8,-5.6471953,-5.4717975
NUDT15,6.188767,10.069496
SNX18,6.8908634,6.2369194
PJA1,-7.583609,-1.3018283
DBNDD1,-0.53796935,0.42831367
ANKRD42,-13.268364,2.1400993
RBFADN,7.999366,-7.307299
ANKMY2,9.897843,14.684079
CRADD,-1.2458397,-6.5038157
ZNF589,-3.8895867,-0.123793535
FAM214B,-7.2148614,-4.2919292
AMOTL2,8.433665,8.123249
CALML4,-7.527575,1.7379894
DANCR,-1.0285807,-12.511177
TMED1,8.273475,17.069334
CDH4,2.9593792,-6.3744717
HSPA2,13.120216,3.520542
RRP7A,8.485845,17.474068
PYGO1,-2.8955798,-0.2895669
SOX12,-7.2540245,-4.321537
TNFAIP8L1,14.122974,8.741575
TIMM10B,4.1602025,16.784693
BCL10,0.7362753,5.8924766
KRT13,-2.6358085,2.584379
WASHC2C,14.297524,6.416696
PCCA,0.81760794,5.8385825
MYLIP,0.8986219,5.58138
TRIM38,1.4968554,8.600007
FAM120B,14.353484,6.3403664
HYAL3,-6.1316967,0.820612
NAP1L2,-5.716416,12.251481
POLR3GL,8.923461,-1.595027
SCD5,-0.6471266,-5.881787
PBX4,1.8167411,4.2031994
ANKS1A,14.390845,7.6317816
ZNF880,0.8613938,10.466175
CDH26,1.9082453,13.151225
ZNF747,-2.188427,-4.2280684
SPATS2L,-6.8409553,-7.793169
TRMT12,10.918514,13.776993
MAPK8,0.9298086,10.0371065
ETV5,-1.0681008,-0.9428323
NBR2,-9.151582,-2.9150949
SMARCE1,-0.3211067,11.175373
RILP,-1.8276697,1.5899996
RNLS,-0.6210796,-9.967432
OTUD3,10.31985,14.965767
DDX11L2,-7.4872293,3.4349372
KCND1,-9.800199,-2.7547662
NBPF20,3.5679948,3.0190651
METAP1D,4.076656,14.938936
CABIN1,-1.0897301,11.932773
POLR3C,11.789738,6.295364
HEXIM1,10.136271,14.53074
PROSER2,3.9671679,-5.0304666
TRAPPC2,-7.270221,1.5203538
ACADSB,5.7363577,11.056997
FAM120C,-4.317395,12.189084
SAYSD1,-11.531933,-0.96213734
FAM46C,9.086601,-0.52577114
RAB15,5.7558613,2.7789266
CNIH4,5.0128713,15.243724
ZIK1,-3.2799067,-5.539818
GPCPD1,-2.8715866,-4.277685
ANXA4,-4.635681,-8.363636
SLAMF7,-5.594132,10.313331
SPRYD4,7.996578,-7.3065577
CHRNE,6.562498,3.794407
WFIKKN1,2.3835063,-6.5212193
ALKBH3,7.3106623,10.261529
GAA,-3.5552726,6.5165854
ESR2,-7.96395,7.315084
ZFYVE28,-7.9511733,4.1835184
PLEKHH3,12.1404505,6.6214614
CPT1A,-4.9742355,9.448796
TMEM187,-2.338422,-3.0257995
RAD1,6.7931185,10.126526
PODXL2,3.6777,16.861214
GAS2L3,13.581039,-4.210771
ABHD11,-0.3703379,-9.5781975
RNF41,4.8319025,7.9846945
MGLL,-2.0393817,7.8640046
GRID1,-2.667735,5.8648415
AFMID,1.1828966,-8.11209
TPGS2,13.87148,3.396353
NXF1,-7.1795735,5.5454845
B3GLCT,3.8835638,8.870608
AK5,-0.6022791,-1.247669
LIMD1,0.11981866,8.374424
KIAA1211L,4.4779263,-6.0226398
CLN5,6.363593,18.783615
FLVCR2,6.3654623,2.4164805
ATP6V1E2,-0.67025113,-6.00349
EFNB3,-3.727869,-9.148754
PARK2,7.9603705,5.304758
PDXK,-6.936176,10.739053
TNNT3,-13.440089,-6.348766
CCL14,3.89486,4.9371696
C2CD4C,-4.6103077,10.225584
SLC9A3,4.681535,-4.2043676
CCDC82,-0.3927076,0.57106525
CPPED1,-13.084082,2.3195615
DHX35,3.0859246,-10.766939
EPB41L4A,-7.8569074,7.073925
ACAT1,0.6508657,-3.1744485
MCF2L,-2.8358734,10.872779
SHANK1,4.878851,-6.2211585
ZNF713,-0.6317089,5.0286427
TMEM80,2.4814632,12.130709
NBPF25P,-1.9007934,-3.0153236
LDOC1,-10.916356,4.6356826
CACNA2D2,7.567456,2.836105
HELB,8.449233,8.12656
BEX2,1.9677444,-8.213534
HAUS8,14.344594,6.340141
SLC6A1,-3.287305,11.541466
CYP1A1,10.3013525,14.951664
SVIL,-2.8045993,11.652711
GUSB,-4.452127,6.6558566
SRC,4.3248286,-4.976026
HOXA10,0.69182765,-1.744177
SERPINA9,10.07097,13.115669
PLEKHG6,10.214839,-2.5090137
TUSC1,14.406746,7.5966964
MYO1D,10.701643,-4.7544594
STUM,5.7325783,-8.721282
FANK1,-7.785589,-4.3930206
MORN4,10.994581,2.6771662
PUS3,-1.7519717,0.52082694
NASP,7.4473915,6.1946583
DEPDC7,5.2712517,11.2209
ANXA2R,3.6667738,5.3407273
TRPC6,16.415487,0.304298
NMB,2.5586996,9.564776
KIAA0319,-9.274082,3.7020564
AMIGO1,-5.5877237,10.314528
GDA,1.3901999,7.9333725
L3MBTL3,-0.24115539,10.742239
SCARA3,8.244185,13.938567
PDE6D,-2.295915,-3.0492146
FUT2,5.23309,1.095288
HMGCL,-3.6874228,-4.079205
GPR27,-0.8784993,-6.417672
MFSD14C,-9.179401,-2.8874328
TRMT44,-0.94357604,-6.567496
FAM86B3P,6.4496403,-6.186084
SH3PXD2A,-9.129603,3.5874994
RHOBTB1,0.5382968,-1.5681428
PDXDC1,4.2012415,0.9685583
FAM182A,-5.2627997,-5.9775863
POU5F1,-3.0818977,-0.23793116
ZMYND15,-2.6537652,8.197527
RFX3,-3.517376,-6.631753
MAP7D2,-7.7637644,-1.3678744
FAM171B,3.1829457,16.579664
EML6,14.3228,6.378655
ANKRD65,0.21870522,11.05405
PTAFR,6.9899764,-2.038286
RCAN1,6.713707,3.9895935
GGA2,1.4861507,4.364222
DYNC1LI2,-7.8505683,7.059691
EXOC6,12.060346,6.956929
DYRK2,-6.878394,-1.6322031
KYNU,3.2753475,5.945458
SMIM10L2B,7.4359255,11.096386
UBE2E2,-7.3303237,9.676098
JTB,-7.7483635,3.9305317
PODNL1,4.0234838,-5.221619
FLJ37453,4.0896688,2.5015957
CCNO,15.652495,-1.0928957
NPTX1,4.6377816,-6.317611
FAM222B,2.5810726,12.2407
FAM86B1,11.697568,12.741667
NEURL1,-7.1971774,7.189186
MT1F,7.417704,7.61884
BCO2,7.8260837,-7.1450005
ZNF689,-7.9107246,3.9436982
DGCR5,4.6912565,-4.2194304
TM7SF3,5.3055286,1.5524567
WASH7P,-7.844858,3.059943
NR6A1,-7.272267,-4.328589
AURKC,-1.168994,9.751731
GPR135,-9.152954,-2.9166727
XDH,8.948041,8.752875
CIDECP,-9.53837,-7.335572
TMEM231,-9.1672945,3.6148489
FCGR3B,-10.738449,11.178389
NBPF3,0.20244521,11.02588
ZNF34,-0.7072573,10.733471
DDHD1,-2.7693195,2.018273
H19,-4.3139086,6.5402155
ZDHHC9,6.3472795,2.3723536
ATP2B2,0.28577417,-8.497021
CARD10,7.963634,5.298695
CABLES2,-7.768995,3.9381049
ST8SIA1,7.1804395,11.938122
SNHG9,3.540472,15.635017
CDKN2AIPNL,15.495622,4.0138783
UXS1,11.935693,4.3884397
NONO,14.116586,8.755125
CBX5,9.0933075,-0.5193023
C1QTNF9B,12.71578,2.457864
ARHGEF10,3.6855824,8.968913
NDUFV3,12.378343,0.50358087
ADRA2B,4.233641,4.6826105
THOC3,16.41941,0.34996974
KCNQ3,0.7635744,-0.41910213
PNKD,-10.961873,4.666581
CLTCL1,1.279035,8.435271
DPYSL4,2.5580447,9.566558
FKBP1B,-6.586098,5.8959475
TUBB2B,5.973112,-0.062983006
ZNF124,5.9512515,15.661796
NPIPB12,13.192594,0.2205295
MYO3A,-6.0109997,-7.735635
JADE3,-0.35750136,10.319205
SEZ6L2,-3.9658716,-1.1840547
B3GNT3,7.4841237,2.942412
SLC25A26,6.3494315,2.3812275
GRIN2D,0.5307898,8.409137
ARSG,1.2752517,8.404071
STAG3L4,7.279442,10.298857
MEIS1,-6.013808,0.74789053
TRIM17,2.7399158,6.1856604
AP4S1,7.5779305,2.82657
SYP,1.2223603,-2.793499
DKK3,-4.475523,6.66525
FAM222A,10.485818,0.28285584
LGALS4,0.866247,10.485517
MTFMT,6.893646,10.439625
MSMB,4.946159,0.639174
ADORA2A,3.4603193,5.9216056
NPR3,-11.467791,-5.937198
LIF,6.688818,9.38526
ST20,11.684783,6.2880883
AOC2,4.2784004,0.9356251
ADAMTS14,4.2369146,-4.086553
CCZ1,2.1634471,7.682096
SLC6A2,4.877148,0.22451687
BEX5,1.8607844,-8.214098
CNNM1,-2.8789363,-0.29861385
ATP7B,-0.30558455,2.7320304
KCNMB4,4.2349324,-4.1048923
GOLGA6L9,0.4689453,-0.39149353
MUC16,4.0272655,1.0165921
DNAJC15,7.454092,1.1078475
LY75,-7.953253,3.9533486
KCNQ1OT1,10.301132,-2.4855394
MAP3K7CL,7.2545414,6.550594
CACNA1G,-2.4102414,5.2614856
WNT2,7.33413,2.9994986
ZC4H2,1.1896803,-2.759561
SLITRK2,-7.1313143,-1.5690683
SLC37A1,-3.8781974,-0.034076042
TMPRSS6,5.2084503,1.1000954
RPH3AL,-1.8880942,1.8313773
SMDT1,11.105684,8.369782
