node,x,y
FERMT2,-0.58481145,3.1599517
JUP,0.122468464,4.2202945
EPB41L2,2.473548,4.891924
PKN1,2.5798285,7.399142
MSRB3,-1.153381,5.044818
EVPL,-3.4915917,4.116805
GSK3A,6.85282,-2.9484682
RAB25,-4.107992,5.805147
IL6ST,-1.6340576,2.3845205
ZEB2,2.3444796,4.134129
PCNP,5.5213113,-0.45076174
LAD1,-4.682627,6.3785796
CELF2,-0.6584319,0.38265857
CAPZA2,5.3699865,-0.5694811
ARL8B,1.4094878,15.497585
GIPC1,-0.4139772,9.133842
MOB4,6.1261125,-0.18000141
BNIPL,-3.5811608,3.9673285
FGFR1,6.3212895,13.942488
RB1CC1,-10.638899,2.194147
RHPN2,-4.850077,13.121883
ZNF780B,11.249303,6.4603844
PPFIA3,-3.4999633,4.6822686
ANXA6,6.209269,13.648986
PDCD10,-1.089204,-4.2755904
DMKN,5.707538,10.0794
TM9SF3,8.184489,-4.3820343
SERPING1,-0.18785007,-0.18130997
PRRX1,2.190339,4.750211
ZDHHC20,-2.013784,13.5217495
EIF3J,9.8567095,0.3752781
MARC2,1.4681131,0.62728834
EPN1,-2.7161818,9.510419
ACER1,6.651433,10.056202
OTUB1,-5.0627875,10.593162
MRPL4,-5.6516323,10.635263
DNASE1,10.6320915,6.5555806
RHOT2,5.882151,-5.053278
SPTBN2,5.553849,2.7362888
SHOC2,4.506696,-1.946816
TMEM79,-3.6735032,5.008426
OXR1,7.414989,13.110397
COL1A2,-7.2090836,5.6231017
KIAA1324,-4.890309,12.983609
CTSZ,0.57903636,6.671151
MAOA,5.951276,16.811403
ASH1L,3.3024476,13.625658
CDH5,2.692736,2.6256347
RSL24D1,-0.9155913,-3.7175653
RAPGEFL1,-3.4993174,1.7187895
PEAR1,3.109988,2.5944097
ARF5,-4.2444077,10.305824
PPP2CA,1.4226121,15.367554
TBCK,11.966968,5.521899
ESAM,2.5580592,2.3239386
GJB5,4.712512,8.266149
ABCE1,9.252496,0.78585535
ANTXR2,-0.23607214,0.3093208
GNB2,-2.8487363,9.978068
VPS26A,9.88834,3.9416935
CCT2,9.014336,1.1260593
CCT6A,7.841732,3.1395457
DDX21,8.3648405,2.3007376
SYTL1,-3.5983913,3.5503016
SDR9C7,7.102787,9.559653
NDUFA13,3.229666,9.936455
RBMS3,-0.034755252,2.9729664
EIF3B,-5.7977977,11.140655
ATG2A,5.574866,6.948181
RNF11,5.98351,-0.35313553
CXCL12,2.919124,5.308931
RBPMS,3.4395587,1.5193424
PTPN13,7.145761,-8.676092
TNS2,3.793484,1.1132282
ATP6V0A4,-5.0211673,13.281019
FBLN2,-7.431087,4.768529
RIOK3,-10.461502,2.4944844
ZNF2,12.858875,2.8695745
SBF1,14.564266,2.3762841
DOCK2,0.46153203,5.3734546
TFPI,-0.41606113,0.09113479
UBTD1,5.6343594,-3.481311
LZTR1,-10.083993,6.1781836
UBQLN1,10.035485,3.4146159
XKRX,-4.449053,8.795303
TNS1,3.3225596,1.6897041
PPP4R2,4.946862,-1.5944436
NOL6,10.629533,14.507926
FBRS,5.667435,-3.3166392
ADGRA2,3.0768516,4.8710413
SRSF11,2.7882195,-6.6782537
IL4R,12.77405,-0.6247369
ARF1,8.103757,6.7453837
ALG3,-3.7929068,11.174551
ATP11B,1.718697,16.059214
KMT2B,14.420852,2.41574
AKT3,3.507008,0.7049659
C1S,-0.13017562,-0.40296155
TOP2A,-3.4177625,12.641215
NID1,-1.0513176,-0.0678828
TMEM173,-4.4331923,-4.6823716
VPS13D,5.8753686,1.7201155
SLC12A2,1.389284,1.7891251
KRT10,-6.7066417,14.577389
GLT8D2,2.4670246,5.3797774
RAB18,-10.2089615,2.7722342
HDGF,5.557079,4.700269
MCAM,-1.5873888,6.759631
TACC1,2.517658,-0.16912034
FCHO1,3.7446206,-3.0708847
YME1L1,9.771974,3.507696
PSMA2,2.0888712,-4.58014
PSMD8,6.5133476,19.080778
ARMT1,7.2339354,1.138762
DKC1,7.944737,3.0525074
DUS1L,5.831209,-4.9544554
LAMC1,-0.49812025,0.16799046
TMEM106B,7.3987207,12.771985
DSP,0.6547718,-1.1815585
TRIM29,0.68652874,-0.8210819
THOC7,-1.1207612,-4.3620877
NECTIN4,-0.72238916,7.0692253
TMPRSS2,-4.364092,14.945213
CD63,0.5441921,7.2381454
ALOXE3,6.24893,9.756829
ZDHHC16,10.197308,6.7278757
RABL6,14.711152,2.8329155
HTT,-8.093536,1.5853184
MAPK13,-4.894449,5.5564685
MLANA,-6.4392242,15.280263
CCDC90B,6.910097,0.7343842
MYL9,-1.9688658,7.0056915
DGCR2,5.8453507,2.4797025
ATF2,5.8706803,-1.3086323
POF1B,7.06582,9.365429
COX7B,3.052076,4.142256
ATP8B2,5.785537,15.145764
NIPBL,3.0498617,14.037898
MARK2,-1.4627336,5.9214783
FOXO3,6.3300314,16.302343
ARHGEF17,3.1007028,2.1072173
TYROBP,0.49073792,6.082196
LAMA2,-1.1330901,0.35698923
WDR27,10.972226,5.888821
ZNF148,-2.5439832,-6.076126
PDGFRB,6.5666795,13.741523
TOM1,-2.6799517,10.225275
SLIT3,-7.3881254,4.983767
RBM42,-2.4952934,9.619739
PSMD2,1.1771919,-4.640367
HSF4,7.1876273,-7.032103
ZNF692,-9.997445,5.749843
KMT2D,-8.245068,1.9000118
CHRM3,7.8290997,0.119330704
ZNF180,1.6715655,11.700856
TRAPPC5,12.540987,10.815212
DCN,-7.5367875,4.085556
PECAM1,3.0159194,-0.13437358
SCOC,5.949691,-0.09357525
LRSAM1,-3.7675238,1.5630772
SCAF1,-2.3139257,9.308026
SPTLC3,7.2879734,10.621142
NELFA,-2.3517678,9.04283
PKN2,3.3908951,-7.614422
HGH1,-3.781847,11.2571125
TOM1L2,5.856822,2.085934
CCAR2,4.161134,6.4722986
NNMT,-0.12172462,-7.0764565
TBC1D15,9.213487,3.2078707
INTS3,10.988421,5.900732
PSMC4,1.9640157,10.303826
MED13,2.895586,14.46487
OMA1,12.652154,5.963131
ATG2B,5.337643,1.4279029
PTK2B,9.005561,9.941319
RPS6KB2,-3.4299774,5.2213984
ICE2,13.317891,6.119544
SMARCA5,7.240275,1.1566615
PUF60,-5.334889,10.763685
MFSD5,10.661571,9.128549
KRT18,-4.9543324,13.066099
MRAS,1.4781564,0.82324004
BIRC5,-5.8505077,9.69934
ACTR6,6.621899,0.48905602
FSTL1,-7.4169216,4.1216636
HIP1R,5.614363,7.0583305
NSD1,9.094359,8.037212
ZNRD1ASP,11.058347,6.7224107
KLF15,7.329048,15.434596
CTSL,-0.50576615,-6.9352913
RWDD1,-0.89378554,-3.8862731
CEP170B,14.5399475,2.7298632
TOLLIP,6.1119394,-3.632066
CBLC,-4.0537486,6.6129594
HLTF,-2.6343277,10.294685
EID1,-1.5978906,5.6877055
UBE2V2,6.1330924,0.02182526
PHC2,0.06396837,-7.137454
LY6G5B,-8.465245,1.2156171
MDH2,6.6723146,19.147493
SBSN,6.1113167,9.848489
GNAI2,-3.0942051,-0.22984514
ITPR1,-3.6797924,15.47945
SNW1,9.938925,3.2143223
TET3,0.13714722,-1.3725243
CCDC61,9.997982,7.000702
NAMPT,12.205209,-0.95637715
IDE,7.430757,10.684432
TMEM260,13.428316,6.0366974
TMPRSS13,-4.351779,8.858321
KIFC2,-8.612154,-2.828668
SF3B2,8.2273855,6.671148
FLI1,2.5706546,2.531466
ZNF616,11.487868,1.2746978
BRIX1,9.422073,0.32949167
UBN2,2.9161808,-1.8300762
ERBB3,2.5971956,-1.5213082
TRIM35,9.025358,9.912389
CSNK2A1,3.9669898,10.419704
CLPX,1.6811602,15.664544
GALNT7,1.5398978,1.2201167
COPE,-4.5942516,3.807135
EPS8L1,3.618523,-3.0916955
HSPD1,13.435848,7.9432063
TMEM47,-1.5453124,5.173593
TTC22,8.362854,4.641273
ULK1,5.7953253,6.8610373
FAM91A1,3.1286442,-7.135017
PRKACB,-1.8740611,5.290867
TMEM115,8.378349,-2.3053918
PPIP5K2,-3.9500203,-6.80317
ACVR1B,-0.6843255,7.3553247
SOD2,12.340992,-0.8935199
EMILIN1,-4.5656333,-4.790299
HSF1,-6.584478,-0.4764249
PIDD1,5.7115493,-5.4767346
UQCRQ,3.0511158,9.487072
GIGYF2,4.1601777,10.2287855
ELOVL1,10.536441,9.2821665
ZNF845,-5.7286763,2.8831263
ADGRF5,3.085957,0.06519483
ATP5J2,3.0916746,9.563204
SEC24B,-3.9068666,-1.6780547
NDUFS6,3.2322848,9.946179
PARVA,0.8837906,3.2013927
PCNX3,14.695073,2.7659626
GLIPR2,6.3578467,13.510903
OPA1,3.7178605,-7.468011
ACTA2,-1.9083933,7.161176
PSMB3,1.7478677,10.449389
PLCB4,-3.7660933,15.40884
TXNDC9,-1.2688533,-4.614272
ZNF250,12.669821,2.668091
IFITM3,-4.6135836,-4.47562
PARD6G,-5.1595745,5.5648937
SGCE,-0.32216945,2.8899963
DNAJB14,3.13073,-7.2543354
CASC4,-1.7448285,5.4303684
ZNF420,11.500266,1.3318015
NEK1,-1.1362021,0.8161213
IFT80,7.4490747,7.3197474
FLOT1,-4.118807,-4.5463624
SRCAP,-8.332053,2.011017
MYH11,-2.0114474,7.261421
OSBPL2,-3.4836805,1.6773846
PRPF4B,2.8618188,-6.7862883
RPRD2,3.6769423,12.72079
RARG,5.557738,2.7118087
PFN1,1.7371104,10.660315
TRUB1,3.775429,11.947635
RAB3IL1,0.948111,-3.1690652
PUM2,-2.141014,3.935622
PLXND1,-7.495949,-5.88438
RICTOR,-10.805744,1.9784545
ACTR2,8.340248,-4.125298
CCDC50,-1.3771647,2.4085298
DENND5A,6.016337,14.40117
TNFRSF1B,-3.9718537,-4.7171416
RPL7A,0.8209293,13.648071
S1PR1,3.3262985,-0.3734733
RSF1,-4.107849,-1.8848776
CDCA5,-5.852725,9.577572
SNU13,1.5938051,10.160029
ZSCAN22,12.491934,2.527945
MYSM1,2.9165614,-6.8930416
NR2F2,1.9964546,4.5589533
SCEL,7.1738234,10.539631
ITGA1,-0.68328625,3.0179195
TBC1D8,14.665255,7.565788
FAM83H,-4.641669,5.5775995
ZNF423,3.1526446,5.186948
STRN,2.6925879,14.708627
EMILIN2,0.95309097,-3.2027643
NAA50,-0.9457972,12.52977
ZNF248,11.149354,6.7230973
ABI1,-10.458,2.7389789
FBXO28,11.930662,2.2033114
COL1A1,-7.402678,5.7270617
TBC1D17,8.547417,-2.1827514
ATAD1,3.9399128,-7.3005257
WAPL,-11.156817,2.8710816
ANAPC2,5.6953483,-5.9201164
LY6G6C,6.3684855,9.8808
WIPI2,5.5707593,6.9097457
PLCB2,0.41436026,5.2748384
EIF2S1,9.446282,0.84974116
BMI1,5.8837824,-1.3415855
DAB2,0.89179343,-3.1124105
USMG5,3.647726,4.2417727
SERINC1,7.97534,-5.007334
ACAD9,0.28558284,10.24825
SH3RF2,-3.488499,4.63758
EIF5A,1.6967182,10.387621
JRKL,13.570709,5.9884067
MYO1F,0.5075478,5.5444794
SEPT5,-1.5016769,9.641259
VARS,-5.6942735,10.775941
PPP1CA,-4.5194077,10.429959
PGK1,15.949602,-1.4482572
ATP5D,-5.0360475,4.2537622
MKI67,-5.8369317,9.720421
ESCO1,-5.7531004,2.8338115
STAG2,4.064087,-1.8009373
CAMK1,6.127086,13.34459
TTC28,1.0969601,3.2034163
DENND2D,0.28722093,10.351435
STAT3,12.572382,-0.7895003
RPL32,0.95874006,13.764588
PSMB7,6.294982,19.168297
RPL18A,0.8549985,13.502667
GINS2,3.115574,17.472124
SOCS7,9.03477,8.104599
MRPL12,-9.762153,-0.77885973
SRBD1,11.764244,5.4163723
RBM27,2.7038949,8.237553
WIPF1,4.7655983,15.653507
MEF2C,1.7571379,4.284595
NAA15,9.598472,0.5890215
CHMP2B,9.627651,3.553652
ZNF385A,-0.2647928,8.838343
CNFN,5.230225,10.415723
BCL11A,-11.698341,9.653942
EXOC5,7.3586755,12.598203
CTSK,7.3945875,13.411316
API5,-0.8693013,12.653895
PSMA6,2.0428596,-4.757211
EFNA3,-0.09608374,8.75429
SAMHD1,-1.1750549,0.4025358
THY1,-7.079106,5.802748
GALNT16,2.9805956,5.4027624
OSMR,12.517638,-0.7721775
CHD8,0.0016604597,-1.4807358
MVP,12.801962,-0.6523243
PERP,0.6674495,-1.0504136
R3HDM4,13.701177,12.050871
GNAQ,-1.3108411,2.7096183
KDM4A,-11.720068,9.633387
UBE2M,7.496698,-2.2858546
ERG,2.4768522,2.4668078
CREBRF,6.250259,15.675916
KDF1,0.64050835,4.1869707
MRPL13,-1.1682484,-4.5005536
GJB3,-0.716939,7.0342546
WDR74,-6.565967,1.3586317
SRPK1,7.61029,10.831507
CFTR,-4.669859,15.314578
KDM3B,-6.341815,12.962809
PPP1R18,12.977238,-0.7402415
PLIN1,15.329558,11.940212
INTS11,-2.5186846,8.551471
SHISA5,12.9115505,-0.54804504
SOX13,3.991103,1.1813798
KRR1,3.6954207,-7.412653
XAB2,-6.668177,-0.57468456
WDR43,-8.440302,13.68514
MRPL3,9.1483,0.93635225
PCOLCE,-7.106625,5.7933545
GNE,1.5186365,1.1008185
PSME3,1.2337155,-4.693704
CSNK2B,6.0117445,-3.5725622
FAM193B,5.6930823,-5.354161
TRRAP,5.8747215,1.8105513
ZNF471,11.345095,5.8432646
NCL,8.066784,2.9034595
CCT3,10.526131,-2.4437346
IPO7,13.47426,7.973747
KIAA0100,9.055724,8.05376
SORBS2,-3.6162012,15.292131
PSMD3,5.6239023,4.478221
RNF43,-11.661814,9.687808
RAB40C,-3.6761925,1.6126044
PRKG1,-1.259754,5.0144753
SPG7,6.0089116,-6.1759405
EIF6,-0.70654315,9.393715
UFL1,3.2547185,-7.7015176
TAGLN,-1.7888733,6.8497467
GTF3C1,5.3194475,2.2350683
UFM1,2.4156792,8.387254
PHLDB3,3.291668,-3.102887
FAM13A,5.8472676,16.945545
TPRN,5.8126926,2.5984519
LOXL1,-7.0281353,5.777164
ZW10,12.030232,2.244459
HK1,7.3924284,-2.5577009
VPS4A,-0.66528976,1.3403559
EIF3M,-8.319427,2.933369
ATP5F1,2.2162223,-4.4782567
ELMO3,-3.9781861,6.85471
CENPF,-3.5474844,12.532114
BRD4,4.07788,9.743003
CERS3,7.897101,9.608361
CNN3,-9.148004,10.522142
BAG6,-0.48853952,1.4637349
SGPL1,2.53616,-1.4298697
SNRPB,-4.330577,4.034511
KLHL24,6.2658134,15.680879
ARHGEF5,-0.98740554,6.594516
SCAF11,2.5054896,8.093748
C1QA,13.998406,-4.5860214
PLEKHG5,-8.392968,-2.5325809
SPARCL1,3.093906,-0.15730521
SULT2B1,10.588199,9.183925
CDK14,1.4878317,0.5564585
TMEM134,-0.30829328,8.887076
LYSMD1,12.631683,2.634126
ZNF598,6.005463,-4.549939
CFL1,1.7143966,10.795839
NEIL1,7.194906,-7.0499253
CRTC2,-6.6642523,-0.5691804
TNFRSF25,-8.602748,-2.8235545
IPO4,10.8993635,14.2899
TOMM70,-0.8213853,12.750942
MYLK,-1.9718022,7.314818
HELQ,-5.654056,2.9246767
TXNIP,5.906646,16.907885
RAD21,-9.385278,7.5002437
RXRA,5.9637117,2.289236
RAB14,-10.689113,3.0186987
PML,12.940555,-0.55498016
RPL26,1.5509404,14.112939
RRM2,2.761602,17.2542
VTA1,-0.78176725,12.779885
CRACR2B,-4.418079,14.761795
FDXR,-12.793556,-0.8850916
FOLR2,0.52199805,6.098675
XRN1,-10.776241,1.9707614
MAP2K2,-5.0983777,4.410364
TCF7L1,2.5907757,7.414611
DCHS1,-7.59769,-5.987259
PLSCR4,-0.50438803,2.9290702
RASL12,-1.9097917,7.0350523
NHSL2,2.2791214,4.594531
SELENOF,2.6807654,-4.098478
TMEM259,5.8263044,-5.047517
FERMT3,0.5117643,6.3396215
TRAPPC8,1.7035755,16.177866
HUWE1,5.9044642,1.710183
ENO1,15.737609,-1.592895
FAM110A,5.512108,-3.446954
METTL4,13.192365,6.1423817
COL6A1,-7.5801935,5.6207066
TPI1,-12.530164,0.9995939
ACBD5,-2.0876517,13.555839
ARHGEF25,11.898317,-6.5216866
OLFML1,2.8983269,5.4225907
ELOVL7,7.5347414,10.844315
GRK2,5.9441586,-4.3598895
COL6A2,-7.548081,5.3107324
SHE,2.7077293,2.6846187
ADCK5,10.081857,7.074226
GIGYF1,-8.422137,1.3152943
LGI3,-6.3935294,15.256762
FBN1,-7.373135,4.13774
ADGRF4,7.018193,10.408269
LENG8,-12.29769,5.7551813
TONSL,10.009659,7.216008
PPM1A,-10.824999,2.3759027
TYRO3,2.5122354,-1.3985617
NUMA1,8.721003,-2.0396838
DNM2,6.013929,-3.8976026
SART1,-2.4577355,9.401976
MAP3K7,2.8271947,13.455971
CALU,6.499451,12.871642
RAB10,-0.5904713,13.015134
ATP5B,6.6817083,19.253456
BCCIP,9.661505,0.202251
MEDAG,-0.28461844,-6.939926
NCOA6,3.7321866,12.581772
RUVBL1,10.752408,-2.4631388
CNN1,-1.9907054,7.3310494
AGGF1,3.8872764,11.936287
STUB1,5.94089,-3.9985642
KPRP,6.1662326,9.561651
UBXN6,-2.4929192,9.839899
POLD2,-9.917438,-0.9220597
TMED7,8.181154,-4.441835
RBM3,12.258979,5.143475
CAPNS1,0.51084435,7.453278
FREM1,2.6495187,5.7749763
OSBPL8,7.4477377,13.019903
MBTD1,3.0567865,-1.9672222
CDS1,-4.948246,1.4787681
ABHD12,5.5214996,7.099889
ELOVL4,-4.9469934,1.478549
KLF9,7.13923,15.665794
SLIRP,3.2882411,4.5470953
ABCF2,10.441855,-2.5011728
TCEA1,7.712934,12.580093
NDUFA5,5.553862,-0.1710476
CCT5,10.49189,-2.539139
DDX49,-5.400315,10.761253
ZFYVE16,7.420381,1.3472236
CRACR2A,7.9684844,0.0063895877
RORA,7.4457526,-8.976572
BTBD7,9.053201,8.154218
BMPR2,-2.3637712,-6.2621717
LDHA,16.076101,-1.3555135
KRT8,-5.019287,13.019225
RMND5A,7.516011,-9.112881
RELA,8.236937,6.6462398
ATG5,-1.3158213,-1.8001683
PDIA3,-5.30952,-4.7137003
TRMT13,-5.9791317,2.672921
KMT2C,3.307128,13.675661
FAM200A,11.7051735,1.6755601
MARK4,7.4885325,-2.4915824
TROVE2,3.5956903,-7.5436673
ADCY4,3.2487714,3.0319402
SIRT1,-9.529065,7.584358
SELENOO,8.5168295,16.758406
MERTK,-1.1743466,0.32651344
GLTP,10.603292,9.2177
INSR,5.9214892,16.879843
ZDHHC17,-1.353158,1.9145604
EIF4G1,6.759828,-3.0074098
TNFRSF19,-6.7798543,14.534133
CGN,5.5961566,7.112914
TMEM254,-5.1326146,5.595467
WASF2,4.365665,-3.5962389
PRRC2B,-8.165565,2.343191
RCN3,12.606761,1.0904244
LIPM,6.8747606,10.272464
ATP2A3,-5.0825033,13.497159
COX6C,3.0317996,4.1905117
SHANK3,1.9542879,6.122082
CALD1,-1.4951196,5.081076
VAPA,1.015669,12.089484
SEPT11,-0.096793965,3.2991889
PSMD6,1.7860302,-4.656882
FBLN5,-0.19441427,-0.06782005
WAS,0.486071,5.7686806
ALOX12,10.343871,9.429093
COL5A1,-7.578025,5.7216988
TECR,-0.27249363,4.4106765
CHM,7.3089876,1.2220566
ZNF691,13.099951,3.1714935
RACK1,-0.5529016,14.829068
FRYL,3.130346,13.877327
UBL5,9.909152,-4.910665
PSMA1,1.9110591,-4.6924686
NIPAL1,7.438701,-8.951087
PIGL,-9.10171,0.36109084
BIRC6,3.2373097,13.727669
ATXN1L,4.348202,-3.6065564
MS4A4A,13.941965,-4.530608
SLC6A9,-5.331093,5.5396414
CDK12,4.0981545,10.295693
CBX7,4.3905315,0.734012
TMTC1,3.1365178,0.32018673
GNA15,4.9288807,10.770147
CD37,0.40603638,5.4341936
IFITM2,-4.456652,-4.527751
PA2G4,1.5916256,10.16932
ARL8A,8.464226,6.517949
FADS2,8.904889,14.507818
ASPRV1,-4.4822545,8.77587
RBM39,2.483572,7.645255
ARPC1B,-4.571263,-4.6256523
LCE1C,-4.871401,8.591734
KRT6B,7.1421695,9.831541
TEK,3.0661223,0.11699827
SEC24D,6.6464634,12.740111
CALHM2,4.825227,15.646815
RNF167,-0.32367197,4.512794
KLHL18,-4.443136,8.901412
RHOT1,14.612177,-0.6572382
ATP7A,7.0919447,-8.596044
ARHGDIA,8.029693,6.803166
TBX18,2.6852658,4.063387
CBLB,16.527822,0.75347084
AFTPH,-10.842119,2.9231005
LAMA4,2.3806517,5.067447
SPEF2,5.501892,4.862857
MAN1A2,-9.644673,12.796497
AP1G2,-4.002001,6.9735518
SF3B6,6.6634164,-0.542593
TINCR,4.601697,8.193157
ERO1A,16.112646,-1.3249332
ZZZ3,-5.810358,2.7828605
MKKS,-1.3064809,-1.7896215
DPH2,10.760692,14.404991
CCDC71L,-0.5006891,-6.936682
MFAP3L,7.4176197,-8.997748
KLF13,4.4204726,-3.518538
ZER1,8.89763,-2.3009737
SRGAP2C,2.610635,-10.708817
CAPN15,14.55526,2.6299615
NEGR1,-0.63451403,0.48174226
CHRD,5.7885094,15.594112
CRISPLD1,-3.5976048,15.704381
ANXA5,6.3841596,13.113546
MYBL2,2.930273,17.397625
GYPC,10.735374,11.427702
FAM199X,3.3201501,-7.6564307
BCL3,13.150856,-0.39703476
APEX2,-1.3151376,2.3470106
ARGLU1,1.8007727,8.897223
CDK10,-9.990711,5.720249
FBXL3,-9.496026,7.5612464
RALY,-4.699736,3.5220919
ELOB,12.55856,9.561381
ZHX1,-1.9726593,13.150812
DSC3,0.8715397,-1.3904597
TPM2,-1.9534218,6.807911
MTR,2.7162673,-6.5502524
OLFML3,-7.634379,4.532451
CDK4,1.5857179,18.711119
CSE1L,7.512961,3.651189
DSG1,7.083142,9.295725
TAGLN2,1.6748016,10.850945
TMEM154,7.0300245,9.284805
GAK,4.0189753,6.321187
MINK1,4.819012,10.839012
TBC1D10B,8.122724,-2.4278681
SCYL3,12.869484,2.8271935
RBL1,11.56837,5.226514
CKM,15.264457,6.41792
ETF1,1.3998286,15.441473
PRPF40A,3.7841992,-7.411809
LCE1A,-4.9294806,8.56625
PJA2,8.013902,-4.9416
RPL19,0.9975874,13.776902
KAT2A,-9.951992,5.785945
SNRPA1,-2.8857584,-9.22346
OSTC,4.0653224,4.0657854
SPI1,-2.4545555,-2.9851382
NOLC1,8.13358,2.813938
ZNF37BP,7.3452363,7.4236894
ZBTB16,7.159069,15.65649
DDX24,8.652926,6.524297
MFSD4A,-7.958338,8.412266
SIRT7,-3.2423587,1.8275272
MON1A,-3.5650098,11.343171
SNAPC3,13.617299,5.9711127
FBLN1,-7.6606526,4.376419
MELTF,-5.103046,13.554469
CCDC8,-3.5017142,15.912791
ROMO1,12.541728,9.537794
SPINT1,-0.6526597,7.1989603
SLIT2,2.5761852,4.158565
PRR15L,-4.547954,15.19088
PDPK1,9.043584,8.152551
SACM1L,7.5045037,1.4346125
LRRC45,10.095544,7.2742934
PDE9A,-3.9213014,15.29725
ATP5A1,6.656474,19.30075
TMF1,2.4511437,8.032039
CXXC1,14.564425,2.2065048
TOGARAM1,3.7382329,11.953847
EPHX3,5.3990703,10.3155985
MROH1,-12.894474,6.9207387
MS4A2,-1.8082026,0.9484084
GLUL,7.333683,15.430388
AP1G1,5.27619,1.3567687
RAB1B,-2.970347,9.583529
TERF2IP,9.561294,3.0586872
PIAS4,8.120313,-2.5643528
HNRNPAB,1.1948925,-4.7085404
PAM,-7.3676353,4.9509187
CMTM3,6.924149,13.66218
TOMM6,9.969337,-4.9926834
AXL,4.8275356,15.64883
PPP1R1B,-7.9996347,-1.0307173
ETV3,8.146056,9.536349
BRPF1,-8.539473,1.8834515
WDFY3,3.1277368,13.885396
UBE2D3,1.0231295,12.097337
NMU,-6.7101903,14.621024
IFFO1,5.7317166,15.534347
IER2,3.5977361,7.9491425
UQCR11,3.0973577,9.614602
TFCP2L1,10.160518,16.995798
HEMK1,11.063895,5.7549176
TEAD3,-1.04501,6.340837
PTPRG,-1.1146426,-0.31592035
LYSMD3,-2.6678708,-5.950507
SNRPD1,3.1953876,4.5014763
GAL3ST4,8.401432,4.6267233
TACSTD2,-0.6970203,7.111288
ZNF28,-5.7819576,2.78811
KLHL41,15.291631,6.4409924
PLIN4,15.347573,11.956932
RGL3,11.871713,-6.5414276
ADH1B,16.523258,0.7440439
PRKAR1A,8.009906,-4.938012
BCL11B,-11.669714,9.681408
PEX13,4.567028,-2.01287
ACTN2,15.263833,6.4172287
MPHOSPH10,9.467306,0.3282931
IGSF9,-12.980379,-0.46728584
MT2A,0.085712016,-7.106047
CNOT1,5.9783525,1.617561
WDR3,7.501131,3.6859548
RASSF7,-3.903233,1.5201684
PODN,-7.6399693,4.3572354
MPDZ,1.6683611,4.202876
SLU7,9.544457,3.155015
SELENOM,11.626704,12.291376
CCDC47,4.4163675,-7.0510097
DTYMK,3.26701,17.244797
FAM83B,1.0392371,-1.2457826
DCAF13,9.09446,1.0359604
PCED1A,-9.87807,6.0526743
FADS1,8.864702,14.443796
TLN1,3.3404388,1.7311543
SLC27A4,10.658687,9.127635
RNF6,2.8475146,8.283774
TSC22D3,7.169252,15.649805
GPX3,16.53308,0.75181746
TMSB10,0.5896982,6.7788873
INPPL1,-12.257673,5.710199
CCNL2,5.6687837,-5.393153
GID4,12.370604,2.43621
NAA30,-10.955418,2.5871139
NDUFAB1,3.1998498,4.498433
TMEM147,7.4632683,-2.03917
ICE1,-9.693355,12.746846
TBC1D22B,-1.2511367,6.1634016
SMC2,-2.8371115,12.490296
BYSL,-7.274984,10.424888
KDM6A,8.219939,9.504521
DOK4,-1.3936479,9.834721
LAMA3,9.078345,9.964315
SERPINH1,6.4934525,12.740266
RHBDF2,4.8420925,10.821149
ATP1B1,-5.1412096,12.933036
SLC39A14,0.1866528,-6.8842697
KRCC1,7.0464687,0.6269373
ATG3,6.6491175,-0.5337537
LSM4,10.212116,-5.33443
CAPRIN1,8.413818,-4.027571
E4F1,8.534328,16.733942
RMND5B,0.27647716,10.257519
LPIN3,-4.0827007,7.1600604
LMTK2,5.6837873,1.7273048
VAV1,0.5028348,5.206203
HSPA13,2.7574425,-4.0335283
SYPL1,8.381177,-4.0613647
DVL1,-2.4786487,8.617782
FAR2,8.869998,14.450641
PTRF,-3.147031,-0.30115837
ZMAT1,5.5113482,4.8377466
PTPRZ1,-6.790614,14.538135
EZH1,4.4233484,0.7042363
KCNK7,-5.1739435,6.9817185
EIF1AX,6.224689,-0.38468015
CYHR1,-4.022734,1.1772742
TNS4,9.205003,10.06072
CCT7,10.690426,-2.3006718
PARL,12.295481,5.1087813
GRAMD1A,-3.9228969,-4.688655
SH3GL1,-2.769086,10.091611
RNF126,5.9394083,-4.4438353
MICU2,-1.5203075,0.43126777
GTF2B,9.587475,3.0882163
CLPP,-5.0218196,4.5301595
RARRES3,-5.0337243,-3.8759706
MALT1,1.6694412,16.207926
LMAN1,2.7761295,-4.017434
RNF10,16.24814,7.4666867
PDE3A,-0.79781985,5.8007646
OSBP,4.3476186,10.38065
CHST14,-3.141156,-0.44406912
ARL5A,-2.0795233,13.522865
CDK1,-3.1472664,12.632314
MAPKAPK2,6.0809107,-4.5855384
LDLRAD4,-3.6699724,15.605209
ATP5G1,10.197757,-5.3101287
CMPK1,5.4360423,-0.5811328
LHFP,-0.3899041,2.846997
ZRANB2,1.7999098,8.894184
HIF3A,4.2451053,1.0954542
ASF1B,2.7088633,17.213175
SYDE1,11.657988,12.330742
ARMCX2,1.502316,0.48205832
MCM2,3.12615,17.601418
VPS37A,4.603054,-2.040169
LUC7L,-9.952229,5.6293626
STARD3NL,5.9200783,2.667881
UHRF1,3.089356,17.580107
BANF1,10.762732,-2.4360986
CPTP,5.5210285,-3.1785948
SLC10A3,5.838704,-3.4960515
ATP5L,3.0489368,4.119323
PAIP2B,2.8768077,-1.7877728
MRM1,13.139086,3.2197738
MTPN,8.380028,-4.043119
IFITM1,-4.4779506,-4.4698157
CYSRT1,5.2990465,10.361842
ANXA9,10.337824,9.43733
NFKB2,13.263628,-0.35045287
SLC25A11,0.23258589,10.236524
MAU2,6.0307684,6.718824
C1QC,13.949647,-4.5409627
KIRREL,-7.640835,-6.034744
RAB5A,1.7453486,15.400219
TOMM40,-6.5127006,1.4356825
SPDEF,-8.014214,-1.3575187
CENPT,14.621864,2.1814997
ZNF518A,11.094227,6.705406
CSNK1G2,5.8621182,-4.748046
TYR,-6.4782834,15.344786
CYBA,0.51660645,6.4677663
DDX50,7.0917163,0.9840969
ZNF202,12.858965,2.8730538
ZNF302,7.2820644,7.495299
SOX9,4.4278073,-10.456999
IPO13,-3.5943637,11.329577
ERBB2,2.5034676,-1.3874016
BEST2,9.015547,9.936003
SF3B3,-1.2735783,2.3253248
PGBD2,12.856093,2.8200018
NCALD,8.022151,-0.03734631
PPIL1,-7.4016733,10.36567
CCDC80,-7.1961665,5.783107
ULK3,-8.367779,-2.4998446
AWAT2,8.974002,14.56095
FAM53B,4.5107427,-3.406278
PAPD4,3.0655057,-7.8475537
CWC15,-0.93567955,-3.916511
PACS2,2.3679392,7.110676
ABHD5,7.68308,10.842238
PKM,15.765119,-1.5958079
BCS1L,-9.977483,5.7711444
KLC3,0.5122569,4.227317
SF3A1,4.3725986,9.710519
TRANK1,3.7567382,4.952008
EFTUD2,-5.923886,11.296641
MSN,6.8878455,12.608658
NCAPG,-3.3355675,12.693334
NEDD9,3.3351278,-0.37713894
DTL,2.9596257,17.423403
ABHD17A,5.891837,-4.133294
CD163,14.066888,-4.6575933
ZNF521,2.4868526,4.260403
ZZEF1,-8.284477,1.6664852
EPSTI1,-5.1609807,-3.6900697
CARD8,-1.2261921,0.7097322
MAP7D1,5.6119256,4.4918485
SLFN11,6.108867,13.458805
RB1,7.3286333,1.2473693
NDST1,6.1705923,2.294424
NDUFB3,3.8601747,4.1248507
GNG7,-5.15442,13.628542
SGCB,-1.7944617,5.305275
CLIC3,3.2927818,-3.1000488
PRICKLE1,-3.4814618,15.949504
HSPA12B,-7.4382777,-5.825612
RSRC2,2.4268844,7.81758
ZNF280D,-0.9957514,1.0854837
KPNA4,-0.9473029,12.534427
MCUR1,11.85961,2.3214993
PES1,-5.9401493,11.337118
METTL1,-7.328817,10.40473
SPOPL,4.5835133,-2.021122
GNS,10.612266,11.3097105
DPAGT1,10.133343,6.731608
UBA52,0.8530113,13.467305
TRIM2,1.5655024,1.3526831
TMEM54,-4.4002376,6.361233
SAMD9L,3.8580494,5.00716
TACC2,7.5051975,-5.6091433
ARMC6,-3.97494,11.4542885
GATA3,4.598,8.193807
TMEM160,12.593657,10.768512
DDX17,-3.0964773,4.344469
NFATC4,5.738896,15.515291
PIK3C2G,6.993859,9.047924
COX8A,3.1384788,9.807277
LRRC59,8.184861,2.7739928
ZEB1,-0.23917592,3.298848
SIPA1L3,-1.5788566,5.835066
HRAS,-0.31726736,8.901761
TRABD,5.877841,-4.862165
ATP6V1B1,-4.535954,15.174702
SHC1,12.533411,-0.78646415
FLAD1,-1.5649301,15.265315
LETM1,10.616606,14.516383
ECHDC2,7.1899147,-7.0397573
SYTL4,7.3065934,15.085059
EIF4A1,13.701103,12.0469475
NIPAL4,5.0714035,10.637629
MRPL1,-1.313772,-1.8012946
DSC1,7.050459,9.298008
LUC7L3,1.8127822,8.912094
SLC16A13,0.24260157,10.306197
IFI44L,-5.2737107,-3.4956822
UCHL5,2.8428562,8.281618
TRADD,9.968121,7.0398383
EFNA1,-0.67854375,7.455546
COL3A1,-7.497481,5.775626
GLTSCR1L,3.6193671,12.848659
PSMB6,1.9772521,10.282171
PSMB4,6.2269096,19.197958
PLCB1,1.5563139,1.3618455
ARMCX3,-0.39719978,3.4093523
KANK3,1.9055846,6.2127137
GPR12,-4.5953016,15.245386
LYPLA2,-5.2465177,10.630759
ZNF594,11.408694,6.4833527
SLC2A3,9.329559,-8.171699
SPN,-2.5584612,-3.1080742
CD99L2,2.3960335,7.147831
BTBD1,-6.9340587,8.335612
RPL3,-0.5582973,14.74098
EIF4E,9.883961,0.50677925
DYNC1H1,5.9290504,1.6617999
RPL31,1.5193729,14.083564
TTK,-3.3106697,12.783618
CDC20,-5.8165,9.753448
WDR12,9.125354,1.0387573
PPAN,-6.6027937,1.3110938
RINT1,-2.890239,-9.227013
CYP39A1,7.000301,9.094845
SERINC3,13.047304,-5.7439404
PCMTD1,7.5350432,1.4681852
SPPL2B,5.6422477,-5.980221
ITGAL,0.51899505,5.150218
PPARG,15.200505,11.815916
MORF4L1,2.738187,-4.0586734
C1R,-0.13756314,-0.42151892
CAPN5,3.1642208,5.604377
UBAP2L,8.402494,6.407955
WFDC5,6.654789,10.107237
MLF2,-4.326818,4.056083
DHPS,-2.553492,8.499177
RASSF8,-1.2989498,2.649202
PSMD11,1.302667,-4.668263
AIP,-3.1559,-0.7205552
IBTK,-3.869969,-6.740364
TRIM23,-4.177367,-1.9139812
CAPZB,1.7179261,10.840269
LYRM7,7.620849,1.5613327
EIF4A2,2.454808,7.66335
TNFSF12,9.303619,-6.5176997
GPC6,-3.584172,15.712909
RIC8B,-1.2667803,0.6905437
EBF1,1.1808425,3.2404363
KIZ,4.454552,0.6838837
PABPC1L,-9.867436,6.0138593
GHDC,-3.1536467,-0.68605644
RPL4,-0.75189775,14.583915
FAM168A,16.683983,11.622823
TM9SF4,-1.5570459,5.879625
TRAM1,5.237234,-0.71512437
MELK,2.594982,17.078562
RPL17,1.519242,14.094041
RENBP,7.410345,13.44496
OLFM2,-0.2392862,4.422298
KIF18B,-5.8156877,9.742166
KARS,1.5095927,10.08236
GRB10,-0.94944096,-0.2502554
CAPN1,-4.397657,10.356095
GAN,2.6730542,-1.593533
SIN3B,-12.258738,5.7127285
FLG2,6.174698,9.560854
ISLR,-7.5869694,4.640492
RPL35A,1.4423062,13.9986725
CASZ1,5.4882617,2.8600883
GRSF1,-0.8139596,12.747311
TBX3,-7.957519,8.413332
STK11IP,-3.9603343,6.9911575
SPEN,-8.164322,2.3608432
ZNF526,3.8997972,-5.5202384
ADGRL4,2.3705459,2.406541
ABCC5,8.882131,6.528724
CRB3,-0.7300894,7.0356693
EI24,1.2448527,-4.6960764
ATF7,3.7638974,12.482714
CLDN1,8.141707,9.590068
KIAA0907,1.8180645,8.920337
ZNF644,3.6550212,11.840365
EEF1G,-0.5721776,14.76669
FYTTD1,9.804845,3.997799
PSMB1,6.1951385,19.191654
RBM12B,13.690298,5.921489
SIRT5,12.236161,6.195068
SFN,-4.8608418,6.38937
TBL3,-5.4441185,10.71253
CSNK2A2,-4.4734855,8.910278
PPP1R13L,0.47698116,4.2488856
SORBS3,11.700987,12.36512
ETV1,1.4971871,1.5005772
PM20D1,8.952325,14.540903
TSPAN4,4.4128003,11.10979
SETD1A,-8.531022,1.9226661
ZC3H13,3.5736945,12.935038
PRDX3,5.9557495,2.7109835
ITCH,-10.668806,2.1210742
PTPN23,4.042545,6.3406034
APOL1,-4.967757,-3.9675465
COBL,7.5014963,-5.604899
NMD3,-9.273462,4.3464828
TAL1,2.9738936,3.0304997
SUPT6H,4.1726327,6.48837
LRBA,-5.883767,4.3112235
FAM65A,11.689487,12.356134
SCNN1G,6.2196975,16.442635
FLRT2,11.56262,5.7183614
CCDC130,6.0180655,-5.2003555
STK24,5.5017467,7.2447443
MOB1A,-10.107528,2.8537428
SH2D3C,-2.153111,-7.1047115
STK10,-4.598549,9.052077
IARS2,10.09089,3.3154743
SLC39A1,13.044335,-0.82795626
FAM76B,2.9604754,-6.9650617
PDZRN3,0.024882931,-9.445168
TMEM68,11.901563,2.0333145
PLEKHM3,9.01513,8.180432
ABCA6,16.50742,0.7264423
PAICS,7.8081203,3.2585833
ALG10B,-3.9383743,-6.7886157
INTS7,8.930718,2.5579653
SDR16C5,7.8621974,9.611754
SEMA4G,-4.254163,8.866315
ESRRG,-7.9368186,8.401732
SQSTM1,10.555493,11.247031
APC,-9.645111,12.7950735
SEC16A,-7.8156533,1.4182364
PTPN3,-3.5088305,4.691132
TMUB1,12.354923,10.99013
STK11,12.348008,10.995944
GPR107,4.2778983,-3.8053203
FAM83G,-2.6286848,18.339018
RNF40,4.3542485,9.648421
NDUFA9,6.8325157,19.38576
DNAJA1,13.299618,7.8593926
MTOR,9.280605,7.8580203
NRSN2,0.51696044,7.4468904
RDX,5.8952627,-1.3633416
CYB561D1,5.8248987,2.1826277
CD164,5.3678703,-0.33199763
SMURF1,16.581528,-3.7945168
GCN1,10.617912,14.514396
GALK2,12.672623,5.9595604
RPS4X,-0.66861975,14.660483
TSC2,-12.899911,6.92336
SNRPF,3.2425141,4.5254264
SHARPIN,-4.157763,0.9549652
WAC,-10.750423,2.244927
UBA7,3.9379013,5.0400934
BMPR1A,-2.3913283,-6.23559
ZBTB38,6.030937,-1.5173689
STAU1,4.477884,-7.0244784
HECA,-2.132616,3.925685
RAB11A,1.3913518,15.203831
TUSC5,15.307182,11.918825
PSMB10,-5.005115,-3.8952873
MRC1,13.932574,-4.519511
OGG1,10.344154,6.615829
LY6D,-5.243298,7.074785
HSPH1,13.295738,7.853378
BAZ2A,-8.159572,2.345046
KAT7,4.3634076,10.047632
PDCD11,10.900209,14.290953
IQSEC1,2.4755576,7.2451386
EPC1,-5.5715394,2.9462123
ARID5A,-3.9314456,-4.725491
KRT27,0.28441897,-9.78832
UQCRC1,6.658281,19.18118
UBR5,3.3824964,13.626232
KHSRP,4.3507376,9.477745
EAPP,9.586432,3.17584
MEGF8,10.044348,4.17943
ADAMTS10,5.8616476,15.677234
MECOM,2.3835828,2.405343
CNOT6L,2.9827878,14.453688
ARL2,-4.6984024,3.4658518
KRT25,0.22455655,-9.706686
PLCL2,-0.271186,2.9527102
CALM3,6.3495574,12.572154
MRTO4,10.8318205,14.338039
BCAN,-6.3995433,15.273525
RECQL5,-3.9411013,7.0338736
IP6K1,8.927203,8.21598
WASF3,-1.1348786,-0.36712635
HCLS1,14.079004,-4.670021
LCE1B,-4.9488015,8.549442
ARID1B,-5.868112,4.318452
ALYREF,1.7813078,10.509412
S100A14,-4.621215,6.265398
RUNX1T1,1.1070268,3.201118
ERI2,9.381667,-7.3395705
DGKA,-3.5445175,3.813886
ZNF347,11.484168,5.9307747
IL13RA1,-0.5886659,-6.942421
POMP,1.9958591,-4.7547755
MAGT1,8.343984,-4.095186
TUBB,-4.0461106,7.6191335
PATL1,8.400323,6.390304
HSP90AA1,13.412959,7.928704
MAP4K3,7.4536858,13.181444
GPI,-12.538646,0.99666005
ROCK1,-1.6653937,2.4211087
BPIFC,6.8311553,10.241766
MT1M,0.04484604,-7.1266303
GSDMA,-4.4847603,8.773019
PGAM5,1.1967473,-4.7129493
ARF4,5.389796,-8.837714
KLF5,0.8806789,-1.438097
DLC1,0.8873129,3.2271593
CHST2,0.05637739,-9.4925785
SCGB2A2,-8.018577,-1.4163681
NBEA,-3.7471173,15.5166235
SLC1A5,10.158577,16.997885
SPINT2,-0.1746865,8.968708
PPIB,-5.22235,-4.6885185
ZNF140,11.633542,1.5404487
LIPE,15.345532,11.956698
ZNF45,1.700441,11.729283
CNR1,7.2946024,14.958681
ATAD2B,11.9277725,2.1314313
YPEL3,-0.36506236,17.870287
ZNF184,11.766111,1.7909487
MEOX2,2.4471993,4.02091
ATG101,7.5492334,-2.4055223
ELF1,-3.8989513,-1.857934
LYPLA1,-2.1048458,13.493752
TIMM8B,9.91195,-4.916119
NEDD1,3.6618137,11.833022
SELENOT,2.3996367,-4.3272285
PPP1R9A,-3.8205388,15.3308115
ARMC7,-11.726682,9.626782
RABAC1,-4.69909,3.4755743
LARGE2,-12.993104,-0.4568018
IRF6,0.6917744,-1.0474769
CXADR,1.1711705,-1.205311
CPNE3,2.9943707,14.471011
DPM1,6.5794344,-0.4875552
PLN,-3.4724205,15.165877
SEMA4F,10.304949,6.642153
GATAD2A,-4.5855675,5.5027046
SPAST,7.3862853,12.607599
PROM2,-3.5875688,5.1029773
RECK,-7.3787684,4.963094
NOL11,9.499997,0.47991207
S100A7,1.2107391,-11.894095
RPL21,1.2256796,13.910314
ZMYND11,6.019363,-1.5024924
MED13L,3.145551,13.764715
SYF2,9.232889,3.1830258
SRM,-9.942916,-0.9460696
KIF11,-3.3479576,12.834172
MUC15,7.0193357,9.155481
AFF4,2.864025,14.611652
ELMOD2,-3.8752196,-6.7436404
SAMD1,-4.0201473,1.1722282
SLC29A2,-4.3976197,14.736771
NEK7,-2.5929482,-6.02792
C5,12.393631,5.7504044
RPN1,8.192883,2.7581372
PPP1R14A,-1.9617113,6.9677844
RNF111,11.931869,2.156413
CYTH4,0.507956,6.286243
NCOR2,-2.1001718,9.172629
ARHGEF4,-3.5584188,3.8132427
ITGA10,7.2969832,14.954911
NDUFB1,3.6895127,4.1645403
CCT6B,12.258387,5.144559
MUS81,-10.153982,6.2074976
PSMB2,1.6152818,-4.6642065
DNAJC5,11.348907,16.28148
FARSB,7.9680595,3.0824854
SH3BGRL2,1.2409519,1.9603266
SEMA3C,-3.4231417,16.005783
LYRM2,-1.2534708,-4.6047735
FAM175B,-11.148841,2.8707533
RAB8B,-1.9243968,2.2813168
WNK1,4.2676992,10.317045
EVA1C,9.244902,10.0944195
FAM204A,5.8008504,16.992697
MIGA2,14.586004,2.22269
USF3,9.021319,8.18211
MAP2K7,-2.452361,8.680722
CIDEC,15.345675,11.955568
WDHD1,3.1095204,17.688354
BORCS6,-3.3135478,5.4611244
NKIRAS2,6.513534,-3.2474585
TIMM9,-8.303325,2.913778
ZNF41,-9.214607,16.010983
LSM2,1.5889894,18.715675
GRHL2,-11.661186,9.688992
ARIH1,-2.146153,3.919567
RPS6KA2,-2.0142817,-8.643648
CLIC4,-0.87379164,3.2989433
STAB1,13.682566,-4.313353
HSD17B11,3.8125803,0.4245055
APOM,12.174477,5.2405386
RPL38,1.0516666,13.809716
TEX264,5.496315,7.0091295
TXNL1,10.0538435,0.17731175
RNF208,-3.994759,1.2348744
CCNC,-8.2183695,11.877307
CTCF,3.7815287,12.530582
SPEG,-1.9817861,6.9352765
MFSD14A,9.662366,3.5268111
TPT1,6.178487,19.129692
PKMYT1,2.8528922,17.325844
FLNA,-2.2211044,6.985598
EFHD1,4.0447235,1.1930321
CLCN3,11.9336405,2.2525606
ZNF777,-2.3297062,9.257503
CAPZA1,16.095354,9.838167
IKZF2,2.889196,-1.8032594
PIP,-8.019116,-1.3941941
QKI,-9.064761,7.314588
ADORA1,7.8552322,0.11238901
KIAA1841,8.927746,6.5288115
RCAN2,-3.5689516,15.242143
PLCB3,10.018941,7.1638846
PPCS,8.265905,-6.831938
PYGB,10.162388,16.994146
TCHH,0.2947148,-9.802129
TRAPPC6A,17.283812,4.5892363
SSSCA1,13.69226,12.04184
ESPN,-5.230842,7.109473
PTPN21,2.5995436,-10.6976185
PSMC2,1.7612845,-4.6631784
HSD17B10,-4.524182,10.436182
LIAS,-0.4285649,13.202749
PARS2,3.887584,-5.5122666
PIP5K1B,-3.9499743,15.272806
ZSWIM8,14.45058,2.3321867
TSSK3,-8.49383,1.1757559
SAFB,4.072133,9.760103
TLK1,-2.141464,3.9625182
LSR,-0.1847797,8.969968
WDR92,11.597888,5.343264
RPL7,-0.7517381,14.582374
SSPN,2.384579,5.371902
KCTD1,8.936466,2.5454895
MCC,7.1291904,-8.61733
SDC1,-3.527433,6.2306037
SESTD1,-0.14502338,0.54642993
NRXN1,3.468666,5.807532
ORAI2,-7.597419,-5.989628
ACOT8,-4.0104785,1.1981375
TMX4,-1.9428416,5.559879
PAPSS1,3.131652,18.855024
ROCK2,-1.6705987,2.4266086
GIT1,4.035585,6.334117
PHC3,3.4070683,13.578397
TSHZ3,0.8343578,3.216677
GALNT15,16.53133,0.7511951
EHD2,-3.1484544,-0.29368243
IFI16,12.564261,-0.7319524
PNKP,-10.179338,6.237
PLEKHN1,-3.5889735,4.5486164
ATP1A1,10.1546,17.004353
MVB12A,-5.128754,4.3383355
AFG3L2,10.079191,3.2898226
PECR,8.862669,14.442308
ZNF275,-7.631209,-6.025608
RPS27L,-0.6381948,-3.8444834
FES,6.09206,13.454189
CASD1,-1.3430368,1.885185
PDIA6,-5.3799677,-4.730165
MTERF1,-5.6381607,2.905726
ZNF577,-3.1410406,4.378561
BLMH,10.401394,9.385092
PAK6,-2.6302702,18.340532
BPTF,3.2759507,13.698576
WDR1,-2.3894343,6.996456
TSNAX,9.875531,-6.429921
KRTDAP,6.792286,9.898914
CEP85L,-0.34660113,3.3694165
IST1,16.574522,-3.765498
QRICH1,-8.221325,1.6504686
RALGAPB,7.5891643,-9.212278
KCNN4,-8.002479,-1.0254991
PEX2,8.265276,-6.828792
TBC1D23,9.2333355,3.8572032
ATG9A,-0.54227126,1.4122086
EDAR,-4.697553,15.343262
ATP6V1G1,6.6142673,-0.5196345
MAMDC4,-9.845664,5.974145
PIK3CA,6.2551107,15.7003565
WASL,-9.185275,7.3822722
DCUN1D1,7.42163,12.690319
RGS16,9.33331,-8.16946
RAB5B,2.4548676,-1.329681
FOXN1,-5.549498,0.46507365
MCM3,3.132003,17.594711
PPP4R3A,1.6092322,16.27868
EXD2,11.814136,5.5572925
ADGRG1,-0.5454702,7.1013913
STOM,0.29434657,-6.8186927
CCDC85B,12.5830345,10.768863
ARPC5L,-4.358796,6.4091315
KRT71,0.24389698,-9.725712
KDM4B,5.8361325,6.8281317
ALG8,10.79314,-2.4682672
HECTD1,-11.303063,2.9616675
TLN2,3.725919,1.038805
TAF9,-8.323584,2.9342973
VDAC1,7.722736,3.2937562
ARID4B,-4.1542935,-1.9028448
GPX8,-7.6713157,5.8197517
RAB5C,8.046366,6.798005
FAM92A,-1.5428482,5.8308682
PPP2R1A,-2.9882712,9.577795
PHF20L1,2.8273754,13.488534
RAB27B,7.3290105,-8.900253
PRR14,12.362523,10.98251
DBN1,2.6843376,7.326479
CCDC14,5.4963727,4.891575
OMD,-7.5606422,3.9649315
APEH,-3.7277272,11.208226
FNDC3A,-1.3702828,2.002157
SNX3,4.112896,4.047402
NSG1,0.62447363,-1.1670982
POLD1,10.013329,7.214689
NDUFV2,2.0257292,-4.781941
DNER,-4.867292,12.975014
ZNF879,13.575982,5.9801116
CCPG1,5.9492493,-1.4256839
TMEM30A,8.176161,-4.4267306
BTF3,-0.7466792,14.584075
TK1,2.8644214,17.3338
STK36,10.975602,5.835649
ZNF891,11.08666,6.7118793
CNNM3,8.70796,-2.040458
CA14,-6.429592,15.291089
MED15,-2.4761605,9.783815
KRT74,0.3037514,-9.816453
TCHP,-3.2329667,4.431797
RPL11,1.0876094,13.833655
ZNF512,12.36446,7.2116427
PLA2G16,15.179462,11.793804
HNRNPUL1,4.4018974,9.646274
VSIG4,14.043721,-4.634296
CLUH,4.1444473,6.460475
CDK5,-12.763959,-0.9330203
IVD,1.3391383,0.6770348
SNHG20,-1.5321932,6.716795
B4GALT7,1.5980216,18.724905
ALDH1B1,5.1750565,-0.45219967
PUM3,-11.297772,0.25598985
SERPINF1,-0.12582633,-0.41053885
MBLAC2,3.8022883,12.017096
TSSC4,6.803363,-2.9698544
TSG101,1.3714403,15.629486
IL20RB,-3.5811427,3.8773556
DAAM1,-8.468689,15.368085
SEMA3F,-1.4082832,9.808253
ATG4C,13.255313,6.1468577
NDUFS3,6.921626,19.448233
PTPRM,2.787372,-0.15436563
REXO4,13.161077,3.2426925
VPS26B,5.787246,2.5306437
TNKS,5.2882805,1.3703222
TMEM40,5.184329,10.528445
CFD,-7.656309,4.3694234
MRPL30,-0.4549907,13.174247
MAP2K3,5.594396,4.5115285
PLEKHM2,6.073034,-4.586545
STK25,-10.184243,6.243993
NUDCD1,7.1591134,1.0709523
DKK2,2.654243,5.790277
KLHDC10,4.2547336,-3.8778038
PARK7,9.242033,11.393038
PLEKHM1,5.5997834,6.6955695
FNDC3B,-1.9091145,2.2901037
KCTD15,-1.3727067,9.861346
FAT4,1.1213301,3.2038426
PRPF39,1.5189004,16.385061
ZNF766,-5.9078355,3.1688051
HMGCR,-4.951536,1.4723543
EHHADH,11.517423,5.1375885
SMARCC1,3.970392,10.408452
JADE2,4.3918767,0.7474577
ST3GAL1,1.5024014,1.1064594
TMEM161A,-3.7988977,11.175912
ATF3,3.6197104,7.9635606
AMT,7.247485,-7.097752
EPHB6,-5.338995,5.5408134
HNRNPF,0.9242876,12.000328
CPA3,-1.7870369,0.92582256
ZFAND5,7.2992334,15.474958
MFSD8,15.407966,9.654218
CDK19,2.8928454,-1.8072953
CNOT7,7.496931,12.564408
DYNLRB1,5.477901,6.9914446
RPL37A,0.9931344,13.755557
GPATCH4,-7.359099,10.388381
KANK2,3.2300613,1.8375219
TPRA1,8.221677,-2.386564
HECTD4,5.88932,1.9332922
PPP1R1A,15.265456,11.879329
ICK,-4.458732,-2.1732364
POLR2J,12.578443,9.548315
ZDHHC12,-4.429891,10.370446
ZSWIM3,12.915901,2.9527583
ZNF408,5.4822135,-3.1124907
MRPL17,1.5549788,10.315071
N6AMT1,11.094887,6.5776305
KCTD9,-9.455814,7.5412436
FOXN3,-6.347808,12.961479
TMTC3,14.652922,-0.61112887
RHOD,-4.4376445,5.6571846
MBD3,14.751886,2.835448
CD68,10.750602,11.443134
KLK8,-4.6291833,6.2897396
TGFBR2,-9.072581,10.45586
TMEM141,0.23327672,10.2088
RNF13,7.9198995,12.541526
CSTA,-4.6130605,6.2658143
SLC43A3,0.99206007,-3.160814
MKS1,-3.8939009,7.071051
APOBR,-2.4905005,-3.0309718
OLFML2A,2.6155536,5.7639146
MGST1,-0.026960175,3.3183897
RAN,10.496274,-2.5524096
WDR77,-4.001001,11.478618
CLDN7,-4.9694257,13.064269
LAMTOR4,3.1407838,-3.1470766
GUCY1B3,-0.74885577,5.7536273
HERC4,6.81706,0.6405947
FAM168B,4.453382,-3.4676657
SUZ12,6.1912546,-0.3894491
ANGPT1,-1.8745308,5.286507
CNBP,9.838555,3.443223
ZNF169,7.2266097,7.5549393
WDR46,-7.1407747,10.471035
ZWILCH,-2.7893,12.463314
BUB1,-3.399596,12.66666
NDUFB11,-4.8391705,4.0335536
EIF2S3,13.615639,8.140117
KRT16,7.206418,9.816257
CHKA,1.5088854,1.0724391
SESN1,5.640105,16.98437
PPP1R37,-4.080192,1.0826354
IFI6,-5.263885,-3.4709172
CCNG1,5.469699,-0.60711163
BMT2,7.9068866,12.535822
DTX3L,-5.1748967,-3.8555603
UBXN4,3.6999705,-7.4664564
ZMYM6,2.9578493,-7.932514
NELFB,-5.0535164,4.604587
MYH9,-2.4103065,6.997954
CLK1,2.501846,7.6327376
LZTS2,-1.9884125,9.114336
TINAGL1,2.6773262,2.2396808
PDIA4,-5.4328356,-4.776685
FNTA,-8.422831,3.020751
RECQL4,9.973823,7.26915
ARHGEF40,-7.4419026,-5.829046
GNL3,9.27764,0.36141896
MAN1C1,6.3920207,12.639304
UBE2K,9.810171,4.0118666
FBXL7,4.779856,15.652212
PGLS,-5.113037,4.327325
ZNF227,11.493318,1.3287826
ATG16L2,-8.632468,-2.8534946
TNFRSF1A,13.143733,-0.37649858
TTC39C,-3.5248923,1.6482555
PPP1R3E,11.189919,6.823961
ASPM,-3.5751922,12.519876
CD81,-7.676274,5.3565345
PTPRC,0.7070416,5.4956503
CHMP2A,6.241262,19.208345
MBOAT2,7.4206057,10.727122
JAM2,2.3322089,3.9819758
CYP4F22,6.4231668,9.976456
TMED9,1.6899807,10.802102
SPINK5,7.899201,9.604289
ZNF627,13.818748,5.8547783
STK32A,-4.4397492,14.6998415
MAP1LC3B,1.045485,12.1252775
SH3GLB2,-3.5743861,3.5856524
FCGRT,4.474346,11.040686
TPPP,0.1315965,14.961394
MTBP,-2.7853909,12.457697
RAB38,-4.654764,6.3434486
DNAJC19,-0.87327504,-3.8268116
PIK3R2,-1.3890079,9.850163
STARD3,14.590029,2.1462662
ANK2,6.369464,13.454101
PDSS2,7.3465166,1.265821
TMED5,5.471334,-0.6110273
ADRM1,5.624839,4.478603
EN1,-7.955083,8.431504
DMTF1,-3.0630257,4.3189335
RPF2,9.294159,0.37905145
UHMK1,3.4927654,-7.6165843
FBXO8,-3.8449075,-1.9022012
ZNF317,-8.523797,1.7996138
PSAP,0.5388684,7.2618456
SDCBP,10.64789,11.344454
AP3D1,-7.824424,1.4173157
TMEM63B,5.2359853,2.1835053
KLHL21,4.3245406,-3.6657817
TET2,11.946285,2.2232187
DNAJA2,1.387757,15.471359
PHF1,8.927669,2.5519521
MRPL51,9.970194,-4.9916186
NCDN,9.148244,3.23557
ATP10D,7.1358914,-8.63438
CHST7,7.3400855,15.214179
SECISBP2L,-10.8554325,1.8579459
GTF2A1,7.0401897,12.455753
TMEM123,5.3314514,-0.3027133
ZNF197,-5.737662,2.814408
IRAK3,-0.9856355,-0.20657565
DPH7,-9.947365,5.6175947
AASDHPPT,3.6150904,11.790599
ZNF512B,-8.377015,1.4199109
RSL1D1,-8.308318,2.9192212
MRC2,6.0435853,5.5870094
C1QB,13.968875,-4.558871
CIC,-2.074287,9.164536
DGCR6L,17.28359,4.5892
PDZD2,2.606095,-1.5370474
STOX2,13.106662,-0.8714018
SH2B3,2.661274,2.6865866
RSBN1L,-4.27006,-2.006653
TAF10,12.552576,9.584947
EPN3,3.744755,-3.0941808
NME1,10.160212,-5.2554593
RNH1,-3.4844332,10.130371
AIM1,7.421029,-9.010826
ZNF418,9.013936,2.4630523
PNPT1,9.168438,0.90381515
ARID4A,-4.154489,-1.7960391
KLF8,-3.2130325,4.4010763
CSNK1A1,-0.5664532,13.042959
CPEB3,-4.475812,-2.1883395
SNX4,5.539715,-0.16023998
NAXD,8.622717,16.623512
LDB2,2.3395696,3.9871395
FARSA,-3.7802126,11.205456
ANAPC11,12.5615425,9.560148
MRVI1,-1.6289467,6.8279514
FMO5,1.2253164,1.9823534
FH,6.50367,19.223368
TMED2,8.289647,-4.159988
UBALD2,-2.6038933,10.318971
NXPH4,-12.534855,0.9973106
INPP5K,8.280803,-2.3598645
MIER1,3.1122804,-7.164671
TSPAN11,3.269947,5.478182
ZNF14,-5.891155,3.147541
RAI2,-0.10693622,0.39637613
DLG2,7.0039253,9.133699
CLTC,8.442904,-4.023585
LCE2B,-4.9099755,8.573314
GNA11,-2.1414998,9.204298
IFI44,-5.2672544,-3.516085
ABHD2,-2.050678,5.612201
KMT2A,3.1456656,13.6769
PLLP,-3.4060817,1.991113
MTMR10,-4.481025,-2.195171
RAB7B,-13.300239,3.813892
ATP6V0D1,7.5791736,5.3007336
ANO6,-1.5462937,2.7881026
SLC12A9,10.093954,7.247393
SLC23A3,10.754316,6.074234
ZBTB43,1.693991,15.672942
FIZ1,-3.7547016,11.2723255
SUMO1,2.2500603,-4.446573
FGD5,2.9889429,2.7813559
ARMC1,6.2882442,0.21871728
DOCK11,-0.14754216,0.54782337
GTF3C2,-8.101235,1.593213
CNOT3,8.105957,-2.5848444
ROBO4,2.8950431,2.7209973
TPSAB1,-1.7750211,0.90680426
SMC1A,9.300201,7.8417974
LAPTM4A,5.3900204,-8.837712
FOXO4,8.690206,-2.0488055
RPL34,1.5333401,14.103958
ALKBH8,1.6872294,11.72104
FTH1,10.750595,11.44366
GNAI3,1.3927348,15.192647
CENPB,14.533278,2.9489074
SMARCAL1,11.828814,5.5105944
SPSB3,5.759908,6.900155
FN3K,-5.1654344,13.6471
TPGS1,12.615693,10.7506485
BUB1B,-5.938613,9.5867405
KCNAB1,-3.4769335,15.173614
PTPN7,0.5114122,5.2048364
PRSS8,5.082467,10.125564
PSMA4,2.1703508,-4.524623
GABPA,-2.5401254,-6.082952
SNX21,-3.3177955,5.4616017
GNL2,7.960514,2.9765818
ZNF544,8.980554,2.4941976
APPL1,7.1873274,12.580525
CFL2,-1.1033988,4.80292
DCK,7.9039845,12.537667
MTMR14,8.936158,-2.334843
FTL,10.76247,11.458064
LMOD1,3.2985682,1.7383245
KRT6A,7.1692476,9.823161
GSKIP,9.207439,3.8878253
BTBD2,17.808641,6.7432733
ZNF234,13.572623,5.9912186
SMIM20,-0.6104364,-3.8937905
TSR1,7.7876368,3.1985245
STX11,0.89179784,11.974049
ZNF524,8.188516,-2.5074608
NDRG1,16.12836,-1.3120753
DENND2C,-8.46917,15.368482
CIAPIN1,-5.915622,11.28127
SLC46A2,6.151262,9.531882
UBXN1,7.7761645,16.489552
IPO11,7.345579,1.2697309
BRMS1,-5.580016,10.716171
DCT,-6.560086,14.965866
ELOC,6.6620913,-0.5475113
DBP,8.752958,11.923279
ARNT,10.555412,11.248557
RPL13,-8.075799,2.8650289
RLIM,9.611473,3.534366
ZNF605,7.2849264,7.4866977
NPNT,-1.2063364,4.9720955
TSC1,5.382807,1.4544216
MPZL1,6.533632,12.799814
RCOR3,2.9836073,-7.9131126
DOK2,0.49200058,6.031833
TMEM8A,-3.9524906,-4.622706
LRRC37A2,3.2393475,4.597336
HECTD2,-1.3417363,1.8637965
NKTR,2.7550852,-6.6224318
RDH12,-5.50786,0.43011096
ZNF75D,7.422052,7.3509707
PNISR,2.800821,-6.6900463
HK2,16.114128,-1.3252019
XRCC6,1.4810117,10.043954
DEK,-9.454937,7.5372963
ZNF16,12.458725,2.4957345
VSTM4,3.1751864,5.059661
IFNGR1,12.172298,-0.9841347
EDF1,0.85082334,13.464951
NAA10,-9.724152,-0.7394275
PRTFDC1,2.3774111,5.3554735
CETN3,6.8996525,0.7090518
EIF3G,7.7755537,16.489851
SFMBT2,1.4963809,1.092871
CD151,6.20215,13.206412
SGSM3,14.618024,2.1737618
RHOG,-2.6279094,9.744343
SSNA1,-0.3657897,9.226859
PKIG,11.598368,12.263112
ZNF271P,-1.3165387,-1.8010631
NFKBIE,13.2688,-0.3485841
CLDN10,7.8644295,0.10485472
IFIT3,-5.304052,-3.4755797
ANKRD27,12.541128,2.5669515
KRT2,-6.68383,14.647229
WDR89,-6.0129743,2.665342
CD2AP,-1.969289,13.185825
PSMD12,-0.9657315,12.507601
FLT4,1.8465502,6.315125
RAB20,-3.915327,-4.7295876
S100A3,0.31451797,-9.827578
LOX,-7.556461,3.9788973
TM9SF2,8.391833,-4.016829
GTF3C4,0.060599227,-1.4305012
OSBPL7,3.259543,2.9878678
NAPA,7.3899045,-2.5645592
CDC23,0.8871912,-1.5020573
THRSP,8.888033,14.472263
FAU,11.827673,-3.0331209
COPZ1,1.467435,10.015666
FAM193A,3.8317451,12.196945
FASTK,7.9617157,-5.026654
RBM7,-9.274807,4.3473425
TIMELESS,3.1756063,17.596502
HEPH,0.050597917,-9.465533
ZNF22,-1.6931434,2.3933375
CCDC22,-5.194365,4.378063
THOC1,1.4902425,16.409597
PPP2R3B,-4.1011214,7.1976995
CDNF,12.264365,5.14308
MAML3,-5.8807197,4.3188567
BBS10,11.517143,1.2159859
EIF1B,9.17933,3.2165582
YTHDC1,-3.7329512,-1.6238961
TYK2,5.73578,-5.9615755
ZNF253,-9.214897,16.011292
GAS7,-4.4947433,8.945928
FAM173B,8.927365,6.526633
GFRA3,3.392575,5.6455317
PNRC1,0.90483034,11.986842
FDPS,-5.4800816,6.9075046
NCOA2,7.026083,-8.571841
MEGF9,7.457652,-9.01354
PRRG2,-3.4209585,5.141706
CDC42BPG,5.5330586,2.7543716
PSMF1,4.4102163,9.643123
IL1RAP,1.1840156,-1.207534
KREMEN2,7.298179,14.936697
CLN3,8.465916,-2.2523427
GLIS3,-9.09382,10.474506
CLASRP,8.51813,16.755516
SMG5,14.553916,2.2246783
UBXN7,3.1227427,13.924687
ATP5I,3.0555189,9.466615
SLAIN2,-11.020497,2.8056147
CRTC3,10.593299,11.289361
ZNF563,11.750636,1.7610555
KPNA3,-0.96766543,12.508892
GNA12,-7.5334725,-5.923403
WIZ,4.366336,9.35625
YWHAG,4.466678,-7.0298386
AMD1,9.744524,0.60781145
RPS4Y1,-2.1792915,13.872484
ATG4D,-3.2061782,1.8490853
UBE2B,1.0367242,12.114903
ACTL6A,7.4912667,3.6756806
APH1A,-4.3381653,4.0475163
ABHD6,8.356644,4.6517205
MAN1A1,-0.6818792,0.41682267
MAD2L1,-2.9909415,12.545186
ZNF277,-0.9464477,17.004356
ATP2C1,-0.57738185,13.029623
TMEM125,-4.2454677,8.862674
NSFL1C,7.049983,18.798735
VIM,4.7809677,15.673766
SOCS3,9.337078,-8.171699
NID2,2.3237875,4.9872103
PLA2G4E,-5.3019943,6.890286
ITPRIP,-0.9364873,6.3884525
RNASEK,-2.6250134,9.7391
KIAA1614,2.7455916,4.5036755
OAF,3.1734223,5.617037
XKR4,3.38937,5.6646185
VCAN,-7.3775268,4.1299853
GBAS,5.5361805,-0.12992729
NOVA2,2.96062,3.0969558
ETNK2,5.8990383,16.918747
SNRPG,3.4737327,4.413417
MIB2,5.7785087,-4.0509157
KRT85,0.1749987,-9.643653
LTN1,2.5105636,8.12348
GNAI1,14.596474,-0.6783817
STARD13,2.4957771,-0.278498
ATP6V1D,0.34304264,10.4371395
EXOC6B,2.8023057,-1.7234907
HEATR1,7.509438,3.68387
SMG8,0.8904608,-1.5059477
HPGDS,-1.8231581,0.9698251
TUBD1,11.6304655,1.5412344
COMMD8,-1.1975659,-4.5008526
RPL5,6.204036,19.153019
ORC2,6.3343883,12.558826
PRPF19,7.0088396,18.831247
UBE2C,-5.811709,9.748084
DLG3,-5.887808,12.3915825
AKT1S1,-5.052984,4.5976014
TBRG4,-6.7261415,10.622096
SOAT1,0.014773992,3.3449647
MMADHC,1.492564,15.544535
PEX12,11.494055,1.2452809
DDX18,4.4706364,-7.018259
PLD1,-11.655592,9.695109
TXNDC5,6.5863867,12.771944
SHANK2,7.943444,0.029981224
PSMB9,-5.0086923,-3.8846712
PRRC2A,4.3737373,9.322207
KDM5B,-0.69826937,7.251968
ADGRF2,7.171725,10.561171
CRELD2,-7.397617,10.368974
FBXO3,-10.12329,2.878561
HDAC5,3.1336553,-3.149666
HEXDC,10.964256,5.8228693
PITPNC1,3.3172982,-0.37109348
EMC3,1.3341238,15.677709
CUL2,2.862341,8.288632
FASTKD2,9.556263,0.53679526
POLR1A,10.9544735,14.235616
NOL9,11.363927,16.30353
SEC63,8.242124,-4.458906
IL17D,-7.3970304,5.021417
SLC25A46,3.2584019,-7.702068
SMUG1,0.26631397,10.311958
PLEK2,-4.8789954,6.3947763
PTAR1,3.4343233,-7.6444225
SLC9A3R2,-2.1514401,-7.1023803
XAF1,3.8675253,5.0175962
RLF,-3.6791286,-1.5960612
YES1,8.12321,-4.3961344
N4BP2L1,6.2460747,15.676639
MVD,-5.4579496,6.903626
SNRPE,6.673369,-0.54766756
LYPD3,-3.5488775,6.254106
UHRF2,2.4887786,7.6476574
ZMYND19,-3.2320173,1.8327259
PRKACA,1.7672424,10.879138
PARM1,3.056598,0.09965906
GPD1,15.355008,11.964479
BCAS3,8.760742,-2.0548663
PDS5A,-0.5823526,13.027233
IKZF1,0.37095702,5.446733
TFAM,-3.8318658,-6.7150197
FGD4,6.3049946,16.34047
GAREM1,7.748683,10.85749
ROPN1B,1.3608435,1.831295
EXPH5,4.597159,8.192194
LGI4,4.0455937,1.1895642
CRY2,8.751974,11.922367
EZR,0.6889227,-0.99630725
IL1RN,5.1578007,10.560896
ANKRD13D,-1.6927459,-0.83515143
KAT6A,4.0909534,10.303503
G6PC3,0.51733726,7.447102
SUPV3L1,-8.440987,13.684573
S100A9,1.2146553,-11.86679
ALDOA,-12.533157,0.99793535
ZNF76,7.2387905,-7.0931444
FAM8A1,7.4672284,13.158884
SMOC2,7.429883,13.271295
BTK,-1.8184121,0.9764097
NIN,-9.637667,12.805863
COL4A2,-0.09094377,3.2815518
NEK6,-4.581701,-4.858711
POLR3B,8.916763,2.615191
JAG2,-12.966543,-0.48228985
ZNF33B,7.3411164,7.4262156
EIF3H,6.224049,19.169249
ATP5O,2.9154174,4.086953
CLEC10A,0.34250918,5.227633
SELENOK,-0.9091048,-3.9815533
OAS2,-5.263157,-3.4652004
PLIN3,13.703539,12.053374
SETD2,3.0933988,13.954778
MSH2,11.522071,5.1478605
CPE,-7.3471885,5.000791
IL20RA,7.1408195,10.546447
PTX3,-0.29909146,-7.058898
BACH1,1.6421535,15.753232
S100A16,-4.550693,10.462811
DPH5,12.341977,6.1932735
SARS,6.0660243,-3.5590553
AFAP1L1,-0.36059177,-0.026829133
KIF4A,-5.7949924,9.765338
SURF4,8.194892,2.769453
BBS9,13.501131,13.018701
ABCC9,1.7060847,4.2413554
GFPT2,-0.30577913,-6.952512
CLEC2A,-6.711696,14.595687
PPP1R10,3.9090066,-5.4912877
MZT2B,-8.075962,2.8631532
TPCN1,4.396293,0.75013626
GID8,11.349158,16.28099
FAM83C,-5.2069654,6.906844
SMC3,10.111301,3.2810767
MS4A6A,13.919739,-4.5057554
PCYOX1,-2.3530912,-6.2741733
CD4,-3.0775673,-0.2466973
TMED3,-0.7309872,9.414905
AGTR1,-0.15323083,0.3544703
FBXO46,-1.2683882,2.31378
GPR157,5.4812565,2.8182397
ZNF442,13.813001,5.876374
KDM3A,-3.6695576,-1.5861727
RPL36,-8.072238,2.8707418
LACTB,1.0348215,12.111697
ITIH5,2.3690963,5.1884804
H6PD,4.4138374,-3.5089757
GALNT1,11.812049,2.393627
NVL,12.977228,2.7305253
ORAI1,0.58752835,4.198509
RELB,13.271054,-0.34429014
PQLC1,-2.5763347,10.356554
TMEM63C,9.042111,9.89486
ZNF33A,15.234156,-6.232123
DTX3,11.889896,-6.5270133
SCARB2,-1.5488634,2.7889092
EEF2KMT,-7.393843,10.371221
ATP2C2,6.4375534,9.998615
TUBA4A,-3.5521686,6.2561793
PFDN4,-0.89373165,-3.842951
ANKRD28,0.1845769,14.691335
DENND3,7.390365,15.292961
BRAP,-11.182536,2.8883462
PREP,10.278795,9.487077
CHRM1,-7.9521017,8.439077
PKIA,2.8005512,4.094436
NEK3,10.416379,-1.8974131
PAMR1,3.8951032,12.185769
CD209,0.53263026,6.1138134
S100A6,0.5956475,6.785381
EBP,-5.476089,6.9035754
SCRIB,-3.982513,6.8838105
TPRKB,-1.079362,-4.2585044
PHF6,7.6125054,1.5535067
PRDX5,12.560603,9.56256
COX7C,3.1121716,4.142459
SCRN3,9.3769045,-7.340239
PTGIR,-4.5702095,-4.818696
MXRA8,6.903261,13.650128
TESC,-5.075915,13.50899
PRKAA1,0.17339113,14.694076
PTGES2,-9.717128,-0.7323826
PIGA,-10.413342,2.6859374
SHMT2,15.674774,-1.7066839
PPP1R16A,17.282999,4.5883017
ADCY9,3.2795365,1.7742549
TUBA1B,-4.0399904,7.6236014
ELOVL3,8.967784,14.5554285
FAM161B,-1.2732366,0.68705326
HSP90B1,-5.353264,-4.718105
FBXL16,-3.4035504,2.002249
PHRF1,-2.4502306,8.683937
HDAC6,10.967188,5.8249407
CARF,-3.9589095,-6.8064413
PRICKLE3,-1.2762915,2.3225267
BZW1,-6.937325,8.338647
EIF3I,10.652904,-2.2756448
LAIR1,0.5115486,6.17481
CREBBP,-6.3735666,12.972567
TMA7,3.3844304,4.485325
WNT2B,3.0544345,-1.9598907
SMARCA4,7.37146,-2.586776
SSB,-1.3310171,-1.7818701
STRN4,-4.3122463,4.0513787
RAC1,1.3711008,15.634136
CHERP,-2.252775,9.248707
PUS1,-6.6067157,1.306772
RRAGC,0.940118,12.019908
INTS8,6.241241,19.183273
ITGA5,-0.98964936,-0.2344956
ALDH6A1,6.0570116,15.877525
CCDC57,-12.294176,5.7497272
ATF6,3.9628952,10.415728
WDR72,-4.6987653,15.3440485
EPB41L1,-3.493952,15.938584
RNF31,14.641926,2.776726
CD99,-7.684001,5.367441
ZNF428,-8.168052,2.8783126
RGMA,2.7707722,7.27444
COL11A1,0.058120653,-9.492364
LILRB5,13.675785,-4.305419
WDR19,4.482935,0.6486217
DAD1,1.5709804,18.694626
MTX3,-3.909373,-6.768642
ECM2,2.3815567,5.3281064
RC3H2,-10.704083,2.0240119
KIAA0895L,-9.846012,5.98457
LCE2C,-4.9189053,8.567675
CTSD,-2.925651,9.640484
UBE2L6,-5.0078306,-3.878442
LMX1B,-7.9791117,8.392486
TPR,-4.282295,-1.6705197
PYCRL,-4.0051165,11.478247
RAB2A,8.162497,-4.360831
CDKN1A,3.6256475,7.966864
SCAF4,4.081486,9.780038
HILPDA,16.128586,-1.3120804
ATXN2,3.9182987,-5.478958
NAB1,14.617883,-0.6552523
PRCC,6.776788,-2.99251
B4GALT5,-0.5769758,-6.944145
ZNF800,1.7035371,16.169601
ELMOD1,6.1598654,9.530437
NAT10,-5.956488,11.340532
CLK3,3.1028163,-3.1552286
LYAR,-11.28666,0.26937973
SMCR8,4.3326516,-3.6338208
ZNF345,15.408327,9.654096
RAP2A,5.890617,-1.3532428
TGFB1I1,9.323531,-6.4542413
TMEM99,-3.7535539,4.317093
CASQ2,-1.982069,6.7902784
A4GALT,0.9456283,-3.1856778
RPL28,0.84997827,13.468995
DENR,10.023598,0.20661019
TAB2,-10.84769,2.4313712
NDUFB7,3.2474673,9.993365
PIP5K1C,3.283127,1.7690928
TCAIM,9.381327,-7.34451
TCIRG1,5.977641,13.375601
KIAA2026,11.943363,2.1561007
PPARGC1A,-7.960415,8.391003
HLF,8.761225,11.923448
SASH3,0.49228877,5.812624
VAC14,-5.398612,10.830836
NF2,11.350666,16.284552
TTC39B,7.5998793,10.867299
ACTB,-2.4168625,7.001324
COL15A1,2.9769015,5.2091346
PPIG,2.4947667,8.058064
FURIN,5.5864654,6.643142
RCN2,-1.5225885,0.4265436
KRT31,0.40427402,-9.935523
MAP4K5,7.446679,13.088792
KDM5C,14.496145,2.2954848
BCL6,-11.116597,-1.8240179
ZFAND1,-1.0780052,-4.149099
SLC12A7,-5.0641007,13.4941845
AVPR2,-2.153519,-7.1029954
MEN1,12.360548,10.984456
MAD1L1,-5.182856,4.3691683
GAPVD1,5.5039096,1.6050209
TBC1D31,11.556306,5.2259912
PAK2,7.954803,-5.0367036
RBM4,10.418444,-1.9029502
SPARC,-7.358577,5.753174
TNKS2,-10.125105,2.8799806
TRPV6,-5.3740096,5.531711
ZBTB1,6.8072343,0.63465834
PRKCI,-2.0108073,13.477564
ADCY5,-1.9869066,7.168604
FOS,3.617225,7.9637303
RRM1,0.87928474,-1.4484395
METTL3,1.8159239,8.929134
JUNB,3.583196,7.941425
NDC80,-3.1591945,12.653084
COASY,-1.5629047,15.262533
CRBN,2.4248765,8.372965
WDR26,5.531341,1.6284883
ZNF79,3.8846178,-5.5132446
TFAP2E,-5.353764,5.5367823
PHGDH,-13.300689,3.813967
MIER2,-1.5178355,5.8325725
SUN2,5.585435,6.574329
BTN3A3,3.9294271,5.0408483
MYO1G,-2.4266262,-2.956821
URB2,10.660932,14.495188
EPCAM,-4.7664905,12.877916
TRIM28,-5.705698,11.055809
TMEM86A,-4.480312,8.841083
MAP1S,3.2817502,1.7677128
SIGIRR,6.0022864,13.352415
ZNF564,-5.627984,2.9190702
MXD4,8.842294,8.298408
SMNDC1,4.6169033,-2.046541
COX19,6.0957665,6.6789913
LOXL4,0.9716256,-3.2271829
COL7A1,-8.542865,-2.7707894
CCDC120,5.510561,6.9663353
ECSCR,2.5775375,2.5554922
MICALL1,10.702551,9.08409
NGDN,9.715685,3.1081235
FMNL1,0.51213986,6.4194765
HSPA4,7.694634,3.3234622
FAM3A,-4.1797204,0.91982347
MARCH6,2.7186892,-6.5691257
NIFK,9.274965,0.3870455
PRKAG2,2.4448864,-0.17382601
KCNK5,-7.9816756,-1.0190452
STARD8,2.963698,2.8592772
NR1D1,8.731819,11.912803
SLC50A1,7.4530163,-1.9941874
GABBR1,-9.91334,6.076157
ALOX12B,6.3429027,9.692441
AGO4,3.0695634,-1.9763286
KRT78,6.4392314,9.999626
ALKBH7,17.80868,6.743277
HIST1H2BD,14.053466,-2.280372
LAPTM5,0.46264002,6.041248
COG4,-12.770223,-0.92606515
ITK,0.30618608,5.462816
SDC2,-0.58525974,2.9558895
DHX38,-1.7559811,16.77729
TUFT1,4.6154437,8.198168
PGAM1,15.713284,-1.6599733
TSPAN5,-5.1186547,5.5921144
CCNA2,-3.1987388,12.665874
GUCY1A3,-0.76929516,5.7747498
TTC33,-2.6651907,-5.9525604
PERM1,-3.6091783,4.5311413
CERS2,10.65151,11.348422
KLK7,5.6996365,10.03905
ABCA12,7.8445497,9.595313
SHOX2,4.7588525,15.653864
FGF2,-0.79280627,2.9532263
PDGFRA,-0.12965265,-0.25171465
MAP3K12,5.7284,15.513337
SLC2A4,-5.079275,13.511195
CCDC88A,-1.1010519,6.2903833
CPSF2,9.875319,0.5001164
NACC1,-4.5910544,5.505541
JAK2,5.639209,16.987131
LNX1,11.298165,3.9392326
CCDC115,17.283796,4.589012
SLC25A32,2.7657042,-4.0268188
UBE2G1,3.9601917,10.4173975
GLDC,8.952095,14.53982
SDF4,8.017481,6.807021
TSN,9.151584,1.0075129
FGF7,-9.142911,10.51729
CDK7,-8.43608,3.0318732
RRP1B,10.690294,14.465741
SPOCK1,-1.0739207,0.17055443
RSAD2,-5.305104,-3.474009
CERS6,8.221246,9.498595
TAB1,17.80895,6.7432218
PPIA,-0.80602413,9.478679
GPR143,-6.494399,15.374198
PPP1R11,-0.36785138,-2.3095038
POT1,-3.9185185,-6.7822685
KATNBL1,6.9101152,0.7280891
GHR,5.888419,16.906527
MPST,8.362375,-2.319926
COL4A4,7.44939,13.300755
GPATCH3,5.478726,-3.1140685
MSL3,-9.104586,0.3578612
MADD,5.8825307,2.1279166
ARSB,6.4263487,13.083015
GGT6,6.191094,9.674107
DOK1,0.52881354,6.4997244
ZNF189,13.622416,5.9504385
ALDH3A2,-5.116564,5.5952783
DCST2,13.164716,-1.9862633
RABGGTB,9.2523775,0.28912038
SREK1,2.847561,-6.760133
SPIN3,12.346499,7.195973
EDC4,-1.7562723,16.778028
H2AFY,-4.3552723,6.414615
CTIF,-2.0412498,-8.674719
TANGO6,11.678635,5.292612
STK40,5.613783,4.473531
ABTB1,-0.37392974,17.893612
IDUA,1.8529111,-9.267444
CLCN7,-7.8287797,1.4233325
CELSR2,5.504035,2.773866
ZNF507,-9.67233,12.768811
BOD1L1,-4.2880387,-1.6650046
FOXA1,-8.017,-1.3966717
PBRM1,-9.638618,12.811692
B3GNT2,1.2648864,1.9307624
ADAM33,5.864438,15.681697
DCAF15,8.550656,16.71186
TSR3,-5.105911,4.3107266
COL5A2,-7.3332567,5.7274923
PDE2A,2.8968148,-0.16119707
EXOC4,-5.9036684,4.292332
PPP1R12A,-2.5258186,-6.097075
VAPB,4.2582035,-3.8765974
KRT75,0.07648617,-9.52423
PNMT,4.2811956,1.084013
DR1,-10.413098,2.6653037
DLD,-0.86982036,12.691343
HYOU1,-5.4059467,-4.743866
OLFML2B,2.3473248,5.086355
SLC27A1,7.9533005,2.9883344
SEC22C,8.345686,4.6880937
CRAT,0.011438267,3.336013
SLC35B3,13.271582,6.1393356
FRZB,8.015648,-0.032178354
COX6B1,-4.7380457,3.9260912
ARL1,5.2437444,-0.7098323
TIE1,2.481741,2.3632615
EXTL3,6.2677484,2.2903607
SESN3,-3.421317,16.007019
LRRCC1,-3.9474401,-6.7945085
SCN7A,3.4675574,5.8255396
GOLGA7,1.7498693,15.364629
CERCAM,12.623162,1.0769293
AP2S1,-4.677824,3.8255868
HMGB1,-0.9022616,-3.5938141
MFGE8,3.702536,1.0243568
PRIM2,11.66541,5.3316894
ZNF626,-9.2149,16.011261
PIM3,7.130247,15.715817
ATP13A1,-1.5653322,15.269895
FAM135A,1.7359262,16.152817
SMARCAD1,7.628578,1.5708032
EDRF1,15.234477,-6.2325287
MDN1,-8.274985,1.7131618
SLC2A4RG,17.28415,4.5890837
PPIL4,2.4689384,7.906472
HOXC13,0.42166114,-9.957672
HIF1AN,6.038051,2.237941
PBK,-3.0714278,12.5994625
CSNK1G3,7.185904,1.1019268
MTMR9LP,3.274402,3.0327554
PRADC1,2.016701,10.260678
TIPRL,6.1773367,-0.047055226
ZNF398,3.7883909,12.512906
SAMD4B,8.214124,6.6569858
KNL1,-3.5737069,12.513708
PLEKHO2,-4.2305236,-4.66261
SLC25A19,-3.5397723,11.352239
ZNF853,2.515538,7.2816296
EIF3F,-0.54423416,14.827902
CCM2L,-2.154191,-7.101554
PRPF8,4.4278893,9.622858
CADM1,3.131809,18.855188
ERBIN,7.429479,13.041963
MAP1A,6.5771966,13.711122
ANKAR,5.49451,4.8917317
CPED1,-1.2645557,5.0172787
TM7SF2,10.566133,9.254141
APBB3,7.2282653,-7.073777
SHPRH,-4.29435,-1.6584002
CTU1,12.542201,10.817327
KDM7A,-10.470791,2.269556
ME3,3.2759254,3.0236604
NPIPB14P,14.661434,7.5629935
ENTPD4,14.656652,7.5633388
TGM3,5.579522,10.188743
ZNF142,-8.29345,2.0650918
UBE4B,2.6016254,-1.5248522
YWHAH,6.852104,12.614256
ZDHHC3,5.229602,2.1761465
SF3B1,2.7887228,-6.6847024
ARRDC2,7.3436675,15.40646
PUS7L,7.6390333,1.5812972
TRPM1,-6.528984,15.407236
RTCB,7.073831,18.780634
KDELR3,-7.6515265,5.7951455
NR2F6,5.8932323,-4.1038227
MARS,10.495509,-2.5324926
HGS,4.0071473,6.3071074
MTX2,-1.145329,-4.4902244
SUV39H1,4.525004,-3.392331
MICU3,-0.39168638,3.40718
DDX3Y,-2.1719987,13.856869
IL6,9.379151,-8.214349
RAD17,3.9288414,11.87676
PLXNC1,-6.5062838,15.3758335
HMBS,-9.76253,-0.78083456
XRCC5,1.470436,10.025669
FBXO34,-3.8402288,-1.9043435
KHNYN,3.1744912,13.643119
ETV6,12.243768,5.1542606
PSMA3,2.1793435,-4.5115733
TRIM3,-12.289222,5.742022
ARID1A,3.7772202,12.529632
UBASH3B,-4.4120183,8.7838745
TMEM127,-0.046649646,-1.4912367
KBTBD11,1.831762,6.342244
GOSR1,9.028535,8.176573
FOXC1,4.4344387,-10.464004
FAM83A,7.1381145,9.830142
HCK,-2.4440417,-2.9739702
TRMT2A,6.0392137,-5.2332015
FERMT1,7.118295,9.322303
LMBRD2,3.2461655,-7.705268
NUS1,-3.8158498,-6.7044616
GINM1,8.236789,-4.4967628
ZKSCAN7,12.373224,7.2204013
LMNTD2,-8.6471195,-2.870659
GSK3B,7.567787,-9.183378
KANTR,15.406472,9.652469
HNRNPUL2,4.3656096,9.835222
LGALS1,0.59738237,6.786285
ITGA7,-1.673439,6.8444853
EYA3,-11.758854,9.594365
HTRA1,7.1978617,13.526692
CREBL2,-9.608155,7.6508093
POLD4,-4.1817017,0.91747147
PTGES3,4.1225414,4.0418715
AHSA1,10.516345,-2.0782278
ZNF585B,11.4883,5.942087
CD302,-0.5902528,0.48307353
SLC1A4,-6.390749,15.257697
ZDHHC8,5.71629,-4.005319
IMPAD1,3.930134,-7.307379
MB,15.279103,6.429698
DUOX1,-3.9156847,5.399211
VIT,-0.13926221,-0.1618182
LYVE1,-0.2885085,0.11617837
AASDH,12.941234,2.7584767
PPP2R2A,1.3180888,15.358398
SCARA5,-7.6457953,4.3603306
TOMM5,3.4915476,4.425172
MRPL37,6.5907984,19.134432
FBXL20,2.6265156,-10.724202
HEATR5B,3.292781,13.705083
PTP4A2,2.724564,-4.0770288
STOML2,6.335307,19.138355
KIF7,11.587064,12.277505
TEAD2,-3.9578767,-4.6317415
BLOC1S6,-9.48085,7.5389223
PPP4R3B,2.892252,13.525452
SCFD2,10.813293,-2.5003653
RERE,-1.5817397,-0.23087534
DGAT1,-10.207476,6.2487874
KIAA1468,-8.466525,15.365545
ST14,-4.850035,6.3845773
PIGV,11.8146,5.523069
HSPA1A,13.295085,7.856969
CD53,0.50788134,5.661432
ZC3H15,9.930546,0.50757957
NTN4,1.4918019,0.65858626
TMEM59,8.246836,-4.4744506
TMEM167B,-10.703746,3.0254586
ZBTB10,-1.903315,2.2815769
AOX1,-0.15629774,-0.13737676
MXRA5,-7.401582,11.935619
ZNF181,7.095073,0.5835264
SLC25A39,-4.3378673,6.4223957
AAED1,5.989249,14.444516
RBM10,-2.5605757,8.490527
B4GALNT3,5.6506424,7.067058
ZNF134,8.271065,9.470413
UNKL,4.4406567,0.6852538
FBXO4,12.278849,5.117003
PDRG1,-0.6859818,7.471198
SRPX2,-0.28661087,0.13262682
FAM160B1,0.17742455,14.691739
ZWINT,2.5842488,17.065426
DDX10,-11.301792,0.24985054
CLMP,-0.03791095,3.312535
PTK6,-4.024104,6.6228623
NUPR1,3.0982552,-3.1635873
YPEL5,1.0464317,12.127075
LST1,-2.5488896,-3.0903296
ZBTB45,8.11887,-2.5724447
CXCL14,6.0503807,5.587788
DCLK1,-0.14821212,-0.13818745
DNMBP,-11.73109,9.622485
RCC1,10.129075,6.7047815
CCDC97,-5.396189,10.820053
FBXW4,8.929702,-2.3359706
HN1,-9.859162,-0.86609066
ZNF675,-2.240512,4.019141
REM2,-8.488562,1.1854502
KLK6,7.087541,9.833764
PPP6C,9.9529,3.7984788
MTA2,-3.973687,6.6187983
CDC73,-9.031723,7.300692
AHNAK,5.97591,1.6085734
NFX1,-11.204438,2.8863294
TBC1D16,2.359342,7.1016235
IFIH1,-5.2078595,-3.8348906
PIBF1,6.3554435,0.27189633
MTIF3,7.03798,0.6349009
GLMP,5.4759645,-0.5446041
KRT19,-4.931494,13.023389
BLZF1,9.375256,-7.3338356
SMPD4,4.035614,6.33551
TRIL,2.6824598,5.3518724
ARFGEF3,1.564477,1.3484108
PRR9,0.23395273,-9.714676
WNT10A,-12.999971,-0.4464594
ZNF622,9.842675,3.1270113
MRPL24,10.778268,-2.3769917
PROM1,-4.900001,13.019543
CDH3,12.5600195,-0.6186109
PDK2,8.750095,-2.0113854
DCLK2,1.120538,3.2069368
FADS3,-0.08453023,3.2759943
SLC7A7,-0.31624267,-0.05534057
TRBC2,0.5329338,5.1307416
MCRS1,7.9528575,-5.043863
ETS2,-0.9464781,6.379888
TTI1,3.828378,12.225491
LPAR1,-0.5893743,0.27273875
TRAPPC1,-4.507669,10.4279585
ZBTB26,7.2430677,7.5375376
SUN1,2.6999097,-6.5340724
INVS,-1.246233,0.6938833
RIPK4,-0.68001527,7.3877645
ZNF664,-1.2932214,2.5894735
TMEM56,8.860149,14.438673
IL17RE,2.5740368,-1.4830705
RAB35,4.0392556,9.704008
CBFB,-9.032661,7.3012376
PIN1,-4.672006,3.5858233
AURKB,-5.777246,9.781621
INTS13,10.034848,0.19839695
ATM,1.7730615,10.52185
VKORC1,-5.182915,-4.679231
MYCL,4.5971513,8.189931
ANKRD46,-5.9158654,2.71344
ZDHHC13,-8.464799,15.364241
SNTB1,11.811161,2.3932848
PABPC1,13.595463,8.132226
PROSER1,-0.010462853,-1.4772379
ATP5C1,2.9903784,4.0852866
QTRT1,5.9002113,-5.0660467
ZNF570,-5.7162404,2.826465
NREP,-7.508627,5.7722526
MYC,-0.9386853,6.3824644
FUNDC2,9.249385,11.384689
RARS,16.096706,9.838137
FAM214A,6.2706237,15.681468
ATXN7L1,3.7610586,12.473267
DLG1,1.7127509,16.121197
KRT1,-5.547801,0.4627199
FIBIN,-1.1581564,0.4675108
SPRR2D,1.2105813,-11.8983135
CNOT2,-10.697581,3.063076
NECTIN1,-2.6289897,18.339329
EPS8L2,-3.887264,1.5417136
BHLHE40,3.634043,7.9676533
FAM69B,13.54052,8.056746
HNRNPA2B1,13.504763,8.002834
CLDND1,6.2461166,15.673579
SNHG1,9.222326,0.28603753
SOD3,-7.6780157,4.274681
RCBTB2,-2.658337,10.275596
SPAG1,7.5447974,10.8494215
ANXA2,1.6621591,10.871071
RALGAPA1,3.1297843,13.897121
CYB561A3,-6.386637,15.253566
SBNO1,9.068909,8.165167
ZNF571,11.511824,1.3574032
PIKFYVE,3.3336856,-7.6286483
AARS2,0.24839723,10.324922
GPC2,-8.630071,-2.850465
SOX6,-6.8056517,14.521359
PEF1,0.87406456,-0.31031287
BTN3A1,3.9388397,5.041607
RPL18,0.7986855,13.513169
EIF3E,6.230794,19.17258
CSK,10.689895,9.095773
LPAR2,-12.786218,-0.90611404
FBXW7,-6.8049316,14.520948
SPNS1,-5.034917,4.627447
ZNF135,11.063812,5.7184653
FZD1,1.407783,1.7220739
EXOC8,-11.162798,2.8729985
AP2M1,1.7342461,10.868236
NECTIN2,7.536425,-2.402106
DEGS1,0.72253144,-1.1165456
ELMOD3,-10.010585,5.8017635
NAA20,-1.1553798,-4.4857225
TFAP2C,-11.663153,9.685749
ADAMTS4,9.333537,-8.178872
CBX6,-7.645898,-6.04053
PRSS2,4.254772,-8.907595
LIMA1,-3.4029377,2.0297997
LDAH,12.389793,5.7600455
CYP4V2,1.5026821,0.4724507
MVB12B,8.842547,8.2962885
MFN2,7.3785696,-2.5803645
CCND3,9.250083,10.096783
MLH1,10.792322,-2.4680738
TRMT112,11.827136,-3.033263
ZSCAN26,11.399218,6.4918437
POLK,5.7575254,-1.1685623
GPN3,-0.7463182,-3.5058544
PPP1R14C,6.004234,9.974438
VWF,2.9812527,-0.16751699
CADM4,-0.5360595,7.1328835
TNRC18,-2.086828,9.167916
DLX5,4.5991893,8.190682
DLAT,-0.8570253,12.71662
KNTC1,-6.0393996,9.524949
ECE1,4.8830876,15.617126
GUK1,-0.324756,8.906934
SELPLG,0.50817084,5.6540694
TICAM1,0.89273846,11.976466
GRWD1,-6.7655582,10.604975
SACS,0.6477037,4.169932
MFSD6,-5.2611523,5.552606
ZKSCAN4,12.857583,2.860286
EVL,1.6119657,18.740023
TXNDC16,-9.623345,7.6643395
FAM208A,-4.395012,-2.1164951
DDOST,-5.2485185,-4.703881
KDM2A,-0.00582339,-1.4699471
CCSAP,7.455181,-8.945357
MZT1,5.7692804,-0.23108982
CACNA1C,-1.5992875,6.8049674
RPL10,-0.5678004,14.823436
CKMT1B,7.4754124,15.287958
JMY,-2.138835,3.9110155
GSTM5,3.0018933,5.381378
GPSM3,-2.4327443,-2.9590516
SOX5,7.027674,-8.572075
CYP27A1,2.75352,7.265019
SMPD1,5.845886,-3.5733988
DHX8,-0.047623564,-1.4923478
ARPC1A,10.679986,9.107582
SERINC5,0.43716437,-1.2843733
MED17,11.48872,1.3198056
WDFY4,0.3419759,5.2257566
LAMTOR3,6.181163,0.031478096
GPRC5B,-7.817799,-0.12645933
GDF7,5.819078,2.1854053
TMEM45A,5.9343534,9.998047
FAM20B,-9.679067,12.762124
CST6,6.910025,9.882838
FZD7,4.43632,-10.467164
TMX3,-1.3458332,1.8676085
ZC3H3,-2.3034902,9.242291
TGFBR3,-0.6822057,0.45344707
ACTR1A,16.206558,7.425734
MYH7,15.26766,6.419462
UBE4A,5.958981,1.6409835
LYRM9,13.530428,8.037624
RBM4B,10.75354,6.5977154
GLIS2,3.1922112,5.6213365
PTPRB,2.7625332,2.686293
TATDN1,-0.9517961,-3.7611363
FBXO48,12.575473,2.5847805
NHLH2,-6.6521144,14.6976795
PADI2,7.842776,0.12984449
BARX2,4.436301,-10.467106
PURB,-11.224515,2.9127657
HDAC11,-1.3482141,9.905056
NDUFB6,3.2018363,4.411878
VEZF1,-1.5749626,2.809631
UBE2W,4.902598,-1.6437895
GRIK3,3.4453475,5.756626
ZNF793,11.081986,6.723139
PSPH,9.143651,3.235711
METTL17,5.67006,-5.3887377
RAD51,2.7014108,17.206877
AOC3,-1.679196,6.849152
DSG2,-4.7601943,12.871707
RPL10A,0.86756957,13.681934
CERS4,-12.737348,-0.95968485
PSKH1,4.5086703,-3.411124
GPC1,-5.231049,7.1244564
GTF2F2,9.193425,3.9123602
UBQLN4,10.495536,-2.5289266
KLHL7,7.9286575,12.517491
ANKHD1,3.3749452,13.630506
ERCC6,7.1360865,-8.63421
HAUS3,2.9162133,-7.9743075
PLEKHO1,11.59339,12.256155
MAPK6,1.374068,15.407291
PPP4C,-5.2006345,10.625911
ARFGEF2,-10.830915,1.9007167
KLHL3,3.840028,4.9953327
PIP4K2B,16.684149,11.622808
TSPO,-3.5536306,10.142513
ZNF546,11.465185,5.9691606
CCDC121,11.500828,1.2269046
SMO,-1.3500102,9.903037
PYGL,12.594631,-0.64049834
CAPN7,-4.168221,-1.9127357
BRD3,-6.3773065,12.975117
TTYH1,-8.002291,-1.032999
MINDY2,4.050104,-1.7990772
RAVER2,13.1497965,-0.9092079
CAPNS2,-4.6478825,6.341231
DHX57,7.5056744,3.6947286
COQ4,-3.989949,6.8387027
SAMSN1,0.7165887,5.498568
DAPK1,4.7791133,15.65153
ATG13,5.665609,6.830856
ANO9,-3.5975187,4.5443554
CFH,-0.23369609,0.058940217
TMEM159,-0.61808485,14.733419
ACACA,9.221236,7.9122996
EBF2,3.0543776,0.08628742
ZBTB7C,-0.53824115,7.1400204
ARL5B,-10.4263315,2.6863558
LSM14B,-2.2591603,8.873009
THUMPD1,-9.600931,7.64306
PRSS1,4.272031,-8.92679
RPL27A,0.8907236,13.71523
ZNF106,4.2598243,-3.875806
AMBRA1,5.4737716,-3.1079493
UBE2R2,5.501186,7.2500453
HOXD8,2.7095606,2.7305472
SNHG10,-1.5408425,6.724328
FCER1A,-2.5746388,-3.1286552
PIGU,10.794074,-2.473702
SPRR2B,1.2105817,-11.897637
PPP1R15A,3.624155,7.9674582
CCT4,13.447027,7.955005
UGGT1,9.360027,7.7824087
LTA4H,13.595278,8.123371
FAM57A,-4.6893106,6.3498626
EMC7,6.217179,19.21335
SSC5D,-7.40997,5.0264087
KLHL9,13.707262,5.9202194
KRT6C,7.172228,9.824716
MPZL3,10.565751,9.261085
TALDO1,-0.35278293,4.55073
PRAF2,0.518151,7.351335
MANF,7.4541707,-2.0199635
FBXL4,7.0311966,12.441498
DNAJB9,-9.274169,4.346569
NUDT16,-1.1307514,-0.38863614
RBMS2,2.8469656,-0.19078372
BTG3,9.934251,0.5004083
RAC2,-1.815123,1.0361463
SRRT,-1.5644408,15.270161
ANKRD52,9.015932,8.110822
GPD1L,6.046988,15.8594675
SPG20,7.983249,-4.9946985
TPD52,-2.2029603,4.0158963
GOT1,-5.1412635,12.937966
SLC9A2,-4.668879,15.313959
ZBTB39,4.3269396,-3.6394792
PLSCR1,-0.47559783,-6.913554
RCC2,-3.9624162,6.5752344
ZNF430,-2.235088,4.018746
LIPH,-5.8854394,12.38422
CYP2J2,-3.7842672,4.3495135
ZFAND6,-2.1178083,13.464694
DGCR14,-5.3980856,10.789109
RNF141,-2.20281,4.0096006
CDS2,-1.5323974,-0.21803352
PDK1,-3.6629128,-1.5797786
LIFR,2.4403696,-0.17312817
LNPEP,3.072594,-1.9838042
ZBED8,11.414066,6.4813633
DBT,7.019442,12.431095
DDX56,-1.5677267,15.27159
KAT6B,3.5944881,12.871607
IVL,5.2150984,10.502117
KIF1A,-6.382514,15.253513
CEACAM1,-4.883104,12.989277
NCK1,4.5895586,-2.0283284
ZNF862,10.781636,6.044834
ANKS3,6.036472,-5.2236323
SLC16A2,3.173765,5.052436
SFI1,-4.0749106,7.1507354
HEY2,-3.4608512,15.155954
RBFOX2,16.684263,11.622838
RSBN1,-3.8793204,-1.862647
AP1M2,-3.3939734,5.1122155
PCDHGC3,6.8742957,12.594243
CUL4A,-2.8959742,-9.23247
SBNO2,13.153648,-0.35585374
NLGN2,-4.373028,-4.496988
AOC1,-4.6985517,15.344718
SDCCAG3,-6.6050153,1.3079981
FGFR3,-5.5515237,0.46535498
TRIM52,7.2682323,7.537187
CD300LG,3.0494592,0.097089656
WDR5B,13.597883,5.996015
TM9SF1,-0.3695127,-2.313028
UBA6,12.134874,-1.0087247
USP9Y,-2.1789272,13.875585
VSIG10L,10.353147,9.425691
NCLN,-9.946685,-0.950762
EIF4A3,1.5207486,10.334334
GTF2H3,9.135371,1.0259277
DHCR7,-0.53627175,7.1370187
NBN,-3.8863132,-6.7574353
SMAD4,-9.535903,7.59003
CORO6,-12.256695,5.708015
NOD2,4.8922544,10.786617
FAM46B,-0.076162264,8.694365
DDA1,5.7495055,-3.1773365
YKT6,11.352033,16.285677
MAF1,-3.1555345,-0.72676396
FAM149B1,6.839385,0.66224486
IRF1,13.230813,-0.3705077
UQCR10,3.0837405,9.566321
RPL24,1.433397,13.987172
EOGT,-1.3198957,2.3565404
CDC42BPB,-8.190327,2.3059845
KBTBD7,11.492281,1.24637
BFAR,9.161901,3.21828
DSTYK,9.038865,8.1084795
MPZL2,12.108047,-1.028343
CHD1,9.614669,3.5341194
BBX,-2.4042892,-6.22339
PIK3R5,14.089802,-4.6814003
PIGH,-2.8968222,-9.232342
ZNF740,8.972687,8.162869
ZNF443,11.489733,1.2623023
TBC1D1,3.3495657,1.6120714
NBR1,13.047367,-5.7440577
PPP1CB,5.5920763,-0.5126384
SMYD5,10.9472475,14.25018
UTP14A,-11.332579,0.21886861
SLK,3.704689,-7.4873347
TSC22D4,5.541779,-3.192652
MAK16,8.925859,1.2726423
ASIC1,-3.4965956,15.94834
NPEPL1,6.004143,-6.1530814
SYT8,-8.336956,-2.4689825
NARFL,8.507596,16.772915
MAPK1,7.5811815,-9.203216
BTAF1,-9.102026,0.36137
MIB1,3.3476079,-7.6333046
CPNE2,9.303492,-6.517472
BCAR1,-3.9365027,-4.636546
LANCL1,-0.8071522,12.736479
JAK3,-4.5499344,-4.456284
STRN3,4.8940806,-1.6598058
CCDC94,-5.3885875,10.814683
SPATA5,11.671246,5.3155847
TOMM20,-8.343658,2.955901
ATG12,2.4206674,8.378657
DCUN1D5,-1.1549586,-4.4955025
SQLE,-5.392991,6.893544
MOGS,5.8152313,-4.84447
DAG1,-8.17612,2.697037
THEM5,6.7001753,10.153599
VKORC1L1,5.638323,16.986042
NEXN,-1.10045,4.7983294
PFDN6,9.936212,-4.948861
DEGS2,6.207431,9.687174
CLDN8,1.2058152,2.0010219
GGA1,-2.5561392,8.493205
RRAS,6.2031746,13.204041
ATAD3A,-6.4941974,1.4830325
BTG1,-0.680993,7.465304
WWC2,-1.7167661,2.403885
ADD1,3.3589225,1.7245212
BOD1,-8.296158,2.9085386
MARCH7,4.5495133,-2.0059495
SNHG12,9.206258,0.2747511
ZRANB1,-2.1360924,3.904076
PNPO,-3.765682,11.203582
MRPL50,9.69385,0.047805298
HCAR2,5.0153933,10.703447
DPH3,-1.3145077,-1.8005935
PPP1R14B,-0.38684937,9.248475
CSTF1,0.8877215,-1.4962527
ZNF350,-5.8673415,3.1251543
ABHD13,6.144969,-0.35792634
CLDN5,1.8867912,6.250104
CHORDC1,4.6334634,-2.0560915
NBEAL2,5.61796,7.0903816
TBC1D13,4.512255,-3.4077716
LSM1,3.455658,4.413676
TMEM184A,-3.6243114,4.8556666
L3MBTL2,-3.7785988,11.264528
MPEG1,0.34990826,5.23548
FAF2,-0.019778624,-1.5145112
RPL30,0.9758531,13.760631
CDKN1B,-3.8648498,-1.890101
RNF130,-7.8216558,-0.1251407
ADAT3,5.8884144,-4.118283
UHRF1BP1L,-6.9343586,8.334846
CDC14A,-4.4617877,-2.1733892
NFKBIB,-2.5954676,10.243446
ADAMTS2,-7.3685203,4.121072
TUBB2A,-3.5444164,6.2510595
CAND1,-0.80426025,12.7416525
TIMM44,-2.4730089,9.423898
PDLIM2,5.556102,-3.4190528
KIF13B,5.865743,1.7641481
EVI5L,-5.1680174,10.671265
MYADM,4.785153,15.673429
CAMTA2,14.403349,2.3838127
ADIPOR1,5.0735474,10.105936
SNX8,2.374246,7.126027
LIMS1,-6.934314,8.338192
PPARD,6.136175,-3.687518
PLA2G3,-5.3786798,6.859371
ATP6V1F,7.460691,-2.046454
PHF3,-3.8917413,-1.7476889
RBCK1,9.972615,7.011718
EVI5,7.4245353,12.67238
ZNF137P,11.498576,5.9384737
RAP1A,5.413006,-0.53994346
OPA3,6.2673626,2.2902954
CRLS1,-0.74662614,-3.506623
KCNK1,-4.9441185,1.4855146
LSM14A,9.96974,3.6893387
HAUS5,5.593657,-6.031036
RDH13,3.6850643,-3.0853665
RNF32,-9.104402,0.35863945
CEBPD,-11.116981,-1.8243715
CYYR1,2.3574812,2.4091153
HSD17B8,17.284199,4.589267
TMEM101,-1.2921252,2.3579924
RMDN1,12.266827,5.1306944
CEACAM6,-4.670193,15.315052
SOBP,3.1818829,1.9105693
PSME1,-5.005036,-3.8869383
PSMC6,6.1914015,-0.02122869
TSPAN18,3.1629655,5.0853853
PYGM,15.20931,6.375892
ENY2,5.8043084,16.987146
TIA1,7.5053096,1.4379815
PITPNM3,-1.3839906,9.847849
CRYBG3,5.9900107,1.6015971
CLTB,5.298947,10.361269
KDM5A,8.220238,9.501489
ARHGEF37,5.91336,2.245855
SDE2,2.8630483,14.5961895
CC2D1A,-3.8945472,1.4298569
TRIM8,10.569106,11.264947
RPAIN,14.638056,7.5377727
MT1X,0.0951241,-7.1071563
ZNF808,11.495982,5.939097
DCD,-8.0188465,-1.3930311
FIGN,2.4977567,-0.2670851
YTHDF3,4.1134257,-1.8157475
PHF8,-8.159941,2.35106
FAM149A,-7.436461,-5.8231883
GOLPH3,-9.016825,7.293361
SIKE1,7.4223137,12.663444
CAPN10,8.624539,16.622952
BSPRY,3.69473,-3.0746002
STK19,-0.32070425,8.9208145
ZCCHC6,1.7460862,16.148933
COX4I1,-4.7463713,3.932873
SLC12A6,2.62875,-1.5493058
IFIT1,-5.367961,-3.4092662
LCN10,7.2945614,14.946236
LPAR3,1.1969877,-1.1887888
CNTROB,12.35861,10.986054
NCOA5,12.866392,2.884612
AFF2,-0.14516586,-0.16047639
CDC45,2.877863,17.351973
APBB1,11.562659,12.228698
LRRC47,-5.688136,11.066747
CCBE1,-0.32327566,-0.054086354
GPHN,-5.886713,4.306157
TXLNA,6.282522,2.2903166
TNFRSF18,-5.2318463,7.1052766
CKMT1A,7.4807234,15.286934
EXOSC5,-5.9633875,11.350333
TNFRSF13C,-8.342792,-2.475132
ZNF517,5.3907595,-8.837957
ORC5,9.545914,0.53828186
CKAP2L,-3.561656,12.530011
FZD4,15.153958,11.768837
NF1,3.3810482,13.606303
AAMP,-2.5038877,9.456717
GSTO1,-0.38444355,-7.040442
OLA1,-0.7868372,12.783132
WDR82,4.469541,-7.028958
PCDHGA6,11.056319,5.7049427
NUCB1,-7.683045,5.362304
LIX1L,6.6014876,13.706666
ZBTB21,2.8635874,14.594613
SPTBN1,-3.1555789,-0.29677752
HIBCH,14.68059,7.5761437
UQCRB,3.7462118,4.175535
CHTF18,5.5967317,-6.025731
THSD7A,2.3688962,2.4099894
LIN7A,3.1149087,-0.101375856
SERPINA12,6.652565,10.111351
SNRPD2,11.829899,-3.0340345
ZNF268,-5.7811093,2.7866273
ITPKC,-1.0000615,6.3577366
SLC15A3,6.164639,13.672711
ZNF581,-0.5434774,14.830813
EPN2,2.6287606,-10.7235985
TTF1,-5.6596794,2.9207346
FGL2,-7.362564,4.9833364
MED8,7.8788705,9.616629
PI3,1.2099988,-11.894924
DIP2B,-8.4692,15.368613
CCDC92,11.613507,12.291512
DCLRE1A,3.8527243,12.012802
ANGPTL2,0.5356227,7.2772503
RPL36A,1.1266128,13.853413
TMEM175,5.6021023,-6.020612
ZNF74,-3.5648198,11.3392935
RHOJ,2.2239387,4.799536
SLC39A3,-5.7753716,10.579933
CDC5L,4.097541,-1.8116452
PID1,-0.6565312,0.32619917
BRD8,13.19513,6.2198873
HIPK1,-6.3484774,12.958248
FAM198B,2.253612,4.8348713
WDR5,10.603052,14.530042
PRG2,12.225456,5.189849
FBXL15,12.595613,10.767213
TRAF7,4.840029,10.823764
S100A11,1.5525606,10.31516
PIM1,-0.6792011,7.1479254
COQ5,12.654317,5.969719
PHB2,-0.5665581,14.822583
CUL3,-11.269862,2.942303
RUNX1,-4.578278,-4.85755
CENPH,3.1189754,17.701683
CCDC186,-10.403826,2.595745
ITPR3,5.6085753,7.074915
SERPINB5,7.0814605,9.319933
OTX1,-7.9543905,8.436518
GOLGB1,-4.284162,-1.6687742
TIMM13,-5.6726346,10.684936
ABHD17B,-2.132975,3.9013515
HIST1H2AC,14.053432,-2.2803113
ZNF264,9.019397,8.185632
CHKB,-9.886746,6.0899844
XPO4,-9.665602,12.774424
RNF138,5.660269,-0.4686411
WIPF2,2.5093906,-1.3965007
PLEKHA5,7.0446653,-8.588536
ATP11C,-1.701406,2.4207141
MIGA1,-2.5456228,-6.076628
SLC31A1,7.555946,10.778879
GEMIN2,-1.14435,-4.5128922
TEX30,-1.0639483,-4.118563
IGF1R,3.1420243,13.672506
MAP2K4,1.7240938,16.107594
EGFL7,-2.1535432,-7.1032124
NAP1L3,-7.70025,5.833941
PPP1R13B,5.469501,2.8495162
CDCA4,0.64860517,4.1740522
PALM,4.4912195,11.012323
MYO15B,6.0020256,13.361714
DNAJC21,4.9535985,-1.6123106
SCNN1B,6.2187514,16.429047
SNRPC,6.929666,19.44876
PQLC3,-7.671531,5.8382106
ADAM22,2.6143222,4.0645785
TMEM265,0.87584215,-0.30693856
RBM25,2.7703261,-6.6477213
IL32,-4.9669905,-3.9483116
TAF2,2.8812053,13.517767
RPL37,1.1002108,13.849211
ZNF592,-8.288473,2.0649238
ANXA11,-3.1509075,-0.2911748
UBL3,7.472834,13.1850815
ZNF146,3.667208,11.849704
RNF39,-0.714684,7.068133
KLK9,5.71141,10.03854
G6PD,-0.35395664,4.550744
ATP5J,3.0008478,4.13567
ARPC4,-2.6193802,9.738424
ERLIN1,12.655396,5.9656563
FRAT2,4.59818,8.189778
FAM20C,12.91072,-0.5582851
EPS15L1,6.7655764,-3.0038173
ANGPT4,4.277314,1.0833148
ZCRB1,-1.0778126,-4.2551928
LTB4R2,4.7970233,10.859181
TTC37,1.7166513,16.171291
FAM180B,-7.3952355,5.007516
GPC4,1.4760392,0.55735976
PRKCSH,-2.4757059,9.792805
PUM1,4.105766,10.289854
SUPT3H,13.501773,13.018533
SLC30A5,7.423893,12.668294
CAB39,9.810779,4.0341296
SH3BGRL,-1.8694307,5.318063
PLD2,4.7825613,10.879566
PTCD3,1.4866383,16.411627
ZFR,6.042939,-1.5324502
DUS2,-0.5369205,9.264719
TEF,8.759281,11.924243
MTERF3,7.1081514,1.0045638
CISD3,3.2725039,10.039934
PTPN11,0.17226431,14.6895685
ARMC10,-0.4929182,13.126422
TMEM5,9.662217,0.08265509
COA5,15.407689,9.653818
AKR1C1,1.4549392,0.7048014
BRCA1,11.654287,5.3353915
FCHO2,4.031026,-1.7919751
ELK3,-0.85838133,3.3014061
SEC61A1,8.208893,2.7525814
NOXA1,1.8536906,-9.267002
SSH3,-3.7528906,1.600098
MRPL42,-8.220723,11.878981
VWA8,13.127178,-0.88628334
DOCK9,3.121951,13.919844
TWISTNB,3.3710837,-7.229618
HSPB1,3.2571445,-3.129277
PSMD7,1.6991692,-4.6627254
CXCL16,1.6650178,10.861328
GLTSCR1,8.124081,-2.5732458
MROH6,-3.787506,1.5876346
FLT1,3.3295665,-0.38689908
DNMT1,3.1625395,17.615448
GINS1,2.5882869,17.071138
MRS2,3.931693,11.878232
DMPK,-1.9913186,6.9295154
PSMC3,2.0075598,10.285776
AK2,7.9606333,3.1002264
LAMTOR5,2.0324073,-4.793039
RTFDC1,4.413674,9.644607
CNOT9,7.08148,18.773104
OGFOD2,8.6249275,16.6228
CYCS,9.912839,0.48924795
MAP3K2,3.1215477,-7.198943
PITHD1,1.6050662,10.179041
SMARCD3,2.6066878,-10.704854
PLEKHH2,16.518787,0.7324826
FAM127A,-4.694904,3.450969
PCYT1A,-3.4940767,4.675413
SCN4B,9.012703,9.935408
DCAF10,2.861379,14.527751
GABARAPL1,16.534388,0.7553994
ANPEP,-0.15330665,-0.15817986
ZNF639,-6.930011,8.327327
KIAA1671,1.2253828,1.9808772
MEIS2,1.5042976,0.48056638
NAXE,-9.7584095,-0.7734037
NEO1,7.4300632,-9.019321
CENPJ,13.23604,6.2209325
ABL1,0.066485055,-7.1606684
RNMT,3.4675465,13.585078
CUL5,3.2438285,-7.706415
RBM33,5.366113,1.464142
QPRT,6.0467997,5.5878797
AAR2,-0.052697055,-1.4928961
S100A10,-5.215641,-4.694212
TIMMDC1,12.336213,6.199491
PIGQ,12.374649,10.970843
NUDT3,-9.67963,12.761844
SET,4.440106,-7.0408845
IRX3,9.025784,9.913408
PRRT2,11.919068,-6.513394
PMEL,-6.4862137,15.371919
DCTN1,1.7402729,10.880714
PLEKHA1,-10.12343,2.8835049
MXD3,5.6783733,-5.9175396
SEC23A,5.92967,-1.3950639
VPS33A,0.88841236,-1.5083625
LATS1,2.9960823,14.476191
GALNT14,1.224396,-1.1897687
TTC9C,12.602381,2.6070218
ATP2A1,15.27528,6.4242663
C1GALT1C1,5.9424453,2.703999
DDX51,-6.566287,1.3543422
COMMD10,-1.3124318,-1.8034781
TAF13,9.917672,0.49459678
APCDD1,-13.301089,3.8141303
GPX4,10.756268,11.448529
ATP6V0C,-2.6532748,9.755845
TPRG1L,8.931852,-2.3325028
SLC8B1,14.589345,2.1359088
ARL6,13.250358,6.1493096
ANLN,-3.344731,12.823679
ZBTB47,11.6511345,12.325576
SH3BGRL3,1.7164918,10.820916
TDG,1.3761957,15.410981
SLC13A2,7.855906,0.10778123
CREB3L1,-7.594294,5.7012978
DDHD2,9.974443,7.010607
EPC2,-5.58583,2.9558048
EME2,5.692893,-5.9136543
TROAP,-5.8185196,9.7452135
FAM229A,-8.4922285,1.178468
ACTG2,-1.9985653,7.3407364
SKI,-8.1916485,2.5877335
COX7A2,2.9720075,4.0884805
TESPA1,-1.8090215,0.96465176
ASNSD1,-0.9953048,-3.7287865
ITGB3,0.90205896,-3.1283927
S100A2,7.2057934,9.817127
LOR,6.1590714,9.538143
CTDSPL,9.042718,8.15205
KANSL1L,2.5670178,7.5505
VSIG8,0.42056122,-9.9559555
STMN3,7.733976,10.8501425
TMX2,10.752636,-2.429399
GMNN,5.6357665,16.989935
PPP2R5B,5.613649,4.4826064
ACADM,8.85099,14.429739
CPA1,4.272223,-8.929931
SEPSECS,2.9463603,-7.944884
TREX2,3.7391202,-3.0939174
SYVN1,6.069551,-4.5861545
SLC35A4,6.7094865,19.149536
BORCS8,-10.180227,6.23792
GRHL1,-0.68189824,7.153685
MPND,0.23962551,10.224076
TRMT1,-9.713651,-0.7305852
RAD51D,12.37046,7.2187743
GOLT1B,6.232511,-0.39032462
ERGIC2,6.492219,0.37709785
DGKD,-0.08878709,3.2696278
MYCT1,2.319033,2.3434541
STAT1,-5.212078,-3.838327
HOXC12,1.2226641,1.9862324
PXDN,-0.9885369,-0.23996454
AATK,3.4581668,5.779297
AXIN1,-2.4627705,8.656926
ARFGEF1,-2.1278179,3.9139423
DIDO1,5.805122,2.173016
STYX,2.8415933,8.282241
ZGPAT,6.8103204,-2.963739
TPM1,-1.0881757,4.808523
CISD1,13.49699,7.9965544
SLC26A10,11.90107,-6.519351
JMJD6,-2.5181725,9.452091
MBD1,14.515429,2.255547
PTCD2,6.8679533,10.2736435
LRRC58,2.840438,8.2751875
FUZ,8.003008,2.9351504
SEC24C,-8.15394,2.3368
DHX15,3.7583551,-7.450851
LRWD1,-3.538506,11.354499
RIN1,-2.6302328,18.340918
ZFC3H1,1.8125101,8.913955
CEBPZ,9.429246,0.3561928
DOHH,-5.713985,10.649874
REXO1,5.776999,-3.160441
YJEFN3,10.6188965,6.567284
MRPL19,-0.85829747,12.717466
CRNKL1,-4.2192707,-1.9620247
UNC119B,4.249435,-3.8744252
ASAH1,7.4720287,13.166199
CDH19,3.471964,5.838611
SAA1,16.536877,0.75649506
YWHAE,10.6559925,-2.2792444
PHYKPL,-9.873136,6.0848002
PHKG2,8.484171,16.794838
RGS20,-4.6198173,6.2719226
ATP6V0A1,5.9689775,-3.5323231
BEND7,3.1308658,0.30786464
ACAD10,-3.893826,7.0708632
APOL6,-5.0806227,-3.8766413
MAGED1,-7.0248146,5.780575
PPM1J,-8.615504,-2.8327978
IL1R1,0.30753228,-6.80522
FAM172A,7.4958835,7.2741723
CARM1,4.379068,9.346323
CAPN2,-0.3010527,2.9268315
FAM65C,16.533844,0.75362974
KRBOX4,14.548696,2.9145122
TBC1D8B,-1.2109182,0.7366238
ZNF654,4.5989957,-2.03136
TMEM241,10.106447,6.690675
ZNF770,1.6685641,15.776332
RARB,1.480023,0.55321485
XPO5,1.1990077,-4.6945844
NAE1,9.395499,0.24046214
PLK4,-3.3511755,12.830221
SECTM1,12.919462,-0.5608714
AMY2B,1.7989151,8.891636
PDK4,-7.394464,11.937795
BBOX1,-5.134842,5.595206
BCHE,-6.810599,14.516381
EXOSC7,-2.2557437,8.86178
CCNB2,-5.808103,9.749769
TNPO1,-2.5483525,-6.07349
DNAJC24,15.234435,-6.232435
C2CD3,3.8289146,12.226159
FGFR2,-11.641883,9.708541
ENAH,8.411654,-4.0218053
MMS19,-3.4750326,1.6829437
ASCC3,-0.58051497,13.030602
OST4,11.827313,-3.033991
TMPRSS11F,6.1436677,9.505313
PPP1R12B,5.067388,-0.39446014
NAGA,6.353224,12.57834
FSCN1,15.763991,-1.5809827
DENND2A,0.97086626,-3.2258856
B4GALT3,-1.4966004,5.8447905
SNX17,-3.0039568,9.560981
NPM3,1.6234652,18.751175
GPATCH8,3.6567476,12.765476
NAA60,14.5285,2.9832761
RERG,-1.5476068,5.1529794
WDR13,-4.1879883,0.91003644
CEBPG,9.190425,3.9056783
ATF4,-2.50207,9.441264
ZFAND2B,-3.5703785,3.5843837
ARL14EP,-2.670153,-5.9474497
RRNAD1,-4.004914,1.2080687
PODXL,1.5016489,1.1048574
HACD3,8.391145,-4.005566
IKBIP,5.8860297,2.6411972
RPS6KC1,-0.99835116,1.0913837
COG6,7.926106,12.519573
ZNF24,-10.78863,2.2182522
RBM14,10.127652,6.7840266
COX5B,3.1216195,9.736274
PTPRF,5.492184,2.795063
PSMD14,1.8071394,-4.6689816
ZFP36L1,-0.8951016,6.4104466
CD1A,-2.5814137,-3.137032
SPRR4,7.0397787,9.849276
MTUS1,2.4435134,-0.17312407
SEMA3G,1.4521952,0.7481282
C3AR1,14.068685,-4.659388
NDUFAF1,12.656138,5.976605
NFIL3,-11.117196,-1.8245922
LRCH3,16.68427,11.622872
ZMYM2,2.9877365,-7.9091754
SNHG16,1.5193526,10.083445
PNO1,8.521892,1.9869881
ZNF224,2.9246082,-7.96665
NPAT,2.8617468,14.604968
TMCO6,13.136547,3.2177727
MAP3K1,7.293813,-8.857535
VCL,-2.337578,6.98103
BDH1,-3.417504,5.1824574
CAPN8,0.23177344,-9.710759
FOXO1,6.477109,16.188744
HSPA5,-5.349916,-4.7133603
ELK4,-10.804139,2.0222566
FAM173A,12.596732,10.769852
MAPK4,-3.6798034,15.495694
TET1,-3.4950006,15.934618
PRPF31,-2.4571102,9.407579
CCDC191,7.4566035,7.311695
TCAP,15.237406,6.3898635
FAM126A,0.8846681,-3.1093733
EXOSC3,13.64879,5.954422
SELENOS,-0.90193474,-3.9715662
SLC15A1,6.8987327,9.886102
KLK11,5.6758614,10.115373
PRELP,-0.11238493,0.4150875
CARD14,-4.0521245,6.423206
TRPC4AP,-1.7563853,16.778215
KDM4C,12.9624815,2.7355459
CAMKK2,-7.5229554,-5.9128103
SEMA6C,-0.37391385,17.893969
EIF2S2,9.66607,0.21554707
ARRDC3,13.813873,5.8759093
OGFOD1,7.6923537,3.3266013
PTPN18,-3.1541636,-0.6920201
CYTIP,0.72678995,5.4973264
AIF1L,11.296415,3.9393466
ANAPC10,-1.1504596,-4.472139
WNT3,-6.774785,14.5289755
PI4K2A,5.4580846,6.9817934
SLC25A36,2.9490454,-6.954729
SPRY4,1.3912662,0.69701886
EEF1E1,9.6606865,0.08798483
TRMT10B,13.577087,5.9918084
RNF7,2.0262341,-4.8039804
P2RX4,7.4068556,13.440597
PRRG1,-1.9171885,2.283641
ANAPC7,-9.758693,-0.7775428
ZNHIT3,-8.429475,3.0264068
EEF2K,0.12864257,14.98915
HOXB3,5.8639984,15.680154
ANKRD12,-4.2410984,-1.7076496
SDHAF3,-1.2679604,-4.63155
POLL,7.23825,-7.0918646
ADPRH,0.821259,3.2073772
TGIF1,0.89773124,11.98022
COA3,0.24074747,10.230613
SNX7,-1.5086334,5.8235555
GNPDA1,5.4863048,-0.54718244
TBC1D14,9.050533,8.062431
PPT2,14.629126,2.175749
BAZ2B,-4.1169505,-1.8495326
EPOR,11.890321,-6.528266
RNPC3,1.7997833,8.893409
ATOX1,-4.5265813,10.435177
MCTS1,9.968189,-4.9915657
TMEM248,-2.0659952,5.6094856
NDUFS8,10.217054,-5.3402834
PCDHB7,1.1262407,3.2055235
TBC1D2B,2.871266,-0.160446
GPM6B,3.4678814,5.8370137
ADCK2,10.63853,9.157341
ARHGEF10L,5.619105,-3.3467937
GRIA3,-7.30865,5.7484097
FOXJ2,4.389819,10.246948
ZNF358,11.716843,12.380267
SPATA6,3.81142,0.42293552
TRAF5,6.20705,13.622227
FKBP1A,1.5671952,18.688587
PPID,6.2553887,19.183418
DHCR24,10.641538,9.13902
NDUFS2,6.6982484,19.167835
ADAMTS1,3.3564036,-0.38693658
TWSG1,-1.6658916,2.4549315
KAT2B,-2.1001084,13.569373
OSBPL11,-11.056992,2.809764
MRPL52,10.231213,-5.3633137
WDR59,-3.4711328,1.681295
CFB,-4.5786967,-4.6045165
ABCD3,14.652021,-0.60772336
PTGFR,-7.403109,4.1330667
CREB3L4,-4.4391904,14.69618
H3F3B,-10.40942,2.6879425
KIAA1462,-1.1076715,-0.31551272
SPRR2A,1.2174002,-11.864075
CNIH1,4.122196,4.0464396
TRIM44,-9.681413,12.759596
KDELR1,-2.4699664,9.788991
CNPY4,-2.8883185,-9.225341
DPYSL2,6.1969724,13.696286
DCST1,13.164662,-1.9877772
NHLRC2,3.452869,-7.642244
EXOG,-3.4865017,1.6703907
HIST1H2BG,14.054261,-2.2817104
SUCLA2,-9.021601,7.296145
TTN,15.325509,6.475102
GPR4,9.322091,-8.170854
DHX40,13.047458,-5.743992
DENND6A,-9.489295,7.543628
UCHL3,-4.3972244,6.4555955
PLCD3,-4.6026306,9.050074
NR1H2,-2.3752682,9.399386
NMNAT1,11.538345,5.675824
PNPLA1,6.868935,10.271585
CLDN11,0.9807559,-3.2391913
SDC3,-7.532556,-5.922422
STK3,7.180781,1.104612
SUCLG1,0.34131858,10.4381895
PPIC,-7.1280184,5.79485
GADD45A,-0.26663235,-7.0719624
KIAA1549,-3.678409,15.567598
P4HA1,16.06602,-1.364311
MYBBP1A,10.910002,14.277634
ALKBH3,7.502202,3.6894994
COL6A3,-0.12574166,-0.42144963
CWC25,1.6839765,15.675352
ZNF383,-4.2623916,-2.0038269
SLC41A2,-7.385634,4.1238055
PIGT,0.536894,7.272749
POLR1D,-0.7620236,14.576008
TBK1,5.0204782,-1.513359
TSPAN31,10.258485,6.6677547
CHPF2,14.528063,2.9803255
TMEM119,-7.0358343,5.770088
HAS3,12.10262,-1.0333202
CYP2R1,10.603954,11.302044
AP1B1,10.687214,9.099284
MST1,-8.63829,-2.861306
CRCT1,-4.8091297,8.626907
PPWD1,2.9191947,-7.9716616
SPRR1B,5.2197447,10.496097
RPS3A,1.5574715,14.120996
KRT79,8.983756,14.570397
ZBTB11,-2.054249,13.670323
CD34,-7.43638,-5.8240323
FBXO21,-6.3511786,12.961833
JRK,5.799092,2.1713715
P3H1,12.622598,1.0768293
PLEKHD1,-8.0017395,-1.020392
SMG7,-0.028859312,-1.4828646
ALDH1A1,2.265275,4.8543434
PFDN2,6.670147,-0.548699
SOX17,-5.6792192,2.9001117
CBX3,-1.0080341,-3.7738385
FAM65B,4.061447,1.2097607
NAF1,10.080483,3.303443
SIN3A,4.352845,10.259674
GYG2,15.343472,11.953032
TCOF1,-6.727895,10.620859
FARS2,10.81413,-2.5010295
HOOK1,-4.951118,1.4732801
ZFYVE19,10.282373,6.804045
ARHGEF2,2.5258865,2.430602
FEM1B,1.6189642,15.730423
SIAH2,10.571056,9.254109
MAP3K3,-1.5958635,-0.22908118
HSP90AB1,13.4230995,7.937858
TKFC,-4.428045,10.369142
MBOAT7,-3.5305789,10.138949
DNAJB11,-5.3501434,-4.7131996
PGGT1B,7.286013,12.578256
LRRC37B,2.6279998,-10.724525
CHSY1,8.416457,-4.023789
CA12,0.6707927,-1.029733
TRAPPC10,-8.290709,1.9897182
LRRC14,8.24813,-4.480636
UBE2J2,14.697302,2.7994294
WNT7B,-5.5508027,0.46653566
HINT3,7.482442,12.5741
RRAD,4.016992,1.216949
LMAN2,15.671436,-1.710824
DENND4A,2.7719114,-4.023943
TRMT6,8.500408,2.0190663
PANK1,7.139517,-8.63327
TGM5,7.1619554,10.561043
RAB3D,-4.876292,5.562125
BCLAF1,-10.797341,2.06322
MRGPRF,2.5865734,4.059788
FAM153A,2.5504363,7.551089
ANKLE2,16.581549,-3.7938468
KIAA1524,-2.7860444,12.46017
ST6GALNAC4,-3.961203,-4.6212106
ZNF416,12.411514,2.452573
ACSL5,2.5815694,2.5703807
ZNF767P,11.187032,6.8264146
POLQ,-5.985333,9.55828
LOXL2,-7.586106,5.5182796
CD1E,-2.579838,-3.1336205
POLR2M,5.3807693,-0.4141177
COL4A1,-0.08874438,3.2770011
STYXL1,10.118977,6.760141
SLC25A35,1.3274201,0.68084335
ATXN2L,-2.5339808,8.527937
ANO8,-1.516222,9.629659
PER1,7.1417947,15.691704
AARS,-5.4023037,-4.741856
SRSF9,7.458926,-2.030438
GJB2,7.2049584,9.816042
RAB6A,9.832515,4.0140185
ALG13,-3.0477583,4.3268147
GJB4,6.4774547,9.967346
UBALD1,6.8007836,-2.9725308
ZNF138,-2.2400415,4.0210676
NDN,-7.630574,4.569872
ZNF451,3.532991,-7.5977864
NXPE3,1.7835037,4.3052206
PRKCD,10.578877,9.243481
MOSPD3,3.2689667,-3.1014776
ZNF354C,-0.7415004,9.428204
TRIM69,0.25191966,10.327484
ZCWPW1,11.1595125,6.7704573
LMNB2,3.1471784,17.598951
CIB1,0.5155526,7.4630766
HERC6,-5.2616963,-3.4627743
SLF2,11.061477,6.7525964
GDA,-1.2133473,0.6017472
IFIT2,-5.3216414,-3.4533243
SLC35B4,-0.6857599,7.419032
PCSK2,-6.4036746,15.269439
TMEM263,-0.42066523,3.411777
JAML,0.3403787,5.2280426
PHF14,11.921671,5.507193
ASIC3,6.0219603,-6.1927958
CDCA7L,2.6337392,-1.5541424
AIM1L,0.87710553,-0.30221844
ABCA2,10.052391,4.1957607
VMA21,-8.219829,11.878461
HOOK2,-8.645698,-2.8712144
ZDHHC5,2.378067,-1.2398442
RSPH3,7.172262,-8.59978
YIF1A,-9.932478,-0.93495893
PSAPL1,6.1821494,9.678919
INO80D,5.299644,1.3873551
RFTN1,6.059706,14.333159
IL34,6.4388366,9.898958
NDUFA4L2,-12.539249,0.99502474
TAF11,-2.8910403,-9.228067
TACC3,-5.8021235,9.754449
METTL8,11.580511,12.246714
HSPB2,11.682799,12.346164
APOBEC3C,6.3331017,12.561821
PRR11,-3.5068464,12.582652
RHCG,10.153221,17.004976
ENDOG,12.567056,10.792669
TANK,-0.9464851,17.003891
PFAS,10.944361,14.253008
TMEM176B,-4.5915723,-4.8397355
PRKD2,-2.2632785,8.876695
NRROS,0.5308894,6.4984984
ADK,-8.441493,3.0355725
TMEM50A,8.24529,-4.508438
GMIP,-12.786584,-0.9061001
FAM153C,2.5439045,7.568637
ANKRD49,2.8117826,-6.712915
RITA1,-3.532699,11.364953
TRIQK,-5.146297,10.664143
TMSB4X,0.58987,6.776253
PAOX,9.993198,7.0158153
STAM2,7.332933,12.6280155
GRHL3,10.560993,9.178501
NDUFAF3,-4.6949496,3.4467385
RNF149,16.101782,9.839643
ANGPTL1,-7.5551577,3.964641
ILF2,7.9777308,2.9676054
TXNDC17,3.8974538,4.105719
PAQR6,-8.355208,-2.4764547
ABCA9,16.50662,0.72442436
ARID5B,0.30667132,-6.812911
EHD3,1.2601326,-1.1701225
SPACA9,-12.969786,-0.48850226
KPNA1,10.09192,3.3487632
RNF115,2.4422276,-0.16078927
TRIM22,-5.060422,-3.838485
TAF1D,9.304296,0.37447554
SSR4,-4.655968,3.724314
CACYBP,13.315393,7.868457
SCGB1B2P,-8.018597,-1.3928201
ALPK2,7.452877,13.273778
PRR7,7.297697,14.935602
CDC14B,0.9251009,3.2335196
CRIM1,7.970267,-5.016525
ELL3,8.349332,4.681669
ZKSCAN3,12.922316,2.967038
GSTA4,7.3958216,-8.980746
LPGAT1,-1.3272231,2.407861
E2F1,9.994774,7.235749
NUDCD3,6.723172,19.145552
SRSF3,4.6618643,-2.0844367
ORAOV1,6.1094933,6.6689095
CLEC14A,2.7490525,2.6889412
DARS2,10.198772,6.7132535
TARS2,-3.8623347,7.092291
IMPDH1,3.2742898,10.050679
GPN2,-3.5487127,1.6554496
YOD1,7.528823,10.862714
CD84,0.37647298,5.435426
LPIN2,5.981257,14.495501
BSG,8.028592,6.7991323
SPPL3,0.18851486,4.247117
STX5,-2.773376,10.071819
ITGBL1,-7.5047393,4.0234194
SIPA1,-3.1578887,-0.72282046
PLOD1,6.483952,12.747124
NAT9,5.8864007,-5.0559072
PPIP5K1,7.4650655,15.311689
ZNF542P,-1.9021002,5.3050437
NDUFAF4,-11.2847185,0.272258
TBX15,2.4361196,-0.15666583
ERF,-1.9857489,9.113622
PCDHGB7,6.8905063,12.610611
LIMK2,-1.376311,6.0211463
ST3GAL4,2.7505836,7.263148
NPM1,-0.9460489,-3.7411315
POLE2,3.1125145,17.68786
PARD3,7.4764557,-5.5766616
ZNF813,1.6961334,11.726809
HSD11B2,10.160903,16.995062
SEMA3D,2.6276317,4.081797
NUDT21,8.235435,-4.4583373
TAF5,-4.2320433,-1.9847865
COX15,-0.42148504,13.211291
KIAA1109,3.2288344,13.766784
RPL15,-0.7551347,14.581099
PNPLA2,5.5863485,6.601208
RAB37,-1.7925401,0.9242285
ACVRL1,6.1717577,13.685755
ELAC2,-5.9160657,11.282321
MZF1,-10.18193,6.241419
LMBR1L,14.593429,2.1385765
FEN1,3.1169996,17.699335
AGPAT1,2.5959055,2.5800238
GBA2,-12.265976,5.7174835
CPSF4,5.8299017,-4.8203545
MTG2,13.160382,3.2428172
DDX19B,4.1722746,6.4907923
TTLL7,-1.2263578,5.0182686
MAGOH,6.6826587,-0.5546606
POLR2E,-3.0075867,9.565342
SCYL1,5.6343937,4.468696
AGPS,-1.3434398,1.8604853
WDR55,6.0051517,-6.1744733
CSF1R,-2.4775264,-3.0121477
STAT5B,-2.0396252,-8.672267
MOCS2,-1.5036064,5.829
MED16,-5.175335,4.3527107
UTP14C,-9.213773,16.010872
ANO1,3.131649,18.855799
CARD16,14.675459,7.569922
LRRC40,5.516845,-0.16505295
ZNF362,2.621396,5.7858543
CCDC167,3.2521362,17.259853
SNX6,5.4097157,-0.5414979
POMT1,5.997368,-6.1586013
HINT2,12.56381,9.56083
ARNTL2,7.603641,10.879562
SPIDR,2.431608,7.683031
COX16,3.503029,4.443754
PMPCB,-10.521756,2.233049
MPV17L,1.5086013,1.0580627
SOCS4,2.812157,13.479481
ASIP,-0.13973425,-0.16604054
DARS,9.884283,-6.428399
MYOM1,-3.4614813,15.157204
LACE1,11.945572,5.509735
TOP2B,3.212101,-7.738915
ZNF628,-8.540666,1.9040828
TAF1C,5.7356434,-5.969675
PDPN,-0.281388,-7.065132
TTLL12,-1.547974,5.8662157
CBX4,-0.06842473,8.684708
EIF2B3,-7.402392,10.36728
UBE2O,-2.4680383,8.6794615
RPL23,1.5479254,14.113143
SNX14,-1.5130607,0.43357408
PIK3R3,3.320177,-0.3677178
LRRC37A,3.2635105,4.5604043
RBBP8NL,8.402367,4.628785
OGFRL1,6.298621,16.348013
TBC1D10A,-1.0496376,6.3713603
REXO2,3.9362602,4.100807
CLDN4,-0.6535712,7.111594
SEC31B,1.8186076,8.924532
CAD,10.955153,14.242906
ATF6B,0.24023072,10.210712
SNHG21,-1.5465881,6.7260647
ABCF1,7.8259377,3.1682253
PSMD13,6.3455286,19.14026
REM1,-2.1545098,-7.104822
SPRR2G,1.2108713,-11.896927
SLC2A10,-7.4014573,4.9844723
PAPD7,16.58239,-3.795011
FAM60A,5.328991,-0.2853603
LIN7B,-3.9358664,1.5193683
MAT2B,4.5041885,-1.9876815
ELMO2,-4.0160446,1.1681122
GRAMD1C,3.0392072,-1.9487203
TUBB4B,-3.549716,6.2586117
SFXN2,-4.015421,11.484532
PDLIM7,-1.9855841,6.937898
POLR2I,12.566008,9.555321
CHD2,16.58147,-3.7935522
KRT9,-13.300955,3.8140657
ACAA2,-0.018164854,3.3263414
MID2,7.6994176,10.842536
MYL2,15.260771,6.416148
SORL1,1.4203423,1.6974418
ZNF502,-5.804717,2.7710776
SLC39A8,-9.1545105,10.526878
RPL13A,0.84619683,13.687213
RAB21,-10.697578,3.0410419
AKR7L,-8.453107,1.2185723
NPR1,3.6173422,1.1518886
DNAH1,-12.3029,5.7597003
SRL,15.20454,6.373555
JARID2,-5.2863483,5.5458174
NAP1L1,5.5363264,-0.67173904
AGL,7.6065354,1.545924
SMARCD2,9.034183,9.901454
RAI1,-1.9972297,9.12088
SRSF4,-6.629064,-0.5297881
RAB31,5.9816136,14.468399
SAV1,-1.8768317,2.2919502
ZNF439,8.993837,2.488462
IGKC,0.5263049,5.139535
STX4,5.9130654,-4.597172
GAPDH,15.766757,-1.5809327
HN1L,6.2835464,2.295772
LRG1,12.564897,-0.623823
KIF20A,-3.4035566,12.66127
QSER1,-9.639393,12.80571
PIGG,6.11442,6.6654873
ZSCAN25,-8.511906,1.7814742
FIBP,-4.5194674,10.433087
RNF170,15.408944,9.653865
BTG2,-0.9368223,6.387905
PPIF,5.293269,10.3570175
MAP3K9,-4.4062257,8.847953
LCE1F,-4.9457545,8.556961
EMC8,-7.2579384,10.429904
ATF1,-2.6639607,-5.9538856
NSUN5,-5.6110578,10.657044
MDFI,15.765058,-1.5895684
SPOCK2,0.2954846,5.4529285
TYMP,-4.580266,-4.59628
TMEM98,-7.645272,4.571573
AAAS,-9.987621,5.75581
ISG15,-5.2358255,-3.5020099
DHX37,10.626347,14.509594
CYP27B1,8.411752,-4.035182
POLR1C,8.410679,-4.0273576
HTATSF1,6.0421634,15.813104
UPF3A,6.0164638,15.831628
SFXN4,-8.167684,2.7882469
POMGNT1,-8.166732,2.806118
GIPR,5.8108196,16.97245
TMEM178A,5.8225813,16.97038
DES,5.0957785,-0.43066245
PPP1R21,6.929544,12.619677
ZNF624,6.952859,12.604337
NSUN7,4.5901933,10.853537
SH3D21,4.5812955,10.850205
TNFRSF8,2.621929,3.9853632
ZNF366,2.637034,4.0190773
ZNF568,-7.3917184,5.0073624
RNF219,-7.3895664,4.9997606
NPIPA5,3.1696603,13.676658
NPIPA1,3.1384983,13.665017
HNRNPH2,3.9462953,10.420266
DMGDH,-2.5487235,-6.0739517
PGBD1,-2.6086986,-6.014461
EVA1B,-1.5759676,6.7397714
SPHK1,-1.5385606,6.724797
SARM1,-3.9527614,-6.7998953
BMP8B,-3.9524865,-6.7997227
PPRC1,-6.6045365,1.3086463
TTLL3,-12.305152,5.762316
FAM118B,-1.3146756,-1.8019643
ACTA1,15.218776,6.381315
FRMD4A,0.05966965,-7.1787105
SIGLEC1,13.698502,-4.326702
ITGB4,9.227647,10.080497
GMPS,4.452717,-7.0351996
MEX3C,-9.2140465,7.398854
DOT1L,14.513387,2.6385877
FANCD2,-6.043993,9.521612
B4GALT2,-9.949717,-0.9543672
ACACB,15.16978,11.784881
C2CD2,-4.5260153,8.981784
STX19,11.817038,1.8819793
CTSA,5.89728,-3.5497675
CAST,13.046865,-5.745024
LMCD1,5.9628296,14.4796095
EMSY,3.9179897,-5.478542
RGMB,-5.131522,5.5966687
MPZ,3.457491,5.7857566
ITSN2,1.7120689,15.929096
MFSD2A,-5.544107,0.45308053
MSANTD4,5.9639874,2.7306678
ARPC2,-0.78778577,9.457456
UBQLN2,4.4741244,-7.026606
ACE,2.9544623,5.4302845
SAR1B,-0.9872849,12.480553
BICDL1,6.9768248,10.370412
CBARP,3.2896726,-3.104493
HAT1,6.1911173,-0.028435087
HIPK2,1.5014851,1.1192085
FOLR1,-4.5094047,15.166535
GSN,2.7255125,7.291812
ZNF37A,7.267552,7.50895
SRRM2,9.013372,8.125179
PPP1R9B,7.989101,6.83165
FAM134A,8.933718,-2.3313763
PI4K2B,-1.9832695,13.202188
SRSF1,10.032065,0.20095824
MCL1,-11.115863,-1.8254025
NCOA3,3.1235752,13.871377
MCFD2,2.727909,-4.0723433
GDF15,1.0469693,-3.1113865
TRIT1,-8.46623,15.365242
MAGED2,3.1777003,5.628518
TGDS,-1.0537524,-4.096701
P2RY11,4.1408687,6.4534035
PIK3C2B,5.5102434,2.7529655
ATRN,-8.177357,2.726043
NUMBL,0.9457734,-3.1858623
TVP23B,6.206818,0.040735606
RNPEP,-4.373568,10.346987
LIN54,-2.066387,13.499188
WTAP,12.19274,-0.97144073
MAFF,-11.117553,-1.8248197
MMS22L,11.520816,5.136896
ZYX,10.750725,11.4431
SLC38A10,-3.1551518,-0.70419925
SMCHD1,-10.85621,1.8593919
LEO1,11.707289,12.370166
GIN1,7.0760536,0.6249112
MARCH5,-9.253064,4.333159
STX2,4.7577233,15.653377
SORT1,5.5877895,6.5625887
TMEM218,8.899583,6.529005
SZT2,-12.895856,6.9208016
GNAS,10.604722,11.302461
SNHG17,-6.60529,1.3074117
BNC2,0.04499107,-9.470591
ARL17A,3.2594156,4.5836663
ABCA4,0.20199493,-9.679437
FASTKD3,3.9295242,11.875309
ATP13A3,2.7662578,-4.0284514
INTU,12.401848,5.7526712
GABRP,-7.971545,-1.0047413
DHX36,3.8442276,-7.3521857
PNN,1.8337215,8.942118
MTFR1,9.862914,0.5336883
LCORL,-2.2176054,4.0167074
BRF1,8.508339,16.77302
PIK3R6,-1.823952,0.96424884
WDR36,8.898452,1.3127037
SLC25A42,-12.255482,5.707548
SPRR2E,1.1821282,-11.93316
ENTPD7,1.1919351,-1.2062049
ASCC2,-5.154273,10.663045
DOCK6,5.9743214,-4.1683645
ABT1,7.047799,18.792992
WDR66,-1.2111131,0.6284653
MOV10,-3.5730875,3.5872571
TNXB,-7.388172,4.958056
SNED1,-0.1267414,-0.38604265
FRMD6,7.2978034,-8.861815
MMACHC,-3.736939,11.227854
RASL11A,3.7105043,1.1927992
POM121C,-8.560504,1.893741
TGFA,5.602484,7.10836
MST1R,-2.6303232,18.34091
AKR1B1,6.180421,13.688751
TBX2,2.7462184,2.2056217
ASPH,-1.6926991,-0.83337694
BRCA2,-2.8060653,12.470185
IARS,8.007307,3.1093042
ZNF787,12.554292,10.807646
KIF14,-3.5684333,12.5251665
CALCOCO1,-0.37285668,17.891006
RASD1,-5.6962004,2.883961
CTSG,-1.78486,0.91499996
FNBP1L,-4.7557955,12.867081
BTBD11,0.66262805,4.1646256
CH25H,9.342032,-8.176432
KRT17,7.2161584,9.809024
FASN,-0.51327884,7.089597
LSM5,-1.1401061,-4.425899
CALR,-5.392258,-4.7397075
UBE2Q2,5.441826,-0.5289368
FANCI,-6.048206,9.518403
OVOL2,4.5674734,8.158896
AHSA2,-3.0931866,4.336008
SLC52A1,-1.226284,0.61196864
TAOK1,2.846523,14.528897
RMI1,3.8008559,12.005556
GPRC5A,-4.97686,13.093066
SF3A2,-2.473985,9.793444
ZBTB7B,5.7549505,-3.1926432
BRD1,5.477578,2.8349829
KCTD5,6.2627172,-3.476984
FASTKD1,13.284166,6.1354814
PSMG3,-0.3322127,8.895683
PLA2G5,1.5021584,0.48269296
ADGRL3,-1.1801183,4.945433
GALK1,15.673252,-1.7087882
SMU1,3.9324563,10.430507
CCNL1,2.7587984,-6.6252
ID3,-2.2008016,-7.0527253
SARAF,5.328233,-0.30189562
FMO4,6.110418,-4.582158
AMFR,-2.0595381,5.6110997
LANCL2,-4.5644374,10.445173
WDFY2,5.3953333,1.4848813
PRRC2C,4.4797435,-7.0238194
SEC61G,3.4773793,4.421555
PCSK1,0.023763066,-7.125097
MTPAP,-8.439879,13.685288
FLOT2,12.8383875,-0.59717035
RNASE1,13.6664295,-4.293183
SEPT9,12.546813,-0.78395766
SLC7A8,5.9127517,16.893324
VTCN1,7.954791,0.021046609
NALCN,-3.837032,15.381489
HADHA,16.219208,7.4385567
NUCKS1,-1.6932992,-0.83308864
POGZ,11.399553,5.7352376
ATP6V0A2,5.299876,1.3901068
ST6GALNAC3,3.325089,-0.37324473
RFXANK,-4.4340796,10.377195
SRGN,3.3517811,-0.3823479
ACAT2,-5.4757705,6.9043846
ATAD5,-6.051794,9.523225
RAP2C,6.274869,-0.42435881
KDM5D,-2.1817842,13.888468
PINK1,8.670632,-2.0925436
BCOR,8.41082,6.398417
TWIST1,0.97024214,-3.2280023
BRAF,2.9023473,14.449618
GDPD5,9.305908,-6.5152416
CHST10,-3.4852135,1.6710492
DAAM2,3.1632388,1.9472225
PRDM11,8.84178,8.29722
MRGBP,3.0986192,-3.1553388
CHEK1,3.101595,17.612278
PDS5B,-10.854704,1.8635536
MMRN1,-0.28562272,0.09229505
TMED10,8.281201,-4.164697
DDX54,-2.397115,9.364556
NPDC1,11.885036,-6.527347
EIF3K,-4.7487645,3.9306421
PMVK,-12.762931,-0.94124085
SRPX,-0.11873822,-0.4305292
GABPB2,12.407078,5.7509694
CD47,-3.3942409,2.0400784
TAB3,1.7139206,16.06125
CCSER2,2.7997544,14.580698
TWF2,-4.698349,3.4631777
PHKB,-2.8203197,10.044957
IREB2,-10.816968,1.9240843
SNHG14,-0.7600005,9.430695
NOSTRIN,-3.8306727,15.383209
AKT1,12.548825,-0.79272985
SLC4A3,0.056120437,-9.491485
KIAA1107,-5.916285,11.281705
HPGD,7.473388,13.159664
SEMA6A,4.768688,15.65348
EXTL2,-6.6719265,-0.57703376
ZNF579,12.568162,10.79234
GATA2,-1.754781,0.8845321
SETD4,11.188717,6.8256516
CETN2,1.565755,18.688797
EHD1,5.609628,4.495385
ACVR2A,3.0357244,-1.9546355
E2F4,-6.5128903,1.4359556
STRADA,-9.64276,12.798831
CLEC1A,-5.6861396,2.8933866
RFK,5.4227443,-0.5031319
C1RL,-4.6117616,-4.535619
ZNF672,7.547855,-2.3930802
HDC,-1.7490219,0.88192624
ATP5G3,6.6916857,19.289577
ACSF3,-5.1894975,4.3615
CSDE1,-10.866799,2.4550154
BZW2,7.7358217,3.2941287
DDX3X,10.083229,3.4376154
AEN,8.113926,2.7988958
DNPH1,10.216168,-5.336782
STK39,1.359519,1.83059
TGFB3,2.3040848,4.984211
ZCCHC8,2.3411427,7.81017
POFUT1,-8.175908,2.7356412
ANO7L1,8.346544,4.680109
SEPT8,-1.5153365,9.62528
MRPL33,3.7481499,4.1706467
HEG1,2.6884625,2.686682
DDR2,-0.1572702,0.5455411
PLCXD1,-4.2874455,8.875713
SLC25A28,5.8269978,-4.798315
CS,1.2777576,-4.654256
YIF1B,3.2546382,17.257086
EFS,2.7230883,-4.0789003
FSTL3,-0.99329704,-0.24365279
FAM111A,-3.0409248,4.307329
ANKRD36,10.421625,-1.9002221
FANCE,3.1265845,-3.1531947
ALS2CL,-3.5994678,4.535807
NR4A1,-4.9772577,13.137734
NDUFA2,3.099725,9.606933
GTF2IRD1,5.2999725,10.359261
EXOC3,4.1057453,6.414031
RNF128,8.392928,-3.9998095
WDR83,14.631285,2.167792
HSPA8,13.2973175,7.8584275
TXNL4B,3.827785,12.22447
MCOLN1,8.539319,-2.205356
ATXN7L3,5.7536087,-3.1918826
FOPNL,2.9089143,8.257866
SULF1,-0.8155367,5.8101573
CUEDC2,-4.696853,3.4727707
ST6GALNAC2,-5.1365285,5.5955286
TMBIM1,13.051178,-0.8336963
TRNT1,7.0973454,0.99026465
EFHC1,-3.1439006,4.3644676
GGH,-4.6204243,6.2724247
ARHGEF15,2.5289981,2.4850497
GPR87,-4.667515,6.3499556
RASSF5,5.072256,10.104394
ZNF615,-5.9068365,3.1686368
NSMCE2,6.238563,19.176008
ZNF510,-4.2642255,-2.0054214
ZNF704,2.4586215,4.2106977
SLC4A5,-9.106031,0.3598628
DICER1,2.915786,-6.886278
ISG20L2,1.1915085,-4.7067685
PBX1,1.7285746,4.264505
RBM5,-9.945374,5.608648
SMG6,5.946915,1.635279
SNHG8,9.205217,0.27414703
BAMBI,4.4293485,-10.458427
TEPSIN,8.619799,16.623665
PTMS,1.7223971,10.830937
LRRC39,-2.9015317,-9.237731
MAFK,-6.6791167,-0.5808241
TAF7L,-8.456923,1.2110631
ETFB,12.5626,9.5608
TMEM33,1.0150396,12.077733
PMS1,-0.9912324,1.0841581
SYNM,-1.986336,7.335067
TNNC2,15.276417,6.4260964
ABHD18,-3.95562,-6.8054104
ALPK3,-1.9858761,6.7917814
STX1A,-3.537528,11.354908
VPS4B,-2.1996696,4.004217
BSDC1,8.578962,-2.1477475
DNAJC10,-1.1307591,6.2670374
EFNB1,-0.2172762,8.986324
CYTH1,5.8155932,6.841865
PCM1,4.0758543,-1.8054489
FOXK2,6.7753177,-2.992055
PAF1,10.41996,-1.9036376
RPN2,8.191254,2.7593997
SLC25A27,-3.0563986,4.312585
RAVER1,4.361498,9.322389
FAM200B,7.006736,0.6618792
GMEB2,-7.8201604,1.4151933
SNHG11,5.647313,-5.837682
PIK3CB,7.472717,-9.043617
TWIST2,0.97050947,-3.2291963
MED30,9.575857,3.0703347
PYCARD,-3.9998562,5.6124587
ACSL4,12.188108,-0.9743927
ADORA2B,-4.696967,6.3540936
RC3H1,5.2982454,1.3896984
KCTD12,1.8206828,4.30815
PGM5,-2.008415,7.2148337
ZNF273,-8.53905,-2.7660973
NFIX,2.615887,5.780034
SEMA4D,-3.496605,4.7041574
RNF181,6.2517214,19.225367
PTPRE,14.655688,7.5637627
PFDN5,1.4283857,13.979908
CTU2,-6.5393643,1.3977991
DNM1,-7.6251855,4.5829954
LCE3D,5.7101817,10.03907
AGFG2,10.343413,9.431457
PLEC,-8.167493,2.4307835
ZBTB7A,6.144177,-3.6727893
AFG3L1P,-1.5675286,15.272564
AP2A1,-2.895282,9.6677885
OSTM1,5.3922095,-0.48934296
DIXDC1,-1.5407591,5.155918
HOXA3,-4.478326,-2.1900876
UQCRH,3.0998495,4.139631
TRAPPC6B,9.222238,3.8628955
IFNAR2,-0.59700555,-6.9374413
CENPC,-4.0907373,-1.8434802
DNAJC18,3.2006261,2.7408926
RWDD4,5.537785,-0.15807976
RNF150,1.4812845,0.54919165
EMCN,2.3031998,3.9631994
ECE2,-3.797303,11.179807
HPF1,-1.3079233,-4.669836
ZNF354B,7.0886374,0.59105885
PDE1C,-3.6641505,15.34378
DUOX2,5.6389966,7.0810804
DAB2IP,-2.0408537,-8.673574
HMCN1,2.9322844,5.099419
ZKSCAN1,2.897713,-1.8089819
EEF1B2,1.5603762,14.123294
GPBP1L1,12.098067,2.2817597
NRAS,-10.155679,2.8523114
OSGIN2,7.9966063,-4.977917
NIT2,-9.104405,0.35858625
LIPK,7.036459,9.331067
KLHL5,-0.8580075,3.300884
PPP2R2C,7.828862,9.609845
MNAT1,-1.1656222,-4.5020413
MRPL14,-5.2210636,10.626074
HIST1H1C,14.053701,-2.2806115
PHAX,4.150114,-1.8301885
TTC14,5.4888716,4.91293
SMIM3,-0.99057835,-0.21766846
PSMD1,7.690811,3.3284802
PLAC9,2.9742582,5.402862
PIGC,5.608792,7.105472
GRASP,1.9006374,6.2201357
ZNF225,1.7033366,11.729843
MBD2,-10.125301,2.8818548
TCEA3,-1.255485,0.32072276
SPIRE1,11.298184,3.9392285
BTNL9,3.0513833,0.08926206
LAT2,0.44794378,5.191744
TNN,0.05582529,-9.4955845
TMEM120B,-9.994599,5.7586975
FMNL3,2.7165794,2.7222066
SLC25A40,3.798459,11.984003
LAPTM4B,4.4533725,0.6761925
STARD9,5.867528,15.681998
ZNF84,7.0848465,0.56875783
RNF123,8.251596,-4.482793
LEPROT,-1.6739987,2.387979
CEL,4.262374,-8.935055
CLEC3B,2.982678,5.4179173
CDC6,2.7458982,17.240578
ZNF230,-5.907521,3.1670964
ZCCHC10,6.0150337,-0.062026612
OSGEPL1,8.301473,6.6137147
CLN8,-4.404567,8.81283
IFT172,10.96303,5.8662925
PDXDC2P,14.660974,7.5628505
MSX2,0.42010206,-9.955737
KLHDC2,-10.494352,2.2250128
DTX2,8.116005,-2.5774515
NIF3L1,0.901669,-1.5285437
SYNPO2,5.0544424,-0.4096441
SLC6A17,-6.4943175,15.3754
EIF1AD,5.5916777,4.5160146
RNASE4,3.8036332,0.42150152
PPP1R7,6.2623215,19.188644
LCMT1,7.8805156,9.6133585
MAF,-11.661866,9.689192
ZNF561,12.670085,5.9705763
EPHB1,7.5048504,-5.616171
CLPTM1L,-5.6888685,11.049745
KY,7.5096526,-5.612287
SCML1,2.7553484,-6.6219463
LCN6,7.2947097,14.9464445
ARCN1,8.41246,6.38979
SCARF2,6.860965,13.658562
FPGS,0.51546377,7.465116
COX5A,6.689124,19.287687
ANKZF1,5.6686606,-5.3827233
ST13,5.483226,-0.6370592
PDE1B,2.6326804,2.2371113
ALAS1,12.086552,-1.0519445
ZBTB41,-2.638924,-5.9799185
IGF2,2.9005084,2.724971
AJUBA,5.508811,2.7504199
MTMR6,8.173519,-4.4265976
XRN2,8.082172,2.8733613
HGF,2.2453845,4.8238482
LCA5,-0.44759542,2.9471836
ZBTB49,-5.624369,2.9173827
B3GNT4,6.435967,10.007377
RAB3B,11.296757,3.9384391
IFRD2,-6.513324,1.4333498
ATXN7L2,-9.991929,5.746504
BAG5,1.4015006,15.479248
DENND6B,10.0535,3.3398037
ZNF750,4.607541,8.192934
CAPRIN2,-3.1631882,4.3752913
SERTAD2,-10.6986475,3.065261
PLA2G6,7.1902537,-7.038342
IER5L,0.99606246,-3.1591284
INTS6,11.490138,1.3202367
EHMT2,10.099891,7.256989
TTC4,-5.960944,11.342712
NHEJ1,10.787222,6.026201
JUN,3.615515,7.9650893
KCNJ8,1.6426123,4.184479
UBE2V1,6.066245,-3.5554318
WDR44,7.3687267,1.2877724
GBGT1,3.716733,4.936104
INSIG2,6.5319486,0.4154483
METTL21A,5.9438925,6.77599
RBM24,15.18695,6.368747
ZHX3,4.4353013,-3.5061705
NEK11,13.501783,13.018915
GIT2,16.684322,11.622885
NECAB3,-4.387144,14.704888
CDCA8,-5.811186,9.755903
KLF4,-5.543259,0.45315632
CYP2W1,-5.39863,5.5194373
RPS6KB1,4.9635444,-1.5860413
CDC42,1.3865297,15.194776
STAG3L5P,10.958749,5.8258314
PPME1,7.3736796,-2.574614
ARHGEF18,5.858121,2.4688911
SNTA1,11.648428,12.32642
SNHG4,-1.5315503,6.698534
TMEM8B,-5.1667633,13.648382
SAMD5,1.2376662,-1.2086908
HIGD2A,-5.003478,4.2021422
CCNB1,-3.4097228,12.656899
TBC1D9,1.5338572,1.1671641
JAM3,-0.3395116,2.829511
TCEAL1,2.455111,-0.17551214
BROX,-10.797068,2.390348
ZC3H4,-5.3938165,10.821302
SUGT1,6.200964,19.13913
ZYG11B,-2.5496483,-6.0708876
KIF1C,14.508516,2.5227547
ST6GALNAC6,11.6954565,12.363109
RUSC1,10.022963,7.1815724
TMEM246,8.031867,9.582931
ACIN1,-2.5825317,8.46304
POU2F3,5.4845324,10.257941
NAGPA,10.093919,7.2616963
CCDC6,4.298555,10.363826
UNG,10.278086,9.484737
ADAMTS5,-0.16614513,0.52258813
NOL8,9.274136,0.37203532
UIMC1,-8.2716255,2.8779223
XPO1,13.821268,5.872918
DGKZ,10.02659,4.139889
GTF2E2,1.3048385,15.357627
ATG9B,-4.9623632,8.547183
MT1E,0.08222206,-7.113269
HEXB,-7.8200502,-0.1268362
CPEB1,7.4041133,13.442685
TLE4,2.608032,-10.706558
EMC6,5.9237547,-4.632559
COL6A5,-7.4015255,11.936486
SEC14L1,3.303467,-0.34499913
PREPL,11.149172,6.6234646
KIF2C,-5.7798643,9.73319
RPL23A,0.9997581,13.798547
CYS1,2.9915173,5.4056273
TBRG1,2.3298426,7.8080482
TPST1,-7.385478,4.131443
WWTR1,-1.8602443,2.292913
SPCS1,6.9150066,19.442493
TIGD5,5.850773,2.495198
GGCT,-4.619804,6.269495
GNG11,2.1803064,4.768039
RCAN3,-5.247694,5.5524454
ELOF1,0.842804,13.434573
ID4,11.809739,2.3948793
UBR3,3.7245893,-7.4813437
PRR16,-0.2762023,0.23745318
FCER1G,0.47504288,6.0501676
ZBTB40,8.825645,8.31885
NCAPH2,14.742258,2.8491614
TST,-3.4156334,5.1336513
RNF38,-9.534726,7.589356
TRA2B,4.6378813,-2.061503
CXCR4,0.2662146,5.4753585
APMAP,8.929939,14.519661
PRSS3,-5.2190742,6.8852544
POLR2L,3.230968,9.96505
MT1A,0.11009744,-7.057574
F11R,0.6715386,-1.0293888
CLSTN1,-0.24183474,4.4284506
KPNA6,16.221584,7.4400067
SMPD2,-4.310992,6.4122224
AK6,6.0297275,-0.027232084
NR2C2AP,-6.6792064,10.661542
FYCO1,5.9460015,1.6009588
CLK4,2.550035,7.563973
EGFR,4.2869825,10.354347
NDUFA1,3.118051,4.13299
BIRC2,4.9486465,-1.6158514
BGN,-7.066714,5.799903
SFXN5,9.995768,7.2398553
DCTN4,-0.80816936,12.741141
AP1S2,-1.7992425,5.3156304
PTPN2,9.560643,0.27787736
ANKRA2,2.4214787,8.39123
RHEB,-0.90953594,-3.9839556
CHD6,3.2802618,13.680253
CLCNKA,7.996672,-0.013332175
TSEN54,-3.9965901,6.837871
GLRX2,10.061082,0.19142982
PLEKHH3,5.833922,16.958231
NKD1,3.7202868,1.0332572
VENTX,0.51569337,6.348309
APLNR,9.01798,9.935845
GPAM,15.3562355,11.964423
FAM153B,2.5651917,7.5352473
UGCG,-4.9459887,1.4852668
ZNF865,-2.3291957,9.357427
KIAA2013,7.3860645,-2.571044
SLC24A1,6.1351357,-4.6443167
SELENON,0.5079075,7.452698
POU3F1,-6.77846,14.5270815
FAM219B,5.78076,2.192386
CALCOCO2,13.047386,-5.7444906
TMEM55B,-2.6121142,10.33001
FAM129B,11.351083,16.284878
IFFO2,-2.6288278,18.339098
CDR2L,2.6397338,7.3726034
WDCP,-0.7474736,9.439559
FPGT,9.377395,-7.3372445
NUDT19,3.7763755,12.546155
PRSS16,-11.663489,9.686723
ERC1,5.946763,1.6550654
PTH1R,5.77266,15.55456
RFC2,-4.3352904,4.0418167
RAB1A,6.65439,-0.5437915
DUBR,12.363987,7.2152886
NDUFA11,3.243512,9.996353
PABPN1,-9.949042,5.7648892
SGMS1,-1.9829901,13.157612
STAT6,-4.112038,7.19274
EXD3,1.8529102,-9.267682
ASB6,-4.6058,5.488721
ECT2,-3.214821,12.689471
DDR1,5.5094395,2.7774372
YWHAQ,5.390753,-8.838599
ZNRF2,-1.9853729,13.158326
PLEK,0.51799667,6.191801
HSD17B2,7.1464906,9.809896
HMGCS1,-4.952823,1.4705287
TMEM69,-0.41774112,13.211654
MAP2K5,11.817783,5.517881
PDE5A,-0.7721806,5.789161
GALNT6,-9.906153,-0.91031647
CD93,2.9936755,-0.16811344
ZNF786,12.861495,2.8126414
IRS1,5.9158583,16.892538
PREB,-3.7773428,11.20543
ZNF326,2.9671233,-6.968063
GPX2,10.127803,6.695265
ARL4A,-0.6832185,7.470006
ZBTB4,-6.379543,12.976037
EFHD2,8.016907,6.810047
AGTRAP,-4.6179056,-4.466711
PSMB5,1.9601687,10.29909
LRRC15,-7.1011057,5.7262187
IL7R,0.27923068,5.430934
CARS,8.242003,-2.375683
DDX28,7.0639167,18.787771
PCDHGA7,11.039113,5.690926
AP3B1,8.441106,-4.0239406
FGFR1OP,7.514821,7.2554803
PANX1,8.140562,2.7565718
ITGB1,-0.8871255,3.3214858
RBL2,6.240486,15.66557
GPLD1,7.21527,10.587432
LCE6A,-4.9316254,8.554637
ZNF182,1.7634777,10.531179
CYP4F8,8.971958,14.559682
IP6K2,7.1913166,10.59277
ANKIB1,1.7143388,16.180809
BAG2,-1.0869399,4.8090734
IKZF5,-10.8238535,2.4201913
AADAT,2.5639975,4.1611943
NPTX2,7.3335733,15.434251
UBAC1,5.2354455,2.1784952
FBXO11,2.8649316,14.617334
SUPT16H,8.000284,2.9806635
CCDC138,-2.7910995,12.463969
ITGA9,2.9313083,2.7502947
ACTG1,-2.4168825,7.0001554
TESK2,4.6113014,8.186249
BICDL2,-3.4258115,5.175879
MGAT4B,14.584903,2.244396
TAZ,-9.947274,5.609968
SDAD1,7.488837,3.679663
YTHDC2,3.7538648,-7.44692
LILRB2,13.693704,-4.322412
INO80,9.3171215,7.824904
CD207,-2.5791788,-3.1340911
FGGY,13.5011015,13.014319
PCGF6,5.4073596,-0.5264636
TRMT10C,-0.969101,12.503655
GLS,1.5431722,1.338278
MXI1,-10.760424,2.247039
GRIA2,7.8420806,0.113567635
SNHG15,13.693104,12.039388
EFR3B,8.019875,-0.037431665
CUL4B,4.0511928,-1.7997688
ALKBH5,1.7395315,10.881362
HOMER1,9.8797035,0.45921543
PITPNA,4.8233137,10.836642
PARVG,0.4263935,5.4197125
KRT80,6.120679,9.837462
WDTC1,-0.4895622,1.4624033
TTC31,-3.9536798,7.0569463
CHCHD10,-4.3927093,14.731532
HSPA6,13.29489,7.8568206
DNHD1,-12.304256,5.7608056
ALG9,-8.355283,-2.4762192
EEF2,-0.56661874,14.82402
CLMN,3.9873633,1.1435211
ALX4,3.3188906,5.5456376
SLX4IP,8.984547,2.4919238
CMTM6,7.581004,10.865199
RMND1,-0.41950354,13.214379
STX10,14.613961,2.1757154
UPF1,4.058773,9.725807
HMGN1,9.936064,0.49939448
ZC3H18,-6.729184,10.62337
CDH22,-12.993115,-0.45545226
FAR1,-3.7411244,1.5821512
FBXO42,-1.3554121,6.0494
ZNF311,6.1197047,-4.6152706
NRM,-4.0402775,7.624687
PDE4B,-9.148112,10.521661
ZC3H8,9.135218,1.0400885
NPTN,8.388693,-4.0092397
DHRS12,13.495467,8.001354
UBE2D1,-9.071408,7.334647
ZNF527,13.600623,5.9722486
POU6F1,11.7059765,12.368351
YDJC,12.555217,10.803764
SLC35E1,7.808936,3.1902404
TPRG1,7.388029,10.648595
WDR4,-3.7691562,11.179442
ANK3,-5.8830276,4.317842
GTF2I,5.9910707,1.5992262
ARHGEF6,-0.24490005,2.884279
SNRPD3,3.2352293,4.506841
DNAJB5,-1.9705131,6.790414
PCGF5,-10.8209915,2.3067021
HSPA14,9.42902,0.3238932
PACS1,12.950304,-0.5708527
VIPR1,-5.3786025,5.5322094
URI1,-1.9833702,13.150001
TDRD3,9.380458,-7.3416386
FUCA2,-7.369804,4.131439
NR4A2,-4.987844,13.112527
DIO3OS,5.7382827,15.518592
LCMT2,12.871623,2.879925
LAMB1,7.3405952,15.425514
PCTP,1.3310151,0.6860337
ADIPOQ,15.337271,11.947786
ICAM1,-3.9603722,-4.730533
ZNF343,2.2975118,7.8353167
HFE,-2.638665,10.290633
KCMF1,9.905747,3.447077
GRN,-4.3807344,10.352372
MAP3K10,5.7407804,-4.0273595
PAK4,5.5356936,-3.189916
NAGK,-2.0561512,5.596601
DHX29,-11.162185,2.8792512
CCAR1,3.8296344,-7.401879
PLIN2,12.397469,-0.85356313
ENDOU,-5.194786,6.8976326
P3H4,9.148697,3.2203844
KLHL20,3.78042,11.989865
IFT81,5.4953666,4.888059
HOXD3,2.7047844,2.716731
PCDH18,2.2744033,4.3380704
FBXO18,-4.0091133,1.1799955
ATF7IP,7.0237107,-8.569361
PDCD4,6.297912,16.350235
MRPL28,-4.997481,4.1878343
COPG1,-5.24521,-4.7049155
GAS2L1,-1.3848011,9.84646
ADH5,-0.59675646,0.48426065
PRDM16,-1.9621216,7.1440797
PAFAH1B3,3.2075014,17.304556
RNF145,16.09793,-1.3379021
ANKRD6,2.2607043,4.845742
SV2A,-1.6025964,6.748428
COMMD4,12.564037,9.560605
PRRG4,0.8550129,-1.4621134
TYSND1,8.388681,4.636247
SYNGR2,-4.33067,4.0420346
UQCC3,-5.6566257,10.653887
KRT5,0.7806389,-1.3207903
MAGI1,-5.887014,12.389485
HIST2H2BF,14.053715,-2.2813003
ZNHIT2,6.8062816,-2.967475
LRRC28,-12.768217,-0.93048704
ELOA,1.3594517,15.391691
NAALAD2,2.3920267,5.363238
SLC9A5,6.0191956,-6.1928296
CCDC124,13.693294,12.045249
CKS2,-3.2116032,12.686151
POC5,1.6829541,11.718306
NUDCD2,9.384823,0.23446816
GLCCI1,7.358797,-8.927916
DOPEY1,5.2825766,1.35965
CMIP,-0.689081,7.2958646
GPAA1,14.782797,2.89429
ZNF710,5.471724,2.8486788
B3GNT5,-10.431519,2.6338036
ABCB5,7.388357,13.443183
EARS2,7.483012,3.698824
ZSWIM7,-9.948241,5.6158395
MAPK7,-1.5121465,5.8574944
KCNMA1,3.2849262,1.6975662
TMEM203,10.639793,9.153802
FHL5,3.0888596,-0.099392906
KLHL13,2.2740805,4.8636003
GMFG,0.59292984,6.7971005
ZNF20,11.486723,1.2627354
KDM2B,-3.6050858,4.799566
EPRS,7.4912186,3.6843262
ERI1,10.056807,0.19431224
ISYNA1,11.893399,-6.525018
PDE1A,1.7893956,4.3097897
UBOX5,5.4798174,-3.1144261
SNX33,13.016053,-0.78692734
DUOXA1,-4.054881,5.655165
MTIF2,-1.2811869,-4.63698
LPIN1,7.2268,15.563223
EMC4,6.223659,19.220827
CD276,6.9375,13.651811
FOSL2,7.157025,15.671513
PPP3CC,-3.5686474,5.113919
KLK5,5.738778,10.016884
CDT1,2.6895115,17.196133
GAB2,5.5862646,6.598779
NOC2L,-5.5820456,10.712209
RPGR,0.17546251,14.692416
ABCA8,2.5499897,4.1507807
EVA1A,8.012171,-0.02921428
PDE12,-0.9611509,12.511955
ZNF112,15.23438,-6.2323318
XRCC4,-1.2715354,-4.622404
MARVELD2,8.3611965,4.6474934
OCA2,-6.40724,15.279149
CDC27,2.76684,-4.0253716
SBF2,3.384418,13.60999
UBXN11,1.8596286,-9.26109
PLCH2,-8.611871,-2.8258977
MUSTN1,-3.4591403,15.153884
SLC34A2,-4.898581,13.013088
MRPL48,9.134577,3.232945
PSMD10,2.208968,-4.482355
NDUFS1,10.075505,3.2961762
HOXC6,-8.4404955,13.683846
LRCH1,7.527559,10.866377
HK3,13.9497,-4.5387135
MYEF2,-3.6559024,15.326831
EIF1,8.623595,6.5208826
ZNRF1,-3.9709704,6.611584
UTY,-2.1747918,13.865467
NPRL3,9.9814415,7.014857
REL,2.8620546,14.597061
AMOT,2.6373138,4.049157
RAB11B,-2.3531353,9.358339
TMEM150A,7.3441367,15.436937
ATP6V1E1,1.3446097,15.663621
ST3GAL2,9.302233,-6.517707
ABCA3,10.050217,4.1918554
MEGF10,1.3681407,1.8111296
TNFSF13,-3.153364,-0.67410636
SUPT5H,-6.67705,-0.58494395
MED6,1.6520647,15.653417
FMO2,3.1387172,0.3216244
FAHD1,10.266092,9.496753
RUNX3,-4.708685,15.350543
FAM49A,-0.5982789,2.981922
NARS,4.4611835,-7.025565
SH3RF1,1.5341655,1.3159086
ZKSCAN8,2.927123,-6.9036813
RYBP,9.652932,3.5426042
PLAA,9.530972,0.59606534
DLST,8.615227,6.521702
NOL3,-8.641498,-2.8637757
CPT1C,9.112214,3.2684424
GABARAP,5.4577417,7.005022
FEM1C,9.6067915,3.5748901
SARNP,2.0349636,-4.7930694
CCDC129,1.4268787,1.7466404
CORO1B,7.914217,3.0276527
EMID1,-7.0509787,5.815795
ACTR3,-0.5797006,13.027769
MACC1,7.3621,10.6747265
BDKRB1,5.0397677,10.680985
ZC2HC1A,14.617915,-0.65519744
TSPAN7,3.1993003,-0.20181476
CHST11,0.88363785,-3.0971832
SHB,-0.67941135,7.144322
ABHD16A,-4.019345,1.1712475
HMMR,-3.372928,12.68011
LAGE3,10.238113,-5.3730054
SUOX,1.3283339,0.6924414
WDR81,4.4048433,-3.5273046
GOLM1,-7.6572065,-6.051532
NOX4,-0.2968908,0.17801613
GSDMC,-5.3192883,6.8975587
TEC,-4.944774,1.4856931
SCUBE2,-7.402224,11.935817
FAM228B,3.198949,2.6611094
ACTN4,-2.4295034,6.994926
FAM160B2,14.580796,2.159361
TGFB1,13.008468,-0.77279776
TWNK,10.68358,14.472096
ZNF540,7.2557364,7.529571
MCPH1,7.3478312,1.2722616
HELZ,-10.855218,1.8594861
TIAM1,10.561244,9.264714
FBXO2,-0.53376245,7.1361895
TSTA3,-4.8830533,6.4062643
MUL1,-0.04646689,-1.4913741
RPL8,0.84658116,13.520897
ZFPL1,-2.513454,9.620016
PHYHIP,3.128721,-3.1572614
IRF9,-5.2150235,-3.8334923
BMS1,7.804931,3.1919534
COL17A1,0.78589344,-1.3330337
FAM20A,-4.545351,-4.790278
PDE4A,6.4245763,13.913874
TMEM14B,3.1614482,4.3504863
QTRT2,-8.44041,13.685052
RUVBL2,10.169159,-5.2703047
FLNC,5.0958843,-0.43195626
IRF7,9.961571,6.99715
PYCR1,-7.404131,10.365458
AADACL2,7.0604415,10.43981
ZNF737,-9.214931,16.011389
PNPLA6,5.7491493,-4.028705
MED23,5.287997,1.3810854
POLR3G,8.71965,-2.0326734
TLDC2,-1.1516618,0.46257997
PTPN4,3.2201674,-7.715636
IGHA1,0.5306755,5.1389456
KCTD7,12.366324,7.215618
MRPL54,-0.35002616,9.216639
PPFIA4,6.432485,10.008654
NUDT13,11.17222,6.7769637
CDV3,10.113984,3.4851713
BCL9L,-8.164134,2.3575087
AP4M1,-10.021653,5.8429613
KIF13A,-6.3577847,12.984221
ACOX2,0.04291981,-9.467273
POLRMT,-2.465045,8.640935
PLA2R1,-4.4407263,14.695211
OSBPL9,-0.7048452,0.4529185
ANKRD13C,1.5982144,16.298695
CDHR1,-5.5501585,0.4678094
PIEZO2,2.564003,4.2043815
ASCL2,8.388974,4.631756
ADCY8,7.860935,0.10875352
SEC24A,-9.023027,7.296914
ZNF175,-0.75447154,9.440155
FBL,0.85654426,13.668355
SLC12A4,13.00918,-0.5268285
PRDM8,-0.2410721,0.08636378
CMBL,-7.4352407,-5.8218904
BRAT1,5.71048,6.9503536
YWHAB,1.4661452,10.02337
AIDA,-1.7946577,5.305451
HOXB4,5.860043,15.678138
YY1,3.1295297,13.909525
IPO9,9.309771,7.8324337
HMGXB4,-10.483586,2.2631106
LMF2,1.8547533,-9.26527
SGTB,-1.6904387,2.432081
AGPAT5,-11.269171,0.28839102
PRSS27,7.485634,15.291787
CMTM7,2.7512217,7.268218
C1QTNF6,-7.501389,5.763499
FNTB,4.601367,8.191375
SLC7A6,-2.0463653,-8.67953
ZMYM5,-4.1095386,-1.9513274
CLIC6,3.7230353,1.0623853
NDUFAF8,3.0665393,9.502262
TGFBI,2.6323538,-1.5520668
EPDR1,1.4824767,0.54843634
SPATS2,14.618444,-0.6545934
ESF1,2.511881,8.093318
HDAC9,2.2907207,4.3132935
PTGFRN,1.644221,10.872524
ALG5,12.286999,5.114357
ABCA5,3.0674849,-1.9733839
COQ8B,13.162743,3.2443664
PAWR,-2.0392134,13.533053
PTP4A1,-10.398107,2.6999197
ATAD3B,5.884614,-5.0088053
CCDC174,-4.227227,-1.9773071
RTEL1,-10.188861,6.259654
FAM234B,8.38218,4.6399665
LGALS7B,-5.2169337,7.0275645
SETX,-9.657244,12.782709
SLC37A2,-4.478202,8.790364
DENND5B,-1.2762033,2.670736
ZNF75A,-5.82612,2.7597516
ZBTB48,-4.0061307,1.2058178
LAMB4,2.5823143,-1.4958564
POLR3F,15.231819,-6.23259
OGN,-7.196619,5.750006
BCORL1,3.9163845,-5.483502
MX1,-5.249863,-3.504549
FEZ1,6.577039,13.696917
PPL,5.5133576,2.7982476
LCE2A,-4.929457,8.566469
LMNA,1.6278431,10.911081
MFNG,2.974568,3.0689611
ILK,11.876189,-6.5438914
HOPX,6.938056,10.340453
CYGB,0.9492414,-3.188627
IKBKAP,-10.004453,5.785615
UPF2,3.0433617,14.058002
TMOD1,3.3487532,1.6098752
CRELD1,10.778829,6.0215063
APOO,-5.141587,12.938454
BET1,6.9661736,0.8038116
LIPA,0.9063849,3.2357566
LAMA5,-12.899008,6.921888
LHFPL2,0.8404123,3.194445
TMEM42,13.137462,3.217701
STAG1,2.864238,14.608636
ZNF70,12.372768,7.2217317
PGM2,1.391653,15.213211
TNFRSF10B,-0.46776697,-6.9419103
OPLAH,-10.181707,6.2410426
GTF3A,-0.9008369,-3.9664
AVL9,-10.734395,2.000463
BCL2L1,5.931761,16.874401
TXN,3.2349637,4.5230474
SEC16B,1.3144932,15.707043
TCEAL8,6.5362825,0.42014757
AP4E1,-11.04515,2.7999456
CLIC5,2.3088665,3.9627657
LPCAT2,-2.3647988,-6.264481
HOXD4,2.6857142,2.710639
ENTPD6,11.88486,-6.526843
PRMT1,1.5845022,10.286055
DCTN2,-0.5478347,14.824592
HAVCR2,14.0949955,-4.683359
SLC16A12,4.256544,1.0884478
UFD1L,6.2191715,19.217793
LANCL3,-12.975,-0.4781911
NDUFA7,3.1100006,9.704271
LTV1,-8.440186,13.685257
NFS1,-3.8479614,7.114848
CRISPLD2,-1.061794,0.13162749
ARHGEF1,5.8919654,-5.029406
WHAMM,2.2991734,7.8406534
SH3PXD2B,-1.0805358,0.119591646
FADS6,5.712896,10.04241
ZNF501,11.496457,1.2217546
CRIPAK,-8.432214,1.2603577
FAM213B,3.2788126,10.0541315
CAPN14,1.2407857,-1.1871343
HSPE1,3.2223313,4.5066776
SLC44A1,7.7331862,10.839319
TRIM68,-1.2983944,0.6579684
BOK,-4.3417287,6.407525
SLFN12,-2.6490593,10.281639
SEMA4A,-3.565083,5.1197467
TSPAN3,6.5612907,12.759215
NR3C2,-7.92514,8.3880625
POLR2K,-0.9315422,-4.001068
ISCA1,-6.932189,8.3334055
ABCB10,-2.546728,-6.077103
CST7,0.72571516,5.498164
ZNF117,-0.9851666,1.1294646
DPM2,-9.933097,-0.93592596
S100A8,1.211515,-11.888542
LAMTOR2,10.264579,-5.3973107
SYNE3,2.9710677,2.7887821
ALDH1A3,-9.147815,10.521715
CES4A,-4.2710996,8.862669
FBRSL1,4.006346,6.308508
SERF2,11.827529,-3.0339572
DUS3L,-6.565896,1.3566142
MATN4,-7.158683,5.7877903
JMJD4,-4.042926,11.475815
RING1,-9.691784,-0.7075159
SAR1A,8.256038,-4.1991034
METTL12,10.125515,6.7233377
GYS1,-3.7781832,11.2068615
ZFX,5.9993577,-1.4887496
TSEN15,9.170857,0.9072563
STAMBP,-11.208466,2.912155
ZNF780A,11.412048,6.4890537
TRPV3,-3.6813455,4.273349
LARS,-11.303139,0.2438908
ZNF696,3.8837702,-5.513727
CHD9,-9.581366,12.830981
CHL1,12.410769,5.7541127
STRAP,7.9920793,2.942398
VAV3,2.8935626,-1.8056773
RIOK2,9.423009,0.4046613
XYLT2,-1.3526036,9.901336
MBNL2,5.6191363,-0.23609471
AK9,7.3562236,7.411607
ANKRD50,3.005859,14.467223
PHF2,-6.3790193,12.97624
EBLN3P,2.9304996,-6.914101
SEMA6B,-3.937894,-4.7174444
ABCG1,5.5091825,7.2427564
PICK1,5.7281747,6.972501
FAM26E,0.037170872,-9.45926
CYB5R3,-7.6907153,5.3691235
CCL2,9.368052,-8.20337
DCXR,6.2211432,16.439543
HBS1L,7.463755,12.569511
PEX14,-2.3686488,9.235859
P2RY2,15.727655,-1.6361456
DHRS13,13.153324,-0.37305266
MTHFSD,-3.886598,7.0785265
SNRPB2,-1.331989,-1.774167
DCAF17,-5.9318547,2.7051585
HCAR3,5.041346,10.677151
HNRNPH3,2.4410126,7.6753244
NSA2,-0.9342465,-3.74529
PMPCA,5.6240907,4.480203
ATP11A,-8.285328,1.6920075
ZNF395,-3.656645,-1.5581808
TIMM17A,-1.0077579,-4.107795
PLAUR,-4.2980514,-4.6537423
FIG4,-1.2231343,0.7058184
FAM189B,10.495754,-2.5104291
HMCES,-4.329768,4.043024
PAQR7,-5.123104,5.584653
PRKDC,7.5488067,3.622313
HEPHL1,0.30966303,-9.821764
SLC38A9,8.523477,6.5242634
TBCA,-1.0536016,-4.2000513
C2,-0.095057696,-0.46018
PDIK1L,-1.9447416,13.199282
NPTXR,-3.4648786,15.16033
FCGR2B,13.915554,-4.5011497
MRE11,6.31861,12.573074
SCYL2,6.104951,-0.34474412
HSPA1B,13.295541,7.860168
ALDH18A1,7.4919596,3.6900756
MCM4,0.884692,-1.4389727
SLC3A2,9.849573,3.1274579
MCEE,8.266267,-6.830761
MGAT3,-5.1075745,13.546247
TIFA,-3.8282616,-1.9004174
PRR22,5.6832795,-5.919647
GPSM1,-4.6030183,9.051042
ANOS1,1.237252,-1.1966302
NUDC,1.5343152,10.123668
EPB41,0.035083506,-1.4499809
DAGLA,-7.41248,-5.799568
APH1B,2.5053663,-0.13357414
BTF3L4,9.794376,3.9957917
DDX39A,-2.4953723,9.431002
AZI2,-1.0034008,-3.7400386
GRK5,3.3936877,1.5397124
EIF3D,-0.55932254,14.804492
PCDHB10,1.1287613,3.2076983
WNK2,-7.9527316,8.442018
PYCR2,10.051183,6.895328
LLGL2,-3.8969388,1.5414125
SLITRK6,6.9939046,9.054825
VCP,2.0191367,10.274867
TLR1,1.5367473,1.1716703
PRKCZ,0.60578024,4.193087
PLD6,8.752557,11.922867
VPS13C,-2.3781393,-6.249156
POLR2H,9.186491,0.25818667
SH3GLB1,8.154328,-4.406786
RBX1,9.906374,-4.9068413
FBXL19,-3.5328565,5.136246
SAC3D1,17.283262,4.588784
PDGFRL,-7.3847575,4.9239826
PRSS22,2.604658,-10.703513
SMG1,3.2198355,13.785856
DIS3L,13.123812,-0.8840683
NBPF14,-3.4752653,1.6579442
NSDHL,-5.4816074,6.93509
NFKBIL1,-0.5117038,14.863852
CPD,7.971059,-5.015174
GRAMD2,-2.6302288,18.340816
TSPYL2,14.664302,7.5650263
HOXA13,2.558711,4.0703526
EEF1A1,-0.75394166,14.5796795
LYPD2,1.2089337,-11.90049
KIF22,0.16289924,4.231144
A2M,2.4648304,2.391082
ICMT,1.1939094,-4.7167435
WDR7,11.662325,5.3047147
RIDA,6.9193106,0.7290243
NRARP,3.5812063,7.9412494
FAM13C,13.696199,12.043886
CHCHD5,12.55341,9.586606
CAMLG,-0.9781849,-3.723833
CD74,-3.0760002,-0.24542111
ZNF629,4.1631703,6.477636
RHBDF1,-1.954045,9.095355
ADAM8,-2.419606,-2.9502835
GDPD2,-6.7304535,14.574651
TAF4B,-8.444633,13.680954
SIL1,-2.9997706,9.571008
NGRN,-11.284837,0.27355713
SSX2IP,-1.9868853,13.156627
TRO,2.3913345,5.375018
PILRB,10.959123,5.8286133
SETD6,-3.148744,-0.28681067
XYLT1,4.4381185,-3.502154
SPIN1,-2.359991,-6.2678676
EGLN1,9.878508,-6.42905
KLHL11,4.2889767,-3.6791162
CROCC,-4.0963078,7.1876497
SLC35A2,-0.7349348,9.414461
RPL29,0.8076208,13.546811
FNDC10,-12.784966,-0.90903693
ZNF414,-5.075921,4.284649
SDHD,2.475499,-4.264938
FTO,3.3518097,1.7431365
ZNF816,1.7377347,11.760456
KLHL17,-8.632353,-2.8551178
DNAJC11,10.626494,14.509341
SLC26A2,-4.876071,12.980339
TNFRSF6B,-0.23335001,-7.0710235
ANP32B,9.188364,3.2177968
FIP1L1,9.806644,3.1226032
TEN1,-3.4200428,5.1458898
ALOX5,-2.4865084,-3.0248346
SMIM14,-9.617339,7.6601186
NISCH,-8.633733,-2.8575828
NOVA1,-0.29193014,2.916093
ACO1,2.5997632,2.5773294
SLCO4A1,9.244052,10.092238
MPLKIP,10.0666685,0.18616076
NOM1,7.870339,3.1176686
RCN1,-0.5480892,-6.9378424
FBXO45,1.7183763,16.13106
SLC43A1,5.457776,-0.55225223
MINDY4,16.581741,-3.795083
LTB4R,4.793429,10.860671
BRI3,10.555857,11.2492
DHX34,13.176326,3.2613268
MRPL16,2.6234243,-10.721515
ABCB8,7.961503,-5.028618
CAMK2N1,1.4842052,0.81088334
ACKR1,-3.9662995,-4.732687
SCGB1D2,-8.0476265,-1.4227709
MTDH,2.824398,8.28201
GSTM2,-12.306055,5.7625546
PHF13,16.582136,-3.7935739
COL9A2,7.9564986,0.02060956
PDZD11,-0.81214243,9.482348
TBC1D4,-4.47782,-2.1893754
CDSN,6.190993,9.675908
CANX,8.381186,-4.050261
MIS12,2.4507918,7.660058
CMTR1,6.101284,6.6879597
ZNF136,-5.9032583,3.1644435
RTF1,-6.350263,12.959815
ADAMTS12,2.2644148,4.86722
CTDSPL2,3.5235307,-7.6026216
PDE3B,15.316965,11.928001
PRIMPOL,13.246426,6.1507325
TSGA10,7.4881506,7.2837358
SMIM15,3.6641,11.846198
DNAJC4,17.806932,6.743228
MMRN2,2.4859557,2.3856957
PLCL1,-1.8591092,5.295225
VASH1,0.028147006,-9.449758
GMFB,5.270245,-0.68154156
ECD,10.062244,3.2492225
CDC37L1,6.128138,-0.35710844
SUB1,2.2152998,-4.4781427
DHX32,1.8031639,15.427682
MYO1C,-3.153202,-0.2937285
H2AFX,2.703885,17.209557
PGR,-0.4185332,2.8695624
GATM,6.9958034,9.060717
CABLES1,8.70398,-2.044282
DDX23,-2.5612795,8.487426
IL22RA1,6.1251388,9.81365
IL1RL2,-3.5807214,3.896113
NOC3L,9.1307535,1.0453913
GET4,5.9136806,-4.230234
PSMG2,9.97004,3.7659123
COG2,0.873162,-1.5033244
LRFN4,-8.174183,2.8546052
SLC1A2,3.84927,12.135371
DLX3,4.6191297,8.198711
MAX,9.026659,9.916388
TWF1,6.1278896,-0.29412743
DENND4B,-4.354665,-4.501163
CILP,-7.547284,3.9898195
DFFA,-3.7331433,11.235848
ABCA7,8.624442,16.623312
ST6GAL1,3.1180766,0.2322122
JUND,3.6182373,7.9652047
ANKRD11,-8.2046,2.0089953
OCLN,2.612906,-1.5450613
KLHL28,7.437696,12.959462
SOS1,-4.366704,-2.0902593
NDC1,9.128028,1.0381812
MTMR4,5.39252,1.4829017
CUEDC1,2.6013298,7.395248
CA9,-12.540332,0.99468684
DAPK3,11.8276205,-3.0325928
TMEM109,-7.6814613,5.3642893
SPG11,3.2748713,13.710149
FAM83F,5.873499,2.326849
MTF1,9.02835,8.060394
DNAL4,17.808805,6.7432513
ANKRD40,-1.5783882,2.8226094
TCTN1,-7.6765623,5.826485
SLC46A1,1.5023352,0.487697
EAF1,1.6996119,15.640346
SGO2,-2.7892787,12.460889
PIK3C2A,-10.84926,1.8696197
P3H2,9.027303,9.885692
DNAJC2,9.475511,0.36721963
MAPKAPK3,2.4924736,-1.3780562
NTRK3,3.3741877,1.5940009
RBM48,11.720444,1.703271
SPAG9,3.391947,13.617753
ZNF701,11.508469,5.933736
ANKMY1,6.1453996,6.6359563
CDKN2AIP,4.53327,-1.9967188
ARHGDIB,-3.0784872,-0.24915506
TNFSF10,-5.2095795,-3.826287
DDX60L,3.8424413,5.0009856
TMEM44,2.9676242,2.980253
ACTN1,-9.107705,10.485236
CIPC,7.7339945,10.848516
DTNB,10.15978,16.99725
APOLD1,3.344682,-0.38154605
TOX4,6.7273583,-3.0325184
FAT2,-1.3844607,9.857898
LARP1B,8.937956,1.264324
IL7,14.618888,-0.654452
DIP2C,5.989725,14.446793
EIF1AY,-2.1669571,13.848213
TM4SF1,-9.146231,10.520794
C1QBP,10.504467,-2.5486736
PLOD3,-3.0976143,-0.27789807
NECTIN3,-0.3494213,3.3706112
SMIM10,1.7753751,4.3066835
ARSJ,-9.14611,10.520516
TMEM63A,11.885568,-6.5281725
CCDC126,4.9422565,-1.6049346
PRELID3B,9.789538,4.0221596
MYDGF,7.9908805,6.834162
HPRT1,9.154447,0.89388233
MORN2,3.1958861,4.430401
PSD4,-4.6570077,5.5784655
ZNF829,-5.7070007,2.842931
ING5,13.162288,-1.9883425
RHOA,6.8883867,12.605287
STT3B,8.198926,-4.441254
TRMT11,-3.9140604,-6.7780633
JMJD7,-3.758137,1.5993167
ASRGL1,3.3424041,-0.3814999
CHDH,-4.3662724,14.957425
TBC1D5,7.4916406,7.2820835
PHTF2,3.5405052,-7.5945554
STK17B,6.31073,16.33384
MFSD13A,2.5175626,-1.4018844
SMAD3,0.30749205,-6.810163
MAD2L2,12.831561,-0.5878295
SMIM5,-4.468293,5.645902
KIAA0513,-4.36485,8.855222
SPTSSB,7.003387,9.095634
IRAK2,13.27261,-0.34569904
WNT5B,-3.4959514,15.945923
INPP4A,0.6474412,4.173935
SOSTDC1,-3.4213212,16.008333
BBS5,12.243552,5.156273
RNF152,10.16095,16.995815
DDX46,10.089524,3.3355784
PEAK1,1.1227679,3.2054832
PRIM1,11.563581,5.2078724
IL36RN,6.3561807,9.634276
ZNF320,11.49017,5.8727794
DEF6,-4.0810623,5.9494414
PRMT3,9.141884,0.90490353
YPEL2,6.249047,15.69245
FAHD2CP,1.52345,1.4690723
KATNAL2,5.496215,4.8804455
CD46,2.9401424,-6.9356804
TIMM17B,7.579677,5.303564
SAP30L,4.25913,-3.8775973
RNF166,1.85471,-9.261243
ZFPM1,5.887695,-4.132567
FBXL8,5.7863455,-4.051744
NMI,-5.2127423,-3.8319025
PLEKHG3,13.702841,12.052553
KCNQ4,-3.6844327,15.470185
TMEM184B,3.2671309,1.7851838
LHX6,2.9600153,-0.15280634
KCNK6,-0.24051182,8.968009
RNF139,3.3159792,-7.2215
SNHG6,1.5065323,14.075635
SF3B5,-4.6443706,3.7225733
CHMP1A,-5.0537252,4.5984926
ZNF341,-11.735146,9.618595
MKRN1,4.307654,10.352954
CD1C,-2.5977879,-3.1513128
ACSF2,8.7387905,-2.0378315
TNPO2,14.399239,2.3660793
PRODH,-3.403806,1.9827842
RAD23A,-0.5078371,1.4494556
MLST8,-0.34669814,9.217073
PSEN1,-0.023142304,-1.5149105
CDH13,2.6328552,-1.5521978
SDF2L1,-7.3942623,10.372888
RPL27,1.0728005,13.827263
KLK1,3.7003047,-3.07926
CHI3L2,1.2106893,-11.890656
ATG4A,-1.3148245,-1.8004466
FAM95C,-5.2333417,7.1106577
GM2A,0.67050445,-1.0950215
SLC4A11,-4.406407,14.765276
TRIM7,-3.6319003,4.8788047
CCDC59,9.579828,3.0772233
MBIP,-10.426348,2.681247
SRCIN1,0.28180307,10.249454
MATN2,2.6514673,5.784125
HARS,5.299949,10.3615465
NT5E,2.841004,5.209789
GPR183,0.7289533,5.4957013
MPHOSPH6,-11.295712,0.25633022
SH3TC1,0.05087143,-7.1493535
MGAT1,0.073376976,-7.1523633
RPUSD4,-6.611212,-0.5085528
FBXO38,11.932067,2.1524196
POR,7.578981,5.3008947
ACADS,10.752251,11.4446
NUDT4,5.969998,2.7246535
DTD1,12.294886,5.107663
WDFY1,8.040632,-4.873273
ERRFI1,7.1651597,15.661749
DZIP1L,0.12744513,14.973331
SEPT3,-6.3873587,15.255284
TFE3,-2.6174352,9.735638
ARPC5,4.085091,4.0646753
PER3,8.75886,11.9273405
PAX3,-6.462088,15.337308
SOX21,7.074438,9.294765
PHF10,2.8053424,-6.704066
SBSPON,-1.2091674,4.975863
NIPAL2,-3.2516713,4.3730354
TRAFD1,-2.2204788,8.828077
DNPEP,-5.9528456,11.328913
AARD,-4.9843574,13.081574
ZNF771,12.598919,10.769895
BORCS7,5.3564367,-0.48745623
ZNF274,13.166128,-1.9858373
SYNGR1,2.5004961,-1.3830061
SYNPO,2.9437945,2.1344683
FANCM,-3.9546773,-6.8031535
PDCL,-2.3541656,-6.274629
ATP5G2,-4.7385044,3.924524
HCFC1,4.3646955,9.349541
NDOR1,14.719363,2.8236537
CSGALNACT2,-1.9240186,2.2834136
PFKP,-12.53373,0.9978769
ZNF623,12.797875,2.781272
LIMK1,-3.9319675,-4.6407614
ZNF789,13.047242,-5.7442493
BRE,-3.0071838,9.571115
GPX1,-4.6161504,-4.464917
PPP6R2,7.979589,-4.9977927
TMEM258,12.582455,9.6057825
AKAP17A,8.514871,16.76148
ZNF574,5.48216,-3.111298
VGLL3,-0.14310703,3.2747357
FAM86EP,10.913768,14.280602
COX6A1,3.1637764,9.8583
FAM206A,-8.466019,15.364983
ZNRF3,0.05666606,-1.4346188
TMEM2,0.27816653,-6.8291936
MPC2,2.9780304,4.084171
SYNE2,5.926127,1.6933463
MYL12B,2.0581446,-4.6073775
F12,-4.8959985,6.4067426
ATP10B,6.8470993,10.254807
RBM18,4.1730714,-1.8534113
TCF3,14.714351,2.8211834
TMEM126B,-1.2615047,-4.6100593
RASSF3,-0.7687823,5.7169747
AP1AR,2.845601,8.285622
PPP2R3C,-0.02726499,8.643114
NDUFAF6,3.9330935,11.866602
ZBED4,9.094329,8.022252
PAN2,1.8192316,8.925054
ATP6AP1L,11.127436,6.709594
PCDHGA12,6.9077272,12.595934
G2E3,3.2630975,-7.5777607
ADNP,3.728393,12.611801
NBPF1,-1.2366536,0.69689304
ZNF304,8.225731,9.5028715
IPPK,-3.497599,4.6539664
PUSL1,5.5441194,-3.4493053
SPRED1,-0.85858345,3.2999995
HM13,-9.934739,-0.9364994
TMEM43,9.131738,9.961765
EGR3,10.5501175,9.177333
SERPINE1,-0.23202504,-7.0712013
IRF5,-3.5722861,3.6428602
ABCB1,-2.1544104,-7.104899
NFKB1,0.88268834,11.966381
CCDC69,16.533344,0.7535693
KLF3,2.6050925,-1.5356305
CSNK1E,5.6619263,6.965324
PIGS,-4.3279295,4.0473924
EGFL8,14.628692,2.1799333
VCPKMT,9.193267,3.905367
ROBO3,3.2699583,3.0222824
ATXN7,11.930915,2.1605859
PUS7,7.9824,2.9738195
WDR20,8.2037,9.513227
PIGF,12.604721,5.9447556
AFDN,5.575014,1.6635715
SLC22A4,1.4571183,0.76456994
FIS1,12.573826,9.554601
GLT8D1,-7.484621,4.0612154
LPP,3.480554,0.97782564
ZNF251,10.41377,-1.879086
ALDH3B1,4.4817066,11.019616
LPL,15.291416,11.900788
NDUFB8,3.1785522,9.870143
NLE1,10.944191,14.253399
CCNT2,2.4063072,8.468853
TMEM41B,2.9810097,-7.9131002
MED4,6.567985,-0.48033392
TOMM22,1.5971204,10.193805
LPCAT1,12.768113,-0.6423412
UNC5C,-4.43157,14.725651
GJA1,1.2199563,-1.1768223
GLRX3,-1.1558182,-4.5002146
PET100,3.0515797,9.462339
MYH14,5.511719,2.7927272
ZCCHC24,5.992558,14.442539
CYB561,-3.6191335,5.12252
NBPF11,3.0802052,-1.9857694
PHF20,7.9690266,-5.0181212
LYPLAL1,9.208331,3.8690715
ITGB8,1.2274954,1.9756229
PLEKHB1,-4.017087,15.228168
GRINA,0.0902082,-7.1283793
PGD,-0.3487635,4.5389957
TCTA,10.311144,6.6363807
C2CD5,-1.0007915,1.0912501
KRT23,3.7211206,-3.0771754
HELLS,3.0160108,17.43218
WNT3A,-5.2311797,7.1296225
MCM9,-5.5631,2.9269526
KCNAB2,-6.4789057,15.3692045
HCFC1R1,5.8309774,16.962925
EXTL1,-5.0607553,13.484329
ZNF687,8.934286,-2.3322322
ZNF551,8.226782,9.50324
TTI2,12.634353,2.6417062
NTRK2,-7.353505,4.9611554
NFU1,-0.64075947,-3.8784034
TRAF1,11.038068,5.830252
CSAD,7.1892376,-7.0360274
WDR91,5.672237,-5.3604417
RBPMS2,-1.9669104,7.011037
ATG4B,-2.4962418,8.585033
ZNF12,2.402775,8.446407
DXO,6.0323687,-5.2208824
OGT,-3.030168,4.303721
AGRN,-12.988027,-0.46190262
MAN2A2,-12.268038,5.719781
SIPA1L2,-4.5777254,-4.8599973
SLC38A4,2.847917,4.0976024
PREX2,2.525659,2.481886
ZNF607,11.409057,6.482443
JOSD2,14.739663,2.8478885
SEC11A,2.724247,-4.072158
C1QTNF1,3.6294367,1.2209455
RNF146,-1.9210693,2.279671
CSTF2,12.21509,5.1844254
NOB1,-6.6091247,-0.50719196
B3GALNT1,-1.8963008,5.287852
OSCAR,-2.42518,-2.9558313
NACAD,9.305114,-6.5144987
YTHDF2,1.3649131,15.412369
CACHD1,-4.56844,-4.8977723
PXN,12.566058,-0.7723124
ICAM2,2.4870844,2.3902814
ROR1,5.839671,16.955364
SMPDL3A,7.036526,9.26346
TAOK2,-8.296525,2.0538142
SLC40A1,-1.2653414,2.6244266
FAM174A,14.656802,-0.6097119
ANGPTL5,-7.5516605,3.9796116
MALSU1,6.674313,-0.55175173
RSG1,11.816762,5.5246596
CLCA2,-6.8011475,14.525978
SOX18,-2.1544611,-7.1058927
RNF187,-4.3672175,10.359402
ECM1,-4.5999837,9.04511
KCTD20,7.5668893,-9.184419
OCIAD1,9.8778105,-6.4302845
SHMT1,10.328719,9.450442
FAM131A,-2.689913,10.21047
SMARCA2,-4.0857596,-1.8433256
CTTNBP2NL,1.7467775,16.13841
ANKRD10,5.477257,2.8290572
ADAM9,-1.9295992,2.2828684
CMSS1,9.065659,1.0451438
MAPK14,-5.1623936,13.640674
ATPIF1,1.5038997,1.1143018
AKAP8L,-6.6698055,-0.5767726
PRKAR2B,15.1726055,11.7853155
AMDHD2,5.4617925,-0.5375318
DRAM1,10.701199,11.396898
OGFR,-6.670597,-0.57735693
TMEM164,-4.4069333,8.84876
CIR1,9.561699,3.1331081
ADTRP,5.9491196,9.989782
PLXNB2,4.0159245,6.312776
MSTO1,10.945526,14.253881
CGNL1,-3.6747892,15.573093
DNAJC1,2.4506857,7.6712565
PRUNE1,3.7608745,12.48849
YLPM1,3.5592055,12.965119
LYL1,0.53566206,6.530248
LEMD2,8.522547,16.75564
ZCCHC2,-5.1422834,12.923577
RBAK,2.831062,13.492896
ITGA8,-1.9961331,7.3391533
TYMS,2.8916786,17.357145
OSR2,-7.634335,4.5892477
DOCK4,2.5098252,2.5160575
USP9X,-11.307185,2.966232
FXYD3,0.67130584,4.1542816
HAAO,6.3523326,12.574312
SDHAF1,12.412766,10.937244
SSH2,-2.0481195,-8.681357
ADAM15,5.752283,-3.1975727
GATA6,-1.1847112,4.955762
EIF2B5,-8.43986,13.685482
VPS37C,6.3177094,-3.4240134
SMIM12,-7.241956,10.437155
ENO3,15.27729,6.4269466
WDR45,-0.37375548,17.892279
ADCY3,12.532724,-0.79068077
CENPE,-3.5935228,12.505398
NPLOC4,-0.49988222,1.4541861
DQX1,-3.5835125,3.8736064
IFT88,-3.9219756,-6.7841573
EIF4ENIF1,-0.020190883,-1.4906422
ZSCAN9,-0.7472948,9.439227
UQCRFS1,1.8830564,-4.6527314
IGSF22,-4.47887,8.858842
RIF1,3.7521994,-7.453393
LIG4,7.483514,1.4157531
CACNB3,10.020281,7.193497
TMEM256,11.827972,-3.0344234
COA6,10.012171,0.1849255
SCN4A,3.0559165,0.098968126
GLG1,-1.5719901,-0.23354492
RAC3,7.484924,15.292051
ZNF774,11.400152,6.4870586
QRICH2,10.996811,5.8511076
MRPL47,2.1779993,-4.5110607
ADRB2,-0.9347593,6.3800416
LRRC32,-4.1313825,-4.6798043
HSPB6,-1.6313051,6.8268275
MEIS3,5.7083287,15.473268
RHBDL2,7.852509,9.611893
MAFG,6.086473,-4.593403
PPP3R1,-10.696036,3.0493398
SKIV2L,-10.177255,6.239806
PLIN5,0.0013441159,3.3335798
TMCO3,-0.24866731,4.447651
ITFG1,8.005118,-4.958149
TMEM94,-12.898936,6.9220314
PKDCC,6.274829,13.647674
SLC35C2,-3.9825044,6.865101
ELF3,-4.9237847,13.02819
UBR2,3.120597,13.901403
KLF10,3.6258698,7.9652433
LY6E,0.5189083,7.44286
NCF4,0.4502396,5.247054
ITPR2,3.1317096,18.855568
ANGPTL4,12.397221,-0.8721504
PRDX4,15.769586,-1.5840714
PHACTR4,2.5012703,-1.386632
N4BP2L2,7.4446983,13.082318
FHIT,-5.883681,4.3073654
FAM120A,13.507834,8.006616
GPR89B,10.6045,11.302993
TSPAN12,-0.7094515,5.7144074
ETS1,-9.061978,10.4453125
ZNF256,8.230727,9.49778
AKR1A1,-0.3521268,4.549868
HACD1,-1.0988276,4.8096304
SNAPC2,-4.696545,3.4526346
DCTN3,6.260792,19.187551
SYK,8.35354,4.57979
TMEM165,12.162752,-0.98118275
ABLIM3,2.865917,2.6556811
EPHB3,5.5475955,2.7160535
SLC35F2,-3.503932,1.665386
CDC123,7.8929744,3.075662
LRRC61,8.395946,4.63115
TBCB,9.246342,11.392068
NFAT5,6.008844,1.5834414
TCF12,7.3756657,1.2950331
INTS1,-12.898493,6.921669
PGGHG,5.9970818,13.356945
ATOH8,7.348539,15.2164955
RNF225,3.7374482,-3.0902505
MARC1,15.313672,11.92462
GALNT8,-7.6448183,4.3749595
HCG18,-4.0128107,11.486744
PPM1G,1.5285478,10.120909
ZNF43,-2.682709,10.230662
NFE2L1,10.555286,11.248135
ATL2,-3.837492,-1.905036
ADGRE5,-4.569098,-4.808565
TMEM67,-3.9231484,-6.7839394
HIRA,14.712628,2.8081229
GNG10,5.880869,2.5937705
NOCT,12.10218,-1.0337654
PHF11,2.4789739,7.6343303
NUDT15,-1.3110985,-4.666635
MS4A7,13.933962,-4.5214524
SPCS2,5.38934,-8.838326
EIF4H,5.6127195,4.4965563
BCL9,3.072259,-3.1852264
GABARAPL2,1.7512146,15.381163
SSR3,2.4883904,-4.255405
TOMM40L,-9.762751,-0.78127235
SLC1A7,-7.660141,4.454006
OTUB2,-4.472659,8.784657
EIF3L,-0.7475979,14.591567
WDR47,-10.694817,3.0554726
TMEM268,1.457055,0.70856637
ACBD3,9.637908,3.5128677
ZNF57,8.156232,9.537427
EEF1AKMT1,16.582052,-3.7946885
BAX,11.828189,-3.0335782
ELF5,1.3696457,1.8186488
PROX1,1.8323605,6.3355656
TSEN34,-3.5641716,10.152824
CALML3,-5.135067,6.883221
B3GALT6,-5.7140465,10.649177
MRNIP,-12.2715,5.7259555
SLC25A38,6.0492806,15.857273
TMEM120A,-4.186046,0.9122657
HACE1,7.3525143,1.2722598
HSPB8,5.6245656,4.4511
HJURP,-5.814327,9.741456
ROGDI,3.407629,13.611147
PCSK4,10.962885,5.809511
ALG6,11.928852,2.0836663
FUK,5.3901086,-8.838408
STX7,2.5564818,7.6029606
INHA,6.0159917,-6.1783094
FAM107A,-1.162236,0.31843045
TEX9,7.775845,16.49035
COA7,8.489066,2.030766
DNASE1L2,6.428594,9.911807
ANKRD22,5.1500807,10.575883
ZNF649,11.93714,2.146969
ATP13A4,7.118704,-8.615377
ORMDL2,7.45368,-2.0063844
RPTOR,5.8616753,2.210271
DIAPH3,-3.1248677,12.622767
HOXD9,2.6999428,2.7008798
SLFN5,-0.37856793,3.3853126
IFT46,12.655718,5.977724
GJA4,2.7011395,2.2217755
DDX41,-5.1022096,10.614511
UQCC2,3.285977,17.234795
SP140L,6.2038803,13.607679
DACT3,-1.7847861,6.996479
TMEM19,-5.1671696,5.6060576
TADA3,14.743855,2.8521848
PCDHGA9,6.8872213,12.597966
MICALCL,7.072356,9.30223
ENSA,-4.2607994,5.9324446
HNRNPR,9.138316,0.94230694
RPL26L1,3.2330637,4.5048504
ANKRD29,-0.76186675,5.766928
TFF3,1.824268,6.3465137
ARID2,2.89513,14.380723
COG8,14.68192,2.8198845
RNF113A,9.872521,3.1121452
CNOT8,-1.9396715,2.2662437
DEDD2,-0.7493651,7.02963
URGCP,-8.295522,2.0533361
WDR48,6.251508,15.676177
AGPAT4,6.158327,13.435568
TAF12,1.3146111,15.358238
METTL15,13.197874,6.139689
VPS13B,3.2367814,13.788158
TMEM144,7.774116,16.49099
ANGEL2,2.970659,-7.9251404
ATP1B2,2.3352451,3.9854057
NOSIP,-5.0348883,4.2584634
ALKBH4,5.51093,-3.1525183
U2AF1L4,5.8861384,-5.048243
ARMC5,14.724897,2.7781048
AKNA,4.2449956,11.385191
NICN1,7.229209,-7.08274
NYNRIN,-1.3197912,9.924086
EMC10,2.49767,7.641133
NFYB,-0.88990015,-3.588622
ENDOV,-3.985967,6.8385015
HNMT,-1.8708208,5.294077
TATDN2,-8.307428,2.0570445
ANXA8L1,-3.5465488,3.8106854
PIGB,11.517705,5.1345105
TBC1D30,1.4843675,0.81077534
MAST2,0.56794333,-1.2152519
LHX2,0.0578695,-9.498623
METRNL,5.606905,-3.4704773
KIAA1522,5.731954,2.4725752
SCAPER,8.227368,9.498877
LSMEM1,16.534266,0.75510484
TMEM35B,6.1584053,13.665501
CD200,4.433372,-10.463186
ZNF613,11.630359,1.540309
SPON2,-7.6359134,4.5588512
PTER,7.027585,12.439134
COPZ2,-7.597086,5.6535606
HMGCL,-4.182919,0.9149436
NSL1,-2.6398716,10.30925
XCR1,10.316419,9.45674
AMMECR1,7.134092,-8.632001
HSF2,3.1062229,-7.167412
COX7A1,2.6526809,2.250441
MRPS18B,6.6625133,19.170176
DNASE2,7.1224904,1.017212
TXNRD1,-1.289808,2.600431
DMXL1,3.298956,-7.6610427
MAP7D3,-0.6556577,3.0111454
DYSF,2.3315158,5.014918
CPLX1,1.9451466,6.1498375
ZNF92,-2.2408485,4.0199676
POLR3E,-1.5662365,15.270809
COL13A1,-7.5805655,5.618674
RGS14,-4.8863673,6.4014244
ZNF410,12.1340475,2.2900336
BHMT2,-0.37157494,2.8392708
IRF2,3.9424713,-5.455059
CCT8,9.373496,1.0066224
SMIM8,7.0411367,0.629
TADA1,3.7189174,-7.4384723
NRDC,7.5415435,10.768155
NMRAL2P,6.8834023,10.284149
BCL2L2,5.807759,2.1755455
GOLGA2,5.9678197,-3.821625
BCR,6.0521197,-4.574594
CCDC137,-0.49827862,9.236964
MAGEH1,2.2650547,4.8503075
SCN1B,11.598988,12.263086
SLC19A2,1.0810761,12.161861
C1GALT1,12.13414,-1.0080377
FAM78B,16.581768,-3.793328
ZNF433,13.834416,5.865282
VEZT,6.504478,0.3885439
RPS6KA4,14.691126,2.8029783
LIME1,17.283478,4.588931
GPR176,2.6817412,2.7302604
TMEM230,5.954505,2.7208552
SERPINA3,0.019201403,-7.133831
RNF216,4.5012355,-3.420557
SERPINB1,-0.5795819,-6.9420934
GOPC,2.4967566,8.111845
RIC1,-10.808606,1.9386117
BTBD9,5.872489,2.199102
ZFYVE26,-8.077519,1.5759174
PSMA5,1.9171973,-4.7401557
SLA,14.086847,-4.677873
SDR39U1,5.9975743,-5.1766796
FAM136A,-9.104603,0.35854432
PDCD2L,-7.332709,10.396801
VWA2,-5.1397552,5.592481
LRFN5,2.977358,5.423795
FAM69C,-6.394817,15.267952
PPP2CB,9.9585085,3.7792423
ITIH3,-0.78584516,5.7932634
RARS2,5.80412,16.98764
PGRMC1,2.7235944,-4.0659738
PARK2,-7.4067864,10.364168
SLC9A8,2.3599386,7.105282
DFNA5,6.1894565,13.576906
THNSL1,13.522095,6.018004
SFT2D2,2.5012116,-1.3891559
CDK17,-9.275227,4.346409
NFE2L2,1.176848,-1.213479
P2RX1,-2.022968,7.3384438
FAM120AOS,8.398217,4.6335435
UBR7,-9.917559,6.0860586
ITGA11,2.9686756,5.3785715
SNX5,4.134187,4.038548
POLE4,9.244357,11.393634
FCGR2A,0.4768292,6.0520644
RNFT1,-1.5255492,0.42548847
ZNF397,-5.945263,2.6924345
PLS1,8.392088,-4.005065
RASAL2,7.0234528,-8.569835
PLXNB3,-4.4351273,14.701172
PMF1,-4.3339295,4.026754
MDM2,-9.500128,7.5435314
TMEM110,9.031409,8.093848
NFYA,13.277953,7.835231
DYRK1B,-11.725815,9.627918
ING1,-2.5079372,9.444044
CIT,-3.4820352,12.597341
SON,3.1879642,13.715997
SBDS,9.652185,3.5190945
ZBTB33,-11.056349,2.851219
GOLGA4,1.772002,16.120369
IRF3,14.603561,2.179502
CYP3A5,2.5711584,-1.4859663
EDEM3,7.440058,1.3671455
MYD88,12.912393,-0.5418461
ZNF638,6.817451,0.64325935
FN1,-1.0854335,4.810742
GSTK1,12.564266,9.560893
ITGB7,-8.340012,-2.471393
SNX25,-9.448304,7.5346584
LDOC1L,-7.5242124,-5.9139442
RBM15B,5.8520555,2.4844964
PFN2,-1.8721418,5.5397444
HYAL2,3.2955873,-0.34886244
POMGNT2,-8.533628,1.9024066
ZIC1,6.2276077,13.719147
EXOC1,2.9161596,-7.97519
LCE3E,5.718943,10.038116
SGK3,-2.0844052,13.555645
RASGEF1B,-11.661955,9.686601
AKT2,14.70585,2.8021007
ERCC8,3.8492708,11.996048
YAE1D1,-1.2667674,-4.613054
CCL19,-7.064679,5.817692
EFL1,7.1687455,-8.662211
AMER1,9.042558,8.129558
FAM171A1,1.1049167,3.1977298
BRD7,1.7185298,16.11596
ABHD12B,6.167121,9.545698
NOL4L,2.5741036,7.406262
FUT4,-1.1424563,-0.3833999
CHD1L,-9.75895,-0.77781075
PTCH2,3.3197632,5.5615497
AKR7A3,-8.4540205,1.2182533
ASPHD2,5.6148252,7.122702
MYO7A,13.686132,-4.315387
SART3,4.0893245,9.817071
RAB44,-1.7974766,0.91987264
EHMT1,-7.8187265,1.4160515
GRB2,4.4362745,-3.4831893
EGLN3,16.156542,-1.2833604
FAM102B,2.2960787,4.8602533
TRMU,8.5086,16.772118
DHRS11,-0.47003594,7.076412
FRMD4B,7.0426683,-8.574406
LCN2,1.2110343,-11.88944
SPRN,-4.0922165,7.1909375
SLC37A4,-3.7156348,11.250341
APOL3,-1.1102734,0.20903762
MAMLD1,6.242744,13.739523
TRIB1,3.6263964,7.968915
ZNF550,-5.9102955,3.170479
RASA2,7.4510546,13.064172
IDH1,8.842856,14.421242
USP6NL,7.529786,10.864045
PPM1H,8.022671,-0.039707206
ETNK1,3.1122165,-7.184528
WDR33,-3.5468645,1.6550133
CUTC,5.802764,16.989475
FAM35A,5.8042264,16.989534
VEGFC,-0.37141815,0.095888734
PROSC,5.9071546,6.793532
TIGD2,1.2989596,1.8868232
SAA2,16.53636,0.7557331
CNPY3,-3.158063,-0.73424083
RPL22,1.5559419,14.120781
NR4A3,-4.9937434,13.106632
KDELR2,5.390097,-8.838838
ZFAS1,1.4330269,13.985568
LAT,10.63127,6.5515876
SOCS5,5.8714285,-1.3253515
DSTN,5.452379,-0.5262576
GLOD4,-2.256786,8.862201
USE1,-4.177494,0.92230463
ADPRHL2,6.284299,-3.4459183
AIG1,1.5665301,18.690397
FGR,14.0829315,-4.6712995
KL,2.3574536,2.4075089
NOL7,6.67511,-0.54692686
TXNDC15,-1.6927778,5.548401
LAMB2,3.7261207,1.0290172
KRT7,-4.9620166,13.036524
RIC8A,14.717869,2.8170266
SNX30,9.051191,8.116081
LCOR,9.068528,8.164709
VANGL2,-3.545042,3.8279283
PLEKHG4B,4.427632,-10.457032
PLK2,1.1864197,-1.2084303
ROBO2,2.646279,5.787531
TMEM245,9.03821,8.165158
POLG,-8.294402,2.0496814
ALOX5AP,0.5028853,5.666457
DGKQ,14.558517,2.2103126
DMTN,-0.2373968,4.4189606
KLHL6,0.39139754,5.4011755
IL10RA,0.48818055,6.0460935
PEX11A,8.847134,14.425922
LILRA6,13.689093,-4.3183823
PNPLA3,3.727921,-3.0643122
DUOXA2,5.6286726,7.091132
TMBIM6,8.184494,2.7643163
BST2,6.103313,13.441319
MTFR1L,7.2427297,-7.096747
NAA38,12.529829,9.575341
TFB1M,-0.46796963,13.164555
HBB,13.94533,-4.533692
GDI1,-6.6064754,-0.49580666
BTRC,2.6324453,-1.5606086
DIMT1,2.7224455,-4.0681987
BAD,-5.0658517,4.2754965
AMPD3,-3.5844924,3.8893175
RHBG,6.661487,10.12223
TBXAS1,13.930493,-4.517087
FZD6,-1.9829067,13.216591
DCBLD2,13.694846,12.041579
RASA4CP,-4.3481703,8.853874
ALDH3A1,-6.5246234,15.398747
PLK1,-5.8168106,9.746253
MACROD2,-7.3694053,10.361367
ZBED5,-6.0100026,2.65066
SEPHS1,14.593901,2.1381001
ZFHX3,-1.1382036,-0.3872938
PPM1M,9.301648,-6.519215
RPL9,1.511674,14.076612
GNA13,-10.467553,2.263616
BICD1,1.566999,4.0929093
ZC3H7B,10.055498,4.194043
ADAMTS7,-7.4574785,-5.8447585
AURKA,-3.4025733,12.661085
COMMD2,9.383198,0.2184576
HSPB11,-0.90500057,-3.5964065
DSC2,7.221018,9.811691
CTGF,-3.6718826,15.575726
ZNF888,1.7034448,11.731247
ZNF778,11.350986,16.28474
DLX6,-4.256169,8.8667145
MPV17,10.756792,-2.4198272
PLOD2,-9.144872,10.517968
PAPSS2,-1.0669154,-0.20337245
MAMDC2,-1.11902,0.3931754
MX2,6.15288,13.661601
MED21,-3.8398871,-1.9034123
RBM23,-5.3941655,10.815598
ARHGEF7,-8.159882,2.3511765
TNNI1,15.277632,6.426675
SLC9A6,3.069009,-1.9815503
RAB8A,-1.5798165,5.829268
PM20D2,3.6455622,11.833697
NEURL4,14.543816,2.2691817
GLYR1,6.769536,-3.003951
SWT1,1.7419194,10.6189
CDC40,2.8643525,8.286384
CAV2,5.7729697,-0.42685273
PDE7B,2.115225,4.6537647
TARS,10.478717,-2.5831442
ZSWIM4,6.1541657,-3.6675081
PRUNE2,5.0315456,-0.4096216
POLE,5.7606406,-5.981302
KLRA1P,-3.9627125,-6.81026
NAPEPLD,7.632889,1.5745559
RNASE7,-4.961421,8.542195
GSDMD,0.51402193,6.451851
GON7,-1.3061979,-4.669725
GNPDA2,3.35132,-7.6536903
OFD1,7.372897,7.3966618
CDIPT,8.451733,-2.2624996
SYT7,-4.9567657,13.074735
ALDH4A1,-12.771643,-0.9257663
OAS3,-5.2689924,-3.4533677
CDH6,-1.9482219,7.289063
ACOT9,5.990953,14.442719
TXNDC12,6.207963,19.214602
SCARF1,2.5199203,2.4978333
ZBTB44,-10.822778,1.9071119
GGT7,11.888929,-6.528716
ZBTB14,-2.6204333,9.733419
NOTUM,-4.700177,15.344851
CD44,13.596229,8.125925
FBXO44,5.6834846,-5.3672185
FOXN2,5.8917217,-1.3535085
KLC4,-5.340324,-4.710408
LIN9,-2.0824254,13.553962
TAPT1,-9.491763,7.560854
ARPC3,1.9700453,-4.66337
XPOT,9.61086,0.5367831
SMAD6,-2.1555426,-7.1005507
NBPF9,0.65009606,4.168906
METTL5,-1.0706762,-4.298403
CSTF3,-3.156637,-0.74421424
MRPL22,2.0340755,-4.757791
MAOB,0.85063875,3.1952236
UROD,1.7499238,16.145092
GGT5,-1.0884748,-0.29039145
TRIM62,5.306187,10.349463
SSFA2,-2.0890923,13.52949
LMO4,-3.428756,15.997622
KAT14,12.863255,2.8090165
DNAJA3,-6.729661,10.624145
ZNF844,13.783622,5.887982
NDUFB10,12.562313,9.559556
NKD2,7.300243,14.936486
KIF21A,7.4416795,-8.979705
FAM32A,-3.2339945,1.8326982
MESDC1,10.750654,11.442692
PSMB8,-5.011065,-3.884491
FAM212A,5.505182,2.7681694
SCN3B,1.8305445,6.340124
METTL2A,1.1907812,-4.7149887
NDUFA4,3.0482047,4.1559353
RUFY3,-3.2222118,4.405825
CCDC84,5.7059736,-5.852714
FAM25A,6.1347666,9.519998
EIF2AK1,7.3820195,-2.5765195
PTMA,1.6712017,10.855969
GSTCD,-2.792374,12.461797
DDB1,7.384509,-2.5747194
MAML2,3.6587777,12.796276
MAPK11,-4.5955377,-4.5604486
CRTAP,4.7930546,15.670345
CKMT2,7.8571763,0.10949843
ZNF185,0.60990983,-1.1890236
HTRA2,10.418217,-1.9016974
CRLF3,-2.0420866,13.522878
BCL10,-10.698676,3.062583
TRAC,6.358968,12.576775
GUCY1A2,1.7882963,4.29942
LTBR,13.129409,-0.3845482
ZNFX1,10.558292,11.252409
ZDHHC11B,0.13159311,14.962002
PPA2,-8.45058,3.0469205
TTC30A,-2.6059744,10.324739
MZT2A,-8.073527,2.861458
HCCS,1.3932681,15.413752
CMC1,-1.1161772,-4.491341
NSUN3,-5.562089,2.9421034
RPS15A,1.065227,13.8205385
MGST3,6.221973,13.244333
NAPSB,-2.5744083,-3.125687
SALL2,2.498255,4.189785
TRPT1,-3.572511,3.5605314
TCEA2,4.4849615,11.017097
MIOS,1.6582583,15.759125
TMEM45B,7.856785,9.618287
DET1,-1.254914,0.68723404
BRWD3,-10.78701,1.9672033
MOCS1,-0.97375697,-0.22922282
RRAGA,-0.3654851,-2.3124113
UGGT2,-1.1259067,-0.34778532
MAST1,-3.7294996,1.5805938
CAPN6,2.6939461,5.3612866
PTK2,7.9697227,-5.019007
VRK3,-4.0060754,1.2017905
DNAJC16,12.850372,2.8677359
TNNT1,-3.5863657,4.555813
PCDH20,3.4748805,5.8411055
BRD9,-5.918784,11.290382
SETDB2,2.541232,7.5822105
PGM2L1,-0.39508453,3.392497
TMEM116,-12.980682,-0.46698624
NPAS2,5.5714736,7.124449
SLC35A1,-2.0359693,13.518955
NME3,12.593922,10.768691
FHL2,-2.412725,7.002066
SPECC1,3.1439557,2.4288967
BRWD1,-10.428551,2.5809815
SNAPC1,2.4518554,7.8317847
POLR2G,1.5868815,18.7128
ITPKB,-4.586931,9.041355
AOC4P,-1.594082,6.808458
SPAG5,-5.931558,9.5864525
ACOT13,12.372946,6.1792216
PTTG1,-5.80825,9.743652
RNF185,-1.3681455,6.0386786
LRRC41,4.061552,9.720909
MSRB2,6.2065964,13.202256
EIF3A,3.9743752,10.405726
INPP5A,5.5914264,6.5566335
MED7,-1.2685082,-4.6182942
PTRH1,3.2836483,-3.1056721
TTLL11,-3.558825,11.346739
CDC34,5.6039453,-3.4658303
PRR3,3.88727,-5.51193
CHTF8,-5.3950367,10.8193655
RASSF6,6.994022,9.047355
TAPBP,13.270704,-0.34555984
NDUFB9,6.9302034,19.452196
ZNF213,-2.3259594,9.28677
C2CD2L,6.098373,-3.7492106
PRKD1,-0.5669999,0.24352704
P3H3,12.621227,1.0786889
GLRB,-0.3594526,2.8450668
SLC11A1,14.064372,-4.6550264
CCDC17,6.041112,-6.211481
PTPRT,-5.1142225,13.569826
CCNI,5.495886,-0.62007904
PCNA,2.7050307,17.205238
NCKAP5L,2.7454293,7.2745166
UBE2N,1.3877966,15.185422
LZIC,-0.8734981,12.701775
PDCD2,-4.003022,11.481153
COG1,4.4427958,9.611324
CGRRF1,5.91799,-1.3905743
PFKL,-3.2061808,10.038196
GNPAT,9.380912,-7.343016
TGM1,5.2479177,10.325452
DDX6,2.9817865,14.377021
AVPI1,7.5411606,-2.396142
FDFT1,-5.4768085,6.905044
RIMKLB,6.1840725,13.6177635
RPUSD3,-1.3214725,2.346447
TUBB6,-4.047934,7.6204333
JTB,5.8631215,-4.6551046
USF2,-5.0467944,4.609484
FRMD3,2.3609548,2.40974
TXLNGY,-2.1756291,13.874629
FANCA,2.884438,17.359716
FAM126B,9.810651,4.024284
NDUFB4,2.0186286,-4.756057
IWS1,9.748571,0.5294755
MARCH8,9.037149,8.164486
CDC42SE2,2.9815884,14.471467
TBXA2R,-1.9809532,7.08008
PLA2G4F,-2.6293178,18.338959
RBM28,6.0193787,-6.186447
NIT1,0.29138708,10.360245
MYH6,15.26728,6.420592
DDX42,14.656414,7.5564046
CUBN,5.50214,4.862873
TMEM128,8.265152,-6.830655
NFE2L3,7.6228952,10.827837
EFNA4,-0.2060102,8.982575
EIF4B,13.599086,8.129162
CCDC28A,9.569371,3.058545
EGFLAM,2.9895272,5.1618333
AP5M1,7.5883904,1.5229564
ABI3BP,-7.3955607,4.9263067
AVIL,10.758754,6.0763645
RAB9A,9.601159,3.083811
PHLDB1,3.140791,2.4019806
TMEM11,-5.215987,10.622196
IMPA1,5.825327,-1.2550188
ZNF618,13.104392,-0.8697236
COL6A6,-7.453255,5.7951517
POMT2,-9.998561,5.752023
ZNF133,-2.0649934,5.6143064
ZC3H12D,-2.4865987,-3.0234857
ZNF580,12.560067,10.800422
PLAU,12.103065,-1.033847
NEDD4L,-5.152436,12.923721
MLYCD,4.4115634,0.7202124
CBX1,-8.439191,1.2865618
HIF1A,-9.147687,10.521493
PAPOLG,-2.1818771,3.992453
B3GALT5,-7.9732533,-1.0086106
ZNF333,-3.397466,5.104917
SAP30BP,-6.669963,-0.57675314
MTO1,11.490492,1.3206588
OTUD7A,5.7710433,2.1579654
ZNF384,-8.162202,2.3569303
C7,-0.37413135,2.8476877
ATP2A2,4.447738,-7.036241
PPAT,8.915857,1.274836
KAZN,4.8192124,10.846376
SLC5A6,-6.518414,1.4290143
PLBD2,0.53713584,7.2714925
CHUK,-0.9645082,12.510213
GNPTAB,9.9809475,7.0026135
KATNAL1,-1.8124791,5.3101115
TMPRSS4,12.572903,-0.6216916
SPTY2D1,-11.167056,2.8759308
PHF23,-1.5177311,5.838698
GRB7,5.0727224,10.106223
IFT57,9.4457,0.32904372
TMEM143,-5.3477674,-4.7132516
GARS,1.601115,10.1813965
IQCE,4.5081835,-3.4126892
SMIM13,-2.0778804,13.553189
CTNNA1,4.4713397,-7.028983
PCDH19,3.0601027,0.10690758
CDH11,0.79410785,3.2152796
OXLD1,-3.2317793,1.8322536
DPF3,8.846127,6.529756
GNG2,2.916582,5.2753615
SPON1,-7.3144975,5.7227063
NCSTN,4.4090014,9.648292
PDE10A,3.3312874,-0.38365066
STS,-1.280842,2.3567984
MARVELD1,7.078114,13.580903
RNF103,-10.796986,2.3205297
SEL1L,-10.709467,2.0252757
SNX13,-2.576995,-6.0460005
PGM1,6.6861176,19.184032
ARHGAP11A,-3.5761306,12.519066
SLC22A18,17.28995,4.589587
IK,8.376651,6.45254
HNRNPL,7.0818954,18.77309
XPO7,4.1188893,10.2857065
GOLGA8A,5.670396,-5.3863745
TMEM25,3.194207,5.0826364
RGL2,-4.1019673,7.197348
MICALL2,6.1314335,16.047672
FAM3C,5.2030215,-0.7226765
WNT7A,2.8209589,4.100219
TPM3,8.211627,2.7499042
SRSF7,4.6377563,-2.056423
NUPL2,7.1141553,1.0105113
BOLA3,9.244366,11.394569
MSMO1,-4.9537396,1.4712442
ZNF681,-2.2371826,4.01886
TRAK1,-11.74469,9.609038
AGO3,-9.54214,7.5942388
DPH1,5.9469223,6.761572
ZNF597,-2.669647,-5.94779
PCDH1,5.82745,1.7728766
PSRC1,-6.48489,15.373885
RTKN,4.860761,10.812284
TMEM41A,16.22285,7.441513
RASA4,2.4098442,7.1605973
LRRC25,13.962106,-4.551459
PIGK,-1.704369,5.525434
TBC1D20,-4.473395,8.923064
FKTN,10.41835,-1.9011896
PGF,16.033842,-1.3952736
CDAN1,5.390231,-8.838591
OSER1,1.0950557,12.173503
POLR2B,3.757281,-7.448285
KLHL23,-1.1542673,4.915824
IFNGR2,12.583276,-0.7249263
RAB7A,10.656458,-2.282026
ZNF543,3.7845814,12.534737
CUL7,10.979523,5.8650928
SMARCC2,3.6462805,12.781236
CCDC12,7.579584,5.303292
HECTD3,14.659845,2.7971804
HCFC2,-2.6535897,-5.9635787
DOK6,-3.6771982,15.571622
ZNF283,13.57745,5.9839044
CSTB,1.5253866,10.290364
DNAJC25,6.0602007,-0.012717591
PEX16,-5.0525503,4.61744
OSBPL1A,-1.8364106,5.4910874
RNF4,-7.8215923,1.4161292
COMMD6,1.4849848,14.054598
HDAC7,14.593533,2.1372645
BRCC3,3.8416007,11.996672
LGALSL,5.98726,9.98165
DGCR5,-12.982386,-0.46818402
BCDIN3D,12.585326,2.5937808
SCAND1,-2.4771507,9.599591
PLEKHA2,2.6059406,-10.704644
UROS,2.016847,10.235668
PALLD,-1.4543921,5.081689
IPP,7.016318,12.422252
RILPL2,-1.045597,0.13868234
COMMD5,6.804141,-2.9672964
FLT3LG,5.893851,15.705712
GTSE1,-5.8165402,9.741041
TAF1,5.2804403,1.3675362
KRT13,4.2731915,-8.929332
GFM1,4.4614697,-7.0251617
ZNF684,-1.4964335,5.8526435
TMEM176A,-4.559407,-4.8039494
MYPOP,8.113963,-2.58005
GOLGA1,-8.073577,1.5768572
CASKIN2,3.247701,1.7665329
CALB2,15.355304,11.964768
ACSS3,-0.29774213,0.20469548
TCEAL9,6.5289955,0.41601783
TFAP2B,-7.9554243,8.439277
MFSD10,-9.875498,6.0597935
RRM2B,2.7657325,-4.027331
TRPC1,-0.4169358,3.4217508
SEPT10,2.9994454,14.467828
HNRNPA1L2,10.41569,-1.8914087
RPL12,0.9856066,13.770181
TBC1D25,8.244488,-2.3575466
MYO10,4.15354,10.293124
RAB4A,1.7440454,15.37208
BRMS1L,5.408611,-0.5802268
VDAC2,1.5235872,10.096854
PCBD1,6.2058883,13.203725
TMEM209,3.7736506,11.988211
TYW3,-1.3234721,-1.7930759
HELZ2,12.9254265,-0.5575783
DEPDC5,3.8343573,12.205337
NLRX1,6.462567,10.0171795
GPR153,14.529582,2.9881034
SLC30A9,8.162053,-4.424897
SLC35B2,0.5101224,7.457416
NADK2,5.8244405,-1.2475677
NPIPB5,3.9954393,6.2975245
VAT1,5.454011,6.9631257
CCDC183,-9.095725,0.36981142
GGCX,10.25077,6.668052
SMARCB1,-5.7017717,10.672725
STIM2,-6.8036118,14.521814
HBA2,13.941662,-4.5297008
CORIN,-0.14096375,-0.16415723
GNL3L,9.311466,7.830873
GRB14,7.8321776,0.117352426
FBXL6,6.0343447,-5.228703
INPP5E,5.738584,-4.0183454
CD82,-0.18079494,8.971219
COQ2,-4.951513,1.4730296
ZNF391,-2.6431158,10.287782
L3MBTL1,7.2209196,-7.0693173
FAM96A,3.795005,4.1417127
TNS3,2.4797597,4.2531557
PIWIL2,8.929468,2.5500827
GNG5,2.0165854,-4.7716594
PIP4K2C,4.349399,9.854329
STX16,7.189679,-7.037836
TMEM38A,-5.0879526,13.530783
KIAA1191,8.391012,-4.0329123
AQR,-9.639037,12.805416
RAET1E,6.9094872,10.271347
ERCC1,-9.950201,-0.95503455
INTS4,11.803718,5.536507
PQLC2,-1.5065489,5.8402205
ATP13A2,14.716045,2.8253553
APBA3,9.966462,7.0219097
PODXL2,2.498494,7.6419387
ZNF93,-9.2148695,16.011324
C3,-0.13782033,-0.49130476
RASSF10,-7.954366,8.425873
COX14,3.0931149,9.599337
HOXA5,-4.486107,-2.1987329
CLEC16A,-1.4877231,5.86486
CERK,5.7845335,6.861303
BTBD6,14.725978,2.8168318
RNF20,7.141246,-8.633692
SLC6A8,-12.538545,0.9954519
FHL3,1.7395743,10.875751
AKTIP,-2.0889497,13.546999
MANEA,-2.5477636,-6.0768046
KRT35,0.2080864,-9.685387
ZUFSP,1.5372627,16.361654
KDM8,12.372645,7.2204795
PROCR,-0.31095973,-6.9486217
DYM,13.047372,-5.7445984
LYST,6.8067384,0.6329885
NANS,0.516798,7.460732
ENTPD1,6.1303,13.42248
FLII,5.744122,-4.02787
AIF1,0.52057374,6.1738076
INPP4B,-1.5044816,5.107274
NRDE2,9.32337,7.8191037
WDR90,5.82781,-6.0339603
PCDHB13,11.045413,5.687201
UGT3A2,6.425624,9.903278
CACTIN,6.8091993,-2.9650629
YIPF3,8.453131,-2.2610457
GANC,10.982577,5.865536
CDH24,-9.84319,5.975148
RPL14,0.97775644,13.763733
SCNN1D,3.9360783,5.046348
DNAJC7,1.8273259,-4.6753983
SLC35D1,9.075386,8.179232
PPP2R3A,0.8891595,-1.4507763
HERC3,-10.753286,2.2498505
GOLPH3L,12.566318,2.5761273
SCRN2,1.8532823,-9.267653
TTLL1,6.100651,-4.6069574
SLC25A25,7.1222672,15.728217
FUOM,-4.68978,3.4385169
TRMT10A,-0.42358932,13.209923
PSMC1,1.7732986,-4.6605997
EXOSC2,10.830439,14.340466
FAM83E,-4.5933037,15.237224
UBA1,-2.9997742,9.567525
DPF2,10.554442,11.247053
SLC25A20,-0.017646784,3.3274555
FMOD,-7.400284,4.100997
CPB1,4.2722034,-8.930238
FOSL1,8.131064,2.7778263
ARMCX1,-0.61556184,0.48370594
ALDH1L1,-3.9629464,15.270131
ATMIN,1.4032271,15.4863615
IMMP2L,-5.8940387,4.304907
IL15,6.1055965,13.444627
TMEM178B,-4.687353,15.338355
PLCXD3,3.1450217,0.32644725
NDRG2,-5.1464,12.928672
SPRR1A,5.2288756,10.486375
PIK3R1,6.490574,16.192041
NARF,5.9208,-4.5595584
OCIAD2,3.2471063,4.499374
FAM134C,10.618582,9.18166
PYROXD2,5.5033326,4.8610873
SSR1,8.289905,-4.1539025
NCEH1,1.4879504,0.57354444
ACD,-11.140334,2.8689077
MRPL27,9.977648,-5.00246
ASXL1,-1.5816164,-0.23196222
ITGAE,-1.3144888,-1.8003101
TMEM204,3.8977144,1.1748135
ARF6,0.68638724,-1.0778347
OAS1,-5.2640867,-3.461226
JMJD1C,2.87443,14.66793
JADE1,7.3418674,15.4164
ZNF296,-0.22013156,4.4182615
ME1,-2.1123261,13.488339
B3GAT3,-0.34157792,8.920584
KPNA5,-2.5492816,-6.071973
HHEX,2.4808755,2.4858255
TRMT61A,-6.53921,1.3979357
SLC25A4,5.533028,-0.14652574
FAM96B,6.6730356,-0.5513133
DNAJC8,3.248162,4.572024
RPL35,0.8280608,13.614923
PI4KA,9.011828,8.124955
ANKRD36C,10.4275465,-1.9094722
PTPN1,9.1107645,6.5060854
KDELC2,-1.8757993,5.319904
JOSD1,0.89733666,11.975899
TNFRSF10A,0.8794999,11.962925
CYLD,9.60569,3.5636597
MEX3B,4.7620444,15.653857
CENPP,8.3115425,4.662414
DIABLO,6.22481,19.209902
FADD,12.565748,10.794945
TRAPPC3,6.0814223,-3.5423956
UBAC2,10.555411,9.267674
PTPN9,0.958523,3.1471412
ABCC10,10.093395,7.26536
CSF3R,13.947021,-4.535732
TAF4,12.430295,2.4837346
NR3C1,3.003276,14.46639
NAA40,5.5043206,7.2528067
PIP4K2A,4.7596126,15.662443
SLC44A3,14.682413,7.576792
ZFPM2,1.6454682,4.173437
KLHL8,-2.6618834,-5.956825
OXGR1,1.4864535,1.5669712
TFG,1.9697263,-4.7798467
ZNF549,-5.8094883,2.7753427
HOXA10,2.6208613,4.079635
STAB2,2.948178,5.396126
FAM86C2P,10.930708,14.268304
TSFM,7.7070436,3.312536
TMEM9B,1.3938904,15.196223
PNMA1,2.0599892,4.656445
BTN2A3P,3.9281244,5.041238
UBE2Z,7.0707483,18.782393
RPL39,0.97030896,13.75612
POLR1B,7.507537,3.685748
NEURL1B,8.806804,8.331632
ALG1,-8.1768,2.7367349
FSD1L,-3.720205,1.5953604
USB1,-5.404533,-4.743065
SUSD5,-3.477015,15.179404
POLR3D,-6.7177944,10.627984
S100P,10.144404,17.013874
IDH3B,6.3161526,19.151438
INHBB,-7.768777,-0.069885164
COMMD3,8.26424,-6.8326693
BOC,9.677104,0.23985575
ZNF461,-4.264205,-2.003647
NBAS,5.9261093,1.6602228
FAM127B,-2.355856,9.351623
TBCCD1,12.858716,2.8743412
SF3B4,-4.590029,5.496261
COX10,3.8286304,12.223352
MTMR3,5.8166237,2.1992574
ASB2,-1.9806812,6.7838674
THADA,10.811959,-2.4990993
TCTN3,-5.271184,-4.706549
FRG1,6.6556945,-0.53685284
AKR1C2,1.4652636,0.78434426
ATXN10,10.79852,-2.474462
DIAPH1,7.8003473,3.1937332
FGF1,-3.6074324,15.670299
ACTC1,5.092159,-0.43186313
PRR5,0.50973034,6.442858
RHOBTB2,-7.6455727,-6.0399666
SV2B,6.38583,13.419132
COPS7B,-9.907142,5.8230233
RIOK1,9.139276,0.8566889
RHOH,3.357835,-0.3813821
PIGN,2.8063195,-1.7269711
TRIM27,-3.539859,11.356577
GEMIN6,13.661646,5.9343486
PRRG3,2.5703068,4.195083
MSANTD2,-3.0491357,4.3147573
LIG3,-1.2677865,2.3173678
GPR137B,10.570728,9.256566
CCNY,0.28710452,10.355287
E2F3,-6.9369082,8.338123
PPA1,-0.9486598,-3.737777
ADAMTS9,9.334736,-8.171409
MRM3,0.86161935,-0.34091252
TRAK2,-0.16392694,0.5129613
KREMEN1,-2.6288297,18.339622
ISOC2,-9.76709,-0.7842793
LRRC17,2.6576574,5.7538724
METTL10,-1.082998,-4.260819
PAN3,-10.778107,2.3994777
MDH1,2.9827242,4.0843797
PPP1R3G,4.4095917,11.122739
TSTD2,-9.678341,12.763518
B9D1,-10.194362,6.24816
MT1G,0.088619135,-7.1143713
MGAT5,16.684378,11.6228695
DUS4L,8.261432,-6.8327727
ZNF621,7.3739915,7.3953743
ATP6V1A,8.454409,-4.0433784
PIGBOS1,-0.6385263,-3.8795187
SLC14A1,7.9996467,-0.01797884
EPOP,6.067758,-4.577469
ALDOC,-0.19068125,4.3916783
ZNF287,7.5319495,3.659479
ZCCHC7,6.984101,0.84042853
INAFM1,12.5749035,10.789698
LRRC1,6.247599,15.667255
DYNC2H1,16.506493,0.7243499
MCM5,3.1285677,17.578686
RBM6,-9.958062,5.67879
KLHL2,-0.9463898,17.004734
EXOC3L2,6.3562074,12.589722
IRS2,9.020584,9.934981
DTWD1,5.7538996,-1.1631167
TCEAL4,2.4694242,-0.17547265
DIEXF,9.050398,8.204967
SPTBN4,-5.162887,13.644543
EXOSC4,-5.6636972,10.644061
ENO2,0.9884022,-3.1599874
ZNF485,13.546238,5.990116
SLC25A10,-4.4101024,10.352448
SSU72,-5.6787357,10.95674
SPTLC1,1.7471285,15.38686
ACPP,5.4744124,10.2670965
FXR1,4.9508576,-1.6132892
GTF2IRD2B,7.4533606,-2.0090663
KIAA0556,5.854205,2.033983
CARD9,-2.5539792,-3.1052845
FXN,5.8061833,6.8178654
ZNF211,8.988218,2.492803
CYP4X1,4.046324,1.1935304
HIST2H2BE,14.053709,-2.2806842
SPNS2,-4.6079974,9.070715
ANP32E,8.159101,-4.4662514
SDHC,0.34864888,10.4433
UBE2L3,-0.37022662,-2.3126435
COQ10B,5.0790873,-1.4490656
KRIT1,7.255293,1.1661366
MGME1,0.87360454,-1.4447603
SAFB2,4.115331,9.789529
OSTF1,0.68048,-1.081385
LIMD2,0.5343011,5.158186
SLC25A45,1.392252,15.196643
ALMS1,3.6207974,12.842061
GRAMD3,5.6094913,7.100021
NFATC2,3.849019,12.09122
TNK1,-0.17355777,8.970925
CAND2,1.7165681,4.2755437
F5,7.850183,0.10731147
MED14,-2.8938193,-9.230301
KLF16,-4.595059,5.5008783
PIK3CD,2.8851323,-0.16737601
HOMER2,-5.8871994,12.38954
KLF2,1.9022499,6.218666
COPS7A,10.2005825,-5.3152804
SPR,10.162078,6.7235603
BUD31,6.6719823,-0.5452272
THUMPD3,9.431925,0.34011352
SH2B2,5.6181555,4.4684377
CCDC117,-10.906687,2.4829493
RABL2B,1.8191363,8.923577
CHTOP,-1.2697077,2.3185883
LYPD6B,4.6278152,8.210473
SWI5,-4.185622,0.91174805
COL4A5,-8.567903,-2.7944891
TSPYL5,-7.6573014,-6.0516567
SLC35A5,-5.1427617,10.658699
HS3ST2,-1.0662302,0.14075132
LUM,-7.347652,4.1007514
NR2C2,3.223294,13.757712
ANKRD18B,5.6704526,10.125868
APLF,6.9932785,9.051082
HTRA3,-0.28595325,-6.955869
RNF135,-0.39041743,3.4085948
PPM1L,6.2639246,15.687038
GRIN1,-5.125646,13.585798
CASC10,5.9083104,16.90786
SLC7A2,3.106718,-0.09852396
UPRT,7.3507986,1.2721026
LGR4,-1.9816014,13.157479
KANSL1,-11.73162,9.6223
ACBD6,7.5050898,3.7013218
FOSB,3.6213002,7.965294
HINFP,-0.6860778,7.458603
KIF1B,5.891573,1.7167692
SYNJ2,-4.578031,-4.8655906
MIS18A,3.1121142,17.698524
SORBS1,3.3740053,1.5795805
PYROXD1,-1.529494,0.42915428
EIF2B4,-1.0913644,6.2996035
HES4,12.594953,10.76683
PDGFC,-0.8689536,3.3098574
TUBG2,2.6079087,-10.707544
EBF3,2.7322352,2.6934116
ACSS1,4.458656,0.6726543
TMEM132C,-0.10967061,0.38703856
B4GALT1,10.152928,17.005138
MRPL11,-9.750543,-0.7658321
BCKDHA,-2.4829624,9.811036
ETFDH,-10.533216,2.2270687
TM2D1,3.037332,-7.088469
SERTAD3,7.127494,15.720089
MLLT6,-4.35767,-4.47019
SETD1B,9.9683275,-4.991685
MRPL40,6.930842,19.455856
IL2RG,0.53491974,5.137063
RAB26,1.852915,-9.267984
DPY19L4,3.3569398,-7.635026
MKLN1,2.867343,14.611073
ABHD3,4.171679,6.48658
KPNA2,10.500465,-2.5561662
DVL2,5.99846,-3.870973
MYO9B,2.369318,7.122472
FAM189A2,-8.0016775,-1.0191742
SLC18A2,-1.8285055,0.9759785
DEPDC1,-3.3690884,12.682001
LMF1,13.425926,7.9329734
KCNC4,10.995268,6.6998196
TMOD2,1.7722272,10.477325
UBE2Q1,16.218332,7.4371424
CSGALNACT1,3.1091354,-0.0069425195
TOP3A,-5.9603357,11.343192
NDUFC1,3.0910883,9.59156
RGS22,-0.3100922,-0.06660577
PTOV1,-2.54897,8.500795
CCL5,0.5479964,5.1182485
TANC1,-8.355157,-2.475791
HIGD1A,-1.1220429,-4.3215666
VPS9D1,5.692552,-5.928997
HOXA9,-6.811027,14.51603
ZNF765,15.234411,-6.2323537
SMAD2,2.8475473,14.5466795
TERF2,8.389657,6.385253
NOL10,9.50371,0.69471884
ZNF761,-5.973255,2.6750574
FOLH1,13.122034,-0.881835
CDK2,-0.2371227,8.965632
STAT5A,4.9192696,15.611757
HVCN1,-7.436242,-5.823122
GOT2,6.6603823,19.242758
FMNL2,5.505846,2.780315
SEMA3B,3.01874,5.3931217
KRAS,-10.118978,2.8780441
ERO1B,-1.7138634,2.423812
ZNF131,1.6108657,16.27786
PMM1,5.737837,6.926695
ADAMTS13,10.058216,3.3425686
DENND1A,3.3507912,1.73578
METAP1D,8.908094,6.5287633
NUAK2,-3.6089618,4.8147964
LCE2D,-4.97523,8.515572
CUL9,-3.9870408,6.928487
PLEKHA7,-5.8854074,12.388857
SDCCAG8,6.866017,0.67649806
HNRNPC,4.1276994,4.0456553
VEGFA,16.066025,-1.3637398
PHKA2,7.192523,-7.042368
RNF122,-11.116978,-1.8244625
CYP4B1,4.2816057,1.0849059
NEBL,-5.2554708,5.5503964
HOXC5,-8.441297,13.684379
AGBL5,17.284727,4.5891657
ZSCAN12,-5.632151,2.884227
DGAT2,3.7295136,-3.0625072
ZC3H12A,6.05453,-4.579064
CNOT10,11.626916,12.299571
SLC19A3,15.316327,11.927084
EFCAB14,7.6037574,-9.228514
ZDHHC1,6.910901,13.658246
PTPN6,-2.5361984,-3.0801136
ELK1,8.182629,6.6896577
FOXK1,4.3269906,-3.6557682
MGP,6.1668196,14.151201
APAF1,1.7847294,10.528359
FAM160A1,0.48671442,-1.2487019
DDAH2,4.4782844,11.048003
RFC3,-2.8122516,12.481335
DLX4,0.42841655,-9.966377
AUH,6.2670565,15.66183
FREM2,1.2360083,-1.1975393
MIDN,3.5909264,7.9435196
LDLRAD2,-1.6645867,6.843182
DNAJC3,8.233954,-4.453854
NME6,0.24452356,10.315228
MCM6,3.1113343,17.62771
GLRX5,6.933992,19.45525
LPXN,5.7272806,15.516009
BTC,6.161248,9.529948
EMC9,-1.5049152,5.8476744
IFI27L2,-4.973912,-3.9021072
RECQL,5.9313807,-1.4003683
SRPRA,8.073797,6.7748303
CHMP4B,-2.6222908,9.734116
LRRN4CL,0.98378736,-3.236095
KIF27,-4.2931643,-1.6615932
NOTCH1,4.011893,6.3087735
CRNN,10.372202,9.408751
SEMA5A,1.5730054,1.3712918
TGS1,-8.4416485,13.6842985
EZH2,3.3772025,1.6927373
STARD5,-3.5732853,3.814363
ZFAND4,3.720215,4.93925
VWA5A,7.734873,10.852447
SEMA3A,0.8981941,-3.118375
SND1,10.652738,-2.274843
MPC1,5.804011,16.991745
FAM43A,3.728097,-3.0931497
AKR7A2,-0.3528438,4.5580587
CPSF3,16.097359,9.838407
CHMP1B,1.3844205,15.363487
SPECC1L,16.097486,9.838492
C1D,5.7852635,-0.22175558
INHBA,1.4751259,0.55804336
ZNF530,3.7389333,4.9462957
PINX1,-3.8006375,11.154768
FAP,7.407771,13.37694
RERGL,-3.5279522,15.2274
CHRM4,-3.7475612,4.3598433
RASD2,1.474455,0.5576804
RCE1,-1.6938894,-0.83567137
ZNF514,11.133729,6.74124
TMEM200A,0.8839472,-3.0915
TIRAP,12.861986,2.8746045
KIF20B,-3.3505719,12.834531
DMD,6.0494695,-1.5388741
ZNF609,3.7576635,12.500753
MAFB,-0.07772324,8.70122
ZNF493,11.416481,6.490923
WNT11,3.1728246,5.599562
ZBTB8OS,-0.86248404,-3.8769424
EPHX2,8.403639,4.6263447
KCNT2,-0.23968832,0.101505436
ZCCHC9,-0.9463559,17.004143
SMOX,8.229844,-2.3846254
MPIG6B,-3.586629,4.0650654
ADCY1,0.98312956,3.1814773
TP53RK,12.230831,2.3522418
EGR1,3.584302,7.936431
MYEOV,-4.7000666,15.342812
SLC16A3,3.3379848,-0.38642412
CBWD7,1.5370883,16.370607
METTL2B,1.1894104,-4.716041
FAM117A,-11.284052,0.2728128
GPN1,4.477663,-7.0152235
GPSM2,4.32179,10.419285
GLCE,-2.3518744,-6.2764764
TPM4,6.850274,12.634779
ZHX2,3.3728888,1.7243898
ZNF30,12.848984,2.8427966
GJB6,7.198617,9.816913
GSPT1,10.075915,3.388267
ASB1,3.1260283,13.688232
MYH10,2.9798868,5.0388827
PDGFD,-7.3806186,4.09357
GLI2,-7.4028835,11.935753
RUNDC3A,5.306673,10.359149
HIC1,-7.5436625,-5.933213
PLK3,-0.67793876,7.14631
DNM1L,9.167756,0.90730727
CPT1A,-0.023518346,3.327101
QRSL1,9.564693,0.57471806
RPTN,6.1325088,9.849594
SERTAD1,7.553942,-2.3612998
SEPT4,11.894474,-6.5248475
SPATA7,8.230674,6.648035
MTHFD1L,12.535023,-0.75648534
CCND1,0.13111384,-7.2046437
GRM2,-8.455013,1.2405229
SERPINF2,7.340198,15.425843
MKL1,-2.341072,9.257149
METTL26,-8.081487,2.8608217
APTX,-3.153093,-0.3000155
C2CD4B,9.340391,-8.179458
PRMT2,10.70549,6.604701
ELF2,-9.549311,7.599839
MOCS3,12.458603,2.484402
CBLL1,-3.8876693,-1.8689944
ESYT3,6.2481847,9.799895
RNF144B,16.101788,-1.3345109
CBWD2,9.477885,0.3073485
MFSD1,12.356635,5.7341323
LCE5A,-4.935111,8.561832
ZNF529,2.9047873,-6.891044
NPRL2,-9.945897,5.610364
HERC1,-8.263954,1.6769043
OTUD3,5.383613,1.4714671
ZNF575,-10.428434,2.3424723
BAK1,5.6053004,4.5136833
ADGRG6,0.8967344,-1.4210815
GSTM4,12.564587,9.560085
MTMR11,8.414929,4.619092
MUTYH,6.0392327,-5.233422
CD320,1.9080757,6.210291
CDRT1,-4.615259,6.2651906
SPRED3,13.70212,12.0515
WNT9A,4.7653995,15.696245
BET1L,8.279196,6.607124
CALML5,5.296808,10.363677
ZNF658,11.776123,1.8073608
SLC25A44,10.62542,14.5117235
DENND4C,3.2842178,13.747662
ACVR2B,3.816567,0.47055158
SLC38A1,-11.313881,2.9687152
GLI4,12.3734865,10.971533
ARHGEF3,8.45061,-3.9755323
CASC3,-2.0433912,-8.676733
PPOX,8.625069,16.622822
UNC13D,6.0002155,13.359663
TTC6,-8.0168,-1.3784779
PHF7,12.254402,5.1492
CEBPB,12.598076,10.763468
MYL12A,2.0176203,-4.7739754
AARSD1,10.752288,-2.401328
MYO5B,5.533334,2.7817738
TMCO4,1.4759283,0.55499685
BICD2,0.614678,-1.1452485
CCDC39,-0.17373645,0.56020623
NTF4,-8.634623,-2.855107
RRS1,-7.320507,10.407562
FLCN,10.555395,11.24735
TLR2,14.061021,-4.651753
FCHSD2,1.646197,4.1761804
ENGASE,-10.010275,5.701663
RAI14,11.809141,2.3994262
XIAP,7.2288957,12.575901
RPS6KA1,-0.17651431,8.971699
F10,-7.4288144,5.0624795
KTN1,4.954987,-1.6097269
MFSD11,7.4385233,-9.028156
RFNG,-2.500138,8.57397
LRRC26,-4.399077,14.81728
CYB5RL,11.078232,6.721421
ULK2,1.7298417,10.624312
SOX8,-7.953586,8.41082
MGEA5,-10.809565,2.0025358
TAF1A,13.453489,6.0706444
PLA2G4A,14.61744,-0.655915
MDK,0.6103511,6.6683636
DVL3,-1.757156,16.781162
IRF8,0.4856585,6.0983367
DHRS7B,-4.336942,4.0443716
OTUD1,-5.5426407,0.45683184
MIEF2,-1.3607675,9.893898
SKOR1,-8.494369,1.1745272
NEIL2,15.709032,-1.6588221
SCAI,8.70096,6.539904
MFSD4B,-12.981035,-0.4697283
TTC19,-8.220139,11.878914
ZNF500,5.5009594,-3.1416292
LCE1E,-4.950283,8.552061
HRC,4.053993,1.1991869
MIER3,7.4262505,12.722715
GAL,8.942526,14.532881
ZNF783,-9.999802,5.760597
TCEAL2,-1.6063026,6.7665396
ZNF837,-5.1062117,4.3190475
FAM89A,5.0674253,10.088852
AMN,12.536958,10.822488
RASGRF2,2.45397,2.342778
PLEKHF1,2.5985336,7.4148717
PRDX2,-0.3151652,4.4830103
ADGRV1,1.5661148,1.3589071
SOX12,-12.989926,-0.4591617
LGALS8,-3.6735358,-1.5871058
LHX4,11.072895,6.7221217
NCOA4,7.5836554,-9.206009
DSCR3,-10.7121105,2.0180876
ZBTB25,6.772643,0.59825474
MYH15,-6.774996,14.54418
UCK1,4.5057383,-3.4146311
SAT2,-3.1567054,-0.72790235
PPTC7,3.9228692,-7.3107715
RRAS2,-6.9339185,8.335834
SERPINB9,0.8427601,3.2140987
NT5C2,6.0505567,-1.5414485
RFX5,-0.6927246,7.2604055
DTX4,2.6717227,5.322929
NEMF,3.0598948,14.033202
PFKM,-4.3709807,14.710064
FLJ20021,3.1010017,-3.1579795
ZNF23,-1.4803703,5.8895526
PIWIL4,-0.6580089,0.4193642
GALE,7.455047,-2.008459
KCTD13,-0.31825534,8.900624
GSTM3,12.56431,9.560809
PIAS1,3.0408494,14.045622
IGHA2,0.52454305,5.1508784
MORF4L2,6.662578,-0.54966426
CCDC112,-3.9350727,-6.7837915
RPL22L1,1.5594965,14.123325
CCDC86,10.580266,14.533148
SLC6A15,-6.496297,15.376713
FKBPL,-3.4525893,5.2526283
SIRT3,17.808754,6.743311
NEDD8,9.9357195,-4.9463124
COPA,8.402421,6.390736
SGK1,10.154216,17.003315
SPRYD3,1.7297279,10.855015
CHPT1,4.0362687,1.2094762
ALG14,-4.5377874,10.434302
NNT,5.968194,2.7315156
CHCHD1,9.910029,-4.913585
FCGR2C,13.924185,-4.507196
SLMAP,-2.5210693,-6.102234
ZNF785,13.581287,5.990718
MORC3,4.56204,-2.0163558
ITGAV,7.3447943,12.622063
S1PR2,0.9456881,-3.1857119
SLC13A3,-9.104965,0.35839868
KCNB1,-1.1400875,-0.39250293
SERHL2,-8.020202,-1.3946996
HAGHL,8.506675,16.77439
TMUB2,-0.374013,17.89387
ARID3A,16.129644,-1.3116417
EIF2D,10.811184,6.014445
TRUB2,10.836741,14.330114
MTMR2,7.1948013,1.112105
MYRIP,3.101606,-0.120511055
PPIH,3.2418656,4.517215
NDE1,-4.72005,6.389123
ATP6V1C1,-9.451525,7.5044847
KRT15,-7.976613,8.451888
CDC37,12.555742,9.574811
SLC29A1,7.4125605,13.442755
SLC26A6,-10.104473,6.1432805
ST5,-4.570626,-4.8302226
EWSR1,4.174273,6.491311
ASPA,1.323504,15.677374
SLC35G2,-0.3874921,0.1238158
NIPAL3,1.2165512,1.9979539
CAT,7.474571,13.164354
NEB,15.305912,6.4545574
ZNF667,-1.8908707,5.302485
TCAF1,-2.3816347,-6.247807
NRAV,12.96291,2.7411537
ZNF329,11.493056,1.2786992
PLVAP,2.986081,-0.15246567
PHB,0.51477545,7.46697
AP3M2,-1.2646679,0.68381613
EMG1,13.694872,12.041421
AHNAK2,-3.4217346,1.7632573
RNGTT,7.3462095,1.2690943
CMYA5,7.511084,-5.615288
PHC1,0.6353019,-1.1005207
SAMD10,-4.0602646,6.6239657
ALKBH2,10.835852,14.335071
PDF,-5.9151297,11.280857
H2AFV,8.348677,4.6776795
IQSEC2,-1.3537616,9.898971
NFIB,1.5613872,1.3519443
GUCD1,-0.49943668,1.4526266
AGA,-6.804947,14.528276
CFLAR,5.8761287,16.902248
LVRN,1.0177717,-3.27453
MED1,3.4051282,13.276995
ING4,-0.5883298,-6.942337
CYP4F12,-3.5544715,3.8012989
RASA1,-3.9331932,-6.7867494
JMJD8,10.739342,9.042703
SAPCD2,-7.960857,8.407485
FA2H,4.433864,-10.464752
RTN3,3.9564636,10.419386
PCDHB16,1.129803,3.2045722
RASAL1,-4.2754188,8.86781
CHAF1B,3.0738013,17.747183
TTBK2,-1.7773321,5.3171697
TIMM22,-3.7702174,11.210839
SS18L1,1.6788923,15.677277
ECH1,16.220015,7.4389615
CCDC159,-9.901643,6.056533
MPDU1,1.980491,10.289381
MYOM3,-9.901351,-0.90611446
ZDBF2,3.448861,-7.6523814
C5AR2,7.3339005,15.432782
LMTK3,5.5383677,-3.1970947
PPP1CC,7.4735665,12.5755825
CARD18,5.9437933,10.00683
TENM2,-5.1481133,5.5899014
ADSS,-9.43015,7.524631
MFSD3,17.283497,4.588788
CYP2S1,-4.3940477,10.356412
PLAGL2,-0.07672516,8.695348
SERPINB12,6.86279,10.269313
POGLUT1,9.132456,1.0417917
ZNF562,6.294492,2.2936254
MYL3,15.271276,6.421043
ZNF738,-2.6778004,10.250783
CD248,-7.06504,5.735163
UNK,2.7237225,-4.0792503
CPA4,-4.4980063,8.756963
LRIG3,7.293945,-8.857601
TRIM5,14.666845,7.5663996
ITGB5,4.789383,15.671037
LIMS2,3.4262023,1.5951397
EML3,5.976519,-4.1848764
SLC51A,-3.5112858,4.6845765
CTSB,10.749452,11.444304
KIF12,-4.399264,14.783117
TGOLN2,-3.1556022,-0.29593715
FBF1,9.99063,6.983653
IGDCC4,-7.5973673,5.754918
RFC4,-1.2993854,-4.6657796
RHBDD1,1.4627967,10.0178995
AK3,7.4602365,12.751155
PCNX1,0.17385796,14.692836
FRMD8,5.57973,6.6934714
CTNS,-1.695006,-0.8329312
CD59,-9.13479,10.5106
TSPAN8,-7.5602493,3.954993
RWDD2B,10.796668,-2.472164
PTEN,-9.26918,4.342029
ZNF764,3.885101,-5.5145383
NTMT1,1.5420084,10.141905
ADRA2A,2.0483086,4.628085
PHF24,2.4440675,7.659334
RARA,-3.9312809,-4.6420827
TOX,2.5389183,4.100116
ARPIN,3.0867746,-3.1590388
PRDX6,1.3396289,15.6555605
TEFM,13.626619,5.9655805
PRR12,5.812332,-3.1194856
SMPD3,-4.4950194,8.770864
ZFY,-2.109418,13.73931
CLEC12B,-6.4290485,15.249726
ADCK1,-3.8435981,11.327948
UBA2,9.670109,3.522003
LRCH2,-9.070534,10.454492
PAK3,4.277968,1.0816132
WDR37,5.403473,1.4982613
MOB3B,3.8146548,0.41901267
RAD23B,1.3951018,15.302517
RTN4RL2,-4.0461965,7.620568
UBTF,-4.583197,10.447951
SDHA,6.621752,19.204086
SLC23A2,-7.6457276,-6.040325
KLRG2,-0.5340795,7.1358085
SUFU,-5.8634796,4.324233
EDN2,16.132017,-1.3093617
GAS5,6.177984,19.134087
FBXO36,10.363607,6.619908
SCIN,-4.6273856,-4.4880114
DNAJB4,-0.39684695,3.4143643
INTS10,9.342974,0.3195831
NSUN2,10.60789,14.518469
KRT73,-6.6881847,14.633776
FAM177A1,9.864973,-6.4330425
KCTD3,5.541832,-0.15479836
CREG1,7.5870833,10.866624
KIAA0368,-11.315782,2.9671736
ORC3,12.195559,5.202178
ZSWIM5,-7.9522424,8.41393
SEH1L,7.968555,2.989351
RAB13,-0.39835754,-7.037967
PCSK6,-4.36364,8.868615
ZNF480,-5.664571,2.9177692
FLRT3,2.8959067,-1.8071859
DNAJB12,5.7483764,-3.1944766
IL37,-4.937494,8.558321
PPCDC,10.336329,6.612291
TSPAN10,8.403311,4.6310053
STARD10,-0.41380137,9.175924
GATS,-0.3735356,17.89289
KATNA1,6.2376847,19.17332
ATXN7L3B,0.043299954,-1.4467013
TCERG1,9.441017,0.36792645
GYG1,2.959258,2.1162038
CYSTM1,2.6608918,2.2233486
FAIM2,-5.1395745,13.612444
ZNF513,-1.6979152,-0.819548
TC2N,5.325458,-0.29048756
SEC62,-1.4785442,2.7193887
PLEKHA3,-1.679315,2.3748271
FZR1,-2.3126967,9.200874
FDX2,3.2669618,17.249792
POLR3A,-5.9192915,11.285124
ACSL3,-4.756864,12.867239
FGF22,3.7307847,-3.0886962
RNF180,-2.3465602,-6.2802463
IMPACT,9.389176,0.24082349
NOL12,-1.5654395,15.271885
ALDH9A1,3.1317415,18.85597
NDUFA8,3.0902052,9.584366
ADPRM,-8.289026,2.8915884
MAP1B,2.5130594,-0.23155344
OCEL1,10.311792,6.6314793
RER1,6.0721855,-3.5679822
ZNF469,-7.543114,-5.93272
GPATCH2L,2.9117713,-6.8834705
SLC47A1,-5.165631,5.581969
TTYH3,-6.973291,5.7944365
PLAT,2.883999,2.7138271
PSPN,12.281805,5.1199026
PFDN1,6.213487,19.214828
FNDC1,6.034925,5.583105
DIRAS1,-5.175558,13.652063
KIF17,2.903998,2.7300794
KLHL22,9.298632,-6.5189667
EGLN2,2.5025444,2.3808815
TDRD10,2.9714162,2.9962945
ANGPT2,0.8989304,-3.1192067
ZNF212,-8.547355,1.8096666
CCDC30,-1.2201961,0.7126917
ABHD14A,2.7026072,5.4149776
ZNF518B,-9.6284895,12.812714
PKD2,3.796091,0.46212742
LYZ,0.3454149,5.2336345
FAM162A,-0.77643335,9.450808
IGFN1,15.212977,6.379097
ZNF222,13.59651,5.9751964
SLC39A2,5.392139,10.306511
TBC1D19,-1.1776946,0.74153924
PPP6R1,-4.3055744,4.071199
PTGER4,0.8325171,3.228308
SOGA1,3.4646866,4.4304323
STAM,9.905511,3.4604263
HRH2,-4.4460216,-4.540053
ADAM28,-2.4878829,-3.0254397
ZNF204P,8.053956,6.8058944
ACOX3,-3.4226525,5.1563797
WEE1,-5.5435233,0.4532294
PLD3,-7.6658587,5.3361793
SIRPA,8.235849,2.7336383
CMPK2,-5.304883,-3.4723263
RNF222,6.439652,9.9718075
DPYSL3,2.3130722,4.9667306
SMAD1,8.440339,-3.997803
TMED1,-5.015337,4.205374
NSMCE4A,15.408029,9.654026
HNRNPK,3.9501677,10.423121
COQ7,-3.9426682,-6.7916865
PLA2G4D,6.7705293,10.189914
CHIC2,-4.945289,1.4829577
LRPPRC,-0.86756176,12.70263
CYP19A1,-0.3907934,-6.93038
UBE3D,11.608255,5.2649693
AREL1,10.608152,14.524831
ARRDC1,-2.5544703,8.491352
IGF2R,-2.0531342,-8.686864
ZNF646,-2.4421878,8.700652
PLSCR3,1.7177035,10.736185
UBE3C,9.944698,0.44787553
MCMBP,9.684361,3.51378
CREB1,7.3396506,12.617352
TNNI2,-8.336316,-2.4688108
FHDC1,2.672971,-1.5942116
KIAA1429,10.106314,3.3050358
SLC39A13,13.009992,-0.5398108
KIAA1586,5.674378,-0.9709481
GALNT11,-1.316587,-1.8010433
BTBD19,5.717069,15.493246
MOB3C,0.70526165,4.1600537
PHKG1,2.327878,5.003336
LAMC2,0.71240866,-0.9615763
PSME2,-5.0134096,-3.877852
UNC93A,6.317441,9.699721
ABCF3,-5.668453,11.0277815
KRT14,0.7587568,-1.2903004
HR,-4.526029,5.6147532
HRH1,5.0334444,10.682571
HMGCS2,-0.019432655,3.3256001
ZMYM4,-4.359884,-2.0863535
SFPQ,-8.440206,13.685617
EFCAB2,3.7191036,1.0512383
HOMEZ,12.972508,3.0285523
DKK1,7.3137207,15.136305
YAF2,5.703123,-0.20828637
ARHGEF28,4.5971737,8.187973
AZIN1,6.058587,-0.29754308
PBLD,8.349044,4.686628
FAS,-3.399923,2.0324047
ZNF321P,7.25488,7.526302
LYRM1,-2.1073413,13.461781
KIAA0141,-9.854321,6.028865
ADGRD1,-7.4380336,4.1234374
TFB2M,9.45841,0.46857545
IGSF3,-5.0044355,5.5709286
TNFRSF10D,-0.45001644,-6.95667
PRMT5,7.9639945,3.020234
SPPL2A,8.152904,-4.4076624
MRPL10,-0.5670532,14.82387
SLFN13,8.00393,-0.020702876
EDN3,-0.13277967,-0.16376472
HOXB2,5.8693857,15.683078
RIC3,-8.372166,-2.5079749
BRSK1,-1.6047375,6.757367
GTF2E1,11.716617,1.6977177
FCF1,9.160508,0.9609796
SLCO2B1,13.709311,-4.334785
WSCD1,3.3123376,1.677845
SULT1E1,8.9587965,9.913315
LOXL3,0.57869387,6.640958
NUB1,4.380292,10.267118
HBA1,13.945546,-4.5339327
LRRC42,1.3779362,15.63433
ATRIP,-11.733637,9.620275
FNDC4,-0.6749229,-6.8332453
ESPL1,-3.6018598,5.1080327
FAM83D,-3.75554,4.3429966
SRI,0.5913272,6.7843823
GALT,11.035985,5.6946616
RAB34,11.669549,12.340082
SLC25A33,-11.284528,0.2718086
THBS2,6.952769,13.649007
PBX3,7.027964,-8.573343
VASN,6.4192915,13.899375
BAG4,4.550251,-1.987251
PPM1K,2.4968746,-0.2723819
TFPT,-5.633295,10.678727
TMEM208,12.548373,9.597093
ADGRL1,11.373017,16.31435
DNAJB2,-3.5798948,6.259201
CMA1,-1.7890658,0.918602
TMEM131,0.036254074,-1.450886
CDK16,13.649463,11.999598
AP1S1,-4.1541724,5.8377395
HSPA9,8.576127,1.93795
PLEKHA4,-4.4712205,-4.603428
TTC13,1.4946417,16.404991
CORO7,5.858947,-5.0055447
LYSMD4,-3.4020624,4.5219984
CTNND1,2.3571458,-1.2090278
LSM7,9.929837,-4.9389596
RTN4R,-5.5505195,0.4665716
WDR83OS,-0.32975355,4.5237823
SIAE,1.6091487,18.737043
SRRM3,3.2891634,-3.1087463
ILF3,4.145685,6.4554453
ANKRD18A,-5.2368093,7.10436
MPHOSPH9,-2.637097,10.290373
TLR5,11.105102,5.7662816
PRKAG1,16.09695,9.838236
FBXL18,-8.203965,1.7442216
FLG,6.156654,9.538895
TBC1D2,-4.0023966,6.6174397
PITPNB,8.8992405,1.3320086
TRIM37,7.4224634,12.66864
PIGW,8.496459,2.0237834
NR5A2,2.3588777,2.3978012
ASPSCR1,7.9596305,-5.0316143
GPRIN2,-4.7446733,5.5682383
NDUFA3,3.2266176,9.95594
HAPLN3,-0.21648355,-7.0771313
ALKBH1,11.931342,2.1633742
KRI1,-1.2830217,2.3264523
RPF1,6.512923,-0.42854038
TMEM97,8.905678,14.495336
NOC4L,-5.578998,10.671897
KCNMB1,-1.992048,7.316313
DHX30,-2.3973439,9.355451
POGK,0.10405331,-1.3903903
IL17RA,4.4097867,-3.536924
PDLIM4,10.159372,16.997723
KLHDC1,-3.958164,-6.8055334
DCP1A,4.2564535,-3.877301
KIF9,12.30692,5.102475
ZFYVE1,8.689822,-2.0922384
ICA1L,3.1835399,2.6430125
CD200R1,-1.8247808,0.96860844
PAFAH1B1,-0.96954376,12.501427
PSMA7,3.5045497,4.3977118
RNF26,6.961386,0.7073689
SLC5A1,7.85524,9.604481
IL18,6.9588065,10.3688
ATP1B3,3.7014155,1.0263028
NFATC3,3.611857,12.860645
COL16A1,-7.594553,5.6283436
TP53I13,-8.172691,2.8897898
ASGR1,-3.3332033,5.446169
LGALS3,17.285065,4.589181
CDCA2,-3.279085,12.683638
VDR,7.075436,18.780157
EMC1,10.86455,14.305924
DIO3,5.7672524,15.548295
ZSCAN29,4.2576885,-3.877616
SGTA,5.6435275,4.4424214
SLC10A7,11.958122,5.50571
ZNF292,4.5954423,-2.0289145
TRPM4,-8.620684,-2.8389897
ANO10,10.370015,9.4103
ADGRL2,10.646375,14.495794
AGFG1,10.113847,3.4311688
PCK1,15.3457365,11.955313
ARSK,5.6363916,16.990278
ZNF799,-5.6580305,2.9228616
H2AFY2,-1.2864676,2.3285208
RGL1,0.84958535,-3.0865498
CAPN3,7.190763,-7.0364733
DHRSX,0.0638576,-7.145301
ARMC8,4.971446,-1.5753448
LRIT2,-5.5558505,0.4694461
RADIL,4.8564787,15.633591
ALKBH6,5.8384795,-5.071634
MGA,11.120965,6.673636
IFRD1,16.534767,0.75470924
LPCAT4,14.630503,2.1755328
CREBZF,1.8046408,8.900421
CITED4,12.561411,10.801643
SYNC,1.7753906,4.297081
MORC2,13.162787,3.244273
FBXO5,-3.211592,12.688478
RTTN,9.980211,7.018525
HMGA1,-4.0421834,5.8256845
NRN1,6.160578,13.6470375
TCF7,-12.991862,-0.4577879
SHTN1,0.85005623,-1.3082443
ENOPH1,6.171414,0.010858769
NATD1,3.1445858,13.65968
ISPD,-3.4220445,16.00748
NLGN3,12.028814,5.510033
ZNF132,13.133988,3.2181394
F3,11.805176,2.4205544
AHDC1,5.7801065,-3.1506898
PDLIM1,6.868595,12.598408
AFF1,3.0996883,13.903029
COL18A1,-7.5819564,5.4499326
RPE,7.075133,0.9789346
GCC1,-8.536308,1.8051399
HIBADH,-1.6912649,5.353811
ZBTB22,0.61662805,4.186862
SURF2,-0.6486512,9.345827
HIPK3,8.182649,-4.398523
TMC6,15.767817,-1.5814734
HOXB7,5.861574,15.67752
ECHS1,10.771892,-2.4447808
NAALADL1,6.0248814,13.379211
EML2,0.519413,4.232742
SAMD9,3.8706,5.021885
PPP2R5E,-0.95134574,12.533239
RAPGEF3,1.941099,6.1424108
KRBA2,11.560656,5.7076473
DNAL1,-0.29439875,8.864342
CDK11B,-2.4547894,8.650189
ERMAP,-4.54186,10.438384
KIFC3,3.6319277,-3.0876377
MTMR1,0.13860677,-1.3608929
PADI1,6.452858,9.998272
MIPOL1,-0.99465156,1.0866121
RAB24,-8.672832,-2.8935692
CCDC9,-2.6873574,9.734304
WDR34,10.027021,7.274914
SPRED2,10.630916,11.329364
KALRN,3.5788107,1.2887408
CTSC,6.5535097,12.754597
RHOB,7.1673026,15.644608
RAB32,0.87562376,-3.1263447
MRPL15,-4.3488584,6.4163036
ALAD,-5.3852496,5.519019
NME4,-4.565945,-4.814865
CYP4F3,-3.5774934,3.834287
SCNN1A,-0.67337674,7.1344776
SERPINB7,6.5949936,10.102248
DEF8,14.603247,2.2251704
GDPD1,-2.1102774,13.573708
XPO6,-5.911227,11.271848
UBAP1L,-8.508063,1.1733162
RELT,3.6258783,7.9660306
SLC25A22,1.6813968,10.824284
SFT2D1,4.1026683,4.0520873
LONRF1,5.5116735,1.6031202
PWAR6,-0.73558474,9.415648
TRAM2,5.9674253,14.538749
CARNMT1,-5.9385095,2.6957319
APTR,-0.8960138,-3.8069122
RUSC2,3.225019,1.8302531
TTLL5,10.844957,-2.537735
PLA2G2A,-0.31242403,-6.925492
SNRPA,-2.0990245,13.566865
TXNDC11,-11.285086,0.27230915
IRX1,-7.6625586,4.3401914
DBNL,0.23836969,10.215029
MAD2L1BP,9.169823,3.2233279
MAPRE3,5.2341337,2.185485
DCAF8,5.3834,1.4724624
GPR137,10.496859,-2.5281188
DNALI1,1.3998251,0.7550944
CPQ,-7.373842,4.969994
IGIP,11.397712,6.487495
SYNCRIP,-0.9488279,12.536875
TMEM219,-5.1056504,4.325334
PTN,-7.2493176,5.744115
WSB1,-4.575403,5.543674
ZSCAN30,-4.3313866,4.043443
AHCYL1,1.0254833,12.100921
SEPHS2,-6.9368963,8.336703
CNKSR2,-0.2926331,2.9146235
NACC2,-7.6470494,-6.0417423
EFR3A,7.448172,12.957551
DDX20,-0.9664104,12.505853
EIF4G2,-0.70404357,12.876752
PYDC1,-4.014146,5.632234
NDUFV1,-2.48033,9.428815
ACSS2,-5.479978,6.9041114
IER3,13.268221,-0.3488725
NDUFAF2,-0.91482025,-3.887039
GFM2,9.3759985,-7.33385
PHIP,3.5769176,-7.5570245
SUMO3,6.5285316,12.78155
NAALADL2,1.5183775,0.5105635
ESYT1,-3.1509457,-0.3031016
HMGN3,7.7962475,3.199861
GGA3,14.406719,2.345066
PTS,9.676521,0.21700218
FEM1A,-3.4012406,2.027454
ASCC1,6.388302,16.243584
HARS2,-8.44001,13.685558
FAAH2,4.8553686,10.813507
MAP3K8,2.756044,-6.620281
IL1RL1,-0.26980674,-6.972095
TPRXL,8.934362,2.543851
CADPS,-7.4021816,5.0308046
SRF,-2.4124565,6.9943876
TDRKH,10.222634,6.6414475
TRAPPC11,2.5193095,8.142343
PCYT2,-0.4811161,7.0689745
PSMD4,6.2928615,19.179956
TIMM23B,-8.439856,13.6857395
THUMPD2,2.4256978,8.396125
DCAF4,-3.1419199,-0.28063092
ETAA1,2.786231,-6.679826
ACTR8,-4.2397394,-1.9931266
PBDC1,-4.337136,6.4393373
UBE2G2,-9.715838,-0.73195475
PRKAA2,-1.5014633,5.1280975
RCBTB1,-2.5441978,-6.077343
NKPD1,6.241718,9.727633
SPTAN1,-0.7495537,-3.4999657
SMAD5,1.6345086,15.732312
UBL4A,-3.317708,5.447444
MARS2,10.651062,14.496092
CWH43,0.73240834,-1.124095
DYNLL1,-4.4135766,5.692565
LGR6,2.6334686,5.7843914
SYNJ2BP,-2.8132482,10.008595
ECI1,17.808931,6.7432866
PIEZO1,5.5804124,7.054399
CELSR1,-1.3844274,9.846983
GSAP,1.7975779,8.894163
MVK,10.631968,9.154773
KIAA0391,0.889717,-1.4726992
YBX3,1.371847,15.620607
PARVB,6.172301,13.683067
EXOC6,7.5886784,1.5283375
CLEC7A,14.09237,-4.6834235
KMT5C,-8.637992,-2.8607247
MEA1,0.84038746,13.453318
CLN6,-9.949789,-0.9530113
TLE2,9.304925,-6.516683
NPAS1,3.3712187,-3.0992541
PANK4,8.089174,-2.6044555
HEIH,3.1035204,-3.161012
PCDH7,-11.66048,9.6896105
SSR2,-2.4748077,9.792153
KLHL25,-1.4793315,9.672392
CENPV,-9.105361,0.35815537
ATP8A1,13.698079,12.046371
TNRC6B,2.617563,-10.716532
SHROOM1,3.2666228,3.0086977
RBM19,-9.707634,-0.7226032
NDUFB2,3.0284102,9.432829
FBXO31,-1.5834901,-0.2352856
ZNF688,12.346324,10.999826
CLIC1,-2.7825618,10.072745
NHLRC3,-0.3877777,3.409879
UBE2F,3.902188,4.1091404
CCDC150,-6.0638256,9.505567
FAM98C,0.4824907,4.2181997
TREX1,0.54848635,4.209822
GMCL1,7.4236126,12.666164
SCNM1,0.8449034,13.459045
ATP5E,3.100213,4.1123676
PCNX4,-6.0356054,2.6377358
METTL23,10.059271,0.19061142
COA4,1.5495708,10.313269
TBL1XR1,7.4056787,12.68111
CLDN12,7.195557,1.1070737
ZNF576,3.8842542,-5.513872
ZNF81,6.8833013,10.2849
MUCL1,-8.019213,-1.3935829
METTL25,8.035968,6.805632
NSMCE1,10.760138,-2.4188213
CASC15,2.6874866,5.3612385
MORC4,7.5118046,3.6538546
ASB13,-1.1365665,-0.39381483
CCDC34,6.949278,0.72925407
FAM201A,-5.2361817,7.1162786
FBXO32,2.4557328,-0.17922072
PRKX,7.617545,10.855236
GFRA1,2.9489613,2.7593217
PHF5A,3.476475,4.413312
C1QTNF2,2.965326,5.4414716
SYT11,6.1904545,13.680405
SRPRB,-7.3205976,10.406769
BNIP3L,9.383361,3.7552528
KMT5B,-5.573192,2.9414375
MCM3AP,-8.27186,1.6897211
TRMT1L,13.629792,5.9581785
TMED8,3.34222,-7.6356087
SAT1,0.31418023,-6.800046
SEC31A,8.414541,6.379885
DNAAF2,-1.0302247,-4.0108747
NKAIN1,-3.5324883,6.2390075
EVC2,-0.5513095,0.23664378
MINOS1,3.0890865,9.56373
KATNB1,-4.083234,5.8079743
RASA3,-0.9899212,-0.23816554
EMX2,3.7503994,1.0203589
ARHGEF34P,-0.85166883,6.8416386
ANKRD36B,10.440188,-1.86968
COL12A1,-0.26825103,0.040338255
ERAL1,6.5912323,19.1527
SIDT2,-1.3012075,-1.8120458
KDM1B,-0.5710175,13.034844
AMIGO2,-3.6688812,15.346119
PCID2,-6.605219,1.3081571
F2RL1,7.028305,9.288632
GHITM,2.1813426,-4.511275
CMAS,6.186926,-0.04529654
RAD1,5.3985276,-0.51703435
MYOCD,-1.9953568,7.3115954
TIMM10,10.16966,-5.2645445
SMOC1,1.5184222,1.1210237
CHST12,8.139912,-2.5487783
TCEANC2,6.8791904,10.308707
ZNF354A,7.084124,0.59536594
CSTF2T,6.888355,12.611372
MACF1,3.3516443,13.622274
CAPG,-4.374522,10.348971
GMPPB,-9.735762,-0.75184274
ZSCAN31,8.902743,6.5244265
CYP2D7,5.797002,-5.0989943
SUSD6,4.015617,9.67149
KIF23,-3.550411,12.535353
TTC8,-6.613204,-0.5058084
UMPS,11.582016,12.250244
ABLIM1,0.14202464,-1.3535262
CCNH,-1.1220295,-4.420332
ARAF,-0.49713287,1.4582205
MRPL32,9.430195,0.3263052
BEND3,10.7100725,14.450267
MBNL1,5.653211,-0.32905355
ASNA1,7.5783777,5.3058047
BRF2,3.8378236,12.197734
PATZ1,1.4194528,1.6968749
ZNF160,-3.6769152,-1.5902299
SLC1A6,5.709179,10.043567
BTN2A2,3.9251928,5.0354667
APBB1IP,0.5151862,6.3132405
ZNF611,11.511532,5.934343
TMEM14C,-0.8388924,-3.8132687
PTRHD1,-0.78915113,9.466335
TRIOBP,-7.441574,-5.8288207
PLXDC1,-7.096404,5.7998676
ALG2,9.35727,1.0104877
ATP10A,2.4475515,-0.1651691
POLR2A,4.3666997,9.599252
HNRNPLL,-1.8628441,2.330105
MCUB,4.106227,4.0529532
FBXW11,4.472542,-7.0280995
FBXL17,-2.5502965,-6.0715094
RET,9.015379,9.938089
COL4A3BP,4.064991,-1.8024893
DCTN6,6.604214,-0.5110258
TPD52L2,8.246439,6.6410522
ACSBG1,8.983845,14.570405
CYP2U1,-0.37432435,3.3876152
WDR53,1.7127963,16.121773
NMB,0.591404,6.857178
TXNRD2,7.236333,-7.0904565
NAA16,-2.0397942,13.574641
DSCC1,8.511146,6.528922
AATF,-0.56135756,14.814695
TLR4,-0.5801862,0.26454762
LDHB,-0.21251984,3.2798004
LYN,-0.61536664,-6.9293256
TP53I3,2.3958616,5.371134
SRRM1,-8.158865,2.3511682
MYZAP,11.296949,3.9402885
ZNF382,1.4170505,0.61479384
MYO6,5.539591,1.6260676
TOMM7,1.1743966,13.894601
KHDRBS3,-0.29836684,3.0316107
ALDH1L2,-7.3209352,5.722337
NINL,4.7684827,15.653448
TRMT44,12.473011,2.507531
RFX2,0.696045,-1.0051981
BLVRB,12.552235,9.565885
ZNF460,-1.5530976,6.725777
PICALM,7.9975033,-4.978042
KIAA0430,3.1589222,13.7056265
OCRL,5.9596386,1.6402503
MTCH2,6.7093806,19.297241
CLINT1,1.7030914,15.888691
LIN7C,-10.3882475,2.6367455
ZBTB8A,2.456499,-0.17206214
ZNF335,7.9644103,-5.022955
OVOL1,10.563857,9.182266
KYAT1,10.353739,6.8060465
ZNF404,11.473171,6.009922
ID2,-2.152692,-7.0951905
MLLT10,8.229898,9.497438
TMEM234,-10.1602745,6.219252
TRAF6,6.193674,15.729537
ATE1,4.9356155,-1.6095233
SLC22A17,12.008228,5.5033603
NSD3,6.2701902,15.67912
HNRNPA0,4.3637953,9.372587
CARMN,-1.9822025,6.9670753
ORC1,2.8582964,17.32912
ERMARD,15.407827,9.653991
CD33,0.3468959,5.301376
MOK,12.241712,5.1558347
ILKAP,1.683497,15.671729
ZDHHC4,0.85137224,3.1937354
MTURN,4.425436,0.7098326
JKAMP,7.8685446,12.546457
RHOQ,-1.3423605,2.651829
FAM84B,10.16061,16.996483
IGHG1,0.5290285,5.139336
ANAPC4,7.3999515,7.3716145
TPSB2,-1.7848634,0.9171932
RUNX2,4.7730765,15.65417
RBM12,12.601241,2.613976
BIN2,0.5176197,5.3224955
STAC2,-7.9956093,-1.0644844
FER,-4.36303,-2.0859687
WBSCR22,-5.953227,11.338674
RPGRIP1L,-2.6059742,10.324708
ZCCHC14,9.963769,-4.9842052
CCDC7,11.165054,6.628983
MME,-0.1007648,3.283853
POM121,-8.299633,2.019667
KAZALD1,6.044458,5.5886536
ZNF486,-9.214952,16.011316
GMPR2,10.241332,6.663661
MINDY3,-1.5216392,0.42599896
KMT5A,-3.5435095,4.601657
NSUN4,-11.301665,0.24949594
IDH3G,-4.6984544,3.5386105
NFATC2IP,-10.007527,5.7785277
CCDC71,-4.0055366,11.482282
TYW1,9.538428,0.5346539
MSX1,2.5947845,7.4980555
ZMPSTE24,7.426128,12.662776
GPR37,1.2076194,-1.2051158
PGRMC2,7.438287,10.675018
ZNF573,11.085507,6.7293673
EPB41L5,6.3047957,16.339104
EXT2,-0.3698132,-2.309174
IMPA2,-4.0366936,5.643201
TBCD,2.3574777,7.103111
HSPG2,-7.545303,-5.934959
DESI1,-0.3320924,4.535651
NR2C1,2.7694156,-6.645395
TUSC2,5.8646955,-4.693921
CTSF,4.328229,0.78398603
ZNF699,3.3808618,13.6094055
VCAM1,2.922787,5.270549
ADI1,6.063928,15.875993
TMEM150C,-0.6075002,0.524387
RHBDD2,-4.3317027,4.049504
ASL,-0.80187845,12.746098
TMEM206,-1.3144412,-1.8003738
SLC16A14,-11.66014,9.690602
MAP1LC3A,5.486583,7.026648
GAB3,0.5222326,6.4606996
BIN1,6.2478204,13.713522
SPDL1,-2.7881036,12.462102
MKNK2,-2.5874517,10.142345
FAM109A,3.7400277,-3.047832
SLC35E4,5.613491,4.4952216
TMPRSS11E,9.026754,14.614186
CCDC68,2.4625251,-0.1737942
CBFA2T3,-2.1542232,-7.1036835
NDUFS7,10.258933,-5.382643
CABIN1,2.3654432,7.1009154
ZNHIT1,-4.6576905,3.6383996
ZNF496,6.0215526,14.39259
PSMC5,5.2941213,10.371586
PACRGL,9.662602,0.08175685
RFWD3,-11.736225,9.617628
TEAD4,7.463236,-2.0245137
TLE3,4.029947,9.674544
COQ3,-3.9483807,-6.7959986
RNF44,0.4851021,4.258692
MCF2L,9.006518,8.123429
SUPT7L,-9.826196,5.9662113
TMED4,16.581264,-3.7926192
MKX,4.76107,15.653779
RFX1,-5.180055,4.357635
COX17,3.7580354,4.168124
BIVM,7.257841,7.523023
COL14A1,2.3574374,5.089466
DMWD,-1.9963768,6.9172792
POLR3H,6.274502,2.2776716
FCGR3A,13.946381,-4.5354714
MYO9A,3.0848958,13.933499
FAM180A,7.2922707,13.485355
DGCR8,9.017183,8.106931
USH1G,5.7404747,10.016926
IFT20,-0.9115232,-3.8829994
ENTPD5,7.535713,-2.3960075
ZNF415,-1.8934989,5.3016376
BACH2,5.864182,16.93366
BCKDK,5.535637,-3.5018883
CNTLN,-0.5713435,2.9568133
SLC35A3,3.2895644,-7.5536175
DYNLT3,5.441665,-0.53230727
GBF1,6.776013,-3.0341837
SREBF2,5.7425976,-3.2054653
PLA2G4B,-3.7979147,1.5524429
FRAT1,4.5989823,8.191785
TMEM65,2.916543,-1.8261331
FAM110D,-2.1515083,-7.1019163
STAC,0.9809839,-3.2361927
BTBD10,-1.1468078,-4.4842854
ETFRF1,7.344757,12.800334
MTRF1,8.008447,6.8325286
MPV17L2,-7.2331104,10.438784
TNK2,8.529737,16.736538
MFSD12,-6.3889,15.259086
ZNF662,7.3496265,10.669698
HERC2,-8.288583,1.6803474
GFPT1,-0.88523173,3.2873316
MED26,-2.3492174,9.241671
LONRF3,-1.243569,2.6965873
MED20,0.23722981,10.311672
PSMD9,-0.3719867,9.183801
SARS2,-0.36147413,9.240621
SDHB,2.9801066,4.1018534
PIK3R4,3.3154411,13.462725
NT5DC1,7.914416,12.532707
CCDC85C,14.479489,2.6141891
MRPL2,3.1218638,9.755055
COL4A6,-8.555847,-2.7844524
LPAR5,-11.660829,9.688707
MSR1,13.930444,-4.5173573
UBE3A,-9.620769,12.812108
ZFHX4,1.1043736,3.2085488
UCKL1,8.515659,16.763275
MRPL35,-1.3143672,-1.7997948
TMEM189,-0.2473394,8.954648
GTF2H5,3.1667666,4.3525615
SAMD4A,5.992738,14.436949
DHTKD1,6.0524387,15.867271
FGF13,-1.2477738,5.006209
FAM134B,6.2363772,16.354544
YIPF6,7.3877664,12.654447
RPS6KL1,2.8686733,-1.8021154
C1QTNF3,-7.5121903,5.759292
NMT1,9.0498,8.069744
HMGXB3,-9.590107,7.6354814
MAGOHB,-1.3131824,-1.8002626
CEACAM19,-4.3649445,5.685779
BLOC1S2,2.0098257,-4.6493273
YBX1,9.242825,11.392641
POLR2C,4.4118304,9.645527
SERPINB2,7.0429096,9.280634
METTL18,-5.7063956,2.87424
FYB,0.59981126,5.5402145
HAUS4,13.135927,3.2189267
EXOSC1,9.900507,-4.8993583
SLBP,9.971758,3.379523
GLRX,-2.1609895,13.429444
TIMM29,-1.3404108,6.061565
UBA3,-1.9615602,13.169074
ZNF429,-9.21493,16.011303
TMEM126A,3.5024753,4.389315
GCSAM,6.9279366,10.329474
PSME4,-11.320891,2.9627752
DTWD2,3.7978363,12.008956
KLHL42,-9.669557,12.772029
HOOK3,2.8455029,14.5419235
ADAM10,4.0569477,-1.8019347
STAC3,15.256875,6.4057035
IFNAR1,8.26153,-4.465377
AP5Z1,-3.7142565,1.5980738
BBS2,9.025642,9.914995
MORN3,-3.679312,1.6943276
ARIH2,-12.264799,5.716076
FXYD5,10.75337,11.444758
TRIM16,4.901032,10.779962
ZNF217,-10.694885,3.0548637
NDUFAF7,14.540601,2.920984
RWDD3,-1.0551738,-4.129194
SLC15A2,1.5026073,0.7653064
EPHA4,7.151214,-8.6068125
UBL7,3.2956064,-3.0771956
TMEM185B,6.85762,12.627631
HNRNPU,13.429518,7.940538
RGS3,3.174171,5.621793
CHFR,14.562699,2.694036
TBCEL,-1.4257348,2.2925568
HNRNPM,1.76654,10.536158
PLXNA1,10.617439,14.516134
CWC22,2.4942625,8.050722
DDX52,7.572863,-9.193221
BLOC1S5,11.489946,1.3205142
TRIM33,-10.805936,1.9607958
RAPGEF6,2.5206344,8.135149
PDE8A,14.657247,7.564183
LITAF,8.22946,6.6501646
HS6ST3,3.6574183,1.0210961
LSM6,-1.0664366,-4.224619
RNF157,1.5009303,1.1071271
SC5D,5.9475656,-0.11885623
ZDHHC14,6.486347,12.721262
SSPO,10.049593,4.1905503
GABPB1,-13.301727,3.8142467
WNT4,-5.5536,0.46620587
HEATR3,-9.798734,-0.8174895
PRKD3,-1.5610938,2.7789237
PCDH9,-1.8762621,5.2867317
COLEC12,-7.376214,4.9314175
ZFYVE27,5.892724,-5.060999
DTNA,-1.0928171,4.8068175
STK17A,-9.0360565,7.3024073
NAT8L,15.345536,11.955041
STON1,-9.078545,10.461761
ZNF282,-2.370453,9.234788
CNOT4,11.94016,2.1687703
RPA3,2.7334106,17.230629
HID1,-3.8738446,15.3499365
TAF15,-5.9450493,11.329934
GPKOW,5.625116,4.463609
PWWP2A,4.596048,-2.0263865
RABL3,9.137358,1.0281944
KMT2E,4.070383,10.311926
OPN3,7.72471,10.84852
ZMYM3,7.2319145,-7.0849466
LATS2,-1.9316858,2.2698114
ATP6V0E2,8.016589,-0.03298426
GPR68,12.981077,-0.5161594
IFI27,-5.243495,-3.4732127
SCGB2A1,-8.017282,-1.3938658
PRDM2,3.1615112,13.756366
URM1,6.7176685,19.140217
ZNF791,-4.1777573,-1.7502812
TUBG1,1.9870843,10.284389
UQCRC2,6.686733,19.269287
CTTN,14.546699,2.6813781
PER2,8.759266,11.926238
RPP25L,10.006449,6.9517903
KIF2A,-6.9369073,8.338173
ZNF747,5.5204797,-3.1685019
TOPORS,-2.058461,13.674564
NUDT1,-4.6543336,3.7691393
MAP1LC3C,16.526226,0.7459672
LIPN,6.1599894,9.531961
ENTPD2,9.248771,10.095536
KLK13,5.7397475,10.085667
CCNYL1,-1.3354496,2.3696735
CREB3L2,-0.3104124,2.913704
RHOC,-4.6994185,3.525611
SIGMAR1,1.6257813,10.207165
SEPT7,8.255888,-4.3181806
PLA2G15,5.920743,-3.5503044
NXT2,-0.6410455,12.949835
STOML1,1.6026423,18.730219
COMTD1,12.596208,10.770724
GLI1,3.3458557,5.6073046
LMO2,2.6609325,2.6700711
FXYD1,3.1873298,1.8970269
TKT,-0.3544672,4.548879
PRDM1,-4.432993,8.799165
CNTN4,-1.1981235,4.9738607
FBXL2,1.5022798,0.48785788
ITGA2,1.1499109,-1.1979107
ATN1,-3.9259524,-4.717238
NDRG4,9.022133,9.921792
PRKAB2,6.238622,15.678947
ECHDC1,5.444843,-0.5246996
THBS1,5.988455,14.4455
ZMIZ2,5.6781645,-5.9301963
PMEPA1,2.5088978,7.2750306
ZDHHC21,7.5450773,7.232325
NDEL1,0.6816363,-1.0178694
ITIH4,-1.9941688,6.9326873
ITM2C,3.0435972,5.46151
RPUSD1,-5.3978505,10.78528
CIZ1,4.01631,6.3153515
DCAF5,-2.1376917,3.9044495
TNFRSF14,3.924449,5.0289497
DSEL,-0.1682871,3.2918055
BBS7,7.3734336,1.2988251
TNPO3,3.7862093,12.508764
ARSI,-6.3936267,15.254472
WDR75,3.7651596,-7.4425893
ZNF519,-2.606875,10.322313
ITGAM,0.4860321,5.960813
ANKRD13A,-0.6836,7.3645983
MRPL58,-5.685875,10.652653
RPRD1A,2.78876,13.448656
GDF10,-7.364687,4.963581
RABIF,-3.5583115,11.345642
FAM117B,8.21171,9.507681
NTN1,6.3368196,13.9461155
ILVBL,-0.35750088,8.967396
ZNF586,-1.2715453,2.3426597
ST7L,0.8744404,-1.4512037
FOXM1,-5.77812,9.774981
EEFSEC,-5.185065,4.3608427
SPRTN,-11.087587,2.822237
IFT74,6.0825963,0.012403481
FAM19A5,-7.643379,4.395012
MB21D2,-11.67535,9.676506
DDX39B,5.8271766,-4.834805
GOLIM4,-1.8087045,5.336619
IAH1,2.728109,-4.071317
PCOLCE2,2.716522,7.294227
STK26,-10.123105,2.8812144
DDX5,17.808922,6.7433085
ZNF548,-5.912933,3.1911514
TMA16,-5.982374,2.6710877
ADRA2B,3.145964,2.4068685
SPATA5L1,12.940205,2.696941
RNF112,3.2730782,3.03027
ARL15,-2.3638158,-6.261511
MEF2D,-6.666801,-0.57247156
PRR5L,-2.8889265,-9.226912
SLC6A16,3.2956157,1.7659934
MRPL43,-0.41728497,9.177531
ERI3,6.7500777,19.133062
ATPAF2,-3.9863605,1.2087545
BVES,-1.2570666,5.026239
ANKRD20A19P,-4.413024,14.763897
CA6,7.86239,0.10759328
GATC,-8.423327,3.0204968
ZNF330,12.163383,-0.98743975
ZNF260,-4.10011,-1.8692647
S100A13,-0.3595563,-0.09588088
SLC25A13,5.609771,7.1074743
MTSS1L,3.2815335,1.7624115
IL11RA,3.9443133,5.041823
CREM,5.887955,2.5828507
EDC3,6.001684,2.3219683
SLC20A2,-2.421473,6.9961185
SLC35E2,12.290153,5.109676
PWAR5,3.3489485,13.607144
EPHX1,2.6197274,7.3902183
PEMT,-4.3396983,4.0254636
POLE3,1.3552353,-4.6797338
U2AF2,1.5905869,10.256267
KCTD2,5.8374553,2.5426986
PPP1R2,3.1236935,-7.1564126
COL8A2,-7.0842094,5.7351356
TMX1,5.710678,-0.2880383
LRRC8D,-0.83835596,12.737632
FAM161A,13.699348,12.048305
MAP3K11,-4.6989703,3.5299559
ITM2B,-10.141095,2.8585832
FAM210A,9.217077,0.87345105
RORC,7.5078034,-5.610527
DDIT4,6.2081494,16.462378
RSPRY1,4.9455304,-1.5968124
LARS2,11.662489,5.3049917
NOTCH2,2.5016565,-1.3898774
TCN2,6.1788263,13.688959
PAFAH2,12.33154,5.735702
ZNF614,-2.7084343,-5.9100943
PCDHGA11,6.277436,2.2987185
BGLAP,-9.97368,5.795842
TINF2,13.698599,12.047198
ZCCHC17,3.0276294,4.145551
SYNRG,3.2767675,13.70137
RHOV,0.6815767,-1.0478148
GORAB,-1.3468542,1.8715245
NDRG3,-2.8842182,-9.222818
PEX1,3.1904914,-7.7685103
RTKN2,0.230723,-9.707746
RELN,-0.30112106,2.9670563
CALN1,-3.6363747,1.6357291
CCDC102B,2.2084143,4.781994
ANKFY1,5.900321,1.7668248
TMEM38B,5.502182,-0.6025323
GIPC3,-2.0228088,7.1000953
DEAF1,-8.543453,1.9014518
APOC1,8.96577,14.5531025
RNF165,2.6141586,5.7749643
ZNF680,7.4636517,1.3971628
MAP4K1,0.3403013,5.2313485
CDRT4,7.191032,-7.04077
RASSF4,-1.1438829,0.46223277
ISLR2,-7.417725,-5.8050594
TP53I11,-0.99742186,-0.24433987
CCL27,-5.216395,7.029261
POLR3K,-7.4078035,10.3630705
KLF6,-11.116682,-1.8244878
KBTBD2,-10.468132,2.2567806
RGN,2.4005766,5.3645134
LSM8,6.6737657,-0.54962826
HACD2,-0.58888483,13.031328
LRRC8A,8.230915,6.6494646
DHRS4L2,-4.0476604,5.708711
SUMO2,8.389807,-4.03511
ABHD17C,-0.71438813,7.0725083
GNB4,14.654239,-0.61388475
RGS12,6.1144333,-3.7541971
GLUD1,-9.435395,7.5263014
KAT8,-6.6237288,-0.5219918
ZNF8,4.3291616,-3.6410067
AAGAB,2.1038597,-4.622422
ZNF440,0.13002305,14.963868
XPC,9.092344,9.982383
NAT14,-8.172999,2.849808
VRK1,-2.8849678,12.50287
INTS9,-3.6415005,11.313429
GPC3,6.2531333,13.747738
MRPL20,1.9088142,10.31103
ABI3,-3.082544,-0.25267667
SLC25A24,5.909856,-1.3784323
SPACA6,0.8877394,-1.5067264
SYNE1,3.1207187,13.92323
RXRB,5.9914722,-5.1541057
FAM45A,-8.219149,11.878702
OTUD5,-1.0876279,6.302159
APOL2,-4.6861067,-4.316374
MIPEP,-11.652163,9.698527
ZNF516,16.58213,-3.7944176
AHCTF1,3.3966756,13.61874
ACTR5,-1.5649579,15.269582
ZNF17,11.497496,1.3564779
TTC9,5.242606,10.454365
GATSL3,-1.050189,6.3669376
FRG1CP,-0.9162067,-3.8514354
ZDHHC6,2.7707052,-6.6647687
DYNC1LI1,1.6393912,15.573812
PPP1R26,3.1952507,5.0643306
MAN2C1,5.851053,-5.037242
NDUFAF5,9.415717,0.28912053
TSNARE1,-3.7185209,1.5926694
ZNF195,8.934871,-2.3316314
RFTN2,-1.8401152,5.3088174
EMB,7.3662896,10.6199
VPS13A,3.1225088,13.889897
MOB2,8.306109,-2.3514733
NAA25,9.491059,0.35595116
ZNF569,-5.7204485,2.7706387
ARMC2,-0.9723899,1.1156976
CC2D2A,-0.7618381,5.769259
LGALS3BP,-7.090295,5.8011484
CYB5R4,-1.5391062,0.41310027
RAD51B,13.501044,13.016989
GP1BA,4.168762,6.4834943
ZNF814,8.984373,2.4912822
RBM26,2.8718295,-6.810491
PLA2G12A,7.625895,1.5685221
TRAIP,2.559117,17.040257
ID1,-2.1536078,-7.1063175
NDUFS5,3.0643673,9.499327
TMCC1,3.7824643,12.524228
KIDINS220,-10.856633,1.859347
RBM17,-0.9837081,-4.0760183
SEMA7A,-4.4742064,8.787132
RPA1,1.4820102,10.04731
GAMT,-1.2404561,0.29605404
CORO2A,0.406231,-1.2650124
RAB40B,12.595539,-0.6879542
KLK10,-4.5684137,6.2283225
KLF12,6.0874567,-3.5656836
BLCAP,7.352036,-2.607146
GXYLT2,2.9042578,5.272417
CYBB,13.697233,-4.3254957
FAM98B,-0.8001594,12.759994
TRIM21,-5.3316817,-3.4429297
PCDHGB6,6.865469,12.608423
CD9,1.6658545,10.860575
C1QTNF7,-7.682841,4.32898
VLDLR,6.421763,9.99862
STARD7,1.1904284,-4.7210507
LGMN,0.5388898,7.259551
MITD1,2.4205973,8.382348
ETV2,3.291139,-3.0970113
TOMM34,1.5864253,18.71248
RSPO4,-7.0278444,5.791471
HDAC8,11.91825,5.5204606
ESR1,2.5635386,4.1675735
GART,10.483041,-2.540271
NBPF10,-3.4790401,1.6475068
GOLGA5,3.7194588,-7.4284
PPFIA1,14.671167,7.5695944
WBP1L,5.603583,6.8215423
HDAC2,7.4960957,3.6714053
CSNK1G1,-8.470654,15.36992
EIF2AK2,-5.3012033,-3.475388
MAGI2,-1.0718732,4.789035
ADAMTSL4,5.6833687,15.452453
FAN1,3.3095686,13.598933
PARG,11.984877,2.3020022
CDHR3,6.5280976,13.677358
DHRS4,-4.0385704,5.715858
NEK9,11.368896,5.73758
MEG3,12.623591,1.075781
ANKRD35,6.7129974,10.156228
HRASLS5,15.250597,11.863826
LBHD1,-4.5359745,10.433635
AES,-4.696556,3.5170577
RAB28,7.0013404,0.861432
SEPT6,3.1057625,4.8935175
PPDPF,-2.6416247,9.732552
MCU,7.541751,10.788288
FAM49B,6.2059736,0.001086654
MYO5C,-3.877846,15.34053
MTHFS,-0.6280743,-3.875344
SERPINB3,5.178616,10.534061
PRKG2,7.4091935,13.446126
ZNF653,8.126375,-2.5575285
EXOSC8,-1.1412228,-4.4623733
PI16,-7.392843,4.9904
KIN,-5.6602707,2.924544
CLCN5,-3.4950466,4.6670675
KDR,2.7296896,2.653758
ARL13B,2.8238382,13.4636345
TLCD1,6.1965723,9.674409
MON2,2.516929,8.130179
UBE2D2,1.9030155,-4.6491795
DNAH10OS,3.1317368,0.29135865
MARCH2,14.518458,2.9925823
FPR3,0.50435746,5.6011105
ZSCAN2,3.1361554,0.33264422
R3HDM1,11.669554,5.294047
TUBE1,-6.003652,2.6571617
OAT,8.39253,-4.001819
SNX12,-2.9588256,9.602885
KIF5B,6.10066,-0.3367847
HAND2,-0.15110905,-0.14325279
UBR1,-1.6064417,2.4847112
UNC119,-0.31810343,8.900023
ZNF252P,13.283697,6.13523
CEBPA,5.5790224,-3.4634712
CTSH,-4.605256,9.055866
AP5S1,10.306635,6.63922
PLEKHJ1,17.283852,4.588759
RIPK3,9.984489,7.0158324
ATXN1,-2.3616786,-6.265752
DNAJB1,13.294019,7.8548803
TLR6,1.5344626,1.1710689
OAZ1,-9.7473,-0.76356554
GATAD2B,4.094655,9.812074
PLCE1,-0.6766658,3.008773
DHX33,7.975885,2.9799516
FAM98A,7.6791596,3.3387012
SEC14L2,7.105957,9.834114
GTF3C3,10.10947,3.308546
FUCA1,6.2293515,13.249829
DDB2,-4.1099086,5.9479156
SIDT1,1.4864817,0.8421666
HEXA,-0.13136324,-0.40713176
POSTN,-7.4024606,11.935851
CLIC2,6.1321216,13.46889
ZNF763,11.498457,5.936559
TYW5,2.808002,13.463883
SLC30A6,-5.7919173,2.8016157
CNTRL,-5.9143977,11.280932
UBE2A,2.296586,-4.411117
TMEM14A,-2.6524935,10.282822
RYK,5.460351,-0.5866564
DHODH,-7.3719263,10.381554
SEC61B,3.4554505,4.415466
SLC25A29,9.025657,9.921325
HDAC3,6.0287423,-3.5459163
YTHDF1,6.0714927,-4.587805
FMR1,6.2345333,-0.41016173
OS9,-7.6810174,5.361941
IER5,-0.7399207,7.0606017
MAPK8,-9.479492,7.5347395
NR1D2,8.758478,11.926506
TRIM45,6.049962,5.5888305
GNA14,2.1986828,4.7929416
BLOC1S3,-1.3482102,6.0829096
FUNDC1,8.2653265,-6.8320637
FBXW5,-5.081189,4.301954
HSD17B13,5.935161,16.8748
XRCC1,8.510013,-2.2206948
HARBI1,8.36212,4.6471534
FAM104A,-11.020235,2.820802
LBR,-9.164584,7.372206
LDLRAD3,3.7246733,12.627854
ABCB4,3.027896,5.432851
TBPL1,4.576104,-2.0183048
SPRYD7,2.8491774,8.285022
EPG5,5.8582954,1.7675284
UGDH,-0.50462335,-6.947112
ETHE1,12.788902,-0.63306993
ENOX2,-1.0247034,1.0399548
NDUFA6,3.0430417,4.1361036
TBX19,12.594912,2.6096864
USF1,5.8202815,-4.838687
TFR2,-1.5351273,9.597942
RND3,3.6226196,7.9658256
INO80E,-9.976671,5.757045
HSPA4L,-10.6619625,2.9515784
ENG,2.7044733,2.66495
TGIF2,12.955204,-0.5953362
PRPF6,-2.4159966,9.284283
ZNF324,5.838776,2.5037518
SLC35F5,-0.57924074,13.030561
PLEKHA6,2.6290076,4.0257087
RCOR1,1.371256,15.409483
MYO1E,5.500555,7.258584
NRBF2,9.572761,3.069575
ZNF425,12.895461,2.927513
ZNF559,5.610815,4.498508
SPCS3,9.812353,4.02014
PAPD5,7.4390283,12.914355
KIFC1,-5.823277,9.739595
TIAM2,0.23050389,-9.70744
FCGBP,-2.5769973,-3.131835
TBC1D22A,5.853942,6.8158417
SCARA3,-7.6138816,4.592552
APEX1,7.9864273,3.0192459
TMEM139,-4.5486913,15.194254
SNRK,-0.9410727,6.3732014
HUNK,0.08842334,-7.1646233
PDE7A,5.4824576,2.8227432
SPTSSA,5.673987,-0.44981733
FAM217B,-3.929743,-6.7862554
DGKE,2.481527,-0.17371951
CCHCR1,12.361072,10.984818
STX17,1.6730355,15.805555
RBM47,8.39098,-4.001329
ISM1,-0.25560638,0.020156357
RAB22A,3.1236627,-7.1509767
OSBPL6,7.884437,9.61029
MSL2,3.8096478,12.488147
APBA1,9.697389,0.23144355
ASPG,-3.6207993,4.8804717
ACTR1B,-12.8988085,6.9219394
HOXC4,-8.448765,13.675895
SCUBE3,-2.0059211,7.3258204
TAF3,3.015923,14.080665
COG3,1.6836265,16.210073
FYN,-0.2480668,0.055737816
TBCE,-1.3148218,-1.8025846
UNC45A,-3.5109282,10.139498
ZNF154,1.5033004,0.4618162
TMBIM4,5.1890516,-0.7637555
TMEM70,6.109676,-0.36027303
NFE2,-4.437841,8.793939
TOM1L1,2.378667,7.124768
PRR33,-0.26656026,4.4389977
CAV1,-1.5146275,5.1258154
RNASE6,14.078803,-4.6690845
IFI35,3.9056087,5.028008
EIF5A2,-1.7049971,5.5169983
B3GALT4,5.801038,-3.5058324
ADHFE1,10.1519375,-5.231423
SLC43A2,0.51298493,7.4590406
NAPG,-8.215173,11.87332
KIAA1644,-7.5817637,5.6354327
PABPC4,0.07837577,-7.1156216
PPP1R15B,-2.1382437,3.9081922
TTC39A,-4.335758,6.4038596
NES,-1.5820036,6.7619057
ZNF566,-4.259485,-2.005725
KCNK2,-7.3461275,4.0912504
BORCS5,-1.2771664,2.3269477
MYL5,5.683317,-5.884875
SLC31A2,2.5845187,-1.512804
USO1,2.8582864,8.283607
BCAS4,1.5045575,1.0290513
SMC6,1.7103509,16.187672
SH3BP5L,10.723563,9.062958
RMDN3,10.069304,3.2714694
ARMCX5,9.593855,3.2087536
ME2,13.533808,8.029073
NAP1L5,-0.40093407,3.4090097
COL25A1,3.0416915,0.06779834
DROSHA,13.208959,6.2094836
SLC2A6,-4.5755544,-4.6455607
PKD1,-8.421017,1.3251728
TCF20,4.04288,10.346688
MPI,-3.7712977,11.210308
IL36G,6.4180665,9.679448
RPL41,0.98234075,13.762685
PPARA,-6.3477592,12.963499
CNEP1R1,9.214426,3.8839154
PLEKHF2,-10.40724,2.7040064
ARHGEF19,-8.562913,-2.7749135
KLHL30,-3.4613657,15.1559725
CCL14,2.9787014,-0.16120616
TMEM106A,6.1164374,13.4200325
DSG3,5.3198524,-0.26665792
PDDC1,-8.294283,2.0500057
ELMSAN1,-0.022345006,-1.4934928
SIRT2,-5.152689,4.344724
ZNF431,-2.0451248,13.519595
HDAC1,-0.8167487,9.490003
CYBRD1,-0.59141225,0.49810407
YARS2,3.827544,12.226432
CD14,0.5168548,6.136602
AKR1B10,10.129712,6.6849613
SERPINI1,2.3896978,5.3646
DEDD,6.137036,-3.5299602
CHN1,2.050204,4.344237
UBE2I,-5.691279,11.053579
UEVLD,-2.1168878,13.59938
ACKR3,-4.5558014,-4.8075547
EVI2B,0.51062685,5.6307383
MMAA,12.975434,2.7336864
MTA3,-5.096277,5.5867386
CCNG2,6.2512884,15.67734
POC1B,4.8814154,-1.6609296
ZNF263,-8.539293,1.8217024
MFSD14B,11.862103,2.3354964
AASS,-1.004773,-0.15993153
NT5C3A,9.783319,4.0323606
NOV,-3.6173785,15.6634655
BBS1,1.4243965,1.6861262
MXRA7,6.076488,14.310114
RNF169,5.9950643,1.596411
TADA2B,-0.047723185,-1.4926349
CLNS1A,2.1577923,-4.525643
PCAT19,2.5404212,2.5137234
GPRIN3,-1.402119,2.3238897
TRIM41,-3.5101984,5.18833
PARD3B,-0.6721019,0.4573549
KIAA1549L,-6.4777493,15.354923
NARS2,7.159154,1.0686805
NCAM1,3.4786034,5.8313622
RBSN,-0.023842437,-1.5119356
CTSV,-4.5392766,8.745885
CPOX,11.491373,1.2629503
B3GNT7,-4.328518,-4.6488714
DCUN1D4,7.5079236,1.4421548
ACLY,-5.4021297,-4.741578
RBM8A,9.34494,0.91354245
NAP1L4,10.02515,7.002793
CYP3A4,7.165332,10.566278
GSPT2,-0.2931778,2.929709
TAF6L,-3.3083181,5.4700227
CENPA,-5.781336,9.777453
CCDC85A,-1.8763548,5.296477
SNX9,-0.12647997,0.55567527
URB1,10.616521,14.516192
STAR,7.120879,9.318336
FAM47E,-3.8980477,15.311776
ALG11,-9.678975,12.761792
POLR3GL,-4.637228,5.5683103
FRRS1,12.651666,5.97498
UMAD1,4.4529963,-1.9335579
LMNB1,2.6758928,17.174286
TNRC6A,2.7196515,-6.5702367
PRPF38B,2.8211014,-6.7209005
F8,2.353535,2.407056
ETFA,10.06079,0.19106902
BAZ1A,1.3377632,15.375634
METTL7A,-1.1601065,0.3825028
CDK18,5.2998962,1.3898728
OBP2B,-8.017866,-1.3871615
TACO1,2.0545127,10.24243
MBNL3,14.656129,-0.6072261
PAPPA,-0.12173249,-0.43285346
KLHL26,5.587532,6.5976734
P4HB,4.8341565,10.82711
AKIRIN2,-2.5040932,9.432809
VASP,1.7044244,10.856878
ZNF205,12.362142,10.983995
KLHDC4,-6.569394,1.353238
ZMIZ1,-2.0828936,9.168572
FAM234A,-2.9630837,9.59226
IFIT5,-1.6696717,2.3493445
S1PR3,3.0514731,0.09811212
RNF215,3.9692764,10.407719
ATXN3,3.0377767,-1.9497479
GRK6,-5.257209,10.642989
ABCB6,-10.005617,5.777318
TSPAN9,-12.568084,0.98006296
PAGR1,11.897247,-6.5246863
PXK,7.985426,-4.99366
MIEN1,-2.5398088,8.515168
SLC2A9,0.05157377,-9.48572
PRIMA1,2.4946232,-0.28067645
CNTN3,-7.5375237,4.0692945
RALA,6.1973066,-0.008648318
SMARCD1,-8.50766,1.9391146
ZNF468,-5.725445,2.8331056
TMEM261,9.913012,-4.916991
ZNF44,13.820957,5.87283
RNF2,7.0439515,12.503665
CYP27C1,-4.647413,6.3072443
PCF11,5.80198,2.1732419
FBLIM1,-9.139062,10.513202
FAM104B,9.141163,3.2379382
ASPN,-7.351819,5.721594
TMEM205,6.181859,19.23379
MLH3,11.418011,6.4729476
SFTPD,-1.4423512,9.743588
DIRC2,7.4490047,10.711816
DBI,-4.6129303,6.263889
RAPGEF5,3.409188,13.596012
FAM175A,-5.1771164,10.621809
ALDH2,-0.23806001,4.4097857
TMEM102,-1.5715642,5.9094124
CA4,3.0588105,0.095776215
GLDN,6.3349304,13.555286
SELENOH,3.0948977,9.60857
ZMAT2,10.643532,-2.2716403
HNRNPDL,2.7709897,-6.6528163
IL1F10,6.186784,9.632688
SLC26A11,5.7932653,6.8588257
HERPUD2,3.6441448,12.796902
IMMP1L,-1.1263342,-4.468086
CTSO,2.3822875,5.331054
SERPINB13,-4.63241,6.276765
PRPF18,6.1873093,0.027509231
SEC22B,5.9237566,-1.3895383
STK35,-8.278051,1.6617613
H1F0,-10.453769,2.6837604
ZNF219,5.87817,-4.132945
STPG1,0.273306,10.311532
IDH2,6.666539,19.177406
NAA35,3.8800466,-7.338928
ZC3H7A,6.263191,15.660107
KIAA1958,7.4424787,-9.032258
IKBKE,-12.785396,-0.9071234
RNPEPL1,-5.0532656,4.6082892
SLC5A9,-4.1009073,7.1928964
GPT,0.23886393,10.231176
PTTG1IP,0.014493241,-7.129332
GPATCH1,-8.090661,1.5692507
ABCD1,11.653292,12.327823
EMX2OS,3.7303722,1.0049778
ZNF773,8.242542,9.499948
MED19,7.8923736,9.619291
CENPM,-4.254997,6.3754015
PRKAR2A,9.042651,8.139232
FRG2HP,-4.6567407,6.343324
THEMIS2,14.11607,-4.706595
TMEM216,-3.5379374,11.355091
HCG11,-0.3323206,8.937817
SLC45A1,4.061437,1.2035311
DUT,6.9015822,0.70051146
CARMIL3,-3.5958524,4.548548
NR2F1,1.2296969,3.3306174
DPM3,12.55331,9.56558
STBD1,-1.0824093,4.791865
NRXN2,2.368358,5.046426
ACAD8,-4.3432965,8.855569
PRDM4,-8.4416685,13.684573
DACH1,-1.1791221,4.9471946
ORC4,2.867277,8.28622
IKBKG,4.006539,6.3063993
HDHD2,13.24452,6.144879
CLPB,-3.9903708,11.460128
TMEM161B,1.8016411,8.89633
POFUT2,5.7248244,15.49225
RIPK2,2.8579352,14.614804
PPM1D,11.483716,1.311746
BRI3BP,-11.658585,9.689492
FDX1,6.0963883,-0.34825513
ZCCHC4,1.6815308,11.711738
CBX2,3.2742803,10.049159
CLU,2.3710475,5.1009545
AACS,6.2008977,9.67405
LILRB3,13.655255,-4.284333
CLN5,-1.6973234,2.388898
NT5DC2,-3.6029282,5.08921
TMEM158,5.8292675,16.963627
SULT1A1,1.3323928,0.6873283
KCTD17,2.5058799,-1.3908725
PELI2,2.6367083,-0.13103631
LRRC2,-0.6390747,0.37551746
HADHB,16.222254,7.440969
MAB21L3,7.0160995,9.141554
ATAT1,-10.002418,5.765391
AMOTL1,9.077748,8.020994
CNPPD1,-5.047471,4.599106
TXN2,-4.453392,10.385333
NIPA2,9.578074,0.6974779
CNNM2,8.732221,-2.0329275
ALPL,-4.8832135,12.988039
ZDHHC18,-3.964745,6.646955
TMEM104,-3.5567496,11.344996
MKL2,3.121672,13.901713
SH2B1,-12.899045,6.9217315
PRR13,0.09574485,-7.1401196
PTPA,14.510925,2.778246
SKIV2L2,-9.023056,7.2965603
FGF14,-7.546121,3.9954453
PEX3,2.863761,8.288626
HYAL1,-3.7169805,5.0338407
FDXACB1,-11.637152,9.713752
ANKRD17,4.078468,10.277444
RDH11,-5.475798,6.9045877
FAM162B,2.8726993,2.6808643
NUTF2,1.8496926,10.343958
KLHL36,-6.667452,-0.5730368
PCGF3,5.67104,-5.3810987
SIPA1L1,5.4716845,2.8482974
TPMT,-1.1667895,-4.4688616
FANCL,-2.644008,10.281425
WNT10B,-5.0948544,5.608612
SIRPB2,14.067116,-4.65764
LYPD5,2.5713494,-1.4709973
SOCS6,5.9709673,-1.4479601
MCM8,13.201042,6.2168927
ZDHHC9,5.507198,7.2446165
ZBTB2,-9.226234,7.405825
KCNK3,3.3441975,1.6243274
EDIL3,5.4041276,-0.5448038
KIAA0753,13.559463,5.9955993
SNUPN,12.6679535,5.974951
PSMG1,9.073248,1.0465264
ANKRD26,1.7705181,10.52696
SUPT20H,11.509228,1.2504541
TSPY26P,1.5026535,0.47123757
DEPDC1B,2.5817022,17.063452
CAPS,8.411729,-4.029905
SMS,5.316157,-0.2896611
NPEPPS,1.3692527,15.644333
IGSF8,-2.6299574,18.341217
PTPRK,1.2324151,1.9699363
DFNB59,8.016899,6.8222523
CLCF1,-0.2996604,-6.9501457
RAB17,-4.892901,12.996026
SIVA1,-1.9839216,9.112527
CENPX,12.566579,9.556292
DHRS1,-0.7680776,9.434446
CGB7,-8.3557205,-2.4771917
GEMIN7,-0.56630754,9.289264
GAB1,11.947933,2.2262762
PRAG1,0.2366221,10.256147
U2SURP,2.4113941,8.414425
ZBED2,7.3045535,14.906786
MTHFR,-7.837379,1.4244393
PCDHB14,11.035929,5.6798143
POM121L9P,3.270633,3.0146525
NDUFS4,2.9864721,4.104814
TRIM9,1.5059474,1.0880109
MYOM2,8.828943,6.515868
MGRN1,-2.2325995,9.2703285
PGS1,13.150659,-0.3687776
BTN3A2,3.9279032,5.0446844
CDC26,1.3163548,15.355946
MRPL55,5.8507724,-4.827766
RHNO1,0.6700668,-1.0355422
XG,7.387619,10.664257
APOOL,11.917037,2.2583697
PLTP,0.54272306,7.2978625
ZC3H14,5.291591,1.3887335
SKIL,7.4311776,12.727393
B4GALNT4,15.764866,-1.5840417
TMEM100,-0.28625274,0.20960808
SLC39A9,4.2629404,-3.8667054
TMEM223,0.2057054,10.233745
MMGT1,-10.848406,2.4162176
NCKIPSD,5.4862275,7.078147
APOBEC3G,-7.6263275,4.5690637
UBR4,5.5342054,7.0151663
LRRC56,9.99789,7.2477593
SHISA4,9.303194,-6.51811
TTC5,-11.735788,9.618406
NRCAM,0.17418742,14.695989
AK1,9.241411,11.391283
SZRD1,4.469416,-3.454381
PSCA,5.582393,7.089491
PRMT9,7.916501,12.531549
SFSWAP,5.9617043,-4.5226097
GRID1,1.1260078,3.2206604
PLCXD2,-4.957783,8.54942
GEMIN4,7.500528,-5.6001673
FBXL5,4.5373144,-1.9982318
P2RY1,7.3336654,-8.905929
FAM122B,-3.0533397,4.3142533
KDSR,0.90207595,11.985219
MAPK12,1.9390054,6.1384993
TELO2,6.035288,-5.2277927
ZSCAN20,-1.2551354,0.6823753
ECSIT,-5.014582,4.2109823
WDR76,3.0818613,17.642849
MIA,-4.984216,13.086265
GAR1,1.614922,10.203979
RNF114,9.16442,3.2201529
FAM58A,-5.626481,10.674788
GPCPD1,13.869012,5.842115
P2RX7,4.599191,8.193935
PPP1R32,5.6758065,-5.374932
PPP5C,10.190142,-5.297597
MFN1,1.677521,16.232162
POLI,7.132663,0.5425998
JAZF1,-7.3508105,4.9755025
CDKAL1,-5.908951,4.2918897
CGREF1,-7.115639,5.798204
CMKLR1,-7.381581,4.901692
RNF8,9.199573,3.911404
YPEL1,3.808179,0.42515782
CORO1A,-2.4258776,-2.9561477
SLC38A6,5.6151433,4.491132
EDNRB,-1.07714,-0.21200809
AP4B1,5.5861907,6.6710467
KIAA1324L,-0.41695914,2.8672638
RPS6KA6,7.3587976,-8.936698
REV3L,-1.8998739,2.2922704
CROT,0.94551367,-3.185948
SQRDL,13.27329,-0.34747607
OXSR1,4.613041,-2.0263312
BLOC1S1,12.572026,9.555547
ZNF558,-3.0467186,4.310262
TRIM47,0.6121932,6.7510896
PSAT1,7.073454,9.301803
FUT11,16.061014,-1.3699042
PIAS2,3.5394783,-7.593876
SEC13,7.579546,5.3035426
MAVS,5.8553376,1.8043401
ENPEP,1.7866182,4.293187
TMEM187,11.8178625,5.5171165
HAUS2,4.2644672,-7.1264834
RGS2,0.7638437,5.4694996
PAPOLA,-10.785849,2.1158185
UBE3B,2.5968626,-1.5216404
MTF2,2.3785584,8.516955
TSPAN2,-1.9006149,7.217011
SS18,-8.466862,15.366645
G0S2,15.346097,11.955805
ATP13A5,-7.9566984,8.41768
CCDC106,10.027975,4.07785
WARS,8.199449,2.75931
SHANK1,-0.23556966,4.4227595
PEG3,1.5049777,0.47772393
CADM3,-7.385564,4.9553285
ATP6V1C2,3.751354,-3.0679994
CTC1,10.87302,6.026856
BCL2L10,-4.656935,6.344679
CARD6,-0.14112417,0.5475246
ATP5H,6.73636,19.321594
GPR146,-1.5746745,-0.22101712
AGPAT2,5.58659,6.588156
ARSD,10.292602,6.6504145
E2F7,-5.943623,9.590264
TMEM87A,13.049772,-5.75163
SMYD2,12.361414,6.1868453
FXR2,4.058663,9.717886
ECI2,1.4587715,0.7435337
NTNG2,-7.6544094,4.3485565
WDYHV1,13.532363,8.0309515
EDA,-11.285891,0.2714808
GTDC1,7.3787675,-2.5753605
HERC5,2.5065184,2.4954343
PVT1,1.5916991,18.71925
SLC41A3,3.355808,1.7314962
LACTB2,-1.2129091,-4.5263567
ZNF669,-5.7327867,2.8148618
FOXQ1,4.5978045,8.191133
METTL14,9.226987,3.866542
TMEM108,3.1317327,18.855673
TK2,2.5709693,4.526585
SLC44A4,-8.014706,-1.3813051
MPG,-4.6952624,3.4576855
CUL1,4.984136,-1.5495816
TNNT2,-3.491136,4.6732564
YRDC,7.063553,18.788307
TCEAL3,2.49501,-0.17767349
SNTB2,3.3337111,13.61944
CDK15,-1.8073097,0.9429542
MED18,12.468526,2.5067255
FAM103A1,9.61376,3.0876963
RABGEF1,5.5023794,7.2420907
FAM78A,0.34616736,5.215307
SRSF2,8.726349,-2.0296805
PMM2,7.5083704,3.6828952
EIF5B,7.773968,3.2141364
VWCE,0.9590241,-3.2057788
GTF2H1,11.674318,1.6204765
RAB36,-3.4929411,15.947737
TSSK6,6.112731,6.667445
VPS33B,-0.50593746,9.24059
DACT1,0.80127937,3.218737
DYNC1LI2,3.3144104,13.586988
CYB5B,8.408877,-4.029756
TRIM11,-3.2087388,1.852356
DNAJA4,5.2279444,2.1731718
MUT,-3.8568513,-1.8961216
TRIB3,10.68769,9.10327
ARRB2,0.49834985,6.1177707
ATP2B4,5.521327,2.7419891
WASH2P,6.0310082,-5.2112494
ATP9B,17.808989,6.743277
OTULIN,0.65884817,-1.0998622
MDM4,11.352346,16.286339
MC1R,6.02633,-6.200251
ZNF226,13.563963,5.9892197
RRN3,9.42272,0.35707217
SNAPC5,9.658508,0.089107886
TOE1,12.881653,2.8944345
SLC47A2,-6.492225,15.351244
CYC1,-5.658013,10.658772
LAYN,-0.4050667,2.883844
CCDC114,-8.593819,-2.815714
TTC26,-3.9318666,-6.7912807
TSC22D1,3.3359709,-0.3789567
ATP5SL,-5.0622187,4.57661
COX7A2L,-0.7534687,14.580253
MAATS1,5.490191,4.8765707
ODF3B,-4.5870323,-4.5938783
PKHD1L1,-0.32396019,0.11311045
MAPRE1,8.1958475,2.7624154
GREB1L,-0.12120788,0.41072497
CHAD,8.742362,-2.0318296
AKR1C3,1.4584701,0.7166918
F13A1,0.5143268,6.1515646
SHROOM3,-4.3622575,14.95817
SEPT2,2.7140784,-4.076617
LSM10,-7.2569413,10.4310055
FOXRED2,-5.3903933,10.820331
NDUFA12,3.0684345,4.232836
TRDMT1,-2.6058278,10.307547
PPP1R8,9.814099,3.9804385
CUTA,-4.770013,3.9441657
ZC3HC1,12.373996,7.221763
BCAR3,-4.4822254,-2.1858177
PSENEN,-2.6355362,9.762538
IRAK1,11.352369,16.28589
PIGO,0.24799982,10.316864
NAGLU,11.652677,12.327375
YIPF4,7.4360895,13.080741
COIL,-11.106592,2.8750508
LRRC37A17P,-2.8928638,-9.229784
NFAM1,0.42877945,5.8836417
IKZF3,0.29259768,5.462355
KDM6B,7.5760546,-2.4578013
PRR14L,7.576447,-9.197152
RGS10,4.1324935,4.045519
TSTD1,-4.2327266,5.889219
PTPDC1,-1.2236972,0.7126843
INPP5J,16.534737,0.75377405
AATBC,-3.5835783,3.884941
PCSK5,-0.31456298,0.15787809
PHPT1,3.2644775,17.23376
UCHL1,6.3725977,13.4604225
AGO1,5.784794,2.5415547
FAM229B,-3.500061,1.6420795
TTC30B,-2.6022124,10.32729
AREG,-11.117234,-1.8259156
MYBPC1,15.321441,6.4707594
AK4,-10.699552,3.0526154
GPX7,-7.296086,5.747637
LEPROTL1,2.3368902,7.0820837
VSIR,-3.1536958,-0.29465237
TSPAN13,5.95799,2.7187366
ABHD10,3.7938552,12.010654
ZNF674,7.010816,12.424077
SLTM,1.7274863,16.099699
GPANK1,-0.50898165,14.863372
MAZ,8.015223,6.810225
MTMR9,3.6442947,11.820071
LCE1D,-4.946217,8.558344
SMIM25,16.53756,0.757004
TLR3,-5.331299,-3.4467742
EPB41L3,6.268264,13.333049
RNF220,-5.606896,10.710862
PRKRA,1.3968288,15.552981
KBTBD3,7.0399036,0.63116014
GATAD1,-4.5316224,10.436113
S100PBP,1.7580408,10.552298
LARP4B,-3.441042,1.7193248
RHPN1,-10.180308,6.2400618
TNFSF13B,-7.1417074,5.796021
TMC8,0.49752757,5.1838264
CRK,2.8266547,8.287753
MKNK1,0.5150907,6.3667917
ADARB1,5.975758,14.475564
LLGL1,-1.377983,9.854021
PREX1,3.1708925,1.9389837
KIAA1755,3.160399,5.604462
CALM1,8.377115,-4.0664067
PALMD,-0.2614661,-7.0829787
HPSE,10.571827,9.253777
RAD18,6.3292203,12.561515
DYNLT1,3.718646,4.1890717
JPH2,-1.9859157,6.9351006
TMEM255A,11.298569,3.9389486
PON2,7.402458,-8.990225
SPATA2L,14.574589,2.6934185
ADGRG3,-0.29203844,0.0925588
CD24,0.33244622,10.426517
KRT77,6.4384236,9.912899
DCAF7,8.4067,6.386655
PPM1B,-10.814652,2.3599598
TNFRSF12A,8.1201,2.7939932
STT3A,10.779197,-2.454863
HIST3H2A,-0.760266,14.577034
FANK1,7.170496,10.570123
TERF1,5.963537,-1.4290576
RELL2,14.626468,2.1821759
HHLA3,6.1219726,-4.559787
ANKRD16,-11.681979,9.669347
LETMD1,4.4531927,0.67762476
F2RL2,-7.1910424,5.653095
CAMKMT,10.819115,-2.5058312
SVIP,5.956919,-0.13365921
TRAPPC12,-1.5280094,5.87301
CHODL,6.982626,9.024563
MAP4K4,6.460695,13.001941
ZNF830,-0.6873306,7.474702
NOA1,-0.7524609,14.586365
HCN3,-4.0092564,7.061189
HIKESHI,9.96634,-4.988605
RAF1,1.7536647,15.571459
KITLG,2.2793648,4.854939
MEST,15.354581,11.96447
ST3GAL5,16.506884,0.72457373
KCNJ14,4.16322,6.4736266
PPP3CB,-1.8242087,5.312191
DLG5,5.8862658,1.7578007
SCLT1,7.5108986,7.260906
TSPAN15,-1.6973782,6.8597836
NAPB,11.925587,2.098245
ZNF606,-3.9565492,-6.804335
LIG1,-4.112084,5.895314
IL17RC,2.5692065,-1.4751301
UBXN2B,13.315124,6.124313
TSR2,7.4666076,-2.0643418
PNPLA4,3.712652,1.0109717
IQCB1,-1.0575687,-4.096458
CRNDE,6.901407,0.7020925
NPR2,-7.6409583,4.5030923
NANP,-9.273514,4.345881
TM4SF18,2.1972375,4.7329087
DBF4B,10.635556,6.56568
DDX12P,5.5944605,-6.0296965
DNAH3,6.8369102,10.244336
PRLR,7.3355937,-8.915345
CD3EAP,-7.31435,10.409316
KDM1A,-5.9185576,11.286445
ANGPTL7,3.4845269,5.852004
PRDM5,-1.1306874,6.2684083
MARCH9,5.976224,-4.510015
HSDL2,-2.0994086,13.558144
ZNF711,7.1193743,10.499507
SNX16,7.5845227,1.5215107
TRIM4,12.776512,2.763369
ZNF324B,3.8861594,-5.5131173
WDR25,13.142002,3.2230396
GBE1,12.316124,-0.9027329
SLITRK4,-0.15690008,0.55829287
PPIL2,5.7357244,-5.9625974
STMN2,7.4533205,13.272535
ZNF284,12.486129,2.5223303
FAM210B,-9.608114,7.6522346
P2RY14,-7.560052,3.959805
BBS4,12.285834,5.1152744
BSCL2,-4.518052,10.432741
F2RL3,1.8908873,6.2393146
MCAT,-5.7040553,10.652668
TAF6,5.7484937,-4.02985
SERAC1,-4.4782915,-2.188897
RHBDD3,-9.950475,-0.95572877
ATRAID,4.4096913,9.641482
SIX5,3.3096163,1.7475353
ARHGEF12,10.087507,3.43729
MICAL1,6.0249524,13.375233
RAB23,-0.7733396,5.721612
CALCRL,-1.6943815,2.4091735
HEATR5A,7.4185147,1.3438159
BMX,2.4964974,2.4871054
VGLL4,-6.379937,12.976516
CENPBD1,-11.729897,9.624073
ACHE,-5.058664,13.491285
FAF1,4.131202,10.253962
TXNL4A,-4.3568726,6.415619
RIOX2,9.983822,0.22760116
ADAMTS3,-7.373305,4.117005
ZBED6CL,6.118871,2.2942743
PELI1,-10.437583,2.6999648
SMIM10L1,0.43387643,4.263048
CDKL5,9.038785,8.161605
INMT,3.1195002,5.342613
DDX58,-5.2084846,-3.8347464
EPHB2,3.1720173,5.60494
ACER3,-3.402322,2.0227344
GNAZ,-2.003235,7.376024
NXPH3,-2.004006,7.233059
CACNA1D,1.5688565,1.3466369
TMPPE,-8.157489,2.3311012
GRIK5,-2.0567732,6.946764
TMEM170A,-2.1944377,3.9956033
TECPR2,8.25187,-4.4826202
NBEAL1,-4.2929797,-1.6624919
FAM64A,-5.825638,9.733023
SELENOP,-0.6074661,0.4772916
LAMTOR1,-4.3517957,10.348186
RAP1GDS1,11.650761,12.321793
RAP1GAP,-8.001808,-1.0390337
CYP2C18,7.0321083,9.3153
ANKRD44,4.753452,15.654525
IFT52,-7.502626,4.0604186
BAG3,13.701518,12.050617
KIF24,2.7044225,17.208263
MXD1,1.6931602,15.66891
CNKSR1,-3.9794037,6.8579655
FAM89B,12.359242,10.983482
ARF3,-4.8699164,5.567081
TUSC3,2.2565384,4.834489
DLK2,2.5786357,-1.4933035
OARD1,-4.240311,-2.013194
TMEM132A,2.7554994,7.2614083
HACL1,12.28839,5.111275
OXCT1,11.713317,12.377549
DNAAF5,10.625498,14.512311
SUV39H2,9.634175,0.53946054
POLR1E,-8.303832,2.9269066
ACOT2,10.753868,11.445895
ZNF565,-0.72336113,9.456638
ADAM11,5.70041,-5.9098196
STX1B,7.9563556,-5.0305896
IFNLR1,-2.6288068,18.340109
CREB3,0.51690036,6.4623055
MANBA,1.8547751,10.442682
PCED1B,5.8596115,15.680938
IL3RA,2.1762776,4.7611294
YPEL4,7.4101243,13.449284
PDHA1,-5.148554,12.92956
DCUN1D2,5.314065,1.4040653
WIPI1,-0.9969149,-0.25389525
SHQ1,9.125524,1.0449672
TARDBP,1.8520812,8.958177
CNN2,12.859589,-0.579635
PRPF38A,9.260471,0.45221543
GLB1L2,-4.2570567,8.885528
PDCD5,-0.892876,-3.8618789
SPOUT1,10.096666,7.2638025
TCTN2,2.640703,-1.5581564
TNFRSF21,2.9443252,5.1691737
SLC2A1,7.379587,-2.5899158
RYR1,7.5088706,-5.61477
ZKSCAN5,11.493843,1.2812067
ZNF721,2.8754914,13.52354
FAM129A,-1.8894851,7.329979
TMEM222,4.122636,6.432423
TUBA1C,1.210829,-4.698143
ACBD4,7.9620247,3.008844
OBSL1,1.3924118,15.19732
SLC16A1,16.126186,-1.3141936
LRRC49,5.5113764,4.8406734
TMEM266,-1.2510217,0.31406876
TRIM13,3.0472298,-1.9637637
GALNT4,5.242368,-0.7088338
ACAD11,1.7971834,8.895152
AP1M1,1.7413731,10.87471
PRDX1,7.696564,3.3219738
FAM50A,-2.541067,8.5078745
CFP,0.49896732,6.069059
POLM,8.119758,-2.5730958
EYA2,-4.5084877,15.144821
TRMT5,-0.96559685,12.505568
PCCB,6.680445,19.275955
ITPA,-5.6760197,10.673143
ZNF652,7.511494,-5.6144195
TTPAL,-4.4671397,8.901092
PCGF2,0.49819905,7.423634
DDIT3,-2.5088096,9.446842
CKLF,0.59758765,6.7894087
ERH,6.6767945,-0.551403
BCL6B,2.674939,2.6946237
AGO2,4.3532467,-3.5900948
EREG,6.164929,9.536618
DHFR2,11.498738,1.226398
CIRBP,13.513591,8.016049
MEOX1,2.3571098,4.0148945
ST3GAL3,0.97592527,3.1863108
SUCO,1.7245508,16.071922
RBM15,4.332262,-3.636471
TEX2,10.053739,3.3688965
CAB39L,12.5608835,-0.6216625
RIN3,6.4725437,13.938336
COL8A1,-0.49362043,2.9449315
UBIAD1,10.67187,14.481464
AAMDC,8.716557,-2.0318885
FAAH,-3.9716487,6.970162
FGF11,4.7617607,10.892267
RAPGEF4,6.158805,9.529218
PHACTR2,2.2605886,4.844825
SIM1,2.6288393,4.16054
BCL7A,-2.2594335,8.869464
TUB,2.6838474,5.6124487
COA1,3.9449918,11.859791
SAE1,1.9898479,10.285102
DAXX,7.945904,-2.4613733
STAT4,2.3690372,5.354464
MROH7,3.9386196,5.0393443
TMEM9,0.5111611,7.4592123
UGT8,1.4887336,1.68402
SLF1,1.6835659,11.716954
MTRR,9.893728,0.5372326
TCAF2,16.097258,-1.3386526
L3MBTL4,8.111032,9.562923
ZNF708,-2.6995184,10.2045765
ZNF7,11.636786,1.5454
HNRNPH1,2.4521284,7.6663694
TMEM37,-7.5313754,3.9916823
FHL1,-1.1989571,4.972552
ELF4,13.019584,-0.7891006
CMC2,9.902603,0.48644507
WDR24,-3.8927484,1.4239452
RFESD,11.87087,1.9981222
NEDD4,9.877198,-6.430217
CNIH4,-3.496397,15.939575
FAM222B,1.7768266,10.917061
NUDT16L1,5.622864,-3.3575413
CYP26B1,5.857868,1.7695953
TMEM199,6.2583475,-3.4597585
BDKRB2,5.0319266,10.686168
RYR2,-1.6310322,6.8248415
LGALS9,6.1578116,13.668786
SUDS3,-3.5050776,1.6605359
GNB1L,-4.021852,1.1718134
MUM1,3.8894298,-7.334439
SEM1,3.3424764,4.563362
FIGNL1,-2.7978783,12.466306
PTGIS,-4.5707927,-4.8060255
HACD4,7.7781706,16.491241
DOC2B,-3.9503326,-4.715934
TMEM185A,4.3681965,10.228508
SLC7A11,-9.899186,-0.9048117
GMPPA,-10.677057,2.0959306
BRD2,5.479178,-3.1171722
TTC23,-3.5525827,11.350686
GADD45B,9.30688,-8.14442
SEC23B,7.4929185,3.6904721
EPB41L4A,3.6481037,12.781383
DHRS3,-6.6211753,-0.51817673
DDI2,-2.1489897,3.9318323
UBE2E3,9.244133,10.09087
BCAT1,13.939723,-4.527267
ZNF446,5.8491316,2.5050623
SLC38A11,-1.1750522,0.3164022
NMNAT3,7.128633,10.514876
ERCC6L2,3.6755998,11.876672
AHR,-0.864394,3.30186
H2AFJ,5.494428,7.228904
MYO18A,5.964427,-3.8901217
RHBDL1,5.666837,-5.9174886
BPNT1,9.388773,-7.3507657
ZXDC,7.502542,-5.61601
PYGO1,-1.8440479,5.5188184
INTS5,7.982394,-2.4798405
KDELC1,-7.666186,5.8137307
TAF7,0.9899243,12.064082
SLC52A2,-4.346059,6.4020367
NLN,7.496707,3.6738932
EDN1,3.3332312,-0.37890527
ZNF200,11.601531,1.5097727
MYL6,12.552724,9.570697
TRAPPC9,8.753449,-1.9987438
ZNF281,-1.5487764,2.790949
CNIH2,3.0473702,17.449535
LRFN3,4.3661275,9.352706
CMTR2,-5.953126,2.688026
CCDC146,-7.3956842,10.372637
EIF4G3,9.290731,7.8502326
XDH,1.2298603,-1.1890552
SMC4,-3.576973,12.517859
UBE2S,2.7019014,17.20929
SAMM50,6.675083,19.193691
CLDN3,-8.002485,-1.0226462
FAXDC2,-0.118678465,0.41345572
HSCB,7.0300865,0.8784477
RPS27A,1.4516498,14.039614
TMPO,7.209665,1.116634
HOXD10,2.6972995,2.7025635
TAF9B,9.158103,0.929816
CHSY3,2.1196609,4.7061577
LRIG2,-3.504822,1.6714149
SURF6,-6.6009016,1.3093401
ABCA1,5.5028844,7.2501893
VSNL1,8.932914,2.543566
MAN1B1,-8.399331,1.3759058
DNMT3B,5.498259,2.7879598
SYT12,-7.0014076,5.7851415
LSS,14.540029,2.2917445
TRAF2,8.117088,-2.5760524
PVR,-5.4070044,-4.7449956
UBE2T,-3.3539999,12.788285
STK38L,-1.4934752,5.1132026
IGF1,-0.3024906,0.23600361
ST8SIA4,-9.170108,10.541087
TAMM41,12.857815,2.8529754
PCGF1,12.673492,2.6725485
POLR2D,9.347632,1.0154686
ENOSF1,13.047406,-5.7443824
GRIN2A,-6.8094053,14.520192
ZNF444,12.597311,10.768323
SYBU,-3.6354575,15.624837
PRKCH,7.5285063,10.866419
DLL1,-3.675494,-1.5655466
IL27RA,-4.5788937,-4.634399
RPS6KA3,10.080369,3.4382138
ZNF235,1.704327,11.732743
CMTM8,6.04907,5.5884824
CENPL,-2.9176884,12.515041
SLC33A1,2.8779147,13.522939
EXOC7,10.051788,4.189219
MSLN,-4.663748,15.310342
DFFB,0.6784834,-0.96943015
NPC2,7.408449,13.437556
PORCN,-0.96742874,1.137559
MAP3K20,-1.8252215,5.272119
CRTC1,2.362541,7.099339
SERTAD4,-3.4220452,16.00732
GOLGA3,14.568479,2.6132593
ETV7,5.2630334,-3.3973281
GTF3C5,5.6292243,4.4742618
AADAC,10.32371,9.452989
YIPF2,-3.0018837,9.56657
HSPB7,-1.9789882,6.7871456
ZNF595,-5.837314,2.7378693
CCDC127,10.556679,11.249379
ZNF641,-0.18017691,8.955826
ADIPOR2,6.238681,16.410448
COX4I2,2.2902298,3.9524434
CDC42BPA,1.6261089,4.174249
TNMD,-7.3903666,5.0041237
PHTF1,2.6816967,2.6924803
ZNF585A,-5.679582,2.9091012
FAM114A1,-7.3663726,4.9647913
SLC39A11,-5.8931766,4.3290825
RNF5,6.6428413,19.165604
CCNF,3.770407,-3.0909033
HOTAIR,7.3358006,7.429748
SLC25A14,-2.9005272,-9.237849
HEY1,2.711323,2.2004137
PLEKHG4,10.03997,3.3838181
SERPINB6,-4.392098,-4.529258
SDF2,9.906826,-4.907627
SFR1,5.6350408,-3.3604653
ITPK1,3.2436237,1.8084887
CCDC77,8.031267,6.8067603
VWA1,12.925087,-0.56133395
P4HA2,6.4931827,12.737092
TMEM135,6.0121236,-1.5028145
OTUD6B,2.8055766,8.268019
ATL1,6.993871,9.052587
ZNF276,14.429505,2.4002924
SETD3,9.835358,3.4603631
SIAH1,9.59765,3.549701
MED25,-0.4801252,1.4670881
ATP12A,1.1965592,-11.923717
ZNF707,5.5724797,2.7219026
ZNF880,-12.771432,-0.92599595
GATB,-1.2698929,2.3211143
IL15RA,-0.14436655,-0.3701209
POC1A,-5.9668617,9.546939
ZNF668,4.36764,9.350538
GUSB,4.4641447,11.032796
FJX1,7.297355,14.938238
DLL4,2.4485133,2.4378116
ZNF608,2.496631,4.376333
ZNF836,11.495952,1.3309768
TOB1,7.0986595,15.757622
BBS12,11.4906845,1.2201396
DNASE1L1,-12.289204,5.7418876
PAFAH1B2,8.402671,-4.031109
DGKG,-1.9127923,7.2679944
SLC17A9,12.623139,1.0780996
KCNE4,-4.05416,-4.702226
MAN2B2,8.834566,8.305533
LEF1,0.32489443,-9.835548
FANCC,10.005116,7.2018476
HRASLS,-6.7602944,14.564682
GCA,5.639208,-3.3543105
REV1,-10.487437,2.2608378
SLC17A7,9.304772,-6.5154185
MATR3,14.557996,2.8653276
ZDHHC24,7.0571856,0.6375197
NPY1R,1.4208417,1.6932378
DGUOK,6.1833854,19.193993
HOXC8,6.5691853,13.71954
ALDH3B2,-4.4766507,6.338064
M6PR,8.049894,2.918973
MRPL41,12.587035,10.777658
ZFP36L2,0.88788116,11.971415
C5AR1,0.47669882,6.0400214
CYTH2,-4.026152,7.0648537
NOTCH3,5.8625374,2.473342
PROS1,-2.5461502,8.501409
ITGAX,0.3932987,5.4115386
CTH,7.261645,15.501495
TSSC1,0.23796907,10.223012
ZNRD1,9.90663,-4.906061
PACSIN2,3.2976692,-0.3349739
PI4KB,-1.7529486,16.773003
CDK3,-9.998262,5.726014
PRR4,-4.906541,13.008861
SLC30A1,-4.950186,1.4725628
GLIPR1,6.4199505,13.050979
ALOX15B,8.909491,14.498159
RBM41,6.2388253,19.178984
CCNJ,-3.8458333,-6.7287188
LSM11,4.463528,0.6520829
SEPT1,7.3452544,1.2645184
FAM86C1,-3.7909846,11.22933
CLCA4,16.53539,0.7547252
KLF11,0.8834737,11.966598
MTCH1,5.9851265,-3.9830961
ANKDD1A,-1.6014612,6.8105526
CELF6,2.9405584,2.9938424
STC1,3.3292103,-0.38977537
MEX3D,-2.3147292,9.353579
TCF7L2,-0.17063484,0.0066157565
SF3A3,8.000893,2.9811265
ELAVL1,4.472482,-7.0278068
L2HGDH,14.662167,-0.6057135
SPC24,-5.8074193,9.748599
ALDH1A2,-1.9956138,7.1841617
SDHAF4,8.265198,-6.8321447
CHID1,-10.522327,2.2391055
WHRN,13.165277,-1.9868578
ZNF107,-2.2435303,4.0236115
TIAL1,6.223386,-0.3917157
MLLT3,10.939756,14.257568
IPO5,8.195636,2.746036
ELOVL5,0.001701901,3.3307765
MICU1,5.446551,6.98225
FUS,10.199153,-5.3069873
CD52,0.52888906,5.141451
GRAMD4,-3.6411877,4.9054146
COMT,-0.34049377,9.209656
MIEF1,4.5132356,-3.4068437
IGFL3,6.465209,9.944051
KLHDC8B,-0.6162593,14.734314
PHLDA2,-0.64221203,7.1108494
SUPT4H1,-0.77523047,14.562325
ZNF567,-5.7456703,2.82387
PRICKLE2,-0.06374664,3.288178
FAM13B,6.006221,-1.4866576
TBC1D24,-2.0436869,-8.677212
FRK,-3.4436913,15.984914
MAST4,2.874738,14.529557
PRPF3,1.4957875,16.410042
FSTL4,-0.20367931,4.383999
SNX19,9.197442,7.9373336
TNNC1,15.266636,6.4176736
TPGS2,-0.80243117,9.477493
ING3,-5.596593,2.9394
NCKAP1L,0.513958,6.395442
OSBPL5,-2.0943344,9.170297
PARN,0.88239896,-1.4865392
BNC1,-4.875909,6.393837
NBPF12,3.0803459,-1.985996
LRCH4,6.021088,-5.205791
NRG2,1.3708713,1.8041778
ASTE1,12.880266,2.8937478
CBL,9.058655,8.157968
BCL2L11,-1.028365,0.08295371
KIAA0895,-2.201577,4.0089765
PIGX,-1.3001146,-4.6634984
ZNHIT6,8.925318,1.2931796
NCAPD3,7.1119223,-8.621167
TMEM255B,-0.11844969,-0.3835103
APPL2,2.5796704,-1.4983969
MYB,6.2363133,15.677632
POLD3,10.031782,0.19991486
C2CD4D,-5.387894,5.509678
RALGDS,5.9812565,-4.5346985
LNPK,2.8462288,8.282204
EDA2R,-5.0678697,-3.831917
CCNK,8.401384,6.3904014
LIN52,7.910652,12.53806
CINP,-9.814755,-0.82708716
RALGAPA2,5.921734,1.7558966
DNAJC14,9.309008,7.8329086
SLC35B1,1.9513212,10.310054
CTSS,0.49000326,6.07795
LMO3,-0.26595044,0.2666036
RPUSD2,-5.384984,10.803028
TPX2,-5.8112392,9.754878
CDH1,0.9250494,-1.3474236
PRDM15,-1.5646081,15.271458
SOWAHC,1.7522057,15.386104
EIF2A,6.2423916,19.177462
HOXA11,2.5071218,4.0826545
ZNF322,7.184691,1.1028379
MALAT1,5.676215,10.113821
DIS3L2,2.8070283,-1.7279347
PITPNM1,-3.9823818,-4.599657
NGEF,0.38794976,4.224878
IFT140,-12.278372,5.7324495
KIF16B,-2.143353,3.9378002
DOK3,0.47492468,5.6105847
PIP5K1A,1.4047055,15.412501
ZNF823,11.769328,1.7778878
PTDSS2,5.6373954,4.464103
PCNT,8.283778,-4.514546
ADSL,10.730806,-2.3749545
FBXO27,6.717927,10.162049
LZTS1,-7.001669,5.784328
CCDC88B,0.4166824,5.4160357
SCML2,11.542142,5.192177
DDRGK1,7.778961,16.493591
ZNF532,1.7246916,4.261104
MLLT1,-2.8718061,9.69215
LCAT,12.975795,-0.52231956
TGM2,-0.8051203,5.8042903
TCEANC,13.537053,5.991176
GPR17,3.4439168,1.5584611
UFC1,10.583608,9.234891
ATPAF1,5.5558133,-0.12511486
ASXL2,5.9954195,1.5961026
BARD1,-8.469063,15.368307
DDX31,1.1924133,-4.697348
LRFN1,-5.7138042,10.641018
RTN2,7.9624834,2.9722304
ATP6V1B2,-0.7396246,9.422522
WDPCP,12.274439,5.122391
SH3D19,10.74224,-2.4166033
PDIA5,12.624281,1.0767527
SNAPC4,8.515482,16.763254
PISD,1.7121837,15.691988
E2F8,2.588181,17.070646
FRA10AC1,-6.0030704,2.6574602
CD58,-1.9592227,13.149204
SLC25A6,0.8503287,13.476758
CD8A,0.29274505,5.4623075
ADCY6,-0.23989072,4.4304156
NFIC,-2.1774597,9.237275
ZBTB12,9.143394,3.2383978
DCAF1,4.195196,10.236486
PRSS12,2.6477349,5.799028
GIPC2,6.993849,9.053964
PSORS1C2,6.373485,9.87666
CCDC58,2.1548595,-4.5313277
ZNF174,3.8865101,-5.513455
IBA57,14.683159,2.8076925
TM2D2,4.102269,4.051868
DLEC1,-12.30041,5.7568746
MAPK3,-2.9220839,9.755798
ATP9A,4.4243345,0.7048856
SYPL2,3.1528783,1.9702727
MEAF6,9.744699,3.8702722
SGSH,-2.408889,9.936304
ACKR2,-0.27582136,0.10531558
MIAT,-2.4272952,-2.9585352
PRKCA,4.4141245,-3.523491
ARSA,-9.907356,6.082796
SKA2,-3.010867,12.55991
WDR78,5.493804,4.895103
RUBCNL,-0.9369557,-0.21654798
CACNB1,6.017898,-6.172903
EFNB2,1.5634762,1.3425912
TMEM243,2.4250767,8.383717
NOS3,3.313673,-0.37939617
EML1,2.6077337,-10.705903
NFXL1,-0.94634414,17.004652
BCAS2,-8.308525,2.9185324
ZNF584,1.1882524,-4.7152357
SAPCD1,3.7413504,-3.0661879
ZNF768,8.868975,-2.3242214
RAD52,10.792202,6.5542393
CCDC125,11.077407,6.726168
SLC30A7,9.807471,4.0275126
TBC1D9B,4.025596,6.3219037
AFF3,2.6166856,4.093565
ZBED3,4.039423,1.1963137
SELENOW,11.828103,-3.0344872
ADSSL1,6.4211273,10.009383
NDUFV3,6.7279253,19.05072
GUCA1B,6.0202107,-6.1966705
CXCL9,-5.066147,-3.837547
CDK8,4.9193954,-1.6262139
MID1,2.3025525,4.8111095
CLCN6,2.8675795,-0.16538276
SRA1,3.6374178,12.816029
RBPJ,2.7450852,-4.0512257
GRHPR,0.23648472,10.226631
SLC6A11,-4.6653333,6.344328
SMAGP,10.691688,9.09622
RMI2,7.8453407,9.603538
SVBP,-0.64546025,-3.8797584
ENHO,12.401887,-0.8452786
HIC2,7.162405,15.645334
BRPF3,12.866741,2.8766737
HPSE2,2.6275506,7.390612
SGK2,8.952665,14.541709
PLEKHS1,-4.898248,13.007041
CHCHD3,3.276445,4.571888
TRMT61B,3.859697,11.974781
ZNF619,12.843532,2.8198597
PDCL3,10.260777,9.497359
LRRC8C,-1.8786288,5.30885
SLC20A1,0.30765215,-6.808711
KIAA0586,7.632827,1.5767184
ECHDC3,6.214034,16.44569
SLC9A9,2.8178,-1.7413317
SASH1,-0.68879354,0.4476235
KIAA1456,14.680016,7.5753856
ALG10,-3.9531696,-6.8024106
RAP1B,6.6580935,-0.54410285
TRIO,1.1196767,3.1993365
YIPF1,10.493968,-2.51979
GANAB,-0.36949512,-2.311637
RBMS1,5.2433696,-0.70279557
GSTZ1,-4.42835,10.371041
CEACAM7,-4.707418,15.346189
SRPK2,4.322945,10.351675
INPP5B,13.047549,-5.7445626
NUDT12,3.2752984,-7.6980586
BBOF1,-3.9804926,6.614421
SHPK,5.5500503,6.9477634
APLN,15.785587,-1.5730385
NKAP,9.2892885,3.1979527
C6,-0.3687022,2.8560293
ERCC5,-4.3184943,-1.6543151
DHDDS,-3.5118732,4.6928115
ZFYVE9,5.9575443,1.6332362
GSS,-4.442227,10.379804
GAS2L3,-3.1892655,12.661715
PNPLA7,5.7316318,6.934316
TXLNG,12.404391,-0.85106033
GCLM,5.928241,2.7100596
UAP1L1,-5.0766616,13.5087185
SNX24,4.939274,15.611124
PPP1R3B,0.9888448,-3.1578438
GEM,9.334313,-8.168401
TFAP2A,0.654526,-1.2090148
WWC1,-3.8899996,1.5478511
KIF1BP,7.3190126,1.242892
RGS1,0.73248976,5.4962306
GLO1,1.3928982,15.212437
ARHGEF11,4.367241,9.345271
CDCA3,-5.805226,9.745935
ERCC3,5.725984,-5.955507
MAEA,6.8030586,-2.9703321
ZBTB42,-4.009418,11.482578
NUDT14,11.057312,5.704654
MTAP,13.447022,6.054664
SGCD,-1.2322291,4.999947
GSE1,5.8531322,1.7783427
CNTFR,-0.14196993,-0.16188945
LRP1B,-0.80044967,0.4794055
DOCK7,3.0129077,14.45525
PIN4,3.8174014,4.1414638
ZNF772,11.491271,1.2677891
TRAM1L1,-6.8080635,14.5361395
CTHRC1,-7.382373,4.109677
IMMT,6.653878,19.219316
BTD,-2.8861976,-9.224115
TBC1D7,-7.403589,10.36306
LZTS3,-5.0485916,13.36948
LPCAT3,12.467021,-0.8185381
SLC8A1,-3.7719038,4.350236
OGDH,-1.4952698,5.8360176
ACVR1C,15.315871,11.927061
LIPT1,-2.6736255,-5.9433937
SLC16A5,2.52586,-1.4151217
LBH,-1.5956936,6.788979
SGMS2,8.176787,-4.4309645
PWWP2B,5.9599004,-3.8768258
SYN2,-3.971037,15.275689
RABGAP1L,12.814238,-0.6071154
LLPH,-1.3581444,-1.7579535
R3HDM2,7.4168024,-9.007018
DDX55,9.266457,0.37414858
PBX2,-4.0193205,1.1727506
PEG10,-3.7015069,15.379361
TACR1,2.516188,2.3969674
KIAA1328,2.6226537,-10.719957
CHADL,-6.392423,15.269164
ZBTB37,3.456985,-7.647592
TMEM251,-8.309063,2.919589
ZNF776,-3.9575565,-6.8064313
CA5B,-7.390185,5.010568
PPM1F,-4.3894978,-4.4904327
DLEU1,-8.439595,3.0341103
RNF207,-4.4208665,14.761791
CAPN12,0.40983307,-9.943161
SAMD12,7.482636,7.286272
PIAS3,14.504117,2.557028
CATSPER2,7.4963837,15.317483
CANT1,13.152997,-0.37215418
PQLC2L,-0.41509455,0.015889741
COPB1,4.027044,-7.2467923
DISC1,-0.17166275,0.4639208
THRA,8.748548,11.921083
RREB1,7.380356,-2.5776806
PLCG2,2.310011,3.9650671
GADD45G,7.181235,15.630543
B3GNTL1,-4.030822,1.1593515
SYS1,5.475849,-0.6392141
KIF3B,0.95464677,3.1793952
LSM3,6.6853337,-0.56250495
SCFD1,-1.5255146,0.42206502
ANKH,2.5157297,-1.4018677
PNRC2,-9.273598,4.341759
MITF,6.568581,13.726192
PTGS2,9.306271,-8.141749
DPY19L1,5.8981357,2.669241
ACKR4,6.9495854,13.6433
TBC1D32,9.216437,3.866469
DHX16,-4.007045,1.2033222
PTPN14,8.2188835,9.502187
CPPED1,5.899953,-4.481951
INTS6L,-3.163753,4.378636
POLR2F,-8.0000725,-1.0121442
TPCN2,-6.486412,15.375703
WDR41,6.8879323,0.71099025
SLC9A1,15.765493,-1.5690085
ZBTB3,10.6407175,9.154846
COCH,0.09554924,-9.5350685
HSD17B4,-0.5798725,13.03044
ZNF600,7.369024,7.4018164
CIART,7.147108,15.690494
BRK1,-4.5290546,10.436038
ZNF331,-4.9899654,13.135885
VMAC,5.390615,-8.839416
CSPG4,-1.6627738,6.8315425
SEMA4C,-1.9797806,9.109633
ELL2,9.92398,0.50462574
GOLGA8B,5.670074,-5.3868995
PCCA,-5.895006,4.310787
SMAD9,-1.5487989,5.1551476
COL4A3,7.4632525,13.221298
WFDC2,5.8454995,16.949537
PTGES,0.9933321,-3.1622498
CD274,6.1276703,13.472806
CLK2,11.205235,6.835433
BATF,0.39028952,5.4710484
BCAM,-1.516629,6.687889
HLX,-0.4011734,0.07681453
UBTD2,5.8942184,-1.3541898
ITGB3BP,-0.9064792,-3.6223881
GTF2H4,-9.867193,5.946021
LACC1,9.377432,-7.337288
R3HCC1,14.740711,2.8089838
ENC1,4.4295917,-10.459148
ATG14,9.582508,3.137148
PCSK7,-8.168529,2.3186965
APCDD1L,7.9610753,0.017937046
TMCC3,7.4765177,-9.05446
PRKCDBP,2.5567975,4.047443
CD7,12.943421,-0.56435984
KIAA0930,-4.5266724,10.441669
SCRN1,2.944226,2.7541122
PPP1R3C,-3.6704268,15.513948
GLYCTK,-9.832519,6.011601
ADAT2,7.974672,3.083806
B4GALT4,7.4371195,10.7464695
RNF41,-2.072895,5.60357
OSR1,1.11938,3.1959538
HSPA7,13.921819,-4.506319
DHRS7,2.0409021,-4.8042235
LRRC3,8.836135,8.305402
POU3F3,-1.0988805,0.20764838
TOX2,7.334612,15.268641
NMNAT2,-3.529027,15.230517
PKNOX1,13.288605,7.848914
BAHD1,11.353577,16.287611
GPR161,2.1827912,4.6840444
PDSS1,8.712149,-2.0429409
PCSK9,3.027222,17.440216
CRYM,7.400014,13.436472
MYLK4,14.6610775,7.564452
FAM185A,12.645673,5.9675016
MRM2,7.062772,18.788628
LRRK1,5.8737974,2.0501668
SMYD4,13.57519,6.0003867
CPNE8,-1.7132918,2.4094791
ZNF746,-2.327977,9.252908
ESD,-1.5116467,9.633688
POLR2J3,2.3936906,7.147508
TDRP,-0.4276047,3.4062033
RUNDC1,12.451099,2.5042145
RFLNB,11.655713,12.330414
SPRY3,-2.84002,9.97954
RALB,-0.5793071,-6.946065
RABEPK,1.5907692,18.719805
SLC11A2,2.690186,-6.5610013
SUSD4,4.43595,-10.467158
MSI2,3.4615273,-7.6518707
PPP2R5C,3.093923,-7.15875
RBM22,9.854489,3.131909
PNMAL2,1.0351783,12.1123495
TUFM,-5.6820636,10.661637
SMIM19,3.155525,4.319175
ANXA3,-5.00418,13.108807
ISCU,8.928709,2.5539129
APOPT1,9.381179,-7.343922
GLB1L3,10.346085,9.431114
MYO19,4.793531,10.865734
ZNF267,2.7898412,-3.9979508
MPRIP,-7.664326,-6.059556
WIPF3,-1.9660285,6.775107
TRA2A,4.638549,-2.0560288
ACSM5,16.515373,0.73400354
WFDC1,-2.0057967,7.363342
HEYL,-0.86713403,5.8745694
MYH7B,10.856273,6.361239
CDKN2D,-0.30377173,9.046396
MARCO,13.973235,-4.562687
RNF144A,6.0015397,14.420155
CLTCL1,4.441006,0.683954
CCL21,2.9280624,5.4403963
PPARGC1B,10.604778,14.528415
SH2D4A,0.05289662,-7.1670628
LCLAT1,3.7835898,11.990303
CCDC102A,-10.459433,2.3215446
KIAA0408,-0.41331124,2.9462364
DALRD3,-3.9869184,6.918229
TRIM6,-0.7727689,5.777617
MANSC1,4.3747444,9.967221
DNAJC27,-4.189404,-1.9476496
PASK,8.625168,16.62264
TMEM30B,9.663003,3.5137825
RTN1,-0.13442184,0.4305587
SEC22A,16.097383,9.838337
NADSYN1,-4.0920553,7.173443
AP2A2,8.682811,-2.061682
WASHC3,12.358352,6.2096267
IFT122,-0.8967631,12.630457
IRX4,5.9105105,-4.2824206
ZNF426,-9.679164,12.7648735
CX3CL1,2.4768815,2.3923817
EPHB4,5.75001,-3.1985278
B3GNT3,9.013576,9.937758
ZC2HC1C,10.153111,17.00514
ZNF300,5.4925194,4.89712
DOLK,14.52643,2.993905
TRIM34,-3.0040472,4.3195586
GRPEL1,1.7386378,-4.6612163
NCAPD2,-3.3691046,12.849179
GMDS,13.499803,13.024446
PRRT1,5.999261,-6.1662836
ANKK1,8.361188,4.6516714
PAQR4,7.3055177,14.903231
ZNF438,-4.855123,6.3906107
PFKFB4,-12.538063,0.9958873
PSD3,-2.359918,-6.267682
SLC25A17,9.55134,0.542421
SRD5A1,-11.675997,9.675263
ASB3,9.575355,3.0512023
PTGER3,7.5598655,10.85069
TCF4,2.3096242,4.2809815
CNOT6,1.75121,16.053389
MED24,12.384634,10.961704
CDK6,3.0264876,14.43587
DACT2,5.5036674,2.7942147
METTL16,9.0292015,8.1807165
LFNG,-5.40011,5.51889
PGBD5,0.10624673,-9.543567
AURKC,11.658714,5.3171544
EPPK1,-2.6284895,18.339712
NDUFA10,6.5276747,19.160597
MN1,3.1493936,5.091597
LAMC3,-7.623912,4.434607
CDK5R1,-4.3658733,8.86585
WFDC12,5.7260647,10.036112
MNDA,0.51565284,6.170171
MAPK1IP1L,-10.407385,2.7038786
PHF21A,13.02975,-0.8015032
MRPS18C,9.907174,-4.908711
EMD,11.8300905,-3.033978
MAPKAPK5,-8.220811,11.878268
RILPL1,3.2961912,1.7297118
TSSC2,0.96744096,-3.224114
NUCB2,5.9116597,2.6864502
TBP,6.333667,12.552911
RGS11,11.901779,-6.5217376
STK16,-4.1818786,0.90460205
EIF2AK4,0.8752926,-0.31405056
UTRN,-2.3663182,-6.2635984
GTF2A2,3.184607,4.30029
CRKL,16.22304,7.4415846
ZNF470,13.492661,6.025942
DHX9,9.56824,0.55940396
XYLB,2.5911865,2.577667
NTHL1,3.7556098,-7.445894
RAE1,16.223,7.441387
ZNF709,1.7049989,11.732175
ZFAT,3.8406856,12.185568
CC2D1B,-10.183621,6.2396455
PPP4R1L,1.1878374,-4.717544
NPL,12.375309,6.1851277
PLGRKT,3.1523533,4.3369017
ACTR10,7.191353,1.0885248
POLA1,8.925322,2.5638218
ABAT,10.148081,-5.231253
PPT1,14.585319,2.2210655
TTC27,-11.301306,0.25020942
REPIN1,14.727003,2.8041248
COPG2,-5.905848,4.2893353
RAPGEF2,15.672512,-1.7097219
NTN5,1.8532388,-9.267311
SCN9A,-1.8267403,0.9595611
ELAC1,8.334896,6.57857
ANXA8,-3.5369384,3.8159525
SS18L2,2.0326326,-4.790606
MED12,3.6602228,12.75373
LIPG,7.2167478,9.811622
HSDL1,2.9218779,-7.9732637
NBDY,-0.19315879,8.974684
ANXA1,4.749502,15.691452
RELL1,8.423803,-4.009067
SEC11C,3.1575668,4.167343
GPR135,-1.2095408,0.68365145
TMEM242,-1.1457825,-4.461572
HES5,4.608367,8.19618
OAZ2,-7.0223117,5.7762766
MARK3,9.682558,0.22456175
CMTM4,5.3830485,1.4705098
GDF11,6.5085983,12.809988
PROB1,2.9545512,2.1222022
ZNF706,7.075722,9.284422
FUT3,7.484635,15.299832
FAM227B,-0.41984382,13.215088
PC,-4.404924,14.745918
BABAM1,1.9929006,10.273842
DEPTOR,-1.655346,5.321142
HMGN4,5.917678,2.661047
PLXNB1,9.012904,8.120867
NME7,-7.8455067,1.4370443
DIS3,3.783016,-7.4334106
MSRA,-3.003912,9.566597
EXOC2,7.5830665,-9.205472
NSF,10.259445,9.502334
NGLY1,13.312256,6.1226745
TRIB2,-9.075394,10.458145
SNX27,12.488659,2.5226984
SLC25A34,-0.09653427,3.276808
TCF25,-6.6190033,-0.5114502
ANKRD2,3.7297714,-3.065957
DDX1,2.204525,-4.491527
RNF217,3.1164021,-7.191797
SH3RF3,-1.0634599,-0.26910964
RSPO3,10.710232,11.406036
AMPD2,5.6141934,4.481169
TIMM8A,1.5958267,10.170668
NFIA,1.7227544,4.2597938
RIN2,12.597224,-0.6787263
FPR1,14.0671015,-4.6577005
RAB15,10.108104,6.7041264
NTNG1,5.8629866,16.932806
HADH,8.849915,14.429502
LRRC4B,-1.7808763,7.022462
RIT1,1.0431206,12.119942
SLC39A6,11.866069,2.297744
GUF1,-0.8052461,12.736366
LSM12,7.7212796,3.295226
FAM84A,-0.53083354,7.130307
GGACT,11.517577,5.1362367
MS4A14,13.930117,-4.5168843
ZNF846,7.471172,7.300238
MBP,4.256838,-3.8775382
NBPF8,0.634792,4.1626663
ZNF528,5.511307,4.8371634
CSDC2,-1.9689267,7.0137863
HNRNPA3,10.040053,0.19657296
ARL4D,-4.874109,6.3989244
ARMCX4,1.513749,10.082878
TMEM214,4.0674148,9.721911
HOXA7,3.7270002,12.640778
PDHX,-9.025881,7.2994046
KIF26A,3.166357,5.072863
MEGF6,7.960325,2.9929233
CXCR2,-4.6639037,6.361949
BCL2,2.4661648,4.2165003
TRABD2B,3.6584,1.2227151
RAPGEF1,-2.0832236,9.162621
NAB2,-0.67933625,7.175201
VPS37B,-2.6187196,10.309596
DYNC1I1,-3.6717288,15.379367
DHX58,3.9322,5.0484858
EBF4,-3.15484,-0.74306136
FLNB,-2.425488,6.997447
MR1,-4.103959,-1.8595539
MESDC2,-5.3726244,-4.727648
RNF14,4.1468344,-1.8335341
ZNF582,13.597318,5.9786606
ANKRD33B,9.026023,8.118952
DAP,1.492389,16.40793
BBC3,16.58218,-3.7941332
EIF4E3,5.90019,-1.369633
ABLIM2,13.699296,12.048539
ARNTL,5.569691,7.141988
RINL,4.2056875,6.5196333
HAS1,7.123673,15.731154
NCAPG2,2.8969738,17.36273
POPDC2,-1.9664671,6.782149
DNAH11,5.9362597,1.6697391
KCTD10,10.748148,11.439102
BMP2K,6.209988,16.456587
TNIK,3.1615987,2.458366
LDB3,-1.1045454,4.7996774
ZNF35,0.8963531,-1.5163388
GCDH,10.941441,5.838249
STK32B,1.8407972,6.3251495
STX12,1.7271812,15.363814
INA,-6.693169,14.645425
PTPRJ,2.5536027,7.3525324
SASS6,13.259447,6.1400433
INTS14,9.674714,3.1237006
SDPR,2.8337336,-0.15418509
WNT16,-6.8058558,14.52295
ZNF367,2.9090154,17.388453
TUBB3,-3.5578344,6.2603154
ZBTB20,-3.1551259,-0.29568288
CA3,15.299393,6.448397
ZRANB3,7.344586,1.267785
MSL1,-10.792152,2.045185
TEAD1,-2.1370113,3.905429
SPOP,-2.662824,-5.956912
ZNF236,3.7415993,12.566487
PTPRA,11.419729,6.4810038
ZNF121,7.6003137,10.86521
VTI1A,1.6819587,15.661143
CCNT1,4.3611093,-3.5276458
TRPV1,10.478137,-2.5608993
FAM220A,12.204359,2.3340592
NRXN3,3.472945,5.820453
UPF3B,0.33625898,10.429423
TIPARP,-10.712699,3.009511
CPXM1,-0.119104564,-0.45604452
CDADC1,5.866902,-1.3181081
TBCC,5.915737,2.217557
RNF25,5.9835258,-3.5518854
BUD13,-4.2322016,-1.9981416
SLC2A13,0.1466169,14.682607
GEMIN5,7.3363566,15.428091
LRIF1,11.496338,1.2215418
CDA,-0.5431447,7.1387997
MTHFD2,2.7231698,-4.0637445
UXT,0.9098692,13.710811
GARNL3,2.2638428,4.8435006
CDKN1C,-0.124349415,0.4018543
HYLS1,-3.4039116,12.661102
IMPDH2,0.8598177,13.680207
VRK2,7.338653,1.2556055
LRRC75B,7.706069,3.3084974
PALD1,14.659696,7.5638733
KCTD21,12.867839,2.8846319
BORA,3.94621,11.881355
PPP1R16B,2.9688418,3.0857596
IDS,5.9913344,1.600033
GOSR2,10.942465,14.250741
CYB5R1,4.6170177,8.199527
GMPR,1.5078135,1.0975379
AFAP1L2,5.904137,16.910648
KRBA1,5.9787536,-4.1860223
PELI3,-3.1358292,-0.75532895
FLYWCH2,9.245088,11.3968725
ZNF207,1.935858,-4.7177753
CEPT1,-0.8101827,12.733347
SLC15A4,8.411828,6.389259
BCKDHB,5.6021986,4.524203
RETSAT,5.229194,2.165229
WRB,5.7214556,-0.2892084
CLEC2D,5.7302136,15.523162
ZNF827,1.7379365,4.271117
CXCL2,9.353781,-8.188656
CAMK2D,-9.109849,7.341502
COL27A1,-9.805648,6.020722
CPSF7,-1.5692557,5.8440156
ZNF821,4.598975,8.191737
DBF4,1.353014,15.383068
RNF223,5.0690494,10.106587
NKRF,1.3699484,15.364119
SLC35E2B,10.791436,6.025051
PDHB,0.34106553,10.435295
MBD4,-1.2682343,-4.6177664
MAL,-4.706699,15.346615
ENKD1,-11.169774,2.8802428
ABI2,-0.39446762,3.410827
OXA1L,6.2606673,19.190151
URAHP,5.9103246,-5.0771303
CENPS,-0.69334733,7.296323
ATP5S,15.234151,-6.232377
PNPLA8,6.2448177,-0.39673963
CPAMD8,1.2330065,1.9711959
RAB27A,12.561471,-0.7349677
FANCG,7.9767203,-5.004328
SLCO3A1,3.1322126,-3.1563272
UACA,6.2668386,15.689769
TMEM213,7.864468,0.10147475
ABR,-3.743593,1.6112928
TMEM81,-1.5175632,5.83518
CEACAM5,-4.7075214,15.35388
TMEM86B,5.8692136,-5.051183
TNNT3,15.276474,6.42542
PRKCE,1.6473323,4.1904593
MCCC1,-4.0453734,7.6420794
DPCD,10.174702,-5.2733364
SF1,-6.6070924,1.3070474
DCPS,15.655883,-1.7263215
ACSM3,5.8393373,16.954775
OTUD7B,6.2626762,15.684276
LIN37,14.572636,2.1692533
SSTR2,1.674435,4.2099586
HS3ST1,2.5119073,2.4506676
FAM110C,-0.6818979,7.3621426
PLBD1,7.4914746,10.790682
PITRM1,14.664825,7.5643034
TMEM191A,-3.8801982,1.5521172
JAGN1,10.593968,9.231233
SELE,9.339694,-8.176917
MAGIX,-3.2975445,5.479366
DANCR,-3.4006524,2.027371
NACA,1.5531379,14.117618
IGSF10,2.3942018,5.3158565
CSF2RB,-3.9933906,-4.7759995
FAM109B,-7.547611,-5.937714
WDR35,7.3781614,-2.5521572
ROR2,0.9701298,-3.2284992
MRFAP1L1,7.901689,12.54031
TRIM56,7.34353,7.4256153
RABL2A,1.8197577,8.927809
TAPBPL,-5.009915,-3.885058
SIMC1,-11.733088,9.621006
TLCD2,-0.5894993,-6.9421625
PNP,13.633372,11.978791
PLEKHG6,-3.8901963,1.5458907
SRRD,1.1976328,-4.6942396
DDIT4L,1.7903636,4.314702
PLEKHB2,8.271678,-4.1819425
BAG1,7.5407405,-2.3981745
FAM81A,1.5244709,1.3356773
HOGA1,12.776572,-0.706141
ACOT7,-4.515158,10.43569
GALNT13,-0.22202596,0.09425316
RBMX,-0.42531928,13.208868
TTL,-4.0044947,11.481098
CNIH3,-7.434504,-5.821395
MSH6,10.033918,0.19732712
NEK8,-3.903972,7.065786
NET1,1.2991124,1.8841866
MAPK15,-8.35629,-2.4774399
ZSCAN16,1.70049,11.723529
TGFB2,-7.3604817,4.9696794
CDON,7.2965975,14.946902
MSRB1,10.56474,9.254318
KCNJ12,5.4681687,2.8568242
CPM,7.6987457,10.846953
YWHAZ,1.3943379,15.198343
CCDC93,2.7906654,-6.681708
IFT43,9.034207,8.175547
QPCTL,-3.7432752,11.207839
TUG1,-9.638995,12.805421
GSDMB,14.568066,2.1970823
CDK13,11.93153,2.1715271
FZD3,-9.147689,10.521227
MTERF4,-9.94524,5.617953
NMRAL1,-4.4070983,10.361489
GBA,10.534127,9.292177
L3MBTL3,-1.6948204,2.369293
ARID3B,5.8434057,6.829638
THRB,-2.100724,13.567874
SLC38A5,1.5687052,10.321539
ZNF143,9.739705,0.54623324
TMEM129,4.511086,-3.4077158
LRTOMT,-3.1542382,-0.7175767
CKS1B,3.2209926,4.5415177
CECR2,0.23236936,-9.705375
CACNA2D3,5.882509,15.6915
AXIN2,-6.7302003,14.574701
ZDHHC15,-7.6897435,5.8486075
COMMD7,-4.5123816,10.434947
SLC35D2,3.8145914,0.45015886
CLCC1,7.365703,1.2839477
SOWAHB,6.417867,9.9215765
MCOLN2,-2.4821324,-3.0200665
GAS6,4.4588375,11.08439
KLF7,3.1482964,0.34716082
STMN1,-3.121979,12.621729
ASNS,9.216112,0.27817768
BACE2,0.5271351,7.3401628
COMMD9,6.247544,19.188139
MTX1,-5.252619,-4.703161
SYTL3,-0.21736817,-7.0101852
TTC1,1.8440608,-4.6971893
IZUMO4,5.71067,6.957207
IDNK,13.518733,8.024317
HMCN2,2.9696705,5.3532605
FGFRL1,8.929889,2.5539355
ZNF678,5.492231,4.8992996
GFOD2,6.150487,-3.6888964
ANG,3.8244207,0.42384544
TTC21A,1.3438889,-4.6779537
TRAPPC4,10.232761,-5.3653483
PCDHGB4,11.04209,5.68391
PEX7,0.5797369,-1.1787035
KCNJ11,14.450814,2.447191
NELFCD,-3.9904413,6.8212166
E2F2,9.990894,7.244379
EGF,13.15239,-0.8981527
ANXA2R,5.7292733,15.503016
LZTFL1,4.027265,-1.7707939
ZNF318,9.0515175,8.1581745
FBXO30,-2.550817,-6.073526
ZNF83,1.798751,8.894875
SLC12A8,0.058737595,-9.494718
KIF21B,-7.645229,-6.03903
MROH3P,-8.4579935,1.2170165
ZNF703,-2.3062127,9.271916
PRKAR1B,-3.1543,-0.712926
HIST1H2BK,14.054314,-2.2812905
THBD,-0.9162694,6.3784285
MEGF11,7.0071545,9.157652
RTN4,9.963975,3.788119
IRGQ,9.009465,8.0989275
PYGO2,-1.3298208,2.319533
GTF2F1,-2.4125648,9.379482
ZDHHC7,7.405718,13.462311
NOTCH2NL,5.889395,-4.160225
KIAA2022,-0.37388617,17.892723
ERGIC1,3.7226071,1.0347747
TRIM39,14.674214,7.568816
GRPEL2,6.2634234,-0.38482586
TMEM201,10.677284,14.465245
CD40,-5.0041018,-3.888735
ADAM19,-4.5688033,-4.8118057
MARVELD3,4.4330034,-10.465192
SMCO4,11.352671,16.285704
ERLEC1,5.335709,-0.6072719
FUT8,1.7415575,10.57996
TPK1,4.7614565,15.657362
ADO,3.656596,11.831344
CELSR3,5.629411,7.087822
B2M,6.652675,-0.5282253
TMCC2,10.0161915,7.178304
PRPF40B,11.88604,-6.527937
SLC2A8,-2.375029,9.39265
CNKSR3,16.135323,-1.3066171
NSMAF,0.515984,7.4229765
CCDC25,-6.9370074,8.337697
ANKRD9,4.0106516,6.311116
THEM4,-3.487528,1.6663492
GPR180,-3.7217941,1.5897499
SEMA6D,1.7100983,10.815884
OPTN,1.0472007,12.126977
CD69,3.3554637,-0.38299865
TMEM237,-2.0867367,13.564658
FBXO25,-10.822272,1.8991334
GRAMD1B,2.387803,5.3714123
CDC16,2.9176273,-7.975116
NUBPL,7.509822,7.261653
ZNF100,-3.916005,-6.7761216
STARD4,-3.4023664,2.0136795
GPR108,-2.4741187,9.7932005
WDR54,2.7811923,7.226151
THEM6,10.684045,9.102231
HPCAL1,-3.9906354,-4.5917854
KIAA0040,-1.5734354,2.8097167
LMO1,-6.7647023,14.550957
ARHGAP11B,-5.820884,9.748553
SCART1,-12.30892,5.765056
FBXW9,-5.6674213,10.658709
FBXL12,-2.7843146,12.456399
CD79B,3.686038,4.9211926
SGF29,-3.156208,-0.7262873
SLC35C1,0.063692234,-7.155562
PCDHGB5,4.369648,9.740302
CBWD1,7.948062,2.992871
ZXDB,-10.805294,2.0153108
ZNF503,2.4966543,3.9942696
GCH1,9.908196,0.49804562
DPY19L3,-1.1635373,-0.38323346
TRIM66,-3.914571,7.057444
CCDC142,0.24462529,10.316788
CCL22,13.26894,-0.34799546
SNF8,-9.757798,-0.77294576
BCL2L13,-11.184467,2.8901577
MACROD1,5.975926,-3.9392333
ZGRF1,-6.0548463,9.516399
CCDC134,9.219004,7.9201183
SLC1A3,12.560405,-0.73470956
WDSUB1,1.7632347,10.543066
SETD7,3.3408368,-7.642798
ELANE,2.9849212,5.4291267
ASB7,2.8654692,14.510152
FST,-1.1028733,0.3948648
STAT2,16.533339,0.7533122
RFWD2,14.633202,-0.64003074
ZKSCAN2,-7.648157,-6.0427213
NUDT9,0.34206662,10.437216
ALDH16A1,7.947504,2.992377
CBLN3,3.7826536,4.982507
CYSLTR2,-6.452517,15.319614
FITM2,-4.4054875,8.85619
EML4,-6.7570653,14.554917
ZSWIM1,-3.4917,1.6725214
CBR1,-5.3522086,5.5385637
TSPAN17,14.718637,2.7528782
KIF26B,-4.7219725,15.355657
MAML1,-6.366812,12.971902
ABHD4,-0.61356187,14.735425
A1BG,11.601375,12.2657175
ADCYAP1R1,3.0407379,5.233632
ALCAM,0.17653792,14.691176
CHI3L1,7.4306607,-1.9886379
ZNF555,-5.7070403,2.8076737
WRN,5.2840037,1.3694304
EHD4,8.176547,6.692346
KIF3A,13.252923,6.151356
IPO8,7.4453998,12.9238205
ZMAT5,-5.139443,4.3261876
MSANTD3,6.476826,12.956289
LINS1,1.1900114,-1.2082224
TBX6,8.123407,-2.5436497
TF,8.864531,14.443404
PCDHB4,-0.5541221,2.9616134
AMN1,6.8765445,0.68822056
CREB5,0.84341305,3.2166867
PPP4R1,0.9635326,12.037944
STIL,2.5864553,17.067364
RXRG,3.3357365,5.5943465
TRAF4,-4.905755,13.0033655
TSPAN14,1.2253652,1.9822961
GABRE,-9.914022,6.079332
ZNF91,-2.2406614,4.020013
ZC3H10,3.884497,-5.514422
CES1,-7.6779203,4.4764547
SNHG18,8.48248,2.035206
ZNF655,6.2486053,15.6764
HOXC9,11.693525,12.357489
EFCAB11,-2.6480327,10.276064
HAX1,10.650326,-2.2800035
ZSCAN5A,12.868817,2.8181283
ABHD8,3.7246146,-3.09264
NPC1,5.0763474,10.097949
THYN1,-4.602845,5.500175
NTAN1,-7.819708,-0.122290686
EFNA5,3.1321251,18.854765
GAS1,2.6586983,5.7977757
B3GALNT2,16.53682,0.7561541
ZBTB5,-4.43286,8.797102
NAPRT,-3.8041885,1.5768216
RSU1,0.9290185,3.217281
PRELID2,4.1973405,6.513598
DBNDD1,-0.3680868,9.155744
PPHLN1,3.7787035,-7.4560027
AP3S2,6.747563,19.1168
ZADH2,2.8988287,-1.8135661
CLEC5A,-2.5796916,-3.1349761
FOCAD,12.403431,5.7513676
PI15,-3.5447786,15.808274
CHMP4C,-4.9451294,1.4797416
ZNF665,5.6135597,4.493538
MAP3K6,4.779282,10.863525
NIPA1,3.227125,13.804806
TANGO2,-1.9799542,13.195242
CTR9,-11.121164,2.8319194
ABCB7,6.237733,19.175108
DRD4,-6.6648126,-0.5745256
PURA,7.0359383,12.439184
ZNF484,5.7830663,-1.1973312
NUAK1,9.042421,8.157373
DSE,-0.684831,0.44234508
FOXI1,7.8642974,0.11667978
KIAA0355,0.33693722,-6.7804546
CTF1,16.105417,9.840441
TARSL2,-4.3529706,6.4051576
ST7,-13.301199,3.8141098
CLPTM1,-0.47691777,1.4602641
MAP3K14,13.168915,-0.40785095
ANAPC1,7.5105715,3.6848805
SLC25A5,3.1249847,9.803197
UPK3BL,2.3672245,7.1153646
ZNF85,-5.775085,2.7918484
LMAN2L,11.630054,5.6741667
ISY1,9.79525,3.1025302
AKR1E2,3.267309,3.0363913
YARS,7.962852,3.0053444
GXYLT1,3.40589,-7.6207724
TNNI3K,-9.105923,0.35775653
TMEM192,0.17567545,14.692884
MAP3K21,7.5059395,-8.931876
SNHG9,3.0277905,9.42711
EPHA3,-0.7857377,5.794212
FGD1,-1.3950514,9.835332
MYNN,7.418651,12.579024
SLC35E3,3.814277,0.4173976
HMG20B,14.652517,2.1275454
EXO5,-2.6533666,10.270036
FGD6,-10.123625,2.880666
LMBRD1,8.387184,-4.0419464
ATP1A2,-1.9759884,7.177677
TRPV2,0.56405735,6.7554746
SLC39A4,-5.5523043,10.757974
XK,-12.980484,-0.46987006
DDX60,-5.265721,-3.4565094
KCNMB4,0.12394595,14.9959545
AOC2,8.402249,4.6334486
NAT6,6.025806,-1.5114158
SNHG5,1.5223721,14.089311
CACNB4,-7.5074677,5.769564
TSC22D2,-2.118797,3.8838181
LRRC37A3,5.495356,4.881573
SETDB1,6.070495,6.6953835
CLTA,12.558148,10.803299
KANK1,-1.3086352,6.1041894
CALM2,5.2599077,-0.69316536
TMEM200B,6.2644267,14.008208
BANP,9.96485,7.0320683
ZNF467,5.8808517,-4.1317677
KPNB1,10.091851,3.339803
TPST2,10.495195,-2.530523
CRIPT,-3.8393493,-1.9040294
EED,12.617189,2.6121905
KHK,10.08887,7.2650123
HDDC3,-3.8836462,7.081535
ZNF18,12.435625,2.4754698
PHF19,5.7130594,15.493959
NADK,7.340721,15.427104
LUC7L2,5.2874913,1.3687747
ZNF407,5.9525533,1.6507945
DCLRE1C,7.3504934,7.4193563
H2AFZ,1.9662101,-4.6659665
TANC2,0.6565504,4.16484
GPER1,-2.1541488,-7.1048503
ZNF419,-5.9097776,3.1681542
FAM122A,3.6607008,12.773754
ACTR3B,1.3666537,1.8205981
CIDEA,8.991868,14.57809
GNL1,9.007333,6.5229187
DNAH17,-5.080974,13.513944
XPA,-1.1121161,-4.3404584
PRNP,8.3575535,-4.0832715
ADAMTS6,0.037953053,-9.461747
SPIN4,-1.8017596,5.347791
EXOSC10,8.400159,6.4119773
FAM69A,-1.9193499,2.2873414
CHRDL1,-7.5949492,4.2018003
CNGA1,13.263341,7.82787
SSH1,-7.826042,1.4162414
CA13,7.4028716,10.706567
GLIS1,-3.7963352,-6.6909337
PDZD8,8.237154,-4.448806
MCM7,5.7227674,6.9459004
ZSCAN21,11.524557,1.1863971
EGR2,7.0255103,9.84594
TAF8,5.6490865,16.973356
NEPRO,3.5053608,-7.320784
TICRR,-5.7781267,9.781258
ALDH5A1,7.2365894,10.59942
SCUBE1,-0.10152993,0.37522066
CAMKK1,-0.07881424,8.700269
VILL,3.9191947,-7.31916
BHLHB9,7.0216703,-8.56711
CENPU,-3.3542325,12.832917
ANGEL1,-10.124442,2.8832238
MDC1,-2.1058702,13.497711
AMMECR1L,4.0947313,9.88142
TRIM24,7.4967566,-9.065808
WDR6,11.888375,-6.5283213
MUC1,-5.120125,5.6067452
CLDN15,11.885116,-6.52816
SNRPN,6.202799,13.209499
GPNMB,7.3815346,-2.5819442
KLC1,4.089669,9.79122
RPA2,10.79465,-2.4707417
VAV2,-7.5258665,-5.9156675
GPT2,7.825198,9.609036
PRRC1,8.468109,-3.9910963
SLC25A15,6.2174287,15.70666
CBWD3,1.516529,16.393011
FCHSD1,11.292093,3.9426575
SLC30A4,3.0540326,-1.9618295
EVC,5.9521422,1.6318036
SRSF5,-8.489466,1.1893294
TENM3,2.541532,4.0963717
MPHOSPH8,2.5408137,7.593955
TOR2A,10.67801,9.10974
FLVCR2,9.01868,9.925414
COG5,8.436634,-4.017796
PARD6B,10.552753,9.2734
EEF1D,-0.56330025,14.826119
AK8,-0.17657506,4.3940578
RPIA,-0.8971841,-3.9784946
ABCA10,2.5129683,4.146839
GALNT3,11.937732,2.0713148
AMACR,12.5361595,-0.7856875
OXER1,2.6133206,5.772452
SLC19A1,-10.218519,6.278306
GTF2IRD2,7.4522142,-2.0035796
RFLNA,3.1503382,5.284571
CCL28,1.2892991,1.9021199
DOCK1,3.2296484,13.753495
TPO,7.296557,14.943143
DCTN5,2.341032,-1.1976012
NELFE,12.552911,9.584495
NOD1,12.891681,-0.5668187
ATF5,2.8913171,-1.8077322
PCBD2,15.409128,9.654266
CHCHD7,-0.9017383,-3.7825422
SLC4A1AP,1.7721211,-4.6665373
PTPN12,-9.274064,4.346346
FAM192A,5.681953,-5.84762
FAM25BP,6.1471014,9.534776
ARHGEF10,4.4269867,11.103307
NWD1,-4.366769,14.927495
KCTD11,5.3066807,10.3515215
ST3GAL6,-5.2661595,5.546529
ORMDL3,-0.07623518,-1.5359112
RSPO1,-7.606443,4.616556
DOCK5,2.5057704,-0.14964975
STX6,0.6855226,-1.0867691
ZNF717,9.001867,2.4836605
CRCP,-11.187524,2.890209
ANKMY2,-6.5453906,1.376874
TMEM186,-5.961305,11.343523
ACADL,8.201383,2.7692213
SOX15,-5.2306175,7.0874887
THBS4,-7.332386,4.962555
STC2,-1.1218922,0.29313827
HS3ST6,-0.70697796,7.050941
UCK2,13.694882,12.044857
FBXO41,-2.6223338,18.345144
YEATS2,12.964609,2.738307
NDUFB5,2.5007117,-4.245883
ATAD2,3.24445,-7.7115784
SLC25A3,-0.56585366,14.824784
ERCC4,-9.214905,16.011305
IL17RD,2.5735493,4.3703694
RCSD1,0.015452876,2.98082
RND2,-4.243153,8.859378
SLC23A1,-3.7346718,4.2970433
MBD6,-12.899083,6.9219127
TFRC,16.083616,-1.3503227
CNP,14.742872,2.8519564
CST3,0.5325188,6.4967923
MAMSTR,-3.49594,15.942772
RNF19A,9.612932,3.539227
COG7,-3.44122,1.6937715
MRPL21,3.0669968,9.506999
NMRK1,6.7988205,0.62281394
FAM184A,-4.4770412,10.410352
DBR1,-5.6706514,2.9191253
BEAN1,2.4445264,7.6412926
E2F6,-0.95682484,12.522394
RP9P,5.790642,1.8817494
TECPR1,10.002901,4.127335
GPRC5C,6.6694117,19.204033
CLEC2B,-0.94637394,17.004442
GCSH,2.6234555,-10.72152
SRSF10,-0.9070174,-3.6360278
ADAR,12.922494,-0.55823153
PAK1,-2.0381012,-8.6681385
PLCG1,5.985274,-4.132689
FAM222A,-5.341947,5.538597
NDST2,7.3457785,1.2696551
FBXO6,-4.352651,10.346916
P4HTM,1.4662536,10.0223465
RARRES2,0.5941073,6.675521
UBE2D4,-3.715877,-1.6227689
RRAGD,-12.536858,0.9961524
PTCH1,3.2784898,13.696255
UCN2,-8.58804,-2.8128798
XKR6,5.8964567,-4.1161685
DERL2,8.262565,-4.2025533
TTC21B,-4.4725833,-2.1857798
TAOK3,3.2260523,-7.724305
HEATR6,6.871611,10.279969
METTL13,13.160222,3.2416842
ATP6V0E1,6.8779464,12.609312
EFCAB6,7.4969196,7.27193
MOSPD1,9.248364,3.9161894
PTRH2,8.978665,1.1736639
HDHD3,8.354282,4.6552076
BCO2,-9.941003,5.6079373
TUBA1A,4.5872183,-2.0245764
ALG12,-4.1633615,0.9453883
SNX1,11.007152,5.8522334
MTMR12,-6.350946,12.959808
STRC,12.24728,5.172117
TGFBR1,0.89016956,-3.1118948
SIK3,-8.161855,2.3431287
ZNF19,-5.643661,2.9046159
CDH4,5.814999,2.6156619
SHROOM4,3.0044706,-0.16638418
UPK3B,-8.447192,1.2354858
METTL22,-1.7663752,16.807783
ZFAND2A,-0.90260535,-3.9698892
PAG1,-10.488067,2.2573395
RGAG4,4.8252172,15.64477
MKRN2,9.888301,3.4664493
TBL2,1.1994004,-4.7088237
GPR173,-7.370897,4.125969
VEGFB,11.6996765,12.364348
RDH10,5.3019385,1.3944496
HS2ST1,8.165567,-4.4136796
SCLY,10.226726,6.6832905
SAMD8,-6.9355497,8.336905
ADAM23,2.3943312,5.3693457
TTC7B,0.86168784,3.1989245
SH3TC2,-4.4518714,14.691111
SGCG,-7.3567867,5.0511074
FETUB,-3.5869162,3.8968198
STAMBPL1,7.223548,15.565514
NDUFC2,6.9322248,19.459074
IFITM10,12.094781,5.3954616
S100A4,0.61177444,6.826309
SDHAF2,6.152665,19.277412
HDHD5,-5.9545035,11.339688
PDLIM5,-2.4186075,6.9985113
ZBED1,4.399049,-3.5332425
FAM167A,-2.628932,18.339722
RIPK1,-3.1499732,-0.2900568
SPATA20,1.7677315,16.142126
TP53TG1,0.94459677,-3.1858938
D2HGDH,-8.637298,-2.8606365
ADAL,8.289102,-2.3356452
ANAPC13,9.979431,3.8054671
MOB3A,-2.6170635,9.734012
MYH3,5.0433617,-0.42674533
CDKL1,2.5012383,-0.26232898
USPL1,1.5012226,16.406319
THBS3,-7.492159,5.7572308
IRAK4,-2.0259018,13.488766
FBXO33,1.052441,12.132867
PLRG1,4.471936,-7.018534
TMEM170B,5.892755,-1.3552284
TNFRSF11A,-3.5080547,15.895362
PBX4,-12.7852745,-0.9080102
CDH23,2.9696004,5.015814
SLC36A1,-0.68190444,7.394468
RGS19,10.0827265,7.196268
JAG1,7.2959394,-8.860277
NLRC3,0.50773424,5.167832
SLC39A10,7.215694,1.1355847
KIAA1147,3.2422647,13.759804
PAM16,6.670184,-0.5500744
NUF2,-3.341337,12.73751
SLC16A7,3.6817555,11.863858
TOR3A,6.923578,19.449186
NUMB,3.7991624,12.350975
ZBTB18,9.578315,3.5311015
LXN,4.033195,9.717273
RYR3,-3.6680229,15.347877
COTL1,-4.565403,-4.6974688
CD164L2,5.684016,-5.3810253
CCDC152,2.2946255,4.3015714
UBA5,-3.8657863,-6.73901
RBMX2,-0.75917625,14.579582
ALPK1,4.7962527,10.8683815
CARNS1,-0.28316158,-7.065318
PDGFB,2.8774917,2.7225547
ZNF554,3.7196014,4.9331436
PAPLN,10.496944,-2.5531414
SLC2A12,4.5942373,8.188958
ZC3H12B,2.5598893,4.193861
ARHGEF26,-4.9511843,1.4728309
TAF5L,1.7886401,4.3020873
SLC25A26,5.4940624,7.004801
FECH,14.619953,2.0916615
CCDC122,5.487036,4.914441
SEMA5B,2.6899335,5.348981
SLC37A3,6.0308285,14.378871
BEST1,10.75348,11.446431
ZNF720,3.2643743,-7.687818
LDHD,8.855933,14.434654
ADD3,-3.77213,11.175649
CDC7,3.133272,17.600286
KCNJ2,-5.1413345,5.587929
SEMA3E,-3.6904361,15.458883
TOB2,5.8815784,2.2742388
XPR1,12.216813,-0.9555214
SRSF8,3.6466293,-7.4098444
MTHFD1,3.157872,17.61145
SIRT6,-5.6691904,10.656455
BICC1,-0.13008627,-0.35622558
KIAA1683,1.5212309,10.089735
CD55,-4.9515796,1.4831421
CYP46A1,-7.6733923,5.8233476
RFC1,10.105675,3.299082
DYRK4,3.2716172,4.4848876
FAM110B,0.919643,-3.1338573
CHST1,-0.99307066,-0.2317832
CHIC1,7.024263,-8.57033
GPAT4,-1.7570604,16.780092
SORD,10.55847,9.268358
MMAB,-5.4686103,6.902869
SLC17A5,-1.5636564,2.7965233
FASTKD5,1.4045086,15.47459
HHAT,6.994934,9.060187
PCAT6,-0.29714525,8.874151
TMEM18,10.768085,6.045507
AZIN2,2.608742,-10.706013
IRF4,-6.462302,15.328789
ZNF697,1.5342448,1.181456
UQCC1,-8.44059,13.685416
WASF1,-0.57979274,0.258698
PCIF1,-4.281307,4.0709085
ADGRE4P,-1.8585694,1.0059574
MFHAS1,9.044889,8.10915
LEP,15.348561,11.958371
TMEM87B,7.4563026,13.006643
TMEM179B,6.6981716,19.150581
GNPNAT1,9.165242,0.91490614
TMOD3,8.418125,-4.034321
PAQR3,3.131365,-7.167198
MAST3,-1.5118153,9.629494
EPHA1,-3.5706208,4.8406334
ZNF788,11.491289,1.2669576
CNTN2,3.4303465,5.739778
RNF213,2.8781738,-0.16576019
HINT1,1.4423674,14.00914
FAM214B,-0.97765607,1.1175237
EDNRA,-0.77016914,5.7851133
PEA15,-2.5824647,9.766125
ELMO1,4.8375006,15.646314
MOSPD2,7.0048995,9.091582
TBL1X,8.700771,-2.0479004
DNAJC6,-1.2882425,2.5989594
INIP,-10.697603,3.0469887
EMC2,9.875947,-6.4313927
HENMT1,-2.657588,10.279522
SYCE1L,-8.05774,2.844217
ARHGEF9,1.0343655,12.110757
AKIRIN1,5.0110464,-1.527786
FAM212B,9.089578,8.093565
FLRT1,10.726802,6.170737
SOCS1,-1.0530149,0.13339593
KIAA1217,10.084365,3.2970927
COX11,8.168959,-4.4064174
IPMK,-2.1959803,4.008101
GFRA2,-3.0685868,-0.22164047
AHCYL2,-11.72022,9.633187
PARPBP,-3.571855,12.523616
RPL36AL,1.4228649,13.95127
HMOX2,9.243887,10.09345
NUDT22,-5.65055,10.638109
GJC3,-7.9998484,-0.97530746
CACNA2D2,-7.9808683,8.467167
LSG1,7.7798996,3.2071102
CTNNB1,3.0521517,0.09826691
SFXN1,16.052866,-1.3750112
CUX1,-1.5754263,5.8408175
TMEM167A,2.8291748,13.485458
NAP1L2,-0.79946876,12.75002
ACVR1,-0.58192194,2.9454854
SLC9A7,-5.1162777,12.948708
TIMM50,10.170533,-5.2670712
GCLC,-0.7772614,12.779437
WNT6,4.0239415,1.1896513
LY75,-4.716623,12.852728
PDXK,12.48675,-0.8127287
WDR97,-9.886915,5.9010444
CD72,14.597246,2.1325479
RGS6,1.4845893,0.590649
CCDC136,-1.1005626,4.8318243
FAM133B,-1.3147717,-1.8027053
PALB2,1.6048214,16.286926
NXN,-2.3843896,7.053058
MIIP,-6.5362754,1.4024404
LDB1,-8.347183,-2.4755287
ZMYM1,11.119537,6.653425
CWF19L2,4.080557,-1.8038393
WASHC4,7.277462,1.1958206
UBC,8.641824,6.5230665
ERLIN2,3.7555695,12.006091
H1FX,-10.363264,2.7152662
MAP6D1,10.637663,9.150252
HSD3B7,-5.2045293,-4.6888347
FOXRED1,2.0184007,10.266364
SPHK2,1.9463481,6.1688128
PHLDA3,-5.0749187,4.2814884
TRAPPC13,6.222253,0.09655252
HAGH,8.128372,-2.5610538
PHLDA1,1.3034463,1.8570759
MRPL18,3.2276545,4.4932494
GLB1L,-5.167909,13.646405
SRPK3,-4.3950872,14.727256
TBX1,2.743749,7.27976
COMMD1,-0.38783506,9.205205
CP,-0.09865056,-0.45116085
DHRS9,8.866166,14.444517
FAM3B,-0.37283278,2.848053
STRADB,-0.17110191,0.5368417
UNC93B1,-5.050349,4.611202
QDPR,-5.1499686,12.946866
RCCD1,9.997848,7.0097275
ACADVL,8.239447,-2.3610914
NT5DC3,-1.1104829,4.8190227
ZNF557,12.466195,2.4925942
SYNJ1,3.3418772,-7.6296906
ZNF677,3.379386,13.6063
ANXA7,6.5523186,12.765691
TBC1D12,7.59435,10.875177
DPT,-7.400419,4.9176373
SMAD7,0.8718599,3.2323995
ATP6V1E2,8.933355,2.5516868
GEMIN8,10.990836,5.8486137
NHSL1,-3.5736957,4.625076
CENPW,-5.8073163,9.744624
SURF1,2.0230362,10.261379
SH3YL1,-2.1972864,4.008102
SLC22A23,0.19964622,-1.3120972
INF2,-3.2173147,10.047454
ASH2L,11.52361,5.138388
ITGA3,13.695313,12.044674
WFDC21P,7.0071588,10.402196
CSF2RA,14.093672,-4.6846395
DIAPH2,3.4698007,0.8081479
ITGB2,13.951245,-4.5401077
KIAA0232,-0.9715469,12.498845
NFASC,9.129607,3.2371259
MOXD1,-12.259342,5.7103105
ZRSR2,9.198293,0.25725597
HCN2,-4.700787,15.347127
NSD2,3.1583178,17.608202
GOLGA7B,-5.2939157,6.8906803
VN1R1,8.991814,2.4916983
PGP,5.892237,-4.0479836
RCHY1,5.794438,-0.19932668
ZDHHC11,0.13087344,14.964905
LENG9,10.028779,6.9249377
SLC38A2,-2.1512802,3.9354937
ARRB1,-10.516557,2.2936518
ZNF488,5.508999,2.7516391
ZNF90,11.628137,5.279295
KBTBD4,3.3428688,13.478844
KCTD18,-9.502404,7.5609283
CD163L1,-7.370757,4.138157
NLGN4X,0.80397654,3.2154915
PDGFA,-3.9230864,-4.657603
GSTA3,7.3931355,-8.977382
RRAGB,2.7245204,-6.5813956
NGFR,1.5086797,1.0848566
ADAMTSL5,6.206782,13.214733
SLC25A30,-9.067538,7.3361273
POLG2,-5.9836626,2.6670132
FBLN7,-7.4508967,5.072933
COL5A3,9.2168865,3.191123
DAPL1,-3.4409373,1.7463366
ZPR1,8.013676,2.9106853
SPSB2,-3.3062646,5.4724936
TMEM64,-2.5507772,-6.0718145
EFCAB7,-1.5274708,0.42720208
FAM105A,0.348718,5.229857
PKD1L2,5.8702464,15.684584
SYDE2,-9.569042,7.6195464
MRPL45,13.601654,8.13104
SCAF8,2.8652928,14.614531
CCDC91,-1.4495753,0.47587046
MSH5,-6.0508065,9.515777
FMC1,7.2117176,15.603525
WDR31,12.378775,5.728743
CCND2,1.6560701,10.86856
YBX2,-4.416265,14.767312
SLC35G1,-2.8061664,12.466438
ZNF25,-1.392121,1.9596771
OSBPL3,-8.469542,15.369043
ODF2,-6.5110784,1.436788
SLC16A4,-8.349779,-2.4714165
TMEM183A,-8.315808,2.9287667
MTHFD2L,-8.219203,11.87798
ZCCHC3,9.180233,3.2143183
ITM2A,2.3786507,5.3532333
APOB,7.4738765,13.178975
CISH,9.335637,-8.170548
GCC2,2.481913,8.0703125
ATP6V0B,7.579671,5.305514
TM7SF3,7.5258374,3.640491
NFKBID,13.262479,-0.352014
DYNLL2,6.3393397,12.5555
SLC29A3,4.837935,15.642981
E2F5,9.2634945,0.37223423
RNF19B,0.6828709,-0.9767188
ABCB9,10.0345745,4.0818424
MAT2A,-1.5450616,6.7216444
PTCD1,-8.519969,1.9443084
NME2,10.232422,-5.365087
TTC17,2.753401,-6.621796
NRG4,-6.6856055,14.66672
RAB29,3.13792,0.32102725
SERGEF,-0.5473494,14.830117
PRSS36,8.005286,-4.9601274
DRG1,1.2988796,15.665624
SELENOI,14.65481,-0.6082504
DPY19L2,11.899977,-6.521839
APOD,4.8374386,15.643647
PTGS1,-5.169865,6.8912253
TMEM91,16.129179,-1.3118157
KRT72,-6.6971073,14.629781
CHPF,8.016373,6.8098154
ACOT1,8.858372,14.434577
DYRK1A,2.9748502,14.248017
MPPED2,1.4528933,0.70740163
PUDP,12.848939,2.8843768
TOR4A,-3.8398836,-1.9022466
UNC5B,0.3315253,-9.847996
NORAD,8.094821,-4.463605
CAMK2G,-3.4609776,15.156996
NKIRAS1,4.960152,-1.6025876
EDEM1,11.350424,16.282469
SUSD1,-4.5431156,-4.825517
TUT1,-0.29551056,8.869599
STAG3L4,-0.8921536,-3.8624177
PTGR2,6.859983,0.68126684
TRIM16L,-3.6743882,11.26084
PRSS53,0.31813642,-9.832553
ELN,-7.4310055,4.3317733
GPD2,4.0534825,-1.800227
WDR18,10.231845,-5.36391
SERINC2,5.530106,-3.1735742
ZNF34,12.47142,2.502782
SLC22A15,0.5052938,7.480962
CES2,-11.634327,9.715261
LRR1,-1.1211542,-4.464086
STK4,1.7413448,15.374589
PRELID3A,-0.021156147,-1.5203581
ANO2,2.976515,3.0550897
IL1R2,5.517617,7.226169
EPB41L4B,10.070783,3.250286
ABHD15,9.301878,-6.519494
ANKRD54,8.5098915,16.770084
ZDHHC2,-0.7322989,2.9803798
FAM160A2,2.7224994,-4.079741
HECW2,0.86990523,-0.31933555
SULF2,-0.98171765,-0.23261853
PDZD7,-4.2606072,8.859271
TOX3,1.2329012,1.9674318
NUDT5,3.1458955,2.427074
KYAT3,-2.2017384,4.008146
ST6GAL2,2.625719,5.7903695
NT5C3B,-3.9923642,-4.607474
GSTO2,-3.396685,5.101676
CCS,12.593325,10.769908
HSD17B7,0.289398,10.363176
RNF125,-9.544638,7.5967436
CRYL1,6.317277,13.98651
GEN1,11.583063,12.249154
GK5,9.990382,7.0384064
CYP7B1,-2.5045683,8.572727
ZNF473,-0.74489874,9.44258
ZNF286A,7.427102,12.681873
CDO1,2.5292594,-0.20354421
SPRY2,2.5168974,-0.2563311
ESRRA,-4.393811,14.732962
SLC6A1,0.27636075,10.281739
SERPINA5,-7.5555468,3.966297
FBXW8,16.53487,0.75462127
DTD2,3.8596914,11.977954
ACER2,5.970662,1.6271002
ZNF714,14.653774,-0.60985804
CORO1C,0.6949862,-1.005877
BECN1,-8.324216,2.937663
FBXO10,-0.6748081,7.412979
BCL2L12,2.7032733,17.2098
DUX4L50,9.985662,7.23743
EEA1,7.4423246,13.023726
ZNF280C,-1.3452076,1.8652354
KLHL12,9.378789,-7.338663
CYP51A1,-4.9530234,1.469111
NEK2,-3.4002268,12.660198
OGFOD3,-3.002046,9.566328
PSPC1,4.624291,-2.066141
ADA,3.1633763,5.6069536
ZNF141,7.254706,7.529414
CDPF1,10.263746,6.6346855
ITPRIPL1,1.4696895,0.5601062
SLAIN1,-3.6892667,15.44128
SOCS2,-9.146676,10.5204115
GPR155,11.582121,12.248325
MFSD9,-5.263142,5.5470266
MRPS18A,6.6972556,19.154982
SDK1,6.4124184,13.908383
FBXO17,4.7908025,15.669571
VEGFD,2.2697916,4.8587866
DDT,17.809063,6.7432003
IFI30,5.937644,-3.5357456
DAPK2,16.077848,-1.3569552
TOP1MT,13.598421,8.126866
MRRF,-11.193693,2.897576
INO80B,0.8492431,13.468403
ARL10,11.044644,6.723912
IFT22,-7.7119374,5.8601227
SPICE1,12.895419,2.7905931
SBK1,-5.1587505,13.6349745
GLTSCR2,-8.100558,2.8418663
SNAI1,-3.9147365,-4.761958
COL23A1,7.302413,14.930698
SRGAP2B,2.6075747,-10.706443
PCP4L1,7.164468,9.824109
ATP6V1H,1.4126748,15.417928
GPAT2,2.965192,2.9698675
DOCK10,0.33680043,5.2253475
NHS,6.222652,13.570545
RFC5,-2.7744625,12.45753
CHMP1B2P,8.643917,6.5179634
POLR2J4,10.134643,6.7335644
TENM4,7.1135406,9.32327
B3GNT9,2.6396847,5.7355313
SUMF1,2.321946,7.81408
TIGD6,3.8835886,-5.5149035
CELF1,-6.6464825,-0.5498851
KIF15,-3.4303305,12.622031
TCTEX1D2,9.929538,0.50291634
KIAA1211L,10.340132,9.43992
UNC50,3.0096571,-7.035101
SLC10A6,-4.6950164,6.3627357
TUSC1,-8.17305,2.8517652
TRIM32,12.372652,7.2201576
NCAPH,-3.5396929,12.532275
ACY1,0.5128285,7.4692473
ZNF587,11.514943,5.9286623
WDR62,-4.482369,5.6362777
SNX15,-3.2758274,5.4828634
TRPV4,-7.9588995,8.434791
NLK,8.536002,6.5191007
SFTPC,-6.502987,15.382022
CD83,13.267042,-0.34939867
CDC42SE1,-1.1306213,6.2767286
EBAG9,-0.7393112,-3.4973147
KLC2,-9.731978,-0.7482735
NQO1,2.3843844,4.017835
CCDC144B,-4.2965884,-1.6601791
STAG3,-0.37268293,17.89532
CACFD1,-3.9152951,-4.634611
HMGB3,-4.356106,6.4317083
PCMTD2,2.901786,-1.8153515
DEFB1,-0.17921422,8.971536
NCOA7,-0.41274732,-6.9370003
DENND1B,3.2762165,-7.674959
SMC5,3.1186488,-7.1957746
PTPRU,3.9536812,4.0990605
DZANK1,5.4942684,4.88143
ITGB6,5.444576,7.0196333
HBEGF,2.3191605,2.319565
PRAM1,-3.9863977,6.8478475
LYSMD2,5.421503,-0.507002
MYOC,-1.9124715,7.1683226
SCCPDH,6.2150245,16.450651
SDC4,9.233095,10.079952
GTF3C6,-7.4238143,10.345998
HSPA12A,-7.4394197,-5.826882
ELOVL6,7.2353377,10.589241
SEC23IP,11.940886,2.1753247
CLEC4F,-4.5640755,15.209132
CAMK1D,5.515299,2.7749915
GALM,-7.432826,-5.8191895
GMEB1,10.666585,9.122886
ATP8B3,10.986539,5.8060203
NSMF,5.890301,-5.0354815
RSPH1,-3.6000462,4.013935
DOPEY2,-5.888777,4.313831
RFT1,-8.174734,2.7364247
ZMYND15,7.73147,10.849159
METTL21B,-5.266671,-4.7066584
ETV5,-7.647901,-6.0425034
WTIP,3.1638284,2.3842585
FUT1,-3.5497499,6.257891
HSPA2,-3.550381,6.255257
LYRM4,1.5926735,18.722143
ASTN2,0.04431159,-9.464349
DOCK8,2.645626,5.7809405
CHD7,0.10730365,-1.3866829
INO80C,5.5367265,2.7419624
DTX1,11.701052,12.365605
MLPH,7.855486,0.093804814
GREM2,2.3196788,4.990532
PCDH12,-2.1519759,-7.0997505
ASB14,-10.443642,2.5433574
MUC5B,-7.978327,-1.0139254
SIK2,-5.146233,12.929073
ANKFN1,-4.4810967,8.928132
RDH5,-1.958591,6.9278297
MT1F,0.090363406,-7.111956
KIF5C,-0.6037746,2.9643734
CLOCK,-9.214994,16.011414
PDZRN4,-3.4151845,15.158402
MAN2B1,-5.0653424,4.64858
THOC2,3.0597913,14.030191
PLXNA2,2.6062174,-10.703796
CORO2B,-7.3452225,4.9513917
NFATC1,4.7927284,15.670974
FAH,-3.1550007,-0.69638574
TMTC4,9.138078,1.039939
TSPYL1,0.05459605,-1.4359043
THOC6,-5.6757083,10.672597
WSCD2,2.958089,5.383052
MED10,-0.7518747,14.581729
CYB5R2,-4.165309,5.8439627
MASTL,-3.356569,12.835723
PEPD,5.874327,-3.5404487
TAF1B,9.496665,0.623298
WASHC5,-10.699161,2.021055
FZD10,-0.060203914,8.664943
CBFA2T2,4.5984297,8.191465
KHDRBS1,3.9467587,10.425071
TMEM80,-0.59437424,-6.9400706
ZSWIM6,-9.273522,4.3461637
PKN3,1.9492602,6.095968
RILP,10.753392,11.444479
SLC30A2,-5.2145214,7.1260376
SPG21,1.2488751,-4.6826077
ST20,4.4145365,9.638091
DHFR,-6.666627,-0.5721838
KBTBD6,11.491115,1.2641141
CCZ1B,3.9302745,11.878391
EDARADD,7.115849,9.323628
MFSD14C,11.173208,6.7829347
MYL6B,12.5660305,9.558364
SLC45A4,10.612909,14.5210285
ACOT11,3.1289256,17.593805
OR7E28P,7.1654773,10.564016
UPK1A,-4.2623506,8.850868
CLCN2,-10.697018,3.037875
HSD11B1,7.4017506,10.639426
COBLL1,4.593108,-2.0267186
EXT1,4.3057036,1.079298
SAAL1,-5.6805353,2.8962667
ZC4H2,-8.320505,2.9431732
EEF1A2,-3.5852911,4.560888
RWDD2A,5.9135,-1.3808242
GPATCH11,2.4271493,8.317814
HUS1,11.489252,1.3179353
ZNF71,-8.297691,2.0541596
SNPH,10.045157,4.186039
CPEB2,7.448281,-8.984006
ZNF775,2.5185676,2.3984137
UBE2J1,6.0480633,-0.34171546
TMPRSS6,6.893523,9.856307
PIP5KL1,5.5329146,-3.1833367
KSR1,1.6224996,18.752378
BAIAP2L1,0.5743626,4.2070684
FAHD2A,-12.305674,5.761951
ZNF596,-1.4944872,5.875386
RAB3IP,1.6553482,15.768906
FRS2,-2.5599687,-6.0424514
RPL7L1,7.7845693,3.2025201
TIGD1,-1.0937401,-4.2725415
HSD11B1L,12.400973,10.948185
LEMD3,3.1005151,-7.1247706
PRCP,0.8750478,3.224038
F2R,-4.1012836,-1.8585726
FGD3,-3.490464,15.958923
DDHD1,7.4566326,13.177606
THG1L,-6.613119,-0.51039654
BAIAP2L2,5.888326,-5.0548315
SHC4,7.88898,0.070798665
PLEKHG2,-4.469708,-4.699341
BPGM,-1.3184894,-1.8009726
APIP,5.55183,-0.13767765
SLC46A3,7.452797,-2.4919531
HLCS,1.3029009,0.7161264
TMEM57,5.5294986,1.6279737
CPNE1,12.362288,10.984345
CCNE1,5.293075,10.360269
SUCLG2,7.99924,-4.9661837
TTF2,2.5369694,7.487598
KIF3C,-4.586963,9.037041
GNRHR2,11.1684265,6.806949
CDC25B,12.809899,-0.6109344
FAM208B,6.032278,-1.5256776
KLB,15.386661,11.995873
BEX4,1.5662965,1.3570756
RBM43,-5.349418,-3.4269469
SNX18,-1.9194956,2.2677925
KCNQ1,0.43446913,5.428221
LRRC8B,-0.58007485,13.030592
EBPL,1.5570046,14.12211
PDCD7,11.688771,1.6690634
LRP5L,-6.5953517,1.3144263
IL33,14.684635,7.576775
NEU1,3.6257355,7.9647427
CCDC28B,2.304067,4.9482946
PCMT1,-0.8206381,12.743824
PLEKHA8,11.921361,2.077592
KIAA1143,-9.498473,7.5567055
STK32C,0.51433057,6.456806
TATDN3,-0.7709212,-3.5286458
FAM46A,-7.146516,5.7865705
NBPF15,4.760931,15.65478
KXD1,12.820888,-0.6050242
EXOSC6,-5.6898203,11.047157
PLA2G2F,6.732728,9.970079
MRPL38,-5.0302997,4.242667
ANKEF1,11.52046,5.13158
PLEKHH1,-8.000548,-1.017592
IFI27L1,-5.0082984,-3.884083
UBE2H,16.223173,7.441475
DENND1C,-0.7479088,7.016592
SERPINA9,6.659247,10.121201
MRPL34,3.0902023,9.612106
BRICD5,-9.939258,5.6526465
SPATA2,-8.5381,1.9051337
ARMC9,2.9727004,-7.921615
CCDC96,-5.389026,10.800959
TMC4,-4.970339,13.027591
GPRIN1,-4.873482,6.396169
COMP,-0.18513776,-0.097816266
TDRD7,13.218163,6.1639357
QARS,-0.5487289,14.82972
EHF,10.153712,17.00548
IL18BP,-4.3396854,-4.5105243
SERPINB8,6.2708507,9.754392
STX3,-10.700484,2.0314808
CRLF1,3.7312963,1.0554595
SEMA4B,-5.234267,7.094026
WBSCR17,-1.9507543,7.3585763
PHKA1,3.1964576,-3.1364083
UST,-5.131109,10.65604
GOLGA8N,-0.37747186,3.4147859
TRIM26,-4.6193056,5.4770374
SLC36A4,-9.446385,7.5332985
RTN4RL1,0.57733786,4.209944
AMOTL2,7.970824,-5.0188103
DCLRE1B,3.1255698,17.715406
CACNA2D1,-2.5376325,-6.084756
TRPM6,1.4858835,0.82530975
TICAM2,5.9268136,6.778891
TMEM55A,-9.513576,7.5726666
SNCA,-4.702064,15.345056
UVRAG,-3.5727208,5.1093106
TIMM21,9.6176195,0.14227222
RHOU,-0.9796371,2.855792
PTK7,-5.1680923,5.557801
CDK9,-6.615251,-0.5095743
CPEB4,7.4519744,13.061746
SH2D3A,0.52294886,4.2291403
TRPM7,2.5230553,8.140943
EPAS1,3.043341,0.0022244058
ZNF229,-1.9234332,5.286802
CHCHD4,-11.302324,0.25003096
MYO7B,8.977199,9.907035
PEX11B,-3.9872816,6.835654
DDX59,2.417128,8.393743
TIPIN,3.1115499,17.702133
SLC26A9,5.644406,7.120839
CHAF1A,0.1760684,4.2298284
MON1B,4.416198,-3.521211
NXT1,-6.6046805,1.3066446
S1PR5,-4.013812,6.6035433
HDLBP,1.7412992,10.884273
BMF,4.421011,0.7010336
CBY1,13.124848,3.2030685
STRBP,-1.3156039,-1.802183
LDLR,-5.436357,6.9031177
LHPP,8.744534,-2.0263386
GPAT3,-2.1151636,13.480823
METTL9,6.2383413,19.175705
GFER,11.700404,12.367372
GJC1,3.1196287,0.05037907
MRPL9,6.327503,19.156342
DPH6,10.099458,3.3021078
NSUN6,12.616076,5.9600816
ERN1,4.0296884,9.693277
RASSF9,-2.3476424,-6.281844
FAM127C,-2.3716705,9.390826
HAUS1,-0.9061557,-3.7539804
TRERF1,-11.700041,9.652256
KANSL3,11.705469,12.368238
SNX2,7.945381,12.55212
OTUD4,-10.752075,2.246309
SPAG16,3.0567925,-1.9582894
SLC48A1,8.44796,-2.2689455
PRDM10,0.51016694,7.4578147
ADGRB2,-5.2352495,7.1182604
CYTH3,4.42274,-3.5125372
KLHDC3,5.5748415,6.961625
GGT1,12.016837,5.497265
RAB33B,7.289091,12.748276
MRPL49,-0.6449281,7.3576994
HMBOX1,-8.153238,2.3588774
NT5M,-10.750824,2.2470691
LRRN1,2.6341267,4.02891
BHLHE41,3.1690216,5.613276
PNMAL1,-3.4935668,15.938368
PLXDC2,-6.35772,12.968033
RHOBTB1,0.9134104,3.233867
MED27,7.5810814,5.301062
RAB30,-10.855064,1.8607943
PEX11G,-5.112967,4.317657
MLX,-1.0370337,6.316984
ZNF749,1.5060247,0.4305439
ATP7B,-4.331576,4.0432334
GJA5,3.1444366,0.31736222
CHD3,-7.5919204,5.665926
DNM3,13.502856,13.019962
MOB1B,3.324764,-7.620903
POU2F1,5.28454,1.3672463
AP3S1,7.872617,12.551685
PPP2R5A,7.454121,13.112692
TMEM17,-3.9477181,-6.796195
HES1,3.6225266,7.965861
ZC3H6,2.699212,-6.539666
HOMER3,11.82823,-3.0342505
CSF1,-0.14483179,-0.39734736
MAGEE1,2.4790561,4.174218
CNPY2,3.285117,17.23323
MANEAL,-1.2912129,2.3320625
RCL1,9.004283,9.867855
FAM131C,-4.331763,4.039327
HOXC10,3.7616584,12.524749
PANK3,7.447998,13.009256
GCNT2,8.009235,-0.027973672
TENM1,-0.14982949,0.5616948
UVSSA,-8.446639,1.260467
CCDC180,-0.26047543,2.8793733
TSPAN6,3.1026413,-0.11735967
GPR1,7.3514085,10.672168
SLC25A37,-0.46497396,-6.9374223
LIMCH1,-1.3485951,1.8718755
PLCD1,0.41696423,-9.951983
MINDY1,2.6246953,-10.721409
KCNJ18,5.466648,2.858275
PRKAB1,-1.1408303,-0.3918076
TTYH2,-6.4861264,15.373541
MGAT4A,-1.6918339,2.3535545
RFXAP,0.6435601,4.1711216
ETFBKMT,11.7845955,6.2968554
CDYL,-0.015635928,-1.5166644
BTN2A1,-5.6917715,2.8842537
C1QTNF12,8.9920435,14.57839
LINGO1,8.022256,-0.04004238
BCAS1,-4.058374,15.218001
LSAMP,6.0501976,5.589412
UBN1,-7.8282666,1.4139034
DPYD,0.5079446,3.0752542
ZNF26,-2.9021492,-9.238153
SH3BGR,7.8570476,0.109451815
FLVCR1,2.925309,-6.9158463
TMEM198,0.101110496,-1.3980188
PDLIM3,-1.2108432,5.016568
BIN3,-0.9879434,6.3601303
UNC13B,-8.627812,-2.8479722
TMEM138,-9.943303,5.784698
WDR70,-1.2830362,-4.640149
PLAG1,4.049453,-1.797783
ERBB4,1.3668095,1.8162956
ADAMTSL2,3.1720483,5.07156
ADM,-0.2522972,-7.0690246
FOXJ3,10.014285,3.5537891
LAS1L,-6.5644283,1.3578255
ZNF682,13.047265,-5.742921
ALKAL2,-0.020604085,-7.109539
AGER,10.62628,6.570293
CBR4,9.199465,3.8852184
SPTBN5,7.1901755,-7.0404043
KCNAB3,5.5945063,-6.0301576
RAB43,-1.574467,-0.23301905
MECR,-5.6636143,10.656335
ZNF48,5.848033,2.501827
RDH16,4.8285723,10.832868
STIM1,5.479792,-3.118944
SCMH1,6.0103707,14.40798
SLC2A5,4.3328214,1.0383816
CWF19L1,-8.440456,13.685608
PCDHGA2,-3.2343392,1.83262
DRC3,16.032164,-1.3967751
TMEM168,2.8954713,-1.8091004
CLSTN2,3.4281466,1.510946
GDPD3,7.885099,9.617821
PMS2CL,-3.6777048,-1.5883493
TIMM23,-5.9086456,11.282758
STK38,11.6622715,5.6563206
SLC16A10,7.0798645,9.298336
NBL1,-4.6963663,3.5245988
TMEM177,-7.4021935,10.364891
CCL13,2.955639,5.2634816
NUDT8,-0.31057057,8.891543
REST,3.495939,-7.6062293
CMAHP,11.816397,2.387121
AIFM2,15.134248,11.748454
LY6K,3.2824988,-3.1055079
CECR1,0.34372512,5.2281737
ACO2,10.555513,11.248479
ARL4C,-3.6889231,-1.6027733
PTGER2,2.3157325,4.9024568
PPP1R3D,-3.8788,-1.854721
ABL2,-9.075277,10.457811
ADAMTS15,-1.181386,4.9490495
OLFM1,6.2038045,13.701507
GON4L,4.424564,9.626349
PIH1D1,0.8465728,13.472756
PIGM,13.644941,5.952873
IL36B,6.215071,9.679084
GFOD1,4.4536576,-3.4798083
ZBTB17,-1.6941372,-0.8289646
FMO3,3.073012,0.101678066
RASL10B,15.152104,11.766933
TNC,-7.5845313,5.443372
INTS12,-8.3126,2.9306746
ELL,-2.7251723,10.154616
BAHCC1,3.176321,5.618614
ZNF385D,2.397087,2.4252343
WDR61,1.979536,-4.652838
ZBTB6,-1.9648509,13.228578
ZNF319,3.4962409,4.4010143
ZBTB46,1.9430763,6.0850205
DNA2,-3.2120056,12.689674
WDR60,-3.5599592,5.124824
BST1,-7.5870323,4.158755
MAP3K13,2.2130332,-4.478501
RNF34,3.920447,-5.4786577
SPIRE2,-5.1656046,13.644332
PAQR8,-2.8844457,-9.222735
JPH1,9.917478,0.47796783
ACOX1,5.960922,9.989135
FLYWCH1,-8.366348,1.3938153
PRR36,10.160685,16.996431
MFSD7,10.562882,9.262638
B3GNT8,-1.0531001,6.360117
CEMIP,5.209586,10.505737
EXOSC9,9.434392,0.2839569
RASSF2,-7.384207,4.1938024
SDR42E1,6.9899073,10.403703
OR2A7,-0.88006306,6.787966
COLQ,0.6661102,-1.0251392
PARD6A,6.0263476,13.367469
COQ8A,8.931585,-2.3320844
NCOA1,3.29467,13.604548
FKRP,-10.12365,2.8850758
DNAJC30,-4.692932,3.4404864
ATP8B4,-9.143938,10.517409
ZMAT3,2.766097,-4.026627
SHC3,3.7259133,1.0379181
AP2B1,0.8463736,3.2025511
YEATS4,-1.17775,-4.458471
KAT5,5.7411747,-3.208135
PTP4A3,-0.23725629,-7.066476
AGR2,7.0772586,9.838155
FAM114A2,-6.004524,2.6562274
TTC32,2.963374,-6.9691477
SLC7A1,4.3169312,-3.711316
TM2D3,9.190349,3.2159843
EIF2B2,1.5543482,10.314071
APOE,-5.2422657,7.1262393
RFFL,6.0459104,-1.5366611
ZNF316,5.7803364,-5.1677594
PRSS23,-0.73091966,2.9920564
CHST3,0.48089814,7.466253
FANCF,11.592176,5.3200145
CTRL,2.8948274,-1.8092859
NCOR1,4.1273284,10.245876
ADRA2C,-1.96192,6.9479084
TRIM14,-2.6300418,18.340889
GALNS,4.2878833,1.076153
TCF19,2.6881688,17.197462
ARV1,8.264781,-6.832517
RGCC,-1.1445273,0.35628682
HAL,-4.479655,8.819327
SLC7A6OS,13.67118,5.9412956
PKIB,14.625773,-0.6467889
MRPL36,9.909385,-4.909975
ADAM12,-7.595537,5.5573616
IDH3A,8.416698,2.1920087
ASGR2,3.7397068,-3.0618422
PPP3CA,7.0454082,12.465338
ZNF334,5.5119495,4.838814
TTC3,-9.647031,12.79531
BEND5,6.180766,13.649627
ZG16B,-5.084168,13.518972
SPRYD4,8.347521,4.6845956
SLC26A1,10.053148,4.2135205
ANKRD13B,-10.131338,6.203288
BCAT2,2.632095,2.6163752
GALNT2,2.3691118,7.119976
SCAP,14.408033,2.3612568
OXSM,9.227723,0.84180295
NIPSNAP3B,1.4971465,0.51598626
TEX10,1.3066866,15.357369
ZDHHC23,-4.329672,8.861267
DERL1,7.975423,-5.007255
ZBTB24,0.030962225,-1.4599627
STUM,3.2213416,1.8139294
RHOBTB3,0.17711349,14.69297
NPIPB4,-1.3170677,-1.8000065
MAN2A1,3.2449672,13.634475
CNOT11,1.270886,-4.684983
GNB1,4.480947,-7.024601
USP27X,4.369304,10.260054
CD300A,-2.4239316,-2.954117
SPATA33,-9.985287,5.7454095
QSOX2,7.8245916,3.1660507
FTX,11.086707,6.709092
FGFR4,-8.016802,-1.3855475
QSOX1,-2.0431213,-8.675899
IFT27,3.2740116,17.24018
KCTD6,-9.01767,7.294285
PLPPR4,2.6936877,5.3887606
RABGGTA,-0.6040162,9.318377
GNB3,11.899016,-6.5220995
CA11,3.2801087,-3.1033347
SAYSD1,-1.264036,0.68323547
CHRNA3,6.4513297,9.997491
RSAD1,-6.608762,1.3048211
ADORA2A,2.7604928,7.2513638
GNRH1,1.811672,8.922916
ABRACL,3.9918954,4.088166
VSIG10,4.1250377,4.04418
DAGLB,-3.3519654,1.7636201
FAM86B3P,-4.008879,11.48339
ESYT2,8.026988,-4.9527698
BLOC1S4,-2.4584448,9.530813
PRPF4,7.960742,3.0292985
DESI2,8.159991,-4.4027867
COQ6,-5.6368093,2.9095829
GALNT18,-0.99565285,-0.24262539
PRC1,-5.9287868,9.604
ARNT2,3.3020196,1.6839014
PROSER2,9.848412,3.124062
RUFY2,4.047174,-1.796756
MAPK9,5.5510745,-0.13763069
DLG4,0.58964807,6.6891127
COLGALT1,-9.948154,-0.95191234
DECR1,2.9998302,4.06471
CDK11A,12.303963,5.098184
DIRAS3,-7.0266147,5.7914953
TRPC6,2.6369457,-0.07007967
RFX7,7.505879,3.695482
IL18R1,0.3591916,5.409987
CNST,1.6036141,16.314482
FAM124B,-2.1543267,-7.104987
SCN3A,-0.86090106,-0.13273965
ISOC1,-10.637037,2.9470172
MTA1,-3.932346,-4.7121177
TPD52L1,-4.365541,14.974651
MYRF,-5.0609612,13.489864
GGTA1P,-1.8730533,5.3251367
SOX7,3.6293736,7.967082
TTC7A,-5.190193,4.3555665
BEGAIN,7.1418037,-8.634
SLC9B2,-0.42145345,3.0560462
FEZ2,-3.444169,1.7510537
SVIL,-2.050481,-8.682766
CLDN16,2.9583097,-1.8746705
DCAF11,6.095787,2.282905
ATL3,8.167396,-4.4044847
MLEC,9.06058,8.055646
DOCK3,-4.2056994,8.899334
KLHL15,8.065455,-4.8126163
MAP3K4,2.8894534,-1.805709
PIR,8.886484,6.5279727
TEX41,1.2947931,15.691707
MED11,9.909286,-4.911332
CD36,15.1767645,11.791211
MDM1,-2.8649113,9.951562
HYAL3,10.118275,6.7140565
RAB12,-0.96480685,12.508968
RBM38,1.6900667,4.2626886
GREB1,-1.1345862,0.42988595
SLC16A6,5.161866,10.558044
AVPR1A,-9.064552,10.448963
CPNE5,-4.5521464,-4.8556237
GPR89A,10.605391,11.303409
MEF2A,7.2105603,12.536369
CACNB2,7.336639,15.432186
NCR3LG1,-8.28552,1.6985055
GSTM1,12.594673,9.553028
TRIM63,15.239708,6.391927
MARCKSL1,0.6014417,6.7037797
CYP2E1,7.420951,-8.959906
FAM216A,-0.66270113,-3.8778381
FAM219A,5.6151657,4.476371
SEC14L6,9.021192,14.607431
BTBD3,1.657064,15.753903
PITPNM2,-1.9787029,6.9295273
SFMBT1,1.7307225,16.064926
CISD2,2.0642545,-4.614236
NAGS,15.679652,-1.7012533
ZNF254,-2.6929865,10.212766
FRMPD1,-4.4378858,8.804336
RAB4B,9.973978,7.0242996
PRRT3,10.694459,9.094179
BCL7B,5.840684,-4.700476
DMXL2,-0.5371875,2.9490726
PCSK1N,-8.171671,2.8478878
FKBP1B,14.629184,2.1744978
CTXN1,1.7573996,10.796801
UBXN2A,4.962672,-1.5835325
HDAC4,9.068199,8.041127
VTI1B,7.5551357,-9.168206
SERPINE2,-4.590098,-4.598105
TRIM65,9.017597,8.113395
MST1L,-4.0879364,7.17063
CHCHD6,-3.8076172,10.211271
SLC25A43,0.3247521,10.411393
PIM2,0.72506064,5.4963408
RAB6B,-3.6731713,15.579018
GALNT10,6.5250764,12.831629
RASAL3,0.4595888,5.4850926
FTSJ3,-2.559456,8.491017
PUS3,7.8282056,3.1511488
HSBP1L1,-3.892434,1.5347675
RAPH1,-8.223312,2.0864289
AGK,15.408316,9.654048
ANKRD39,5.2410645,2.18141
EFCAB1,-11.661625,9.689225
YIPF5,8.174267,-4.413129
WSB2,3.129327,13.916796
H19,2.9301193,2.7399585
GJC2,0.54824585,6.5613647
PRG4,-7.545985,4.01093
KLK14,6.1112947,9.835942
LRRC37A4P,3.2173753,4.6639867
RFX8,-4.421976,-4.7008634
TRIM25,3.1431444,13.676995
ZNF3,-8.534896,1.8077886
ELFN1,-3.1268775,-0.31746164
PLAGL1,14.617792,-0.65571344
SLAMF8,-2.4762666,-3.0130754
IVNS1ABP,6.0922127,0.01021629
ING2,2.0329473,-4.7898664
CCDC82,-1.3557781,1.9942566
FAM207A,7.46372,-2.0260782
AHCY,0.8964346,13.714675
PXDC1,-0.13525273,-0.3775802
SLC9A3R1,-4.7058086,10.477968
ASF1A,-1.1572196,-4.43225
SYMPK,6.0499225,-4.5744534
SLPI,7.8825293,9.617246
RAD9A,5.746449,-5.2264028
ADH6,5.640324,16.989204
TMCO1,6.187089,-0.045532536
ITGA4,0.7201488,5.497105
PEX6,10.514184,6.589198
FAM53C,3.1414258,13.685111
SATB2,6.071371,-3.5633504
SPATA18,0.64143366,-1.1448294
DNAJC13,7.272719,1.1804241
FAM66C,5.5519614,4.788912
ZNF223,11.648781,1.570919
OSBPL10,-9.1493635,10.523408
DDX27,7.964256,3.0219076
AK5,-7.3180714,5.7211785
MTM1,4.9521403,-1.5995855
GREM1,-4.552673,-4.8333645
NDNF,1.5650657,1.3547455
RAD51C,13.301056,6.125681
KIAA1551,6.2529087,15.692121
DNMT3A,-7.4038296,-5.791124
CEBPZOS,6.105185,0.05076486
OSGIN1,10.7615185,11.452545
MEMO1,-11.063774,2.8294377
KCNN3,6.5719385,13.710419
ZNF101,9.565752,0.54123545
ARG1,6.1351824,9.511352
TMEM220,-0.326212,4.51717
KCNK15,-5.054151,-4.5966635
BCL7C,-4.4295,5.658286
SORCS1,16.527401,0.7477393
ZNF497,-10.206585,6.2630267
KIT,-3.6565413,15.34205
SLC28A3,6.2208343,9.748393
SMTN,-2.0792303,6.984807
FGD2,0.5001981,5.65807
SETD9,5.407125,-0.5695475
CEP57L1,7.604121,1.5440724
TESMIN,1.3674613,1.8179824
MTCL1,0.8514061,-3.0795078
AIFM1,13.512209,8.009076
ITFG2,9.332669,7.807471
AHRR,-7.5797906,5.630675
RUBCN,-0.4993422,1.4589748
DKK3,7.19245,13.52941
BIRC3,4.9581466,-1.6028091
TMEM39A,2.4730523,-1.3610563
TRIM38,-4.525111,5.4858227
ITSN1,-0.29740092,8.839068
CCDC74A,-12.305804,5.762328
ATP2B2,2.6239064,5.779683
EFNB3,-3.536872,3.8199716
MICB,0.88861614,-3.1049497
ANKRD18EP,2.9076357,-6.8735795
ZXDA,6.1607213,15.749682
PHYH,-4.633734,5.557776
LTF,16.537546,0.75696987
UQCRHL,3.1031094,4.108356
ZNF805,3.3008602,13.625089
PRMT7,5.5931444,-6.0311036
KLHL31,12.270276,5.127619
DPY30,-0.9464395,17.003723
WNK3,-0.5990831,0.27809262
CYB5A,8.9101925,14.5016165
RTCA,-1.093,-4.2870183
HMGN2,3.127613,17.602802
TMEM39B,-11.73229,9.621835
ADAT1,7.4928346,3.6906614
AP5B1,5.8467855,2.4976702
COX18,6.329287,12.557703
PMS2,-10.713736,3.0695267
CDYL2,-0.14209329,3.3478944
PCNX2,3.958127,10.418018
SDK2,4.4392624,-10.470461
C1QTNF4,6.894638,13.660449
PPP2R2D,16.223488,7.441877
MAP2K1,12.319087,-0.90171176
NFRKB,-7.82367,1.417234
PFKFB2,7.525897,10.8614645
DYNC2LI1,16.507412,0.7250875
MRPL44,1.358661,15.427002
HGSNAT,11.706379,12.369187
HSD17B14,7.411113,13.469945
SMURF2,3.351845,-7.629936
ZNF782,11.654481,1.5742477
CCDC66,7.196176,1.1196383
GLT1D1,5.456459,10.274015
DYNC1I2,-0.86204845,12.712781
CTNNAL1,2.7780862,-4.0124874
VDAC3,2.1773694,-4.5163755
SLCO2A1,6.3304076,16.315168
PDK3,1.3642027,1.8206352
TMEM181,-2.5490808,-6.075245
DST,8.248891,9.491551
DOC2GP,-9.986948,5.7589498
CA2,11.706324,12.368742
TNFAIP8L1,-3.4946735,12.585155
GNG12,1.392522,15.196107
CARMIL1,-5.8870454,4.314873
IKBKB,-3.4748654,1.6741239
FRS3,3.964092,10.415209
NRTN,-4.0975137,5.8111567
IGFL2,-5.550943,0.4669277
IL17RB,1.5648615,1.3532381
DRAM2,-0.99413264,-3.7588584
BID,-0.75857615,-3.5171685
SNTG2,0.17628597,14.694205
PTGDS,-7.557914,5.652066
RASEF,-4.772034,12.874257
PFKFB3,1.5044931,1.0169251
TMTC2,0.86033696,-1.4544795
PDCD6,9.910365,-4.90945
EPHA2,-0.18704322,8.965212
RBFA,-5.6617455,10.654733
RDH14,-0.98371136,-3.74072
PRCD,1.9604573,6.0953846
DCTD,-5.225934,-4.6969824
FOXO6,7.51783,-2.413144
GCFC2,6.4408374,0.33670247
SLC18B1,-6.613775,-0.50703174
SYTL2,-1.2633483,5.031606
INTS2,9.131753,1.0447155
S100A1,7.24055,-7.094874
TMEM74B,-8.633909,-2.8577235
ABHD14B,9.196935,3.9037726
BUB3,-0.8104138,12.753436
ZNF449,-4.601073,5.5123296
PILRA,10.960944,5.826604
APBA2,-6.9872327,5.7544065
FMN1,-5.888401,4.3107433
VANGL1,-11.673191,9.678156
EID2,-0.99655837,-4.095854
TMEM53,7.4445086,13.18145
GLMN,-8.219772,11.877921
DNAJC17,-2.0694153,5.59483
FRG1HP,1.8210577,8.923924
TNFAIP8L3,10.655849,9.135401
A2ML1,8.032589,9.588997
CTBS,3.6106398,11.692105
ALS2,-11.306038,2.958223
MANBAL,-4.3065305,10.325018
LURAP1L,1.5040475,0.47294804
SLC25A12,5.540533,-0.11078082
ZNF525,11.631609,1.53356
PLEKHG1,10.607158,14.530868
IRX5,9.0277,9.914145
MAGI3,-3.68619,15.496332
TESK1,5.635607,4.4654226
KNSTRN,8.844187,14.424283
MARK1,-0.86474127,3.2957168
SELP,-0.6918968,5.7300205
HAS2,-7.368498,4.1440716
HELB,-5.1736574,-3.8733852
PPP2R5D,8.136694,-2.5264437
PRRX2,0.5970604,6.721136
NRN1L,5.699346,-5.380635
NBR2,11.187845,6.8103843
SETMAR,-5.1706824,10.683856
DHX35,15.234422,-6.232374
RBMXL1,3.3261852,-7.2258105
EPGN,5.323934,-0.28951886
PPP1R3F,13.598111,8.127027
ZNF511,14.74109,2.8479838
COPB2,4.0303974,-7.245778
LMLN,7.524391,-2.3957047
ZNF417,9.0316,8.183633
KRT4,4.271755,-8.926036
CENPQ,5.8075013,-0.16265692
PTGR1,14.70083,7.5960283
CYP20A1,-5.017722,10.609945
MDFIC,7.3712926,12.770063
GDE1,1.6413324,15.333819
IQCC,2.5858803,17.0601
WWC3,5.9383183,1.8890078
SLX4,10.961693,5.861038
MNT,4.05821,9.718606
BTBD16,6.847126,10.249703
SNX11,-3.8073502,11.276577
RUFY1,2.7914262,-1.7167547
MEF2B,-0.32057792,8.903776
ABHD11,-8.001071,-1.023322
MPPE1,5.888631,6.801523
ZNF792,2.9746194,3.0823765
SRSF6,9.002775,-2.325262
FAM120C,-8.175339,2.7320135
SNN,-2.0543056,5.607878
ARL3,3.158857,2.6072845
PUS10,6.9164033,0.7097247
MLXIPL,15.3458605,11.955568
GALNT12,-7.425333,-5.812109
FAIM,-6.6153007,-0.5085547
CHML,-1.5249538,0.42702493
NFKBIA,13.25246,-0.3581768
MMD,15.319268,11.929987
KLHL29,5.907838,16.895306
MIF4GD,-2.4933105,9.747512
FOXF2,0.9657997,-3.2239141
ENDOD1,-4.4683447,8.91896
SEC14L5,7.183178,10.56904
MICAL3,5.43739,-0.50205535
MSTO2P,10.950527,14.247843
MLKL,-4.570463,-4.6177287
APP,10.605069,11.303353
HAUS6,2.805477,13.4597225
ZNF790,-5.7292237,2.979265
MAP2K6,8.871876,6.5288997
MTG1,-4.0816565,7.1903915
PRX,3.454694,5.77912
SLC24A3,1.5672057,18.691343
ZFAND3,4.1325817,9.721067
FBXL14,10.605307,11.305766
MSH3,8.230517,9.497325
ALDH7A1,-3.5050137,12.579732
TVP23C,7.191164,-7.0410633
ZC3H12C,8.147003,-4.4280543
SMN1,-8.319633,2.9320626
VHL,7.154294,12.555596
LPAR6,8.810029,8.340143
ROBO1,7.112416,9.310135
TSPAN33,-5.387212,5.5186343
OSGEP,5.586299,6.6405096
XXYLT1,-0.23262046,4.417208
FUT10,11.98634,2.2380807
CLHC1,12.73819,6.001331
CIAO1,10.744004,14.420795
SNHG7,1.4331614,13.989288
RNF168,0.68718636,-1.0785253
PTDSS1,1.2518507,-4.6843915
ATG16L1,5.230871,2.175759
MCCC2,13.128934,-0.8869124
NCS1,-1.373826,9.858744
NANOS1,-0.050505303,3.2834845
CCDC149,1.125179,3.2167442
ATRX,-10.788312,1.9645815
ODF2L,6.7641497,-3.0091262
SLC6A4,-0.3821021,-7.036364
ABCC4,7.0024014,9.051031
CCM2,1.5874968,18.708113
STN1,3.0723224,4.18055
CITED2,-5.5351205,0.47123045
RCAN1,4.3975773,0.73275703
ICA1,4.038392,1.1971203
GRIN2D,0.5378062,7.2763376
ATIC,10.58958,-2.5064723
SCO1,9.170065,0.8942388
WDR86,4.391322,0.73748195
PSMG4,10.827144,14.342752
CTNNBL1,-2.472781,9.78218
MYLIP,5.5070634,7.242213
STAU2,7.559351,1.5005987
AP4S1,7.0044193,9.104161
POLA2,3.1350086,17.578262
AMZ2,1.3163242,15.356639
ZNF77,-5.6263323,2.9168887
ROM1,5.976389,-4.186203
UBE2QL1,8.927631,14.515699
DCBLD1,8.951886,9.918853
SOD1,2.7260234,-4.0744777
PYM1,-5.662426,10.652992
EIF2AK3,-9.274681,4.3465457
SMARCE1,3.8638787,-7.305316
SLC7A5,10.617646,14.519029
PDCD6IP,4.1330705,10.248943
CXXC5,5.61199,4.4932837
FHOD3,8.022267,-0.038637936
NOMO1,6.690886,19.16205
RAB3A,-7.9600835,8.436113
SLC45A3,3.1690462,5.0756907
TMEM106C,8.403503,4.628631
COQ10A,-5.082878,13.53736
PPP6R3,-10.742294,2.2383494
SPINK7,-4.466174,8.769731
MGST2,-0.64686674,14.704925
GCNT1,-1.8767575,5.288429
ANAPC15,12.289753,5.095841
ISG20,-0.40289167,-7.027011
TSHZ1,3.7106824,12.6692
CAPN11,11.050429,5.7751846
CD109,-1.9808769,13.16094
TRPM2,8.996741,9.94768
WARS2,5.7560124,2.626642
SLC2A11,-12.259786,5.71152
MUC7,-4.8524055,12.97217
MET,-10.745095,2.251393
VIPAS39,-0.42516175,13.2105465
CABLES2,-3.5743802,3.578781
ZBTB34,11.351193,16.279507
LGR5,-7.546045,4.06121
LRRC27,10.10392,3.4548728
TRMT12,-1.3184428,-1.8006067
TLE1,7.1757007,15.651636
CARS2,-2.5082476,8.544629
TMEM132B,-3.6742976,1.6151652
TTLL4,-1.5670775,15.271627
COL21A1,2.6511176,5.782247
BDH2,-0.62998986,-3.8736904
HOXA4,-4.479423,-2.1911077
CLSTN3,-7.0396686,5.803635
PGBD4,-9.215169,16.011414
ZNF445,-2.6058831,10.323256
R3HCC1L,-5.665253,2.9172847
ASAH2B,7.6277776,1.5725732
DIP2A,2.6688304,-6.5054502
KCNS1,-11.735662,9.6163025
IQCK,-0.31876078,4.5133715
TMEM117,7.3080034,-8.875845
POLR3C,6.415901,16.231588
MBLAC1,-3.3084261,5.4697294
RNF121,2.0364943,10.26715
TMC5,1.2085241,-11.901733
MATK,3.204288,5.0447335
NASP,13.515052,8.012176
PART1,1.36694,1.8189058
FBXO9,8.444551,6.5322237
RMDN2,-2.80028,10.027145
TYW1B,9.538054,0.52960813
HYPK,-8.494195,1.1798695
ZIK1,-5.8576727,2.7283711
SLC27A3,-11.306366,2.9588022
GK,-11.652356,9.698105
SLC44A2,5.468691,2.85238
CBX8,10.078886,3.2906563
TLK2,-2.140385,3.9152322
DNAJB6,1.3318887,15.3611965
PSORS1C1,3.6743984,-3.0880222
EIF5,7.614555,12.563982
ZNF337,11.14854,5.8231483
PACSIN3,6.7753897,-2.9921486
IRX6,-0.33822805,-0.06958009
INCENP,-3.367077,12.842681
COL11A2,7.2152643,-7.064959
TMEM52,-0.2077727,4.3883815
MLXIP,4.3217616,-3.6628473
EFCAB13,12.36211,7.2131658
WNT2,3.1310592,18.855999
STON2,-7.5360475,5.7619843
SNAI2,-0.65480524,7.435629
NRF1,-8.5249815,1.9262228
TUBB4A,-6.385015,15.25348
CAMK2B,-8.333289,-2.4642854
CBWD5,9.192847,3.9074543
PGM3,-1.3426324,1.8550936
SMDT1,-4.2496843,5.912202
CRYAB,5.9003186,16.906944
RASGEF1A,7.979225,-0.0004273884
SLC35F6,2.4843695,-1.365936
POU2F2,5.987494,6.7453766
SMIM10L2B,8.01653,-0.034350604
SNAPIN,0.2331565,10.228076
COQ9,-6.7293262,10.6254015
LARGE1,2.3459895,-0.13684304
MICA,5.8523264,2.008542
DDIAS,2.6982524,17.18478
MYO15A,-3.394038,5.0986853
CCNO,-5.203354,10.708011
THSD4,-3.4921482,15.951079
UBE2E2,10.767123,6.051103
ORAI3,-8.441635,13.684325
UBXN8,9.166233,0.9007794
VWC2,5.956298,16.855467
TRAPPC2L,8.940151,-2.332459
AP3M1,-0.5867538,13.025276
MARCKS,-11.619781,9.7285
WASHC2C,-4.32155,-1.6384163
FAM122C,-1.6812165,2.3937507
TEX261,-7.509201,-5.8990183
NRGN,-1.9680578,7.118536
IL12RB2,10.4746065,-2.5803602
OXNAD1,6.1306157,-0.36177176
B4GAT1,2.7544496,-6.6199
CHEK2,-3.356354,12.758215
CCDC171,6.9959474,9.047161
PEX26,10.597884,14.532611
CDK20,13.137996,3.2204108
EHBP1L1,12.556918,9.573565
SCAND2P,11.0561,5.7003894
TRMT2B,-3.222015,4.393447
ACAN,-1.0766605,4.8169947
ZNF10,7.470965,-2.0928695
CCDC15,11.969108,2.1320367
MICAL2,-8.299798,2.0416121
FZD5,-0.10228275,-6.9217587
SMYD3,-3.0013568,9.568862
ZFYVE21,-3.4175143,1.9253457
PHLDB2,-3.9336748,-4.7299676
PSD,-3.6840143,1.6154925
EXOC3L1,3.9267883,5.043179
TIAF1,0.2827349,10.359795
CARD19,-0.07365033,3.280936
MTFMT,5.400222,-0.525163
MYO1B,-1.2611839,2.352422
RIOX1,5.858626,2.4842098
HKR1,-3.881084,7.0823298
GLE1,7.0685763,9.2651415
MBD5,8.0093975,-4.950353
HES2,-4.6439066,5.5677567
PLS3,8.194093,-4.3850093
CRY1,9.66444,3.5117967
VPS37D,-1.3528022,9.901691
DNAJC15,10.552619,9.267504
SPRY1,3.3374157,-0.37891594
MREG,0.73452556,-1.0974164
AHI1,3.5398047,-7.5975585
DYRK2,8.025053,-4.9179006
SLC16A8,5.5170035,4.8307233
RASSF1,-9.648691,12.792537
TMPRSS5,-4.412195,14.766865
RNF214,13.199223,6.217133
TIGAR,8.578709,1.8790381
SMIM4,3.3179913,4.534088
RSRC1,5.6605105,-0.26242694
BOLA1,-0.5085539,9.21852
SLC41A1,12.120357,-1.019647
FAM124A,2.1717153,4.764845
WFDC3,-4.560786,15.20837
PIK3C3,-9.600778,12.81594
MAPRE2,6.031397,1.5825197
TPSD1,-1.7823256,0.9153748
LMBR1,9.79844,4.0185585
H3F3A,8.397124,-4.03473
STOX1,-3.5320055,15.223017
IGFLR1,0.4899953,5.531153
ZNF839,10.634014,11.3317795
TSPAN1,-4.5681453,15.218853
PANK2,-4.0178523,1.1705371
CHN2,3.1386983,2.4293242
BEX3,6.54707,0.4273593
CTAGE5,2.4164224,8.410535
SGCA,-0.37152666,2.8413315
LIMD1,16.684427,11.622914
SATB1,2.6307476,-1.5521824
NNAT,15.3451185,11.957982
ASS1,2.8056326,17.288622
SEZ6L2,-6.3884416,15.265804
SHC2,-6.6149573,-0.50748
NAV3,12.366378,-0.8742676
ATG7,-3.7864764,1.5547446
CPXM2,2.8918853,5.1694636
PPIL3,10.567974,11.262371
EEPD1,-4.014576,1.1880285
RPH3AL,13.137725,3.2218733
ADM5,-3.9541361,-4.734138
ACADSB,-2.440185,6.989816
IDI1,2.2096,-4.4804187
EFCC1,2.2448387,4.8444247
KPTN,-9.967439,5.6748295
RRP7BP,-8.025947,-1.398588
ADGRA3,-1.287064,2.605029
ZNF346,-0.68461424,7.4712167
HHIPL1,-7.68012,5.353891
SCD,15.354213,11.9636135
HYKK,12.362267,7.2112684
CNNM4,-4.44312,8.799304
MSC,-7.0271945,5.7910542
DERA,9.878345,-6.430721
IL10RB,-0.62487394,14.72939
STX8,1.431254,13.982399
NRG1,-4.719967,6.3862486
GAA,4.467976,11.058152
FILIP1L,5.0590663,-0.38059744
CCDC40,13.5732565,8.095491
METRN,8.505489,16.77583
LONRF2,-5.100373,12.951538
KTI12,3.3636503,-7.2448773
NTF3,-1.920239,7.234268
AVEN,-1.249488,2.2937653
CNNM1,6.4355493,10.006263
HS3ST3B1,9.04782,9.951558
KCND3,-5.325626,6.8899984
TTC38,2.64155,2.622281
AGPAT3,-11.665763,9.684962
STX18,-0.6878659,7.4928637
EP400NL,4.349163,10.425347
FAM102A,-4.3296413,4.0398297
EIF3C,-5.9503584,11.33473
BAALC,0.8272199,3.2211103
ACCS,1.5375212,10.078295
SESN2,6.121633,-4.5591803
CHCHD2,-5.955813,11.33914
DCAKD,6.0412083,-0.3408318
PTPRN2,2.182021,4.7527924
CERS5,13.137518,-0.38263562
GUCY2C,6.899235,10.291536
TRIM59,-3.3448653,12.825252
PIGP,11.832701,6.2380543
GPATCH2,3.8099597,12.062627
LAMB3,5.498555,2.7879124
ABCA11P,7.299828,7.4776206
B9D2,9.24267,11.399145
TXNRD3,11.68805,5.3276806
EFHC2,7.1672173,10.554072
DNASE1L3,5.9059577,16.909357
FAM120B,2.5130348,8.126151
PANX2,-0.37424237,17.893106
ARVCF,-1.9449123,9.072462
MAP4K2,-12.267845,5.719973
EMILIN3,8.843404,14.419608
ZNF441,-1.3546116,1.8829501
PIGZ,13.53407,8.044367
RPS6KA5,3.7624316,-7.44426
DECR2,5.8679442,-5.035006
LEPR,-0.3074112,-0.052775655
ADPRHL1,0.07506355,-7.1471205
SLC4A2,2.41332,7.163327
PDE4D,5.0717916,-0.42474326
PELO,-5.223172,10.627296
BAZ1B,16.096931,9.838172
PNCK,-1.9853915,7.3656564
AMIGO1,-5.145472,12.930237
CHD4,-3.9701169,6.604543
HNRNPA1,-0.9447871,-3.7440693
FHOD1,-0.6750273,7.40258
REC8,-5.2466793,-3.8086445
RNF24,4.3163686,-3.710728
TPBG,-5.1454964,12.930244
CLDN23,5.6323347,-3.3868928
CHST15,0.3099578,-6.8074408
NBPF20,-0.6779705,7.4267507
KIAA0922,0.11533712,-7.1721244
APBB2,-0.6758321,0.46533114
NOMO2,-8.164923,2.336541
SLC1A1,2.3715413,2.407366
RNASEL,-1.2203873,0.70676535
INPP5F,11.635519,1.544332
MORN4,-1.2462215,0.689507
MAT1A,-3.5824168,3.9050932
CCDC113,3.1381097,0.31797954
CENPN,2.577313,17.062374
SNCAIP,-0.75291675,2.964757
ZCCHC11,-3.962449,-1.673559
GINS3,9.017218,9.921315
LIF,12.095138,-1.0448885
CASK,1.578647,1.3740187
PTPRS,-7.69056,4.3672624
SLC38A7,10.096056,7.2534413
TMLHE,3.3585546,1.7305137
WASHC2A,8.939917,-2.3297572
IL16,-1.7136186,0.8702949
KCNS3,12.783727,-0.6180188
CENPO,12.542325,-0.78559005
PDE8B,-1.1415648,4.763905
RCC1L,-4.1961646,0.8870425
CCSER1,-4.7268295,12.839455
PHACTR3,9.031677,9.893194
AMPH,3.4428525,1.5536029
WLS,7.3907695,-2.5673153
HERPUD1,-5.3238225,-4.6910295
GCAT,-0.50925857,7.0939403
IRX2,9.932056,0.50259256
SCX,6.063614,-6.240899
CYP1B1,-0.86679745,3.2864416
ZNF589,7.2528896,7.530459
PSMD5,3.0025094,14.453895
L3HYPDH,1.7980305,8.890508
TOR1B,12.388973,2.4537075
NINJ2,13.828244,5.8729615
CCDC3,-1.0073489,-3.7515352
L1CAM,2.7547722,7.2683067
MLIP,12.622126,1.0772452
SLC22A5,9.018029,9.914245
SLC6A6,4.203024,10.262745
IKZF4,16.684486,11.623038
CRYZL1,7.0470276,0.63290405
MCOLN3,2.9361389,5.4406724
ZNF784,-5.394371,10.811488
FAM171B,2.280536,4.848919
SMIM7,-12.783172,-0.9104671
CPT2,-3.4198532,5.1500554
ANXA4,7.190465,1.0960139
EID3,-9.275052,4.3465886
RBM20,-0.8077805,9.46145
PHF12,4.4212947,9.625636
TRIM17,-9.842775,5.9905853
SRC,-3.3524911,5.3872232
ZNF462,7.7761264,16.491072
COPRS,11.606905,12.269803
TLDC1,10.367816,6.6052003
ANAPC5,5.8896756,-5.054461
FUT2,-3.3878372,5.0962386
NECAB1,9.221276,10.0720005
IQCG,-6.668898,-0.5771818
ARMCX6,-2.606839,10.321044
PLB1,-4.956258,8.547144
DSN1,3.1128438,17.70397
ANTXR1,7.400409,13.443373
NEFL,-0.07493737,8.692975
SGK494,10.649144,6.561721
KRT42P,7.2281494,9.801581
ZNF385C,1.5195149,1.4616387
ISCA2,10.111295,0.15296802
ADAM17,1.4113178,15.321372
MYOF,7.7336445,10.847929
PDE4DIP,6.0778136,-1.5721031
EPM2A,-1.9998809,5.5921745
ABCC3,-3.988239,6.9312005
FAM46C,-3.70467,15.540434
CD101,-8.33986,-2.4713497
IPCEF1,9.998742,7.0524187
GOLGA6L9,3.350544,13.568495
MYCBP,4.249255,0.8082343
ABCC1,1.5265139,10.094889
COX6B2,15.768278,-1.5822217
ODC1,8.1724825,2.7801056
ADGRB1,-5.200086,6.8907166
PROSER3,-5.7648873,10.946969
FAM53A,10.122567,6.790739
HIST4H4,5.8036437,2.176806
IRF2BPL,-8.160499,2.333552
ZC3HAV1L,3.270025,13.706886
DCAF12,3.9709668,10.405977
DCP1B,11.369214,6.5130844
ABCC2,2.327593,7.8074274
PTPN20,7.6430216,1.5842323
CSNK1D,14.726996,2.8396995
SOX4,0.9512253,-3.1419017
MED9,-5.147527,12.932377
LRIG1,1.4814811,0.8302248
LRRK2,16.506685,0.72400093
ZNF718,12.591975,5.9320345
ZNF490,9.029848,8.184363
FAM107B,7.437662,-8.95605
B4GALT6,5.5399203,-0.14614815
PPP2R1B,0.3150981,-9.829075
CCDC88C,-2.410312,8.799506
PRKCB,6.7444496,10.190327
RAP2B,8.203309,2.7647233
SH3PXD2A,8.202862,2.765171
TMEM229B,6.268706,15.6463
IL2RB,-6.772205,14.535814
APRT,0.633631,4.182637
ERGIC3,0.84601027,13.461269
TFEB,3.2762308,1.7699884
ANKS6,9.304979,-6.516499
GAS8,5.914421,-5.0826697
KIAA0319L,5.575774,2.509741
FAHD2B,1.5174241,1.4713973
SMIM10L2A,-5.377612,5.529579
ZNF689,5.50241,-3.142659
SETD5,16.582384,-3.7941868
TLL1,-5.1042976,10.639859
ZNF713,1.7083588,11.724368
THOC3,15.671152,-1.7115222
STAG3L2,7.2570825,7.5263314
BDNF,2.3499024,7.0890145
NEURL1,12.593605,5.9070063
SYP,-3.4604323,15.158358
FMO1,-7.505626,5.7737093
CACUL1,1.4903772,15.634163
JADE3,-10.655392,2.0880733
TUBB2B,-3.5417614,6.258905
XRCC3,14.539418,2.3517709
ORMDL1,2.9722178,-7.9185624
PDZD4,1.0451906,12.1237
SHF,1.7135043,16.195072
FZD8,4.4358706,-10.466884
NR6A1,-8.586975,-2.8146255
TMEM184C,-0.9682333,12.520318
PRRT4,-10.181848,6.238444
CCDC51,13.635762,5.960067
TMEM140,-7.81774,-0.123369664
GPR132,5.4943533,-0.6399267
PROCA1,4.4750075,-7.0160913
APOL4,-7.3752756,4.1258483
ANKRD37,16.063175,-1.3677901
PPP1R35,-0.31718603,8.895113
SLC25A23,-0.4768766,1.476148
DOK7,5.6511354,-3.2979317
ZNF841,13.660784,5.946288
CDKN2B,-1.9817713,13.160345
ACSL1,-0.47247303,7.0571656
RNLS,-3.4221718,16.007425
ZNF552,8.017031,6.811382
PCYOX1L,-13.301767,3.8142838
RAB2B,-10.77785,2.4056048
SFXN3,-4.2503557,8.869217
LRRC29,-10.748122,2.2484107
MYO5A,-6.5103846,15.390097
AGT,0.5377154,7.2791057
ZNF487,-0.3999802,3.4155197
ADCY2,-7.560384,3.961474
DCUN1D3,5.4924264,7.257668
SLC5A3,-1.6853892,2.4412918
MTRF1L,9.194861,3.9085438
ZNF700,15.40886,9.654308
COL9A3,7.966983,0.013439817
NONO,8.923754,-2.3207726
NFKBIZ,6.047302,-4.5744185
MSMB,-6.3917623,15.267751
PON3,7.4020996,-8.988858
TNRC6C,2.5415716,-0.32931796
TMEM50B,7.473648,13.145661
ASMTL,-4.6924305,3.5292344
RHEBL1,-11.716155,9.637308
PCDHB11,1.1276383,3.2050474
ARRDC4,14.654738,-0.60763896
IL6R,-5.885216,12.390052
SLC52A3,12.513164,-0.5917325
FICD,-6.8131547,14.513487
TSKU,9.6640215,0.08098631
NPR3,-0.8905926,12.685472
PJA1,-4.3922906,10.3514805
THSD1,7.7392726,3.2736838
DNLZ,12.545359,9.563912
HMG20A,4.0901074,10.297281
ARHGEF16,-7.9588895,8.414082
DGKH,3.527997,-7.6008363
DNAH9,-5.1204886,5.5926824
NXF1,14.471555,2.328691
SLC9A3,-3.5939133,4.545206
NLRC5,-3.573445,3.5856023
CES3,1.3100884,0.70625436
MRI1,2.582969,-10.673434
PPP1R12C,-9.954224,6.1133995
MFF,-1.3698808,-1.7415092
PCDHB15,-4.461997,8.912131
ABCD4,1.2628974,-4.683988
INAFM2,5.586362,6.5809135
MEIS1,12.680283,-0.7087766
LNX2,1.72813,16.050892
ADCY7,-12.786084,-0.906989
CASKIN1,-12.541398,0.9965914
SLC7A4,-3.4166915,5.129966
TXK,1.7011228,16.201189
PRELID1,12.570188,10.789721
PHYHD1,6.550403,10.012087
DRG2,-5.7124214,10.678211
MOCOS,-4.9521046,1.4722873
HSD17B1,-3.309897,5.4607005
CCDC107,0.51601815,6.4595814
SPSB1,8.21939,6.654898
AUTS2,-5.889692,4.3073697
ZNF32,-0.89141923,-3.936972
KCNQ3,5.768818,15.55053
B3GLCT,4.042593,1.1884891
HMOX1,5.299921,10.358699
PRMT6,4.463018,0.65857756
TES,5.828989,-0.3986176
ADAMTSL3,7.0403438,-8.58024
GNAO1,-3.4574857,15.163175
HNRNPD,10.680108,6.542567
SGSM1,-6.9374127,8.338138
SLC25A16,-3.847996,-6.7283144
CHRNE,0.30859634,10.249158
NFYC,0.14955659,4.232239
JPH4,-6.384421,15.25295
AS3MT,-3.4941514,15.945341
TIMM10B,1.2428849,-4.695588
CIDECP,6.7923326,-2.9760232
ASB8,3.5873597,-7.5734625
AR,3.166802,5.08243
POU5F1,-8.112491,1.5952905
SLC39A7,-4.0422883,7.6246514
SOS2,3.7041585,-7.492483
NSMCE3,-1.6628908,5.440967
FAM86DP,-3.7409856,11.232141
CNTD1,-8.478023,1.2114707
ATP8B1,9.795331,4.044251
S100B,2.8906982,5.275392
PLCD4,15.213918,6.3784356
WFIKKN1,8.5110445,16.76842
LDOC1,-0.66035914,-3.4124682
SGSM2,7.22578,-7.0796127
CPSF1,-12.898931,6.921893
SLC29A4,5.587409,6.594608
RPSA,0.84559846,13.653516
NTM,6.0513144,5.589425
CIB2,7.219296,9.809784
LMO7,7.4164157,13.021159
PPP2R2B,11.810554,2.3931415
ALG1L,-8.549823,-2.7740242
WDR11,5.287764,1.3821086
RBKS,2.3177688,2.3860881
MRPL39,2.2386568,-4.459242
ZNF843,3.9008756,-5.498349
UNC5CL,-2.9357255,-9.272555
SORCS2,13.424866,7.936921
GCNT4,7.6065354,10.822858
WASH6P,-3.5733418,3.58118
HS6ST1,-4.7010818,15.346491
AFMID,-4.437723,14.703277
TMEM60,9.956734,3.7918367
NCK2,0.049139217,-9.481677
GSR,5.9721856,2.728218
HES6,-5.7176013,10.640606
SLC6A14,5.3272367,-0.29172078
MEPCE,-2.941005,9.593968
PLXNA3,-8.619743,-2.8435378
PSEN2,14.55448,2.6084177
NOTCH4,2.47728,2.3712993
NBPF19,-3.539846,1.6130146
MAGEF1,10.449825,9.349141
ILDR1,11.518148,5.1346035
EIF2B1,1.9415689,-4.6826243
ZNF432,-8.462937,1.2247231
MARCH3,6.2843304,9.741518
CDR2,-1.8830621,5.3339624
THTPA,-8.111245,1.5743811
PINLYP,3.1746876,17.357428
CCZ1,3.9281476,11.877998
MYO1D,6.892659,0.70384413
PDCD1LG2,4.7632565,15.654838
ZNF671,1.5015278,0.4807998
JAK1,8.432267,-4.0266695
ITPRIPL2,-7.6470604,-6.0417304
CBR3,-5.2158475,-3.8307488
TDRD6,15.410077,9.654436
TRAF3,15.746053,-1.6157699
MED22,6.2809997,-0.41425616
TADA2A,6.0319705,14.373979
POLB,-1.141607,-4.495975
ATR,9.167729,0.9068521
C1QTNF9B,-4.429918,14.733524
FAM182A,-3.3910644,4.554457
MAPT,-1.2521137,0.31367567
DGCR11,5.47512,2.8305259
FAM198A,-4.565213,-4.818222
ERCC2,12.360482,10.984423
GLI3,3.426314,4.2210693
SEL1L3,5.5047183,2.7800038
SLC6A2,-6.810914,14.519552
PEX10,14.749153,2.8568637
TMEM267,3.7927,12.01228
GALC,-2.2966368,-6.317709
MLC1,-6.3849087,15.25343
VWA7,6.057399,5.596737
ZNF850,-9.537175,7.591382
FTSJ1,10.834358,14.3328495
WNT5A,7.297838,14.933667
TMC7,-3.6699657,-1.5802542
RAD50,7.280915,1.1916059
ANAPC16,6.2397585,19.177101
PHACTR1,12.623897,1.0766246
TMEM238,0.86114115,13.493517
HOXC11,1.2246022,1.9770796
ZNF599,11.08549,6.7371526
NUDT11,-1.6839181,2.4334896
ACAT1,1.6079348,18.736195
UBE2E1,7.9091554,12.53952
FBXO22,1.8116723,8.91222
SLC4A7,-1.6670376,2.3372695
HSD17B12,9.840101,3.9651175
NOS1AP,-0.6812381,7.400916
CFI,2.4757712,2.3700686
PATJ,0.6827785,-1.0735315
GDI2,-0.8167443,12.750083
TSEN2,-3.7759414,11.177887
CPSF6,1.800375,8.89658
ARC,-3.6498103,4.8492684
DYRK3,0.837154,3.2021222
MRPL57,-5.6575737,10.659125
PLA2G7,5.9593477,9.9911175
CNTN1,2.6516526,5.7884026
CACNA1H,1.2106841,-11.891604
CDKN2AIPNL,4.5040383,-6.9887586
NPPA,15.2589245,6.41695
ARSG,4.944576,-1.6006035
HMGN5,6.914485,0.70744777
CLEC4A,0.34067443,5.229339
SNX29,7.4970765,7.2752614
CPVL,-3.076866,-0.24714078
HAGLR,2.4784195,2.3683043
SLC25A1,6.6842184,19.156948
NOS1,0.26648793,4.2213764
DPYSL4,-0.13128045,-0.4252236
MLF1,-8.293766,2.915398
MRPL23,-8.101608,2.8443418
MALL,0.009562362,4.3017106
ZNF232,12.786394,2.7796125
LRRC23,11.194704,6.8096547
RPRD1B,-8.528416,1.8001918
HOXA1,0.65515685,-1.1965157
TCP11L2,13.046836,-5.7459273
WASH7P,14.400987,2.3677568
CCDC18,1.7993797,10.538072
FAM76A,2.4370937,7.6748843
LAMA1,1.5411035,1.1851581
BACE1,10.626923,11.323213
ATG10,11.142971,6.7264147
HORMAD1,12.589301,2.5970376
KCNJ15,0.99084353,-3.1575835
ARHGEF39,-1.971784,6.9315987
MGMT,-5.1252775,4.2947454
CNTNAP3B,0.13370411,14.957145
VEPH1,-7.957241,8.4415245
SMARCA1,-1.7342744,5.443553
BLVRA,-0.38003078,-7.0395703
ADGRD2,-8.357447,-2.4917777
KANSL2,2.4164724,8.397008
PCDHGA10,6.2943454,2.2804594
RGPD8,2.69713,-6.5410023
CCDC24,7.191066,-7.041254
MED28,-6.614188,-0.51097345
DONSON,-2.9047441,-9.240767
TAS2R5,11.069222,6.730741
PEX5,-6.549345,1.3763443
SPAG7,4.1766915,6.4934053
ADAMTSL1,-7.3802967,4.9834285
NT5C,3.2382433,9.985917
AK7,3.7390935,-3.0434496
CYR61,-3.6986132,15.525961
OLMALINC,9.055979,6.518304
METTL6,11.561191,5.689747
CYB5D2,7.122419,1.0200447
TG,10.158222,16.998186
ZFYVE28,3.2765229,10.051025
LRRC20,14.517815,2.7976916
INSIG1,5.9678035,-0.09356063
ATP2B1,0.8749129,11.957147
PDXDC1,-0.08217519,3.273565
QPCT,-7.817469,-0.12240499
FRG1BP,-0.90656346,-3.8181467
ZMYND8,9.015951,9.934859
NENF,3.2542322,10.011225
BEX2,3.2502825,4.510414
ST8SIA1,-4.5653286,-4.869108
PEX19,8.203221,2.723713
BMPR1B,-0.90921813,3.3076415
CPT1B,7.181648,-7.022694
DNAJC9,5.3108544,1.4160953
MSS51,-10.010168,5.778695
CYTOR,0.55270076,7.235019
CACNA1G,14.529194,2.992671
ZC3HAV1,4.4459686,-3.482323
POLH,4.0109067,6.306438
GPR27,-1.2569861,2.3269448
GOLGA6L5P,10.414683,-1.8966342
SLC25A51,-9.679697,12.761759
UBB,4.3629355,9.367483
FN3KRP,-12.7858,-0.9074669
DDX19A,1.4980966,10.059669
AP3B2,11.172529,6.785012
PLXNA4,-1.2385104,2.3317347
FAM174B,7.8921857,0.067791075
SUMF2,9.9827,7.017367
NPIPB15,14.662416,7.5649734
CPNE7,-9.718375,-0.7328991
ZSCAN18,11.054115,5.702491
NPFF,-9.903576,5.6254554
FAM221A,6.3063464,16.340702
RUNDC3B,-2.1549745,-7.105445
FAT1,7.240202,-7.095934
HPX,-12.305924,5.762528
OVCH2,-3.591733,3.9065564
NPTX1,5.860748,2.2229228
OPHN1,6.048195,15.876972
ZNF670,-2.6591105,-5.958012
NELL2,12.40459,5.750358
ARIH2OS,-4.2098937,0.87408286
NQO2,3.298663,10.069685
GAREM2,0.59730816,6.7857647
TMEM198B,-12.297059,5.7535524
FAM50B,3.2057867,5.064558
RPL39L,-2.4207425,7.0000763
NEAT1,11.189638,6.812812
DCAF6,5.336668,-0.60232943
STYK1,-11.335126,0.21447231
FBXO7,8.675642,6.512249
PPM1N,-3.5804148,3.839208
WWOX,-7.403795,10.363432
CCDC43,2.4033413,-4.324558
NINJ1,5.4899125,2.8093383
GGA2,-6.378379,12.975882
CRYZ,13.2927475,7.8518558
ZNF266,-9.105427,0.3571101
DBNDD2,11.890449,-6.528622
ZNF394,16.222801,7.4409432
ENTPD3,-4.6256437,-4.477943
PODNL1,-3.4098785,5.197216
BIK,7.516759,15.326872
CWC27,3.8255956,4.139366
HRCT1,3.7892334,1.0633575
THOC5,1.2067641,-1.1936315
CAMTA1,6.036007,6.7158537
NEK4,7.1915717,1.0878147
CHMP4A,-4.151191,5.8368616
TTTY15,12.603098,2.6138668
KCNC3,-10.183489,6.2436414
FLJ37453,-5.326998,-4.7059283
ITGA6,7.2246118,9.808016
WIF1,-7.130325,5.8038073
TRAPPC2,7.4228435,12.675006
CRTAC1,6.9142966,13.650693
SHISA6,4.2286263,1.0340694
ANKRD42,3.9185035,-5.4798374
PLA2G4C,-5.0328894,-3.8758702
PCLO,-7.9532785,8.412747
CLEC11A,0.51707083,6.459867
TMEM107,11.201969,6.834885
SNHG19,1.046923,13.806421
SERPINA1,0.048165713,-7.143333
NAV2,-0.07111778,2.9734862
RAET1L,4.879497,10.803992
MAP7D2,2.5236275,7.611403
FRAS1,16.536663,0.7559045
NUDT18,14.769866,2.8840675
NPIPB12,3.9960668,6.2962265
CHRAC1,11.037448,5.715748
SPTLC2,-3.746335,11.223188
LRRC57,3.1155686,13.933621
PRKY,-2.176535,13.877348
SYT17,-4.6466284,6.3394136
TMEM136,3.0852282,0.006476924
TMEM231,-8.458043,1.2394048
SLITRK2,-7.4022226,11.936562
HOTAIRM1,1.5027484,1.1004351
GNPTG,3.2526953,10.011462
DDX11L2,6.0870986,-5.266555
EDEM2,12.873233,-0.5787705
WDR45B,-1.2220637,0.6808085
NBPF25P,-1.219523,0.6884567
DNM3OS,-7.4188666,4.115491
CYP1A1,6.01721,2.23431
NPIPB13,3.9998107,6.2998776
ERICH1,4.4571333,0.6678332
MIRLET7BHG,-8.4710045,1.2205399
SREBF1,-1.9846554,9.110495
GPR35,6.0374484,-5.2308145
DDTL,-8.466565,15.365644
RFX3,-1.393589,1.9600302
CHURC1,-0.9069969,-3.7166855
PNKD,-3.5782254,3.592212
PSTK,-1.2878357,-4.648034
LRP2BP,-9.45025,7.5350575
RBM45,1.8024817,8.901205
PTPMT1,1.8794742,-4.6508417
DDAH1,-1.858317,5.3104324
GFAP,-5.1339207,13.602526
NTPCR,13.14062,3.2219653
PDE6D,2.7265968,17.222895
ZNF852,-9.650184,12.791519
MT4,-3.4500418,1.731781
SMG9,13.468284,7.970361
COL24A1,-0.14043568,-0.164337
HAUS8,8.399625,6.395405
NIPSNAP3A,5.2252526,-0.72611856
NBPF3,3.0977824,-3.1582139
RIMS3,10.61648,14.519323
SPATS2L,5.409365,-0.5375442
FAM86B1,10.922632,14.273059
OBSCN,7.5102096,-5.615954
MBOAT1,11.897028,-6.524885
CLYBL,13.128012,-0.8858677
PCK2,-4.6938095,3.4499955
ANKS1A,-2.262397,9.294272
FAM213A,10.31941,9.456128
MLLT11,-4.0023017,11.478579
PLPPR2,5.8319125,16.961452
ZNF365,0.23038396,-9.707414
ZNF436,-2.2554998,8.862702
RNF212,10.705481,6.570132
ADAMTS17,5.8305464,-3.1022487
BEX5,-1.6408496,6.819489
EML6,-4.6220517,6.2680683
DGCR6,17.285067,4.5892286
NCF2,8.705301,-2.0085313
HEXIM1,4.515827,-3.4051855
CACNA2D4,1.113773,3.2021692
MAPK10,7.459824,-2.0288343
SHROOM2,-0.07170106,3.271124
CHRNB1,0.25350955,10.296187
TSHZ2,12.235052,5.178575
CRADD,7.3463845,1.2684715
GLA,-9.942121,-0.94376385
GNB5,-8.3548975,-2.476033
ZNF630,1.7671328,10.530944
UBFD1,4.48879,-6.998886
PITX1,1.5426941,10.297622
INPP5D,-5.0388937,-3.861458
KIAA1161,1.1981826,-4.7159595
TRAPPC2B,1.4326869,13.993877
DCAF16,-3.9609108,-6.8101687
GZF1,9.656762,3.5280068
SEC61A2,-1.5654548,15.2711315
HAUS7,-8.334642,-2.4656315
KIAA0319,12.242568,5.1550326
SLC25A48,6.3339367,12.553312
SLC27A5,-3.770408,11.184881
CDKN2C,8.757286,11.923629
PTAFR,-4.9580097,8.548799
GRK4,-3.5399542,11.352779
ETV4,5.6675663,16.985855
SPIN2B,5.2883053,1.375455
CALML4,6.068456,-6.239446
COL28A1,-4.3537407,14.969723
NUDT2,1.0815445,13.832297
CLCN4,4.2578177,-3.8758013
NMT2,7.4324446,12.675868
SLC37A1,5.390267,-8.8388
HMGB2,-1.9146879,2.282095
LENG1,-5.0097218,4.220939
BLNK,5.8141336,16.983484
EIF4E2,3.2489824,13.698496
POMC,10.369793,9.413975
NAV1,6.305667,13.947404
RRP7A,-9.763426,-0.7798641
FRY,3.1621602,13.907508
RP1L1,5.655265,-3.5322945
ATAD3C,-4.6558475,-4.4784975
TRMO,-5.8857336,3.1435094
SUSD2,-5.2067976,6.993224
TCFL5,8.940089,1.2508637
HDDC2,3.8437483,4.1302075
SCD5,11.803312,2.3943906
IGSF9B,-2.432852,-2.9651694
BPHL,3.1316621,18.855268
RASL11B,3.1679027,5.0743027
TMEM51,4.7724805,10.87748
MGLL,14.053821,-2.2801738
ZNF124,7.2625337,7.524753
SRXN1,-4.3453007,6.4137454
ZNF155,-4.27779,-2.013247
TBC1D10C,0.5291815,5.5768065
KCNQ1OT1,5.6845818,10.112356
NAAA,6.2324986,13.24282
ADGRE2,3.1178007,0.24332243
GNAL,10.674035,14.4786625
KCNH8,-6.3809757,15.289756
FAM227A,8.401118,4.6318684
MTSS1,6.4180956,16.239971
MYBL1,-2.9717934,12.541156
FER1L4,12.37588,5.7485476
DIO2,3.0697422,-3.1811352
ARL16,3.2522357,13.627951
SLC22A3,-2.3095603,9.359748
TMEM133,7.371558,1.2904693
ANP32A,-3.5358946,4.657163
UBXN10,6.3689756,13.930113
SCARB1,7.5352616,-2.406827
YBEY,0.9159944,13.706265
SPATA6L,7.174439,10.5699415
WDR73,10.793968,-2.470605
RARRES1,-0.96703917,1.1326084
ESR2,8.989262,9.94818
VARS2,-12.899186,6.92219
MEX3A,5.960249,16.832918
UXS1,1.6604911,10.8605585
OR7E38P,3.1815088,9.862607
WASHC1,8.624235,16.623692
ABTB2,7.509414,-5.616888
WFS1,5.8676796,2.4351866
TOGARAM2,-0.13251875,0.40882877
ULK4,7.2969637,15.02457
XKR8,10.1799135,6.74905
ZNF726,-3.2549028,4.4267755
SNCG,3.0936742,2.1129775
MAFTRR,-5.131184,5.5948234
KCND1,5.982164,13.334734
PAAF1,-5.1725683,5.616694
RBFADN,-2.604585,9.704757
PSMC3IP,-1.2955505,-4.6563582
RN7SL2,12.566959,9.557882
PCDHB2,1.1563323,3.216461
MROH8,-7.627786,4.6049767
FCGR3B,13.944557,-4.532637
SRD5A3,3.4487348,1.5278456
TOR1A,7.8245845,3.1728342
