node,x,y
RHOT2,5.9735384,3.823222
PARVA,-4.3586655,10.184924
LIMCH1,2.44029,-2.2616177
CALD1,2.3938649,2.3004773
GABPA,2.9852626,7.919682
PLS3,-4.1081424,-1.5790545
RICTOR,-4.1863146,4.7115383
DOCK1,-8.647198,8.496525
BCL11A,3.132015,-6.1470876
GNG12,-4.1300483,-1.6682842
JMJD1C,-3.5360217,5.034611
MAOA,2.37951,1.3254775
ASH1L,-4.0179987,4.0766745
SERINC1,5.7696314,6.4850426
MIB1,-4.7419086,1.1981288
EGFR,4.6519685,4.799377
ZMYM2,1.5512048,9.080878
RAN,1.5300823,4.3641725
SRSF11,1.5010068,9.028386
IRF3,2.3791506,11.114387
API5,-0.9856736,15.6079235
SGCB,-6.249255,10.350559
EXOC5,-0.5349197,7.806984
CSF3R,9.52858,-4.866904
TRAM1,3.4429834,10.658744
SNRPD1,1.267266,4.739748
STAG2,-6.675508,0.8658588
OLFML1,-5.132475,11.205884
ROCK1,-6.886778,3.904588
GLT1D1,1.5166771,12.022352
TRIM33,-0.027684474,5.0163713
ATRX,-5.5460095,3.0659049
ERMN,4.376647,9.307355
MSRB1,1.0463637,12.133349
SORL1,7.0240936,-8.417642
CSF1R,-0.9033469,-9.868771
CD19,1.8644375,-7.0250506
NDUFA13,10.072707,10.535932
C1R,-12.819815,1.8308818
QKI,-8.526233,12.893569
PIN1,6.368241,-0.82870215
ZBTB16,2.7000408,0.99281037
NEK7,-5.663526,3.850387
UBL5,-1.7123778,5.740409
IL34,-2.5524158,-1.0143095
SCAF11,2.0542862,6.9237995
SSFA2,5.404315,6.794262
FAM91A1,-0.106391616,6.135444
DENND4C,-4.7101083,3.7179527
ARID4B,-3.427485,5.4018173
NOLC1,4.302536,16.00461
MYDGF,-5.057734,8.610446
GNA11,-7.7509627,2.1080139
BCLAF1,-5.8409824,4.8404803
TMED2,4.407419,13.052914
IL1R2,8.620252,-7.7122746
DUS1L,6.4943056,3.8932235
SEPT1,5.68349,-3.9382753
CNR2,2.686818,-6.1235776
PSMD14,-3.8208716,15.006565
MRTO4,6.10495,13.62842
PRKAA1,0.012081543,5.45799
CD163,-0.06370168,-10.072224
NOS3,7.5129647,0.86042976
ABCE1,-1.8439054,15.949403
SYDE1,-3.7040007,9.940571
FERMT2,-5.9380054,7.939455
LCK,10.464249,-3.7304673
EIF3J,-2.6284018,15.83443
PTAR1,-5.790245,5.6205645
PCNX3,5.14009,2.5744362
CCT2,1.6788316,3.9888499
PSMA2,-4.334109,14.932926
DPH2,6.5430493,13.192998
RBM3,4.6553597,9.690761
ARPC1B,8.016334,7.498651
TACC1,4.2566276,4.570858
SYMPK,5.993521,11.42682
PTPN11,4.1096554,-4.014552
KANK2,-4.5555253,10.511397
TMEM259,-2.786838,2.451853
NR5A1,-0.5202537,-5.732334
FLAD1,5.562099,11.903473
HSPH1,9.484389,13.97035
HM13,-5.1085954,8.614302
MRPL12,-3.6348045,8.016007
TMEM106B,3.2782989,8.086086
ARHGEF12,5.282363,6.9026337
HIPK3,-7.073929,3.8110862
ANAPC2,7.5743513,4.6280475
DDX21,3.8852968,16.311596
IGKC,5.527402,-2.2284007
WDR43,4.011378,16.179203
TRIM2,-3.7012615,-1.5195984
AFF4,-4.926253,0.73114276
MYH10,-2.1491396,12.193423
SHARPIN,6.5450287,7.8118734
CAV1,-3.008035,-0.8861233
CD81,-6.405991,2.4834163
PIKFYVE,0.7780284,6.1204443
MZB1,6.222118,-2.231379
WASHC4,0.5487431,5.9722257
TROVE2,-0.9841652,7.727617
MEGF9,6.0498223,-8.17101
PDE2A,-0.43533,-5.0625386
PDGFRA,6.08418,5.445074
LMAN1,4.155772,12.95993
LZTS2,-8.017121,1.6756005
IPO4,6.689647,13.168066
CYHR1,6.350144,8.1612015
COX7B,-2.877191,7.137507
TBC1D10C,6.2805834,-3.6309524
TIMM8B,-3.2263508,7.2468705
TPX2,2.0057418,-2.3045275
SYNCRIP,-1.7518762,15.860428
C1QB,-1.355031,-10.07863
ANTXR1,-11.02674,4.033229
C1QBP,1.4759939,4.1633525
DHX37,6.9830785,13.422493
IRS2,3.1858044,0.9327027
BIRC5,7.1638427,2.6390913
BGLAP,6.1736283,8.410651
FBXL15,10.130464,-2.963837
SEC61A1,-4.9660187,8.545552
ATP5G1,-3.3842993,7.7713437
SECISBP2L,-5.3331647,3.3373811
C1QC,-1.50373,-10.035272
ZNF148,2.9237149,7.0147033
CORO1A,8.076612,-2.1077216
AIF1L,5.866841,0.45946896
SSR1,3.8323433,12.331122
E4F1,8.360113,9.554207
RPL11,2.361214,-8.255452
CREM,9.697549,-3.8722138
FBLN5,1.7092963,2.3027098
FSTL1,1.9024985,2.5282564
BANK1,3.4224272,-6.094386
BRWD1,-4.281797,4.9045286
TSPAN9,-7.310583,2.173699
RECQL4,11.524184,-1.7201644
EBLN3P,-3.0099175,5.5590534
SASH3,7.6974034,-2.8813415
TOP2A,1.9744279,-2.3861804
MAGI1,1.8852279,-1.6373167
FCMR,-1.3365841,-4.873957
TNPO1,-1.3986932,7.6995897
TRAPPC10,-0.6914202,9.808802
S100A9,0.669239,12.084279
TMEM33,11.940248,7.266211
PUS1,5.615211,11.622128
SLC25A36,1.9796919,9.252097
DNAJB14,2.5923681,7.575156
RHOC,10.138124,-2.0764625
CAB39,11.985187,7.3518505
ATP5J2,-2.685382,6.841266
DDX18,3.614948,16.166195
MARCH6,1.6589036,9.038373
LAMB2,-7.966934,2.0847013
CLIC5,-5.423527,11.525554
PTGES3,9.708758,13.452412
DAAM2,1.550448,1.7559286
SSNA1,6.493177,-0.70638967
UQCRQ,-3.09978,7.068874
RFNG,6.531614,7.853662
DSTN,-2.4265747,11.8851385
S100A8,0.5709221,12.05725
MAP2K2,6.541914,-0.6538937
NCAPG,7.2724013,3.0059462
C1S,-12.921065,1.9185003
MKI67,1.9060199,-2.7135148
C1QA,-1.2258801,-10.239653
WWC2,5.480791,6.7126837
PHC2,12.034831,1.1252109
NDUFS6,-3.7446392,6.6610885
SSR3,3.887416,13.010521
TEAD3,-3.5697963,10.190767
SSH2,6.679374,-9.187925
NAA15,-2.0148232,15.922184
NME3,10.744535,-3.3869522
ACTR2,11.174749,7.14233
CD40,2.9829364,-6.546237
UBE4A,-0.20223808,9.82136
HSPA13,3.5552638,11.278713
ZMYND11,-4.7305627,1.0257732
PTPRB,2.8254466,-1.5460147
RRAS,-6.441909,2.45585
MIA,5.201564,9.25741
SLCO2B1,-1.2104015,-9.556016
GIPC1,12.4272785,-3.1633372
TGFB1I1,-3.4038453,10.482277
ARPC4,8.547601,7.6523147
PDGFRB,-3.9099574,9.88358
MED1,-8.255555,5.6374574
KLF9,2.5592134,1.1940818
TNFRSF13C,1.5438621,-7.3674016
IL17RA,5.2865033,12.993061
KLF15,2.4479163,1.015614
TNS2,9.318521,4.037107
SHOC2,11.32531,7.2495356
HIPK1,-6.7217426,3.9232798
EIF2S1,-2.1625018,15.921996
KLHL24,-4.3533745,4.967966
NID1,4.7699723,4.7476945
ALOX15B,-0.9205902,-1.7605586
SEPT10,-3.9436183,-3.5283146
NTN4,2.5292761,-1.7863436
GARS,-3.4125464,15.369597
NELFB,6.686694,-0.46298197
CCM2L,-2.4685798,-1.0798196
RGS19,7.770205,7.6134415
SMOC2,-1.9855763,12.330326
HSPB6,-2.1047323,12.209957
ADGRF5,2.1250985,-1.4487882
IRAK3,8.566958,-7.587725
TBXAS1,0.3327189,-10.317924
KIF2C,11.34399,-1.1807998
ITGB4,0.917775,-2.488822
ZNF449,2.497666,9.277871
MYO1F,6.435904,2.2170749
IFIT3,0.6650921,18.119759
CNN1,-1.6985034,12.490736
MED13,2.0982404,6.891283
FHOD1,-9.975252,6.6009593
FERMT3,7.84765,7.5126176
ZNF24,-0.47031453,3.401626
TFAM,-1.2004598,16.059862
HTRA1,-4.9549346,10.974008
PTK2B,-5.4319644,2.2520783
PTH1R,8.783129,4.4066925
CYYR1,-0.15836854,-2.3839316
CCT3,8.578327,14.430158
DEF6,6.506245,-3.5293977
DENND1C,5.528066,-4.2266207
CLPTM1L,-4.677093,8.295479
PAX5,3.2830892,-5.885191
RPL26,2.591675,-8.2500305
CARD11,1.8148657,-7.0336585
MCM2,-2.3635225,0.9388415
MYSM1,0.1716183,5.106552
SLC38A1,-5.730524,13.24674
APBB2,3.035958,-1.4324406
ZDHHC1,1.0719285,-2.2390218
RBM4,5.729577,8.760393
TSC22D3,3.1977932,0.87993926
ADRA1B,1.6175956,2.1147525
NDUFB7,10.198827,10.412112
RARRES2,2.0386138,17.302286
SPPL2B,-2.5309327,2.8729408
CDC42BPA,-8.752365,8.513587
MAP3K2,-6.6247625,3.9021568
ZC3H15,-2.4289858,16.185604
MYL9,-3.2762299,10.629945
RSF1,-6.8908978,0.96640223
OTUD4,0.97360003,5.900924
TLR8,4.2548485,3.0770164
YTHDC2,-0.6985482,5.0478787
CCT6B,4.4497647,9.45632
HSPA12B,7.242574,0.79504347
CORO1B,-2.1843963,-10.227615
FASTK,5.700848,-0.88852537
RPS6KB2,3.3621619,5.333307
NGFR,-11.4383745,4.102765
NUMB,6.18365,-8.258052
CAPRIN1,5.152655,8.423988
CD68,-1.8847092,-10.145068
PTOV1,6.604677,8.279172
NME1,-3.1659176,8.038762
MANF,3.0208685,14.120099
RAB6A,-0.19449879,7.9503183
OAF,8.012758,0.96905345
SRPRB,-4.400902,8.430861
FKTN,-0.8217826,4.957245
GMIP,6.2278543,1.4000716
NDN,-9.392464,8.336139
TIE1,-7.848615,2.0452642
SESN1,3.5498025,1.1135724
TGFBR3,-0.53129137,-2.5507193
PAN3,-2.9710884,5.748796
DIXDC1,4.8472867,4.988901
ARHGEF17,-3.8372002,9.829082
PCNP,3.495175,7.095164
FGD5,1.2258204,-1.6162306
CDC42SE2,-5.85408,13.118732
KMT2B,5.17383,2.6153817
CAV2,-3.788032,-1.5753484
SPG7,7.540345,4.573872
STAT1,0.7728715,18.370403
FAM110B,-2.8754873,-0.915192
CORO7,0.7639027,-10.749504
SLC9A7,-5.2198424,13.387286
FEN1,-2.1976874,1.0801147
AFDN,2.988638,-1.4532554
LMNB2,9.699937,-4.41381
MRPL4,7.1148973,11.877573
CTSB,-1.7776834,-8.920247
SCYL2,-0.16410945,6.037239
PPP1R37,6.518004,7.832833
RPL19,2.853916,-8.367103
DNASE1,5.2462215,9.186755
CASC4,3.3237383,7.1223993
PRELID3B,10.583903,5.4665346
RPS6KB1,-0.5666375,3.0155525
ETS2,2.0387878,-0.94889855
PPIB,3.2545483,13.65068
SGCE,-4.252429,-1.4499875
IL18R1,8.632921,-7.526046
PREB,5.370778,-0.83013576
CNOT1,-0.65038073,9.996464
DHCR24,-0.1861695,-4.7141023
HJURP,11.321839,-1.1305828
ADGRL4,-2.943171,-3.8269143
CD3E,8.776938,-3.8304813
ZNF770,-8.439635,5.630794
G2E3,-0.06484901,5.835693
GTF2A1,3.2838356,10.092573
PHIP,-5.918096,4.0296073
CDCA5,7.441856,2.46727
LTB,3.0122063,-6.586645
SLAIN2,3.422625,7.0233326
PIGL,4.5189605,10.045224
CACYBP,9.349034,14.148673
NFIA,-7.109742,7.2338996
CTTN,-8.023924,2.1583793
ZNF521,1.3376828,-1.6506597
U2AF2,6.153313,11.3442955
PLCG2,4.9879694,-4.654607
MCM3,-2.3190463,0.97062147
GSTA4,-3.0759635,2.004078
APBB1IP,6.1135426,1.2965019
ABHD17A,9.449587,-2.8735847
TMEM47,-2.5577202,11.748388
TMED7,10.719712,5.3922124
HECTD1,-3.5972772,5.0175815
TNFRSF14,14.03774,11.711494
RPS6KA2,2.1796153,-1.5765499
TOMM40,7.2088976,11.95238
PDIA4,3.0215037,14.073629
TRAF2,1.3431896,1.5357708
TRIOBP,10.030055,-2.5077932
ZBTB17,5.345246,3.1951816
VSIR,8.904556,-8.235546
ARHGEF1,-4.763464,1.889536
SLC25A18,6.1595783,5.642585
DHX38,7.357271,5.033992
SEC11C,-4.4491987,8.562264
PGD,0.93179876,12.167538
LTBR,-8.687848,2.3884153
NDRG2,-2.3152096,-1.130331
ELOB,10.009403,10.631664
BCAS4,1.6435863,-7.2637706
IL24,-1.3810239,-4.8381333
PRRC2B,-0.7418543,9.649245
NDRG4,-0.18836495,-4.725545
PFN1,8.485964,7.7415533
RTN3,5.9515467,-8.200966
OAS2,0.7242181,18.255276
DCAF13,7.316392,15.107398
RAB18,-8.510396,12.993913
CDCA3,11.500232,-1.5871632
ARL5A,3.1785018,10.281927
FCRLA,2.0741143,-5.7766953
PJA2,8.449693,10.601989
NCF2,6.3140526,2.623284
FXYD6,-2.3715446,-0.92809325
CCT7,8.512047,14.413403
MTDH,3.5422528,11.88469
PSMA5,-3.9930348,14.602009
KCNAB2,0.72423697,-10.710783
SPIB,2.9513738,-6.4820905
MAPK14,5.44334,13.125856
EDC4,5.3697042,3.0077689
PHF6,-0.6291756,2.5334487
ATF2,3.3564732,7.1812425
GTF2A2,-2.700073,4.5350194
IGSF6,-1.0585505,-10.99374
ILF3,-0.2066418,1.3196284
CCDC86,6.834485,12.866855
KIF11,7.32687,3.1334136
MSL3,6.7380924,-9.2752695
TXNDC5,6.653334,-2.1595192
SNRPC,-3.2507899,7.9491982
COL1A2,-10.485844,4.355435
SEC61B,-5.8605714,9.249911
PTPRC,8.685921,-0.91161215
SLC12A9,6.1925244,1.7346342
CCL5,8.297386,-4.0854397
CPM,-1.1936599,-1.9940628
VPREB3,2.7669485,-6.2322993
FCRL2,2.2654471,-6.030355
FAM173A,8.683249,-2.8891804
RNF6,-8.30822,5.641218
POLR2M,3.359475,7.0043263
HEATR1,4.128995,16.08652
PTDSS2,6.4831405,7.9600782
CD79A,-0.8325396,-4.9375553
CFL1,8.551421,7.8099437
CD5L,0.10036407,-8.631931
LIMD2,6.5496645,-3.583575
ATP2A3,5.1949396,-4.1460624
IL4I1,1.260911,1.6197244
NCL,1.5022708,4.075349
RASSF8,-6.703192,10.590043
GMPPA,5.3955235,-0.825997
NPM1,2.2768323,4.0576444
ZNF692,3.7711523,17.952387
SF3B6,-2.6862092,4.5115204
LEPROT,-4.241078,-3.3503327
NAV3,-0.09274373,-4.598995
MS4A1,-13.2183695,8.985023
MAP4K1,5.24045,-4.0524592
SPOCK2,14.042385,-1.8365238
PES1,7.5904374,11.511957
PODN,-2.0595372,12.330434
CCT5,1.3983372,3.8615594
MBNL1,1.1296579,6.2446246
DOK4,-1.289782,0.11561272
CRELD1,5.129943,9.224791
PSMA3,-3.8634214,14.538527
AIF1,-1.174675,-10.368
ARF4,4.336566,13.369509
ZNF224,-9.48235,14.186744
RASAL3,5.5581226,-4.310863
PTPRG,4.4881496,4.648972
IMPDH1,6.2669063,1.9870359
FRZB,-5.1714625,11.176513
COL5A2,-10.397047,4.42535
PLK4,7.362565,3.392877
TMEM205,10.779849,-3.5424654
COX6A1,10.343245,10.032258
CD2,8.689507,-3.8471012
ADGRG3,9.398465,-4.7845817
ELK4,-0.6366113,2.4473057
NCDN,11.671811,12.872238
ADGRL2,-6.5582833,10.466807
EFNA5,-11.083303,3.9914646
HSPG2,-4.628933,10.534976
SET,2.1925693,4.0570807
HINFP,5.8550754,8.764298
CEACAM4,8.8047695,-8.123349
SRM,-4.0589385,8.194317
CREG1,-1.9811559,-8.746207
NIN,8.784315,-0.7256077
STAG1,-0.27743584,10.161926
PDE3A,-2.4931445,11.814629
RBFOX2,-8.663081,8.425408
IFI35,0.5731031,17.311354
PUF60,7.7014484,11.317466
RPL13A,2.087699,-8.265587
CCDC80,-10.692402,4.21772
ZFP36L2,3.3327901,0.9263059
MSRB3,-3.6634767,10.904157
FYB,6.185787,1.1202286
SPOUT1,6.0979753,11.395683
SIL1,-6.326074,8.940378
UHMK1,-5.4618864,5.959015
CARMIL2,5.385536,-4.052586
SERPING1,-12.978524,1.9612782
BLVRB,-2.0643973,-10.19812
SH2D1A,8.2204,-4.194254
IFI44L,0.6548263,17.973217
LYRM9,0.8503388,3.854651
PALM,10.16376,-2.0255847
TNKS2,-0.05446283,4.9352727
ERBIN,1.0543426,6.2224507
WDR59,-3.9543583,1.4657143
NCOA2,-6.062654,3.9426465
XPO7,1.9424227,-4.230053
DLAT,-1.4876978,15.939528
SERPINH1,-4.6992245,9.809319
CLEC4E,8.813797,-8.144529
MGAM,9.241859,-4.9120216
AP2A2,-2.2906022,-1.3003198
TNFRSF25,-2.1788332,-1.6140975
ABTB1,-5.5818415,-6.615844
UBL3,0.06244611,0.46142066
ZWINT,7.2854886,2.5252352
RGL2,-2.171481,-1.6674957
CTNND2,-3.3721468,-1.2222232
NLRC4,4.169653,3.0354645
CPE,-1.6506706,12.550918
TXLNA,11.671547,12.876685
GAREM1,-11.198659,4.0033045
IKZF1,8.590942,-1.0886127
WASL,-6.882017,10.708042
POU2AF1,7.289159,-1.732936
SLC23A3,4.7232766,9.739156
PPP4R2,12.019083,7.322083
TRAF5,-13.216543,8.979332
SLC39A1,-8.574478,2.3068166
EIF2S2,-2.731823,15.714639
CXCR1,6.526937,2.7067494
UNC5B,-11.426263,4.0956116
NR2F2,-9.293875,8.383924
COL6A2,-3.8870232,10.510299
RGS18,4.2280507,3.242557
RPS6KA1,6.1552367,1.5113863
MYO6,2.9281232,-1.469309
GUCY1A3,-11.175425,3.7871628
CD22,2.085285,-6.8415065
DTX3,-10.702082,9.528351
POLR2L,6.543508,17.504166
KTN1,-4.702881,0.65752935
TWF2,8.261691,7.6002994
SLC7A8,-1.3257141,-9.342174
CHD1,-3.4474244,5.3775425
FAU,0.47649872,-7.3221436
NDUFV1,14.049485,11.726835
SELPLG,5.9530163,1.3704994
NPTN,6.179273,6.49034
TKFC,12.437351,15.556152
SUPT6H,7.41047,5.0177755
ADAM9,6.154885,6.5534496
PIM2,6.1726937,-2.2615438
POLL,3.8810909,-4.126354
HEMGN,1.9170674,-3.9388583
DCAF17,-0.61851937,2.8325527
SLC25A45,12.428275,15.546993
INAFM1,10.765987,-3.3072073
KIF5B,-0.26081526,7.886025
TM9SF3,4.3361864,-3.9717937
ZNF358,-8.239199,1.408515
IGKJ1,5.3424554,-2.283816
TRMT1,5.4544706,11.90884
TMOD3,-8.501742,13.020798
GTSE1,2.0278416,-2.676392
APLNR,-3.0181034,-0.792349
FOXO3,2.4314306,0.9689572
SLC35A3,2.5998297,7.92055
HSP90AA1,9.697954,13.555871
CELF2,6.767356,-9.207423
CCDC84,7.0533032,4.080907
PHF10,-4.405653,4.9864187
BCL11B,8.930961,-3.9212515
CSK,6.804022,-3.5579531
NDUFAB1,-2.9870775,7.253673
DNASE1L2,5.449784,8.9827385
QTRT1,5.248536,11.885375
TAZ,6.0691996,10.64684
TWNK,4.3367295,16.019917
AHSP,1.9913054,-3.6322212
MALT1,-5.8971605,13.036778
YES1,-2.9054875,-3.8541176
ACSL4,12.035966,7.360303
CCDC130,6.010113,3.7984862
IFNGR1,0.174434,-10.14977
EPB41L1,-4.9205313,10.852743
NIPBL,-6.8270526,1.034506
PRPF40A,-5.8438373,4.5771832
URB2,4.2873983,16.052038
MPEG1,-0.76314306,-9.628364
PDLIM4,5.9495306,4.826618
KAZALD1,-8.382202,10.896897
SBF2,-4.3671136,-3.3065453
PAPOLA,-0.5464627,3.017067
PIK3CD,8.159941,-1.9020624
ACIN1,6.1657624,11.302304
ZBTB44,-5.8324194,5.291559
ABCB4,3.0375519,-5.9917006
HSP90B1,3.0109048,14.0805
EPB42,1.9474134,-3.61314
MCM4,-2.2123039,1.0887245
TRIM52,1.3682277,-7.635872
RNF149,6.313249,-9.577417
PCGF2,10.243797,-1.900041
CENPT,6.12265,10.66547
METTL1,6.8545947,12.93415
F8,2.663742,-1.6684797
TCF21,-5.482653,11.611042
HSPA9,1.5261656,3.8546498
RNF144A,-6.2842646,18.686037
SEC13,-5.78401,9.041113
DMXL1,0.75853777,6.1871505
NR4A2,9.674809,-3.9475543
HBS1L,3.1677039,10.295681
SCARF1,-10.021228,6.649904
MIXL1,6.7006884,-2.1956728
WAS,6.151867,1.292677
EIF3A,-0.14473452,10.467199
PGBD2,-5.7113843,17.054636
PSMB6,-3.6034606,6.824185
ARID4A,-4.159384,4.8223095
ISG15,0.6228499,17.69215
CCDC90B,9.76386,13.314556
STARD13,2.210978,-1.2347281
TCF3,12.553603,0.052528515
GGA2,2.2147205,-6.0730376
PCNA,-2.257222,1.0391814
SCOC,3.70407,6.928832
SYK,4.952511,-4.752368
ORC1,-2.1445875,1.1335804
SPSB3,-2.3576984,3.0903482
MIGA1,0.09043696,0.41509727
LIN7C,10.662541,5.4303827
PPP6R1,6.7902513,-3.5490744
PHYHIP,6.319255,5.4270353
AKT3,4.1397014,4.7546844
ITK,14.08783,-1.7938553
CMTM6,11.772,7.3192067
FBXO5,-4.2016087,8.848518
P2RY10,-5.879134,13.115904
WWTR1,-3.5785174,-3.6264026
CDC42,11.030303,7.0789266
TMF1,-5.851995,4.508061
KLRK1,8.420944,-3.7440512
BLK,-4.064284,-4.729912
HOXA4,13.796443,11.296693
HAL,7.1371036,-8.343434
TMPO,-4.1264687,8.911194
ACTR3,11.059074,7.094527
PRKAR1A,-8.490598,12.983966
MATK,13.971576,2.8170125
MON1A,11.70297,12.848741
MYL3,8.713056,4.5237374
DNAJB11,2.9873652,14.09132
SAMD3,8.155678,-4.288778
DDX51,5.558184,12.186316
FAM129C,2.8122573,-3.029478
ERBB2,-2.9253204,10.12556
MYLK,-3.6775723,10.574869
SPI1,3.765806,2.9209454
AP5Z1,5.411335,3.065826
RAB3D,6.019527,-8.119067
RAC2,7.961304,-2.4092827
KCNJ10,0.6557823,-8.146525
ST6GALNAC6,-1.3651019,0.21700428
SUZ12,-0.07481039,5.9113493
COL4A3,3.1485715,-5.5783076
SIRT6,5.8714104,-1.2165488
TCERG1,11.49682,14.410455
CHRM4,-5.50388,11.646832
CIRBP,0.8163761,3.8255215
KDM6A,-3.4612074,5.378737
AMT,12.116926,-3.4061048
GPATCH8,-0.6692598,9.699741
EFCAB14,3.3653584,5.324901
MS4A4A,-0.19638969,-10.011243
CHD2,11.067084,4.057659
CD3D,8.860743,-3.8608873
MTR,2.1240928,9.288581
AGFG1,8.754232,-7.180304
PRKG1,-2.4796848,11.825702
TNRC18,-11.375266,-1.8567634
ZNF672,1.3305084,1.5308032
KLC2,3.8175662,17.957644
SPECC1,-0.08634289,-4.5940075
ULK1,-5.6420093,-6.660931
TBL3,7.7928634,11.137946
FXR1,9.789948,13.362105
ZNF91,-8.932263,5.751138
CDCA8,7.3962927,2.497512
ATP5D,9.5896435,1.0329651
SNRPF,1.1236868,4.925105
BRD9,6.7276044,3.9712727
CTNNA1,-8.746315,8.495988
TNFRSF17,7.151263,-2.1711845
WAPL,-0.6585996,15.372254
AGO4,8.46777,-7.530659
ATM,-8.713764,5.6721497
EMILIN1,1.9962714,17.345081
ATP5A1,-4.422693,15.0285225
TRIM28,6.4259214,11.573175
PLEKHG5,-2.2279584,-1.3557181
EPDR1,1.7452462,2.333676
DVL1,6.664993,8.300911
DGKA,-4.4881887,1.7736123
FAM78A,16.261599,8.557211
MED14,-0.78220284,4.9919424
EIF3E,11.562391,-7.3188686
KBTBD8,3.424568,-6.112164
PARD3,-7.1153865,7.234891
CLEC7A,4.2217116,3.289741
SNX33,-5.854714,18.625568
SPATS2,-4.6992354,8.075865
BYSL,6.8821692,12.951321
STAC3,1.9725441,-10.322471
TMEM170A,-5.690301,17.035063
SDCBP,-2.7594416,8.322861
LMOD1,-2.9715316,10.746543
LMF2,14.070091,11.761871
CHEK2,10.581162,-0.7885744
TYK2,11.345351,0.3267147
CNOT6L,-5.991523,12.890254
LLGL2,-9.96835,6.594888
DOCK11,8.613389,-1.0501264
SACM1L,1.0095098,6.081673
ANK1,1.8859059,-4.069216
PLEKHJ1,6.109429,11.530118
KAZN,1.2516913,-1.5828516
CAPZA2,-8.65059,12.783634
SPAG5,11.506312,-1.6002386
FTX,-6.318256,5.992099
OSBPL8,2.465638,7.160733
FAM76B,0.20474179,5.1233835
TPM4,-3.9411669,11.156155
EIF4G2,5.0637283,8.350711
AGFG2,-0.42981625,-5.0335364
PACS2,-0.4625298,-5.843943
SMYD5,4.8394294,12.968139
NDUFA1,-1.753526,5.8707643
SEL1L3,7.289063,-1.6996535
HCLS1,0.55143493,-10.547165
LILRB3,9.580015,-5.1565037
LNPEP,-0.63904697,2.4218366
FARSB,5.878003,13.863464
AHSA1,9.216049,14.228099
ZNF540,-6.750776,6.1811686
LMAN2,-6.3045435,8.941987
CTNND1,11.960567,1.0642785
SMC5,-0.6590599,5.1597257
ATAD1,3.654841,6.821238
DTX3L,0.6823965,18.291758
CARD10,-3.0595436,18.469324
LYPLA1,3.272358,9.931599
TIMM13,7.265224,11.986806
DIS3,-5.8694034,4.6054745
ACACB,6.169613,5.8058596
TRMT2A,5.9172835,3.5128233
FCHO1,6.508593,-3.510994
ABCB8,5.684764,-0.87955445
PSMB4,-4.096408,6.539404
UBE2G1,3.5136292,12.018727
ATP5J,-2.7747645,4.730391
RASSF2,6.755089,-8.799704
MVB12A,9.9457035,3.6643236
ZNF444,10.51913,-3.0228844
BUB1,7.327922,-2.2297397
UQCR10,-1.8655754,5.43301
MRPL50,-0.6239755,2.9161599
MIER1,2.5064125,7.2222
CD74,-3.1803217,-2.9290462
SHANK3,-0.55860114,-5.8374925
CARNMT1,-1.4159893,15.36297
ZNF76,-3.9595091,1.4666237
IREB2,-0.41213346,6.363319
RASAL2,2.9390302,-1.4648156
PER1,3.0560582,0.87992615
NAT9,5.442455,12.090981
IL2RG,7.858378,-2.6489053
ZBTB33,-8.747324,5.6850204
FAM160B2,6.5459085,7.6342154
RPL27,2.26199,-8.258794
VTN,13.762573,11.229959
SELENON,-8.383454,2.2751057
TRAC,10.505797,-3.7088017
NUDT9,9.821395,13.329973
TXNDC11,-4.695576,8.0854225
UBQLN4,11.610804,12.928604
COL3A1,-10.584159,4.2859616
DDX17,-9.492444,14.196572
LAMA2,2.4062927,1.3117259
CYBRD1,4.8482165,5.034996
SF3B5,15.928903,2.3661249
TXNIP,3.4075825,1.0052581
COL4A2,-6.2791286,8.119848
CXCR2,6.533818,2.7933784
PSAP,-1.9750631,-8.703075
HOXD8,-0.09755489,-2.3379781
CDC42BPB,-8.510218,8.268452
STK26,8.781424,-0.73698384
JMY,-4.3838677,4.9922423
FOXRED2,0.91071725,-7.932537
TBRG1,11.091284,4.064106
IGIP,-10.540134,-0.019849172
UBQLN1,-0.6945514,15.400969
SPCS2,3.8103175,12.765073
PSMB7,-3.970089,6.619445
RBMS3,4.7866745,5.0096083
ITGAM,1.088492,12.085259
BRWD3,0.13649847,5.1751056
PSMB3,-3.64559,6.7928967
WDR55,-0.20688318,1.3105633
GPR171,14.30066,-1.59214
RXRB,-2.336387,3.1258526
PUM3,5.8589096,13.902482
KRR1,-5.825698,5.0150366
RPS4X,11.346609,-7.1849585
PHB,8.454849,14.363556
PRPF39,-0.8194831,5.3279934
NAA50,-0.65379536,15.374929
GNB2,-3.454277,12.699336
ZBTB11,1.0071353,6.0537877
TEK,-3.4070017,-1.2453715
NPEPL1,7.740304,4.6491237
FASLG,13.983018,2.8357902
PNISR,-6.347996,6.010766
DYNC1LI2,-7.2091517,3.839468
ARHGEF25,9.448359,3.9707832
TLX1,-8.401281,10.917843
ABR,0.6357676,-10.623072
CXCR4,3.5961196,0.64608943
TMEM243,-5.3081822,13.312379
PAM,-4.26122,-1.4793307
TRBC2,10.544688,-3.724978
PLSCR4,-4.1159835,-3.1546774
ARGLU1,-9.487678,14.19209
SNHG11,7.81475,4.691569
UBE2L6,0.5569147,17.267042
NBEAL2,6.4927177,2.16737
ATG2B,1.6139492,9.012897
ATAD3A,-3.8470218,8.079031
SRCAP,6.9458485,-3.664284
MARCH9,-4.0587597,1.5302337
CHORDC1,9.372898,14.164834
PCED1A,6.5217085,7.5690355
TMEM178B,3.269358,-6.955504
RPS15A,2.4751933,-8.232083
TMX1,10.70921,5.404857
FLNA,-3.2644167,10.566822
HUWE1,-0.70375556,10.003284
RBM18,5.059309,8.374099
ANAPC11,10.232018,10.325017
DKK3,-5.036235,10.999179
IL7R,14.121183,-1.765559
TCF7,10.61465,-3.7378304
KMT2C,-0.17790873,9.802333
CXXC1,8.152448,9.503039
RNF13,-2.8502278,8.269327
PLEKHO2,7.5449944,0.86282295
ZNF335,5.1292734,2.547837
SEMA4C,7.30073,0.7870921
LST1,-1.0700039,-10.979086
ZNF248,-10.542455,-0.015215855
C2CD2,1.5353576,-1.540501
NCAPH2,3.3877852,5.3524685
ZNF831,14.199921,-1.6893525
PHACTR2,14.052367,6.00716
HSF1,10.14304,-2.97993
PCDH17,-2.874971,-3.886807
FOXM1,11.503608,-1.618241
SYVN1,12.558893,0.052631028
ZNF451,1.3049519,9.045527
TSC2,0.93311864,-2.3741255
EGFL7,-2.9584181,18.585007
TBC1D16,-1.114745,-1.9274148
PPP1R15B,9.483554,14.66145
VASP,7.7760596,7.5706873
ZBTB7B,6.187898,1.8967202
CD247,10.3068,-6.482649
EDIL3,-1.8361014,12.414405
BTK,4.96613,-4.7143993
CAPNS1,-3.421805,12.707134
TYROBP,3.7453644,2.9134433
TFEB,-5.319721,2.1472564
KIF17,-3.013184,-0.8681218
CCDC8,-2.8743057,10.0946865
PSMD8,-3.7727308,6.724032
UCHL5,3.1677113,10.304893
PSMA4,-3.9830077,14.629059
SNX20,7.900483,-2.601132
SERPINB1,-7.028115,-2.8150096
LGALS9,2.019993,-10.2950535
LAPTM4B,-4.5670147,9.943881
FCGR2A,4.3979044,3.0470595
PHF1,-4.09388,1.57269
OSTM1,10.828237,5.377929
OBSL1,0.9850634,-2.3272824
RPL38,2.96457,-8.475048
SPSB4,0.35261002,-8.405024
ZNF629,-1.9822971,-3.0981398
STK17B,8.670244,-0.9452285
RPL5,11.471171,-7.2599964
UFL1,2.6315014,7.914276
TRIM47,8.282525,1.1279902
TPM1,-3.095271,10.701232
COPS7A,12.432525,-3.2028992
TCIRG1,11.336848,0.32694852
PRKCD,5.856528,1.3758161
SAPCD1,12.424909,15.543821
ZNF644,1.9866118,6.9369965
CCR6,2.572178,-6.0827575
NDUFA5,0.07404461,0.43367
TCEAL4,2.4714808,2.2231343
PPP1R12C,8.50872,9.478533
CELA3A,-7.5665584,15.744734
RTN1,7.978168,0.96164984
NDST3,0.2733162,-8.470372
POLR2H,3.8149033,18.017443
PEX16,-6.820236,-1.110167
TEAD1,-5.8314953,7.825444
DCAF15,-6.812263,-1.1044501
SLC12A6,6.7404604,-8.656238
PNRC2,-0.59415615,2.9510267
EIF2B3,-3.1615288,7.6239977
ST5,-6.353233,8.052945
TP53I13,2.1689115,11.065212
PTK7,-6.335786,8.0756445
ITGA2B,-6.71291,-4.6157393
NUDT16,-0.8042223,-1.6701275
SNAPC2,5.922755,-1.3232329
PAICS,1.5636098,4.3219314
NAA10,6.5442076,17.501139
NRGN,-6.718541,-4.6207385
FAM234A,9.889759,3.7040672
ATP5F1,-4.3843365,14.995364
ADAM28,-13.231341,8.965346
UBE2J1,3.5789206,12.0717535
ALG13,-9.490505,14.194706
SUB1,-4.415405,8.654974
MED17,-5.711655,17.055994
ARF5,-3.4524403,12.7089615
JADE3,1.4806733,-7.3022437
LDHB,2.2600832,4.059468
PANK3,-5.4883223,4.458427
SCNN1D,12.209583,-3.3788917
CTDSPL,-6.307541,8.052815
MXRA8,9.514375,3.9282594
PDE12,-1.4093974,15.387794
WAC,-6.911797,0.9052363
SMARCA5,3.496357,16.213705
IKZF3,-5.868229,13.302289
RAB5A,-3.7731414,-6.2371154
RNASE4,4.84175,5.062517
ERLEC1,3.8286107,13.036026
HPX,13.757905,11.21977
EDNRA,-11.202595,4.0121784
TAOK1,-7.616977,3.8484554
CCDC47,4.2248955,-3.9422555
CDC73,10.855394,5.385101
KDELR1,-6.414101,8.954668
GMPPB,-5.0597887,8.595874
NKTR,1.5775568,8.98667
DOCK2,8.331316,-1.5841637
FGD1,-7.8990865,2.0766504
NEURL4,8.140606,9.493529
UBXN7,-5.7969465,5.4574847
FBXO11,-0.18872604,10.091361
SGSM3,5.80207,11.551579
DTYMK,9.644101,-4.3722496
NFATC4,-10.713055,9.560019
CR2,3.0943437,-5.9408026
PPP2R5C,-5.9887586,12.895551
QRICH1,11.097932,4.0663257
STRBP,3.6453485,-5.741222
PPP4R3A,13.472634,8.04611
AFAP1L2,1.152926,-1.5903422
SERINC3,6.1153107,6.3830776
SNRPD2,0.43105093,-7.2827044
GNL3,-3.5594218,15.565206
HGSNAT,2.2939093,9.299534
TNFRSF12A,-8.966091,10.05061
TRABD2B,1.8592721,1.737404
SNHG1,-3.5927951,15.625444
PLEKHM1,6.1587043,1.9118747
NLE1,4.9000807,12.999775
NBR1,6.1267414,6.308928
GON4L,7.402915,5.037985
BBX,-6.8736997,0.9647991
RAB13,-9.4623785,8.302668
PPP1R9A,3.115318,-1.3650541
RBM42,7.320694,12.037601
CD96,8.555753,-3.5260339
FH,-4.357516,14.984566
EOMES,8.274126,-4.1222944
ZNF512,-0.13752642,20.207127
NDUFB6,-2.7650633,4.693984
H2AFX,11.419259,-2.0532708
TMEM42,2.5249038,11.185097
PRPF4B,-5.7969837,5.121532
POLQ,1.8343294,-3.0247102
TMEM37,-1.0919977,-10.027318
DICER1,-7.0671873,3.738906
BCAR1,10.164904,-2.0580902
SUMO1,-2.655303,4.4601865
BOD1L1,-0.15174025,9.706807
STK4,8.781356,-0.7378401
APBB3,12.173371,-3.3736477
CSF1,-8.296749,10.864697
S100A11,0.42070463,12.614954
ATG9A,-5.6554585,-6.6723304
TUSC3,-4.493524,10.01964
XRN1,-5.6381907,0.096627615
CBLB,14.280716,-1.6121852
CDK18,-1.2271206,0.018920707
S100A12,0.45138958,12.2803135
EZR,16.016605,0.60433954
FANCG,9.619417,-4.342159
BEX3,-9.537316,8.28427
LMF1,0.8233297,3.8296323
TMEM160,8.6832075,-2.940427
LAT,13.944091,2.7641227
LRRC58,-0.74169874,7.8212414
CELSR1,1.5989715,-7.2889333
HCK,3.7779763,2.9206567
TRAIP,11.582888,-1.7111919
PPP2R1A,7.312428,12.027442
PSMC2,-3.776589,14.466585
SCIMP,-0.72501814,-9.632251
HSD17B8,12.475398,15.592615
CLEC2D,-13.218025,9.041539
PTGES2,6.6434336,3.9539998
SELENOO,5.984463,3.8506813
INPP5D,-5.304525,2.1874654
SRPK1,5.4656386,13.144866
ENO1,-12.065357,8.057627
RABGGTB,11.487911,14.409849
C1QTNF7,-4.9867983,10.931167
BMPR2,-6.9897966,10.7926655
LAMTOR1,8.859301,7.3843346
ANKRA2,0.23477499,5.07315
MS4A3,0.120606065,10.77764
RRM2,7.3741217,-2.1658416
FYN,14.2786875,-1.6142068
KCTD3,-4.2519855,-3.3118763
RALGAPA2,6.189016,-8.26386
TMEM198B,7.8516235,4.7034793
DCAF12,1.5908995,-3.5497873
UBA2,-1.2738292,16.164621
PRKCQ,10.301366,-6.4500437
ATP5L,-2.7407312,7.100552
ITSN1,5.0579696,7.1464148
HERC6,0.63908285,17.855274
SLC1A3,0.019185135,-10.117548
ARHGEF11,-11.4094305,-1.8911471
GTF3C6,-4.012468,14.703128
MRPL51,-3.2603486,7.3060393
PLA2R1,-4.0695534,-2.838217
OSBPL11,6.64651,19.600965
RALB,-2.7160838,8.353489
JOSD2,12.446269,-3.20432
RAB7A,5.7319503,18.627178
RABL6,6.779105,-0.34250686
SIN3B,-2.38294,3.0655808
PKM,-12.063768,8.058149
SNRPA1,11.485887,14.412481
NFKB2,1.2756461,1.5873722
CPPED1,4.22234,3.2737372
MOB1A,11.1837225,7.1702743
NDUFB2,-1.8870358,5.389657
PSMC3,-3.950016,6.6466956
CSNK1A1,3.7963028,6.9021654
SMG1,-0.4037727,3.5830848
FARSA,-3.5669355,8.013378
CDC20,-5.7956834,-4.870551
ENG,-12.46866,1.9586658
JOSD1,9.633437,-3.9291222
ARHGAP11A,7.3586245,3.416177
TUBB6,-8.961907,10.04803
ALPL,0.43939158,12.394982
IL18RAP,8.539344,-7.5963387
AZU1,0.26581922,10.801038
ALOX5,9.410176,-4.868982
TMUB1,8.681864,-2.900338
FAM127C,-9.445662,8.314106
BZW1,4.189352,-3.8914404
ELK3,-3.7677584,-1.616891
MARCH1,-0.635392,-9.559358
IMPACT,3.864905,-4.379191
MS4A7,-1.4919405,-9.996609
DCN,-2.0992997,12.350056
CPVL,-1.4780366,-9.941033
RAD21,-6.608717,0.7421582
FEM1B,-0.70599455,8.006446
ASXL2,-0.94764745,16.256126
DR1,11.233668,7.2069845
ARMC8,1.2804099,9.217638
TOMM5,5.8040795,13.970559
ICE1,-8.028548,5.6095095
NFIC,-8.472607,8.234905
CCDC191,-13.312539,4.724958
TNFRSF1A,-8.688272,2.3816109
PALLD,-3.3673136,10.795262
SLBP,1.793639,4.562014
TCF12,3.4043777,7.045989
PPID,-5.618096,16.96257
SLC40A1,-2.0647054,-8.754471
URM1,4.762455,20.324251
LDB2,-0.14382312,-2.3803837
DLG4,-1.2177274,0.005239043
CLTC,10.942747,5.340258
SELENOM,5.960449,4.8262577
PARD3B,1.8345269,2.5141237
NCKAP1L,8.325088,-1.5932299
SOX13,9.239167,4.0742397
OLAH,8.607095,-7.642965
SPARC,-6.3898735,8.057078
GLIS2,-3.6289794,9.827626
PA2G4,1.518914,4.3034697
DGCR6L,-11.484816,13.211701
TTC13,-13.217394,9.0440855
SYTL1,5.509693,-4.1518826
SLC2A4RG,11.452568,-3.3564334
U2SURP,-0.7640424,5.281143
PLD3,-2.2507062,-10.26405
FBXW5,8.481726,9.521773
IPO7,-1.2017972,16.14048
FASTKD2,3.8527572,16.058924
MEN1,6.022228,10.577881
ARVCF,-8.390866,10.906556
SMIM10L2A,-2.412563,-0.9534328
IGHJ4,5.2060537,-2.371626
VARS,6.9957557,13.455226
PITPNM3,-3.0005744,-0.98942673
FCGR2B,2.226128,-6.0528936
MBOAT7,9.580401,-5.1657724
DHX36,-0.08193121,4.89074
ZNF767P,2.5390985,11.180817
PLA2G15,1.0474648,-7.8266215
NUS1,14.222595,7.835208
UBXN4,-5.647368,0.084726475
TRMU,3.4374077,5.396579
FAM109A,-0.43266273,-5.2489524
FBXO44,2.133646,11.051931
PIK3CA,-6.8675365,0.964644
CNPY3,5.0776544,-3.7494817
LARGE2,2.71118,-2.8606098
MYL12B,-3.8915033,11.201478
RECQL,-0.18690433,10.264455
RNF144B,5.94887,-9.721426
RPL31,2.8968873,-8.406484
TIA1,-0.855958,5.3624663
ATP5B,-4.472334,15.070635
B4GALT3,5.2675343,-0.8208235
SLC9A5,-9.963294,6.5866046
WDFY4,-0.57844067,-4.97949
MPIG6B,-6.722443,-4.6220613
CDA,0.60348755,12.04278
ZNF704,-4.0596423,-2.8384862
MIA3,-0.44148418,3.519502
SRSF6,-5.7054515,17.048964
XPO6,6.735842,-9.290576
TMCO3,-4.3753743,-3.309344
SARAF,-5.9856,12.896704
COL8A2,-3.472126,10.542423
RPN2,3.72016,13.148213
TSPAN12,-2.861724,-3.8994937
TMED10,4.390399,12.766493
ZBTB26,-1.5194575,19.279716
RIF1,2.1169116,6.8249345
TOMM70,-1.7303774,15.694756
SCARF2,-3.6507134,10.005133
TMEM79,5.516503,8.895543
EGLN2,-2.1678271,-1.7445023
ANKRD29,3.2654943,-6.952432
SELENOK,-5.9311447,9.36056
PRPF31,5.518032,12.138787
ITPKC,12.081776,1.1727728
HGH1,11.692634,12.85151
ZNF219,-8.239261,1.3956678
FAM208A,-0.9613125,16.249716
UBE2V2,-12.052551,6.736948
HYAL1,-0.61075246,-5.8091927
EGFL8,-10.733541,9.545502
ARMCX1,-6.2687654,18.684137
TPD52,7.2987337,-1.6704099
KIAA1524,7.337342,3.6042304
SLC5A3,9.407874,14.208814
AP2A1,-11.372348,-1.853519
SH3GLB2,4.170806,-3.887044
GALE,8.300164,1.1385784
ZBTB6,-8.7066555,5.671916
FAM189B,-1.200305,-0.018084534
CNOT6,-1.3445207,7.7177644
IL17RD,-5.4667935,11.595753
RAI14,-2.8958333,-3.867283
DPH6,4.762504,9.76493
BMF,-5.6893086,2.4702063
MNDA,1.1161544,12.036728
PPP1CA,8.124724,7.539419
PITPNM1,5.5980678,-4.359189
HSP90AB1,9.679684,13.482872
CPT1C,-0.49141446,-5.063567
VRK1,7.1268425,2.4717846
TEAD4,10.104116,-1.9787318
MGST2,9.155155,2.2967896
BCCIP,-2.4631174,16.169617
COPE,-5.7442365,9.054377
TMCC2,1.7126652,-3.577448
ANKRD12,-0.067255214,5.907157
NOL12,6.2121634,8.309767
EIF3G,10.271717,-8.633248
UQCR11,9.950895,10.685955
RPL18A,1.9976641,-8.2353115
EXOC3L1,-0.58538,-5.8281503
ZFYVE19,-2.3339841,-2.6390605
TMEM200B,-3.8380885,9.767028
GZMM,13.941067,2.770526
SBNO1,-0.44649452,3.5303848
CD37,2.7835085,-2.967487
BICC1,-10.801424,4.1628656
SLC24A3,-4.7355347,-8.238414
XRCC5,1.5395164,3.9106233
NUF2,11.309311,-1.0884837
RPL22,11.317826,-7.1631713
DHX15,-0.09549287,4.827031
NPC2,-1.9799106,-8.688153
RXRA,-11.403672,-1.8854264
TCEAL3,2.4697814,2.2276504
DHX30,7.801148,11.092357
SLC30A5,-1.4704051,7.6616836
COX8A,10.346799,10.05013
ALAS2,2.3204398,-3.4607503
HIST1H2BG,12.805983,9.233372
HSD3B7,8.322027,1.15066
HEPH,1.8200788,2.4825087
FBXW11,-4.7429037,0.6605474
JUNB,8.747346,17.388308
ARPC5,6.2282443,1.0411613
STOX2,2.6543305,-2.7031693
MSN,9.88811,18.080889
CANX,4.6015654,12.923762
SRSF10,-5.820406,4.567638
VCP,-8.377352,-5.030232
RDX,5.224802,6.9115477
PTPN6,9.2853365,-4.241785
PGR,-4.0637197,-2.8113089
TESPA1,10.607042,-3.792413
CEBPZ,3.4573789,16.216085
INTS11,6.55464,7.7716227
PRRG1,-6.5522904,10.489315
RBM25,-0.81112164,4.9624615
TROAP,11.42304,-1.2516347
PSMB1,-4.0963674,6.5397377
COX7A2,-2.78362,4.780538
HSPE1,9.526057,13.986
STX3,1.2283673,-3.8352869
ZNF318,-5.1555376,13.434877
CEBPE,0.061425317,10.874588
PDE9A,1.2388449,-1.9685818
ZNF204P,-6.295935,18.692696
CCNB1,-5.805916,-4.873895
PDE7A,-13.225231,9.009042
SH3PXD2B,-1.0082259,-1.8255085
CD5,14.022378,-1.8534297
FAM127A,-6.529563,2.4057598
ATP11B,12.046121,7.37752
TRPM7,-5.57893,3.025064
SYNJ2BP,3.3403194,5.3174887
TRBC1,10.590561,-3.6947908
ATP5O,-2.7309039,7.1070013
P4HA2,-4.5648565,9.964044
NGRN,-7.9534516,7.3935075
BEND4,3.3906538,-6.13146
EIF3I,6.640211,14.636128
FAM153B,6.1686854,5.51567
P3H4,-1.2289765,0.024472576
TPM3,10.997653,7.056295
PTPN21,-5.923329,7.8950095
SAMSN1,6.287159,-9.624902
SHE,-0.15691109,-2.394587
GRK3,-0.61532724,-9.51406
TBCK,5.2113414,9.321921
NEDD8,-1.732279,5.85681
CALCOCO1,7.36212,13.6598625
NFE2,1.1297381,12.067121
KRBOX4,1.2790078,-1.1160703
SMC1A,-0.1807014,10.428478
AFF3,-1.2603524,-4.8848033
SMIM3,8.678883,17.326561
PLA2G6,12.180568,-3.4052124
XRCC6,8.453131,14.378104
NACA,11.524054,-7.2936425
UNC5C,-5.1008735,11.213364
MAMDC2,1.5406317,2.154872
RAPGEF6,1.1490673,6.2781687
IGKJ4,5.467703,-2.1485333
ENKD1,-2.943955,18.60256
CHAC2,-4.199265,8.857954
ZBTB7C,7.8879776,0.9394782
KAT2A,6.5507197,7.5743275
RAC1,-12.542552,11.116812
AMHR2,-2.5728679,-1.0160649
MAP4K5,-4.7867713,0.97250515
VDAC1,-2.8036366,15.659227
TTC7B,-8.752996,8.505691
TAF11,7.0921817,4.013015
NMT1,11.555847,12.986009
ZRANB2,-2.4071352,-6.6371837
SGSM2,-2.3151681,3.1467986
ORC6,-2.4990392,0.8327273
SORBS3,-8.03949,1.6677706
PSMD2,-8.37786,-5.0310507
ETF1,3.8806705,16.552296
PYHIN1,8.22171,-4.183431
DPYSL2,-3.128052,1.9395506
IBTK,6.984039,18.230927
MICAL1,11.342352,0.32643846
SLC8B1,9.991761,-2.5923333
AKNA,-2.8220954,-7.4054475
HNRNPR,3.776563,16.279581
RECQL5,3.8448005,-4.1329966
KLRD1,8.474531,-3.446923
MAPKAPK3,7.931213,7.387566
AMOTL1,-8.6291685,8.386617
ACOX1,5.9236,-8.037738
ANKRD13D,-3.6241999,-3.6974547
SEC24C,-0.71584874,9.689465
PHACTR3,-10.944434,4.0878835
UBE2T,-5.8143306,-4.8792453
UBXN2B,6.7796087,-8.571447
CDT1,7.516627,2.4495866
BACE1,-4.133824,-3.941028
ROMO1,10.043839,10.574181
HMGA1,-2.448447,0.86761403
HSD17B10,-3.2130985,7.962102
PHLDB1,-1.9777337,-3.089216
FAM214A,12.430936,-3.1956494
LAMTOR2,-1.9297564,5.3295474
CD55,6.2670264,-9.642564
REM2,7.1623015,-8.324051
RPL7,11.330698,-7.1714644
PIM3,-3.1582127,18.363014
CHPF,10.09846,8.78315
TBC1D17,7.408047,13.687069
CYTH3,-4.2492204,10.226684
PFAS,6.8601546,13.325485
UTRN,-4.5478616,3.755606
KIAA0319L,-5.5884295,-6.6220694
CD83,6.7588654,-6.1538196
SORBS1,-2.2684793,12.058872
TMEM8B,11.550609,-3.3533103
SELENOP,0.2209935,-8.515423
ZCCHC24,-4.6064196,10.462913
FGF13,1.94268,2.5696478
MKKS,-12.542428,11.116822
FAM96B,9.962004,10.576797
ELANE,0.27488077,10.803058
CLTB,12.490985,-3.2214117
ADAM8,6.592617,2.2545047
MCTS1,-4.368636,14.81288
EDF1,10.040692,10.582446
IRF9,0.56640255,17.291483
SH3BGRL3,7.899781,7.358153
RPL32,2.8836837,-8.384035
RAD23B,-3.7638476,-6.2251844
GFPT1,4.3035827,13.454353
CHMP2B,-3.769942,-6.237503
GNB1,5.731845,18.627493
MCM10,9.879113,0.14879562
BPTF,-3.8344543,4.3969336
RHOA,5.73351,18.625822
IFIH1,0.69247967,18.285955
PLN,-1.5999961,12.588283
BIRC6,-3.87685,4.0606794
ATOX1,-1.9342715,5.3263755
SPIC,0.9646738,-7.893908
REV3L,-4.0594716,4.158446
CCT4,8.7930155,14.374408
TPH1,4.2004924,9.154771
CLEC11A,2.104625,17.225718
LY9,6.7586393,-6.1536746
IFI6,0.6296808,17.755898
GPX8,-10.541054,4.3137693
LRRK2,6.4068155,-8.373218
RHOG,3.7377715,2.9140172
FANCI,7.0917044,2.5190868
BLOC1S1,8.880468,7.364127
TSPAN6,-4.281397,-1.3208069
KLRC4,8.461731,-3.389674
MFSD1,0.22737171,-10.169112
SIRT7,-3.610141,-3.6876457
KLC4,7.4111304,13.690847
HIST1H2BF,12.82992,9.257012
AKR1A1,4.038771,4.8342786
SOS2,-7.0714817,3.744982
CHCHD3,-0.47318193,15.249763
CSNK1G2,-2.3470962,2.4106236
RSPO3,-1.9634373,12.334867
MTMR6,-0.36681932,6.3563943
VTI1B,-12.542586,11.117099
HIST1H2BD,12.845046,9.2710705
MRM1,5.5667057,11.51395
TET2,6.281616,-8.3001
CD7,10.310363,-6.477716
ANKRD44,8.773844,-0.74214494
EFHD2,7.7985907,7.5548716
MAP3K15,-0.15830138,-4.6805944
CREBRF,-5.819092,5.4291515
DPH7,5.1817546,11.898355
RPL18,2.0351315,-8.273533
KDELR2,-6.0086026,9.464954
PHRF1,5.796102,12.087883
TCHH,-1.202206,-9.503277
HIP1R,-4.130632,-4.7289066
IGLC2,5.6079884,-2.1868708
NDUFA4L2,-1.4019295,0.3019074
MFSD14A,2.128585,6.828279
MED21,-6.8411255,5.198572
KPNA3,-1.0855205,16.037678
SLC25A22,5.6215577,11.603774
BRIX1,7.5847664,15.474215
KCNE1,8.813383,-8.123451
MAPK10,-5.00474,10.956642
ADRA2A,-11.124892,3.5529687
LPP,-2.5203588,11.778511
AIP,10.277351,-8.630568
PCM1,13.440995,10.054492
KDM3B,8.875966,-6.979165
EPSTI1,0.7193878,18.258062
KARS,5.8476467,13.9193325
PSME2,-3.1432605,7.585631
DPY19L4,5.236129,6.944308
MCM5,-2.641803,0.712956
EIF3H,11.53688,-7.3018265
EHMT2,6.0097175,10.583066
DLL4,-3.122012,18.401855
RENBP,-6.582459,7.946176
IDH3B,5.4992156,12.1685095
IFI44,0.6485805,17.94411
CENPF,1.9187009,-2.5287871
RPL35,0.43743736,-7.293894
ANO6,-8.875184,-3.299492
DGKZ,-8.011362,-7.771548
CBY1,-3.0813506,2.0018346
TRMT13,-2.4077415,-6.6379633
WDR12,7.4896264,15.341615
CRTC2,-4.1162744,1.594882
ATXN1L,-7.2872233,-5.813472
NOL11,7.5896273,15.477905
NDC1,-2.2961144,0.98888975
DYNLL1,9.535385,13.991981
PPP2CB,-7.0318894,10.823451
RHOH,1.8144162,-7.0443125
FIS1,10.80295,-3.5571628
YARS,-3.395475,15.296205
TNFRSF10C,6.588979,2.7130783
MPO,0.26924565,10.803662
ERG,2.0203621,-1.5986598
TUBB4B,9.743975,-4.4433537
RASA1,-2.9829917,5.761297
ROBO4,2.0242748,-1.5757364
ZNF75A,-4.4335637,18.315353
SLC4A1,1.9651132,-3.5910106
TPR,-3.585801,5.0289927
WDR76,-7.307454,14.225725
SNX13,8.449728,10.602897
SYTL3,14.292637,-1.6008683
PRDX4,10.091895,8.77938
VTA1,5.3103166,8.5205965
CCR7,16.016983,0.6036347
KLF1,1.9483138,-3.454099
CYSTM1,0.4133461,12.552413
RNF11,5.2137275,6.961197
ZDHHC20,12.046387,7.3695755
GYG1,5.535046,13.204097
MAD2L1,9.911148,0.18104988
TMEM222,7.5291224,11.930369
HOXA5,13.794449,11.294393
LUC7L3,-6.6728315,6.1448946
INPPL1,11.355302,0.3196262
CUL4A,1.3103954,9.195295
ZNF32,-6.011087,-8.682595
LAPTM5,5.8458877,-9.75754
SIDT1,6.7590256,-6.153124
BTG3,-1.7769318,14.126476
HSD17B6,-2.692834,-0.96234536
SLC2A1,1.8870585,-4.096419
NEXN,-2.9125738,10.772053
MANSC1,5.931254,-8.082414
GRASP,9.733521,-3.5614667
OSMR,-1.4753685,0.38317558
MCRS1,7.855262,11.119581
DPAGT1,11.580167,12.947469
RALGAPB,-7.962554,5.6036887
PRR5L,-0.07687535,-2.3076026
MBD3,6.821612,-0.28806978
NHSL1,2.3890178,0.967112
PURA,3.3872623,7.064659
MAK16,7.329757,15.1189165
ZYX,6.230225,2.01182
TRABD,3.3441079,5.3069425
GNAI1,-6.5568995,10.46672
DEFA4,0.24164174,10.804342
TSR1,4.2552915,16.001673
CLASRP,5.333662,3.201486
TXLNG,3.0875413,16.244137
ZCCHC14,4.11973,4.809978
PKMYT1,7.456509,2.4686236
CRKL,-0.50070214,3.4680378
SEL1L,3.5015986,11.048686
PUM2,1.0051662,5.9646773
STK25,6.704364,8.314597
TOP2B,-4.0574827,4.759405
NAA25,11.488715,14.408708
RRM1,-2.2266214,1.0750061
ANKZF1,-4.4658456,1.7618692
RAB24,-3.617109,-3.6976886
COA3,6.5362053,17.512936
PLPPR2,-6.189758,12.751238
SELENOS,-5.956846,9.394004
ZNF691,2.546595,11.194425
EFNA1,-3.1129878,18.411913
CHTF18,3.3969266,5.357138
TREML1,-6.722611,-4.622262
PWWP2B,-0.4135176,-5.9484916
PDE6B,12.43764,15.556971
ALKBH7,9.6172495,1.0572596
NKG7,13.990049,2.833356
SEMA3D,9.573102,7.641525
GAPDH,-12.062856,8.055632
LEMD2,-2.9681838,2.3067932
LYSMD3,-1.4525048,7.6647224
MORF4L1,-8.895728,-3.2802382
TIMELESS,9.792602,-4.470202
CNOT7,-1.0780029,16.13347
RPL36,0.44862467,-7.300775
ZDHHC8,10.629599,-2.8988438
MINOS1,6.634018,14.639857
TRPC4AP,0.759655,-10.747323
NCOA5,-5.7049003,17.048391
FBXO38,8.808458,-7.0883064
MOB3A,8.139127,-1.8900368
ZNF639,-5.8790135,4.984127
DNAJB1,9.800064,13.668544
FAM199X,-5.4722033,5.949207
PPAT,-1.432657,15.44377
HMBS,1.9436997,-3.3474882
ZNF234,-9.000793,5.778407
HIST1H3E,4.755499,9.752126
RAG1,2.6322467,-2.6498206
FOXJ3,-4.8506484,0.9516017
B4GAT1,-2.2683606,-0.8473055
ACTA2,-3.107622,10.693952
ZNF524,10.356662,-2.9097686
GNAI3,5.732722,18.62563
MYD88,7.8394146,7.529379
SLC9A8,6.72068,-9.392844
IGKJ3,5.4770927,-2.1784177
MZT2B,9.617621,1.0580735
SMC2,7.289467,3.8992934
PSMD12,3.8817556,16.560286
SMC6,2.2257836,-6.05648
FRAT1,8.921376,-8.253059
SDC4,2.498812,2.5167344
SMIM15,-1.0540136,16.012901
GPR137,6.505157,-0.6892656
GNA14,-11.121645,3.584477
POLD4,2.130578,11.053176
SRRT,5.5740156,12.15014
PPP1R15A,9.862114,13.699149
DTD1,4.7632008,9.817362
SDC2,-4.5270495,10.019694
B3GAT3,5.8067293,-1.1320124
SLK,-0.19664824,7.851069
PIGK,3.5487387,11.33582
KLHL2,8.7655735,-7.1584578
RBMS1,6.2033587,6.5659337
PGK1,-12.063569,8.056101
BLOC1S6,4.3090925,-4.0027995
MAST3,-5.3936586,2.2027068
FAM102A,1.5404739,-7.3736653
IFITM2,0.32645094,12.649154
SEM1,-1.7422639,5.8905463
CLOCK,-0.71928316,7.990039
FCGRT,-6.586115,7.945525
FAM129B,-7.6007586,2.3170097
CCL19,1.2560979,1.6228418
PTRF,-7.359418,2.1543722
ZIK1,9.759987,10.996321
MXD4,9.125764,4.1243734
TMEM55A,5.696218,-8.314604
MAMDC4,-2.1705956,-1.6770154
MTMR1,-13.293071,8.898399
BTG1,3.5922108,0.65713686
EIF2AK1,1.9410563,-4.2322226
DOCK6,-8.011737,1.6222638
STK11IP,-8.017249,-7.774381
ASAH1,0.22202785,-10.166625
POU6F1,-4.237201,1.6429955
SEH1L,3.9472268,16.226746
PCYOX1,-4.131325,-3.9336169
CDIPT,9.884869,3.7073736
ITGB7,5.648771,-3.990582
ELOVL1,5.652409,8.831604
WDR3,3.737187,16.060307
TF,13.754997,11.2133045
ZMPSTE24,12.004598,7.298622
SCRIB,5.2881327,2.745662
CYCS,1.7525992,4.5153975
PPIP5K2,2.6061459,7.928346
BAZ2A,-0.7108581,9.686673
SEC61G,-5.8930025,9.29891
ALDH3B1,-2.2357473,-8.431678
ZBTB41,3.305786,8.116314
PROS1,-4.3853683,-1.5242683
CHUK,11.914366,7.3166876
VPS26A,-3.7731946,-6.2377033
LRRC75B,-2.8211038,10.061081
LRMP,4.962945,-4.728144
SYNGR2,5.5031514,14.782609
EDEM3,-6.041488,5.8008857
SPCS3,4.3414297,12.980355
PPP1R13B,7.500405,0.87426966
MTA1,-2.808656,2.4421546
MAP3K10,10.6175585,-2.903243
ST3GAL4,-12.535092,1.9332409
RUVBL2,-3.82462,8.065481
GRN,-1.9882559,-8.675682
BLM,11.296933,-1.0453874
GRK2,11.328422,0.3485541
GATA6,1.4828491,-1.571688
SNRPD3,1.1379937,4.92059
TK1,7.527467,2.4441054
RPF2,5.8236837,13.944636
TIMM50,7.332401,11.771051
PRKCDBP,-3.8270957,10.548878
NSUN5,-3.6662977,-3.64202
MZT1,3.152099,10.324088
APC,-4.176621,3.4674351
OSTC,2.9886098,14.095135
THEMIS2,5.849926,-9.756616
RNF165,5.5096154,0.38903078
PBX4,-4.4778805,1.7654083
WASF3,4.3650856,4.564183
ORMDL2,-3.6269908,6.803506
GUCY1A2,-5.4630647,11.5837145
PLEK,-1.0243134,-11.068246
NCAPH,-2.1462317,1.1175658
SPTLC1,-7.217861,3.8409882
PIK3C2A,-4.9718294,0.71365696
ADGRA2,-4.6551332,10.569597
TNPO2,7.5126853,4.6699634
PSMB8,0.56808215,17.217693
TMEM59,6.153252,6.4136677
SEMA3F,8.0494795,0.9847952
ZBTB48,3.931924,-4.090788
FECH,1.9246902,-4.134367
BIN2,6.4282646,2.267129
FBLIM1,1.9860021,17.354427
TERF2IP,-6.0269423,12.850729
NT5C,6.6540184,3.9543035
CXCL1,-11.123735,3.554314
SMAD5,-0.57258546,7.60491
CLK4,-0.8538209,5.357676
ABCC9,4.3768816,3.9733083
MCOLN1,-2.2437568,-10.25539
ZBTB34,-7.2595053,12.127067
MB,7.6673923,5.304301
RNASE3,0.33244088,10.809006
PLCB2,-8.017981,-7.774796
MSL2,9.481182,14.659714
LYPLA2,5.8488774,-1.185726
ATL3,-0.1889313,7.8502865
AMD1,-0.6534598,15.375505
TSNAX,0.07387285,0.43472698
AKIRIN1,9.479215,14.667939
ZNF766,13.441885,10.056714
ELF1,-3.4534593,5.385277
PPTC7,-5.8255897,5.1441274
SLC30A9,0.07430685,0.43274388
FAM168B,-7.288015,-5.815635
ITGB1,-8.886071,-3.2886336
ARL13B,-4.9588785,0.7230624
FBXO41,-2.8382301,-7.4136047
PPBP,-6.7065573,-4.6158285
E2F3,6.79998,-8.755404
ENTPD3,-5.509121,11.65559
RAB27A,5.506194,13.176213
RPL35A,2.5022273,-8.253957
MTERF1,-1.5217531,19.28301
GPSM3,5.0919414,-3.7188075
MRPL43,6.556395,17.488398
LRR1,-7.3077593,14.232241
ZNF181,-9.002064,5.779209
CLN6,4.019791,4.846748
PYGO2,11.545284,12.995948
SBDS,-1.7793635,14.12732
YLPM1,-0.8095914,10.080822
TTC28,-8.435403,8.559194
GRINA,12.087823,1.1800988
ASXL1,11.103823,4.067182
MGA,-0.823786,10.0809765
EFS,-2.8006563,10.03648
LINGO3,-5.419283,2.2541044
PRKCB,8.561285,-1.1461128
EFTUD2,7.5935388,11.534967
SIRT3,7.8132453,4.6807714
MAFF,-1.7349249,14.088533
WDR66,-0.42826447,-5.0382895
HOXB5,-12.730966,1.7048595
ABCA11P,4.2197747,9.173421
TMEM134,14.062671,11.746531
RPS27A,8.438679,-3.0974028
ITGAV,-6.498337,10.449581
NHSL2,4.20498,3.3063307
RPS6KA4,5.624324,8.843377
SMC3,3.4869812,16.215237
NDUFA2,10.341776,10.063224
NDOR1,5.2935896,2.7583027
KCTD10,-3.8144038,11.07488
ZBTB40,11.09172,4.0651464
GTF3C4,-8.278953,5.642627
EPHB4,2.023791,-0.90385133
SNX21,9.853107,3.7268765
ACSS3,-12.911534,1.9052316
CSDE1,-4.6800823,0.68795097
RPL23,2.5484445,-8.264161
CD79B,2.8144531,-3.0228395
IRF4,7.223442,-1.8892351
ZBTB24,8.476782,-3.035513
TMX3,-0.6857596,5.1877074
GPR141,1.1338962,12.047552
RWDD1,-12.054083,6.7371635
NF1,5.381985,6.801923
ATP5I,-1.7402619,5.8694973
CEBPA,-1.0715967,-10.965798
RNF138,10.577864,5.467544
CDKN1A,-1.7356769,14.087823
STAG3,-5.7456317,2.5363815
USB1,9.605761,-5.2227373
RB1CC1,-6.5981927,0.7445427
TMBIM1,-8.665236,2.3633623
RPL3,2.1885092,-8.262178
GPC3,-2.0427225,12.279433
WDR48,-4.2997265,4.985725
OSBPL7,2.568476,11.156946
CCNA2,-5.816606,-4.880709
FAM171A1,1.9914486,-1.5934831
EFNB1,-8.421734,10.943763
VWA1,1.9949741,17.346813
GPATCH4,4.299902,15.989358
TNFSF9,6.7592554,-6.154605
GGTA1P,-1.226079,-10.171729
EXD3,-2.9324872,18.61551
MOGS,3.3444462,5.316917
CYP2E1,13.755847,11.213599
KIRREL,-6.3060713,8.105324
SERF2,9.877031,10.795402
OTUB1,6.6908827,-0.4642874
TFG,3.8403049,6.896159
HSPA4,1.5573527,3.8073604
CCT6A,1.5234984,3.788376
PDE6G,0.44960937,-8.322206
HDGF,-13.164262,5.644613
DUS3L,6.6672316,3.9714851
SMARCC2,0.5982309,-5.278728
ALG10B,6.4134536,15.674909
PPT1,-2.063688,-8.753552
YOD1,1.5106393,-3.523728
ACTB,8.563587,7.8195763
DOK1,5.082031,-3.7052827
LRRC2,-6.28697,18.68817
NEDD1,-5.5103426,3.432061
FAM122B,-2.4065313,-6.6445007
NENF,10.819419,-3.5315473
SETD1B,8.885868,-6.965767
SLC44A4,-2.972094,-0.80542654
UBR5,-3.4512813,5.3774247
FILIP1L,2.4957728,1.2248341
KCNA2,6.8240457,-2.3672
TYMS,-7.3079886,14.223303
WT1,-4.5771995,10.443248
BTF3,11.297224,-7.147424
BPI,0.083533876,11.029971
WIPI2,-5.6895123,-6.7046914
PPIA,-2.7508488,7.120053
KLF3,5.2291756,6.940481
BGN,-6.386662,2.4861004
SPOCK1,1.8401074,2.6648202
LRRC40,-0.08008723,5.915182
FAXDC2,7.203442,13.563173
ADGRG5,5.6732936,-3.972329
TLR5,4.357926,3.0975466
ARMC1,-1.0555243,16.015505
CDC37,7.4557858,4.294453
PHKA1,0.23136146,-8.504888
RPL7A,2.852545,-8.345519
CD300LB,5.0834246,-10.718776
ZNF84,-6.733303,6.173471
IL6ST,4.358823,4.5571713
KALRN,-2.2169902,-5.219957
PSMB10,0.5695372,17.222963
OR2I1P,1.2580304,1.6352853
CCNT2,-0.71640337,5.24768
LAPTM4A,-4.3798976,-1.5321307
OLA1,-0.45958188,15.241664
ENOSF1,0.8630901,3.8698916
SNU13,-8.938838,-0.13061835
RBPMS,-12.920554,1.9204943
SH3PXD2A,-4.581112,10.446382
ZC3H13,-3.8729417,4.0685215
LGMN,1.0023848,-7.8541794
MADCAM1,3.1704485,-6.817395
HDAC11,-6.469647,2.4437406
FOXN3,-4.46699,3.7667558
ISLR,-4.9005384,11.4934
CARF,6.414126,15.674755
CD63,-8.6773615,2.358646
MDN1,-0.78273207,10.067594
TLR10,2.0331988,-5.729289
ZMAT1,-13.164569,5.6447515
SLC44A1,3.555484,11.331519
BIVM,-3.0476105,1.9668939
ADGRG1,8.1221,-4.336619
ABCB7,-6.549157,-7.334001
SMG8,1.5683663,3.7479503
TMEM214,5.3189416,-0.8046171
DMTN,2.3365972,-3.5467007
NBL1,-5.8462143,18.624466
GOLIM4,5.614414,6.6205645
STK10,8.191882,-1.8439649
PHLDA3,-3.6298356,9.824151
C5AR1,6.2649508,-9.6343565
EDNRB,8.678736,17.32645
IL17RE,2.0095122,17.340662
MS4A6A,-0.13471267,-10.041955
USO1,3.4998686,11.026483
TRMT112,-8.903811,-0.09713484
AK2,5.855586,13.905227
PRTN3,0.31880626,10.810482
CBL,-7.2526894,12.121996
FBXL3,2.6390932,7.1570477
RHOJ,9.157989,2.296553
RBM27,1.9818146,6.930207
MICALL2,10.2266245,-1.9286938
MECR,-10.750223,1.8711226
PUM1,-5.144255,3.4130135
SREK1,1.5231733,8.97713
CHEK1,7.428691,3.1706288
SMAD4,-4.8096247,3.7663076
FBN1,2.389007,2.6893222
UCHL3,-4.010252,14.686505
GATS,-5.726294,2.507307
SBNO2,0.24543805,12.761507
ACD,8.164625,9.5318
IGSF21,-1.225531,-10.1308775
PPP1R9B,6.859092,-3.5879707
BET1,-5.804957,2.699447
MSX1,-4.703228,9.807934
BRF1,5.9871187,3.8435495
IL2RB,13.986721,2.8431838
HSPA1A,9.743326,13.6770315
PCDH7,-3.3948536,-1.238059
PAK1,-1.0700336,-10.968096
ABI1,11.367838,7.283469
IGLC1,5.6114674,-2.1862648
TSPAN33,-0.7080186,-4.9581923
IGFLR1,6.5166907,-3.554092
VAV1,8.173743,-1.8951396
HOXB6,-12.725017,1.6993556
LARP1B,4.143107,13.071586
STRN,-0.6856036,8.003058
KCNQ1OT1,9.565732,-4.3215632
TEPSIN,6.0702796,10.6195345
FAM49B,11.025622,7.0835457
KIF22,11.571071,-1.729145
RGL4,0.45996666,12.155667
APOBEC3A,1.5369883,12.030229
SLAMF6,-5.871285,13.312309
PHPT1,6.5583572,17.486547
ACADS,9.994854,-2.5638063
PSD3,2.655948,-2.6929228
SEC24A,3.8514566,13.026204
SLC25A46,2.6085837,7.9147077
TALDO1,0.98227733,12.189599
SGCD,1.8905476,2.5909624
RNH1,-3.4519482,12.715153
ZSCAN26,1.2717947,-1.0949655
SEPT9,-3.1758592,-2.9247773
ACKR1,9.179732,2.3039963
PNMT,-1.2168099,-2.0238833
SSR4,10.099818,8.785044
NCOA4,-2.0639648,-8.753103
RALY,-5.7329106,9.052899
FAM60A,3.4762733,-6.134969
RAD52,5.210182,9.2925205
CDH2,-3.43776,-1.270495
TUBG1,9.684491,-4.401435
LCN2,0.113544494,11.130105
SLC38A5,6.159596,-2.2707465
KIF20B,9.943803,0.21335557
LTV1,7.3405056,15.132551
NETO1,1.4735075,-7.298922
IRAK4,6.7257266,-9.298886
ZNF225,-8.994578,5.774962
HVCN1,2.0739112,-5.78095
RNF181,-1.654758,5.8027472
RAB8B,2.413361,7.1435
SLU7,-4.0654435,4.75096
ZNF865,9.416733,-2.8268235
STAB2,-0.4309327,-5.3039603
ANKRD49,-5.331678,13.312591
ITGA9,-4.1424074,-3.953775
ACVR2B,-6.2869244,18.686928
WHRN,-0.5621315,-5.828736
CBFB,-1.3989829,15.363981
CWC27,-0.4570168,15.239851
MYOCD,-1.6059985,12.585958
CPD,5.86856,-8.190484
ASB9,-0.05153087,-4.5579863
CD27,7.295253,-1.6875399
CCDC102A,11.977919,1.0774801
MARC2,-5.807789,2.674002
GTF2IRD2B,10.7542305,-3.5580924
PRPF3,13.797673,11.296944
TBC1D14,-0.21015929,9.815678
IMPAD1,4.3594127,-3.9383693
GADD45B,-3.1715043,18.349087
MTERF3,5.286257,11.266621
COBLL1,3.1559556,-5.5826826
COX5B,9.958296,10.679936
UBE2N,1.921651,4.0747585
SHTN1,-1.8153578,-10.184805
MARVELD1,-2.9148583,10.117751
ADSSL1,9.820868,-4.4854527
PTCD3,5.310139,11.282721
ACTA1,7.664082,5.297012
KCNJ5,-3.0689194,-0.81825286
CD6,14.001138,-1.8676791
PPP2R5B,6.6738024,8.296846
PXN,12.056186,1.1406513
RPL4,11.501098,-7.279163
CYLD,-5.9113894,13.054798
LGALS1,-3.8387358,10.55013
LMAN2L,5.2561526,9.168293
CENPE,7.3436413,3.2419019
SPTBN1,-8.780393,8.9271965
TIPRL,-1.6626749,15.706815
TLN1,-11.373366,-1.8545763
KIF18B,11.389005,-1.2286885
MTCH2,-4.3060174,14.94131
KANK3,-3.0126414,18.51935
EIF3B,7.567006,11.561587
MRPL24,-3.1616256,8.009261
ISCA1,5.216289,6.954996
ERGIC3,-6.418814,8.95244
SCML1,2.0650325,9.282444
SNX27,6.0498796,-8.132282
HRH2,5.3440833,13.041436
TOR4A,9.312893,-2.773943
KIF15,1.9157692,-2.5457582
VSIG4,-0.12996471,-10.043939
DLG1,-5.5728207,3.024411
GNAQ,6.020094,-8.209208
SIKE1,-6.0122952,5.7749305
RGS14,-3.6175723,-3.7012582
DDIAS,1.7688789,-2.9875982
ZNF419,-6.7599177,6.1820908
PRSS1,-7.5667186,15.745041
CCDC94,7.807002,11.15951
CCNC,4.300213,13.000388
DERL1,3.8919258,12.780761
KRT13,-2.2665029,12.811755
PRDX3,10.913462,5.353145
ZC3H14,-0.5206444,3.1793444
TPGS1,9.377042,-2.8556035
ZNF37BP,-6.343003,6.0126066
FAM210B,5.1924076,6.972023
VPS37A,-0.1958578,7.95091
PRR14L,-0.53836095,3.4759357
APOE,-1.4241003,-10.0002575
BRI3,8.920708,7.331427
TTC14,-2.4077582,-6.6362033
CTSS,-1.5080311,-9.923941
PICK1,-0.83345234,-1.6887736
LAX1,6.751133,-2.2843916
ELAVL1,8.626748,14.454301
ABI3,1.97904,-10.318422
MBTD1,-4.22873,4.8549004
COL8A1,-1.9214356,12.349943
PEF1,4.7614794,20.324512
CEACAM8,0.11468876,10.875901
HPDL,-2.3913758,0.9136692
BRMS1,5.508445,12.125814
OBSCN,-2.236198,-1.3438784
ATP6V1A,-8.624283,12.816369
PLEKHA8,-5.806484,2.6979706
CREBZF,0.26680067,5.086632
CXCL16,-1.3455812,-9.311822
HDLBP,-5.0379534,8.584069
TAF1D,-3.6232667,15.665335
ZNF101,-5.868132,13.255677
OPA1,6.983883,18.229523
SIRT5,-1.2063204,-2.013349
NLGN2,-10.684054,9.5157175
TSPO,-7.0604076,5.4354525
LTF,0.07429064,11.021766
THSD4,1.8991295,2.6000082
NFAM1,5.280513,12.98971
SELENOT,3.8354127,12.282229
RHBDF1,-3.8217385,9.785786
SNRPE,1.2144208,4.8115597
MYH11,-2.437007,11.87277
DGAT2,9.430322,-4.8780227
ECHDC3,-0.81955355,-1.6826609
SNX17,8.786148,7.454213
GIPC2,-0.08395085,-2.316113
ALYREF,-3.492711,7.990526
PDE4A,9.592965,-3.9504888
GLMN,-3.5848134,15.61124
MAP3K6,9.39362,3.9933336
FGR,9.554851,-5.095137
BAHCC1,-1.9780289,-3.0914688
SDC1,6.643158,-2.1443868
STRN4,-8.230224,1.3705723
MRPL11,0.42298594,-7.284053
ZNF781,1.2714016,-1.0976278
COA7,7.495575,15.352288
THEMIS,8.915849,-3.9126816
NAP1L1,11.59704,-7.343003
CDK5R1,1.4877362,-7.302238
RFTN2,-4.0637994,-2.8392808
MSANTD2,-10.542489,-0.015449068
SNRPG,1.1199902,4.934638
SMG9,5.869114,11.48034
MIB2,10.552213,-2.9323175
CMPK2,0.6654429,18.046711
NPFF,3.6837218,17.869175
SPEN,-0.6971096,10.00016
EHD2,-7.999618,2.1466205
HOMER3,7.998542,0.9283949
MINDY1,5.9325833,-8.050305
IFI30,7.918848,7.3622084
FUZ,7.39631,13.680601
PSMB9,0.55885065,17.242792
ZNF667,-6.0110908,-8.682676
USF3,-4.2250404,3.4832373
PKN1,8.51975,9.466407
SPATA2,5.7524414,0.42654225
GLRX5,-4.179437,-0.5679496
IDUA,-2.8800507,2.3821983
CREBL2,0.21932016,-8.5167675
YPEL5,-6.0325837,12.844462
ULK2,5.0516653,7.1531463
OSBPL1A,-4.1221333,-3.9102142
PSME1,-3.1498826,7.6412253
PNO1,7.3237724,15.115702
AFTPH,-4.134077,8.898355
DOK2,1.9982481,-10.314709
PSMD1,-3.778789,14.477027
ARFGEF2,-0.04768181,4.9660053
HECW2,9.566993,7.613712
SUGT1,-5.596056,16.940578
INSIG1,4.5018272,-3.9196074
NPR2,-5.851785,18.625437
TAF2,-0.043401048,5.599241
PLA2G4B,6.133613,10.662984
WDR6,6.0188932,10.576852
PADI4,0.556115,11.9834795
ARL5B,4.4258156,-3.951862
RCOR3,1.7515191,9.196524
GABARAP,8.906538,7.34203
HIF1A,-0.36429033,6.363864
MYO1G,6.510944,-3.5358083
JMJD6,9.855707,13.681108
FES,10.001079,-2.5747309
ZCCHC18,-5.296147,13.315123
PREX1,6.158656,1.3387679
ATAD2,9.89426,0.16600102
MAP3K14,6.800443,-3.5493414
PTP4A2,-7.3851247,12.249359
CIAPIN1,7.59204,11.532519
COX4I1,0.5317388,-7.3649483
OMA1,2.3321662,9.294487
STAT5B,5.359294,13.060014
KLF16,9.318296,-2.7775044
MEGF8,0.92488515,-2.3830745
SERPINF1,6.1979275,5.4848337
ADRA2C,5.5680923,5.19795
ATXN7L3,6.1429567,1.8949503
HIST1H2BJ,12.827671,9.254852
LMCD1,-6.2451267,8.032852
CD3G,8.853742,-3.9471934
POLD2,6.998607,11.797097
TMEM57,1.94509,-4.228308
HINT2,12.470616,15.587913
PKN2,-5.8957214,3.9577749
EXO1,9.889121,0.16133343
TEAD2,-1.4350194,0.33006892
CTAGE7P,-1.5219955,19.283688
FPR1,6.07539,2.6893249
FBXO17,-12.760516,1.7439867
FNDC3A,-5.6483774,0.08362286
WDR13,6.6980886,8.310353
TRIQK,6.119751,6.336149
MTPN,11.213271,7.1946273
TCN1,0.05739142,11.07625
FBF1,-0.28265616,6.3040047
INPP5E,6.6745954,8.3011675
ZNF428,9.40473,-2.844344
SIRT1,-5.3199167,3.2913318
SLC39A13,-6.5233808,2.4108653
HYOU1,2.9919305,14.094816
F10,-4.9010515,11.4806
SBF1,5.135863,2.5515847
ASB6,10.253506,10.397723
NFE2L2,-7.0603437,10.847624
PFKFB4,9.573693,-5.130013
SPACA9,8.721021,4.5279546
PARK7,6.6319838,14.641611
HBB,2.3079317,-3.5285335
LMBRD2,3.2665467,9.91702
AARS2,5.718489,-0.8895333
XPR1,5.6141305,6.3958716
SRSF1,-0.65389794,2.9359972
CNOT2,13.47397,8.045677
SIT1,1.7945216,-7.0615096
ARL1,4.3307285,13.41304
ATG101,-8.940703,-0.13133787
HMOX1,-1.8959473,-10.143777
CASP16P,-9.963562,6.588328
CXCL3,-11.146609,3.5581784
ZWILCH,9.958314,0.2219668
HBA1,2.3364868,-3.5628867
CDK9,7.447045,4.2838936
ETV1,-10.953333,4.0847588
TYRO3,-2.2732499,-0.86181605
BPGM,-4.17814,-0.5679238
VCAN,5.085553,-10.716247
DNAJC3,4.3067007,13.4421425
PHF20,-5.776504,13.211242
DNAJA4,9.615953,13.466719
CKM,7.669363,5.302327
RBM5,-3.9640932,1.4717
KCNE4,8.807282,-8.163514
PPP1R12A,-6.7221336,3.88533
DGKD,-2.8341877,-7.40874
RSL1D1,2.25624,4.039776
BAG6,8.494321,9.477694
CENPH,7.110501,2.4562545
RUNX3,-2.8119562,-7.39972
COL1A1,-10.475872,4.353809
ST13,9.811672,13.338376
FOSL1,-8.962145,10.046922
FURIN,12.045842,1.1335477
LATS1,2.5525901,7.5324364
PRRT1,-10.728812,9.553818
GTF2E2,1.405278,1.5534993
COL4A1,-6.307666,8.117394
CISD3,12.427081,-3.197752
DPYD,-4.3830395,-3.3080044
YY1,-6.9323583,0.8939497
SRSF7,3.0933743,16.242165
SDF2L1,3.038261,14.1322565
SARNP,-2.7302861,7.1064525
ZNF404,1.2659292,-1.0948629
TLE1,3.487846,1.0503844
BBS10,8.458672,10.607311
FAM135A,-5.565231,3.0212302
ME3,-2.9335365,18.615078
HBEGF,9.709245,-3.8889368
STAT4,10.311207,-6.4752817
LSM5,-4.3250084,14.846637
HGS,5.277812,2.7447557
MRPL52,-3.2483306,7.273791
MELK,1.8279927,-2.9840872
COL4A5,1.4127951,2.2059054
INTS6L,-13.2178545,9.040168
FLOT1,0.28016272,12.711168
EME1,11.3159485,-1.0933653
ARHGDIB,6.139667,1.2490163
SYPL1,2.6999576,6.8341684
SSB,-2.430474,16.190388
SYT7,-0.19477813,-4.723391
CD160,13.982772,2.8394372
SIRPB2,4.331167,3.1148639
NDUFB9,-4.1026945,6.537356
SNX25,-5.8964105,4.995428
LCOR,-5.484058,5.940096
NSMCE4A,4.5314727,10.000775
ACAA1,-3.6211584,-3.7033625
UBXN1,10.984628,2.3364918
EIF6,7.710379,11.305823
SGO2,7.365357,3.3860362
CYBB,9.888231,18.081074
CLCN3,-0.31301114,7.8780327
LAMB1,6.008746,5.4383044
HDAC5,-5.8552356,18.62667
OLFML2A,5.502642,0.38838717
STIL,1.8077551,-2.9957943
SCARB2,5.113252,7.086957
ZBTB47,-8.420392,2.2495625
MIGA2,8.128422,9.495039
TRAF4,3.0974793,-6.6999803
HIST1H1C,12.826648,9.255874
PROSER2,-6.205432,8.026911
GPATCH11,-8.757514,5.689589
ITM2B,-2.89384,8.242563
MAPRE1,11.043361,7.089024
METRNL,9.625809,-3.9375186
ATL2,-4.4142475,4.9799447
COX7C,2.943703,-8.469627
SAP30L,6.153449,6.2958493
ZNF787,9.3580065,-2.8137205
ING4,2.554053,11.189141
MRPL28,10.225245,10.394393
LDOC1L,-8.45243,8.212085
ACTN1,-3.187107,10.627454
WDFY3,-7.0946856,3.7137568
DENND4B,-8.018092,-7.7748227
KLF12,-0.6542409,2.3678484
CNN3,-4.1488595,-1.6388727
NSUN7,8.49703,-7.5549507
F3,-2.8897307,10.79108
ZNF579,10.453008,-3.019106
MARK2,8.143173,-1.8881466
DDX55,5.4964094,11.439999
LRSAM1,6.0283027,10.976101
GAA,0.62873024,-10.618502
TIMM17A,-3.4577656,15.398237
BNIP3L,5.1919146,6.9721174
SEMA3C,-5.494288,11.634162
UBXN11,0.7416082,-10.724935
RNF24,5.2720323,12.96855
ZMYM3,0.6001676,-5.2789803
BANF1,8.605712,14.459749
SH3BP5L,-9.048655,3.7485294
PER3,6.871315,-9.140389
G6PC3,12.432142,-3.2008648
CLIC1,8.549053,7.806569
TMEM86A,-1.0910325,-10.034973
ACBD4,2.1780705,11.065836
POMGNT1,5.932878,-1.341985
BHLHA15,6.6589847,-2.1821887
ASTN1,-4.888398,11.492167
TRHDE,4.5772495,4.7261143
DDIT4,3.0458052,0.8885011
WDR33,1.3776051,-7.6383624
BAHD1,6.1933613,8.313627
DAB2IP,2.0222635,-0.90324646
RAB1B,8.842095,7.4029584
RCSD1,-1.2855644,-4.8806057
UGT8,3.3979993,-6.133954
TST,-7.120717,5.4317203
IGHJ3,5.220074,-2.3576744
SOAT2,8.710919,4.518908
DTX1,2.0441191,-6.883662
IL6R,5.85825,1.3708208
IFNLR1,2.2204373,-6.053005
MYH7B,12.191807,-3.3979738
FMN1,-0.9907416,-1.8078985
FLOT2,9.409129,-4.86613
GNS,-2.7243392,8.337211
ESPL1,2.030748,-2.7343373
SLC2A10,-12.902012,1.9031711
UBR3,-0.04705814,4.947774
DNAH1,7.4254684,5.032001
ACADVL,6.7243214,8.320448
ACSS1,5.264958,-0.82179886
PPP2CA,-0.6711721,15.387034
CMKLR1,-1.7806551,-10.127755
APOBEC3G,5.7206335,-3.9285352
RSAD1,5.8891683,8.775985
ZNF226,-4.4335423,18.315142
MYZAP,-2.9420817,-0.8858108
TRMT6,7.3408127,15.13348
MTUS1,-8.891964,-3.2842083
TNFRSF4,9.432538,-2.9165874
HELLS,9.937411,0.20557888
PPRC1,6.6810007,13.087877
DYRK2,-0.64739394,2.3544695
CCPG1,5.913888,-8.20345
PLEKHO1,5.504244,14.786206
DYNLT3,3.6557071,6.9538336
DHX9,1.5108495,3.8111048
MT2A,12.11792,1.2073215
UBN2,-6.219146,5.913519
CD300E,5.077505,-10.724987
PCDH12,7.1687107,0.7683277
CCDC88B,6.5103226,-3.525127
POLR2J,10.077005,10.72349
OLFML3,1.7197287,2.3194427
TRIM58,1.8141248,-3.5912132
CTSF,1.058478,-2.2478974
SLC25A40,-4.1419353,-5.1469812
MANEA,3.4479623,10.831118
NCOA7,-4.381169,4.9616537
SLC16A2,-7.1183176,7.2375813
RPL13,2.0342262,-8.2744665
EGR3,6.7597733,-6.1542773
WIPF1,8.680298,-0.9262493
RPL21,8.449216,-3.0980368
CACNA2D1,-4.124311,-3.9135487
ATF1,10.692839,5.414745
SDPR,2.5070317,-2.3858142
CPLX3,-2.218895,-1.3974855
TUBB,9.746915,-4.439138
GPAA1,3.3434656,5.304821
FAM30A,7.314588,-1.7399746
CCNG1,-0.85560375,7.810902
SELL,6.1548977,1.1906865
IRF1,0.7862454,18.396692
PTPRH,5.7363963,0.42445612
PPM1G,1.5161898,4.21451
NECTIN2,-7.8159122,2.0679128
TMSB10,-1.675729,5.8035636
PPAN,7.114772,13.465277
BLVRA,-1.1868858,-10.288181
NDUFS7,9.602957,1.0419323
PPP1CC,-0.44337767,15.221392
FAM117B,-5.150788,13.432632
APOL1,0.8026515,18.42122
SEC23A,-4.7431355,1.3578633
ANO10,0.41559023,12.655258
TTLL3,12.220313,-3.3703003
MTHFD2,-2.7131727,15.7365265
ZNF140,-6.7422624,6.177879
IFT22,16.261738,8.557213
PELI2,5.606924,6.3871746
IGLJ1,5.671982,-2.189189
AP1G2,6.033101,10.590649
PRPF38B,-2.9679165,5.6575346
PMPCB,-6.552669,-7.337387
SPOPL,-7.330479,12.201003
TAGLN,-3.0765674,10.705197
CD4,-2.2525108,-10.263219
RBM39,-9.489411,14.193831
ANKRD37,9.643242,-4.1666403
GALNT16,-10.87947,4.119909
SMNDC1,10.5890045,5.4817095
MTCH1,7.463356,4.2994123
FFAR2,6.683207,2.679501
ATP13A2,5.65437,8.829804
EIF3M,11.263753,-7.120882
FMNL1,6.6143007,2.2742586
FXR2,6.140123,11.30639
COMMD6,2.9451306,-8.472395
TNFRSF19,-5.4996815,11.64377
CCNB2,-7.2651978,14.177041
ZNF329,-6.0112047,-8.682718
MTMR2,-6.927719,10.744113
CTR9,1.566064,3.8066816
TNXA,10.299479,-1.650595
IDH1,-1.980177,-8.745058
TRMT61A,7.442725,11.924916
CRIM1,-3.9760487,-1.6221974
CCR4,14.044164,-1.8361044
RNFT1,0.37285462,5.759962
CDK4,6.8509736,12.931094
LILRA2,3.7604334,2.9165115
GAS6,10.100897,8.785013
CCNL2,7.404406,4.244731
LIME1,5.270441,-0.814925
BTBD2,10.321529,-2.8927743
MAPK11,8.32913,1.1564505
LMNA,-8.944485,10.045058
IGLJ2,5.4876432,-2.1713624
RNF44,-1.6381179,-4.834571
HECTD2,2.958641,-1.4562465
ARL2,9.965083,3.6394126
RAB21,10.594928,5.4828587
PRDM1,11.362928,-5.668142
DDX3Y,-8.853609,-5.376478
DPM2,15.928973,2.3660905
PDCD4,-1.2938799,-4.880296
PSMD13,-4.0947537,6.5425215
ACR,2.2949393,9.299381
IFRD2,7.237992,11.950767
ABRACL,-1.0135142,-11.086729
PPP4R1,-10.551204,-4.4227376
CTSD,8.931022,7.3215594
SETD1A,6.950499,-3.6746197
GPM6B,4.562853,4.710939
MZF1,6.4778705,7.491189
URI1,3.647985,6.831036
APOBR,6.4170356,2.311946
ARID1A,-0.18310095,9.845447
DPM3,10.79026,-3.547685
NIFK,4.3856244,15.93927
PAPOLG,-4.4047236,4.9947686
FAT4,2.6623752,-1.6687864
DOT1L,5.1300125,2.5277956
ATP5G3,-2.8593705,7.2254496
EIF1AX,10.571532,5.4728312
TMEM81,5.8063912,8.747997
BAG3,9.577862,13.506933
SMTN,9.412988,3.9886246
TBRG4,5.64701,11.66061
BOD1,-7.9534507,7.3917847
PUS7,-1.9619306,15.948964
TARS,-2.7074852,15.73714
QSOX1,-6.193507,12.749021
CCDC61,6.4954863,7.872076
MPHOSPH8,-10.546641,-0.014996258
GLI2,-3.6227582,9.81257
GATA1,1.879544,-3.9963274
POLK,-0.5713247,7.5601826
DDX49,7.2036405,11.904738
ATG4B,6.095365,10.651477
DCPS,-4.058331,8.20247
SPRR3,-2.2663403,12.810542
WASF2,-1.1137283,-1.9254066
CNOT3,6.1626306,11.313495
NOTCH2,14.693586,5.5040355
ADAMTSL2,1.8611373,1.705446
SLC4A2,10.637976,-2.8866153
OR5AK2,3.0564365,-1.4017773
REXO4,5.759018,11.4828615
DESI2,-0.7447275,8.025681
MAML3,-4.3808465,-3.3043878
AHDC1,1.0201757,-2.2884667
FTL,-1.9894438,-10.167877
PSMB2,-3.8485117,14.542828
LRRK1,-5.7322235,2.5191457
PAK2,-8.642162,12.7945795
IDH3A,-0.17704685,10.424517
LUC7L,-3.9705808,1.4715073
TAF9B,-4.1154776,-3.410159
LPAR1,2.0077207,2.6051793
KLHL17,10.637731,-2.8920414
CD244,13.98139,2.8337245
AP1AR,-5.442883,4.405465
ZHX1,-8.872728,-3.300509
PLK1,-5.81615,-4.8812594
MEST,-2.663756,-0.9808129
ACSL1,9.322456,-4.8496857
SKA2,7.5104523,3.203477
ST3GAL3,11.50824,-3.3570514
TONSL,9.593373,-4.2372475
ALDH18A1,-4.3156414,8.348598
RUBCNL,16.01713,0.6030525
NAMPT,6.2609086,-9.650348
TMEM265,3.713281,17.900288
LRRC25,3.7597911,2.9142675
EARS2,6.861282,12.918645
UBA7,14.032787,11.717471
FBXO6,0.580895,17.30726
MACC1,4.9621673,-4.7021313
ZNF638,13.440902,10.05485
MT1M,12.122093,1.2120894
PSKH1,-1.1280763,-1.9427338
EMC7,4.3367653,13.411037
ZC3H8,-6.728469,6.170221
ATIC,1.4902792,4.1188946
PDE4B,16.016933,0.6036124
KCNJ8,4.3773675,3.97343
ANKS1A,5.0278444,7.1709905
PLEKHA3,0.03922014,0.44079033
CPNE5,6.183683,-2.209217
AGTRAP,1.098809,12.323529
IARS,-3.3968303,15.286459
TWISTNB,4.190638,-3.8924203
TMEM185B,9.888286,18.08113
CSGALNACT2,8.478356,-7.5495424
MST1,7.432841,13.705614
PEA15,-4.596606,9.923044
SLC26A10,9.484367,3.949344
MFSD14C,9.178809,2.3032715
ITFG1,3.5471547,11.329139
GSTK1,14.039159,11.722263
LEMD3,0.6577796,6.0836787
NARS,3.7314634,16.25175
MDH1,-4.436682,15.031911
TNKS,1.8410251,9.227124
TMEM168,2.599451,7.924115
TGFA,-1.0172632,-11.081888
ADRA1A,1.7221652,2.3228924
UNC93B1,9.321454,-4.23954
ABCA6,4.8532643,5.0684686
RBM10,8.162507,9.509217
DAGLA,-2.1810114,-10.223795
PLXDC2,1.8198096,2.5089447
ATAD5,7.123891,2.4760065
TUG1,13.439527,10.052045
COL4A6,1.4354758,2.179565
PFDN2,-8.935389,-0.12752067
MRRF,7.1117516,4.009542
PSMD7,-3.7583764,14.449279
ACBD3,3.5060692,11.059299
DES,-1.6670543,12.511351
ITGA1,2.156859,-1.2019749
APPL1,2.7425747,6.895903
GRAP,2.0419443,-6.881487
CAPZB,8.574958,7.832874
ZNF662,3.869799,-8.889548
BBS4,0.8731288,3.8784106
MOCS1,-7.1203485,7.2381115
BST2,0.59549415,17.373188
MAGT1,4.5233707,12.867616
FAM229A,-2.967417,2.3247082
MAP3K4,-0.84707755,10.100553
ZNF710,-1.0657122,-10.983117
GRK5,-5.8502526,18.625149
MYH7,7.669029,5.3030963
POMP,-3.9737813,14.610267
RFXANK,6.482195,-0.71284676
FEZ2,14.052456,6.0072494
HDAC2,-2.4366572,16.204556
FCGR3B,6.548986,2.7426934
GALT,-2.1629968,-1.7583133
PFKFB2,8.692632,-7.3440924
PLXNB2,-6.4852414,7.9881215
CALU,-6.0201836,9.479386
ANK2,-5.182567,11.212633
MIIP,-3.6249058,-3.688516
RLIM,-3.771942,-6.2348833
TTYH1,-11.587564,4.1556654
LMBR1L,6.175166,5.902491
CDK13,-0.8473519,10.100827
ITGA10,4.7348847,9.76202
LIMA1,-3.8307984,11.133543
PLOD3,9.944584,3.6641493
MYCT1,-3.6451283,-1.4691889
ADGRL1,-3.8193374,9.774006
CLEC17A,2.8848407,-3.2868745
RPS4Y1,-8.8536215,-5.376452
BAZ1A,6.8021317,-8.768981
LPXN,7.8492775,-2.670828
ZNF430,1.1310965,6.2454753
AP2M1,-9.473882,8.299264
ABCA13,0.116766445,10.841684
PEX1,0.22320078,5.069944
SDC3,-1.06412,-10.037791
PRPF8,7.354533,5.060196
NATD1,1.5599309,-3.5419807
PBX1,-7.0984607,7.2228622
HPF1,-2.6547654,4.461728
DMTF1,-6.342709,6.0112605
SDHD,5.4693985,8.636875
TMEM30A,3.379974,7.18773
ISYNA1,-7.986087,1.6475472
LRRC59,-5.782994,9.03847
A2M,-12.933942,1.9301547
PRDM2,8.844323,-0.62859106
INSR,-2.8953664,-3.8690536
CHKA,-1.2096508,-2.0209637
ZBTB1,-8.757461,5.6855946
ZNF879,-9.022146,5.7883735
EVC,-10.37375,4.445863
RRP1B,4.3617506,15.990589
SACS,-3.868637,4.0783134
TCEAL1,2.4753964,2.223762
MTX3,-3.0206099,5.5612607
ANAPC7,5.3255754,11.284746
SLC25A39,2.3901193,-3.6113126
TRIM11,-2.3325446,-2.6416218
ZSCAN22,11.578225,12.963252
TAS1R3,5.358139,-2.2690063
TBC1D15,-4.3336945,4.9471846
ZNF671,4.6603928,12.963808
ATP6V1B2,4.1916337,3.047078
TCL1A,2.7401736,-2.8868923
ADCY1,6.1502204,5.6337547
ATG3,10.999515,7.059572
BCL2L2,-8.536804,8.292767
MBOAT2,6.0306644,-8.224077
IRF7,0.585794,17.359676
GTF3C2,-0.20775901,1.3115319
CLTA,-1.9307151,5.306363
E2F2,1.9195287,-3.2828343
GOLM1,1.1535448,-1.5851316
FAM127B,-6.5225644,2.412041
NACC1,8.146609,7.5454464
ATP5C1,-3.7920725,14.48387
SH3D19,2.9978392,-1.4500852
OSGEPL1,-0.1377033,20.207457
FUOM,-10.7501545,1.8710545
ZNF471,-6.300404,18.695562
TMEM44,9.156209,2.2958217
SLC6A6,-10.55151,-4.422705
HSPD1,9.479603,14.027792
GPR68,13.950627,2.7787735
HS3ST4,0.2404103,-8.501972
MAP3K20,-2.5596254,11.744475
ZSWIM3,-5.704024,17.046062
PLXNB1,0.9774784,-2.3295484
PLXNC1,7.0405354,-8.428018
ZNF414,9.424343,-2.8354135
SNCA,2.3075151,-3.5324566
CD40LG,10.600015,-3.8274715
CAMK1D,14.693914,5.503995
CCDC124,7.2818317,12.000737
PRKACA,10.054577,-2.4404259
ZHX2,-1.355829,-4.8694205
MRPL18,9.534608,13.986927
EEF1G,2.237212,-8.26267
NXPE3,3.8600857,13.026927
WDR1,8.550507,7.8314285
RGL1,-1.854519,-10.206825
PDIA6,3.012495,14.087877
BCAS2,1.8059248,4.568857
RNF10,1.5000201,-3.5293992
TMEM219,-0.13898495,10.507481
STRAP,1.7897667,4.5573916
CLEC4D,9.3225355,-4.864361
ATP13A1,5.337152,3.2038066
CASKIN2,7.544409,0.8742544
PHLDA2,-4.736806,9.775777
NACC2,-11.411575,-1.8933228
GAS1,4.865065,5.1075373
EWSR1,6.686013,3.9830308
ACKR3,8.042137,0.9785683
ETNK1,0.19964428,6.136292
COL7A1,-1.9747139,-3.0898976
ATG9B,7.269507,0.7950261
EIF2B4,3.454136,5.4162745
SP140L,-13.219344,9.035882
BZW2,1.496758,4.2099605
ADPRHL2,1.3081095,1.5434569
KRT6A,-2.2738183,12.810805
UFM1,-1.4925371,7.640464
TRIM23,3.2993577,8.123823
SIRT2,9.944448,3.6633005
SMAD9,-10.535971,-0.023794381
RAB11A,-3.7478113,-1.60549
A1BG,13.758164,11.220666
EDEM1,3.8980722,12.770102
ANKS3,6.5570045,7.780321
SAMD1,3.8207319,18.010084
CLYBL,0.82661194,3.8311324
SEC24B,-4.8418207,0.9527939
CEACAM3,1.14782,12.020358
TCEA2,-2.9131308,18.63808
FAHD2CP,11.658375,-3.3602686
OSM,8.751684,17.392622
MFSD8,-2.9424016,5.65882
RC3H2,-7.6126246,3.8447094
TP53I3,-7.0984917,5.438511
E2F5,-5.799865,2.7008696
RASL11B,6.2968736,5.4234967
P2RX5,-4.1302366,-4.7292767
FZD1,-2.5377605,11.767303
DCUN1D1,-5.48105,5.945352
BCL2L12,11.453519,-2.0133967
TMTC1,-9.276773,8.379115
SRF,-8.967422,10.051145
SLC13A5,-0.42847583,-5.055267
ACTG2,-1.6950692,12.495205
INTS7,9.813951,-4.4833064
KMT2E,-3.4241264,5.418872
PTPN1,-2.9985301,-0.8086071
EPOR,9.140134,4.124565
FAM20B,-4.7077084,0.6485461
GIGYF1,-2.3647778,3.0897222
LRRC37A2,-6.017977,12.848964
ADAR,0.66896826,18.26001
MPDU1,-3.6188877,6.812075
BCS1L,5.311636,11.912382
JAML,6.3972597,2.294662
KLF13,6.690177,-8.811815
PKNOX2,-11.556633,4.1436477
EVL,5.58892,-4.254335
SH2D3A,5.5180206,-4.0374703
RSL24D1,11.272481,-7.1278467
MYL6,-3.8885403,11.207778
RCE1,3.8243382,17.979378
ENPEP,4.3785834,3.993019
CCL14,-0.42722926,-5.3308806
CD2AP,-0.7808025,7.801485
PLAA,3.8812165,16.562729
PDE4D,3.2059178,0.92608774
CLMN,-0.8776133,-1.7127416
LEPROTL1,-6.045665,12.8338
CDK1,2.0305138,-2.3570812
TNXB,10.246436,-1.8543795
WDR46,6.6572165,13.22783
DYNLRB1,-1.8373863,5.461919
SHF,-6.4560556,2.450549
TLR1,4.2546306,3.0517309
TFB2M,7.58964,15.48205
ZNF577,-6.302484,18.697515
ZNF418,9.776662,10.998582
ZNF205,-1.3278562,0.1585016
ACVR1B,12.048185,1.138511
TSPAN4,-6.5713067,7.961797
FANCF,-5.872506,13.316901
MLLT1,0.26147,12.737614
SKI,-8.460803,8.220176
TRIO,1.4412409,1.6185298
PRRC2C,-8.231896,5.6408715
CARS,-3.405027,15.2900305
CRYGS,4.647037,12.9585285
DBF4,-7.3076234,14.234078
DNAJC21,5.056374,8.365144
SPAG9,-4.394529,-3.3246636
CC2D2A,-4.943213,10.869345
RBMS2,-2.2114568,-5.21443
NRARP,9.704616,-3.8542576
CDH11,-4.2774754,-1.4589595
FUT8,-4.6989465,8.070844
MSH5,12.425286,15.544213
CRYBG3,-7.2220736,3.840192
ZNF146,-1.9410051,15.951924
FAM178B,7.1112127,0.75713146
DHPS,10.276265,-8.6335945
ARHGEF28,3.1078873,-1.3820442
SMIM14,3.537259,-6.1659117
LYPD5,7.2418942,0.7884507
ZNF14,13.441974,10.055661
CYP21A2,10.294862,-1.6614012
ICOS,14.037083,-1.8413483
CA2,1.8996865,-4.063478
UBE2K,-0.73389953,15.43649
FBLN1,-2.0604012,12.265887
IER5L,-4.731677,9.782328
ARHGEF26,2.6280277,1.0390024
TARDBP,-0.6592439,2.9272337
LCA5,-6.5620403,10.4698305
LONRF2,2.5071952,1.2209047
GSK3B,-7.581991,3.8394356
UBR1,2.1065304,6.827235
TANC1,-5.7468963,7.736708
LDB3,-1.5523071,12.626274
LRRC37A,-6.0079684,12.865641
DYSF,5.3838806,13.091701
MOSPD3,-3.4528623,12.715271
ARRB2,5.266448,12.999419
PTPRN2,1.2154597,-1.6280307
SLC27A5,13.770034,11.24313
SQRDL,0.42765447,12.674734
MAN1B1,13.945545,11.554674
NR4A3,9.735169,-3.8480809
CHST14,-6.1460614,2.579483
ARRDC3,4.8166523,-3.9080987
ZCCHC7,3.6376507,-5.7423368
AARSD1,7.011647,11.806234
NRCAM,2.3801491,1.3421582
PIP5K1B,7.3082294,-1.6632035
MPST,-7.116933,5.429516
HIST1H4I,12.848026,9.274065
ZXDB,-0.64640677,2.3621554
UBR2,-3.453519,5.408788
JAK3,6.184333,1.6328708
SNX7,-8.896656,-3.2786767
PEX13,-8.497031,13.030761
FCN1,5.0912466,-10.710245
SGK3,6.646336,19.600962
POLR2B,-0.12407766,4.802171
ST6GALNAC4,5.2849007,-0.81430125
TRUB1,3.168201,8.15353
GZMH,8.136015,-4.315334
CNST,13.469529,8.04739
ANKLE2,11.1049385,4.067543
CD1C,2.9515212,-6.502179
CENPB,10.17041,-3.0328016
MGP,-1.9588645,12.3352375
ROBO1,-8.785017,8.927069
RABAC1,-6.3785567,8.943736
FHL2,2.471965,2.2239764
KDELC1,-9.413371,8.324699
SLAMF7,6.144693,-2.2787352
NBN,6.983981,18.231358
ZBTB10,3.4163494,7.0026608
CAMK2N1,-6.3267155,8.055076
GPR34,-0.12397397,-10.049792
ZNF513,5.9168677,3.5150838
GINM1,-4.1180124,-3.3850164
SRCIN1,3.2491028,-6.922922
TAB3,-5.856937,5.376395
RMND5A,-6.899221,0.9193679
PCIF1,-2.3416345,2.4116797
HACL1,4.4146175,9.470988
TOR3A,-4.700204,8.092779
SRPRA,-5.0988545,8.611098
LATS2,6.200736,6.5568585
CEACAM6,0.14009263,10.845174
TMEM255B,9.394257,3.989591
GJC2,2.013061,17.335754
RNASE2,0.34248993,10.811857
ARAF,-6.8144264,-1.1044005
GPR88,-11.213961,4.0187893
POLR2K,-12.053425,6.7369676
RFX3,-4.2455263,4.8400846
USF1,5.1327314,2.554436
STARD9,0.9171199,-2.3831692
KIF14,1.9407301,-2.4707074
QARS,7.5337586,4.613972
MANBA,8.884031,-6.96868
KCNQ1,-0.74766964,-9.656064
CLPS,-7.566783,15.745292
SETDB1,7.3868375,5.0492544
SCRN3,3.8487887,-4.3932586
SOX17,9.764076,-3.5087466
CDKN2D,0.4283964,12.177813
ATP13A3,2.1034005,6.811571
EDEM2,-6.259246,8.931381
TMED5,14.223791,7.834955
RCAN3,14.092413,-1.7932978
FBXO3,-5.464727,3.4407675
RTFDC1,0.43988982,12.708411
KIAA1109,-4.791829,3.669732
RAD51,7.5360494,2.4432502
FAM222A,-0.06451659,-2.2975445
ARL8B,-3.7731438,-6.2363615
DBT,3.305927,8.11782
AFF1,-7.120493,3.843043
ICK,-4.97293,3.590493
PHF12,6.711564,-9.244014
NNMT,-1.4669023,0.37231463
STK19B,10.302022,-1.6446978
CCNI,-0.86101544,7.810641
NSD3,-4.191876,3.4814556
FAM149B1,5.1210623,2.5337873
UGDH,4.2947593,13.482131
TRA2B,1.8312964,4.5960817
SMCHD1,-3.4820795,5.3701344
CFH,-12.899344,1.9006062
PPP6C,11.902853,7.3046794
CD276,7.2437673,0.78913254
AK6,-2.4537213,16.164303
NR2C1,-9.483927,14.188027
GPR176,5.9619875,4.8304853
APOBEC3D,5.6916246,-3.9609976
ADCK5,4.132442,-3.8741724
ANKRD13B,3.8172617,18.006128
ARHGEF15,7.3305383,0.8442303
KIAA1614,-4.6548886,10.5734
SNRPN,6.2886434,8.363631
PCDHGB7,-8.786554,8.939786
VASH1,-3.818082,9.763687
HMGB2,6.2894616,0.18702681
GPC1,-7.587009,2.3212478
FAHD2A,12.474371,15.591621
N6AMT1,-10.53399,-0.024120491
NCKAP5L,-8.224545,1.373567
DDX41,6.63386,3.9437518
PCMTD2,-6.323208,5.995869
CDKN1C,1.0585331,-2.2390246
CD53,-5.4005947,2.278735
H2AFV,3.1585422,10.314401
MLXIP,12.053641,1.1414253
RBPJ,8.771288,-7.152968
UBE2M,10.115005,10.76364
GOLT1B,-1.5029669,7.629188
UACA,3.0765364,-1.4033085
PAPD5,0.03680244,0.4473558
PLEKHG1,-2.8882272,-3.8753064
TMEM245,5.2395053,6.935366
FAR1,-4.141484,-5.1468873
LIMS2,-2.9319768,18.616411
KIAA1191,-6.8986983,10.719368
GRB10,2.0338829,-0.90915304
CMPK1,-0.8467214,7.808701
TSPAN7,-2.9385276,-0.8686262
FAM198A,-2.8823707,10.791386
ETV7,0.7963816,18.41288
HEATR5B,-3.0752103,5.4827876
STX10,1.120144,12.356563
HIST1H4E,12.867009,9.293762
SEC63,4.5606704,12.9177
TMEM167A,11.905642,7.3052735
SIN3A,-2.7647293,5.7656207
SNAI2,1.5876261,2.022378
ECT2,7.368928,3.376309
F2R,-4.0366626,-1.6581188
SEMA4A,0.8683254,12.162371
PPP1R26,-1.213067,-0.0037965612
SF3B3,8.461918,14.382649
DSCC1,7.508057,3.1815965
B3GALT4,-2.4552064,16.210142
SPEG,-1.5892873,12.597992
SORCS1,3.2741957,-6.9614563
ATP6V0A2,-2.7929976,5.7332687
PRL,-2.2814634,12.861178
IGHJ5,5.24378,-2.34082
MSH6,1.7612628,4.0119424
CIC,5.135742,2.553281
PTMA,2.261927,4.041291
TPI1,-12.060094,8.053756
JAK1,-5.7698684,13.22944
STON1,-4.3947005,10.1213875
RGL3,9.110698,4.141158
POMT2,-1.1936125,-0.02832447
CENPJ,10.58392,-0.7785374
HIST1H2AE,12.832391,9.25959
GATAD2B,8.850007,-0.6202127
C7,6.189202,5.481487
MRPL14,-3.292902,7.979088
SAMD10,5.5513225,-4.028154
TLK1,-0.6318487,2.498266
IFITM1,-13.024303,2.000371
MYO5C,2.9960647,-1.4508438
ZNF664,-0.6950457,7.989027
IL21R,7.885893,-2.6267369
DCAF7,-8.395357,5.6324883
CHMP4C,-0.07360433,-4.581918
COX6C,-1.7377133,5.887738
RPS3A,8.455755,-3.0903447
NR3C1,3.1940024,7.0506406
EGR2,6.7592897,-6.155172
TBPL1,9.625298,13.527548
AQR,3.7185686,16.06797
ZZEF1,8.886712,-6.9667144
PDS5A,-5.577986,3.0304189
MTMR3,8.455781,-7.526366
CD302,-4.381124,-3.3103957
PTAFR,4.2148094,3.0531328
PGS1,12.065862,1.1574321
DENND6A,-2.96369,5.7625375
SLC35A4,4.0545936,4.8123055
PPM1B,-5.8583503,4.3281493
MSMO1,4.5260544,-3.9239206
KPNA1,-7.9605665,5.603515
HLF,3.0287588,-1.4262445
DBN1,12.423501,-3.1850414
PHYHD1,8.714283,4.5279064
SLC25A44,6.7346025,-9.364057
KIFC1,7.369344,2.5275464
APBA1,-4.13811,-3.9616857
ZFAND5,2.4158201,0.96128136
ZNF274,-6.7603793,6.1826415
GLO1,3.5382648,1.1179391
FOXS1,-11.59469,4.158112
CDC27,-1.7380763,15.89113
CA1,1.9811399,-3.7104483
CLPX,-5.8242574,4.569847
SLC25A5,-4.4663706,15.066357
TMED9,-5.9185,8.947065
GPX3,6.320946,5.413589
RELB,1.2675598,1.5965278
UBALD1,10.171104,-2.985244
ZNF549,6.285903,0.20072849
NR4A1,9.712271,-3.8798032
CPA1,-7.566447,15.744199
R3HDM4,0.44801787,12.151897
TNFAIP8L2,-1.1005534,-10.800506
CHIC1,3.6491632,6.8315916
P4HTM,10.762608,-3.349183
YKT6,-3.61239,6.8185997
LYVE1,-2.2150216,-5.2205653
AP1G1,1.5487266,8.990192
RNF208,-1.20847,-0.01336857
MON2,-0.7851195,5.300418
INPP5A,4.653044,4.6712947
S1PR5,10.307736,-6.483631
DVL3,2.3326306,9.29518
MTF2,1.2781527,9.039646
RNF38,2.6857288,7.1815863
ZFPM2,-5.8888288,8.04168
WDR26,-6.7342315,3.9567823
PCMTD1,5.214042,6.962948
KPNA4,-8.506081,13.018041
PGM3,4.0081577,13.038615
TBC1D10B,6.533337,-0.6596642
BNIPL,5.241055,9.220655
REV1,-3.5665555,5.034033
TMEM94,-2.302651,3.1626215
RB1,-1.3962969,7.6987357
GFOD2,-0.5615757,-2.5736039
KCTD17,11.648109,12.840661
EDC3,6.091976,11.509982
TGFBR2,5.6579256,6.5988407
FZD8,-5.460691,11.56541
LUCAT1,6.52876,2.7890081
RIC3,-13.212289,8.977362
PTP4A1,4.5862966,-3.9719272
PSMD3,-8.378224,-5.0311594
SEC31A,-6.0049,9.463329
PCMT1,5.564605,13.229658
MDFIC,3.1384966,8.122546
POLR3D,6.8692684,12.90191
CBR4,6.4189405,15.706276
ZER1,-5.67402,-6.6923265
ELOC,5.802581,13.968866
CDC5L,5.2319117,8.468881
GABARAPL1,3.1046853,0.888553
UGCG,-11.125603,3.5497422
UBA52,0.5236084,-7.3637385
ZMAT2,0.457966,12.725416
PLEKHH3,-8.043553,1.7250943
CHD8,7.375412,5.055787
RMDN2,-3.43343,-1.2602036
HMGCS1,4.503215,-3.9210863
PIGW,4.054746,16.14283
METTL5,-2.6924708,4.5072355
DNHD1,7.422126,5.0463333
KLHL28,3.2306976,7.426744
SUN1,3.0541449,-1.4014913
ZNF441,1.7297181,9.051712
GDE1,1.5083609,-3.5168262
TFPI,-2.216451,-5.220856
SAFB,6.1670485,11.297453
TMEM208,-5.7533417,9.057408
SLC44A2,-2.7077842,15.739939
P2RX6,-8.381164,10.894039
CD48,7.872452,-2.6315608
KIF7,-3.6460629,10.005933
TRMO,4.3902984,9.30864
FCER1G,3.7305548,2.9133654
CDK5,-7.1124606,5.433107
ZFX,-0.35859397,3.663338
ITGB2,6.0535197,1.4122382
FAM13C,4.3785458,3.971254
ATE1,-6.6351333,0.72348875
URGCP,-2.164221,-1.7648493
XAB2,5.333754,3.1971064
BTAF1,1.5464385,8.9875965
PRRC1,14.223153,7.835256
MT1E,12.120129,1.2098851
GPR173,-8.018154,2.1806226
DDIT3,9.872823,13.728082
BCL7C,-11.484889,13.211829
NFATC1,-1.360123,-4.869449
RAP1A,-7.3456144,12.212677
MCM6,-2.1854675,1.1094953
PIK3CG,3.5205505,12.024241
SYTL4,4.8521447,4.969518
AASS,2.433651,1.2876645
KANTR,-9.492055,14.19635
ANKRD17,-3.8733501,4.063434
DIMT1,-1.2576151,16.179777
WDR44,0.63453156,6.0555053
EGLN3,9.852296,-4.5193906
TSR3,6.5250235,-0.66729915
MEIS3,-3.864149,9.799568
CNKSR2,3.4410045,-6.104272
FCHSD1,6.2230396,-3.5872476
CPEB4,3.5085413,11.065766
TAF1,-4.8538055,3.6238189
EBF1,1.4771292,-7.307603
CSF2RA,9.584379,-5.142279
RHOBTB1,-0.09833595,-4.6033335
CHSY1,-0.37014943,6.377777
F5,6.14623,2.661658
ARSI,-11.17257,3.983694
TCF7L2,-2.065197,-8.753958
PHLDA1,8.680694,17.328386
MRAS,-12.479927,1.9671674
SEC23B,-4.4435954,8.523181
NBEA,2.5096006,-2.1124046
NFE2L1,-4.286652,-1.3427755
ATG4C,-4.1331244,8.905546
ADAMTS4,-1.7388988,14.092013
FSD1,3.5549958,1.1483701
EDN1,-5.7404356,7.730292
KIAA1211,4.3784084,3.9711013
KIF21B,-2.831214,-7.4079647
LIN54,3.2847047,10.021109
MAGOH,1.1223229,4.938995
RBM14,6.1937857,8.309303
GPR37,-4.0622272,-2.8200152
ESF1,-1.4363174,15.984409
ZNF462,-0.46746367,-5.1437154
RNF167,-9.04715,3.7470186
SURF2,5.5049677,12.128305
MTAP,5.4631667,8.633453
KIF23,2.0110655,-2.36237
MCFD2,-8.894044,-3.282343
PTPN7,6.485293,-3.550189
GAPT,2.0385633,-5.7378097
PNRC1,-6.018454,12.853365
CACNB1,7.4629645,4.302166
ZFAS1,-6.545858,-7.3303204
APOLD1,9.7428875,-3.5729294
ITPA,-10.749392,1.870904
MEF2A,0.34395632,5.739501
KRAS,12.001178,7.32527
BEX4,-9.528804,8.2844715
EMD,-4.1766353,3.4675639
PDLIM7,-3.2619083,10.566728
GFI1B,1.8507404,-4.0266743
TSPAN14,-0.9879748,-1.8072886
MED23,0.99821526,6.0736127
RIOX1,4.3407526,16.027409
PSMA6,-3.972564,14.607419
ADRM1,7.301205,12.023738
LRRC32,10.127992,-1.9763825
PITPNB,-2.4114861,16.217808
ZNF773,9.777059,10.995389
ASPA,-5.0163145,10.968984
ALKBH8,-5.824268,5.0228024
TMEM204,9.226021,4.0803
HNRNPF,4.0156775,16.375286
PEMT,-10.750669,1.8709315
ST6GAL1,7.303498,-1.6743777
CYP21A1P,10.300334,-1.6530596
ABLIM2,7.9871783,0.96339595
FBXO33,-6.906,0.9204648
CACTIN,7.79862,11.083102
POLR1C,6.513129,13.221825
VIM,-6.2127028,18.69511
METTL13,8.564368,14.434209
LSM4,15.927484,2.3665595
CEP170B,-3.833992,9.798787
ZC3H6,1.8437178,9.229675
PYGL,0.92356294,12.154955
SLC16A6,-7.0282707,-2.815667
GNRH1,-0.8527599,5.3453126
HPN,13.757761,11.218821
KIAA0319,6.5323963,2.7927907
HAUS6,-5.8573403,4.613236
ZCCHC4,-0.7803888,4.994018
LIN9,-4.218973,8.829745
ZZZ3,-5.575574,3.021763
MAPK8,1.3584262,9.0555315
THBS3,12.217955,-3.3710032
ANP32A,5.9038863,1.4038851
TNFRSF6B,10.123516,-1.97938
ATP8B4,0.3389204,10.809117
SCRG1,-1.71102,12.487417
ASCC3,-2.0434067,15.94382
CCDC3,-10.856564,4.1184554
MAN2A1,-0.3166554,10.171559
BAX,-2.9094996,8.227596
GLCCI1,6.773608,-2.3112032
ISG20,11.363085,-5.6681185
FER,5.327312,6.849923
QRICH2,5.2511864,9.20783
ATG2A,-5.6576133,-6.674128
ADSL,1.4955537,4.198624
MED12,0.59413147,-5.2777214
ANXA3,0.6078413,12.072303
GCLM,-0.13962062,6.0760345
HSPA1L,9.331732,14.151612
S100A6,0.4166106,12.654003
TUT1,12.48344,15.600438
PCNX1,-6.7737255,3.9363835
IDE,3.4994113,11.027064
POLE2,7.4768357,3.1854756
IDNK,12.436767,15.55598
ECHDC2,12.122354,-3.453253
TYW3,-5.8242216,5.0087705
TUBB1,-6.729266,-4.619789
GJA4,-11.588161,4.154842
ZNF74,11.566152,12.974858
CLEC14A,-0.19748348,-2.4215944
SLC9A3R2,-7.361831,2.1615555
PM20D2,-0.48592535,18.979895
COX6B1,10.354458,10.028682
ARIH1,-4.9031563,0.72456884
EPB41L3,-1.919849,-8.796286
SNX4,6.985531,18.233772
YME1L1,4.6146727,12.902214
SAT1,8.9114065,-8.244076
ISG20L2,1.9063618,4.079235
ZDHHC18,6.5873213,2.2608466
ASNA1,-1.93125,5.313826
YJEFN3,5.973376,8.605284
PTPA,8.310874,1.1435947
DPH3,5.0569835,8.348757
FLI1,-3.42964,-1.2578765
EEFSEC,7.3165836,12.044389
MAN1A2,-1.4269289,7.687491
PHF3,-4.6680675,0.6391802
DNAJC4,10.769262,-3.309578
IL18,-1.1678154,-9.735722
MFGE8,-2.8864067,10.7910595
RPE,5.441504,8.635965
DGCR8,6.9560933,-3.678128
UCKL1,10.76836,-3.4366949
CEP85L,-3.0304792,5.54461
PIGF,-5.5617647,16.904768
HEMK1,-0.30085233,6.3229527
POGK,-0.5112874,3.2256856
CAPN1,8.533791,7.590145
CRK,-0.69651663,8.004169
ITM2C,6.189051,-2.2064908
SLCO4A1,-2.9793594,-0.8071987
TICRR,11.471853,-1.5999448
NUGGC,11.362963,-5.6675925
NICN1,12.190248,-3.3725235
TMEM175,-2.6003268,2.7721584
BAALC,10.125667,-1.9773617
GMFG,9.411122,-4.876581
ACY1,13.915192,11.501866
JADE2,-1.6406153,-4.832951
PEAK1,2.647761,-2.688587
PODXL,7.384222,0.85759246
FLVCR2,0.13477278,-10.142049
LUM,-1.6084925,12.589367
GCN1,6.9976106,13.442324
CDH5,-0.17961791,-2.4204507
NDUFAF2,5.8045053,13.970233
DENND5B,3.522897,12.024986
CCS,2.1823487,11.07321
SPIN1,5.512524,6.6835675
PARN,12.440292,15.559677
ALPK1,1.2317858,-3.8355598
FBXO21,4.1716285,4.72461
CCDC85B,9.40761,-2.8428924
NHLRC3,0.22601567,5.066955
CUL2,-2.027011,15.928991
IGKJ2,5.2945566,-2.3150444
TMEM40,-6.724067,-4.6218243
LIPA,-1.4986013,-9.939218
ITGA8,-2.5936487,11.7155905
TOPORS,-0.4525876,3.5037093
RAB39B,9.483406,14.65692
PPP1R2,0.038550112,0.4474426
FCGR1B,9.59552,-5.2038274
NIT2,4.484978,10.045253
PPP1R3D,6.126812,-8.225184
SLC46A1,0.98396987,-7.877872
TMEM154,7.039956,-8.430799
TMEM167B,-7.1629796,3.8801708
BIRC2,-0.48770547,18.980915
KLRB1,8.473481,-3.433536
COLGALT1,6.202416,1.8194932
TSPAN2,5.9954815,-8.206608
HOXB4,-12.720841,1.6944988
IFITM3,-13.027414,2.0035222
SELENOH,6.63139,14.642967
AOX1,4.849694,5.0670342
SLC30A7,-1.497369,7.6363893
ADAM17,-0.1412053,9.795449
WDR36,-1.3348362,16.037107
COL4A4,3.167227,-5.569674
CARD6,-11.438216,-1.920137
BCL2A1,0.60684747,12.071308
SLC2A6,3.0756774,-6.6661835
PFN2,-4.14179,-1.7509028
ELOF1,6.433936,-0.76329404
OSER1,-6.5452113,-7.3298645
MICU3,5.220864,6.975646
N4BP2L2,13.429388,10.041398
ARHGEF3,8.181639,-4.244433
CDR2L,-1.2343653,0.032772295
ANKRD52,6.973225,-3.681959
NREP,-10.045156,6.671905
NUPR1,-12.904278,1.9070132
HOXD9,-0.50156265,-5.1622834
EIF2AK3,3.8979778,12.766369
NDUFAF4,-2.4503486,16.164522
ENDOV,-0.50033873,-5.828177
RAP2B,-1.0186751,-11.077913
KPNA5,-5.8944545,4.9968896
MINDY2,8.429616,10.6082945
FAM69A,7.300143,-1.6639758
SLC22A4,1.2317327,-3.8369637
STK11,9.594819,-2.8835702
OAS3,0.6859501,18.13346
SLC51A,-7.028483,-2.8153896
SNX24,-1.8477706,-10.207919
GATSL3,-0.4110087,-5.9574513
RPL30,2.8796992,-8.383017
SRRM2,0.5983557,-5.2789593
FBXW4,5.9878263,3.8420465
RFC3,9.959286,0.22140898
ITGA11,-3.9725995,10.446922
SLC7A6,-5.870015,13.316407
ADCY6,-7.948904,2.0863874
HDAC1,2.9652953,-6.4913487
SOCS3,-3.168876,18.34959
CCDC152,0.21896291,-8.515451
CAMTA2,11.35693,0.32076293
ZMYND15,-1.3451728,-9.315351
ZNF26,7.1123714,4.0083437
FZD6,-4.998743,0.6768484
RNPC3,-6.3285127,6.004486
RPP25L,2.5231118,11.188169
CDR2,-1.766648,14.116858
STX16,5.2327704,9.24482
PEX10,-10.7505455,1.8711188
RUNDC3A,1.6825399,-3.5789933
ZNF282,6.6701727,-0.4797983
KAT5,7.351947,5.0592937
EIF5A,-3.5613072,8.001772
FAM136A,-3.5698013,15.593691
AGPS,-1.3446658,7.720711
SWI5,10.820474,-3.5257134
TBK1,-7.962045,5.6050367
POLE4,6.6308794,14.644088
EVC2,-3.845439,9.754132
TTLL7,-2.8609939,10.801335
RNF25,7.512051,11.913926
ZNF408,10.254864,10.39188
NFIB,-4.162274,-1.6077749
NCF1B,8.008997,-2.2757099
MAML2,4.135756,4.752135
PF4,-6.708928,-4.61691
SNX18,6.6461616,19.6011
PLXND1,-1.9838917,-3.1003006
RCN1,-7.9556403,7.392747
PFDN6,-3.2521951,7.270105
SYF2,11.62287,-7.3689394
TCEA1,10.581413,5.4656024
ZNF614,3.4112022,7.056013
PHF20L1,12.044552,7.373812
SIPA1L3,-0.51654184,-5.003433
LYPLAL1,-13.312823,4.7251034
YTHDC1,-3.4820807,5.3703036
GATA2,-12.4782,1.9476833
ANAPC10,3.7723124,6.909758
EIF3L,11.562848,-7.319686
CD248,2.0120914,17.336044
SMIM10,-8.74314,8.501665
PLK2,-0.07202138,-2.3025131
DIO3OS,6.172754,5.9314713
PRR7,8.675609,-2.9033225
LRCH4,-4.774961,1.8925378
TEF,6.87166,-9.140549
ITIH4,-5.602934,-6.6273656
CPSF3,1.5313816,3.8966625
IST1,-6.5434093,-7.3280883
FAM173B,-5.594569,16.938616
TBC1D12,-1.1902405,-1.9863935
EPHX3,-1.3355104,-9.334331
BCAS3,8.722316,4.52612
FYTTD1,3.601278,6.902756
DUS2,5.0139666,-4.589253
IGF1R,5.6094832,6.38568
DDX27,16.01668,0.596803
CNEP1R1,-6.715495,3.9040504
ENTPD4,11.112311,4.068372
ZBED5,-13.219071,9.025941
ZEB2,-10.5557575,4.2953153
MUTYH,5.798636,-1.0683066
NDUFS4,-1.737842,5.889234
CSNK2B,-1.6462256,5.806569
ANGEL2,-0.7169545,5.020931
JADE1,2.4391985,0.9863921
LMAN1L,-2.2002087,-1.388167
CYTH1,-5.3853464,2.232749
L3MBTL2,6.074418,11.500763
CBX7,-4.01481,14.696667
NHLRC2,3.281639,8.119549
FXYD1,-4.8943806,11.492307
SCYL1,3.3740675,5.3378887
GPM6A,-0.107890256,-2.3440337
TBC1D13,6.865809,-0.23788656
FAM220A,9.757148,13.3826685
FAM46C,6.18857,-2.2483964
ROCK2,4.1103477,4.297379
ZNF687,-0.7738482,9.612601
PFKFB3,6.2535,-9.644402
SLC9A3R1,6.4832253,-3.5494547
ADGRE2,4.2901654,3.0538085
CBX6,-1.136974,-1.9537168
TMEM9,-3.0785072,2.0033581
ACER3,-8.622809,12.817706
NFIX,-4.735056,-8.237702
ADORA3,-0.12380592,-10.045573
HAGLR,-0.12409027,-2.3648262
HMG20B,6.6535635,-0.5119754
EIF1,9.898124,13.737667
ALOX5AP,0.8784314,12.143967
YIPF1,9.59514,-5.205089
GRK6,6.540087,-3.4922915
SPTB,1.9093368,-4.0462914
ZNF761,-10.548332,-0.00974924
HTT,-0.76229155,9.619463
NUDC,9.626524,13.470915
ADAT3,8.658903,-2.8950999
FBXO32,2.43432,1.1085486
NR1D1,6.897089,-9.121485
TBCEL,-5.647596,0.08212314
KLHL15,-5.279205,3.350496
FCER2,2.818158,-3.04528
OIT3,-0.4778637,-5.1100626
IGHG1,5.4658904,-2.1590297
TRIM21,0.6743515,18.286606
MBD1,5.8970504,8.790002
AKAP8L,-2.9590502,2.3260767
TMUB2,0.78155875,-10.769831
TRIM44,-4.7115335,0.6448767
SBK1,8.091967,-4.3690987
NDUFA4,-3.8835802,11.193737
MRPL47,-4.182276,14.975919
CNIH1,-8.50986,13.0291
LCORL,3.3230793,10.28836
ANXA9,5.933908,-8.05193
RNPEPL1,-8.016755,-7.7742286
EIF4E,3.1692147,10.301718
FDX2,-4.113024,4.77573
DENND5A,-10.551356,-4.4227357
OTULIN,9.402087,14.173406
NEK3,0.84421694,3.853918
SEC16B,1.3735368,-1.3335956
PTPRE,4.2397127,3.2647996
SNRPB2,-4.2934217,14.8743305
LSM10,1.3105116,1.5458891
AKT2,10.156795,-2.9831433
ARG1,8.534694,-7.721265
PDLIM2,7.496602,0.8471225
AREG,3.2149045,0.9217211
PPP1R12B,-4.158346,-3.975152
AXIN1,5.5937805,-4.358202
KIAA1147,-0.6645626,-9.576104
ZNF271P,-6.841774,5.198238
MARCH8,1.9556898,-4.2588496
YWHAZ,11.188984,7.1661663
NFKB1,4.03092,16.348515
UQCRC1,-3.9768913,6.632335
PRRT4,0.26663625,10.801547
ZNF347,2.0280876,-1.6132089
OLFML2B,-0.27331808,-9.958851
RBL1,-7.308244,14.233241
MAN1A1,3.3176844,10.253046
FAM107B,8.782281,-0.7433587
GPA33,14.132258,-1.7546847
CLIC2,14.052499,6.0071936
FAR2,5.7093096,-8.307442
GFI1,11.362984,-5.667946
TXNRD1,-0.15724882,6.0599775
EIF3K,0.5226192,-7.361388
MORF4L2,-1.7764924,14.125336
GRWD1,-3.5790522,8.006102
RRS1,4.354133,15.961419
ANP32E,3.1707468,10.315221
KLRF1,8.472824,-3.4314
CUL3,-3.5862324,5.0200243
BCL6,9.321716,-4.849223
RPS6KA3,-7.621106,3.8470592
LSM2,0.40208313,-7.258971
S1PR4,9.400131,-4.8589
AOC3,-3.3857272,10.602697
GDI1,6.5583262,7.9144807
DNAJC5,6.146057,1.9026505
ZNF473,2.0203843,-1.6173201
COL6A6,-5.526315,11.67874
PDCD11,6.590139,13.195162
TRIM59,-4.165534,8.877491
FCRL6,8.08902,-4.357235
SUV39H1,11.578162,-1.740294
MXI1,5.191448,6.9721255
RIN3,8.930722,-8.262885
UBE2B,10.599192,5.497155
TRIM27,5.891833,8.777479
ZNF331,9.63509,-4.1575894
RNF2,1.961587,6.93112
TMEM176A,-5.828698,18.621727
KDM1A,2.328809,4.039741
LANCL2,5.1969857,9.213642
ABCF2,6.748192,13.01986
SLC30A1,-2.8533235,-3.906867
PDGFB,-5.746423,7.7302556
TRRAP,-0.69397056,9.988547
DENND4A,13.47355,8.046258
YIF1B,-6.251065,8.925664
ZNF443,-10.541518,-0.0189062
KNTC1,11.263867,-1.0073622
GZMA,8.1756525,-4.2614813
GHDC,-0.45172584,-5.860235
ZNF354B,-10.546461,-0.012477422
CYB5B,-2.6427996,4.4441824
APP,-4.3852487,-1.5406399
DHX40,-4.3351517,4.9469233
ZNF202,5.898725,8.77152
PPIL2,7.863111,11.109628
FAM160B1,-6.9769263,3.7275448
COMMD1,-2.782591,4.7881136
MAPK3,-6.187979,12.753727
MBNL2,3.5560448,11.323755
DDA1,10.252354,10.395096
VNN3,6.525272,2.7850714
TM7SF2,7.4132967,13.693316
ZNF785,6.213011,8.318578
ORAI2,4.962673,-4.7639174
LENG8,-2.8389847,2.413329
IKZF5,2.7527163,7.7625775
PAAF1,12.474156,15.591729
QSOX2,2.1784513,-6.1148667
PARPBP,7.3511496,3.4196138
CDCA4,-5.816734,-4.881303
CDK3,3.7072742,17.89577
SPTY2D1,3.509466,11.068407
GZMB,8.117386,-4.3427486
RELT,5.5008736,14.782306
GSTM5,-4.880313,11.494006
UBE2S,11.451441,-2.0121856
ANGPTL4,6.731629,8.331237
CUL4B,-7.063649,3.7370608
CCL2,3.5382273,1.1099464
WDCP,-5.7021255,17.045795
DDX58,0.6926546,18.285059
TMEM141,4.7624683,20.324472
HAAO,2.1070018,17.22407
CLDN9,1.2282563,12.0451355
JRK,-0.5466899,3.4731917
ADM5,-0.46795675,-5.102892
WIZ,10.667851,-2.8537514
EFCC1,-7.3640895,2.1581478
MARS2,4.333435,16.026571
THOC7,-2.6776748,4.500971
DERA,2.6607077,-1.6628002
ABCB1,8.471581,-3.4363434
OPN3,3.5421805,-6.1689343
ETNK2,2.3343537,1.8793606
UBE2D1,11.977318,7.358475
COPS7B,2.5881383,11.204976
CLK1,-0.85296136,5.3486276
RPL24,2.531152,-8.254714
ASPM,1.9216101,-2.5608218
STOML2,-3.7780514,8.03059
ZNF844,4.786871,-3.920463
RASA4,-2.3141525,3.1460326
NPEPPS,-6.7403903,3.94114
SCARB1,-3.153856,18.368359
CYB561D1,-0.549713,3.4714057
RAPGEF1,-2.8266864,-7.407558
AAAS,3.8868232,-4.114555
GSAP,4.38074,9.304563
FAM193B,6.0883813,10.687185
HEG1,-3.7811604,-1.6206859
MECOM,-2.9288826,-3.7950568
BHLHB9,-9.393647,8.331955
SHC2,-0.4596506,-5.879276
ZNF655,-2.9414766,5.6660233
TCF4,-0.56679183,7.6375356
ODF3B,0.64935684,17.776485
RECK,-4.7298474,1.0477476
NFKBIL1,-8.262687,1.4128006
HBM,2.1257875,-3.5418158
CNKSR1,-4.7002482,8.072431
MTHFD1,-2.3803656,0.91535443
FBRSL1,-2.649543,2.7058864
SLC19A2,3.1933577,0.9313387
CACNA2D4,0.7446617,-10.730113
UBE2D3,9.482753,14.66788
SLC25A19,-3.531804,7.9986486
CUL5,2.6034036,7.913347
KLHL25,9.607263,13.478038
B3GNT8,1.1193578,12.353751
TMEM2,-5.9919133,12.889908
HSD11B1L,-8.265589,1.3718626
CRLF1,-1.9567351,12.360465
ACTR5,5.555078,12.146218
ZSCAN18,11.507212,-3.3562093
PLSCR1,-0.37129384,6.38103
ZNF780B,-2.408209,-6.635544
NUMBL,-10.719545,9.555111
MAP3K3,9.031157,-8.3663
SORT1,8.612603,-7.647972
SLC22A3,3.2743406,-6.9622703
HES1,9.766913,-3.4628136
PCYT1A,-7.02878,-2.8169172
COQ10A,-4.4728117,1.7614349
HINT3,-8.505522,13.021191
DDX39A,6.457936,11.590586
SNHG4,4.3132663,16.02831
HCN3,-2.3343213,-2.6404276
SPIDR,2.5554874,1.0813183
NDUFB8,10.112324,10.493419
SLC26A2,4.199749,-3.9822006
TMEM100,-2.282384,-0.8442494
PPP1R16B,1.5542775,-7.3372893
NUDT21,-0.73506904,7.8059506
CCND2,-4.426851,8.618185
TMEM91,-5.583182,-6.65259
PPL,-2.21529,12.696649
HIGD1A,4.3663197,-3.9336276
AES,-6.1617475,2.5772717
TOB2,-4.0621977,-2.8305814
CPED1,-4.295825,-1.4988344
CAD,6.95903,13.414109
PGLS,-3.4507308,12.709847
CEBPD,12.151006,1.2433685
APBA3,3.8211591,17.981691
FMR1,2.7046504,7.678491
CPSF2,12.000346,7.290453
CRELD2,3.0636692,14.156265
PYCR1,-4.9344954,8.530735
RETN,0.36361554,11.646577
FER1L4,6.642986,-2.143392
CAPZA1,11.362796,7.2823076
TRAT1,8.917259,-3.9187653
TIAF1,9.612148,-4.3715286
SSC5D,-4.593349,10.473557
RCC2,-2.6444647,0.7119379
SFMBT1,16.016703,0.60406554
PYCR2,5.5731163,11.512945
TMEM164,4.2241006,3.2696261
SH2D3C,8.258301,1.1172818
PLVAP,-7.8078284,2.013871
LTA,3.020479,-6.594886
PLOD2,-1.7836864,14.129178
ZNF700,-4.433699,18.315775
XPO5,6.6139045,13.24653
LRRC14,5.7079725,-0.88168937
TNFSF12,-6.0578284,2.606964
ABHD15,-1.3554599,-4.8738375
RACK1,2.8714488,-8.367044
EPHX1,-9.537434,8.287671
YIPF6,4.3443723,-3.9420774
PRR14,8.120596,9.4915905
PLAT,-2.291802,12.037865
RNF169,-0.9494236,16.258783
VAPA,-2.7658765,8.317271
HAGHL,-4.124792,-4.7252507
ZNF207,3.0604062,8.045773
LTN1,-0.023583587,5.5806775
EXOC4,1.4615912,-1.5414155
PSMD9,-3.969324,6.6392846
SMARCB1,-2.6467197,0.71106297
MAN1C1,-4.0588512,-2.8418672
ELMOD3,3.7101882,17.895636
SLC35B1,2.9905207,14.0992775
COQ4,5.300249,11.921815
STAB1,9.993594,-2.6055262
CREB5,6.2649903,-8.285211
CLDND1,-5.9860115,12.898602
POLR1A,6.762985,13.291897
MED13L,-6.09748,3.9490395
BICDL1,10.5542145,-3.7352011
CDKN2C,6.279505,0.20454757
EID1,-6.931913,10.741831
DCAF1,4.105,16.135406
WDR82,-8.392692,5.631635
NECTIN3,-4.446607,10.101269
IRF8,-1.0167531,-4.910745
ATP6V0E1,0.44371772,12.700599
STT3B,4.292404,12.995657
TMEM14C,-9.574741,8.281601
SLC25A20,6.733288,8.332183
BCL2L11,12.399931,-3.2222822
BCL3,0.22810426,12.774438
RAVER1,7.0012803,13.448014
CBX3,-5.8200827,4.567231
SPAG4,6.647913,-2.1449234
ERI3,11.518109,-3.3570788
MPRIP,-8.443312,8.205468
PRKACB,11.213685,7.198567
SASS6,-4.147116,8.89482
ARMCX5,2.1291075,9.28357
FLNC,-1.6813724,12.501466
TICAM1,1.3017286,1.5492371
PCSK7,-0.75568676,9.632602
HMGCR,4.493461,-3.9254794
METTL9,5.516341,13.184532
CLIC4,-4.7512345,1.3563792
SIRPG,8.745313,-3.855331
UNC45A,2.584581,7.925309
KLHL22,14.030108,11.718959
TCEAL9,-4.4088225,-1.5618247
TSSC4,6.6914062,-0.4644978
IRAK1,5.1389775,2.558748
PPIP5K1,4.883161,12.986658
GGT5,-13.033284,2.0081177
NAT6,12.421083,15.540078
SECTM1,3.759491,2.913227
TXK,3.577487,1.1447775
ADORA1,-11.42857,4.095185
FLYWCH2,10.046644,-2.44152
CCDC12,10.277113,-8.632253
ZNF446,7.809078,4.6857257
LPAR2,1.5513676,12.033414
INMT,2.0343754,1.7182521
SPATS2L,5.0601935,7.14084
SIAE,7.2549605,4.003998
VWA5A,7.2515473,4.020438
PARS2,-3.062054,8.097598
HOMEZ,-3.079357,8.083994
CCDC144A,-2.0080023,12.303835
LGALS9C,-2.0324643,12.2806225
ZNF321P,-0.08910289,10.59084
SNHG21,-0.0702756,10.628891
ZNF57,1.4432672,-7.5160675
ZNF77,1.4811656,-7.4752555
MLYCD,-0.46183106,-5.0553737
MARK3,-0.4720207,-5.035983
DRG2,6.161463,6.255827
GNB1L,6.164127,6.2432885
CCZ1B,10.030003,-2.723658
CCZ1,9.973576,-2.744101
PYM1,-2.9773002,8.211402
PEX11B,-2.9233549,8.237221
SLIT1,5.037948,-3.9125223
TECPR1,5.038879,-3.8907335
ALKBH1,-3.0572433,2.0468535
TIGD1,-3.0758154,2.0081196
ZNF16,5.236787,12.960716
ZSCAN21,5.257448,12.937676
NOL9,12.251506,-3.3479106
ORAOV1,12.264541,-3.339074
PIP5K1A,2.7021396,-2.8285105
CCNL1,2.6441786,-2.7363527
TMEM117,5.6090283,8.74108
C1QTNF3,5.6185374,8.758502
TMEM115,9.93303,3.6770182
RAD51B,6.9940686,2.5503788
SMYD3,7.0431304,2.5202596
SPAST,0.9715368,3.930105
SCMH1,1.0898478,3.9990172
HIST1H2AG,12.853696,9.2796755
PRRC2A,5.169542,2.5925274
PLAGL2,7.496384,15.353484
UBE2O,12.5592985,0.054323424
AASDHPPT,3.2272563,7.4888077
SEC23IP,-1.6084057,15.908308
MAP3K12,-10.718798,9.554716
LAMA3,2.4057653,1.0979438
TMX4,-7.0881796,3.8079736
BLOC1S3,5.0717607,-3.7059321
DENND3,9.425559,-4.8815923
PPT2,-10.730212,9.553638
PLEKHM2,8.500539,9.477822
RCN3,-6.5719867,7.955036
MED15,8.504452,9.470074
BUB1B,-2.1350627,1.1180604
EZH1,-4.0098133,14.686257
PANK2,-7.251062,12.11836
PWAR6,6.414484,15.676327
PPA1,-2.7297435,15.712411
TUBA1C,9.750943,-4.4374156
DDX52,-0.07012748,5.8953657
TPT1,11.53329,-7.298742
FRYL,-6.803475,1.0664142
PSPN,5.266239,9.188573
ZNF18,12.420165,15.539141
VPS13C,2.5265837,7.5010343
JRKL,8.459789,10.606019
MRPL33,-7.956165,7.3896976
NFIL3,6.2614465,-9.651219
ZNF135,11.517829,-3.3570144
PVT1,-2.9146779,8.23181
POLR2J3,-2.318241,3.1429362
PAPD4,-3.049799,5.81554
ALG5,3.8227146,13.05636
NUTF2,6.8647027,12.920304
GLIPR2,7.8109565,7.5314207
HSPB1,-4.7317276,9.787201
CSPG4,6.188111,5.483303
MYO9B,11.354833,0.31830797
ZPR1,4.3608756,15.955279
B3GNT9,-4.65638,10.5724125
EIF5,3.1273797,16.23904
AMPD2,5.8419104,-9.758876
SLC16A3,-7.026105,-2.8109026
DOK3,6.164483,1.3081474
ARMCX4,3.8702965,-8.885609
MIPOL1,-4.148407,-1.7914699
BABAM1,14.0645895,11.750998
TRIM3,-8.012125,2.1665394
UBR4,-0.7141539,9.692408
CCDC6,3.5012739,1.0832629
HYAL2,1.996632,-0.87640417
ACADSB,0.23579156,5.0816116
FAM129A,7.0425305,-8.424329
DNAJA1,9.200299,14.2248535
MYO1C,-3.295204,10.568527
CPSF6,3.0737739,8.054698
DMPK,6.7070794,8.315082
ESAM,-8.013911,1.5804029
REPIN1,5.792623,11.542949
EEA1,-0.3495287,7.8698792
RPL15,11.347736,-7.1616764
IDH2,-5.7462687,9.049009
ODC1,-2.505496,0.8276719
VKORC1,10.81333,-3.530386
ZNF35,7.4951143,15.351417
GNA13,2.342721,7.113947
KDM7A,-6.670991,3.9184046
CIPC,-4.3971653,4.991563
TLR4,-7.0818753,3.7292006
NRSN2,-12.505301,1.9441996
EPHB3,-3.6302884,9.821517
MMRN2,-7.8244615,2.0392466
ITIH1,13.753976,11.217473
G6PD,0.9676646,12.19187
ARMCX2,13.796104,11.295629
TMEM63B,6.6780705,8.291395
CCT8,1.80429,4.040147
ACADM,3.275701,9.979646
CCDC71,7.3272333,12.030064
KRT5,-2.2521486,12.789486
SARS2,7.860505,11.113633
RRN3,3.5702238,16.219252
TANK,11.367569,7.2829494
PGM5,-3.0232875,-0.83065736
FGF1,7.976296,0.9491209
ZNF268,3.8507996,-4.391085
POLR3H,6.750943,13.271467
GTF2F2,-2.6813197,4.507707
NCEH1,1.0142807,-7.843436
ATP1B2,-2.276154,-0.867383
FIGN,-4.0781517,-2.897912
SLC38A7,-2.1624393,-10.219704
RIOK1,3.9245245,16.280293
COL27A1,-11.465436,4.112938
RALYL,-0.082501605,-4.5912147
NCR3,3.0237794,-6.612596
NONO,11.478596,14.419132
ADGRA3,-8.716274,8.402553
HOXA2,13.79609,11.29578
ZNF768,-1.3319447,0.1640703
LPAR5,2.043772,-5.743106
SIPA1L2,-10.540363,4.3074446
TMEM150C,3.0948708,-1.3904608
RNF103,-4.4087024,5.004089
STAM2,2.5661426,7.5173087
AMPD3,7.989698,-2.354876
FBXO30,-5.8231826,5.372984
LIFR,4.375634,4.568196
MKNK2,-0.4109277,-5.952123
CELF1,9.482538,14.672703
NPDC1,10.227844,-1.9236004
GALNS,1.1242626,12.362085
MAGI2,-5.832068,7.8355064
CARNS1,2.735794,-2.8792846
CTTNBP2NL,-6.9180274,10.733524
DDX56,3.7141676,17.898897
SUPT4H1,0.4535282,12.717706
RPL37A,0.44964164,-7.3021536
ISOC2,6.5359244,17.514002
MED9,4.7625327,20.324602
MFN1,-2.9499793,5.6835933
ZBTB21,2.1642146,6.8042374
TRIL,-5.398126,11.518372
CHPF2,6.141045,1.9333996
PRPF19,1.497771,4.143793
CDAN1,6.012741,10.57414
FOXK1,-7.2893634,-5.815357
APAF1,-6.689768,3.907586
N4BP2L1,-4.351873,5.0168085
NCF1,8.005764,-2.2876353
PGGT1B,-5.4762554,5.9491644
GAS2L1,-0.59166086,-5.8357778
PNPLA2,-2.961817,2.3034377
TMEM126A,6.632074,14.643952
WDR83OS,10.293989,-8.605291
FNDC3B,3.5072029,11.0645685
OGFOD1,-2.2528017,15.900477
RSBN1,2.4462812,7.1456747
MAPK1,-7.057965,3.8156037
SPEF2,-3.0600014,2.0235524
UQCRH,-2.730548,7.106785
GYPC,2.3706272,-3.5958169
HACD3,9.833179,13.320591
DAG1,-4.6092978,10.487241
KMT2D,-0.20993508,9.797237
PIGS,-0.14565048,7.988201
PGAM5,1.9051015,4.074297
DOC2A,-2.160973,-1.6739815
YIF1A,7.2462497,11.974105
FANCM,7.101353,2.4647841
TSN,-1.6190475,15.706537
SEC22A,1.3729134,-7.641499
PTGES,8.815486,-8.168345
DPH5,2.950416,-8.480579
FRMD8,9.40712,3.9700747
EIF4B,11.571456,-7.327675
MLST8,10.228793,10.396108
SMC4,-4.2192626,8.833302
IFIT1,0.66665274,18.049217
KYNU,8.3185005,-1.598131
ZBED8,5.2123175,9.314111
SUCLG2,-6.989108,10.788734
ST3GAL1,-7.2892323,-5.815865
MED20,3.4035332,0.924082
ACVRL1,-8.329657,2.2447724
TTI2,8.552338,14.432667
SMG6,-0.7206067,9.675957
TMEM170B,-6.6973977,3.9134831
CLEC16A,5.829877,12.044049
AEN,-2.9008963,8.237821
ZNF296,12.5583515,0.05344461
THRA,-5.855078,18.626404
HHAT,-13.312772,4.72499
NDUFS8,10.163654,10.438619
PRSS2,-7.566902,15.745466
DSTYK,2.2061417,-1.2430894
GCA,-7.026523,-2.812201
SERTAD1,-4.7337594,9.763528
RARS,11.487921,14.410424
DCUN1D5,1.222333,4.8094807
FIZ1,6.4919915,-0.71351284
ABHD13,11.248333,7.2153273
SOX5,-6.53542,10.455297
WDHD1,-2.2305174,1.0705634
NDUFB3,-2.7700782,4.7033563
MEG3,-0.42856932,-5.299055
TRABD2A,10.590976,-3.8302495
THSD7A,2.664783,-1.6622157
AMER1,-0.51844704,3.2109995
ZCCHC8,-0.8412598,5.338609
AIFM1,-4.429125,15.037876
ALG2,2.9942114,14.096466
ANKRD11,8.910808,-6.931244
ZCCHC3,3.093959,16.241926
PTGIR,5.9690094,4.826945
GOPC,0.9914941,5.9218087
MYO15B,0.9648025,-2.3371909
ABL2,-4.917869,0.72523034
SUPT16H,1.5342281,3.9114652
ZNF354C,-4.1752887,4.0336556
RHOB,8.686949,17.33464
GPX4,-11.484992,13.211931
ABCB9,5.2679048,-0.8166876
HACD4,6.1677775,1.1546414
APEX2,8.1255245,7.534032
FAM114A1,-10.444032,4.3904366
MYL12A,-3.881111,11.1928835
MMS22L,7.3083887,3.8537662
GPR18,2.875865,-6.35044
ARHGEF2,8.170362,-1.9003938
ACTN4,-3.8337882,11.104005
MRC2,-10.478466,4.3522654
PTK2,-8.742785,8.4979105
NCLN,5.6420026,-0.8837286
STYX,-1.3997705,15.359638
BMP2K,-1.2080011,-0.009774243
TECPR2,5.2879443,12.983603
HSD11B2,-8.392728,10.905236
TNFRSF13B,4.966228,-4.697943
ZNF827,3.1514802,-5.5962696
SLC37A2,-2.230219,-10.246173
SZT2,5.127641,2.5446403
SCAF1,7.3371634,12.052884
GDPD2,-5.449037,11.562393
CEBPB,12.149565,1.2462605
DRG1,5.8684993,13.891139
ANGPTL2,-4.282236,-1.4415857
MAU2,0.77352107,-10.761
SLC38A10,5.625244,-0.88212293
ALG3,-4.6398087,8.469645
RPL22L1,2.2929606,4.0483108
IPMK,-0.074250564,6.0625696
KLK1,1.5934064,-7.3197002
FUS,6.687927,3.985668
FAM43A,-3.108205,18.416994
VCAM1,-2.0657976,-8.753297
PPP4C,5.5104117,12.141993
TXNL4A,-2.9618666,7.2674026
GCC1,1.5595713,3.7150557
PTPN14,-8.742863,8.504273
ME2,-1.0141385,-11.087586
COA6,8.607178,14.454131
LYZ,5.089072,-10.713137
GADD45A,12.157006,1.2503383
PLEKHA5,4.8626604,5.0087357
ZNF585B,-13.16487,5.6446657
NBPF10,14.693946,5.503981
B4GALT5,-2.7144887,8.350518
KIAA0430,-3.5483656,4.9759216
ZNF287,4.191208,9.151171
CX3CR1,8.109269,-4.3461537
ATP2A1,7.5283027,5.151564
SMARCAD1,1.0052044,5.9553385
NQO1,-0.15084141,6.0486994
PRPF38A,-0.65738493,2.9195976
MTF1,-7.250702,12.117155
CDH1,1.8408464,2.6857235
STK38,6.430446,2.2785137
BACH2,-5.15984,13.429642
ACSL5,7.3223987,13.626692
NECTIN1,-11.442507,4.101179
PKD1,5.2762012,2.738043
HSPB8,1.4584737,-1.5439224
STT3A,3.0390606,14.035178
METTL4,13.474105,8.044447
JAK2,-6.8403964,3.8988562
FBXO28,-5.2773776,3.2735288
TMEM64,10.704554,5.4032946
TMEM120B,5.187685,11.892624
SNRK,-3.4280677,-3.658179
ZBTB39,-3.8694112,4.07491
EIF4A2,3.1013858,16.243292
PGC,-2.27803,12.824979
TTC21B,-3.5724888,5.0088673
ASGR2,5.082857,-10.719725
STON2,1.1422447,-1.6030014
ULK3,-9.964714,6.589432
CCDC78,-4.1284347,-4.7272496
CFI,2.0319118,-0.9322558
NBPF14,14.694193,5.504031
TUBD1,-5.685654,17.030848
NGLY1,-8.515209,8.267036
NOL7,-2.6907196,15.747461
SNAPC3,-0.61904067,2.9256635
UVRAG,-2.7665155,5.7635665
CD47,8.474208,-3.0663605
DHRS4L2,-11.484984,13.211972
MKL2,5.3928037,6.792396
TADA2B,16.261776,8.557199
ACAD10,3.8647876,-4.127456
ITGB5,-7.1046996,7.232414
CDKN1B,-4.399107,5.0000257
TIGIT,8.244827,-4.160275
PTPRS,9.370773,4.0069613
EEF1E1,1.3529863,4.597266
TRIM32,9.599486,-4.3789225
CPT1A,6.7200093,8.328375
DNAL4,-2.165004,-1.7591894
CTSC,-0.29392233,-9.968402
MEX3C,-0.94407713,16.259365
AP5M1,-5.825165,5.336635
SGTA,6.8043637,-0.31149065
UTP14C,5.056755,8.352399
TUBA4A,-5.4190845,2.2200124
CDC45,7.3982987,2.4790707
DTX2,-3.4524217,12.708516
SLC2A3,0.6057826,12.073257
ADD3,8.771897,-0.7438888
ZNF25,-4.2773786,-3.3145437
ATP8B1,-3.7486522,-1.6046085
HMMR,1.9908278,-2.327461
DCP1A,-8.221833,5.6398907
PCSK6,1.2893454,-1.6357863
ZNF678,9.752801,13.339568
NEK6,9.888285,18.081188
DNAAF2,-0.6456651,2.495917
RNASE1,-2.3181958,-1.0892005
NR2C2AP,5.012616,12.974391
MFSD14B,11.893346,7.31034
PAQR3,-0.08289432,5.9172034
PIK3R1,4.3498797,4.545147
MPHOSPH10,3.7040234,16.066067
FBL,2.8361263,-8.330468
RBCK1,0.5959482,17.37668
KBTBD7,6.158031,-8.24512
UBE2L3,1.6526302,9.061739
SLC25A1,9.616889,1.057082
RPL10,2.1308374,-8.263569
CCDC186,-5.895593,3.9430637
RNF31,14.03702,11.713881
SNX16,3.1393373,8.093984
EML3,8.486748,9.488237
PRDM10,-4.1778336,3.4672344
MX1,0.6311021,17.775667
MCMBP,11.971999,7.3671703
SZRD1,10.232605,-3.0429823
LBR,12.046697,7.374568
EIF4A1,-12.066076,8.058123
EIF2B5,-0.20605934,1.3352984
ECSIT,10.278393,-8.632609
TMEM176B,-5.845407,18.62442
KRT4,-2.2584426,12.794764
TACC2,-8.681025,8.430532
TK2,-2.2815323,-8.38418
PLIN5,9.411982,-4.8491316
VPS4A,-6.8171945,-1.1053238
XCL2,13.983821,2.8405812
GALNTL6,1.4498122,-7.2681894
ZHX3,2.6072872,1.0449417
SGSH,9.9959135,-2.629711
C5AR2,8.937076,-8.267338
SPCS1,-4.4238024,8.637824
ZNF213,-6.5654364,-7.3501096
CHM,-5.4473743,4.3989224
KLHL29,-3.4824085,10.477889
SMARCA1,-9.334697,8.3603
CPSF4,3.4397018,5.4000297
ZNF22,-0.598672,2.952681
RAB42,0.99918175,-7.858691
MUSTN1,-5.5925717,-6.625615
MAN2A2,8.5908375,-7.532947
WARS,0.8034491,18.419802
ERF,9.759054,-3.4999824
KDM5D,-8.853743,-5.376518
TOMM7,2.920775,-8.441464
HOXB3,-12.745534,1.6754911
SNX10,6.6465216,19.601126
PNPLA6,6.2005987,1.8389466
WASHC5,-7.605506,3.8423536
KIAA0100,-0.6964572,10.010747
CDK19,-5.823543,5.436547
PLAU,-6.292996,8.130077
ME1,-1.9734709,-8.740811
SUCNR1,-1.7081181,-10.1111765
ING5,-3.9631667,1.4609009
FCRL3,2.2470264,-6.0354834
NFAT5,-7.2866898,-5.801644
CD69,3.601136,0.64965004
NCOA3,-0.63076764,2.505859
GINS2,7.38841,2.4911127
NRXN3,-5.5374,11.681123
BATF,3.0169654,-1.4458026
NUDT22,3.3444948,5.3077884
FBXO8,6.1059175,6.3590164
POLR3C,-0.117143996,4.8147917
ATR,-1.956323,15.969321
MEFV,6.3164306,2.6121457
RPL23A,2.7880585,-8.343294
CYTIP,3.609772,0.61957794
EHBP1L1,5.649691,8.827205
AK7,1.3083808,-1.7319907
RAB2A,-8.501201,12.965912
CPNE8,-4.986563,0.72374105
ATXN2,13.795775,11.293912
APOL6,0.7635548,18.367424
LILRA5,-7.026235,-2.8114421
EPB41L2,-4.1428514,-3.9710317
MAP2K7,10.172716,-2.9848552
SPRED1,-1.0348256,16.024872
SH2B1,-3.730666,-6.1924586
PAPD7,11.108243,4.0669236
ANKRD13C,-0.56480205,5.165943
KIFC3,-8.623771,2.3457937
POMT1,-2.3083289,3.1545954
PEX2,-6.551397,-7.336004
CCR1,-0.9891284,-11.110043
DDX46,-5.876916,4.605644
PROSC,-5.603354,16.948214
SPN,8.101364,-4.352588
TLR3,-5.385478,11.501105
TOMM20,11.601044,-7.347437
FOXJ2,1.8454708,9.230289
MCM3AP,7.3295374,5.027083
SF3A2,8.152062,9.526012
POLG,5.578555,-4.3580585
AGGF1,-0.43165573,6.383793
FAM65B,7.0420566,-8.430912
SLIRP,-2.8599038,7.062454
NR2C2,-3.8808007,4.073901
CTDSPL2,3.2458327,7.25568
XIAP,-0.37953547,7.8497906
BCL9L,0.5987165,-5.2792506
KLHL9,8.459991,10.608238
DDB2,-2.9028776,8.237151
TMEM136,-3.077794,2.0037122
ITGA4,-0.19737375,10.287795
DAXX,2.943905,-6.4651484
STMN1,1.9042056,-2.5592926
NFKBID,3.0838284,-6.7001066
CTSZ,8.490402,7.7090187
CLK3,5.9088674,8.751189
ROGDI,-3.4516642,12.713742
GH1,-2.27622,12.849278
PKD2,-6.689266,10.582979
IPO11,9.82671,13.32734
GNG7,-4.1247926,-4.729929
MLLT10,-4.7458787,3.6913426
EXOC7,-8.016971,-7.7742023
SEPT4,-6.3410296,8.062925
GLI3,-10.687989,4.223463
SLC27A1,10.230366,-2.8307664
RRNAD1,-3.9592998,1.4650398
ELL,5.1335807,2.5494761
ID1,-12.450092,1.9681114
CCND1,-11.391741,4.0688305
GUCD1,4.945035,-4.7679777
XPOT,-1.2972473,16.137926
MAT2B,-5.4701695,5.954862
PNN,-6.728486,6.1731625
USP9X,-6.806885,1.0669478
TINAGL1,-7.4184747,2.142749
ADO,-0.51115155,3.2312372
ID2,8.765192,17.405369
CTGF,-6.1931863,8.022852
SPG11,8.878138,-6.975737
NPR1,-2.0929408,12.224936
HECA,-5.814583,5.4357953
MAK,7.0829372,-8.389291
GJA1,-2.116658,12.310728
FAM49A,5.850005,-9.7565365
CUEDC1,-2.1873105,-10.226395
GLB1,-2.0045698,-8.658042
CMBL,-2.3964725,-0.9266878
RCC1L,7.217552,11.951962
CUEDC2,-11.485341,13.211919
BEND7,-2.215844,-5.221985
FIBP,10.221475,10.397102
CD84,-0.71158254,-9.6155615
TAF4B,3.1553383,-5.5845623
SERTAD2,-4.4101815,4.994545
MKL1,8.458303,7.623385
RPL37,2.9086218,-8.420549
APBA2,14.25821,-1.6333823
DIP2B,-4.55805,3.744922
BTBD7,-7.5676413,3.8312924
THOC1,5.306773,11.286587
SPRN,6.8241205,-0.2886167
CCL28,-0.07117318,-4.5775075
SAFB2,6.1720004,11.295338
CCNY,0.21356244,-10.154103
PSMA7,-4.1086006,6.5335894
ASPHD2,12.558052,0.0538527
DCTN4,-3.7742126,-6.2393446
NOD2,5.0822415,-10.720138
ERAL1,6.6788907,11.68172
CACHD1,-8.659538,8.381861
MAP3K9,3.387157,-6.1340146
SSSCA1,-3.7645855,8.017712
PRDM4,-2.762362,5.7656803
ZNF239,4.8979154,12.985533
KIR3DL2,8.454713,-3.211997
ARID5B,2.505259,1.2219889
SERPINB6,-6.5622783,7.960872
CSF2RB,5.863761,1.3712157
AP1M1,8.41287,7.601922
AATF,8.460437,14.382984
DDX10,1.4903264,4.107061
SH2D2A,10.312033,-6.4746175
KLF11,-4.3610177,-3.318425
SLC35F5,-0.56535697,7.587511
RBM43,-4.275616,-3.3183212
CD33,-1.1800401,-10.342746
VWF,2.040734,-1.5701996
KL,-2.842765,-3.9221501
FRS3,9.480611,14.669939
MRO,-1.1970218,-10.146292
CHCHD1,-2.936593,7.143735
UBE3C,10.775054,-3.3117118
WNT5B,10.108598,8.793669
EHD1,-1.018576,-11.082327
ZNF253,-8.93743,5.7516274
ERMARD,7.8179555,4.685893
DNPEP,7.469006,11.921282
FGF17,-2.16988,-1.6602585
TMEM63A,6.1591716,11.30125
HSPA8,9.127678,14.251145
TRPC1,2.1027439,9.292062
PPP1CB,-5.8605256,4.3331957
ZKSCAN8,0.20417342,5.182323
LRRC29,13.949614,11.558178
GPR183,3.589201,0.66645294
PEX7,4.744262,9.804902
S100A13,-3.120304,1.9627875
KIF2A,-7.38085,12.246147
PRG2,0.32088193,10.806746
TUSC2,9.331248,-2.7423792
IL1RN,6.6192503,2.701684
CASK,2.5127106,-2.3136194
NPY1R,1.568593,2.1524708
AAMP,7.661941,11.38588
IRX6,-5.5296116,11.6821995
MET,9.567852,7.6436954
ZNF627,4.8436003,-3.898225
MAP2K6,5.4846582,13.16545
PRICKLE1,-11.158767,4.006951
TRPM6,1.1449813,12.032194
SON,-7.9553146,5.5998883
RIPK2,-5.891877,13.04644
SPRYD7,3.7355142,6.9210663
TUB,-12.735615,1.7142957
MRPL30,-0.45551896,15.239388
ASPSCR1,5.6997843,3.2864256
SUCLA2,5.2955275,8.515247
FASTKD1,10.589932,-0.7726527
ZNF112,-8.896084,-3.2793746
CHFR,11.346508,0.33166873
KCNE3,6.036359,-8.116804
IFT172,-2.232306,-1.343576
TBC1D27,1.6941191,-7.1914654
CHID1,-2.2703528,-1.3064139
SHMT2,-3.4082334,15.307134
MFN2,6.736294,-9.373252
BAIAP2L2,12.190022,-3.4002614
TRGC1,8.264093,-4.1320677
ZSWIM7,-6.0113435,-8.682655
NOL6,7.0885377,13.49126
IFT52,-4.1353455,-3.4082198
USPL1,11.09103,4.065271
AHR,-8.492748,12.959852
CERCAM,8.480487,-3.063438
F2RL3,8.679958,17.327965
HDHD2,-8.400439,5.6288695
HNRNPDL,1.3118118,9.048139
TMEM258,-5.868527,9.271585
CIART,6.874682,-9.13737
REST,11.246053,7.2176294
RAF1,5.278127,12.98051
MEIS2,-8.431267,8.560282
NBPF12,-2.9483132,5.6528635
SELENOW,-0.07065771,-2.3017645
FBXL5,6.268772,-8.284415
COL12A1,-2.6002562,11.707344
TMEM65,-2.8993182,8.236729
MAOB,-2.0933328,12.31046
C1QTNF1,-0.55740434,-2.5716703
FNBP1L,-6.5587926,10.467613
TCP11L2,1.4822533,-3.5290005
IPO8,-0.46037748,6.4132767
TMEM263,3.558365,11.334577
CCM2,6.5112557,-3.5232162
OST4,-1.82319,5.496285
ZMAT3,10.666579,5.417373
ACSS2,-6.19683,12.744521
JUND,9.653669,-4.0510626
GTF3C1,6.8215513,-0.29137692
SNX12,-8.674103,2.3581975
GDF11,-5.7660103,2.555933
AVPI1,3.1280653,0.8946206
TMIGD2,3.555136,1.1296762
H2AFY,4.185424,3.0463169
DNAJC8,-0.45781922,15.240505
CALR,3.0126286,14.0946455
TMEM126B,3.7707481,6.9064875
RALA,-2.91879,-3.8429582
CRTAP,-4.278612,-1.4372714
IGLC6,5.5944624,-2.1897306
KNSTRN,11.511886,-1.6003742
GALNT7,0.3730539,5.768067
LARS2,8.59664,14.456601
ADCY9,-8.492795,8.250142
NLRC3,6.7590966,-6.1540895
ENOX2,-4.561399,3.7496414
HNMT,6.126942,6.3287454
CCDC180,-13.312846,4.725263
POLD1,-3.8290553,8.057055
NOB1,2.2741835,4.0451016
ZNF433,4.8049207,-3.9159434
IMPA1,3.237947,9.654089
TMED8,8.817035,-0.67219496
CORO1C,-3.2111042,10.605629
SYNPO2,-10.845898,4.1306562
FBXL20,-5.817042,5.4590583
UBN1,-10.552077,-4.4226155
TRADD,8.738765,-2.8211308
TNS1,-7.100555,7.2231107
NDUFAF7,1.3740866,-7.6392646
ZNF44,-4.434047,18.315815
DCUN1D4,4.133904,4.7510257
RBKS,9.680493,-3.917883
TMEM256,10.795779,-3.5268567
PTPN4,8.179288,-4.246143
SRL,-2.4073155,-0.9293473
CNPY2,3.0411558,14.133931
ABCD1,-2.4623878,16.212858
NSA2,11.567506,-7.3218117
CEL,-7.566496,15.744292
WDTC1,-9.046492,3.7472036
LMNB1,9.909277,0.17703384
PTPRK,5.420101,-0.83356106
COQ8A,-5.657687,-6.674202
SAMD14,12.433628,-3.191844
PPP1R14A,-3.1531587,10.677415
PRDX1,-4.3922696,15.003208
RILP,-10.033873,6.6598415
ADAMTS1,-1.7333193,14.086945
SLC17A9,12.558455,0.053751677
ARHGEF40,-2.3115432,-1.1125715
FTSJ1,-5.0007563,8.570901
PRKAR1B,-2.9340498,18.614407
GNG5,0.41310015,12.657477
CAMK4,8.923304,-3.9125566
IFT57,1.4719337,-7.2975216
TCEAL7,-5.111425,11.131019
SYN1,9.600559,-3.9474175
PIAS1,6.070165,-8.146875
DAPK1,-1.2573729,-9.973319
SPON1,6.174967,5.5070453
SYNJ2,-8.967327,10.052486
NXT1,-8.939988,-0.13027455
RPL27A,2.488901,-8.255387
PHKG2,6.666902,-0.49267685
POR,12.055893,1.1485358
WFDC21P,2.7686555,-6.2260323
CCDC51,7.0387955,0.7312555
ERH,1.1032678,4.9497414
IVNS1ABP,6.807457,-8.770723
UBTD2,5.0548086,8.349918
PSMC5,6.5384336,17.508783
COX17,5.801425,13.976796
CCDC68,3.0689702,-1.3898983
MCOLN2,-13.214347,8.976473
SOCS4,-7.627141,3.8461483
ZNF654,3.437636,7.1773543
LY6E,0.6297362,17.749907
KLHL41,7.648243,5.2487636
MFSD7,-3.455507,12.718739
SPG20,-7.0529537,10.841798
AHNAK,-5.8310266,7.812767
SPATC1,0.48139822,-10.490829
HELZ,-5.476206,5.944549
TGS1,4.0747504,16.154861
SLC35C1,11.702401,12.852351
UBAP1L,6.554875,7.5666003
ZC2HC1A,5.226853,6.957078
SLC2A13,-6.622202,0.7513818
VPS13D,-4.772806,3.6821458
S100PBP,-4.758488,9.74373
MIER3,2.798357,7.785872
NELL2,10.595033,-3.8073776
NOL8,-1.9723461,15.954348
TNRC6A,1.6172531,9.005449
TSPAN17,-4.105894,4.765074
DAB2,11.971268,1.0713204
IGHJ6,5.2004757,-2.3755572
ZNF581,10.98462,2.336345
BECN1,-7.180123,3.8804688
CDYL,-5.893694,5.006431
TMEM165,8.785949,-7.1386085
SULF1,-1.9092308,12.344054
KCNMA1,-1.344061,-9.318009
PCAT19,9.170001,2.2986784
ENDOD1,-9.29916,8.374251
LDLRAD3,-1.4834124,0.39051074
TRAPPC5,8.68051,-2.914272
PDE3B,14.337773,-1.5574194
HIC2,6.2048197,8.297118
HYKK,-3.0805726,1.995468
SETD2,-3.7329051,4.508146
HDAC4,8.476459,-7.544971
KDM3A,9.819414,-4.481505
CRACR2B,-6.4247622,8.966016
CHCHD5,-3.4632049,12.748977
ZSWIM8,-11.372566,-1.8536998
MPDZ,-5.901696,7.8786783
TLX1NB,-8.397299,10.915184
TMPRSS9,-10.032276,6.658775
OGFOD2,3.8713324,-4.123607
STK24,-4.5073366,3.7689848
EPC1,13.473896,8.046311
NDUFB5,-2.6585913,4.4675593
FN1,-1.9277302,12.348644
EEF1B2,2.2454515,-8.262046
GLI4,14.091885,11.776566
SSTR2,5.5162063,5.1673074
RARRES1,-11.171226,3.7754033
TCAP,6.169964,11.294872
ZCWPW1,-1.3542655,-4.8717294
NORAD,6.1199403,6.4277816
CYB5R4,11.936165,7.3484077
MYADM,-3.177694,10.635626
GSTM2,-4.8746343,11.515649
EIF1AD,1.862192,4.630266
FBXL4,3.314054,8.127057
EVA1A,1.9821464,17.34961
LIX1L,3.4052489,7.014602
MORC4,9.605377,13.489043
KCNB2,7.951837,0.94737124
P2RY6,8.302507,1.1385933
GPR137B,-1.9964626,-8.733588
ACVR1,-8.874245,-3.2999892
KCNJ2,4.2358136,3.2040224
ZUFSP,-0.13192633,4.841605
PHF5A,1.1333922,4.9140534
TMC8,5.5474153,-4.2606406
RPL14,2.8524358,-8.367872
GSTM3,-4.877302,11.511708
CPOX,-0.4861122,18.980194
PTGIS,-2.116695,12.468213
APH1A,-5.8236256,2.6983418
NDUFA8,-1.8389387,5.45686
FOSL2,6.2604885,-9.637108
LYN,10.986891,7.0507507
AP4E1,-1.3032734,7.7232738
EXOSC8,-3.5963767,15.627483
NEDD4,-8.885683,-3.2901585
NMI,0.66854274,18.279442
PSMC1,-3.757377,14.452039
GRAMD4,3.1496859,-5.5661144
RAPGEF5,2.1860337,-1.2160187
FDXR,-10.028031,6.6551714
STOML1,12.437043,-3.204152
STX7,-0.6133056,-9.5420265
PRICKLE2,4.7123713,4.749825
ZFYVE21,-6.2796593,18.685963
NTRK2,-2.60293,11.70524
ERI2,5.125068,2.5418508
SLC26A6,1.121488,12.360441
TXNL1,-2.708699,15.745253
ZNF721,-5.893966,4.9938974
NVL,5.3154945,11.283585
KDM4B,-2.8367677,-7.4116554
RAB10,10.904698,5.3543305
RAI2,4.851319,5.03949
CTU1,5.7682524,8.730408
ESCO2,7.3094983,-2.2258554
CDS1,0.77058834,-8.05041
HBD,2.3064127,-3.5291436
REL,2.3426518,7.0774527
ATP6V1H,5.733156,18.626251
STOM,-2.6953428,8.367193
NARS2,-1.4301099,15.375676
P2RY12,-1.1933049,-9.507576
TFEC,-0.62515616,-9.543307
AATK,12.051547,1.1374538
SH2B3,9.702589,-3.8717403
GOLGB1,2.6243079,1.0376236
TRPT1,5.757356,-1.0060062
SLC12A7,-8.648771,2.3573081
SDCCAG3,6.4890566,13.239145
FBRS,8.451848,9.51596
TRMT11,11.524593,14.373194
KLHL6,7.301589,-1.672458
LRRN2,1.8814214,1.7123151
ADAMTS2,1.8462658,1.7374787
FAM212B,7.155103,-8.332841
ANO9,5.2366104,-4.045995
HDAC7,6.7052474,8.316847
NUCB2,-5.870104,9.308175
IPO9,-0.11576889,4.812111
ZNF341,11.707571,12.8415575
ABHD4,7.3453217,15.136841
RAD54L2,-0.778268,4.9969373
TMEM62,4.3390226,9.283134
TMEM163,2.7968836,-6.2293243
CXCL14,-5.50649,11.650423
NOC2L,7.775586,11.155972
SIGLEC9,3.8552945,2.942528
YIPF4,2.63298,7.159102
KLRC3,8.455646,-3.3624868
ARF3,5.731381,18.627686
SYNPO,-8.948729,10.044858
GSN,1.5954394,1.9152541
RGS17,-1.7341424,14.089016
PGBD5,-1.0782195,-10.032405
ZNF775,6.681413,-0.47243074
RNF180,-6.682563,10.589786
MRGPRF,-3.183545,10.311649
MINK1,-2.296608,3.166878
ITCH,12.0166025,7.3437824
TRIM69,0.5518338,17.250345
SEPSECS,1.457626,9.033946
COMMD3,-4.4291015,8.637834
PLEKHA4,-12.8696785,1.8863595
CMAHP,2.5067995,1.2203858
IQSEC1,6.72352,-9.275858
DCTN2,-3.893344,11.206671
PPM1F,-11.409706,-1.8916702
FAM153C,6.139235,5.545936
SCRN1,3.3323765,-5.9850335
TIPIN,-7.3085337,14.230695
CD38,6.148237,-2.2765021
NFKBIE,1.2828465,1.5802549
BRD7,-2.4265375,16.210657
ATG14,1.648641,9.063912
CD34,7.38968,0.87720984
CSNK1G3,3.4096863,7.1430893
PLEKHG4,-9.928205,6.5526137
ZNF260,3.4088051,7.05828
SMAD2,-0.2574278,7.91245
ATP5S,4.1908493,9.150287
MAD1L1,-3.178743,-2.918905
CCDC14,-2.4068894,-6.642805
MORN2,-6.236427,18.672573
PROX1,1.143146,-1.5891622
MYO1D,-2.2922912,12.030794
TRA2A,-5.717559,17.060556
ABHD17C,-0.04732249,-2.2782483
TRPV2,8.560897,7.8399754
MAP3K7,-2.4060218,-6.6429625
UTP14A,4.279936,16.007122
LZTR1,6.5520687,7.6983347
LRRC49,-4.1660933,-1.7748523
RNF135,0.6252019,-10.6150255
PIGQ,-5.8500504,5.134545
TM9SF1,-6.0061703,9.45988
COMMD7,-0.18388039,9.827734
XYLT1,2.392651,1.3214185
CSNK1E,-6.4244447,8.96321
CXCL2,-11.127164,3.5459843
GFM1,3.74602,16.280727
TRAPPC13,6.9848294,18.232265
TXN2,8.135444,9.521091
KRI1,5.5115485,11.903783
GPCPD1,-7.029118,-2.8160505
LGALSL,5.9267898,-8.040913
ZNF30,1.2704389,-1.0954137
GEN1,-2.4969032,0.83676606
FKBP1A,-12.542703,11.117099
CNBP,3.6322906,6.823893
STAU1,-0.18291482,7.9551425
POGZ,-3.959869,1.4734973
SKA1,7.3314347,3.139341
CHMP1A,5.8580313,-1.1873691
COMMD2,-5.792344,5.0807767
TTK,1.9543135,-2.3475144
ZW10,1.7452159,3.9968781
UBA3,-4.142228,-5.1477594
ICAM3,6.5883813,2.256652
TOX,-5.874719,13.314683
COL6A1,-3.9135287,10.510389
IGHG2,5.364186,-2.2678246
KNL1,1.9555165,-2.4375885
PTTG1,11.492396,-1.6179396
ANGPT1,1.744466,2.3442354
P4HA1,9.855408,-4.5182667
HCST,13.973075,2.8152628
SNRPA,8.150036,9.523294
SRSF9,-8.37831,-5.0314
CASD1,-5.4887075,3.2288861
FMNL2,5.028435,7.172576
CD180,12.558723,0.053431142
SLC7A5,6.177661,-2.257307
EPB41,1.9469949,-4.244727
PKIG,-5.84615,18.624687
HSF4,8.782929,-0.7431844
UBE2A,-0.6701358,15.386371
ZNF618,-4.6555657,10.573388
ARHGDIA,-8.378432,-5.0313406
SMCR8,6.717928,-8.77717
DONSON,11.515182,-1.5947607
KCNN3,-4.6994133,8.067028
SCML4,8.802468,-3.7343626
HCFC2,6.984529,18.231867
SIGIRR,2.5454824,11.165509
TMEM8A,11.359244,0.32052013
DALRD3,3.8966951,-4.1023464
ARHGEF9,-13.164454,5.644665
PTPRJ,6.203586,1.0834942
CSAD,12.204419,-3.367401
SATB1,0.24539028,5.080076
FGFR3,-8.375059,10.892871
SULT1B1,8.48418,-7.5397325
PLCB3,-3.8173513,9.761765
PTPRM,2.3371997,9.294629
BRICD5,6.362854,8.114202
SIK3,8.846828,-0.6289629
AP1B1,0.69867456,-10.68914
MT1X,12.114265,1.204518
NRAS,-1.4437534,15.950155
TMEM135,-0.784466,7.8001823
YDJC,5.78846,11.546921
COMMD5,5.8452377,-1.1894469
PSMG3,5.3744516,12.208569
SMARCA2,-3.4696276,5.37707
AMZ2,-11.371156,-1.852563
APOBEC3F,5.6925178,-3.9620352
OXR1,3.141859,8.226407
DCAF4L1,-7.255531,12.12302
SEC14L1,2.5255954,0.98924416
MTMR9LP,-2.8173523,10.058291
MUC7,-2.2829614,12.871205
NEPRO,11.079115,4.0607004
VASN,-3.6316698,9.968999
PAN2,6.553962,7.5670652
DPY19L1,-7.005766,10.8037
SLC35A5,5.301377,8.519465
SPRY4,-3.6998892,9.911475
HDAC10,6.4678755,7.500877
CD8A,1.1561054,-1.6026841
IGHA1,5.462415,-2.1525137
ARMC7,5.083616,-3.6982212
NPRL2,8.121201,9.493001
UBE2H,1.5007843,-3.5235717
DHODH,4.862958,12.988223
IER2,8.755553,17.39631
RSU1,5.7302756,18.626282
ZNF518B,-0.94955856,16.26073
SNX30,-0.4205808,6.3898425
GZMK,8.701843,-3.8643804
SAR1B,4.3619165,12.997817
LSM3,-2.7688515,4.7187166
EXOC3L4,-8.384157,10.898538
ANXA2R,13.978516,-1.8869493
ZNF324,-0.762866,9.617371
PCCA,0.21171142,-8.525178
VILL,5.5117674,-4.270141
LGR4,9.5655575,7.635917
ATXN10,-0.45672858,15.23953
PIF1,11.498417,-1.6273245
SLC15A3,1.9877113,-10.316046
ATMIN,-8.145662,5.6168895
STUB1,6.630099,-0.53684515
STRADA,-6.8159094,-1.1057005
MRPL13,-4.234099,14.963326
ZFR,2.0032833,6.935367
ILF2,1.702573,4.03158
ALDH7A1,-4.928738,10.857583
GXYLT1,-0.3333452,7.8785467
IL6,6.75917,-6.154817
TMEM102,8.32462,-1.586951
LGALS3BP,-5.136375,11.141766
PCDHGB6,-8.783527,8.930957
CENPU,7.160522,2.5219004
STRADB,1.9411926,-4.232193
MMAB,11.517159,-3.3553226
CD8B,8.627008,-3.881915
DTNA,11.965709,1.0676906
TWSG1,-4.7486787,1.3547257
H2AFZ,-7.3050203,14.223535
SLPI,1.1481419,12.023756
SOX18,-12.476975,1.945727
RASL12,-3.3232975,10.636225
SNHG6,-6.5464997,-7.330867
ZNF606,-4.435265,18.316633
SHMT1,-1.1445867,-9.645868
HIPK2,-7.0715294,3.7378979
APEX1,6.3191013,13.480692
SLC4A7,-5.8625917,4.622898
TIMM23,-4.1809187,14.938599
TMEM98,-12.76796,1.7564895
ROR2,-6.312159,8.101344
IFT140,0.92640275,-2.3876054
HNRNPK,1.5034547,3.8281462
CLMP,1.6947114,2.2667859
RADIL,-5.8553486,18.626713
CAPN2,-3.8093228,11.141222
UBE3A,-0.7442816,7.810741
DVL2,6.5000205,7.8920627
PPHLN1,-0.63938916,2.4722962
ANKIB1,-5.505046,3.2116787
SNX6,-8.639045,12.806316
CLEC5A,0.46400335,11.825797
PGAM1,-12.063228,8.055787
SEC24D,4.3167796,13.340063
CDK17,2.133052,6.826998
CD300C,1.9636984,-10.322006
SMU1,1.4964763,3.8008945
EAF2,7.2817245,-2.2174573
RTN4,6.2024,6.5624847
SDHAF1,8.678084,-2.8848662
ARF6,-7.4074726,12.271443
PRAM1,5.0885887,-10.713772
DNAJB2,6.541924,8.052269
GOLGA5,4.006782,-4.19578
CDCA2,7.3203697,3.1302953
SEPT11,-4.9786406,10.952964
OR5G5P,3.0385425,-1.4141157
AK1,-1.3738848,0.21292256
CNR1,-0.91832405,-1.7515227
HILPDA,9.860948,-4.511841
GALNT15,2.0195398,-1.590882
MAP1LC3A,10.827242,-3.3244703
CCDC25,0.07507993,0.43174165
SIRPA,5.360047,13.054372
PROCA1,6.410037,8.024363
CNTRL,-2.9944534,5.5614386
SNHG20,6.0905623,11.51303
SMIM19,0.8773635,3.8804116
PHF8,8.8500395,-0.62432593
CCDC167,3.043012,14.137215
PRAF2,10.813669,-3.530616
CUTA,9.989022,10.627352
SH3BGRL,-2.8905861,8.239838
RASA2,-5.8496656,4.59052
ZNF280D,-0.5565644,7.561244
RFC4,-5.8175855,-4.881571
TMEM99,5.3347406,9.081194
UBE2J2,6.8200803,-0.29951504
LRRC4,-1.2004905,-1.9903079
GNPNAT1,4.2972045,13.475802
CKAP2L,1.9849931,-2.3385737
FCAR,9.293347,-4.868865
ZNF610,5.1355515,2.5582976
DNAJA3,5.59081,11.524047
RUBCN,2.1842833,-6.1039205
PEAR1,9.390307,4.0172377
GOLPH3,3.162691,10.29422
SRPX2,6.1434546,5.5887856
ATN1,-8.006213,1.6154629
CDC6,7.3602657,-2.2550118
CLEC1B,-6.7214413,-4.62142
TMEM185A,1.2525728,-1.6209078
RBFA,6.963732,11.761211
CCDC137,6.2108083,11.52516
PNPT1,-1.9950514,15.923196
UBASH3A,10.412368,-3.7115571
ZNF276,5.1363034,2.5686543
PHB2,2.8211489,-8.310474
CDC25A,-5.7977486,-4.871945
EMC2,3.8261492,6.8989625
UHRF1,7.541922,2.4392576
SLC22A1,5.930365,-8.036859
ZBTB46,10.217005,-1.9328731
IL16,-1.0027884,-4.920059
PRMT3,3.9164488,16.247034
PAFAH1B2,-0.1885014,7.852284
LSM7,5.6067677,11.588464
HELQ,13.44166,10.056171
MIDN,0.2470694,12.757209
NUBPL,-5.40438,2.2105274
DEPDC1B,7.327997,3.112137
ACOT8,6.4876065,-0.71158624
STAT3,-1.4732562,0.37883458
LOXL3,0.6281415,-10.6177845
COG1,2.320638,9.295257
PIAS4,8.675012,-2.8978784
ZNF285,-9.024896,5.790079
ZBTB12,4.5264525,9.513632
DYM,-0.8533992,7.8125553
SIPA1L1,-3.1956027,-1.1038586
NOL3,8.790407,-0.72746885
SLCO3A1,-12.585384,1.9149129
LZTS1,-11.447684,4.1044626
GPBAR1,1.9727854,-10.321271
XKR8,-9.048057,3.7474706
MOV10,10.22911,-1.9174922
HIF1AN,6.7145824,-8.779508
TMEM35B,-6.011168,-8.682716
YWHAB,10.911554,5.35395
NUDT4,1.9474485,-4.2499847
TRIM39,4.3815174,9.286541
DYNC1H1,-8.4250555,8.183932
OTUD5,8.117414,9.493151
VSTM2L,-2.4769375,-1.0093391
HBA2,2.293765,-3.5347486
DHRS4,-11.485188,13.212032
RASL11A,2.3718848,0.9565912
CEP57L1,3.158293,10.313629
SLC3A2,-3.1721697,18.349617
PDCL,-8.272924,5.641894
ARCN1,4.3290553,13.324846
SAP30BP,-6.8182707,-1.1057048
KIF20A,1.9849716,-2.336657
UBE2I,2.0729127,-8.267099
BTN3A3,14.024999,11.728598
WBP1L,9.596075,-3.9372277
TCF20,-8.212505,5.6406655
MYBBP1A,7.1080475,13.501592
PLRG1,7.5915117,15.477893
PRSS53,6.1336656,10.651923
TSFM,-2.9572492,7.2191224
PPIL1,6.871789,12.912545
TNFRSF1B,5.8436704,-9.758896
AP5B1,5.2747545,12.981587
COASY,10.23123,10.39672
ITGA3,-3.8050487,9.829442
UCK2,1.5460845,4.347961
CHD7,3.4113758,-6.077738
RGS12,-8.014778,1.7004575
PPFIA4,-11.425884,4.0961795
MRPL22,-2.7732034,4.727782
LHPP,2.7622032,-2.9080427
PPP1R35,10.125991,-2.9808874
NAALADL2,1.8216263,2.5057847
PIEZO2,0.29918388,-8.449144
PPP1R3E,2.1797829,11.073315
MEA1,-8.930354,-0.1253946
EIF2AK2,0.66985464,18.248806
SLC25A38,1.7757593,-7.0681257
GOLGA8A,-9.491391,14.1955385
CACNA1I,14.135055,-1.7523557
AURKB,7.38226,2.5182076
CTU2,7.0185533,13.47578
FGD2,-0.7038314,-9.611143
SOX6,-4.735112,-8.236794
RIN2,-4.272483,-1.4500822
P2RY13,4.230044,3.1981804
CCDC106,1.9913487,-6.930791
PLIN4,9.396644,-4.847389
SIGLEC7,-1.1571685,-10.409827
SMARCC1,3.4587708,-6.0954676
RARA,5.2658076,13.00688
SSH1,-11.416187,-1.89834
SUPT5H,5.589761,12.150896
GMPS,-0.45866755,15.24115
CACNA1H,-1.5236447,12.649483
NEK4,-8.398611,5.632322
EGR1,6.759807,-6.1547923
PLCL2,-6.519257,2.413343
ERC1,-6.0232296,9.4866
ARPC5L,5.590757,11.595469
SLC33A1,14.216901,7.8378935
SOWAHD,2.0370479,-5.7403517
EVI5L,5.9307666,-1.3245448
YWHAG,4.2982173,13.478063
FAM160A2,0.77645034,-10.763971
EXOC3,7.5923376,4.6184316
PIDD1,5.9567714,3.875654
PDXDC2P,-7.15979,3.7636929
WSCD1,-7.834897,2.0375235
ZNF880,9.78506,10.984505
YPEL2,-4.330623,4.9402905
UQCC1,1.3721052,-7.642198
TRAPPC2L,10.802815,-3.5571568
CDC25C,11.389739,-1.2249951
CPAMD8,9.118653,4.138962
NSMCE1,-3.1650999,7.9757614
PCDHB14,-8.398575,8.549136
ARMC5,6.4905863,-0.7126165
DFNB59,4.012353,16.3808
BTN3A1,14.049092,11.741681
SLC15A2,5.224216,9.224847
ATF3,9.737879,-3.8528914
FAM126A,-8.872364,-3.299541
TRAPPC6A,14.093034,11.7797
PLEKHF2,3.4258459,-6.1106486
CDPF1,3.924768,-4.0945354
FDFT1,-2.6379237,0.7187173
MTSS1L,-7.9678845,2.1113381
MRC1,2.5466251,-1.6693097
CACNA1D,1.4334309,2.182294
TAB2,-6.888179,0.92893314
HOXD4,-0.5697072,-5.832053
INCENP,7.363589,3.3740582
SLC8A1,4.2220483,3.2793984
SMARCD3,-6.184678,12.755614
HKR1,3.5111096,11.067639
ETFA,-4.41541,15.0161495
LRCH1,-0.5546626,7.6596813
FAM114A2,-1.7039347,15.693222
SMIM13,14.229701,7.833346
NKRF,1.8525105,4.618119
PLCG1,-2.3335762,-2.6407712
CTNNB1,-8.897345,-3.2787466
GGA1,5.979504,11.272752
WDR74,-0.20850113,1.3117429
ASPN,-1.7498964,12.482781
ZNF845,-8.973843,5.764946
HMGCL,-0.0812464,5.9227524
SELENOI,-1.7586067,15.881918
FAM89B,-4.082396,4.752154
TEX264,-0.13327928,10.508944
WDR70,4.41463,9.47338
GPC4,1.7441351,2.3516881
CHD9,-0.05049376,4.9515185
LDAH,9.749154,13.347999
CALM3,-9.483286,14.18726
RINL,6.432598,-3.5826063
COX5A,-2.8834884,7.253046
UBASH3B,9.555074,7.6429005
ZMYND10,5.2418313,9.220774
PSMD6,-4.0078087,14.685672
TBC1D19,-13.267911,8.924085
RIDA,-2.3720305,2.3840961
RTN4R,2.0134919,17.339346
SMG5,-13.164154,5.646012
ALB,13.767467,11.239459
CA4,8.5546255,-7.7009363
HCAR2,0.51480764,-8.265789
MGLL,5.504465,0.38759366
SH3GLB1,-0.69437635,8.00539
HDAC3,-0.1759641,7.955869
TRMT1L,-4.127361,8.903345
ECSCR,10.133952,-2.0196266
PPP6R2,11.348951,0.32221937
AGPAT2,-11.371646,-1.8527485
IFI27L1,-6.422218,8.957733
MLH3,6.283568,0.19828069
GLIPR1,6.7758164,-9.19652
FAM134B,14.111619,-1.7745757
SIX5,-8.04756,1.7414869
DDR2,-4.9785423,10.960271
IPO13,6.49109,-0.715659
ANKRD18EP,-0.75897354,4.9974055
TMEM132A,3.8285582,18.017843
QRSL1,2.8624966,-3.1714694
RAB22A,4.1419616,-4.0070662
PFDN5,10.982729,2.3356311
MAPRE3,6.3911552,5.399826
NEK8,5.290948,-4.1319547
SF1,-2.8088436,2.4426255
ZBED3,2.693257,-1.6545109
PSAT1,-3.4877424,15.282292
DBNL,-2.8356543,-7.412034
EBI3,-1.3592538,-10.099416
NDUFV2,-4.203646,14.952788
SAMD9L,0.7328662,18.295149
MZT2A,9.614857,1.0562865
PDGFA,-7.6245522,2.3357437
GRB2,7.8344693,7.540236
MRPL3,-2.0684536,15.925963
GJC1,-1.6511271,12.553561
CHAF1A,-2.170059,1.1091579
LRRC45,-2.3318324,-2.634433
PPARG,-1.8477436,-10.209082
CDC123,1.5268451,3.8614051
FAM207A,6.5679393,17.471375
YTHDF3,-0.09710627,6.0554776
IFT43,10.124504,-1.9834046
BCL10,1.9653968,6.9466944
SLC5A6,6.5373087,13.204754
ZC3H12D,-0.7383815,-4.9471807
NCOR2,-11.372019,-1.8532846
NECAB3,6.1718736,5.9065857
LRRC75A,-2.7043288,-0.9521242
TRAF1,13.989345,-1.8759376
BRCA1,1.8245752,-2.9984593
KIR2DL1,8.463386,-3.1674557
TDRD9,5.463123,13.141114
UBE2Z,1.3066871,1.5445527
SLA2,10.312562,-6.4705424
GNL3L,-0.2113341,10.399422
NAIP,4.275083,3.0655417
SLC35E2,4.7421927,9.791584
ABI2,-6.862909,10.699209
KIDINS220,8.453326,10.605069
PBRM1,-1.3642205,7.7137494
PTS,3.8426042,6.896569
CCDC178,-3.7094646,-1.5051605
DNAJC1,-5.910963,9.343187
EXOSC1,-3.2694767,7.378368
NFE4,6.5363717,2.7617314
EXOSC9,3.8564663,16.061113
MERTK,0.0051029897,-10.112999
LIMK2,9.325248,-4.8459206
PAFAH1B1,-4.8681555,0.96070933
KCND3,-12.89226,1.8981047
PCNX2,-4.4778085,1.764894
CYB561A3,2.8204439,-3.0488677
TMA7,-1.7627435,5.6543293
UQCC2,-3.2226858,7.228854
AKR1C1,2.412201,1.0859787
CHCHD10,0.4251772,-7.2793317
NUMA1,-2.3521626,3.1040647
RSRC1,3.1627734,10.267323
DPH1,-2.8385642,2.4137518
SNRPB,-4.1118608,6.529545
KDR,7.371842,0.8553926
VPS33B,6.9697027,4.002763
ENTPD7,3.8142097,12.273283
RUVBL1,8.526988,14.415017
GRAMD3,8.684759,17.332111
ZNF326,2.6026127,7.926927
MGAT5,-5.185381,13.412014
KDM5C,5.1582913,2.5905564
CENPX,15.928911,2.366183
UCK1,10.212322,-3.0384939
DKC1,4.30494,15.984225
TIMM9,11.519545,-7.28916
KIAA1429,3.491806,16.213871
SLC2A8,1.071798,-7.8037543
DDX42,1.541526,8.985737
ANP32B,2.2724082,4.062954
RIPK1,-0.2080301,1.3062373
TIMM17B,-5.6992126,9.013489
RIOK2,3.519784,12.023556
BCL6B,7.24986,0.79005235
HPSE,4.23006,3.2763813
KREMEN1,-1.1257384,-1.9377846
ARHGEF7,-4.458353,5.006136
DPY19L3,0.09263705,5.2394633
CENPA,7.13256,2.7133124
FGF12,-3.644351,-1.4538544
METTL26,9.6128435,1.054107
RABGAP1L,-5.873286,13.31176
ANKRD36,5.521045,8.906014
RPUSD2,4.3468165,16.014273
ZNF814,4.6316304,12.952264
CD200R1,-11.176807,3.7686393
METTL22,0.76853037,-10.756723
EXOC6,11.973586,7.349115
GDPD5,-0.58667654,-5.827025
CD46,0.05138575,5.1419744
ICMT,-6.018127,9.477836
TIMM22,6.536168,17.514046
PTPN9,5.731294,18.62752
CFLAR,6.213515,-8.261674
ZCCHC9,-0.48572034,18.980608
SLC38A6,0.97087103,-7.8904696
MAP3K1,1.1522217,6.2821217
OSCAR,1.0372853,12.240368
SORBS2,-5.2587943,11.335283
ERGIC2,4.3332477,13.044097
SLX4,7.892128,11.080319
SIGLEC8,-1.1956758,-9.509584
DLG3,-5.456174,11.563061
EBP,11.578603,-1.7414498
MAD2L2,-5.7308207,9.052896
ZNF8,-7.2889013,-5.816165
EPC2,3.1768188,7.033772
ZNF263,5.8941326,8.773444
IFI27L2,10.029376,10.625656
ADCY5,9.487493,3.9493027
LETMD1,-2.5504584,2.8437924
MTX2,9.716657,13.391402
EFNA4,6.810065,-3.54945
MRVI1,-2.941414,10.770366
LYRM2,-5.8210053,5.030472
TUBA1B,9.731772,-4.4461007
TCF23,-2.8597004,10.081214
LRRC47,7.508681,11.921904
TTC8,2.9713123,-1.4536293
YPEL4,1.9470532,-4.242182
CA8,1.7680624,-2.9956605
TES,8.651607,-0.9743279
HCFC1R1,-3.8363652,10.545496
VMA21,-1.1224163,16.078001
SEMA6C,-10.731196,9.553752
STARD3,6.0867934,10.661203
ADAMDEC1,-5.4555945,2.2869809
TET3,6.7897005,-8.7649355
ITGAL,13.946172,2.7672133
MICALL1,6.8906903,-3.6189718
TTF1,13.442174,10.053144
PLBD1,5.095264,-10.705265
NIF3L1,-2.267258,1.0184313
AAMDC,-9.535417,8.286812
NUDCD1,3.8849173,6.897477
CRYAB,2.3612132,1.3298694
BLOC1S5,-0.6015792,2.9503572
PIK3C2B,3.0222673,-6.5846076
ZBED1,-5.8173513,2.6958292
TOR2A,5.8537498,-1.1991773
ZBTB25,-4.3598695,5.017792
PTGER1,-11.125197,3.5726988
NOL10,-2.712188,15.733808
LILRA4,2.16711,-6.77354
NBEAL1,5.3760824,6.8016057
GLMP,8.904944,7.347118
IFIT2,0.6633292,18.03108
HERPUD1,3.8990295,12.760431
FRAT2,5.274291,12.987205
CNPY4,-6.4681726,2.4450188
TXNDC9,11.999428,7.2890825
ZNF133,11.484646,7.266156
OXA1L,7.5360913,4.6414695
HSPA14,-3.5687768,15.585726
ZNF703,-7.8494525,1.9341344
MPZL1,1.9571366,2.5803468
PPP1R16A,6.504835,7.729432
TMEM178A,12.166395,-3.413472
SETD7,-3.672777,-3.6155198
E2F8,1.8687271,-3.05632
HMCN2,-1.9808884,12.355281
P3H3,5.9700584,4.8235188
UBIAD1,4.3586116,16.02428
TMEM254,11.109973,4.0663686
KCTD12,-8.495615,12.959653
NDUFB1,-1.7419201,5.8734484
ZMIZ2,5.5487876,-4.030011
TGFBR1,11.413296,7.277052
NDST1,2.0277114,-0.9054672
NCK2,-6.38359,2.4851472
STK17A,-5.917223,13.154831
PANX2,1.5299813,12.030985
ZNF550,-5.319759,13.30973
CCDC126,2.4457867,7.2072577
LANCL1,3.8609946,-4.3851376
HIST2H2BE,12.836273,9.262766
PPM1N,0.43419528,-8.33524
ADAT1,11.944485,1.0434186
RUSC1,6.4947343,-0.6985155
POLR2J4,6.213941,8.300272
NMNAT1,4.3873725,9.339454
PRRX1,-1.6202418,12.580283
ZDHHC19,0.41293088,12.411607
FZD4,2.0594847,-1.5898994
MED11,5.073329,-3.7470586
KIAA0930,8.145712,7.5486836
HNRNPAB,1.4316368,4.5082326
RPRD1A,3.4082549,7.137912
EFNB2,-2.9272346,-3.805498
SLC22A15,8.454623,-7.5118737
COLEC11,-5.8336153,2.67671
UBTD1,-8.196386,1.3469361
TRIM68,1.2769876,-1.1115636
S100A16,-8.075834,2.205733
SESN3,-5.799681,13.169235
MCUR1,7.512134,3.2001116
AP3D1,-3.6165905,6.8156304
CYBA,5.503085,14.785814
PARL,4.6438847,9.66965
LMNTD2,-2.5980775,2.7726965
GNGT2,2.0168183,-10.293336
ATP6V0D1,8.781275,7.4645267
TMEM161A,6.5588255,7.816486
AHCYL2,-0.8517893,10.120981
SLC16A7,3.3059335,8.109906
ZNF470,-9.018006,5.786547
LYL1,-3.6740477,-3.6124299
HDC,8.601674,-7.6492515
TMEM240,-8.248606,1.3971916
LPGAT1,-6.7559133,3.8864448
ZNF623,8.458566,10.605252
ZNF530,4.3773217,9.305895
TBXA2R,-7.9176903,2.0966966
GATC,9.6635275,13.4736
RERGL,-1.5378971,12.639064
RAI1,10.048789,-2.459841
VGLL3,-2.5277839,11.771684
RPA2,16.016731,0.6043101
NHEJ1,8.542179,14.425074
COMMD9,1.9763497,-10.321726
NEK9,4.732075,9.756982
DIS3L2,-2.3414617,2.4135737
DHRS11,8.589204,-1.0849077
ERRFI1,2.4947321,2.5213118
SPC25,7.1589246,2.7441664
RPA3,-4.3600206,14.820973
MRPL37,-3.3294022,7.984566
RPH3AL,-0.47310087,-5.1940455
MFSD10,6.5600905,7.877094
ZNF384,-0.71844095,9.674262
LYRM7,2.8257132,6.905094
AP1S3,3.3895662,-6.1289496
SNAPC1,-2.9149587,-3.8469474
NAA40,-4.789817,1.9015094
ORMDL3,12.558826,0.053698782
KIAA1143,-4.704079,0.8531869
SPAG16,-4.206481,-1.8287321
GEMIN7,10.58462,-0.78595877
RAD54L,7.4490733,2.4768672
ACSF3,6.025794,11.481906
UPF1,8.141467,-1.888002
KLF7,8.465317,-7.530538
TGDS,-5.8132696,2.6970441
PILRB,6.543522,7.579151
FOXO4,7.244574,13.585713
FRS2,-4.9464555,0.72427
MEIS1,1.5883867,2.0543275
GART,5.8959746,13.843687
UBAC1,6.6758375,8.281347
PSPH,-5.5508084,16.895172
MSL1,8.439274,-7.5074744
RPUSD3,6.4782743,-0.72221667
ENOPH1,10.80975,5.380911
SNCAIP,2.653334,-2.6744058
SPAG8,2.5182462,11.193454
CKB,-2.0856268,12.230821
NTMT1,5.802478,13.974303
ZNF154,9.772284,11.002623
ZNF256,9.773353,11.005955
RAPGEF2,-3.0654671,-0.9263185
ROPN1L,-2.723654,8.343581
ZNF582,6.285559,0.19833626
OXSR1,6.7885065,-8.77806
DBR1,1.5693946,3.7384136
PHTF2,0.25351122,6.1300454
ZNF592,6.938523,-3.6565368
CYP2S1,-2.2222168,-10.240861
COLQ,3.554987,1.1337543
RBM7,-0.18539517,7.954546
PROK2,6.608446,2.705861
RHEB,-6.502038,10.451664
FGL2,-1.4827391,-9.915647
NASP,2.3346462,4.0391483
RELL2,5.5844846,-4.3547587
PRKCZ,8.058121,0.9853828
MYBL1,8.171002,-4.2617936
TLR2,9.564722,-5.0970397
DPYSL3,-7.357545,2.1534233
IL32,7.2223487,0.7781949
ARL17A,-6.0016613,12.868132
TBC1D32,4.519862,10.051965
INTS6,-0.62129045,2.9151661
FRMD4B,14.052582,6.0070543
FAM98B,-1.6013197,15.672384
CCNJ,-8.282737,5.642534
SLC23A1,6.209998,-2.2135043
EPRS,-3.4956987,15.279688
COMMD4,-10.744938,1.8733356
IL17RC,-1.329195,0.15981005
SCO1,7.4954863,15.354032
TRAPPC9,7.320249,12.039395
ZGPAT,6.7122188,-0.4339559
RAP2C,0.59848833,6.024068
RINT1,-3.4090006,15.293459
CCL4,8.25511,-4.153439
CLDN12,-4.6113024,10.461988
CHST1,-11.460517,4.1024656
CHL1,3.5437655,-6.1701455
ALDOA,-12.063519,8.055963
SF3B4,7.6733813,11.362895
NIPA1,-8.76949,5.6893053
SPIRE1,5.392234,6.785893
TANGO2,-2.1427753,-10.216095
BAG2,9.392371,14.170103
PHF7,4.4147086,9.472492
CSNK1D,-4.092888,1.5793126
PREPL,5.152865,2.6002653
EFR3A,-5.4689827,5.9549255
DCK,-5.471992,5.95483
MOB1B,-5.7990866,5.496281
RAB40C,6.57622,7.908335
CDC40,1.0330998,6.1637793
COPZ2,-2.9320834,10.126256
RBM17,1.5903999,9.011297
VEGFC,5.9621596,4.8225017
FBXL19,6.504507,-0.6900665
GPD2,-1.3178407,7.750946
SNX14,-4.1432834,-5.148542
KIAA0355,2.2110686,-1.24078
MFSD6,2.4991646,-2.3142316
CDK20,5.928962,-1.3282913
MAPK1IP1L,2.136551,6.8268805
GFOD1,2.9994066,0.9491512
RBM33,11.053788,4.0551434
RAB30,3.5172486,12.009548
CNTROB,3.3806584,5.3412247
PIPOX,13.750132,11.199552
GNA15,7.931925,7.3663025
OSGIN1,-0.16502915,6.0594926
APOOL,3.314299,8.120172
SSH3,4.0471997,16.198723
ITGA2,-6.498022,10.452131
PRPF18,-0.6760106,15.389654
ATAD2B,1.1956713,6.309716
ROR1,-4.0294423,-1.629021
TKT,1.008985,12.215991
MGAT4B,-8.223413,1.3750676
MXD3,3.3463995,5.3128924
TSPYL1,-0.65322906,2.3459253
ETS1,-5.9862547,12.901537
R3HCC1,10.193628,10.409355
ATP6V1E1,-8.692448,2.3613384
HSPA1B,9.786029,13.626131
SUMO3,5.2539077,9.2158985
CACNB3,-10.718828,9.556822
HNRNPA3,-0.65684444,2.931305
DOCK10,-0.20619719,10.288388
CCDC142,6.9918423,-3.7171633
HIGD2A,9.603192,1.0448967
GTF2IRD2,10.744432,-3.563258
CD300LF,3.769006,2.9181435
SHPRH,-4.4098845,3.8413186
GUCY1B2,-2.9638968,-0.8098152
STX1B,0.8607998,3.86797
ABCA5,13.797982,11.297975
CWF19L2,9.738785,13.377908
UNC13D,6.6131277,2.277588
BCL7B,10.232069,-3.0574338
ZNF398,-0.5134074,3.22449
IFT122,8.713711,4.527835
ZNF235,11.071793,4.054435
MN1,-2.156952,12.184505
SNX22,2.2238867,-6.055696
EIF2S3,11.586965,-7.342854
MBLAC2,3.142334,8.122804
MKLN1,-6.8454156,0.98556244
INF2,-8.003513,1.7105983
HNRNPD,2.277557,4.055161
EMSY,-0.5612341,3.0350184
MRPL39,-4.3303566,14.968867
CRY2,6.2036147,1.0827119
ZFPL1,6.55771,7.867579
STK36,-1.1968625,-0.024266696
PXDN,-8.0015335,2.1262007
ZNF283,-8.995579,5.7759323
AFAP1L1,7.368127,0.85267663
GLE1,4.9573593,-4.7415724
SLC38A2,-6.9146576,0.9163123
EXO5,-0.20784722,1.3064523
DNAJC6,-0.092801966,-4.602429
TXLNGY,-8.85376,-5.3765373
PACSIN2,6.124631,1.2960252
PTGS2,8.75422,17.395193
GSDMD,0.5949526,17.373993
PPP3CC,3.649192,-5.742978
RBM45,-1.733552,14.086752
MYO7A,-6.5604935,7.962023
TMEM38B,10.569042,5.475961
FAM131A,-0.83656144,-1.6957309
PPM1D,-6.934241,0.89245564
MMADHC,5.5240498,13.1876745
PDS5B,-5.5075364,3.4066253
KIF1B,-4.3836513,-3.32059
SEC16A,5.137394,2.5475054
WDR81,0.68601567,-10.672825
YWHAE,-2.7186007,4.577138
BHLHE41,4.9577475,-4.7236543
COQ10B,-3.7732189,-6.2369475
TMOD4,-0.5772034,3.4406462
PKN3,10.182168,-2.0380518
SUV39H2,9.833118,-4.494645
NDUFA9,-3.9621124,14.603547
ADAMTS15,2.3450422,1.8821604
SEMA3A,-2.8996158,-3.8623228
SNX9,2.415084,0.96383506
PCDH20,2.164684,1.7287081
PSMC4,-3.6600614,6.7876577
ZNF736,-0.6502743,5.148977
GOLGA7,-8.577927,12.874228
PPDPF,-4.1762547,3.467278
LARP4B,1.2869693,9.217273
NES,-7.409224,2.1491098
MTFR2,-2.1572707,1.1149201
MAZ,6.1594524,11.313076
ASPH,6.2064023,6.5654535
ERCC6,-5.126326,13.46211
PPP1R13L,-5.752771,7.7326508
RNF43,-13.267507,8.924811
CCDC149,-8.427119,8.561387
SNHG19,-3.604797,15.636223
CHODL,-10.942303,4.0822864
COX7A2L,11.276937,-7.1315284
HAX1,-3.2689896,7.355292
NFASC,1.7428305,2.336489
IRF5,-8.017648,-7.774665
B3GALNT1,-3.7276032,-1.5147783
ZDBF2,-5.5753956,3.0183303
CSNK2A2,-0.85942894,7.813594
NLN,-2.07867,15.939468
CARD9,7.9135923,7.3668275
SNX8,-2.3131828,-1.2087332
IL7,2.9183877,-6.377613
SLC16A11,0.82861215,3.838798
RNF20,-8.413772,5.631266
COG6,-1.3818246,7.7087736
CBX4,-12.5427265,11.117122
CREBBP,-3.5483718,4.9706154
ABLIM3,-4.8452144,10.828018
ATG5,-1.1431439,16.103823
ID3,-12.471485,1.949806
PPCDC,5.392305,-0.8288135
FBXL7,-4.9263763,10.872531
BCAT2,6.502669,7.8307014
NOXA1,-2.9299185,18.618856
SSUH2,-5.5282583,11.680321
CRLF3,8.635152,-0.9989724
EEF1A1,11.324436,-7.166243
PANK4,5.805962,12.066148
BDH1,5.177303,-4.1431537
CCDC17,-5.583958,-6.6233025
PDK4,6.1656966,5.762827
PNKP,14.040963,11.719735
PPP1R8,3.5007317,16.211115
SNCG,7.4564505,0.83627665
PDCD10,11.008095,7.066727
TAOK2,-7.8571215,2.0459304
DHX33,4.070951,16.122255
RNF150,4.846813,4.9730835
FLT1,-3.758889,-1.6174653
CYSLTR1,8.571582,-1.1218344
FSD2,-1.5259157,19.285627
KAT6A,-6.750617,3.9399328
HMGXB3,7.5028214,4.7321978
ZNF891,-8.6685505,5.669657
MRPL42,-1.148964,16.09127
RNF123,-0.19085577,9.816267
KIAA1462,-2.1304386,12.284412
ADAMTS13,12.229656,-3.3645225
SPRED2,-8.784343,8.92765
SLCO4C1,1.1376654,12.041626
RELL1,-0.36070034,6.3666754
RFWD3,-2.293387,0.99478763
IGHA2,5.462039,-2.1533813
SLC6A8,9.869998,-4.5068607
AFG3L2,-0.1154639,4.816653
MIEF1,-8.262148,5.643572
ABCA9,4.8594303,5.068465
ZNF45,-3.5750177,5.0313473
THUMPD2,7.1133933,4.0105925
TSPAN3,-5.1557775,13.434556
NF2,-1.1365886,-1.9526083
TRAK2,5.19324,6.9708056
SNED1,-4.2848606,-1.3335878
METTL17,4.5227356,10.033129
CAMLG,11.6006975,-7.347193
MAFB,-1.8458716,-10.206679
MYCL,-2.0131743,-10.167599
ARL17B,-6.012668,12.851151
MIER2,10.123387,-2.0051198
KPNA2,-2.2442446,1.0521523
KLHL13,-11.13628,3.941557
TNFSF8,3.39078,0.9739447
SAMHD1,-1.8340935,-10.191636
TMEM184C,5.060868,8.351831
MAPK7,9.962623,-2.546542
THOC2,1.5427072,8.983185
PPIG,-5.825198,4.9372787
BSG,2.370376,-3.59727
NKD1,-2.8936744,10.785505
GINS1,7.2920084,2.5250375
UQCRB,2.939479,-8.46513
C1GALT1C1,3.8609762,12.701295
MED27,-4.1304073,6.5073905
TLR9,2.0585604,-5.756037
PRKAR2A,-0.09901673,6.032699
BRD1,1.3968717,9.072122
SLAIN1,-0.6336809,2.5176592
GGA3,8.139066,9.482682
ZNF501,3.8461556,-4.4018135
CALM2,-3.745089,-1.6067407
ASGR1,5.0794253,-10.723461
ZNF385A,-1.9146647,-10.138464
SENCR,10.041055,-2.484864
KIAA0232,-7.196445,3.840278
RNF146,-0.81191087,-1.6767602
WDR91,-2.3960717,3.0552015
PDLIM5,-3.8499062,11.112395
BBS12,-6.315114,18.69516
PON2,-3.0752513,2.00411
SCD5,-9.396263,8.334307
ZKSCAN7,-0.1376772,20.207268
TMEM184B,5.283726,-0.8187078
UXT,2.5177886,-8.256297
DDX24,7.3417225,5.0842876
RIT1,0.22752167,-10.168292
DHRS12,9.699316,13.524738
VPS37C,12.4641905,-3.2054172
TOGARAM1,-5.2209206,3.4095957
TNFRSF9,1.2460717,1.6303569
MST1R,-2.821828,10.062089
PLAG1,-4.254516,4.852145
SERPINB9,-5.885677,13.071145
PRKCH,8.484631,-3.4880996
FAM86C2P,-10.749401,1.8708254
METTL14,-0.6287788,5.162734
CCL24,-1.1970606,-9.501836
LAMTOR3,-8.504517,13.009007
TELO2,6.000685,3.8414524
THEM4,1.3690372,-7.642824
PVR,-8.707432,2.403458
KIFC2,4.151913,-3.8940601
PEX6,4.774788,9.708491
ZNF395,9.813079,-4.4817576
TTLL1,8.722565,4.5294285
PDK2,8.7231865,4.529897
DCUN1D2,-9.484525,14.189065
KATNB1,3.3439279,5.3057275
PABPC1,11.569549,-7.326167
LRIF1,-1.4297125,15.367276
ZDHHC6,-2.93722,5.66644
TPPP,7.1602345,0.75047475
SGCA,-1.6939265,12.507375
ZNF416,9.804223,10.945334
HSD17B11,5.8934917,-8.186339
ALKBH6,5.996576,3.8392355
MSANTD4,-1.4126214,15.430353
ELMOD2,6.4135838,15.677793
RAD9A,5.751729,-1.000852
ZNF836,-6.7616477,6.1831856
AHCYL1,4.335318,4.5864153
SPIN4,3.1242568,8.081343
GNPDA1,-2.0072787,-10.176935
SH3GL1,5.902961,-1.2801738
YIPF5,3.493794,11.020551
TRIM6,-2.07693,-8.760738
LRIG3,2.6438189,-2.6882644
DDB1,-8.3775215,-5.03021
DARS,-0.08097894,5.9049883
LILRA6,9.575789,-5.1503773
DDX39B,5.33692,3.1916363
ZBTB18,0.5605887,5.997263
KIAA2026,-0.92744565,16.26581
SLC16A9,-2.8563414,-0.91594493
UBTF,2.981527,-6.5388007
DSN1,11.30275,-1.0494932
PCID2,-7.953314,7.3939705
EIF4G1,6.7954793,12.969945
COL14A1,-2.4989915,11.806455
RERG,2.4765735,2.2428098
CAMK2G,4.222155,3.2945135
PLEKHB2,10.92864,5.3445735
QPCTL,-4.701378,8.076176
CCL4L2,6.759803,-6.1549344
TRAPPC1,8.554948,7.826722
AP2S1,-1.9336659,5.311072
GTF3A,2.211641,4.0669303
COMMD10,5.5033455,8.649484
DNAJB9,-5.974728,9.421567
KPNB1,1.5464194,3.9401746
VSIG10,2.0795305,-1.5861408
CAPS,-3.7737541,-6.210744
ZNF106,-7.224156,12.09006
HID1,-6.4234877,8.962817
WDR62,2.0098546,-2.67197
SLC25A32,-1.2595139,16.18394
PNLIP,-7.5669413,15.745568
PTDSS1,3.4811497,-6.1340985
SDK1,2.017013,-0.93717575
CINP,-3.6383064,6.7959013
VKORC1L1,-4.748963,1.3537682
EXOSC3,1.1400454,4.9119797
EXOSC2,4.3380775,16.015434
NAP1L5,-1.7797759,14.126194
LIPF,-2.2738352,12.822934
CHERP,5.796658,12.08008
SLFN5,-3.7892127,-1.61896
AZIN1,3.5087261,11.076543
MIF4GD,0.74922895,-10.735553
PHYH,-9.515078,8.308221
FJX1,-11.380838,4.0805326
PET100,-1.7446705,5.879669
CYS1,-5.011696,11.278343
RARRES3,0.5523383,17.247217
COPG1,-5.7805953,9.016313
MCM8,10.585744,-0.77605593
ANKS6,-13.215069,8.978812
KLHL14,3.5144734,12.018264
SHC1,-8.541558,2.3091817
FHL1,-2.4869447,11.819024
TCEAL8,-4.3799133,-1.5290495
ACBD5,0.060264066,0.4795669
TESK1,6.1464043,11.31732
SMAD6,-8.382828,10.899012
PKDCC,-8.391853,10.909983
NXF1,6.205204,11.258094
PRADC1,4.0366673,4.833199
BAD,5.940214,-1.331242
POLR2I,10.024377,10.612689
KYAT1,3.8060534,17.978548
ACTL6A,7.4679418,15.312692
SPPL2A,-0.15034087,6.074243
NFKBIZ,8.755208,17.395943
HAUS2,4.2134876,-3.878965
PPP3CA,8.787003,-0.7241924
KDM2A,6.9449906,-3.6661584
KIF21A,-8.87235,-3.300008
LINGO1,7.8508334,0.9173037
ENAH,-5.9323173,7.9087453
NUCB1,12.463574,-3.2007256
RAB20,-1.3464922,-9.31476
NXT2,10.551149,5.485575
BOLA3,-3.2249336,7.224189
RPL39,8.489852,-3.1112397
RNF126,9.433868,-2.847896
EPHB2,-3.5692286,9.808891
ARPC2,10.999314,7.0602617
CPA4,-2.1693814,-1.4285922
ZYG11B,-0.18379933,7.8520966
CLINT1,-0.07153296,5.8934655
CXCL6,-5.4498158,11.555577
TBC1D4,-6.2946267,18.691378
CXCR3,5.683874,-3.9618952
IL27RA,7.903908,-2.603983
PIAS3,-3.8331277,9.798395
CCNT1,-3.4584846,5.3863573
LMBRD1,-5.458931,3.4432962
NR1D2,6.873982,-9.139163
RAB31,6.015594,-8.21067
GLCE,-3.804445,-1.5906457
ZNF345,-6.432052,6.042479
ZNF182,-9.489583,14.193897
FAM98A,-4.329735,8.34314
HAUS3,-0.79708636,5.3071175
BCKDK,11.358288,0.32108414
NOC4L,7.7967205,11.112574
PRC1,1.9881575,-2.3703363
RASSF3,-8.606239,12.826614
ABCD4,-3.9838526,1.487372
AAED1,-7.058932,10.84712
ANKRD50,-10.562748,4.2930756
CWC15,-12.063284,6.740517
BOK,-3.6619725,9.860142
RPUSD1,5.352827,2.9429038
CWF19L1,4.381107,9.3100605
TNFSF13B,-0.37055728,6.379263
EREG,3.2385378,0.93240994
GUK1,12.470566,-3.1938853
ZMYND8,3.473991,1.0741119
WFS1,-0.47755903,-5.1940064
PTPN2,-7.947833,2.0855818
CS,-4.5485086,15.148227
RNF213,0.6884095,18.283611
SPRYD3,7.331219,12.033134
PRPF40B,-7.9904575,2.1324248
E2F4,6.7565193,13.279285
IP6K3,1.5754542,1.981889
ZNF143,7.836458,4.7046747
KLHDC10,2.172545,-1.2453974
MAF,-1.996206,-8.733493
PAG1,8.764109,-7.1606984
PAQR6,7.1627703,-8.322535
STK16,0.7286075,-10.715238
MTPAP,3.8612432,16.052837
SCFD2,-3.176294,7.6929545
SLC35B2,10.257198,10.388205
ASF1B,7.4003806,2.5062463
RDH16,7.417188,13.694971
MAP2K3,0.4356441,12.157046
IL4R,6.190816,1.669117
CTRC,-7.5667334,15.7448635
MBD6,6.7308426,-9.353959
RAB4A,-0.85710716,7.812934
TRIM38,4.38825,9.306072
NAA20,4.351801,-3.9294963
RARB,-7.1158385,7.234597
ZNF284,-8.999825,5.775363
ZNF566,-0.60819894,5.156663
DENND1A,10.057145,-2.4709587
FAM83H,-2.2723582,-8.396251
ZMYND19,3.4435167,5.40422
SCRN2,-3.082172,2.00065
CDH4,1.2146668,-1.6261816
PRR13,3.735596,2.9135306
ATXN7,-6.7812405,3.9611707
RBM47,4.223236,3.049071
USMG5,-2.8276994,7.0625467
DEK,-6.6145787,0.7458115
MVD,5.331904,3.19545
GPR161,-10.422072,4.403817
DGCR14,-6.8117986,-1.1044515
POC5,-4.4328604,18.317081
RRP7BP,5.1793976,11.891543
EPX,0.3340543,10.812894
SLC31A2,-0.02000877,-10.100228
DDX60,0.6483509,17.93429
FAM200B,5.6698523,-8.322627
MESDC1,7.23434,0.78847754
MYCBP,3.822135,12.626452
DERL3,6.4299984,-2.1949382
MGAT4A,8.951161,-3.923894
PUS7L,3.2917662,9.965785
LDLR,4.4959207,-3.9219222
SCAND1,10.043386,-2.9616458
PTGFRN,-8.74478,8.492548
FAM86B3P,12.432566,15.551817
FAHD2B,12.4744425,15.591661
PDK3,8.902282,-8.233363
SMIM10L2B,-6.3523602,8.067873
KDM2B,6.7804103,-3.5583365
CC2D2B,-7.0285892,-2.8153684
STAT6,-5.3976994,2.2056394
TMEM43,5.630648,6.3939614
ASS1,2.470479,2.2282815
TBCA,-1.7366349,5.8898325
CRHBP,-2.9376628,-0.86866814
ATP11A,-7.0797305,3.7304585
ORAI1,5.5036073,14.786749
DHX29,3.8570862,16.604593
TRIM54,8.703293,4.5188704
MED4,-2.654511,4.4644375
ESRRG,-4.132485,-3.9310095
PMM1,-8.2629795,5.6432548
FOXRED1,5.4008574,-0.8289224
EIF3F,2.8642106,-8.360122
NDUFS3,-3.6513557,6.7900577
P2RY1,0.022645652,-10.113428
PLBD2,-3.8882086,10.516191
ARRDC2,3.080332,0.8631893
FBXL14,9.340582,14.135912
ARNTL,6.833102,-9.168534
AK3,-6.898367,10.716936
ARRDC1,11.339028,0.33327943
TRIM62,-0.20493488,1.3146913
ADAMTS7,-7.3613186,2.16325
PSMA1,-3.9882145,14.625844
ITGAX,6.4652944,2.1726975
UQCRFS1,-2.8554783,7.1908193
MEG9,-0.4288469,-5.307906
ABHD18,0.16667192,5.1608686
GNL1,7.450665,4.268578
ZNF3,-0.20693101,1.3266242
PPP2R2B,8.441935,-3.7997925
LRFN3,-8.238097,1.4053663
FAM133B,1.002494,5.97365
NIT1,6.1049232,10.666103
CHMP2A,9.961142,10.677455
CAPN15,5.287294,2.7447863
ZFAND2A,9.607005,13.47335
NFATC2,8.583998,-1.1009203
AREL1,6.754434,-9.402888
ATP6V1C1,-8.621254,12.820101
NAGK,8.492789,7.727218
TNFRSF10A,3.4027584,-6.1377068
PSMD10,10.915235,5.3535643
CHD6,-4.0145283,4.755983
SLC25A53,-5.2949157,13.314022
S1PR1,2.7046297,6.8155885
RNF175,9.558682,-5.090621
SCLY,3.8200512,17.984962
LRRC20,9.634849,-4.3102174
RUSC2,-3.6905766,10.018059
UBE2R2,-2.7267888,8.348097
TLR7,8.6063595,-1.0497324
CYP11A1,-0.47103924,-5.148308
BSCL2,-6.407616,8.958271
GON7,8.610315,14.458972
ABHD3,5.250371,9.227277
ANXA5,10.890258,5.375412
SLC52A2,5.697059,-0.90178007
GBA2,8.102105,9.484954
MVB12B,-1.0664908,-10.030919
MPC2,-2.6613517,4.4718084
CLCF1,1.512909,-7.4308577
OSTF1,10.999018,7.0590096
NAB1,-5.5908155,3.0108914
ODF2,6.1756296,11.261325
SLC39A7,-5.027176,8.575915
XRN2,8.771064,-7.1543727
RIC1,-3.4655797,5.354485
SPRY3,-11.416963,-1.8990637
CXCR5,3.1579587,-5.9142056
CD99,-2.26237,-0.8764104
RASSF9,-2.8553755,-3.9033546
GUCY1B3,-11.112966,3.7500794
NPTX2,-2.2164738,-5.2217894
CDC34,2.3727982,-3.5992796
SHROOM4,-5.432971,11.550405
LGALS3,-3.8255498,10.5509205
NCF4,5.8591537,1.3628036
CHPT1,2.4209018,0.960558
ANXA11,9.409605,-4.864768
TCF25,7.551593,4.6179733
HCAR1,-7.1158943,7.229096
PLA2G2D,2.9893873,-6.564363
SH2D1B,8.472475,-3.431302
EOGT,-4.9735336,0.7041303
PINX1,-3.7014759,8.00758
DLC1,6.204391,6.5583715
LY6G5B,0.82378703,3.8350737
SLC12A4,-4.669912,10.592626
MPZL3,6.4332423,2.2430468
CXCL12,-5.504286,11.650704
BTLA,-5.154212,13.435069
SCAI,3.1928709,7.562276
AP4B1,5.5536184,12.14726
FCRL4,3.05888,-5.977644
KBTBD2,-7.0567164,10.843538
AAR2,7.8297286,11.138158
SLC25A11,6.5068793,-0.6881843
IP6K1,-5.6582203,-6.675668
NUCKS1,-4.138396,-3.4011636
CRIPT,9.766894,13.377366
NMUR1,13.986379,2.8411813
PTEN,3.2132335,0.9668863
CTSA,-1.9924926,-8.673818
GRM2,0.870131,3.8731751
HIST1H3H,12.830633,9.257414
EXOSC10,-0.2061326,1.3265748
MUS81,8.468476,9.510496
HSPB2,2.3663971,1.3169466
TYMP,0.628652,17.742363
IFT81,-3.0748265,1.9999576
ACHE,1.2552395,1.6105384
NOVA2,-3.106989,18.417707
PDZD11,6.5330157,17.505535
ITPRIPL1,6.4977555,-3.5389216
TUSC1,11.297719,-1.0435611
GLS,3.2351172,9.5923815
ADIPOR1,1.5075245,-3.529868
GPR174,-7.3757734,12.241241
NCOR1,-8.243754,5.642535
VLDLR,-5.0729556,11.240541
ZNF830,3.0930018,16.24237
CHKB,6.0567427,10.615749
BCL7A,2.1763191,-6.1329403
GIT1,6.9550486,-3.679481
CFP,-1.2375603,-10.212355
LACTB2,3.2755654,9.909696
MTERF2,13.4288435,10.034813
GMPR,2.3289254,-3.5433023
NSMCE3,-5.9341025,12.993718
NUDT14,9.428323,-2.9067302
PSMD11,-3.7610557,14.4448395
ESRRA,5.3852882,2.9914293
SLC16A4,-6.5500774,10.46185
GABPB2,0.7753618,-10.766184
SAMD5,-5.482831,11.6268215
MYO5A,8.742031,-0.7771717
LCMT2,4.3458576,16.025452
ZNF554,2.3022282,9.299485
TARS2,-0.72463584,8.033729
PGM2,6.211362,1.0686451
KIAA1755,-1.6108502,12.586526
UFD1L,-5.7823973,9.030065
KITLG,-1.0366908,16.023533
NPAS1,3.1313634,-6.7444315
NEO1,-10.380692,4.4423923
ZSCAN30,-13.164679,5.644862
CAPRIN2,-10.550085,-0.008642689
PI4K2B,3.1671615,10.306325
CCDC120,10.63011,-2.9054544
NCR1,8.474755,-3.4400737
HAND2,-2.16538,12.182284
RTEL1,5.927539,3.5303326
TFF3,-0.42772424,-5.310218
TMX2,6.871234,12.901892
ACO2,-8.376939,-5.0262833
CYP4F35P,6.037649,10.59864
SUCLG1,-2.7312303,7.1104517
PPP1R14B,7.265947,11.995204
GIGYF2,-0.22326933,10.075107
MYH9,-3.834172,11.109019
ERCC6L,7.3539653,2.5159888
APPL2,-0.7973754,-1.6655922
CIT,-0.068637945,-4.5755754
CIZ1,10.277299,-8.633424
HES6,-2.9861028,-0.7922925
AUH,-4.307076,4.9322615
B4GALT1,16.017979,0.6367694
TNFAIP8L3,-3.823657,11.128827
QSER1,-0.7588885,7.84509
PAMR1,-4.9970984,10.920033
NOTCH1,-8.690466,2.3822155
WDR24,5.6937056,-0.8900955
RPL36AL,-2.7086067,7.1003737
ZBTB3,-0.55339164,3.4692035
SMIM12,7.5966887,11.531262
RAB3IL1,1.045044,-7.8239517
ANXA1,6.214153,1.0601279
HSPB7,-1.6857886,12.49714
ARMT1,3.1585524,10.295007
MROH6,-7.1123667,5.4340725
TSR2,7.3540707,5.0615363
ANKRD46,-6.84514,5.1974573
ZNF136,-0.64681894,5.135263
HEY2,-11.61414,4.1636353
PYGM,7.1543775,-8.331599
TBC1D3L,9.179262,2.3027503
OCRL,11.973027,1.0726961
CDC14B,7.591785,11.538675
GNAI2,8.567509,7.8298883
GSTM4,-4.8789563,11.509987
KAT14,-0.13770479,20.207289
VAC14,5.6473217,8.827465
CYP2C8,13.760086,11.226357
TRIM8,-8.690276,2.3837192
PHTF1,5.4797654,13.158722
CCL23,-0.556331,-2.5706737
PACRGL,-4.148419,-1.7699836
RFC1,-5.8261786,4.5807505
ABCB10,-0.48614302,18.980335
HK3,9.574947,-5.141042
SGPL1,-1.1360136,-10.007967
ZBTB37,-6.341634,6.008862
PARVG,-4.837767,1.93358
FAM83G,5.606924,11.590786
GRIK5,-3.6301332,10.011711
COX16,-2.683579,4.495013
PML,0.62770265,17.735355
HIST1H2AC,12.8514,9.276865
TFB1M,-7.288959,-5.815995
GSTZ1,7.5273886,4.6399055
DOCK5,2.0311937,-0.911985
KRIT1,-6.3374662,6.0101676
NAXD,-10.7290535,9.554601
FTO,3.318966,5.3369007
RBX1,-2.8056238,7.034269
USP27X,6.1369185,6.323979
TRDMT1,2.1803994,11.071554
ZNF23,13.799084,11.299289
DNAJB4,-4.3875246,-1.536183
PDXK,-5.022172,8.5659
CYB5A,-7.11254,7.2339983
AMY2B,10.751048,-3.5603197
CYTH2,6.63949,8.2990055
SLC25A27,1.0358166,-2.2671437
PLCXD2,8.1583,-4.269365
RABL2A,3.5147119,11.068513
STAM,-5.6305275,0.10363042
CD93,4.234923,3.0628366
PPCS,4.5727415,9.603689
SRGN,6.3141623,-9.594082
EED,8.679868,14.404293
ASL,8.519796,9.4764185
KIAA1107,6.7118454,13.242517
MAPK13,1.554874,12.030649
CDS2,-6.7207465,3.9412813
PPP4R3B,2.1139643,6.828552
KCNK3,5.63561,5.2308397
PMM2,-3.4333231,15.372142
SFPQ,3.7009106,16.088995
RBM15B,-0.7353378,9.68368
PNMAL2,-9.536207,8.284661
TBCB,9.430398,-2.895492
SCAF8,1.2596896,9.226433
NOSIP,6.689918,-0.46277365
TEX30,1.745904,3.9915388
F2RL1,6.646708,19.600616
TIMM8A,1.4097149,4.549407
HNRNPUL2,-0.1744018,10.463614
ZDHHC2,-5.4785695,5.947886
IGHJ2,5.223042,-2.3533509
DENND1B,1.1365565,6.247191
WRB,6.175498,6.4612994
GNG2,-1.0384207,16.021578
DCHS1,2.019016,-1.5870941
ANO5,-0.111566566,-2.3453836
LETM1,1.8698028,4.098464
ZNF394,7.132827,4.0079727
CXCL9,1.2615935,1.6098589
ZNF615,3.4090197,7.0595274
GABRA2,-0.45908758,-5.0996833
MRPL10,14.317514,-1.5757792
DDRGK1,10.113298,10.765247
MOB3B,2.7033315,6.807158
TMEM70,-2.7077272,15.741932
PLAUR,9.653665,-3.9225264
PCDH9,-5.1418753,13.441539
TMEM110,8.621946,-7.527547
PSMB5,-1.8355216,5.474218
RCHY1,-8.501357,13.019562
ZC3H7B,10.056695,-2.4276466
SLC25A3,-4.478143,15.080633
TLE4,6.006791,-8.0925865
CSNK1G1,-0.5255987,3.4769468
SLC16A14,-2.8749182,-3.884975
MORC2,3.8045397,17.981182
GABPB1,3.4148257,0.9189113
H19,6.3235044,5.410254
CREB1,3.1178432,7.0198464
CMTR2,-1.2782468,16.06948
DNAJC27,2.02766,9.277911
TSC22D2,-6.939429,0.89585763
GAS7,-4.378726,-3.3108132
KCNA3,6.7749596,-2.3121
CTCF,-6.5263753,2.4084902
NPAT,1.1509693,6.2750416
TMEM234,-2.1637616,-1.7649903
ZNF699,-0.27305943,9.835538
FMNL3,3.005712,-6.5824447
BORCS7,-2.8857298,-3.8705933
IP6K2,7.4218817,13.699297
ENO2,1.5295093,-7.394954
TMEM87A,-0.065630816,4.9254413
WDR54,9.625836,1.0654604
ATG4D,5.3765345,3.0774117
TSPAN15,10.073795,-2.3495412
SAC3D1,11.703118,12.847487
ZC3HAV1L,5.413091,6.7653117
CHST7,-4.2975044,-1.3161784
ALOX12,-6.723094,-4.6227627
FGF7,-1.9178779,12.351422
DNAL1,4.3921247,4.5797706
CD14,7.932349,7.3719726
DHX34,-3.6240318,-3.7047532
LUC7L2,-0.78960466,4.9832444
MYLIP,2.4178627,0.9598602
TGIF1,-4.3809476,4.9842615
TMOD1,5.1774983,6.985488
PARD6B,-4.4007845,4.997951
ADIPOR2,-6.8949003,0.9314452
KIF13A,-4.381474,-3.3094604
RBAK,-0.06946079,5.907219
CENPI,1.9925547,-2.3915515
ZNF131,1.003195,6.0627933
EAPP,-4.077964,4.7441354
RYK,-4.7376976,1.0686318
AGER,2.2559853,11.084385
CRTAM,8.37917,-3.9736571
FBXO4,4.506129,9.528321
DNAJC16,-8.742812,5.682619
SCN1B,-2.2320797,-10.27607
ATP2C1,9.402367,14.156827
HNRNPH3,-3.456435,5.396796
CDK16,-4.0998135,1.5844421
METTL21A,-0.63122976,2.5341144
PABPN1,10.661486,-3.1861942
IFFO1,8.500919,9.467395
CDK8,-0.54716706,3.0684931
TTC23,-9.468411,8.299997
MPG,9.616632,1.0544701
FAM124A,-8.7485485,8.536482
KLF10,-4.367979,-3.3220644
EVA1B,2.0839095,17.208296
L1CAM,3.2698565,-6.9594173
PRCD,12.137789,-3.4440157
EP400NL,4.6510367,12.958669
FAM208B,-7.9596286,5.599514
CARD8,-0.89177716,5.3901167
CKS2,-5.82001,-4.883024
IFNGR2,6.2079782,1.074028
AP3M1,-1.5127097,15.918795
SLC38A11,3.0384939,-5.994666
POFUT1,2.19228,11.075759
TMEM87B,-0.17886071,7.84883
PPM1M,6.1706247,1.6026368
RARS2,8.143885,-1.8893013
ZNF682,4.2009616,9.157947
MRPL58,-3.2626395,7.330556
ITPR3,-0.5643501,-5.8339515
NID2,-2.0881085,12.228409
SPTLC2,-0.96258533,-1.7779137
COG3,-5.6493874,0.08201501
RPL36A,2.906044,-8.419788
OPRL1,5.090443,-3.708263
MOB4,11.906,7.308351
ACSL3,-0.18074574,7.8779006
PSMG4,5.577227,11.503168
CDC42SE1,5.3156295,13.030675
MCM7,-2.4120336,0.89644
RNF168,0.038037118,0.44795796
FGFR1,-4.7352996,-8.237513
CTIF,4.789455,4.898423
NOM1,-1.9376509,15.940689
TIMM23B,4.680266,9.712106
TMCC3,-3.3824754,-3.6408281
CCDC115,12.440214,15.559452
OGDH,4.018629,4.8321953
METTL2A,-4.3351693,8.342983
TNRC6B,-5.824214,5.406266
CCDC150,11.312459,-1.0988916
IGHJ1,5.2258577,-2.351758
TRIM41,2.2746282,11.086113
SETD3,-0.1576478,7.9909506
SPIN3,-3.0045242,5.5736275
THRB,-3.4011111,-1.2445285
ATPAF2,6.022577,11.468774
CHIC2,10.595158,5.490722
ZBED4,9.477751,14.675585
ADD1,9.130882,4.133968
CCDC117,3.5084295,11.0689335
MAFG,6.142351,1.9162936
FNDC4,-9.467073,8.30018
OAZ2,-1.0728323,-10.960721
BARD1,7.3038535,3.8511856
RABEPK,-3.1631484,8.004249
KCNG1,2.7416315,-2.893179
AGBL2,2.8043852,-3.0132918
INSIG2,-4.3491817,4.9421268
AGRN,-4.653897,10.569166
TADA3,5.6893477,8.792308
ZNF382,-13.164924,5.644847
GPR107,-1.9841092,-3.103129
TRIM14,-0.72797287,-9.6688
CHRDL1,-12.975576,1.9628991
NBPF11,-2.9409268,5.65439
BRD4,8.887076,-0.58839
MYLK4,3.4119968,0.9240687
TMEM246,-2.914322,10.115833
BUB3,-4.159007,8.882627
IL10RA,5.8446693,-9.758848
NPY5R,1.5764972,2.1536953
CCDC136,-2.333641,-2.6384592
SEMA5A,-5.1839476,11.225226
DCST2,12.2266865,-3.3669448
TACC3,9.904791,0.17311649
TCTN1,-5.872046,2.678732
SCUBE1,1.1496758,-1.5897735
DHDDS,-5.0883827,8.608342
TGOLN2,-4.5741014,3.749196
RIPK3,6.170252,1.5871983
CTRB2,-7.5670934,15.745766
CD59,-8.679318,2.3575284
MDH2,-3.9282143,6.655246
MMGT1,-4.6776905,0.68625546
ITSN2,8.576872,-1.0843499
TMEM14B,4.73776,9.777907
ZNF442,4.8181276,-3.9264743
MROH1,-0.4791613,-5.854145
IRGQ,11.956386,1.0557327
CD200,2.735174,-2.8776977
OPTN,-8.752942,8.512074
ACSL6,1.8759925,-4.095589
DIRAS1,1.5813085,-7.332475
PSMG1,-3.8085837,14.50499
TMED1,10.226335,10.38178
RUFY2,-4.7795296,1.0127332
RAP1B,-8.63125,12.811163
ATP5G2,10.809304,-3.529227
TRAFD1,0.56822133,17.286129
YPEL1,14.288224,-1.6047082
TFCP2L1,6.15857,5.8099985
RNF216,11.081087,4.0584207
RGS16,3.5452628,1.1346085
IDS,-4.713566,0.91811055
MESDC2,2.9900472,14.093826
RASSF7,5.580994,-4.357721
TOMM22,6.6042385,14.571944
PPP1R7,-3.2513933,7.277705
LRWD1,4.9555764,-4.7499795
NCSTN,8.88404,-8.213075
NISCH,-2.3341255,3.1247728
ASB13,-1.9825351,-3.0981767
SARM1,-1.2251118,-9.506374
DBNDD1,2.748531,-2.9063597
SLC16A1,3.158138,10.310105
MARCKS,-5.497634,11.598335
INPP4A,6.17725,1.13555
PRR5,-9.962653,6.586195
PPP1R11,-5.591288,16.935349
FAM50A,6.5453954,17.501696
COPB1,3.499692,11.018358
PRELP,-12.964402,1.951188
KIF1BP,2.9686646,-1.4511507
IL1RAP,12.046081,7.3714786
KIR2DS4,8.468139,-3.1451697
MAFK,9.756297,-3.5071397
PDHX,-12.053847,6.736938
MANBAL,-0.05900304,5.932207
TMIGD3,-0.13773623,-10.038459
AHNAK2,-1.7124101,12.485367
SCFD1,3.840177,13.030824
PTPN18,-5.403127,2.2217307
ABHD17B,0.036905576,0.44661257
UTY,-8.853713,-5.3767276
IMPA2,0.96637875,12.190792
DCLK1,-3.0159538,-0.8270524
DDAH2,8.866431,7.376683
PRDM15,12.558232,0.053483978
TMOD2,-10.558528,-0.0027090614
BAK1,-5.032268,8.575529
OCIAD1,-0.5829806,2.9812596
SOD2,6.263676,-9.651315
NTAN1,-8.756809,8.504134
TNN,-5.0214715,10.967557
ZDHHC21,3.06355,8.045155
PSD,9.443326,-2.9126375
WNT11,-11.148065,3.9942782
IL33,1.7155437,2.3117452
AGMAT,3.033972,-6.595008
TNF,3.0904493,-6.707181
LACC1,-7.5983796,3.8427427
TNNT3,7.473105,5.0953364
IDI1,8.761357,-7.1697726
TFAP2E,2.1374745,11.053169
HK1,8.5566225,7.8379436
FAF1,-4.1964636,14.946284
RNF220,6.451919,-0.7482432
MFSD12,9.312159,-2.773839
ALDH16A1,5.7063613,3.3047392
HCAR3,0.50701106,-8.270233
ZC3H12A,3.1003838,-6.711208
DNM3OS,2.9454262,-1.4687756
EMID1,-3.0451672,18.480082
ARL11,6.088443,1.3361282
SLC27A3,-8.01709,-7.7743096
SHROOM3,-5.1130266,11.230792
ARMC6,7.6753783,11.3599825
SLC45A3,2.802547,-6.270946
KIF19,10.005695,-2.5758224
FAM89A,-12.979393,1.9653326
ATP2B1,0.8369021,6.156821
ABHD14B,4.3129597,13.4296465
MRPL32,3.88715,16.279737
RPL41,2.4677207,-8.254417
MAP3K8,6.264643,-9.633659
MGAM2,7.073611,-8.38467
HSPA4L,-2.916867,-3.8483622
HNRNPH1,1.337061,9.050659
NSMAF,-2.8983831,5.646704
YARS2,8.491783,14.355586
BORA,-7.3064227,14.240399
SNX1,5.7311316,18.628166
BIN1,-0.40944028,-5.954611
CDK7,-2.6814442,4.4970374
RCBTB1,0.5007654,5.9020715
OAZ1,3.7350602,2.913258
SOGA1,-3.815903,9.760408
PPIL4,-4.832801,0.9709232
ZNHIT1,10.803156,-3.5572677
CD86,-1.5012819,-9.925752
SIGLEC10,0.544204,-10.539018
SELP,-6.687977,-4.6108274
SLC41A3,-2.2563827,-0.84359217
TNFSF14,6.657404,2.6936605
NUDT3,-0.9477441,16.259027
SLC25A13,11.965626,1.0656198
PIGV,4.3788185,9.317215
BMS1,4.316967,15.968323
LRIG1,14.0561495,-1.8254046
MRPL45,2.2777963,4.0607133
B3GALT6,9.310586,-2.7724795
TIFA,3.008847,-1.4577626
ASNSD1,-1.231899,16.159405
PRCC,15.928915,2.3661616
VENTX,4.23804,3.2692878
SUPT20H,14.072054,11.763451
SRI,-3.8927171,11.202391
SOAT1,-5.493857,5.931547
GFPT2,2.5108094,2.5609043
CD300LG,1.3828919,2.160038
LCN10,-3.9746287,1.4505165
IL12RB1,0.5695039,17.225233
NR1H2,10.128331,-2.99516
CNOT4,-0.44865388,3.5126383
RNF215,6.5633197,7.8725166
PPP1R32,10.76371,-3.3368053
BAZ2B,-5.852704,3.9218113
UPF3B,-12.05472,6.737898
ADAMTS5,-2.8684306,-3.8905358
TTC33,10.690583,5.4120536
ZDHHC5,4.0095944,16.378386
PDLIM1,-1.4791635,0.38228905
SLC35F1,-10.9830675,4.066826
DFFA,4.3884263,9.355396
MARS,-5.054342,8.595867
DDX20,-5.868908,4.6073337
PRF1,8.108659,-4.346373
VPS13B,-0.21907948,9.708731
TYW1,3.6494126,-5.7430606
SNAPIN,-0.11841401,10.529455
ORC5,5.8694296,13.891097
ZNF720,3.6190996,6.8710914
RORA,-4.9408383,0.72647023
SS18L1,-4.439231,5.0040746
NEIL1,11.047663,7.094023
ALG11,-0.2350035,10.391009
ZMIZ1,-0.1446192,-2.3922267
SPARCL1,6.188465,5.475472
THSD1,1.2126546,-1.6191076
RAB14,-3.7735748,-6.2384276
FHOD3,-2.4652762,11.839387
MEPCE,-0.4128391,-5.9456797
LDOC1,-6.07304,2.622726
WDR47,-5.3297386,3.285975
RUNX1,11.353634,7.275672
LSM6,1.1062492,4.954531
ZNF319,7.8531528,7.499662
GAB1,3.3178813,10.251255
TM4SF18,9.54059,7.593278
APOL2,0.7579698,18.370338
DERL2,-4.8987646,8.530052
JTB,15.929108,2.3661346
SKIV2L2,-2.4401262,16.205536
SOD3,-4.7354136,-8.237205
BACH1,11.9178705,7.34357
NAA16,2.6787174,7.6641817
SPNS2,8.330762,1.1588362
SLC37A1,6.758645,-6.154172
PRPF6,7.696223,11.340551
COG7,6.5582385,7.8075247
RCCD1,3.0492685,14.1365385
IER5,9.344234,14.144559
SLC25A37,1.2293166,-3.829597
GLDC,6.669267,-2.1855738
SLC4A1AP,1.5603153,3.768851
JAM3,4.03949,4.8287554
TPM2,-3.1567552,10.67378
GRAMD1A,0.2542024,12.747666
ZNF212,7.5071535,11.9224415
CPEB3,2.6123474,7.1954193
ABCF3,3.455285,5.415676
TRAF3,-2.6438136,0.7139846
FBXL6,5.700109,-0.89685476
UROD,6.6770396,8.29108
MSRB2,8.921315,7.3310566
SCAF4,3.433791,-6.1646075
KIAA0513,8.867181,-8.193243
IGKJ5,5.4532747,-2.1507583
DIRC2,6.25873,-9.630873
RPF1,7.5401673,15.4140415
HHIPL1,-1.406626,0.30733058
SLC23A2,8.915996,-6.9333158
ANKRD36B,5.503169,8.912921
CITED2,-6.2147183,8.024714
PDE4C,-8.007846,1.6155751
PDK1,6.2789025,-2.2247434
SAMM50,-4.4433765,15.039063
PSMD4,-3.6313748,6.7932744
ZNF812P,-1.2050012,-2.0099452
NDUFC1,9.958692,10.675374
HOOK1,-4.128179,8.909548
ITPRIPL2,-8.868899,-3.2997322
LAMB3,3.544213,1.1156645
IMPDH2,2.895662,-8.372298
SMPD3,-0.2773132,6.3032246
INTS5,6.999222,13.443799
RAB35,4.0335793,4.8303223
FBXO7,-4.180335,-0.56790376
SNHG8,0.44368088,-7.2976866
FRMD3,-3.3751583,-1.2219248
TM2D1,0.07588738,0.43117318
SRBD1,-4.090923,1.5757885
WDR19,4.860732,5.078281
FNTA,-0.58746237,2.9652703
CADM4,-7.8739014,2.0586464
LGR6,-11.462698,4.117358
CTSO,5.4100165,-0.8310105
SLC29A3,-2.2647624,-10.271152
EFHD1,-9.305995,8.370704
KCNMB1,-1.712952,12.478797
ANKRD13A,8.828416,-0.65001756
DST,5.306808,6.872095
PTMS,-3.8743901,10.529981
SDSL,12.428596,-3.2175715
SMAGP,8.045886,0.9805643
ARL15,2.6672645,-1.6675419
PERP,-2.239968,12.752914
PPP2R5E,-0.6974232,7.784715
ENO3,-0.29191396,6.315686
PMVK,-1.8706508,5.412245
GBF1,-5.1222377,8.640242
PRKCE,1.4719162,-7.2926807
TESMIN,0.34126493,10.814299
KIAA1324L,-4.5534544,9.979645
MICU2,-0.7745338,15.444227
XPA,-12.054818,6.737445
STK35,-1.1364752,-1.9514315
OLFM1,2.659039,-1.6856513
KCNJ3,3.0583467,-5.9830685
ZNF576,11.700522,12.850615
VDAC3,-3.7825065,14.468056
VSTM4,-12.827357,1.8335563
DCTN3,10.358149,9.999637
MTX1,-3.9717894,6.6421247
RFX1,9.957368,3.6556706
CYTH4,6.173567,1.6008706
HGF,-6.526221,10.451228
OFD1,2.2385595,-6.075077
MATN2,-2.4898956,11.81281
RPL34,2.4945033,-8.253374
DET1,4.745523,9.802379
TNK2,6.312866,-3.6217227
TTC30A,-4.2783923,-3.3217447
CDK6,7.5167136,3.2020242
ABCC2,5.8868785,-7.9962797
SRXN1,-0.1533797,6.0511074
SLC39A14,-2.7334695,15.714642
TTYH3,5.8422837,-9.759593
DACH1,6.13256,6.316461
UBE2W,11.969493,7.3374295
RNF113A,-4.474081,1.7634572
ALS2CL,-2.164087,-1.7223575
SPRTN,11.918944,7.303354
ZNF580,1.966818,-6.9514203
NELFA,8.145497,9.525282
TNFRSF21,-1.966122,-8.755375
POLM,-2.5468376,2.846968
TTC31,10.551861,5.533301
MRPL57,10.3519335,10.037884
TREML2,4.9576473,-4.7418923
DCBLD2,-6.6808167,10.57512
USE1,6.307953,8.229289
GNG11,9.157407,2.2971013
FBXL16,8.885106,-3.860949
ZFYVE26,0.6900207,18.285362
DBH,-11.472027,4.123844
DYNC1I2,-8.746693,8.495974
BBS7,-4.7491026,1.3017677
CREB3L2,3.5598855,11.337315
RALGDS,-2.3246794,3.1368043
EEF2KMT,6.8065834,12.996653
NDUFA7,10.350111,10.038415
LAT2,8.142376,-1.8876705
ZNF445,3.0855727,0.9881955
GEMIN2,1.219563,4.8084965
CCNK,-0.19744265,10.226728
FBXL12,5.993058,3.839004
ZNF134,6.2870936,0.19924401
EVI5,3.3596277,7.3108463
ZNF837,9.409052,-2.8369627
CHST9,4.3780723,3.9828427
CDCA7L,4.9684715,-4.7199826
RSAD2,0.6535975,17.972445
PLCH2,10.308804,-6.4795275
SLC41A2,3.8626652,13.020664
IFITM10,1.0030291,-2.3122127
ZNF596,3.870523,-8.890352
TMTC3,-4.953644,0.72548354
MFSD13A,1.1545573,12.391189
POLR3F,11.483176,14.415828
PRKAB2,4.147078,4.738568
BTBD1,10.575177,5.4732585
KAT2B,-5.486007,5.9415927
WDR89,-1.4177525,15.367106
PPIC,-9.506357,8.265535
PTPN22,-13.252179,8.999566
EHMT1,2.1696692,-6.121756
IGLJ3,5.585016,-2.1896172
RAD50,-0.79675174,4.948513
COMTD1,8.6751585,-2.889821
TMEM60,-2.920003,7.145339
ARID3A,5.85741,1.3625768
CAMK1G,-11.588253,4.1549067
RFX2,9.587673,-5.1828823
PLXNA2,-8.6756735,8.411869
ADPGK,-13.221069,9.031111
BICD2,9.479788,14.669212
TLE2,2.0540473,2.581053
SLC11A1,8.546209,-7.579717
TBC1D24,3.819955,18.011505
SHISA5,0.56531984,17.269428
PCGF5,-5.444652,4.3794484
XRCC4,6.2115297,1.0702454
AMFR,-1.2792354,-4.880088
ARF1,0.41061237,12.6633625
CHD3,5.5808163,-4.360831
ABCC5,0.97911835,-7.883462
ZNF493,-0.8610806,5.364162
COX11,0.076910615,0.43156824
KIF13B,3.0010226,0.951241
FAM153A,6.161511,5.568917
CD52,-0.7494451,-4.949921
EMG1,-12.065852,8.0577545
DHX58,0.63811845,17.85956
ARFGEF1,1.2607679,9.22577
CCDC22,6.283071,-3.6260393
CCR10,-4.7311273,8.089035
SLC25A10,11.554047,-1.7283709
GATAD1,3.0144212,-1.4429622
B3GNT2,11.994088,7.305364
ZNF316,6.1667743,11.29707
TIMMDC1,-12.542794,11.117116
BUD31,-2.6748967,4.4867177
R3HDM1,3.1728473,10.300873
LSM1,-3.9940834,14.699448
MFSD3,8.682697,-2.8981812
PDZD8,1.4971569,-3.5136
ASPRV1,7.153078,-8.333272
CA11,-5.7409253,2.532882
GLTSCR2,2.106386,-8.264911
FPGS,6.62012,3.949844
OSBPL3,-9.437219,8.32816
CBLL1,-8.373804,5.6332216
POLA1,-2.2206516,1.0783229
MAN2B1,9.283464,-4.2259827
INO80D,2.5533302,7.5247355
SGTB,12.043049,7.3619447
SLC26A11,-2.258726,-10.263106
MKRN1,1.9476006,-4.250103
CROCC,6.552893,7.6768365
FAM110A,5.6428604,8.819058
COL6A3,-10.384964,4.435997
LLPH,1.5099229,3.828008
ZNF829,-6.275601,8.939215
ADAM19,4.9705167,-4.7128835
MAST2,2.5863967,7.9276156
HNRNPC,8.544624,14.421548
EVI2B,6.7881145,-9.162567
FAM177A1,9.705375,-3.7640903
SIVA1,10.78105,-3.5604734
PNOC,6.180322,-2.2077553
DDI2,13.466187,8.047847
FAM216A,-5.298106,13.31208
BLOC1S2,-0.61888087,-9.546725
ARPC3,6.149032,1.200686
THBS2,-2.1166897,12.315678
TSHZ2,-10.906675,4.1088524
SLC7A7,8.913164,-8.251015
B4GALT2,-5.7968917,8.972097
ICA1L,2.2534199,9.298183
NPAS3,-5.8865237,8.045049
ZNF688,5.9832153,3.852017
ZNF675,8.586417,-1.0822942
KDM4C,-13.226391,9.02155
KLHL21,-5.6660943,-6.685916
SSU72,5.508779,12.13229
ERCC1,-10.750184,1.8702202
FPGT,5.3070884,3.1898642
TLR6,4.9607625,-4.740522
HAPLN3,0.7986895,18.41437
QPCT,0.62593096,12.063062
GDPD3,6.1109695,8.498164
EPHX2,1.294941,-1.1555312
CCDC91,3.6588306,6.793054
XRCC1,6.6767063,-0.47408348
WDR17,2.588979,7.9261513
ITPRIP,0.6165258,12.076475
RWDD3,-1.5227213,19.284733
GCDH,-3.703048,-3.6052563
CNKSR3,-4.5419517,9.975077
GK,9.495663,-4.9794025
TTC27,1.4940712,4.096259
EXD2,-10.531304,-0.029868761
PWWP2A,-0.86158437,5.394677
TMEM198,10.132002,8.817444
ADAM15,10.13413,-2.0543985
FCRL1,2.2619574,-5.9586706
TAS2R14,2.5885384,7.9253526
CLEC3B,-0.09547926,-4.6068373
BAG4,-8.496114,13.037077
ATP6V0A1,-9.962568,6.5856404
BRPF1,6.9740067,-3.6832561
UNG,2.3368523,4.0361285
SLF1,-3.4658122,5.378156
PGP,5.141693,2.5621376
ATP6V1D,9.53151,14.004534
PPARA,6.156513,6.3072352
TMEM45A,-10.435588,4.397489
SAMD11,-8.405573,10.922051
TMEM192,-5.4384127,4.382121
GAR1,1.2833881,4.72296
ZC3H4,-0.16822502,9.848801
CTLA4,14.032137,-1.8457292
FANCA,11.511314,-1.6431167
HENMT1,6.149566,1.1962645
MXD1,6.4074483,2.680221
TSHZ3,-9.287473,8.384808
ACAA2,6.7409573,8.327532
BIRC3,-5.9032907,13.073977
UNC119B,-3.837731,4.0755377
SRSF3,1.8200548,4.586152
MTO1,-5.7081656,17.052189
STK40,6.158439,1.8962594
CNTLN,2.6617186,-1.6728142
KLF4,5.7376914,0.4253768
NDUFA3,-1.6649196,5.7879925
RCC1,8.54216,14.427615
COL5A1,-10.464353,4.367144
ZNF320,-9.021785,5.788952
CTBS,-2.8918998,8.246935
CDC16,5.3060937,11.280094
FAM174A,3.5363255,11.31785
HSH2D,5.0848894,-4.4401584
MAF1,10.985334,2.3369777
RPL17,2.5359585,-8.26342
GPR27,4.2404585,3.195325
CCDC127,6.156795,6.265326
POLR3G,-2.3077996,0.9818494
MPND,-2.460708,16.216923
CABIN1,5.5459657,-4.290888
LGI2,3.2612886,-6.942258
CAPN3,12.220429,-3.3690212
EMC10,6.5004525,-0.7007581
MAP2K5,-0.0347618,5.87273
FASTKD5,7.495803,15.352805
CMTM5,-6.6842437,-4.607583
SDHC,10.921653,5.3509035
FGF2,-2.557506,11.748466
KSR1,8.235375,1.1026958
DNA2,-5.8169346,-4.8814025
HEATR5A,5.4953284,6.6973934
ZNF791,-5.8963776,5.009461
EMILIN2,-7.0276537,-2.8136208
SMAD1,11.955129,1.0554193
METTL7A,1.2658311,1.5943909
RGCC,2.3958106,0.9551674
HSPA5,2.9929564,14.097848
PABPC5,-9.356002,8.351256
CD164,0.03983825,6.1188903
DZIP1L,-2.2850292,-8.382953
CDH19,4.8564677,5.0194616
INIP,-0.4208093,7.904356
TMEM104,-4.748832,8.454989
RRAGB,4.62787,9.337077
LSMEM1,1.2762735,12.038471
FXN,-3.1422627,7.5927615
ZNF571,-6.0112023,-8.682748
CISD2,14.225208,7.8348646
PNPLA8,-6.579799,0.7301844
MLLT6,5.9902654,10.580231
CYGB,2.0161033,17.318045
LILRB1,-1.0191085,-11.078764
PTGER2,14.295023,-1.5985061
SOD1,9.641811,13.473089
ZFAND1,-4.37103,4.9479156
GPATCH3,-0.5613687,7.5767417
LARS,1.4861664,4.1130137
ATP8A1,0.9557793,6.166112
PRICKLE3,10.173793,-2.9846268
SNHG15,-3.5957093,15.627629
AVEN,2.9983904,14.086966
SUSD3,1.706684,-7.1865277
IFNAR2,3.6296477,12.119487
PPARGC1B,9.888471,18.081303
SLC35E4,-1.2344903,0.028282309
KIAA1549,-4.1362004,-3.9449883
ZNF800,-7.9577327,5.6033025
SLIT3,-5.455751,11.570601
COX7A1,-6.4329553,2.469841
WDR77,6.2841578,13.500539
ZNF286A,-0.5123233,3.2096708
KLF8,3.060565,-1.397948
EPHA7,2.5108602,-2.0522866
KDM6B,5.284976,13.016644
FAM198B,-10.542771,4.305552
DLST,-0.1409183,7.9906325
DNMT1,-3.811987,8.053586
AOC2,1.2585253,12.022269
GNPTAB,8.778145,-0.72843426
BCAT1,-0.9811129,-1.8031232
MAP4K3,-5.812002,7.8058076
FSCN1,-1.067609,-10.976355
ZNF215,6.636459,-2.1476269
ADGRE3,1.1476198,12.021933
ZNF681,-0.6306131,2.5667763
CEPT1,1.0127016,6.2229548
TLE3,6.15716,1.283885
WNT16,2.2407513,-6.035598
CCDC88C,5.6036825,-4.0052423
GTF2B,-0.669698,15.385855
PIBF1,-6.9166245,10.732909
SLC35E2B,4.747043,9.800331
PECR,5.996288,-8.207434
INTS2,2.9276683,7.870987
EFHC1,12.115665,-3.4348729
NINL,-0.10357893,-4.6101995
RASA4B,-2.3181362,3.1446173
EIF4A3,-4.4720235,15.072086
DNAH17,12.022779,1.121553
EIF5B,-2.7054234,15.740833
BIK,6.595265,-2.2245436
PSPC1,-1.2102194,-0.0063131284
CMTM2,6.3718343,2.6598942
POLR2G,0.5269722,-7.363508
DNAJA2,-1.244443,16.17419
TOMM40L,-3.6114457,6.818463
DNAJC17,5.5017676,12.13537
HNRNPM,6.6329756,14.636308
PAOX,9.272695,-4.2246685
SEC62,4.398601,-3.9417496
MRPL55,5.7534604,-1.0121568
MID2,-6.9198413,10.7351265
ZNF585A,5.1361957,2.560292
ARID1B,3.3539338,-5.9986224
LAMA5,-0.4733479,-5.8557253
ZNF506,-1.3611528,-4.867625
NR2F1,-12.73125,1.7025442
PHC3,0.7003881,6.2059236
PPP2R5D,6.677447,-0.47090137
TMEM261,-3.1837554,7.987487
ITIH3,13.754847,11.216445
OSBPL5,2.0149295,-0.8869428
RPL9,8.450578,-3.0863028
GPR89B,5.266934,-0.8222327
CYC1,-3.70718,8.017241
RPL12,2.8937147,-8.3803215
SNX2,-0.6200452,-9.545673
RNF145,8.749431,-0.7654751
NHLRC4,3.8647707,16.582485
ENDOG,9.183232,-2.8839412
PLEKHB1,1.5367059,-7.3835874
AMIGO2,2.4924092,-2.2807233
CCDC151,9.125848,4.132456
DLG2,-2.710354,-0.9620825
TMEM140,-6.2818966,18.686726
CYP2U1,-6.873365,0.9651074
A4GALT,10.147704,-2.0419579
HDAC9,-0.6147296,2.9142392
DIAPH1,8.034517,-2.185984
CCAR1,-5.8265376,4.6078587
ZNF107,12.459372,-3.2030387
TMSB4X,-1.7026398,5.81404
TRPV4,-1.4592476,-9.955226
KMT2A,-3.8952851,4.0636454
SEMA6A,-0.55525976,-2.5720985
MYB,0.073465474,10.885686
TUBB3,-4.7307606,9.777129
TBX21,10.307715,-6.484043
SLC5A10,2.0193381,-6.89687
FGD4,8.604836,-7.6406994
GBGT1,6.1949506,1.7788793
GEMIN6,5.616727,11.495772
ZFYVE27,6.032558,10.60988
KATNAL1,8.457002,10.605884
TAF13,4.281183,13.463709
FAM159A,1.7788488,-7.084013
ZNF197,3.8556166,-4.390063
COQ9,0.124188,5.1629972
FUK,6.4882436,7.7465444
RBM44,1.6218927,9.0132065
ZADH2,5.210724,9.3177805
OS9,-6.403894,8.944365
UNC13B,7.8477387,-2.666329
ECD,-3.489125,5.1213365
HCG18,-0.7747122,10.069995
BTRC,4.368316,9.308985
LURAP1L,-12.917438,1.9127182
INTS10,-5.822493,4.5619493
ZBTB14,0.39384928,5.787344
ADRA1D,-3.2612972,10.63696
CTRB1,-7.566973,15.745613
IGHG3,5.4631147,-2.1545055
FMO2,2.406097,1.0881257
MCU,5.723097,-8.299708
ECE2,-3.616843,8.009626
SEC31B,6.058498,10.614786
DCTN6,0.074419916,0.43305522
IQCB1,-8.489841,8.246503
ZC3H7A,1.3345186,9.055603
DHRS1,4.177622,-3.8854992
CD72,-3.179142,-2.9261198
TBC1D22A,-2.5715814,2.8116317
SEZ6L2,-6.3713994,2.4971385
MOCS3,1.5707641,3.714611
CDK12,-0.6650602,15.385871
ZBTB2,-0.6461425,15.3758955
FHL3,-8.96416,10.051604
TOLLIP,5.84906,-1.2062927
ELL2,3.8581867,13.028161
TMEM26,-2.0689092,-8.753874
VCL,-3.1092596,10.68975
DHRS9,0.9056656,12.163436
SLC25A35,-2.427331,16.20657
GCSAM,8.721541,-3.8572536
RPS27L,4.334809,13.436913
SMUG1,11.700387,12.847348
ADA,2.4617968,1.2627195
FZD3,7.3002996,-1.6641084
GTF2I,-0.66844183,9.969932
KLHDC8B,-8.002988,1.6860484
HNRNPL,11.484997,14.414832
ZNF528,9.782101,10.990634
GK5,-0.05096009,5.5456624
TBC1D2B,-5.872067,18.628954
RHOBTB3,-6.6594048,10.561269
SHISA4,-12.771593,1.784315
PLLP,9.155833,2.2962294
EMB,12.04021,7.3713093
FTSJ3,5.5072637,12.150928
ADAM12,1.1935259,1.675435
PINLYP,-6.4757295,2.4412851
TAF3,-6.841312,5.198679
SPPL3,1.257467,-1.637436
TRMT10A,-0.5485841,7.578184
RNASE6,-0.89765424,-1.7336918
CHMP4B,8.578519,7.841273
PEPD,12.432584,-3.198434
IK,0.45913428,12.726531
RAE1,-2.9442692,7.214702
SLC30A6,3.1969583,10.27431
ARHGEF18,-5.381481,2.198386
GPSM1,-3.788489,9.726797
MFSD2A,5.59399,11.579167
RFK,3.6361914,6.948283
FBLN2,2.0530696,-6.868323
MTSS1,4.6636324,4.7020283
SUPT7L,5.8510027,8.798789
DHX32,-8.892778,-3.2834132
ELF4,7.672711,7.650432
HNRNPU,2.2497313,4.046486
BMI1,3.3089626,8.093133
PDCD1,8.656281,-3.8727882
ZSCAN29,-0.25656062,9.828372
EZH2,11.507142,-1.6151793
SVIL,7.0421815,-8.4274
FHL5,-2.00741,12.3574095
IFT88,3.0330424,-1.4027601
VEZF1,-4.79646,3.7241507
CTSG,0.24350278,10.807426
GINS4,-2.2161038,1.085416
TCAIM,-8.502717,13.005119
ZCRB1,-12.053625,6.73711
FAM46A,-4.4196973,4.9998865
KCTD13,2.1438844,11.057091
CAT,-1.5173657,-9.924857
UHRF1BP1L,-7.1856422,3.8869712
DSCAML1,-2.3419204,-0.9196459
SLC29A4,-11.589177,4.155413
PRKDC,-0.51504576,10.09117
SF3B1,-2.9222448,5.7156096
KCNC3,-0.7567559,-9.666925
KCNJ15,6.551934,2.7482824
BRSK2,6.166182,5.8008885
PLXNA1,-8.645635,2.3548613
RING1,6.480062,7.888572
SEC11A,11.273301,-7.1290636
MRPL21,0.4263687,-7.284759
ATG16L1,-2.8029857,-7.399934
NELFE,6.551247,17.493769
NCF1C,8.022269,-2.2445412
LRRC61,11.564511,12.976598
DDX3X,-6.736071,1.1484267
CHRNA4,-0.18919477,-4.717937
TAF10,9.947293,10.685373
ZNF511,6.5513186,17.494684
MTOR,-0.11793374,4.8043246
ELF2,3.1885417,0.9370422
ERMAP,1.9352994,-4.1997786
HOPX,10.307291,-6.483641
POU2F2,6.8315682,-3.5515609
SETD5,-0.67306703,9.735139
CCDC170,-2.273174,-8.39476
BRAF,-6.870217,0.9706017
NOMO1,-4.9922853,8.555669
HOXB2,-12.731192,1.7017008
IFFO2,6.199965,8.307295
CHRM3,9.563434,7.635616
HP,0.54051644,11.988403
KANSL1L,-6.3172174,6.0018115
RSRC2,-5.822802,4.570166
PELI3,-8.2473545,1.3961656
ARHGEF6,-0.09657262,-4.6036544
RAB1A,4.340616,13.390785
ZNF367,7.3484592,3.3130233
FBXL8,8.788603,-0.73019385
RNF40,-0.7211633,9.674294
DEPDC1,1.9354113,-2.5319247
ANKK1,0.82577366,3.8336704
TMEM106C,2.3654556,1.3220067
NHS,-2.460554,11.845513
MTMR14,0.7546055,-10.738905
FANCD2,5.14695,-4.0793066
NAGLU,7.7784266,4.6650753
SMPD4,3.4444351,5.4072204
IGHGP,5.369768,-2.266061
ZCCHC10,-8.685021,5.669213
KANSL3,11.094859,4.0654874
ALDH1A2,-12.740674,1.7200552
CLK2,8.135765,9.494987
ADAMTSL4,6.2426553,1.9884958
FRG1CP,2.666111,-1.6770805
LPCAT2,-7.1061482,3.7242777
LIF,8.609405,-7.658272
PRR11,1.9684867,-2.3268478
PRR16,-12.930076,1.9259585
SLC11A2,1.2829577,9.231671
ZNF653,5.3351183,3.2044108
NPIPB5,5.582105,12.148653
PRKRA,-2.4390163,16.212126
GAPVD1,1.9502075,-4.240109
JUN,8.77456,17.414692
KTI12,-2.3453941,0.9626595
DAPK3,10.09139,-2.9699142
ITGAE,-5.29829,13.314121
CDH23,4.2172246,3.298641
TRIM45,7.841055,4.7067018
COL4A3BP,-7.0689344,3.8289878
BATF2,0.7998077,18.416845
TAOK3,-0.6826666,15.400963
MAGEE1,-0.64831686,2.3597388
MICU1,5.73218,18.627224
CCDC28A,-4.3397956,4.948361
ARHGEF37,-4.735719,-8.237683
KCMF1,-6.871104,0.9512879
PIK3R5,6.1534185,1.3065842
MACF1,-8.450768,8.210014
PHACTR1,-0.56595385,-4.998861
NBDY,-6.2503695,18.680515
ARHGAP11B,1.9010929,-2.6533992
PNMA3,-4.5152693,1.7894741
SLC25A25,-8.968675,10.052865
SLC15A4,7.006243,-8.464655
TOP1MT,9.436033,-2.9101698
GMFB,11.365404,7.2793784
TMEM56,1.8982909,-4.062229
MUM1,-10.730747,9.554789
LYRM4,6.328803,8.3505945
MNT,5.276348,13.012564
TICAM2,4.518487,10.051328
ABCF1,6.7821016,12.991349
KLRG1,8.171198,-4.2651763
SAMD9,-4.161447,3.4592946
PNPLA7,7.4128237,13.695016
FCRL5,7.293057,-1.6960241
SEPT7,2.6833637,6.8197384
NT5DC2,-4.8977776,8.483083
RPL29,2.8756526,-8.376904
WDR4,1.563056,4.318932
ARNT2,-8.5732975,8.331592
SH3RF3,-0.18013646,-2.415496
CAMK1,-8.954485,10.045919
CNTN1,-4.94834,10.892428
TRMT10C,-5.8649893,4.61055
ZNF233,1.2744613,-1.1015759
ADPRM,3.594236,0.65096974
INTS9,2.938698,-6.4491763
FIBIN,1.9165139,2.474669
PTPN23,10.625304,-2.895609
ARHGEF16,1.8256711,1.7223388
DEPDC5,1.6366847,-7.254706
B4GALT7,5.683818,-0.8914075
UPK3BL,-2.3184059,3.1429312
ABHD2,-7.214428,3.839958
NAAA,-1.5260944,-9.921954
ZFAND2B,5.348479,3.1893625
AGPAT3,-8.665975,2.3646245
COTL1,8.553028,7.802081
FAM221A,0.24121137,5.077934
RHOBTB2,2.1052887,-6.8237724
VANGL1,-4.1316414,-4.7332506
DLL1,9.302157,4.0215907
KLHDC3,9.904126,3.6939168
SYN2,-0.18619347,-4.7159142
BTN2A3P,0.90571517,-2.3940465
DNAJB6,9.408534,14.142477
GPI,-12.063162,8.055504
MCCC2,4.3549666,15.98753
ZNF649,5.667843,6.5817914
PRKAB1,9.393688,3.989733
RYBP,5.235997,6.905882
CYB5R3,-3.891257,10.537753
ABI3BP,-4.8867297,11.494157
MAATS1,-7.839212,2.0406528
MTUS2,-3.8376048,9.764412
FASN,7.0047836,13.448358
FAM13B,-5.573765,3.0303433
NAT10,6.5777445,13.19928
TMPPE,9.88852,18.081333
CCNE1,-2.1621678,1.1113814
CCAR2,-4.1364574,4.80544
CPEB2,-5.883012,3.9475005
SDE2,-0.6819231,15.390715
RAB37,6.5132027,-3.5794294
LAS1L,6.972347,11.784949
PTPRF,-7.1188416,7.23459
PRR22,6.082586,3.801859
PLA2G12A,-4.6080184,10.458105
HAUS7,0.7918519,3.8621113
FCGR1A,9.594787,-5.203201
LAMTOR4,6.691914,-0.46243733
COG4,2.1156194,6.8251987
S1PR3,5.493646,5.1503243
GABBR1,-9.96683,6.5880437
SUPV3L1,1.4748355,-7.3008018
PPP1R3G,3.1075997,0.8916183
ZNF784,0.810422,3.836065
LOXL2,1.9853488,17.35116
FUT4,0.33912423,10.808857
THBD,7.3007154,0.79940504
OAS1,0.6966963,18.207453
ANKHD1,-3.5501778,5.050971
MMAA,-5.414429,2.2184935
KDELC2,-4.445542,10.102539
KEL,0.47957116,-8.295061
OTUD1,-6.0322566,12.845175
CRAT,9.887348,3.7050786
SDAD1,3.6647336,16.213894
CCDC59,11.265677,-7.1230626
LY86,-0.93791646,-4.925628
MKNK1,9.548921,-5.07486
TATDN1,11.234996,-7.092615
DOHH,7.2257867,11.919404
NCAPD3,7.3652277,3.3821895
PRKCI,-0.5745951,7.6141505
ERN1,11.36376,-5.668457
PDLIM3,-4.143738,10.219727
CNNM3,-5.756004,2.555903
NOC3L,11.486759,14.409883
FAM8A1,5.9131374,-8.203441
DNM1L,1.265509,9.2210865
ANTXR2,-2.5456703,11.75959
GREM2,-2.0990028,12.221236
DYRK3,-4.1779976,-0.5699693
AMN1,-5.7583756,13.23751
CSTA,1.1420304,12.03579
ATP5E,-2.7930684,7.0991025
APOBEC3C,5.6978984,-3.9573715
GFRA1,1.8371277,2.663928
AFG3L1P,5.527343,12.131447
NET1,7.332515,3.5457125
MRFAP1L1,-8.998741,5.7761903
BST1,0.6464518,12.050534
WDR34,5.794758,-0.8976944
GNB4,3.6051323,6.9879193
MKS1,9.48109,14.671812
BOLA1,2.5233214,11.1905365
IGF2R,0.95625377,12.174565
BEND5,2.7195742,-6.175117
FAM126B,6.325442,-8.316303
DXO,10.76751,-3.4580195
SOX12,6.0105653,10.574969
FCGR3A,-1.3503616,-9.953158
CSTB,-1.9508414,5.295804
TM6SF1,4.2224975,3.2873359
TOM1L1,-12.911003,1.9058298
STAU2,-0.18858948,7.9519672
HCCS,-2.4297025,16.19869
SPC24,2.018072,-2.6782784
PTCD1,6.65188,3.955354
WTIP,-3.9989483,10.091264
DDAH1,-4.3546987,10.227492
NDUFA12,-1.8253683,5.474813
CP,-12.989213,1.9693911
ZFAND6,10.56525,5.4756474
TMEM68,3.2865112,8.089353
NEIL2,2.7380478,-6.2113643
TLCD2,-7.115295,7.235421
SEMA3B,1.7279639,2.3243845
PPP6R3,-3.136638,5.6195526
HFE,6.132749,6.322701
SMPD2,5.8938932,11.507489
WBSCR22,-3.5787086,8.004692
SEPHS2,9.888417,18.081278
SPAG1,3.155234,-5.5843186
FAM177B,-5.7537217,2.5437295
BROX,-7.0946555,3.7238455
MED16,6.7247376,-0.41957113
DDX6,-0.6339872,2.459899
GTF2F1,10.984999,2.3373117
SEPT8,-4.98311,10.953365
DDHD1,-5.8927345,13.100479
PSEN1,6.728338,-9.084877
TSTD2,-7.9477835,5.6015296
MCF2L2,1.4619923,-1.5086994
LDB1,-2.836382,2.4157455
PCDH18,-10.84458,4.1329765
FREM1,-10.033876,6.660931
TUBG2,-10.722641,9.551076
NUDT16L1,6.0848646,11.494005
CHTF8,8.552846,14.433232
MFSD9,3.52221,12.026795
NDC80,11.496339,-1.5803477
TUBA1A,5.6441565,8.82108
GFRA2,-1.1742169,-10.373832
NR3C2,4.141684,4.74885
ATP1B3,1.8165045,4.5833073
KCTD11,-4.7325583,9.790232
GOLGA4,4.179732,-4.008273
ZCCHC6,6.6591973,-8.462966
SLC35C2,-6.8193,-1.1061075
UBAC2,3.8782246,12.942021
TMEM177,4.97184,13.040249
MPPED2,-1.2280815,-10.156278
ICAM2,-2.6153748,-1.0206738
CSE1L,1.7064174,4.417587
NEK2,1.9794457,-2.3336225
SEPT6,5.6613245,-3.9519825
ZNF624,-0.42035645,6.3580923
HACD2,-6.832607,1.0306066
TVP23C,-5.9256277,9.347045
FAM57A,-4.690505,9.821428
WDR5,-3.8596697,8.076822
DGUOK,-4.1071076,6.5362945
ITGB3,-6.7238317,-4.622586
POMC,-2.2860947,12.864166
PELO,8.154502,-1.9332722
KCTD9,5.600765,6.3854213
ZNF562,6.6472898,19.60242
ADORA2A,5.605156,11.588184
ZC3HAV1,3.0978494,16.241512
TOR1A,3.8247604,12.277408
ANKRD36C,5.4980626,8.920309
FHDC1,1.9510256,-4.245712
CXCL13,2.3893511,1.336338
CLTCL1,0.26240036,10.804401
TTC22,6.4383464,-3.5716736
PHC1,0.60262394,-5.2801843
SPTSSA,10.77458,5.326618
LSM14A,-5.5710473,3.0702407
GLTSCR1,9.625904,-2.8870542
RTKN,-1.228567,0.036840122
ADCY3,2.588768,1.0649754
MARK4,-8.245597,1.4001719
ST8SIA4,11.93485,7.3516984
DDX50,2.1764562,3.9887438
CLPTM1,7.3056717,12.026904
SLTM,11.070734,4.055952
TEX2,-4.261761,-1.4723735
HS3ST3A1,5.9427214,4.855483
LOXL1,-3.850866,10.534441
TMEM186,10.275229,10.369223
TSHZ1,5.7101927,6.4288797
PCDHGC3,-4.616056,10.512235
CCDC9,10.68443,-3.2045217
SFSWAP,7.465227,4.348388
ST6GALNAC3,8.624634,-7.758994
PPOX,3.9132943,-4.100318
SLC22A17,5.9654875,4.82801
RPL26L1,-2.7669752,4.7024765
PTGDR,13.980068,2.8323634
GEM,2.5094113,1.2168975
GGH,7.3281755,-2.2329514
TRAF6,-6.843014,5.195806
ATXN2L,8.151438,9.543791
SPTA1,1.9397974,-3.7189336
GNB3,10.103054,8.78638
RHOU,1.1025399,-1.5541041
TMEM71,9.55099,-5.088016
TTLL11,4.372742,9.282762
ORC3,9.960268,0.22171924
GLUD1,3.3306987,5.3063564
HOXB7,-12.76648,1.743943
GLRX3,-2.76265,15.671714
ANKRD23,-2.156388,-1.7076678
AP1S2,-2.8951013,8.244033
XYLT2,2.1677868,11.062206
PSD4,9.265567,-4.203176
NRN1,1.315247,-1.6834927
EBF4,-10.70697,9.539412
WDR11,0.48830128,5.9046445
SLC35A1,-4.1422358,-5.1481237
ZNRD1,5.468146,12.159079
WNT9A,7.9807754,0.9444284
FARS2,7.302288,12.065021
HS2ST1,-12.048293,6.7385335
ERCC4,-8.2795925,5.6424627
TMEM171,-2.6824656,-0.9554844
ZNF607,-6.7555356,6.1813774
GMEB1,4.2963276,15.99244
ZDHHC16,11.612221,12.9260845
TDRD7,0.6924227,18.283707
WNK1,-5.7745037,5.473562
ENC1,-11.39746,4.0843234
SMG7,7.4951887,15.351767
RTCB,7.5889277,11.541299
FUT7,1.0381771,12.067298
SLC17A5,5.129647,7.066585
CAND1,3.516379,16.212276
ANXA7,3.768439,16.279354
FOSB,9.735007,-3.8220937
ATAD3B,5.479862,12.071153
PHACTR4,2.699639,-1.6516978
KCNQ5,3.646894,-5.7421527
GPER1,-0.80160457,-1.6675373
GMCL1,-5.9662266,3.9613428
S100A1,7.8376637,4.6974125
YPEL3,-5.6057453,-6.641665
RNF7,-7.954337,7.3919754
ZNF142,5.131966,2.5540078
ENTPD6,6.1347537,10.653343
ARID3B,6.5225077,-3.5197005
NKD2,1.9566231,17.385647
COA4,6.84824,12.930057
COX14,9.947324,10.689851
FLT4,10.175616,-2.014478
INAFM2,9.707205,-3.86314
NDUFAF3,10.048747,10.5597515
MAPKAPK2,6.1539907,1.9193696
ILKAP,5.509536,12.112401
CEACAM1,0.6031521,12.074066
CTRL,5.13905,2.5639367
SMO,-6.4703593,2.4449558
PIGH,11.483531,14.417986
HMGXB4,-7.2236557,3.8372176
TBC1D2,6.2390733,1.9830906
OTUD6B,2.9733007,7.907651
SNF8,-3.899059,6.6518135
CYP2R1,1.4255376,9.0629
RNF187,1.2315227,-1.6230125
GSKIP,3.824596,12.284068
PRNP,-4.864617,0.7128516
AGPAT1,-0.06631612,4.912157
SYNE2,5.313215,6.86705
SEMA4D,6.7474737,-9.236184
MRPL15,-4.3672376,14.98726
LOXL4,-4.276202,10.245202
PHF2,2.206469,-1.2330264
CNTFR,-4.5929904,10.463876
SPR,-7.941938,2.086779
PAK6,0.32518783,-8.429094
SIMC1,1.2543707,-1.6291107
RIOX2,-5.689052,-6.7061863
MED24,8.498754,9.4759245
FAM105A,-2.829045,8.278177
EBAG9,4.318812,13.015131
PRDX5,-1.7774535,5.8618727
NSMF,6.6917934,8.31096
GDF15,9.868982,13.701235
FAM20C,-3.882511,10.525869
BMX,8.588178,-7.743046
ZNF302,-5.727273,9.055875
SLC35E1,7.3019133,-1.6682384
BMPR1B,2.213077,2.6096902
CLECL1,1.5462009,-7.3940024
SRPK2,-6.8101854,3.9210122
PATZ1,2.8185408,-3.0313628
PRKAR2B,-3.4124491,-1.245379
M6PR,-0.65615606,9.975285
MED26,7.8441086,-2.6808982
NSMCE2,3.160193,10.308445
TPCN2,0.746801,-10.730675
ATXN7L2,-2.1634924,-1.6976709
SIGLEC11,-2.7566688,-1.0005927
ST8SIA1,10.551965,-3.7293808
TAPT1,3.5366766,1.1044984
JMJD4,5.6789174,-0.8725994
MTG1,6.8192368,-0.2888977
CRISPLD2,4.1310115,4.337592
CCSER2,3.3728015,7.0757055
MYRIP,2.8499098,-1.5372965
CD151,-6.415398,2.4728768
GSTM1,-4.878266,11.51057
HMG20A,2.645169,-2.676453
GALNT6,9.283282,-4.2245917
SLC37A3,5.4477654,13.136232
NQO2,6.3470716,2.6673508
KRT18,-9.457707,8.309561
PGGHG,6.227041,-3.6010494
TMEM106A,2.0036404,-10.31088
SELENOF,10.740965,5.395359
SLC1A4,-4.7023215,8.099237
ALDH2,1.5604366,1.8595707
PHLDB2,-4.146477,-1.6037664
LAMC3,-6.3796177,2.4879816
TMEM267,2.5676172,7.558983
MARC1,6.13907,-8.232086
UBE2Q2,-4.716259,1.0194998
STS,1.8519127,2.510274
CFL2,-2.4915786,11.811731
PATL1,6.7976394,-8.766497
NLRX1,-0.5820195,2.9736047
DIAPH3,2.0378356,-2.6809874
DACT1,-12.889854,1.8950154
ZNF680,-2.4060495,-6.6412644
ANGPTL6,2.018601,-6.904541
MDK,-11.123608,3.6632428
MON1B,6.1307716,1.9135406
ZNF438,5.4849544,13.176391
MAP3K13,16.261911,8.557115
ZDHHC17,-0.6857698,5.2383375
PRKCA,-8.778832,8.522459
RPUSD4,6.5119333,13.223688
TLN2,1.6067446,2.1699927
TIMD4,-1.4081241,-9.956655
POLE3,4.154427,16.088253
PTPRD,-5.0874915,11.191655
YIPF2,7.26546,11.989489
PDZD2,4.566994,4.7120304
PPP2R2A,-7.3085604,14.234173
ICE2,2.7590344,6.9002542
PRR12,0.60140127,-5.2784724
TIGAR,-2.0913088,15.939884
PISD,6.3082676,1.989702
P2RX4,12.431341,-3.1987615
SDK2,-4.563606,9.964558
TGIF2,1.800199,-7.047656
ADH1B,1.7044538,2.290411
RPL6,11.520918,-7.2923107
IPCEF1,14.156347,-1.7294878
ICA1,1.2799248,-2.0650368
MRPL19,-2.427814,16.13507
COPG2,4.744817,9.805566
MTURN,2.380412,0.92528695
HECTD4,-0.71158856,9.697018
RAB33B,2.4664917,7.179887
H6PD,-1.986657,-3.1030028
TMEM200C,8.820472,-8.172888
ACOT13,-2.608597,2.7611628
SPDL1,9.958984,0.22047853
ZNF236,0.69464004,6.124909
OSBPL9,2.1404235,9.285145
TSC22D4,-3.4547787,12.708162
ACTR1A,-3.892631,11.210516
GPAT3,6.1217847,2.682039
PHF19,9.748593,-4.4313836
ZNF570,3.4222646,7.056054
BTN2A1,14.05508,11.749835
TRPM4,-6.5264535,2.4094107
CORO6,-0.8341347,-1.6925892
LYST,-6.7621164,3.933619
NAB2,-8.400316,10.919076
DUBR,-5.3526773,11.471293
WNT6,-2.2758586,-0.8464602
NAXE,1.3058887,1.5412703
PLAC8,7.885393,-2.606899
SEPT2,3.5403922,11.323432
TRDC,13.98493,2.8355618
ALS2,-8.889474,-3.2868695
PCDHB13,-8.404812,8.558717
PRKD1,2.4709833,2.2248476
DIEXF,3.6884358,16.08895
ARL8A,-3.4501474,12.714409
IGHM,5.229678,-2.3508878
UNKL,-3.1406846,7.617319
HARS2,-3.965843,1.4723556
RPN1,3.7354763,13.126965
CLSPN,7.37236,3.1579614
MSR1,-0.13612857,-10.04227
SLC9B2,11.489206,14.409757
GCH1,0.75576955,18.361774
DCAF16,2.063308,9.275569
MTA3,7.8271437,7.5263743
CACUL1,6.0749817,11.371832
ANGPTL1,2.4230309,2.6538749
PPP1R3B,9.315278,-4.8364196
NDUFAF1,-4.3678555,14.8159
LIN7A,8.4965925,-7.541259
DDX60L,1.2233976,-3.8330696
DNAJC14,-0.7017291,10.00023
PRDX2,6.6784205,8.293186
RAD1,-5.8627415,4.6117887
TNFAIP8L1,1.794778,-1.5898587
TMEM230,9.755417,13.340785
THEM6,9.9450445,3.6639543
MYH3,7.3931108,5.0133014
FOLR3,1.1822368,12.046272
TMEM101,6.4308724,-0.76405054
COL19A1,16.017885,0.60393375
P3H2,-6.3090634,8.106764
MYEF2,1.8027933,9.228292
XPO4,-0.031855125,5.612069
STARD10,-1.2328376,0.029938044
LILRB2,4.2643194,3.0524833
SERPINA5,-2.2159338,-5.221782
ROBO3,-10.721358,9.554593
PLCE1,1.8582253,2.51385
HEIH,-6.543767,-7.328423
POLR2C,-8.940497,-0.13195607
CELF6,6.0413146,8.546691
VDR,-5.1056294,8.616018
ZNF783,5.523984,11.924617
TMEM251,6.6325545,14.641139
PDE10A,2.6657622,-1.6700664
PARD6A,-3.8134365,11.118154
AMDHD1,-0.44230828,-5.0692143
APMAP,5.528803,13.204535
HOXD3,-0.56795675,-5.8372254
TMEM107,4.1574492,16.089514
CALML4,1.7734528,-3.0020242
ANAPC1,4.1008215,16.110197
TAB1,3.8747044,-4.124645
TPO,2.024082,-1.6149145
BRMS1L,4.2549543,-4.0061326
MBIP,0.07461438,0.43120983
ARID2,-5.620055,0.11459956
HMGB1,-5.823716,4.5641537
ABCA1,-1.16478,-1.9625962
KCNK5,-0.17286205,-4.6985564
IFT46,5.259952,9.151909
NME4,-11.485217,13.212056
THNSL1,4.8408513,12.987377
ALKBH5,9.262439,14.194596
KHDC1,11.52158,-1.6519239
FAM53C,6.737306,-8.74822
ACOX2,-2.8603294,10.084372
SLC4A4,8.182489,-4.2539372
SURF6,5.575732,11.749162
ZNF415,1.5081872,-1.5440854
ZNF778,-7.288982,-5.8164415
SNTB1,-2.0654685,-8.758051
GHR,4.7906017,4.9739943
UBE2C,7.4365196,2.4679708
SLC25A30,3.4059308,7.051881
SALL2,-5.213599,11.223895
FBXO46,5.2414293,-0.814319
PARD6G,-6.313778,8.053815
PLA2G7,-1.87993,-10.144698
WLS,-6.3114367,8.117793
ZNF782,-1.5238811,19.285475
CCDC40,-1.1786593,-1.9778234
PIAS2,-2.9819314,5.765602
CPTP,6.648135,8.277533
CDK11A,4.7395616,9.77987
SIK2,4.3066626,4.5572906
MYL5,-2.884737,2.3752942
HSBP1L1,-0.47013476,-5.1045694
ITM2A,-5.873459,13.316805
FUT11,9.863932,-4.5171432
ZNF598,7.819966,11.015089
MBD5,-4.6758776,0.6667811
RORC,10.5793,-3.8345742
PLXNA4,1.9993412,2.6027024
KIAA1551,6.819453,-8.648027
TSSK3,-2.9584618,2.3325565
GPRIN3,-5.98789,12.911821
MORN1,14.081966,11.774097
SH2B2,12.559921,0.05374557
SDHB,-4.373814,14.995854
IDH3G,-6.8153186,-1.1055679
MS4A4E,-0.13595995,-10.04214
MYPOP,8.673918,-2.891239
LITAF,6.259981,-9.653208
TMEM191A,6.1947865,-3.722834
NPL,3.7714581,2.9176488
GZF1,9.481984,14.667795
RC3H1,-6.641033,3.9078753
POM121C,-1.6469823,-4.82961
NUPL2,-5.7053475,17.0485
ALKBH4,4.954484,-4.7536893
CST7,0.4617071,12.150666
TRAPPC8,-0.033990465,5.0031424
CHAF1B,-2.165146,1.1119727
STX8,-2.723863,7.1094556
TM4SF1,-2.9040937,-3.8587682
TRAPPC2,-5.8735394,13.311234
SLC22A31,2.1024992,17.22837
MAP7D1,-8.203969,1.3533856
PPM1K,3.4265187,-6.113051
KAT8,12.082125,1.1731766
ABCC10,5.7710266,-0.88257825
ATP6V1G1,1.9757618,6.9281697
MAP3K11,8.454474,9.515751
TRIB2,2.0801284,-1.090596
STK38L,-6.397436,3.926702
AURKA,7.414512,2.4939754
ANKRD28,4.305946,13.020902
SLC2A5,6.1930685,-2.248079
SAPCD2,11.3926735,-1.2274842
KCNB1,2.0154035,1.6967436
RBM26,0.37504852,6.1252084
PAFAH1B3,-4.243968,-3.299317
UQCC3,6.5554705,17.490255
TREX2,-2.6400108,2.724001
ZNF776,-6.010759,5.772314
NT5DC4,1.5503764,12.031283
SUSD5,-1.5006713,12.669411
SLC9A6,-4.2101707,4.820662
TXNDC16,3.5502594,11.328181
ATRN,2.4594254,-1.7596748
EML1,4.6638494,4.6660194
SPATA7,0.24633442,-8.488553
AAGAB,7.2299685,15.002708
CYP4F12,-5.000462,10.948878
PAPLN,9.468034,3.960178
CYP4F3,0.5572373,11.981071
MGAT1,6.201255,1.8391143
THUMPD1,1.02365,5.9990983
EGLN1,6.0738845,6.3928733
NAP1L3,1.7620225,2.3564775
SAV1,-4.831407,0.71277606
LILRA1,3.7605119,2.9138405
NARFL,-4.129396,-4.733299
PSMG2,-2.6870358,4.4980063
LEF1,10.601464,-3.8126295
HDAC6,6.1412196,10.654848
ITGA6,-2.9802012,-0.8579666
EPN1,8.847389,7.3990264
KRT23,6.5397162,2.7557929
WNT7A,7.1774406,0.76828855
KCTD18,15.929071,2.366139
ZNF2,-5.7049565,17.048128
TREML3P,9.379852,-4.8605847
ADGRG6,0.21507598,-8.521351
CHD4,7.355764,5.061675
PLIN2,3.006893,0.87410057
SIGLEC5,1.0631655,12.114867
MFSD5,8.080347,7.586595
NPR3,-0.09735102,-4.6055574
TEX11,-5.433207,11.54067
DHFR,1.7990234,-2.9932883
ARSK,-6.304291,5.97983
UQCRC2,-4.46821,15.070007
ZNF507,-5.5758343,3.0217898
PDCD6IP,0.35331577,5.7143497
DDX1,-4.3356934,14.972934
CAPN5,2.0236807,17.324026
DNM2,11.344673,0.33333057
FICD,2.955596,14.061492
NLGN3,7.1607833,-8.325583
EEF2,2.255601,-8.259992
SLC25A42,2.248262,-6.026854
LIMK1,8.139371,7.5400805
PYCARD,8.159729,7.5512977
ENY2,5.453934,8.973475
PQLC3,-3.0837364,1.9849434
FRK,1.8438175,2.6799672
STARD3NL,14.052436,6.0074244
QTRT2,3.7053432,16.080915
SLC35B4,1.5243208,8.990132
KIAA0556,0.9238344,-2.3839154
CD28,8.922283,-3.914591
TRMT2B,3.8772328,6.8770943
SHANK2,-3.2069898,-1.0995817
CUL9,5.517424,-4.2647862
DNPH1,8.487353,7.7050257
FAM104B,9.548173,13.980104
GALNT1,-0.28846017,7.865539
BRAT1,5.3820786,3.1284704
D2HGDH,6.1745825,5.93053
SPICE1,3.5033863,11.036879
MMS19,-0.19998772,1.3419244
TSPY26P,-5.179053,11.196288
ATP6V1C2,1.4114728,1.5604084
FAM210A,9.704382,13.463501
SGMS1,3.3043575,7.0723686
C2CD5,-4.2286425,4.8050895
EXOSC7,0.42513546,-7.28293
UBE2Q1,-2.9351058,7.151914
OSBPL6,0.82163936,-8.0079365
ZMYM6,-2.9838202,5.76176
FAM212A,-0.7764658,-4.9368815
ZNF33A,-2.948743,5.646365
NPTXR,-2.4952824,0.8365457
HN1L,-2.2492566,15.912787
DHTKD1,4.9669714,-4.706174
KIAA0907,-6.7103863,6.1617727
DHFR2,3.3730426,5.3372226
STAMBPL1,6.0537357,-3.772132
METAP1D,5.2880883,11.910343
TTBK2,-6.874223,0.9547605
CNPPD1,0.69972885,-10.6885395
SCGB3A1,-0.036288954,-2.2681985
WHAMM,6.7590847,-6.15432
GAB3,-2.7098074,15.73782
VSTM1,0.5656097,11.996533
PRMT5,4.2730865,16.016079
DNASE1L1,9.689889,13.519698
IL1R1,8.620784,-7.5980573
ERLIN2,3.855438,-4.389576
KCTD1,-4.0631156,-2.8369026
P2RY11,6.1226463,-3.7321856
ACVR2A,2.0922477,9.285294
ABL1,-7.823569,1.9573681
WDYHV1,-5.6913342,2.4777563
TTC34,4.4354386,9.469874
CLEC4A,6.421659,2.3014255
SLC48A1,-1.9995086,-10.17409
MED7,0.5990871,-5.278309
PDE1A,-2.5732114,11.735834
ZNF423,-4.882284,10.807407
DNAJC19,6.1533113,1.8961827
FAM175B,-0.75618315,15.441604
YTHDF2,3.8830416,16.549908
OPLAH,12.026122,1.1123036
AVIL,-7.247566,12.11747
FBXW2,0.07238028,5.267229
PCLAF,7.326043,3.1604302
MEAF6,-6.878725,0.964995
TP53I11,-6.307938,8.117263
GLRX2,-2.4598844,16.17042
SMIM20,-4.3725295,14.816909
SLC39A10,-6.878274,0.96317
SAT2,-8.244478,1.4014089
SNAI3,16.261862,8.557244
ELAC2,7.6000876,11.528155
TESC,1.9261049,-3.2912242
PLA2G16,-9.531186,8.287924
ERO1A,2.1169682,6.8262105
LTB4R,8.86707,-8.19345
POC1A,7.4916954,2.4542055
INTS1,5.2956862,2.7661319
FEZ1,-11.162034,3.777865
NBPF1,7.055075,4.018922
TMEM86B,-6.811019,-1.09938
DESI1,5.6017523,11.590276
FAM213B,10.144632,-2.045566
SLA,6.7548184,-9.243606
WRN,-0.0960803,4.935565
ATOH8,1.59615,2.0570147
MTMR9,4.139926,-4.001347
KAT6B,-4.0223293,4.170096
DMXL2,4.1866875,3.041926
RP9P,-6.2834377,2.5090911
DSCAM,0.27613083,-8.469332
ZNF805,-8.158766,5.5859523
TSPAN32,6.5095944,-3.5368652
RABIF,9.813496,-4.487525
CAPN7,-4.252342,4.81447
SMPDL3B,5.5008626,-2.1603622
ZNF516,6.2028956,-8.256607
TXNL4B,11.701054,12.851849
RHOT1,-6.7061877,3.9175456
WNT5A,-0.19018932,-2.4353251
ZDHHC9,-5.847695,18.625114
RNF141,6.646702,19.601189
AARS,2.9652407,14.062382
CLCN5,-0.4162099,6.3864384
PIGU,-3.270578,7.9095025
RAD51D,2.4719718,1.2344409
PCCB,-4.467522,15.055836
CBX1,5.9939313,3.8387308
TOB1,3.1762898,0.92421824
PELI1,6.3260984,-9.58448
ABCD2,6.772485,-2.3113785
OXLD1,-6.799918,-1.1021719
RASA3,4.3734794,9.30505
ELN,1.6926788,2.2620187
GPATCH2L,-7.6268916,3.846239
CMTM3,8.29342,1.1346188
SIGLEC16,1.0535983,-7.816784
SLITRK2,-4.5924563,10.456208
EHHADH,5.3371935,3.1917174
ERCC3,11.087727,4.0616417
GNB5,-1.3651305,-4.8673863
TMEM41B,-1.499478,7.6322746
ECH1,-2.2683797,-1.293099
ASH2L,11.001285,7.0578756
DFFB,6.4032936,8.061541
CES4A,12.176519,-3.3781374
PAK4,-2.935268,18.613808
ZNF646,8.141999,-1.8870189
TATDN2,6.461023,-3.5042315
CAMK2D,3.6465933,-5.7419467
RPRD2,-6.873968,0.96582687
IPO5,-1.8850873,15.831269
MAVS,-1.1392528,-1.9487295
DACT3,-3.8252206,9.752346
ZNF485,5.8918486,8.778105
SLC50A1,10.588807,-0.77800024
TAF5,1.760389,3.9981399
AGL,-5.49624,3.1658044
ZRANB1,-6.8405323,1.0119314
PDE8A,2.0552192,9.285356
SLC45A4,6.61704,2.2835379
POLR3GL,3.533647,0.7031261
HK2,9.421915,-4.8770986
SERPINF2,2.3978162,1.0293534
SPACA6,9.39864,3.992782
AP3B1,11.234043,7.2033753
LIPT1,1.2671512,-1.0846499
CD82,7.820905,7.5442677
ZNF789,12.421579,15.540771
BICD1,-3.0072567,-0.8785127
PRKD2,-6.814502,-1.1043758
ZCCHC11,-8.735856,5.6750493
FAM175A,-6.8607917,0.97702026
SETD6,-6.739573,6.177489
ZNF689,1.5673304,3.7403533
FAM65A,7.5264196,0.87819946
FIG4,6.143821,1.2067108
PCK2,12.431519,-3.1986725
CLN3,11.344015,0.33247378
MAGI3,2.5059683,-2.1917105
NKIRAS2,10.193948,10.406151
SEC22B,3.4994116,11.018135
UEVLD,-0.63461936,7.9727225
DHRS7,-2.7406378,8.331822
NME8,9.430756,-4.7711887
ARPIN,-4.2570324,-1.4680747
SAAL1,1.4010825,4.5786
OXCT1,-2.4881644,0.8431879
APOL3,0.7978982,18.412493
CHST3,-4.3480334,10.260443
VAV3,-3.256869,5.319285
LCMT1,-2.6742754,7.1141863
TBC1D10A,-0.41179174,-5.9530396
JAG1,-6.5377197,10.450117
ALPK3,-2.12784,12.209414
SYS1,5.501318,14.78793
SAMD4B,9.754731,-3.5243547
ZNF217,0.586473,6.012314
C3AR1,0.22601244,-10.180133
UBE2G2,6.5160666,13.218274
FADS6,5.7702007,0.43025956
FSD1L,-1.4054931,15.357339
HSF2,-7.962933,5.6052494
RGS3,8.2473955,1.1075525
MAP4K2,-2.2595222,-1.3207188
ZNF532,-0.79689556,4.97781
NAPA,-3.9205678,6.655096
UNC80,3.0661452,-1.4137397
SGMS2,8.498549,-7.5489335
ABCA8,-6.5608635,10.466366
NTNG2,1.0744635,12.079969
ZFC3H1,-6.0239215,5.793599
TMEM220,1.9592357,9.2484255
CCNF,7.428776,2.479648
RNF130,0.23366922,-10.174311
ADAMTS14,1.2982264,1.6634837
MRNIP,-4.131042,-4.741848
PFKL,14.038167,11.707874
SASH1,14.052973,6.007075
SULT4A1,-1.2292315,-9.987313
CDH24,-0.46336898,-5.0798516
SNX3,-8.522823,13.009871
NFATC3,-0.6714325,9.920676
GSK3A,6.1467047,11.307776
NCS1,-1.6199698,12.570845
INPP5K,-2.3426657,3.1146274
TARSL2,3.5377753,1.1070529
CCDC43,-1.464561,15.942182
ABHD5,6.014109,-8.209732
ILVBL,14.063231,11.749517
YWHAQ,-2.6536665,4.457778
MDC1,7.4021363,5.0015054
FAM76A,4.1978564,9.155889
NUDT10,4.352758,4.558046
EPHA1,11.326619,0.33348694
ABT1,4.3639846,16.020628
MOK,-8.036884,2.1811376
DTL,7.331709,-2.2213664
SLC25A28,5.2064614,11.899042
DENR,-0.6027474,2.9570735
RNF115,-5.9868026,12.894048
CAMP,0.07392866,11.006273
LY75,1.1278864,6.2682734
VPS37B,6.7592773,-6.1546206
TFE3,-8.696721,2.390512
CSDC2,-2.0139775,12.298832
FOPNL,-1.0582421,16.02975
SH3TC2,-8.407679,10.914354
NDUFS5,-2.8950925,7.0020986
FAM234B,4.3820896,9.345328
AHCY,-2.452108,0.8657852
TOM1L2,-2.9289117,18.619415
CCDC28B,-7.1916957,3.8378642
TRIM56,6.1543484,6.297748
IL12RB2,10.309399,-6.4839315
KDM1B,11.035463,7.074097
HOXA3,-0.591514,-5.834232
PTN,-5.1728063,11.203349
EPS15L1,5.806569,12.093408
TAF6L,6.6839576,3.9855518
SLMAP,-6.7869515,3.8710907
AZI2,5.4166894,6.7713485
OR52N4,4.517369,10.054631
ZBTB45,10.34523,-2.9044201
COA5,-9.492926,14.197035
FCHO2,-7.1067452,3.7382736
AMMECR1,3.4121053,7.0292563
RAD23A,-8.378361,-5.0310307
RPIA,2.0532832,4.076187
ORMDL1,8.601129,14.457605
EDRF1,-3.5738566,15.596685
NUAK2,6.597728,2.2708354
HIST1H2BH,12.827868,9.255911
GNAS,0.75304276,-10.737421
SKIL,-0.105651714,6.0798106
ALG8,-3.157284,7.6882224
CDKN2B,-1.1978382,-1.9953396
POGLUT1,-5.3074102,13.318936
ZNF7,6.95152,3.998682
RFC2,-4.099642,6.5388336
FGFR1OP,-0.48638013,18.979568
PRELID1,8.528065,7.7816525
STBD1,0.07762243,11.044808
INPP5F,-13.221329,9.032648
FBXL17,0.07100142,0.4383606
CARMN,-3.300649,10.347956
NRXN2,12.426883,-3.1939068
KIR3DL1,8.470718,-3.1452718
SLC4A3,-8.017251,-7.7744503
SLC36A4,-5.8591285,4.430026
MUT,2.5963235,7.950873
GSTCD,-0.082801074,5.9083514
PEX14,5.988248,3.8413568
OGFRL1,-6.6901193,3.9068224
HSD11B1,-11.179628,3.755457
IGHG4,5.459883,-2.1659915
CLCN2,0.9327357,-2.3784516
MYNN,1.0038264,5.9875
EFCAB12,-5.39899,2.2077777
UGGT1,4.195235,12.66618
UCN,10.4531555,-3.0756629
CCDC88A,2.61146,7.920895
KRT222,-0.16509072,-2.4072104
RAP2A,-0.39475816,7.8510675
SSPN,-2.4534771,11.8557205
ETV5,1.0903707,-7.799999
TMEM39A,4.492188,12.981629
PLEKHA1,-5.4263916,4.368188
CD36,2.517415,-2.0426288
METRN,6.6975646,8.350998
PPP2R5A,-2.9444618,-0.8762594
FLNB,3.0909607,-1.3979448
PHF21A,6.084927,-8.222906
PDIK1L,3.6391122,12.10785
KIF5C,4.306875,4.531258
HIST2H2BF,12.83333,9.260007
TGFB3,-8.968779,10.054174
TYSND1,5.580189,-4.005409
GTF2H3,-1.4216992,15.986176
TTC3,-0.43791816,3.5266373
PROM2,-10.721546,9.555354
RASGEF1B,2.464695,1.2604098
MEF2C,-0.6316356,2.502158
SNHG14,6.4148374,15.677223
GIN1,2.331085,9.294404
SGO1,1.9286237,-2.560946
TOR1B,-2.9573898,7.1645427
PREX2,2.6309953,-1.5414433
DOC2GP,10.306592,-6.4730773
PRKD3,-5.5799193,3.0274389
PEX11A,-7.1409793,7.255226
PDPK1,0.3811155,5.7740955
RAB2B,-5.6513367,0.08113377
PHF14,9.737303,13.385315
NIPA2,-1.9189386,15.900444
KIR2DL4,14.314599,-1.580215
TLE6,1.5959142,2.0832772
VAV2,3.089583,-5.9211087
TTC19,7.116429,4.020379
PICALM,8.768978,-7.155281
SMOC1,5.4961634,0.38429415
ARID5A,-2.3476737,2.4127393
GAMT,13.758752,11.221832
NAP1L4,11.363408,-5.667897
METTL6,2.950162,-8.4798355
PDZD4,2.5288866,11.159908
PACS1,-1.34296,-4.8724637
TMEM173,-12.505882,1.9464695
RAB11B,6.558989,7.87367
ZNF189,3.5013463,1.0606381
TRGC2,8.253106,-4.1270914
SEPT5,2.099169,17.23277
ACTG1,8.55356,7.8213167
PYROXD2,-2.1662025,-1.6738256
CCDC97,6.83259,-3.5619736
DENND2D,10.53737,-3.7251904
SHB,1.7290982,2.3282542
TNS3,-10.364127,4.452906
FAM227B,-0.19714767,9.805256
LIMS1,-8.875625,-3.2989762
KLHL20,0.058511913,0.43924055
SND1,-4.449828,8.522761
CSTF3,1.4022546,1.5423791
B3GNT5,6.02206,-8.211671
TDRD10,-0.4550494,-5.1664104
ARHGEF39,3.376838,5.338569
FAM111B,9.90044,0.17192993
CHN2,14.052827,6.0071087
SPHK1,-8.962009,10.047281
KIAA1841,-0.21023977,1.3166463
GABARAPL2,6.1224976,6.3520904
CHCHD2,-5.8758345,9.261499
MYO10,-3.3853936,-1.2267622
ISOC1,8.615057,14.456709
TMCO6,2.523267,11.188415
ADGRE5,7.8161983,7.5286074
BPHL,13.91711,11.504754
BCHE,-4.318504,-1.525082
SART1,10.2761135,-8.633311
FLII,8.465225,9.447236
INO80C,7.987647,0.96118796
FRY,-10.551418,-4.422797
CCND3,8.9449625,-8.281483
PASK,-4.4849405,1.7682625
TPST1,2.0294306,-0.91258544
FOLR2,-1.4710647,-10.039088
RBM19,4.983974,12.99961
SPRY2,-3.7113388,9.922131
HSD17B1,4.61469,9.646251
AIM1,14.163316,-1.7249495
CCNH,9.697035,-3.8435187
NAIF1,3.6355515,6.805884
TOMM6,8.311273,1.1444144
ASMTL,14.0973835,11.791282
TAPBP,0.5706807,17.230719
PLCD3,-4.601279,10.4800825
RDH10,-11.125962,3.5476515
MALAT1,-3.870134,4.0760837
SYBU,-0.85058755,-1.6875614
KLHDC4,3.3889332,5.353256
CNOT8,-5.814901,5.416125
ABCG1,2.0334415,-0.93060875
SLC27A4,10.636389,-2.8855498
ADAM33,1.7205205,2.330315
POFUT2,7.4028893,4.2360816
CMTM4,-12.6522875,1.8925396
RAB29,8.57881,-1.0757904
CHDH,10.088678,8.779667
CD163L1,-1.2954185,-9.978851
RFTN1,-6.4321194,2.467625
ZBTB5,3.120176,16.253195
AGO2,-4.911066,0.7604041
MRM2,4.333439,16.029902
CSTF2,1.5310242,4.194648
MRPL44,-2.3473897,0.94412386
GAN,-0.5682386,7.6288495
GNE,4.2324142,-3.9866118
ATP11C,-4.711319,0.654466
DBI,-2.7749288,7.1061096
KLRC2,8.452567,-3.372886
IPPK,-0.7257969,9.653414
LAGE3,-3.2413113,7.2644725
DCAF10,-0.7264459,8.020532
MTHFSD,3.9129164,-4.0970936
CCDC39,2.9396865,-1.4610318
ZBTB4,11.576974,-1.7381247
GPN2,1.8285011,4.5977926
MRPL46,6.6748824,11.680473
TMEM181,-4.763609,1.0343326
YAF2,-5.8538938,4.2549105
SAMD4A,-7.0518456,10.838126
NPM3,1.538932,4.0146713
TPD52L2,-8.725318,2.4184752
NXPH3,-5.4681206,11.594399
PPP1R21,4.369817,9.318161
CHST2,6.2028413,-2.2280247
STX4,8.503977,9.475849
HAUS1,7.109707,2.4648926
GOT2,1.5643377,4.3072524
DNAJC9,10.580597,-0.77026474
TSEN34,9.581903,-5.166312
TMEM19,7.299072,-1.6671304
RPS6KC1,5.181653,-4.1336794
PTTG1IP,-13.024625,2.0002522
TAF1C,0.9613553,-2.3479903
CENPN,7.421614,2.4974887
VPS4B,11.972087,7.291651
NAPSB,-3.1757164,-2.9221065
KLHDC1,-5.457267,3.4224381
ZBTB8OS,-4.364374,14.820279
EVA1C,-2.2105796,-5.212764
PTGS1,-6.7191534,-4.620822
TCOF1,6.983922,13.431567
SPINT1,3.8785675,16.58099
FRMD4A,-1.0562258,-10.029934
FAM200A,13.441742,10.055383
SSR2,-5.8262477,9.253578
ELFN1,-8.342799,10.865194
POLR3K,1.405911,4.594189
CCR2,3.6451862,12.127294
E2F1,7.54205,2.4178505
CTNNAL1,-4.1837244,-1.5786164
FRMD6,-5.388705,11.510958
PEX11G,-6.5636835,7.9619794
ATP2A2,4.594307,12.9287
RBM12,4.3508987,15.960453
PLEKHF1,13.968479,2.8124073
MARCH2,-3.451528,12.715666
IARS2,3.4977121,16.213799
AMOTL2,-6.222658,8.025562
FAT1,-10.690055,4.2200465
DSEL,-4.279066,-1.4723896
TECR,-6.3608866,8.944755
POLH,4.9622464,-4.741966
PPM1H,0.96462995,-7.891878
RABL3,-0.7423896,7.810364
SLC29A2,1.607233,-7.3009124
SLF2,2.9252188,-1.4923635
TMEM183A,9.482289,14.675315
PRKAG2,4.1398296,4.349729
ATP6V1F,10.353562,10.027306
GGCT,-2.7587316,15.686794
SLC22A18,0.7716348,-10.758612
HNRNPUL1,-0.71024615,9.686573
PLXNA3,6.0270557,10.571213
GCC2,-4.0888696,5.0557666
ZFPM1,-2.6406674,2.7235928
AATBC,-9.962484,6.58583
SLC45A1,2.4688776,2.2324753
TPSAB1,8.604571,-7.6453414
RNF157,8.880114,-3.902641
METTL2B,-1.4159914,15.358727
DNAJC7,-4.239632,14.94357
KIAA0825,6.2727714,-8.289763
AJUBA,-6.2772894,8.136125
FAM157A,9.51748,-5.014837
KRT10,-8.938066,-0.12930648
GRSF1,-2.400018,16.170387
YRDC,4.3666854,15.95028
ISM1,6.1110783,5.5936112
NME2,-2.8069048,4.8583136
SNHG23,-0.42815837,-5.3055534
SOCS6,-0.7020269,7.9680376
CENPM,7.5353208,2.4396052
SYNGR3,-4.130249,-4.733792
CCL21,1.2492304,1.6185548
SMIM10L1,-6.843927,5.19318
ZNF100,-0.041277535,5.804923
TMTC2,6.183453,1.1209003
PIN4,-1.7691469,5.894805
PCNX4,2.5565224,7.5537653
SUSD2,-3.1044676,10.692297
ADCY4,-8.542092,2.3077042
TERF2,-5.8891654,13.062142
ZNF185,4.221679,3.2754948
XRCC3,10.174615,-2.9879885
MCF2L,9.396013,3.9871414
MAP7D3,-5.7480454,7.731075
TSEN15,-1.6103095,15.711583
CERS2,12.419364,15.53829
SRRM5,5.7776327,8.740104
BMT2,-8.507782,13.022635
MAGOHB,1.3471224,4.635937
ZNF337,-0.7220508,9.680416
IWS1,5.8581514,13.902062
AFMID,9.590048,-3.9400835
APEH,8.1439295,7.5419965
SCD,1.0265094,-7.8377
PQLC2,1.9736966,-6.9455614
GLDN,1.8761606,1.7449142
PIGG,4.4986644,9.975589
PAGR1,10.566114,-0.8376536
DHX16,7.6463733,4.601737
COQ5,-4.373464,14.81721
EMC9,6.5493236,17.49724
DNAJC24,-0.007713565,4.9916825
STK32C,-2.1468415,-10.217473
G0S2,8.801172,-8.182689
NINJ1,8.921391,7.3291945
SEPHS1,-4.3090925,8.738834
IQCA1,8.013752,0.9732042
TRBV19,10.512926,-3.7128925
ATP5H,-2.833795,7.0917683
RNF166,6.609968,2.256906
RAB5C,5.7313795,18.627754
GPHN,-8.017009,-7.774412
CHMP4A,10.275977,-8.633428
DNAJC2,-2.3938625,16.149235
PDF,1.5045781,4.2242155
PLGRKT,-5.7488923,2.5376422
RILPL1,-7.960706,2.1160283
NAA60,8.865241,7.388048
PIM1,1.9423293,-3.321413
TTLL4,6.6329017,13.227991
DIP2A,-1.2360827,-2.0383224
MILR1,-1.0877047,-10.887142
TBCC,-2.8351257,-7.4099426
IKBKE,6.8092446,-3.5634747
CDV3,-1.5426078,15.666204
PPIH,-2.715357,7.094933
LSM8,11.487311,14.4093075
NFATC2IP,-6.243504,18.670908
TMEM248,-4.710312,0.6514935
CCDC34,1.9258158,-2.5175023
DCLRE1A,-4.1238413,1.5895932
TSTD1,6.138466,-3.7359338
CISH,-4.330833,4.9626775
VPS9D1,11.348068,0.32776904
VMAC,-0.7599543,9.624964
UBAP2L,7.354207,5.0617247
CCHCR1,8.137389,9.498791
EXTL3,-11.405503,-1.8873757
TGFB1,7.8289504,7.529251
IL13RA1,-4.3881116,-3.3187394
FAM174B,-1.4439304,-10.029568
RPGR,0.08720363,5.192519
ERCC5,-5.8584876,13.336314
RBM38,1.8527849,-4.0779905
RNLS,3.855825,-4.384582
TMA16,-1.4984475,15.967648
UBALD2,3.6001103,0.64414465
ALKBH3,4.630848,9.683567
CMTM1,9.59425,-5.2030697
FMC1,10.799121,-3.5560844
AGXT,2.0245073,-0.92555153
PTPN13,4.232346,4.664247
SLC9A1,-8.220622,1.371048
CNTN3,-0.08838214,-4.598241
XCL1,13.988461,2.845073
SCAP,0.95576125,-2.350286
SMARCD1,2.953907,-6.489037
STC2,-4.6070867,10.476217
ADGRB2,7.1823206,0.77199405
ABHD10,-1.7353935,14.085615
IRS1,-4.565422,10.021197
PDCD5,11.525453,-7.2963595
DLEU1,3.649684,-5.727733
SCARA3,-6.2238045,2.5515926
PDSS1,7.340534,15.136821
KCTD7,-0.13774721,20.20736
GRAMD1C,1.6977277,9.051749
TAF6,11.590023,12.951814
APOB,2.2549956,1.703961
NAE1,-5.8623657,4.6219945
TXNDC17,7.0153327,0.7279282
MTRF1,-5.3796678,13.293942
GHITM,4.57116,12.919715
CCDC154,6.49162,7.8926888
MRPL54,-3.2065055,7.9911494
SH3YL1,-6.3471155,6.017243
SMPDL3A,-0.3287018,-9.958791
PFKM,-1.1804361,-0.037754916
INCA1,-2.2057858,-1.3934524
UBE2D4,8.31459,1.1458238
SFT2D2,0.6134208,6.035186
SLC41A1,3.09302,16.24261
MRPL40,-3.3199084,7.792799
EBLN2,-0.20940028,9.813507
RND3,-5.863153,7.8690825
TENM3,5.055557,5.024045
PSME4,-3.4678378,5.364905
HOOK2,10.643873,-2.903674
SLC22A23,0.21353717,-8.523109
SPATA5,5.509059,8.660855
ZNF835,-6.0112267,-8.682907
PLIN3,8.094277,7.5773478
ITPK1,8.956415,-8.293484
PLCB1,-4.1056995,-3.3864415
BLZF1,5.301173,8.518482
HTRA4,-0.38992724,-4.9872413
TMEM143,6.0980716,10.657284
METTL18,-1.523622,19.285477
MGST3,-7.934771,2.066923
MVP,-3.625711,-3.692416
HINT1,2.9431934,-8.469777
IFIT5,0.681986,18.28325
ZNF737,-8.6375065,5.6634603
RAB32,-1.0710623,-10.970652
TAC1,-11.3371935,4.0662007
LIN7B,6.5349545,7.9583635
LRCH2,-3.924872,-1.6219456
M1AP,0.64484715,-10.633116
ACOT2,-5.701132,17.047178
DDX19B,5.203275,9.255274
SLFN11,2.9905114,14.092433
PRR29,1.0455554,-2.2548416
PTPN12,4.3669977,4.5656247
FCHSD2,-6.524684,2.407352
TSPYL2,1.7702459,-3.0076234
COPB2,-4.4519215,8.524047
TDRD6,-6.2945595,18.69136
PLEKHM3,6.1287227,6.3675747
DDX23,5.57764,-4.357596
ZNF469,-0.7608828,9.619903
CARM1,-3.8357038,8.061761
COL16A1,-3.3397782,10.607075
EIF2B2,6.633524,14.640005
GABRB2,-10.92187,4.092408
ING3,-4.9679,0.7207779
NSL1,5.3538594,8.557718
VRK2,-2.0121467,15.925522
ZDHHC11B,7.17645,0.7651135
POLA2,-2.3336372,0.9660333
ARMCX3,2.5881941,-2.5250394
TBX6,5.197133,9.241808
ZFYVE16,-5.9149547,3.9738364
GRPEL2,7.358965,0.8515987
HACE1,-5.43405,3.211263
COIL,-5.814845,5.032822
ADAMTSL3,-5.1865396,11.224764
CXADR,0.29289517,-8.45486
TMEM121,10.6401415,-3.1454084
ZNF726,7.098797,2.4981456
CCL3L3,6.7597365,-6.154817
LACTB,5.732457,18.626898
KHDRBS3,-5.8873715,8.0883875
KRBA1,8.498957,9.474324
NDUFB10,-1.7410208,5.8731775
TACO1,0.42845142,-7.2850266
FAIM2,-11.30043,4.051471
CLPB,-12.063567,8.056356
TBL1XR1,3.379881,7.161007
CRTC3,1.5446155,-7.358622
UBL7,6.4720397,-0.7370057
KLHL4,-3.570444,-1.3704525
MTRR,-1.4984648,7.6354175
FN3KRP,12.472785,15.590013
LHFP,4.585253,4.708287
TRAPPC11,-6.8519073,3.9170299
ATPIF1,1.391134,1.551055
INTS8,-4.13408,8.903854
SLC24A1,2.2165976,9.296496
TCEA3,-7.876047,2.0583496
RCL1,5.867642,13.878005
UNK,4.1608386,-3.907095
FIP1L1,2.2699146,4.045194
FBXO18,-4.7016897,8.0738535
AXL,-1.272469,-9.409565
PDGFC,-1.1047535,-9.657716
UNC119,-3.6155822,-3.7029366
ZNF75D,-6.354209,6.018104
GORAB,1.5234598,8.96264
HUS1,-2.4617577,16.194788
PPP3CB,1.1071789,6.2232146
SMCO3,-2.888669,10.783877
RAB12,-4.969146,0.71220493
C1RL,1.2356595,-3.8372939
TSTA3,10.16657,10.43832
RGAG4,-1.36941,0.2086828
SLC4A5,1.8428298,9.230618
PPM1A,-6.6057386,0.7509648
CDK10,6.2421474,8.315893
ZNF568,7.8508234,7.5194817
ETFB,12.510293,15.6278
ITGAD,0.29043907,-8.458629
CYB5R2,-3.8687377,10.519663
PDHA1,2.246848,4.0682054
ZNF184,9.416433,14.116991
RHBDD1,-4.470453,8.53814
CYP1B1,8.679636,17.32661
GIPC3,-7.966785,2.089804
KLHL3,-0.3603665,-4.9491806
COMMD8,3.11673,10.381029
EPAS1,-9.118283,8.399753
PTCD2,2.327742,9.295773
BID,-1.0722338,-10.9691925
POLR2D,-4.30544,8.327784
MED22,6.0225463,11.482141
CHD1L,-13.217632,9.042225
PACSIN1,5.224254,-4.0291
PLOD1,8.496704,-3.024819
ART4,2.1857202,-1.5659474
PIGX,5.6832447,-8.328631
DSC2,8.807288,-7.1176505
SNTB2,5.5591755,6.362899
RTF1,-0.2197741,10.059463
ATP10D,4.3333755,4.5866876
ZBTB8A,-7.0890856,7.2247734
RNF4,7.862745,-2.6756089
WSB1,5.5288005,8.879064
SNHG7,2.0509036,-8.267086
CD3EAP,6.882542,12.87813
GALK1,11.358456,0.32129353
CALM1,-3.7159436,-1.6149988
RPS6KA5,-0.63595283,2.4159882
RAB44,0.26285014,10.802482
RTN4RL1,-3.003394,-0.8029877
FASTKD3,4.066521,16.125904
SGK2,13.757715,11.219216
KMO,2.0401075,-5.739804
LAIR1,7.923736,7.581356
FAM122A,-0.9501317,16.251358
DARS2,-2.2198255,1.080825
CUTC,4.4198813,9.472397
PAQR7,-2.2736392,-0.85180163
GLTSCR1L,1.0939931,6.2095847
SPIN2B,6.272079,8.300171
NDUFS1,6.9868956,18.236803
CCDC15,9.962786,0.22172949
ELOVL5,8.783639,-0.7247731
XK,1.888109,-3.5869498
CD24,8.007415,-2.3103611
ERO1B,-6.9074893,0.91900724
MLF2,10.115382,10.768514
SAA1,13.765038,11.235279
CLEC10A,-1.9957402,-10.154411
DMD,-2.1277573,12.27342
AMOT,3.3179636,5.2816663
GTF2IRD1,4.693313,4.754089
MRPL34,10.354205,10.036453
ATXN7L3B,-8.723332,5.669473
POF1B,-3.6299057,-1.4888049
RNF217,6.1491585,6.57395
BRI3BP,12.558976,0.053601637
DTWD2,10.811673,5.4062066
SOCS1,3.149285,0.88711625
PRSS23,-4.2240496,10.264485
RARG,2.0080767,17.345196
TRIM13,13.473417,8.04613
GEMIN5,3.748115,16.062567
SNX15,1.8158326,9.072899
MRPL2,10.050448,10.573656
GID4,9.786169,13.36254
GSR,6.646758,19.601358
TCL6,2.7173724,-2.8663614
ZNF417,-8.386111,5.633895
MC1R,7.8156543,4.695186
UBOX5,-0.1770289,7.9565964
MSS51,1.4002769,-7.6245804
ZNF669,-3.5487115,5.0477877
METTL8,3.4165664,-6.1128664
SLC12A2,10.705957,5.4067426
GOSR2,7.1977305,0.7487919
ADAMTS8,-3.4193835,10.578133
KPNA6,-0.48972985,3.4661183
LAMC1,-2.3438063,11.977775
CLDN15,6.1439757,10.659431
KCNJ12,7.158364,0.7655076
KIF24,2.0412557,-2.656982
FAM229B,-6.2379622,18.673967
MRS2,-1.1298931,16.09464
TIMM10B,-7.954633,7.391483
MBNL3,2.7953484,6.9073596
CRLS1,5.8544574,13.911444
RPA1,1.557673,3.9413407
FAM169A,-0.64266187,2.38551
JKAMP,-6.704413,3.890777
ZNF12,-5.688368,4.8241286
ETV6,4.7275357,9.725812
GSS,8.840681,7.4052835
STARD4,-7.634867,3.844433
PEX19,-9.541645,8.281373
ZC3H12C,-3.8067524,-1.5739702
FOXD2,5.4711504,8.972259
LRP2BP,-11.354239,-1.8355349
PCBD1,4.516042,10.055606
CXCL5,-11.123224,3.5528076
ARSA,5.664266,-0.8906701
RIOK3,-3.4626603,5.377058
PI4KB,12.010795,7.3041816
RNF207,9.430808,-2.9086874
TLK2,-5.8947983,5.0002074
MBL1P,-2.8303692,10.06683
TMEM231,11.530537,-3.3591726
ATG16L2,1.1198139,12.355568
PLXDC1,8.849236,-3.765305
BTF3L4,3.7665434,16.27836
AP5S1,-4.3584313,5.0150657
TTC5,3.4128177,0.92703944
SUDS3,-5.8359795,4.54298
COX10,8.596155,14.454593
KCTD15,-7.4301677,2.1363263
HLTF,-1.3439997,7.7193284
PURB,-5.9272428,5.692638
TRIB1,7.3588896,-2.2927258
ZNRF2,-5.465278,5.957911
CCR5,8.604798,-3.8898551
MICB,9.389959,14.190915
ZNF160,2.0393698,-1.6384784
ZNF503,-7.096952,7.224054
BIN3,5.507048,12.135654
PINK1,-4.3629003,-3.3138423
HEXA,-1.9936603,-8.6725025
FAM134A,-5.6709137,-6.6876626
CAND2,-4.6230903,10.539053
UBA5,4.296705,12.96678
LEO1,1.481618,3.8865361
APBB1,3.6184103,12.100647
ZNF512B,7.5141635,4.6986227
RYR3,1.4207212,2.1828427
SNTG1,-0.12792078,-4.637636
CMTM7,5.5022697,14.78619
ETHE1,10.0009775,10.640032
ALG1,-8.378684,-5.0307937
CERS4,10.276877,-8.633825
DHCR7,4.5022974,-3.9247088
ACTR10,-3.8884833,11.202069
ARHGEF10L,10.011012,-2.5649457
TBC1D23,-6.5932856,0.73504645
TMCO4,-11.484998,13.212121
GCLC,-1.1923431,-9.500901
HSPA2,-6.174439,8.004348
RTN2,-2.247818,-10.264193
HEXIM1,-3.143752,8.024335
TERF1,10.524671,5.5182257
OXNAD1,8.936528,-3.9236796
PRKAA2,-2.8590462,-3.9012396
HS3ST1,2.8390663,-6.3320704
DRC3,1.2323936,-2.0578
SHISA8,2.0434523,-8.271128
RFXAP,-2.944269,5.6455297
OR5AK4P,3.0358324,-1.4146789
ADGRG2,3.2729697,-6.9595056
GOLGA7B,10.553216,-3.665093
HEXDC,4.164748,-3.8442788
ZNF616,5.1146374,2.5315151
ITPR2,8.7713,-0.7417063
PTPRA,1.851611,2.540482
NFX1,4.080897,16.11501
DANCR,-3.5994537,15.633597
POLE,-2.206894,-1.4104236
MAP2K4,-6.7995853,3.9287603
MAP2K1,8.690002,-0.9233951
LIN37,6.5544076,7.8746023
PIP4K2B,-7.951555,2.0856295
MAGED2,-6.34391,8.069687
SERPINE1,2.4987671,2.5215318
ZNF711,2.9997575,-1.4418554
DOPEY1,-3.5728545,5.0113225
TRAF7,-8.710049,2.4041445
ATXN3,2.5364091,1.1296253
WDR90,5.9991937,3.855859
MREG,-2.3101883,0.9760105
GOLPH3L,5.2243843,9.221312
ACAT1,-4.4343796,15.026327
ANO7,2.1041431,17.227142
OTOA,-1.7877251,-10.136504
SIGLEC1,1.9718561,-10.322446
SLC10A7,3.3127093,10.2096615
C4A,10.31069,-1.6412815
LRRC37A16P,-4.813073,3.6517138
FLCN,-6.567293,7.9594464
KIAA2013,6.5040655,-0.694209
MCC,-6.5630264,10.469862
RAB9A,-6.0340343,12.841573
PRAMENP,2.8782866,-6.3767853
CABLES1,-0.4621903,-5.1317763
CHMP1B,0.21970643,-10.163454
STRN3,-5.511227,3.521114
RAP1GDS1,-5.4727182,5.9538236
CD300A,3.7560732,2.912618
ABHD8,-8.243477,1.3941264
SLC7A1,-3.406283,15.299528
EPB41L4A,-0.130758,-2.3428447
ADH5,-3.6195474,10.73138
COL24A1,6.7982674,-2.1696806
P2RY14,16.027023,0.60999423
SRGAP2C,-3.8320594,-1.5881567
ZNF706,-4.426691,8.635514
ARL6,3.6695032,6.9339795
GIT2,-11.382076,-1.8640269
NOTCH2NL,-2.342907,2.4122972
TRNT1,-2.0319016,15.923235
RSPH4A,4.4447827,9.433207
MIEF2,-0.40213096,-5.938002
MED29,10.583296,-0.78429055
MPV17,-1.9000036,5.377422
ZNF280C,-0.08086363,5.8972006
BBS5,9.994387,-2.6184185
UST,-0.6282545,-9.549339
TIMM10,-3.2469966,7.970589
CDKN2AIP,-5.313342,3.2944293
ACPP,7.817058,7.5295753
MAST4,-4.263961,4.8663454
SLC35D1,-0.4203293,3.554359
APCDD1,-6.209781,8.044568
CABLES2,3.3950777,5.358184
FAM102B,-10.533748,4.3103156
RFC5,-7.3054967,14.225171
MYL4,1.934862,-3.7358317
FADS3,-2.8526711,2.4042554
GSG2,11.308828,-1.081434
SLC12A3,1.7659396,-7.1086273
TMEM55B,-6.816688,-1.1046072
KIAA0141,10.011398,-2.542324
GLOD4,12.474228,15.593312
MT1F,12.1141405,1.2033069
INO80B,0.47920465,-7.3229218
APH1B,0.15393837,-10.145575
HTATSF1,1.595093,3.923079
SRSF5,-9.48837,14.192669
ATG7,7.922213,7.408848
FAM204A,0.075969346,0.42932647
FAM26E,1.783809,2.4213574
RASD1,9.75331,-3.527804
SPNS3,13.965423,2.8007069
ACTR1B,7.4512315,4.2937922
KMT5B,13.472929,8.046141
TMEM266,-8.336333,10.851957
ANKRD54,-0.15878329,9.631314
LDLRAD4,-4.5548067,3.7658753
PBX3,-7.1156282,7.236864
SYNE1,2.2302601,-1.2761397
ANKRD10,-4.421189,4.988727
PRDM8,7.896605,-2.600034
GANAB,3.583185,13.2610655
HPGD,8.608318,-7.6272397
CHST11,3.609523,0.62777966
ORAI3,10.33388,-2.8508823
HIST1H2BK,12.847355,9.273286
WDR83,6.507225,-0.69353986
CCDC107,10.135975,-2.984314
MB21D1,3.0346432,-1.4352788
P2RY8,8.167635,-1.9010907
PPP1R3C,-10.877123,4.120843
PIGB,4.36593,9.303194
RNF8,2.3265536,4.0371265
TPSB2,8.598683,-7.6574354
RASL10A,-0.82329625,-1.687184
EDA,-4.138049,-3.9702127
TMEM25,11.38798,7.293948
TVP23A,5.571946,12.144443
ANO2,2.0171156,-1.5755771
FBXW9,-5.8143578,5.429667
URB1,6.747927,13.2738
ECI1,10.142467,10.390515
FAS,3.6195154,6.7952805
NPY6R,-5.2468843,11.331302
PPWD1,-9.489118,14.192995
CRACR2A,6.759006,-6.153688
ICAM1,0.23872897,12.774635
F13A1,-6.72276,-4.6219354
ZNF277,11.604889,-7.3488855
SLC6A9,1.9494041,-3.3983026
ZNF37A,-5.648486,0.082400315
RNF125,8.182982,-4.2412486
TRAPPC3,15.929134,2.3661249
HTRA2,3.8196995,18.002178
TMEM129,6.7040467,8.319102
MORN4,-3.0765991,2.0037048
PLEKHA2,-1.2032523,-4.8844213
RRAGA,2.4513881,2.1857436
ALG14,3.8232555,13.054004
MEGF6,1.69423,2.2688017
XAF1,0.6589346,17.995102
ZNF525,-0.8020184,4.9760523
PDCD2L,1.45782,4.232679
ATP5SL,10.281105,-8.634044
ZNF621,-4.1299863,4.0871997
SS18L2,2.1527627,4.077748
HR,-1.9826561,-3.1010056
ZNF628,9.400962,-2.835187
NPIPA1,-10.7305565,9.554276
SH3D21,-2.833728,10.070266
ZNF862,-4.0093393,14.688644
TMEM5,5.8140397,13.959287
GBA3,-0.092627704,-4.6008906
TSKU,-7.361405,2.1520298
ZNF518A,0.49504977,5.9104004
OGFR,5.9743385,3.859438
TRAPPC12,9.416756,-2.828472
IAH1,6.632277,14.641076
PLEKHA7,-1.1903102,-1.9859734
KPTN,3.8227174,18.011831
ERCC6L2,5.386834,6.801791
NOV,-1.6206089,12.575553
NADK,5.2741685,12.982804
ZNF544,5.321808,11.282795
CES2,-1.983232,-3.1028445
BLMH,-5.806361,-4.8760443
BTBD10,0.6808268,18.290545
PDDC1,6.201698,8.304815
MAP1A,-10.502712,4.336226
GTDC1,-3.438202,-1.2696267
TPMT,-1.0096457,-11.091952
CECR2,9.433724,3.9800282
RBM8A,4.3550725,15.957365
SRA1,6.618843,3.9451072
GDI2,1.4412907,4.192182
NCOA6,-6.8021636,1.0748627
ZNF622,8.442912,14.366472
B3GLCT,-6.9990587,10.79809
MDM1,0.9752819,6.0677514
ECE1,12.049703,1.1372252
TMED4,-5.294608,13.330004
CDH3,-10.8531065,4.1243043
TBL1X,14.694207,5.50383
NRBF2,1.1394539,12.04016
DAD1,-5.9005766,9.31988
FPR2,5.9558334,2.7128901
TATDN3,11.625499,12.915704
AKIRIN2,6.140559,1.2952509
SRPK3,12.42736,15.546008
ST3GAL6,-1.0575404,-11.000264
ID4,-6.3522854,8.060944
OCEL1,-1.3470405,0.1759614
SH3TC1,5.845352,-9.758599
OGT,-9.490207,14.194354
RDH11,-4.699786,0.6470911
MEX3B,-4.062275,-2.8307948
PDCD7,-0.7888519,4.9911346
TTC1,-3.9785774,14.620327
COL17A1,0.07557613,10.996911
EMC8,-2.9782119,7.3087606
ZNF500,9.403562,14.168493
DDTL,5.3019624,11.88942
ENSA,-2.7675676,6.994452
DNASE2,-7.120434,5.429439
SQLE,4.4970317,-3.925955
ORC2,-4.1805706,3.4636915
CD99L2,8.713077,4.529457
MED31,-5.586214,16.930937
JMJD8,5.9080324,3.5046878
IKZF2,8.174368,-4.246191
TTI1,8.536432,14.419044
WDR60,3.014715,-1.4408907
MSTO1,-5.021826,8.580669
PNMA1,-4.3235373,10.258889
GFM2,3.515581,12.021268
SF3A3,1.5161314,4.229097
RITA1,-3.437949,7.991005
CAPN14,-5.3122053,13.297644
CREB3,5.2774053,-0.8189202
DTHD1,8.471294,-3.415606
B3GALNT2,-0.3828078,10.090029
APOD,-2.0054538,12.344049
WDR27,6.5543227,7.56783
PPP2R3A,-6.828613,10.673519
ROBO2,-5.114423,11.131012
PTCRA,-1.3686717,-9.966932
MUC3A,3.2617664,-6.9467187
DIP2C,4.1433625,4.84424
LRTOMT,8.609488,-1.0555676
ITFG2,4.845979,12.976704
CCDC93,-7.288351,-5.8164477
ZNF788,-13.265731,8.926829
SPAG7,8.899745,7.346816
MTFR1L,-10.7190895,9.555397
MAP1B,-2.3388917,11.981288
ANXA2,-6.315945,8.103627
SPHK2,7.0005784,13.450313
ZNF551,9.769061,11.009027
FYCO1,11.446818,-2.0224419
MIS18A,-2.243343,1.0559516
TBC1D25,5.3372164,3.2084346
GTF2E1,11.248278,7.2152147
MAP1S,8.398993,7.610657
JAG2,-11.581278,4.152459
PI4KA,-0.70943487,10.012497
ST6GALNAC1,-2.390832,-0.9470355
ZNF330,-4.8484645,0.94778633
THG1L,2.2764592,4.063895
HMCN1,-4.059376,-1.649315
XCR1,6.15422,-2.2748284
REXO1,8.474727,9.494098
OTUD7B,4.8520436,4.9772854
SMPD5,0.54684925,-10.54263
RGS6,-2.2852433,-0.86816883
TMEM189,9.94776,3.661387
PORCN,2.330174,9.296351
UPF2,-8.236365,5.641593
ZNF702P,5.079915,-4.409683
EVI2A,8.704622,-0.8817474
ABHD11,-8.742327,5.68172
GPR180,-1.4551442,7.663457
TTC7A,8.106691,9.489906
ZNF605,-9.010171,5.7778296
CPNE4,1.4187162,2.1823523
AIDA,-4.682013,0.6794352
UGGT2,5.072317,-3.6858673
KCTD5,8.125585,7.5395656
SLC25A33,1.5813538,3.848267
DEGS2,1.5531003,-7.328674
KBTBD6,6.1389065,-8.227942
MRPL17,-1.868312,5.4215026
TPK1,-2.8740957,8.252194
SREBF2,-2.6430876,0.7137917
ZNF266,4.385274,9.30737
HYLS1,-4.22187,8.824486
AKT1,-7.8544197,2.046874
EIF4H,-3.7511826,14.4435005
DEF8,-3.631541,-3.7124078
DYNC2LI1,-3.0845706,1.9872222
TOGARAM2,6.1646295,5.74521
MDM2,-5.8129854,5.4224253
MYBL2,7.40555,2.4825957
THBS1,6.2617126,-9.637781
TENM1,6.7342234,-9.225468
ANKH,-0.6711783,-9.584291
KRCC1,10.67686,5.4237328
TXN,-3.9744234,14.605513
ITGA5,-3.185624,10.628297
KIF4A,7.268735,2.5115438
SAE1,-3.9290383,6.664768
ARNT,-6.541705,10.4507
ZNRF1,-11.1326885,3.58787
SLC35F2,-4.3930397,8.398895
HN1,7.174738,-2.1275382
SLC36A1,5.3076005,12.989276
SRSF4,11.479108,14.420215
IQSEC2,9.589766,-3.955581
CKS1B,-5.8359237,-4.9024415
SMPD1,6.564427,7.865814
NNT,-0.07564838,5.8864856
SUCO,3.5117998,11.086505
KHDRBS1,4.1790905,-3.8867943
ZNF229,6.506038,-3.5285537
MPHOSPH9,-4.208943,8.837734
CCDC82,1.340295,9.051914
CCSER1,3.019279,-6.5780244
LRIG2,1.6522593,9.040168
PUSL1,-3.6322932,8.010509
CAMTA1,-10.04636,6.6736274
KLHL7,-4.7607136,1.2886702
NAV2,-3.1027968,10.696107
CLC,0.3333453,10.811575
AMDHD2,5.612441,3.2337654
OASL,0.5949858,17.5427
MAP4K4,8.772307,-0.7511352
BAG5,-4.713584,0.65391105
ROM1,2.0229623,-0.90369046
CYP2T1P,2.388126,0.95738816
TMCC1,6.088494,11.510324
CENPW,7.382734,2.4901822
TCF19,7.3813715,2.4902167
LGALS2,1.5075033,1.7247751
TBC1D5,-6.9235754,0.9553815
PSMC3IP,-5.8172927,-4.881168
CCDC121,-2.379408,-0.95491344
SLC20A1,7.883167,-2.6256077
MID1,-12.919198,1.9180645
SHROOM1,-8.046671,1.713196
CYP20A1,-1.7127938,15.7435055
ZBTB22,-1.6868114,15.701456
SEMA4B,6.4336796,5.3751526
CNNM2,14.0226965,11.696206
WDR7,3.1273022,7.0577054
GEMIN8,5.1899447,11.891342
CIB2,8.825888,-8.183027
BLCAP,6.2640896,8.361371
CAMK2A,-11.196612,4.015777
CCNG2,-5.8181252,5.427624
PRKX,-5.9595094,12.943514
CCNJL,-2.7292047,8.340573
PRCP,-2.04487,-8.7554655
NDUFC2,10.346666,10.053292
NOVA1,9.113286,2.2545986
ASCL2,2.0027797,-10.3124075
PIGT,7.260234,11.983049
BANP,5.27729,2.7446015
KIAA0895L,-0.5868923,-5.8323083
RHEBL1,6.365736,11.5352125
ARL3,-4.48698,10.050165
WSB2,5.7321157,18.626785
CAST,-0.21474893,7.8662763
CPQ,-4.052257,-2.8242517
FN3K,-2.4137514,-0.9163368
PLAC9,-3.7874105,10.54644
ECHS1,-1.9177623,5.336689
CLN8,1.4664615,-7.295425
STAT2,0.601207,17.34708
PRIM1,-2.2245283,1.0721653
CAMKK2,-10.551533,-4.4227705
ZSWIM1,6.371254,8.102647
ZBTB38,-6.080174,3.9379094
ZNF461,1.4996624,8.97904
SUN2,-4.7668376,1.8902675
MGAT5B,7.272558,0.8043259
ATP1A3,8.848734,-3.8815613
SLC39A9,4.12676,12.4915
LRRC8A,-4.4796486,10.39646
MRPL48,-3.1773517,7.648244
ADGRE4P,-1.20046,-9.517342
LRRC27,1.0247021,-2.2935908
ZNF674,5.2186174,6.9539766
TCEAL2,-4.286222,-1.4432938
ENGASE,6.539701,7.5465455
LFNG,-8.018425,-7.774919
DNAH8,2.6411192,-2.6744084
FAM71F2,7.1548066,-8.331841
ZNF852,0.6419872,6.217286
H3F3A,5.8685336,-8.239252
NRDC,5.5204277,13.193378
MRPL1,1.2528425,4.7796
GAS2L3,-1.0117742,-11.08591
GPR108,-2.958038,2.3226767
PCYOX1L,2.1288364,11.051286
PALD1,-7.334813,2.1609294
PDE5A,-5.1619577,11.28247
INSL3,6.1790195,1.6247829
PKD2L1,-1.0969082,-10.05959
KCNMB4,-2.7433395,-0.96175236
RHBDD3,8.770781,-0.74683404
VWA8,-6.1324944,3.941892
BTNL8,7.0993404,-8.375802
ZNF439,-13.2268915,8.967648
CCDC138,-2.2861385,1.0045675
BSDC1,6.680275,8.29843
SLC19A1,5.853668,1.370316
SLC16A5,5.2508755,12.959527
TMEM237,2.964568,-1.4662243
UPRT,-4.576121,3.772827
SUSD1,7.9306397,7.378782
SF3A1,-0.74864644,10.0648
GPR84,0.43873516,12.200733
ETV3,4.129685,-3.9127057
EHD4,-0.18342854,-2.4225247
RALGAPA1,-5.5766063,3.0258834
CMC1,8.268487,-4.1081233
TMEM67,6.513015,-3.5214133
ERCC8,-6.9803905,10.784603
JUP,4.379474,3.9715197
EML2,5.552042,11.501994
SLC35F6,-8.664963,2.3661656
TP53RK,1.8727586,4.0669007
BTBD3,2.6841216,-1.6662202
DHX57,-1.2100893,-0.010164572
TGFBI,-2.2519834,-10.26169
CENPK,1.9436136,-2.4646938
NRAV,9.536909,13.99238
PSENEN,-3.6538494,6.791757
C5,-5.5963964,-6.626266
B9D2,5.089641,-3.6913528
CDKN2A,11.4473505,-2.0179648
RPL28,0.44768867,-7.3011065
BPNT1,-8.747627,5.6837616
PIGN,2.617317,7.8868914
MORC3,0.6600878,6.073551
DOK7,5.147129,-4.075042
PDCD1LG2,14.052652,6.007268
DUT,-1.9842337,-3.1029806
ZDHHC7,-9.047102,3.7431037
PIK3R4,-3.60777,4.9625382
ZNF860,2.0346792,-5.727247
TBCCD1,-1.8040837,15.782182
POU2F1,6.221975,8.309289
DPY19L2,9.468752,3.9614458
COL20A1,-0.17316893,-4.699221
WDR61,-1.7373049,5.8913155
ZNF362,-3.5454352,15.549245
DPCD,-5.778725,13.235981
WDR37,-1.0104623,-1.8204963
KIAA1468,-3.0283372,5.762923
ARFGEF3,5.9920783,11.21902
HELZ2,0.51838744,17.25821
SLAMF1,7.878477,-2.6522284
SLC39A3,5.7899003,11.529586
INTS4,5.5674725,12.158003
NDUFA6,-2.8615654,7.086492
DYNC1I1,-7.100441,7.224696
NSUN3,12.011978,7.280337
COG8,6.0942845,11.508231
ADGRB1,8.627286,-7.7461295
GLUL,0.1445684,-10.142972
GPBP1L1,-4.4029565,4.9989586
IKBIP,4.4741974,13.004793
PRMT1,6.985112,11.794109
ZNF697,-11.206593,4.026162
UBQLN2,8.46188,10.604753
E2F6,-8.889794,-3.2864494
PHGDH,-4.96084,8.538769
MRPL16,-3.653712,6.792311
MAPK12,6.505773,7.905668
DAAM1,-6.204262,8.1624155
KLHDC2,8.511916,7.752321
MME,6.5384192,2.7916124
RERE,1.4714156,1.6806092
HNRNPA2B1,3.065958,8.056824
PIK3R6,-1.0988519,-10.906443
CMAS,-0.33805972,7.8661776
SVIP,0.7165174,-10.702425
ATP1A2,2.7752318,0.9629793
PXK,3.4358346,-6.1053953
PJA1,-8.401585,10.921226
MPI,6.5579147,17.487442
ANKRD16,-4.0854445,8.211294
BTBD11,10.589161,-3.8303695
EXOG,4.596279,9.860002
MTMR10,-6.880609,3.9494264
ZBTB7A,9.312436,-2.7754114
HSPA7,2.2208157,-6.0535684
DEFA3,0.22678559,10.81334
MCPH1,-0.63150096,2.9243803
INPP4B,-2.58044,11.724486
PMS1,-0.7808822,5.3288755
MADD,6.8233166,-0.28201875
ATF4,3.457004,5.4178925
CCDC134,2.995334,14.08432
ATRIP,-4.719397,0.9717173
DEDD,12.054678,1.1341281
CUL7,-8.0881405,1.7622819
POLR1E,11.498064,-7.276821
TRIM37,-1.165799,16.11989
GTF3C3,-3.587561,5.0110016
NOTCH3,-1.3477027,-9.317437
SCN7A,2.5744784,1.0954578
LAMA1,-3.777832,9.884497
CA5B,-2.966458,5.799042
CHCHD4,-2.4492116,16.162807
MED8,2.985046,14.090738
YBX3,-8.763893,8.527125
AGTR1,-6.550244,10.459249
CBFA2T3,5.579542,-4.0139947
COMT,-1.9805808,-8.687104
PLEKHG3,-3.2755828,10.563149
HMGN4,9.84702,3.7301316
RNGTT,9.476664,14.619713
AS3MT,7.973502,0.9591443
FLT3LG,3.1466842,0.89980966
ATP7A,-4.1394157,-5.145178
PRMT2,-3.4518995,12.715315
FBXO9,-6.7443647,3.938384
NOA1,11.572744,-7.329201
KCNK7,-3.6171749,-3.6899314
TCF7L1,-8.00839,1.6999037
ALCAM,8.800607,-0.6979826
ATP6V0B,3.7374754,2.9147017
SAMD12,3.0900302,-1.39755
MRPL36,1.1400455,4.9150386
H1F0,6.2009964,11.265471
IQCG,3.8393662,6.8969293
RBM48,-5.7212505,17.065405
SEMA6B,1.9993981,-1.5875467
ATF7IP,-3.0085528,5.547104
RHOQ,-3.77328,-6.240896
LLGL1,-8.017667,-7.7745667
NAA38,10.342573,10.06384
ERI1,12.017688,7.3129096
PAF1,-8.941138,-0.13160418
SH3BGR,-2.028587,12.291992
GALNT11,-4.0207677,-1.645236
ZMYM1,-2.4057288,-6.616221
LPCAT4,6.012624,10.573746
RILPL2,5.8580275,-9.754268
CXCR6,8.70585,-3.862258
NUDT18,-2.4684682,16.214499
MEF2B,10.102647,8.785447
TNC,-10.913103,4.1123834
PGRMC2,3.5572689,11.342684
HSDL2,5.9200273,-8.204937
PCLO,2.6368303,-2.664248
CLCN6,-2.4499736,2.9845996
VSIG2,-8.011559,1.6093132
ZNF383,-0.58632195,5.1359425
ANKAR,-13.164591,5.644845
MED19,11.70199,12.847659
RHPN1,-2.1732812,-1.6378145
PEX3,6.9882817,18.238226
FXYD5,0.49289966,-7.329155
DMWD,6.704386,8.332745
ASB8,4.2315235,3.1881669
TRIM25,5.3125834,12.98321
PRRG4,1.498163,-3.5147645
RAB3A,9.651412,-4.098884
CORO2A,-0.7763996,-9.685937
WBSCR17,-2.6749253,-0.955476
ZNF771,5.854935,8.669595
SYNRG,8.599062,-1.0764225
MIEN1,6.4971294,-0.70277077
NCAPG2,11.304086,-1.1040009
SPTLC3,-4.9973345,10.977443
DDT,9.59854,1.0342895
STX12,-8.623681,12.818483
MYC,1.4506038,-7.3129063
ACOT7,6.5368357,17.512333
TAGAP,10.562676,-3.8183453
NETO2,9.827832,13.3248825
EPHB1,7.1671276,0.7505565
NAT1,-1.3686337,15.420462
IGSF8,-6.781602,3.9342794
PHF13,-4.06274,-2.8325987
TNFRSF10D,-4.914944,0.7363353
TRMT10B,-3.9355557,1.4386606
WARS2,-2.636654,4.4430685
FAM43B,-1.220106,0.011448334
ADAMTS12,-4.9225955,10.852979
RPRM,-0.35866466,-4.929854
GPSM2,7.3672786,3.3837535
EAF1,-3.759751,-6.223899
WWC3,-3.4882665,5.0019493
RHBDD2,7.4615626,4.2976036
TMEM218,11.05712,4.0540247
CWC22,-5.828538,4.990973
SMAD7,-7.6000004,2.3205814
WNT2B,6.5030856,-3.549644
ERLIN1,5.916505,-8.187142
ZNF619,-8.402043,5.6292725
METTL15,5.2315817,6.9512725
MTG2,5.694432,-0.89177865
ADI1,-1.199843,-10.237777
ZNF440,-3.0771766,5.4792747
PLEKHH1,0.67901856,18.150826
KCNC4,-4.057083,-2.83721
CLUH,7.16661,11.9494095
HARBI1,1.7680528,-3.0001347
SYT17,3.0181634,-6.5893574
ZNF155,-3.582413,5.0225215
RUFY3,-0.8516761,10.096532
YEATS2,1.3097404,1.5435507
DBNDD2,2.576833,1.1159548
TMEM14A,5.235102,6.9474587
BAG1,-4.1798234,-0.56802154
TRIM35,-0.49488562,3.267357
CD320,-2.9115467,-0.84515005
INTS14,2.3117533,9.302319
CTSH,5.50303,14.785435
HAGH,6.63163,8.301921
PDHB,-3.782647,14.471346
TTC30B,-4.2786264,-3.3187087
RHBDF2,-5.366855,2.2154846
HDDC3,4.761555,20.325127
SF3B2,8.457898,14.382161
KLC1,-8.022614,1.7708561
TRIM5,0.69238085,18.286911
KLHL33,-2.9796274,-0.80096716
RBM4B,11.561948,12.979314
TDRP,8.072683,-2.1342475
MAPK15,-10.717756,9.552835
SLC7A11,-3.4605181,15.297791
IL5RA,5.467807,-2.162836
PLEKHA6,1.727729,2.3321602
ZNF92,-4.1323195,8.906345
OXER1,6.5756493,-3.5827322
NAPEPLD,-4.077106,-2.934432
LHX4,-0.19637263,9.815957
NDUFA10,-6.5515885,-7.336452
EIF4E3,-0.6915764,8.006033
CETN2,6.536185,17.51282
ZNF250,-0.8596804,5.368881
IFT80,-2.4074259,-6.647176
SCO2,0.62754893,17.735683
ZNF548,14.192832,-1.6966761
SPATA33,-0.052283943,4.928557
C4B,10.302635,-1.6466095
FAM53B,-5.364311,2.223835
PRDM5,6.2159424,6.5674872
NFYB,-6.454156,10.411339
BTNL9,3.0687916,-1.4060204
GATA3,1.1545012,-1.6115897
CRYZL1,8.12613,7.537894
APTR,9.616055,-4.364077
PIGO,12.440663,15.559584
ASF1A,3.1313715,7.695531
PIGA,-3.4733133,5.3740015
FBXO10,-2.2750523,-1.3145138
AGBL5,1.0447645,-2.2604775
GADD45G,-3.1717083,18.349306
PRDM11,-5.8159595,7.8119044
SAR1A,3.8719442,16.580479
TBP,4.197727,9.151691
CAHM,10.751956,-3.2985263
ST14,8.325988,-1.591835
TTC39C,10.602332,-3.809897
SCLT1,4.2182493,3.297977
SLC7A2,4.7269697,4.780136
FCGR2C,2.2248383,-6.052428
LMBR1,-8.498058,13.009925
NSF,-4.4551425,8.50512
UBR7,7.3108964,3.8023343
CDC37L1,-4.4075627,4.995575
MPLKIP,-0.6201333,2.9013438
LZIC,5.074206,8.368181
NT5M,1.8566275,-4.035669
ADAMTS3,-2.5191789,11.786036
SNX11,8.461861,7.6112714
TEC,8.314874,-1.6014334
CCDC92,-6.0735607,2.6062286
CNOT11,7.585549,15.473636
SERINC5,1.2138916,6.3149233
PDIA5,-5.7942295,9.070033
OAT,6.1651325,6.4817495
SLC16A10,-1.3098617,-9.364418
BTD,-3.0148637,-0.8140012
KCNH2,-2.0815437,12.292823
ANKRD33B,-3.3898213,-1.2333555
ADAT2,4.51762,10.055422
ODF2L,2.0634396,9.280228
HSD17B14,-6.555933,7.961891
OSGEP,6.6985497,3.9975202
ADM2,4.344146,4.5817595
ANKLE1,12.559458,0.05487018
FZD5,-4.61368,9.910406
AKR7A2,-5.6413183,0.089183755
HSDL1,-9.484053,14.188172
ANKRD26,-5.1634398,3.4532409
VASH2,12.03577,1.1287245
SART3,8.475806,14.391689
RMND1,-0.40514797,15.191509
DOCK9,-4.8361278,3.6330297
RGS9,1.0091339,-2.297995
EMC4,4.336652,13.415713
ING1,-4.4315166,5.002809
BBOF1,5.1903234,6.9723244
FAM219A,-8.086322,2.1844125
TUFT1,9.577237,13.5155525
UVSSA,7.753615,4.66788
EIF3D,10.984901,2.3370388
MRPL20,7.2244263,11.963261
ETFRF1,0.076342575,0.43108872
ACTR6,0.9955481,5.9187174
LMLN,-3.0601892,2.0244715
KCNAB3,4.3810544,9.303996
CCL16,-0.42991364,-5.290857
UNC45B,5.5499277,0.395449
SPDYE3,2.7435298,-6.162993
GNPAT,-0.56530505,3.028149
GTF2H4,-4.119778,4.80375
EPB41L5,4.1553717,4.801087
STX17,5.0691457,8.360645
MAMLD1,2.506792,2.5299418
ZNF799,-10.540686,-0.020278882
LAMTOR5,-4.1062374,6.5387053
IMMP2L,11.5250435,-3.3538883
SNTA1,-2.065984,12.253602
RBMX2,2.5403786,-8.256907
CD274,-7.057191,10.843797
TNPO3,1.5506527,3.9069197
UMPS,3.5385647,16.192114
PCSK5,4.853034,5.003038
AGPAT5,-5.5793853,3.0318966
HPD,2.4819834,2.2242465
ADAM23,14.104869,-1.7825528
CHCHD7,7.34113,15.13529
ANKRD20A5P,6.037809,10.599661
ZNF292,1.1460972,6.2718015
CLNS1A,2.2336729,-8.264668
FBXL18,5.1411686,2.560829
ZNF132,-9.018839,5.7873325
HS6ST1,-4.5752306,9.950754
CALHM2,-2.1776655,-1.7321503
LCN6,2.734412,0.9685168
KCNS3,-10.7215605,4.2042956
CISD1,9.854374,13.294156
SERPINA3,-0.5941338,-2.618406
GYPE,3.0693753,-5.9972625
LOX,-3.6523013,-3.619945
B3GNTL1,9.57228,-5.1423845
WIPF2,-9.389441,8.3358755
PPP2R3B,6.5531034,7.8478374
TMEM138,6.661454,3.9590838
TBC1D8B,-4.6049705,10.462417
ZRSR2,2.0999603,11.047359
NGF,-4.85128,10.832232
RABGEF1,12.045764,7.3718915
DUS4L,-13.312994,4.7251687
AK5,-5.505277,11.653639
P2RX2,2.1044424,17.226103
CNP,0.58661795,17.384178
GPR4,8.679754,17.328175
CACNA1C,11.94903,1.0535429
GMNN,11.48117,-1.5711802
APOO,-2.9018896,7.152792
OSBP,3.9011903,12.787191
KLHL26,2.2888672,1.7173151
DDX12P,11.300686,-1.0533541
LRRC3,-0.07236141,-4.5773306
TFRC,1.9430159,-4.228637
DCUN1D3,-3.5344217,10.488955
RIN1,5.9109454,-1.3079021
DYNLT1,9.651434,-3.9271526
CHI3L2,2.1829116,-6.7547884
POC1B,8.446523,10.6027
ADHFE1,7.8377647,4.703819
MKRN2,-0.19679093,7.945353
ZXDC,4.2149997,3.3005264
VHL,11.212251,7.1905055
GREM1,-1.9025098,12.363401
ABHD12,-3.4549937,12.71891
TDRKH,-1.977889,-10.175079
CDC7,3.490822,1.0640588
FKRP,5.9134917,3.5141242
TIGD5,6.8231936,-0.2872745
ZNF491,-8.942026,-0.13353725
GYS1,-3.7347376,-3.6123207
ANK3,4.566152,4.7097745
TMEM116,8.79531,-3.7312393
PEG10,1.8062317,4.571011
PTP4A3,-4.706199,8.089133
ZNF43,-0.044654142,4.949102
CYSLTR2,9.713528,-3.852205
ZSCAN12,-0.8373138,10.098452
SNHG16,2.2728841,4.045792
CPXM2,-4.601196,9.930664
AP3S1,-8.508867,13.009798
FAM117A,-2.9789088,-0.8010226
SMURF1,7.474277,4.3462667
PPP3R1,-7.346915,12.211026
TOX2,5.6775994,-3.9700422
LYAR,1.4587717,3.82475
WASH2P,-3.7643747,-6.230338
FBXO45,4.265109,13.508021
P2RX7,8.086698,-4.371729
FCF1,1.121792,4.9490004
BRD2,-0.69818693,10.006475
PANX1,-2.0721974,15.9075985
SLC26A8,1.2287443,-3.828169
CEACAM21,16.261906,8.557213
PRMT9,9.742837,-3.784342
ALDH1A1,2.4557908,2.6757352
NME6,-4.4135327,4.9960117
ACLY,-7.599552,3.8427558
MFAP3L,5.2024884,6.9707894
SUMF1,-4.144388,-3.959555
CDYL2,11.354482,7.2654066
ZFYVE9,-8.785904,8.920298
RDH14,-5.882738,5.0039926
ADCK2,14.040749,11.73252
RCAN2,-10.842358,4.139781
LDHA,-12.061704,8.054443
ZNF333,6.738496,-9.3391
RBM41,-0.7208668,8.013618
RNF114,0.59323823,17.373077
ARL10,2.224484,-6.080707
FAM161B,-8.431711,10.951182
WDR92,-5.6623693,-6.6784043
TPBG,-0.16235979,-2.3986673
PCGF6,-5.8740745,4.6143584
CDC14A,0.6224925,6.047014
SPG21,10.9981365,7.0596213
HHEX,-0.60933125,-9.534672
ABHD16A,8.873959,7.363201
MTHFR,8.889884,-6.962472
CYP27A1,2.1034615,17.226952
WASHC3,-2.7719138,4.7561345
TTF2,-2.3114603,0.9751261
TTC32,0.14815445,5.1314616
SPNS1,11.327799,0.3483576
KLHL5,3.1633048,10.291472
SCYL3,-6.513442,2.4154139
MED6,-4.3147664,14.883401
LRG1,0.5398144,12.279424
WDR45B,-4.814108,0.9715592
ZNF169,-0.1377931,20.207422
DDX5,-9.49002,14.194271
GBE1,-8.509913,13.001883
PI4K2A,-2.0105996,-10.175108
LZTFL1,-6.824648,5.1878667
RHOF,3.0169692,-6.59057
PHF23,8.171846,-1.8891801
IRF2,10.999497,7.06012
SDHAF2,6.8111544,-3.5655785
RHPN2,3.4152622,-6.1189504
TMEM156,4.990953,-4.676929
ABCC3,-0.9107294,-9.655335
CBFA2T2,-3.9693954,1.466624
STMN2,-2.0167131,12.305935
H3F3B,-3.170111,18.350454
NADK2,-4.333421,4.970927
NAGPA,4.6095133,12.946365
ADNP,-5.887699,4.6214066
CPNE2,-8.6337595,2.3542533
TBC1D9,0.8992708,6.1710343
REM1,-3.8414083,9.755626
UBE3B,12.200977,-3.3820543
CUL1,-1.2582105,16.176575
OXSM,-3.6033752,15.632866
SFXN5,-2.2714539,-8.396672
METTL12,11.616042,12.9228325
NEURL1,5.073769,-10.729111
HAT1,1.5150676,3.852048
ZFAND3,5.7319937,18.627514
PLD2,9.993508,-2.6096544
GALNT4,3.1351192,8.074297
CARS2,9.414131,-4.869105
NPC1,8.462146,-3.4091613
ZNF600,-13.217792,9.041544
GGT7,3.3029351,10.180833
MLC1,13.976849,2.8254952
SEC61A2,6.728475,-9.293378
CD44,-0.38764948,6.4008174
RPL10A,2.133586,-8.264358
TAF1B,-1.3417225,7.72091
AHSA2,-9.490933,14.196086
SESTD1,-0.045504734,4.942703
ZNF526,6.8749437,12.893883
CYB5R1,-1.9645094,-8.717193
TMEM128,0.07509527,0.43391863
YBX1,2.2770107,4.0415983
ZNF543,6.318482,0.17214303
LAYN,-4.5696874,9.956998
B9D1,10.075708,8.778305
TAL1,1.9524726,-4.2533746
APOC1,-1.4394834,-10.011583
FOXO1,2.696359,7.145124
ALDH9A1,3.342494,5.316877
KCNJ11,-1.2072464,-2.0078197
FAM134C,-1.3181056,-4.9052324
PPIF,7.030996,0.7270441
RNMT,-3.446888,5.307651
ZDHHC13,-0.06574634,5.8805227
SFMBT2,2.0696974,9.285128
STK19,-0.47519225,-5.837777
TDRD3,-6.300733,18.695475
MSH3,7.300371,3.8360367
DSE,-8.49266,12.957482
SLFN12,-3.780731,11.106938
RBMX,3.724278,16.081295
ORC4,9.639896,13.465284
EID3,-11.38903,-1.8706148
ASCC2,6.619385,3.9470766
UBXN8,-2.891292,-3.8690608
L3HYPDH,1.6258353,9.045928
ARMCX6,1.0460811,-2.2680998
MACROD1,1.0225073,-2.281526
RRM2B,-0.036417507,6.076667
SLC35D2,-3.8360467,8.063256
RMDN1,3.8186083,17.982805
ATRAID,-1.7367151,5.8909883
MARCKSL1,-8.399293,10.916118
GALNT9,-2.8307743,10.067484
TRANK1,-5.708277,17.052755
NEB,7.6698084,5.306343
ARSB,-6.0157814,9.475536
DEPTOR,2.3787751,1.3399857
ACAD11,-3.9534347,1.463017
MRM3,6.4396544,11.576353
VPS26B,3.936406,16.24215
LENG1,7.664091,11.374687
ZNF468,-8.267087,5.6428003
HOMER2,7.982163,0.94729185
MTMR7,-0.060281567,4.9393325
ALDH1A3,4.5509615,4.7006965
ZNF48,3.5420864,11.327992
PIGP,-0.20568483,1.313601
ERCC2,6.497183,7.8359857
LRRC8D,-0.924264,16.270836
APRT,-10.750642,1.870755
MCAT,7.2940035,12.007852
ZNF141,-8.858193,5.7232957
MDM4,-2.9446754,5.6782265
MTERF4,-1.3489842,-4.8692183
ABLIM1,-0.6432644,2.4004202
RAB3IP,-0.52466285,3.0713782
ETAA1,-4.565754,4.2042375
SESN2,9.6401415,-3.8986785
TMED3,3.0710783,14.167294
PRRG3,-0.56356496,-5.818634
GPC6,4.8451247,5.0498257
IKBKAP,5.312568,11.281933
BBS1,9.247046,4.069301
PSME3,4.273661,16.02197
FOXN2,11.2538185,7.213753
NMRAL1,5.0686226,8.368091
GPN3,-1.0760398,15.993161
PRTFDC1,-5.164651,11.191977
PIEZO1,-6.5314775,2.4064648
ABAT,-5.6193194,-6.6354575
ARL14EP,-1.2894453,16.063845
BCOR,-1.4386165,15.395557
MSRA,-3.75175,-1.6107148
TUBB4A,7.2558703,0.7911884
TRMT5,7.5875845,15.475878
SERAC1,-3.537401,-3.6311388
UBA6,3.2308624,9.613247
LIG1,11.578105,-1.7400287
UFC1,-1.7706181,5.8793163
ZMAT5,8.920377,7.33249
KIR3DX1,14.291567,-1.6029813
ELOA,-2.437339,16.208467
DCP1B,5.854522,1.3702655
MELTF,8.635162,-2.8260913
CC2D1B,5.368719,3.1148179
LARGE1,6.1207976,5.4834223
PRKCSH,-6.431433,8.958283
TSPAN5,2.648674,-2.672607
TTC17,3.0178819,-1.4422891
SPTAN1,-3.8300998,11.098977
PRMT7,-0.7403587,8.025598
ZFYVE1,7.338957,15.131254
RNF219,0.9889539,6.145391
NINJ2,1.0023044,12.199717
GLYR1,-0.18257502,9.847951
HMCES,-4.7054553,8.082878
SARS,-12.064754,8.056951
RNASEL,4.3506017,3.0873494
SREBF1,5.3712387,2.9558964
ECI2,-2.3296866,-1.128224
BATF3,10.095525,-1.9789739
PDZRN3,-10.83142,4.138643
SIGLEC17P,13.951521,2.801344
RPRD1B,3.5565498,16.185982
CLCC1,3.9523077,13.010159
TRPC6,-11.11679,3.9968069
WDFY1,-4.6405945,0.6463499
TIMM44,5.8052874,13.969978
WNK2,7.0101876,0.7268689
HLX,8.857146,-8.184437
FBXO25,-6.6183887,0.74700904
GUF1,-5.8616366,4.643052
TMEM150B,-0.13608992,-10.040608
CDC42BPG,-2.364406,3.0903091
STX18,12.468414,15.585619
GATM,11.185635,7.172811
IFNAR1,3.8428016,12.290107
TCTN3,6.867527,12.903984
DYRK1A,-4.7632833,0.9843059
CADM1,3.90149,12.969066
ZNF527,-6.7381124,6.1772904
HSPA6,9.327757,14.15122
SH3RF1,-1.0310985,16.014252
EFNA3,6.8006544,-3.5726254
RPAIN,2.8722844,-8.379203
EPPK1,2.0219607,-0.90326357
TRIM24,-5.57743,3.016821
LPCAT1,-2.8938825,-3.8695483
ZNF740,-5.202328,13.400785
DEDD2,0.44426176,12.157619
GPR55,8.710042,-3.8623857
FDPS,-5.782043,9.024276
MAPRE2,-5.8208175,13.158826
SLC39A8,-3.3416924,15.371884
ZNF793,1.2689942,-1.0953828
SMIM25,9.579036,-5.1534085
MINDY3,-0.78427845,5.3042345
UBC,9.843345,13.69754
ZNF786,-5.7053556,17.048513
NCALD,-2.9073408,10.118798
F8A1,9.179556,2.303336
FUNDC1,3.7637563,6.913325
CDHR1,-2.606837,-1.0071535
MTBP,7.114312,2.4652693
TBCD,6.5193806,7.5870914
EXOC1,2.5913765,7.927434
VMO1,-1.3402065,-9.318805
EIF4E2,1.6443393,9.055314
EXT2,-6.011252,-8.683025
NDUFB4,9.960066,10.677907
CTSW,13.94744,2.7737427
SGK1,2.5310075,11.186211
IQCK,8.0347395,-2.2418587
HERC3,-0.14409915,9.822067
NTF3,-5.1211076,11.144247
BOC,-4.7367516,-8.2384615
ARPC1A,-8.791084,8.544434
TBC1D8,-0.99568206,-1.8126997
PSMC6,-0.11105904,4.8389716
MCL1,5.4828086,13.160519
GALNT3,-10.95223,4.0843534
LRTM1,-3.3733246,-1.2210582
CORO2B,-4.9388943,10.883524
STK3,6.2023625,6.5590324
TANC2,0.22840632,-10.168921
SRSF2,1.3429393,9.0085945
WDR35,-0.66923696,5.135104
PEX12,8.459836,10.605583
MYOF,-3.1957765,10.621983
TAF12,-2.7479136,4.6505523
GSDMC,7.238111,0.7892809
EXTL2,-4.1428375,-3.9449215
SOX4,-4.061894,-2.8319418
BEND3,4.361495,15.993279
TMEM229B,0.5690593,17.300625
FBXO34,-0.450955,3.5100951
CDC23,3.5133398,12.019185
KRBA2,7.1406417,4.015397
IGLC3,5.4844675,-2.173989
SDHAF3,3.1634903,10.303684
ECM1,-1.4183618,0.32327774
TEX10,3.9438186,16.238508
RASSF4,-1.1804644,-9.80911
INTS3,6.551147,7.547233
TXNDC15,3.8467736,13.026082
SKIV2L,8.142478,9.487412
ANLN,1.9657646,-2.417066
GPR15,-6.0151925,12.868466
GOLGA3,-5.0442266,8.577044
TBCE,6.628857,14.645427
KLK6,1.8930459,2.6401246
FAM192A,7.119603,4.014363
COLCA1,3.1596909,-5.566918
ARSG,-7.0291963,-2.8164809
ALG10,3.2362838,10.247398
TAF7,9.481705,14.661931
DCAF5,-4.007027,1.4966266
LPIN2,1.9468246,-4.247708
IVD,12.465424,15.584303
RGS2,6.2546835,-9.644834
ANO1,-1.5996884,12.588127
PTCHD1,-2.4696658,11.835564
MLF1,-4.4384828,-1.5510646
DNASE1L3,-0.08568918,-4.596677
CAPN10,5.848485,-1.1900969
TSSC1,-3.9536433,14.5973015
TEX261,11.568746,12.974043
ZNF764,10.25844,10.388839
TBC1D30,-1.9576802,-8.771886
SEMA6D,-5.0846763,11.181642
ZNRD1ASP,0.7780882,-10.7671175
MX2,0.6345678,17.808134
PPP4R1L,8.460063,-7.5288296
RFT1,-4.015047,8.169632
RNPEP,1.9744451,-10.322595
AKAP17A,-2.5005977,2.9145203
SNW1,-0.11720867,4.801893
HSPB11,-4.459871,8.670508
NAPSA,1.2780058,9.224511
CDC25B,5.285427,-0.8251288
RRAGC,-0.66652876,15.385137
TNFSF13,8.887521,-8.218195
PUS3,-2.6916728,15.748685
IGHD,2.7517161,-2.9089189
ANKMY2,-2.0670352,-8.754871
PTRHD1,0.5348517,-7.368789
S1PR2,-3.5662289,9.798608
DYNC1LI1,10.99076,7.0457516
CENPV,-13.226476,8.971805
BAIAP2L1,2.0237265,-0.90474886
PITPNM2,10.046714,-2.4646008
MBD2,-5.497595,5.9262514
SFXN2,6.192543,-2.2075906
ADCY7,-1.0670393,-10.978301
EIF2A,-1.2406348,16.17571
FAM168A,-0.9483745,16.259287
DIRC3,7.9786463,0.9603165
PILRA,3.7611756,2.916649
CEBPG,-1.2745849,16.143053
TRAM2,-5.031011,8.581301
ELMO1,-3.3635187,-1.2162747
HAUS4,9.429412,-4.828189
SIGMAR1,11.679331,12.867297
R3HDM2,2.9890714,14.095271
RAB34,-7.6390133,2.2709057
LRRC23,-0.30148873,6.321465
CPLX1,10.21168,-1.9499962
UBXN2A,-1.2779837,7.72837
VGLL4,-6.291039,18.69
FAM69B,-5.653701,-6.6712155
MEMO1,11.187012,7.173906
ANAPC4,13.438424,10.0508585
HIST1H4H,12.850711,9.27659
GPRC5B,-3.1276784,18.395956
CACNA1E,9.488683,-4.9815655
REG1A,-7.567074,15.745877
TSPAN13,8.586853,-1.0972525
COX15,-2.682098,4.495804
SLCO2A1,10.128759,-1.9591813
FPR3,-0.1314312,-10.043047
FAM66C,-13.313408,4.725172
EEF1AKMT1,-2.7080843,4.5760903
STAG3L3,7.392026,5.031453
H2AFJ,-12.948607,1.9130311
CENPO,11.309416,-1.0918632
PDIA3,3.010158,14.092611
MYO1B,-8.684321,8.422399
TANGO6,1.4946694,3.821574
CLEC12A,-6.7200885,-4.6210046
ACOT9,-8.969611,10.053903
STX5,10.035847,10.58893
ZNF888,9.615765,1.0570965
RAP1GAP,2.338903,-3.5504627
HIST1H2BC,12.828426,9.254988
CREB3L1,-4.082948,10.367628
RGS1,3.599715,0.64935493
STMN3,4.762384,20.324718
FNDC10,-3.4249668,12.687466
ALDH6A1,6.694691,13.260851
DIS3L,-3.167016,18.355722
CTH,3.931765,12.726994
DOK6,1.8866057,2.5604415
CNIH3,-7.3790455,12.243128
KDM4A,-0.176282,10.429125
MYBPC3,7.0486317,-8.429667
FAM104A,-4.1772575,-0.5710744
DAPK2,-5.5026903,-6.5404716
TMEM123,3.357289,7.1120353
CDKL5,8.451481,10.608763
MAGEF1,2.222128,-6.0596576
MFF,-2.6534004,4.461891
ZNF558,-6.3011537,18.696821
AMPH,-0.81532174,-1.6793218
KIRREL3,-11.1282835,4.005701
CHST8,7.4945626,0.84715015
CD109,-10.37729,4.4408555
IGF2,6.3317084,5.41116
ATL1,-2.8549097,10.803102
CR1,6.1635103,1.3043319
CDCA7,7.548689,2.4332173
CIITA,-0.5829584,-4.9897666
PLEC,5.2810483,2.745439
POLB,9.263607,14.198015
MR1,6.7240987,-8.768973
ZNF502,6.288091,0.19624524
RELA,10.166391,-2.9780161
GLYCTK,8.507538,9.477297
GAS8,8.815495,-0.7060189
SYNM,-1.5954216,12.593506
ARIH2,11.089722,4.0639544
MS4A6E,-0.21804677,-10.000258
INTU,-6.296208,18.692827
VIPAS39,-0.063216016,5.9115615
MGRN1,0.77435267,-10.761465
ZNF324B,7.4129953,5.0329485
LRFN4,5.89831,-1.2888848
CASC3,5.346833,13.058352
HCG27,7.1017694,-8.370189
FAM109B,-7.5850167,2.3397098
MAGED1,-6.411192,8.948309
ARL4A,5.196576,6.966982
HECTD3,0.0405824,0.4464158
PHKA2,-5.393561,2.2018034
ZDHHC11,7.184939,0.76963437
UBE2E3,-4.381928,-1.5318712
ADM,12.147566,1.2406338
ZNF311,-3.0734687,2.0014868
COL23A1,3.2730873,-6.9621253
LY96,3.7354608,2.9129288
ZNFX1,-0.20821072,1.3044138
PABPC4,7.334585,-1.6351743
SNPH,11.685305,12.852546
WDR25,-3.454705,12.718515
IL3RA,0.76167095,18.375187
ANG,4.850992,5.0706186
WDPCP,-4.148577,-1.7703336
IL15RA,6.916133,12.86129
NT5DC1,-4.0415845,4.7015443
BLOC1S4,-1.3557882,-4.870278
SHQ1,-2.033878,15.91851
RFFL,-6.747798,3.937071
RPL7L1,3.9989164,16.374678
FBN2,7.048115,-8.4286585
PAIP2B,8.315952,1.1494604
DCTN1,1.2835398,9.043701
LPIN1,-13.215464,9.045946
GPKOW,-3.6549006,6.7996354
TFR2,1.9991885,-4.061167
NEDD9,-2.771623,5.7598696
JARID2,-3.438788,5.4203157
KIAA1958,6.038616,-8.118412
FADS1,-4.4038424,10.17794
S100P,0.57454926,12.028698
HOXC4,-4.475727,1.7641639
MUL1,7.837514,11.133486
KIAA1024,3.8609552,13.023193
NAA35,-2.7079806,15.739935
CNOT9,-4.106412,6.534531
SLC25A43,-0.19462523,7.853116
LIN52,4.5414934,12.92
SSPO,-2.2132764,-1.3670598
KHSRP,1.8462932,4.1250734
ZNF223,-5.729625,9.049589
POLR3B,-3.7906013,14.51994
ACSM3,-0.42142564,-5.033572
HIKESHI,9.727216,13.446001
SLC39A6,2.1200309,6.82871
CDKL1,-2.215053,-5.2213655
PMF1,7.875138,11.125994
MSANTD1,10.43895,-2.9352093
TMEM74B,-0.1771798,9.766339
TRIM65,6.2170186,8.30624
SLC20A2,4.70559,9.7175045
CENPQ,-4.141424,8.893798
RNF19B,6.6482215,2.686088
GBAS,6.9860625,18.233067
PLEKHG2,-3.2716973,10.556792
IKBKB,4.3144345,13.423847
TRGV10,8.204188,-4.2156196
SPOP,-0.5943996,2.6072152
CELSR2,-2.332054,-2.6423125
FGFR4,-8.366142,10.907639
JCHAIN,5.2883525,-2.3167133
FAM95B1,0.23431739,-8.504237
DHRS7B,-0.48014066,-5.0290565
ITIH5,-1.7933766,12.445109
BTG2,6.176926,-2.2585938
PLCB4,-2.008667,12.301187
COL11A1,2.3994067,1.3201597
DCAF8,0.5681401,-10.562043
ADAMTS17,10.3084,-6.4836864
ZNF429,9.614838,1.0583662
DEGS1,-3.7747397,-6.238924
KLHL36,-1.4091964,-4.8519435
B3GNT7,-2.2122045,-10.247341
FUNDC2,5.8064904,13.969612
NDUFAF8,6.992171,11.795627
MYOM1,-0.8453095,-1.6832843
RRAD,-2.0767071,12.243909
GTF2H5,-4.109586,-3.4120512
IL1B,-1.017788,-11.081911
FMO4,-2.271783,-8.396547
KLHDC7B,2.0008914,-10.312495
SH2D4A,-2.9502122,-0.8672427
SCUBE2,6.1968794,5.4768796
DOPEY2,6.430053,8.293111
FLJ20021,7.405527,13.688161
CD226,-5.438975,11.560245
AACS,12.559169,0.05377577
TTC4,4.9401007,12.980094
SRRM1,-3.4520452,5.3961864
TTC21A,-2.5526087,2.8399365
PADI2,9.51661,-5.0127554
ZGRF1,7.1177406,2.4696426
SLC29A1,-2.2552943,-10.263267
LRPPRC,3.7558877,16.064411
ELL3,11.550912,12.990804
TRIB3,6.8639946,12.901484
BHLHE40,9.7815485,-3.4583468
RGN,-4.286964,-1.3242501
DCAF12L1,-0.09435259,-2.3228593
DOCK4,-4.3742843,-3.3202388
TBX19,6.784589,-3.5588639
WIPF3,-2.521404,11.784284
ZNF200,6.7422256,-9.381232
PDRG1,-6.6827297,3.8663168
FAM222B,5.7608795,8.776202
PTPRO,2.0414984,-5.7438164
CETN3,9.753039,13.342704
ANKRD24,12.171767,-3.415623
RAB8A,3.5167696,12.021851
ZNF575,-5.632668,0.10190475
ANAPC15,-3.993629,6.631396
VARS2,5.632853,-0.87915426
MTHFD1L,7.2263827,11.958746
TTLL12,6.993061,13.439124
HSD17B4,3.2014048,0.92213124
FLT3,6.7648706,-9.21906
ABCC6,5.939568,-8.033279
CCDC184,-3.8379474,9.760397
PAPSS1,3.83672,12.6261635
NUDT17,-3.7629037,-6.223571
MTHFD2L,-1.3966345,15.34242
TMEM119,-2.867161,10.8004675
TSNARE1,0.82971996,3.8325794
KIAA1671,-3.7625384,-1.6151215
C1QTNF6,-4.5590453,3.7481792
ELMO3,-3.6203055,-3.6967304
PLCL1,-7.078414,3.8313186
KCNK1,6.191275,5.487375
PCDH1,-7.2928233,-5.8129325
HDX,-11.197582,3.8356595
ENTPD5,1.7425287,9.039953
BAZ1B,-0.17316216,10.44487
ITPR1,-3.5024426,5.086266
HERC5,0.66569245,18.04574
NUDT5,1.5391874,3.9061189
GP1BA,-6.7225294,-4.621185
TP53TG1,-0.13937606,10.502356
CRYL1,-1.2156628,-10.164867
CTNNBL1,-2.480383,-0.98377883
EIF2B1,-0.65187174,2.9353373
CRIPAK,7.762846,4.6703925
PCGF3,1.6141288,9.002062
KLRC1,8.473933,-3.4354606
DNALI1,-7.119254,7.2384305
GNAO1,14.287224,-1.6067805
SV2A,-3.600942,9.949782
FZD2,7.9245973,7.3715105
CCDC146,-3.9656546,1.47353
PLSCR3,10.228049,-3.0664222
SOBP,-10.905759,4.1181855
AGO1,-6.7377143,3.934886
MIAT,0.41318426,12.385554
IER3,9.862811,13.706417
IRF2BPL,-4.380034,-3.3192506
MED18,-1.0814958,-10.926956
MLLT3,-6.849058,5.191622
KIAA1324,1.1396209,12.024853
SLC35A2,-6.189175,8.940318
PGM2L1,-5.4813805,5.9434686
PRIM2,-2.338914,0.95004773
LIPE,2.818984,-3.0268
ACTR8,-3.761855,14.452808
SCN9A,2.650715,-2.6887817
RNF19A,0.94134974,6.161027
FDCSP,2.7761176,-6.2162995
FAM122C,-0.07194653,-4.577859
CCL3,8.235648,-4.176567
CLCN7,0.6988722,-10.685504
PPM1L,-4.5074987,3.7577877
CCDC157,7.565774,4.6129384
PPP2R1B,1.5621544,3.8159552
TEFM,1.1651123,4.88732
B4GALT6,-5.8597593,3.9426358
THADA,1.492387,4.1196322
PTX3,5.7386975,0.41900957
CRB2,3.272436,-6.9597816
DRAM1,5.0496006,8.345207
KCND1,2.2657611,11.08386
GPATCH2,2.600277,7.9242344
LEPR,-4.105072,-3.3027709
TIPARP,6.264488,-9.646682
ABCA10,4.8501763,5.067906
PSMD5,-4.9231234,0.7289099
RAB33A,14.025726,-1.8510216
SYPL2,13.796298,11.293756
CIR1,-4.081825,4.7659287
RBM28,-0.20700456,1.3192531
TAF1A,1.5167024,3.8290176
MYOZ1,-1.6870446,12.498262
PROSER3,-3.1771898,-2.923669
SLC14A1,1.8822325,-4.075461
EPHA2,-8.9456005,10.043663
MARCO,1.977061,-10.321354
CDON,-11.125914,3.5590594
RPTOR,5.143595,2.5665588
SERPINA1,6.08692,2.683682
FAM78B,-0.0749952,-2.3065004
ISCA2,-2.9472353,7.2019153
PBK,7.337373,-2.2196975
MITF,-7.102878,7.2322598
OTUD7A,-8.785495,8.927124
MRE11,0.21760228,5.074012
RMDN3,-1.2094666,-2.015257
IFT27,6.5555573,17.491524
MRPS18B,5.881329,13.870985
TMBIM4,0.06810883,0.4428596
SNHG17,6.631923,3.9400206
UBE2E1,3.6187634,6.9884114
ZC3H12B,-2.984674,5.5890036
ASB7,-7.31407,12.181251
ESYT2,-4.752088,1.0861859
ACOX3,-1.6392076,5.822738
HOXA9,13.795733,11.293004
VPS13A,-3.9031632,4.072012
HBG2,2.3122616,-3.5354004
ZNHIT2,7.743493,11.202706
SYTL2,10.309249,-6.470186
SLC46A3,-0.76816946,-9.658401
DENND2C,3.5575197,11.328447
NOD1,-4.28674,-1.3292553
LRRC8B,-0.08825554,5.9061217
CLIC3,10.307768,-6.4829226
TTC37,-3.8776443,4.061248
TNR,3.1480734,-5.5732512
NAGA,7.9232073,7.3735824
APOBEC3B,7.1304355,2.71878
POLR3A,-3.3797948,15.28562
STPG1,-2.1674972,-1.7535739
TRMT44,6.481333,13.191407
FAM3A,10.731382,-3.3188505
TM7SF3,5.0835047,2.4988322
KLHL23,-2.560935,11.747741
AK9,5.2281804,6.944131
CEBPZOS,-8.504024,13.022187
NUDT12,5.2328286,6.9420176
CAPN12,-2.2077453,-1.3843592
HIF3A,5.027286,7.178675
ATP8B3,2.0741735,-1.5774254
RGMA,4.848781,5.05537
ITPKB,-1.654912,-4.8318067
GNG10,-7.0277085,-2.8140748
LPAL2,6.759077,-6.1543427
CA12,1.8356693,2.6685529
SMOX,-5.075333,8.597489
CBX5,9.933804,0.20080087
RNF34,-5.817964,-4.8821306
LILRB4,7.9302807,7.379836
SYNE3,6.7229934,-8.785782
VANGL2,-2.2773204,-0.86155385
UBXN6,2.388808,-3.5861785
SPATA2L,10.09605,-2.9795387
KANSL1,0.5868585,6.024029
SULF2,5.0798616,-10.723494
PALMD,-5.5663915,11.718153
TTLL5,-0.8542251,7.812231
POLR1B,4.3237906,16.04151
PKHD1L1,7.261021,-2.2083368
SLCO5A1,2.4745357,2.2476666
DLD,8.779225,-7.137574
ATG12,-6.3514447,6.015284
PTPN3,13.75515,11.217599
FAM98C,9.567549,-2.8832722
CENPC,-4.023489,4.7829156
CERS5,6.681866,3.9604714
ZNF432,-4.987318,0.68999344
TMEM144,-1.5104865,-9.913066
ARRB1,11.996116,1.0957345
METTL16,-0.8106077,10.085689
TMEM209,2.7304006,7.8938446
TTC24,5.4982786,-4.0959654
VRK3,-9.045891,3.7413666
AHRR,10.21353,-1.9419607
RCAN1,-0.17754704,7.8558774
IL11RA,2.1376886,11.05481
ADSS,1.2486303,9.245
PCDHB15,-4.599775,10.472339
TPD52L1,-5.7488832,7.7308717
MBP,8.637133,-1.0062413
FZD7,4.8453174,5.0342035
ALDH5A1,3.5403361,-6.170326
GPANK1,7.389792,13.66714
MGST1,6.2062545,1.0885593
ZNF121,-0.6472439,2.361491
CARMIL3,5.2482386,-4.045821
PLB1,9.533027,-5.047985
EFL1,-2.4391248,16.20607
IPP,10.6329,-2.8718762
GPR35,-4.1379843,4.797591
TMEM88,12.059093,1.1447287
IL2RA,-1.279966,-4.8817544
CCDC112,3.2742152,10.036531
METTL7B,-8.683467,2.3745198
FAM96A,3.1667607,10.308768
ZBTB43,-5.290664,3.3303137
ZNF480,7.3472056,15.13753
GPC2,1.5432482,-7.3754506
KDELR3,-10.438836,4.3949475
BORCS5,-6.326868,8.939476
S100B,1.973786,-10.322583
EFCAB11,3.1622467,10.309735
TBL2,-5.7831364,9.069606
P2RX1,0.9119533,12.167885
RFX5,-0.54811776,-5.0049076
CA13,-1.4278536,15.366783
PDE1B,6.7320294,8.330509
KCNQ3,2.2013302,-1.5469912
MFHAS1,-0.09016398,-2.316708
CFB,-12.900682,1.9005021
ZNF230,6.151184,-8.232545
U2AF1L4,5.9902987,3.8459513
RNF112,1.8681791,1.7127312
GRIN3A,-1.0714222,-10.97591
FGD6,6.129493,6.327899
BISPR,0.74101675,18.308172
ZNF222,-9.5230465,14.227608
SEMA4G,7.414911,13.695017
CARD19,-6.187454,12.752321
CTNS,5.6465592,8.831265
WNT10A,-4.4235554,8.5899515
ESD,-8.900201,-3.2762587
TMEM199,15.929339,2.3660395
PTGDS,10.878618,-3.325222
PCSK4,12.210229,-3.3857968
ZNF670,-4.155509,4.058211
PCGF1,-1.8207766,5.488996
MGEA5,-7.0294642,-2.8154755
UBE3D,-0.46198228,15.243355
IBA57,1.9350352,-4.214556
LRRC37A3,-6.627416,7.9135623
VAPB,2.1981995,-1.2941377
DNMBP,2.200577,-1.2423902
CCDC159,6.0629654,10.640195
CACFD1,9.616905,1.0572909
PLK3,3.0855663,-6.688941
DCAF6,5.2622623,6.9138827
LTK,8.610592,-7.7494035
RAPGEFL1,6.7398825,-9.378927
HRAS,10.78822,-3.5457962
IRAK2,7.8686466,-2.6433938
AP2B1,-4.629101,9.878984
NIPAL3,3.3253715,-6.1063733
METTL3,-13.216606,8.979642
ZNF34,5.992857,3.832754
FGD3,6.299879,1.7518525
KIF1C,-7.3382726,2.190912
FAAH2,10.554724,-3.7255743
CUX1,6.2034435,6.5790133
BBS2,9.757715,-4.4236746
CIAO1,6.6033273,13.217764
MFNG,6.0886245,10.666125
PDXDC1,-5.8960795,4.6153607
POLRMT,10.140249,-2.9848366
TMEM97,-2.2213202,1.079757
TXLNB,-1.9826684,-3.1007147
ZNF436,2.0080752,-1.0060219
PTGR2,6.4142556,15.676917
RWDD2A,4.0713873,13.036422
ATP7B,4.3555713,15.959659
FAM20A,0.2417673,12.766352
PRX,5.287218,2.7426538
DOCK3,1.5305437,-7.4034076
MICAL2,7.0459123,-8.425789
PIGZ,12.475063,15.59202
PLXNB3,-2.0863771,12.231808
P4HB,0.40769663,12.665604
NAA30,-0.5900922,7.5438066
PTPRU,2.0300288,17.31335
BAMBI,-5.159526,11.19883
UBE4B,-6.0929713,3.9353018
GLRX,5.8655496,1.3703829
PNP,9.766099,-4.4816594
TSPAN1,8.05029,0.98304206
ZNF354A,-0.8748018,5.391657
GCFC2,5.298235,11.272035
DDX54,7.0376897,13.456157
TMLHE,5.732016,18.627531
CD58,8.469881,-7.5305963
ADAM22,-2.5396976,11.764421
EPG5,-4.7945175,3.6697578
ADAMTSL5,8.792986,-3.8506262
IGLC7,5.4924874,-2.16867
GPR162,10.206142,-2.845544
ATP9B,-2.3471727,2.4112628
ZNF80,8.238725,-4.159162
MMACHC,11.738267,12.814011
RSBN1L,1.9818798,6.9389024
TAPBPL,0.5643851,17.197195
MRPL38,9.549073,0.98882985
XXYLT1,-3.708979,10.711269
TMEM201,7.149785,11.921342
PDE6D,-1.9452847,5.3390713
CENPS,7.5464926,3.1654704
SSX2IP,-6.880089,0.921377
CHRAC1,10.668822,5.427563
P2RY2,5.8423166,-9.759642
RBM15,-7.308164,14.23509
WEE1,3.4515922,-6.110457
TPRA1,6.5675564,8.0215025
TBX3,-8.382899,10.920044
NUDCD3,-5.970935,5.7603197
NAPB,-4.3699355,4.9487658
TBC1D9B,11.3596,0.32076654
BRAP,11.907378,7.302739
HDHD5,4.762418,20.324743
NEU3,-5.08282,8.606809
ACSF2,0.59973216,-5.2795377
HDDC2,1.2225498,4.8089976
TSPAN31,4.4548774,9.280318
PIK3CB,-7.336427,12.207836
PPARGC1A,5.668721,5.248756
SLC9A9,-0.9985266,-10.104341
DDX19A,7.123485,12.177227
TEX9,4.9655223,-4.70472
NEMF,-0.17041883,10.204705
ZG16B,-2.2758155,12.849411
LIG3,-3.1507888,7.614397
NTPCR,6.599115,-3.4313595
TMEM147,10.022216,10.571958
HTRA3,9.826187,3.7429273
RDH13,7.4566164,0.89214003
DGKQ,-2.9341028,2.3125458
SLC31A1,4.167646,2.984958
GSTT2B,9.392773,3.9943829
METTL21B,-5.846515,13.202561
ZNF542P,11.557547,-1.7235267
PITPNC1,8.914107,-3.8978682
ARMC9,-10.580227,4.2900705
MPV17L2,-3.7788606,8.045612
PLEKHN1,5.3464165,-2.2795393
FLYWCH1,-2.367015,3.0889068
CWC25,8.130177,9.484456
MOCOS,-12.939223,1.9359738
LYG1,3.7701201,17.952559
SNHG18,-12.811166,1.8270646
CKLF,6.0173597,1.3594853
ATG4A,3.5003178,11.01826
ZNF71,1.6138357,8.998996
RAD17,-5.872774,4.6179156
TMEM242,-13.267883,8.924476
ANKDD1A,-9.968427,6.592255
SVBP,-2.98023,-0.8438434
COQ8B,-11.352377,-1.8335989
PANK1,-6.549805,10.468509
BRK1,2.9493065,-8.469317
DECR2,-10.751172,1.8705751
SOS1,1.9845859,6.9371905
MAPK6,-0.6861633,15.40056
RHNO1,9.206951,4.0885377
DSP,-0.20079958,-2.4116614
TDO2,1.2456366,1.6305263
ZNF467,6.2030635,1.934908
ZSCAN5A,-4.3922715,5.0467405
FRA10AC1,6.9228396,-3.6228738
RAB4B,2.139068,11.053713
CACNA2D2,-4.3852935,14.994714
CTAGE5,11.98006,7.3503113
C1GALT1,-4.134839,8.898779
SWT1,3.3217492,10.261186
FSTL3,2.4978838,2.530941
PUS10,0.06350432,0.4780293
DENND2A,-4.5282393,10.41229
ABCA3,6.5561867,7.6660304
ZNF81,-8.340678,5.6424727
NPM2,-10.021792,6.6484118
GAK,-2.3721929,3.0682192
OCIAD2,5.6361217,-3.9821312
RPH3A,1.5332596,12.032818
PEG3,-4.1176205,-3.2822437
KDM8,11.613568,-1.7770227
DOC2B,8.326876,1.1549085
ACAT2,7.1148133,2.4642136
PPP1R18,7.7256145,7.6372833
IL23A,5.4624887,-4.066048
KIT,-0.18928085,-4.719532
NR2F6,-6.4612813,2.450227
ZNF304,0.17021145,5.15349
LPCAT3,-7.0822635,3.7315454
POLR2E,9.606397,1.049238
MACROD2,2.2572596,-6.0195775
GRHPR,9.945804,3.6656578
WDR78,-3.0703785,2.0149128
BDH2,-4.9417315,10.881689
RBM6,3.7938473,17.97638
CC2D1A,6.664457,-0.50399196
LYPD3,5.964865,4.8352556
RBSN,1.8119161,9.222594
VNN2,6.446628,2.6859066
GLI1,2.0780778,-5.7793813
SDCCAG8,-0.091031,-4.5961456
EIF1B,-3.7731726,-6.238595
SPRY1,-6.2306476,8.0276985
ATP2B4,5.6253977,6.387371
SERINC2,0.9582396,12.222518
PRPF4,1.4978346,4.212932
GNPTG,-8.134699,1.5467181
ST7L,-0.8535715,5.375115
ZFYVE28,-2.715229,15.703478
TMPRSS13,-2.8309965,-7.4091377
FOLH1,1.3712761,-1.7547411
TSHR,6.614301,-2.1523726
MYLK2,-0.070847586,-2.297509
E2F7,1.9268733,-2.462218
TMC6,6.3144445,-3.6225257
BEX2,2.9201555,-8.435666
ZSWIM5,2.52139,-2.3420086
AP1S1,9.947885,3.662086
SNX5,5.96431,4.828252
PATL2,8.888366,-6.9671426
ANAPC16,3.600613,0.6446153
SPATA18,10.663919,5.4183903
DHRS3,-1.5203439,15.880364
PLTP,12.079437,1.1715189
TTC9,2.0053234,-5.7120113
PAK3,-3.0438628,-0.89191616
ALDH8A1,13.727682,11.200062
MLX,5.8297014,1.3777878
COQ6,0.76111335,3.7806623
UBE2V1,-1.640897,5.811329
SCX,6.514751,7.542797
SS18,0.07223339,0.43189412
LCN12,-10.007658,6.630822
STIM1,6.802267,-9.207358
PSTK,-3.4258564,5.281336
ZXDA,-0.6352562,2.3434348
ZNF668,8.171405,-1.9341314
ZNF350,10.101902,8.788162
KLF6,0.6305306,12.05945
TNFRSF10B,-4.897924,0.76004636
ATG10,11.568296,12.973797
SMTNL1,0.71677166,18.249956
PAWR,3.5130923,-6.158838
TM9SF2,-0.0036968028,6.111144
CHRNB1,-1.2462062,-4.897576
RNF214,0.5996688,-5.2792645
TNFRSF11B,-5.9286036,7.8937902
LILRB5,10.259124,-1.8803434
VEZT,0.07438845,0.43141037
ATP10A,14.034997,-1.8436613
MIOS,2.6908784,-6.134087
MEOX1,9.181618,2.303997
CHRD,1.9701601,17.372168
UBB,-4.18032,-0.5692204
CORIN,2.4183233,1.3018652
DPM1,7.5851917,15.473781
FOXK2,3.4441335,5.405388
KBTBD3,-3.5972326,6.835882
ABHD14A,-5.506731,3.4688916
OVCH1,4.7881007,4.9093423
LSR,-2.6995463,2.6804993
FAM64A,-5.514782,11.662056
AHCTF1,-6.8194423,1.0585161
NPPA,7.67052,5.3007145
MRGBP,2.1843414,-6.1058764
SCCPDH,-1.9728456,-8.725369
ELMO2,8.621071,-7.5175896
ARNTL2,-2.831556,15.635008
PRELID3A,1.0970539,-7.7783465
DENND6B,-6.6481123,0.77925545
ANPEP,6.1807384,2.6650136
ATP8B2,6.7716813,-2.311037
BRCA2,7.3656726,3.4303796
ZC3H18,5.7941713,12.083479
MOCS2,-0.18073584,7.961724
GLTP,-12.542776,11.117082
GPR89A,5.241548,-0.81573015
HIC1,-6.5047135,2.4201
TARID,-4.9973254,10.94914
MARCH7,3.0176537,7.04731
KIF3C,5.8669257,-7.988476
SEMA3G,-2.9453046,-3.8126898
GSDMB,12.559421,0.054071575
CNOT10,8.711933,14.387747
ZNF281,-6.715868,3.8760579
ATXN7L1,-4.3868165,-3.3170955
SCN3B,-2.8901427,-3.872847
MGAT3,-1.1357156,-1.95226
TBC1D7,-2.7779908,4.783502
DTNB,-2.2712858,-1.3177974
NAALADL1,10.804336,-3.5314672
NRL,7.511066,11.923251
SPATA24,-3.7036977,8.016991
EYA4,-5.859428,8.048001
ADAMTS9,-3.8827991,11.194272
FRG1HP,4.132706,4.7539606
ARV1,8.842232,-0.63705564
FAM86DP,5.929901,-1.332516
KDSR,-3.636004,-3.6267507
GARNL3,8.715021,4.508481
NUDT8,15.928949,2.3662086
MSI2,-6.909536,10.72479
EPHA4,-3.0608494,-0.84002924
MLLT11,-0.18641746,9.845298
NSFL1C,4.333939,3.112139
IQCE,-3.8174875,9.765068
BCKDHB,11.236911,7.209662
JAGN1,8.54083,14.425372
ANKRD40,3.9690316,-4.0877023
MICA,-2.1690176,-1.7630408
RBL2,1.0040872,6.0294147
KHNYN,8.890259,-6.962058
SRD5A1,3.5622675,-6.1799903
TIMM29,11.705708,12.844973
FAM19A2,8.8436,-8.185149
CHAC1,-3.4550176,15.31378
FAM120A,-0.28068846,3.7859554
IMMT,8.449503,14.373434
ZNF195,-1.960452,15.9475355
BMP8B,6.7748933,-2.3088968
CLEC12B,-6.7218113,-4.621832
CAPG,6.1202908,1.455742
EMC3,4.3356113,13.410235
TOX4,6.8008075,-8.770334
KYAT3,4.8023324,9.571136
SETMAR,-6.331196,8.052047
DCLRE1B,-2.0590875,-8.754476
SULT1A1,0.622771,-10.614316
CTF1,-2.8694615,10.096246
SAMD8,-6.5725265,0.81274134
TMEM54,-6.3801656,2.4815407
MTCL1,2.7598271,-6.234021
PID1,-1.2254581,-10.164455
TRAPPC6B,11.90699,7.304489
HMGB3,-2.1534421,1.1174988
LMO4,-5.466573,11.571037
CD70,6.757767,-6.154683
ACTC1,-1.6889349,12.497844
TNNI3K,8.714317,4.5262814
FZR1,6.6712894,-0.4838989
BCL2L13,-7.2313714,3.9475014
NRG2,-7.396973,2.1963377
AIM2,4.965389,-4.704452
MCUB,11.59914,-7.3453093
CDKN3,7.371638,3.165955
CD177,0.5211681,12.12623
SMIM5,-5.850373,5.1049294
IL20RB,-3.4042087,15.287446
TPRG1,14.2993145,-1.5952064
CAMKK1,9.440503,-4.923216
SUSD6,6.7462387,-9.220939
TRUB2,-3.5497909,8.007221
KLHL12,4.1865363,3.0362287
HIBCH,10.591837,-0.7716103
ZNF211,3.5130396,11.064158
GHRL,6.2437963,-3.6078696
BRE,10.804674,-3.5548453
GOT1,-3.8138986,14.50339
CSNK2A1,-0.73939973,15.430219
CXXC5,3.0650225,0.8784064
PIP4K2A,-5.981629,12.937251
DHX8,7.365229,5.0788302
RNF111,2.7234008,6.9110947
KCTD20,-1.7801586,15.87735
ASB1,-5.871291,13.314263
LAG3,-1.4273885,-9.99052
AGO3,-0.44646186,3.4735384
ATF6,12.022154,7.3614225
NXF3,-11.454804,4.1047597
DNMT3B,-4.7029533,8.071116
PPARD,-3.1650977,18.356092
CCDC125,5.9643464,-8.2081
CCL18,-1.4359728,-9.992334
YEATS4,7.1084213,2.4588675
CALCRL,9.562664,7.628547
PCED1B,5.6466236,-3.9870694
ZCCHC2,4.3477345,4.5561414
TTYH2,-2.1860275,-10.22795
RDH5,3.691622,17.877478
NR1H3,0.82378274,-8.012829
ELMSAN1,5.3937893,-0.8265268
NMD3,-12.054414,6.7373486
LRRCC1,-6.9697394,10.771222
UPK3B,-0.6188426,2.9189677
TBC1D31,5.6975336,-3.9575145
MRPL41,9.887107,-2.9280179
ZNRF3,-4.426088,-1.5751752
LNPK,11.857543,7.3155994
PLD4,2.0197573,-6.9018707
FIGNL1,-4.1510777,8.89136
CHST15,5.2997966,12.979725
HEXIM2,-4.817599,0.9761535
CETP,0.2566659,-8.485442
RASSF5,-2.8238006,-7.4063964
ANKRD35,-4.7355013,-8.23763
ARSD,5.4405766,-0.84040797
WDR53,11.739436,12.813403
NFKBIA,8.6839075,17.331623
NAPG,-0.8075179,15.495358
JAM2,-2.5788474,11.725007
TTTY10,3.0872326,-1.4016628
IFI27,1.1443944,-1.5834746
ALDH1B1,-1.6789424,12.504462
TMEM241,2.994607,14.086774
CLDN4,5.736823,0.42409027
CCDC50,-0.52900374,7.5929623
SURF1,3.9082284,-4.100981
PTPDC1,-2.8820279,10.793795
RIC8B,4.395186,4.578703
CSGALNACT1,8.760999,-8.046656
UBA1,8.521471,9.4649315
SLC5A1,1.1993057,-1.6464263
STAT5A,8.266825,-1.7031236
AKR1B1,-1.1450204,-9.65183
SEC14L2,-7.5871577,2.3305302
ZNF397,10.216762,10.394861
VIPR1,-0.7764513,-1.6394776
EEPD1,-2.334776,-1.0908455
ABCA7,6.0314765,10.587985
ZC3H3,0.24471371,12.768532
MRPS18A,-3.4292703,7.953205
PAPSS2,-1.7814378,14.12921
PTGER4,2.337,7.07534
LDLRAD2,-5.796546,13.219598
CSMD2,9.466631,3.9606242
FGFRL1,-4.026357,14.755174
CLDN23,-7.111599,7.2343245
VNN1,9.286233,-4.877468
ZNF717,5.142083,2.5679932
CCSAP,5.929767,-1.3287318
HIBADH,0.1987679,-8.537049
FAH,6.5857487,5.3210454
KDM5B,1.8587046,9.239614
LIG4,-0.36761463,3.6485803
ARRDC4,-4.3435245,-3.355821
SIRPB1,6.3582425,2.4854617
SLIT2,-3.774014,-1.5936583
FOS,8.714835,17.359985
RAB6B,-0.38478705,-5.343534
KBTBD4,-0.7207927,9.684484
NLGN4X,-2.8806922,-3.8831208
GPR75,-7.2875843,-5.8131623
BFAR,-2.6240945,4.4282017
PPP2R3C,-5.6326385,16.977108
GCNT4,2.7579386,7.735517
LENG9,12.39856,-3.238879
FUCA1,-1.5052137,-9.927967
PIK3R2,-1.2198005,0.012992938
SNAPC4,5.306219,2.8613648
HOOK3,3.36203,7.1510606
KBTBD11,-0.43998384,-5.0697026
LCAT,-4.673845,10.591011
PUDP,7.295074,3.847344
CCDC65,8.110623,-4.3461747
POLR3E,6.526711,13.212797
VTI1A,-6.899921,0.91855025
RNF139,-4.0931635,4.7744336
NT5C3A,3.1879609,10.306525
UNC50,-6.3259025,6.002836
LXN,-11.175069,3.764268
PPP1R10,-0.66899365,5.13752
FBXO22,3.2798808,10.025828
KCNT1,1.1532689,-1.5836014
DOCK7,5.3704176,6.8064604
TMEM50A,-0.20809889,7.910899
FEM1C,-0.040392824,6.1199455
ZNF484,9.133953,4.1303806
TRAPPC4,7.660714,11.36332
MLH1,5.8714056,13.747068
TAF15,0.45850977,12.753006
MXRA5,-4.2839255,-1.4538862
PRPH,-5.016547,10.964816
RAD18,7.1240926,2.489499
ESPN,4.5151615,10.055224
FXYD2,-2.35706,-0.91097087
MCCC1,-1.238676,-4.923641
ZNF510,3.4058397,7.058497
ZSCAN25,5.21895,9.201515
FAM213A,-1.8517933,-10.209887
PLIN1,11.001336,7.056473
FCN2,2.651655,-1.68009
ACACA,-8.681414,8.422189
SULT1A2,-1.9533273,15.942
ELOVL7,-6.7233763,-4.6223135
AHI1,5.0821805,-3.7518153
STARD7,-6.5090976,2.4197469
ATF6B,11.344862,0.33410388
C2CD2L,-4.832629,8.490745
ZNF611,-0.8014881,4.9764795
FRMD1,-2.5463827,-1.0527241
KIAA0922,2.1551075,-6.7687454
FITM2,6.216668,8.308456
HIST3H2A,0.28150836,5.6701484
NDUFA11,10.1599045,10.443242
SEC22C,-7.193496,3.8356566
GAS2,-5.5160093,11.665269
TNFSF4,-5.287943,13.320867
SETD4,10.564325,5.5110946
BACE2,-1.4699093,0.37778988
NFYA,-2.9335036,18.61604
FBXL2,-10.479041,4.3620706
WNT10B,13.994863,-1.8730394
AVL9,-0.45687366,6.395838
STX6,2.4843464,7.2152557
CHST13,-1.1784817,-10.35541
ZNF343,-6.7569876,6.181265
MAP3K5,-7.0238547,3.842639
RTTN,7.0872784,2.4603627
RAD51C,-5.80764,-4.876552
C8G,7.4141407,13.695587
CYP2D6,13.754317,11.21342
PCBD2,0.22797893,5.0672727
LPIN3,9.247237,4.0737023
SRRM3,-1.2337455,0.02955187
HADHA,-3.8900354,11.207008
LRRC42,-2.8841407,7.2350073
RCN2,2.9963462,7.9277463
SLC1A5,5.3305864,-0.8129799
IL18BP,3.5569112,1.1263659
SKA3,7.144127,2.7259302
DHDH,-2.9668374,18.575539
MTM1,0.51166934,5.9105487
FUCA2,-8.625499,12.815072
NBAS,1.4366049,-1.5442709
TDG,14.224578,7.8347464
AMIGO1,-2.5025015,0.84246475
PHAX,-1.407416,15.982772
HMGN1,2.8583305,-8.364505
TCN2,1.5423859,1.7851561
ANO8,-2.3063724,3.157643
LYPD6B,0.8330424,3.8391733
KIF3B,-1.3090318,-9.328638
ACTR3B,6.1507363,-2.2748826
IGLC5,5.617535,-2.1841197
LRRN1,3.8572788,13.029736
TIAM1,1.1509314,-1.6036777
ST7,6.266164,-3.6090214
GOLGA8B,-9.487953,14.191928
TBX2,6.203433,5.4778438
CCR9,-6.015553,9.474631
AOAH,6.1236687,1.268516
NECAB1,4.855875,5.1150203
NFXL1,3.4998333,11.024753
SFXN1,-7.308312,14.234683
BMPR1A,-6.4601994,10.428352
ABCC4,4.3004107,13.476029
ANKFY1,10.766686,-3.3101656
TXNRD2,0.7724033,-10.758911
FDX1,-12.054931,6.7367773
TIMM21,-3.2123935,7.215347
GLIS3,-4.4265914,10.116819
OLFM4,0.099255435,11.123952
EFCAB7,-5.8357396,5.4082894
MS4A14,5.0753484,-3.686708
SLC38A9,1.233218,9.014343
MOSPD2,6.2536116,-8.281244
GNPDA2,3.6228855,6.857662
NFS1,5.2970185,11.923942
CILP,-2.027675,12.3799
TSEN2,-0.8239112,4.9452944
IRF6,4.3771796,3.970946
PLCD1,7.5126095,15.36644
PI16,-1.5385267,12.639975
ARL4D,-3.6570237,9.8968525
GALNT18,-1.4138714,0.3218529
SERPINI1,7.5158224,3.1993434
RETSAT,5.930048,-8.045516
MCEE,-4.6946683,8.05527
ANKRD27,9.478838,14.6737795
EDA2R,10.66864,5.4158936
SNUPN,-1.9281378,5.3264728
ATP1A1,-0.34145364,6.350065
PYROXD1,-0.77458286,5.001005
ARMC10,3.766093,6.9520025
MAX,5.8919716,8.773733
CARMIL1,2.6399252,1.026333
ZFAND4,-1.4606265,15.34064
TPRN,6.1393833,11.316595
HDAC8,-2.6275432,4.431103
MGMT,-0.461491,3.483385
SLC35G1,5.5805507,-4.3633423
RAB28,3.4360034,7.116672
SDF2,5.7740746,8.746103
HAUS5,5.8483925,11.521172
PMS2,-3.551019,5.054432
RGS4,-6.275659,8.138692
HMGN3,6.778009,12.971708
FAM86EP,4.8010483,12.973753
NUDT15,1.7643253,4.530521
NFRKB,6.1681647,11.304903
LRRC8C,11.199403,7.184379
SUOX,-2.18435,-10.227218
GAL3ST4,-4.6549926,10.572255
CERK,6.7233324,-9.301099
ISLR2,6.2370243,5.450575
ZNF267,-7.3685174,12.232219
LIAS,2.950405,-8.478694
PRIMPOL,-3.4225569,-1.2546124
KIAA0586,-3.8698802,4.0639763
PTGR1,-12.869485,1.8787829
TNFSF10,0.680047,18.297388
KIAA0040,6.194662,-8.26444
TRIM26,6.154355,6.4573846
SLC2A11,2.824004,-3.01297
MOXD1,-2.1137424,12.325189
AUTS2,14.27095,-1.6224123
GALC,-2.7146335,8.329718
SLC25A12,9.959427,0.22043066
CHTOP,3.0839012,16.242533
SIGLEC12,-1.3517462,-9.397074
PAQR4,7.3930387,2.5039883
RAPH1,5.456146,6.722179
MYO9A,-5.508842,5.9158874
PPA2,-3.9755597,14.609973
DHRS13,6.353956,2.0381682
ZNF813,-0.94851613,16.256527
STK39,-1.4003199,15.361653
HERC2,3.0494761,0.9467543
ALKAL2,6.189401,5.4879026
LSS,3.3637078,7.1009755
WFIKKN1,6.5109205,7.553685
TCTN2,1.1391125,-2.1382153
SBSPON,-5.8365836,5.16349
POMGNT2,-1.240336,0.034194294
PABPC1L,6.339021,-3.604949
CFD,-1.2619985,-10.194285
WASHC2A,6.173888,11.295947
DPF3,12.097363,1.1860424
ABCC1,-0.7114268,-9.619297
CECR6,4.220025,3.3106923
TMEM179B,9.952793,10.684895
OR7E38P,-5.7539015,9.056142
TUBB2A,9.769059,-4.4386773
DCLRE1C,4.957027,-4.7509413
YTHDF1,1.8332361,4.5968976
ASAH2B,6.195892,1.8330612
CRBN,-4.6826153,1.0915977
ETFBKMT,5.586838,-4.3716626
MORN3,4.368931,9.300142
CENPBD1,10.040062,10.586468
TCAF1,-4.0423307,-3.759054
BCKDHA,0.7688903,-10.755526
SLC25A29,2.1937664,11.069644
TPCN1,6.1774387,5.9399614
AIFM2,6.769747,13.287511
GPATCH1,1.3652054,-7.6536694
CERKL,-0.19693717,10.304959
TBC1D20,5.8848605,8.774814
FAM172A,0.06532526,0.47965997
FAM92B,5.7177334,-2.203294
ZNF641,-5.8311815,7.8230343
STK33,-13.214364,8.977283
VEGFA,-11.123949,3.644484
ADARB1,0.915118,-2.388161
PALB2,3.9946134,16.162306
ARHGEF10,-5.9223776,7.897261
UHRF2,-2.955627,5.7433443
MBD4,3.4526343,-6.1103525
SOWAHC,-6.676321,10.55865
SARDH,-11.477189,4.118073
PATJ,14.12678,-1.7609793
THOC6,7.6895003,11.34305
ZNF300,3.8708656,-8.889886
BCL2L1,2.3709369,-3.5810134
CDH26,4.357635,3.0809157
ZFHX3,-4.8548098,3.6493971
CDO1,-4.893462,11.494207
TSEN54,6.5447645,7.8396735
DNAJB5,-3.2992291,10.5558605
NDRG3,6.392437,3.8843927
NSUN2,4.328717,15.977271
FEM1A,9.825757,-4.4845095
LTA4H,5.8676577,1.3717046
DISC1,6.194702,1.1049361
ADD2,1.8699822,-4.0923066
SYT11,-0.0734893,-2.3029933
TMEM161B,2.023119,6.9264565
TPRKB,11.263003,-7.120177
PARK2,1.8541579,2.5323591
ZCCHC17,-2.7249415,7.110009
CPNE1,-3.7796092,-1.611866
HES4,-4.178622,3.4658802
KAT7,-2.7680495,5.762887
CHN1,-8.735124,8.49299
TSPAN18,-7.3470745,2.1599004
KLHL18,9.24735,-4.237289
ACSM5,-1.1091566,-10.02619
MTA2,1.491156,4.167286
GPR155,6.4118304,2.236596
PRUNE2,-2.3203952,12.00188
MCAM,10.099132,-2.07755
PDGFD,-1.9376445,12.338467
LHFPL2,3.154997,-5.5815487
COQ3,-3.1443903,7.613703
TAF4,-0.30391338,3.7346215
CCDC77,11.326814,-1.0756176
CCDC71L,2.5055044,2.5100806
FNTB,9.639011,-4.3647923
AAK1,-5.945592,12.959998
ISY1,8.570348,7.8328147
FMOD,-3.5539346,10.604796
KMT5C,6.656312,-0.5020761
UBE2D2,2.2088387,4.0305076
ALG9,5.503774,14.787107
HAUS8,-2.1671505,1.1249934
ISCU,7.8291883,7.522322
HSD17B12,-8.875185,-3.2990396
NALT1,8.714576,4.523026
TUFM,7.0066495,13.452749
SQSTM1,-0.19339857,6.0902567
FBXW7,6.206947,-2.2171764
RFX7,-5.852434,4.7497973
ALAS1,-2.2544339,1.0415672
L3MBTL3,-3.469272,5.371337
SLC35E3,8.828664,-8.183763
HSCB,-4.392199,14.82363
MMD,0.0059495643,-10.109306
KIAA1586,-12.052888,6.7380857
KATNAL2,-6.569791,7.956708
FTH1,8.656991,-2.9579751
C2,-2.255806,-10.262106
ZC3HC1,6.6723394,11.67619
TXNDC12,11.26403,-7.120669
COPA,-7.073223,3.7346137
CNIH4,12.037486,1.1315756
PAFAH2,14.005167,2.8589683
RTCA,-2.6826227,4.4936924
GM2A,7.9447336,-2.467016
GPR132,7.879619,-2.6279168
EXOC8,-6.773506,3.872512
IKZF4,2.7458394,-1.6185702
CD9,-4.145156,-1.6115382
ALDH3A2,3.1473181,-1.3399316
FAM84B,-6.9294114,0.9063062
ARL4C,16.017073,0.606724
FAM53A,6.5552435,7.7697945
FBXO31,5.6862364,12.121263
OPCML,-0.13323615,-2.3679857
ZNF707,-2.3190947,-1.2011169
SNX29,3.2245858,-5.8065863
SPIRE2,-2.2498806,-10.260719
CLCN4,-7.242924,3.8311474
NELFCD,6.452216,11.582453
RFWD2,11.959018,7.3521767
TREM1,6.4895573,2.7724242
SOCS2,-2.483575,11.822426
CYP7B1,-4.3570657,10.227858
SPATA6,6.6207576,13.229504
RNF152,5.2413745,6.9408045
DGAT1,4.1752353,-3.8822412
RAB36,7.1609535,-8.325229
TMEM45B,1.1399771,12.035254
DDX31,5.5358424,11.4992285
GINS3,2.3243802,4.0424786
TMEM63C,-1.6746808,-10.117365
DNM3,-8.740257,8.556238
PHKB,-5.72895,9.050648
KATNBL1,5.6853657,-8.312109
SRC,-1.4445521,-9.998822
WDR20,-0.3874904,3.6119487
RFLNB,0.53902835,11.982597
TIGD7,-5.641695,16.986774
SPINT2,1.9339685,-2.493692
GNMT,13.754389,11.2130995
ZKSCAN1,-0.50432616,3.2412782
LGI4,-4.8750443,11.511106
EDN3,-5.172043,11.19999
ZNF257,-0.63024074,2.533164
NOMO2,-0.24870993,10.200526
CCNE2,-5.81645,-4.8812985
OSBPL10,-5.895922,5.0004992
PRAG1,2.1184504,-6.815597
NDST2,7.8972793,7.4815226
CCDC24,3.8900228,-4.1080074
ZNF547,-5.7007546,17.044472
TCP11L1,2.4735985,0.9750777
NMRK1,-6.4270864,8.968487
CCDC58,3.8504117,16.0549
ERGIC1,8.820394,-8.173149
MAP3K21,-0.05801025,5.8938627
ATF5,-3.3477445,7.0194244
KIAA1161,-10.453779,4.3766603
FMO5,0.23469856,5.0692816
TMEM150A,11.679218,12.857129
SNHG12,0.44871682,-7.300217
REC8,5.146866,-4.2946978
SDHAF4,11.110949,4.065448
ADAM10,-6.04858,3.9371138
STYXL1,8.145866,9.524293
GPAT4,5.3335695,3.1986792
ZNF396,0.16895339,-10.151056
ZNF850,-6.2709446,8.932036
SLC25A23,7.7939696,7.5502095
PGBD1,11.96619,1.0669993
MEX3D,-7.741401,2.0448275
FAM83D,1.9402548,-2.5086675
CDKN2AIPNL,1.1319329,4.9267464
ZNF490,-0.18273042,9.86075
P3H1,6.5363092,7.918477
MRPL27,1.2476077,4.763334
TNFRSF8,9.898153,0.1635281
REXO2,9.2350445,-4.2150087
CBX2,1.2113868,-1.6250179
GNLY,8.1116495,-4.350257
AKTIP,-8.565013,12.900863
TRIM4,1.0039878,5.9534903
IMMP1L,-11.370818,-1.8519529
SNHG10,10.235044,10.396302
FAM26F,0.5536215,17.252207
PPP5C,8.633829,-1.010961
CCDC183,-2.3130038,3.1451135
COL18A1,-1.3898708,0.28539643
PCOLCE2,-5.441479,11.558414
FAM120C,3.4006417,7.016552
MINDY4,1.7073816,2.3088765
SDHA,-4.480867,15.093684
NFU1,-3.7801688,14.468709
LYSMD1,5.212979,9.309267
BRD3,5.7323866,6.4531994
PDZD7,-6.443925,2.467483
APOBEC3H,8.1577835,-4.2954407
LAMA4,-1.9423116,12.339205
PGRMC1,-4.2095323,-1.5332385
TWF1,10.665813,5.4223704
CXCL8,8.812788,-8.165438
DOCK8,0.4119994,5.812373
GPR182,7.5531945,0.8741326
MPC1,3.666482,11.683756
FAM111A,-4.729415,9.785339
KIF3A,2.6700604,7.6861253
PIK3C3,-4.8081274,3.7404022
GRPEL1,9.4897585,14.022673
NOL4L,-4.134393,-3.94009
NOX5,-3.0636592,-0.81705683
DGCR2,-11.329313,-1.8105155
NIPSNAP3B,1.4902616,-7.3147974
CMSS1,5.865529,13.891613
NLK,-2.406486,-6.6400075
ZNF747,0.68525136,-10.674563
ZNF486,14.065519,11.750342
CENPP,7.1087503,2.5336766
DDO,-5.1128054,11.125533
PDE7B,4.6965857,4.7551937
RAPGEF3,-0.38523117,-5.195571
CALCOCO2,2.7164307,1.0180925
EID2,0.24714212,5.0592594
TAS2R5,-0.425789,3.5562997
IL1RL1,8.625617,-7.6383047
NUB1,3.8914144,12.97637
ZKSCAN5,11.509126,-1.5982114
NPLOC4,5.1646404,2.5954962
RNF41,1.519347,-7.419407
ITGB3BP,-11.4027815,-1.8816109
TOE1,7.5356936,11.60998
PNPO,-2.1295235,15.951693
CHURC1,3.8762348,-4.3617983
ATPAF1,10.621392,-0.74155295
BTN2A2,-3.178855,-2.9265575
AP4M1,6.554851,7.8507133
NCK1,10.754487,5.399132
ESR1,6.983766,18.231684
ZNF517,3.5304055,12.032313
ZNF777,10.735912,-3.2681332
EML6,8.57013,7.84564
COPRS,6.53959,17.509418
BTBD6,8.588662,9.478362
DGKH,4.1857305,4.3998914
GOLGA1,-7.028561,-2.8148413
ZKSCAN2,-3.571972,5.008899
SIPA1,5.5442634,-4.3082523
LSAMP,-2.4383152,11.873147
BORCS6,8.677173,-2.902141
ABO,-8.46064,8.548551
KCNN4,5.2310863,-4.127397
GABRR2,-0.7213109,9.680426
TPST2,-6.226469,8.930247
OSGIN2,11.29037,7.241494
SLC25A24,-8.622265,12.809773
SCAND2P,3.8480968,-4.147479
NEU1,-5.999487,9.477061
KLHL42,-6.679994,10.572925
SAYSD1,-13.268551,8.924194
ATF7,-8.874485,-3.2996655
THUMPD3,3.953264,16.096085
ATP2C2,0.22155069,11.357958
GAS5,8.463882,-3.0808322
GTSF1,-8.733562,8.507121
DIAPH2,-8.504349,13.016474
DCXR,0.1395338,5.1596656
RRAS2,2.2042887,4.0436454
FRG1,-2.7265575,7.110364
GFER,8.212543,9.514339
MYO15A,-1.4097892,15.378278
WDR86,-9.968922,6.5913544
SLC30A4,-0.45439455,7.828695
SC5D,3.4884896,6.9977083
CROT,2.9812317,-1.4441538
PDSS2,3.1833389,10.268337
ZNF846,5.0293145,7.1744366
ZNF33B,-8.780961,5.6968627
GTF3C5,6.700034,-0.43508822
MUC6,7.839697,4.706061
CTC1,-4.4808903,1.7661545
KIAA0391,-1.3452749,7.72112
PLAGL1,-2.5026612,11.800445
BCORL1,-0.81034565,4.96758
TSGA10,-3.658103,10.046892
SDR39U1,-2.3628728,3.0923667
NR0B2,-2.3386366,-1.1258878
MARCH5,12.045911,7.3414183
NSD1,-8.1956835,5.6337404
RANGRF,5.54996,12.01305
FAM45A,1.231214,-3.8355956
TMEM109,1.2340586,-1.6252855
TACSTD2,0.109051205,10.858329
VEGFB,6.5485406,17.499685
RSPH3,5.1961374,-4.127906
FAM58A,2.0444584,-8.274414
TAGLN2,10.138421,-2.0637536
ZNF69,5.020004,7.187481
DNLZ,7.279011,12.005324
FADD,8.784375,-2.926575
IDO1,1.357394,1.6647084
SLC10A3,8.463084,9.519139
RHOD,-0.48759398,-5.2631216
NDRG1,-12.92704,1.9271389
MAN2B2,-3.4752145,15.410503
STX11,11.955964,7.348551
AADAT,-5.8830647,8.081496
ZNF317,-0.20618549,1.329483
PMPCA,5.994579,3.5770116
GIPR,5.374807,-2.2682517
ZNF529,2.5469887,7.5373554
FAM86C1,6.780399,13.010028
MXRA7,-4.1211767,-1.7468857
HS3ST3B1,-6.5225444,10.451757
KIF27,3.188399,0.931712
FAM92A,5.687949,-8.313354
FCRLB,5.586924,11.5033045
LRRC6,6.032246,-8.116327
SURF4,4.34516,13.352945
ZMYM5,1.2942737,9.041982
MED30,11.323727,-7.164712
AGPAT4,5.0272584,7.1734953
ATXN1,12.04835,7.3694797
GSPT1,-3.459176,5.3848224
CDADC1,12.153933,1.247489
UAP1L1,14.05583,11.741173
ZNHIT3,11.317599,-7.1633143
ZSCAN16,11.088017,4.0624747
FLVCR1,-1.7246287,15.934634
ABCB6,1.9490454,-3.3880208
SYNDIG1,-3.2444959,10.665906
TMEM9B,-0.43237594,6.386917
GATB,-3.2494323,7.2780795
PGM1,-12.064288,8.056236
PROSER1,-0.03100899,5.5984697
CCDC162P,-0.12952474,-10.041037
SYP,-1.3271127,16.136501
TSSK6,-2.8320918,-7.41111
LSM11,-7.6546082,3.8304305
ATP6V0C,-8.683828,2.3631406
RNASEK,-1.670313,5.8116026
THTPA,-1.4989835,7.633028
SUMO2,10.700017,5.4060283
NOSTRIN,3.0113409,-1.4269047
PHLDB3,-4.015713,1.5002007
SRRD,4.3011365,15.9888735
ZNF765,12.470222,-3.1978836
CNTD1,-0.20783807,1.3064421
LPAR6,8.466516,-3.4472926
FAM65C,7.204783,13.561231
ZNF583,5.704087,6.5653234
MTRF1L,-2.8515165,-3.9069865
MAT2A,4.1137896,16.153517
TOP3A,8.070659,-2.110816
COG5,-2.4445417,16.211885
CCDC102B,4.212754,3.0503142
KCNH3,6.530654,2.788554
NCKIPSD,9.394067,3.9919963
PDCL3,1.8812677,4.058456
DBP,2.1154604,6.8260064
TMEM51,10.176382,-2.000238
MTMR12,-0.6806296,15.394684
MITD1,5.3121343,11.276559
WDR45,5.1261444,2.546631
KCTD21,-5.704294,17.04766
ADGRE1,4.226857,3.0543027
TRIM22,6.7524605,-9.214574
HCFC1,-3.5606842,8.006121
HERC1,-3.6578472,4.7459264
RPS6KA6,-6.8700757,0.96378726
ATG13,-5.6672406,-6.6847568
EME2,14.034012,11.709468
SFI1,5.542432,-4.270127
ZMYM4,-0.5495099,7.6650176
ZRANB3,3.1641848,10.296957
IL15,0.6464243,17.90582
RUNX2,-5.4792523,5.944832
ADRB1,7.8884807,0.9427535
NSD2,-4.2502966,8.793088
GMDS,-4.465725,8.561021
IFT20,2.9828198,-6.540276
AFF2,-1.2028834,-1.9957834
SPRYD4,4.91988,13.027458
COX18,4.2879825,13.004788
C3,-1.5773379,12.607517
ZNF565,16.262018,8.557135
ORM1,0.5577822,12.015766
NYNRIN,-1.2997234,0.15367192
MYO7B,-4.1295505,-4.70751
S100A10,-3.8322098,10.551129
IGSF9B,-4.719636,9.793722
DDHD2,1.3853127,9.139737
SIAH2,-6.0356603,12.840373
STARD8,2.0289655,-0.92803496
ACO1,-8.69068,2.3848073
KHK,-7.1246104,5.4269915
BCL2,2.7037067,6.819125
PREP,1.4950197,4.2020073
ZEB1,1.9915609,6.932047
CHIT1,0.09653329,10.887426
RBM23,5.0798297,-3.7009087
KLHL8,11.973613,7.3499045
KIAA1211L,-8.440576,10.95681
IGSF9,-0.5709717,-5.839738
MICAL3,6.2727966,-9.636967
TMEM255A,2.923262,-6.335889
TCFL5,8.457094,10.606374
ZDHHC15,-4.1255965,-1.607216
ZNF714,2.5282445,11.186952
DIRAS3,-7.1159725,7.2333345
MLEC,11.699743,12.85199
POT1,-0.7746266,5.0042467
NSDHL,7.6347065,11.401696
NUDT2,10.353808,10.030518
PCNT,-0.70889986,9.69445
KRT8,-9.460867,8.306511
ADTRP,3.9059415,12.746208
GNAZ,-2.6764598,-0.9435353
TRAK1,-5.152794,13.438272
MTFR1,4.5837073,12.885508
PRR33,6.654964,8.2927
IZUMO4,5.683826,11.65969
XRCC2,7.299301,2.5001235
PTCH1,5.742712,6.4228277
DNAJC25,4.2660165,13.276667
ARMC12,8.608173,-7.6408973
PROB1,-3.9203713,8.105308
RRAGD,8.89983,-8.2355995
H2AFY2,-7.0627375,3.7402203
NAT8L,1.4367045,-7.2681813
PLA2G4C,8.351124,1.1794068
SERPINE2,5.440454,5.121214
ADPRH,-1.0875626,-9.996194
GPT2,-3.4016619,15.311376
RER1,11.62301,12.920988
CLDN5,-3.1068764,18.418177
SFXN3,-3.922645,10.479288
ZNF665,9.779391,10.998337
EPM2A,5.4682426,8.999208
GPRC5C,10.134398,-2.0208857
PSMF1,-3.936224,6.6508007
ZNF839,3.8678026,-4.127649
TADA1,-1.1549191,16.032381
CRY1,-4.945158,0.7098963
DIABLO,-4.089843,6.54681
NOCT,9.49353,14.00222
GPNMB,-4.7363873,-8.2377825
MIPEP,4.4158597,9.471213
ZNF275,-0.22848015,-4.759121
TCTEX1D2,2.9497237,-8.477905
NRROS,6.825332,-3.569594
LMO7,0.24204728,5.05492
PIWIL4,0.27459124,10.804515
ANAPC13,9.7525835,13.344295
RAVER2,-0.12929112,-2.382747
FOCAD,2.986201,14.009998
FANCL,-5.42778,2.2623165
ZNF79,-0.110668674,4.812711
RABGGTA,-8.017308,-7.774501
AR,-0.106780715,-2.3412094
NT5C2,8.439603,-7.5108275
ASTN2,-0.1994343,1.316014
AKR1C2,2.4164493,1.0635817
ABCA2,6.619035,2.2645886
ZNF564,5.2126565,9.316849
SCN11A,-3.0507138,-0.8411463
CCNYL1,6.5352535,7.579568
KANSL2,11.094183,4.064211
FIRRE,2.2300491,-6.055276
TRPM2,3.4149032,7.0524435
TLDC1,8.731022,4.5427446
PPFIA3,-6.524834,2.4122095
SGF29,6.488086,-0.71849656
UCHL1,11.315398,-1.1098228
TMEM50B,4.101615,4.762528
PPFIA1,-7.151264,3.8224263
ATP6V0E2,-4.808139,1.9131948
MTMR11,6.504968,-0.6904084
SRD5A3,10.924794,5.348115
SLC2A9,-0.423145,6.3871126
DNAJB12,-2.3427153,2.3926182
NGDN,6.4780245,13.243028
HLCS,5.7825184,8.738511
TAF5L,-0.6810528,9.719623
ALKBH2,6.2331347,13.555704
UPF3A,11.072195,4.056523
ZNF496,-2.9340036,18.61554
PBLD,11.606712,12.930888
COCH,-2.3552713,0.9438867
INTS13,1.7162617,4.4843903
USF2,1.9856541,-8.308735
CEACAM19,-8.025637,1.6924717
ZSCAN2,1.7975352,-7.0646195
RGS11,-2.8183079,10.063907
PI15,-1.7389708,14.089352
COL15A1,-11.097229,4.0164113
NPRL3,2.3660972,-3.606754
ZNF626,3.2643962,8.080864
ZNF684,11.488647,14.4115095
SLC4A8,8.314334,-1.6033729
SLC6A16,9.548574,13.984654
CAMKMT,2.0427747,-1.5383418
NUDT19,-0.38833448,7.856812
SLC39A11,0.34553185,10.811713
ZNF227,9.620165,13.531093
CYP4V2,-5.3996596,11.512952
SLC43A3,7.130701,12.155406
CST3,-1.9813963,-8.694121
ZBTB49,2.0456986,-1.548087
PYCRL,11.455239,-2.0103922
OARD1,-4.3348165,4.9477983
CD1D,6.73423,-9.288957
TWIST2,-12.804847,1.850113
SLC25A4,3.912122,12.967372
TPRG1L,6.165104,5.847707
EIF5A2,-0.2999993,7.9011235
SEMA4F,2.5242226,11.188974
XRRA1,3.0780096,14.172014
KIAA0368,-0.18825278,7.952768
ZNF823,-0.857045,5.342946
ARL16,5.506388,12.144631
TOMM34,6.439146,11.581116
LONRF1,2.9979708,0.9043085
TMBIM6,-2.7307036,8.336557
TMEM38A,1.7607096,-7.133431
TTC39B,-3.0490336,5.5476513
SMYD2,5.131327,2.5450146
TGM2,-12.961553,1.9501084
ANKRD65,-2.6178844,11.690925
SETD9,10.575951,5.4727902
SLC43A1,2.4193115,1.0134606
GABRE,-3.9297235,10.486679
CMIP,6.181044,6.518988
TRIT1,1.4841384,-7.312066
MIRLET7BHG,-3.4861205,5.1173925
TYW5,-8.50411,13.011527
PIK3R3,-8.754879,8.518506
TREX1,7.8351626,11.130145
ZNF816,-2.4085774,-6.6366916
CCDC85A,3.5475636,1.1339616
PROCR,5.783138,0.43460694
SCNN1A,9.707924,13.502399
FAM120B,10.592885,-0.77159613
OSBPL2,-5.5815463,-6.619075
TET1,-4.1003003,1.5834001
ZNF567,1.9666216,6.9381742
ANXA6,-2.644087,0.71355915
TMEM159,3.4005775,7.030264
RREB1,5.031983,7.1698375
ESCO1,-0.7424135,7.811071
ANKRD42,3.0954113,16.241934
FAM50B,8.544553,14.42446
MAMSTR,1.4830152,-1.504703
ANKRD34A,3.4047003,1.0293064
EYA3,9.1634245,14.235947
FGGY,2.1001446,17.231346
CCRL2,10.060501,-2.3708806
RNF14,5.253236,6.9050946
NAF1,3.4670722,16.213364
FAM118B,-1.8333806,5.4619465
ANGEL1,1.6680382,-1.7712742
FBLN7,-4.2809997,-1.4293358
PITPNA,-1.9814047,-3.1023476
ALG6,-8.476111,8.230022
KLLN,3.2015612,0.93833166
ZNF594,2.043805,-5.738978
YIPF3,-9.481806,8.291236
ZNF709,-5.154343,13.43467
SYNGR1,3.8784194,16.568005
JPH2,-2.3778565,11.942911
RYR2,-4.058012,-2.812883
CKMT2,-0.45171684,-5.1295543
NANS,7.167584,-2.1304286
RNF26,11.585244,-1.7232767
EMCN,-2.2750952,12.056114
DGCR11,-4.380084,4.979284
SLC25A34,5.447452,8.994214
ZNF586,-8.63122,8.373051
PMEPA1,4.629222,9.671584
PARG,3.2788577,9.933991
ZNF346,1.9964288,9.255533
HNRNPH2,-8.501706,12.963625
ZDHHC14,2.7315083,-2.867544
CCDC57,5.9960494,3.852309
SMAD3,1.5287826,-7.409393
SERGEF,10.985085,2.3370922
PI3,6.1717434,5.546899
CDRT4,-5.8943343,9.325643
TADA2A,1.3951448,-7.6116138
MAP1LC3B,1.4986092,-3.5270216
PTPMT1,-3.5648894,6.836407
COQ2,-1.1459703,-10.35782
ZNF286B,0.1720151,5.149749
DPY30,-1.7266766,5.697292
GSTO1,-1.9348007,5.307808
RUFY1,-0.56963426,-9.511316
ABHD6,-5.0956125,8.610423
LRRC56,5.9815555,11.309369
SORCS2,-0.96247005,-1.788482
TM9SF4,3.9979112,16.387714
PPP1R3F,6.1479363,11.311114
OGG1,1.3905742,9.054136
MALSU1,-1.69315,5.76709
COPZ1,-5.8070154,9.091944
SETDB2,10.812518,-3.5304909
RNF5,10.351407,10.039049
GPX1,-1.1587673,-10.282476
VAT1,-7.8471837,2.033809
PEX5,-6.817052,-1.1058503
DNAJC30,-3.4494817,12.715021
QDPR,3.009519,14.088149
MBLAC1,8.610062,-2.9576929
LRRC39,-9.484991,14.18927
WBSCR27,7.8838086,4.74679
TSSC2,-4.6634235,10.590063
NDE1,7.904777,-2.549558
GAREM2,7.3271604,12.034885
RUFY4,0.6373353,17.830532
DHX35,12.850979,9.276915
IL12A,-3.5674884,15.574972
AIFM3,7.932675,7.3727007
ULK4,4.7751384,9.82594
ZNF589,2.3667195,-6.0360045
DYRK1B,3.8896313,16.564734
EML4,-2.633809,0.7233444
RSG1,0.5964563,17.375101
DPF2,6.197266,8.309835
NME7,-8.7431345,8.49976
EEF1D,2.8829584,-8.383345
TUBE1,-4.772031,0.99596393
COA1,-5.8648725,13.158519
ZNF708,2.383219,7.3420086
FITM1,-2.4811175,-0.99044544
SNAPC5,-5.822081,5.024862
STARD5,6.630152,-2.1459682
KIF26A,-0.4807473,-5.8113356
WDSUB1,-3.610202,6.819608
WASF1,-6.50181,10.455334
ZBED6CL,1.7981404,-7.052002
PRMT6,-8.271603,5.6429434
BORCS8,8.529169,7.621069
CIDECP,10.195201,10.411283
IQCC,-3.4538212,5.3874316
PIP5K1C,9.964229,-2.5468884
SCNM1,6.4812365,-0.7175998
KCNAB1,0.2920539,-8.453423
THY1,-10.646397,4.2503605
ADGRB3,4.686479,4.7292356
STAG3L5P,6.5520854,7.579823
ACCS,-3.0830557,2.004652
EXOSC4,-3.7009442,8.022691
VDAC2,-4.2199383,14.903065
CD80,-0.58656,-4.9920497
SMARCE1,-3.7744167,-1.6123785
CES1,-0.035627153,-4.546892
TTC26,3.342275,5.316078
ZNF559,13.441284,10.054743
HRAT92,-6.469233,7.9962745
UMAD1,3.3997881,7.1250277
PGF,5.9609723,4.8268948
HRH1,0.82771605,-8.003106
GOSR1,-1.6688583,15.8865185
GALNT12,14.091718,-1.7945881
LMTK2,-3.4618018,5.38583
ZNF792,-0.15485878,-2.3904982
MAD2L1BP,1.5687721,3.7346551
CHML,1.9950483,6.9268484
ZNF677,-4.7732267,3.6862738
NPIPB14P,-7.234573,3.8283207
RGMB,-5.7437844,9.0413685
RMND5B,5.723743,-0.91109115
DGKE,-0.100319244,-4.6075273
TRIM17,-2.3336995,-2.6427236
WDR97,-2.5427456,2.8545437
ADGRD1,1.7459631,2.322296
PSEN2,1.1233308,-1.588807
SLC4A11,-8.74392,8.503332
SCNN1B,8.711169,4.5223346
SRSF8,-5.848096,5.1659746
SLC37A4,11.561399,-1.7341163
TIAL1,-0.51538956,3.1892335
FBXO2,5.5442514,-4.256125
HMOX2,2.3806715,1.3221809
INTS12,-4.0204196,14.710901
GLA,1.8184469,4.5846705
CLEC1A,-0.4842207,-5.0876107
HADHB,2.6504152,-1.6725737
EMC1,-2.0250528,15.926516
PER2,6.872171,-9.140729
PLD6,-7.029564,-2.817511
H1FX,-6.964934,0.9000286
ST20,4.349762,3.084536
TSC22D1,2.4699204,2.225687
NFE2L3,1.539047,8.988123
RBMXL1,3.3930585,7.045861
CSTF2T,-8.719247,5.673496
RIC8A,7.64426,11.392519
ZNF790,9.752695,13.34286
ANKRD20A19P,-0.14508782,-4.660682
ALAD,1.907103,-4.060409
MAL,-0.48571223,-5.0882087
S100Z,0.59821117,-10.589942
LCNL1,-1.6801757,15.674175
SCN3A,2.7192476,-6.1568513
HERC4,-2.4073122,-6.6368465
PRSS36,9.528634,-5.0763607
RWDD4,-0.9737768,15.916522
PSRC1,11.395604,-1.2368087
RGS10,-8.707589,8.470143
CMC2,-3.218833,7.2568374
HNRNPA1,11.289717,-7.1354904
ASRGL1,-4.9096346,8.485594
PYY2,-1.1746988,-0.046678834
MYO18A,7.8624916,11.114822
EIF2AK4,5.393376,6.7896647
BBS9,-6.2604074,18.681883
ZNF366,14.052989,6.0070686
ING2,1.9024704,-2.5284123
WTAP,-5.7926006,4.545118
DRAM2,-1.3324885,-4.8727136
ABCD3,0.019415144,5.5838966
SMIM4,-4.0962253,6.5439334
STYK1,8.390412,-3.7458618
CDK14,2.229377,-6.0491734
TRIM7,12.204916,-3.402167
PFKP,5.6039925,11.586765
PNKD,-8.724639,2.4180582
EEF2K,-4.2347593,-3.325226
AMBRA1,-2.4078393,-6.6359406
SCAPER,-4.6783648,0.6567208
LRRC37B,3.233992,0.91666245
CITED4,10.097651,-1.9826777
AKT1S1,6.5055637,-0.68851566
GRIN3B,-10.027176,6.653138
FUT10,-0.7375793,7.8112392
DIDO1,-1.6589122,-4.8312087
KIAA1456,4.071396,4.268983
PRKAG1,-3.6343417,6.801081
EPOP,-2.4537876,0.8653559
ZSCAN9,6.2257605,1.3647476
PC,2.028595,-0.92987657
ALDOC,4.3048224,13.429862
INO80E,-3.7658458,-6.2266917
PYGB,-6.876591,0.96662176
FAM110D,9.396491,3.9876125
ZNF696,-0.5590586,3.467151
PIR,-4.1582117,-1.6122761
KXD1,6.695387,-0.4624443
DTD2,-4.7544074,1.3519993
RAB38,-0.31822976,-9.960333
MED28,-0.62021434,2.638609
AP3M2,-2.2731526,15.893227
UROS,4.0351305,4.832121
MCOLN3,-12.772665,1.7369432
ADAMTS10,0.94857234,-2.3616557
SH3BGRL2,5.196377,6.990309
EID2B,-4.4339075,18.316338
CEMIP,0.25910974,5.076651
SMARCAL1,2.978637,-6.516118
RCOR1,2.115324,6.8279176
L3MBTL4,-3.709671,-1.5120916
MTHFS,0.607402,12.07607
FBXO48,-6.165499,5.8739295
ALDH1L2,3.959606,13.014977
SLC16A13,-4.342926,4.948503
CBWD2,3.623305,11.569955
AXIN2,-6.327038,8.0592985
CYP26B1,5.609884,5.2158146
ZNF407,3.694358,16.034422
MOB2,-1.4713652,15.93943
AP3B2,0.4191643,12.423799
SHROOM2,-4.0994263,-2.43527
CERS6,11.23906,7.212984
GALNT14,0.78274065,12.154674
CIB1,5.958811,3.8753598
CNGA1,4.3787503,3.9701433
NT5E,2.7016895,6.8226266
ADAMTS6,4.201573,9.157065
MRPL53,6.9612846,-3.6828308
TMEM131,-3.4338186,5.394623
TCHP,13.437273,10.048249
POM121,-0.75737786,9.627931
FAF2,-8.260906,5.643747
STAMBP,-5.818544,5.4224916
RNF170,0.23476887,5.06845
HPRT1,-0.6442059,15.360758
SCARA5,-2.660444,-0.96171904
NXN,-5.856892,18.628115
OMG,7.0344296,-8.411022
TMEM120A,6.6968865,8.311686
KIZ,2.4274666,1.0043
FAM35A,-5.8213696,5.0281463
PRRT3,-2.8903618,-3.869062
CPSF7,8.132805,9.49341
SUPT3H,2.5329602,11.184594
EI24,-5.3968554,2.2134824
FAM120AOS,-10.750381,1.8698243
ZNF174,-1.5235974,19.285383
MTMR4,-0.73344034,9.681313
PLA2G5,-10.537522,4.316822
GANC,-3.5885236,5.010896
DNAJC10,1.611912,9.023067
EPCAM,8.608732,-7.643202
ASB2,13.946812,2.7683792
PFDN1,4.365601,-3.935289
DTX4,-11.067846,3.9990535
GTF2H1,-5.8283796,4.988096
ZNF28,-13.164996,5.644921
UBE2F,9.596929,-5.2121725
ACAD8,1.1189606,12.355929
MAGEH1,4.036295,12.989532
LZTS3,5.9258065,-1.3297678
MTIF3,-11.3716545,-1.852306
FAM219B,7.081607,0.74462414
ZBTB42,9.253525,-2.704533
GPAM,-2.3466825,2.4059727
SPECC1L,-1.386695,0.22977498
METTL10,6.9647503,-3.6861362
GALK2,3.0108125,14.087753
SPATA5L1,8.668667,14.424454
SLC35B3,13.43847,10.050232
TMEM182,-11.144314,3.7611206
AKR1C3,2.4105923,1.091465
YWHAH,-4.0157113,14.696747
ZNF19,6.149584,1.9252762
ZDHHC12,-3.6322517,6.8022733
RNF121,-0.16573592,7.958689
PBX2,6.160387,11.292424
FAM149A,-4.810731,10.733396
HMBOX1,-10.547368,-0.014013929
EXOC6B,13.795843,11.293105
BRD8,6.014689,10.574143
ATP1B1,14.052802,6.0071025
ZC3H10,-6.816729,-1.10554
MPZL2,3.308971,5.2803607
CLPP,15.929153,2.3661225
ZC4H2,2.866045,-8.362278
NPAS2,-12.94794,1.9403243
GCKR,-9.475708,8.294339
SETX,-3.4539804,5.1310034
DSCR3,-7.962145,5.604114
TCAF2,14.289626,-1.604422
KIF9,-4.161831,-1.6227583
SNTG2,2.0229545,-1.6039838
KIN,-1.5413171,15.921448
FAM3C,10.698565,5.402604
DCAKD,5.267498,11.90604
TINF2,8.184706,-1.8446406
MROH7,13.991768,11.676836
SFR1,3.8132946,16.027103
CECR1,-1.4162581,-9.95383
SUMF2,6.1813016,5.8951745
ZNF175,-6.3677754,6.0311694
ZNF273,2.6132705,7.161431
KCNK6,-3.1158535,10.682813
CANT1,-0.5531058,-2.5739818
MYO19,5.2068267,11.9112015
NBPF9,-5.28642,13.3133135
TCTA,-0.6615995,15.382405
TBC1D22B,-13.164982,5.6448517
CENPL,1.9306363,-2.5533016
ZNF701,3.3717246,5.3421507
GALNT2,-6.374005,8.905253
OLFM2,-4.343796,4.9523096
TRIM66,12.440399,15.5587
NMNAT3,-2.3872986,-0.9643217
RMI1,3.2793305,9.86158
PCDHGA6,-8.787173,8.934882
NCAPD2,2.0131736,-2.2614417
SIAH1,3.359224,7.18399
MTFMT,-12.542804,11.117081
GOLGA2,-5.035261,8.581689
NTHL1,0.97680223,-2.3308496
FAM162A,2.5259986,-8.256473
MSTO2P,6.6009417,13.1651745
TVP23B,14.223274,7.835205
PCYT2,-0.17773263,7.9605136
CAB39L,-2.4410706,11.868739
SRPX,-2.5046666,11.804243
HNRNPLL,-6.5016794,10.454752
NADSYN1,2.1868052,11.0703
FAM32A,-2.8837423,7.110017
SERTAD3,-4.7296653,9.779683
KLRA1P,1.4840752,9.063096
TSG101,5.5187035,13.186091
JMJD7,11.344287,0.32696196
RNF185,9.605884,13.482406
ZNF587,-8.419786,5.6376376
MSANTD3,-8.991351,10.076249
TRO,-6.3465214,8.068795
ANAPC5,-2.3963776,0.9131781
TRMT61B,3.7160432,16.0425
PGBD4,-7.9462547,2.1109626
RAB43,5.2975254,12.99825
GNA12,2.4164038,0.9633744
TMEM11,-1.8916253,5.472976
ACOT4,0.4384811,-8.330094
NFKBIB,7.2213893,11.951741
TCEANC,1.9420282,-4.262965
PPP2R2D,10.099025,10.786029
CTSK,-12.801328,1.8209326
EXOC3L2,-7.4257803,2.1440973
RHBDL1,8.785741,-0.7367259
TRIM16,9.660041,13.574421
MOB3C,11.647465,12.898289
ACTL10,9.282924,-4.2265496
ZNF322,3.3088262,8.113277
NDUFB11,-5.8833537,9.280335
JAZF1,-5.559241,3.0506113
MOSPD1,-0.4860989,18.980316
USP6NL,0.75906694,6.2294707
LSM12,-2.0735984,15.937534
WFDC1,-1.6980641,12.490806
LYSMD2,2.969612,-6.4825883
ANKRD39,8.308976,1.1418722
TMEM127,-1.9715775,-8.699003
RASA4CP,-4.0302587,14.733704
CCDC163,-4.753326,8.115616
GBA,1.0798014,12.305237
RNFT2,7.261727,-1.7975116
ELK1,-0.58717114,-5.831841
DTWD1,-2.4073398,-6.6425786
NCR3LG1,-8.424906,8.184082
ANKRD22,9.288532,-4.868985
FOXF1,-12.739832,1.7192253
CPT1B,3.8774798,-4.125153
PTPRZ1,-3.5026731,10.353036
KDM5A,-0.6119058,10.02267
WASH4P,5.5113807,-4.25492
CDH13,1.8531065,2.668506
TAF9,11.50898,-7.2815633
PTRH1,10.113747,10.470586
ADRB2,8.680133,17.328152
ZNF546,-9.488593,14.193135
CYP2D7,5.984777,3.8473315
COL11A2,-7.9695845,2.1111445
WDR5B,-2.4088554,-6.635981
CCDC18,9.9446535,0.21091624
NUDT1,-2.4485857,0.87654954
PIP4K2C,-2.9732227,7.1980753
NDUFS2,-1.6452156,5.8049717
SLC43A2,-2.454053,16.168127
FAIM,5.239537,6.9463234
RWDD2B,11.06291,4.0569854
CBWD5,-1.4940026,7.6360807
PHYKPL,6.4768543,7.472132
MAPKAPK5,-5.846197,4.639768
FGF11,-0.47983915,-5.088269
TNFRSF11A,11.967232,1.0672382
CYR61,6.75991,-6.155016
LSG1,6.5691686,13.185238
SMIM8,8.890251,-6.9619613
HNRNPA0,2.0639648,-8.268577
CCDC85C,10.5866995,-0.77727586
HADH,-2.3475027,2.404943
TMEM53,8.9291725,7.3242145
DCAF11,-0.56212515,7.575827
LMTK3,8.910495,-3.821335
TLDC2,-1.842509,-10.194085
BCAR3,12.064361,1.1426151
PDE1C,3.2699006,-6.9651475
ZNF252P,2.7708733,6.898215
LGALS8,-0.43616563,6.3739614
TTN,-3.0120168,5.5332193
TNK1,1.5319453,-7.3911586
TRPV1,7.4248686,5.049114
ANKMY1,2.067298,-6.861327
TTPAL,8.167373,-1.9151502
EXT1,-4.4992175,10.417981
HERPUD2,-4.678556,0.6547423
ZNF180,-4.388018,4.4217625
TAS2R20,2.5884938,7.9271016
MMRN1,-6.7031884,-4.615594
TEX22,-2.5490716,2.844722
DNAJC13,5.7324815,6.4956775
NRM,6.495311,-3.539585
TSPYL4,-9.336401,8.365859
GEMIN4,7.0015135,13.44815
KCTD2,-0.44653046,-5.3010936
EPS8L1,3.5786822,-5.761916
CX3CL1,-2.2849786,12.044872
CDH6,-2.092372,12.23633
VSIG10L,8.929031,7.323756
ZNF426,5.4973893,6.6950884
ZNHIT6,7.3298564,15.123102
FAM103A1,1.5659322,3.7319896
CACNA1A,2.7380676,-2.8795931
LRRC57,-6.7171493,3.90654
TIAM2,6.5306573,2.7877784
GPX7,7.325604,-2.2299328
VEPH1,7.9809537,0.96061176
DLG5,4.0999336,4.7966223
B3GAT1,-4.485063,1.7674601
MAPT,6.890586,-8.867119
NUAK1,-3.4815485,10.511736
ELOVL6,1.9445546,-4.243428
RASGEF1A,6.4312267,2.256074
MYOM2,-11.5885935,4.155027
BCL9,7.597546,11.53054
CDK11B,5.3425155,3.2304118
GLB1L,7.2940674,-1.6623048
ZNF124,9.888244,18.081444
MIATNB,5.4300447,-4.085356
BEX5,-4.2516994,-1.4172859
PARM1,-5.564127,11.712285
KCNH8,-13.231977,8.966636
SMIM7,-0.18330824,9.817782
SLFN13,6.149574,-2.2740011
GATAD2A,-8.378415,-5.0309
BRCC3,-1.6254352,15.956228
DYNLL2,9.630668,13.457616
ZNF264,-5.5257506,5.9010487
ADAD2,2.6607742,-1.6694286
BLNK,10.923154,5.349182
MED25,-5.6087294,-6.64223
NANP,14.225151,7.8347898
TMEM41A,-2.6063547,-1.0102959
NPTX1,13.796001,11.293205
GOLGA6L9,-4.423,4.9926376
LRCH3,13.44153,10.054324
HHLA3,1.5638528,8.980844
ANKEF1,-6.6498246,2.4109204
LOXHD1,1.5117638,12.030449
NSUN4,6.8139052,12.942631
LRRC70,-3.7960224,-1.5964187
MSH2,-3.5379112,15.229987
TMEM80,-0.52559334,15.285554
SPON2,8.107763,-4.346492
NKIRAS1,-4.186672,-1.556327
CBWD7,7.106138,4.013713
FLRT2,-0.16083334,-2.4039166
DCTD,-3.3744287,-1.2207357
INO80,4.1024275,16.111488
XKR6,2.180799,11.072834
MED10,5.8871083,-8.004276
CBR1,-4.391588,14.98729
RASGRF2,9.571628,7.6267214
TRPV3,5.4120436,-2.2324376
PTER,-0.73865557,7.8109865
NT5C3B,-8.247252,1.399964
F11R,-5.9852195,12.898062
LY6G5C,-6.183056,12.756279
CLDND2,13.970496,2.813935
SLC18B1,1.4923191,9.1319685
TMEM187,2.530401,11.187618
POLI,-9.492991,14.196993
NTSR1,3.9670537,2.9721954
ZSWIM4,6.9586525,-3.6809561
NBPF20,-0.84698004,10.102606
ZNF41,-1.3714644,15.98593
DECR1,7.52803,4.648651
BRSK1,2.7022598,6.8252726
TMEM132C,1.8237756,2.6739693
ZNF630,-0.7844699,4.9895678
INE1,1.6305387,9.015617
GGCX,2.9965081,14.092178
SPATA20,14.016812,11.7565365
VPS33A,8.077219,-2.1254776
RMI2,7.5395164,2.4398508
KLF5,0.04466353,11.020508
ZFHX2,-2.9508119,5.7714276
TMEM206,-5.89825,13.12103
PZP,-8.686144,8.421918
ANXA4,-1.8424373,-10.2017355
POPDC2,-8.469035,13.068421
ADPRHL1,4.97257,-4.709105
SLC25A15,-3.4346669,15.360614
NCOA1,-7.113741,3.848831
KCTD6,4.517868,10.04883
IGLC4,5.617348,-2.1833994
THOC5,-5.5264187,-6.576617
NMT2,-2.9466794,-3.8150241
PAQR8,10.540776,-3.6901815
KLF2,9.677918,-3.9517708
CMTR1,0.7196842,18.261576
UXS1,5.058613,8.354372
AP3S2,3.7579954,2.9136562
MFSD4B,-2.3571384,0.93152356
HCG11,-6.0136924,5.7763963
CH25H,5.9580894,4.826527
ZNF497,-2.1839192,-1.3980696
RCBTB2,2.046965,-8.26732
DLEU2,7.328397,3.1550865
CATSPER2,4.7998743,12.974293
GSPT2,2.2267003,-6.0639405
FKBPL,-7.3084064,14.233036
COL9A3,6.6411757,-2.1449654
NEK1,-0.67662907,7.814493
KANK1,-2.1725838,12.160187
ADCK1,0.5697527,17.232595
XPO1,2.332141,9.2967825
LRRC37A17P,4.3876657,9.322734
STIM2,-13.219081,9.041156
KIAA0408,-12.740883,1.720366
CHST12,-5.9081726,9.348628
HEYL,-4.5314617,10.46317
HELB,6.775077,-2.313244
NTRK3,-2.0141819,12.339635
HEATR6,-0.32435566,6.3480177
WWOX,-1.7362825,5.8801446
TBC1D1,2.4577825,0.9334051
ZNF853,-4.4507446,8.52003
GABRB3,-8.43519,8.559607
FAM217B,11.953911,7.2640452
FAHD1,-12.54303,11.117205
ZNF808,-8.9774475,5.767104
TCEANC2,7.167859,4.0144405
DDOST,-3.0400188,-0.8507172
MYL6B,10.145555,10.778486
SRGAP2B,2.1747217,-1.560885
TG,7.665988,5.301916
CPT2,-1.6829896,-10.092482
RTKN2,8.922934,-3.906062
ZNF738,3.1232133,8.066819
DDX28,-2.8359177,-7.4115977
MRPL49,2.955342,-6.4808645
FAM157C,9.487601,-4.9613795
TMEM203,8.830726,7.40835
KIF16B,-8.756559,8.502979
UBL4A,4.029496,4.829735
PDE4DIP,-2.867063,10.800031
THYN1,9.615828,1.0573857
SPOCD1,7.1972775,0.7797849
DEAF1,14.22392,7.834298
CACNA1F,-4.5789957,1.8173946
SLX4IP,0.49939045,5.9074388
DAP,-5.0341525,8.588186
ZSWIM6,4.23701,3.269684
CASQ1,3.0222385,-6.6082487
PDCD6,6.2096086,-2.239438
TSSK4,0.2015277,5.083112
CECR7,7.286075,-1.6891394
CYB561,2.0031025,-10.313545
ZNF660,3.87082,-8.889864
B2M,-8.50809,13.0096655
SMS,14.052926,6.0070167
POLD3,7.3669095,3.3785157
EFCAB13,-10.545748,-0.015733443
SFT2D1,3.8222835,12.286428
DZANK1,-13.217279,8.975673
ZNF420,-6.8801804,0.96197563
FDXACB1,4.0631247,16.129053
APLF,9.787806,13.30786
NFYC,-0.6080681,2.9554656
ZNF569,-6.0109844,5.774726
DNAJC18,4.097657,4.7656064
GTF2H2C,14.070809,11.762728
ZNF334,2.393873,0.95736086
ZNF431,-0.629761,2.5198202
EXTL1,1.7241943,2.3220017
ZNF772,3.31094,8.120813
MIS12,-5.650324,0.08484555
ZNF599,-0.15193865,-2.3893292
KIAA1328,8.124515,7.537278
APTX,-4.1110764,6.5365596
CBWD1,-1.7345096,15.914084
EIF2D,11.573772,-7.3299003
JPH4,10.238579,-1.9059856
TECTA,-5.646824,0.081319444
CPNE7,5.3808575,-4.063346
ABTB2,-2.712406,15.734655
ZNF597,-8.279348,5.642785
SCN4A,9.559071,7.6090965
SNN,-5.1852593,13.409606
RLF,9.835679,-4.499553
DDR1,-3.6389687,10.00576
UQCRHL,-2.7201178,7.108398
MRPS18C,1.1622043,4.886874
GPR65,8.68492,-0.91539025
HSPA12A,-12.476063,1.9481322
ALMS1,-4.7793384,1.3578947
MFSD4A,8.142285,-1.890446
SLC26A1,5.7823634,12.085293
ZNF652,-13.270087,8.921689
CCDC30,5.2475467,9.345211
SLC25A16,6.4141498,15.6794615
CCDC122,0.90332955,3.8910897
EFR3B,-10.110204,6.735682
CPSF1,5.74112,-0.9087971
GJA5,-11.588009,4.154456
WNK3,0.7518626,-10.73656
FRG1BP,2.6746666,-1.6649362
PKNOX1,9.593576,-5.1973124
POLN,6.6429033,-2.1457677
C2CD4C,-0.47413468,-5.8521895
TOM1,-12.063472,8.056012
WIPI1,0.8567942,12.155793
MB21D2,9.697206,-3.842618
AMMECR1L,0.9912526,6.0839844
FAN1,-4.3969994,3.8466365
ITGA7,6.256834,1.9604762
YAE1D1,5.134712,2.5469651
DHRS2,-2.1731832,-1.4332533
CNTNAP3B,2.01633,-1.5996262
TIGD2,10.162532,-2.9948542
EPHA8,-10.483833,4.346392
GMEB2,9.676388,-3.930584
ZDHHC3,4.0317426,16.18574
ZNF519,7.278278,3.889576
SEMA7A,2.0173352,-6.9101367
POLG2,-1.9604707,15.94772
BCAM,-3.4062686,15.287431
ZNF587B,4.3704348,9.302249
CLEC4F,-2.9809337,-0.8034023
CLDN11,-12.50757,1.941082
ZNF251,4.510566,10.050927
NARF,6.184183,1.6323695
EHD3,0.7060759,-10.694677
CACNB2,-7.9265285,5.6019516
PMS2CL,1.6688348,9.024961
DLEC1,-0.85807276,7.798314
CELSR3,5.1423798,2.5654893
RPGRIP1L,-2.0826285,15.886184
DBF4B,11.399987,-1.2395064
CYTOR,-3.6207104,6.813148
DNMT3A,-2.1776102,-1.6331569
HARS,-4.017328,6.585617
CLHC1,-1.2108022,-2.0098903
MEF2D,12.338365,-3.281098
GPD1L,-4.7294965,3.704048
MYO1E,8.732147,-7.990976
ZNF561,-10.573857,0.014536042
ESPNL,-5.805258,2.624447
CCL22,16.017313,0.6072659
NIPSNAP3A,11.224288,7.207597
ERICH1,6.7301717,-9.29629
ACOT1,-5.6610284,17.007244
MAEA,-5.587695,-6.621344
RAB40B,8.559324,7.8371453
RAB27B,5.338315,3.220176
STAG3L4,-0.2085094,1.3229494
EBPL,5.803043,13.980618
ATP9A,6.174998,6.536322
ECHDC1,-4.141211,-5.1478305
FAM161A,-5.2184687,3.413644
TSPYL5,-0.7269741,-9.632833
SERPINB8,6.1989775,6.571322
RBM22,-0.5612664,3.0156643
ZNF574,6.153486,11.3279505
KMT5A,11.4003105,-1.2421849
TMEM18,8.141817,-1.8871882
CADM3,9.181541,2.3043747
KIAA1522,10.146982,-2.0448954
EMC6,-3.6408904,8.0134325
GPN1,2.1332936,4.0575466
MAN2C1,7.4736934,4.6394205
CASS4,-4.6797853,10.594623
PIGM,3.15661,8.125492
LRRC1,-3.0444646,5.729717
NDUFAF6,7.289176,-1.7044826
ALG12,6.1654277,11.320002
ZNF425,2.1334934,6.825652
NCAM1,8.11991,-4.3139853
MPHOSPH6,1.3658495,4.619846
EXOC2,-1.5083482,15.947689
TGFB2,-2.57302,11.729661
NAP1L2,-5.7304606,9.0542755
RNF122,10.985135,2.3373609
STN1,0.56569624,17.216475
DAGLB,6.0718675,10.760612
AASDH,-4.1427646,-5.14972
RAB7B,1.4905381,1.7268323
PDCD2,4.3345675,15.97047
GPR153,5.736538,0.42490736
ANKRD6,1.6071302,9.071602
MPPE1,5.322614,13.013382
SPSB2,-0.2854536,6.3078136
UBE2E2,-3.8972166,11.210199
CRTC1,-4.7781463,1.8954525
TMEM260,5.482432,13.1618
PTK6,6.505173,-3.5524142
NKAP,9.799835,13.350699
OPHN1,-6.865879,10.6994705
MNAT1,-4.273763,14.8938675
PARVB,-3.949709,6.6476307
LRRC28,6.684256,3.987922
FBXW8,4.15989,16.081707
CCDC69,-2.711011,15.736073
TM2D2,-4.196701,-1.5721457
NMB,-2.006213,-10.162391
MEI1,10.103557,8.784289
SNHG5,8.466292,-3.0734546
TTC9C,-5.6814904,17.026508
ZNF572,9.854255,13.697299
LYRM1,0.65701234,12.088098
ART3,-2.9762764,-0.80186343
WBP2NL,1.4004793,1.557236
TIGD6,-1.3528163,-4.8742723
GGT1,5.3589063,-2.2688897
LINS1,-0.11506769,4.8172483
DFNA5,-1.5727572,12.624155
BEGAIN,-2.2909179,-1.2307613
NPNT,-7.0988655,7.2238226
CBX8,6.1952534,8.307429
PIH1D1,3.4524708,5.412476
GSE1,-11.425565,4.0939426
GMPR2,4.3319926,3.082551
MRPL23,6.428441,-0.7628284
NR6A1,5.903979,-8.089718
BET1L,5.170557,11.87797
UNC13A,7.522807,0.86768216
LCLAT1,10.711879,5.4039736
PRRT2,2.0115504,17.338606
HAS3,-4.0079036,14.683568
TRAPPC3L,0.5543913,17.25307
TEN1,3.6574464,17.83519
BCDIN3D,-5.872124,13.318205
MRPL35,2.927881,14.039097
SMYD4,-4.0117397,14.692462
AGK,-3.9877276,1.4771969
SLC6A12,7.93103,7.374911
PCF11,-3.471777,5.3807673
PEX26,-5.4218373,4.3911805
TMEM52,8.029194,0.9639781
EXOSC5,4.8982835,12.996862
IL10RB,3.7410657,2.9157517
ZNF584,7.4629683,4.3023067
TRIM34,-6.4204307,8.972203
NBPF15,-9.490275,14.194271
CNN2,6.2204247,1.9971585
LETM2,9.3853855,14.190915
TNFRSF18,10.309755,-6.479376
UBFD1,4.4334626,9.476717
NSG1,10.60193,-3.8033705
CYB5RL,5.5098057,0.38822848
CTHRC1,-4.955584,0.7145009
PRSS21,9.178583,2.3017578
CRADD,1.4678844,-1.5319141
GRIK4,0.27412346,-8.470367
SCML2,-2.9224813,-3.839025
SIDT2,-2.4624064,16.18988
NEURL1B,-1.6352468,12.562822
CCDC144B,-7.2336793,3.828025
CLSTN3,5.090231,2.5123246
AK4,-10.043152,6.669521
CSTF1,-2.3278906,0.95640475
NBR2,7.409072,13.688151
NAALAD2,2.6458347,-2.6655931
SNHG9,10.041901,10.585352
HSD17B7,5.2603955,-0.8225399
MARK1,-4.1455364,-3.9318419
HYAL3,-0.73752606,5.0402794
COQ7,3.8184974,17.987001
ARHGEF5,7.291089,-1.7152776
LSM14B,2.063323,-8.268854
ANKRD55,8.601379,-7.6565423
KRT72,14.10976,-1.7768792
UNC5CL,0.5507795,-10.542913
ZNF780A,-5.8318334,5.565629
CDC26,9.24853,14.20046
DNAJC11,0.9181675,-2.3860803
VEGFD,-5.856654,18.628551
MUC1,-3.2601664,10.572733
RPSA,2.0325246,-8.278151
DCBLD1,-8.048013,1.6094378
GAB2,0.95041335,12.168978
KIAA1683,-1.2956953,-9.290658
NPIPA5,-10.730879,9.554602
WDR41,5.5038877,8.664496
HIRA,6.4655375,11.603044
CNNM4,-0.41660854,-5.940659
NBPF8,-2.9449837,5.6540103
SMN1,1.2181966,4.8127465
NDEL1,1.4972218,-3.5305364
NOMO3,-0.1862004,10.372119
DCLK2,-3.6602027,9.992243
ZNF70,14.2446165,-1.6474001
CBLN3,2.9821584,-6.538008
CXCL10,0.772657,18.379663
PBDC1,1.2151543,4.810504
TMTC4,-5.5772896,3.0278115
ZFAT,1.9928865,-2.294766
PIGC,-3.4792826,5.130478
DCTN5,8.56744,14.4450655
TESK2,3.6448796,-5.7425804
ESYT1,1.2866032,9.043137
COLEC12,0.22221602,-10.16058
ZNF391,6.414419,15.676078
RYR1,-0.7086635,-9.599379
SPATA1,1.284404,12.007817
SPSB1,-6.5470667,10.44433
ZNF555,-0.5161192,3.18388
CLDN1,8.843743,-8.171736
NRG1,-3.601494,15.635825
CARD14,-2.2410147,-1.4712867
KIF26B,-1.472837,0.3802386
CUZD1,-5.8278174,2.6879706
MVK,11.516473,-3.3588703
STX1A,3.8216152,18.010038
TMEM69,3.0589108,8.045335
DGKG,0.3414755,10.812668
COG2,1.4958434,4.217997
BTN3A2,14.050239,11.740726
OLMALINC,5.2043147,9.253906
FLJ37453,4.2048492,-3.8853178
CD101,1.9979451,-10.31512
EPN2,-4.2950435,-1.4360398
THOC3,8.542066,14.423716
POLR1D,11.550146,-7.311958
HOXA1,-1.9988816,-8.717293
PECAM1,-4.7077684,8.063827
RNF212,-7.954713,7.3924756
NDUFV3,-3.4487991,5.3695107
RPL8,0.4909573,-7.3325567
CYB5D2,3.001075,-1.4725965
GCNA,5.213531,9.247975
TAF8,-4.181157,3.4655209
ZNF83,0.9085108,3.8948295
CHCHD6,-6.583431,0.7249475
LRRC17,8.75038,-8.015046
OGFOD3,12.473245,-3.197266
SMURF2,-1.7779312,14.124074
TSC1,2.6277032,1.0438776
RABL2B,3.5094938,11.066881
ZFY,2.604739,7.6005282
KIF18A,1.9739178,-2.3370872
PRDX6,2.3707652,1.3191475
FRAS1,-3.2652519,10.648845
ST3GAL2,3.5504723,1.1236441
RASGRF1,2.8557055,-3.1789334
CLU,-6.240624,2.5480354
HMGN2,2.8642488,-8.372001
HEATR3,7.832929,7.5173936
SDF4,7.2815657,12.008229
TMC4,-5.505428,11.610045
ATP6V1G2,2.819903,-3.0206254
TMCO1,3.6265597,6.796403
ZDHHC23,-5.8728285,13.316151
ASCC1,2.682771,0.98577315
IFRD1,6.244972,-9.6630125
PLA2G4A,-0.19859734,10.311902
L3MBTL1,12.16899,-3.4196825
RUNX1T1,-8.717496,8.427087
TPGS2,-8.7530575,8.473156
AURKC,-1.3460335,-9.322889
ZNF557,4.355921,16.017239
GLT8D1,9.888498,18.08143
FANCC,11.581359,-1.7639167
LACE1,3.7741544,6.9572124
KCNJ16,-6.011618,12.873006
PPME1,-4.177809,-0.5711935
ZKSCAN4,0.3855441,-8.377694
RAPGEF4,-5.646423,0.085461564
CD209,-2.0487964,-10.177947
COLGALT2,14.039932,-1.8396858
WDFY2,-10.551578,-4.4228597
MFSD11,-5.8731384,4.611776
GNL2,6.1584444,13.658251
TRIM16L,9.876848,3.711869
PODXL2,-0.7689059,-9.673752
ZNF93,-2.1667566,1.12107
FAM107A,1.2142025,-1.6288357
COX19,2.1404624,11.05122
PCOLCE,-2.8981788,10.108263
NHLRC1,-1.3916801,-10.001501
SLC25A51,14.078475,11.766762
RBPMS2,-4.090738,-2.9484704
RBM11,1.3202038,9.206562
LRFN1,1.5486376,12.031784
NRF1,8.462737,-7.529798
BTBD19,1.406857,1.6028146
CHST10,-5.8942857,9.339001
HACD1,-2.4682322,11.846074
L2HGDH,1.5475788,3.8614457
SOCS5,-6.7350273,10.610586
AGA,-4.4261055,8.633887
SMARCA4,7.1874957,11.919902
SCN8A,3.2635727,-6.943996
SOX8,6.5117407,7.8155565
ARIH2OS,7.840799,4.7008734
BUD13,1.4923455,4.2720847
FANCE,4.980125,-4.6987906
GDF7,3.1550052,-5.5776176
MINCR,12.461671,15.577553
LRRC41,3.3708096,5.334248
SNAI1,-3.645482,9.847686
SLC1A2,-4.980568,10.914591
FTCDNL1,-10.053047,6.6805773
MRPL9,6.6311836,14.636696
AMACR,11.238022,7.2110705
KRT1,-8.938432,-0.13182269
SLAMF8,6.197556,1.7894077
OPA3,8.085693,7.540751
CLN5,4.886771,-3.9149141
STAG3L2,0.22018212,5.0747128
NDUFAF5,11.415769,14.483743
NPIPB15,-7.229452,3.8234942
CGRRF1,1.7662952,-2.9967787
SYN3,2.5456426,1.185134
TNNI2,6.241256,-3.6070294
KIAA1217,5.0563865,7.149454
RUNDC1,2.6687539,-6.1386356
DDX59,-7.178302,3.8823621
ILK,-3.3501496,10.545729
ASIC3,7.819791,4.6989765
BEST1,5.3091564,13.04621
CXXC4,8.698333,4.5244346
HEXB,-2.8738606,8.259983
PPM1J,1.3355972,1.593506
PCTP,3.6452925,-5.73994
USP9Y,0.21221817,5.0863466
ZNF746,9.573005,-5.1337657
ZNF763,-2.8291397,-7.408654
EPS8L2,-1.2290583,0.023439422
RAB15,4.382257,9.300231
SYCE1L,1.9720634,-6.9515433
UPB1,5.196781,9.35291
CCDC7,-3.0754004,2.009485
FAM167A,2.7090995,-6.189867
SCART1,0.8157288,3.8395061
EGFLAM,-3.697274,9.916387
TMEM39B,15.929194,2.3661304
NRN1L,2.2889404,11.094255
PHOSPHO1,7.1798368,-8.304549
ATP6V1E2,11.299916,-1.0465318
LRBA,-0.11970862,9.64348
TM2D3,-6.359818,6.0207577
MAPK9,4.1206546,-4.0110416
EPHB6,-4.8027124,1.9071716
ASB3,-4.7451596,9.770551
ALDH4A1,10.797078,-3.537902
DNAAF1,12.365753,-3.2533355
ZSCAN20,4.2898407,13.481386
ZNF841,3.9370337,13.01166
EIF4G3,-3.4888942,5.104073
TXNRD3,11.966447,1.0659151
GPR160,-0.025341295,6.0761847
SUFU,11.477231,14.425645
HMGN5,4.50473,-3.936555
KIAA0753,1.5053904,-1.5178242
RIMKLB,-4.25224,-3.319077
LDHD,-7.1200275,5.4300556
APOM,4.4089923,9.499236
VWCE,1.9547741,-3.4064407
LNX2,1.9702029,6.926317
C1D,3.2707386,9.923455
TRAPPC2B,9.881697,13.723716
HYPK,5.197814,9.2619295
BBC3,-5.8716955,18.631681
KNDC1,4.2259016,3.284967
METTL23,13.96123,-1.9025611
DOLK,-6.0339465,12.832719
PAM16,5.8460593,-1.1538781
MTIF2,11.487265,14.416173
MAP6D1,7.5044484,11.931944
BRF2,-8.9422035,-0.13263726
SLC25A6,2.0365825,-8.275231
SYNJ1,-6.7319837,3.9172196
DYNC2H1,-6.5168676,10.430079
GNAL,-6.1219335,12.788561
COL13A1,1.5566603,1.748595
WDR18,-3.8378801,8.061425
FAM206A,5.5841303,12.14773
SERHL2,5.212891,11.903158
FAM214B,6.4633727,2.2624176
ZNF658,3.8707943,-8.886752
PRORSD1P,-2.5428991,2.8523774
PKIA,3.222923,-5.8415914
RBFADN,-10.546048,-0.011003578
SOX7,-8.010363,1.6099951
DCAF4,6.492577,13.248919
GOLGA6L5P,2.4249542,1.2885294
ICAM5,-12.895641,1.8903445
KCNMB3,6.183961,6.5383387
NBPF25P,7.067772,4.018168
COL9A2,0.57186115,-10.566146
KATNA1,9.490083,14.019979
MASTL,7.3647113,3.4049366
UIMC1,5.2833076,12.9818735
MAML1,6.15677,-8.231757
SORD,-2.3928888,0.9014917
ENTPD1,7.057572,-8.428061
RPL39L,9.60003,-4.330974
GUCA1B,10.730972,-3.317567
CXCL11,0.77954096,18.382921
CPXM1,0.99915063,5.971954
TTL,-4.12998,-4.7315407
PITHD1,-0.44958228,15.234279
CCDC188,-8.042047,2.181209
CHI3L1,0.43141824,11.767764
ZNF749,13.473965,8.045259
HAVCR2,10.928574,5.3458414
HEY1,-12.466704,1.953851
TTC12,4.1912346,9.139091
MGME1,-7.942512,2.0834856
SOCS7,-0.69918,10.00726
PTCH2,2.5677814,1.198058
CARD16,0.6780345,18.28912
ZNF85,11.49086,14.410626
NLRC5,0.7796106,18.383385
BHLHE22,-3.4966545,10.5168915
PRUNE1,-5.182735,11.203469
POLR2A,7.6700816,11.367832
ADAM32,-0.37943536,-4.9721503
HDHD3,5.875134,8.772966
NEDD4L,1.7609495,-2.9994884
GRAMD1B,3.54502,1.1194395
IKBKG,6.1968503,1.3728176
ATAT1,6.483731,-0.7244013
FCN3,1.4100131,2.1757574
ZNF17,-6.75314,6.182766
FNDC11,10.306799,-6.481124
CDH15,2.1003149,17.231962
CRNKL1,3.5162535,12.023205
EIF4ENIF1,1.3102956,1.5483723
CCDC174,-1.6429656,5.8056893
AMPD1,5.331595,-2.2932634
AZIN2,-7.9770103,2.123415
RPS6KL1,8.83468,7.4159946
ACBD6,12.421518,15.540443
ZNF563,-6.308962,2.5352364
APOPT1,-0.7106893,9.68599
ZNF608,7.1556616,-8.330678
PITRM1,7.113083,4.0062914
TRIM46,13.95001,2.769678
CPNE3,3.3433614,7.107081
SLC22A5,4.73271,9.765234
ZNF487,3.5535018,0.6886909
PLEKHH2,-7.317118,2.176131
FUT1,-8.643102,8.393986
AIG1,-5.5080214,11.653432
CLIC6,3.822139,18.012548
GCSH,5.866838,13.879889
MAGIX,3.34361,5.306347
ZNF552,6.711635,-9.2025
ZBTB32,7.325653,-2.2298589
ASTE1,-0.2540973,9.867953
POM121L9P,-13.030176,2.0044358
LRRC46,-1.1944404,-0.02840002
AMN,-4.105259,-4.732378
UBQLNL,5.8679357,8.691562
RIMS3,-1.2051053,-9.514257
FAM171B,-4.0470953,-1.6170622
NSUN6,2.2180183,11.109458
LBH,-3.812137,9.756678
CDK2,-4.481942,15.083176
TMEM133,5.275614,6.9161544
AP4S1,3.6386611,6.808983
ZNF514,-2.4057157,-6.63199
FAM13A,3.2057729,0.93057173
ATP6AP1L,11.110562,4.0667787
PNPLA4,13.881117,11.441636
CPB1,-0.45984185,-5.1253743
TFPT,10.07398,10.530877
DDX11L2,-3.7689247,-6.23152
MROH8,-4.8239427,1.9195453
TTC16,8.836628,-3.863956
CLSTN1,10.637428,-2.9048944
IFT74,3.1544564,-5.581964
PACSIN3,-11.373154,-1.8539882
RASSF1,13.945545,2.7670567
TNIK,1.7034645,2.2994242
SMARCD2,4.3009295,-3.9655206
KLHL35,-0.5865778,-5.831115
TAS2R4,-0.54943305,3.4696798
LPL,-5.5458837,2.376595
APOL4,0.7950954,18.410097
GHRLOS,5.47751,8.921679
WDR73,7.4929,15.346631
BNC2,1.8142525,2.639421
RBM12B,4.4413576,9.456997
ZNF10,1.4712737,9.032976
SLC25A17,7.5844917,15.47556
CHRNE,2.5756035,7.9277015
NAV1,-3.8103292,9.750436
ZNF609,11.584635,-1.7542284
RAB5B,6.124839,6.3645296
SPTBN5,-0.18086368,-2.4188116
RSPRY1,2.119328,6.8255887
ZSCAN31,-8.786186,8.918239
ANKRD9,-8.726677,8.505116
FBXO42,-0.78991884,4.98128
ZNF410,-6.9278045,0.91153723
VCPKMT,-2.9693935,5.7418313
ZNF137P,-3.8711798,4.0760202
GALNT10,1.8357657,-6.9876757
ADRA2B,-3.0499413,-0.8223489
CCDC66,6.1475124,1.9047312
TTC38,3.5150092,12.028117
S100A4,1.5570564,12.020117
GUSB,11.393995,-1.2319893
ASB16,12.406771,15.52518
CREB3L4,4.05287,16.336235
PHKG1,3.4514034,5.4123735
TMEM200A,14.04058,-1.8410522
STUM,1.7009442,2.2967813
RELN,9.594478,7.604122
ARRDC5,-2.5542436,2.8390844
ETFDH,-0.7436245,7.8106422
TNRC6C,5.4451222,-4.183816
MATR3,5.1291966,2.5416276
IGSF10,-8.872451,-3.3003857
GALM,6.4927096,-3.5409338
ESR2,3.2022073,0.9295405
SLC7A6OS,3.4213328,-6.153423
KLKB1,4.7467337,9.746166
FAAH,6.322455,-3.6171217
WDR75,-3.600043,15.633563
WASHC2C,0.69023615,18.28812
TC2N,14.126938,-1.761882
BTBD9,6.718015,-9.219434
DGCR6,10.039728,-2.5087786
IGF1,5.279885,-2.3244472
LIMD1,-0.63173515,2.4991186
RN7SL2,0.45440552,12.729922
FAM47E,4.337832,15.948165
CDKAL1,-4.1529746,14.908327
R3HCC1L,-2.675424,4.4849515
CUBN,7.433433,5.0424495
ZNF826P,-0.6149786,2.858922
ZNF595,-6.78315,6.1938276
C2CD3,8.267827,1.1171083
WNT2,-2.6768067,-0.9557338
HOTAIRM1,-0.58855134,-5.8318295
GCNT1,6.133685,1.2645168
SLC47A1,-3.8916633,10.517623
GPR17,-2.9040523,18.648762
SMCO4,-1.6479757,5.7743793
GRHL1,-2.910522,-3.8461056
GPAT2,11.615711,-3.3613672
ZDHHC24,7.8288474,4.6916437
MPZ,8.577199,7.848511
IL17RB,10.087791,8.781427
FADS2,-4.4122133,10.147604
NRDE2,-0.20206632,1.3284614
NPIPB12,5.5934415,12.144885
PFDN4,2.284313,4.0501285
ARHGEF19,5.8612213,-1.2117777
TTTY14,1.2742337,-1.111748
QPRT,-8.386154,10.914866
ANKRD34B,1.5638272,12.019077
PLCD4,-7.28934,-5.8158937
WASH7P,-5.8504567,5.1466994
PHF11,0.71108973,18.231373
NUTM2D,-0.7863496,4.972271
MBOAT1,6.4612093,2.2534223
SPTBN2,5.9325604,-1.3312997
CLNK,5.5633383,-4.02476
FAM193A,-0.7357704,9.980128
GLB1L2,1.7671818,-2.9875083
SYT1,8.814604,-8.123674
SLC4A10,10.596117,-3.8254135
CASZ1,5.587462,-4.362033
GCNT2,5.195472,6.9702644
SSTR3,5.651387,-3.9772286
NUDCD2,3.507773,7.030333
PRPH2,-8.724639,8.503523
GID8,1.5445584,3.7795742
TRMT12,-5.892826,13.107275
NPIPB4,-6.748721,6.179275
PXDC1,2.4057312,1.3152542
PNMAL1,-9.545923,8.27828
COL5A3,1.8795815,1.7101394
LRRC4B,5.234976,9.235958
TSPAN11,-3.0476933,-0.84217936
SLC44A5,4.047901,4.824875
NOTCH4,6.17239,5.9455504
ELAC1,11.459054,-2.0027092
IFI16,1.2342341,9.25006
ZNF613,-2.4721537,0.85674185
GCAT,-8.26869,5.6435103
TMEM223,-3.628297,8.008529
OTUD3,9.403049,14.149198
HIST4H4,-4.3983107,5.008066
MRI1,-2.8483467,2.4081323
MCM9,-0.6221339,2.9624615
CTSL,-13.058085,2.0344858
NACAD,-4.37799,10.226215
ZNF254,-6.0350237,3.9501967
THNSL2,2.3948545,0.96663815
ZNF280B,4.114619,4.3139243
B4GALT4,6.1361017,-8.253595
IZUMO1,-8.660817,2.3623152
LGALS4,11.467591,7.264459
FCGBP,-3.616935,9.82118
NAPRT,9.943832,3.665991
APIP,-5.8246098,4.567327
ZNF138,8.601207,-1.0582076
GOLGA8N,0.037080914,5.4427876
SHPK,3.3435202,5.3062224
CRYZ,10.668676,5.4323463
NIPAL2,5.428276,-0.8361301
PPIL3,-3.1071844,18.417334
ADAL,-5.3389697,2.1771438
ZBTB20,2.3550837,7.086586
NEFH,-4.466893,15.067978
SLC39A4,6.6556625,-0.49641258
ACAD9,-3.1509895,8.016623
MCF2,-8.739908,5.6819615
DDX11,5.2355623,-0.83479214
GGACT,11.658526,-3.3630042
EIF3C,-3.7467563,14.436287
PLCXD1,6.6996074,8.319695
CACNB4,2.5651474,7.5609703
SGSM1,7.3662457,3.3861988
LCN8,-3.9647284,1.4614403
STX2,-6.51179,10.456771
TRERF1,-4.96218,0.6913638
GPR85,-1.9969491,-8.738054
SLC6A1,1.8931367,2.6109385
MSC,-11.168199,3.7657928
NT5DC3,-3.8337681,8.065509
NPIPB13,5.534519,12.136353
PPIE,-8.495882,12.959185
GRK4,-9.480677,8.297951
CRCP,9.536053,13.993945
WNT3,-1.3594867,-4.869549
BCO2,6.2463274,-2.1439216
PQLC1,6.312755,-0.80682725
ACRBP,-2.1818664,-1.6804742
YBEY,8.480194,-3.0745099
SDR42E1,3.5162294,12.022889
PIGBOS1,9.23362,14.208738
TGM1,1.4613847,-1.5390602
LYSMD4,5.8882904,8.782026
NUDT13,1.3348675,-1.2769246
GPR157,1.2463341,1.596088
WASH3P,3.9700572,-4.044153
ADAMTSL1,11.363345,-5.6673274
RGPD2,-13.22373,9.023972
WASHC1,-2.2323828,-1.3520525
ZNF90,0.42127877,12.661939
ACE,-2.45678,16.214518
TTTY15,-0.6353311,2.5184908
B3GAT2,-7.3330154,12.200995
GPR135,-1.2217317,16.15101
DMKN,7.5463552,3.2213333
EIF5AL1,-3.2655048,7.3407736
LRP5L,-4.745093,3.7060034
PTPN20,-3.7312853,-1.5210719
WASH6P,5.68508,-0.8664809
ZDHHC4,3.5004191,11.026024
DNAJC15,5.9893827,3.8407927
MUC20,7.4272184,4.269068
FHIT,-1.6826904,5.8128552
RHD,2.845096,-8.331331
ST3GAL5,7.2059937,0.77765197
SFXN4,-3.264147,7.315105
NPIPB3,-2.6396487,4.432965
ZNF815P,-5.7374578,8.938372
L1TD1,-10.633743,4.2597785
BTNL3,1.224244,-3.8345356
CACNA2D3,14.224092,7.834786
POU5F1,-1.338592,-9.324437
PDE8B,3.2886202,8.101515
DYRK4,-4.3698626,-3.329386
